frame_index,timestamp,gesture,trial,elapsed
0,2026-07-28T02:55:12.490479+00:00,one-arm-boxing,0,1.2e-05
1,2026-07-28T02:55:12.565019+00:00,one-arm-boxing,0,0.074561
2,2026-07-28T02:55:12.620070+00:00,one-arm-boxing,0,0.129622
3,2026-07-28T02:55:12.672877+00:00,one-arm-boxing,0,0.182425
4,2026-07-28T02:55:12.727930+00:00,one-arm-boxing,0,0.237478
5,2026-07-28T02:55:12.781861+00:00,one-arm-boxing,0,0.291407
6,2026-07-28T02:55:12.832762+00:00,one-arm-boxing,0,0.342302
7,2026-07-28T02:55:12.887804+00:00,one-arm-boxing,0,0.397347
8,2026-07-28T02:55:12.942365+00:00,one-arm-boxing,0,0.451907
9,2026-07-28T02:55:12.997374+00:00,one-arm-boxing,0,0.506913
10,2026-07-28T02:55:13.052420+00:00,one-arm-boxing,0,0.561969
11,2026-07-28T02:55:13.104061+00:00,one-arm-boxing,0,0.613616
12,2026-07-28T02:55:13.159130+00:00,one-arm-boxing,0,0.668677
13,2026-07-28T02:55:13.212723+00:00,one-arm-boxing,0,0.722275
14,2026-07-28T02:55:13.265196+00:00,one-arm-boxing,0,0.774758
15,2026-07-28T02:55:13.315621+00:00,one-arm-boxing,0,0.825168
16,2026-07-28T02:55:13.370650+00:00,one-arm-boxing,0,0.880193
17,2026-07-28T02:55:13.424063+00:00,one-arm-boxing,0,0.933606
18,2026-07-28T02:55:13.479104+00:00,one-arm-boxing,0,0.988646
19,2026-07-28T02:55:13.529314+00:00,one-arm-boxing,0,1.038855
20,2026-07-28T02:55:13.580631+00:00,one-arm-boxing,0,1.090175
21,2026-07-28T02:55:13.635672+00:00,one-arm-boxing,0,1.145211
22,2026-07-28T02:55:13.690723+00:00,one-arm-boxing,0,1.200261
23,2026-07-28T02:55:13.745758+00:00,one-arm-boxing,0,1.255302
24,2026-07-28T02:55:13.800797+00:00,one-arm-boxing,0,1.310332
25,2026-07-28T02:55:13.855827+00:00,one-arm-boxing,0,1.365364
26,2026-07-28T02:55:13.906180+00:00,one-arm-boxing,0,1.41572
27,2026-07-28T02:55:13.957373+00:00,one-arm-boxing,0,1.466915
28,2026-07-28T02:55:14.012411+00:00,one-arm-boxing,0,1.521952
29,2026-07-28T02:55:14.067478+00:00,one-arm-boxing,0,1.577042
30,2026-07-28T02:55:14.122550+00:00,one-arm-boxing,0,1.632101
31,2026-07-28T02:55:14.177621+00:00,one-arm-boxing,0,1.687187
32,2026-07-28T02:55:14.229367+00:00,one-arm-boxing,0,1.738921
33,2026-07-28T02:55:14.284297+00:00,one-arm-boxing,0,1.793843
34,2026-07-28T02:55:14.339359+00:00,one-arm-boxing,0,1.848926
35,2026-07-28T02:55:14.394451+00:00,one-arm-boxing,0,1.904012
36,2026-07-28T02:55:14.449533+00:00,one-arm-boxing,0,1.959094
37,2026-07-28T02:55:14.504605+00:00,one-arm-boxing,0,2.014163
38,2026-07-28T02:55:14.559663+00:00,one-arm-boxing,0,2.069209
39,2026-07-28T02:55:14.614728+00:00,one-arm-boxing,0,2.12428
40,2026-07-28T02:55:14.669782+00:00,one-arm-boxing,0,2.179327
41,2026-07-28T02:55:14.722950+00:00,one-arm-boxing,0,2.232495
42,2026-07-28T02:55:14.777988+00:00,one-arm-boxing,0,2.287527
43,2026-07-28T02:55:14.832034+00:00,one-arm-boxing,0,2.341572
44,2026-07-28T02:55:14.886709+00:00,one-arm-boxing,0,2.396248
45,2026-07-28T02:55:14.941772+00:00,one-arm-boxing,0,2.451322
46,2026-07-28T02:55:14.996812+00:00,one-arm-boxing,0,2.506347
47,2026-07-28T02:55:15.051864+00:00,one-arm-boxing,0,2.56142
48,2026-07-28T02:55:15.106923+00:00,one-arm-boxing,0,2.616473
49,2026-07-28T02:55:15.161979+00:00,one-arm-boxing,0,2.671531
50,2026-07-28T02:55:15.216046+00:00,one-arm-boxing,0,2.725595
51,2026-07-28T02:55:15.271103+00:00,one-arm-boxing,0,2.780657
52,2026-07-28T02:55:15.325181+00:00,one-arm-boxing,0,2.834729
53,2026-07-28T02:55:15.380227+00:00,one-arm-boxing,0,2.889764
54,2026-07-28T02:55:15.435270+00:00,one-arm-boxing,0,2.944808
0,2026-07-28T02:55:18.760292+00:00,one-arm-boxing,1,1.1e-05
1,2026-07-28T02:55:18.815349+00:00,one-arm-boxing,1,0.055101
2,2026-07-28T02:55:18.866604+00:00,one-arm-boxing,1,0.106329
3,2026-07-28T02:55:18.921646+00:00,one-arm-boxing,1,0.161379
4,2026-07-28T02:55:18.976709+00:00,one-arm-boxing,1,0.216452
5,2026-07-28T02:55:19.031783+00:00,one-arm-boxing,1,0.271526
6,2026-07-28T02:55:19.086841+00:00,one-arm-boxing,1,0.326569
7,2026-07-28T02:55:19.141894+00:00,one-arm-boxing,1,0.381618
8,2026-07-28T02:55:19.196835+00:00,one-arm-boxing,1,0.436559
9,2026-07-28T02:55:19.251876+00:00,one-arm-boxing,1,0.491609
10,2026-07-28T02:55:19.304169+00:00,one-arm-boxing,1,0.5439
11,2026-07-28T02:55:19.356173+00:00,one-arm-boxing,1,0.595902
12,2026-07-28T02:55:19.411063+00:00,one-arm-boxing,1,0.650787
13,2026-07-28T02:55:19.466097+00:00,one-arm-boxing,1,0.705821
14,2026-07-28T02:55:19.521129+00:00,one-arm-boxing,1,0.760855
15,2026-07-28T02:55:19.571467+00:00,one-arm-boxing,1,0.811194
16,2026-07-28T02:55:19.626519+00:00,one-arm-boxing,1,0.866242
17,2026-07-28T02:55:19.680162+00:00,one-arm-boxing,1,0.919885
18,2026-07-28T02:55:19.735200+00:00,one-arm-boxing,1,0.974922
19,2026-07-28T02:55:19.790232+00:00,one-arm-boxing,1,1.029954
20,2026-07-28T02:55:19.845284+00:00,one-arm-boxing,1,1.085003
21,2026-07-28T02:55:19.897242+00:00,one-arm-boxing,1,1.13696
22,2026-07-28T02:55:19.949197+00:00,one-arm-boxing,1,1.18893
23,2026-07-28T02:55:20.004234+00:00,one-arm-boxing,1,1.243952
24,2026-07-28T02:55:20.059270+00:00,one-arm-boxing,1,1.299007
25,2026-07-28T02:55:20.113466+00:00,one-arm-boxing,1,1.353195
26,2026-07-28T02:55:20.163940+00:00,one-arm-boxing,1,1.403669
27,2026-07-28T02:55:20.218986+00:00,one-arm-boxing,1,1.458718
28,2026-07-28T02:55:20.272837+00:00,one-arm-boxing,1,1.512563
29,2026-07-28T02:55:20.327872+00:00,one-arm-boxing,1,1.567595
30,2026-07-28T02:55:20.382238+00:00,one-arm-boxing,1,1.621965
31,2026-07-28T02:55:20.437271+00:00,one-arm-boxing,1,1.676994
32,2026-07-28T02:55:20.492306+00:00,one-arm-boxing,1,1.732031
33,2026-07-28T02:55:20.547344+00:00,one-arm-boxing,1,1.787071
34,2026-07-28T02:55:20.597963+00:00,one-arm-boxing,1,1.837691
35,2026-07-28T02:55:20.652993+00:00,one-arm-boxing,1,1.892713
36,2026-07-28T02:55:20.704629+00:00,one-arm-boxing,1,1.944352
37,2026-07-28T02:55:20.756148+00:00,one-arm-boxing,1,1.995878
38,2026-07-28T02:55:20.811187+00:00,one-arm-boxing,1,2.050911
39,2026-07-28T02:55:20.863922+00:00,one-arm-boxing,1,2.103645
40,2026-07-28T02:55:20.915548+00:00,one-arm-boxing,1,2.155273
41,2026-07-28T02:55:20.966994+00:00,one-arm-boxing,1,2.206717
42,2026-07-28T02:55:21.017606+00:00,one-arm-boxing,1,2.257334
43,2026-07-28T02:55:21.072654+00:00,one-arm-boxing,1,2.312383
44,2026-07-28T02:55:21.127706+00:00,one-arm-boxing,1,2.367439
45,2026-07-28T02:55:21.182754+00:00,one-arm-boxing,1,2.422477
46,2026-07-28T02:55:21.237803+00:00,one-arm-boxing,1,2.477525
47,2026-07-28T02:55:21.292833+00:00,one-arm-boxing,1,2.532555
48,2026-07-28T02:55:21.347858+00:00,one-arm-boxing,1,2.58758
49,2026-07-28T02:55:21.402892+00:00,one-arm-boxing,1,2.642617
50,2026-07-28T02:55:21.454912+00:00,one-arm-boxing,1,2.694637
51,2026-07-28T02:55:21.509949+00:00,one-arm-boxing,1,2.749677
52,2026-07-28T02:55:21.563908+00:00,one-arm-boxing,1,2.80363
53,2026-07-28T02:55:21.618959+00:00,one-arm-boxing,1,2.858698
54,2026-07-28T02:55:21.674010+00:00,one-arm-boxing,1,2.913736
55,2026-07-28T02:55:21.729049+00:00,one-arm-boxing,1,2.968774
0,2026-07-28T02:55:25.050212+00:00,one-arm-boxing,2,5e-06
1,2026-07-28T02:55:25.105167+00:00,one-arm-boxing,2,0.054994
2,2026-07-28T02:55:25.160040+00:00,one-arm-boxing,2,0.109851
3,2026-07-28T02:55:25.215084+00:00,one-arm-boxing,2,0.164888
4,2026-07-28T02:55:25.270123+00:00,one-arm-boxing,2,0.219932
5,2026-07-28T02:55:25.322807+00:00,one-arm-boxing,2,0.272607
6,2026-07-28T02:55:25.377854+00:00,one-arm-boxing,2,0.327652
7,2026-07-28T02:55:25.432247+00:00,one-arm-boxing,2,0.38205
8,2026-07-28T02:55:25.487276+00:00,one-arm-boxing,2,0.437075
9,2026-07-28T02:55:25.542321+00:00,one-arm-boxing,2,0.49212
10,2026-07-28T02:55:25.597358+00:00,one-arm-boxing,2,0.547175
11,2026-07-28T02:55:25.652406+00:00,one-arm-boxing,2,0.60221
12,2026-07-28T02:55:25.707446+00:00,one-arm-boxing,2,0.657252
13,2026-07-28T02:55:25.757999+00:00,one-arm-boxing,2,0.707801
14,2026-07-28T02:55:25.811347+00:00,one-arm-boxing,2,0.76115
15,2026-07-28T02:55:25.865534+00:00,one-arm-boxing,2,0.815372
16,2026-07-28T02:55:25.920600+00:00,one-arm-boxing,2,0.870404
17,2026-07-28T02:55:25.971229+00:00,one-arm-boxing,2,0.92103
18,2026-07-28T02:55:26.024343+00:00,one-arm-boxing,2,0.974154
19,2026-07-28T02:55:26.075033+00:00,one-arm-boxing,2,1.024844
20,2026-07-28T02:55:26.130051+00:00,one-arm-boxing,2,1.079878
21,2026-07-28T02:55:26.183637+00:00,one-arm-boxing,2,1.133453
22,2026-07-28T02:55:26.238406+00:00,one-arm-boxing,2,1.188229
23,2026-07-28T02:55:26.288636+00:00,one-arm-boxing,2,1.238452
24,2026-07-28T02:55:26.342494+00:00,one-arm-boxing,2,1.292307
25,2026-07-28T02:55:26.395561+00:00,one-arm-boxing,2,1.345394
26,2026-07-28T02:55:26.448892+00:00,one-arm-boxing,2,1.398709
27,2026-07-28T02:55:26.502936+00:00,one-arm-boxing,2,1.452748
28,2026-07-28T02:55:26.555043+00:00,one-arm-boxing,2,1.504865
29,2026-07-28T02:55:26.610115+00:00,one-arm-boxing,2,1.559939
30,2026-07-28T02:55:26.660499+00:00,one-arm-boxing,2,1.610322
31,2026-07-28T02:55:26.713897+00:00,one-arm-boxing,2,1.663718
32,2026-07-28T02:55:26.768965+00:00,one-arm-boxing,2,1.718783
33,2026-07-28T02:55:26.824029+00:00,one-arm-boxing,2,1.77385
34,2026-07-28T02:55:26.879100+00:00,one-arm-boxing,2,1.828919
35,2026-07-28T02:55:26.934154+00:00,one-arm-boxing,2,1.883963
36,2026-07-28T02:55:26.989196+00:00,one-arm-boxing,2,1.939003
37,2026-07-28T02:55:27.039307+00:00,one-arm-boxing,2,1.989127
38,2026-07-28T02:55:27.092289+00:00,one-arm-boxing,2,2.042114
39,2026-07-28T02:55:27.147251+00:00,one-arm-boxing,2,2.097053
40,2026-07-28T02:55:27.202281+00:00,one-arm-boxing,2,2.152086
41,2026-07-28T02:55:27.257320+00:00,one-arm-boxing,2,2.207131
42,2026-07-28T02:55:27.312365+00:00,one-arm-boxing,2,2.262171
43,2026-07-28T02:55:27.367402+00:00,one-arm-boxing,2,2.317207
44,2026-07-28T02:55:27.422440+00:00,one-arm-boxing,2,2.372242
45,2026-07-28T02:55:27.477471+00:00,one-arm-boxing,2,2.427273
46,2026-07-28T02:55:27.532503+00:00,one-arm-boxing,2,2.482305
47,2026-07-28T02:55:27.587538+00:00,one-arm-boxing,2,2.537346
48,2026-07-28T02:55:27.642577+00:00,one-arm-boxing,2,2.59238
49,2026-07-28T02:55:27.696776+00:00,one-arm-boxing,2,2.646577
50,2026-07-28T02:55:27.748689+00:00,one-arm-boxing,2,2.698493
51,2026-07-28T02:55:27.798858+00:00,one-arm-boxing,2,2.748662
52,2026-07-28T02:55:27.853915+00:00,one-arm-boxing,2,2.80374
53,2026-07-28T02:55:27.908951+00:00,one-arm-boxing,2,2.858771
54,2026-07-28T02:55:27.963456+00:00,one-arm-boxing,2,2.913257
55,2026-07-28T02:55:28.015001+00:00,one-arm-boxing,2,2.964814
0,2026-07-28T02:55:31.347716+00:00,one-arm-boxing,3,1.1e-05
1,2026-07-28T02:55:31.402770+00:00,one-arm-boxing,3,0.055098
2,2026-07-28T02:55:31.453902+00:00,one-arm-boxing,3,0.106209
3,2026-07-28T02:55:31.508000+00:00,one-arm-boxing,3,0.160301
4,2026-07-28T02:55:31.563034+00:00,one-arm-boxing,3,0.215333
5,2026-07-28T02:55:31.613888+00:00,one-arm-boxing,3,0.266212
6,2026-07-28T02:55:31.668957+00:00,one-arm-boxing,3,0.321269
7,2026-07-28T02:55:31.724006+00:00,one-arm-boxing,3,0.376312
8,2026-07-28T02:55:31.775542+00:00,one-arm-boxing,3,0.427844
9,2026-07-28T02:55:31.830526+00:00,one-arm-boxing,3,0.482828
10,2026-07-28T02:55:31.882173+00:00,one-arm-boxing,3,0.534471
11,2026-07-28T02:55:31.937221+00:00,one-arm-boxing,3,0.589518
12,2026-07-28T02:55:31.992147+00:00,one-arm-boxing,3,0.644444
13,2026-07-28T02:55:32.047181+00:00,one-arm-boxing,3,0.699487
14,2026-07-28T02:55:32.102217+00:00,one-arm-boxing,3,0.754516
15,2026-07-28T02:55:32.155026+00:00,one-arm-boxing,3,0.807326
16,2026-07-28T02:55:32.210092+00:00,one-arm-boxing,3,0.862424
17,2026-07-28T02:55:32.265193+00:00,one-arm-boxing,3,0.917527
18,2026-07-28T02:55:32.316297+00:00,one-arm-boxing,3,0.968627
19,2026-07-28T02:55:32.371395+00:00,one-arm-boxing,3,1.023727
20,2026-07-28T02:55:32.426490+00:00,one-arm-boxing,3,1.078825
21,2026-07-28T02:55:32.480087+00:00,one-arm-boxing,3,1.132423
22,2026-07-28T02:55:32.535197+00:00,one-arm-boxing,3,1.187531
23,2026-07-28T02:55:32.590298+00:00,one-arm-boxing,3,1.242628
24,2026-07-28T02:55:32.645394+00:00,one-arm-boxing,3,1.29772
25,2026-07-28T02:55:32.698856+00:00,one-arm-boxing,3,1.351183
26,2026-07-28T02:55:32.753940+00:00,one-arm-boxing,3,1.406266
27,2026-07-28T02:55:32.809018+00:00,one-arm-boxing,3,1.461336
28,2026-07-28T02:55:32.864090+00:00,one-arm-boxing,3,1.516409
29,2026-07-28T02:55:32.919166+00:00,one-arm-boxing,3,1.57149
30,2026-07-28T02:55:32.974239+00:00,one-arm-boxing,3,1.626556
31,2026-07-28T02:55:33.029323+00:00,one-arm-boxing,3,1.681648
32,2026-07-28T02:55:33.081062+00:00,one-arm-boxing,3,1.733384
33,2026-07-28T02:55:33.136137+00:00,one-arm-boxing,3,1.788457
34,2026-07-28T02:55:33.187962+00:00,one-arm-boxing,3,1.840283
35,2026-07-28T02:55:33.243037+00:00,one-arm-boxing,3,1.895362
36,2026-07-28T02:55:33.298109+00:00,one-arm-boxing,3,1.950427
37,2026-07-28T02:55:33.353177+00:00,one-arm-boxing,3,2.005497
38,2026-07-28T02:55:33.408252+00:00,one-arm-boxing,3,2.060578
39,2026-07-28T02:55:33.460255+00:00,one-arm-boxing,3,2.112581
40,2026-07-28T02:55:33.511229+00:00,one-arm-boxing,3,2.163546
41,2026-07-28T02:55:33.566336+00:00,one-arm-boxing,3,2.218669
42,2026-07-28T02:55:33.621425+00:00,one-arm-boxing,3,2.273747
43,2026-07-28T02:55:33.675873+00:00,one-arm-boxing,3,2.328193
44,2026-07-28T02:55:33.730941+00:00,one-arm-boxing,3,2.383258
45,2026-07-28T02:55:33.786001+00:00,one-arm-boxing,3,2.438316
46,2026-07-28T02:55:33.841072+00:00,one-arm-boxing,3,2.493395
47,2026-07-28T02:55:33.896162+00:00,one-arm-boxing,3,2.548493
48,2026-07-28T02:55:33.951248+00:00,one-arm-boxing,3,2.603576
49,2026-07-28T02:55:34.004474+00:00,one-arm-boxing,3,2.656781
50,2026-07-28T02:55:34.059521+00:00,one-arm-boxing,3,2.711825
51,2026-07-28T02:55:34.113323+00:00,one-arm-boxing,3,2.765625
52,2026-07-28T02:55:34.168360+00:00,one-arm-boxing,3,2.820659
53,2026-07-28T02:55:34.223389+00:00,one-arm-boxing,3,2.875687
54,2026-07-28T02:55:34.278417+00:00,one-arm-boxing,3,2.930715
55,2026-07-28T02:55:34.332176+00:00,one-arm-boxing,3,2.984472
0,2026-07-28T02:55:37.658793+00:00,one-arm-boxing,4,1.1e-05
1,2026-07-28T02:55:37.712013+00:00,one-arm-boxing,4,0.053262
2,2026-07-28T02:55:37.767083+00:00,one-arm-boxing,4,0.108315
3,2026-07-28T02:55:37.822136+00:00,one-arm-boxing,4,0.163377
4,2026-07-28T02:55:37.877171+00:00,one-arm-boxing,4,0.218396
5,2026-07-28T02:55:37.930501+00:00,one-arm-boxing,4,0.271722
6,2026-07-28T02:55:37.985527+00:00,one-arm-boxing,4,0.326747
7,2026-07-28T02:55:38.040568+00:00,one-arm-boxing,4,0.381803
8,2026-07-28T02:55:38.095615+00:00,one-arm-boxing,4,0.436841
9,2026-07-28T02:55:38.148825+00:00,one-arm-boxing,4,0.490057
10,2026-07-28T02:55:38.203877+00:00,one-arm-boxing,4,0.545104
11,2026-07-28T02:55:38.257995+00:00,one-arm-boxing,4,0.59922
12,2026-07-28T02:55:38.313030+00:00,one-arm-boxing,4,0.65425
13,2026-07-28T02:55:38.365121+00:00,one-arm-boxing,4,0.706343
14,2026-07-28T02:55:38.420150+00:00,one-arm-boxing,4,0.76137
15,2026-07-28T02:55:38.474673+00:00,one-arm-boxing,4,0.815904
16,2026-07-28T02:55:38.530027+00:00,one-arm-boxing,4,0.871253
17,2026-07-28T02:55:38.585067+00:00,one-arm-boxing,4,0.926291
18,2026-07-28T02:55:38.640106+00:00,one-arm-boxing,4,0.981333
19,2026-07-28T02:55:38.695150+00:00,one-arm-boxing,4,1.036378
20,2026-07-28T02:55:38.747178+00:00,one-arm-boxing,4,1.088428
21,2026-07-28T02:55:38.802253+00:00,one-arm-boxing,4,1.143486
22,2026-07-28T02:55:38.857304+00:00,one-arm-boxing,4,1.198534
23,2026-07-28T02:55:38.912350+00:00,one-arm-boxing,4,1.253581
24,2026-07-28T02:55:38.963827+00:00,one-arm-boxing,4,1.305053
25,2026-07-28T02:55:39.014055+00:00,one-arm-boxing,4,1.355287
26,2026-07-28T02:55:39.064265+00:00,one-arm-boxing,4,1.405511
27,2026-07-28T02:55:39.117116+00:00,one-arm-boxing,4,1.458344
28,2026-07-28T02:55:39.172164+00:00,one-arm-boxing,4,1.513387
29,2026-07-28T02:55:39.222759+00:00,one-arm-boxing,4,1.563984
30,2026-07-28T02:55:39.277793+00:00,one-arm-boxing,4,1.619016
31,2026-07-28T02:55:39.332387+00:00,one-arm-boxing,4,1.673613
32,2026-07-28T02:55:39.383193+00:00,one-arm-boxing,4,1.72442
33,2026-07-28T02:55:39.438259+00:00,one-arm-boxing,4,1.779517
34,2026-07-28T02:55:39.493356+00:00,one-arm-boxing,4,1.834586
35,2026-07-28T02:55:39.545546+00:00,one-arm-boxing,4,1.88677
36,2026-07-28T02:55:39.597153+00:00,one-arm-boxing,4,1.938388
37,2026-07-28T02:55:39.652213+00:00,one-arm-boxing,4,1.993444
38,2026-07-28T02:55:39.707254+00:00,one-arm-boxing,4,2.048477
39,2026-07-28T02:55:39.758001+00:00,one-arm-boxing,4,2.099228
40,2026-07-28T02:55:39.813037+00:00,one-arm-boxing,4,2.154262
41,2026-07-28T02:55:39.863822+00:00,one-arm-boxing,4,2.205042
42,2026-07-28T02:55:39.915762+00:00,one-arm-boxing,4,2.256996
43,2026-07-28T02:55:39.970814+00:00,one-arm-boxing,4,2.312041
44,2026-07-28T02:55:40.025844+00:00,one-arm-boxing,4,2.367063
45,2026-07-28T02:55:40.080498+00:00,one-arm-boxing,4,2.421734
46,2026-07-28T02:55:40.133000+00:00,one-arm-boxing,4,2.474226
47,2026-07-28T02:55:40.188039+00:00,one-arm-boxing,4,2.529265
48,2026-07-28T02:55:40.239398+00:00,one-arm-boxing,4,2.580628
49,2026-07-28T02:55:40.289956+00:00,one-arm-boxing,4,2.631192
50,2026-07-28T02:55:40.345029+00:00,one-arm-boxing,4,2.686257
51,2026-07-28T02:55:40.398791+00:00,one-arm-boxing,4,2.740014
52,2026-07-28T02:55:40.453828+00:00,one-arm-boxing,4,2.79505
53,2026-07-28T02:55:40.508006+00:00,one-arm-boxing,4,2.84923
54,2026-07-28T02:55:40.563042+00:00,one-arm-boxing,4,2.904269
55,2026-07-28T02:55:40.616600+00:00,one-arm-boxing,4,2.957827
0,2026-07-28T02:55:43.946827+00:00,one-arm-boxing,5,1.1e-05
1,2026-07-28T02:55:44.001883+00:00,one-arm-boxing,5,0.055095
2,2026-07-28T02:55:44.056948+00:00,one-arm-boxing,5,0.110151
3,2026-07-28T02:55:44.112003+00:00,one-arm-boxing,5,0.1652
4,2026-07-28T02:55:44.166057+00:00,one-arm-boxing,5,0.219245
5,2026-07-28T02:55:44.221092+00:00,one-arm-boxing,5,0.274283
6,2026-07-28T02:55:44.272724+00:00,one-arm-boxing,5,0.325916
7,2026-07-28T02:55:44.327770+00:00,one-arm-boxing,5,0.380975
8,2026-07-28T02:55:44.380485+00:00,one-arm-boxing,5,0.433702
9,2026-07-28T02:55:44.432142+00:00,one-arm-boxing,5,0.48536
10,2026-07-28T02:55:44.487234+00:00,one-arm-boxing,5,0.540445
11,2026-07-28T02:55:44.542295+00:00,one-arm-boxing,5,0.595486
12,2026-07-28T02:55:44.597337+00:00,one-arm-boxing,5,0.650535
13,2026-07-28T02:55:44.652395+00:00,one-arm-boxing,5,0.705582
14,2026-07-28T02:55:44.707433+00:00,one-arm-boxing,5,0.760627
15,2026-07-28T02:55:44.758005+00:00,one-arm-boxing,5,0.811196
16,2026-07-28T02:55:44.813059+00:00,one-arm-boxing,5,0.866247
17,2026-07-28T02:55:44.863799+00:00,one-arm-boxing,5,0.916989
18,2026-07-28T02:55:44.916192+00:00,one-arm-boxing,5,0.969393
19,2026-07-28T02:55:44.971245+00:00,one-arm-boxing,5,1.024441
20,2026-07-28T02:55:45.026277+00:00,one-arm-boxing,5,1.079461
21,2026-07-28T02:55:45.081326+00:00,one-arm-boxing,5,1.134532
22,2026-07-28T02:55:45.136395+00:00,one-arm-boxing,5,1.189592
23,2026-07-28T02:55:45.191442+00:00,one-arm-boxing,5,1.244633
24,2026-07-28T02:55:45.242134+00:00,one-arm-boxing,5,1.295329
25,2026-07-28T02:55:45.297170+00:00,one-arm-boxing,5,1.350359
26,2026-07-28T02:55:45.352201+00:00,one-arm-boxing,5,1.405391
27,2026-07-28T02:55:45.407231+00:00,one-arm-boxing,5,1.460417
28,2026-07-28T02:55:45.462256+00:00,one-arm-boxing,5,1.515443
29,2026-07-28T02:55:45.517289+00:00,one-arm-boxing,5,1.570476
30,2026-07-28T02:55:45.572319+00:00,one-arm-boxing,5,1.62551
31,2026-07-28T02:55:45.627371+00:00,one-arm-boxing,5,1.680562
32,2026-07-28T02:55:45.682407+00:00,one-arm-boxing,5,1.735593
33,2026-07-28T02:55:45.734805+00:00,one-arm-boxing,5,1.788005
34,2026-07-28T02:55:45.789362+00:00,one-arm-boxing,5,1.842579
35,2026-07-28T02:55:45.844438+00:00,one-arm-boxing,5,1.897653
36,2026-07-28T02:55:45.897109+00:00,one-arm-boxing,5,1.950307
37,2026-07-28T02:55:45.952149+00:00,one-arm-boxing,5,2.005339
38,2026-07-28T02:55:46.005719+00:00,one-arm-boxing,5,2.058918
39,2026-07-28T02:55:46.060765+00:00,one-arm-boxing,5,2.113958
40,2026-07-28T02:55:46.115805+00:00,one-arm-boxing,5,2.169
41,2026-07-28T02:55:46.170845+00:00,one-arm-boxing,5,2.224036
42,2026-07-28T02:55:46.221192+00:00,one-arm-boxing,5,2.274385
43,2026-07-28T02:55:46.276226+00:00,one-arm-boxing,5,2.329418
44,2026-07-28T02:55:46.331266+00:00,one-arm-boxing,5,2.384455
45,2026-07-28T02:55:46.386293+00:00,one-arm-boxing,5,2.439481
46,2026-07-28T02:55:46.439359+00:00,one-arm-boxing,5,2.492547
47,2026-07-28T02:55:46.490628+00:00,one-arm-boxing,5,2.543819
48,2026-07-28T02:55:46.545659+00:00,one-arm-boxing,5,2.598847
49,2026-07-28T02:55:46.599826+00:00,one-arm-boxing,5,2.653016
50,2026-07-28T02:55:46.654880+00:00,one-arm-boxing,5,2.708066
51,2026-07-28T02:55:46.709914+00:00,one-arm-boxing,5,2.763101
52,2026-07-28T02:55:46.763775+00:00,one-arm-boxing,5,2.816968
53,2026-07-28T02:55:46.815411+00:00,one-arm-boxing,5,2.8686
54,2026-07-28T02:55:46.870441+00:00,one-arm-boxing,5,2.923629
55,2026-07-28T02:55:46.925476+00:00,one-arm-boxing,5,2.978663
0,2026-07-28T02:55:50.254274+00:00,one-arm-boxing,6,1e-05
1,2026-07-28T02:55:50.306070+00:00,one-arm-boxing,6,0.051842
2,2026-07-28T02:55:50.361140+00:00,one-arm-boxing,6,0.106887
3,2026-07-28T02:55:50.416177+00:00,one-arm-boxing,6,0.161918
4,2026-07-28T02:55:50.471210+00:00,one-arm-boxing,6,0.216956
5,2026-07-28T02:55:50.525302+00:00,one-arm-boxing,6,0.271044
6,2026-07-28T02:55:50.579102+00:00,one-arm-boxing,6,0.32485
7,2026-07-28T02:55:50.632996+00:00,one-arm-boxing,6,0.378738
8,2026-07-28T02:55:50.688047+00:00,one-arm-boxing,6,0.433789
9,2026-07-28T02:55:50.743099+00:00,one-arm-boxing,6,0.488841
10,2026-07-28T02:55:50.798140+00:00,one-arm-boxing,6,0.543891
11,2026-07-28T02:55:50.848734+00:00,one-arm-boxing,6,0.594474
12,2026-07-28T02:55:50.903770+00:00,one-arm-boxing,6,0.649511
13,2026-07-28T02:55:50.956359+00:00,one-arm-boxing,6,0.702098
14,2026-07-28T02:55:51.011393+00:00,one-arm-boxing,6,0.757135
15,2026-07-28T02:55:51.066430+00:00,one-arm-boxing,6,0.812174
16,2026-07-28T02:55:51.120308+00:00,one-arm-boxing,6,0.866051
17,2026-07-28T02:55:51.175342+00:00,one-arm-boxing,6,0.921082
18,2026-07-28T02:55:51.230003+00:00,one-arm-boxing,6,0.975748
19,2026-07-28T02:55:51.280449+00:00,one-arm-boxing,6,1.026192
20,2026-07-28T02:55:51.331790+00:00,one-arm-boxing,6,1.07753
21,2026-07-28T02:55:51.383857+00:00,one-arm-boxing,6,1.1296
22,2026-07-28T02:55:51.438889+00:00,one-arm-boxing,6,1.184628
23,2026-07-28T02:55:51.493919+00:00,one-arm-boxing,6,1.239658
24,2026-07-28T02:55:51.547082+00:00,one-arm-boxing,6,1.292822
25,2026-07-28T02:55:51.598409+00:00,one-arm-boxing,6,1.344163
26,2026-07-28T02:55:51.653460+00:00,one-arm-boxing,6,1.399206
27,2026-07-28T02:55:51.704479+00:00,one-arm-boxing,6,1.450228
28,2026-07-28T02:55:51.756000+00:00,one-arm-boxing,6,1.501745
29,2026-07-28T02:55:51.811032+00:00,one-arm-boxing,6,1.556771
30,2026-07-28T02:55:51.863739+00:00,one-arm-boxing,6,1.60948
31,2026-07-28T02:55:51.918771+00:00,one-arm-boxing,6,1.664512
32,2026-07-28T02:55:51.973803+00:00,one-arm-boxing,6,1.719545
33,2026-07-28T02:55:52.028858+00:00,one-arm-boxing,6,1.774607
34,2026-07-28T02:55:52.083913+00:00,one-arm-boxing,6,1.829676
35,2026-07-28T02:55:52.138965+00:00,one-arm-boxing,6,1.884709
36,2026-07-28T02:55:52.194006+00:00,one-arm-boxing,6,1.939746
37,2026-07-28T02:55:52.247092+00:00,one-arm-boxing,6,1.992833
38,2026-07-28T02:55:52.302135+00:00,one-arm-boxing,6,2.047885
39,2026-07-28T02:55:52.355991+00:00,one-arm-boxing,6,2.101733
40,2026-07-28T02:55:52.411033+00:00,one-arm-boxing,6,2.156776
41,2026-07-28T02:55:52.466084+00:00,one-arm-boxing,6,2.211824
42,2026-07-28T02:55:52.521119+00:00,one-arm-boxing,6,2.266865
43,2026-07-28T02:55:52.576157+00:00,one-arm-boxing,6,2.321901
44,2026-07-28T02:55:52.629962+00:00,one-arm-boxing,6,2.375701
45,2026-07-28T02:55:52.684988+00:00,one-arm-boxing,6,2.430729
46,2026-07-28T02:55:52.737291+00:00,one-arm-boxing,6,2.483033
47,2026-07-28T02:55:52.789310+00:00,one-arm-boxing,6,2.535054
48,2026-07-28T02:55:52.844345+00:00,one-arm-boxing,6,2.590088
49,2026-07-28T02:55:52.899378+00:00,one-arm-boxing,6,2.645118
50,2026-07-28T02:55:52.954418+00:00,one-arm-boxing,6,2.70016
51,2026-07-28T02:55:53.007995+00:00,one-arm-boxing,6,2.753738
52,2026-07-28T02:55:53.060980+00:00,one-arm-boxing,6,2.806728
53,2026-07-28T02:55:53.114654+00:00,one-arm-boxing,6,2.860398
54,2026-07-28T02:55:53.169692+00:00,one-arm-boxing,6,2.915432
55,2026-07-28T02:55:53.224732+00:00,one-arm-boxing,6,2.970478
0,2026-07-28T02:55:56.552500+00:00,one-arm-boxing,7,1.1e-05
1,2026-07-28T02:55:56.607016+00:00,one-arm-boxing,7,0.054556
2,2026-07-28T02:55:56.659600+00:00,one-arm-boxing,7,0.107128
3,2026-07-28T02:55:56.713262+00:00,one-arm-boxing,7,0.16079
4,2026-07-28T02:55:56.765393+00:00,one-arm-boxing,7,0.21292
5,2026-07-28T02:55:56.818831+00:00,one-arm-boxing,7,0.266347
6,2026-07-28T02:55:56.873863+00:00,one-arm-boxing,7,0.321378
7,2026-07-28T02:55:56.928921+00:00,one-arm-boxing,7,0.376436
8,2026-07-28T02:55:56.979160+00:00,one-arm-boxing,7,0.426673
9,2026-07-28T02:55:57.031639+00:00,one-arm-boxing,7,0.479174
10,2026-07-28T02:55:57.086696+00:00,one-arm-boxing,7,0.534216
11,2026-07-28T02:55:57.141730+00:00,one-arm-boxing,7,0.589244
12,2026-07-28T02:55:57.196765+00:00,one-arm-boxing,7,0.644276
13,2026-07-28T02:55:57.247079+00:00,one-arm-boxing,7,0.694593
14,2026-07-28T02:55:57.302118+00:00,one-arm-boxing,7,0.749641
15,2026-07-28T02:55:57.357160+00:00,one-arm-boxing,7,0.804678
16,2026-07-28T02:55:57.409268+00:00,one-arm-boxing,7,0.856782
17,2026-07-28T02:55:57.463223+00:00,one-arm-boxing,7,0.910738
18,2026-07-28T02:55:57.518261+00:00,one-arm-boxing,7,0.965779
19,2026-07-28T02:55:57.569340+00:00,one-arm-boxing,7,1.016866
20,2026-07-28T02:55:57.624398+00:00,one-arm-boxing,7,1.071918
21,2026-07-28T02:55:57.676672+00:00,one-arm-boxing,7,1.124184
22,2026-07-28T02:55:57.727696+00:00,one-arm-boxing,7,1.175214
23,2026-07-28T02:55:57.782730+00:00,one-arm-boxing,7,1.230244
24,2026-07-28T02:55:57.836187+00:00,one-arm-boxing,7,1.28371
25,2026-07-28T02:55:57.891226+00:00,one-arm-boxing,7,1.33874
26,2026-07-28T02:55:57.946254+00:00,one-arm-boxing,7,1.393767
27,2026-07-28T02:55:57.997032+00:00,one-arm-boxing,7,1.444548
28,2026-07-28T02:55:58.047538+00:00,one-arm-boxing,7,1.495113
29,2026-07-28T02:55:58.102635+00:00,one-arm-boxing,7,1.550155
30,2026-07-28T02:55:58.157675+00:00,one-arm-boxing,7,1.605195
31,2026-07-28T02:55:58.210336+00:00,one-arm-boxing,7,1.657848
32,2026-07-28T02:55:58.265362+00:00,one-arm-boxing,7,1.712879
33,2026-07-28T02:55:58.320395+00:00,one-arm-boxing,7,1.76791
34,2026-07-28T02:55:58.375424+00:00,one-arm-boxing,7,1.822939
35,2026-07-28T02:55:58.430037+00:00,one-arm-boxing,7,1.877558
36,2026-07-28T02:55:58.485078+00:00,one-arm-boxing,7,1.932591
37,2026-07-28T02:55:58.536122+00:00,one-arm-boxing,7,1.983635
38,2026-07-28T02:55:58.591155+00:00,one-arm-boxing,7,2.038674
39,2026-07-28T02:55:58.646188+00:00,one-arm-boxing,7,2.093701
40,2026-07-28T02:55:58.698685+00:00,one-arm-boxing,7,2.1462
41,2026-07-28T02:55:58.753718+00:00,one-arm-boxing,7,2.201233
42,2026-07-28T02:55:58.805940+00:00,one-arm-boxing,7,2.253457
43,2026-07-28T02:55:58.860977+00:00,one-arm-boxing,7,2.30849
44,2026-07-28T02:55:58.916003+00:00,one-arm-boxing,7,2.363517
45,2026-07-28T02:55:58.971039+00:00,one-arm-boxing,7,2.418555
46,2026-07-28T02:55:59.022046+00:00,one-arm-boxing,7,2.469565
47,2026-07-28T02:55:59.075645+00:00,one-arm-boxing,7,2.523158
48,2026-07-28T02:55:59.129789+00:00,one-arm-boxing,7,2.577306
49,2026-07-28T02:55:59.184819+00:00,one-arm-boxing,7,2.632331
50,2026-07-28T02:55:59.239848+00:00,one-arm-boxing,7,2.687361
51,2026-07-28T02:55:59.294875+00:00,one-arm-boxing,7,2.742385
52,2026-07-28T02:55:59.349907+00:00,one-arm-boxing,7,2.797427
53,2026-07-28T02:55:59.404942+00:00,one-arm-boxing,7,2.852454
54,2026-07-28T02:55:59.459991+00:00,one-arm-boxing,7,2.907504
55,2026-07-28T02:55:59.514570+00:00,one-arm-boxing,7,2.962083
0,2026-07-28T02:56:02.833580+00:00,one-arm-boxing,8,1e-05
1,2026-07-28T02:56:02.887483+00:00,one-arm-boxing,8,0.053946
2,2026-07-28T02:56:02.941252+00:00,one-arm-boxing,8,0.107706
3,2026-07-28T02:56:02.996305+00:00,one-arm-boxing,8,0.162743
4,2026-07-28T02:56:03.048688+00:00,one-arm-boxing,8,0.215132
5,2026-07-28T02:56:03.102226+00:00,one-arm-boxing,8,0.268661
6,2026-07-28T02:56:03.155929+00:00,one-arm-boxing,8,0.322363
7,2026-07-28T02:56:03.210964+00:00,one-arm-boxing,8,0.377406
8,2026-07-28T02:56:03.266013+00:00,one-arm-boxing,8,0.432454
9,2026-07-28T02:56:03.316686+00:00,one-arm-boxing,8,0.483122
10,2026-07-28T02:56:03.371718+00:00,one-arm-boxing,8,0.538154
11,2026-07-28T02:56:03.426751+00:00,one-arm-boxing,8,0.593183
12,2026-07-28T02:56:03.480024+00:00,one-arm-boxing,8,0.646457
13,2026-07-28T02:56:03.535052+00:00,one-arm-boxing,8,0.701484
14,2026-07-28T02:56:03.590080+00:00,one-arm-boxing,8,0.756516
15,2026-07-28T02:56:03.645098+00:00,one-arm-boxing,8,0.811532
16,2026-07-28T02:56:03.698661+00:00,one-arm-boxing,8,0.865098
17,2026-07-28T02:56:03.753693+00:00,one-arm-boxing,8,0.920129
18,2026-07-28T02:56:03.808724+00:00,one-arm-boxing,8,0.975158
19,2026-07-28T02:56:03.863240+00:00,one-arm-boxing,8,1.029675
20,2026-07-28T02:56:03.914543+00:00,one-arm-boxing,8,1.080976
21,2026-07-28T02:56:03.969567+00:00,one-arm-boxing,8,1.135999
22,2026-07-28T02:56:04.024597+00:00,one-arm-boxing,8,1.191039
23,2026-07-28T02:56:04.079647+00:00,one-arm-boxing,8,1.246096
24,2026-07-28T02:56:04.134649+00:00,one-arm-boxing,8,1.301089
25,2026-07-28T02:56:04.189687+00:00,one-arm-boxing,8,1.356127
26,2026-07-28T02:56:04.244723+00:00,one-arm-boxing,8,1.41116
27,2026-07-28T02:56:04.299753+00:00,one-arm-boxing,8,1.466186
28,2026-07-28T02:56:04.354785+00:00,one-arm-boxing,8,1.521219
29,2026-07-28T02:56:04.405937+00:00,one-arm-boxing,8,1.572374
30,2026-07-28T02:56:04.460968+00:00,one-arm-boxing,8,1.627403
31,2026-07-28T02:56:04.513731+00:00,one-arm-boxing,8,1.680165
32,2026-07-28T02:56:04.568771+00:00,one-arm-boxing,8,1.735208
33,2026-07-28T02:56:04.623822+00:00,one-arm-boxing,8,1.790262
34,2026-07-28T02:56:04.678859+00:00,one-arm-boxing,8,1.845298
35,2026-07-28T02:56:04.732425+00:00,one-arm-boxing,8,1.898862
36,2026-07-28T02:56:04.787459+00:00,one-arm-boxing,8,1.953895
37,2026-07-28T02:56:04.840881+00:00,one-arm-boxing,8,2.007314
38,2026-07-28T02:56:04.895375+00:00,one-arm-boxing,8,2.061812
39,2026-07-28T02:56:04.950413+00:00,one-arm-boxing,8,2.116863
40,2026-07-28T02:56:05.005455+00:00,one-arm-boxing,8,2.171889
41,2026-07-28T02:56:05.060508+00:00,one-arm-boxing,8,2.226959
42,2026-07-28T02:56:05.113706+00:00,one-arm-boxing,8,2.280155
43,2026-07-28T02:56:05.168750+00:00,one-arm-boxing,8,2.335186
44,2026-07-28T02:56:05.222615+00:00,one-arm-boxing,8,2.389054
45,2026-07-28T02:56:05.277657+00:00,one-arm-boxing,8,2.444102
46,2026-07-28T02:56:05.328382+00:00,one-arm-boxing,8,2.494819
47,2026-07-28T02:56:05.383433+00:00,one-arm-boxing,8,2.549885
48,2026-07-28T02:56:05.438489+00:00,one-arm-boxing,8,2.604936
49,2026-07-28T02:56:05.493549+00:00,one-arm-boxing,8,2.659983
50,2026-07-28T02:56:05.548262+00:00,one-arm-boxing,8,2.7147
51,2026-07-28T02:56:05.603304+00:00,one-arm-boxing,8,2.769745
52,2026-07-28T02:56:05.654458+00:00,one-arm-boxing,8,2.8209
53,2026-07-28T02:56:05.709520+00:00,one-arm-boxing,8,2.875958
54,2026-07-28T02:56:05.763184+00:00,one-arm-boxing,8,2.929622
55,2026-07-28T02:56:05.818218+00:00,one-arm-boxing,8,2.984656
0,2026-07-28T02:56:09.141078+00:00,one-arm-boxing,9,1.1e-05
1,2026-07-28T02:56:09.192231+00:00,one-arm-boxing,9,0.051192
2,2026-07-28T02:56:09.246519+00:00,one-arm-boxing,9,0.10547
3,2026-07-28T02:56:09.301571+00:00,one-arm-boxing,9,0.160519
4,2026-07-28T02:56:09.355991+00:00,one-arm-boxing,9,0.214937
5,2026-07-28T02:56:09.411032+00:00,one-arm-boxing,9,0.269972
6,2026-07-28T02:56:09.465766+00:00,one-arm-boxing,9,0.324705
7,2026-07-28T02:56:09.520800+00:00,one-arm-boxing,9,0.379736
8,2026-07-28T02:56:09.572739+00:00,one-arm-boxing,9,0.431679
9,2026-07-28T02:56:09.627780+00:00,one-arm-boxing,9,0.486727
10,2026-07-28T02:56:09.679747+00:00,one-arm-boxing,9,0.538683
11,2026-07-28T02:56:09.730323+00:00,one-arm-boxing,9,0.589261
12,2026-07-28T02:56:09.785353+00:00,one-arm-boxing,9,0.644293
13,2026-07-28T02:56:09.840383+00:00,one-arm-boxing,9,0.69932
14,2026-07-28T02:56:09.895408+00:00,one-arm-boxing,9,0.754344
15,2026-07-28T02:56:09.947005+00:00,one-arm-boxing,9,0.805956
16,2026-07-28T02:56:10.002047+00:00,one-arm-boxing,9,0.860982
17,2026-07-28T02:56:10.057099+00:00,one-arm-boxing,9,0.916051
18,2026-07-28T02:56:10.112168+00:00,one-arm-boxing,9,0.971108
19,2026-07-28T02:56:10.163672+00:00,one-arm-boxing,9,1.02262
20,2026-07-28T02:56:10.218741+00:00,one-arm-boxing,9,1.077686
21,2026-07-28T02:56:10.273805+00:00,one-arm-boxing,9,1.132753
22,2026-07-28T02:56:10.328871+00:00,one-arm-boxing,9,1.187808
23,2026-07-28T02:56:10.379103+00:00,one-arm-boxing,9,1.238047
24,2026-07-28T02:56:10.434147+00:00,one-arm-boxing,9,1.293085
25,2026-07-28T02:56:10.487315+00:00,one-arm-boxing,9,1.346251
26,2026-07-28T02:56:10.542360+00:00,one-arm-boxing,9,1.401298
27,2026-07-28T02:56:10.596469+00:00,one-arm-boxing,9,1.455414
28,2026-07-28T02:56:10.651527+00:00,one-arm-boxing,9,1.510464
29,2026-07-28T02:56:10.706173+00:00,one-arm-boxing,9,1.565107
30,2026-07-28T02:56:10.759852+00:00,one-arm-boxing,9,1.618793
31,2026-07-28T02:56:10.813637+00:00,one-arm-boxing,9,1.672584
32,2026-07-28T02:56:10.868697+00:00,one-arm-boxing,9,1.727647
33,2026-07-28T02:56:10.922538+00:00,one-arm-boxing,9,1.781474
34,2026-07-28T02:56:10.977563+00:00,one-arm-boxing,9,1.8365
35,2026-07-28T02:56:11.030400+00:00,one-arm-boxing,9,1.889344
36,2026-07-28T02:56:11.085452+00:00,one-arm-boxing,9,1.9444
37,2026-07-28T02:56:11.137001+00:00,one-arm-boxing,9,1.995941
38,2026-07-28T02:56:11.192051+00:00,one-arm-boxing,9,2.050986
39,2026-07-28T02:56:11.247082+00:00,one-arm-boxing,9,2.106028
40,2026-07-28T02:56:11.302126+00:00,one-arm-boxing,9,2.161066
41,2026-07-28T02:56:11.355018+00:00,one-arm-boxing,9,2.213958
42,2026-07-28T02:56:11.405883+00:00,one-arm-boxing,9,2.264822
43,2026-07-28T02:56:11.460917+00:00,one-arm-boxing,9,2.319856
44,2026-07-28T02:56:11.515948+00:00,one-arm-boxing,9,2.374885
45,2026-07-28T02:56:11.570689+00:00,one-arm-boxing,9,2.429629
46,2026-07-28T02:56:11.625741+00:00,one-arm-boxing,9,2.484677
47,2026-07-28T02:56:11.679170+00:00,one-arm-boxing,9,2.538105
48,2026-07-28T02:56:11.731950+00:00,one-arm-boxing,9,2.590888
49,2026-07-28T02:56:11.787004+00:00,one-arm-boxing,9,2.645941
50,2026-07-28T02:56:11.842032+00:00,one-arm-boxing,9,2.700968
51,2026-07-28T02:56:11.895322+00:00,one-arm-boxing,9,2.754258
52,2026-07-28T02:56:11.950354+00:00,one-arm-boxing,9,2.80929
53,2026-07-28T02:56:12.005118+00:00,one-arm-boxing,9,2.864056
54,2026-07-28T02:56:12.060155+00:00,one-arm-boxing,9,2.919099
55,2026-07-28T02:56:12.115191+00:00,one-arm-boxing,9,2.974126
0,2026-07-28T02:56:15.448795+00:00,one-arm-boxing,10,1.1e-05
1,2026-07-28T02:56:15.503858+00:00,one-arm-boxing,10,0.055108
2,2026-07-28T02:56:15.558931+00:00,one-arm-boxing,10,0.110165
3,2026-07-28T02:56:15.613663+00:00,one-arm-boxing,10,0.164899
4,2026-07-28T02:56:15.665314+00:00,one-arm-boxing,10,0.216536
5,2026-07-28T02:56:15.718436+00:00,one-arm-boxing,10,0.26966
6,2026-07-28T02:56:15.773475+00:00,one-arm-boxing,10,0.324696
7,2026-07-28T02:56:15.828520+00:00,one-arm-boxing,10,0.379757
8,2026-07-28T02:56:15.883579+00:00,one-arm-boxing,10,0.434816
9,2026-07-28T02:56:15.938647+00:00,one-arm-boxing,10,0.489867
10,2026-07-28T02:56:15.993679+00:00,one-arm-boxing,10,0.544897
11,2026-07-28T02:56:16.048716+00:00,one-arm-boxing,10,0.599949
12,2026-07-28T02:56:16.103771+00:00,one-arm-boxing,10,0.654999
13,2026-07-28T02:56:16.158815+00:00,one-arm-boxing,10,0.710037
14,2026-07-28T02:56:16.213157+00:00,one-arm-boxing,10,0.764374
15,2026-07-28T02:56:16.268208+00:00,one-arm-boxing,10,0.81943
16,2026-07-28T02:56:16.320382+00:00,one-arm-boxing,10,0.8716
17,2026-07-28T02:56:16.375436+00:00,one-arm-boxing,10,0.926653
18,2026-07-28T02:56:16.430461+00:00,one-arm-boxing,10,0.981683
19,2026-07-28T02:56:16.485497+00:00,one-arm-boxing,10,1.036723
20,2026-07-28T02:56:16.540538+00:00,one-arm-boxing,10,1.091759
21,2026-07-28T02:56:16.595587+00:00,one-arm-boxing,10,1.146818
22,2026-07-28T02:56:16.646961+00:00,one-arm-boxing,10,1.198182
23,2026-07-28T02:56:16.701996+00:00,one-arm-boxing,10,1.253216
24,2026-07-28T02:56:16.755860+00:00,one-arm-boxing,10,1.307092
25,2026-07-28T02:56:16.810909+00:00,one-arm-boxing,10,1.362129
26,2026-07-28T02:56:16.863605+00:00,one-arm-boxing,10,1.414825
27,2026-07-28T02:56:16.918633+00:00,one-arm-boxing,10,1.469852
28,2026-07-28T02:56:16.973663+00:00,one-arm-boxing,10,1.524883
29,2026-07-28T02:56:17.028695+00:00,one-arm-boxing,10,1.579921
30,2026-07-28T02:56:17.083750+00:00,one-arm-boxing,10,1.634994
31,2026-07-28T02:56:17.138809+00:00,one-arm-boxing,10,1.690031
32,2026-07-28T02:56:17.193847+00:00,one-arm-boxing,10,1.745067
33,2026-07-28T02:56:17.246449+00:00,one-arm-boxing,10,1.797669
34,2026-07-28T02:56:17.298444+00:00,one-arm-boxing,10,1.849669
35,2026-07-28T02:56:17.348714+00:00,one-arm-boxing,10,1.899937
36,2026-07-28T02:56:17.398789+00:00,one-arm-boxing,10,1.95001
37,2026-07-28T02:56:17.451271+00:00,one-arm-boxing,10,2.002492
38,2026-07-28T02:56:17.506303+00:00,one-arm-boxing,10,2.057525
39,2026-07-28T02:56:17.561354+00:00,one-arm-boxing,10,2.112572
40,2026-07-28T02:56:17.613627+00:00,one-arm-boxing,10,2.164851
41,2026-07-28T02:56:17.668300+00:00,one-arm-boxing,10,2.219518
42,2026-07-28T02:56:17.722510+00:00,one-arm-boxing,10,2.273732
43,2026-07-28T02:56:17.773582+00:00,one-arm-boxing,10,2.324801
44,2026-07-28T02:56:17.828622+00:00,one-arm-boxing,10,2.379844
45,2026-07-28T02:56:17.881914+00:00,one-arm-boxing,10,2.433132
46,2026-07-28T02:56:17.936944+00:00,one-arm-boxing,10,2.488166
47,2026-07-28T02:56:17.991995+00:00,one-arm-boxing,10,2.543212
48,2026-07-28T02:56:18.047029+00:00,one-arm-boxing,10,2.598256
49,2026-07-28T02:56:18.102068+00:00,one-arm-boxing,10,2.653286
50,2026-07-28T02:56:18.154943+00:00,one-arm-boxing,10,2.706167
51,2026-07-28T02:56:18.207824+00:00,one-arm-boxing,10,2.759046
52,2026-07-28T02:56:18.262866+00:00,one-arm-boxing,10,2.814086
53,2026-07-28T02:56:18.313619+00:00,one-arm-boxing,10,2.864844
54,2026-07-28T02:56:18.368651+00:00,one-arm-boxing,10,2.919869
55,2026-07-28T02:56:18.423684+00:00,one-arm-boxing,10,2.974902
0,2026-07-28T02:56:21.748768+00:00,one-arm-boxing,11,1.1e-05
1,2026-07-28T02:56:21.803830+00:00,one-arm-boxing,11,0.055104
2,2026-07-28T02:56:21.858902+00:00,one-arm-boxing,11,0.110157
3,2026-07-28T02:56:21.913094+00:00,one-arm-boxing,11,0.164346
4,2026-07-28T02:56:21.965265+00:00,one-arm-boxing,11,0.216514
5,2026-07-28T02:56:22.020308+00:00,one-arm-boxing,11,0.271567
6,2026-07-28T02:56:22.072695+00:00,one-arm-boxing,11,0.323945
7,2026-07-28T02:56:22.126305+00:00,one-arm-boxing,11,0.377549
8,2026-07-28T02:56:22.179750+00:00,one-arm-boxing,11,0.430994
9,2026-07-28T02:56:22.232891+00:00,one-arm-boxing,11,0.484137
10,2026-07-28T02:56:22.285792+00:00,one-arm-boxing,11,0.537046
11,2026-07-28T02:56:22.339164+00:00,one-arm-boxing,11,0.590412
12,2026-07-28T02:56:22.394217+00:00,one-arm-boxing,11,0.645462
13,2026-07-28T02:56:22.449264+00:00,one-arm-boxing,11,0.700509
14,2026-07-28T02:56:22.504289+00:00,one-arm-boxing,11,0.755534
15,2026-07-28T02:56:22.554807+00:00,one-arm-boxing,11,0.806052
16,2026-07-28T02:56:22.609863+00:00,one-arm-boxing,11,0.861119
17,2026-07-28T02:56:22.663047+00:00,one-arm-boxing,11,0.914298
18,2026-07-28T02:56:22.718082+00:00,one-arm-boxing,11,0.96933
19,2026-07-28T02:56:22.772479+00:00,one-arm-boxing,11,1.023724
20,2026-07-28T02:56:22.827506+00:00,one-arm-boxing,11,1.078751
21,2026-07-28T02:56:22.879604+00:00,one-arm-boxing,11,1.130848
22,2026-07-28T02:56:22.929688+00:00,one-arm-boxing,11,1.180936
23,2026-07-28T02:56:22.984722+00:00,one-arm-boxing,11,1.235972
24,2026-07-28T02:56:23.038193+00:00,one-arm-boxing,11,1.28945
25,2026-07-28T02:56:23.093241+00:00,one-arm-boxing,11,1.344494
26,2026-07-28T02:56:23.146506+00:00,one-arm-boxing,11,1.397756
27,2026-07-28T02:56:23.201541+00:00,one-arm-boxing,11,1.452787
28,2026-07-28T02:56:23.255244+00:00,one-arm-boxing,11,1.506495
29,2026-07-28T02:56:23.310299+00:00,one-arm-boxing,11,1.561548
30,2026-07-28T02:56:23.363610+00:00,one-arm-boxing,11,1.614856
31,2026-07-28T02:56:23.415249+00:00,one-arm-boxing,11,1.666494
32,2026-07-28T02:56:23.470273+00:00,one-arm-boxing,11,1.721519
33,2026-07-28T02:56:23.525307+00:00,one-arm-boxing,11,1.776555
34,2026-07-28T02:56:23.580341+00:00,one-arm-boxing,11,1.831598
35,2026-07-28T02:56:23.634671+00:00,one-arm-boxing,11,1.885917
36,2026-07-28T02:56:23.689709+00:00,one-arm-boxing,11,1.940959
37,2026-07-28T02:56:23.744744+00:00,one-arm-boxing,11,1.995992
38,2026-07-28T02:56:23.796094+00:00,one-arm-boxing,11,2.047338
39,2026-07-28T02:56:23.851120+00:00,one-arm-boxing,11,2.102364
40,2026-07-28T02:56:23.905804+00:00,one-arm-boxing,11,2.157057
41,2026-07-28T02:56:23.960838+00:00,one-arm-boxing,11,2.212086
42,2026-07-28T02:56:24.015875+00:00,one-arm-boxing,11,2.267125
43,2026-07-28T02:56:24.070913+00:00,one-arm-boxing,11,2.322164
44,2026-07-28T02:56:24.125953+00:00,one-arm-boxing,11,2.3772
45,2026-07-28T02:56:24.179898+00:00,one-arm-boxing,11,2.431144
46,2026-07-28T02:56:24.230255+00:00,one-arm-boxing,11,2.481502
47,2026-07-28T02:56:24.285285+00:00,one-arm-boxing,11,2.536531
48,2026-07-28T02:56:24.340333+00:00,one-arm-boxing,11,2.591579
49,2026-07-28T02:56:24.395362+00:00,one-arm-boxing,11,2.646607
50,2026-07-28T02:56:24.450398+00:00,one-arm-boxing,11,2.701647
51,2026-07-28T02:56:24.505429+00:00,one-arm-boxing,11,2.756673
52,2026-07-28T02:56:24.560455+00:00,one-arm-boxing,11,2.8117
53,2026-07-28T02:56:24.614150+00:00,one-arm-boxing,11,2.865396
54,2026-07-28T02:56:24.669175+00:00,one-arm-boxing,11,2.920419
55,2026-07-28T02:56:24.720479+00:00,one-arm-boxing,11,2.971729
0,2026-07-28T02:56:28.045701+00:00,one-arm-boxing,12,1.1e-05
1,2026-07-28T02:56:28.100754+00:00,one-arm-boxing,12,0.055092
2,2026-07-28T02:56:28.155064+00:00,one-arm-boxing,12,0.109389
3,2026-07-28T02:56:28.208540+00:00,one-arm-boxing,12,0.162858
4,2026-07-28T02:56:28.263105+00:00,one-arm-boxing,12,0.217428
5,2026-07-28T02:56:28.318146+00:00,one-arm-boxing,12,0.27246
6,2026-07-28T02:56:28.372461+00:00,one-arm-boxing,12,0.326778
7,2026-07-28T02:56:28.427497+00:00,one-arm-boxing,12,0.381816
8,2026-07-28T02:56:28.479369+00:00,one-arm-boxing,12,0.433685
9,2026-07-28T02:56:28.534414+00:00,one-arm-boxing,12,0.488729
10,2026-07-28T02:56:28.589451+00:00,one-arm-boxing,12,0.54377
11,2026-07-28T02:56:28.644486+00:00,one-arm-boxing,12,0.598801
12,2026-07-28T02:56:28.698413+00:00,one-arm-boxing,12,0.65273
13,2026-07-28T02:56:28.753450+00:00,one-arm-boxing,12,0.70777
14,2026-07-28T02:56:28.804811+00:00,one-arm-boxing,12,0.759126
15,2026-07-28T02:56:28.855793+00:00,one-arm-boxing,12,0.810107
16,2026-07-28T02:56:28.910825+00:00,one-arm-boxing,12,0.865138
17,2026-07-28T02:56:28.962476+00:00,one-arm-boxing,12,0.916789
18,2026-07-28T02:56:29.013564+00:00,one-arm-boxing,12,0.967885
19,2026-07-28T02:56:29.068631+00:00,one-arm-boxing,12,1.02295
20,2026-07-28T02:56:29.123687+00:00,one-arm-boxing,12,1.078004
21,2026-07-28T02:56:29.178432+00:00,one-arm-boxing,12,1.132745
22,2026-07-28T02:56:29.231873+00:00,one-arm-boxing,12,1.186189
23,2026-07-28T02:56:29.286909+00:00,one-arm-boxing,12,1.241226
24,2026-07-28T02:56:29.339143+00:00,one-arm-boxing,12,1.293458
25,2026-07-28T02:56:29.394176+00:00,one-arm-boxing,12,1.348489
26,2026-07-28T02:56:29.449208+00:00,one-arm-boxing,12,1.40352
27,2026-07-28T02:56:29.499506+00:00,one-arm-boxing,12,1.45382
28,2026-07-28T02:56:29.554534+00:00,one-arm-boxing,12,1.508849
29,2026-07-28T02:56:29.606204+00:00,one-arm-boxing,12,1.560523
30,2026-07-28T02:56:29.661266+00:00,one-arm-boxing,12,1.615581
31,2026-07-28T02:56:29.716297+00:00,one-arm-boxing,12,1.670611
32,2026-07-28T02:56:29.771344+00:00,one-arm-boxing,12,1.725658
33,2026-07-28T02:56:29.822444+00:00,one-arm-boxing,12,1.776761
34,2026-07-28T02:56:29.877500+00:00,one-arm-boxing,12,1.831815
35,2026-07-28T02:56:29.928857+00:00,one-arm-boxing,12,1.883182
36,2026-07-28T02:56:29.983906+00:00,one-arm-boxing,12,1.938228
37,2026-07-28T02:56:30.038944+00:00,one-arm-boxing,12,1.993256
38,2026-07-28T02:56:30.093998+00:00,one-arm-boxing,12,2.048331
39,2026-07-28T02:56:30.149072+00:00,one-arm-boxing,12,2.103391
40,2026-07-28T02:56:30.204105+00:00,one-arm-boxing,12,2.15842
41,2026-07-28T02:56:30.256177+00:00,one-arm-boxing,12,2.210492
42,2026-07-28T02:56:30.311209+00:00,one-arm-boxing,12,2.265525
43,2026-07-28T02:56:30.366087+00:00,one-arm-boxing,12,2.320399
44,2026-07-28T02:56:30.418725+00:00,one-arm-boxing,12,2.373036
45,2026-07-28T02:56:30.472818+00:00,one-arm-boxing,12,2.427136
46,2026-07-28T02:56:30.526935+00:00,one-arm-boxing,12,2.481249
47,2026-07-28T02:56:30.579141+00:00,one-arm-boxing,12,2.533459
48,2026-07-28T02:56:30.634179+00:00,one-arm-boxing,12,2.588504
49,2026-07-28T02:56:30.689219+00:00,one-arm-boxing,12,2.643537
50,2026-07-28T02:56:30.744255+00:00,one-arm-boxing,12,2.698574
51,2026-07-28T02:56:30.796871+00:00,one-arm-boxing,12,2.751184
52,2026-07-28T02:56:30.851902+00:00,one-arm-boxing,12,2.806216
53,2026-07-28T02:56:30.905760+00:00,one-arm-boxing,12,2.860078
54,2026-07-28T02:56:30.960791+00:00,one-arm-boxing,12,2.915104
55,2026-07-28T02:56:31.014395+00:00,one-arm-boxing,12,2.968717
0,2026-07-28T02:56:34.346645+00:00,one-arm-boxing,13,1.1e-05
1,2026-07-28T02:56:34.401708+00:00,one-arm-boxing,13,0.055108
2,2026-07-28T02:56:34.455891+00:00,one-arm-boxing,13,0.10927
3,2026-07-28T02:56:34.510933+00:00,one-arm-boxing,13,0.164306
4,2026-07-28T02:56:34.565972+00:00,one-arm-boxing,13,0.219354
5,2026-07-28T02:56:34.621041+00:00,one-arm-boxing,13,0.274436
6,2026-07-28T02:56:34.676117+00:00,one-arm-boxing,13,0.329502
7,2026-07-28T02:56:34.731172+00:00,one-arm-boxing,13,0.384553
8,2026-07-28T02:56:34.786220+00:00,one-arm-boxing,13,0.439592
9,2026-07-28T02:56:34.837297+00:00,one-arm-boxing,13,0.490665
10,2026-07-28T02:56:34.889132+00:00,one-arm-boxing,13,0.542501
11,2026-07-28T02:56:34.940708+00:00,one-arm-boxing,13,0.594088
12,2026-07-28T02:56:34.995753+00:00,one-arm-boxing,13,0.649126
13,2026-07-28T02:56:35.050820+00:00,one-arm-boxing,13,0.704205
14,2026-07-28T02:56:35.105878+00:00,one-arm-boxing,13,0.759265
15,2026-07-28T02:56:35.160933+00:00,one-arm-boxing,13,0.814305
16,2026-07-28T02:56:35.213530+00:00,one-arm-boxing,13,0.866906
17,2026-07-28T02:56:35.265557+00:00,one-arm-boxing,13,0.918929
18,2026-07-28T02:56:35.320590+00:00,one-arm-boxing,13,0.97396
19,2026-07-28T02:56:35.372445+00:00,one-arm-boxing,13,1.025818
20,2026-07-28T02:56:35.427476+00:00,one-arm-boxing,13,1.080843
21,2026-07-28T02:56:35.480196+00:00,one-arm-boxing,13,1.133564
22,2026-07-28T02:56:35.530251+00:00,one-arm-boxing,13,1.183622
23,2026-07-28T02:56:35.585299+00:00,one-arm-boxing,13,1.238683
24,2026-07-28T02:56:35.640354+00:00,one-arm-boxing,13,1.293733
25,2026-07-28T02:56:35.695397+00:00,one-arm-boxing,13,1.34877
26,2026-07-28T02:56:35.748141+00:00,one-arm-boxing,13,1.401519
27,2026-07-28T02:56:35.803186+00:00,one-arm-boxing,13,1.456554
28,2026-07-28T02:56:35.854306+00:00,one-arm-boxing,13,1.507673
29,2026-07-28T02:56:35.907137+00:00,one-arm-boxing,13,1.560511
30,2026-07-28T02:56:35.960316+00:00,one-arm-boxing,13,1.613684
31,2026-07-28T02:56:36.012322+00:00,one-arm-boxing,13,1.665695
32,2026-07-28T02:56:36.067376+00:00,one-arm-boxing,13,1.720766
33,2026-07-28T02:56:36.120450+00:00,one-arm-boxing,13,1.773826
34,2026-07-28T02:56:36.175493+00:00,one-arm-boxing,13,1.828871
35,2026-07-28T02:56:36.229768+00:00,one-arm-boxing,13,1.883141
36,2026-07-28T02:56:36.284822+00:00,one-arm-boxing,13,1.93821
37,2026-07-28T02:56:36.339875+00:00,one-arm-boxing,13,1.993251
38,2026-07-28T02:56:36.394946+00:00,one-arm-boxing,13,2.048343
39,2026-07-28T02:56:36.448356+00:00,one-arm-boxing,13,2.101749
40,2026-07-28T02:56:36.502480+00:00,one-arm-boxing,13,2.155853
41,2026-07-28T02:56:36.557519+00:00,one-arm-boxing,13,2.21089
42,2026-07-28T02:56:36.612572+00:00,one-arm-boxing,13,2.265962
43,2026-07-28T02:56:36.667624+00:00,one-arm-boxing,13,2.321
44,2026-07-28T02:56:36.722662+00:00,one-arm-boxing,13,2.376033
45,2026-07-28T02:56:36.777692+00:00,one-arm-boxing,13,2.431069
46,2026-07-28T02:56:36.832740+00:00,one-arm-boxing,13,2.48612
47,2026-07-28T02:56:36.883003+00:00,one-arm-boxing,13,2.53638
48,2026-07-28T02:56:36.938043+00:00,one-arm-boxing,13,2.591412
49,2026-07-28T02:56:36.993077+00:00,one-arm-boxing,13,2.646451
50,2026-07-28T02:56:37.048118+00:00,one-arm-boxing,13,2.701498
51,2026-07-28T02:56:37.103165+00:00,one-arm-boxing,13,2.756541
52,2026-07-28T02:56:37.156146+00:00,one-arm-boxing,13,2.809518
53,2026-07-28T02:56:37.211179+00:00,one-arm-boxing,13,2.864551
54,2026-07-28T02:56:37.264128+00:00,one-arm-boxing,13,2.917508
55,2026-07-28T02:56:37.319174+00:00,one-arm-boxing,13,2.972554
0,2026-07-28T02:56:40.652098+00:00,one-arm-boxing,14,1e-05
1,2026-07-28T02:56:40.705978+00:00,one-arm-boxing,14,0.053923
2,2026-07-28T02:56:40.758003+00:00,one-arm-boxing,14,0.105936
3,2026-07-28T02:56:40.813056+00:00,one-arm-boxing,14,0.160977
4,2026-07-28T02:56:40.868117+00:00,one-arm-boxing,14,0.216057
5,2026-07-28T02:56:40.923186+00:00,one-arm-boxing,14,0.271119
6,2026-07-28T02:56:40.978236+00:00,one-arm-boxing,14,0.326162
7,2026-07-28T02:56:41.030240+00:00,one-arm-boxing,14,0.378166
8,2026-07-28T02:56:41.084872+00:00,one-arm-boxing,14,0.432793
9,2026-07-28T02:56:41.139908+00:00,one-arm-boxing,14,0.487828
10,2026-07-28T02:56:41.194940+00:00,one-arm-boxing,14,0.542855
11,2026-07-28T02:56:41.246824+00:00,one-arm-boxing,14,0.594745
12,2026-07-28T02:56:41.298477+00:00,one-arm-boxing,14,0.646397
13,2026-07-28T02:56:41.353518+00:00,one-arm-boxing,14,0.701446
14,2026-07-28T02:56:41.408569+00:00,one-arm-boxing,14,0.756494
15,2026-07-28T02:56:41.462988+00:00,one-arm-boxing,14,0.810912
16,2026-07-28T02:56:41.517389+00:00,one-arm-boxing,14,0.865309
17,2026-07-28T02:56:41.567535+00:00,one-arm-boxing,14,0.915455
18,2026-07-28T02:56:41.622503+00:00,one-arm-boxing,14,0.970425
19,2026-07-28T02:56:41.675049+00:00,one-arm-boxing,14,1.022966
20,2026-07-28T02:56:41.730087+00:00,one-arm-boxing,14,1.078007
21,2026-07-28T02:56:41.780139+00:00,one-arm-boxing,14,1.128057
22,2026-07-28T02:56:41.835168+00:00,one-arm-boxing,14,1.183082
23,2026-07-28T02:56:41.890191+00:00,one-arm-boxing,14,1.238104
24,2026-07-28T02:56:41.945251+00:00,one-arm-boxing,14,1.293201
25,2026-07-28T02:56:41.998445+00:00,one-arm-boxing,14,1.346367
26,2026-07-28T02:56:42.053521+00:00,one-arm-boxing,14,1.401468
27,2026-07-28T02:56:42.104748+00:00,one-arm-boxing,14,1.452667
28,2026-07-28T02:56:42.159800+00:00,one-arm-boxing,14,1.507724
29,2026-07-28T02:56:42.213485+00:00,one-arm-boxing,14,1.561404
30,2026-07-28T02:56:42.268524+00:00,one-arm-boxing,14,1.616443
31,2026-07-28T02:56:42.322389+00:00,one-arm-boxing,14,1.670313
32,2026-07-28T02:56:42.377429+00:00,one-arm-boxing,14,1.725345
33,2026-07-28T02:56:42.432454+00:00,one-arm-boxing,14,1.780368
34,2026-07-28T02:56:42.487487+00:00,one-arm-boxing,14,1.835409
35,2026-07-28T02:56:42.542528+00:00,one-arm-boxing,14,1.890447
36,2026-07-28T02:56:42.596810+00:00,one-arm-boxing,14,1.944732
37,2026-07-28T02:56:42.651853+00:00,one-arm-boxing,14,1.999777
38,2026-07-28T02:56:42.706896+00:00,one-arm-boxing,14,2.054811
39,2026-07-28T02:56:42.761923+00:00,one-arm-boxing,14,2.109842
40,2026-07-28T02:56:42.813469+00:00,one-arm-boxing,14,2.161386
41,2026-07-28T02:56:42.868518+00:00,one-arm-boxing,14,2.216433
42,2026-07-28T02:56:42.920880+00:00,one-arm-boxing,14,2.268795
43,2026-07-28T02:56:42.975025+00:00,one-arm-boxing,14,2.322941
44,2026-07-28T02:56:43.030062+00:00,one-arm-boxing,14,2.377989
45,2026-07-28T02:56:43.081803+00:00,one-arm-boxing,14,2.429725
46,2026-07-28T02:56:43.132341+00:00,one-arm-boxing,14,2.480257
47,2026-07-28T02:56:43.187390+00:00,one-arm-boxing,14,2.535309
48,2026-07-28T02:56:43.242429+00:00,one-arm-boxing,14,2.590352
49,2026-07-28T02:56:43.296831+00:00,one-arm-boxing,14,2.644749
50,2026-07-28T02:56:43.350196+00:00,one-arm-boxing,14,2.698112
51,2026-07-28T02:56:43.405232+00:00,one-arm-boxing,14,2.753146
52,2026-07-28T02:56:43.460272+00:00,one-arm-boxing,14,2.80819
53,2026-07-28T02:56:43.513489+00:00,one-arm-boxing,14,2.861402
54,2026-07-28T02:56:43.568527+00:00,one-arm-boxing,14,2.916446
55,2026-07-28T02:56:43.623576+00:00,one-arm-boxing,14,2.971493
0,2026-07-28T02:56:46.954744+00:00,two-arm-boxing,0,1.1e-05
1,2026-07-28T02:56:47.008259+00:00,two-arm-boxing,0,0.053583
2,2026-07-28T02:56:47.063086+00:00,two-arm-boxing,0,0.108379
3,2026-07-28T02:56:47.113711+00:00,two-arm-boxing,0,0.158991
4,2026-07-28T02:56:47.167375+00:00,two-arm-boxing,0,0.212654
5,2026-07-28T02:56:47.222422+00:00,two-arm-boxing,0,0.267702
6,2026-07-28T02:56:47.272563+00:00,two-arm-boxing,0,0.317839
7,2026-07-28T02:56:47.325702+00:00,two-arm-boxing,0,0.370984
8,2026-07-28T02:56:47.380747+00:00,two-arm-boxing,0,0.426018
9,2026-07-28T02:56:47.435779+00:00,two-arm-boxing,0,0.481054
10,2026-07-28T02:56:47.490822+00:00,two-arm-boxing,0,0.536098
11,2026-07-28T02:56:47.545862+00:00,two-arm-boxing,0,0.591137
12,2026-07-28T02:56:47.600899+00:00,two-arm-boxing,0,0.646175
13,2026-07-28T02:56:47.654309+00:00,two-arm-boxing,0,0.699581
14,2026-07-28T02:56:47.709216+00:00,two-arm-boxing,0,0.754484
15,2026-07-28T02:56:47.763006+00:00,two-arm-boxing,0,0.80828
16,2026-07-28T02:56:47.818076+00:00,two-arm-boxing,0,0.863353
17,2026-07-28T02:56:47.870068+00:00,two-arm-boxing,0,0.915337
18,2026-07-28T02:56:47.921201+00:00,two-arm-boxing,0,0.966471
19,2026-07-28T02:56:47.976232+00:00,two-arm-boxing,0,1.021501
20,2026-07-28T02:56:48.031265+00:00,two-arm-boxing,0,1.076549
21,2026-07-28T02:56:48.083146+00:00,two-arm-boxing,0,1.128429
22,2026-07-28T02:56:48.138194+00:00,two-arm-boxing,0,1.183468
23,2026-07-28T02:56:48.192109+00:00,two-arm-boxing,0,1.237384
24,2026-07-28T02:56:48.246330+00:00,two-arm-boxing,0,1.291603
25,2026-07-28T02:56:48.296804+00:00,two-arm-boxing,0,1.342075
26,2026-07-28T02:56:48.348429+00:00,two-arm-boxing,0,1.393698
27,2026-07-28T02:56:48.403460+00:00,two-arm-boxing,0,1.448732
28,2026-07-28T02:56:48.458491+00:00,two-arm-boxing,0,1.503763
29,2026-07-28T02:56:48.513520+00:00,two-arm-boxing,0,1.558791
30,2026-07-28T02:56:48.565028+00:00,two-arm-boxing,0,1.610298
31,2026-07-28T02:56:48.615088+00:00,two-arm-boxing,0,1.66036
32,2026-07-28T02:56:48.670116+00:00,two-arm-boxing,0,1.715386
33,2026-07-28T02:56:48.721075+00:00,two-arm-boxing,0,1.766347
34,2026-07-28T02:56:48.776110+00:00,two-arm-boxing,0,1.821382
35,2026-07-28T02:56:48.830115+00:00,two-arm-boxing,0,1.875386
36,2026-07-28T02:56:48.883016+00:00,two-arm-boxing,0,1.928285
37,2026-07-28T02:56:48.938048+00:00,two-arm-boxing,0,1.98332
38,2026-07-28T02:56:48.993076+00:00,two-arm-boxing,0,2.038344
39,2026-07-28T02:56:49.048110+00:00,two-arm-boxing,0,2.093389
40,2026-07-28T02:56:49.103145+00:00,two-arm-boxing,0,2.148413
41,2026-07-28T02:56:49.158172+00:00,two-arm-boxing,0,2.203442
42,2026-07-28T02:56:49.211200+00:00,two-arm-boxing,0,2.256473
43,2026-07-28T02:56:49.265386+00:00,two-arm-boxing,0,2.310658
44,2026-07-28T02:56:49.320421+00:00,two-arm-boxing,0,2.365697
45,2026-07-28T02:56:49.372344+00:00,two-arm-boxing,0,2.417617
46,2026-07-28T02:56:49.427374+00:00,two-arm-boxing,0,2.472643
47,2026-07-28T02:56:49.482399+00:00,two-arm-boxing,0,2.527667
48,2026-07-28T02:56:49.537423+00:00,two-arm-boxing,0,2.582691
49,2026-07-28T02:56:49.592460+00:00,two-arm-boxing,0,2.637741
50,2026-07-28T02:56:49.646276+00:00,two-arm-boxing,0,2.691552
51,2026-07-28T02:56:49.701310+00:00,two-arm-boxing,0,2.746578
52,2026-07-28T02:56:49.755667+00:00,two-arm-boxing,0,2.80094
53,2026-07-28T02:56:49.810698+00:00,two-arm-boxing,0,2.85597
54,2026-07-28T02:56:49.863421+00:00,two-arm-boxing,0,2.908691
55,2026-07-28T02:56:49.915887+00:00,two-arm-boxing,0,2.961163
0,2026-07-28T02:56:53.242270+00:00,two-arm-boxing,1,1e-05
1,2026-07-28T02:56:53.296395+00:00,two-arm-boxing,1,0.054168
2,2026-07-28T02:56:53.350191+00:00,two-arm-boxing,1,0.107945
3,2026-07-28T02:56:53.405252+00:00,two-arm-boxing,1,0.163
4,2026-07-28T02:56:53.457696+00:00,two-arm-boxing,1,0.215446
5,2026-07-28T02:56:53.512737+00:00,two-arm-boxing,1,0.270486
6,2026-07-28T02:56:53.565034+00:00,two-arm-boxing,1,0.322786
7,2026-07-28T02:56:53.620080+00:00,two-arm-boxing,1,0.377826
8,2026-07-28T02:56:53.675118+00:00,two-arm-boxing,1,0.432862
9,2026-07-28T02:56:53.729628+00:00,two-arm-boxing,1,0.487373
10,2026-07-28T02:56:53.780114+00:00,two-arm-boxing,1,0.537862
11,2026-07-28T02:56:53.835150+00:00,two-arm-boxing,1,0.592897
12,2026-07-28T02:56:53.890200+00:00,two-arm-boxing,1,0.647942
13,2026-07-28T02:56:53.945228+00:00,two-arm-boxing,1,0.702971
14,2026-07-28T02:56:53.998418+00:00,two-arm-boxing,1,0.756162
15,2026-07-28T02:56:54.053461+00:00,two-arm-boxing,1,0.811217
16,2026-07-28T02:56:54.104746+00:00,two-arm-boxing,1,0.862491
17,2026-07-28T02:56:54.159796+00:00,two-arm-boxing,1,0.917538
18,2026-07-28T02:56:54.213438+00:00,two-arm-boxing,1,0.971184
19,2026-07-28T02:56:54.268468+00:00,two-arm-boxing,1,1.026212
20,2026-07-28T02:56:54.323497+00:00,two-arm-boxing,1,1.081239
21,2026-07-28T02:56:54.378525+00:00,two-arm-boxing,1,1.136267
22,2026-07-28T02:56:54.429810+00:00,two-arm-boxing,1,1.187558
23,2026-07-28T02:56:54.482686+00:00,two-arm-boxing,1,1.240432
24,2026-07-28T02:56:54.536154+00:00,two-arm-boxing,1,1.293899
25,2026-07-28T02:56:54.591188+00:00,two-arm-boxing,1,1.34894
26,2026-07-28T02:56:54.646236+00:00,two-arm-boxing,1,1.403983
27,2026-07-28T02:56:54.701276+00:00,two-arm-boxing,1,1.459023
28,2026-07-28T02:56:54.755659+00:00,two-arm-boxing,1,1.513406
29,2026-07-28T02:56:54.810710+00:00,two-arm-boxing,1,1.568455
30,2026-07-28T02:56:54.864621+00:00,two-arm-boxing,1,1.622364
31,2026-07-28T02:56:54.919662+00:00,two-arm-boxing,1,1.677409
32,2026-07-28T02:56:54.974710+00:00,two-arm-boxing,1,1.732466
33,2026-07-28T02:56:55.027471+00:00,two-arm-boxing,1,1.785216
34,2026-07-28T02:56:55.082527+00:00,two-arm-boxing,1,1.840285
35,2026-07-28T02:56:55.137121+00:00,two-arm-boxing,1,1.894871
36,2026-07-28T02:56:55.192177+00:00,two-arm-boxing,1,1.949919
37,2026-07-28T02:56:55.246213+00:00,two-arm-boxing,1,2.003973
38,2026-07-28T02:56:55.301276+00:00,two-arm-boxing,1,2.059036
39,2026-07-28T02:56:55.354581+00:00,two-arm-boxing,1,2.112325
40,2026-07-28T02:56:55.404672+00:00,two-arm-boxing,1,2.162416
41,2026-07-28T02:56:55.454739+00:00,two-arm-boxing,1,2.212483
42,2026-07-28T02:56:55.508297+00:00,two-arm-boxing,1,2.266042
43,2026-07-28T02:56:55.563331+00:00,two-arm-boxing,1,2.321076
44,2026-07-28T02:56:55.618358+00:00,two-arm-boxing,1,2.376102
45,2026-07-28T02:56:55.673396+00:00,two-arm-boxing,1,2.431142
46,2026-07-28T02:56:55.724926+00:00,two-arm-boxing,1,2.482674
47,2026-07-28T02:56:55.779619+00:00,two-arm-boxing,1,2.537364
48,2026-07-28T02:56:55.831710+00:00,two-arm-boxing,1,2.58946
49,2026-07-28T02:56:55.883002+00:00,two-arm-boxing,1,2.640752
50,2026-07-28T02:56:55.938039+00:00,two-arm-boxing,1,2.695783
51,2026-07-28T02:56:55.993068+00:00,two-arm-boxing,1,2.750812
52,2026-07-28T02:56:56.046723+00:00,two-arm-boxing,1,2.804476
53,2026-07-28T02:56:56.101770+00:00,two-arm-boxing,1,2.859521
54,2026-07-28T02:56:56.154707+00:00,two-arm-boxing,1,2.912458
55,2026-07-28T02:56:56.209740+00:00,two-arm-boxing,1,2.967485
0,2026-07-28T02:56:59.541518+00:00,two-arm-boxing,2,1.2e-05
1,2026-07-28T02:56:59.596352+00:00,two-arm-boxing,2,0.054864
2,2026-07-28T02:56:59.651407+00:00,two-arm-boxing,2,0.109916
3,2026-07-28T02:56:59.706462+00:00,two-arm-boxing,2,0.164966
4,2026-07-28T02:56:59.757997+00:00,two-arm-boxing,2,0.216501
5,2026-07-28T02:56:59.813046+00:00,two-arm-boxing,2,0.271552
6,2026-07-28T02:56:59.865075+00:00,two-arm-boxing,2,0.323577
7,2026-07-28T02:56:59.920117+00:00,two-arm-boxing,2,0.378611
8,2026-07-28T02:56:59.975155+00:00,two-arm-boxing,2,0.43366
9,2026-07-28T02:57:00.030193+00:00,two-arm-boxing,2,0.488686
10,2026-07-28T02:57:00.085242+00:00,two-arm-boxing,2,0.543754
11,2026-07-28T02:57:00.140308+00:00,two-arm-boxing,2,0.598819
12,2026-07-28T02:57:00.195356+00:00,two-arm-boxing,2,0.653858
13,2026-07-28T02:57:00.246847+00:00,two-arm-boxing,2,0.705352
14,2026-07-28T02:57:00.297715+00:00,two-arm-boxing,2,0.756212
15,2026-07-28T02:57:00.352748+00:00,two-arm-boxing,2,0.811244
16,2026-07-28T02:57:00.407795+00:00,two-arm-boxing,2,0.86629
17,2026-07-28T02:57:00.461185+00:00,two-arm-boxing,2,0.91968
18,2026-07-28T02:57:00.515858+00:00,two-arm-boxing,2,0.974355
19,2026-07-28T02:57:00.569380+00:00,two-arm-boxing,2,1.027878
20,2026-07-28T02:57:00.624426+00:00,two-arm-boxing,2,1.082941
21,2026-07-28T02:57:00.676029+00:00,two-arm-boxing,2,1.134529
22,2026-07-28T02:57:00.731077+00:00,two-arm-boxing,2,1.189589
23,2026-07-28T02:57:00.786135+00:00,two-arm-boxing,2,1.244639
24,2026-07-28T02:57:00.836284+00:00,two-arm-boxing,2,1.294794
25,2026-07-28T02:57:00.888969+00:00,two-arm-boxing,2,1.347471
26,2026-07-28T02:57:00.944022+00:00,two-arm-boxing,2,1.402525
27,2026-07-28T02:57:00.999058+00:00,two-arm-boxing,2,1.457555
28,2026-07-28T02:57:01.049771+00:00,two-arm-boxing,2,1.508288
29,2026-07-28T02:57:01.104838+00:00,two-arm-boxing,2,1.563349
30,2026-07-28T02:57:01.158022+00:00,two-arm-boxing,2,1.616531
31,2026-07-28T02:57:01.210564+00:00,two-arm-boxing,2,1.66906
32,2026-07-28T02:57:01.265429+00:00,two-arm-boxing,2,1.723928
33,2026-07-28T02:57:01.319447+00:00,two-arm-boxing,2,1.777942
34,2026-07-28T02:57:01.374492+00:00,two-arm-boxing,2,1.832991
35,2026-07-28T02:57:01.429293+00:00,two-arm-boxing,2,1.887798
36,2026-07-28T02:57:01.481684+00:00,two-arm-boxing,2,1.940185
37,2026-07-28T02:57:01.536717+00:00,two-arm-boxing,2,1.995214
38,2026-07-28T02:57:01.591750+00:00,two-arm-boxing,2,2.050248
39,2026-07-28T02:57:01.646779+00:00,two-arm-boxing,2,2.105275
40,2026-07-28T02:57:01.701813+00:00,two-arm-boxing,2,2.160314
41,2026-07-28T02:57:01.754375+00:00,two-arm-boxing,2,2.212879
42,2026-07-28T02:57:01.809416+00:00,two-arm-boxing,2,2.267915
43,2026-07-28T02:57:01.862907+00:00,two-arm-boxing,2,2.321403
44,2026-07-28T02:57:01.913375+00:00,two-arm-boxing,2,2.37187
45,2026-07-28T02:57:01.965020+00:00,two-arm-boxing,2,2.423518
46,2026-07-28T02:57:02.018520+00:00,two-arm-boxing,2,2.47702
47,2026-07-28T02:57:02.072818+00:00,two-arm-boxing,2,2.531318
48,2026-07-28T02:57:02.127862+00:00,two-arm-boxing,2,2.586365
49,2026-07-28T02:57:02.182900+00:00,two-arm-boxing,2,2.641401
50,2026-07-28T02:57:02.237931+00:00,two-arm-boxing,2,2.69643
51,2026-07-28T02:57:02.292967+00:00,two-arm-boxing,2,2.751469
52,2026-07-28T02:57:02.346227+00:00,two-arm-boxing,2,2.80473
53,2026-07-28T02:57:02.401261+00:00,two-arm-boxing,2,2.859755
54,2026-07-28T02:57:02.456307+00:00,two-arm-boxing,2,2.914807
55,2026-07-28T02:57:02.511338+00:00,two-arm-boxing,2,2.969836
0,2026-07-28T02:57:05.847478+00:00,two-arm-boxing,3,1e-05
1,2026-07-28T02:57:05.900548+00:00,two-arm-boxing,3,0.053112
2,2026-07-28T02:57:05.954620+00:00,two-arm-boxing,3,0.107169
3,2026-07-28T02:57:06.008009+00:00,two-arm-boxing,3,0.160561
4,2026-07-28T02:57:06.063063+00:00,two-arm-boxing,3,0.215611
5,2026-07-28T02:57:06.118109+00:00,two-arm-boxing,3,0.270654
6,2026-07-28T02:57:06.173154+00:00,two-arm-boxing,3,0.325694
7,2026-07-28T02:57:06.228191+00:00,two-arm-boxing,3,0.380728
8,2026-07-28T02:57:06.283224+00:00,two-arm-boxing,3,0.435758
9,2026-07-28T02:57:06.338255+00:00,two-arm-boxing,3,0.490795
10,2026-07-28T02:57:06.393289+00:00,two-arm-boxing,3,0.545825
11,2026-07-28T02:57:06.448325+00:00,two-arm-boxing,3,0.600868
12,2026-07-28T02:57:06.503366+00:00,two-arm-boxing,3,0.655901
13,2026-07-28T02:57:06.555675+00:00,two-arm-boxing,3,0.708214
14,2026-07-28T02:57:06.608736+00:00,two-arm-boxing,3,0.761304
15,2026-07-28T02:57:06.663826+00:00,two-arm-boxing,3,0.816386
16,2026-07-28T02:57:06.718906+00:00,two-arm-boxing,3,0.871462
17,2026-07-28T02:57:06.773966+00:00,two-arm-boxing,3,0.92651
18,2026-07-28T02:57:06.829013+00:00,two-arm-boxing,3,0.981563
19,2026-07-28T02:57:06.884060+00:00,two-arm-boxing,3,1.036596
20,2026-07-28T02:57:06.939100+00:00,two-arm-boxing,3,1.091637
21,2026-07-28T02:57:06.991136+00:00,two-arm-boxing,3,1.14367
22,2026-07-28T02:57:07.046195+00:00,two-arm-boxing,3,1.19876
23,2026-07-28T02:57:07.101262+00:00,two-arm-boxing,3,1.253809
24,2026-07-28T02:57:07.154735+00:00,two-arm-boxing,3,1.30728
25,2026-07-28T02:57:07.206028+00:00,two-arm-boxing,3,1.358564
26,2026-07-28T02:57:07.257996+00:00,two-arm-boxing,3,1.410535
27,2026-07-28T02:57:07.312873+00:00,two-arm-boxing,3,1.465418
28,2026-07-28T02:57:07.367926+00:00,two-arm-boxing,3,1.520475
29,2026-07-28T02:57:07.422982+00:00,two-arm-boxing,3,1.575517
30,2026-07-28T02:57:07.475566+00:00,two-arm-boxing,3,1.628107
31,2026-07-28T02:57:07.530605+00:00,two-arm-boxing,3,1.683145
32,2026-07-28T02:57:07.585642+00:00,two-arm-boxing,3,1.738184
33,2026-07-28T02:57:07.640675+00:00,two-arm-boxing,3,1.793209
34,2026-07-28T02:57:07.695710+00:00,two-arm-boxing,3,1.848248
35,2026-07-28T02:57:07.750742+00:00,two-arm-boxing,3,1.903279
36,2026-07-28T02:57:07.804922+00:00,two-arm-boxing,3,1.957463
37,2026-07-28T02:57:07.854995+00:00,two-arm-boxing,3,2.007529
38,2026-07-28T02:57:07.905574+00:00,two-arm-boxing,3,2.05811
39,2026-07-28T02:57:07.958016+00:00,two-arm-boxing,3,2.110552
40,2026-07-28T02:57:08.012841+00:00,two-arm-boxing,3,2.165378
41,2026-07-28T02:57:08.066926+00:00,two-arm-boxing,3,2.219466
42,2026-07-28T02:57:08.118305+00:00,two-arm-boxing,3,2.270845
43,2026-07-28T02:57:08.173340+00:00,two-arm-boxing,3,2.325876
44,2026-07-28T02:57:08.228382+00:00,two-arm-boxing,3,2.380923
45,2026-07-28T02:57:08.279609+00:00,two-arm-boxing,3,2.432145
46,2026-07-28T02:57:08.330005+00:00,two-arm-boxing,3,2.482539
47,2026-07-28T02:57:08.384386+00:00,two-arm-boxing,3,2.536922
48,2026-07-28T02:57:08.438908+00:00,two-arm-boxing,3,2.591446
49,2026-07-28T02:57:08.493379+00:00,two-arm-boxing,3,2.645912
50,2026-07-28T02:57:08.546684+00:00,two-arm-boxing,3,2.69922
51,2026-07-28T02:57:08.598577+00:00,two-arm-boxing,3,2.751119
52,2026-07-28T02:57:08.651794+00:00,two-arm-boxing,3,2.804329
53,2026-07-28T02:57:08.706819+00:00,two-arm-boxing,3,2.859353
54,2026-07-28T02:57:08.761852+00:00,two-arm-boxing,3,2.914395
55,2026-07-28T02:57:08.814990+00:00,two-arm-boxing,3,2.967528
0,2026-07-28T02:57:12.145596+00:00,two-arm-boxing,4,1.1e-05
1,2026-07-28T02:57:12.200654+00:00,two-arm-boxing,4,0.055103
2,2026-07-28T02:57:12.255619+00:00,two-arm-boxing,4,0.110052
3,2026-07-28T02:57:12.310671+00:00,two-arm-boxing,4,0.165099
4,2026-07-28T02:57:12.363444+00:00,two-arm-boxing,4,0.217868
5,2026-07-28T02:57:12.416159+00:00,two-arm-boxing,4,0.270582
6,2026-07-28T02:57:12.470099+00:00,two-arm-boxing,4,0.324521
7,2026-07-28T02:57:12.521276+00:00,two-arm-boxing,4,0.375699
8,2026-07-28T02:57:12.576321+00:00,two-arm-boxing,4,0.430747
9,2026-07-28T02:57:12.631363+00:00,two-arm-boxing,4,0.485787
10,2026-07-28T02:57:12.686420+00:00,two-arm-boxing,4,0.540841
11,2026-07-28T02:57:12.741460+00:00,two-arm-boxing,4,0.595884
12,2026-07-28T02:57:12.796500+00:00,two-arm-boxing,4,0.650924
13,2026-07-28T02:57:12.851540+00:00,two-arm-boxing,4,0.705966
14,2026-07-28T02:57:12.904609+00:00,two-arm-boxing,4,0.75903
15,2026-07-28T02:57:12.959644+00:00,two-arm-boxing,4,0.814067
16,2026-07-28T02:57:13.014684+00:00,two-arm-boxing,4,0.869113
17,2026-07-28T02:57:13.069744+00:00,two-arm-boxing,4,0.92417
18,2026-07-28T02:57:13.121279+00:00,two-arm-boxing,4,0.975702
19,2026-07-28T02:57:13.174436+00:00,two-arm-boxing,4,1.028861
20,2026-07-28T02:57:13.229501+00:00,two-arm-boxing,4,1.083943
21,2026-07-28T02:57:13.284568+00:00,two-arm-boxing,4,1.138997
22,2026-07-28T02:57:13.337936+00:00,two-arm-boxing,4,1.192363
23,2026-07-28T02:57:13.388943+00:00,two-arm-boxing,4,1.243372
24,2026-07-28T02:57:13.443988+00:00,two-arm-boxing,4,1.298414
25,2026-07-28T02:57:13.499030+00:00,two-arm-boxing,4,1.353452
26,2026-07-28T02:57:13.554072+00:00,two-arm-boxing,4,1.408495
27,2026-07-28T02:57:13.604604+00:00,two-arm-boxing,4,1.459028
28,2026-07-28T02:57:13.659643+00:00,two-arm-boxing,4,1.514063
29,2026-07-28T02:57:13.713436+00:00,two-arm-boxing,4,1.567861
30,2026-07-28T02:57:13.767220+00:00,two-arm-boxing,4,1.621644
31,2026-07-28T02:57:13.822261+00:00,two-arm-boxing,4,1.676684
32,2026-07-28T02:57:13.877317+00:00,two-arm-boxing,4,1.731738
33,2026-07-28T02:57:13.932354+00:00,two-arm-boxing,4,1.786776
34,2026-07-28T02:57:13.987387+00:00,two-arm-boxing,4,1.841806
35,2026-07-28T02:57:14.037944+00:00,two-arm-boxing,4,1.892378
36,2026-07-28T02:57:14.092995+00:00,two-arm-boxing,4,1.947417
37,2026-07-28T02:57:14.146762+00:00,two-arm-boxing,4,2.001185
38,2026-07-28T02:57:14.199415+00:00,two-arm-boxing,4,2.053838
39,2026-07-28T02:57:14.254131+00:00,two-arm-boxing,4,2.108558
40,2026-07-28T02:57:14.305599+00:00,two-arm-boxing,4,2.160021
41,2026-07-28T02:57:14.360656+00:00,two-arm-boxing,4,2.215102
42,2026-07-28T02:57:14.415759+00:00,two-arm-boxing,4,2.270206
43,2026-07-28T02:57:14.468349+00:00,two-arm-boxing,4,2.3228
44,2026-07-28T02:57:14.519825+00:00,two-arm-boxing,4,2.37426
45,2026-07-28T02:57:14.572855+00:00,two-arm-boxing,4,2.427282
46,2026-07-28T02:57:14.626177+00:00,two-arm-boxing,4,2.480599
47,2026-07-28T02:57:14.678997+00:00,two-arm-boxing,4,2.533418
48,2026-07-28T02:57:14.734030+00:00,two-arm-boxing,4,2.588452
49,2026-07-28T02:57:14.786319+00:00,two-arm-boxing,4,2.640738
50,2026-07-28T02:57:14.841350+00:00,two-arm-boxing,4,2.695771
51,2026-07-28T02:57:14.896383+00:00,two-arm-boxing,4,2.750808
52,2026-07-28T02:57:14.951438+00:00,two-arm-boxing,4,2.80587
53,2026-07-28T02:57:15.006482+00:00,two-arm-boxing,4,2.8609
54,2026-07-28T02:57:15.061536+00:00,two-arm-boxing,4,2.915972
55,2026-07-28T02:57:15.113434+00:00,two-arm-boxing,4,2.967862
0,2026-07-28T02:57:18.443108+00:00,two-arm-boxing,5,1.1e-05
1,2026-07-28T02:57:18.498168+00:00,two-arm-boxing,5,0.055098
2,2026-07-28T02:57:18.553233+00:00,two-arm-boxing,5,0.110152
3,2026-07-28T02:57:18.608278+00:00,two-arm-boxing,5,0.16519
4,2026-07-28T02:57:18.663323+00:00,two-arm-boxing,5,0.220236
5,2026-07-28T02:57:18.715329+00:00,two-arm-boxing,5,0.272239
6,2026-07-28T02:57:18.768098+00:00,two-arm-boxing,5,0.325005
7,2026-07-28T02:57:18.822503+00:00,two-arm-boxing,5,0.379419
8,2026-07-28T02:57:18.877573+00:00,two-arm-boxing,5,0.434482
9,2026-07-28T02:57:18.931428+00:00,two-arm-boxing,5,0.488336
10,2026-07-28T02:57:18.986459+00:00,two-arm-boxing,5,0.543367
11,2026-07-28T02:57:19.039275+00:00,two-arm-boxing,5,0.596194
12,2026-07-28T02:57:19.094322+00:00,two-arm-boxing,5,0.651233
13,2026-07-28T02:57:19.145297+00:00,two-arm-boxing,5,0.702202
14,2026-07-28T02:57:19.198363+00:00,two-arm-boxing,5,0.755276
15,2026-07-28T02:57:19.253434+00:00,two-arm-boxing,5,0.810349
16,2026-07-28T02:57:19.304536+00:00,two-arm-boxing,5,0.861441
17,2026-07-28T02:57:19.355525+00:00,two-arm-boxing,5,0.912437
18,2026-07-28T02:57:19.408208+00:00,two-arm-boxing,5,0.965116
19,2026-07-28T02:57:19.463243+00:00,two-arm-boxing,5,1.020154
20,2026-07-28T02:57:19.514922+00:00,two-arm-boxing,5,1.071829
21,2026-07-28T02:57:19.565064+00:00,two-arm-boxing,5,1.121974
22,2026-07-28T02:57:19.620097+00:00,two-arm-boxing,5,1.177009
23,2026-07-28T02:57:19.675139+00:00,two-arm-boxing,5,1.232052
24,2026-07-28T02:57:19.729487+00:00,two-arm-boxing,5,1.286401
25,2026-07-28T02:57:19.784538+00:00,two-arm-boxing,5,1.34145
26,2026-07-28T02:57:19.839574+00:00,two-arm-boxing,5,1.396481
27,2026-07-28T02:57:19.891551+00:00,two-arm-boxing,5,1.448459
28,2026-07-28T02:57:19.942881+00:00,two-arm-boxing,5,1.499792
29,2026-07-28T02:57:19.997918+00:00,two-arm-boxing,5,1.554824
30,2026-07-28T02:57:20.052968+00:00,two-arm-boxing,5,1.609897
31,2026-07-28T02:57:20.108030+00:00,two-arm-boxing,5,1.664945
32,2026-07-28T02:57:20.163074+00:00,two-arm-boxing,5,1.719985
33,2026-07-28T02:57:20.214935+00:00,two-arm-boxing,5,1.771852
34,2026-07-28T02:57:20.269399+00:00,two-arm-boxing,5,1.826309
35,2026-07-28T02:57:20.324441+00:00,two-arm-boxing,5,1.881356
36,2026-07-28T02:57:20.379443+00:00,two-arm-boxing,5,1.936353
37,2026-07-28T02:57:20.429944+00:00,two-arm-boxing,5,1.986851
38,2026-07-28T02:57:20.484979+00:00,two-arm-boxing,5,2.041894
39,2026-07-28T02:57:20.540014+00:00,two-arm-boxing,5,2.09692
40,2026-07-28T02:57:20.591664+00:00,two-arm-boxing,5,2.148583
41,2026-07-28T02:57:20.646705+00:00,two-arm-boxing,5,2.203614
42,2026-07-28T02:57:20.701737+00:00,two-arm-boxing,5,2.258641
43,2026-07-28T02:57:20.754616+00:00,two-arm-boxing,5,2.311521
44,2026-07-28T02:57:20.805503+00:00,two-arm-boxing,5,2.362416
45,2026-07-28T02:57:20.860538+00:00,two-arm-boxing,5,2.417445
46,2026-07-28T02:57:20.915582+00:00,two-arm-boxing,5,2.472486
47,2026-07-28T02:57:20.970616+00:00,two-arm-boxing,5,2.527525
48,2026-07-28T02:57:21.021079+00:00,two-arm-boxing,5,2.577996
49,2026-07-28T02:57:21.076123+00:00,two-arm-boxing,5,2.633031
50,2026-07-28T02:57:21.129413+00:00,two-arm-boxing,5,2.686319
51,2026-07-28T02:57:21.179946+00:00,two-arm-boxing,5,2.736858
52,2026-07-28T02:57:21.235000+00:00,two-arm-boxing,5,2.791905
53,2026-07-28T02:57:21.288861+00:00,two-arm-boxing,5,2.845771
54,2026-07-28T02:57:21.343800+00:00,two-arm-boxing,5,2.900707
55,2026-07-28T02:57:21.398833+00:00,two-arm-boxing,5,2.955742
0,2026-07-28T02:57:24.722304+00:00,two-arm-boxing,6,1.1e-05
1,2026-07-28T02:57:24.777362+00:00,two-arm-boxing,6,0.055102
2,2026-07-28T02:57:24.832438+00:00,two-arm-boxing,6,0.110164
3,2026-07-28T02:57:24.883002+00:00,two-arm-boxing,6,0.160716
4,2026-07-28T02:57:24.937033+00:00,two-arm-boxing,6,0.21474
5,2026-07-28T02:57:24.992065+00:00,two-arm-boxing,6,0.269781
6,2026-07-28T02:57:25.047101+00:00,two-arm-boxing,6,0.32481
7,2026-07-28T02:57:25.102157+00:00,two-arm-boxing,6,0.379888
8,2026-07-28T02:57:25.157216+00:00,two-arm-boxing,6,0.434928
9,2026-07-28T02:57:25.210432+00:00,two-arm-boxing,6,0.488142
10,2026-07-28T02:57:25.264827+00:00,two-arm-boxing,6,0.542545
11,2026-07-28T02:57:25.319872+00:00,two-arm-boxing,6,0.597589
12,2026-07-28T02:57:25.374910+00:00,two-arm-boxing,6,0.652624
13,2026-07-28T02:57:25.429387+00:00,two-arm-boxing,6,0.707107
14,2026-07-28T02:57:25.482408+00:00,two-arm-boxing,6,0.760132
15,2026-07-28T02:57:25.537451+00:00,two-arm-boxing,6,0.815162
16,2026-07-28T02:57:25.592517+00:00,two-arm-boxing,6,0.870248
17,2026-07-28T02:57:25.646038+00:00,two-arm-boxing,6,0.923747
18,2026-07-28T02:57:25.698216+00:00,two-arm-boxing,6,0.975929
19,2026-07-28T02:57:25.753255+00:00,two-arm-boxing,6,1.03097
20,2026-07-28T02:57:25.804420+00:00,two-arm-boxing,6,1.082137
21,2026-07-28T02:57:25.855465+00:00,two-arm-boxing,6,1.133175
22,2026-07-28T02:57:25.909499+00:00,two-arm-boxing,6,1.187215
23,2026-07-28T02:57:25.962685+00:00,two-arm-boxing,6,1.240394
24,2026-07-28T02:57:26.014879+00:00,two-arm-boxing,6,1.292599
25,2026-07-28T02:57:26.069946+00:00,two-arm-boxing,6,1.347682
26,2026-07-28T02:57:26.125016+00:00,two-arm-boxing,6,1.402741
27,2026-07-28T02:57:26.179494+00:00,two-arm-boxing,6,1.457214
28,2026-07-28T02:57:26.234536+00:00,two-arm-boxing,6,1.51225
29,2026-07-28T02:57:26.289570+00:00,two-arm-boxing,6,1.567284
30,2026-07-28T02:57:26.344618+00:00,two-arm-boxing,6,1.622331
31,2026-07-28T02:57:26.396591+00:00,two-arm-boxing,6,1.674302
32,2026-07-28T02:57:26.451625+00:00,two-arm-boxing,6,1.729338
33,2026-07-28T02:57:26.506660+00:00,two-arm-boxing,6,1.784372
34,2026-07-28T02:57:26.561696+00:00,two-arm-boxing,6,1.839408
35,2026-07-28T02:57:26.613255+00:00,two-arm-boxing,6,1.890969
36,2026-07-28T02:57:26.668310+00:00,two-arm-boxing,6,1.946023
37,2026-07-28T02:57:26.722136+00:00,two-arm-boxing,6,1.999853
38,2026-07-28T02:57:26.777170+00:00,two-arm-boxing,6,2.05488
39,2026-07-28T02:57:26.831555+00:00,two-arm-boxing,6,2.109269
40,2026-07-28T02:57:26.882386+00:00,two-arm-boxing,6,2.160097
41,2026-07-28T02:57:26.937415+00:00,two-arm-boxing,6,2.215126
42,2026-07-28T02:57:26.992003+00:00,two-arm-boxing,6,2.269712
43,2026-07-28T02:57:27.047033+00:00,two-arm-boxing,6,2.324748
44,2026-07-28T02:57:27.099079+00:00,two-arm-boxing,6,2.376791
45,2026-07-28T02:57:27.154118+00:00,two-arm-boxing,6,2.431832
46,2026-07-28T02:57:27.204682+00:00,two-arm-boxing,6,2.482393
47,2026-07-28T02:57:27.258002+00:00,two-arm-boxing,6,2.535712
48,2026-07-28T02:57:27.313034+00:00,two-arm-boxing,6,2.590748
49,2026-07-28T02:57:27.368071+00:00,two-arm-boxing,6,2.645784
50,2026-07-28T02:57:27.423121+00:00,two-arm-boxing,6,2.70083
51,2026-07-28T02:57:27.478157+00:00,two-arm-boxing,6,2.755873
52,2026-07-28T02:57:27.529969+00:00,two-arm-boxing,6,2.807685
53,2026-07-28T02:57:27.585010+00:00,two-arm-boxing,6,2.862732
54,2026-07-28T02:57:27.640070+00:00,two-arm-boxing,6,2.917786
55,2026-07-28T02:57:27.691884+00:00,two-arm-boxing,6,2.969592
0,2026-07-28T02:57:31.024739+00:00,two-arm-boxing,7,1.1e-05
1,2026-07-28T02:57:31.079827+00:00,two-arm-boxing,7,0.055174
2,2026-07-28T02:57:31.134938+00:00,two-arm-boxing,7,0.110225
3,2026-07-28T02:57:31.188979+00:00,two-arm-boxing,7,0.164264
4,2026-07-28T02:57:31.243008+00:00,two-arm-boxing,7,0.218289
5,2026-07-28T02:57:31.298070+00:00,two-arm-boxing,7,0.273346
6,2026-07-28T02:57:31.353105+00:00,two-arm-boxing,7,0.328384
7,2026-07-28T02:57:31.408146+00:00,two-arm-boxing,7,0.383429
8,2026-07-28T02:57:31.463190+00:00,two-arm-boxing,7,0.438467
9,2026-07-28T02:57:31.518224+00:00,two-arm-boxing,7,0.4935
10,2026-07-28T02:57:31.573255+00:00,two-arm-boxing,7,0.548531
11,2026-07-28T02:57:31.628297+00:00,two-arm-boxing,7,0.60357
12,2026-07-28T02:57:31.683330+00:00,two-arm-boxing,7,0.658612
13,2026-07-28T02:57:31.736842+00:00,two-arm-boxing,7,0.71212
14,2026-07-28T02:57:31.788771+00:00,two-arm-boxing,7,0.764049
15,2026-07-28T02:57:31.843805+00:00,two-arm-boxing,7,0.819084
16,2026-07-28T02:57:31.898837+00:00,two-arm-boxing,7,0.874111
17,2026-07-28T02:57:31.953865+00:00,two-arm-boxing,7,0.929142
18,2026-07-28T02:57:32.008901+00:00,two-arm-boxing,7,0.984183
19,2026-07-28T02:57:32.063944+00:00,two-arm-boxing,7,1.039225
20,2026-07-28T02:57:32.114579+00:00,two-arm-boxing,7,1.089856
21,2026-07-28T02:57:32.169611+00:00,two-arm-boxing,7,1.144887
22,2026-07-28T02:57:32.221523+00:00,two-arm-boxing,7,1.196801
23,2026-07-28T02:57:32.276561+00:00,two-arm-boxing,7,1.251846
24,2026-07-28T02:57:32.331603+00:00,two-arm-boxing,7,1.30688
25,2026-07-28T02:57:32.386638+00:00,two-arm-boxing,7,1.361914
26,2026-07-28T02:57:32.441687+00:00,two-arm-boxing,7,1.416964
27,2026-07-28T02:57:32.496718+00:00,two-arm-boxing,7,1.471992
28,2026-07-28T02:57:32.551745+00:00,two-arm-boxing,7,1.527019
29,2026-07-28T02:57:32.606749+00:00,two-arm-boxing,7,1.582033
30,2026-07-28T02:57:32.661796+00:00,two-arm-boxing,7,1.63707
31,2026-07-28T02:57:32.716823+00:00,two-arm-boxing,7,1.692101
32,2026-07-28T02:57:32.770276+00:00,two-arm-boxing,7,1.745551
33,2026-07-28T02:57:32.820518+00:00,two-arm-boxing,7,1.7958
34,2026-07-28T02:57:32.875557+00:00,two-arm-boxing,7,1.850834
35,2026-07-28T02:57:32.929405+00:00,two-arm-boxing,7,1.904689
36,2026-07-28T02:57:32.979873+00:00,two-arm-boxing,7,1.955151
37,2026-07-28T02:57:33.029958+00:00,two-arm-boxing,7,2.005242
38,2026-07-28T02:57:33.085015+00:00,two-arm-boxing,7,2.06031
39,2026-07-28T02:57:33.140072+00:00,two-arm-boxing,7,2.115348
40,2026-07-28T02:57:33.195111+00:00,two-arm-boxing,7,2.170397
41,2026-07-28T02:57:33.246847+00:00,two-arm-boxing,7,2.222127
42,2026-07-28T02:57:33.301881+00:00,two-arm-boxing,7,2.277156
43,2026-07-28T02:57:33.356912+00:00,two-arm-boxing,7,2.33219
44,2026-07-28T02:57:33.411953+00:00,two-arm-boxing,7,2.387225
45,2026-07-28T02:57:33.463202+00:00,two-arm-boxing,7,2.438474
46,2026-07-28T02:57:33.517545+00:00,two-arm-boxing,7,2.49282
47,2026-07-28T02:57:33.569068+00:00,two-arm-boxing,7,2.544347
48,2026-07-28T02:57:33.623990+00:00,two-arm-boxing,7,2.599269
49,2026-07-28T02:57:33.679026+00:00,two-arm-boxing,7,2.654301
50,2026-07-28T02:57:33.729876+00:00,two-arm-boxing,7,2.705153
51,2026-07-28T02:57:33.782509+00:00,two-arm-boxing,7,2.757786
52,2026-07-28T02:57:33.837559+00:00,two-arm-boxing,7,2.812835
53,2026-07-28T02:57:33.892590+00:00,two-arm-boxing,7,2.867863
54,2026-07-28T02:57:33.947616+00:00,two-arm-boxing,7,2.922888
55,2026-07-28T02:57:33.998157+00:00,two-arm-boxing,7,2.973432
0,2026-07-28T02:57:37.326558+00:00,two-arm-boxing,8,1e-05
1,2026-07-28T02:57:37.379296+00:00,two-arm-boxing,8,0.052783
2,2026-07-28T02:57:37.434370+00:00,two-arm-boxing,8,0.107842
3,2026-07-28T02:57:37.489304+00:00,two-arm-boxing,8,0.162775
4,2026-07-28T02:57:37.542700+00:00,two-arm-boxing,8,0.216163
5,2026-07-28T02:57:37.597744+00:00,two-arm-boxing,8,0.271212
6,2026-07-28T02:57:37.648161+00:00,two-arm-boxing,8,0.321621
7,2026-07-28T02:57:37.703213+00:00,two-arm-boxing,8,0.376668
8,2026-07-28T02:57:37.757475+00:00,two-arm-boxing,8,0.430935
9,2026-07-28T02:57:37.808187+00:00,two-arm-boxing,8,0.481652
10,2026-07-28T02:57:37.862789+00:00,two-arm-boxing,8,0.536251
11,2026-07-28T02:57:37.913193+00:00,two-arm-boxing,8,0.586651
12,2026-07-28T02:57:37.968243+00:00,two-arm-boxing,8,0.641698
13,2026-07-28T02:57:38.021688+00:00,two-arm-boxing,8,0.695151
14,2026-07-28T02:57:38.076724+00:00,two-arm-boxing,8,0.750183
15,2026-07-28T02:57:38.131501+00:00,two-arm-boxing,8,0.804958
16,2026-07-28T02:57:38.186537+00:00,two-arm-boxing,8,0.859998
17,2026-07-28T02:57:38.238754+00:00,two-arm-boxing,8,0.912217
18,2026-07-28T02:57:38.293789+00:00,two-arm-boxing,8,0.967249
19,2026-07-28T02:57:38.348670+00:00,two-arm-boxing,8,1.022127
20,2026-07-28T02:57:38.403712+00:00,two-arm-boxing,8,1.077174
21,2026-07-28T02:57:38.454904+00:00,two-arm-boxing,8,1.128363
22,2026-07-28T02:57:38.507998+00:00,two-arm-boxing,8,1.181455
23,2026-07-28T02:57:38.563047+00:00,two-arm-boxing,8,1.236503
24,2026-07-28T02:57:38.613193+00:00,two-arm-boxing,8,1.286659
25,2026-07-28T02:57:38.668252+00:00,two-arm-boxing,8,1.341708
26,2026-07-28T02:57:38.722066+00:00,two-arm-boxing,8,1.395526
27,2026-07-28T02:57:38.777098+00:00,two-arm-boxing,8,1.450552
28,2026-07-28T02:57:38.828514+00:00,two-arm-boxing,8,1.501974
29,2026-07-28T02:57:38.879815+00:00,two-arm-boxing,8,1.553279
30,2026-07-28T02:57:38.932510+00:00,two-arm-boxing,8,1.605969
31,2026-07-28T02:57:38.987542+00:00,two-arm-boxing,8,1.660997
32,2026-07-28T02:57:39.037826+00:00,two-arm-boxing,8,1.711305
33,2026-07-28T02:57:39.090601+00:00,two-arm-boxing,8,1.764071
34,2026-07-28T02:57:39.145649+00:00,two-arm-boxing,8,1.819115
35,2026-07-28T02:57:39.198176+00:00,two-arm-boxing,8,1.871634
36,2026-07-28T02:57:39.253214+00:00,two-arm-boxing,8,1.926678
37,2026-07-28T02:57:39.305414+00:00,two-arm-boxing,8,1.978874
38,2026-07-28T02:57:39.360446+00:00,two-arm-boxing,8,2.033904
39,2026-07-28T02:57:39.414043+00:00,two-arm-boxing,8,2.087499
40,2026-07-28T02:57:39.469074+00:00,two-arm-boxing,8,2.142533
41,2026-07-28T02:57:39.524112+00:00,two-arm-boxing,8,2.197573
42,2026-07-28T02:57:39.575069+00:00,two-arm-boxing,8,2.248529
43,2026-07-28T02:57:39.629477+00:00,two-arm-boxing,8,2.302935
44,2026-07-28T02:57:39.679841+00:00,two-arm-boxing,8,2.353297
45,2026-07-28T02:57:39.734885+00:00,two-arm-boxing,8,2.408349
46,2026-07-28T02:57:39.788487+00:00,two-arm-boxing,8,2.461947
47,2026-07-28T02:57:39.843522+00:00,two-arm-boxing,8,2.516982
48,2026-07-28T02:57:39.898556+00:00,two-arm-boxing,8,2.572011
49,2026-07-28T02:57:39.953601+00:00,two-arm-boxing,8,2.627066
50,2026-07-28T02:57:40.008636+00:00,two-arm-boxing,8,2.682093
51,2026-07-28T02:57:40.063695+00:00,two-arm-boxing,8,2.737168
52,2026-07-28T02:57:40.118737+00:00,two-arm-boxing,8,2.792194
53,2026-07-28T02:57:40.173790+00:00,two-arm-boxing,8,2.847252
54,2026-07-28T02:57:40.228839+00:00,two-arm-boxing,8,2.902303
55,2026-07-28T02:57:40.282149+00:00,two-arm-boxing,8,2.955607
0,2026-07-28T02:57:43.612851+00:00,two-arm-boxing,9,1e-05
1,2026-07-28T02:57:43.663543+00:00,two-arm-boxing,9,0.05074
2,2026-07-28T02:57:43.714997+00:00,two-arm-boxing,9,0.102184
3,2026-07-28T02:57:43.770068+00:00,two-arm-boxing,9,0.15725
4,2026-07-28T02:57:43.825123+00:00,two-arm-boxing,9,0.212292
5,2026-07-28T02:57:43.879346+00:00,two-arm-boxing,9,0.266512
6,2026-07-28T02:57:43.934385+00:00,two-arm-boxing,9,0.321551
7,2026-07-28T02:57:43.989420+00:00,two-arm-boxing,9,0.376584
8,2026-07-28T02:57:44.044459+00:00,two-arm-boxing,9,0.431631
9,2026-07-28T02:57:44.096573+00:00,two-arm-boxing,9,0.483754
10,2026-07-28T02:57:44.146846+00:00,two-arm-boxing,9,0.534022
11,2026-07-28T02:57:44.201894+00:00,two-arm-boxing,9,0.589062
12,2026-07-28T02:57:44.256932+00:00,two-arm-boxing,9,0.6441
13,2026-07-28T02:57:44.311978+00:00,two-arm-boxing,9,0.699141
14,2026-07-28T02:57:44.367034+00:00,two-arm-boxing,9,0.754225
15,2026-07-28T02:57:44.422127+00:00,two-arm-boxing,9,0.809326
16,2026-07-28T02:57:44.477223+00:00,two-arm-boxing,9,0.864419
17,2026-07-28T02:57:44.529721+00:00,two-arm-boxing,9,0.916893
18,2026-07-28T02:57:44.584768+00:00,two-arm-boxing,9,0.971944
19,2026-07-28T02:57:44.639816+00:00,two-arm-boxing,9,1.026982
20,2026-07-28T02:57:44.694847+00:00,two-arm-boxing,9,1.082011
21,2026-07-28T02:57:44.746469+00:00,two-arm-boxing,9,1.133638
22,2026-07-28T02:57:44.801504+00:00,two-arm-boxing,9,1.188667
23,2026-07-28T02:57:44.856378+00:00,two-arm-boxing,9,1.243548
24,2026-07-28T02:57:44.911428+00:00,two-arm-boxing,9,1.298602
25,2026-07-28T02:57:44.962825+00:00,two-arm-boxing,9,1.35
26,2026-07-28T02:57:45.017868+00:00,two-arm-boxing,9,1.405028
27,2026-07-28T02:57:45.072917+00:00,two-arm-boxing,9,1.460099
28,2026-07-28T02:57:45.127968+00:00,two-arm-boxing,9,1.515136
29,2026-07-28T02:57:45.179827+00:00,two-arm-boxing,9,1.566995
30,2026-07-28T02:57:45.234887+00:00,two-arm-boxing,9,1.622058
31,2026-07-28T02:57:45.288369+00:00,two-arm-boxing,9,1.675535
32,2026-07-28T02:57:45.342956+00:00,two-arm-boxing,9,1.730121
33,2026-07-28T02:57:45.398005+00:00,two-arm-boxing,9,1.785166
34,2026-07-28T02:57:45.453069+00:00,two-arm-boxing,9,1.840233
35,2026-07-28T02:57:45.504790+00:00,two-arm-boxing,9,1.891956
36,2026-07-28T02:57:45.559842+00:00,two-arm-boxing,9,1.947008
37,2026-07-28T02:57:45.614779+00:00,two-arm-boxing,9,2.001944
38,2026-07-28T02:57:45.669805+00:00,two-arm-boxing,9,2.056967
39,2026-07-28T02:57:45.724840+00:00,two-arm-boxing,9,2.112005
40,2026-07-28T02:57:45.779269+00:00,two-arm-boxing,9,2.166439
41,2026-07-28T02:57:45.829798+00:00,two-arm-boxing,9,2.216968
42,2026-07-28T02:57:45.884838+00:00,two-arm-boxing,9,2.272003
43,2026-07-28T02:57:45.939738+00:00,two-arm-boxing,9,2.3269
44,2026-07-28T02:57:45.994783+00:00,two-arm-boxing,9,2.381946
45,2026-07-28T02:57:46.049824+00:00,two-arm-boxing,9,2.436999
46,2026-07-28T02:57:46.104450+00:00,two-arm-boxing,9,2.491626
47,2026-07-28T02:57:46.154675+00:00,two-arm-boxing,9,2.541847
48,2026-07-28T02:57:46.209717+00:00,two-arm-boxing,9,2.596881
49,2026-07-28T02:57:46.262582+00:00,two-arm-boxing,9,2.649746
50,2026-07-28T02:57:46.313158+00:00,two-arm-boxing,9,2.700325
51,2026-07-28T02:57:46.368205+00:00,two-arm-boxing,9,2.755368
52,2026-07-28T02:57:46.423251+00:00,two-arm-boxing,9,2.810413
53,2026-07-28T02:57:46.478283+00:00,two-arm-boxing,9,2.865447
54,2026-07-28T02:57:46.533315+00:00,two-arm-boxing,9,2.920476
55,2026-07-28T02:57:46.588348+00:00,two-arm-boxing,9,2.975517
0,2026-07-28T02:57:49.915789+00:00,two-arm-boxing,10,5e-06
1,2026-07-28T02:57:49.970842+00:00,two-arm-boxing,10,0.055076
2,2026-07-28T02:57:50.024642+00:00,two-arm-boxing,10,0.108864
3,2026-07-28T02:57:50.079695+00:00,two-arm-boxing,10,0.163939
4,2026-07-28T02:57:50.134780+00:00,two-arm-boxing,10,0.219018
5,2026-07-28T02:57:50.188654+00:00,two-arm-boxing,10,0.272882
6,2026-07-28T02:57:50.238758+00:00,two-arm-boxing,10,0.322985
7,2026-07-28T02:57:50.293808+00:00,two-arm-boxing,10,0.378036
8,2026-07-28T02:57:50.348217+00:00,two-arm-boxing,10,0.432442
9,2026-07-28T02:57:50.403259+00:00,two-arm-boxing,10,0.487491
10,2026-07-28T02:57:50.458299+00:00,two-arm-boxing,10,0.542522
11,2026-07-28T02:57:50.512723+00:00,two-arm-boxing,10,0.596946
12,2026-07-28T02:57:50.567756+00:00,two-arm-boxing,10,0.651983
13,2026-07-28T02:57:50.622358+00:00,two-arm-boxing,10,0.706584
14,2026-07-28T02:57:50.673160+00:00,two-arm-boxing,10,0.757389
15,2026-07-28T02:57:50.728199+00:00,two-arm-boxing,10,0.812427
16,2026-07-28T02:57:50.779615+00:00,two-arm-boxing,10,0.86384
17,2026-07-28T02:57:50.832812+00:00,two-arm-boxing,10,0.917036
18,2026-07-28T02:57:50.887840+00:00,two-arm-boxing,10,0.972065
19,2026-07-28T02:57:50.942870+00:00,two-arm-boxing,10,1.027095
20,2026-07-28T02:57:50.996475+00:00,two-arm-boxing,10,1.080696
21,2026-07-28T02:57:51.051522+00:00,two-arm-boxing,10,1.135771
22,2026-07-28T02:57:51.105876+00:00,two-arm-boxing,10,1.190109
23,2026-07-28T02:57:51.157347+00:00,two-arm-boxing,10,1.24158
24,2026-07-28T02:57:51.212388+00:00,two-arm-boxing,10,1.296617
25,2026-07-28T02:57:51.267299+00:00,two-arm-boxing,10,1.351532
26,2026-07-28T02:57:51.317403+00:00,two-arm-boxing,10,1.401628
27,2026-07-28T02:57:51.372437+00:00,two-arm-boxing,10,1.456666
28,2026-07-28T02:57:51.427470+00:00,two-arm-boxing,10,1.511693
29,2026-07-28T02:57:51.479784+00:00,two-arm-boxing,10,1.564007
30,2026-07-28T02:57:51.529841+00:00,two-arm-boxing,10,1.614081
31,2026-07-28T02:57:51.581421+00:00,two-arm-boxing,10,1.665656
32,2026-07-28T02:57:51.631840+00:00,two-arm-boxing,10,1.716067
33,2026-07-28T02:57:51.686873+00:00,two-arm-boxing,10,1.771098
34,2026-07-28T02:57:51.741214+00:00,two-arm-boxing,10,1.82544
35,2026-07-28T02:57:51.796013+00:00,two-arm-boxing,10,1.880236
36,2026-07-28T02:57:51.848926+00:00,two-arm-boxing,10,1.933148
37,2026-07-28T02:57:51.903977+00:00,two-arm-boxing,10,1.988202
38,2026-07-28T02:57:51.954296+00:00,two-arm-boxing,10,2.03852
39,2026-07-28T02:57:52.008002+00:00,two-arm-boxing,10,2.092234
40,2026-07-28T02:57:52.063062+00:00,two-arm-boxing,10,2.147289
41,2026-07-28T02:57:52.113129+00:00,two-arm-boxing,10,2.197354
42,2026-07-28T02:57:52.168166+00:00,two-arm-boxing,10,2.252399
43,2026-07-28T02:57:52.223206+00:00,two-arm-boxing,10,2.307432
44,2026-07-28T02:57:52.274480+00:00,two-arm-boxing,10,2.358708
45,2026-07-28T02:57:52.329513+00:00,two-arm-boxing,10,2.413737
46,2026-07-28T02:57:52.384540+00:00,two-arm-boxing,10,2.468761
47,2026-07-28T02:57:52.439567+00:00,two-arm-boxing,10,2.523792
48,2026-07-28T02:57:52.494284+00:00,two-arm-boxing,10,2.578505
49,2026-07-28T02:57:52.546443+00:00,two-arm-boxing,10,2.630666
50,2026-07-28T02:57:52.601487+00:00,two-arm-boxing,10,2.685723
51,2026-07-28T02:57:52.653169+00:00,two-arm-boxing,10,2.737395
52,2026-07-28T02:57:52.708206+00:00,two-arm-boxing,10,2.792437
53,2026-07-28T02:57:52.763244+00:00,two-arm-boxing,10,2.847469
54,2026-07-28T02:57:52.818277+00:00,two-arm-boxing,10,2.902502
55,2026-07-28T02:57:52.873308+00:00,two-arm-boxing,10,2.957532
0,2026-07-28T02:57:56.210193+00:00,two-arm-boxing,11,1.1e-05
1,2026-07-28T02:57:56.265247+00:00,two-arm-boxing,11,0.055099
2,2026-07-28T02:57:56.320317+00:00,two-arm-boxing,11,0.110145
3,2026-07-28T02:57:56.371995+00:00,two-arm-boxing,11,0.161822
4,2026-07-28T02:57:56.426704+00:00,two-arm-boxing,11,0.216535
5,2026-07-28T02:57:56.481747+00:00,two-arm-boxing,11,0.271574
6,2026-07-28T02:57:56.536798+00:00,two-arm-boxing,11,0.326618
7,2026-07-28T02:57:56.591832+00:00,two-arm-boxing,11,0.381658
8,2026-07-28T02:57:56.646869+00:00,two-arm-boxing,11,0.43669
9,2026-07-28T02:57:56.701899+00:00,two-arm-boxing,11,0.491721
10,2026-07-28T02:57:56.755369+00:00,two-arm-boxing,11,0.545197
11,2026-07-28T02:57:56.808111+00:00,two-arm-boxing,11,0.597931
12,2026-07-28T02:57:56.863141+00:00,two-arm-boxing,11,0.65297
13,2026-07-28T02:57:56.918195+00:00,two-arm-boxing,11,0.708017
14,2026-07-28T02:57:56.973242+00:00,two-arm-boxing,11,0.763063
15,2026-07-28T02:57:57.028283+00:00,two-arm-boxing,11,0.818118
16,2026-07-28T02:57:57.079760+00:00,two-arm-boxing,11,0.869594
17,2026-07-28T02:57:57.130135+00:00,two-arm-boxing,11,0.919959
18,2026-07-28T02:57:57.181412+00:00,two-arm-boxing,11,0.971235
19,2026-07-28T02:57:57.236443+00:00,two-arm-boxing,11,1.026268
20,2026-07-28T02:57:57.291477+00:00,two-arm-boxing,11,1.081299
21,2026-07-28T02:57:57.346512+00:00,two-arm-boxing,11,1.136342
22,2026-07-28T02:57:57.398051+00:00,two-arm-boxing,11,1.187874
23,2026-07-28T02:57:57.453085+00:00,two-arm-boxing,11,1.24291
24,2026-07-28T02:57:57.508004+00:00,two-arm-boxing,11,1.297832
25,2026-07-28T02:57:57.562584+00:00,two-arm-boxing,11,1.352409
26,2026-07-28T02:57:57.616164+00:00,two-arm-boxing,11,1.405992
27,2026-07-28T02:57:57.671199+00:00,two-arm-boxing,11,1.461023
28,2026-07-28T02:57:57.721964+00:00,two-arm-boxing,11,1.511787
29,2026-07-28T02:57:57.773592+00:00,two-arm-boxing,11,1.563418
30,2026-07-28T02:57:57.828638+00:00,two-arm-boxing,11,1.618467
31,2026-07-28T02:57:57.882998+00:00,two-arm-boxing,11,1.672824
32,2026-07-28T02:57:57.938037+00:00,two-arm-boxing,11,1.72786
33,2026-07-28T02:57:57.993075+00:00,two-arm-boxing,11,1.782898
34,2026-07-28T02:57:58.046422+00:00,two-arm-boxing,11,1.836269
35,2026-07-28T02:57:58.101150+00:00,two-arm-boxing,11,1.890986
36,2026-07-28T02:57:58.151293+00:00,two-arm-boxing,11,1.941118
37,2026-07-28T02:57:58.206331+00:00,two-arm-boxing,11,1.996154
38,2026-07-28T02:57:58.261362+00:00,two-arm-boxing,11,2.051185
39,2026-07-28T02:57:58.314133+00:00,two-arm-boxing,11,2.103958
40,2026-07-28T02:57:58.369166+00:00,two-arm-boxing,11,2.158987
41,2026-07-28T02:57:58.424203+00:00,two-arm-boxing,11,2.214028
42,2026-07-28T02:57:58.479225+00:00,two-arm-boxing,11,2.269053
43,2026-07-28T02:57:58.529564+00:00,two-arm-boxing,11,2.319386
44,2026-07-28T02:57:58.583329+00:00,two-arm-boxing,11,2.373159
45,2026-07-28T02:57:58.638366+00:00,two-arm-boxing,11,2.428187
46,2026-07-28T02:57:58.693395+00:00,two-arm-boxing,11,2.483216
47,2026-07-28T02:57:58.748431+00:00,two-arm-boxing,11,2.538258
48,2026-07-28T02:57:58.803465+00:00,two-arm-boxing,11,2.593287
49,2026-07-28T02:57:58.854610+00:00,two-arm-boxing,11,2.644432
50,2026-07-28T02:57:58.905682+00:00,two-arm-boxing,11,2.695503
51,2026-07-28T02:57:58.959974+00:00,two-arm-boxing,11,2.749794
52,2026-07-28T02:57:59.014693+00:00,two-arm-boxing,11,2.80452
53,2026-07-28T02:57:59.069731+00:00,two-arm-boxing,11,2.859558
54,2026-07-28T02:57:59.124762+00:00,two-arm-boxing,11,2.914582
55,2026-07-28T02:57:59.178890+00:00,two-arm-boxing,11,2.96871
0,2026-07-28T02:58:02.510724+00:00,two-arm-boxing,12,1.1e-05
1,2026-07-28T02:58:02.565782+00:00,two-arm-boxing,12,0.0551
2,2026-07-28T02:58:02.620856+00:00,two-arm-boxing,12,0.110161
3,2026-07-28T02:58:02.672803+00:00,two-arm-boxing,12,0.162096
4,2026-07-28T02:58:02.727840+00:00,two-arm-boxing,12,0.217136
5,2026-07-28T02:58:02.779290+00:00,two-arm-boxing,12,0.268586
6,2026-07-28T02:58:02.834326+00:00,two-arm-boxing,12,0.32362
7,2026-07-28T02:58:02.889360+00:00,two-arm-boxing,12,0.378652
8,2026-07-28T02:58:02.944400+00:00,two-arm-boxing,12,0.433701
9,2026-07-28T02:58:02.999445+00:00,two-arm-boxing,12,0.488743
10,2026-07-28T02:58:03.053963+00:00,two-arm-boxing,12,0.543268
11,2026-07-28T02:58:03.109030+00:00,two-arm-boxing,12,0.59832
12,2026-07-28T02:58:03.163049+00:00,two-arm-boxing,12,0.65234
13,2026-07-28T02:58:03.214698+00:00,two-arm-boxing,12,0.703992
14,2026-07-28T02:58:03.269731+00:00,two-arm-boxing,12,0.759022
15,2026-07-28T02:58:03.321948+00:00,two-arm-boxing,12,0.811243
16,2026-07-28T02:58:03.376978+00:00,two-arm-boxing,12,0.866267
17,2026-07-28T02:58:03.429449+00:00,two-arm-boxing,12,0.91874
18,2026-07-28T02:58:03.480420+00:00,two-arm-boxing,12,0.969709
19,2026-07-28T02:58:03.535455+00:00,two-arm-boxing,12,1.024749
20,2026-07-28T02:58:03.590494+00:00,two-arm-boxing,12,1.079794
21,2026-07-28T02:58:03.641171+00:00,two-arm-boxing,12,1.130462
22,2026-07-28T02:58:03.695880+00:00,two-arm-boxing,12,1.185169
23,2026-07-28T02:58:03.750928+00:00,two-arm-boxing,12,1.24022
24,2026-07-28T02:58:03.805269+00:00,two-arm-boxing,12,1.29457
25,2026-07-28T02:58:03.860312+00:00,two-arm-boxing,12,1.349607
26,2026-07-28T02:58:03.914665+00:00,two-arm-boxing,12,1.403956
27,2026-07-28T02:58:03.965866+00:00,two-arm-boxing,12,1.455155
28,2026-07-28T02:58:04.020901+00:00,two-arm-boxing,12,1.510198
29,2026-07-28T02:58:04.071024+00:00,two-arm-boxing,12,1.560335
30,2026-07-28T02:58:04.126077+00:00,two-arm-boxing,12,1.61537
31,2026-07-28T02:58:04.180720+00:00,two-arm-boxing,12,1.670011
32,2026-07-28T02:58:04.231361+00:00,two-arm-boxing,12,1.720657
33,2026-07-28T02:58:04.284240+00:00,two-arm-boxing,12,1.773535
34,2026-07-28T02:58:04.339276+00:00,two-arm-boxing,12,1.828565
35,2026-07-28T02:58:04.394304+00:00,two-arm-boxing,12,1.883594
36,2026-07-28T02:58:04.448042+00:00,two-arm-boxing,12,1.937333
37,2026-07-28T02:58:04.503076+00:00,two-arm-boxing,12,1.992366
38,2026-07-28T02:58:04.558102+00:00,two-arm-boxing,12,2.047391
39,2026-07-28T02:58:04.612492+00:00,two-arm-boxing,12,2.101783
40,2026-07-28T02:58:04.663029+00:00,two-arm-boxing,12,2.152317
41,2026-07-28T02:58:04.718055+00:00,two-arm-boxing,12,2.207346
42,2026-07-28T02:58:04.773088+00:00,two-arm-boxing,12,2.262381
43,2026-07-28T02:58:04.828143+00:00,two-arm-boxing,12,2.317435
44,2026-07-28T02:58:04.882998+00:00,two-arm-boxing,12,2.372291
45,2026-07-28T02:58:04.935693+00:00,two-arm-boxing,12,2.424988
46,2026-07-28T02:58:04.990737+00:00,two-arm-boxing,12,2.480032
47,2026-07-28T02:58:05.045766+00:00,two-arm-boxing,12,2.535053
48,2026-07-28T02:58:05.100814+00:00,two-arm-boxing,12,2.59012
49,2026-07-28T02:58:05.154396+00:00,two-arm-boxing,12,2.643691
50,2026-07-28T02:58:05.208119+00:00,two-arm-boxing,12,2.69741
51,2026-07-28T02:58:05.263156+00:00,two-arm-boxing,12,2.752456
52,2026-07-28T02:58:05.318205+00:00,two-arm-boxing,12,2.807497
53,2026-07-28T02:58:05.371939+00:00,two-arm-boxing,12,2.861236
54,2026-07-28T02:58:05.426980+00:00,two-arm-boxing,12,2.916277
55,2026-07-28T02:58:05.479694+00:00,two-arm-boxing,12,2.968998
0,2026-07-28T02:58:08.805391+00:00,two-arm-boxing,13,1e-05
1,2026-07-28T02:58:08.860447+00:00,two-arm-boxing,13,0.055095
2,2026-07-28T02:58:08.914361+00:00,two-arm-boxing,13,0.108995
3,2026-07-28T02:58:08.969406+00:00,two-arm-boxing,13,0.164038
4,2026-07-28T02:58:09.023381+00:00,two-arm-boxing,13,0.218017
5,2026-07-28T02:58:09.078424+00:00,two-arm-boxing,13,0.273052
6,2026-07-28T02:58:09.132999+00:00,two-arm-boxing,13,0.327621
7,2026-07-28T02:58:09.188025+00:00,two-arm-boxing,13,0.382645
8,2026-07-28T02:58:09.238590+00:00,two-arm-boxing,13,0.433216
9,2026-07-28T02:58:09.293622+00:00,two-arm-boxing,13,0.488246
10,2026-07-28T02:58:09.346353+00:00,two-arm-boxing,13,0.540982
11,2026-07-28T02:58:09.401407+00:00,two-arm-boxing,13,0.596028
12,2026-07-28T02:58:09.454294+00:00,two-arm-boxing,13,0.648917
13,2026-07-28T02:58:09.507718+00:00,two-arm-boxing,13,0.702345
14,2026-07-28T02:58:09.560433+00:00,two-arm-boxing,13,0.755059
15,2026-07-28T02:58:09.613006+00:00,two-arm-boxing,13,0.807632
16,2026-07-28T02:58:09.668051+00:00,two-arm-boxing,13,0.862672
17,2026-07-28T02:58:09.723079+00:00,two-arm-boxing,13,0.917703
18,2026-07-28T02:58:09.778113+00:00,two-arm-boxing,13,0.972736
19,2026-07-28T02:58:09.829024+00:00,two-arm-boxing,13,1.023661
20,2026-07-28T02:58:09.884072+00:00,two-arm-boxing,13,1.078702
21,2026-07-28T02:58:09.937574+00:00,two-arm-boxing,13,1.132206
22,2026-07-28T02:58:09.992626+00:00,two-arm-boxing,13,1.187254
23,2026-07-28T02:58:10.047659+00:00,two-arm-boxing,13,1.242277
24,2026-07-28T02:58:10.102705+00:00,two-arm-boxing,13,1.297345
25,2026-07-28T02:58:10.154294+00:00,two-arm-boxing,13,1.348927
26,2026-07-28T02:58:10.206224+00:00,two-arm-boxing,13,1.400849
27,2026-07-28T02:58:10.261260+00:00,two-arm-boxing,13,1.455892
28,2026-07-28T02:58:10.315053+00:00,two-arm-boxing,13,1.509679
29,2026-07-28T02:58:10.370105+00:00,two-arm-boxing,13,1.564727
30,2026-07-28T02:58:10.425140+00:00,two-arm-boxing,13,1.619765
31,2026-07-28T02:58:10.479247+00:00,two-arm-boxing,13,1.673875
32,2026-07-28T02:58:10.529734+00:00,two-arm-boxing,13,1.724358
33,2026-07-28T02:58:10.580901+00:00,two-arm-boxing,13,1.77554
34,2026-07-28T02:58:10.634448+00:00,two-arm-boxing,13,1.829091
35,2026-07-28T02:58:10.688922+00:00,two-arm-boxing,13,1.883548
36,2026-07-28T02:58:10.740887+00:00,two-arm-boxing,13,1.935532
37,2026-07-28T02:58:10.794261+00:00,two-arm-boxing,13,1.988887
38,2026-07-28T02:58:10.847622+00:00,two-arm-boxing,13,2.042274
39,2026-07-28T02:58:10.902709+00:00,two-arm-boxing,13,2.097334
40,2026-07-28T02:58:10.957740+00:00,two-arm-boxing,13,2.152365
41,2026-07-28T02:58:11.012543+00:00,two-arm-boxing,13,2.207183
42,2026-07-28T02:58:11.067594+00:00,two-arm-boxing,13,2.26222
43,2026-07-28T02:58:11.122646+00:00,two-arm-boxing,13,2.31727
44,2026-07-28T02:58:11.177693+00:00,two-arm-boxing,13,2.372317
45,2026-07-28T02:58:11.231317+00:00,two-arm-boxing,13,2.425944
46,2026-07-28T02:58:11.283310+00:00,two-arm-boxing,13,2.477933
47,2026-07-28T02:58:11.338341+00:00,two-arm-boxing,13,2.532966
48,2026-07-28T02:58:11.393388+00:00,two-arm-boxing,13,2.588011
49,2026-07-28T02:58:11.447977+00:00,two-arm-boxing,13,2.642598
50,2026-07-28T02:58:11.503011+00:00,two-arm-boxing,13,2.697633
51,2026-07-28T02:58:11.558045+00:00,two-arm-boxing,13,2.752666
52,2026-07-28T02:58:11.613073+00:00,two-arm-boxing,13,2.807698
53,2026-07-28T02:58:11.668104+00:00,two-arm-boxing,13,2.862726
54,2026-07-28T02:58:11.723134+00:00,two-arm-boxing,13,2.917756
55,2026-07-28T02:58:11.778162+00:00,two-arm-boxing,13,2.972782
0,2026-07-28T02:58:15.106711+00:00,two-arm-boxing,14,1e-05
1,2026-07-28T02:58:15.161791+00:00,two-arm-boxing,14,0.055157
2,2026-07-28T02:58:15.216224+00:00,two-arm-boxing,14,0.109544
3,2026-07-28T02:58:15.271281+00:00,two-arm-boxing,14,0.164594
4,2026-07-28T02:58:15.322196+00:00,two-arm-boxing,14,0.215502
5,2026-07-28T02:58:15.372284+00:00,two-arm-boxing,14,0.265597
6,2026-07-28T02:58:15.422371+00:00,two-arm-boxing,14,0.315675
7,2026-07-28T02:58:15.472431+00:00,two-arm-boxing,14,0.365739
8,2026-07-28T02:58:15.525061+00:00,two-arm-boxing,14,0.418369
9,2026-07-28T02:58:15.580103+00:00,two-arm-boxing,14,0.473413
10,2026-07-28T02:58:15.635141+00:00,two-arm-boxing,14,0.528442
11,2026-07-28T02:58:15.690170+00:00,two-arm-boxing,14,0.583474
12,2026-07-28T02:58:15.741266+00:00,two-arm-boxing,14,0.634574
13,2026-07-28T02:58:15.795781+00:00,two-arm-boxing,14,0.689087
14,2026-07-28T02:58:15.847942+00:00,two-arm-boxing,14,0.741244
15,2026-07-28T02:58:15.902972+00:00,two-arm-boxing,14,0.796272
16,2026-07-28T02:58:15.957949+00:00,two-arm-boxing,14,0.85125
17,2026-07-28T02:58:16.012961+00:00,two-arm-boxing,14,0.906268
18,2026-07-28T02:58:16.068001+00:00,two-arm-boxing,14,0.961309
19,2026-07-28T02:58:16.123039+00:00,two-arm-boxing,14,1.016346
20,2026-07-28T02:58:16.174460+00:00,two-arm-boxing,14,1.067767
21,2026-07-28T02:58:16.229180+00:00,two-arm-boxing,14,1.122495
22,2026-07-28T02:58:16.279658+00:00,two-arm-boxing,14,1.172963
23,2026-07-28T02:58:16.329964+00:00,two-arm-boxing,14,1.223268
24,2026-07-28T02:58:16.381285+00:00,two-arm-boxing,14,1.274594
25,2026-07-28T02:58:16.432205+00:00,two-arm-boxing,14,1.325509
26,2026-07-28T02:58:16.483892+00:00,two-arm-boxing,14,1.377195
27,2026-07-28T02:58:16.538920+00:00,two-arm-boxing,14,1.432221
28,2026-07-28T02:58:16.592064+00:00,two-arm-boxing,14,1.485374
29,2026-07-28T02:58:16.647103+00:00,two-arm-boxing,14,1.540405
30,2026-07-28T02:58:16.702131+00:00,two-arm-boxing,14,1.595432
31,2026-07-28T02:58:16.754200+00:00,two-arm-boxing,14,1.647508
32,2026-07-28T02:58:16.809252+00:00,two-arm-boxing,14,1.702554
33,2026-07-28T02:58:16.862473+00:00,two-arm-boxing,14,1.75578
34,2026-07-28T02:58:16.917505+00:00,two-arm-boxing,14,1.810806
35,2026-07-28T02:58:16.971004+00:00,two-arm-boxing,14,1.864307
36,2026-07-28T02:58:17.022682+00:00,two-arm-boxing,14,1.915996
37,2026-07-28T02:58:17.077735+00:00,two-arm-boxing,14,1.971058
38,2026-07-28T02:58:17.131286+00:00,two-arm-boxing,14,2.02459
39,2026-07-28T02:58:17.186338+00:00,two-arm-boxing,14,2.079642
40,2026-07-28T02:58:17.238709+00:00,two-arm-boxing,14,2.132013
41,2026-07-28T02:58:17.293740+00:00,two-arm-boxing,14,2.187046
42,2026-07-28T02:58:17.348793+00:00,two-arm-boxing,14,2.242099
43,2026-07-28T02:58:17.403848+00:00,two-arm-boxing,14,2.297151
44,2026-07-28T02:58:17.455197+00:00,two-arm-boxing,14,2.348521
45,2026-07-28T02:58:17.510270+00:00,two-arm-boxing,14,2.4036
46,2026-07-28T02:58:17.565347+00:00,two-arm-boxing,14,2.458672
47,2026-07-28T02:58:17.620422+00:00,two-arm-boxing,14,2.513752
48,2026-07-28T02:58:17.675481+00:00,two-arm-boxing,14,2.568789
49,2026-07-28T02:58:17.729502+00:00,two-arm-boxing,14,2.622811
50,2026-07-28T02:58:17.784541+00:00,two-arm-boxing,14,2.677848
51,2026-07-28T02:58:17.838521+00:00,two-arm-boxing,14,2.731834
52,2026-07-28T02:58:17.893560+00:00,two-arm-boxing,14,2.786863
53,2026-07-28T02:58:17.948588+00:00,two-arm-boxing,14,2.841891
54,2026-07-28T02:58:17.999332+00:00,two-arm-boxing,14,2.892635
55,2026-07-28T02:58:18.054373+00:00,two-arm-boxing,14,2.947686
