frame_index,confidence,num_points,points,range_profile,motion_score
0,0.8,11,"[{""x"": -0.16933679580688477, ""y"": 0.6753802299499512, ""z"": 0.0, ""velocity"": 0.0, ""snr"": 0.0}, {""x"": -0.15288591384887695, ""y"": 0.6930828094482422, ""z"": 0.0, ""velocity"": 0.0, ""snr"": 0.0}, {""x"": -0.1323223114013672, ""y"": 0.7041692733764648, ""z"": 0.0, ""velocity"": 0.0, ""snr"": 0.0}, {""x"": -0.11819601058959961, ""y"": 0.7213354110717773, ""z"": 0.0, ""velocity"": 0.0, ""snr"": 0.0}, {""x"": -0.0947713851928711, ""y"": 0.762641429901123, ""z"": 0.0, ""velocity"": 0.0, ""snr"": 0.0}, {""x"": 0.0699162483215332, ""y"": 0.9448528289794922, ""z"": 0.0, ""velocity"": 0.0, ""snr"": 0.0}, {""x"": 0.25141239166259766, ""y"": 0.9366273880004883, ""z"": 0.0, ""velocity"": 0.0, ""snr"": 0.0}, {""x"": 0.2778768539428711, ""y"": 0.9307265281677246, ""z"": 0.0, ""velocity"": 0.0, ""snr"": 0.0}, {""x"": 0.3701448440551758, ""y"": 0.784456729888916, ""z"": 0.0, ""velocity"": 0.0, ""snr"": 0.0}, {""x"": 2.069234848022461, ""y"": 1.3568401336669922, ""z"": 0.0, ""velocity"": 0.0, ""snr"": 0.0}, {""x"": 2.175271511077881, ""y"": 1.2425780296325684, ""z"": 0.0, ""velocity"": 0.0, ""snr"": 0.0}]","[143378.0, 218607.0, 150735.0, 46438.0, 9425.0, 2915.0, 5255.0, 21245.0, 31918.0, 28395.0, 13609.0, 12870.0, 7571.0, 9628.0, 96727.0, 269052.0, 285402.0, 127286.0, 26569.0, 18956.0, 20134.0, 41427.0, 26669.0, 12736.0, 7697.0, 6287.0, 4436.0, 5637.0, 5159.0, 5529.0, 3905.0, 4492.0, 7879.0, 13707.0, 18367.0, 20991.0, 48572.0, 54330.0, 25575.0, 20210.0, 18792.0, 9456.0, 10860.0, 12594.0, 13534.0, 13630.0, 9421.0, 9790.0, 11623.0, 9107.0, 8507.0, 10406.0, 10601.0, 20402.0, 29736.0, 22413.0, 18721.0, 16324.0, 17712.0, 9952.0, 9391.0, 4057.0, 6517.0, 8564.0, 11289.0, 12114.0, 10198.0, 9789.0, 8435.0, 6526.0, 4974.0, 7675.0, 7011.0, 5710.0, 6302.0, 5922.0, 5351.0, 5636.0, 5939.0, 7393.0, 4965.0, 5667.0, 5358.0, 4994.0, 5240.0, 4766.0, 6767.0, 7861.0, 7038.0, 4864.0, 4160.0, 4298.0, 6266.0, 5338.0, 3582.0, 5129.0, 5071.0, 4508.0, 4547.0, 5600.0, 6160.0, 8452.0, 7361.0, 3921.0, 4245.0, 3897.0, 3090.0, 3540.0, 3959.0, 4169.0, 3565.0, 3497.0, 3685.0, 4375.0, 3524.0, 3902.0, 4300.0, 5153.0, 3915.0, 3033.0, 3269.0, 3273.0, 4071.0, 5275.0, 2999.0, 2910.0, 2544.0, 2222.0]",0.0
1,0.8,10,"[{""x"": -0.240325927734375, ""y"": 0.7245540618896484, ""z"": 0.0, ""velocity"": 0.0, ""snr"": 0.0}, {""x"": -0.1569986343383789, ""y"": 0.682532787322998, ""z"": 0.0, ""velocity"": 0.0, ""snr"": 0.0}, {""x"": -0.14144182205200195, ""y"": 0.7020235061645508, ""z"": 0.0, ""velocity"": 0.0, ""snr"": 0.0}, {""x"": -0.14358758926391602, ""y"": 0.7191896438598633, ""z"": 0.0, ""velocity"": 0.0, ""snr"": 0.0}, {""x"": -0.1341104507446289, ""y"": 0.7089972496032715, ""z"": 0.0, ""velocity"": 0.0, ""snr"": 0.0}, {""x"": 0.02110004425048828, ""y"": 0.944674015045166, ""z"": 0.0, ""velocity"": 0.0, ""snr"": 0.0}, {""x"": 0.2097487449645996, ""y"": 0.9378790855407715, ""z"": 0.0, ""velocity"": 0.0, ""snr"": 0.0}, {""x"": 0.42700767517089844, ""y"": 0.7547736167907715, ""z"": 0.0, ""velocity"": 0.0, ""snr"": 0.0}, {""x"": 1.7491579055786133, ""y"": 1.9960999488830566, ""z"": 0.0, ""velocity"": 0.0, ""snr"": 0.0}, {""x"": 2.186715602874756, ""y"": 1.152634620666504, ""z"": 0.0, ""velocity"": 0.0, ""snr"": 0.0}]","[142853.0, 218499.0, 150787.0, 46445.0, 9762.0, 3140.0, 5139.0, 28334.0, 55479.0, 43255.0, 12781.0, 16412.0, 9869.0, 5877.0, 80462.0, 269979.0, 331112.0, 165894.0, 34043.0, 16388.0, 25661.0, 40052.0, 24114.0, 10609.0, 6982.0, 3427.0, 4204.0, 4421.0, 4405.0, 4875.0, 4553.0, 5700.0, 8428.0, 17517.0, 21966.0, 28494.0, 51070.0, 52929.0, 24982.0, 17286.0, 15731.0, 6627.0, 10340.0, 14210.0, 12740.0, 8235.0, 7202.0, 11472.0, 12207.0, 9954.0, 8118.0, 8269.0, 10704.0, 19115.0, 26057.0, 23280.0, 19926.0, 13732.0, 18610.0, 11696.0, 8368.0, 6759.0, 8341.0, 6142.0, 4292.0, 5296.0, 7335.0, 9962.0, 9339.0, 10935.0, 8584.0, 5549.0, 4491.0, 5290.0, 5673.0, 4844.0, 4909.0, 3796.0, 7490.0, 9843.0, 7085.0, 6475.0, 5973.0, 5834.0, 5977.0, 3633.0, 5941.0, 7012.0, 6706.0, 5814.0, 5039.0, 4078.0, 6012.0, 5304.0, 4891.0, 5187.0, 5139.0, 4394.0, 4873.0, 5500.0, 5913.0, 8279.0, 6879.0, 3274.0, 3909.0, 3385.0, 3224.0, 4071.0, 4954.0, 3732.0, 3032.0, 3608.0, 4104.0, 4533.0, 3734.0, 3359.0, 4414.0, 5263.0, 3841.0, 2995.0, 2791.0, 2557.0, 3984.0, 5159.0, 3007.0, 2504.0, 2323.0, 2252.0]",0.0
2,0.8,12,"[{""x"": -0.2574920654296875, ""y"": 0.7247328758239746, ""z"": 0.0, ""velocity"": 0.0, ""snr"": 0.0}, {""x"": -0.18650293350219727, ""y"": 0.6766319274902344, ""z"": 0.0, ""velocity"": 0.0, ""snr"": 0.0}, {""x"": -0.18650293350219727, ""y"": 0.6925463676452637, ""z"": 0.0, ""velocity"": 0.0, ""snr"": 0.0}, {""x"": -0.18829107284545898, ""y"": 0.6977319717407227, ""z"": 0.0, ""velocity"": 0.0, ""snr"": 0.0}, {""x"": -0.2009868621826172, ""y"": 0.7077455520629883, ""z"": 0.0, ""velocity"": 0.0, ""snr"": 0.0}, {""x"": 0.2378225326538086, ""y"": 0.8976459503173828, ""z"": 0.0, ""velocity"": 0.0, ""snr"": 0.0}, {""x"": 0.24300813674926758, ""y"": 0.9128451347351074, ""z"": 0.0, ""velocity"": 0.0, ""snr"": 0.0}, {""x"": 0.280916690826416, ""y"": 0.8477568626403809, ""z"": 0.0, ""velocity"": 0.0, ""snr"": 0.0}, {""x"": 0.3234744071960449, ""y"": 0.9083747863769531, ""z"": 0.0, ""velocity"": 0.0, ""snr"": 0.0}, {""x"": 2.0000338554382324, ""y"": 1.4621615409851074, ""z"": 0.0, ""velocity"": 0.0, ""snr"": 0.0}, {""x"": 2.145051956176758, ""y"": 1.2997984886169434, ""z"": 0.0, ""velocity"": 0.0, ""snr"": 0.0}, {""x"": 2.1200180053710938, ""y"": 1.416921615600586, ""z"": 0.0, ""velocity"": 0.0, ""snr"": 0.0}]","[143052.0, 218433.0, 150521.0, 46454.0, 9774.0, 3280.0, 3223.0, 15051.0, 33434.0, 29161.0, 21597.0, 27519.0, 15338.0, 4829.0, 99145.0, 345847.0, 434643.0, 224640.0, 57313.0, 25534.0, 42296.0, 43759.0, 20889.0, 18946.0, 10622.0, 5098.0, 4217.0, 4445.0, 3628.0, 4915.0, 4628.0, 7163.0, 7769.0, 17890.0, 23671.0, 28129.0, 49215.0, 53876.0, 31689.0, 26207.0, 24655.0, 11309.0, 15195.0, 17078.0, 8146.0, 7031.0, 8250.0, 7537.0, 9352.0, 8454.0, 8950.0, 13893.0, 11889.0, 19463.0, 29797.0, 25701.0, 20618.0, 15632.0, 16032.0, 7921.0, 8098.0, 6677.0, 7364.0, 5034.0, 5005.0, 5916.0, 12089.0, 13866.0, 10755.0, 6770.0, 6466.0, 4677.0, 4126.0, 5372.0, 3709.0, 4728.0, 5493.0, 5144.0, 8217.0, 9932.0, 7301.0, 5772.0, 5951.0, 5962.0, 5534.0, 4754.0, 7076.0, 8288.0, 7056.0, 5053.0, 4879.0, 4221.0, 7219.0, 5716.0, 4648.0, 5935.0, 5548.0, 4679.0, 5419.0, 6355.0, 6588.0, 9086.0, 8205.0, 3798.0, 4970.0, 4378.0, 3373.0, 3267.0, 4231.0, 3462.0, 3433.0, 3598.0, 3663.0, 3854.0, 3514.0, 3850.0, 4840.0, 5576.0, 4107.0, 2991.0, 2747.0, 2946.0, 4529.0, 5140.0, 3226.0, 2827.0, 2595.0, 2218.0]",0.0
3,0.8,9,"[{""x"": -0.19025802612304688, ""y"": 0.6986260414123535, ""z"": 0.0, ""velocity"": 0.0, ""snr"": 0.0}, {""x"": -0.19294023513793945, ""y"": 0.704348087310791, ""z"": 0.0, ""velocity"": 0.0, ""snr"": 0.0}, {""x"": -0.1920461654663086, ""y"": 0.7100701332092285, ""z"": 0.0, ""velocity"": 0.0, ""snr"": 0.0}, {""x"": -0.06365776062011719, ""y"": 0.7621049880981445, ""z"": 0.0, ""velocity"": 0.0, ""snr"": 0.0}, {""x"": 0.13464689254760742, ""y"": 0.973820686340332, ""z"": 0.0, ""velocity"": 0.0, ""snr"": 0.0}, {""x"": 0.23299455642700195, ""y"": 0.928044319152832, ""z"": 0.0, ""velocity"": 0.0, ""snr"": 0.0}, {""x"": 0.3476142883300781, ""y"": 0.822901725769043, ""z"": 0.0, ""velocity"": 0.0, ""snr"": 0.0}, {""x"": 0.3497600555419922, ""y"": 0.8556246757507324, ""z"": 0.0, ""velocity"": 0.0, ""snr"": 0.0}, {""x"": 2.117156982421875, ""y"": 1.4380216598510742, ""z"": 0.0, ""velocity"": 0.0, ""snr"": 0.0}]","[142687.0, 218728.0, 150658.0, 46508.0, 9695.0, 3102.0, 2020.0, 5385.0, 6610.0, 19970.0, 35783.0, 36520.0, 20012.0, 6311.0, 48791.0, 212403.0, 320784.0, 193188.0, 33474.0, 30796.0, 42048.0, 46205.0, 34057.0, 18478.0, 12759.0, 8227.0, 4500.0, 4008.0, 3120.0, 3438.0, 5481.0, 5509.0, 6862.0, 13476.0, 18369.0, 18309.0, 34856.0, 37091.0, 20819.0, 20446.0, 19567.0, 11371.0, 8491.0, 7850.0, 8124.0, 7713.0, 10804.0, 15465.0, 14329.0, 8086.0, 6511.0, 10655.0, 9372.0, 15342.0, 17887.0, 18162.0, 22606.0, 15253.0, 15372.0, 8090.0, 7186.0, 5438.0, 7071.0, 6745.0, 7154.0, 8832.0, 9291.0, 8969.0, 9166.0, 8023.0, 5795.0, 5154.0, 5524.0, 5879.0, 5722.0, 4932.0, 5823.0, 4673.0, 5826.0, 8664.0, 6341.0, 5984.0, 5654.0, 5904.0, 5500.0, 5048.0, 6614.0, 8211.0, 6887.0, 5657.0, 4370.0, 4979.0, 7793.0, 5986.0, 4439.0, 5580.0, 5236.0, 3918.0, 4034.0, 5061.0, 6775.0, 8888.0, 7466.0, 3290.0, 4223.0, 4123.0, 3352.0, 2948.0, 4221.0, 4236.0, 3578.0, 3538.0, 3919.0, 3903.0, 3236.0, 3905.0, 4854.0, 5579.0, 3899.0, 2710.0, 2535.0, 2511.0, 4244.0, 5455.0, 3005.0, 2683.0, 2633.0, 1981.0]",0.0
4,0.8,5,"[{""x"": -0.24658441543579102, ""y"": 0.7467269897460938, ""z"": 0.0, ""velocity"": 0.0, ""snr"": 0.0}, {""x"": -0.17148256301879883, ""y"": 0.7089972496032715, ""z"": 0.0, ""velocity"": 0.0, ""snr"": 0.0}, {""x"": -0.18167495727539062, ""y"": 0.7170438766479492, ""z"": 0.0, ""velocity"": 0.0, ""snr"": 0.0}, {""x"": -0.20366907119750977, ""y"": 0.7229447364807129, ""z"": 0.0, ""velocity"": 0.0, ""snr"": 0.0}, {""x"": 0.08225440979003906, ""y"": 0.9688138961791992, ""z"": 0.0, ""velocity"": 0.0, ""snr"": 0.0}]","[142975.0, 218672.0, 150615.0, 46437.0, 9478.0, 3076.0, 2142.0, 10087.0, 23410.0, 16183.0, 23687.0, 25508.0, 16401.0, 4295.0, 19022.0, 96284.0, 172736.0, 133021.0, 51792.0, 29295.0, 18887.0, 29717.0, 22175.0, 10810.0, 8922.0, 6023.0, 5427.0, 6039.0, 5133.0, 6015.0, 14291.0, 16197.0, 10440.0, 14343.0, 15225.0, 18390.0, 34388.0, 36258.0, 21140.0, 23786.0, 24091.0, 12921.0, 11399.0, 14031.0, 9728.0, 8735.0, 8152.0, 10779.0, 12357.0, 9328.0, 9406.0, 13857.0, 13690.0, 17310.0, 22724.0, 20932.0, 16674.0, 16685.0, 17415.0, 8100.0, 8482.0, 8299.0, 8216.0, 4024.0, 6462.0, 6605.0, 6936.0, 6546.0, 7948.0, 7859.0, 6084.0, 5071.0, 5180.0, 6652.0, 7685.0, 6189.0, 5564.0, 3899.0, 5870.0, 7631.0, 6443.0, 5328.0, 5232.0, 5755.0, 4859.0, 5041.0, 6609.0, 7230.0, 6360.0, 5728.0, 4400.0, 4419.0, 6933.0, 4998.0, 4559.0, 5814.0, 4879.0, 4678.0, 5215.0, 5706.0, 6158.0, 8697.0, 7413.0, 3838.0, 5284.0, 5092.0, 3355.0, 3164.0, 4211.0, 4324.0, 3931.0, 4114.0, 3918.0, 3786.0, 4080.0, 4703.0, 4856.0, 5027.0, 3766.0, 2732.0, 3100.0, 3313.0, 4708.0, 5589.0, 3266.0, 2557.0, 2519.0, 2155.0]",0.0
5,0.8,8,"[{""x"": -0.20080804824829102, ""y"": 0.7286667823791504, ""z"": 0.0, ""velocity"": 0.0, ""snr"": 0.0}, {""x"": -0.1938343048095703, ""y"": 0.7370710372924805, ""z"": 0.0, ""velocity"": 0.0, ""snr"": 0.0}, {""x"": -0.18006563186645508, ""y"": 0.760495662689209, ""z"": 0.0, ""velocity"": 0.0, ""snr"": 0.0}, {""x"": -0.18399953842163086, ""y"": 1.6420483589172363, ""z"": 0.0, ""velocity"": 0.0, ""snr"": 0.0}, {""x"": -0.07939338684082031, ""y"": 1.6769170761108398, ""z"": 0.0, ""velocity"": 0.0, ""snr"": 0.0}, {""x"": 0.30362606048583984, ""y"": 0.9478926658630371, ""z"": 0.0, ""velocity"": 0.0, ""snr"": 0.0}, {""x"": 0.3590583801269531, ""y"": 0.9028315544128418, ""z"": 0.0, ""velocity"": 0.0, ""snr"": 0.0}, {""x"": 0.44149160385131836, ""y"": 0.822901725769043, ""z"": 0.0, ""velocity"": 0.0, ""snr"": 0.0}]","[143154.0, 218391.0, 150592.0, 46313.0, 9546.0, 3238.0, 2159.0, 6306.0, 18581.0, 33299.0, 39798.0, 32996.0, 20697.0, 6062.0, 3389.0, 28915.0, 81579.0, 86375.0, 39982.0, 13138.0, 19395.0, 28321.0, 28276.0, 15759.0, 7698.0, 7391.0, 8269.0, 4416.0, 6602.0, 6726.0, 6192.0, 5871.0, 6112.0, 16692.0, 22488.0, 18217.0, 24771.0, 22005.0, 12961.0, 19789.0, 18878.0, 6373.0, 9538.0, 13246.0, 17218.0, 12956.0, 10108.0, 9129.0, 6826.0, 7258.0, 10495.0, 12019.0, 10801.0, 16799.0, 18205.0, 21572.0, 17226.0, 13616.0, 17948.0, 13197.0, 10603.0, 6635.0, 6904.0, 7802.0, 8011.0, 7331.0, 6502.0, 7800.0, 7290.0, 7163.0, 6571.0, 4367.0, 4077.0, 7780.0, 7460.0, 3752.0, 5012.0, 4796.0, 6994.0, 9330.0, 6579.0, 5503.0, 5013.0, 5030.0, 5484.0, 5032.0, 6159.0, 6952.0, 6898.0, 6413.0, 4536.0, 5258.0, 8089.0, 6000.0, 4647.0, 6123.0, 4989.0, 4388.0, 4534.0, 5317.0, 6219.0, 7710.0, 7484.0, 3561.0, 4090.0, 3937.0, 2641.0, 4005.0, 4240.0, 4355.0, 4114.0, 4083.0, 4113.0, 4176.0, 4068.0, 3811.0, 4944.0, 5718.0, 3413.0, 3449.0, 3435.0, 2987.0, 4569.0, 5808.0, 3344.0, 3014.0, 2494.0, 2353.0]",6726.229687500001
6,0.8,7,"[{""x"": -0.3701448440551758, ""y"": 0.7558465003967285, ""z"": 0.0, ""velocity"": 0.0, ""snr"": 0.0}, {""x"": -0.24586915969848633, ""y"": 0.7191896438598633, ""z"": 0.0, ""velocity"": 0.0, ""snr"": 0.0}, {""x"": -0.2803802490234375, ""y"": 0.731348991394043, ""z"": 0.0, ""velocity"": 0.0, ""snr"": 0.0}, {""x"": -0.32776594161987305, ""y"": 0.7417201995849609, ""z"": 0.0, ""velocity"": 0.0, ""snr"": 0.0}, {""x"": 0.28324127197265625, ""y"": 0.9105205535888672, ""z"": 0.0, ""velocity"": 0.0, ""snr"": 0.0}, {""x"": 0.19598007202148438, ""y"": 0.9713172912597656, ""z"": 0.0, ""velocity"": 0.0, ""snr"": 0.0}, {""x"": 0.30487775802612305, ""y"": 0.8699297904968262, ""z"": 0.0, ""velocity"": 0.0, ""snr"": 0.0}]","[142890.0, 218640.0, 150757.0, 46557.0, 9670.0, 3260.0, 1795.0, 5880.0, 16291.0, 15867.0, 26244.0, 32585.0, 22177.0, 8081.0, 3792.0, 23399.0, 58910.0, 78086.0, 71891.0, 46363.0, 36331.0, 32197.0, 26344.0, 19300.0, 9199.0, 2921.0, 4716.0, 33558020.0, 100860929.0, 460805.0, 2684683523.0, 838860802.0, 805309028.0, 0.0, 117440512.0, 33554432.0, 4278190080.0, 771751935.0, 1509949441.0, 0.0, 758725504.0, 3784409.0, 4096000.0, 121602048.0, 2986344448.0, 1433335.0, 1090519040.0, 1006100814.0, 22.0, 257046016.0, 1204988.0, 1090519040.0, 3607755850.0, 16.0, 357129472.0, 1073419.0, 1660944384.0, 2047463496.0, 19.0, 2437498368.0, 1107979.0, 1426063360.0, 77383.0, 131072.0, 36637440.0, 55916800.0, 38572032.0, 11924224.0, 2451456.0, 926464.0, 754432.0, 695552.0, 1047040.0, 1219840.0, 1958912.0, 2659840.0, 1990400.0, 2167552.0, 3057920.0, 2012672.0, 1278976.0, 2253568.0, 8455168.0, 15760896.0, 17592576.0, 10210304.0, 8578304.0, 13795072.0, 15183104.0, 6976512.0, 1374976.0, 1271552.0, 1208576.0, 1309952.0, 1351680.0, 1253632.0, 1172992.0, 3430400.0, 4961024.0, 6483200.0, 13229824.0, 15115008.0, 7838208.0, 7686912.0, 9421312.0, 6290176.0, 2355712.0, 4369664.0, 3543296.0, 1807360.0, 2940416.0, 3752960.0, 2660864.0, 1993728.0, 1463040.0, 2493184.0, 3433984.0, 5142016.0, 6497024.0, 4144128.0, 3933696.0, 4183808.0, 4644096.0, 3437824.0, 3211264.0, 1857280.0, 2105600.0, 1634304.0]",237924750.25671875
7,0.8,9,"[{""x"": -0.492095947265625, ""y"": 0.8735060691833496, ""z"": 0.0, ""velocity"": 0.0, ""snr"": 0.0}, {""x"": -0.5561113357543945, ""y"": 2.3850202560424805, ""z"": 0.0, ""velocity"": 0.0, ""snr"": 0.0}, {""x"": -0.13017654418945312, ""y"": 0.8525848388671875, ""z"": 0.0, ""velocity"": 0.0, ""snr"": 0.0}, {""x"": -0.05918741226196289, ""y"": 0.8765459060668945, ""z"": 0.0, ""velocity"": 0.0, ""snr"": 0.0}, {""x"": -0.1564621925354004, ""y"": 1.0680556297302246, ""z"": 0.0, ""velocity"": 0.0, ""snr"": 0.0}, {""x"": -0.07474422454833984, ""y"": 1.0709166526794434, ""z"": 0.0, ""velocity"": 0.0, ""snr"": 0.0}, {""x"": -0.4583001136779785, ""y"": 2.415776252746582, ""z"": 0.0, ""velocity"": 0.0, ""snr"": 0.0}, {""x"": 0.10675191879272461, ""y"": 0.9110569953918457, ""z"": 0.0, ""velocity"": 0.0, ""snr"": 0.0}, {""x"": 0.11748075485229492, ""y"": 0.9355545043945312, ""z"": 0.0, ""velocity"": 0.0, ""snr"": 0.0}]","[142803.0, 218621.0, 150654.0, 47336.0, 10444.0, 4530.0, 3132.0, 2771.0, 3253.0, 2996.0, 5871.0, 10805.0, 9537.0, 7361.0, 9477.0, 5828.0, 3217.0, 6710.0, 24825.0, 41964.0, 44697.0, 43452.0, 27752.0, 42486.0, 38628.0, 14880.0, 5083.0, 3775.0, 4451.0, 5616.0, 4388.0, 4952.0, 5639.0, 7981.0, 9348.0, 16172.0, 23160.0, 33594.0, 19316.0, 12018.0, 14942.0, 11984.0, 21837.0, 22140.0, 10929.0, 7723.0, 11794.0, 15392.0, 11914.0, 10560.0, 13487.0, 11627.0, 12368.0, 30435.0, 34452.0, 15980.0, 18551.0, 15793.0, 14690.0, 11004.0, 8268.0, 6921.0, 8312.0, 4900.0, 6839.0, 6451.0, 6953.0, 5899.0, 6148.0, 6950.0, 7325.0, 5133.0, 3200.0, 4116.0, 3786.0, 4763.0, 4631.0, 6106.0, 7451.0, 6034.0, 4101.0, 5409.0, 4824.0, 4803.0, 5146.0, 6844.0, 6541.0, 4146.0, 4694.0, 4362.0, 3813.0, 5550.0, 6453.0, 5171.0, 3142.0, 5317.0, 5700.0, 4962.0, 5544.0, 7187.0, 7734.0, 8736.0, 7331.0, 3630.0, 3256.0, 3885.0, 5264.0, 4377.0, 2973.0, 3855.0, 3643.0, 3970.0, 3828.0, 3104.0, 3483.0, 5271.0, 6314.0, 6013.0, 3877.0, 3642.0, 3866.0, 2908.0, 2780.0, 3664.0, 2986.0, 3464.0, 2776.0, 2080.0]",4766508.308044375
8,0.8,9,"[{""x"": -0.5496740341186523, ""y"": 0.9169578552246094, ""z"": 0.0, ""velocity"": 0.0, ""snr"": 0.0}, {""x"": -0.5285739898681641, ""y"": 0.9573698043823242, ""z"": 0.0, ""velocity"": 0.0, ""snr"": 0.0}, {""x"": -0.4845857620239258, ""y"": 2.4152398109436035, ""z"": 0.0, ""velocity"": 0.0, ""snr"": 0.0}, {""x"": -0.4012584686279297, ""y"": 2.5681257247924805, ""z"": 0.0, ""velocity"": 0.0, ""snr"": 0.0}, {""x"": -0.0400543212890625, ""y"": 0.8777976036071777, ""z"": 0.0, ""velocity"": 0.0, ""snr"": 0.0}, {""x"": -0.02181529998779297, ""y"": 0.899970531463623, ""z"": 0.0, ""velocity"": 0.0, ""snr"": 0.0}, {""x"": -0.010728836059570312, ""y"": 0.9148120880126953, ""z"": 0.0, ""velocity"": 0.0, ""snr"": 0.0}, {""x"": 0.03701448440551758, ""y"": 0.9328722953796387, ""z"": 0.0, ""velocity"": 0.0, ""snr"": 0.0}, {""x"": 0.1251697540283203, ""y"": 0.968635082244873, ""z"": 0.0, ""velocity"": 0.0, ""snr"": 0.0}]","[142988.0, 218555.0, 150290.0, 46780.0, 9610.0, 3510.0, 2602.0, 2984.0, 3619.0, 3709.0, 5528.0, 7950.0, 7553.0, 5988.0, 7837.0, 4604.0, 2470.0, 3202.0, 19068.0, 56885.0, 77482.0, 55536.0, 24961.0, 21384.0, 33375.0, 16877.0, 4966.0, 3561.0, 4757.0, 4123.0, 5143.0, 5658.0, 5713.0, 12057.0, 16735.0, 20247.0, 33916.0, 35754.0, 19121.0, 17819.0, 15058.0, 12096.0, 10194.0, 10576.0, 10847.0, 8602.0, 13908.0, 15142.0, 11047.0, 8693.0, 10377.0, 12362.0, 11811.0, 22047.0, 28049.0, 15121.0, 21256.0, 25818.0, 20908.0, 13992.0, 12602.0, 9466.0, 8990.0, 5390.0, 7829.0, 9189.0, 8764.0, 6527.0, 5055.0, 7217.0, 7848.0, 4389.0, 4057.0, 4704.0, 5336.0, 3808.0, 3313.0, 4514.0, 6661.0, 8686.0, 6257.0, 4320.0, 4859.0, 4887.0, 4842.0, 5820.0, 5402.0, 3413.0, 4066.0, 3800.0, 3804.0, 3455.0, 4065.0, 3355.0, 3080.0, 4502.0, 5021.0, 4316.0, 4058.0, 5925.0, 7411.0, 7749.0, 6987.0, 3974.0, 4121.0, 4703.0, 4979.0, 3585.0, 3459.0, 3805.0, 3089.0, 3514.0, 3484.0, 3250.0, 2816.0, 4922.0, 5662.0, 5758.0, 4251.0, 3792.0, 3618.0, 3229.0, 3226.0, 3860.0, 2667.0, 2953.0, 2350.0, 2295.0]",4671401.971521863
9,0.8,8,"[{""x"": -0.21529197692871094, ""y"": 0.9162425994873047, ""z"": 0.0, ""velocity"": 0.0, ""snr"": 0.0}, {""x"": -0.16450881958007812, ""y"": 0.9078383445739746, ""z"": 0.0, ""velocity"": 0.0, ""snr"": 0.0}, {""x"": -0.021278858184814453, ""y"": 1.066446304321289, ""z"": 0.0, ""velocity"": 0.0, ""snr"": 0.0}, {""x"": -0.05543231964111328, ""y"": 1.0837912559509277, ""z"": 0.0, ""velocity"": 0.0, ""snr"": 0.0}, {""x"": 0.1907944679260254, ""y"": 0.9888410568237305, ""z"": 0.0, ""velocity"": 0.0, ""snr"": 0.0}, {""x"": 0.4838705062866211, ""y"": 0.7331371307373047, ""z"": 0.0, ""velocity"": 0.0, ""snr"": 0.0}, {""x"": 0.48744678497314453, ""y"": 0.7744431495666504, ""z"": 0.0, ""velocity"": 0.0, ""snr"": 0.0}, {""x"": 0.507652759552002, ""y"": 0.7451176643371582, ""z"": 0.0, ""velocity"": 0.0, ""snr"": 0.0}]","[143075.0, 218546.0, 150604.0, 46652.0, 10011.0, 3215.0, 2158.0, 2901.0, 3776.0, 3874.0, 8397.0, 11139.0, 6951.0, 4365.0, 4094.0, 3263.0, 2997.0, 4407.0, 15615.0, 53523.0, 76643.0, 65324.0, 41436.0, 62518.0, 68970.0, 34719.0, 7990.0, 3780.0, 4664.0, 4230.0, 4030.0, 5040.0, 5344.0, 10608.0, 16990.0, 21785.0, 30240.0, 26006.0, 16583.0, 24264.0, 23706.0, 16336.0, 10473.0, 12396.0, 11120.0, 9642.0, 12637.0, 16264.0, 15579.0, 13039.0, 8857.0, 12532.0, 11380.0, 24975.0, 25392.0, 12915.0, 15704.0, 14470.0, 18718.0, 11152.0, 12797.0, 6475.0, 7836.0, 5076.0, 6608.0, 7806.0, 8198.0, 5580.0, 6413.0, 7068.0, 6864.0, 4403.0, 4240.0, 4033.0, 3911.0, 4967.0, 4258.0, 4689.0, 6967.0, 7437.0, 4961.0, 4508.0, 3916.0, 4294.0, 4577.0, 4963.0, 5979.0, 4222.0, 3273.0, 3566.0, 4762.0, 4783.0, 4791.0, 3580.0, 2879.0, 4319.0, 4877.0, 5157.0, 4407.0, 5394.0, 7317.0, 9179.0, 7251.0, 5279.0, 5005.0, 4654.0, 4757.0, 3604.0, 3858.0, 4171.0, 3491.0, 3976.0, 4357.0, 3689.0, 3802.0, 5737.0, 7181.0, 7070.0, 4324.0, 3022.0, 3661.0, 3391.0, 3377.0, 3758.0, 3382.0, 3665.0, 2907.0, 2667.0]",4579102.249137541
10,0.8,8,"[{""x"": -0.533759593963623, ""y"": 2.3912787437438965, ""z"": 0.0, ""velocity"": 0.0, ""snr"": 0.0}, {""x"": -0.12820959091186523, ""y"": 0.8640289306640625, ""z"": 0.0, ""velocity"": 0.0, ""snr"": 0.0}, {""x"": -0.13464689254760742, ""y"": 0.8795857429504395, ""z"": 0.0, ""velocity"": 0.0, ""snr"": 0.0}, {""x"": -0.40072202682495117, ""y"": 2.4286508560180664, ""z"": 0.0, ""velocity"": 0.0, ""snr"": 0.0}, {""x"": 0.31560659408569336, ""y"": 0.9225010871887207, ""z"": 0.0, ""velocity"": 0.0, ""snr"": 0.0}, {""x"": 0.4749298095703125, ""y"": 0.7769465446472168, ""z"": 0.0, ""velocity"": 0.0, ""snr"": 0.0}, {""x"": 0.525355339050293, ""y"": 0.7572770118713379, ""z"": 0.0, ""velocity"": 0.0, ""snr"": 0.0}, {""x"": 0.5285739898681641, ""y"": 0.7680058479309082, ""z"": 0.0, ""velocity"": 0.0, ""snr"": 0.0}]","[142748.0, 218462.0, 150690.0, 46773.0, 11321.0, 4447.0, 3242.0, 2887.0, 3603.0, 4139.0, 10219.0, 13794.0, 7851.0, 3931.0, 7347.0, 5695.0, 3588.0, 4523.0, 28207.0, 65766.0, 111754.0, 83371.0, 37577.0, 26021.0, 19680.0, 15173.0, 8405.0, 5109.0, 3503.0, 3630.0, 4421.0, 4801.0, 3846.0, 12914.0, 18053.0, 22686.0, 41842.0, 44193.0, 15517.0, 24788.0, 20906.0, 10129.0, 16194.0, 19504.0, 14844.0, 11671.0, 15208.0, 14096.0, 7917.0, 7232.0, 10878.0, 14875.0, 10930.0, 24893.0, 30241.0, 14986.0, 14032.0, 16856.0, 22256.0, 16403.0, 14113.0, 8849.0, 9453.0, 5324.0, 7118.0, 8691.0, 8231.0, 6513.0, 6376.0, 7314.0, 6702.0, 3876.0, 4978.0, 5713.0, 4202.0, 5721.0, 6107.0, 4395.0, 5896.0, 6934.0, 5183.0, 4934.0, 5896.0, 5441.0, 4557.0, 5660.0, 6423.0, 4526.0, 4253.0, 4035.0, 3481.0, 4695.0, 5408.0, 3734.0, 3235.0, 4858.0, 4888.0, 4231.0, 4040.0, 5173.0, 6927.0, 9264.0, 8907.0, 5533.0, 4950.0, 4348.0, 4192.0, 4500.0, 4682.0, 4079.0, 3798.0, 3678.0, 3588.0, 3413.0, 3681.0, 5239.0, 6503.0, 6150.0, 4136.0, 3633.0, 4203.0, 3565.0, 3450.0, 4170.0, 3794.0, 3563.0, 2996.0, 2608.0]",4486504.4335084
11,0.8,8,"[{""x"": -0.12356042861938477, ""y"": 0.8649230003356934, ""z"": 0.0, ""velocity"": 0.0, ""snr"": 0.0}, {""x"": -0.14519691467285156, ""y"": 1.7107129096984863, ""z"": 0.0, ""velocity"": 0.0, ""snr"": 0.0}, {""x"": -0.30988454818725586, ""y"": 2.4506449699401855, ""z"": 0.0, ""velocity"": 0.0, ""snr"": 0.0}, {""x"": 0.33152103424072266, ""y"": 0.9554028511047363, ""z"": 0.0, ""velocity"": 0.0, ""snr"": 0.0}, {""x"": 0.4756450653076172, ""y"": 0.8411407470703125, ""z"": 0.0, ""velocity"": 0.0, ""snr"": 0.0}, {""x"": 0.573277473449707, ""y"": 0.7188320159912109, ""z"": 0.0, ""velocity"": 0.0, ""snr"": 0.0}, {""x"": 0.555574893951416, ""y"": 0.7513761520385742, ""z"": 0.0, ""velocity"": 0.0, ""snr"": 0.0}, {""x"": 0.5428791046142578, ""y"": 0.7688999176025391, ""z"": 0.0, ""velocity"": 0.0, ""snr"": 0.0}]","[142925.0, 218610.0, 150914.0, 48318.0, 13569.0, 9012.0, 7683.0, 5233.0, 3499.0, 3946.0, 6382.0, 7759.0, 8908.0, 7634.0, 10363.0, 7497.0, 3196.0, 4847.0, 30577.0, 76985.0, 191368.0, 183813.0, 83064.0, 35977.0, 37872.0, 17306.0, 9575.0, 6236.0, 5429.0, 5906.0, 4819.0, 5760.0, 4650.0, 12531.0, 17034.0, 20125.0, 42184.0, 49745.0, 33599.0, 21836.0, 16627.0, 13070.0, 11561.0, 12741.0, 8030.0, 9503.0, 11756.0, 12692.0, 9727.0, 10257.0, 8452.0, 8332.0, 11163.0, 25981.0, 37777.0, 24684.0, 15907.0, 17886.0, 23147.0, 15354.0, 12681.0, 7793.0, 8388.0, 4361.0, 7536.0, 8844.0, 7281.0, 7239.0, 8194.0, 8718.0, 7061.0, 3968.0, 4633.0, 4507.0, 4351.0, 4781.0, 3896.0, 4403.0, 7344.0, 9050.0, 6010.0, 5611.0, 5017.0, 4883.0, 4694.0, 6217.0, 6864.0, 5305.0, 3709.0, 5050.0, 3133.0, 5319.0, 7595.0, 4975.0, 3793.0, 6364.0, 4982.0, 4091.0, 3824.0, 5254.0, 7423.0, 8863.0, 8371.0, 6347.0, 5669.0, 4033.0, 4270.0, 3849.0, 3718.0, 3215.0, 3063.0, 3932.0, 4466.0, 4159.0, 4317.0, 6308.0, 7198.0, 7267.0, 5096.0, 4063.0, 3824.0, 3353.0, 3838.0, 4566.0, 3150.0, 3655.0, 2936.0, 2568.0]",4398732.791036539
12,0.8,8,"[{""x"": -0.2773404121398926, ""y"": 1.0212063789367676, ""z"": 0.0, ""velocity"": 0.0, ""snr"": 0.0}, {""x"": -0.2669692039489746, ""y"": 1.0364055633544922, ""z"": 0.0, ""velocity"": 0.0, ""snr"": 0.0}, {""x"": -0.1176595687866211, ""y"": 0.864565372467041, ""z"": 0.0, ""velocity"": 0.0, ""snr"": 0.0}, {""x"": -0.12248754501342773, ""y"": 0.8722543716430664, ""z"": 0.0, ""velocity"": 0.0, ""snr"": 0.0}, {""x"": -0.17380714416503906, ""y"": 1.70820951461792, ""z"": 0.0, ""velocity"": 0.0, ""snr"": 0.0}, {""x"": 0.5350112915039062, ""y"": 0.8028745651245117, ""z"": 0.0, ""velocity"": 0.0, ""snr"": 0.0}, {""x"": 0.5055069923400879, ""y"": 0.8345246315002441, ""z"": 0.0, ""velocity"": 0.0, ""snr"": 0.0}, {""x"": 0.5448460578918457, ""y"": 0.7846355438232422, ""z"": 0.0, ""velocity"": 0.0, ""snr"": 0.0}]","[143045.0, 218551.0, 150248.0, 47131.0, 10048.0, 3719.0, 3296.0, 3632.0, 3418.0, 3058.0, 5680.0, 7999.0, 7141.0, 11587.0, 15088.0, 10784.0, 5482.0, 5368.0, 35862.0, 76138.0, 153495.0, 253796.0, 178202.0, 87780.0, 70102.0, 23478.0, 5903.0, 4017.0, 4766.0, 5970.0, 5168.0, 5442.0, 4960.0, 12466.0, 17618.0, 21606.0, 50369.0, 56987.0, 33265.0, 24656.0, 23999.0, 11858.0, 8502.0, 11621.0, 10122.0, 8585.0, 11521.0, 15528.0, 10069.0, 8069.0, 9601.0, 8831.0, 9443.0, 18001.0, 28017.0, 14908.0, 15822.0, 16459.0, 22767.0, 15914.0, 12455.0, 9558.0, 9683.0, 4960.0, 7538.0, 9477.0, 8696.0, 8234.0, 7619.0, 7044.0, 7008.0, 5063.0, 5903.0, 4738.0, 5158.0, 5918.0, 5243.0, 5574.0, 7619.0, 10099.0, 6668.0, 5376.0, 6069.0, 5710.0, 5206.0, 5788.0, 6684.0, 4022.0, 4562.0, 5764.0, 4052.0, 5370.0, 6609.0, 3858.0, 7068.0, 8775.0, 6569.0, 4923.0, 4733.0, 4659.0, 8081.0, 10223.0, 8617.0, 4603.0, 5108.0, 4366.0, 3966.0, 3834.0, 4788.0, 5195.0, 3828.0, 4056.0, 4661.0, 3477.0, 3618.0, 5873.0, 6557.0, 6751.0, 4458.0, 3690.0, 4197.0, 3724.0, 3153.0, 3367.0, 3353.0, 3340.0, 2323.0, 2176.0]",4312094.842454972
13,0.8,10,"[{""x"": -0.16987323760986328, ""y"": 0.8701086044311523, ""z"": 0.0, ""velocity"": 0.0, ""snr"": 0.0}, {""x"": -0.25337934494018555, ""y"": 0.8640289306640625, ""z"": 0.0, ""velocity"": 0.0, ""snr"": 0.0}, {""x"": -0.12892484664916992, ""y"": 0.8622407913208008, ""z"": 0.0, ""velocity"": 0.0, ""snr"": 0.0}, {""x"": -0.41234493255615234, ""y"": 2.570629119873047, ""z"": 0.0, ""velocity"": 0.0, ""snr"": 0.0}, {""x"": 0.1468062400817871, ""y"": 1.065373420715332, ""z"": 0.0, ""velocity"": 0.0, ""snr"": 0.0}, {""x"": 0.13893842697143555, ""y"": 1.0854005813598633, ""z"": 0.0, ""velocity"": 0.0, ""snr"": 0.0}, {""x"": 0.2117156982421875, ""y"": 1.0322928428649902, ""z"": 0.0, ""velocity"": 0.0, ""snr"": 0.0}, {""x"": 0.37032365798950195, ""y"": 0.9520053863525391, ""z"": 0.0, ""velocity"": 0.0, ""snr"": 0.0}, {""x"": 0.486910343170166, ""y"": 0.8640289306640625, ""z"": 0.0, ""velocity"": 0.0, ""snr"": 0.0}, {""x"": 1.9533634185791016, ""y"": 1.8020868301391602, ""z"": 0.0, ""velocity"": 0.0, ""snr"": 0.0}]","[143136.0, 218364.0, 150424.0, 46514.0, 13636.0, 6383.0, 4245.0, 3829.0, 4296.0, 3915.0, 3776.0, 9262.0, 11807.0, 11868.0, 10662.0, 5847.0, 6522.0, 6201.0, 25938.0, 58707.0, 53383.0, 67040.0, 105116.0, 127705.0, 109009.0, 44746.0, 7817.0, 4812.0, 5237.0, 3709.0, 4730.0, 6606.0, 8446.0, 11405.0, 13629.0, 15016.0, 28479.0, 30473.0, 14553.0, 16124.0, 19360.0, 15197.0, 11115.0, 14669.0, 12625.0, 12351.0, 10092.0, 9357.0, 6696.0, 6953.0, 7995.0, 7855.0, 10190.0, 17584.0, 20198.0, 13491.0, 15975.0, 20091.0, 20945.0, 15718.0, 16204.0, 7626.0, 7760.0, 4548.0, 4697.0, 5449.0, 5145.0, 5300.0, 6357.0, 6159.0, 5983.0, 5824.0, 5523.0, 6017.0, 7223.0, 7195.0, 5905.0, 4244.0, 8193.0, 9962.0, 7168.0, 6201.0, 5587.0, 5369.0, 4536.0, 5092.0, 6016.0, 3814.0, 5150.0, 5959.0, 4219.0, 4514.0, 5739.0, 4187.0, 5966.0, 8326.0, 4893.0, 4458.0, 4299.0, 5085.0, 7083.0, 9017.0, 8334.0, 5843.0, 5094.0, 3459.0, 3525.0, 3359.0, 3523.0, 4465.0, 3798.0, 3745.0, 4061.0, 3555.0, 3491.0, 6305.0, 7474.0, 7093.0, 5137.0, 4061.0, 4013.0, 3431.0, 3606.0, 4024.0, 2789.0, 3142.0, 2984.0, 2754.0]",4224649.292095334
14,0.8,6,"[{""x"": -0.291287899017334, ""y"": 1.0136961936950684, ""z"": 0.0, ""velocity"": 0.0, ""snr"": 0.0}, {""x"": -0.15163421630859375, ""y"": 0.8600950241088867, ""z"": 0.0, ""velocity"": 0.0, ""snr"": 0.0}, {""x"": -0.1512765884399414, ""y"": 0.8785128593444824, ""z"": 0.0, ""velocity"": 0.0, ""snr"": 0.0}, {""x"": -0.11909008026123047, ""y"": 0.9005069732666016, ""z"": 0.0, ""velocity"": 0.0, ""snr"": 0.0}, {""x"": 0.34242868423461914, ""y"": 0.9273290634155273, ""z"": 0.0, ""velocity"": 0.0, ""snr"": 0.0}, {""x"": 0.45311450958251953, ""y"": 0.89263916015625, ""z"": 0.0, ""velocity"": 0.0, ""snr"": 0.0}]","[142699.0, 218428.0, 150475.0, 46743.0, 14213.0, 4274.0, 2953.0, 2521.0, 3362.0, 3255.0, 4049.0, 5687.0, 10332.0, 9283.0, 8481.0, 6797.0, 3853.0, 4015.0, 22684.0, 53050.0, 59143.0, 70645.0, 95273.0, 60339.0, 42170.0, 15297.0, 5628.0, 5870.0, 5074.0, 4057.0, 5505.0, 7672.0, 10845.0, 13372.0, 17920.0, 18288.0, 39476.0, 44473.0, 16010.0, 16934.0, 22244.0, 28028.0, 27086.0, 16918.0, 10975.0, 7581.0, 9231.0, 9445.0, 6115.0, 7248.0, 9446.0, 13905.0, 16729.0, 19795.0, 25670.0, 13307.0, 16431.0, 17471.0, 20602.0, 13071.0, 9688.0, 7379.0, 9160.0, 4180.0, 6343.0, 7028.0, 6941.0, 6748.0, 7654.0, 6881.0, 7325.0, 5325.0, 4888.0, 6280.0, 6077.0, 6916.0, 4841.0, 3605.0, 7788.0, 9742.0, 7987.0, 5011.0, 4618.0, 4566.0, 5124.0, 7183.0, 8097.0, 4926.0, 4772.0, 5267.0, 3602.0, 3823.0, 5003.0, 4874.0, 6329.0, 7716.0, 4605.0, 4151.0, 4510.0, 5750.0, 7417.0, 9286.0, 7700.0, 4416.0, 3358.0, 3522.0, 3529.0, 3319.0, 3623.0, 3898.0, 3982.0, 3634.0, 3922.0, 3524.0, 3854.0, 5235.0, 6511.0, 7081.0, 5352.0, 4192.0, 3979.0, 3364.0, 3031.0, 3516.0, 2706.0, 3594.0, 2934.0, 2571.0]",4138308.0859242445
15,0.8,5,"[{""x"": -0.15234947204589844, ""y"": 0.8595585823059082, ""z"": 0.0, ""velocity"": 0.0, ""snr"": 0.0}, {""x"": -0.048100948333740234, ""y"": 0.9187459945678711, ""z"": 0.0, ""velocity"": 0.0, ""snr"": 0.0}, {""x"": 0.06276369094848633, ""y"": 1.0347962379455566, ""z"": 0.0, ""velocity"": 0.0, ""snr"": 0.0}, {""x"": 0.29915571212768555, ""y"": 0.9607672691345215, ""z"": 0.0, ""velocity"": 0.0, ""snr"": 0.0}, {""x"": 0.32526254653930664, ""y"": 0.9421706199645996, ""z"": 0.0, ""velocity"": 0.0, ""snr"": 0.0}]","[142863.0, 218533.0, 150853.0, 46078.0, 9609.0, 3490.0, 2467.0, 2769.0, 3583.0, 3377.0, 2601.0, 8922.0, 15659.0, 14806.0, 9215.0, 5029.0, 3597.0, 4340.0, 23039.0, 39532.0, 26837.0, 59579.0, 87341.0, 62013.0, 32339.0, 17881.0, 9017.0, 5552.0, 6134.0, 4631.0, 5352.0, 7775.0, 10452.0, 12484.0, 15469.0, 16835.0, 34558.0, 48795.0, 25299.0, 16143.0, 15326.0, 11237.0, 8912.0, 17819.0, 14133.0, 7173.0, 9228.0, 9426.0, 6931.0, 7722.0, 6828.0, 8492.0, 12259.0, 18343.0, 23453.0, 14942.0, 15982.0, 13224.0, 18630.0, 12782.0, 8432.0, 8072.0, 7473.0, 6489.0, 6343.0, 6713.0, 6269.0, 6859.0, 7522.0, 7370.0, 6241.0, 4841.0, 4434.0, 4048.0, 4562.0, 5565.0, 4352.0, 4346.0, 8131.0, 10029.0, 6567.0, 5537.0, 5181.0, 5499.0, 5464.0, 7477.0, 8356.0, 4350.0, 5812.0, 6492.0, 4699.0, 3544.0, 4486.0, 3738.0, 4324.0, 6546.0, 5076.0, 5000.0, 4765.0, 6167.0, 7264.0, 8431.0, 7001.0, 3703.0, 3815.0, 3646.0, 4511.0, 3392.0, 3876.0, 4397.0, 3713.0, 3841.0, 4071.0, 3935.0, 4392.0, 5465.0, 6620.0, 7024.0, 5291.0, 3802.0, 3999.0, 3745.0, 3490.0, 3677.0, 2386.0, 2893.0, 2163.0, 1781.0]",4055631.0758297686
16,0.8,9,"[{""x"": -0.31757354736328125, ""y"": 0.8465051651000977, ""z"": 0.0, ""velocity"": 0.0, ""snr"": 0.0}, {""x"": -0.21225214004516602, ""y"": 0.8536577224731445, ""z"": 0.0, ""velocity"": 0.0, ""snr"": 0.0}, {""x"": -0.27304887771606445, ""y"": 0.9357333183288574, ""z"": 0.0, ""velocity"": 0.0, ""snr"": 0.0}, {""x"": -0.20992755889892578, ""y"": 1.0061860084533691, ""z"": 0.0, ""velocity"": 0.0, ""snr"": 0.0}, {""x"": -0.3234744071960449, ""y"": 0.9947419166564941, ""z"": 0.0, ""velocity"": 0.0, ""snr"": 0.0}, {""x"": -0.14519691467285156, ""y"": 0.8550882339477539, ""z"": 0.0, ""velocity"": 0.0, ""snr"": 0.0}, {""x"": -0.171661376953125, ""y"": 1.704096794128418, ""z"": 0.0, ""velocity"": 0.0, ""snr"": 0.0}, {""x"": -0.21404027938842773, ""y"": 2.5057196617126465, ""z"": 0.0, ""velocity"": 0.0, ""snr"": 0.0}, {""x"": 0.19401311874389648, ""y"": 1.0689496994018555, ""z"": 0.0, ""velocity"": 0.0, ""snr"": 0.0}]","[143244.0, 218645.0, 150664.0, 46623.0, 10699.0, 3443.0, 2440.0, 2060.0, 3371.0, 3164.0, 2451.0, 4633.0, 7642.0, 6703.0, 6530.0, 4503.0, 2812.0, 4365.0, 21539.0, 41843.0, 34698.0, 25114.0, 51263.0, 60777.0, 54750.0, 25588.0, 6582.0, 3395.0, 4547.0, 3887.0, 4673.0, 6325.0, 7292.0, 9834.0, 14314.0, 12293.0, 36394.0, 47246.0, 23924.0, 17589.0, 14104.0, 11278.0, 12669.0, 16946.0, 13827.0, 8476.0, 9588.0, 8386.0, 8123.0, 14906.0, 19148.0, 18447.0, 14652.0, 19062.0, 25300.0, 27002.0, 16876.0, 15736.0, 18642.0, 12721.0, 10429.0, 7400.0, 7925.0, 6661.0, 5513.0, 7495.0, 6694.0, 5900.0, 5705.0, 6410.0, 5806.0, 4024.0, 3682.0, 3702.0, 4595.0, 5712.0, 5126.0, 3766.0, 6496.0, 9528.0, 7977.0, 6257.0, 6140.0, 4029.0, 4238.0, 7308.0, 9254.0, 5326.0, 5778.0, 5376.0, 3593.0, 4315.0, 5826.0, 5334.0, 3420.0, 6985.0, 5924.0, 4256.0, 4922.0, 5821.0, 6849.0, 8328.0, 7768.0, 4911.0, 2675.0, 3273.0, 3707.0, 3183.0, 3626.0, 3301.0, 3615.0, 3855.0, 4126.0, 3368.0, 3023.0, 4286.0, 5945.0, 6266.0, 4581.0, 4435.0, 4667.0, 3911.0, 3281.0, 4168.0, 2677.0, 2965.0, 2392.0, 1854.0]",3974356.0559093114
17,0.8,10,"[{""x"": -0.07277727127075195, ""y"": 0.8540153503417969, ""z"": 0.0, ""velocity"": 0.0, ""snr"": 0.0}, {""x"": -0.06669759750366211, ""y"": 0.8865594863891602, ""z"": 0.0, ""velocity"": 0.0, ""snr"": 0.0}, {""x"": -0.10979175567626953, ""y"": 0.9105205535888672, ""z"": 0.0, ""velocity"": 0.0, ""snr"": 0.0}, {""x"": -0.09799003601074219, ""y"": 0.9437799453735352, ""z"": 0.0, ""velocity"": 0.0, ""snr"": 0.0}, {""x"": -0.2371072769165039, ""y"": 1.7039179801940918, ""z"": 0.0, ""velocity"": 0.0, ""snr"": 0.0}, {""x"": 0.24747848510742188, ""y"": 0.9584426879882812, ""z"": 0.0, ""velocity"": 0.0, ""snr"": 0.0}, {""x"": 0.24747848510742188, ""y"": 1.0335445404052734, ""z"": 0.0, ""velocity"": 0.0, ""snr"": 0.0}, {""x"": 0.37676095962524414, ""y"": 0.955045223236084, ""z"": 0.0, ""velocity"": 0.0, ""snr"": 0.0}, {""x"": 0.34242868423461914, ""y"": 0.9782910346984863, ""z"": 0.0, ""velocity"": 0.0, ""snr"": 0.0}, {""x"": 2.1282434463500977, ""y"": 1.2550950050354004, ""z"": 0.0, ""velocity"": 0.0, ""snr"": 0.0}]","[142993.0, 218534.0, 150439.0, 46742.0, 9135.0, 2888.0, 2386.0, 2926.0, 3490.0, 3260.0, 2965.0, 5020.0, 6153.0, 6290.0, 5625.0, 4079.0, 2923.0, 6510.0, 20929.0, 30485.0, 43909.0, 32655.0, 76445.0, 77031.0, 39824.0, 19385.0, 7092.0, 4155.0, 4490.0, 4541.0, 5095.0, 5357.0, 5626.0, 12383.0, 19534.0, 23403.0, 36614.0, 50622.0, 34196.0, 24511.0, 22393.0, 22225.0, 16490.0, 12490.0, 9309.0, 6759.0, 6647.0, 10317.0, 10869.0, 15413.0, 19041.0, 16997.0, 13285.0, 18568.0, 25296.0, 17733.0, 14557.0, 15431.0, 19752.0, 12083.0, 10380.0, 7129.0, 7528.0, 4985.0, 8553.0, 9642.0, 8262.0, 5899.0, 6955.0, 7187.0, 6730.0, 5142.0, 3469.0, 3449.0, 4263.0, 4817.0, 6035.0, 3662.0, 6120.0, 8915.0, 7144.0, 6016.0, 5588.0, 4346.0, 5549.0, 8222.0, 8699.0, 5144.0, 5284.0, 5139.0, 4582.0, 4563.0, 4335.0, 3837.0, 4884.0, 7613.0, 4822.0, 4789.0, 4842.0, 6214.0, 7453.0, 7984.0, 7447.0, 4413.0, 3724.0, 4005.0, 4625.0, 4484.0, 3157.0, 3176.0, 3297.0, 3755.0, 4247.0, 3301.0, 3058.0, 4085.0, 5964.0, 7184.0, 5496.0, 4145.0, 4112.0, 3484.0, 3182.0, 4158.0, 2498.0, 2441.0, 2203.0, 1708.0]",3894590.8376350403
18,0.8,6,"[{""x"": -0.23156404495239258, ""y"": 1.0120868682861328, ""z"": 0.0, ""velocity"": 0.0, ""snr"": 0.0}, {""x"": -0.08028745651245117, ""y"": 0.8488297462463379, ""z"": 0.0, ""velocity"": 0.0, ""snr"": 0.0}, {""x"": -0.0731348991394043, ""y"": 0.9194612503051758, ""z"": 0.0, ""velocity"": 0.0, ""snr"": 0.0}, {""x"": -0.11265277862548828, ""y"": 0.9663105010986328, ""z"": 0.0, ""velocity"": 0.0, ""snr"": 0.0}, {""x"": 0.005364418029785156, ""y"": 0.8744001388549805, ""z"": 0.0, ""velocity"": 0.0, ""snr"": 0.0}, {""x"": 0.12052059173583984, ""y"": 0.9929537773132324, ""z"": 0.0, ""velocity"": 0.0, ""snr"": 0.0}]","[143114.0, 218409.0, 150338.0, 46123.0, 9898.0, 3761.0, 2252.0, 3272.0, 3359.0, 3081.0, 3147.0, 5998.0, 7857.0, 7733.0, 6653.0, 4860.0, 3079.0, 6766.0, 22605.0, 29091.0, 26504.0, 34259.0, 45378.0, 32034.0, 23939.0, 25398.0, 10677.0, 4046.0, 4056.0, 4321.0, 4588.0, 4369.0, 6167.0, 12669.0, 19502.0, 16602.0, 35588.0, 42884.0, 15981.0, 18477.0, 25778.0, 17801.0, 13069.0, 12150.0, 8985.0, 6295.0, 7729.0, 12719.0, 16051.0, 17513.0, 10269.0, 13186.0, 13353.0, 18212.0, 24455.0, 14792.0, 17246.0, 15455.0, 17429.0, 11048.0, 10500.0, 11768.0, 9005.0, 5362.0, 5730.0, 5885.0, 5259.0, 5269.0, 6201.0, 7226.0, 7376.0, 4307.0, 3591.0, 3981.0, 4476.0, 5249.0, 5331.0, 4456.0, 6828.0, 9578.0, 7294.0, 5109.0, 5015.0, 4214.0, 4147.0, 7278.0, 8150.0, 4364.0, 6266.0, 5663.0, 4373.0, 4176.0, 4850.0, 4221.0, 3506.0, 5642.0, 5374.0, 4890.0, 5347.0, 6038.0, 6284.0, 8531.0, 8204.0, 5779.0, 4779.0, 4206.0, 3569.0, 3208.0, 3006.0, 3326.0, 3454.0, 4670.0, 4605.0, 2983.0, 3812.0, 6432.0, 6946.0, 6606.0, 4777.0, 4083.0, 3971.0, 3484.0, 3667.0, 4224.0, 2907.0, 2399.0, 2069.0, 1929.0]",3816488.5255889525
19,0.8,9,"[{""x"": -0.10192394256591797, ""y"": 0.8527636528015137, ""z"": 0.0, ""velocity"": 0.0, ""snr"": 0.0}, {""x"": -0.0972747802734375, ""y"": 0.8695721626281738, ""z"": 0.0, ""velocity"": 0.0, ""snr"": 0.0}, {""x"": -0.20295381546020508, ""y"": 1.7028450965881348, ""z"": 0.0, ""velocity"": 0.0, ""snr"": 0.0}, {""x"": -0.045239925384521484, ""y"": 0.91552734375, ""z"": 0.0, ""velocity"": 0.0, ""snr"": 0.0}, {""x"": 0.16629695892333984, ""y"": 0.9974241256713867, ""z"": 0.0, ""velocity"": 0.0, ""snr"": 0.0}, {""x"": 0.07277727127075195, ""y"": 1.028895378112793, ""z"": 0.0, ""velocity"": 0.0, ""snr"": 0.0}, {""x"": 0.2181529998779297, ""y"": 0.962376594543457, ""z"": 0.0, ""velocity"": 0.0, ""snr"": 0.0}, {""x"": 1.7464756965637207, ""y"": 1.9894838333129883, ""z"": 0.0, ""velocity"": 0.0, ""snr"": 0.0}, {""x"": 2.1768808364868164, ""y"": 1.1624693870544434, ""z"": 0.0, ""velocity"": 0.0, ""snr"": 0.0}]","[143228.0, 218575.0, 150645.0, 46280.0, 9980.0, 5387.0, 4191.0, 2583.0, 3608.0, 3257.0, 4042.0, 6654.0, 6798.0, 5529.0, 5349.0, 4106.0, 2555.0, 7182.0, 26281.0, 38515.0, 33008.0, 46144.0, 66342.0, 52790.0, 27205.0, 15609.0, 6882.0, 4653.0, 5125.0, 5527.0, 5282.0, 5866.0, 9525.0, 16958.0, 24437.0, 18625.0, 35678.0, 50423.0, 35655.0, 18282.0, 21747.0, 17606.0, 21826.0, 22899.0, 13499.0, 8670.0, 10994.0, 12675.0, 19567.0, 25974.0, 22356.0, 17579.0, 17191.0, 20190.0, 25846.0, 16938.0, 16507.0, 19018.0, 22923.0, 13398.0, 11170.0, 9311.0, 8592.0, 4716.0, 5642.0, 5715.0, 6046.0, 5999.0, 6481.0, 8209.0, 7899.0, 4560.0, 3694.0, 5497.0, 4069.0, 4538.0, 4044.0, 4691.0, 8705.0, 12203.0, 9363.0, 5729.0, 5085.0, 4517.0, 5050.0, 8412.0, 8786.0, 4772.0, 5268.0, 3205.0, 3016.0, 3071.0, 4371.0, 4502.0, 4332.0, 6938.0, 7211.0, 5796.0, 6085.0, 6514.0, 7201.0, 9250.0, 8001.0, 5037.0, 4628.0, 3206.0, 3189.0, 3541.0, 3107.0, 3244.0, 3611.0, 4559.0, 4438.0, 2979.0, 3927.0, 6357.0, 7284.0, 6856.0, 5158.0, 4333.0, 4235.0, 3358.0, 3260.0, 4207.0, 2522.0, 2531.0, 2320.0, 1999.0]",3739482.3849033443
0,0.8,7,"[{""x"": -0.08082389831542969, ""y"": 0.870823860168457, ""z"": 0.0, ""velocity"": 0.0, ""snr"": 0.0}, {""x"": -0.08422136306762695, ""y"": 0.8892416954040527, ""z"": 0.0, ""velocity"": 0.0, ""snr"": 0.0}, {""x"": -0.22405385971069336, ""y"": 1.6804933547973633, ""z"": 0.0, ""velocity"": 0.0, ""snr"": 0.0}, {""x"": -0.2873539924621582, ""y"": 1.6878247261047363, ""z"": 0.0, ""velocity"": 0.0, ""snr"": 0.0}, {""x"": 0.004827976226806641, ""y"": 0.911414623260498, ""z"": 0.0, ""velocity"": 0.0, ""snr"": 0.0}, {""x"": 0.30666589736938477, ""y"": 0.9208917617797852, ""z"": 0.0, ""velocity"": 0.0, ""snr"": 0.0}, {""x"": 0.4341602325439453, ""y"": 0.8928179740905762, ""z"": 0.0, ""velocity"": 0.0, ""snr"": 0.0}]","[143129.0, 218788.0, 150803.0, 46326.0, 9460.0, 3069.0, 2221.0, 2553.0, 3513.0, 3156.0, 4279.0, 6786.0, 7365.0, 7310.0, 7956.0, 6326.0, 3332.0, 3155.0, 17057.0, 43059.0, 51593.0, 55816.0, 53261.0, 42232.0, 27777.0, 16688.0, 4172.0, 4649.0, 4759.0, 4427.0, 5557.0, 6771.0, 7007.0, 14114.0, 21633.0, 16321.0, 35308.0, 49248.0, 37914.0, 16496.0, 30333.0, 25339.0, 23338.0, 24384.0, 15521.0, 12946.0, 12255.0, 13368.0, 27248.0, 33053.0, 26202.0, 24922.0, 18328.0, 18089.0, 21892.0, 20024.0, 19996.0, 19132.0, 19648.0, 9788.0, 9532.0, 7853.0, 8496.0, 6303.0, 8409.0, 9507.0, 7032.0, 6328.0, 7162.0, 8595.0, 7569.0, 4162.0, 3480.0, 4032.0, 4628.0, 5355.0, 3852.0, 5232.0, 7838.0, 10617.0, 7301.0, 5975.0, 4869.0, 4297.0, 4650.0, 8040.0, 8376.0, 6115.0, 4901.0, 3522.0, 3122.0, 3551.0, 4262.0, 4848.0, 4284.0, 7555.0, 7651.0, 5370.0, 4267.0, 6201.0, 8496.0, 9695.0, 7258.0, 6027.0, 5868.0, 3676.0, 4004.0, 4613.0, 3770.0, 3443.0, 3507.0, 4225.0, 4235.0, 3317.0, 3240.0, 5761.0, 7107.0, 7087.0, 4665.0, 3874.0, 3703.0, 3236.0, 3185.0, 4364.0, 3126.0, 2484.0, 2050.0, 1754.0]",3664372.9803777263
1,0.8,8,"[{""x"": -0.0947713851928711, ""y"": 0.8659958839416504, ""z"": 0.0, ""velocity"": 0.0, ""snr"": 0.0}, {""x"": -0.08869171142578125, ""y"": 0.8881688117980957, ""z"": 0.0, ""velocity"": 0.0, ""snr"": 0.0}, {""x"": -0.07385015487670898, ""y"": 1.0596513748168945, ""z"": 0.0, ""velocity"": 0.0, ""snr"": 0.0}, {""x"": -0.18543004989624023, ""y"": 1.7024874687194824, ""z"": 0.0, ""velocity"": 0.0, ""snr"": 0.0}, {""x"": -0.015020370483398438, ""y"": 0.9219646453857422, ""z"": 0.0, ""velocity"": 0.0, ""snr"": 0.0}, {""x"": 0.08404254913330078, ""y"": 1.0365843772888184, ""z"": 0.0, ""velocity"": 0.0, ""snr"": 0.0}, {""x"": 0.21082162857055664, ""y"": 0.9554028511047363, ""z"": 0.0, ""velocity"": 0.0, ""snr"": 0.0}, {""x"": 0.19973516464233398, ""y"": 0.9929537773132324, ""z"": 0.0, ""velocity"": 0.0, ""snr"": 0.0}]","[142952.0, 218495.0, 150572.0, 46388.0, 9560.0, 3118.0, 2389.0, 2558.0, 3555.0, 3471.0, 4402.0, 7442.0, 9734.0, 7772.0, 6071.0, 4396.0, 2560.0, 4628.0, 19168.0, 45521.0, 54929.0, 63838.0, 83679.0, 85359.0, 50748.0, 13713.0, 5126.0, 3412.0, 4450.0, 4749.0, 5874.0, 6491.0, 6284.0, 14029.0, 24176.0, 22138.0, 37377.0, 54144.0, 40367.0, 16646.0, 26430.0, 20424.0, 18154.0, 16856.0, 13962.0, 8913.0, 9950.0, 10795.0, 11327.0, 8308.0, 10805.0, 11824.0, 13538.0, 21009.0, 22475.0, 13757.0, 16323.0, 14621.0, 18287.0, 10795.0, 12608.0, 9762.0, 6253.0, 5658.0, 6912.0, 8498.0, 7120.0, 6036.0, 6118.0, 7804.0, 6759.0, 4088.0, 4347.0, 5735.0, 5046.0, 6281.0, 4837.0, 4921.0, 8845.0, 9398.0, 6356.0, 7617.0, 5719.0, 4446.0, 5042.0, 6849.0, 7395.0, 5263.0, 5933.0, 4361.0, 3225.0, 3357.0, 3650.0, 4380.0, 6043.0, 8814.0, 8320.0, 6074.0, 4691.0, 6978.0, 8531.0, 8931.0, 7477.0, 4587.0, 4452.0, 3170.0, 3370.0, 3657.0, 4052.0, 4175.0, 3836.0, 4459.0, 3787.0, 2936.0, 3587.0, 4539.0, 5638.0, 6662.0, 5434.0, 4244.0, 4152.0, 3223.0, 3400.0, 4703.0, 3442.0, 2417.0, 1984.0, 2050.0]",3592448.636597869
2,0.8,7,"[{""x"": -0.22011995315551758, ""y"": 1.0396242141723633, ""z"": 0.0, ""velocity"": 0.0, ""snr"": 0.0}, {""x"": -0.22923946380615234, ""y"": 1.050889492034912, ""z"": 0.0, ""velocity"": 0.0, ""snr"": 0.0}, {""x"": -0.15288591384887695, ""y"": 0.9046196937561035, ""z"": 0.0, ""velocity"": 0.0, ""snr"": 0.0}, {""x"": -0.1595020294189453, ""y"": 0.9162425994873047, ""z"": 0.0, ""velocity"": 0.0, ""snr"": 0.0}, {""x"": -0.12534856796264648, ""y"": 0.9541511535644531, ""z"": 0.0, ""velocity"": 0.0, ""snr"": 0.0}, {""x"": -0.10263919830322266, ""y"": 1.0192394256591797, ""z"": 0.0, ""velocity"": 0.0, ""snr"": 0.0}, {""x"": -0.11336803436279297, ""y"": 1.7173290252685547, ""z"": 0.0, ""velocity"": 0.0, ""snr"": 0.0}]","[142842.0, 218440.0, 150799.0, 46701.0, 9529.0, 2932.0, 2258.0, 2723.0, 3318.0, 2904.0, 3598.0, 6601.0, 8834.0, 8438.0, 5504.0, 3312.0, 2208.0, 2518.0, 4012.0, 24217.0, 50079.0, 45942.0, 51852.0, 86882.0, 76903.0, 31054.0, 9868.0, 4154.0, 4635.0, 3559.0, 5682.0, 7060.0, 5716.0, 10295.0, 19862.0, 30036.0, 29777.0, 36174.0, 31506.0, 16776.0, 12478.0, 13034.0, 11598.0, 11646.0, 9583.0, 9020.0, 8684.0, 10199.0, 8491.0, 10335.0, 11907.0, 11104.0, 15528.0, 21183.0, 23408.0, 20379.0, 23930.0, 19395.0, 23427.0, 18446.0, 18553.0, 10160.0, 7754.0, 9281.0, 5719.0, 8203.0, 7500.0, 7578.0, 6958.0, 8808.0, 7975.0, 4037.0, 4531.0, 5465.0, 4381.0, 4550.0, 4463.0, 4685.0, 6793.0, 8694.0, 6089.0, 4817.0, 4607.0, 4670.0, 5517.0, 8944.0, 9477.0, 5980.0, 5018.0, 4739.0, 4521.0, 3881.0, 4319.0, 5073.0, 5478.0, 7945.0, 6729.0, 4453.0, 4899.0, 7126.0, 8569.0, 9844.0, 7895.0, 5582.0, 5193.0, 3634.0, 3890.0, 3523.0, 3369.0, 3188.0, 3910.0, 4945.0, 4189.0, 2983.0, 3452.0, 5089.0, 6292.0, 6681.0, 4898.0, 3942.0, 3903.0, 3459.0, 3000.0, 4192.0, 3034.0, 2705.0, 2139.0, 2337.0]",3521055.849599491
3,0.8,7,"[{""x"": -0.2601742744445801, ""y"": 1.0285377502441406, ""z"": 0.0, ""velocity"": 0.0, ""snr"": 0.0}, {""x"": -0.29218196868896484, ""y"": 1.0365843772888184, ""z"": 0.0, ""velocity"": 0.0, ""snr"": 0.0}, {""x"": -0.32526254653930664, ""y"": 1.0480284690856934, ""z"": 0.0, ""velocity"": 0.0, ""snr"": 0.0}, {""x"": -0.07385015487670898, ""y"": 1.0138750076293945, ""z"": 0.0, ""velocity"": 0.0, ""snr"": 0.0}, {""x"": -0.1455545425415039, ""y"": 1.7387866973876953, ""z"": 0.0, ""velocity"": 0.0, ""snr"": 0.0}, {""x"": 0.051856040954589844, ""y"": 0.9521842002868652, ""z"": 0.0, ""velocity"": 0.0, ""snr"": 0.0}, {""x"": 0.038623809814453125, ""y"": 0.976860523223877, ""z"": 0.0, ""velocity"": 0.0, ""snr"": 0.0}]","[143212.0, 218536.0, 150753.0, 46274.0, 9579.0, 3163.0, 1892.0, 2137.0, 3215.0, 3166.0, 2791.0, 5591.0, 7717.0, 7338.0, 5304.0, 3492.0, 2605.0, 2417.0, 8072.0, 12100.0, 30928.0, 60119.0, 62391.0, 84142.0, 80268.0, 31357.0, 9444.0, 4746.0, 3781.0, 2948.0, 5576.0, 7607.0, 6933.0, 8073.0, 11753.0, 23010.0, 21570.0, 14812.0, 22042.0, 18516.0, 11496.0, 17018.0, 16683.0, 13145.0, 12947.0, 9823.0, 10591.0, 14347.0, 12518.0, 15012.0, 14471.0, 10818.0, 16219.0, 19534.0, 24956.0, 17931.0, 19897.0, 16570.0, 18984.0, 11630.0, 12874.0, 8163.0, 6667.0, 5709.0, 6828.0, 8073.0, 7038.0, 6149.0, 6564.0, 7022.0, 5723.0, 4984.0, 4339.0, 5997.0, 4610.0, 4889.0, 4458.0, 5109.0, 8087.0, 9659.0, 6061.0, 5264.0, 4366.0, 4611.0, 5281.0, 8195.0, 8953.0, 5235.0, 4708.0, 4202.0, 3058.0, 3134.0, 3586.0, 4841.0, 4415.0, 6861.0, 6210.0, 4839.0, 4895.0, 7074.0, 8152.0, 8660.0, 7964.0, 5199.0, 3867.0, 3665.0, 3452.0, 3454.0, 3310.0, 3173.0, 3573.0, 4621.0, 3994.0, 3103.0, 4797.0, 6642.0, 7075.0, 6599.0, 5107.0, 4727.0, 4178.0, 3069.0, 3323.0, 4559.0, 3260.0, 3302.0, 2779.0, 1904.0]",3451241.062532389
4,0.8,6,"[{""x"": -0.19848346710205078, ""y"": 0.8849501609802246, ""z"": 0.0, ""velocity"": 0.0, ""snr"": 0.0}, {""x"": -0.23943185806274414, ""y"": 0.8838772773742676, ""z"": 0.0, ""velocity"": 0.0, ""snr"": 0.0}, {""x"": -0.1965165138244629, ""y"": 0.9160637855529785, ""z"": 0.0, ""velocity"": 0.0, ""snr"": 0.0}, {""x"": -0.20653009414672852, ""y"": 1.053929328918457, ""z"": 0.0, ""velocity"": 0.0, ""snr"": 0.0}, {""x"": -0.21225214004516602, ""y"": 1.063227653503418, ""z"": 0.0, ""velocity"": 0.0, ""snr"": 0.0}, {""x"": 0.01823902130126953, ""y"": 1.0113716125488281, ""z"": 0.0, ""velocity"": 0.0, ""snr"": 0.0}]","[142821.0, 218444.0, 150730.0, 46556.0, 9353.0, 3066.0, 1989.0, 2411.0, 3307.0, 3207.0, 3327.0, 5840.0, 7447.0, 7711.0, 7180.0, 4867.0, 2830.0, 2976.0, 12547.0, 49419.0, 75997.0, 50064.0, 43911.0, 61641.0, 71555.0, 32361.0, 5842.0, 4378.0, 4487.0, 3135.0, 6000.0, 8116.0, 6076.0, 9734.0, 15181.0, 19302.0, 37933.0, 46529.0, 27147.0, 19707.0, 19656.0, 8038.0, 13690.0, 19442.0, 13776.0, 10076.0, 9281.0, 7549.0, 5419.0, 7915.0, 9984.0, 19892.0, 22888.0, 21158.0, 23802.0, 13929.0, 11269.0, 14050.0, 18193.0, 12101.0, 10967.0, 7373.0, 7197.0, 5621.0, 5541.0, 5322.0, 5942.0, 5740.0, 7137.0, 7849.0, 7055.0, 4552.0, 4239.0, 5677.0, 6593.0, 5903.0, 5244.0, 4572.0, 6846.0, 9099.0, 7601.0, 5050.0, 3940.0, 4175.0, 6123.0, 10019.0, 11179.0, 7081.0, 4630.0, 4277.0, 3263.0, 3869.0, 4993.0, 5572.0, 5519.0, 7382.0, 5850.0, 4789.0, 6179.0, 6775.0, 7197.0, 8327.0, 7430.0, 5456.0, 5824.0, 3983.0, 3817.0, 4485.0, 4243.0, 3833.0, 3680.0, 4513.0, 4243.0, 3510.0, 3574.0, 5458.0, 6690.0, 6846.0, 4395.0, 3922.0, 3780.0, 2782.0, 3805.0, 4971.0, 3188.0, 2918.0, 2522.0, 1761.0]",3381556.116747473
5,0.8,7,"[{""x"": -0.21457672119140625, ""y"": 0.8876323699951172, ""z"": 0.0, ""velocity"": 0.0, ""snr"": 0.0}, {""x"": -0.2911090850830078, ""y"": 1.067519187927246, ""z"": 0.0, ""velocity"": 0.0, ""snr"": 0.0}, {""x"": -0.11426210403442383, ""y"": 0.8767247200012207, ""z"": 0.0, ""velocity"": 0.0, ""snr"": 0.0}, {""x"": -0.15789270401000977, ""y"": 0.8883476257324219, ""z"": 0.0, ""velocity"": 0.0, ""snr"": 0.0}, {""x"": -0.06651878356933594, ""y"": 0.9525418281555176, ""z"": 0.0, ""velocity"": 0.0, ""snr"": 0.0}, {""x"": 0.06580352783203125, ""y"": 1.0026097297668457, ""z"": 0.0, ""velocity"": 0.0, ""snr"": 0.0}, {""x"": 0.1316070556640625, ""y"": 1.023709774017334, ""z"": 0.0, ""velocity"": 0.0, ""snr"": 0.0}]","[143067.0, 218424.0, 150597.0, 46430.0, 9638.0, 3070.0, 1987.0, 2433.0, 3366.0, 3155.0, 4051.0, 6359.0, 7538.0, 7070.0, 5412.0, 4168.0, 3306.0, 2419.0, 17325.0, 67856.0, 91780.0, 64486.0, 76002.0, 53638.0, 65187.0, 50981.0, 12598.0, 3671.0, 3887.0, 3919.0, 5303.0, 5419.0, 7079.0, 14546.0, 18213.0, 20071.0, 47341.0, 64607.0, 43935.0, 32465.0, 21857.0, 7399.0, 18200.0, 23426.0, 13942.0, 7329.0, 10804.0, 12656.0, 6517.0, 19887.0, 19700.0, 8786.0, 13684.0, 21486.0, 25242.0, 15677.0, 11512.0, 13585.0, 18355.0, 11529.0, 10856.0, 9806.0, 7435.0, 7887.0, 8232.0, 7214.0, 7988.0, 6947.0, 7506.0, 7620.0, 7245.0, 5617.0, 4483.0, 5061.0, 5793.0, 5693.0, 6034.0, 5384.0, 7359.0, 9733.0, 6334.0, 5779.0, 5655.0, 5479.0, 5293.0, 8676.0, 10814.0, 7010.0, 4378.0, 3861.0, 4115.0, 3759.0, 4318.0, 3921.0, 4210.0, 7144.0, 6129.0, 4913.0, 4875.0, 6239.0, 7751.0, 8860.0, 8002.0, 5535.0, 6083.0, 4290.0, 4080.0, 4747.0, 4617.0, 3669.0, 3622.0, 5204.0, 3948.0, 2923.0, 4203.0, 5643.0, 7497.0, 7364.0, 4771.0, 4603.0, 4462.0, 3314.0, 4012.0, 5423.0, 3484.0, 3361.0, 3036.0, 1695.0]",3314019.350464898
6,0.8,7,"[{""x"": -0.25266408920288086, ""y"": 1.0870099067687988, ""z"": 0.0, ""velocity"": 0.0, ""snr"": 0.0}, {""x"": -0.24694204330444336, ""y"": 1.0961294174194336, ""z"": 0.0, ""velocity"": 0.0, ""snr"": 0.0}, {""x"": -0.1398324966430664, ""y"": 0.8997917175292969, ""z"": 0.0, ""velocity"": 0.0, ""snr"": 0.0}, {""x"": -0.14251470565795898, ""y"": 0.9187459945678711, ""z"": 0.0, ""velocity"": 0.0, ""snr"": 0.0}, {""x"": 0.07027387619018555, ""y"": 0.9713172912597656, ""z"": 0.0, ""velocity"": 0.0, ""snr"": 0.0}, {""x"": 0.1990199089050293, ""y"": 0.9827613830566406, ""z"": 0.0, ""velocity"": 0.0, ""snr"": 0.0}, {""x"": 0.27877092361450195, ""y"": 0.996708869934082, ""z"": 0.0, ""velocity"": 0.0, ""snr"": 0.0}]","[142980.0, 218464.0, 150736.0, 46429.0, 9643.0, 3203.0, 2098.0, 2621.0, 3395.0, 3094.0, 3626.0, 4649.0, 5921.0, 7558.0, 7325.0, 4214.0, 3387.0, 2821.0, 9372.0, 37390.0, 67904.0, 70316.0, 83082.0, 55223.0, 89373.0, 93586.0, 33230.0, 5201.0, 4578.0, 5211.0, 4566.0, 4971.0, 4564.0, 10410.0, 15505.0, 24577.0, 34177.0, 45141.0, 29358.0, 22670.0, 29543.0, 33364.0, 29794.0, 28152.0, 18652.0, 13256.0, 11521.0, 11832.0, 11340.0, 11777.0, 15279.0, 15410.0, 18053.0, 20803.0, 25608.0, 23584.0, 16804.0, 15306.0, 20027.0, 13196.0, 10036.0, 9532.0, 6502.0, 6755.0, 9829.0, 9290.0, 7209.0, 7034.0, 7499.0, 7897.0, 7117.0, 4201.0, 4202.0, 5152.0, 3421.0, 5366.0, 6253.0, 5411.0, 8051.0, 8852.0, 4938.0, 5163.0, 5332.0, 5024.0, 5557.0, 8698.0, 11050.0, 7725.0, 4811.0, 4161.0, 3890.0, 3675.0, 3949.0, 4389.0, 5438.0, 8416.0, 5877.0, 4247.0, 4802.0, 5508.0, 7616.0, 8988.0, 8099.0, 5197.0, 5824.0, 4220.0, 3340.0, 3295.0, 3630.0, 3648.0, 4046.0, 5338.0, 4190.0, 3536.0, 4074.0, 5706.0, 6557.0, 6733.0, 5341.0, 5138.0, 5178.0, 4030.0, 4048.0, 4979.0, 2780.0, 2977.0, 2927.0, 2112.0]",3247919.069287656
7,0.8,7,"[{""x"": -0.25534629821777344, ""y"": 0.8448958396911621, ""z"": 0.0, ""velocity"": 0.0, ""snr"": 0.0}, {""x"": -0.22333860397338867, ""y"": 0.8847713470458984, ""z"": 0.0, ""velocity"": 0.0, ""snr"": 0.0}, {""x"": -0.20653009414672852, ""y"": 0.909268856048584, ""z"": 0.0, ""velocity"": 0.0, ""snr"": 0.0}, {""x"": -0.17255544662475586, ""y"": 0.9410977363586426, ""z"": 0.0, ""velocity"": 0.0, ""snr"": 0.0}, {""x"": -0.010371208190917969, ""y"": 0.9891986846923828, ""z"": 0.0, ""velocity"": 0.0, ""snr"": 0.0}, {""x"": 0.20742416381835938, ""y"": 1.004934310913086, ""z"": 0.0, ""velocity"": 0.0, ""snr"": 0.0}, {""x"": 2.1822452545166016, ""y"": 1.1492371559143066, ""z"": 0.0, ""velocity"": 0.0, ""snr"": 0.0}]","[143157.0, 218287.0, 150586.0, 46526.0, 9571.0, 3310.0, 1863.0, 2251.0, 3222.0, 3035.0, 3858.0, 5595.0, 6312.0, 7840.0, 7988.0, 6747.0, 6883.0, 7006.0, 15933.0, 71387.0, 134631.0, 146493.0, 110080.0, 72665.0, 38430.0, 42775.0, 19597.0, 2147489358.0, 687865866.0, 251658254.0, 3590324241.0, 570425359.0, 738197519.0, 956301331.0, 603979804.0, 1627389983.0, 3288334355.0, 1090519056.0, 2566914061.0, 2684354569.0, 452984847.0, 3103784981.0, 2365587469.0, 2835349516.0, 1610612746.0, 9.0, 33554432.0, 100860929.0, 460805.0, 3221554435.0, 838860802.0, 1895828068.0, 0.0, 150994944.0, 33554432.0, 4278190080.0, 771751935.0, 1845493761.0, 0.0, 758725504.0, 3784409.0, 4096000.0, 155156480.0, 2734686208.0, 139005.0, 1006632960.0, 3288033097.0, 23.0, 3763422720.0, 1567226.0, 872415232.0, 486451540.0, 19.0, 89010432.0, 1280511.0, 1409286144.0, 385910606.0, 23.0, 2135965184.0, 1312513.0, 1560281088.0, 2684779341.0, 20.0, 625761024.0, 1295879.0, 1795162112.0, 77386.0, 131072.0, 36616192.0, 55854080.0, 38558464.0, 14041088.0, 6033152.0, 3590400.0, 2844160.0, 1334016.0, 1022976.0, 1041152.0, 1405696.0, 1935104.0, 3461632.0, 4474368.0, 3524608.0, 1669632.0, 969216.0, 1300224.0, 8239104.0, 22710272.0, 26851072.0, 26952448.0, 4111104.0, 4206.0, 3950.0, 3527.0, 4854.0, 7165.0, 7547.0, 4632.0, 4352.0, 3376.0, 2598.0, 3859.0, 5171.0, 2818.0, 2868.0, 2950.0, 2879.0, 0.0]",532032044.76384085
8,0.8,8,"[{""x"": -0.09512901306152344, ""y"": 0.1131892204284668, ""z"": 0.0, ""velocity"": 0.0, ""snr"": 0.0}, {""x"": -0.07098913192749023, ""y"": 0.8828043937683105, ""z"": 0.0, ""velocity"": 0.0, ""snr"": 0.0}, {""x"": -0.11211633682250977, ""y"": 0.8983612060546875, ""z"": 0.0, ""velocity"": 0.0, ""snr"": 0.0}, {""x"": -0.09906291961669922, ""y"": 1.0691285133361816, ""z"": 0.0, ""velocity"": 0.0, ""snr"": 0.0}, {""x"": -0.0743865966796875, ""y"": 1.0921955108642578, ""z"": 0.0, ""velocity"": 0.0, ""snr"": 0.0}, {""x"": 0.47707557678222656, ""y"": 0.8440017700195312, ""z"": 0.0, ""velocity"": 0.0, ""snr"": 0.0}, {""x"": 0.5638003349304199, ""y"": 0.80108642578125, ""z"": 0.0, ""velocity"": 0.0, ""snr"": 0.0}, {""x"": 2.148449420928955, ""y"": 1.5476346015930176, ""z"": 0.0, ""velocity"": 0.0, ""snr"": 0.0}]","[143263.0, 218231.0, 149543.0, 48260.0, 15270.0, 8319.0, 5311.0, 5471.0, 4454.0, 2934.0, 3776.0, 6447.0, 10391.0, 14038.0, 9953.0, 5403.0, 2926.0, 3171.0, 18637.0, 44456.0, 38519.0, 61868.0, 48838.0, 50731.0, 64883.0, 42971.0, 14084.0, 6210.0, 5453.0, 4627.0, 8774.0, 10731.0, 11602.0, 19335.0, 19626.0, 25288.0, 40097.0, 51921.0, 33825.0, 27486.0, 26291.0, 14958.0, 9922.0, 9257.0, 8359.0, 8453.0, 9395.0, 9558.0, 6854.0, 12635.0, 31537.0, 37615.0, 20594.0, 20465.0, 22866.0, 11563.0, 17188.0, 20531.0, 25509.0, 15024.0, 16812.0, 14941.0, 9677.0, 6136.0, 7868.0, 8157.0, 8973.0, 8469.0, 7805.0, 8229.0, 7271.0, 7465.0, 5488.0, 6422.0, 8967.0, 8906.0, 8312.0, 7528.0, 7673.0, 6694.0, 5400.0, 6037.0, 6005.0, 4882.0, 4043.0, 6460.0, 8557.0, 4051.0, 4667.0, 5179.0, 3676.0, 3808.0, 3950.0, 3620.0, 4130.0, 5253.0, 5094.0, 4400.0, 5414.0, 5889.0, 6522.0, 8736.0, 8250.0, 4500.0, 5012.0, 3514.0, 3628.0, 4071.0, 3409.0, 2822.0, 3056.0, 3560.0, 3696.0, 3777.0, 4062.0, 4866.0, 6307.0, 6846.0, 4297.0, 3982.0, 3350.0, 2750.0, 4326.0, 5310.0, 2967.0, 2388.0, 2688.0, 2783.0]",13801744.48950011
9,0.8,8,"[{""x"": -0.47475099563598633, ""y"": 2.3851990699768066, ""z"": 0.0, ""velocity"": 0.0, ""snr"": 0.0}, {""x"": -0.10567903518676758, ""y"": 0.8944272994995117, ""z"": 0.0, ""velocity"": 0.0, ""snr"": 0.0}, {""x"": -0.1392960548400879, ""y"": 0.9069442749023438, ""z"": 0.0, ""velocity"": 0.0, ""snr"": 0.0}, {""x"": -0.1652240753173828, ""y"": 0.9241104125976562, ""z"": 0.0, ""velocity"": 0.0, ""snr"": 0.0}, {""x"": -0.29969215393066406, ""y"": 2.268970012664795, ""z"": 0.0, ""velocity"": 0.0, ""snr"": 0.0}, {""x"": -0.35709142684936523, ""y"": 2.2746920585632324, ""z"": 0.0, ""velocity"": 0.0, ""snr"": 0.0}, {""x"": 0.4114508628845215, ""y"": 0.9260773658752441, ""z"": 0.0, ""velocity"": 0.0, ""snr"": 0.0}, {""x"": 0.4734992980957031, ""y"": 0.9221434593200684, ""z"": 0.0, ""velocity"": 0.0, ""snr"": 0.0}]","[142972.0, 219037.0, 153938.0, 50784.0, 28098.0, 9746.0, 8372.0, 9982.0, 6880.0, 3994.0, 4343.0, 8217.0, 14263.0, 14778.0, 10690.0, 5978.0, 4534.0, 4440.0, 24379.0, 72168.0, 100267.0, 78437.0, 51051.0, 41226.0, 26732.0, 19465.0, 12646.0, 20885.0, 18895.0, 15397.0, 14535.0, 6947.0, 5426.0, 12855.0, 18490.0, 21060.0, 24573.0, 30997.0, 29699.0, 20891.0, 12459.0, 8315.0, 6073.0, 8918.0, 8058.0, 7520.0, 10804.0, 21254.0, 25726.0, 40621.0, 60089.0, 40418.0, 15592.0, 29869.0, 25785.0, 18356.0, 23213.0, 21337.0, 21225.0, 13166.0, 9862.0, 7195.0, 7696.0, 6640.0, 6612.0, 7723.0, 9768.0, 10612.0, 10494.0, 9860.0, 8085.0, 7101.0, 6115.0, 6875.0, 6363.0, 5542.0, 7753.0, 5621.0, 4248.0, 5340.0, 4950.0, 6480.0, 10443.0, 8009.0, 4807.0, 4978.0, 6362.0, 4526.0, 5451.0, 6172.0, 5015.0, 4294.0, 4715.0, 4049.0, 3737.0, 4896.0, 4754.0, 4350.0, 4822.0, 5394.0, 6604.0, 7676.0, 7153.0, 3446.0, 3572.0, 2959.0, 4146.0, 3429.0, 2533.0, 3923.0, 3460.0, 3653.0, 3601.0, 2870.0, 3900.0, 5911.0, 7138.0, 7147.0, 4085.0, 3379.0, 3096.0, 2369.0, 4293.0, 5412.0, 2922.0, 2590.0, 2928.0, 3273.0]",13525659.067793692
10,0.8,9,"[{""x"": -0.1169443130493164, ""y"": 0.8876323699951172, ""z"": 0.0, ""velocity"": 0.0, ""snr"": 0.0}, {""x"": -0.07778406143188477, ""y"": 0.9003281593322754, ""z"": 0.0, ""velocity"": 0.0, ""snr"": 0.0}, {""x"": -0.08636713027954102, ""y"": 1.0816454887390137, ""z"": 0.0, ""velocity"": 0.0, ""snr"": 0.0}, {""x"": 0.0699162483215332, ""y"": 2.5493502616882324, ""z"": 0.0, ""velocity"": 0.0, ""snr"": 0.0}, {""x"": 0.09638071060180664, ""y"": 0.9527206420898438, ""z"": 0.0, ""velocity"": 0.0, ""snr"": 0.0}, {""x"": 0.2624988555908203, ""y"": 2.5078654289245605, ""z"": 0.0, ""velocity"": 0.0, ""snr"": 0.0}, {""x"": 0.39964914321899414, ""y"": 0.9462833404541016, ""z"": 0.0, ""velocity"": 0.0, ""snr"": 0.0}, {""x"": 0.3345608711242676, ""y"": 0.9829401969909668, ""z"": 0.0, ""velocity"": 0.0, ""snr"": 0.0}, {""x"": 1.9168853759765625, ""y"": 1.5578269958496094, ""z"": 0.0, ""velocity"": 0.0, ""snr"": 0.0}]","[142780.0, 218484.0, 150673.0, 46431.0, 11984.0, 3967.0, 3320.0, 3728.0, 3345.0, 3271.0, 3586.0, 6079.0, 12570.0, 16311.0, 12318.0, 6561.0, 3644.0, 3268.0, 23263.0, 67195.0, 76797.0, 51334.0, 79890.0, 85878.0, 55362.0, 25620.0, 28200.0, 40749.0, 31157.0, 12192.0, 7921.0, 6554.0, 8037.0, 16404.0, 15451.0, 11474.0, 30818.0, 37073.0, 26789.0, 21301.0, 20667.0, 11714.0, 9106.0, 10182.0, 9920.0, 7362.0, 11691.0, 12541.0, 9969.0, 17993.0, 23909.0, 18325.0, 24791.0, 28573.0, 31356.0, 32429.0, 32184.0, 17831.0, 19210.0, 11605.0, 11601.0, 9933.0, 10461.0, 7546.0, 8011.0, 8393.0, 8939.0, 9565.0, 7221.0, 8161.0, 11928.0, 14574.0, 7798.0, 5584.0, 5724.0, 6323.0, 7728.0, 6764.0, 6193.0, 6281.0, 6242.0, 5555.0, 4747.0, 4168.0, 4229.0, 4779.0, 6969.0, 7088.0, 4364.0, 5105.0, 4153.0, 4980.0, 5082.0, 3231.0, 3414.0, 4457.0, 4943.0, 4109.0, 4731.0, 5846.0, 7308.0, 8836.0, 7053.0, 3761.0, 3842.0, 3300.0, 3172.0, 3276.0, 3376.0, 4701.0, 4124.0, 3139.0, 3165.0, 3023.0, 3208.0, 5515.0, 7935.0, 8735.0, 5168.0, 3235.0, 2746.0, 2592.0, 5088.0, 5837.0, 3682.0, 2081.0, 2231.0, 2622.0]",13255563.308416782
11,0.8,9,"[{""x"": -0.21028518676757812, ""y"": 0.9108781814575195, ""z"": 0.0, ""velocity"": 0.0, ""snr"": 0.0}, {""x"": -0.09351968765258789, ""y"": 0.8740425109863281, ""z"": 0.0, ""velocity"": 0.0, ""snr"": 0.0}, {""x"": -0.11962652206420898, ""y"": 0.887453556060791, ""z"": 0.0, ""velocity"": 0.0, ""snr"": 0.0}, {""x"": -0.14412403106689453, ""y"": 0.8951425552368164, ""z"": 0.0, ""velocity"": 0.0, ""snr"": 0.0}, {""x"": -0.0008940696716308594, ""y"": 1.0889768600463867, ""z"": 0.0, ""velocity"": 0.0, ""snr"": 0.0}, {""x"": 0.44667720794677734, ""y"": 0.919640064239502, ""z"": 0.0, ""velocity"": 0.0, ""snr"": 0.0}, {""x"": 0.49173831939697266, ""y"": 0.9058713912963867, ""z"": 0.0, ""velocity"": 0.0, ""snr"": 0.0}, {""x"": 1.4766454696655273, ""y"": 2.0222067832946777, ""z"": 0.0, ""velocity"": 0.0, ""snr"": 0.0}, {""x"": 1.7386078834533691, ""y"": 1.755058765411377, ""z"": 0.0, ""velocity"": 0.0, ""snr"": 0.0}]","[142913.0, 218474.0, 150728.0, 45621.0, 16759.0, 9645.0, 2765.0, 2170.0, 3216.0, 4669.0, 4944.0, 7652.0, 9512.0, 11462.0, 12808.0, 9357.0, 6689.0, 5398.0, 29669.0, 81883.0, 96392.0, 58109.0, 77343.0, 70978.0, 72160.0, 33103.0, 29994.0, 36466.0, 15449.0, 4660.0, 5611.0, 7562.0, 13316.0, 296615936.0, 333905920.0, 330039296.0, 277610496.0, 287506432.0, 241303552.0, 182059008.0, 281280512.0, 338952192.0, 201523200.0, 140771328.0, 160301056.0, 188481536.0, 0.0, 0.0, 0.0, 0.0, 0.0, 0.0, 0.0, 50594050.0, 117966086.0, 84214528.0, 704.0, 681010.0, 118.0, 0.0, 10.0, 2.0, 4294967295.0, 301.0, 120.0, 960200704.0, 968808749.0, 1048576000.0, 1065353216.0, 10.0, 317586531.0, 0.0, 4232136797.0, 4861.0, 1230110720.0, 313392323.0, 0.0, 4260185677.0, 6003.0, 1331167232.0, 388824092.0, 0.0, 154227275.0, 5332.0, 1263337472.0, 532491040.0, 0.0, 727206708.0, 8244.0, 1262419968.0, 593045943.0, 0.0, 644631096.0, 10336.0, 1244725248.0, 302.0, 512.0, 143163.0, 218369.0, 150595.0, 46243.0, 22487.0, 14217.0, 4722.0, 2371.0, 3560.0, 3274.0, 3227.0, 5157.0, 8322.0, 9556.0, 9151.0, 7936.0, 5582.0, 7099.0, 28324.0, 58070.0, 48381.0, 17762.0, 49573.0, 110444.0, 113807.0, 37935.0, 29331.0, 34571.0, 20906.0, 6618.0, 6002.0]",235685109.55313796
12,0.8,7,"[{""x"": -0.3476142883300781, ""y"": 0.9246468544006348, ""z"": 0.0, ""velocity"": 0.0, ""snr"": 0.0}, {""x"": -0.1595020294189453, ""y"": 0.8625984191894531, ""z"": 0.0, ""velocity"": 0.0, ""snr"": 0.0}, {""x"": -0.1552104949951172, ""y"": 0.881195068359375, ""z"": 0.0, ""velocity"": 0.0, ""snr"": 0.0}, {""x"": -0.13947486877441406, ""y"": 0.9008646011352539, ""z"": 0.0, ""velocity"": 0.0, ""snr"": 0.0}, {""x"": -0.14573335647583008, ""y"": 0.9225010871887207, ""z"": 0.0, ""velocity"": 0.0, ""snr"": 0.0}, {""x"": 0.26303529739379883, ""y"": 1.0342597961425781, ""z"": 0.0, ""velocity"": 0.0, ""snr"": 0.0}, {""x"": 0.22941827774047852, ""y"": 1.0482072830200195, ""z"": 0.0, ""velocity"": 0.0, ""snr"": 0.0}]","[142781.0, 218531.0, 150616.0, 46162.0, 14960.0, 10263.0, 4734.0, 5097.0, 3711.0, 3494.0, 2917.0, 5501.0, 9788.0, 10314.0, 8976.0, 6580.0, 4491.0, 2818.0, 25352.0, 63451.0, 77340.0, 54065.0, 29322.0, 44580.0, 39923.0, 14325.0, 27444.0, 49051.0, 31320.0, 6550.0, 7725.0, 6794.0, 8528.0, 14868.0, 21015.0, 24278.0, 38972.0, 55099.0, 38300.0, 30280.0, 32201.0, 21771.0, 14869.0, 14862.0, 15146.0, 13028.0, 11183.0, 19561.0, 22373.0, 18350.0, 19753.0, 19287.0, 22963.0, 27537.0, 24648.0, 20907.0, 24672.0, 20540.0, 20821.0, 13348.0, 12243.0, 8517.0, 8790.0, 8358.0, 10192.0, 10201.0, 10407.0, 9819.0, 12742.0, 13914.0, 12787.0, 8888.0, 6911.0, 6208.0, 5590.0, 6051.0, 6459.0, 5762.0, 6769.0, 7918.0, 6437.0, 5812.0, 5380.0, 4691.0, 4651.0, 5038.0, 6777.0, 6670.0, 3973.0, 5373.0, 3934.0, 4727.0, 5820.0, 6702.0, 9657.0, 9576.0, 5278.0, 3783.0, 4344.0, 5724.0, 6464.0, 8109.0, 7656.0, 4243.0, 4644.0, 4056.0, 2897.0, 3090.0, 3943.0, 5631.0, 4726.0, 3833.0, 3984.0, 3388.0, 2987.0, 4416.0, 6526.0, 7824.0, 5290.0, 3631.0, 3945.0, 3389.0, 4309.0, 5197.0, 3109.0, 2602.0, 2453.0, 2448.0]",17470818.080164757
13,0.8,8,"[{""x"": -0.49173831939697266, ""y"": 2.3932456970214844, ""z"": 0.0, ""velocity"": 0.0, ""snr"": 0.0}, {""x"": -0.11926889419555664, ""y"": 0.8617043495178223, ""z"": 0.0, ""velocity"": 0.0, ""snr"": 0.0}, {""x"": -0.12570619583129883, ""y"": 0.882267951965332, ""z"": 0.0, ""velocity"": 0.0, ""snr"": 0.0}, {""x"": -0.12803077697753906, ""y"": 0.9042620658874512, ""z"": 0.0, ""velocity"": 0.0, ""snr"": 0.0}, {""x"": -0.0674128532409668, ""y"": 0.9398460388183594, ""z"": 0.0, ""velocity"": 0.0, ""snr"": 0.0}, {""x"": -0.17845630645751953, ""y"": 1.0396242141723633, ""z"": 0.0, ""velocity"": 0.0, ""snr"": 0.0}, {""x"": -0.36156177520751953, ""y"": 2.4454593658447266, ""z"": 0.0, ""velocity"": 0.0, ""snr"": 0.0}, {""x"": 0.32901763916015625, ""y"": 0.9543299674987793, ""z"": 0.0, ""velocity"": 0.0, ""snr"": 0.0}]","[142833.0, 218445.0, 150529.0, 46189.0, 9996.0, 4253.0, 2557.0, 2221.0, 3443.0, 3455.0, 3245.0, 6036.0, 8882.0, 10386.0, 10906.0, 7674.0, 5027.0, 7961.0, 36818.0, 78799.0, 92512.0, 71823.0, 49979.0, 64099.0, 46848.0, 14774.0, 16097.0, 63249.0, 88893.0, 44776.0, 20161.0, 13477.0, 9250.0, 13792.0, 22795.0, 33056.0, 34696.0, 42854.0, 26652.0, 18878.0, 22653.0, 22890.0, 15180.0, 19782.0, 22334.0, 16880.0, 30327.0, 38276.0, 32214.0, 27647.0, 16456.0, 14219.0, 25277.0, 35140.0, 49036.0, 34634.0, 18425.0, 16237.0, 19274.0, 14321.0, 10476.0, 8310.0, 10475.0, 13414.0, 9028.0, 7675.0, 10648.0, 11396.0, 8613.0, 8115.0, 6207.0, 6045.0, 4067.0, 5264.0, 5674.0, 6624.0, 5508.0, 5470.0, 7035.0, 10111.0, 6962.0, 5880.0, 5976.0, 6265.0, 6245.0, 6066.0, 9619.0, 8193.0, 4600.0, 4238.0, 3855.0, 3325.0, 3991.0, 5124.0, 8873.0, 10025.0, 6217.0, 4737.0, 5183.0, 5631.0, 7158.0, 8708.0, 7901.0, 4486.0, 4856.0, 4300.0, 3363.0, 4084.0, 4447.0, 5415.0, 3879.0, 3630.0, 3609.0, 3208.0, 2574.0, 3937.0, 5457.0, 5767.0, 4092.0, 3448.0, 3715.0, 2825.0, 3941.0, 4917.0, 2918.0, 1789.0, 2246.0, 2964.0]",17120445.691834595
14,0.8,5,"[{""x"": -0.0972747802734375, ""y"": 0.8713603019714355, ""z"": 0.0, ""velocity"": 0.0, ""snr"": 0.0}, {""x"": -0.12105703353881836, ""y"": 0.8820891380310059, ""z"": 0.0, ""velocity"": 0.0, ""snr"": 0.0}, {""x"": -0.13911724090576172, ""y"": 0.8829832077026367, ""z"": 0.0, ""velocity"": 0.0, ""snr"": 0.0}, {""x"": -0.15842914581298828, ""y"": 0.896751880645752, ""z"": 0.0, ""velocity"": 0.0, ""snr"": 0.0}, {""x"": 0.41681528091430664, ""y"": 0.9255409240722656, ""z"": 0.0, ""velocity"": 0.0, ""snr"": 0.0}]","[142809.0, 218241.0, 150818.0, 46377.0, 9979.0, 4644.0, 4205.0, 3952.0, 3826.0, 3453.0, 3599.0, 5537.0, 5758.0, 8122.0, 11770.0, 9707.0, 6175.0, 9830.0, 73079.0, 189170.0, 188914.0, 68312.0, 25927.0, 36206.0, 24884.0, 13463.0, 35021.0, 103398.0, 146722.0, 106352.0, 70579.0, 59903.0, 32545.0, 18686.0, 20448.0, 29977.0, 33439.0, 50471.0, 39017.0, 24950.0, 21413.0, 13685.0, 10616.0, 8445.0, 9528.0, 14198.0, 16511.0, 11134.0, 10858.0, 11687.0, 10361.0, 23978.0, 27653.0, 23114.0, 29532.0, 20536.0, 19816.0, 21395.0, 21064.0, 12446.0, 16469.0, 12692.0, 9054.0, 8276.0, 12535.0, 12426.0, 9289.0, 8073.0, 6654.0, 7171.0, 7296.0, 7381.0, 6379.0, 6415.0, 6186.0, 5917.0, 7045.0, 6177.0, 8077.0, 11563.0, 9781.0, 7868.0, 6405.0, 5418.0, 4364.0, 9002.0, 12546.0, 8964.0, 4093.0, 5330.0, 4742.0, 3630.0, 4933.0, 5938.0, 7303.0, 7529.0, 5397.0, 5182.0, 5641.0, 5597.0, 7039.0, 9052.0, 8473.0, 5178.0, 5003.0, 4347.0, 4130.0, 3135.0, 3864.0, 4270.0, 2859.0, 3314.0, 4050.0, 3990.0, 3079.0, 3188.0, 5200.0, 6159.0, 4334.0, 3546.0, 4015.0, 3326.0, 4152.0, 4907.0, 3390.0, 2205.0, 2708.0, 2501.0]",16778207.564806152
15,0.8,6,"[{""x"": -0.25087594985961914, ""y"": 0.9232163429260254, ""z"": 0.0, ""velocity"": 0.0, ""snr"": 0.0}, {""x"": -0.25981664657592773, ""y"": 0.9854435920715332, ""z"": 0.0, ""velocity"": 0.0, ""snr"": 0.0}, {""x"": -0.08922815322875977, ""y"": 0.8722543716430664, ""z"": 0.0, ""velocity"": 0.0, ""snr"": 0.0}, {""x"": -0.1055002212524414, ""y"": 0.8872747421264648, ""z"": 0.0, ""velocity"": 0.0, ""snr"": 0.0}, {""x"": -0.1214146614074707, ""y"": 0.8972883224487305, ""z"": 0.0, ""velocity"": 0.0, ""snr"": 0.0}, {""x"": -0.17076730728149414, ""y"": 1.036226749420166, ""z"": 0.0, ""velocity"": 0.0, ""snr"": 0.0}]","[142614.0, 218427.0, 150705.0, 46471.0, 9531.0, 3112.0, 2818.0, 2963.0, 3431.0, 3189.0, 3208.0, 5091.0, 5679.0, 6987.0, 7693.0, 7552.0, 5620.0, 5905.0, 33221.0, 92916.0, 100406.0, 65669.0, 80659.0, 105585.0, 67186.0, 22601.0, 13062.0, 36949.0, 43206.0, 16422.0, 35967.0, 52931.0, 45657.0, 22508.0, 14571.0, 20514.0, 36565.0, 44588.0, 33947.0, 27141.0, 20983.0, 16094.0, 10390.0, 8327.0, 8180.0, 6802.0, 9519.0, 13706.0, 7865.0, 15704.0, 21672.0, 16516.0, 15880.0, 18601.0, 24557.0, 25058.0, 17335.0, 17292.0, 20395.0, 13122.0, 14093.0, 10319.0, 9684.0, 9554.0, 12445.0, 16822.0, 18909.0, 14774.0, 11176.0, 7974.0, 12052.0, 16585.0, 10622.0, 7529.0, 6346.0, 5641.0, 5888.0, 5511.0, 6613.0, 9838.0, 7798.0, 6666.0, 7104.0, 6452.0, 4510.0, 6791.0, 10339.0, 7999.0, 3921.0, 4254.0, 5036.0, 3710.0, 4198.0, 4595.0, 6493.0, 8479.0, 6017.0, 4707.0, 4719.0, 5885.0, 7093.0, 8999.0, 8416.0, 5045.0, 4288.0, 4055.0, 3649.0, 3176.0, 3084.0, 3539.0, 3049.0, 3439.0, 4055.0, 3760.0, 4064.0, 3460.0, 4309.0, 5610.0, 4680.0, 3691.0, 2907.0, 2131.0, 3775.0, 4816.0, 2811.0, 2015.0, 2590.0, 2406.0]",16444295.373868898
16,0.8,7,"[{""x"": -0.20831823348999023, ""y"": 0.9096264839172363, ""z"": 0.0, ""velocity"": 0.0, ""snr"": 0.0}, {""x"": -0.23406744003295898, ""y"": 0.9680986404418945, ""z"": 0.0, ""velocity"": 0.0, ""snr"": 0.0}, {""x"": -0.20599365234375, ""y"": 1.03837251663208, ""z"": 0.0, ""velocity"": 0.0, ""snr"": 0.0}, {""x"": -0.0788569450378418, ""y"": 0.8808374404907227, ""z"": 0.0, ""velocity"": 0.0, ""snr"": 0.0}, {""x"": -0.11426210403442383, ""y"": 0.8969306945800781, ""z"": 0.0, ""velocity"": 0.0, ""snr"": 0.0}, {""x"": -0.14340877532958984, ""y"": 0.9024739265441895, ""z"": 0.0, ""velocity"": 0.0, ""snr"": 0.0}, {""x"": 2.050459384918213, ""y"": 1.3749003410339355, ""z"": 0.0, ""velocity"": 0.0, ""snr"": 0.0}]","[142894.0, 218590.0, 150617.0, 46361.0, 9601.0, 3279.0, 2412.0, 2971.0, 3625.0, 3391.0, 2971.0, 4431.0, 7278.0, 12769.0, 13253.0, 8976.0, 4621.0, 3958.0, 36409.0, 139214.0, 195856.0, 133821.0, 55943.0, 94326.0, 73262.0, 19283.0, 4692.0, 12020.0, 29077.0, 28395.0, 10544.0, 10925.0, 12931.0, 23655.0, 18200.0, 25342.0, 48736.0, 53327.0, 42145.0, 37774.0, 28537.0, 14591.0, 8410.0, 8095.0, 10179.0, 10942.0, 8538.0, 11496.0, 14427.0, 26445.0, 27430.0, 24982.0, 19458.0, 20237.0, 27043.0, 20968.0, 21079.0, 20303.0, 19132.0, 13399.0, 10529.0, 9010.0, 8869.0, 11047.0, 11366.0, 9766.0, 7558.0, 9132.0, 7775.0, 9058.0, 10224.0, 6836.0, 5853.0, 7448.0, 7991.0, 9941.0, 9149.0, 6275.0, 7912.0, 8091.0, 6082.0, 6392.0, 6421.0, 5925.0, 5346.0, 8779.0, 11075.0, 7165.0, 4700.0, 5022.0, 4124.0, 4109.0, 4238.0, 4705.0, 5380.0, 8358.0, 6328.0, 4126.0, 4316.0, 5057.0, 7333.0, 9655.0, 8546.0, 5416.0, 4308.0, 4076.0, 3671.0, 3537.0, 3567.0, 3811.0, 2855.0, 3931.0, 3828.0, 3720.0, 3312.0, 3673.0, 5325.0, 6317.0, 4533.0, 3863.0, 3686.0, 3082.0, 4837.0, 5536.0, 2945.0, 2275.0, 3059.0, 3021.0]",16117267.133318355
17,0.8,11,"[{""x"": -0.5140900611877441, ""y"": 0.8717179298400879, ""z"": 0.0, ""velocity"": 0.0, ""snr"": 0.0}, {""x"": -0.5432367324829102, ""y"": 0.898897647857666, ""z"": 0.0, ""velocity"": 0.0, ""snr"": 0.0}, {""x"": -0.5233883857727051, ""y"": 0.9402036666870117, ""z"": 0.0, ""velocity"": 0.0, ""snr"": 0.0}, {""x"": -0.40465593338012695, ""y"": 0.8554458618164062, ""z"": 0.0, ""velocity"": 0.0, ""snr"": 0.0}, {""x"": -0.10764598846435547, ""y"": 0.8763670921325684, ""z"": 0.0, ""velocity"": 0.0, ""snr"": 0.0}, {""x"": -0.1278519630432129, ""y"": 0.8947849273681641, ""z"": 0.0, ""velocity"": 0.0, ""snr"": 0.0}, {""x"": -0.148773193359375, ""y"": 0.8903145790100098, ""z"": 0.0, ""velocity"": 0.0, ""snr"": 0.0}, {""x"": -0.22280216217041016, ""y"": 1.713395118713379, ""z"": 0.0, ""velocity"": 0.0, ""snr"": 0.0}, {""x"": 1.7393231391906738, ""y"": 1.98286771774292, ""z"": 0.0, ""velocity"": 0.0, ""snr"": 0.0}, {""x"": 2.0263195037841797, ""y"": 1.649916172027588, ""z"": 0.0, ""velocity"": 0.0, ""snr"": 0.0}, {""x"": 2.070307731628418, ""y"": 1.3394951820373535, ""z"": 0.0, ""velocity"": 0.0, ""snr"": 0.0}]","[142610.0, 218187.0, 150533.0, 46346.0, 9627.0, 3351.0, 2215.0, 2212.0, 3425.0, 3390.0, 2536.0, 3224.0, 8762.0, 16799.0, 16760.0, 10003.0, 4808.0, 4501.0, 20865.0, 85847.0, 115247.0, 54576.0, 61461.0, 65450.0, 55677.0, 25681.0, 9119.0, 5060.0, 5010.0, 13112.0, 34971.0, 45983.0, 33419.0, 37411.0, 27710.0, 33293.0, 50005.0, 54287.0, 37473.0, 35757.0, 32121.0, 20442.0, 11791.0, 9558.0, 11817.0, 13730.0, 13183.0, 8766.0, 7604.0, 12550.0, 16262.0, 18577.0, 15785.0, 22246.0, 28416.0, 17835.0, 19947.0, 24290.0, 24131.0, 15968.0, 14230.0, 11235.0, 7915.0, 11211.0, 12528.0, 10866.0, 11962.0, 8625.0, 6585.0, 6550.0, 5452.0, 5062.0, 5060.0, 5285.0, 5503.0, 7759.0, 9913.0, 6308.0, 7681.0, 7973.0, 7733.0, 5926.0, 4866.0, 5155.0, 6636.0, 9331.0, 10723.0, 6968.0, 5941.0, 4761.0, 3495.0, 3651.0, 3316.0, 4661.0, 6675.0, 9449.0, 6925.0, 4623.0, 4855.0, 6800.0, 7992.0, 8834.0, 7101.0, 5812.0, 6781.0, 5097.0, 3944.0, 4425.0, 4001.0, 4706.0, 4136.0, 4263.0, 3757.0, 3974.0, 3978.0, 3234.0, 4878.0, 5374.0, 4616.0, 4284.0, 4023.0, 2781.0, 3636.0, 4970.0, 3168.0, 2913.0, 3152.0, 2729.0]",15792714.301458713
18,0.8,5,"[{""x"": -0.47278404235839844, ""y"": 0.8776187896728516, ""z"": 0.0, ""velocity"": 0.0, ""snr"": 0.0}, {""x"": -0.46688318252563477, ""y"": 0.9330511093139648, ""z"": 0.0, ""velocity"": 0.0, ""snr"": 0.0}, {""x"": -0.5058646202087402, ""y"": 0.9389519691467285, ""z"": 0.0, ""velocity"": 0.0, ""snr"": 0.0}, {""x"": -0.44399499893188477, ""y"": 0.920712947845459, ""z"": 0.0, ""velocity"": 0.0, ""snr"": 0.0}, {""x"": -0.0050067901611328125, ""y"": 0.91552734375, ""z"": 0.0, ""velocity"": 0.0, ""snr"": 0.0}]","[143181.0, 218369.0, 150402.0, 46505.0, 9597.0, 3209.0, 2132.0, 2528.0, 3649.0, 3586.0, 2684.0, 4534.0, 12630.0, 20446.0, 16444.0, 8380.0, 4187.0, 4174.0, 7670.0, 23753.0, 33442.0, 47762.0, 85372.0, 87063.0, 58599.0, 20818.0, 4245.0, 4717.0, 4399.0, 4275.0, 5402.0, 12517.0, 35619.0, 45877.0, 30359.0, 25473.0, 44140.0, 52715.0, 39152.0, 30096.0, 26579.0, 19211.0, 11537.0, 7357.0, 9705.0, 10130.0, 11762.0, 13272.0, 10698.0, 15807.0, 16829.0, 14106.0, 16514.0, 18893.0, 27223.0, 18249.0, 19077.0, 22711.0, 19797.0, 13400.0, 19903.0, 14090.0, 11966.0, 7269.0, 8579.0, 9943.0, 9717.0, 7347.0, 7837.0, 6779.0, 6074.0, 5253.0, 5137.0, 6128.0, 4765.0, 5510.0, 7444.0, 6152.0, 7193.0, 9108.0, 8400.0, 7345.0, 5905.0, 5278.0, 6929.0, 8902.0, 9186.0, 6311.0, 5979.0, 4296.0, 3708.0, 3297.0, 3877.0, 3988.0, 6533.0, 8847.0, 6934.0, 4518.0, 5249.0, 6965.0, 8566.0, 9209.0, 7457.0, 6519.0, 7000.0, 4800.0, 3771.0, 3813.0, 3713.0, 4202.0, 3640.0, 5098.0, 4072.0, 4160.0, 3638.0, 4965.0, 6493.0, 6420.0, 4483.0, 5011.0, 4561.0, 2743.0, 3845.0, 5028.0, 3275.0, 3582.0, 3921.0, 2997.0]",15477609.524693316
19,0.8,8,"[{""x"": -1.3496875762939453, ""y"": 0.8763670921325684, ""z"": 0.0, ""velocity"": 0.0, ""snr"": 0.0}, {""x"": -1.1095404624938965, ""y"": 1.2128949165344238, ""z"": 0.0, ""velocity"": 0.0, ""snr"": 0.0}, {""x"": -0.2040266990661621, ""y"": 1.0238885879516602, ""z"": 0.0, ""velocity"": 0.0, ""snr"": 0.0}, {""x"": -0.28771162033081055, ""y"": 1.0426640510559082, ""z"": 0.0, ""velocity"": 0.0, ""snr"": 0.0}, {""x"": -0.12999773025512695, ""y"": 0.9094476699829102, ""z"": 0.0, ""velocity"": 0.0, ""snr"": 0.0}, {""x"": -0.1042485237121582, ""y"": 0.9355545043945312, ""z"": 0.0, ""velocity"": 0.0, ""snr"": 0.0}, {""x"": -0.09799003601074219, ""y"": 0.9632706642150879, ""z"": 0.0, ""velocity"": 0.0, ""snr"": 0.0}, {""x"": -0.17881393432617188, ""y"": 0.9836554527282715, ""z"": 0.0, ""velocity"": 0.0, ""snr"": 0.0}]","[143030.0, 218505.0, 150728.0, 46403.0, 9731.0, 3111.0, 2207.0, 2308.0, 3493.0, 3358.0, 2699.0, 5635.0, 9994.0, 10157.0, 6408.0, 5094.0, 4229.0, 3918.0, 5685.0, 31670.0, 72850.0, 96640.0, 95782.0, 73279.0, 68720.0, 35613.0, 8710.0, 6104.0, 5400.0, 5227.0, 4000.0, 2796.0, 6911.0, 26326.0, 47799.0, 46937.0, 53140.0, 39352.0, 24075.0, 24867.0, 24199.0, 19856.0, 13710.0, 7418.0, 8473.0, 7190.0, 7181.0, 10180.0, 10713.0, 11331.0, 13536.0, 17426.0, 17872.0, 20157.0, 23677.0, 14616.0, 17952.0, 19403.0, 20132.0, 10034.0, 11687.0, 6199.0, 7712.0, 6468.0, 7697.0, 7681.0, 6842.0, 6888.0, 5866.0, 6893.0, 6189.0, 4920.0, 5226.0, 6280.0, 4881.0, 6854.0, 6632.0, 5774.0, 7892.0, 9153.0, 6677.0, 7839.0, 7399.0, 5287.0, 5741.0, 9092.0, 10171.0, 7296.0, 5645.0, 4433.0, 4219.0, 3881.0, 3735.0, 4196.0, 6347.0, 9008.0, 7340.0, 5551.0, 5189.0, 6514.0, 8089.0, 9507.0, 8489.0, 5260.0, 6531.0, 4860.0, 3605.0, 4258.0, 4024.0, 3921.0, 3575.0, 5482.0, 4453.0, 3388.0, 3366.0, 4725.0, 6711.0, 7110.0, 4707.0, 4158.0, 3220.0, 2624.0, 4053.0, 5232.0, 3653.0, 3731.0, 4012.0, 2849.0]",15169159.027699143
0,0.8,5,"[{""x"": -0.3871321678161621, ""y"": 0.944674015045166, ""z"": 0.0, ""velocity"": 0.0, ""snr"": 0.0}, {""x"": -0.15664100646972656, ""y"": 1.0766386985778809, ""z"": 0.0, ""velocity"": 0.0, ""snr"": 0.0}, {""x"": -0.19097328186035156, ""y"": 1.0970234870910645, ""z"": 0.0, ""velocity"": 0.0, ""snr"": 0.0}, {""x"": -0.03987550735473633, ""y"": 1.0505318641662598, ""z"": 0.0, ""velocity"": 0.0, ""snr"": 0.0}, {""x"": 0.15664100646972656, ""y"": 0.9802579879760742, ""z"": 0.0, ""velocity"": 0.0, ""snr"": 0.0}]","[142980.0, 218530.0, 150754.0, 46707.0, 9685.0, 3164.0, 1985.0, 2270.0, 3198.0, 3299.0, 2765.0, 6442.0, 10612.0, 11353.0, 7167.0, 3908.0, 3915.0, 4525.0, 3569.0, 6089.0, 9014.0, 21738.0, 49574.0, 41655.0, 37155.0, 26779.0, 9046.0, 4808.0, 4747.0, 4094.0, 4702.0, 3994.0, 3740.0, 10006.0, 19505.0, 27277.0, 42301.0, 41557.0, 28073.0, 25496.0, 22481.0, 20200.0, 11607.0, 9844.0, 11049.0, 14015.0, 11757.0, 12365.0, 9931.0, 7646.0, 8429.0, 11911.0, 12165.0, 20460.0, 25673.0, 16185.0, 20075.0, 20784.0, 19915.0, 11411.0, 12443.0, 4506.0, 9482.0, 6960.0, 6870.0, 7574.0, 7410.0, 7276.0, 6762.0, 8724.0, 7618.0, 5005.0, 5287.0, 5611.0, 5474.0, 6133.0, 6165.0, 6085.0, 8646.0, 10402.0, 7938.0, 6413.0, 6030.0, 5259.0, 5877.0, 8279.0, 8136.0, 6792.0, 6559.0, 5109.0, 4324.0, 3694.0, 4441.0, 5218.0, 6528.0, 8063.0, 6302.0, 3994.0, 4320.0, 6281.0, 7759.0, 9322.0, 7865.0, 4526.0, 6301.0, 4703.0, 4355.0, 5940.0, 4865.0, 3938.0, 4162.0, 5308.0, 4183.0, 3684.0, 3658.0, 4661.0, 6361.0, 6574.0, 5292.0, 4584.0, 3715.0, 2742.0, 4242.0, 5296.0, 3492.0, 3531.0, 3810.0, 2528.0]",14865775.778500564
1,0.8,8,"[{""x"": -0.4883408546447754, ""y"": 0.9292960166931152, ""z"": 0.0, ""velocity"": 0.0, ""snr"": 0.0}, {""x"": -0.5085468292236328, ""y"": 0.9462833404541016, ""z"": 0.0, ""velocity"": 0.0, ""snr"": 0.0}, {""x"": -0.8162856101989746, ""y"": 1.6819238662719727, ""z"": 0.0, ""velocity"": 0.0, ""snr"": 0.0}, {""x"": -0.08189678192138672, ""y"": 0.9241104125976562, ""z"": 0.0, ""velocity"": 0.0, ""snr"": 0.0}, {""x"": -0.09137392044067383, ""y"": 0.9393095970153809, ""z"": 0.0, ""velocity"": 0.0, ""snr"": 0.0}, {""x"": -0.06455183029174805, ""y"": 0.9495019912719727, ""z"": 0.0, ""velocity"": 0.0, ""snr"": 0.0}, {""x"": -0.005185604095458984, ""y"": 0.9731054306030273, ""z"": 0.0, ""velocity"": 0.0, ""snr"": 0.0}, {""x"": 2.1064281463623047, ""y"": 1.2872815132141113, ""z"": 0.0, ""velocity"": 0.0, ""snr"": 0.0}]","[143083.0, 218594.0, 150489.0, 46335.0, 9669.0, 3234.0, 2044.0, 2479.0, 3642.0, 3366.0, 2404.0, 3982.0, 7504.0, 10881.0, 7160.0, 3263.0, 2999.0, 4451.0, 3232.0, 31288.0, 98412.0, 119126.0, 67625.0, 65945.0, 49725.0, 26165.0, 11161.0, 4458.0, 4153.0, 4007.0, 3901.0, 6644.0, 5584.0, 12298.0, 17218.0, 19254.0, 40816.0, 53808.0, 45851.0, 48173.0, 47659.0, 42486.0, 29784.0, 19690.0, 12297.0, 8672.0, 5750.0, 5723.0, 6767.0, 6676.0, 9310.0, 14315.0, 19547.0, 23003.0, 27438.0, 18358.0, 19822.0, 27457.0, 15991.0, 9539.0, 12227.0, 8577.0, 9949.0, 7561.0, 8555.0, 8289.0, 9408.0, 9330.0, 7408.0, 7707.0, 6287.0, 5196.0, 6876.0, 7349.0, 7493.0, 6585.0, 5264.0, 5443.0, 7543.0, 10572.0, 8996.0, 7270.0, 5957.0, 5619.0, 5186.0, 6884.0, 7444.0, 5807.0, 6037.0, 5024.0, 3262.0, 3428.0, 3590.0, 5148.0, 6732.0, 8258.0, 6790.0, 4903.0, 4863.0, 6595.0, 7563.0, 8697.0, 7395.0, 4485.0, 6883.0, 5573.0, 4750.0, 5762.0, 5302.0, 4446.0, 3713.0, 5163.0, 4645.0, 3405.0, 3083.0, 4453.0, 6463.0, 7440.0, 5531.0, 3964.0, 3360.0, 2263.0, 3706.0, 4804.0, 3268.0, 3314.0, 3224.0, 2377.0]",14567953.164583592
2,0.8,9,"[{""x"": -0.5124807357788086, ""y"": 0.9003281593322754, ""z"": 0.0, ""velocity"": 0.0, ""snr"": 0.0}, {""x"": -0.45168399810791016, ""y"": 0.9566545486450195, ""z"": 0.0, ""velocity"": 0.0, ""snr"": 0.0}, {""x"": -0.4336237907409668, ""y"": 0.988304615020752, ""z"": 0.0, ""velocity"": 0.0, ""snr"": 0.0}, {""x"": -0.3960728645324707, ""y"": 1.0380148887634277, ""z"": 0.0, ""velocity"": 0.0, ""snr"": 0.0}, {""x"": -0.4490017890930176, ""y"": 1.743614673614502, ""z"": 0.0, ""velocity"": 0.0, ""snr"": 0.0}, {""x"": -0.07456541061401367, ""y"": 0.9468197822570801, ""z"": 0.0, ""velocity"": 0.0, ""snr"": 0.0}, {""x"": -0.1748800277709961, ""y"": 2.643406391143799, ""z"": 0.0, ""velocity"": 0.0, ""snr"": 0.0}, {""x"": 0.005185604095458984, ""y"": 0.9591579437255859, ""z"": 0.0, ""velocity"": 0.0, ""snr"": 0.0}, {""x"": 0.21475553512573242, ""y"": 0.9784698486328125, ""z"": 0.0, ""velocity"": 0.0, ""snr"": 0.0}]","[142672.0, 218561.0, 150435.0, 46413.0, 9671.0, 3448.0, 2031.0, 2473.0, 3426.0, 3329.0, 2825.0, 4564.0, 7411.0, 10084.0, 7883.0, 4117.0, 3684.0, 5750.0, 5526.0, 16076.0, 59437.0, 91607.0, 70158.0, 97115.0, 77785.0, 44282.0, 19569.0, 6203.0, 4898.0, 3408.0, 4127.0, 8180.0, 9861.0, 11645.0, 13476.0, 17759.0, 42823.0, 49409.0, 25434.0, 37232.0, 43055.0, 27048.0, 21371.0, 28405.0, 20290.0, 15259.0, 13783.0, 7199.0, 10500.0, 19862.0, 14102.0, 16973.0, 21332.0, 15012.0, 25982.0, 24336.0, 20404.0, 20892.0, 23603.0, 16520.0, 17389.0, 15598.0, 14425.0, 13123.0, 9265.0, 8407.0, 8524.0, 7963.0, 7679.0, 8531.0, 7895.0, 4448.0, 6516.0, 8751.0, 8101.0, 6047.0, 6645.0, 7312.0, 8587.0, 10498.0, 8999.0, 6547.0, 6559.0, 6529.0, 5338.0, 8010.0, 8919.0, 6860.0, 5434.0, 4130.0, 3235.0, 3435.0, 4155.0, 4270.0, 6092.0, 8154.0, 7156.0, 4826.0, 4714.0, 6242.0, 7621.0, 8402.0, 6779.0, 3951.0, 6031.0, 5158.0, 3841.0, 4701.0, 4268.0, 3845.0, 4426.0, 4899.0, 3841.0, 3079.0, 3185.0, 4511.0, 6238.0, 6876.0, 5266.0, 4443.0, 3715.0, 3166.0, 4318.0, 5004.0, 3281.0, 3013.0, 2739.0, 2601.0]",14276697.289528161
3,0.8,8,"[{""x"": -0.20384788513183594, ""y"": 0.908195972442627, ""z"": 0.0, ""velocity"": 0.0, ""snr"": 0.0}, {""x"": -0.20635128021240234, ""y"": 0.9275078773498535, ""z"": 0.0, ""velocity"": 0.0, ""snr"": 0.0}, {""x"": -0.2136826515197754, ""y"": 0.9346604347229004, ""z"": 0.0, ""velocity"": 0.0, ""snr"": 0.0}, {""x"": -0.21475553512573242, ""y"": 0.9566545486450195, ""z"": 0.0, ""velocity"": 0.0, ""snr"": 0.0}, {""x"": -0.2574920654296875, ""y"": 0.9936690330505371, ""z"": 0.0, ""velocity"": 0.0, ""snr"": 0.0}, {""x"": -0.11390447616577148, ""y"": 1.0668039321899414, ""z"": 0.0, ""velocity"": 0.0, ""snr"": 0.0}, {""x"": -0.21582841873168945, ""y"": 1.7110705375671387, ""z"": 0.0, ""velocity"": 0.0, ""snr"": 0.0}, {""x"": -0.26088953018188477, ""y"": 1.7614960670471191, ""z"": 0.0, ""velocity"": 0.0, ""snr"": 0.0}]","[143246.0, 218505.0, 150354.0, 46226.0, 9742.0, 3234.0, 2074.0, 2193.0, 3463.0, 3244.0, 2459.0, 3148.0, 4911.0, 7752.0, 7841.0, 4102.0, 2312.0, 3827.0, 7405.0, 43550.0, 173438.0, 242707.0, 155250.0, 82987.0, 60626.0, 27198.0, 12061.0, 5533.0, 4452.0, 4049.0, 3710.0, 5781.0, 7922.0, 10847.0, 12153.0, 11316.0, 39561.0, 47345.0, 35239.0, 27038.0, 29992.0, 33654.0, 28681.0, 42150.0, 46232.0, 24120.0, 16379.0, 16792.0, 10204.0, 20785.0, 10724.0, 16940.0, 19510.0, 23141.0, 28439.0, 18922.0, 20173.0, 18038.0, 14516.0, 11035.0, 11044.0, 8342.0, 9456.0, 9338.0, 8240.0, 8548.0, 7835.0, 6191.0, 7473.0, 7977.0, 5790.0, 4518.0, 4559.0, 5385.0, 6547.0, 7576.0, 7371.0, 6223.0, 6650.0, 8951.0, 7753.0, 5800.0, 5635.0, 4905.0, 6225.0, 6485.0, 5929.0, 6217.0, 6488.0, 4709.0, 4373.0, 3631.0, 3461.0, 4804.0, 6204.0, 7821.0, 6839.0, 5548.0, 5349.0, 5831.0, 7422.0, 7575.0, 7048.0, 4366.0, 5422.0, 4421.0, 3419.0, 4608.0, 4365.0, 4992.0, 5926.0, 4993.0, 3728.0, 3785.0, 3197.0, 4788.0, 6683.0, 7083.0, 5349.0, 4643.0, 3856.0, 3342.0, 4218.0, 5372.0, 3200.0, 3439.0, 3075.0, 2340.0]",13993348.126018075
4,0.8,8,"[{""x"": -0.5589723587036133, ""y"": 0.8203983306884766, ""z"": 0.0, ""velocity"": 0.0, ""snr"": 0.0}, {""x"": -0.30988454818725586, ""y"": 0.8320212364196777, ""z"": 0.0, ""velocity"": 0.0, ""snr"": 0.0}, {""x"": -0.2771615982055664, ""y"": 0.8731484413146973, ""z"": 0.0, ""velocity"": 0.0, ""snr"": 0.0}, {""x"": -0.2773404121398926, ""y"": 0.8854866027832031, ""z"": 0.0, ""velocity"": 0.0, ""snr"": 0.0}, {""x"": -0.2658963203430176, ""y"": 0.8947849273681641, ""z"": 0.0, ""velocity"": 0.0, ""snr"": 0.0}, {""x"": -0.18346309661865234, ""y"": 1.0732412338256836, ""z"": 0.0, ""velocity"": 0.0, ""snr"": 0.0}, {""x"": 0.2503395080566406, ""y"": 1.0240674018859863, ""z"": 0.0, ""velocity"": 0.0, ""snr"": 0.0}, {""x"": 2.1997690200805664, ""y"": 1.1147260665893555, ""z"": 0.0, ""velocity"": 0.0, ""snr"": 0.0}]","[143114.0, 218629.0, 150464.0, 46328.0, 9636.0, 3272.0, 2075.0, 2220.0, 3353.0, 3347.0, 2521.0, 3328.0, 5116.0, 8585.0, 8679.0, 6175.0, 6404.0, 4410.0, 16948.0, 97062.0, 194440.0, 168244.0, 60916.0, 77258.0, 62714.0, 39383.0, 20151.0, 6847.0, 4175.0, 4088.0, 5324.0, 8460.0, 9538.0, 11250.0, 14545.0, 18046.0, 32510.0, 44656.0, 23172.0, 23985.0, 28393.0, 24567.0, 18494.0, 29109.0, 38778.0, 27637.0, 15044.0, 15663.0, 11884.0, 14867.0, 20004.0, 18418.0, 16723.0, 29371.0, 29992.0, 21671.0, 28904.0, 18141.0, 15503.0, 17377.0, 10807.0, 13868.0, 11293.0, 6920.0, 7851.0, 8946.0, 8692.0, 8692.0, 7250.0, 8290.0, 8057.0, 8245.0, 6529.0, 7998.0, 7925.0, 6692.0, 6534.0, 5839.0, 7197.0, 9186.0, 8258.0, 5928.0, 4500.0, 4752.0, 5593.0, 5317.0, 5439.0, 4742.0, 5076.0, 4030.0, 4365.0, 4115.0, 3440.0, 4665.0, 5678.0, 7416.0, 6406.0, 4901.0, 6546.0, 7450.0, 7493.0, 8664.0, 7743.0, 4092.0, 4601.0, 3514.0, 3955.0, 4884.0, 3722.0, 3917.0, 5227.0, 5370.0, 4461.0, 3455.0, 3488.0, 4447.0, 6033.0, 6853.0, 5097.0, 3538.0, 3143.0, 2722.0, 3703.0, 4921.0, 2995.0, 2756.0, 2679.0, 2302.0]",13712826.277344875
5,0.8,9,"[{""x"": -0.40662288665771484, ""y"": 0.7342100143432617, ""z"": 0.0, ""velocity"": 0.0, ""snr"": 0.0}, {""x"": -0.4050135612487793, ""y"": 0.7706880569458008, ""z"": 0.0, ""velocity"": 0.0, ""snr"": 0.0}, {""x"": -0.39964914321899414, ""y"": 0.790715217590332, ""z"": 0.0, ""velocity"": 0.0, ""snr"": 0.0}, {""x"": -0.39267539978027344, ""y"": 0.805199146270752, ""z"": 0.0, ""velocity"": 0.0, ""snr"": 0.0}, {""x"": -0.3826618194580078, ""y"": 0.839531421661377, ""z"": 0.0, ""velocity"": 0.0, ""snr"": 0.0}, {""x"": -0.21797418594360352, ""y"": 1.0750293731689453, ""z"": 0.0, ""velocity"": 0.0, ""snr"": 0.0}, {""x"": 0.40018558502197266, ""y"": 0.9434223175048828, ""z"": 0.0, ""velocity"": 0.0, ""snr"": 0.0}, {""x"": 0.34368038177490234, ""y"": 0.9752511978149414, ""z"": 0.0, ""velocity"": 0.0, ""snr"": 0.0}, {""x"": 1.8950700759887695, ""y"": 1.7257332801818848, ""z"": 0.0, ""velocity"": 0.0, ""snr"": 0.0}]","[142983.0, 218259.0, 150692.0, 46523.0, 9481.0, 3049.0, 1980.0, 2316.0, 3192.0, 3040.0, 2786.0, 4083.0, 5187.0, 7907.0, 7949.0, 4625.0, 3949.0, 14780.0, 75259.0, 161202.0, 153990.0, 69402.0, 59223.0, 57673.0, 60901.0, 52491.0, 23341.0, 6725.0, 3876.0, 3571.0, 3544.0, 5538.0, 8757.0, 8636.0, 14244.0, 15961.0, 38508.0, 48815.0, 26301.0, 19817.0, 21898.0, 15761.0, 12710.0, 15074.0, 16557.0, 31222.0, 42653.0, 31200.0, 18279.0, 34613.0, 36101.0, 16961.0, 15936.0, 31002.0, 32862.0, 18550.0, 20882.0, 18287.0, 18195.0, 9809.0, 10188.0, 12309.0, 9377.0, 7290.0, 7647.0, 8449.0, 9060.0, 7536.0, 8420.0, 9065.0, 7216.0, 5695.0, 4676.0, 5444.0, 6356.0, 6328.0, 6309.0, 5704.0, 6733.0, 9054.0, 7431.0, 5947.0, 5339.0, 5764.0, 6540.0, 6020.0, 5278.0, 6001.0, 5166.0, 4237.0, 4679.0, 3785.0, 4235.0, 4477.0, 6170.0, 7687.0, 5956.0, 4381.0, 5039.0, 6402.0, 6730.0, 8478.0, 7277.0, 4090.0, 5499.0, 4290.0, 4412.0, 5200.0, 3829.0, 3754.0, 4985.0, 5183.0, 4813.0, 3938.0, 4595.0, 5609.0, 7246.0, 7636.0, 5513.0, 4001.0, 3170.0, 2938.0, 3296.0, 4883.0, 3892.0, 3169.0, 2650.0, 2478.0]",13438052.137186782
6,0.8,10,"[{""x"": -0.5031824111938477, ""y"": 0.6496310234069824, ""z"": 0.0, ""velocity"": 0.0, ""snr"": 0.0}, {""x"": -0.2326369285583496, ""y"": 0.9822249412536621, ""z"": 0.0, ""velocity"": 0.0, ""snr"": 0.0}, {""x"": -0.2818107604980469, ""y"": 1.0061860084533691, ""z"": 0.0, ""velocity"": 0.0, ""snr"": 0.0}, {""x"": -0.07295608520507812, ""y"": 0.8756518363952637, ""z"": 0.0, ""velocity"": 0.0, ""snr"": 0.0}, {""x"": -0.14215707778930664, ""y"": 0.8953213691711426, ""z"": 0.0, ""velocity"": 0.0, ""snr"": 0.0}, {""x"": -0.15628337860107422, ""y"": 0.9473562240600586, ""z"": 0.0, ""velocity"": 0.0, ""snr"": 0.0}, {""x"": -0.15789270401000977, ""y"": 2.5128722190856934, ""z"": 0.0, ""velocity"": 0.0, ""snr"": 0.0}, {""x"": -0.40090084075927734, ""y"": 2.5151968002319336, ""z"": 0.0, ""velocity"": 0.0, ""snr"": 0.0}, {""x"": -0.01233816146850586, ""y"": 0.8654594421386719, ""z"": 0.0, ""velocity"": 0.0, ""snr"": 0.0}, {""x"": -0.01430511474609375, ""y"": 2.424001693725586, ""z"": 0.0, ""velocity"": 0.0, ""snr"": 0.0}]","[142931.0, 218384.0, 150706.0, 46263.0, 9505.0, 3372.0, 1986.0, 2327.0, 3507.0, 3179.0, 3069.0, 4446.0, 4952.0, 7406.0, 7220.0, 5378.0, 5905.0, 13509.0, 46239.0, 78601.0, 62840.0, 56494.0, 63484.0, 60223.0, 46495.0, 40169.0, 23033.0, 7691.0, 3738.0, 5028.0, 4722.0, 3342.0, 5307.0, 33564337.0, 100860929.0, 460805.0, 2684683523.0, 838860802.0, 2835352164.0, 0.0, 134217728.0, 33554432.0, 4278190080.0, 771751935.0, 1677721601.0, 0.0, 758725504.0, 3784409.0, 4096000.0, 138379264.0, 100663296.0, 1279478.0, 1140850688.0, 2113231690.0, 20.0, 1112163072.0, 1493240.0, 1040187392.0, 4261275470.0, 19.0, 944648448.0, 1322493.0, 1358954496.0, 704423502.0, 20.0, 139090432.0, 2458364.0, 1174405120.0, 1778102346.0, 38.0, 776552448.0, 1.0, 2785017858.0, 3791651372.0, 2701132629.0, 2013266516.0, 3321888948.0, 1593835589.0, 603979852.0, 3741319225.0, 704643101.0, 2315255824.0, 3523215374.0, 637534217.0, 218103830.0, 1694498862.0, 2415919177.0, 1275068467.0, 1929379858.0, 2466250765.0, 1660944396.0, 3154116630.0, 2214592636.0, 2684354861.0, 1342177551.0, 3640656008.0, 4227858572.0, 301990071.0, 671088802.0, 4261412924.0, 2063597587.0, 956301330.0, 2231369746.0, 201326620.0, 4177526806.0, 3489660941.0, 3674210331.0, 1375731752.0, 1073741903.0, 1744830606.0, 1644167354.0, 4227858584.0, 4110418032.0, 4026531922.0, 2835349571.0, 1677721630.0, 2952790052.0, 3456106527.0, 2902458396.0, 50331676.0, 1912602651.0, 4076863533.0, 1946157106.0, 436207647.0, 989855783.0, 2868903978.0, 2080374843.0, 4261412929.0]",1245562976.2732177
7,0.8,11,"[{""x"": -0.080108642578125, ""y"": 0.9162425994873047, ""z"": 0.0, ""velocity"": 0.0, ""snr"": 0.0}, {""x"": -0.10067224502563477, ""y"": 0.9232163429260254, ""z"": 0.0, ""velocity"": 0.0, ""snr"": 0.0}, {""x"": -0.15020370483398438, ""y"": 1.0668039321899414, ""z"": 0.0, ""velocity"": 0.0, ""snr"": 0.0}, {""x"": -0.17720460891723633, ""y"": 1.0889768600463867, ""z"": 0.0, ""velocity"": 0.0, ""snr"": 0.0}, {""x"": -0.012695789337158203, ""y"": 0.9298324584960938, ""z"": 0.0, ""velocity"": 0.0, ""snr"": 0.0}, {""x"": -0.07581710815429688, ""y"": 1.734316349029541, ""z"": 0.0, ""velocity"": 0.0, ""snr"": 0.0}, {""x"": -0.07832050323486328, ""y"": 1.7813444137573242, ""z"": 0.0, ""velocity"": 0.0, ""snr"": 0.0}, {""x"": 0.3962516784667969, ""y"": 0.916600227355957, ""z"": 0.0, ""velocity"": 0.0, ""snr"": 0.0}, {""x"": 0.46634674072265625, ""y"": 0.9262561798095703, ""z"": 0.0, ""velocity"": 0.0, ""snr"": 0.0}, {""x"": 2.1030306816101074, ""y"": 1.5578269958496094, ""z"": 0.0, ""velocity"": 0.0, ""snr"": 0.0}, {""x"": 2.035081386566162, ""y"": 1.6813874244689941, ""z"": 0.0, ""velocity"": 0.0, ""snr"": 0.0}]","[142994.0, 217985.0, 149111.0, 49469.0, 15569.0, 18228.0, 15050.0, 7695.0, 4040.0, 3600.0, 3011.0, 4201.0, 9993.0, 17024.0, 12106.0, 4892.0, 3334.0, 2970.0, 4943.0, 29951.0, 70975.0, 56865.0, 42144.0, 32951.0, 46689.0, 40542.0, 15803.0, 3876.0, 2705.0, 4166.0, 7429.0, 6301.0, 3294.0, 9012.0, 16292.0, 24855.0, 36084.0, 35022.0, 24561.0, 29243.0, 22461.0, 14940.0, 6733.0, 8735.0, 8065.0, 6129.0, 8908.0, 9267.0, 11140.0, 13040.0, 12745.0, 11811.0, 13873.0, 13496.0, 17166.0, 11398.0, 16065.0, 20570.0, 21867.0, 11057.0, 11161.0, 6916.0, 6926.0, 9298.0, 11243.0, 9711.0, 10608.0, 8029.0, 6562.0, 6567.0, 7621.0, 6597.0, 10344.0, 13948.0, 13876.0, 11407.0, 9161.0, 7005.0, 7197.0, 9045.0, 7520.0, 4855.0, 5537.0, 6691.0, 5154.0, 5428.0, 6337.0, 5488.0, 4466.0, 5028.0, 5909.0, 5574.0, 4731.0, 5920.0, 6307.0, 5191.0, 4926.0, 4179.0, 5304.0, 6962.0, 8056.0, 8974.0, 7080.0, 3072.0, 3702.0, 3604.0, 4075.0, 3609.0, 3086.0, 3433.0, 3420.0, 3929.0, 4224.0, 3758.0, 3218.0, 4025.0, 5111.0, 5343.0, 3902.0, 2761.0, 2922.0, 2611.0, 3994.0, 4908.0, 3880.0, 2286.0, 2144.0, 3054.0]",37949547.53272216
8,0.8,9,"[{""x"": -0.3172159194946289, ""y"": 0.932157039642334, ""z"": 0.0, ""velocity"": 0.0, ""snr"": 0.0}, {""x"": -0.24890899658203125, ""y"": 0.9296536445617676, ""z"": 0.0, ""velocity"": 0.0, ""snr"": 0.0}, {""x"": -0.13947486877441406, ""y"": 0.9239315986633301, ""z"": 0.0, ""velocity"": 0.0, ""snr"": 0.0}, {""x"": -0.09441375732421875, ""y"": 1.1140108108520508, ""z"": 0.0, ""velocity"": 0.0, ""snr"": 0.0}, {""x"": -0.05507469177246094, ""y"": 1.110076904296875, ""z"": 0.0, ""velocity"": 0.0, ""snr"": 0.0}, {""x"": -0.07170438766479492, ""y"": 1.6976594924926758, ""z"": 0.0, ""velocity"": 0.0, ""snr"": 0.0}, {""x"": -0.059723854064941406, ""y"": 1.737356185913086, ""z"": 0.0, ""velocity"": 0.0, ""snr"": 0.0}, {""x"": -0.07832050323486328, ""y"": 1.770615577697754, ""z"": 0.0, ""velocity"": 0.0, ""snr"": 0.0}, {""x"": 0.2639293670654297, ""y"": 1.037299633026123, ""z"": 0.0, ""velocity"": 0.0, ""snr"": 0.0}]","[142778.0, 218305.0, 148461.0, 47285.0, 17187.0, 18117.0, 15653.0, 8065.0, 3901.0, 3065.0, 2678.0, 5577.0, 10037.0, 16177.0, 12611.0, 4734.0, 3345.0, 3442.0, 3721.0, 21655.0, 50364.0, 54801.0, 51041.0, 34778.0, 62623.0, 54009.0, 17905.0, 6002.0, 5414.0, 4089.0, 7668.0, 6931.0, 3590.0, 8749.0, 15284.0, 20072.0, 26276.0, 26268.0, 31825.0, 25193.0, 21655.0, 19067.0, 6817.0, 7542.0, 10379.0, 9127.0, 7720.0, 8088.0, 8477.0, 8283.0, 7333.0, 8457.0, 12254.0, 18781.0, 18196.0, 9600.0, 15744.0, 17671.0, 20699.0, 14603.0, 11367.0, 10800.0, 15428.0, 21630.0, 17980.0, 8652.0, 6151.0, 6379.0, 6318.0, 9771.0, 7095.0, 7381.0, 6221.0, 8318.0, 7112.0, 5952.0, 5540.0, 5626.0, 6414.0, 13273.0, 11856.0, 8368.0, 5704.0, 5184.0, 5872.0, 6184.0, 7285.0, 5048.0, 7012.0, 5073.0, 3977.0, 5177.0, 5275.0, 3576.0, 3795.0, 5754.0, 6279.0, 6555.0, 6766.0, 7024.0, 7366.0, 9969.0, 8734.0, 4984.0, 4746.0, 2857.0, 2727.0, 3146.0, 3438.0, 4205.0, 3534.0, 4313.0, 4227.0, 3762.0, 3137.0, 5290.0, 6394.0, 6309.0, 4251.0, 3251.0, 3350.0, 3558.0, 4722.0, 5377.0, 2549.0, 3245.0, 2908.0, 2788.0]",37190842.81060678
9,0.8,10,"[{""x"": -0.18167495727539062, ""y"": 0.9491443634033203, ""z"": 0.0, ""velocity"": 0.0, ""snr"": 0.0}, {""x"": -0.29343366622924805, ""y"": 0.9520053863525391, ""z"": 0.0, ""velocity"": 0.0, ""snr"": 0.0}, {""x"": -0.21117925643920898, ""y"": 1.093447208404541, ""z"": 0.0, ""velocity"": 0.0, ""snr"": 0.0}, {""x"": -0.08493661880493164, ""y"": 0.9380578994750977, ""z"": 0.0, ""velocity"": 0.0, ""snr"": 0.0}, {""x"": -0.09709596633911133, ""y"": 1.0905861854553223, ""z"": 0.0, ""velocity"": 0.0, ""snr"": 0.0}, {""x"": -0.1995563507080078, ""y"": 1.7112493515014648, ""z"": 0.0, ""velocity"": 0.0, ""snr"": 0.0}, {""x"": -0.03343820571899414, ""y"": 0.9178519248962402, ""z"": 0.0, ""velocity"": 0.0, ""snr"": 0.0}, {""x"": 0.0355839729309082, ""y"": 1.062154769897461, ""z"": 0.0, ""velocity"": 0.0, ""snr"": 0.0}, {""x"": 2.221226692199707, ""y"": 1.073777675628662, ""z"": 0.0, ""velocity"": 0.0, ""snr"": 0.0}, {""x"": 2.2342801094055176, ""y"": 1.2416839599609375, ""z"": 0.0, ""velocity"": 0.0, ""snr"": 0.0}]","[143172.0, 218515.0, 149368.0, 45442.0, 13687.0, 12726.0, 12482.0, 7625.0, 3891.0, 2832.0, 2610.0, 3162.0, 7948.0, 15750.0, 12203.0, 5098.0, 2502.0, 2943.0, 5888.0, 30053.0, 73047.0, 93493.0, 80887.0, 72896.0, 87653.0, 59358.0, 19567.0, 4411.0, 3679.0, 3785.0, 7961.0, 7926.0, 4071.0, 10766.0, 14614.0, 14146.0, 30027.0, 36507.0, 27173.0, 19269.0, 15415.0, 10130.0, 7619.0, 9291.0, 8560.0, 5413.0, 9253.0, 12857.0, 11255.0, 9986.0, 11465.0, 10799.0, 16563.0, 24767.0, 28398.0, 20214.0, 20023.0, 15751.0, 13074.0, 12238.0, 11218.0, 7372.0, 8913.0, 12303.0, 13814.0, 10553.0, 7889.0, 6598.0, 5007.0, 6079.0, 6293.0, 5361.0, 4922.0, 5417.0, 6085.0, 5970.0, 4850.0, 5611.0, 8459.0, 9957.0, 9560.0, 8138.0, 6640.0, 7352.0, 5902.0, 6865.0, 7986.0, 6653.0, 5160.0, 5733.0, 6608.0, 6100.0, 4386.0, 3644.0, 4363.0, 5756.0, 5056.0, 4866.0, 6368.0, 6957.0, 5810.0, 9792.0, 8204.0, 3838.0, 4575.0, 4512.0, 4372.0, 3121.0, 2808.0, 3341.0, 3975.0, 4381.0, 4584.0, 4039.0, 3475.0, 4877.0, 5901.0, 6514.0, 4320.0, 3949.0, 4138.0, 4213.0, 5266.0, 5733.0, 2688.0, 3442.0, 2956.0, 2965.0]",36447794.28864821
10,0.8,9,"[{""x"": -0.5174875259399414, ""y"": 0.8695721626281738, ""z"": 0.0, ""velocity"": 0.0, ""snr"": 0.0}, {""x"": -0.18095970153808594, ""y"": 0.9160637855529785, ""z"": 0.0, ""velocity"": 0.0, ""snr"": 0.0}, {""x"": -0.07528066635131836, ""y"": 1.1075735092163086, ""z"": 0.0, ""velocity"": 0.0, ""snr"": 0.0}, {""x"": -0.03039836883544922, ""y"": 0.9720325469970703, ""z"": 0.0, ""velocity"": 0.0, ""snr"": 0.0}, {""x"": -0.025391578674316406, ""y"": 1.0698437690734863, ""z"": 0.0, ""velocity"": 0.0, ""snr"": 0.0}, {""x"": -0.056862831115722656, ""y"": 1.094520092010498, ""z"": 0.0, ""velocity"": 0.0, ""snr"": 0.0}, {""x"": 1.8033385276794434, ""y"": 1.6586780548095703, ""z"": 0.0, ""velocity"": 0.0, ""snr"": 0.0}, {""x"": 1.9826889038085938, ""y"": 1.4753937721252441, ""z"": 0.0, ""velocity"": 0.0, ""snr"": 0.0}, {""x"": 2.1291375160217285, ""y"": 1.3221502304077148, ""z"": 0.0, ""velocity"": 0.0, ""snr"": 0.0}]","[142779.0, 218616.0, 149988.0, 43999.0, 19303.0, 14989.0, 15515.0, 9215.0, 4910.0, 3166.0, 2650.0, 5266.0, 10275.0, 12525.0, 12774.0, 9679.0, 4666.0, 4491.0, 5230.0, 18691.0, 30482.0, 39453.0, 49416.0, 59524.0, 79962.0, 53574.0, 16201.0, 5189.0, 4407.0, 5066.0, 9277.0, 8826.0, 5624.0, 11917.0, 18286.0, 19533.0, 27836.0, 34791.0, 14737.0, 11836.0, 14035.0, 7382.0, 3791.0, 6803.0, 6578.0, 5655.0, 11365.0, 9958.0, 8632.0, 11274.0, 8066.0, 8554.0, 12114.0, 26634.0, 33422.0, 27079.0, 21500.0, 9723.0, 13378.0, 14567.0, 11191.0, 10048.0, 8394.0, 8556.0, 9894.0, 8270.0, 8388.0, 7137.0, 7353.0, 8569.0, 7326.0, 7538.0, 12176.0, 12250.0, 8320.0, 5378.0, 5486.0, 4914.0, 5143.0, 10216.0, 12258.0, 10519.0, 6879.0, 7226.0, 7387.0, 8450.0, 7611.0, 4182.0, 3834.0, 5267.0, 5300.0, 4977.0, 3857.0, 3257.0, 4859.0, 7515.0, 7311.0, 6092.0, 6434.0, 6456.0, 6945.0, 10663.0, 8915.0, 4123.0, 3680.0, 3647.0, 3543.0, 2862.0, 3196.0, 4215.0, 4201.0, 3435.0, 3686.0, 3263.0, 2866.0, 3914.0, 5231.0, 5663.0, 4321.0, 3859.0, 4141.0, 4915.0, 6713.0, 6891.0, 3328.0, 3619.0, 3067.0, 3036.0]",35718538.04064508
11,0.8,11,"[{""x"": -0.045418739318847656, ""y"": 0.14036893844604492, ""z"": 0.0, ""velocity"": 0.0, ""snr"": 0.0}, {""x"": -0.22530555725097656, ""y"": 0.9784698486328125, ""z"": 0.0, ""velocity"": 0.0, ""snr"": 0.0}, {""x"": -0.11676549911499023, ""y"": 0.9505748748779297, ""z"": 0.0, ""velocity"": 0.0, ""snr"": 0.0}, {""x"": -0.15807151794433594, ""y"": 0.9693503379821777, ""z"": 0.0, ""velocity"": 0.0, ""snr"": 0.0}, {""x"": -0.007867813110351562, ""y"": 1.1057853698730469, ""z"": 0.0, ""velocity"": 0.0, ""snr"": 0.0}, {""x"": 0.09888410568237305, ""y"": 1.0743141174316406, ""z"": 0.0, ""velocity"": 0.0, ""snr"": 0.0}, {""x"": 0.3662109375, ""y"": 0.988304615020752, ""z"": 0.0, ""velocity"": 0.0, ""snr"": 0.0}, {""x"": 1.920461654663086, ""y"": 1.53350830078125, ""z"": 0.0, ""velocity"": 0.0, ""snr"": 0.0}, {""x"": 1.897573471069336, ""y"": 1.5930533409118652, ""z"": 0.0, ""velocity"": 0.0, ""snr"": 0.0}, {""x"": 1.8791556358337402, ""y"": 1.6554594039916992, ""z"": 0.0, ""velocity"": 0.0, ""snr"": 0.0}, {""x"": 1.9317269325256348, ""y"": 1.651167869567871, ""z"": 0.0, ""velocity"": 0.0, ""snr"": 0.0}]","[143046.0, 218097.0, 151073.0, 51811.0, 27552.0, 10175.0, 8740.0, 11687.0, 9745.0, 5230.0, 3040.0, 5964.0, 9026.0, 8034.0, 5034.0, 4046.0, 3779.0, 3655.0, 4584.0, 11726.0, 38233.0, 80120.0, 95884.0, 104945.0, 77294.0, 40281.0, 15192.0, 4584.0, 3949.0, 5127.0, 8462.0, 7895.0, 5320.0, 9023.0, 13741.0, 16558.0, 29165.0, 33091.0, 15227.0, 11742.0, 12638.0, 7642.0, 5227.0, 8792.0, 8468.0, 6315.0, 9725.0, 7118.0, 10439.0, 11178.0, 12487.0, 11528.0, 17104.0, 27975.0, 42246.0, 35624.0, 25149.0, 14676.0, 21043.0, 20818.0, 14733.0, 11131.0, 12165.0, 10661.0, 10005.0, 10876.0, 11133.0, 7827.0, 5732.0, 6078.0, 6955.0, 6097.0, 7271.0, 9882.0, 9481.0, 6513.0, 5147.0, 5584.0, 7702.0, 10309.0, 8500.0, 7960.0, 6671.0, 7142.0, 6779.0, 6181.0, 6028.0, 4331.0, 5014.0, 4415.0, 4316.0, 4428.0, 3909.0, 3399.0, 3808.0, 5022.0, 5185.0, 5173.0, 4555.0, 5447.0, 8635.0, 10816.0, 9086.0, 4740.0, 4211.0, 4298.0, 4031.0, 4670.0, 3774.0, 3507.0, 3318.0, 4280.0, 4180.0, 3051.0, 2800.0, 3509.0, 5390.0, 5551.0, 3411.0, 3966.0, 4464.0, 4858.0, 6370.0, 6535.0, 3574.0, 2931.0, 2763.0, 2629.0]",35004489.61795708
12,0.8,8,"[{""x"": -0.19186735153198242, ""y"": 0.9350180625915527, ""z"": 0.0, ""velocity"": 0.0, ""snr"": 0.0}, {""x"": -0.2878904342651367, ""y"": 0.9625554084777832, ""z"": 0.0, ""velocity"": 0.0, ""snr"": 0.0}, {""x"": -0.13589859008789062, ""y"": 0.9278655052185059, ""z"": 0.0, ""velocity"": 0.0, ""snr"": 0.0}, {""x"": -0.16325712203979492, ""y"": 1.0474920272827148, ""z"": 0.0, ""velocity"": 0.0, ""snr"": 0.0}, {""x"": -0.16236305236816406, ""y"": 1.062154769897461, ""z"": 0.0, ""velocity"": 0.0, ""snr"": 0.0}, {""x"": 2.026677131652832, ""y"": 1.3838410377502441, ""z"": 0.0, ""velocity"": 0.0, ""snr"": 0.0}, {""x"": 2.0987391471862793, ""y"": 1.3121366500854492, ""z"": 0.0, ""velocity"": 0.0, ""snr"": 0.0}, {""x"": 2.159714698791504, ""y"": 1.265108585357666, ""z"": 0.0, ""velocity"": 0.0, ""snr"": 0.0}]","[142733.0, 218508.0, 150907.0, 48466.0, 15465.0, 6715.0, 5582.0, 6414.0, 3602.0, 4965.0, 6638.0, 8758.0, 12367.0, 20895.0, 16691.0, 6693.0, 6177.0, 3520.0, 4982.0, 28981.0, 74120.0, 80866.0, 53353.0, 76067.0, 68348.0, 25372.0, 15686.0, 7265.0, 5070.0, 5007.0, 8075.0, 9339.0, 4461.0, 11747.0, 15924.0, 16845.0, 29511.0, 33591.0, 24423.0, 22343.0, 18748.0, 10621.0, 9567.0, 8570.0, 9173.0, 8319.0, 12194.0, 10580.0, 14173.0, 20185.0, 13393.0, 17733.0, 20859.0, 30954.0, 42674.0, 34930.0, 24571.0, 18732.0, 17633.0, 17822.0, 12861.0, 8613.0, 10712.0, 14225.0, 12912.0, 9338.0, 10318.0, 8602.0, 6624.0, 9081.0, 8576.0, 7252.0, 8384.0, 8620.0, 7947.0, 5486.0, 5706.0, 6914.0, 7604.0, 9883.0, 7445.0, 7207.0, 9831.0, 8728.0, 6436.0, 6567.0, 4750.0, 4376.0, 4296.0, 4578.0, 4620.0, 6617.0, 7576.0, 5514.0, 4924.0, 6314.0, 5878.0, 4754.0, 5750.0, 6724.0, 6753.0, 9640.0, 7852.0, 3666.0, 4233.0, 5126.0, 7619.0, 6033.0, 3387.0, 4077.0, 3249.0, 3863.0, 4015.0, 3451.0, 2433.0, 3630.0, 5824.0, 5988.0, 4613.0, 4474.0, 3935.0, 4716.0, 6854.0, 5667.0, 3284.0, 2853.0, 2214.0, 3042.0]",34302475.42022631
13,0.8,8,"[{""x"": -0.3561973571777344, ""y"": 0.908195972442627, ""z"": 0.0, ""velocity"": 0.0, ""snr"": 0.0}, {""x"": -0.4252195358276367, ""y"": 0.9496808052062988, ""z"": 0.0, ""velocity"": 0.0, ""snr"": 0.0}, {""x"": -0.37604570388793945, ""y"": 0.9961724281311035, ""z"": 0.0, ""velocity"": 0.0, ""snr"": 0.0}, {""x"": -0.15306472778320312, ""y"": 0.9047985076904297, ""z"": 0.0, ""velocity"": 0.0, ""snr"": 0.0}, {""x"": 0.44971704483032227, ""y"": 0.9995698928833008, ""z"": 0.0, ""velocity"": 0.0, ""snr"": 0.0}, {""x"": 0.45490264892578125, ""y"": 1.0129809379577637, ""z"": 0.0, ""velocity"": 0.0, ""snr"": 0.0}, {""x"": 1.970350742340088, ""y"": 1.4871954917907715, ""z"": 0.0, ""velocity"": 0.0, ""snr"": 0.0}, {""x"": 1.872718334197998, ""y"": 1.6661882400512695, ""z"": 0.0, ""velocity"": 0.0, ""snr"": 0.0}]","[143066.0, 218418.0, 150611.0, 46492.0, 11159.0, 4948.0, 3073.0, 3633.0, 3652.0, 4051.0, 4072.0, 4831.0, 7301.0, 12309.0, 8670.0, 4772.0, 4504.0, 4361.0, 4793.0, 15714.0, 26789.0, 19004.0, 36429.0, 72344.0, 73338.0, 48452.0, 15242.0, 4699.0, 4499.0, 5443.0, 8599.0, 9238.0, 9334.0, 16206.0, 18426.0, 20572.0, 38707.0, 44696.0, 15761.0, 20731.0, 19603.0, 9105.0, 6059.0, 9310.0, 9804.0, 6876.0, 14748.0, 10815.0, 15749.0, 26759.0, 14887.0, 20668.0, 20153.0, 26293.0, 30026.0, 23054.0, 19542.0, 17562.0, 15782.0, 15518.0, 11095.0, 6322.0, 6090.0, 9747.0, 8010.0, 5289.0, 11985.0, 11881.0, 5872.0, 5963.0, 5995.0, 6448.0, 5254.0, 6851.0, 6085.0, 5996.0, 7260.0, 6050.0, 6338.0, 9607.0, 7874.0, 6189.0, 6794.0, 8205.0, 6562.0, 6292.0, 5460.0, 3492.0, 4163.0, 4779.0, 5247.0, 6104.0, 8613.0, 10227.0, 9219.0, 5872.0, 5025.0, 4473.0, 3967.0, 4955.0, 7294.0, 8935.0, 8447.0, 5914.0, 5173.0, 3897.0, 4547.0, 4270.0, 3315.0, 4896.0, 3926.0, 4249.0, 3624.0, 2638.0, 3068.0, 5117.0, 7139.0, 7087.0, 4557.0, 3466.0, 4323.0, 4483.0, 5537.0, 5363.0, 3718.0, 3554.0, 2783.0, 3128.0]",33617528.2955419
14,0.8,8,"[{""x"": -0.23227930068969727, ""y"": 0.9641647338867188, ""z"": 0.0, ""velocity"": 0.0, ""snr"": 0.0}, {""x"": -0.13875961303710938, ""y"": 0.9008646011352539, ""z"": 0.0, ""velocity"": 0.0, ""snr"": 0.0}, {""x"": -0.14770030975341797, ""y"": 0.910341739654541, ""z"": 0.0, ""velocity"": 0.0, ""snr"": 0.0}, {""x"": -0.1410841941833496, ""y"": 0.9284019470214844, ""z"": 0.0, ""velocity"": 0.0, ""snr"": 0.0}, {""x"": 0.29289722442626953, ""y"": 1.069486141204834, ""z"": 0.0, ""velocity"": 0.0, ""snr"": 0.0}, {""x"": 0.31685829162597656, ""y"": 1.0753870010375977, ""z"": 0.0, ""velocity"": 0.0, ""snr"": 0.0}, {""x"": 1.970350742340088, ""y"": 1.547098159790039, ""z"": 0.0, ""velocity"": 0.0, ""snr"": 0.0}, {""x"": 2.0477771759033203, ""y"": 1.3900995254516602, ""z"": 0.0, ""velocity"": 0.0, ""snr"": 0.0}]","[142765.0, 218545.0, 150682.0, 46314.0, 11457.0, 5599.0, 2990.0, 3118.0, 3285.0, 3214.0, 2627.0, 4261.0, 9281.0, 15768.0, 15054.0, 6390.0, 3579.0, 3627.0, 13609.0, 63965.0, 113239.0, 85902.0, 47377.0, 53354.0, 60563.0, 56690.0, 21522.0, 4187.0, 3981.0, 3873.0, 8349.0, 8076.0, 7418.0, 16796.0, 22453.0, 32852.0, 43334.0, 49077.0, 39191.0, 37849.0, 33375.0, 19232.0, 11503.0, 10074.0, 9563.0, 10348.0, 14581.0, 10627.0, 11586.0, 18142.0, 12006.0, 9809.0, 14267.0, 26093.0, 36696.0, 30646.0, 22252.0, 17652.0, 12733.0, 13109.0, 11616.0, 7102.0, 8378.0, 6416.0, 7615.0, 5988.0, 5698.0, 5674.0, 4728.0, 6749.0, 7210.0, 5820.0, 5289.0, 8104.0, 7036.0, 6366.0, 4632.0, 5515.0, 5632.0, 7427.0, 8149.0, 11092.0, 13810.0, 8684.0, 8196.0, 7074.0, 9503.0, 7769.0, 5438.0, 8981.0, 8934.0, 6689.0, 5614.0, 9038.0, 11635.0, 9721.0, 6835.0, 4289.0, 5074.0, 6845.0, 7401.0, 8961.0, 7842.0, 3906.0, 3093.0, 3280.0, 3882.0, 4411.0, 4161.0, 3910.0, 3803.0, 4228.0, 3887.0, 3198.0, 4414.0, 4876.0, 6775.0, 6824.0, 3878.0, 3914.0, 4468.0, 3774.0, 4850.0, 5671.0, 3173.0, 2587.0, 2824.0, 3105.0]",32944121.851923294
15,0.8,12,"[{""x"": -0.31685829162597656, ""y"": 0.9423494338989258, ""z"": 0.0, ""velocity"": 0.0, ""snr"": 0.0}, {""x"": -0.39142370223999023, ""y"": 0.956118106842041, ""z"": 0.0, ""velocity"": 0.0, ""snr"": 0.0}, {""x"": -0.20956993103027344, ""y"": 0.9223222732543945, ""z"": 0.0, ""velocity"": 0.0, ""snr"": 0.0}, {""x"": -0.12481212615966797, ""y"": 0.8761882781982422, ""z"": 0.0, ""velocity"": 0.0, ""snr"": 0.0}, {""x"": -0.1437664031982422, ""y"": 0.897824764251709, ""z"": 0.0, ""velocity"": 0.0, ""snr"": 0.0}, {""x"": -0.15807151794433594, ""y"": 0.9069442749023438, ""z"": 0.0, ""velocity"": 0.0, ""snr"": 0.0}, {""x"": 0.3222227096557617, ""y"": 1.0378360748291016, ""z"": 0.0, ""velocity"": 0.0, ""snr"": 0.0}, {""x"": 0.3865957260131836, ""y"": 0.9984970092773438, ""z"": 0.0, ""velocity"": 0.0, ""snr"": 0.0}, {""x"": 2.1840333938598633, ""y"": 1.1233091354370117, ""z"": 0.0, ""velocity"": 0.0, ""snr"": 0.0}, {""x"": 2.057969570159912, ""y"": 1.3709664344787598, ""z"": 0.0, ""velocity"": 0.0, ""snr"": 0.0}, {""x"": 2.0384788513183594, ""y"": 1.4494657516479492, ""z"": 0.0, ""velocity"": 0.0, ""snr"": 0.0}, {""x"": 2.1434426307678223, ""y"": 1.3757944107055664, ""z"": 0.0, ""velocity"": 0.0, ""snr"": 0.0}]","[143028.0, 218599.0, 150629.0, 46299.0, 9861.0, 4074.0, 2946.0, 2392.0, 3462.0, 3353.0, 3144.0, 4586.0, 6446.0, 8771.0, 8988.0, 7230.0, 4374.0, 4365.0, 22870.0, 104375.0, 169645.0, 135272.0, 91621.0, 75431.0, 84182.0, 40792.0, 9197.0, 8918.0, 4798.0, 5930.0, 8879.0, 8239.0, 6825.0, 13851.0, 16657.0, 18540.0, 38417.0, 46382.0, 24052.0, 17521.0, 27220.0, 16744.0, 12042.0, 11104.0, 9763.0, 8954.0, 9544.0, 7719.0, 7870.0, 12377.0, 15614.0, 18538.0, 23018.0, 28446.0, 38999.0, 29433.0, 20768.0, 21647.0, 20058.0, 12353.0, 12096.0, 8212.0, 8065.0, 9748.0, 8999.0, 7596.0, 7744.0, 12177.0, 12097.0, 8192.0, 7431.0, 5853.0, 4520.0, 4709.0, 6577.0, 8044.0, 7050.0, 4487.0, 5859.0, 9717.0, 8217.0, 7819.0, 5805.0, 8414.0, 5092.0, 6894.0, 6018.0, 7332.0, 5275.0, 4864.0, 4813.0, 3847.0, 3717.0, 4841.0, 8898.0, 9680.0, 7380.0, 4269.0, 4687.0, 6288.0, 6324.0, 7298.0, 7046.0, 4712.0, 5409.0, 4598.0, 3297.0, 3365.0, 3813.0, 3600.0, 4129.0, 4400.0, 4753.0, 4059.0, 3524.0, 4637.0, 6384.0, 6425.0, 3682.0, 3040.0, 3351.0, 2960.0, 4706.0, 5287.0, 2504.0, 2516.0, 2372.0, 2607.0]",32287316.118843574
16,0.8,10,"[{""x"": -0.34314393997192383, ""y"": 0.9180307388305664, ""z"": 0.0, ""velocity"": 0.0, ""snr"": 0.0}, {""x"": -0.2524852752685547, ""y"": 0.9033679962158203, ""z"": 0.0, ""velocity"": 0.0, ""snr"": 0.0}, {""x"": -0.1405477523803711, ""y"": 0.8949637413024902, ""z"": 0.0, ""velocity"": 0.0, ""snr"": 0.0}, {""x"": -0.16862154006958008, ""y"": 0.8972883224487305, ""z"": 0.0, ""velocity"": 0.0, ""snr"": 0.0}, {""x"": -0.23818016052246094, ""y"": 1.7309188842773438, ""z"": 0.0, ""velocity"": 0.0, ""snr"": 0.0}, {""x"": -0.31256675720214844, ""y"": 1.7475485801696777, ""z"": 0.0, ""velocity"": 0.0, ""snr"": 0.0}, {""x"": 0.022709369659423828, ""y"": 1.073777675628662, ""z"": 0.0, ""velocity"": 0.0, ""snr"": 0.0}, {""x"": 0.11265277862548828, ""y"": 1.0984539985656738, ""z"": 0.0, ""velocity"": 0.0, ""snr"": 0.0}, {""x"": 2.235889434814453, ""y"": 1.048743724822998, ""z"": 0.0, ""velocity"": 0.0, ""snr"": 0.0}, {""x"": 2.124309539794922, ""y"": 1.3241171836853027, ""z"": 0.0, ""velocity"": 0.0, ""snr"": 0.0}]","[143195.0, 218850.0, 150820.0, 46444.0, 9637.0, 3925.0, 2811.0, 2753.0, 3398.0, 3219.0, 2537.0, 3321.0, 9658.0, 17704.0, 14371.0, 6212.0, 2874.0, 2639.0, 17706.0, 74569.0, 108268.0, 72936.0, 44709.0, 35349.0, 58261.0, 43873.0, 14988.0, 4323.0, 5126.0, 5332.0, 7422.0, 8631.0, 5174.0, 7598.0, 7413.0, 17635.0, 41285.0, 52496.0, 61388.0, 70490.0, 40011.0, 12741.0, 15399.0, 13792.0, 12868.0, 10646.0, 9877.0, 15365.0, 14261.0, 11506.0, 10664.0, 11692.0, 21513.0, 35692.0, 38159.0, 28613.0, 22048.0, 19357.0, 13499.0, 10574.0, 10092.0, 8577.0, 8373.0, 7991.0, 14628.0, 7507.0, 6794.0, 6104.0, 5405.0, 7119.0, 6951.0, 5142.0, 6679.0, 10525.0, 11407.0, 10650.0, 8280.0, 6235.0, 5206.0, 8544.0, 7417.0, 6128.0, 7766.0, 10029.0, 6316.0, 5865.0, 6225.0, 4317.0, 4584.0, 4321.0, 4140.0, 3553.0, 4033.0, 3613.0, 5606.0, 8486.0, 7025.0, 5272.0, 6003.0, 6996.0, 6788.0, 8363.0, 7033.0, 4370.0, 3992.0, 3872.0, 3544.0, 3249.0, 3899.0, 4185.0, 3918.0, 3837.0, 4079.0, 3120.0, 3066.0, 4844.0, 6288.0, 6552.0, 3541.0, 3903.0, 4009.0, 3405.0, 4208.0, 5160.0, 2679.0, 2288.0, 2333.0, 2732.0]",31639235.756684937
17,0.8,9,"[{""x"": -0.20366907119750977, ""y"": 0.9335875511169434, ""z"": 0.0, ""velocity"": 0.0, ""snr"": 0.0}, {""x"": -0.21904706954956055, ""y"": 0.9927749633789062, ""z"": 0.0, ""velocity"": 0.0, ""snr"": 0.0}, {""x"": -0.12731552124023438, ""y"": 0.8971095085144043, ""z"": 0.0, ""velocity"": 0.0, ""snr"": 0.0}, {""x"": -0.1468062400817871, ""y"": 0.9056925773620605, ""z"": 0.0, ""velocity"": 0.0, ""snr"": 0.0}, {""x"": -0.0457763671875, ""y"": 1.073598861694336, ""z"": 0.0, ""velocity"": 0.0, ""snr"": 0.0}, {""x"": 0.021636486053466797, ""y"": 2.5423765182495117, ""z"": 0.0, ""velocity"": 0.0, ""snr"": 0.0}, {""x"": 0.15431642532348633, ""y"": 1.0918378829956055, ""z"": 0.0, ""velocity"": 0.0, ""snr"": 0.0}, {""x"": 0.21654367446899414, ""y"": 1.0932683944702148, ""z"": 0.0, ""velocity"": 0.0, ""snr"": 0.0}, {""x"": 2.1445155143737793, ""y"": 1.2395381927490234, ""z"": 0.0, ""velocity"": 0.0, ""snr"": 0.0}]","[142694.0, 218384.0, 150605.0, 46369.0, 9533.0, 3263.0, 2665.0, 2553.0, 3668.0, 3385.0, 2315.0, 4019.0, 10669.0, 23352.0, 20987.0, 7853.0, 3274.0, 3574.0, 9518.0, 38191.0, 56967.0, 42562.0, 44955.0, 69417.0, 99811.0, 75544.0, 22472.0, 4681.0, 4232.0, 4460.0, 7718.0, 9415.0, 8286.0, 8312.0, 12692.0, 20610.0, 33826.0, 42042.0, 28132.0, 26265.0, 26051.0, 15949.0, 9762.0, 10798.0, 9939.0, 7675.0, 14863.0, 15936.0, 10638.0, 10524.0, 10819.0, 12438.0, 23036.0, 21183.0, 30896.0, 30793.0, 31787.0, 14580.0, 11628.0, 13670.0, 10870.0, 7335.0, 8796.0, 10706.0, 11664.0, 9466.0, 8669.0, 9394.0, 6130.0, 9231.0, 9225.0, 6696.0, 5721.0, 7388.0, 6572.0, 7280.0, 6268.0, 5326.0, 6080.0, 9052.0, 6723.0, 6149.0, 6099.0, 7266.0, 6835.0, 7283.0, 8957.0, 7102.0, 4622.0, 3139.0, 2374.0, 3249.0, 4199.0, 3578.0, 5774.0, 7548.0, 5887.0, 4837.0, 6835.0, 7033.0, 6228.0, 9103.0, 7505.0, 3809.0, 3609.0, 3803.0, 4992.0, 3972.0, 3704.0, 3780.0, 3440.0, 4276.0, 4357.0, 3529.0, 3722.0, 4827.0, 6075.0, 6410.0, 4426.0, 3916.0, 3657.0, 3494.0, 4959.0, 5373.0, 3357.0, 2411.0, 2325.0, 2632.0]",31007769.693751432
18,0.8,6,"[{""x"": -0.11211633682250977, ""y"": 1.0843276977539062, ""z"": 0.0, ""velocity"": 0.0, ""snr"": 0.0}, {""x"": 0.05453824996948242, ""y"": 0.953972339630127, ""z"": 0.0, ""velocity"": 0.0, ""snr"": 0.0}, {""x"": 0.0699162483215332, ""y"": 1.1045336723327637, ""z"": 0.0, ""velocity"": 0.0, ""snr"": 0.0}, {""x"": 0.11605024337768555, ""y"": 1.0991692543029785, ""z"": 0.0, ""velocity"": 0.0, ""snr"": 0.0}, {""x"": 0.395357608795166, ""y"": 0.9291172027587891, ""z"": 0.0, ""velocity"": 0.0, ""snr"": 0.0}, {""x"": 2.221047878265381, ""y"": 1.0812878608703613, ""z"": 0.0, ""velocity"": 0.0, ""snr"": 0.0}]","[142898.0, 218659.0, 150710.0, 46524.0, 9712.0, 3520.0, 2244.0, 2379.0, 3629.0, 3525.0, 2219.0, 3959.0, 8910.0, 20982.0, 20974.0, 8537.0, 2967.0, 3104.0, 4900.0, 14990.0, 31992.0, 38774.0, 46136.0, 106985.0, 196787.0, 130865.0, 24448.0, 6230.0, 4373.0, 4653.0, 9119.0, 9791.0, 5826.0, 9130.0, 12318.0, 14099.0, 27571.0, 33305.0, 23265.0, 16391.0, 28871.0, 25350.0, 13019.0, 11892.0, 12349.0, 10534.0, 9548.0, 12612.0, 10082.0, 11386.0, 13809.0, 23346.0, 31946.0, 27487.0, 28885.0, 23918.0, 17819.0, 19960.0, 18866.0, 10651.0, 8834.0, 8489.0, 11687.0, 10173.0, 9148.0, 8705.0, 7310.0, 8818.0, 6798.0, 8310.0, 8286.0, 7929.0, 7552.0, 8205.0, 7736.0, 8942.0, 8069.0, 5021.0, 8050.0, 11609.0, 8814.0, 4935.0, 5901.0, 12604.0, 11067.0, 5674.0, 7418.0, 8403.0, 7904.0, 5637.0, 4774.0, 6246.0, 6635.0, 5734.0, 6021.0, 7524.0, 6680.0, 4508.0, 4777.0, 5573.0, 7257.0, 8681.0, 6791.0, 4842.0, 4971.0, 3376.0, 4838.0, 4332.0, 3527.0, 3917.0, 3446.0, 4141.0, 4037.0, 3215.0, 3395.0, 3996.0, 5711.0, 6359.0, 4455.0, 3431.0, 4023.0, 3442.0, 4413.0, 5205.0, 2948.0, 2516.0, 2735.0, 2752.0]",30389360.935600244
19,0.8,7,"[{""x"": -0.3132820129394531, ""y"": 0.9205341339111328, ""z"": 0.0, ""velocity"": 0.0, ""snr"": 0.0}, {""x"": -0.1806020736694336, ""y"": 0.9262561798095703, ""z"": 0.0, ""velocity"": 0.0, ""snr"": 0.0}, {""x"": -0.2903938293457031, ""y"": 0.9775757789611816, ""z"": 0.0, ""velocity"": 0.0, ""snr"": 0.0}, {""x"": -0.13911724090576172, ""y"": 1.0600090026855469, ""z"": 0.0, ""velocity"": 0.0, ""snr"": 0.0}, {""x"": -0.3241896629333496, ""y"": 2.578854560852051, ""z"": 0.0, ""velocity"": 0.0, ""snr"": 0.0}, {""x"": 0.16540288925170898, ""y"": 1.0877251625061035, ""z"": 0.0, ""velocity"": 0.0, ""snr"": 0.0}, {""x"": 0.1417994499206543, ""y"": 1.0991692543029785, ""z"": 0.0, ""velocity"": 0.0, ""snr"": 0.0}]","[142864.0, 218601.0, 150674.0, 46649.0, 9621.0, 3061.0, 1998.0, 2387.0, 3368.0, 3438.0, 2191.0, 3173.0, 12104.0, 22484.0, 18612.0, 7731.0, 4225.0, 4032.0, 3428.0, 15698.0, 34434.0, 49230.0, 49504.0, 81544.0, 120776.0, 80496.0, 20759.0, 4484.0, 4774.0, 4774.0, 9227.0, 9864.0, 13227.0, 38255.0, 44065.0, 20036.0, 58229.0, 74123.0, 43401.0, 34822.0, 39528.0, 26110.0, 15184.0, 13098.0, 9226.0, 8066.0, 11910.0, 10443.0, 11366.0, 13125.0, 15411.0, 17186.0, 10323.0, 20774.0, 27748.0, 20854.0, 19948.0, 24190.0, 12807.0, 10473.0, 10242.0, 8257.0, 10327.0, 6845.0, 5362.0, 5871.0, 6525.0, 6064.0, 6855.0, 9487.0, 8250.0, 5964.0, 7767.0, 8150.0, 5407.0, 6271.0, 5765.0, 5704.0, 7010.0, 9691.0, 6802.0, 5488.0, 7023.0, 10048.0, 9001.0, 6725.0, 8177.0, 8786.0, 7905.0, 5392.0, 3878.0, 5008.0, 5066.0, 4440.0, 4990.0, 7105.0, 7291.0, 5197.0, 5939.0, 6377.0, 5480.0, 9449.0, 8056.0, 4055.0, 3831.0, 4154.0, 3654.0, 3764.0, 3491.0, 3991.0, 3362.0, 4560.0, 4673.0, 3208.0, 2768.0, 4489.0, 6018.0, 6081.0, 4231.0, 3932.0, 3987.0, 3690.0, 4643.0, 5255.0, 3126.0, 2524.0, 2839.0, 2992.0]",29779269.053101033
0,0.8,10,"[{""x"": -0.7703304290771484, ""y"": 3.7477612495422363, ""z"": 0.0, ""velocity"": 0.0, ""snr"": 0.0}, {""x"": -0.1373291015625, ""y"": 0.925898551940918, ""z"": 0.0, ""velocity"": 0.0, ""snr"": 0.0}, {""x"": -0.15431642532348633, ""y"": 0.933229923248291, ""z"": 0.0, ""velocity"": 0.0, ""snr"": 0.0}, {""x"": -0.6390810012817383, ""y"": 3.714323043823242, ""z"": 0.0, ""velocity"": 0.0, ""snr"": 0.0}, {""x"": -0.7100701332092285, ""y"": 3.7341713905334473, ""z"": 0.0, ""velocity"": 0.0, ""snr"": 0.0}, {""x"": 0.03737211227416992, ""y"": 1.072525978088379, ""z"": 0.0, ""velocity"": 0.0, ""snr"": 0.0}, {""x"": 0.11730194091796875, ""y"": 1.0566115379333496, ""z"": 0.0, ""velocity"": 0.0, ""snr"": 0.0}, {""x"": 0.2440810203552246, ""y"": 0.9993910789489746, ""z"": 0.0, ""velocity"": 0.0, ""snr"": 0.0}, {""x"": 2.062082290649414, ""y"": 1.302480697631836, ""z"": 0.0, ""velocity"": 0.0, ""snr"": 0.0}, {""x"": 2.1861791610717773, ""y"": 1.1435151100158691, ""z"": 0.0, ""velocity"": 0.0, ""snr"": 0.0}]","[142949.0, 218478.0, 150486.0, 46372.0, 9420.0, 3097.0, 1820.0, 2430.0, 3470.0, 3165.0, 2100.0, 4497.0, 13767.0, 24499.0, 19851.0, 7191.0, 4410.0, 3627.0, 5514.0, 33991.0, 84024.0, 86263.0, 65127.0, 113689.0, 98944.0, 32156.0, 7100.0, 5827.0, 4425.0, 5341.0, 8965.0, 9630.0, 6053.0, 6904.0, 6009.0, 13963.0, 33034.0, 32079.0, 11606.0, 9818.0, 18568.0, 17573.0, 9256.0, 7232.0, 7744.0, 4953.0, 8529.0, 11173.0, 8829.0, 10904.0, 14380.0, 19763.0, 36368.0, 26768.0, 30948.0, 21750.0, 19496.0, 14600.0, 15171.0, 10370.0, 9490.0, 8583.0, 9153.0, 9213.0, 8823.0, 6428.0, 6261.0, 5567.0, 6183.0, 8236.0, 7325.0, 4815.0, 6110.0, 7797.0, 7528.0, 8344.0, 6703.0, 5738.0, 5838.0, 10729.0, 9530.0, 10465.0, 14204.0, 18486.0, 15435.0, 8392.0, 7504.0, 5196.0, 3633.0, 2898.0, 3436.0, 4327.0, 4000.0, 4584.0, 5069.0, 7425.0, 6985.0, 4730.0, 4204.0, 5268.0, 6244.0, 8678.0, 8160.0, 5007.0, 3287.0, 5165.0, 6415.0, 4827.0, 2989.0, 2968.0, 4034.0, 4380.0, 3744.0, 3307.0, 3416.0, 3455.0, 5568.0, 6415.0, 3977.0, 2737.0, 3567.0, 4495.0, 5512.0, 5776.0, 2576.0, 2855.0, 3155.0, 3846.0]",29184912.64486429
1,0.8,6,"[{""x"": -0.13017654418945312, ""y"": 1.023709774017334, ""z"": 0.0, ""velocity"": 0.0, ""snr"": 0.0}, {""x"": -0.14483928680419922, ""y"": 1.0405182838439941, ""z"": 0.0, ""velocity"": 0.0, ""snr"": 0.0}, {""x"": -0.1691579818725586, ""y"": 1.0607242584228516, ""z"": 0.0, ""velocity"": 0.0, ""snr"": 0.0}, {""x"": -0.03147125244140625, ""y"": 0.9942054748535156, ""z"": 0.0, ""velocity"": 0.0, ""snr"": 0.0}, {""x"": 1.915276050567627, ""y"": 1.5183091163635254, ""z"": 0.0, ""velocity"": 0.0, ""snr"": 0.0}, {""x"": 2.032935619354248, ""y"": 1.4027953147888184, ""z"": 0.0, ""velocity"": 0.0, ""snr"": 0.0}]","[142870.0, 218439.0, 150644.0, 46191.0, 9628.0, 3265.0, 2042.0, 2440.0, 3441.0, 3230.0, 2396.0, 3542.0, 11218.0, 20124.0, 15716.0, 6200.0, 2732.0, 2955.0, 3056.0, 14695.0, 28974.0, 35337.0, 89095.0, 104158.0, 81410.0, 36419.0, 6879.0, 4071.0, 4016.0, 4480.0, 8975.0, 10773.0, 9264.0, 10362.0, 13951.0, 22257.0, 33172.0, 37070.0, 20809.0, 22509.0, 22809.0, 15466.0, 11569.0, 8911.0, 8189.0, 6926.0, 7336.0, 6399.0, 7159.0, 11637.0, 23475.0, 36509.0, 20762.0, 22997.0, 29561.0, 20703.0, 19381.0, 15781.0, 15534.0, 9816.0, 8601.0, 7405.0, 8546.0, 9824.0, 12385.0, 11042.0, 8974.0, 6622.0, 5734.0, 6530.0, 6231.0, 4713.0, 5773.0, 7631.0, 5362.0, 6053.0, 6968.0, 5019.0, 5929.0, 10485.0, 8529.0, 6062.0, 7030.0, 8969.0, 6990.0, 5625.0, 5452.0, 4617.0, 4683.0, 5794.0, 5764.0, 4420.0, 4032.0, 5451.0, 7034.0, 7836.0, 6959.0, 5709.0, 5596.0, 6063.0, 7575.0, 9808.0, 8080.0, 3281.0, 4009.0, 4110.0, 4349.0, 3519.0, 3954.0, 3909.0, 3934.0, 4060.0, 3348.0, 2776.0, 2928.0, 3957.0, 5578.0, 5780.0, 3967.0, 3377.0, 3805.0, 4430.0, 6005.0, 6369.0, 3112.0, 2922.0, 2880.0, 2898.0]",28601333.780229203
2,0.8,9,"[{""x"": -0.22548437118530273, ""y"": 1.003861427307129, ""z"": 0.0, ""velocity"": 0.0, ""snr"": 0.0}, {""x"": -0.2771615982055664, ""y"": 1.0222792625427246, ""z"": 0.0, ""velocity"": 0.0, ""snr"": 0.0}, {""x"": -0.12892484664916992, ""y"": 0.9482502937316895, ""z"": 0.0, ""velocity"": 0.0, ""snr"": 0.0}, {""x"": -0.12481212615966797, ""y"": 0.9688138961791992, ""z"": 0.0, ""velocity"": 0.0, ""snr"": 0.0}, {""x"": -0.15807151794433594, ""y"": 0.9843707084655762, ""z"": 0.0, ""velocity"": 0.0, ""snr"": 0.0}, {""x"": 2.025604248046875, ""y"": 1.4748573303222656, ""z"": 0.0, ""velocity"": 0.0, ""snr"": 0.0}, {""x"": 2.16829776763916, ""y"": 1.1535286903381348, ""z"": 0.0, ""velocity"": 0.0, ""snr"": 0.0}, {""x"": 2.1423697471618652, ""y"": 1.233994960784912, ""z"": 0.0, ""velocity"": 0.0, ""snr"": 0.0}, {""x"": 2.0771026611328125, ""y"": 1.4796853065490723, ""z"": 0.0, ""velocity"": 0.0, ""snr"": 0.0}]","[143078.0, 218524.0, 150504.0, 46234.0, 9576.0, 3436.0, 2077.0, 2393.0, 3368.0, 3231.0, 2260.0, 4509.0, 12689.0, 20625.0, 16047.0, 6442.0, 3569.0, 3690.0, 3650.0, 24244.0, 88093.0, 171146.0, 171219.0, 117714.0, 61844.0, 19649.0, 5045.0, 4164.0, 4675.0, 5330.0, 7105.0, 9181.0, 6379.0, 10668.0, 16347.0, 20024.0, 42388.0, 48309.0, 25876.0, 23778.0, 24407.0, 16938.0, 10351.0, 10465.0, 10118.0, 10712.0, 10886.0, 14423.0, 27428.0, 33624.0, 19682.0, 15923.0, 21167.0, 24181.0, 33250.0, 24772.0, 20022.0, 14847.0, 12187.0, 11765.0, 10678.0, 7807.0, 8063.0, 7326.0, 5251.0, 4318.0, 4542.0, 6589.0, 8253.0, 8106.0, 6883.0, 5839.0, 5779.0, 6348.0, 5880.0, 10209.0, 11972.0, 7566.0, 7093.0, 10467.0, 8100.0, 6016.0, 4231.0, 6284.0, 8472.0, 7169.0, 5655.0, 4293.0, 3411.0, 4695.0, 4270.0, 3418.0, 4629.0, 5159.0, 7361.0, 8530.0, 6188.0, 5087.0, 4990.0, 5614.0, 7171.0, 9326.0, 7689.0, 3579.0, 5156.0, 4858.0, 4251.0, 3166.0, 3716.0, 4624.0, 4346.0, 3917.0, 3462.0, 3210.0, 3046.0, 3454.0, 5294.0, 5729.0, 3272.0, 2872.0, 3872.0, 4461.0, 5506.0, 5671.0, 2444.0, 3212.0, 2878.0, 3016.0]",28029929.550199438
3,0.8,8,"[{""x"": -0.20438432693481445, ""y"": 0.9223222732543945, ""z"": 0.0, ""velocity"": 0.0, ""snr"": 0.0}, {""x"": -0.22941827774047852, ""y"": 0.9214282035827637, ""z"": 0.0, ""velocity"": 0.0, ""snr"": 0.0}, {""x"": -0.1823902130126953, ""y"": 0.9473562240600586, ""z"": 0.0, ""velocity"": 0.0, ""snr"": 0.0}, {""x"": -0.17398595809936523, ""y"": 0.9121298789978027, ""z"": 0.0, ""velocity"": 0.0, ""snr"": 0.0}, {""x"": -0.274658203125, ""y"": 1.6288161277770996, ""z"": 0.0, ""velocity"": 0.0, ""snr"": 0.0}, {""x"": 0.22459030151367188, ""y"": 1.0043978691101074, ""z"": 0.0, ""velocity"": 0.0, ""snr"": 0.0}, {""x"": 2.2496581077575684, ""y"": 1.023709774017334, ""z"": 0.0, ""velocity"": 0.0, ""snr"": 0.0}, {""x"": 2.261638641357422, ""y"": 1.068413257598877, ""z"": 0.0, ""velocity"": 0.0, ""snr"": 0.0}]","[143041.0, 218259.0, 150259.0, 46462.0, 9423.0, 3073.0, 2014.0, 2429.0, 3385.0, 3488.0, 2416.0, 5623.0, 13726.0, 20231.0, 16406.0, 7272.0, 6991.0, 6076.0, 9612.0, 43141.0, 157294.0, 182421.0, 93958.0, 37687.0, 33598.0, 19256.0, 5485.0, 4143.0, 3899.0, 3808.0, 6911.0, 7442.0, 8133.0, 13835.0, 20245.0, 30683.0, 31043.0, 35412.0, 23790.0, 22036.0, 19012.0, 11092.0, 9329.0, 10705.0, 13265.0, 9760.0, 7493.0, 7594.0, 9564.0, 18732.0, 20211.0, 15332.0, 16204.0, 28082.0, 36909.0, 27448.0, 19801.0, 18622.0, 14411.0, 10628.0, 9455.0, 6086.0, 8275.0, 5561.0, 6002.0, 5944.0, 5405.0, 6094.0, 6894.0, 7706.0, 6788.0, 5378.0, 6507.0, 7673.0, 6746.0, 7527.0, 6899.0, 5257.0, 5698.0, 7987.0, 7304.0, 6511.0, 5189.0, 4566.0, 4607.0, 5052.0, 5852.0, 4738.0, 4187.0, 4941.0, 4560.0, 4022.0, 4260.0, 5285.0, 7358.0, 7828.0, 6394.0, 5509.0, 6226.0, 7056.0, 6369.0, 9432.0, 8092.0, 5111.0, 5256.0, 4117.0, 3829.0, 4113.0, 4920.0, 4173.0, 3390.0, 3406.0, 4168.0, 3696.0, 3032.0, 3754.0, 6046.0, 6003.0, 3542.0, 3895.0, 4129.0, 3855.0, 5176.0, 5737.0, 3612.0, 2571.0, 2871.0, 2816.0]",27469279.642569557
4,0.8,10,"[{""x"": -0.3173947334289551, ""y"": 0.8270144462585449, ""z"": 0.0, ""velocity"": 0.0, ""snr"": 0.0}, {""x"": -0.30291080474853516, ""y"": 0.8543729782104492, ""z"": 0.0, ""velocity"": 0.0, ""snr"": 0.0}, {""x"": -0.2980828285217285, ""y"": 0.8617043495178223, ""z"": 0.0, ""velocity"": 0.0, ""snr"": 0.0}, {""x"": -0.28967857360839844, ""y"": 0.8702874183654785, ""z"": 0.0, ""velocity"": 0.0, ""snr"": 0.0}, {""x"": -0.24425983428955078, ""y"": 1.077890396118164, ""z"": 0.0, ""velocity"": 0.0, ""snr"": 0.0}, {""x"": 0.3376007080078125, ""y"": 0.9500384330749512, ""z"": 0.0, ""velocity"": 0.0, ""snr"": 0.0}, {""x"": 0.38748979568481445, ""y"": 0.9648799896240234, ""z"": 0.0, ""velocity"": 0.0, ""snr"": 0.0}, {""x"": 2.146303653717041, ""y"": 1.2300610542297363, ""z"": 0.0, ""velocity"": 0.0, ""snr"": 0.0}, {""x"": 2.2172927856445312, ""y"": 1.161038875579834, ""z"": 0.0, ""velocity"": 0.0, ""snr"": 0.0}, {""x"": 2.2079944610595703, ""y"": 1.2524127960205078, ""z"": 0.0, ""velocity"": 0.0, ""snr"": 0.0}]","[142833.0, 218605.0, 150660.0, 46415.0, 9560.0, 3319.0, 2138.0, 2310.0, 4109.0, 4141.0, 3138.0, 5772.0, 12351.0, 20420.0, 17967.0, 6998.0, 3454.0, 6749.0, 60395.0, 254788.0, 378672.0, 215948.0, 70651.0, 71238.0, 57408.0, 41099.0, 13486.0, 5867.0, 5294.0, 5266.0, 6477.0, 7077.0, 5358.0, 10364.0, 14058.0, 17699.0, 29611.0, 36801.0, 23908.0, 26247.0, 30642.0, 19098.0, 10605.0, 13651.0, 17204.0, 14587.0, 14871.0, 13048.0, 9000.0, 11441.0, 10751.0, 15064.0, 22959.0, 26419.0, 37010.0, 28646.0, 20952.0, 11678.0, 15257.0, 12328.0, 10067.0, 7001.0, 8902.0, 6116.0, 5188.0, 6101.0, 6291.0, 7831.0, 7401.0, 8649.0, 7189.0, 4333.0, 6328.0, 6604.0, 7811.0, 6860.0, 5675.0, 5036.0, 6492.0, 7901.0, 7396.0, 5124.0, 4997.0, 6443.0, 7180.0, 7525.0, 8643.0, 6357.0, 4109.0, 4183.0, 4017.0, 3543.0, 3223.0, 4107.0, 8999.0, 10796.0, 8487.0, 4797.0, 6005.0, 7398.0, 6224.0, 8108.0, 7348.0, 4122.0, 4804.0, 5269.0, 6190.0, 6227.0, 5519.0, 3864.0, 2969.0, 3532.0, 3861.0, 3629.0, 2919.0, 4044.0, 5991.0, 6226.0, 4529.0, 3040.0, 2862.0, 3504.0, 5079.0, 6013.0, 2972.0, 2454.0, 2690.0, 2866.0]",26923273.186900746
5,0.8,16,"[{""x"": -0.28377771377563477, ""y"": 0.7964372634887695, ""z"": 0.0, ""velocity"": 0.0, ""snr"": 0.0}, {""x"": -0.28771162033081055, ""y"": 0.8211135864257812, ""z"": 0.0, ""velocity"": 0.0, ""snr"": 0.0}, {""x"": -0.2911090850830078, ""y"": 0.8279085159301758, ""z"": 0.0, ""velocity"": 0.0, ""snr"": 0.0}, {""x"": -0.29718875885009766, ""y"": 0.8298754692077637, ""z"": 0.0, ""velocity"": 0.0, ""snr"": 0.0}, {""x"": -0.2810955047607422, ""y"": 0.8661746978759766, ""z"": 0.0, ""velocity"": 0.0, ""snr"": 0.0}, {""x"": -0.19669532775878906, ""y"": 1.0786056518554688, ""z"": 0.0, ""velocity"": 0.0, ""snr"": 0.0}, {""x"": -0.18131732940673828, ""y"": 1.7164349555969238, ""z"": 0.0, ""velocity"": 0.0, ""snr"": 0.0}, {""x"": -0.2034902572631836, ""y"": 2.6938319206237793, ""z"": 0.0, ""velocity"": 0.0, ""snr"": 0.0}, {""x"": -0.13840198516845703, ""y"": 2.5713443756103516, ""z"": 0.0, ""velocity"": 0.0, ""snr"": 0.0}, {""x"": -0.10246038436889648, ""y"": 2.5944113731384277, ""z"": 0.0, ""velocity"": 0.0, ""snr"": 0.0}, {""x"": 0.2535581588745117, ""y"": 1.035153865814209, ""z"": 0.0, ""velocity"": 0.0, ""snr"": 0.0}, {""x"": 0.4035830497741699, ""y"": 0.9464621543884277, ""z"": 0.0, ""velocity"": 0.0, ""snr"": 0.0}, {""x"": 0.3712177276611328, ""y"": 0.9732842445373535, ""z"": 0.0, ""velocity"": 0.0, ""snr"": 0.0}, {""x"": 2.0043253898620605, ""y"": 1.4507174491882324, ""z"": 0.0, ""velocity"": 0.0, ""snr"": 0.0}, {""x"": 2.036869525909424, ""y"": 1.3723969459533691, ""z"": 0.0, ""velocity"": 0.0, ""snr"": 0.0}, {""x"": 2.061009407043457, ""y"": 1.4233589172363281, ""z"": 0.0, ""velocity"": 0.0, ""snr"": 0.0}]","[143064.0, 218327.0, 150446.0, 46277.0, 9757.0, 3150.0, 2006.0, 2319.0, 3657.0, 3419.0, 2603.0, 4893.0, 11869.0, 21695.0, 18389.0, 7665.0, 3318.0, 31016.0, 197585.0, 384143.0, 283155.0, 70497.0, 111588.0, 123183.0, 74315.0, 49881.0, 16288.0, 6360.0, 4468.0, 3725.0, 7009.0, 8121.0, 9426.0, 12812.0, 16586.0, 16164.0, 32185.0, 45841.0, 39714.0, 26827.0, 28512.0, 23668.0, 19772.0, 14610.0, 10651.0, 10719.0, 11407.0, 12303.0, 9435.0, 20222.0, 28251.0, 27922.0, 17759.0, 28114.0, 38269.0, 30582.0, 28759.0, 26169.0, 17233.0, 23434.0, 17700.0, 7853.0, 8182.0, 5841.0, 4879.0, 4680.0, 5706.0, 6015.0, 6627.0, 8450.0, 7299.0, 4960.0, 4985.0, 6262.0, 6488.0, 5716.0, 5526.0, 3823.0, 7117.0, 11379.0, 8541.0, 6481.0, 6493.0, 5981.0, 4623.0, 6396.0, 8512.0, 6655.0, 5765.0, 9533.0, 9631.0, 7441.0, 6132.0, 8609.0, 11701.0, 10804.0, 8428.0, 6217.0, 4650.0, 5697.0, 6102.0, 8945.0, 8156.0, 5217.0, 3839.0, 4312.0, 4264.0, 3613.0, 3281.0, 2983.0, 4102.0, 4916.0, 4551.0, 3442.0, 3657.0, 5054.0, 5986.0, 5457.0, 3287.0, 3414.0, 3850.0, 3096.0, 4264.0, 5713.0, 3475.0, 2525.0, 2734.0, 3171.0]",26384769.29969318
6,0.8,12,"[{""x"": -0.18846988677978516, ""y"": 0.8168220520019531, ""z"": 0.0, ""velocity"": 0.0, ""snr"": 0.0}, {""x"": -0.2326369285583496, ""y"": 0.825047492980957, ""z"": 0.0, ""velocity"": 0.0, ""snr"": 0.0}, {""x"": -0.2607107162475586, ""y"": 0.8225440979003906, ""z"": 0.0, ""velocity"": 0.0, ""snr"": 0.0}, {""x"": -0.07420778274536133, ""y"": 0.9180307388305664, ""z"": 0.0, ""velocity"": 0.0, ""snr"": 0.0}, {""x"": -0.10675191879272461, ""y"": 0.9545087814331055, ""z"": 0.0, ""velocity"": 0.0, ""snr"": 0.0}, {""x"": -0.01913309097290039, ""y"": 1.1034607887268066, ""z"": 0.0, ""velocity"": 0.0, ""snr"": 0.0}, {""x"": 0.4209280014038086, ""y"": 0.9357333183288574, ""z"": 0.0, ""velocity"": 0.0, ""snr"": 0.0}, {""x"": 0.3361701965332031, ""y"": 0.9834766387939453, ""z"": 0.0, ""velocity"": 0.0, ""snr"": 0.0}, {""x"": 1.9158124923706055, ""y"": 1.6214847564697266, ""z"": 0.0, ""velocity"": 0.0, ""snr"": 0.0}, {""x"": 1.8802285194396973, ""y"": 1.7257332801818848, ""z"": 0.0, ""velocity"": 0.0, ""snr"": 0.0}, {""x"": 2.2144317626953125, ""y"": 1.0655522346496582, ""z"": 0.0, ""velocity"": 0.0, ""snr"": 0.0}, {""x"": 2.1237730979919434, ""y"": 1.2658238410949707, ""z"": 0.0, ""velocity"": 0.0, ""snr"": 0.0}]","[142681.0, 218334.0, 150482.0, 46401.0, 9584.0, 3313.0, 1950.0, 2453.0, 3737.0, 3644.0, 2463.0, 4622.0, 12016.0, 21901.0, 17232.0, 67174912.0, 134546947.0, 84082695.0, 172037.0, 174338560.0, 59392.0, 0.0, 1536.0, 512.0, 4294967040.0, 77311.0, 20480.0, 998244352.0, 3201903929.0, 2147483705.0, 2147483710.0, 1599.0, 3741034496.0, 19.0, 558520320.0, 1542395.0, 1107296256.0, 3875375184.0, 19.0, 3075035136.0, 1301500.0, 1778384896.0, 1174334025.0, 23.0, 659245568.0, 1447938.0, 1157627904.0, 77386.0, 131072.0, 36611072.0, 56011520.0, 38675456.0, 12416000.0, 4340992.0, 2034432.0, 1947904.0, 1070592.0, 877056.0, 808960.0, 786688.0, 1673472.0, 2707968.0, 2634240.0, 2093056.0, 1321728.0, 814848.0, 830976.0, 1817088.0, 12026368.0, 25230336.0, 16427008.0, 9067008.0, 11956992.0, 16650496.0, 12396288.0, 3548672.0, 947456.0, 1002752.0, 1143040.0, 1733888.0, 1723136.0, 1536512.0, 2851328.0, 3551488.0, 3931392.0, 6546944.0, 8626176.0, 6441472.0, 6011648.0, 6067968.0, 3609344.0, 2111744.0, 2414592.0, 2174976.0, 1574656.0, 1939712.0, 1754624.0, 3067392.0, 6755072.0, 8389632.0, 5530880.0, 5546240.0, 3395328.0, 3780096.0, 2016000.0, 3757312.0, 4756224.0, 6020608.0, 3547392.0, 2798080.0, 2452224.0, 2628864.0, 1902848.0, 2611968.0, 2754048.0, 2397184.0, 2054144.0, 1788160.0, 1812224.0, 1925632.0, 2375424.0, 2758656.0, 2331136.0, 1871104.0, 1649152.0, 1606912.0, 1563904.0, 1564160.0]",254283637.7806666
7,0.8,9,"[{""x"": -0.09620189666748047, ""y"": 0.12159347534179688, ""z"": 0.0, ""velocity"": 0.0, ""snr"": 0.0}, {""x"": -0.4559755325317383, ""y"": 0.8518695831298828, ""z"": 0.0, ""velocity"": 0.0, ""snr"": 0.0}, {""x"": -0.3587007522583008, ""y"": 1.008152961730957, ""z"": 0.0, ""velocity"": 0.0, ""snr"": 0.0}, {""x"": -0.35566091537475586, ""y"": 1.0516047477722168, ""z"": 0.0, ""velocity"": 0.0, ""snr"": 0.0}, {""x"": -0.17380714416503906, ""y"": 0.904083251953125, ""z"": 0.0, ""velocity"": 0.0, ""snr"": 0.0}, {""x"": -0.3345608711242676, ""y"": 1.0494589805603027, ""z"": 0.0, ""velocity"": 0.0, ""snr"": 0.0}, {""x"": -0.09065866470336914, ""y"": 0.909268856048584, ""z"": 0.0, ""velocity"": 0.0, ""snr"": 0.0}, {""x"": 0.4152059555053711, ""y"": 0.8862018585205078, ""z"": 0.0, ""velocity"": 0.0, ""snr"": 0.0}, {""x"": 0.5874037742614746, ""y"": 0.8264780044555664, ""z"": 0.0, ""velocity"": 0.0, ""snr"": 0.0}]","[142858.0, 218405.0, 149561.0, 47857.0, 20496.0, 9030.0, 8782.0, 5692.0, 3452.0, 3403.0, 3155.0, 5935.0, 10331.0, 11994.0, 10240.0, 5834.0, 3274.0, 3456.0, 4751.0, 24543.0, 43836.0, 33966.0, 52700.0, 43604.0, 68628.0, 48889.0, 12547.0, 4827.0, 3302.0, 3882.0, 7022.0, 6414.0, 4390.0, 11692.0, 15456.0, 15425.0, 32616.0, 38918.0, 25641.0, 22624.0, 22457.0, 13143.0, 8308.0, 8311.0, 7990.0, 7568.0, 8346.0, 6494.0, 8120.0, 13950.0, 29093.0, 23885.0, 9319.0, 16353.0, 18346.0, 12987.0, 15310.0, 20757.0, 24569.0, 13385.0, 10981.0, 10190.0, 10817.0, 9320.0, 8346.0, 8215.0, 8630.0, 8216.0, 8538.0, 8583.0, 7824.0, 9091.0, 10432.0, 5903.0, 7537.0, 4948.0, 5773.0, 6432.0, 7203.0, 13489.0, 11274.0, 5662.0, 5610.0, 5048.0, 5540.0, 6033.0, 6090.0, 5278.0, 7523.0, 6780.0, 6342.0, 6655.0, 5351.0, 3584.0, 3535.0, 5443.0, 4951.0, 4294.0, 4973.0, 5851.0, 6076.0, 9005.0, 8313.0, 4314.0, 2924.0, 4035.0, 3418.0, 2582.0, 3051.0, 3059.0, 2687.0, 3079.0, 3312.0, 3146.0, 2524.0, 3683.0, 5609.0, 6565.0, 4472.0, 2992.0, 3705.0, 4451.0, 5743.0, 5416.0, 2395.0, 2625.0, 2577.0, 3179.0]",30151980.729756497
8,0.8,6,"[{""x"": -0.36263465881347656, ""y"": 0.9360909461975098, ""z"": 0.0, ""velocity"": 0.0, ""snr"": 0.0}, {""x"": -0.3542304039001465, ""y"": 0.9933114051818848, ""z"": 0.0, ""velocity"": 0.0, ""snr"": 0.0}, {""x"": -0.2224445343017578, ""y"": 0.9353756904602051, ""z"": 0.0, ""velocity"": 0.0, ""snr"": 0.0}, {""x"": -0.3234744071960449, ""y"": 1.0364055633544922, ""z"": 0.0, ""velocity"": 0.0, ""snr"": 0.0}, {""x"": -0.10281801223754883, ""y"": 0.9189248085021973, ""z"": 0.0, ""velocity"": 0.0, ""snr"": 0.0}, {""x"": -0.15485286712646484, ""y"": 0.931084156036377, ""z"": 0.0, ""velocity"": 0.0, ""snr"": 0.0}]","[143103.0, 218897.0, 153752.0, 50046.0, 29315.0, 13652.0, 13204.0, 5370.0, 3587.0, 3447.0, 3169.0, 5864.0, 10109.0, 9610.0, 7311.0, 4454.0, 3088.0, 2864.0, 5109.0, 26651.0, 80548.0, 103885.0, 83603.0, 85695.0, 90892.0, 47273.0, 9884.0, 4997.0, 4679.0, 4552.0, 7633.0, 9269.0, 7295.0, 9698.0, 13250.0, 15973.0, 32170.0, 37526.0, 26778.0, 24056.0, 22860.0, 14716.0, 9415.0, 7607.0, 9747.0, 5481.0, 8921.0, 8043.0, 8158.0, 16233.0, 29643.0, 32075.0, 17218.0, 17115.0, 18488.0, 10922.0, 12186.0, 17532.0, 24052.0, 15648.0, 10277.0, 11328.0, 11203.0, 9281.0, 10611.0, 9094.0, 7292.0, 7918.0, 6730.0, 8048.0, 8029.0, 6913.0, 8889.0, 11060.0, 10307.0, 6291.0, 5795.0, 4578.0, 6620.0, 11237.0, 9596.0, 5306.0, 6323.0, 6964.0, 6035.0, 7731.0, 10005.0, 9049.0, 7671.0, 5622.0, 6212.0, 7049.0, 6031.0, 6047.0, 4955.0, 5116.0, 4890.0, 4542.0, 4704.0, 5568.0, 5593.0, 8461.0, 7545.0, 4378.0, 3515.0, 3549.0, 3507.0, 4988.0, 5262.0, 3995.0, 3595.0, 3859.0, 3465.0, 2786.0, 3577.0, 4934.0, 5816.0, 6141.0, 4631.0, 3828.0, 3677.0, 4211.0, 4923.0, 5136.0, 2337.0, 2833.0, 2599.0, 2974.0]",29548797.422045957
9,0.8,6,"[{""x"": -0.4679560661315918, ""y"": 0.9244680404663086, ""z"": 0.0, ""velocity"": 0.0, ""snr"": 0.0}, {""x"": -0.3243684768676758, ""y"": 1.0328292846679688, ""z"": 0.0, ""velocity"": 0.0, ""snr"": 0.0}, {""x"": -0.2732276916503906, ""y"": 1.0571479797363281, ""z"": 0.0, ""velocity"": 0.0, ""snr"": 0.0}, {""x"": -0.23496150970458984, ""y"": 1.0755658149719238, ""z"": 0.0, ""velocity"": 0.0, ""snr"": 0.0}, {""x"": 0.00947713851928711, ""y"": 0.9357333183288574, ""z"": 0.0, ""velocity"": 0.0, ""snr"": 0.0}, {""x"": 0.1042485237121582, ""y"": 0.9466409683227539, ""z"": 0.0, ""velocity"": 0.0, ""snr"": 0.0}]","[143156.0, 218994.0, 151883.0, 47558.0, 20190.0, 8727.0, 10504.0, 11119.0, 7818.0, 6420.0, 5028.0, 5178.0, 9821.0, 9142.0, 6970.0, 5834.0, 3487.0, 2912.0, 3679.0, 15318.0, 39872.0, 41601.0, 37646.0, 91240.0, 122837.0, 67243.0, 17152.0, 5305.0, 4438.0, 4032.0, 8726.0, 10451.0, 6460.0, 8892.0, 11498.0, 12644.0, 24948.0, 31602.0, 24065.0, 19727.0, 17466.0, 10146.0, 6084.0, 7414.0, 11532.0, 7318.0, 10974.0, 10098.0, 8931.0, 12514.0, 13769.0, 21904.0, 23574.0, 17749.0, 27159.0, 17839.0, 12693.0, 15666.0, 22980.0, 15157.0, 8803.0, 10953.0, 13162.0, 6584.0, 7500.0, 8261.0, 6726.0, 7599.0, 7642.0, 10495.0, 10314.0, 6109.0, 5536.0, 7336.0, 6263.0, 5647.0, 6342.0, 6192.0, 5830.0, 9730.0, 9192.0, 5738.0, 5007.0, 4628.0, 4660.0, 5037.0, 5479.0, 4125.0, 4584.0, 5092.0, 4925.0, 4920.0, 3544.0, 3761.0, 4948.0, 6712.0, 5889.0, 4268.0, 4532.0, 5254.0, 5406.0, 8312.0, 7336.0, 3722.0, 3351.0, 2894.0, 4184.0, 5705.0, 4763.0, 4288.0, 3708.0, 4526.0, 4433.0, 3044.0, 3691.0, 5718.0, 6326.0, 6153.0, 3830.0, 3271.0, 4269.0, 4625.0, 4839.0, 4295.0, 2968.0, 3202.0, 2326.0, 2426.0]",28958433.291911863
10,0.8,8,"[{""x"": -0.4438161849975586, ""y"": 0.8828043937683105, ""z"": 0.0, ""velocity"": 0.0, ""snr"": 0.0}, {""x"": -0.35387277603149414, ""y"": 0.8933544158935547, ""z"": 0.0, ""velocity"": 0.0, ""snr"": 0.0}, {""x"": -0.39947032928466797, ""y"": 0.9317994117736816, ""z"": 0.0, ""velocity"": 0.0, ""snr"": 0.0}, {""x"": -0.18167495727539062, ""y"": 1.0553598403930664, ""z"": 0.0, ""velocity"": 0.0, ""snr"": 0.0}, {""x"": -0.0813603401184082, ""y"": 1.087188720703125, ""z"": 0.0, ""velocity"": 0.0, ""snr"": 0.0}, {""x"": -0.012695789337158203, ""y"": 1.10703706741333, ""z"": 0.0, ""velocity"": 0.0, ""snr"": 0.0}, {""x"": 0.0355839729309082, ""y"": 2.4869441986083984, ""z"": 0.0, ""velocity"": 0.0, ""snr"": 0.0}, {""x"": 1.9862651824951172, ""y"": 1.7600655555725098, ""z"": 0.0, ""velocity"": 0.0, ""snr"": 0.0}]","[143149.0, 218544.0, 151102.0, 48183.0, 10452.0, 8893.0, 3205.0, 2536.0, 3551.0, 3388.0, 3580.0, 6259.0, 11496.0, 8741.0, 7061.0, 4432.0, 3407.0, 3292.0, 3029.0, 9253.0, 19272.0, 49179.0, 63497.0, 75404.0, 89875.0, 54580.0, 15524.0, 5543.0, 3916.0, 5639.0, 9488.0, 8671.0, 4769.0, 10175.0, 15694.0, 22186.0, 32442.0, 29729.0, 19341.0, 20209.0, 17456.0, 19160.0, 10359.0, 8857.0, 9249.0, 6208.0, 9611.0, 10060.0, 8763.0, 15761.0, 14074.0, 9790.0, 12944.0, 16450.0, 27083.0, 23776.0, 14046.0, 19640.0, 23881.0, 17668.0, 13056.0, 10509.0, 11314.0, 6316.0, 5867.0, 5148.0, 5806.0, 7031.0, 6872.0, 6538.0, 6748.0, 6896.0, 6552.0, 6441.0, 8571.0, 7459.0, 5526.0, 5455.0, 7026.0, 10728.0, 7236.0, 5297.0, 5000.0, 5007.0, 5922.0, 3821.0, 5297.0, 6386.0, 4606.0, 4139.0, 4446.0, 4280.0, 5116.0, 4338.0, 3262.0, 4556.0, 4859.0, 4118.0, 4572.0, 5400.0, 6293.0, 8332.0, 6978.0, 4320.0, 4293.0, 2966.0, 3125.0, 2486.0, 2676.0, 4230.0, 3967.0, 4365.0, 4084.0, 3197.0, 3313.0, 5076.0, 6071.0, 5920.0, 3613.0, 3149.0, 3367.0, 3577.0, 3708.0, 3891.0, 2487.0, 2227.0, 2287.0, 2309.0]",28379360.47079456
11,0.8,6,"[{""x"": -0.3358125686645508, ""y"": 1.0047554969787598, ""z"": 0.0, ""velocity"": 0.0, ""snr"": 0.0}, {""x"": -0.19222497940063477, ""y"": 0.972747802734375, ""z"": 0.0, ""velocity"": 0.0, ""snr"": 0.0}, {""x"": -0.33026933670043945, ""y"": 1.0390877723693848, ""z"": 0.0, ""velocity"": 0.0, ""snr"": 0.0}, {""x"": -0.11086463928222656, ""y"": 0.9167790412902832, ""z"": 0.0, ""velocity"": 0.0, ""snr"": 0.0}, {""x"": -0.11461973190307617, ""y"": 0.9371638298034668, ""z"": 0.0, ""velocity"": 0.0, ""snr"": 0.0}, {""x"": -0.1303553581237793, ""y"": 0.9480714797973633, ""z"": 0.0, ""velocity"": 0.0, ""snr"": 0.0}]","[142853.0, 218352.0, 150508.0, 46363.0, 10088.0, 4690.0, 4041.0, 3008.0, 3966.0, 3732.0, 3241.0, 5606.0, 7908.0, 7503.0, 7682.0, 4139.0, 3267.0, 3399.0, 4017.0, 27389.0, 75597.0, 99715.0, 63034.0, 54070.0, 71652.0, 36915.0, 8575.0, 4333.0, 3974.0, 3998.0, 7423.0, 6928.0, 4439.0, 11113.0, 15449.0, 20139.0, 22611.0, 30701.0, 19283.0, 11611.0, 17401.0, 12831.0, 6063.0, 8550.0, 9102.0, 7859.0, 10866.0, 9272.0, 12998.0, 16853.0, 11380.0, 13644.0, 19816.0, 21637.0, 26422.0, 18203.0, 13844.0, 17178.0, 19338.0, 13874.0, 9619.0, 9370.0, 10008.0, 7072.0, 6570.0, 9206.0, 10105.0, 8826.0, 7513.0, 9177.0, 10449.0, 7767.0, 5483.0, 5127.0, 6132.0, 6569.0, 5220.0, 4901.0, 8335.0, 11220.0, 6203.0, 6007.0, 8775.0, 13349.0, 12846.0, 5927.0, 6332.0, 7469.0, 4891.0, 6665.0, 6812.0, 3403.0, 4806.0, 4865.0, 3278.0, 5045.0, 5587.0, 5427.0, 5688.0, 4994.0, 6063.0, 8685.0, 8027.0, 5502.0, 3908.0, 3662.0, 3669.0, 3538.0, 4555.0, 4935.0, 4162.0, 5006.0, 5064.0, 4571.0, 3866.0, 5544.0, 6693.0, 6820.0, 4131.0, 4043.0, 4799.0, 4044.0, 3400.0, 4366.0, 2929.0, 1995.0, 2416.0, 2945.0]",27810944.131763853
12,0.8,8,"[{""x"": -0.19973516464233398, ""y"": 2.3580193519592285, ""z"": 0.0, ""velocity"": 0.0, ""snr"": 0.0}, {""x"": -0.010013580322265625, ""y"": 0.9566545486450195, ""z"": 0.0, ""velocity"": 0.0, ""snr"": 0.0}, {""x"": 0.19240379333496094, ""y"": 0.9824037551879883, ""z"": 0.0, ""velocity"": 0.0, ""snr"": 0.0}, {""x"": 0.37854909896850586, ""y"": 0.9630918502807617, ""z"": 0.0, ""velocity"": 0.0, ""snr"": 0.0}, {""x"": 0.4354119300842285, ""y"": 0.9555816650390625, ""z"": 0.0, ""velocity"": 0.0, ""snr"": 0.0}, {""x"": 0.4477500915527344, ""y"": 0.9659528732299805, ""z"": 0.0, ""velocity"": 0.0, ""snr"": 0.0}, {""x"": 0.43004751205444336, ""y"": 1.000821590423584, ""z"": 0.0, ""velocity"": 0.0, ""snr"": 0.0}, {""x"": 2.0502805709838867, ""y"": 1.378476619720459, ""z"": 0.0, ""velocity"": 0.0, ""snr"": 0.0}]","[142856.0, 218596.0, 150696.0, 47768.0, 10810.0, 5427.0, 3542.0, 3170.0, 3171.0, 3342.0, 4415.0, 5807.0, 6802.0, 7132.0, 7416.0, 3669.0, 3114.0, 3373.0, 2756.0, 6988.0, 26181.0, 55652.0, 124024.0, 167635.0, 110597.0, 34784.0, 7011.0, 4381.0, 3418.0, 4631.0, 7672.0, 6529.0, 4400.0, 12219.0, 17889.0, 23626.0, 34682.0, 30270.0, 15750.0, 18939.0, 11899.0, 9444.0, 6720.0, 7940.0, 8550.0, 5933.0, 10929.0, 8069.0, 9622.0, 9727.0, 19772.0, 30183.0, 28696.0, 19519.0, 25549.0, 21958.0, 14231.0, 14516.0, 20636.0, 14858.0, 15893.0, 12930.0, 9617.0, 6447.0, 5687.0, 8030.0, 8615.0, 6649.0, 5364.0, 5725.0, 5073.0, 4449.0, 5859.0, 5036.0, 4845.0, 6049.0, 5384.0, 5962.0, 7967.0, 10089.0, 7895.0, 5843.0, 7700.0, 10418.0, 6656.0, 6553.0, 8556.0, 6065.0, 4366.0, 4946.0, 4973.0, 6724.0, 5901.0, 4856.0, 7049.0, 8815.0, 5510.0, 4904.0, 4901.0, 5996.0, 7668.0, 9099.0, 7303.0, 4519.0, 3831.0, 3013.0, 3944.0, 4053.0, 3930.0, 4145.0, 3085.0, 4698.0, 5413.0, 4106.0, 4238.0, 6809.0, 7521.0, 6652.0, 4227.0, 3694.0, 3584.0, 3130.0, 2871.0, 4065.0, 3177.0, 2487.0, 3066.0, 3639.0]",27256027.359413803
13,0.8,9,"[{""x"": -0.21797418594360352, ""y"": 0.9235739707946777, ""z"": 0.0, ""velocity"": 0.0, ""snr"": 0.0}, {""x"": -0.31310319900512695, ""y"": 0.957190990447998, ""z"": 0.0, ""velocity"": 0.0, ""snr"": 0.0}, {""x"": -0.10138750076293945, ""y"": 0.9128451347351074, ""z"": 0.0, ""velocity"": 0.0, ""snr"": 0.0}, {""x"": -0.14483928680419922, ""y"": 0.9189248085021973, ""z"": 0.0, ""velocity"": 0.0, ""snr"": 0.0}, {""x"": 0.0629425048828125, ""y"": 1.0730624198913574, ""z"": 0.0, ""velocity"": 0.0, ""snr"": 0.0}, {""x"": 0.01055002212524414, ""y"": 1.0832548141479492, ""z"": 0.0, ""velocity"": 0.0, ""snr"": 0.0}, {""x"": -0.10442733764648438, ""y"": 2.377152442932129, ""z"": 0.0, ""velocity"": 0.0, ""snr"": 0.0}, {""x"": 0.027000904083251953, ""y"": 2.408444881439209, ""z"": 0.0, ""velocity"": 0.0, ""snr"": 0.0}, {""x"": 1.9612312316894531, ""y"": 1.4966726303100586, ""z"": 0.0, ""velocity"": 0.0, ""snr"": 0.0}]","[142771.0, 218647.0, 150663.0, 46533.0, 9565.0, 4676.0, 4327.0, 5012.0, 4980.0, 3606.0, 4161.0, 6643.0, 6508.0, 6187.0, 5635.0, 4860.0, 4319.0, 3372.0, 5532.0, 31955.0, 70453.0, 65606.0, 40832.0, 82747.0, 93891.0, 41183.0, 9701.0, 4753.0, 4011.0, 5441.0, 8880.0, 8379.0, 4586.0, 11377.0, 17492.0, 21539.0, 29619.0, 29705.0, 15343.0, 14891.0, 18017.0, 20865.0, 8425.0, 7819.0, 9603.0, 7348.0, 8376.0, 6395.0, 13134.0, 19144.0, 21964.0, 42609.0, 44028.0, 38661.0, 28417.0, 20166.0, 18600.0, 13542.0, 16809.0, 10517.0, 15385.0, 13788.0, 7776.0, 6758.0, 9942.0, 12790.0, 10066.0, 6208.0, 8572.0, 10064.0, 9718.0, 6297.0, 7356.0, 7552.0, 5239.0, 4129.0, 4318.0, 5388.0, 8270.0, 11268.0, 10397.0, 6647.0, 6098.0, 5346.0, 5296.0, 6632.0, 5802.0, 5201.0, 5188.0, 2966.0, 3555.0, 4138.0, 3900.0, 4525.0, 6045.0, 7011.0, 6209.0, 5594.0, 5874.0, 6862.0, 8590.0, 8838.0, 7359.0, 5103.0, 5675.0, 4787.0, 3077.0, 2849.0, 3199.0, 3023.0, 3283.0, 4246.0, 4480.0, 3420.0, 3507.0, 4308.0, 5730.0, 6491.0, 4388.0, 3740.0, 3577.0, 2542.0, 3840.0, 5785.0, 4074.0, 2254.0, 2116.0, 2446.0]",26708782.63068778
14,0.8,7,"[{""x"": -0.22459030151367188, ""y"": 0.9317994117736816, ""z"": 0.0, ""velocity"": 0.0, ""snr"": 0.0}, {""x"": -0.14662742614746094, ""y"": 0.9221434593200684, ""z"": 0.0, ""velocity"": 0.0, ""snr"": 0.0}, {""x"": 0.382840633392334, ""y"": 0.9577274322509766, ""z"": 0.0, ""velocity"": 0.0, ""snr"": 0.0}, {""x"": 0.4012584686279297, ""y"": 0.9630918502807617, ""z"": 0.0, ""velocity"": 0.0, ""snr"": 0.0}, {""x"": 0.35011768341064453, ""y"": 0.9986758232116699, ""z"": 0.0, ""velocity"": 0.0, ""snr"": 0.0}, {""x"": 2.1207332611083984, ""y"": 1.2280941009521484, ""z"": 0.0, ""velocity"": 0.0, ""snr"": 0.0}, {""x"": 2.224445343017578, ""y"": 1.0837912559509277, ""z"": 0.0, ""velocity"": 0.0, ""snr"": 0.0}]","[143223.0, 218374.0, 150539.0, 46349.0, 9416.0, 2954.0, 1912.0, 2337.0, 3465.0, 3510.0, 3523.0, 5269.0, 5570.0, 12329.0, 9505.0, 3434.0, 4411.0, 3853.0, 3398.0, 16541.0, 37897.0, 38416.0, 62520.0, 73980.0, 41391.0, 15039.0, 7336.0, 4845.0, 3578.0, 3511.0, 7424.0, 8174.0, 5569.0, 14630.0, 20202.0, 20695.0, 33630.0, 42390.0, 35589.0, 27565.0, 17544.0, 14524.0, 7366.0, 6495.0, 8549.0, 4616.0, 7928.0, 7838.0, 11133.0, 21034.0, 13546.0, 12137.0, 12917.0, 19625.0, 26221.0, 28175.0, 18721.0, 12729.0, 23807.0, 14500.0, 10368.0, 5426.0, 8793.0, 15605.0, 15032.0, 7440.0, 7158.0, 8599.0, 8277.0, 7586.0, 6673.0, 6291.0, 5937.0, 7924.0, 8929.0, 5760.0, 4588.0, 5494.0, 6105.0, 9144.0, 7673.0, 5016.0, 6134.0, 7848.0, 4908.0, 3797.0, 4024.0, 7545.0, 5746.0, 4107.0, 5263.0, 3691.0, 3211.0, 4776.0, 7340.0, 7676.0, 5219.0, 4363.0, 5975.0, 6773.0, 7901.0, 9082.0, 6508.0, 4064.0, 5324.0, 4185.0, 3247.0, 3274.0, 3558.0, 3434.0, 3611.0, 4218.0, 4298.0, 3387.0, 3367.0, 4628.0, 6116.0, 6667.0, 4717.0, 3299.0, 2494.0, 2001.0, 3405.0, 4786.0, 3586.0, 2410.0, 2483.0, 2891.0]",26175963.117518008
15,0.8,6,"[{""x"": 0.06759166717529297, ""y"": 1.1013150215148926, ""z"": 0.0, ""velocity"": 0.0, ""snr"": 0.0}, {""x"": 0.0718832015991211, ""y"": 1.1202692985534668, ""z"": 0.0, ""velocity"": 0.0, ""snr"": 0.0}, {""x"": 0.22351741790771484, ""y"": 0.977933406829834, ""z"": 0.0, ""velocity"": 0.0, ""snr"": 0.0}, {""x"": 0.2682209014892578, ""y"": 0.9822249412536621, ""z"": 0.0, ""velocity"": 0.0, ""snr"": 0.0}, {""x"": 0.3898143768310547, ""y"": 0.9634494781494141, ""z"": 0.0, ""velocity"": 0.0, ""snr"": 0.0}, {""x"": 2.153456211090088, ""y"": 1.2173652648925781, ""z"": 0.0, ""velocity"": 0.0, ""snr"": 0.0}]","[142645.0, 218487.0, 150626.0, 46436.0, 9766.0, 3335.0, 2048.0, 2517.0, 3567.0, 3492.0, 3588.0, 7038.0, 11593.0, 17284.0, 13822.0, 7334.0, 4109.0, 3295.0, 3046.0, 7932.0, 9962.0, 33619.0, 64994.0, 59434.0, 41009.0, 37265.0, 16016.0, 6942.0, 3680.0, 4392.0, 7783.0, 7442.0, 5645.0, 16137.0, 24311.0, 19930.0, 35878.0, 45895.0, 33430.0, 26575.0, 27811.0, 22440.0, 13088.0, 10765.0, 10451.0, 8615.0, 13452.0, 16132.0, 17912.0, 31136.0, 32723.0, 38408.0, 41928.0, 31531.0, 26452.0, 21616.0, 19607.0, 12648.0, 13599.0, 11072.0, 17600.0, 17111.0, 9336.0, 15834.0, 13193.0, 8537.0, 6861.0, 7023.0, 7325.0, 7210.0, 6231.0, 4921.0, 5715.0, 8794.0, 8720.0, 6733.0, 6454.0, 6479.0, 5732.0, 7336.0, 7883.0, 7599.0, 7224.0, 10486.0, 9291.0, 6521.0, 5238.0, 5343.0, 3635.0, 3655.0, 4561.0, 2990.0, 3535.0, 4079.0, 7242.0, 7086.0, 5123.0, 5168.0, 6821.0, 7702.0, 7235.0, 7953.0, 7470.0, 4380.0, 5456.0, 5033.0, 5064.0, 5399.0, 4450.0, 3429.0, 4380.0, 4737.0, 3856.0, 3016.0, 3057.0, 4244.0, 5448.0, 6072.0, 4200.0, 3297.0, 3429.0, 2713.0, 3500.0, 4817.0, 2713.0, 2585.0, 2743.0, 3024.0]",25651171.589341152
16,0.8,4,"[{""x"": -0.06955862045288086, ""y"": 0.9707808494567871, ""z"": 0.0, ""velocity"": 0.0, ""snr"": 0.0}, {""x"": -0.049173831939697266, ""y"": 0.9525418281555176, ""z"": 0.0, ""velocity"": 0.0, ""snr"": 0.0}, {""x"": 0.18775463104248047, ""y"": 1.0619759559631348, ""z"": 0.0, ""velocity"": 0.0, ""snr"": 0.0}, {""x"": 1.6021728515625, ""y"": 1.9898414611816406, ""z"": 0.0, ""velocity"": 0.0, ""snr"": 0.0}]","[143409.0, 218333.0, 150567.0, 46609.0, 9465.0, 3213.0, 2335.0, 2656.0, 3433.0, 3214.0, 3558.0, 7170.0, 10210.0, 13874.0, 10332.0, 5563.0, 2959.0, 2986.0, 2836.0, 10739.0, 35066.0, 61684.0, 72666.0, 53609.0, 27795.0, 23560.0, 7709.0, 7014.0, 6316.0, 4248.0, 8281.0, 8468.0, 7519.0, 15636.0, 26923.0, 13098.0, 36983.0, 44489.0, 24293.0, 18651.0, 24590.0, 13671.0, 7845.0, 8211.0, 8238.0, 10331.0, 18290.0, 19751.0, 20603.0, 39823.0, 50226.0, 39871.0, 32155.0, 29870.0, 31697.0, 37597.0, 24487.0, 15473.0, 19460.0, 20398.0, 16935.0, 8845.0, 10371.0, 11756.0, 10831.0, 8173.0, 7340.0, 7536.0, 7545.0, 8586.0, 7690.0, 5624.0, 7440.0, 8023.0, 5872.0, 6398.0, 7383.0, 7787.0, 6366.0, 8807.0, 6940.0, 5285.0, 6246.0, 7493.0, 6728.0, 8047.0, 7456.0, 5634.0, 6238.0, 4764.0, 3731.0, 3398.0, 3147.0, 3397.0, 5350.0, 8050.0, 6666.0, 5214.0, 6968.0, 8105.0, 7879.0, 8758.0, 7501.0, 4041.0, 5514.0, 3824.0, 3695.0, 4349.0, 5197.0, 5453.0, 3739.0, 4385.0, 4159.0, 3144.0, 2686.0, 3534.0, 4716.0, 5023.0, 3798.0, 3799.0, 4013.0, 3240.0, 4324.0, 5318.0, 3453.0, 2418.0, 2584.0, 2234.0]",25137745.751382798
17,0.8,5,"[{""x"": 0.033974647521972656, ""y"": 0.9673833847045898, ""z"": 0.0, ""velocity"": 0.0, ""snr"": 0.0}, {""x"": 0.09942054748535156, ""y"": 0.9824037551879883, ""z"": 0.0, ""velocity"": 0.0, ""snr"": 0.0}, {""x"": 0.14269351959228516, ""y"": 0.9865164756774902, ""z"": 0.0, ""velocity"": 0.0, ""snr"": 0.0}, {""x"": 0.1278519630432129, ""y"": 1.0079741477966309, ""z"": 0.0, ""velocity"": 0.0, ""snr"": 0.0}, {""x"": 0.11461973190307617, ""y"": 1.0505318641662598, ""z"": 0.0, ""velocity"": 0.0, ""snr"": 0.0}]","[142707.0, 218574.0, 150675.0, 46698.0, 9499.0, 3184.0, 2119.0, 2564.0, 3393.0, 3360.0, 2322.0, 5390.0, 8200.0, 8047.0, 8162.0, 5170.0, 3608.0, 2652.0, 2915.0, 6979.0, 42369.0, 117366.0, 137869.0, 74803.0, 27602.0, 14064.0, 7738.0, 6067.0, 7797.0, 8521.0, 10158.0, 8238.0, 3882.0, 10859.0, 15698.0, 15562.0, 31403.0, 43805.0, 29815.0, 24108.0, 22990.0, 17057.0, 8479.0, 9113.0, 8886.0, 5486.0, 7053.0, 7550.0, 7443.0, 9644.0, 15253.0, 17589.0, 23584.0, 39549.0, 31882.0, 19938.0, 17130.0, 15463.0, 19889.0, 12216.0, 10960.0, 14422.0, 12991.0, 9327.0, 8565.0, 8036.0, 8001.0, 7530.0, 8068.0, 8458.0, 6774.0, 4837.0, 4428.0, 5332.0, 5229.0, 5969.0, 6586.0, 7899.0, 9049.0, 9078.0, 4796.0, 5596.0, 5488.0, 6342.0, 7187.0, 9285.0, 9649.0, 6231.0, 5701.0, 6010.0, 5005.0, 4135.0, 3506.0, 5146.0, 6001.0, 8479.0, 6435.0, 4100.0, 5284.0, 7124.0, 6973.0, 9184.0, 8640.0, 6794.0, 6910.0, 5202.0, 3619.0, 3542.0, 4365.0, 4711.0, 3230.0, 4527.0, 4750.0, 4381.0, 3765.0, 5144.0, 6217.0, 6323.0, 3866.0, 3338.0, 3264.0, 2662.0, 3914.0, 4946.0, 3182.0, 2973.0, 2596.0, 2325.0]",24637299.589663684
18,0.8,6,"[{""x"": -0.25194883346557617, ""y"": 1.0594725608825684, ""z"": 0.0, ""velocity"": 0.0, ""snr"": 0.0}, {""x"": -0.010728836059570312, ""y"": 0.9643435478210449, ""z"": 0.0, ""velocity"": 0.0, ""snr"": 0.0}, {""x"": -0.006079673767089844, ""y"": 0.976860523223877, ""z"": 0.0, ""velocity"": 0.0, ""snr"": 0.0}, {""x"": -0.017344951629638672, ""y"": 0.9854435920715332, ""z"": 0.0, ""velocity"": 0.0, ""snr"": 0.0}, {""x"": -0.012516975402832031, ""y"": 1.0224580764770508, ""z"": 0.0, ""velocity"": 0.0, ""snr"": 0.0}, {""x"": 1.8680691719055176, ""y"": 1.6080737113952637, ""z"": 0.0, ""velocity"": 0.0, ""snr"": 0.0}]","[143173.0, 218420.0, 150534.0, 46093.0, 9514.0, 3092.0, 2001.0, 2259.0, 3141.0, 3189.0, 2367.0, 3283.0, 6535.0, 13618.0, 13140.0, 7073.0, 4720.0, 3770.0, 3023.0, 6868.0, 47394.0, 102262.0, 94756.0, 38838.0, 40008.0, 21166.0, 4994.0, 3810.0, 4192.0, 3510.0, 7651.0, 8389.0, 6632.0, 22318.0, 31047.0, 30471.0, 47046.0, 66799.0, 44519.0, 27620.0, 21427.0, 14029.0, 12758.0, 9873.0, 9911.0, 9532.0, 8698.0, 13594.0, 12391.0, 12573.0, 15993.0, 21380.0, 21152.0, 23606.0, 27120.0, 21282.0, 19517.0, 15880.0, 16551.0, 12595.0, 11655.0, 10782.0, 9246.0, 9430.0, 10432.0, 8432.0, 7482.0, 7394.0, 8470.0, 7990.0, 6224.0, 6325.0, 6006.0, 5673.0, 5660.0, 8377.0, 9093.0, 5968.0, 9981.0, 11707.0, 7850.0, 7151.0, 9144.0, 9399.0, 6779.0, 6592.0, 7518.0, 5948.0, 4470.0, 4465.0, 3379.0, 4559.0, 5676.0, 4308.0, 5264.0, 6310.0, 4440.0, 5155.0, 5532.0, 5670.0, 5888.0, 8678.0, 8393.0, 5238.0, 6456.0, 6011.0, 4347.0, 3488.0, 4287.0, 5353.0, 3445.0, 4341.0, 4961.0, 4474.0, 3481.0, 4328.0, 5065.0, 5452.0, 3744.0, 3546.0, 2959.0, 2697.0, 3656.0, 5038.0, 3548.0, 2177.0, 2761.0, 2691.0]",24143208.67465248
19,0.8,7,"[{""x"": -0.2097487449645996, ""y"": 1.056075096130371, ""z"": 0.0, ""velocity"": 0.0, ""snr"": 0.0}, {""x"": -0.08153915405273438, ""y"": 0.9273290634155273, ""z"": 0.0, ""velocity"": 0.0, ""snr"": 0.0}, {""x"": -0.06097555160522461, ""y"": 0.9518265724182129, ""z"": 0.0, ""velocity"": 0.0, ""snr"": 0.0}, {""x"": -0.06455183029174805, ""y"": 0.9652376174926758, ""z"": 0.0, ""velocity"": 0.0, ""snr"": 0.0}, {""x"": -0.0997781753540039, ""y"": 0.9856224060058594, ""z"": 0.0, ""velocity"": 0.0, ""snr"": 0.0}, {""x"": -0.1888275146484375, ""y"": 1.016557216644287, ""z"": 0.0, ""velocity"": 0.0, ""snr"": 0.0}, {""x"": 2.1114349365234375, ""y"": 1.2677907943725586, ""z"": 0.0, ""velocity"": 0.0, ""snr"": 0.0}]","[142756.0, 218443.0, 150613.0, 46372.0, 9696.0, 3341.0, 2005.0, 2291.0, 3452.0, 3163.0, 2122.0, 3421.0, 7301.0, 14354.0, 12467.0, 5368.0, 3638.0, 3806.0, 3416.0, 30683.0, 125239.0, 201460.0, 161994.0, 105540.0, 80732.0, 42579.0, 13665.0, 5705.0, 4037.0, 4442.0, 8815.0, 9071.0, 5482.0, 6902.0, 10206.0, 10039.0, 23517.0, 28866.0, 19492.0, 10089.0, 11958.0, 12199.0, 11147.0, 8199.0, 7462.0, 5609.0, 7583.0, 7426.0, 6110.0, 10790.0, 14757.0, 19052.0, 15993.0, 20637.0, 24494.0, 13480.0, 19004.0, 17493.0, 17845.0, 17135.0, 14336.0, 7260.0, 10575.0, 6229.0, 5192.0, 5743.0, 7121.0, 6418.0, 7315.0, 6311.0, 6626.0, 5661.0, 5659.0, 4574.0, 5705.0, 6795.0, 6297.0, 5283.0, 7184.0, 11746.0, 11832.0, 10864.0, 13920.0, 13526.0, 9586.0, 7105.0, 6214.0, 5457.0, 3881.0, 4041.0, 4364.0, 5491.0, 7108.0, 5419.0, 5331.0, 5309.0, 4808.0, 4251.0, 5135.0, 6945.0, 6479.0, 9107.0, 8342.0, 5199.0, 6814.0, 6381.0, 4336.0, 3046.0, 4554.0, 5824.0, 3536.0, 4396.0, 4350.0, 4044.0, 3120.0, 4074.0, 5060.0, 5264.0, 3832.0, 3399.0, 3015.0, 2868.0, 3437.0, 5175.0, 3957.0, 2491.0, 2496.0, 2299.0]",23663290.628332384
0,0.8,8,"[{""x"": -0.11551380157470703, ""y"": 0.9153485298156738, ""z"": 0.0, ""velocity"": 0.0, ""snr"": 0.0}, {""x"": -0.11014938354492188, ""y"": 0.9307265281677246, ""z"": 0.0, ""velocity"": 0.0, ""snr"": 0.0}, {""x"": -0.1169443130493164, ""y"": 0.943601131439209, ""z"": 0.0, ""velocity"": 0.0, ""snr"": 0.0}, {""x"": -0.1462697982788086, ""y"": 0.9679198265075684, ""z"": 0.0, ""velocity"": 0.0, ""snr"": 0.0}, {""x"": -0.16307830810546875, ""y"": 1.015305519104004, ""z"": 0.0, ""velocity"": 0.0, ""snr"": 0.0}, {""x"": -0.2002716064453125, ""y"": 1.0603666305541992, ""z"": 0.0, ""velocity"": 0.0, ""snr"": 0.0}, {""x"": -0.1042485237121582, ""y"": 2.3785829544067383, ""z"": 0.0, ""velocity"": 0.0, ""snr"": 0.0}, {""x"": 1.9428133964538574, ""y"": 1.5140175819396973, ""z"": 0.0, ""velocity"": 0.0, ""snr"": 0.0}]","[143401.0, 218531.0, 150501.0, 46532.0, 9614.0, 3215.0, 2145.0, 2529.0, 3586.0, 3293.0, 2427.0, 6614.0, 9606.0, 10392.0, 7844.0, 6333.0, 4740.0, 4669.0, 9862.0, 83948.0, 209370.0, 223716.0, 134573.0, 72472.0, 54530.0, 34796.0, 9781.0, 4314.0, 3927.0, 4061.0, 8326.0, 9430.0, 5574.0, 9822.0, 14580.0, 20166.0, 43201.0, 50920.0, 28912.0, 27867.0, 24659.0, 22847.0, 15043.0, 10443.0, 9331.0, 11671.0, 15759.0, 11903.0, 10413.0, 31026.0, 35104.0, 28448.0, 35611.0, 29667.0, 29538.0, 23317.0, 18719.0, 13967.0, 16066.0, 10344.0, 8948.0, 6146.0, 8679.0, 6578.0, 8129.0, 8537.0, 9164.0, 8272.0, 7868.0, 6865.0, 6106.0, 5376.0, 4554.0, 4836.0, 4347.0, 5564.0, 5670.0, 5104.0, 6378.0, 9652.0, 8744.0, 4874.0, 4215.0, 6049.0, 6167.0, 4680.0, 4840.0, 4547.0, 4215.0, 4203.0, 4001.0, 6157.0, 8399.0, 6815.0, 6750.0, 4719.0, 4541.0, 4537.0, 5370.0, 6957.0, 7614.0, 9810.0, 7832.0, 4486.0, 5534.0, 6639.0, 5869.0, 4656.0, 2893.0, 4420.0, 3812.0, 5161.0, 4694.0, 3249.0, 3526.0, 4008.0, 5933.0, 5617.0, 3863.0, 3037.0, 3417.0, 3458.0, 3988.0, 5769.0, 4161.0, 2490.0, 2329.0, 2426.0]",23188529.97272388
1,0.8,7,"[{""x"": -0.1881122589111328, ""y"": 0.8962154388427734, ""z"": 0.0, ""velocity"": 0.0, ""snr"": 0.0}, {""x"": -0.18703937530517578, ""y"": 0.9133815765380859, ""z"": 0.0, ""velocity"": 0.0, ""snr"": 0.0}, {""x"": -0.2104640007019043, ""y"": 0.9326934814453125, ""z"": 0.0, ""velocity"": 0.0, ""snr"": 0.0}, {""x"": -0.22602081298828125, ""y"": 0.971674919128418, ""z"": 0.0, ""velocity"": 0.0, ""snr"": 0.0}, {""x"": -0.24765729904174805, ""y"": 1.0115504264831543, ""z"": 0.0, ""velocity"": 0.0, ""snr"": 0.0}, {""x"": -0.30934810638427734, ""y"": 1.031041145324707, ""z"": 0.0, ""velocity"": 0.0, ""snr"": 0.0}, {""x"": 1.8646717071533203, ""y"": 1.611471176147461, ""z"": 0.0, ""velocity"": 0.0, ""snr"": 0.0}]","[142987.0, 218286.0, 150247.0, 46503.0, 9711.0, 3185.0, 1969.0, 2455.0, 3537.0, 3383.0, 3044.0, 5390.0, 7138.0, 7507.0, 6681.0, 4160.0, 5765.0, 5430.0, 12328.0, 64704.0, 132952.0, 134497.0, 108426.0, 94577.0, 69686.0, 38424.0, 12154.0, 4611.0, 3912.0, 3115.0, 8143.0, 11024.0, 7720.0, 12053.0, 15191.0, 20003.0, 45336.0, 52376.0, 33406.0, 29730.0, 32080.0, 19311.0, 11657.0, 9493.0, 8118.0, 6385.0, 7315.0, 8235.0, 6717.0, 10324.0, 14691.0, 16066.0, 15601.0, 22875.0, 27865.0, 21985.0, 18081.0, 14828.0, 16091.0, 13841.0, 11724.0, 8270.0, 11813.0, 9403.0, 6854.0, 7870.0, 6173.0, 6337.0, 6764.0, 6280.0, 5137.0, 4610.0, 5025.0, 6379.0, 6490.0, 5763.0, 5407.0, 7093.0, 7356.0, 8657.0, 7967.0, 5563.0, 5648.0, 5517.0, 6164.0, 8089.0, 7794.0, 4733.0, 4660.0, 4244.0, 4834.0, 4945.0, 7072.0, 5599.0, 5964.0, 6072.0, 5122.0, 4172.0, 5575.0, 6130.0, 6142.0, 8567.0, 7642.0, 3980.0, 3694.0, 3905.0, 5237.0, 5512.0, 2856.0, 3438.0, 3493.0, 4520.0, 4046.0, 3404.0, 3031.0, 3768.0, 4610.0, 5207.0, 4473.0, 3428.0, 2806.0, 2482.0, 3301.0, 5340.0, 3874.0, 2730.0, 2360.0, 2063.0]",22724233.292757194
2,0.8,9,"[{""x"": -0.2846717834472656, ""y"": 0.8339881896972656, ""z"": 0.0, ""velocity"": 0.0, ""snr"": 0.0}, {""x"": -0.30362606048583984, ""y"": 0.8500814437866211, ""z"": 0.0, ""velocity"": 0.0, ""snr"": 0.0}, {""x"": -0.21886825561523438, ""y"": 0.904083251953125, ""z"": 0.0, ""velocity"": 0.0, ""snr"": 0.0}, {""x"": -0.17309188842773438, ""y"": 0.945746898651123, ""z"": 0.0, ""velocity"": 0.0, ""snr"": 0.0}, {""x"": -0.17774105072021484, ""y"": 0.9759664535522461, ""z"": 0.0, ""velocity"": 0.0, ""snr"": 0.0}, {""x"": -0.14770030975341797, ""y"": 1.033186912536621, ""z"": 0.0, ""velocity"": 0.0, ""snr"": 0.0}, {""x"": -0.15091896057128906, ""y"": 1.0773539543151855, ""z"": 0.0, ""velocity"": 0.0, ""snr"": 0.0}, {""x"": -0.17702579498291016, ""y"": 1.715540885925293, ""z"": 0.0, ""velocity"": 0.0, ""snr"": 0.0}, {""x"": -0.14716386795043945, ""y"": 1.7745494842529297, ""z"": 0.0, ""velocity"": 0.0, ""snr"": 0.0}]","[142604.0, 218446.0, 150779.0, 46274.0, 9404.0, 3124.0, 1943.0, 2274.0, 3486.0, 3268.0, 3401.0, 6533.0, 6733.0, 9329.0, 8096.0, 5401.0, 3915.0, 4297.0, 19029.0, 70989.0, 102728.0, 124355.0, 98959.0, 69503.0, 71376.0, 44426.0, 9814.0, 3898.0, 3564.0, 4369.0, 8811.0, 10453.0, 6934.0, 10842.0, 13946.0, 14998.0, 41905.0, 46355.0, 28111.0, 27369.0, 23586.0, 20137.0, 13810.0, 9729.0, 11659.0, 7984.0, 14692.0, 19382.0, 19059.0, 19859.0, 27176.0, 28892.0, 23276.0, 23544.0, 26111.0, 19989.0, 19918.0, 14199.0, 12463.0, 14263.0, 11355.0, 8219.0, 11479.0, 11355.0, 10429.0, 8955.0, 9213.0, 8245.0, 7614.0, 6751.0, 5173.0, 4599.0, 5128.0, 5765.0, 5542.0, 5539.0, 4850.0, 6167.0, 7640.0, 9947.0, 9594.0, 6984.0, 4896.0, 5193.0, 6579.0, 6834.0, 5125.0, 4498.0, 3813.0, 4241.0, 4520.0, 3688.0, 4745.0, 5413.0, 5660.0, 6107.0, 5288.0, 4704.0, 5219.0, 6139.0, 6701.0, 8421.0, 8638.0, 4416.0, 4107.0, 4733.0, 5355.0, 4429.0, 4338.0, 5098.0, 4215.0, 4808.0, 4481.0, 3336.0, 3979.0, 5031.0, 6202.0, 5828.0, 3729.0, 3098.0, 3085.0, 2696.0, 3443.0, 4903.0, 3378.0, 2456.0, 2524.0, 2253.0]",22268642.733933263
3,0.8,10,"[{""x"": -0.406801700592041, ""y"": 0.7790923118591309, ""z"": 0.0, ""velocity"": 0.0, ""snr"": 0.0}, {""x"": -0.3814101219177246, ""y"": 0.8184313774108887, ""z"": 0.0, ""velocity"": 0.0, ""snr"": 0.0}, {""x"": -0.3667473793029785, ""y"": 0.8350610733032227, ""z"": 0.0, ""velocity"": 0.0, ""snr"": 0.0}, {""x"": -0.24372339248657227, ""y"": 0.9037256240844727, ""z"": 0.0, ""velocity"": 0.0, ""snr"": 0.0}, {""x"": -0.49370527267456055, ""y"": 2.5128722190856934, ""z"": 0.0, ""velocity"": 0.0, ""snr"": 0.0}, {""x"": -0.2067089080810547, ""y"": 1.711428165435791, ""z"": 0.0, ""velocity"": 0.0, ""snr"": 0.0}, {""x"": -0.2823472023010254, ""y"": 2.5078654289245605, ""z"": 0.0, ""velocity"": 0.0, ""snr"": 0.0}, {""x"": -0.40590763092041016, ""y"": 2.5547146797180176, ""z"": 0.0, ""velocity"": 0.0, ""snr"": 0.0}, {""x"": 0.11837482452392578, ""y"": 0.976860523223877, ""z"": 0.0, ""velocity"": 0.0, ""snr"": 0.0}, {""x"": 1.9347667694091797, ""y"": 1.5340447425842285, ""z"": 0.0, ""velocity"": 0.0, ""snr"": 0.0}]","[142804.0, 218348.0, 150544.0, 46592.0, 9616.0, 3045.0, 2089.0, 2542.0, 3763.0, 3644.0, 3336.0, 6802.0, 6608.0, 7347.0, 6425.0, 4364.0, 4012.0, 5796.0, 24497.0, 84024.0, 117887.0, 74414.0, 45976.0, 26531.0, 44896.0, 33738.0, 9539.0, 4898.0, 4866.0, 4708.0, 9080.0, 11080.0, 8413.0, 10729.0, 13192.0, 12061.0, 31796.0, 43848.0, 30722.0, 24515.0, 21818.0, 18815.0, 12484.0, 10505.0, 10703.0, 7363.0, 12659.0, 13301.0, 10543.0, 17117.0, 16826.0, 14143.0, 20779.0, 22602.0, 27294.0, 21870.0, 23658.0, 18842.0, 15896.0, 10130.0, 8935.0, 5076.0, 8155.0, 8492.0, 6653.0, 6601.0, 6102.0, 5812.0, 7001.0, 7626.0, 6467.0, 4303.0, 5107.0, 7918.0, 8514.0, 7062.0, 5486.0, 5111.0, 6427.0, 9644.0, 9267.0, 6814.0, 6167.0, 5029.0, 4665.0, 5736.0, 5132.0, 4535.0, 3488.0, 4404.0, 5101.0, 3544.0, 4035.0, 5860.0, 8242.0, 9526.0, 5873.0, 4719.0, 5502.0, 6770.0, 8562.0, 9272.0, 7513.0, 4962.0, 5466.0, 4291.0, 3149.0, 3340.0, 5169.0, 4581.0, 4454.0, 5571.0, 5317.0, 3894.0, 3448.0, 4296.0, 6313.0, 6408.0, 4341.0, 4007.0, 3136.0, 2403.0, 3759.0, 5329.0, 3496.0, 2776.0, 2739.0, 2901.0]",21823577.822930507
4,0.8,9,"[{""x"": -0.35834312438964844, ""y"": 0.9157061576843262, ""z"": 0.0, ""velocity"": 0.0, ""snr"": 0.0}, {""x"": -0.1786351203918457, ""y"": 0.8473992347717285, ""z"": 0.0, ""velocity"": 0.0, ""snr"": 0.0}, {""x"": -0.19669532775878906, ""y"": 0.8667111396789551, ""z"": 0.0, ""velocity"": 0.0, ""snr"": 0.0}, {""x"": -0.1500248908996582, ""y"": 0.9185671806335449, ""z"": 0.0, ""velocity"": 0.0, ""snr"": 0.0}, {""x"": -0.1552104949951172, ""y"": 0.9357333183288574, ""z"": 0.0, ""velocity"": 0.0, ""snr"": 0.0}, {""x"": -0.15217065811157227, ""y"": 1.1154413223266602, ""z"": 0.0, ""velocity"": 0.0, ""snr"": 0.0}, {""x"": -0.1766681671142578, ""y"": 1.1102557182312012, ""z"": 0.0, ""velocity"": 0.0, ""snr"": 0.0}, {""x"": 0.3039836883544922, ""y"": 1.0251402854919434, ""z"": 0.0, ""velocity"": 0.0, ""snr"": 0.0}, {""x"": 1.893460750579834, ""y"": 1.5889406204223633, ""z"": 0.0, ""velocity"": 0.0, ""snr"": 0.0}]","[142749.0, 218311.0, 150388.0, 46449.0, 9614.0, 3323.0, 2085.0, 2814.0, 4151.0, 3932.0, 3287.0, 6558.0, 8316.0, 8471.0, 7172.0, 6255.0, 4391.0, 4850.0, 33018.0, 52083.0, 71432.0, 90500.0, 46400.0, 38227.0, 60701.0, 61424.0, 23976.0, 7934.0, 6778.0, 6125.0, 8112.0, 9902.0, 8449.0, 10685.0, 13375.0, 11622.0, 32385.0, 35619.0, 17454.0, 20890.0, 28643.0, 21382.0, 10111.0, 7131.0, 7997.0, 8505.0, 9883.0, 8293.0, 7335.0, 10684.0, 14546.0, 14378.0, 12314.0, 21906.0, 28955.0, 21573.0, 20273.0, 15253.0, 13308.0, 10160.0, 9017.0, 6954.0, 10759.0, 10834.0, 8669.0, 8415.0, 7016.0, 7191.0, 7187.0, 7009.0, 7656.0, 4957.0, 7375.0, 9296.0, 6803.0, 6187.0, 6452.0, 5688.0, 6834.0, 10160.0, 9510.0, 8402.0, 6285.0, 5305.0, 5764.0, 6419.0, 5025.0, 4418.0, 5377.0, 5051.0, 4859.0, 4982.0, 5039.0, 4783.0, 6349.0, 8514.0, 7015.0, 4603.0, 4711.0, 5329.0, 6750.0, 8753.0, 7129.0, 4288.0, 5034.0, 4662.0, 4412.0, 4080.0, 4073.0, 3388.0, 4577.0, 5038.0, 4222.0, 2912.0, 3220.0, 4506.0, 6044.0, 6037.0, 3722.0, 3612.0, 3571.0, 3635.0, 5062.0, 6177.0, 3450.0, 2763.0, 2659.0, 2532.0]",21387557.788004223
5,0.8,8,"[{""x"": -0.4717111587524414, ""y"": 0.8972883224487305, ""z"": 0.0, ""velocity"": 0.0, ""snr"": 0.0}, {""x"": -0.40036439895629883, ""y"": 0.9591579437255859, ""z"": 0.0, ""velocity"": 0.0, ""snr"": 0.0}, {""x"": -0.2853870391845703, ""y"": 0.937342643737793, ""z"": 0.0, ""velocity"": 0.0, ""snr"": 0.0}, {""x"": -0.0756382942199707, ""y"": 0.8561611175537109, ""z"": 0.0, ""velocity"": 0.0, ""snr"": 0.0}, {""x"": -0.10013580322265625, ""y"": 0.8613467216491699, ""z"": 0.0, ""velocity"": 0.0, ""snr"": 0.0}, {""x"": -0.0826120376586914, ""y"": 0.9121298789978027, ""z"": 0.0, ""velocity"": 0.0, ""snr"": 0.0}, {""x"": 2.1854639053344727, ""y"": 1.1494159698486328, ""z"": 0.0, ""velocity"": 0.0, ""snr"": 0.0}, {""x"": 2.156853675842285, ""y"": 1.2779831886291504, ""z"": 0.0, ""velocity"": 0.0, ""snr"": 0.0}]","[142920.0, 218277.0, 150331.0, 46248.0, 9394.0, 3207.0, 2065.0, 2608.0, 4155.0, 4046.0, 3126.0, 6842.0, 11165.0, 11627.0, 7036.0, 5459.0, 4514.0, 7898.0, 25839.0, 37346.0, 23043.0, 39211.0, 55857.0, 49878.0, 30993.0, 25635.0, 13855.0, 6286.0, 4668.0, 4474.0, 8584.0, 10065.0, 8462.0, 10422.0, 16561.0, 21063.0, 34126.0, 46196.0, 31187.0, 21829.0, 19828.0, 12038.0, 10555.0, 8130.0, 8242.0, 8096.0, 11746.0, 15270.0, 12163.0, 9492.0, 11487.0, 10706.0, 19861.0, 36211.0, 29475.0, 21313.0, 20028.0, 16323.0, 17683.0, 13857.0, 7322.0, 8130.0, 9774.0, 8810.0, 8768.0, 10793.0, 8657.0, 7936.0, 6526.0, 7582.0, 7796.0, 6280.0, 6421.0, 5532.0, 5733.0, 5374.0, 6688.0, 6222.0, 7132.0, 11733.0, 9910.0, 7066.0, 6842.0, 6313.0, 5176.0, 5192.0, 5193.0, 6077.0, 4455.0, 5048.0, 7474.0, 5829.0, 4277.0, 4287.0, 6985.0, 9108.0, 7322.0, 3461.0, 5152.0, 5895.0, 6129.0, 8362.0, 7335.0, 5101.0, 5678.0, 5394.0, 4612.0, 3909.0, 3688.0, 4151.0, 4237.0, 4161.0, 3756.0, 3366.0, 3641.0, 4535.0, 5890.0, 5936.0, 4142.0, 3507.0, 4318.0, 4531.0, 6016.0, 6371.0, 3181.0, 2822.0, 2913.0, 2672.0]",20959738.96123202
6,0.8,12,"[{""x"": -0.3662109375, ""y"": 0.9698867797851562, ""z"": 0.0, ""velocity"": 0.0, ""snr"": 0.0}, {""x"": -0.2034902572631836, ""y"": 0.8450746536254883, ""z"": 0.0, ""velocity"": 0.0, ""snr"": 0.0}, {""x"": -0.16021728515625, ""y"": 0.840604305267334, ""z"": 0.0, ""velocity"": 0.0, ""snr"": 0.0}, {""x"": -0.11336803436279297, ""y"": 0.9208917617797852, ""z"": 0.0, ""velocity"": 0.0, ""snr"": 0.0}, {""x"": -0.16576051712036133, ""y"": 0.9897351264953613, ""z"": 0.0, ""velocity"": 0.0, ""snr"": 0.0}, {""x"": -0.1995563507080078, ""y"": 1.718580722808838, ""z"": 0.0, ""velocity"": 0.0, ""snr"": 0.0}, {""x"": -0.17398595809936523, ""y"": 1.7641782760620117, ""z"": 0.0, ""velocity"": 0.0, ""snr"": 0.0}, {""x"": -0.03451108932495117, ""y"": 0.9815096855163574, ""z"": 0.0, ""velocity"": 0.0, ""snr"": 0.0}, {""x"": 0.08797645568847656, ""y"": 1.1102557182312012, ""z"": 0.0, ""velocity"": 0.0, ""snr"": 0.0}, {""x"": 0.10102987289428711, ""y"": 1.1147260665893555, ""z"": 0.0, ""velocity"": 0.0, ""snr"": 0.0}, {""x"": 1.9201040267944336, ""y"": 1.6200542449951172, ""z"": 0.0, ""velocity"": 0.0, ""snr"": 0.0}, {""x"": 2.1581053733825684, ""y"": 1.218259334564209, ""z"": 0.0, ""velocity"": 0.0, ""snr"": 0.0}]","[142795.0, 218240.0, 150583.0, 46549.0, 9633.0, 2933.0, 2003.0, 2784.0, 3958.0, 4131.0, 3180.0, 7148.0, 11333.0, 10433.0, 5270.0, 481099776.0, 609615872.0, 498139136.0, 275054592.0, 235339776.0, 259588096.0, 285736960.0, 231669760.0, 215285760.0, 312344576.0, 243007488.0, 208601088.0, 198639616.0, 189464576.0, 184614912.0, 227803136.0, 333643776.0, 358219776.0, 230096896.0, 254345216.0, 271974400.0, 296026112.0, 353435648.0, 308674560.0, 157941760.0, 198246400.0, 169213952.0, 224854016.0, 0.0, 0.0, 0.0, 0.0, 50594050.0, 117966086.0, 84214528.0, 672.0, 681010.0, 301.0, 0.0, 7.0, 2.0, 4294967295.0, 301.0, 90.0, 960200704.0, 968808749.0, 1048576000.0, 1065353216.0, 7.0, 28441965.0, 0.0, 4120463415.0, 4886.0, 1246822400.0, 322696974.0, 0.0, 4202646345.0, 5014.0, 1312161792.0, 404487109.0, 0.0, 126897975.0, 5543.0, 1229979648.0, 675752303.0, 0.0, 19811124.0, 33554432.0, 778240000.0, 1418461186.0, 1338048515.0, 3306225666.0, 1281359872.0, 882442240.0, 752156672.0, 324403200.0, 230162432.0, 205717504.0, 218759168.0, 565379072.0, 871170048.0, 1100414976.0, 785055744.0, 282984448.0, 166199296.0, 178847744.0, 399245312.0, 1407909888.0, 2374107136.0, 3150118912.0, 3505455104.0, 2832728064.0, 3010134016.0, 2943287296.0, 1239613440.0, 311885824.0, 209911808.0, 195559424.0, 277413888.0, 450494464.0, 483262464.0, 800129024.0, 1208811520.0, 1550516224.0, 2713190400.0, 3299868672.0, 1974992896.0, 1070333952.0, 1389559808.0, 813498368.0, 293011456.0, 475791360.0, 561053696.0]",641786935.4070144
7,0.8,8,"[{""x"": -0.33992528915405273, ""y"": 0.9123086929321289, ""z"": 0.0, ""velocity"": 0.0, ""snr"": 0.0}, {""x"": -0.3679990768432617, ""y"": 0.9289383888244629, ""z"": 0.0, ""velocity"": 0.0, ""snr"": 0.0}, {""x"": -0.22333860397338867, ""y"": 0.9042620658874512, ""z"": 0.0, ""velocity"": 0.0, ""snr"": 0.0}, {""x"": -0.2778768539428711, ""y"": 1.003861427307129, ""z"": 0.0, ""velocity"": 0.0, ""snr"": 0.0}, {""x"": -0.2136826515197754, ""y"": 1.07574462890625, ""z"": 0.0, ""velocity"": 0.0, ""snr"": 0.0}, {""x"": -0.16361474990844727, ""y"": 0.8878111839294434, ""z"": 0.0, ""velocity"": 0.0, ""snr"": 0.0}, {""x"": -0.2480149269104004, ""y"": 1.7132163047790527, ""z"": 0.0, ""velocity"": 0.0, ""snr"": 0.0}, {""x"": -0.23889541625976562, ""y"": 1.7598867416381836, ""z"": 0.0, ""velocity"": 0.0, ""snr"": 0.0}]","[142906.0, 218694.0, 151570.0, 44941.0, 13327.0, 16170.0, 12669.0, 5675.0, 3581.0, 3579.0, 2676.0, 6230.0, 11053.0, 15199.0, 11298.0, 5018.0, 3273.0, 3012.0, 9247.0, 31592.0, 47130.0, 60874.0, 69742.0, 45556.0, 44261.0, 42584.0, 13649.0, 3235.0, 2848.0, 2985.0, 4243.0, 7027.0, 6847.0, 8824.0, 15467.0, 15150.0, 27549.0, 35070.0, 31219.0, 24524.0, 22184.0, 13468.0, 7335.0, 8617.0, 8241.0, 5768.0, 9994.0, 9665.0, 10272.0, 12389.0, 11804.0, 15295.0, 16162.0, 23148.0, 18796.0, 10653.0, 12999.0, 17442.0, 24322.0, 17038.0, 18714.0, 16807.0, 11904.0, 7463.0, 7640.0, 7951.0, 8078.0, 5834.0, 4983.0, 7532.0, 9168.0, 11150.0, 11062.0, 7938.0, 4780.0, 5443.0, 5964.0, 4975.0, 8225.0, 14805.0, 13062.0, 7427.0, 5241.0, 3693.0, 3547.0, 4456.0, 5490.0, 4231.0, 4415.0, 4459.0, 3921.0, 3614.0, 4240.0, 5656.0, 5334.0, 5557.0, 5155.0, 3658.0, 5021.0, 5507.0, 6716.0, 8908.0, 9009.0, 4904.0, 4313.0, 3388.0, 3289.0, 2761.0, 3326.0, 3924.0, 3064.0, 3729.0, 4007.0, 3665.0, 3519.0, 3564.0, 4712.0, 6103.0, 4861.0, 3311.0, 3774.0, 4463.0, 3940.0, 3688.0, 3378.0, 3297.0, 2427.0, 2261.0]",33216619.595662862
8,0.8,10,"[{""x"": -0.10156631469726562, ""y"": 0.1348257064819336, ""z"": 0.0, ""velocity"": 0.0, ""snr"": 0.0}, {""x"": -0.3574490547180176, ""y"": 0.9246468544006348, ""z"": 0.0, ""velocity"": 0.0, ""snr"": 0.0}, {""x"": -0.3268718719482422, ""y"": 0.9693503379821777, ""z"": 0.0, ""velocity"": 0.0, ""snr"": 0.0}, {""x"": -0.2880692481994629, ""y"": 0.921785831451416, ""z"": 0.0, ""velocity"": 0.0, ""snr"": 0.0}, {""x"": -0.5038976669311523, ""y"": 1.6277432441711426, ""z"": 0.0, ""velocity"": 0.0, ""snr"": 0.0}, {""x"": -0.10192394256591797, ""y"": 0.9042620658874512, ""z"": 0.0, ""velocity"": 0.0, ""snr"": 0.0}, {""x"": -0.1627206802368164, ""y"": 0.919640064239502, ""z"": 0.0, ""velocity"": 0.0, ""snr"": 0.0}, {""x"": -0.2707242965698242, ""y"": 1.7069578170776367, ""z"": 0.0, ""velocity"": 0.0, ""snr"": 0.0}, {""x"": 0.1462697982788086, ""y"": 1.0895133018493652, ""z"": 0.0, ""velocity"": 0.0, ""snr"": 0.0}, {""x"": 1.7736554145812988, ""y"": 1.9640922546386719, ""z"": 0.0, ""velocity"": 0.0, ""snr"": 0.0}]","[143117.0, 218225.0, 149240.0, 48339.0, 15779.0, 13216.0, 10903.0, 5375.0, 3733.0, 3490.0, 3306.0, 5929.0, 9572.0, 12635.0, 9324.0, 4615.0, 3021.0, 3112.0, 10678.0, 39779.0, 72437.0, 95548.0, 90504.0, 48447.0, 41645.0, 29369.0, 10454.0, 5488.0, 3999.0, 3490.0, 5215.0, 8533.0, 10801.0, 11653.0, 14233.0, 13510.0, 24851.0, 35217.0, 35309.0, 20385.0, 19293.0, 13796.0, 11635.0, 6520.0, 8839.0, 5845.0, 9404.0, 10187.0, 9957.0, 11807.0, 14573.0, 17597.0, 9462.0, 15449.0, 17571.0, 11426.0, 17224.0, 22904.0, 28363.0, 15075.0, 12882.0, 16303.0, 8969.0, 6840.0, 7185.0, 6698.0, 8734.0, 8996.0, 7495.0, 7138.0, 6884.0, 7578.0, 6630.0, 9679.0, 8288.0, 5301.0, 4676.0, 4548.0, 7930.0, 12423.0, 10001.0, 5973.0, 5005.0, 5019.0, 4957.0, 4954.0, 7225.0, 4765.0, 4403.0, 5186.0, 4450.0, 4874.0, 5413.0, 6643.0, 5880.0, 5241.0, 4323.0, 4137.0, 5160.0, 5230.0, 7190.0, 8752.0, 7852.0, 4501.0, 3713.0, 4416.0, 4860.0, 3151.0, 3539.0, 3926.0, 3515.0, 3461.0, 3716.0, 3067.0, 2532.0, 3565.0, 4653.0, 5783.0, 4477.0, 3634.0, 3382.0, 3942.0, 3904.0, 4503.0, 2654.0, 3143.0, 2768.0, 1714.0]",32551714.43362554
9,0.8,9,"[{""x"": -0.3420710563659668, ""y"": 0.979006290435791, ""z"": 0.0, ""velocity"": 0.0, ""snr"": 0.0}, {""x"": -0.3343820571899414, ""y"": 1.028001308441162, ""z"": 0.0, ""velocity"": 0.0, ""snr"": 0.0}, {""x"": -0.33420324325561523, ""y"": 1.0530352592468262, ""z"": 0.0, ""velocity"": 0.0, ""snr"": 0.0}, {""x"": -0.33599138259887695, ""y"": 1.0594725608825684, ""z"": 0.0, ""velocity"": 0.0, ""snr"": 0.0}, {""x"": -0.32579898834228516, ""y"": 1.6601085662841797, ""z"": 0.0, ""velocity"": 0.0, ""snr"": 0.0}, {""x"": -0.2524852752685547, ""y"": 1.6951560974121094, ""z"": 0.0, ""velocity"": 0.0, ""snr"": 0.0}, {""x"": -0.05632638931274414, ""y"": 0.9071230888366699, ""z"": 0.0, ""velocity"": 0.0, ""snr"": 0.0}, {""x"": 0.029325485229492188, ""y"": 0.9266138076782227, ""z"": 0.0, ""velocity"": 0.0, ""snr"": 0.0}, {""x"": 0.10639429092407227, ""y"": 0.945746898651123, ""z"": 0.0, ""velocity"": 0.0, ""snr"": 0.0}]","[143064.0, 218510.0, 149768.0, 48138.0, 13511.0, 11822.0, 10937.0, 5578.0, 3743.0, 3366.0, 3138.0, 4987.0, 8573.0, 11516.0, 10834.0, 5125.0, 2876.0, 2632.0, 8827.0, 31432.0, 55277.0, 53334.0, 41610.0, 64032.0, 119985.0, 84740.0, 25455.0, 6228.0, 3742.0, 5069.0, 6464.0, 8270.0, 9259.0, 16336.0, 24193.0, 30095.0, 46749.0, 54049.0, 44923.0, 16862.0, 20921.0, 16028.0, 7259.0, 10392.0, 8620.0, 6274.0, 9572.0, 12045.0, 11301.0, 9599.0, 17551.0, 20930.0, 13963.0, 18277.0, 18252.0, 13212.0, 17265.0, 20900.0, 23453.0, 13938.0, 9145.0, 9654.0, 10560.0, 5899.0, 6581.0, 7957.0, 6990.0, 6557.0, 6271.0, 6514.0, 6407.0, 6240.0, 6242.0, 6249.0, 5694.0, 4775.0, 5206.0, 6507.0, 7551.0, 8966.0, 7627.0, 5615.0, 5977.0, 4457.0, 4290.0, 5777.0, 7154.0, 4338.0, 4786.0, 5136.0, 4704.0, 4305.0, 3736.0, 4069.0, 5403.0, 6516.0, 4909.0, 5372.0, 5301.0, 5350.0, 7500.0, 9687.0, 9205.0, 4732.0, 3253.0, 4799.0, 6112.0, 4121.0, 4133.0, 4073.0, 4418.0, 4428.0, 3813.0, 3271.0, 2908.0, 3124.0, 4709.0, 5726.0, 4125.0, 3269.0, 3343.0, 3931.0, 3917.0, 3335.0, 2591.0, 3224.0, 2487.0, 1819.0]",31899743.66633564
10,0.8,10,"[{""x"": -0.6249547004699707, ""y"": 1.5565752983093262, ""z"": 0.0, ""velocity"": 0.0, ""snr"": 0.0}, {""x"": -0.1729130744934082, ""y"": 0.8960366249084473, ""z"": 0.0, ""velocity"": 0.0, ""snr"": 0.0}, {""x"": -0.2097487449645996, ""y"": 0.9137392044067383, ""z"": 0.0, ""velocity"": 0.0, ""snr"": 0.0}, {""x"": -0.28145313262939453, ""y"": 0.9242892265319824, ""z"": 0.0, ""velocity"": 0.0, ""snr"": 0.0}, {""x"": -0.3147125244140625, ""y"": 0.9568333625793457, ""z"": 0.0, ""velocity"": 0.0, ""snr"": 0.0}, {""x"": -0.3052353858947754, ""y"": 1.0054707527160645, ""z"": 0.0, ""velocity"": 0.0, ""snr"": 0.0}, {""x"": -0.31882524490356445, ""y"": 1.0262131690979004, ""z"": 0.0, ""velocity"": 0.0, ""snr"": 0.0}, {""x"": -0.5133748054504395, ""y"": 1.6175508499145508, ""z"": 0.0, ""velocity"": 0.0, ""snr"": 0.0}, {""x"": -0.34493207931518555, ""y"": 1.6865730285644531, ""z"": 0.0, ""velocity"": 0.0, ""snr"": 0.0}, {""x"": -0.18739700317382812, ""y"": 1.7684698104858398, ""z"": 0.0, ""velocity"": 0.0, ""snr"": 0.0}]","[142773.0, 218410.0, 150624.0, 48232.0, 9895.0, 9821.0, 11127.0, 6658.0, 3413.0, 3668.0, 2818.0, 5411.0, 8858.0, 10687.0, 10164.0, 5044.0, 3464.0, 3190.0, 12124.0, 46066.0, 92549.0, 115791.0, 111878.0, 116575.0, 103233.0, 40548.0, 7491.0, 3417.0, 3567.0, 3754.0, 4813.0, 7208.0, 7183.0, 10616.0, 19852.0, 16427.0, 32501.0, 49449.0, 34996.0, 27737.0, 26940.0, 18137.0, 9924.0, 8967.0, 6369.0, 5001.0, 9795.0, 7662.0, 10308.0, 10317.0, 16408.0, 28579.0, 23021.0, 22877.0, 22004.0, 18785.0, 23311.0, 21905.0, 26602.0, 14930.0, 10645.0, 7599.0, 8618.0, 7357.0, 8457.0, 11494.0, 9230.0, 6639.0, 6673.0, 6279.0, 5888.0, 7730.0, 5532.0, 4736.0, 4589.0, 5103.0, 4781.0, 5298.0, 7106.0, 9744.0, 6822.0, 5740.0, 5157.0, 5155.0, 5359.0, 6600.0, 8292.0, 5659.0, 3787.0, 4792.0, 4757.0, 3745.0, 3924.0, 4134.0, 4103.0, 5474.0, 5474.0, 5141.0, 5801.0, 6172.0, 8691.0, 10541.0, 8654.0, 3815.0, 4467.0, 4597.0, 4377.0, 3878.0, 3418.0, 3694.0, 3752.0, 4377.0, 4153.0, 3025.0, 2756.0, 3714.0, 5420.0, 6067.0, 4374.0, 3751.0, 3416.0, 3623.0, 3925.0, 4024.0, 2544.0, 2315.0, 1872.0, 1917.0]",31260498.90091711
11,0.8,8,"[{""x"": -0.11265277862548828, ""y"": 0.0940561294555664, ""z"": 0.0, ""velocity"": 0.0, ""snr"": 0.0}, {""x"": -0.20456314086914062, ""y"": 0.8921027183532715, ""z"": 0.0, ""velocity"": 0.0, ""snr"": 0.0}, {""x"": -0.2549886703491211, ""y"": 0.9881258010864258, ""z"": 0.0, ""velocity"": 0.0, ""snr"": 0.0}, {""x"": -0.22029876708984375, ""y"": 1.0272860527038574, ""z"": 0.0, ""velocity"": 0.0, ""snr"": 0.0}, {""x"": -0.21582841873168945, ""y"": 1.0596513748168945, ""z"": 0.0, ""velocity"": 0.0, ""snr"": 0.0}, {""x"": -0.16236305236816406, ""y"": 0.8740425109863281, ""z"": 0.0, ""velocity"": 0.0, ""snr"": 0.0}, {""x"": 0.36728382110595703, ""y"": 0.9062290191650391, ""z"": 0.0, ""velocity"": 0.0, ""snr"": 0.0}, {""x"": 1.858055591583252, ""y"": 1.880943775177002, ""z"": 0.0, ""velocity"": 0.0, ""snr"": 0.0}]","[142932.0, 218277.0, 149529.0, 49482.0, 17918.0, 8926.0, 13783.0, 9155.0, 4904.0, 2935.0, 3002.0, 5484.0, 7287.0, 11119.0, 7533.0, 3686.0, 4232.0, 3486.0, 14294.0, 52359.0, 42030.0, 61076.0, 96518.0, 91414.0, 88791.0, 43372.0, 10636.0, 4634.0, 3890.0, 4268.0, 5170.0, 6067.0, 4747.0, 15552.0, 21576.0, 24589.0, 39906.0, 52113.0, 32225.0, 27612.0, 27837.0, 19905.0, 12029.0, 9472.0, 11427.0, 9147.0, 11043.0, 9935.0, 11864.0, 16775.0, 18369.0, 22705.0, 21266.0, 18743.0, 21918.0, 21766.0, 20975.0, 21552.0, 24596.0, 13542.0, 13138.0, 8578.0, 10197.0, 5980.0, 7250.0, 7500.0, 6867.0, 6876.0, 7164.0, 7289.0, 7077.0, 6701.0, 9369.0, 11350.0, 8807.0, 6749.0, 4593.0, 6369.0, 7688.0, 10707.0, 7745.0, 6632.0, 6372.0, 5259.0, 5097.0, 8465.0, 10129.0, 6051.0, 5050.0, 4855.0, 3794.0, 3181.0, 3897.0, 4846.0, 5026.0, 4789.0, 4345.0, 4379.0, 5871.0, 5245.0, 6477.0, 10686.0, 8731.0, 3549.0, 4862.0, 4815.0, 4435.0, 3205.0, 2827.0, 3114.0, 3595.0, 3932.0, 3938.0, 3022.0, 2837.0, 4277.0, 5624.0, 6103.0, 4332.0, 3546.0, 4372.0, 4400.0, 3659.0, 3657.0, 3405.0, 3990.0, 2813.0, 2098.0]",30636101.46233726
12,0.8,7,"[{""x"": -0.1042485237121582, ""y"": 0.11426210403442383, ""z"": 0.0, ""velocity"": 0.0, ""snr"": 0.0}, {""x"": -0.3955364227294922, ""y"": 0.9180307388305664, ""z"": 0.0, ""velocity"": 0.0, ""snr"": 0.0}, {""x"": -0.2244114875793457, ""y"": 0.9360909461975098, ""z"": 0.0, ""velocity"": 0.0, ""snr"": 0.0}, {""x"": -0.1323223114013672, ""y"": 0.8976459503173828, ""z"": 0.0, ""velocity"": 0.0, ""snr"": 0.0}, {""x"": -0.10710954666137695, ""y"": 0.921785831451416, ""z"": 0.0, ""velocity"": 0.0, ""snr"": 0.0}, {""x"": 0.2034902572631836, ""y"": 1.0657310485839844, ""z"": 0.0, ""velocity"": 0.0, ""snr"": 0.0}, {""x"": 0.2835988998413086, ""y"": 1.0065436363220215, ""z"": 0.0, ""velocity"": 0.0, ""snr"": 0.0}]","[143176.0, 218697.0, 150866.0, 46179.0, 16394.0, 10751.0, 9907.0, 8256.0, 5813.0, 3308.0, 2450.0, 5214.0, 7817.0, 9755.0, 7491.0, 5311.0, 3398.0, 3229.0, 15363.0, 56241.0, 92219.0, 97074.0, 102612.0, 69028.0, 54001.0, 35239.0, 13713.0, 3726.0, 4062.0, 3844.0, 5236.0, 6413.0, 7355.0, 15532.0, 23156.0, 35478.0, 49161.0, 58505.0, 38469.0, 31955.0, 25588.0, 13359.0, 9660.0, 7938.0, 10049.0, 6760.0, 6222.0, 6614.0, 7395.0, 8884.0, 9016.0, 15437.0, 18632.0, 14552.0, 13520.0, 14624.0, 24743.0, 23626.0, 22337.0, 12730.0, 10279.0, 10950.0, 11620.0, 8117.0, 7672.0, 6585.0, 7218.0, 5342.0, 7098.0, 6752.0, 6173.0, 5793.0, 6830.0, 7706.0, 6728.0, 4967.0, 4865.0, 7595.0, 9096.0, 10241.0, 8213.0, 6467.0, 6779.0, 5751.0, 5231.0, 5130.0, 5418.0, 4503.0, 4225.0, 4063.0, 3273.0, 3112.0, 3345.0, 4232.0, 4967.0, 4827.0, 4893.0, 5653.0, 7209.0, 6116.0, 6240.0, 10683.0, 9390.0, 4834.0, 4892.0, 3994.0, 3446.0, 3585.0, 3048.0, 3223.0, 4928.0, 4547.0, 4038.0, 3457.0, 2934.0, 2840.0, 4412.0, 5902.0, 4668.0, 3241.0, 3601.0, 3678.0, 3136.0, 3987.0, 3042.0, 3073.0, 2027.0, 2490.0]",30023454.764934637
13,0.8,10,"[{""x"": -0.3694295883178711, ""y"": 0.9450316429138184, ""z"": 0.0, ""velocity"": 0.0, ""snr"": 0.0}, {""x"": -0.36388635635375977, ""y"": 0.9632706642150879, ""z"": 0.0, ""velocity"": 0.0, ""snr"": 0.0}, {""x"": -0.14519691467285156, ""y"": 0.8983612060546875, ""z"": 0.0, ""velocity"": 0.0, ""snr"": 0.0}, {""x"": -0.1328587532043457, ""y"": 0.9223222732543945, ""z"": 0.0, ""velocity"": 0.0, ""snr"": 0.0}, {""x"": 0.011265277862548828, ""y"": 1.7455816268920898, ""z"": 0.0, ""velocity"": 0.0, ""snr"": 0.0}, {""x"": -0.03236532211303711, ""y"": 1.777946949005127, ""z"": 0.0, ""velocity"": 0.0, ""snr"": 0.0}, {""x"": 0.26857852935791016, ""y"": 0.9359121322631836, ""z"": 0.0, ""velocity"": 0.0, ""snr"": 0.0}, {""x"": 0.29522180557250977, ""y"": 1.0385513305664062, ""z"": 0.0, ""velocity"": 0.0, ""snr"": 0.0}, {""x"": 1.7319917678833008, ""y"": 2.048492431640625, ""z"": 0.0, ""velocity"": 0.0, ""snr"": 0.0}, {""x"": 1.8593072891235352, ""y"": 1.8925666809082031, ""z"": 0.0, ""velocity"": 0.0, ""snr"": 0.0}]","[142802.0, 218638.0, 150973.0, 47067.0, 13178.0, 5208.0, 5322.0, 5873.0, 5913.0, 4443.0, 2448.0, 4345.0, 8544.0, 12859.0, 11781.0, 6182.0, 2749.0, 3713.0, 10946.0, 42034.0, 75765.0, 92625.0, 131194.0, 115720.0, 54353.0, 34844.0, 12393.0, 5410.0, 5223.0, 6263.0, 5425.0, 5470.0, 5083.0, 10243.0, 15640.0, 14971.0, 24860.0, 24021.0, 27877.0, 28944.0, 21036.0, 12123.0, 7401.0, 7967.0, 8603.0, 7101.0, 10134.0, 10893.0, 10388.0, 14993.0, 13529.0, 10782.0, 12213.0, 12820.0, 16054.0, 11318.0, 12564.0, 19980.0, 26533.0, 18790.0, 13213.0, 11351.0, 10872.0, 8316.0, 6850.0, 6361.0, 7480.0, 6997.0, 5547.0, 5678.0, 6620.0, 4880.0, 7415.0, 6358.0, 6843.0, 8651.0, 5940.0, 4254.0, 8449.0, 10061.0, 6953.0, 5964.0, 5163.0, 5060.0, 5693.0, 5378.0, 5139.0, 5426.0, 5109.0, 4024.0, 3687.0, 5224.0, 5750.0, 5037.0, 4341.0, 4501.0, 4916.0, 4033.0, 5456.0, 6331.0, 6189.0, 8884.0, 8745.0, 4821.0, 5512.0, 4928.0, 3727.0, 3142.0, 3318.0, 4270.0, 3851.0, 3782.0, 4011.0, 3910.0, 3346.0, 4507.0, 5564.0, 5799.0, 4092.0, 3117.0, 3402.0, 2529.0, 2840.0, 4256.0, 3323.0, 3693.0, 2141.0, 2680.0]",29423397.661318667
14,0.8,7,"[{""x"": -0.22494792938232422, ""y"": 0.9121298789978027, ""z"": 0.0, ""velocity"": 0.0, ""snr"": 0.0}, {""x"": -0.2619624137878418, ""y"": 0.9391307830810547, ""z"": 0.0, ""velocity"": 0.0, ""snr"": 0.0}, {""x"": 0.29468536376953125, ""y"": 1.0439157485961914, ""z"": 0.0, ""velocity"": 0.0, ""snr"": 0.0}, {""x"": 0.26679039001464844, ""y"": 1.0988116264343262, ""z"": 0.0, ""velocity"": 0.0, ""snr"": 0.0}, {""x"": 0.4363059997558594, ""y"": 0.9232163429260254, ""z"": 0.0, ""velocity"": 0.0, ""snr"": 0.0}, {""x"": 0.3966093063354492, ""y"": 0.9582638740539551, ""z"": 0.0, ""velocity"": 0.0, ""snr"": 0.0}, {""x"": 2.054929733276367, ""y"": 1.6817450523376465, ""z"": 0.0, ""velocity"": 0.0, ""snr"": 0.0}]","[143167.0, 218558.0, 150350.0, 46491.0, 10336.0, 3752.0, 3167.0, 3557.0, 3137.0, 3054.0, 2336.0, 6070.0, 12100.0, 15814.0, 12662.0, 6183.0, 3420.0, 3365.0, 6396.0, 21708.0, 42626.0, 58315.0, 85120.0, 77951.0, 46204.0, 45063.0, 26134.0, 7734.0, 4549.0, 4775.0, 4396.0, 4943.0, 4190.0, 8749.0, 12252.0, 12888.0, 23344.0, 29851.0, 23873.0, 21634.0, 17508.0, 12895.0, 7946.0, 7294.0, 9213.0, 6674.0, 7343.0, 7035.0, 7697.0, 11292.0, 10555.0, 15794.0, 23902.0, 18838.0, 19520.0, 14110.0, 14634.0, 19885.0, 24790.0, 18336.0, 14152.0, 11555.0, 8172.0, 6539.0, 4530.0, 5917.0, 9027.0, 9270.0, 6630.0, 7668.0, 7639.0, 5322.0, 6788.0, 7525.0, 7054.0, 5089.0, 4247.0, 4539.0, 9614.0, 11736.0, 8507.0, 4742.0, 5812.0, 5155.0, 5395.0, 4805.0, 4096.0, 3873.0, 5695.0, 7220.0, 6284.0, 5316.0, 4614.0, 6776.0, 7501.0, 5949.0, 4897.0, 4214.0, 5545.0, 6332.0, 6101.0, 7939.0, 8649.0, 4999.0, 3559.0, 3911.0, 3723.0, 3064.0, 3108.0, 3592.0, 3669.0, 3293.0, 3906.0, 4085.0, 3478.0, 3502.0, 4511.0, 5365.0, 3580.0, 2609.0, 3062.0, 3486.0, 3595.0, 4523.0, 2583.0, 3255.0, 2457.0, 2859.0]",28836280.155135762
15,0.8,6,"[{""x"": -0.4164576530456543, ""y"": 0.8996129035949707, ""z"": 0.0, ""velocity"": 0.0, ""snr"": 0.0}, {""x"": -0.354766845703125, ""y"": 0.9484291076660156, ""z"": 0.0, ""velocity"": 0.0, ""snr"": 0.0}, {""x"": 0.27573108673095703, ""y"": 1.0483860969543457, ""z"": 0.0, ""velocity"": 0.0, ""snr"": 0.0}, {""x"": 0.21278858184814453, ""y"": 1.0979175567626953, ""z"": 0.0, ""velocity"": 0.0, ""snr"": 0.0}, {""x"": 0.3472566604614258, ""y"": 0.9968876838684082, ""z"": 0.0, ""velocity"": 0.0, ""snr"": 0.0}, {""x"": 1.8038749694824219, ""y"": 1.9497871398925781, ""z"": 0.0, ""velocity"": 0.0, ""snr"": 0.0}]","[142965.0, 218571.0, 150394.0, 46488.0, 11514.0, 6695.0, 4378.0, 4655.0, 3945.0, 3259.0, 4396.0, 7541.0, 11403.0, 15150.0, 12166.0, 5906.0, 4380.0, 5253.0, 9978.0, 28222.0, 25141.0, 36605.0, 63435.0, 72593.0, 59160.0, 40565.0, 20162.0, 5354.0, 4363.0, 5250.0, 6002.0, 4977.0, 6575.0, 13550.0, 16952.0, 19730.0, 32819.0, 35592.0, 26645.0, 26785.0, 17968.0, 9554.0, 10495.0, 9020.0, 7770.0, 5427.0, 11415.0, 10697.0, 11116.0, 12055.0, 7287.0, 14155.0, 16194.0, 14799.0, 20465.0, 15772.0, 17307.0, 21436.0, 26053.0, 20246.0, 16891.0, 13641.0, 8224.0, 8500.0, 7872.0, 6934.0, 6599.0, 6865.0, 7552.0, 9197.0, 8723.0, 7620.0, 7119.0, 5724.0, 6167.0, 6526.0, 6014.0, 10084.0, 11293.0, 17549.0, 15573.0, 7430.0, 5928.0, 6191.0, 4898.0, 3904.0, 4789.0, 3357.0, 4142.0, 4961.0, 4914.0, 3941.0, 3592.0, 4360.0, 5637.0, 5097.0, 5088.0, 4675.0, 5476.0, 6628.0, 7533.0, 8475.0, 8654.0, 4024.0, 3844.0, 3853.0, 4789.0, 4600.0, 3719.0, 3649.0, 3924.0, 5022.0, 4583.0, 3322.0, 2650.0, 3402.0, 5421.0, 6408.0, 4233.0, 3265.0, 3069.0, 2741.0, 3282.0, 4104.0, 2699.0, 2750.0, 2924.0, 2530.0]",28259285.027145974
16,0.8,9,"[{""x"": -0.4125237464904785, ""y"": 0.9044408798217773, ""z"": 0.0, ""velocity"": 0.0, ""snr"": 0.0}, {""x"": -0.19150972366333008, ""y"": 0.9044408798217773, ""z"": 0.0, ""velocity"": 0.0, ""snr"": 0.0}, {""x"": -0.27447938919067383, ""y"": 0.9056925773620605, ""z"": 0.0, ""velocity"": 0.0, ""snr"": 0.0}, {""x"": -0.15109777450561523, ""y"": 0.8972883224487305, ""z"": 0.0, ""velocity"": 0.0, ""snr"": 0.0}, {""x"": 0.16754865646362305, ""y"": 1.0868310928344727, ""z"": 0.0, ""velocity"": 0.0, ""snr"": 0.0}, {""x"": 0.24622678756713867, ""y"": 1.0328292846679688, ""z"": 0.0, ""velocity"": 0.0, ""snr"": 0.0}, {""x"": 1.7902851104736328, ""y"": 2.003610134124756, ""z"": 0.0, ""velocity"": 0.0, ""snr"": 0.0}, {""x"": 1.878976821899414, ""y"": 1.8702149391174316, ""z"": 0.0, ""velocity"": 0.0, ""snr"": 0.0}, {""x"": 2.227306365966797, ""y"": 1.367032527923584, ""z"": 0.0, ""velocity"": 0.0, ""snr"": 0.0}]","[142903.0, 218632.0, 150815.0, 47031.0, 9746.0, 4130.0, 4157.0, 3590.0, 3396.0, 3187.0, 3893.0, 6894.0, 8806.0, 13260.0, 11080.0, 5128.0, 3763.0, 4232.0, 9925.0, 46890.0, 78482.0, 67446.0, 46340.0, 55155.0, 58706.0, 54570.0, 29127.0, 6118.0, 4925.0, 5031.0, 5027.0, 4361.0, 5398.0, 10511.0, 18309.0, 23622.0, 40964.0, 45595.0, 29932.0, 23614.0, 18168.0, 11928.0, 12854.0, 9736.0, 8763.0, 6349.0, 8767.0, 7239.0, 6466.0, 8438.0, 7643.0, 18570.0, 26071.0, 21445.0, 14533.0, 13012.0, 20541.0, 23573.0, 26155.0, 19668.0, 16054.0, 11801.0, 9260.0, 6801.0, 4095.0, 5674.0, 6041.0, 5236.0, 5865.0, 6781.0, 6346.0, 7810.0, 7861.0, 5633.0, 5122.0, 5043.0, 4581.0, 5538.0, 7124.0, 8986.0, 6037.0, 5921.0, 5237.0, 4170.0, 3791.0, 7461.0, 9548.0, 5570.0, 4080.0, 3933.0, 3990.0, 4841.0, 5258.0, 4511.0, 6743.0, 6922.0, 6171.0, 4522.0, 4480.0, 6458.0, 8496.0, 10068.0, 8786.0, 4610.0, 4629.0, 4672.0, 3913.0, 2840.0, 3521.0, 3537.0, 4228.0, 3846.0, 3409.0, 2656.0, 2467.0, 2984.0, 4856.0, 5797.0, 4342.0, 3238.0, 3316.0, 3141.0, 3889.0, 5051.0, 3436.0, 2297.0, 2403.0, 2357.0]",27693512.955297727
17,0.8,9,"[{""x"": -0.11873245239257812, ""y"": 0.8783340454101562, ""z"": 0.0, ""velocity"": 0.0, ""snr"": 0.0}, {""x"": -0.14394521713256836, ""y"": 0.8929967880249023, ""z"": 0.0, ""velocity"": 0.0, ""snr"": 0.0}, {""x"": -0.16200542449951172, ""y"": 0.8910298347473145, ""z"": 0.0, ""velocity"": 0.0, ""snr"": 0.0}, {""x"": -0.1582503318786621, ""y"": 0.8992552757263184, ""z"": 0.0, ""velocity"": 0.0, ""snr"": 0.0}, {""x"": 0.269472599029541, ""y"": 1.022636890411377, ""z"": 0.0, ""velocity"": 0.0, ""snr"": 0.0}, {""x"": 0.20760297775268555, ""y"": 1.0464191436767578, ""z"": 0.0, ""velocity"": 0.0, ""snr"": 0.0}, {""x"": 0.3806948661804199, ""y"": 0.9403824806213379, ""z"": 0.0, ""velocity"": 0.0, ""snr"": 0.0}, {""x"": 2.0919442176818848, ""y"": 1.6223788261413574, ""z"": 0.0, ""velocity"": 0.0, ""snr"": 0.0}, {""x"": 2.185642719268799, ""y"": 1.4371275901794434, ""z"": 0.0, ""velocity"": 0.0, ""snr"": 0.0}]","[142950.0, 218355.0, 150504.0, 46322.0, 10224.0, 4322.0, 2647.0, 2429.0, 3464.0, 3013.0, 3281.0, 7094.0, 8303.0, 12016.0, 10695.0, 5541.0, 3578.0, 4776.0, 57740.0, 241350.0, 330294.0, 152350.0, 33867.0, 62689.0, 40425.0, 15483.0, 8394.0, 5795.0, 3959.0, 4059.0, 4032.0, 5566.0, 6930.0, 13684.0, 18926.0, 23715.0, 35209.0, 42720.0, 29644.0, 25883.0, 22436.0, 14830.0, 12243.0, 5830.0, 6818.0, 6108.0, 7815.0, 8529.0, 14181.0, 23771.0, 18991.0, 11424.0, 17583.0, 19413.0, 15626.0, 19864.0, 18912.0, 23094.0, 24894.0, 16298.0, 12880.0, 9804.0, 8312.0, 5960.0, 5801.0, 6301.0, 5111.0, 5533.0, 5587.0, 6832.0, 8198.0, 9287.0, 6424.0, 4972.0, 4922.0, 6030.0, 5167.0, 4596.0, 9111.0, 10960.0, 6514.0, 7844.0, 6913.0, 6180.0, 4866.0, 5868.0, 7413.0, 4152.0, 4686.0, 4180.0, 5669.0, 7328.0, 5747.0, 5512.0, 6858.0, 6785.0, 6389.0, 5322.0, 6031.0, 7147.0, 8637.0, 10004.0, 8284.0, 4702.0, 5735.0, 6480.0, 5507.0, 3497.0, 3042.0, 2925.0, 3606.0, 3571.0, 3345.0, 2955.0, 2681.0, 3349.0, 5585.0, 6301.0, 4234.0, 3039.0, 3533.0, 3368.0, 4007.0, 4627.0, 3186.0, 2381.0, 2294.0, 2182.0]",27135532.10110629
18,0.8,12,"[{""x"": -0.29718875885009766, ""y"": 0.9017586708068848, ""z"": 0.0, ""velocity"": 0.0, ""snr"": 0.0}, {""x"": -0.41288137435913086, ""y"": 0.9180307388305664, ""z"": 0.0, ""velocity"": 0.0, ""snr"": 0.0}, {""x"": -0.19061565399169922, ""y"": 0.8844137191772461, ""z"": 0.0, ""velocity"": 0.0, ""snr"": 0.0}, {""x"": -0.3515481948852539, ""y"": 1.7430782318115234, ""z"": 0.0, ""velocity"": 0.0, ""snr"": 0.0}, {""x"": -0.3642439842224121, ""y"": 1.7554163932800293, ""z"": 0.0, ""velocity"": 0.0, ""snr"": 0.0}, {""x"": -0.1055002212524414, ""y"": 0.876009464263916, ""z"": 0.0, ""velocity"": 0.0, ""snr"": 0.0}, {""x"": -0.15163421630859375, ""y"": 0.8879899978637695, ""z"": 0.0, ""velocity"": 0.0, ""snr"": 0.0}, {""x"": -0.16307830810546875, ""y"": 2.5177001953125, ""z"": 0.0, ""velocity"": 0.0, ""snr"": 0.0}, {""x"": 0.32973289489746094, ""y"": 1.0199546813964844, ""z"": 0.0, ""velocity"": 0.0, ""snr"": 0.0}, {""x"": 0.2728700637817383, ""y"": 1.0489225387573242, ""z"": 0.0, ""velocity"": 0.0, ""snr"": 0.0}, {""x"": 2.108931541442871, ""y"": 1.5612244606018066, ""z"": 0.0, ""velocity"": 0.0, ""snr"": 0.0}, {""x"": 1.9816160202026367, ""y"": 1.7564892768859863, ""z"": 0.0, ""velocity"": 0.0, ""snr"": 0.0}]","[142893.0, 218605.0, 150469.0, 46499.0, 10271.0, 6046.0, 4103.0, 2417.0, 3179.0, 3000.0, 3955.0, 7566.0, 8867.0, 11874.0, 10655.0, 5621.0, 3534.0, 3664.0, 23142.0, 85809.0, 110268.0, 51006.0, 65735.0, 80749.0, 86896.0, 43024.0, 12836.0, 4820.0, 4195.0, 3718.0, 3944.0, 4714.0, 4405.0, 10428.0, 15852.0, 23295.0, 30969.0, 51187.0, 60722.0, 73632.0, 42865.0, 12905.0, 9564.0, 11202.0, 8825.0, 7087.0, 9540.0, 11697.0, 14192.0, 15109.0, 10337.0, 8497.0, 13769.0, 17089.0, 18951.0, 28811.0, 19732.0, 23014.0, 26688.0, 17233.0, 12644.0, 8711.0, 6464.0, 7247.0, 7229.0, 5523.0, 6050.0, 6941.0, 7160.0, 7961.0, 6977.0, 5814.0, 4927.0, 4231.0, 4254.0, 4476.0, 5471.0, 4964.0, 8693.0, 10595.0, 6426.0, 6483.0, 4744.0, 3737.0, 3835.0, 6957.0, 6414.0, 4636.0, 6790.0, 6590.0, 6081.0, 5752.0, 4331.0, 5276.0, 6388.0, 7548.0, 7749.0, 5264.0, 5306.0, 5536.0, 8192.0, 10339.0, 8300.0, 4309.0, 4591.0, 4589.0, 4531.0, 3699.0, 3222.0, 3657.0, 4129.0, 4460.0, 3893.0, 3304.0, 3096.0, 3837.0, 5051.0, 5821.0, 4029.0, 2761.0, 2922.0, 2705.0, 3771.0, 4835.0, 3636.0, 2826.0, 2407.0, 2391.0]",26595191.72042442
19,0.8,8,"[{""x"": -0.21404027938842773, ""y"": 0.9210705757141113, ""z"": 0.0, ""velocity"": 0.0, ""snr"": 0.0}, {""x"": -0.25767087936401367, ""y"": 0.9613037109375, ""z"": 0.0, ""velocity"": 0.0, ""snr"": 0.0}, {""x"": -0.09995698928833008, ""y"": 0.8804798126220703, ""z"": 0.0, ""velocity"": 0.0, ""snr"": 0.0}, {""x"": -0.14144182205200195, ""y"": 0.8963942527770996, ""z"": 0.0, ""velocity"": 0.0, ""snr"": 0.0}, {""x"": -0.1684427261352539, ""y"": 0.9012222290039062, ""z"": 0.0, ""velocity"": 0.0, ""snr"": 0.0}, {""x"": -0.18918514251708984, ""y"": 1.0179877281188965, ""z"": 0.0, ""velocity"": 0.0, ""snr"": 0.0}, {""x"": 0.2639293670654297, ""y"": 1.0553598403930664, ""z"": 0.0, ""velocity"": 0.0, ""snr"": 0.0}, {""x"": 2.0334720611572266, ""y"": 1.6994476318359375, ""z"": 0.0, ""velocity"": 0.0, ""snr"": 0.0}]","[143156.0, 218649.0, 150752.0, 46424.0, 9889.0, 4691.0, 3342.0, 2297.0, 3323.0, 3395.0, 4364.0, 7256.0, 10142.0, 13232.0, 11416.0, 5236.0, 3244.0, 3542.0, 26505.0, 118677.0, 179504.0, 130811.0, 99112.0, 84555.0, 67641.0, 37140.0, 15129.0, 6646.0, 5200.0, 4526.0, 6566.0, 7466.0, 7470.0, 11358.0, 15268.0, 15164.0, 32434.0, 39103.0, 25300.0, 24542.0, 22386.0, 11869.0, 9514.0, 12205.0, 11335.0, 10011.0, 9947.0, 9710.0, 10025.0, 9693.0, 10307.0, 14647.0, 13741.0, 17705.0, 20624.0, 25124.0, 18826.0, 20887.0, 25508.0, 16385.0, 12651.0, 10766.0, 7913.0, 7325.0, 8404.0, 8025.0, 7762.0, 6662.0, 6060.0, 8182.0, 7471.0, 5749.0, 5268.0, 5008.0, 4495.0, 5628.0, 3864.0, 4314.0, 9020.0, 12432.0, 8683.0, 8426.0, 6247.0, 5189.0, 5512.0, 7814.0, 9876.0, 8938.0, 8612.0, 7944.0, 6774.0, 5358.0, 3798.0, 5431.0, 6766.0, 6647.0, 5717.0, 4959.0, 5686.0, 6132.0, 8253.0, 10418.0, 8934.0, 4822.0, 3515.0, 3762.0, 3390.0, 3320.0, 3878.0, 4083.0, 3456.0, 3400.0, 3432.0, 3630.0, 3458.0, 4543.0, 5357.0, 5894.0, 3993.0, 3850.0, 2929.0, 3046.0, 4662.0, 5226.0, 3226.0, 2680.0, 2314.0, 2098.0]",26062426.15864157
0,0.8,10,"[{""x"": -0.12356042861938477, ""y"": 0.9071230888366699, ""z"": 0.0, ""velocity"": 0.0, ""snr"": 0.0}, {""x"": -0.11605024337768555, ""y"": 0.9180307388305664, ""z"": 0.0, ""velocity"": 0.0, ""snr"": 0.0}, {""x"": -0.07867813110351562, ""y"": 0.9387731552124023, ""z"": 0.0, ""velocity"": 0.0, ""snr"": 0.0}, {""x"": -0.23317337036132812, ""y"": 1.7169713973999023, ""z"": 0.0, ""velocity"": 0.0, ""snr"": 0.0}, {""x"": 0.20009279251098633, ""y"": 1.073777675628662, ""z"": 0.0, ""velocity"": 0.0, ""snr"": 0.0}, {""x"": 0.19240379333496094, ""y"": 1.085221767425537, ""z"": 0.0, ""velocity"": 0.0, ""snr"": 0.0}, {""x"": 0.21457672119140625, ""y"": 1.0575056076049805, ""z"": 0.0, ""velocity"": 0.0, ""snr"": 0.0}, {""x"": 1.7657876014709473, ""y"": 2.0290017127990723, ""z"": 0.0, ""velocity"": 0.0, ""snr"": 0.0}, {""x"": 1.7386078834533691, ""y"": 2.108931541442871, ""z"": 0.0, ""velocity"": 0.0, ""snr"": 0.0}, {""x"": 1.9022226333618164, ""y"": 1.8491148948669434, ""z"": 0.0, ""velocity"": 0.0, ""snr"": 0.0}]","[142746.0, 218605.0, 150622.0, 46426.0, 9553.0, 3551.0, 3510.0, 2852.0, 3676.0, 3721.0, 3686.0, 6925.0, 9539.0, 11660.0, 11179.0, 5600.0, 3300.0, 3088.0, 7658.0, 44042.0, 86400.0, 68281.0, 51670.0, 92901.0, 123238.0, 68835.0, 14334.0, 7138.0, 7647.0, 5915.0, 6430.0, 8807.0, 9103.0, 9701.0, 14005.0, 25362.0, 29549.0, 31761.0, 30308.0, 24109.0, 18859.0, 14232.0, 10806.0, 11283.0, 10552.0, 7888.0, 16160.0, 18619.0, 12595.0, 9531.0, 11310.0, 13021.0, 17216.0, 14395.0, 14322.0, 14807.0, 19789.0, 22531.0, 26884.0, 20513.0, 17281.0, 12129.0, 8291.0, 9327.0, 8753.0, 9246.0, 6829.0, 7246.0, 7798.0, 7857.0, 6528.0, 5652.0, 5259.0, 5814.0, 6001.0, 6210.0, 4708.0, 6366.0, 8257.0, 11756.0, 8956.0, 6118.0, 4940.0, 3901.0, 4449.0, 7303.0, 9380.0, 7877.0, 7577.0, 6763.0, 4986.0, 3447.0, 2581.0, 4392.0, 5094.0, 6698.0, 6544.0, 5425.0, 4751.0, 6373.0, 8538.0, 9749.0, 8804.0, 4853.0, 3835.0, 3503.0, 5024.0, 4497.0, 4627.0, 4948.0, 4220.0, 4612.0, 4173.0, 3143.0, 3317.0, 4495.0, 5453.0, 5663.0, 3819.0, 3554.0, 3771.0, 4025.0, 4929.0, 5302.0, 2957.0, 2955.0, 2993.0, 3065.0]",25542593.648050666
1,0.8,7,"[{""x"": -0.5164146423339844, ""y"": 0.8599162101745605, ""z"": 0.0, ""velocity"": 0.0, ""snr"": 0.0}, {""x"": -0.1507401466369629, ""y"": 0.9151697158813477, ""z"": 0.0, ""velocity"": 0.0, ""snr"": 0.0}, {""x"": -0.16504526138305664, ""y"": 0.9208917617797852, ""z"": 0.0, ""velocity"": 0.0, ""snr"": 0.0}, {""x"": 0.1512765884399414, ""y"": 1.0696649551391602, ""z"": 0.0, ""velocity"": 0.0, ""snr"": 0.0}, {""x"": 0.14841556549072266, ""y"": 1.073598861694336, ""z"": 0.0, ""velocity"": 0.0, ""snr"": 0.0}, {""x"": 2.0118355751037598, ""y"": 1.7327070236206055, ""z"": 0.0, ""velocity"": 0.0, ""snr"": 0.0}, {""x"": 1.9367337226867676, ""y"": 1.8668174743652344, ""z"": 0.0, ""velocity"": 0.0, ""snr"": 0.0}]","[142861.0, 218549.0, 150656.0, 46546.0, 9495.0, 3099.0, 2203.0, 2442.0, 3647.0, 3494.0, 4194.0, 7937.0, 16888.0, 30159.0, 23917.0, 7061.0, 2918.0, 3294.0, 7398.0, 39247.0, 76295.0, 66628.0, 34392.0, 108877.0, 119861.0, 56192.0, 14663.0, 6986.0, 5797.0, 5893.0, 7389.0, 9316.0, 7978.0, 18103.0, 32280.0, 20165.0, 34132.0, 42419.0, 26328.0, 19917.0, 20359.0, 12532.0, 8718.0, 10567.0, 10291.0, 7602.0, 10217.0, 14536.0, 15463.0, 11014.0, 7716.0, 8166.0, 10120.0, 11117.0, 14097.0, 10043.0, 14935.0, 22306.0, 27936.0, 21913.0, 18655.0, 13810.0, 10081.0, 6299.0, 9316.0, 9730.0, 7901.0, 7976.0, 6829.0, 7042.0, 6306.0, 5913.0, 6104.0, 6286.0, 4801.0, 6011.0, 6377.0, 5350.0, 8515.0, 10495.0, 6969.0, 7130.0, 6291.0, 5771.0, 6852.0, 9131.0, 8910.0, 7218.0, 6599.0, 4860.0, 3735.0, 4547.0, 4840.0, 5934.0, 7766.0, 8324.0, 6463.0, 4699.0, 5711.0, 6201.0, 8662.0, 10567.0, 9376.0, 6696.0, 6338.0, 5061.0, 5482.0, 4316.0, 4366.0, 4992.0, 3813.0, 3909.0, 3774.0, 2974.0, 2977.0, 3453.0, 5138.0, 5106.0, 3777.0, 3264.0, 3526.0, 4175.0, 4509.0, 4444.0, 2496.0, 2760.0, 2775.0, 2879.0]",25032138.905243915
2,0.8,6,"[{""x"": -0.34868717193603516, ""y"": 0.9221434593200684, ""z"": 0.0, ""velocity"": 0.0, ""snr"": 0.0}, {""x"": -0.4139542579650879, ""y"": 0.932157039642334, ""z"": 0.0, ""velocity"": 0.0, ""snr"": 0.0}, {""x"": -0.20885467529296875, ""y"": 0.9275078773498535, ""z"": 0.0, ""velocity"": 0.0, ""snr"": 0.0}, {""x"": -0.12052059173583984, ""y"": 0.9112358093261719, ""z"": 0.0, ""velocity"": 0.0, ""snr"": 0.0}, {""x"": -0.14984607696533203, ""y"": 0.9199976921081543, ""z"": 0.0, ""velocity"": 0.0, ""snr"": 0.0}, {""x"": 2.128422260284424, ""y"": 1.581430435180664, ""z"": 0.0, ""velocity"": 0.0, ""snr"": 0.0}]","[142973.0, 218696.0, 150620.0, 46307.0, 9578.0, 3247.0, 2095.0, 2286.0, 3310.0, 3290.0, 3408.0, 5767.0, 6201.0, 12855.0, 11966.0, 5510.0, 3174.0, 3279.0, 7930.0, 52006.0, 117429.0, 113836.0, 77587.0, 43620.0, 32655.0, 19052.0, 7234.0, 4963.0, 6812.0, 4632.0, 6834.0, 8807.0, 10269.0, 37337.0, 56537.0, 49253.0, 65446.0, 80257.0, 45535.0, 23726.0, 27128.0, 9790.0, 15165.0, 14377.0, 9016.0, 7607.0, 7525.0, 5703.0, 6747.0, 8048.0, 9259.0, 9639.0, 7322.0, 11855.0, 15614.0, 15482.0, 13779.0, 18910.0, 25113.0, 16537.0, 11479.0, 10773.0, 6746.0, 6323.0, 8895.0, 10015.0, 10301.0, 10572.0, 11239.0, 9090.0, 6842.0, 6258.0, 6621.0, 6433.0, 5354.0, 6072.0, 5790.0, 5236.0, 6412.0, 10234.0, 7426.0, 7234.0, 6774.0, 5462.0, 5670.0, 7773.0, 7611.0, 6640.0, 6618.0, 6786.0, 5159.0, 4145.0, 5275.0, 6633.0, 7516.0, 6733.0, 5876.0, 5164.0, 4906.0, 5974.0, 9133.0, 10871.0, 9055.0, 4245.0, 3959.0, 4799.0, 4147.0, 3574.0, 5859.0, 6759.0, 4417.0, 4097.0, 3741.0, 3547.0, 3282.0, 3368.0, 5436.0, 5939.0, 3893.0, 3361.0, 3690.0, 4560.0, 5071.0, 5029.0, 2549.0, 2858.0, 2313.0, 2125.0]",24530683.748495046
3,0.8,7,"[{""x"": -0.0527501106262207, ""y"": 0.9480714797973633, ""z"": 0.0, ""velocity"": 0.0, ""snr"": 0.0}, {""x"": -0.005364418029785156, ""y"": 0.9781122207641602, ""z"": 0.0, ""velocity"": 0.0, ""snr"": 0.0}, {""x"": 0.003039836883544922, ""y"": 1.0212063789367676, ""z"": 0.0, ""velocity"": 0.0, ""snr"": 0.0}, {""x"": 0.008761882781982422, ""y"": 1.0526776313781738, ""z"": 0.0, ""velocity"": 0.0, ""snr"": 0.0}, {""x"": 0.022172927856445312, ""y"": 1.0719895362854004, ""z"": 0.0, ""velocity"": 0.0, ""snr"": 0.0}, {""x"": 2.018451690673828, ""y"": 1.672983169555664, ""z"": 0.0, ""velocity"": 0.0, ""snr"": 0.0}, {""x"": 1.8814802169799805, ""y"": 1.8575191497802734, ""z"": 0.0, ""velocity"": 0.0, ""snr"": 0.0}]","[142670.0, 218431.0, 150848.0, 46180.0, 9668.0, 3286.0, 2040.0, 2338.0, 3503.0, 3460.0, 3462.0, 5997.0, 5924.0, 12048.0, 11347.0, 5164.0, 3050.0, 3638.0, 2652.0, 9684.0, 31398.0, 46853.0, 60452.0, 79937.0, 60063.0, 25264.0, 8026.0, 6095.0, 6663.0, 5098.0, 7445.0, 9071.0, 9717.0, 18649.0, 27542.0, 38670.0, 76726.0, 86596.0, 41471.0, 23089.0, 23549.0, 18138.0, 9413.0, 9366.0, 9566.0, 7330.0, 5868.0, 5766.0, 6074.0, 7811.0, 11676.0, 17198.0, 19967.0, 14651.0, 15439.0, 14499.0, 16182.0, 22204.0, 26165.0, 13684.0, 10144.0, 7651.0, 8905.0, 5703.0, 7506.0, 8678.0, 8475.0, 7985.0, 8454.0, 6800.0, 6175.0, 6704.0, 7179.0, 9241.0, 6878.0, 4467.0, 4884.0, 5266.0, 6554.0, 7215.0, 5058.0, 7453.0, 6460.0, 4983.0, 5708.0, 8288.0, 9405.0, 7156.0, 6290.0, 6151.0, 5369.0, 4306.0, 3717.0, 4501.0, 6232.0, 6564.0, 5657.0, 4692.0, 5293.0, 6457.0, 7437.0, 9833.0, 9833.0, 6281.0, 4926.0, 4702.0, 4717.0, 3928.0, 4931.0, 5243.0, 3744.0, 3759.0, 3498.0, 2694.0, 2876.0, 4353.0, 5624.0, 5599.0, 3873.0, 3689.0, 3103.0, 3736.0, 4045.0, 3944.0, 2916.0, 2616.0, 1916.0, 2256.0]",24041614.29203607
4,0.8,10,"[{""x"": -0.20563602447509766, ""y"": 1.025855541229248, ""z"": 0.0, ""velocity"": 0.0, ""snr"": 0.0}, {""x"": -0.2211928367614746, ""y"": 1.0442733764648438, ""z"": 0.0, ""velocity"": 0.0, ""snr"": 0.0}, {""x"": -0.38301944732666016, ""y"": 1.6379356384277344, ""z"": 0.0, ""velocity"": 0.0, ""snr"": 0.0}, {""x"": -0.12946128845214844, ""y"": 0.9468197822570801, ""z"": 0.0, ""velocity"": 0.0, ""snr"": 0.0}, {""x"": -0.1119375228881836, ""y"": 0.9709596633911133, ""z"": 0.0, ""velocity"": 0.0, ""snr"": 0.0}, {""x"": -0.09012222290039062, ""y"": 1.001894474029541, ""z"": 0.0, ""velocity"": 0.0, ""snr"": 0.0}, {""x"": -0.2766251564025879, ""y"": 1.63954496383667, ""z"": 0.0, ""velocity"": 0.0, ""snr"": 0.0}, {""x"": -0.2751946449279785, ""y"": 1.6990900039672852, ""z"": 0.0, ""velocity"": 0.0, ""snr"": 0.0}, {""x"": -0.12320280075073242, ""y"": 1.7641782760620117, ""z"": 0.0, ""velocity"": 0.0, ""snr"": 0.0}, {""x"": 1.9873380661010742, ""y"": 1.752912998199463, ""z"": 0.0, ""velocity"": 0.0, ""snr"": 0.0}]","[143018.0, 218813.0, 150886.0, 46518.0, 9511.0, 3231.0, 2023.0, 2490.0, 3549.0, 3190.0, 3438.0, 6340.0, 6186.0, 11533.0, 11036.0, 5113.0, 2921.0, 3263.0, 3004.0, 10074.0, 34884.0, 64885.0, 68690.0, 62526.0, 46844.0, 19862.0, 10943.0, 6348.0, 5475.0, 5622.0, 7261.0, 7225.0, 4183.0, 10690.0, 18484.0, 36551.0, 72010.0, 72645.0, 44556.0, 35436.0, 23042.0, 19041.0, 12275.0, 10358.0, 8687.0, 6629.0, 9512.0, 7966.0, 9493.0, 11312.0, 11051.0, 15719.0, 21398.0, 20229.0, 13299.0, 10899.0, 15140.0, 17073.0, 22751.0, 13683.0, 9794.0, 8594.0, 9657.0, 7895.0, 11218.0, 12372.0, 9939.0, 7145.0, 8026.0, 7665.0, 5995.0, 5090.0, 8623.0, 9064.0, 7434.0, 5057.0, 4920.0, 5609.0, 7706.0, 8848.0, 6325.0, 6494.0, 5621.0, 4899.0, 5001.0, 6843.0, 7436.0, 6138.0, 6775.0, 6669.0, 4968.0, 3894.0, 3212.0, 5110.0, 7332.0, 7068.0, 5254.0, 5084.0, 5009.0, 6162.0, 8832.0, 10176.0, 9631.0, 6278.0, 6127.0, 4106.0, 4029.0, 3219.0, 4131.0, 5662.0, 4028.0, 3752.0, 4617.0, 4602.0, 3424.0, 4112.0, 5797.0, 6212.0, 3812.0, 3863.0, 3869.0, 3858.0, 2869.0, 3971.0, 2851.0, 2916.0, 2130.0, 2978.0]",23560870.808250353
5,0.8,10,"[{""x"": -0.21260976791381836, ""y"": 0.983119010925293, ""z"": 0.0, ""velocity"": 0.0, ""snr"": 0.0}, {""x"": -0.2532005310058594, ""y"": 0.9992122650146484, ""z"": 0.0, ""velocity"": 0.0, ""snr"": 0.0}, {""x"": -0.22977590560913086, ""y"": 1.0305047035217285, ""z"": 0.0, ""velocity"": 0.0, ""snr"": 0.0}, {""x"": -0.6971955299377441, ""y"": 3.581821918487549, ""z"": 0.0, ""velocity"": 0.0, ""snr"": 0.0}, {""x"": -0.8132457733154297, ""y"": 3.582000732421875, ""z"": 0.0, ""velocity"": 0.0, ""snr"": 0.0}, {""x"": -0.10406970977783203, ""y"": 0.9532570838928223, ""z"": 0.0, ""velocity"": 0.0, ""snr"": 0.0}, {""x"": -0.13625621795654297, ""y"": 0.9693503379821777, ""z"": 0.0, ""velocity"": 0.0, ""snr"": 0.0}, {""x"": -0.6546378135681152, ""y"": 3.540515899658203, ""z"": 0.0, ""velocity"": 0.0, ""snr"": 0.0}, {""x"": -0.657498836517334, ""y"": 3.569304943084717, ""z"": 0.0, ""velocity"": 0.0, ""snr"": 0.0}, {""x"": 1.918494701385498, ""y"": 1.8264055252075195, ""z"": 0.0, ""velocity"": 0.0, ""snr"": 0.0}]","[142631.0, 218680.0, 150844.0, 46542.0, 9730.0, 3326.0, 2025.0, 2388.0, 3393.0, 3248.0, 3381.0, 6740.0, 7269.0, 10350.0, 10100.0, 5093.0, 3040.0, 3276.0, 4138.0, 15265.0, 67770.0, 131433.0, 146836.0, 119130.0, 57741.0, 16018.0, 6477.0, 5765.0, 6934.0, 5991.0, 7330.0, 8648.0, 6050.0, 11778.0, 15963.0, 17866.0, 35998.0, 36681.0, 14672.0, 20753.0, 29169.0, 21793.0, 15342.0, 10337.0, 10738.0, 8341.0, 13145.0, 13993.0, 23418.0, 42167.0, 35397.0, 16353.0, 21792.0, 21685.0, 14408.0, 13208.0, 16299.0, 19672.0, 23662.0, 14273.0, 11319.0, 10032.0, 9872.0, 6058.0, 7273.0, 9342.0, 9502.0, 8188.0, 8053.0, 7365.0, 5770.0, 5504.0, 6426.0, 7954.0, 7099.0, 4939.0, 5067.0, 8899.0, 17464.0, 29906.0, 30261.0, 17147.0, 7167.0, 5154.0, 4875.0, 4166.0, 5388.0, 6528.0, 6240.0, 3790.0, 4270.0, 4284.0, 4320.0, 6098.0, 8643.0, 8085.0, 5934.0, 4640.0, 6281.0, 7137.0, 6441.0, 8483.0, 7413.0, 4376.0, 4815.0, 3534.0, 3656.0, 3650.0, 5009.0, 5755.0, 4167.0, 3348.0, 2544.0, 3431.0, 3492.0, 3705.0, 5088.0, 5548.0, 3474.0, 3074.0, 3548.0, 3623.0, 2980.0, 3961.0, 2565.0, 2724.0, 2415.0, 2788.0]",23087618.964065522
6,0.8,6,"[{""x"": -0.23299455642700195, ""y"": 0.9248256683349609, ""z"": 0.0, ""velocity"": 0.0, ""snr"": 0.0}, {""x"": -0.24908781051635742, ""y"": 0.942528247833252, ""z"": 0.0, ""velocity"": 0.0, ""snr"": 0.0}, {""x"": -0.0928044319152832, ""y"": 0.9230375289916992, ""z"": 0.0, ""velocity"": 0.0, ""snr"": 0.0}, {""x"": -0.1679062843322754, ""y"": 0.932157039642334, ""z"": 0.0, ""velocity"": 0.0, ""snr"": 0.0}, {""x"": 0.13017654418945312, ""y"": 1.0439157485961914, ""z"": 0.0, ""velocity"": 0.0, ""snr"": 0.0}, {""x"": 0.125885009765625, ""y"": 1.072525978088379, ""z"": 0.0, ""velocity"": 0.0, ""snr"": 0.0}]","[143069.0, 218492.0, 150722.0, 46585.0, 9471.0, 3235.0, 1978.0, 2279.0, 3207.0, 3238.0, 3964.0, 6430.0, 6123.0, 9824.0, 9741.0, 4545.0, 6353.0, 6826.0, 7466.0, 25921.0, 90038.0, 123310.0, 63093.0, 65915.0, 57872.0, 30037.0, 9849.0, 5005.0, 4211.0, 4256.0, 67174912.0, 134546947.0, 84082695.0, 188421.0, 174338560.0, 105472.0, 0.0, 3072.0, 512.0, 4294967040.0, 77311.0, 35840.0, 998244352.0, 3201903929.0, 2147483705.0, 2147483710.0, 3135.0, 4042673920.0, 13.0, 2873444096.0, 963062.0, 1711276032.0, 3841343556.0, 14.0, 3309787648.0, 1010165.0, 1140850688.0, 3640431433.0, 23.0, 3360831744.0, 1589756.0, 822083584.0, 2835101268.0, 59.0, 3326686976.0, 1430527.0, 1023410176.0, 654395725.0, 22.0, 3729608448.0, 1482498.0, 1157627904.0, 2720416591.0, 40.0, 2957587456.0, 1391665.0, 922746880.0, 77387.0, 131072.0, 36630528.0, 55880192.0, 38481152.0, 11873280.0, 2442752.0, 802816.0, 514560.0, 701952.0, 1135872.0, 1044224.0, 832000.0, 1797376.0, 3584512.0, 5077760.0, 4503040.0, 2619904.0, 5278464.0, 11779584.0, 11966976.0, 8128512.0, 4990720.0, 10879232.0, 18682368.0, 16652032.0, 17408256.0, 16712704.0, 5368832.0, 1266176.0, 1211392.0, 1345792.0, 1237760.0, 1739264.0, 1508096.0, 3459840.0, 5210368.0, 5936128.0, 8237824.0, 8186624.0, 3023616.0, 4745472.0, 3952128.0, 3023616.0, 3115264.0, 2399488.0, 2522624.0, 1842944.0, 2182912.0, 1949440.0, 1574656.0]",457415638.43119824
7,0.8,7,"[{""x"": -0.36585330963134766, ""y"": 0.6510615348815918, ""z"": 0.0, ""velocity"": 0.0, ""snr"": 0.0}, {""x"": -0.25838613510131836, ""y"": 0.6437301635742188, ""z"": 0.0, ""velocity"": 0.0, ""snr"": 0.0}, {""x"": -0.31238794326782227, ""y"": 0.6541013717651367, ""z"": 0.0, ""velocity"": 0.0, ""snr"": 0.0}, {""x"": -0.1430511474609375, ""y"": 1.012265682220459, ""z"": 0.0, ""velocity"": 0.0, ""snr"": 0.0}, {""x"": -0.07295608520507812, ""y"": 1.060187816619873, ""z"": 0.0, ""velocity"": 0.0, ""snr"": 0.0}, {""x"": 0.048279762268066406, ""y"": 1.1032819747924805, ""z"": 0.0, ""velocity"": 0.0, ""snr"": 0.0}, {""x"": 0.023066997528076172, ""y"": 1.12152099609375, ""z"": 0.0, ""velocity"": 0.0, ""snr"": 0.0}]","[143226.0, 218412.0, 150700.0, 46273.0, 9501.0, 2915.0, 2280.0, 2563.0, 3855.0, 3615.0, 3487.0, 7200.0, 15473.0, 23131.0, 33304.0, 39498.0, 43448.0, 30687.0, 10295.0, 4160.0, 13462.0, 34107.0, 53806.0, 62609.0, 87462.0, 78639.0, 31715.0, 7994.0, 4257.0, 4518.0, 4187.0, 6823.0, 6554.0, 12473.0, 17783.0, 17082.0, 36694.0, 49837.0, 30176.0, 17352.0, 20573.0, 15425.0, 12018.0, 7771.0, 7641.0, 7869.0, 10266.0, 8963.0, 8815.0, 15079.0, 17099.0, 7368.0, 15406.0, 20251.0, 25199.0, 17852.0, 19799.0, 21159.0, 22103.0, 21825.0, 17587.0, 11526.0, 9513.0, 6674.0, 6976.0, 8666.0, 9444.0, 8359.0, 7912.0, 8799.0, 7972.0, 5461.0, 5694.0, 6594.0, 6048.0, 5332.0, 5497.0, 5374.0, 6954.0, 11548.0, 10073.0, 6732.0, 6017.0, 5504.0, 5260.0, 6449.0, 6920.0, 4284.0, 4336.0, 4912.0, 6627.0, 5870.0, 4868.0, 4141.0, 5799.0, 7415.0, 6165.0, 5141.0, 5091.0, 6082.0, 8370.0, 10390.0, 9300.0, 4775.0, 4018.0, 3637.0, 4438.0, 4059.0, 3234.0, 3992.0, 2955.0, 3947.0, 4102.0, 4056.0, 3457.0, 3615.0, 5297.0, 6185.0, 4180.0, 3648.0, 3681.0, 2807.0, 4392.0, 5439.0, 3349.0, 2737.0, 2903.0, 2914.0]",31189603.052050464
8,0.8,8,"[{""x"": -0.1450181007385254, ""y"": 0.9906291961669922, ""z"": 0.0, ""velocity"": 0.0, ""snr"": 0.0}, {""x"": -0.15753507614135742, ""y"": 0.9999275207519531, ""z"": 0.0, ""velocity"": 0.0, ""snr"": 0.0}, {""x"": -0.12409687042236328, ""y"": 1.037299633026123, ""z"": 0.0, ""velocity"": 0.0, ""snr"": 0.0}, {""x"": -0.24837255477905273, ""y"": 1.7001628875732422, ""z"": 0.0, ""velocity"": 0.0, ""snr"": 0.0}, {""x"": -0.20653009414672852, ""y"": 2.3737549781799316, ""z"": 0.0, ""velocity"": 0.0, ""snr"": 0.0}, {""x"": 0.051140785217285156, ""y"": 1.0909438133239746, ""z"": 0.0, ""velocity"": 0.0, ""snr"": 0.0}, {""x"": -0.05507469177246094, ""y"": 2.4130940437316895, ""z"": 0.0, ""velocity"": 0.0, ""snr"": 0.0}, {""x"": 0.10406970977783203, ""y"": 1.105964183807373, ""z"": 0.0, ""velocity"": 0.0, ""snr"": 0.0}]","[142868.0, 218611.0, 150647.0, 46376.0, 9500.0, 3281.0, 2119.0, 2315.0, 3572.0, 3578.0, 9263.0, 13697.0, 21183.0, 25167.0, 21746.0, 12839.0, 6489.0, 5779.0, 5513.0, 4904.0, 14620.0, 67534.0, 110434.0, 84736.0, 90834.0, 63739.0, 17928.0, 5090.0, 3885.0, 4236.0, 4727.0, 7587.0, 7232.0, 13136.0, 16786.0, 10904.0, 33577.0, 40837.0, 29107.0, 18616.0, 15433.0, 7240.0, 6732.0, 8412.0, 11307.0, 9322.0, 9644.0, 8035.0, 8125.0, 15748.0, 16887.0, 25577.0, 32429.0, 29588.0, 23922.0, 17023.0, 16425.0, 16207.0, 19807.0, 12142.0, 11810.0, 11410.0, 8142.0, 6402.0, 5414.0, 4996.0, 7913.0, 8030.0, 7899.0, 9605.0, 7708.0, 5156.0, 4907.0, 6100.0, 6543.0, 7350.0, 7509.0, 7432.0, 8092.0, 10944.0, 9729.0, 7320.0, 5454.0, 4484.0, 4882.0, 5926.0, 7498.0, 4435.0, 4440.0, 4352.0, 5897.0, 7584.0, 6941.0, 5797.0, 5269.0, 7448.0, 7644.0, 4814.0, 4489.0, 6115.0, 6764.0, 9074.0, 8233.0, 5032.0, 4236.0, 4304.0, 3085.0, 3718.0, 4122.0, 4431.0, 4874.0, 4157.0, 3378.0, 3685.0, 3077.0, 3037.0, 4922.0, 5874.0, 4398.0, 3412.0, 4014.0, 4233.0, 5744.0, 6334.0, 3566.0, 2493.0, 2636.0, 2718.0]",30566005.259472623
9,0.8,7,"[{""x"": -0.12606382369995117, ""y"": 0.9809732437133789, ""z"": 0.0, ""velocity"": 0.0, ""snr"": 0.0}, {""x"": -0.1455545425415039, ""y"": 0.9849071502685547, ""z"": 0.0, ""velocity"": 0.0, ""snr"": 0.0}, {""x"": -0.1303553581237793, ""y"": 1.728057861328125, ""z"": 0.0, ""velocity"": 0.0, ""snr"": 0.0}, {""x"": -0.12248754501342773, ""y"": 1.7606019973754883, ""z"": 0.0, ""velocity"": 0.0, ""snr"": 0.0}, {""x"": 0.3540515899658203, ""y"": 0.9943842887878418, ""z"": 0.0, ""velocity"": 0.0, ""snr"": 0.0}, {""x"": 0.2675056457519531, ""y"": 0.522315502166748, ""z"": 0.0, ""velocity"": 0.0, ""snr"": 0.0}, {""x"": 0.2791285514831543, ""y"": 0.5346536636352539, ""z"": 0.0, ""velocity"": 0.0, ""snr"": 0.0}]","[142831.0, 218328.0, 150685.0, 46582.0, 9663.0, 3451.0, 2108.0, 2903.0, 3927.0, 6043.0, 27794.0, 46595.0, 90467.0, 113167.0, 62916.0, 20374.0, 8003.0, 5689.0, 4163.0, 4274.0, 20897.0, 72251.0, 81418.0, 64964.0, 54196.0, 33329.0, 13801.0, 6802.0, 6132.0, 5928.0, 5424.0, 6790.0, 6864.0, 11293.0, 20462.0, 32412.0, 41877.0, 56960.0, 56893.0, 44145.0, 24709.0, 17012.0, 13020.0, 12790.0, 12940.0, 10000.0, 9320.0, 9914.0, 11265.0, 11629.0, 11832.0, 12928.0, 13522.0, 17931.0, 23808.0, 20470.0, 18302.0, 17401.0, 21665.0, 14123.0, 14697.0, 13654.0, 10597.0, 8462.0, 7105.0, 6883.0, 8357.0, 9737.0, 9555.0, 9581.0, 8086.0, 5317.0, 6606.0, 6383.0, 4494.0, 3836.0, 5503.0, 5232.0, 6655.0, 12204.0, 10769.0, 6755.0, 5928.0, 5055.0, 5236.0, 5688.0, 6076.0, 5000.0, 3819.0, 5147.0, 4272.0, 3771.0, 3984.0, 3990.0, 2887.0, 4125.0, 4012.0, 4394.0, 4521.0, 5438.0, 7225.0, 8974.0, 7993.0, 4738.0, 3588.0, 3080.0, 4027.0, 4137.0, 3408.0, 2780.0, 3107.0, 3589.0, 4160.0, 4462.0, 3664.0, 3637.0, 5106.0, 5062.0, 4124.0, 3371.0, 3303.0, 3730.0, 6063.0, 6367.0, 3410.0, 2099.0, 2478.0, 3213.0]",29956731.929880835
10,0.8,9,"[{""x"": -0.35190582275390625, ""y"": 0.9922385215759277, ""z"": 0.0, ""velocity"": 0.0, ""snr"": 0.0}, {""x"": -0.39196014404296875, ""y"": 1.0222792625427246, ""z"": 0.0, ""velocity"": 0.0, ""snr"": 0.0}, {""x"": -0.1938343048095703, ""y"": 0.979006290435791, ""z"": 0.0, ""velocity"": 0.0, ""snr"": 0.0}, {""x"": -0.25516748428344727, ""y"": 0.9824037551879883, ""z"": 0.0, ""velocity"": 0.0, ""snr"": 0.0}, {""x"": -0.0355839729309082, ""y"": 1.7192959785461426, ""z"": 0.0, ""velocity"": 0.0, ""snr"": 0.0}, {""x"": 0.32526254653930664, ""y"": 1.7403960227966309, ""z"": 0.0, ""velocity"": 0.0, ""snr"": 0.0}, {""x"": 0.3873109817504883, ""y"": 0.6126165390014648, ""z"": 0.0, ""velocity"": 0.0, ""snr"": 0.0}, {""x"": 0.3917813301086426, ""y"": 0.6144046783447266, ""z"": 0.0, ""velocity"": 0.0, ""snr"": 0.0}, {""x"": 0.4010796546936035, ""y"": 0.6195902824401855, ""z"": 0.0, ""velocity"": 0.0, ""snr"": 0.0}]","[142945.0, 218506.0, 150823.0, 46302.0, 9443.0, 3217.0, 2057.0, 2712.0, 12203.0, 30474.0, 35326.0, 23439.0, 16670.0, 18137.0, 19473.0, 96712.0, 142563.0, 81848.0, 20648.0, 5521.0, 14238.0, 51822.0, 80387.0, 73711.0, 75837.0, 63639.0, 30748.0, 8844.0, 4315.0, 4602.0, 6076.0, 8024.0, 7533.0, 14257.0, 19685.0, 24917.0, 52199.0, 57473.0, 37342.0, 29980.0, 23698.0, 15425.0, 12668.0, 11221.0, 11853.0, 10330.0, 10499.0, 10482.0, 7722.0, 13027.0, 12707.0, 12991.0, 14258.0, 17610.0, 21606.0, 14808.0, 16046.0, 18988.0, 24985.0, 14372.0, 10103.0, 7056.0, 9935.0, 7303.0, 7170.0, 7739.0, 7449.0, 8266.0, 9611.0, 9970.0, 7731.0, 4605.0, 5239.0, 6155.0, 5335.0, 4397.0, 3925.0, 6384.0, 6249.0, 9323.0, 7293.0, 5610.0, 4851.0, 5842.0, 6184.0, 7480.0, 6652.0, 5803.0, 7024.0, 6493.0, 6415.0, 8274.0, 7464.0, 7073.0, 4387.0, 4061.0, 4534.0, 3213.0, 4771.0, 5963.0, 6388.0, 7935.0, 6837.0, 3999.0, 4191.0, 3367.0, 3439.0, 3585.0, 3632.0, 4257.0, 4445.0, 4313.0, 3267.0, 3270.0, 3600.0, 4095.0, 5116.0, 5338.0, 3623.0, 3484.0, 4307.0, 4259.0, 5002.0, 5433.0, 3219.0, 2113.0, 3106.0, 3308.0]",29353555.973673195
11,0.8,6,"[{""x"": -0.17648935317993164, ""y"": 0.9849071502685547, ""z"": 0.0, ""velocity"": 0.0, ""snr"": 0.0}, {""x"": 0.026285648345947266, ""y"": 1.0246038436889648, ""z"": 0.0, ""velocity"": 0.0, ""snr"": 0.0}, {""x"": 0.1004934310913086, ""y"": 1.0322928428649902, ""z"": 0.0, ""velocity"": 0.0, ""snr"": 0.0}, {""x"": 0.36728382110595703, ""y"": 0.7245540618896484, ""z"": 0.0, ""velocity"": 0.0, ""snr"": 0.0}, {""x"": 0.36531686782836914, ""y"": 0.7347464561462402, ""z"": 0.0, ""velocity"": 0.0, ""snr"": 0.0}, {""x"": 0.3916025161743164, ""y"": 0.7411837577819824, ""z"": 0.0, ""velocity"": 0.0, ""snr"": 0.0}]","[142632.0, 218669.0, 150753.0, 46139.0, 9456.0, 3343.0, 9138.0, 14750.0, 10211.0, 6446.0, 6039.0, 7147.0, 13950.0, 20872.0, 14634.0, 6752.0, 12035.0, 44459.0, 63046.0, 38214.0, 16988.0, 32125.0, 66916.0, 67164.0, 34347.0, 28209.0, 14229.0, 4392.0, 4423.0, 4775.0, 4750.0, 6708.0, 5269.0, 14217.0, 21832.0, 21684.0, 37401.0, 47549.0, 31714.0, 24398.0, 24167.0, 18106.0, 11587.0, 6464.0, 8430.0, 5949.0, 10151.0, 10254.0, 7537.0, 17026.0, 19146.0, 11575.0, 11172.0, 16968.0, 21612.0, 14093.0, 19453.0, 18177.0, 20414.0, 13197.0, 9506.0, 9813.0, 9814.0, 7691.0, 4993.0, 5269.0, 7847.0, 9918.0, 10363.0, 11610.0, 9727.0, 5070.0, 5742.0, 4591.0, 4612.0, 4918.0, 4834.0, 5831.0, 8478.0, 11667.0, 8442.0, 6146.0, 6272.0, 5824.0, 5435.0, 6417.0, 8031.0, 8142.0, 7731.0, 6048.0, 4411.0, 5234.0, 3730.0, 3430.0, 5211.0, 6328.0, 6049.0, 5700.0, 5274.0, 5726.0, 7312.0, 9111.0, 8478.0, 6861.0, 4413.0, 3751.0, 4122.0, 3624.0, 3418.0, 3602.0, 3279.0, 3834.0, 4237.0, 3465.0, 3443.0, 4080.0, 5307.0, 5536.0, 3502.0, 3066.0, 3667.0, 3940.0, 4893.0, 5286.0, 3217.0, 3494.0, 3844.0, 3572.0]",28768865.053340375
12,0.8,9,"[{""x"": -0.3858804702758789, ""y"": 0.9605884552001953, ""z"": 0.0, ""velocity"": 0.0, ""snr"": 0.0}, {""x"": -0.39464235305786133, ""y"": 1.0254979133605957, ""z"": 0.0, ""velocity"": 0.0, ""snr"": 0.0}, {""x"": -0.31256675720214844, ""y"": 1.0920166969299316, ""z"": 0.0, ""velocity"": 0.0, ""snr"": 0.0}, {""x"": -0.11944770812988281, ""y"": 0.9763240814208984, ""z"": 0.0, ""velocity"": 0.0, ""snr"": 0.0}, {""x"": -0.16540288925170898, ""y"": 0.971674919128418, ""z"": 0.0, ""velocity"": 0.0, ""snr"": 0.0}, {""x"": -0.013947486877441406, ""y"": 1.6018152236938477, ""z"": 0.0, ""velocity"": 0.0, ""snr"": 0.0}, {""x"": 0.0858306884765625, ""y"": 1.6488432884216309, ""z"": 0.0, ""velocity"": 0.0, ""snr"": 0.0}, {""x"": 0.02467632293701172, ""y"": 1.7241239547729492, ""z"": 0.0, ""velocity"": 0.0, ""snr"": 0.0}, {""x"": 1.916348934173584, ""y"": 1.5549659729003906, ""z"": 0.0, ""velocity"": 0.0, ""snr"": 0.0}]","[142774.0, 218616.0, 150681.0, 46416.0, 11283.0, 4775.0, 4547.0, 3321.0, 3537.0, 3347.0, 3866.0, 6706.0, 12218.0, 16405.0, 12138.0, 6733.0, 5090.0, 4039.0, 7663.0, 10699.0, 26195.0, 74058.0, 74848.0, 36945.0, 33063.0, 38232.0, 21616.0, 6137.0, 5191.0, 4934.0, 3673.0, 6811.0, 7217.0, 22147.0, 35806.0, 39348.0, 35519.0, 44824.0, 35117.0, 24384.0, 16276.0, 9812.0, 9389.0, 9693.0, 8306.0, 6016.0, 9088.0, 9578.0, 8960.0, 15901.0, 20137.0, 19315.0, 17725.0, 23067.0, 27966.0, 19484.0, 18404.0, 17532.0, 20260.0, 13430.0, 8471.0, 7166.0, 10461.0, 6528.0, 5256.0, 7525.0, 9656.0, 9707.0, 7833.0, 7497.0, 7107.0, 4656.0, 5286.0, 5165.0, 5109.0, 5604.0, 6447.0, 7251.0, 11774.0, 13145.0, 7962.0, 4837.0, 4415.0, 3980.0, 4556.0, 5150.0, 7168.0, 5000.0, 4489.0, 5568.0, 4114.0, 4157.0, 5943.0, 7086.0, 8252.0, 7444.0, 4359.0, 3689.0, 4096.0, 6155.0, 7449.0, 9678.0, 8633.0, 6392.0, 5449.0, 4156.0, 3219.0, 2311.0, 3406.0, 4460.0, 3683.0, 3759.0, 3819.0, 4028.0, 4124.0, 3535.0, 5284.0, 6868.0, 4667.0, 3434.0, 4255.0, 4403.0, 4709.0, 5028.0, 2974.0, 4121.0, 4143.0, 4197.0]",28193656.62300677
13,0.8,5,"[{""x"": -0.38552284240722656, ""y"": 1.0660886764526367, ""z"": 0.0, ""velocity"": 0.0, ""snr"": 0.0}, {""x"": 0.36710500717163086, ""y"": 0.8491873741149902, ""z"": 0.0, ""velocity"": 0.0, ""snr"": 0.0}, {""x"": 0.3420710563659668, ""y"": 0.9858012199401855, ""z"": 0.0, ""velocity"": 0.0, ""snr"": 0.0}, {""x"": 0.3642439842224121, ""y"": 0.9936690330505371, ""z"": 0.0, ""velocity"": 0.0, ""snr"": 0.0}, {""x"": 0.42253732681274414, ""y"": 0.9793639183044434, ""z"": 0.0, ""velocity"": 0.0, ""snr"": 0.0}]","[143078.0, 218490.0, 150602.0, 46573.0, 13209.0, 4043.0, 6592.0, 3318.0, 2951.0, 2886.0, 4244.0, 4640.0, 9801.0, 16893.0, 12859.0, 7211.0, 5100.0, 3672.0, 2679.0, 9965.0, 17821.0, 24248.0, 43596.0, 75360.0, 55367.0, 27574.0, 15797.0, 4938.0, 5374.0, 5006.0, 6803.0, 7959.0, 5321.0, 11872.0, 16762.0, 23658.0, 26840.0, 36114.0, 28287.0, 27123.0, 22348.0, 12739.0, 10264.0, 7663.0, 8618.0, 6824.0, 8916.0, 12183.0, 13478.0, 13985.0, 12882.0, 13461.0, 14343.0, 22276.0, 27196.0, 18982.0, 18237.0, 13428.0, 17603.0, 11599.0, 11139.0, 10525.0, 9325.0, 8012.0, 6043.0, 6406.0, 6945.0, 6962.0, 7853.0, 7733.0, 13058.0, 21263.0, 15462.0, 7048.0, 5012.0, 4315.0, 4687.0, 5728.0, 10888.0, 14534.0, 10276.0, 7870.0, 7619.0, 5832.0, 5712.0, 7483.0, 10057.0, 7710.0, 4653.0, 4754.0, 4807.0, 4419.0, 5947.0, 4976.0, 5962.0, 7814.0, 5148.0, 4250.0, 4866.0, 5150.0, 6375.0, 9008.0, 8402.0, 5713.0, 6104.0, 4541.0, 4575.0, 5467.0, 3287.0, 3936.0, 3089.0, 3188.0, 4123.0, 4557.0, 3560.0, 3756.0, 5263.0, 5839.0, 4160.0, 3187.0, 3475.0, 3584.0, 4084.0, 4517.0, 2683.0, 2899.0, 2832.0, 3159.0]",27630535.81554415
14,0.8,10,"[{""x"": -0.15717744827270508, ""y"": 1.1327862739562988, ""z"": 0.0, ""velocity"": 0.0, ""snr"": 0.0}, {""x"": -0.02110004425048828, ""y"": 1.004040241241455, ""z"": 0.0, ""velocity"": 0.0, ""snr"": 0.0}, {""x"": 0.04023313522338867, ""y"": 1.0401606559753418, ""z"": 0.0, ""velocity"": 0.0, ""snr"": 0.0}, {""x"": 0.020563602447509766, ""y"": 1.1029243469238281, ""z"": 0.0, ""velocity"": 0.0, ""snr"": 0.0}, {""x"": 0.1888275146484375, ""y"": 0.950932502746582, ""z"": 0.0, ""velocity"": 0.0, ""snr"": 0.0}, {""x"": 0.3122091293334961, ""y"": 0.8956789970397949, ""z"": 0.0, ""velocity"": 0.0, ""snr"": 0.0}, {""x"": 1.9209980964660645, ""y"": 1.6804933547973633, ""z"": 0.0, ""velocity"": 0.0, ""snr"": 0.0}, {""x"": 2.08282470703125, ""y"": 1.3044476509094238, ""z"": 0.0, ""velocity"": 0.0, ""snr"": 0.0}, {""x"": 2.109646797180176, ""y"": 1.2985467910766602, ""z"": 0.0, ""velocity"": 0.0, ""snr"": 0.0}, {""x"": 2.041161060333252, ""y"": 1.4576911926269531, ""z"": 0.0, ""velocity"": 0.0, ""snr"": 0.0}]","[142745.0, 218645.0, 151929.0, 49180.0, 13994.0, 7149.0, 4556.0, 3879.0, 3014.0, 2978.0, 4092.0, 6630.0, 9294.0, 16163.0, 11818.0, 5797.0, 4340.0, 3724.0, 2794.0, 16047.0, 54562.0, 83288.0, 92122.0, 67237.0, 59564.0, 85589.0, 53995.0, 11786.0, 5317.0, 5118.0, 6289.0, 8387.0, 7452.0, 11098.0, 15619.0, 16858.0, 29185.0, 36162.0, 25903.0, 25727.0, 24225.0, 13986.0, 8097.0, 8866.0, 7837.0, 9032.0, 14722.0, 16074.0, 16830.0, 24622.0, 23894.0, 18314.0, 17198.0, 24992.0, 37044.0, 31144.0, 27518.0, 20062.0, 17224.0, 15233.0, 20287.0, 10761.0, 5113.0, 6874.0, 7631.0, 6850.0, 6963.0, 6080.0, 7336.0, 11202.0, 9537.0, 6351.0, 8377.0, 8087.0, 7533.0, 7404.0, 6191.0, 5178.0, 8494.0, 13075.0, 6466.0, 5435.0, 5477.0, 5707.0, 5840.0, 6650.0, 8644.0, 7006.0, 4484.0, 5206.0, 4947.0, 4690.0, 5437.0, 4348.0, 5906.0, 8134.0, 5197.0, 4942.0, 7084.0, 10546.0, 11006.0, 11405.0, 9786.0, 5182.0, 4291.0, 4296.0, 4614.0, 4730.0, 3559.0, 4661.0, 3434.0, 4474.0, 4606.0, 3805.0, 3306.0, 4201.0, 5866.0, 7103.0, 4429.0, 3578.0, 4340.0, 3779.0, 4613.0, 5022.0, 2268.0, 3039.0, 3262.0, 3368.0]",27075402.178002767
15,0.8,10,"[{""x"": -0.10979175567626953, ""y"": 0.06723403930664062, ""z"": 0.0, ""velocity"": 0.0, ""snr"": 0.0}, {""x"": -0.24461746215820312, ""y"": 0.980079174041748, ""z"": 0.0, ""velocity"": 0.0, ""snr"": 0.0}, {""x"": -0.2675056457519531, ""y"": 0.9954571723937988, ""z"": 0.0, ""velocity"": 0.0, ""snr"": 0.0}, {""x"": -0.0788569450378418, ""y"": 1.1481642723083496, ""z"": 0.0, ""velocity"": 0.0, ""snr"": 0.0}, {""x"": 0.28395652770996094, ""y"": 0.9253621101379395, ""z"": 0.0, ""velocity"": 0.0, ""snr"": 0.0}, {""x"": 0.3345608711242676, ""y"": 0.8944272994995117, ""z"": 0.0, ""velocity"": 0.0, ""snr"": 0.0}, {""x"": 2.0095109939575195, ""y"": 1.4457106590270996, ""z"": 0.0, ""velocity"": 0.0, ""snr"": 0.0}, {""x"": 1.8884539604187012, ""y"": 1.650094985961914, ""z"": 0.0, ""velocity"": 0.0, ""snr"": 0.0}, {""x"": 1.7597079277038574, ""y"": 1.828014850616455, ""z"": 0.0, ""velocity"": 0.0, ""snr"": 0.0}, {""x"": 2.0740628242492676, ""y"": 1.3023018836975098, ""z"": 0.0, ""velocity"": 0.0, ""snr"": 0.0}]","[141299.0, 223912.0, 163907.0, 56152.0, 17812.0, 9962.0, 12615.0, 11934.0, 6767.0, 7617.0, 5059.0, 4293.0, 10384.0, 16237.0, 10964.0, 5775.0, 4490.0, 4421.0, 3039.0, 10523.0, 46729.0, 77705.0, 86865.0, 67160.0, 34882.0, 62197.0, 46332.0, 12706.0, 4878.0, 5039.0, 4225.0, 7095.0, 9407.0, 11051.0, 14864.0, 16957.0, 24405.0, 29140.0, 16828.0, 19317.0, 19712.0, 17553.0, 8801.0, 7963.0, 9324.0, 7278.0, 14571.0, 11705.0, 8801.0, 28113.0, 30221.0, 24673.0, 26746.0, 27809.0, 35662.0, 30956.0, 24367.0, 11021.0, 12604.0, 15239.0, 8914.0, 12900.0, 10691.0, 5766.0, 6662.0, 7362.0, 7639.0, 6791.0, 8284.0, 10988.0, 8914.0, 5793.0, 4760.0, 4464.0, 5276.0, 5532.0, 6462.0, 5830.0, 10101.0, 14038.0, 9965.0, 8772.0, 7022.0, 5492.0, 4821.0, 3278.0, 4931.0, 5411.0, 3487.0, 7093.0, 7141.0, 4399.0, 4920.0, 3976.0, 5247.0, 5783.0, 6175.0, 7514.0, 6770.0, 7038.0, 8254.0, 11503.0, 13106.0, 7565.0, 4752.0, 3756.0, 3978.0, 4056.0, 3456.0, 3827.0, 3511.0, 3242.0, 3713.0, 3574.0, 3175.0, 3817.0, 4729.0, 5293.0, 3828.0, 3075.0, 3363.0, 3343.0, 3542.0, 3582.0, 2542.0, 1965.0, 2072.0, 2117.0]",26535305.142161466
16,0.8,9,"[{""x"": -0.3476142883300781, ""y"": 0.9782910346984863, ""z"": 0.0, ""velocity"": 0.0, ""snr"": 0.0}, {""x"": -0.44989585876464844, ""y"": 0.9600520133972168, ""z"": 0.0, ""velocity"": 0.0, ""snr"": 0.0}, {""x"": -0.2982616424560547, ""y"": 0.983119010925293, ""z"": 0.0, ""velocity"": 0.0, ""snr"": 0.0}, {""x"": 0.12195110321044922, ""y"": 0.9811520576477051, ""z"": 0.0, ""velocity"": 0.0, ""snr"": 0.0}, {""x"": 0.24211406707763672, ""y"": 0.9300112724304199, ""z"": 0.0, ""velocity"": 0.0, ""snr"": 0.0}, {""x"": 1.6960501670837402, ""y"": 1.889348030090332, ""z"": 0.0, ""velocity"": 0.0, ""snr"": 0.0}, {""x"": 1.8947124481201172, ""y"": 1.546025276184082, ""z"": 0.0, ""velocity"": 0.0, ""snr"": 0.0}, {""x"": 1.9061565399169922, ""y"": 1.5712380409240723, ""z"": 0.0, ""velocity"": 0.0, ""snr"": 0.0}, {""x"": 1.7513036727905273, ""y"": 1.792609691619873, ""z"": 0.0, ""velocity"": 0.0, ""snr"": 0.0}]","[142813.0, 217976.0, 154081.0, 56251.0, 26560.0, 10546.0, 9617.0, 7657.0, 4614.0, 3973.0, 4232.0, 3896.0, 11240.0, 17970.0, 13291.0, 6902.0, 4897.0, 4101.0, 2704.0, 5840.0, 29613.0, 60814.0, 123333.0, 135434.0, 62532.0, 33314.0, 36295.0, 14101.0, 3941.0, 3616.0, 4972.0, 7761.0, 6785.0, 11721.0, 15765.0, 14187.0, 28277.0, 36982.0, 25492.0, 18054.0, 15060.0, 12756.0, 10795.0, 8973.0, 8398.0, 9093.0, 9521.0, 11027.0, 11831.0, 18600.0, 15729.0, 13104.0, 18136.0, 34674.0, 40492.0, 32446.0, 26244.0, 15379.0, 20467.0, 21405.0, 14367.0, 10922.0, 11645.0, 9977.0, 9208.0, 8392.0, 9284.0, 8586.0, 9600.0, 9757.0, 7356.0, 6896.0, 6390.0, 5108.0, 6185.0, 4919.0, 4699.0, 6410.0, 11448.0, 17995.0, 14327.0, 8458.0, 5700.0, 5351.0, 5168.0, 6368.0, 7233.0, 7900.0, 7155.0, 6511.0, 6556.0, 6718.0, 7361.0, 7203.0, 6789.0, 6155.0, 6089.0, 5281.0, 6562.0, 8962.0, 8622.0, 10981.0, 10368.0, 3773.0, 3590.0, 3936.0, 4812.0, 4838.0, 4107.0, 4764.0, 3442.0, 3631.0, 3543.0, 3609.0, 3128.0, 4305.0, 6023.0, 8573.0, 7927.0, 4276.0, 4370.0, 4373.0, 4115.0, 4329.0, 3174.0, 2663.0, 2126.0, 2631.0]",26003675.026873894
17,0.8,10,"[{""x"": -0.5745291709899902, ""y"": 0.9732842445373535, ""z"": 0.0, ""velocity"": 0.0, ""snr"": 0.0}, {""x"": -0.1977682113647461, ""y"": 0.9788274765014648, ""z"": 0.0, ""velocity"": 0.0, ""snr"": 0.0}, {""x"": -0.2549886703491211, ""y"": 0.9799003601074219, ""z"": 0.0, ""velocity"": 0.0, ""snr"": 0.0}, {""x"": -0.2624988555908203, ""y"": 0.9931325912475586, ""z"": 0.0, ""velocity"": 0.0, ""snr"": 0.0}, {""x"": -0.32150745391845703, ""y"": 1.014411449432373, ""z"": 0.0, ""velocity"": 0.0, ""snr"": 0.0}, {""x"": 0.15234947204589844, ""y"": 0.9512901306152344, ""z"": 0.0, ""velocity"": 0.0, ""snr"": 0.0}, {""x"": 1.9057989120483398, ""y"": 1.540839672088623, ""z"": 0.0, ""velocity"": 0.0, ""snr"": 0.0}, {""x"": 1.9399523735046387, ""y"": 1.535475254058838, ""z"": 0.0, ""velocity"": 0.0, ""snr"": 0.0}, {""x"": 1.8682479858398438, ""y"": 1.668691635131836, ""z"": 0.0, ""velocity"": 0.0, ""snr"": 0.0}, {""x"": 1.7793774604797363, ""y"": 1.8045902252197266, ""z"": 0.0, ""velocity"": 0.0, ""snr"": 0.0}]","[142732.0, 217895.0, 148958.0, 48963.0, 25323.0, 9258.0, 10108.0, 2484.0, 6525.0, 6315.0, 3694.0, 4452.0, 12459.0, 16982.0, 11279.0, 5108.0, 4738.0, 4657.0, 2888.0, 5427.0, 31378.0, 85273.0, 136797.0, 108031.0, 44104.0, 32389.0, 33888.0, 19041.0, 7231.0, 5862.0, 3692.0, 5212.0, 5259.0, 8592.0, 10658.0, 9815.0, 25768.0, 29294.0, 20724.0, 14551.0, 19998.0, 13404.0, 9048.0, 10097.0, 8623.0, 7310.0, 6003.0, 7515.0, 9063.0, 9980.0, 9923.0, 12311.0, 19213.0, 28531.0, 37147.0, 31172.0, 22770.0, 10411.0, 21458.0, 18932.0, 14244.0, 14443.0, 12218.0, 9170.0, 9332.0, 8857.0, 8147.0, 8803.0, 8260.0, 9237.0, 5974.0, 8892.0, 13208.0, 9488.0, 7939.0, 7939.0, 7936.0, 8132.0, 7867.0, 11711.0, 10067.0, 7260.0, 3983.0, 4229.0, 3909.0, 6174.0, 7409.0, 3760.0, 5836.0, 6525.0, 6549.0, 8512.0, 9597.0, 10103.0, 9366.0, 7880.0, 6410.0, 5247.0, 5935.0, 7882.0, 7352.0, 8975.0, 9465.0, 5205.0, 4750.0, 4873.0, 6110.0, 4552.0, 3570.0, 3881.0, 3335.0, 3223.0, 4268.0, 3705.0, 3747.0, 4093.0, 5885.0, 7343.0, 4689.0, 2923.0, 3905.0, 3313.0, 3939.0, 4237.0, 2080.0, 2384.0, 2885.0, 3479.0]",25484116.995231375
18,0.8,10,"[{""x"": -0.5804300308227539, ""y"": 1.0011792182922363, ""z"": 0.0, ""velocity"": 0.0, ""snr"": 0.0}, {""x"": -0.2034902572631836, ""y"": 0.9818673133850098, ""z"": 0.0, ""velocity"": 0.0, ""snr"": 0.0}, {""x"": -0.13107061386108398, ""y"": 0.9704232215881348, ""z"": 0.0, ""velocity"": 0.0, ""snr"": 0.0}, {""x"": -0.12105703353881836, ""y"": 1.0187029838562012, ""z"": 0.0, ""velocity"": 0.0, ""snr"": 0.0}, {""x"": 0.09870529174804688, ""y"": 0.9407401084899902, ""z"": 0.0, ""velocity"": 0.0, ""snr"": 0.0}, {""x"": 1.8110275268554688, ""y"": 1.9801855087280273, ""z"": 0.0, ""velocity"": 0.0, ""snr"": 0.0}, {""x"": 1.9190311431884766, ""y"": 1.5234947204589844, ""z"": 0.0, ""velocity"": 0.0, ""snr"": 0.0}, {""x"": 1.9011497497558594, ""y"": 1.5821456909179688, ""z"": 0.0, ""velocity"": 0.0, ""snr"": 0.0}, {""x"": 1.765608787536621, ""y"": 1.775801181793213, ""z"": 0.0, ""velocity"": 0.0, ""snr"": 0.0}, {""x"": 1.9478201866149902, ""y"": 1.8281936645507812, ""z"": 0.0, ""velocity"": 0.0, ""snr"": 0.0}]","[142769.0, 218987.0, 154451.0, 56208.0, 22200.0, 7544.0, 4511.0, 2587.0, 4912.0, 5105.0, 4321.0, 4501.0, 11208.0, 17335.0, 12567.0, 6516.0, 5391.0, 3942.0, 2640.0, 14072.0, 52917.0, 77278.0, 91337.0, 64878.0, 28239.0, 38007.0, 36031.0, 11556.0, 3863.0, 3984.0, 4693.0, 5433.0, 5327.0, 9390.0, 12194.0, 14266.0, 27499.0, 30610.0, 11250.0, 16125.0, 18582.0, 8368.0, 5739.0, 8823.0, 6827.0, 7056.0, 9255.0, 8616.0, 7298.0, 13966.0, 11126.0, 11157.0, 17267.0, 29337.0, 38104.0, 30993.0, 23610.0, 11533.0, 23804.0, 21510.0, 11294.0, 9626.0, 10395.0, 11626.0, 8273.0, 8443.0, 10196.0, 8120.0, 8896.0, 12056.0, 10703.0, 8997.0, 11216.0, 10567.0, 7981.0, 6298.0, 6177.0, 6426.0, 7366.0, 11247.0, 11795.0, 8364.0, 5180.0, 3713.0, 5047.0, 6708.0, 5864.0, 3922.0, 3827.0, 4969.0, 4378.0, 4953.0, 6524.0, 6402.0, 6729.0, 6342.0, 5390.0, 5142.0, 6290.0, 8366.0, 8542.0, 9523.0, 9647.0, 6392.0, 4718.0, 4016.0, 3598.0, 3143.0, 3112.0, 3487.0, 3505.0, 3242.0, 3783.0, 3498.0, 3284.0, 3420.0, 5552.0, 6577.0, 4423.0, 3273.0, 3347.0, 3588.0, 4769.0, 5278.0, 3023.0, 2672.0, 2354.0, 3273.0]",24975274.870020144
19,0.8,10,"[{""x"": -0.22602081298828125, ""y"": 1.0428428649902344, ""z"": 0.0, ""velocity"": 0.0, ""snr"": 0.0}, {""x"": -0.1214146614074707, ""y"": 1.0052919387817383, ""z"": 0.0, ""velocity"": 0.0, ""snr"": 0.0}, {""x"": -0.17559528350830078, ""y"": 1.0136961936950684, ""z"": 0.0, ""velocity"": 0.0, ""snr"": 0.0}, {""x"": 0.005185604095458984, ""y"": 0.9232163429260254, ""z"": 0.0, ""velocity"": 0.0, ""snr"": 0.0}, {""x"": 0.028967857360839844, ""y"": 0.9441375732421875, ""z"": 0.0, ""velocity"": 0.0, ""snr"": 0.0}, {""x"": -0.0388026237487793, ""y"": 0.9775757789611816, ""z"": 0.0, ""velocity"": 0.0, ""snr"": 0.0}, {""x"": 1.7130374908447266, ""y"": 1.8333792686462402, ""z"": 0.0, ""velocity"": 0.0, ""snr"": 0.0}, {""x"": 1.6502737998962402, ""y"": 1.9292235374450684, ""z"": 0.0, ""velocity"": 0.0, ""snr"": 0.0}, {""x"": 1.9633769989013672, ""y"": 1.4696717262268066, ""z"": 0.0, ""velocity"": 0.0, ""snr"": 0.0}, {""x"": 1.8500089645385742, ""y"": 1.6424059867858887, ""z"": 0.0, ""velocity"": 0.0, ""snr"": 0.0}]","[143122.0, 218892.0, 151794.0, 47550.0, 11735.0, 4257.0, 3240.0, 3721.0, 6684.0, 6612.0, 3309.0, 5211.0, 9245.0, 15700.0, 12188.0, 6123.0, 3963.0, 3749.0, 3290.0, 24733.0, 65106.0, 89856.0, 132243.0, 110636.0, 46305.0, 35666.0, 39298.0, 16132.0, 5713.0, 4102.0, 3524.0, 4003.0, 5115.0, 9000.0, 11269.0, 12643.0, 30355.0, 36034.0, 20558.0, 16802.0, 22252.0, 12613.0, 10922.0, 14619.0, 9139.0, 6708.0, 9609.0, 10549.0, 8570.0, 10223.0, 13846.0, 10831.0, 12558.0, 30565.0, 39854.0, 33200.0, 26758.0, 11216.0, 24976.0, 21216.0, 13767.0, 13639.0, 10426.0, 7258.0, 7476.0, 7574.0, 8857.0, 9341.0, 9900.0, 11236.0, 7311.0, 6135.0, 5931.0, 6638.0, 6475.0, 5472.0, 5907.0, 5632.0, 7758.0, 8060.0, 7261.0, 7602.0, 5001.0, 4113.0, 4188.0, 4356.0, 4606.0, 4518.0, 4811.0, 9412.0, 8270.0, 3793.0, 3739.0, 6191.0, 10433.0, 9618.0, 7221.0, 8763.0, 8843.0, 7317.0, 7763.0, 10008.0, 11193.0, 7153.0, 4730.0, 4110.0, 4200.0, 5379.0, 5538.0, 3580.0, 3970.0, 4228.0, 3440.0, 3069.0, 4097.0, 3632.0, 5612.0, 6438.0, 4432.0, 3014.0, 3564.0, 3992.0, 4954.0, 4828.0, 3041.0, 2521.0, 2289.0, 2549.0]",24474144.058008745
0,0.8,10,"[{""x"": -0.315248966217041, ""y"": 0.8928179740905762, ""z"": 0.0, ""velocity"": 0.0, ""snr"": 0.0}, {""x"": -0.32508373260498047, ""y"": 0.9711384773254395, ""z"": 0.0, ""velocity"": 0.0, ""snr"": 0.0}, {""x"": -0.2716183662414551, ""y"": 0.9548664093017578, ""z"": 0.0, ""velocity"": 0.0, ""snr"": 0.0}, {""x"": -0.28896331787109375, ""y"": 0.9732842445373535, ""z"": 0.0, ""velocity"": 0.0, ""snr"": 0.0}, {""x"": 0.26106834411621094, ""y"": 1.0437369346618652, ""z"": 0.0, ""velocity"": 0.0, ""snr"": 0.0}, {""x"": 1.7271637916564941, ""y"": 1.8637776374816895, ""z"": 0.0, ""velocity"": 0.0, ""snr"": 0.0}, {""x"": 1.8905997276306152, ""y"": 1.5932321548461914, ""z"": 0.0, ""velocity"": 0.0, ""snr"": 0.0}, {""x"": 1.7434358596801758, ""y"": 1.7985105514526367, ""z"": 0.0, ""velocity"": 0.0, ""snr"": 0.0}, {""x"": 1.9075870513916016, ""y"": 1.8698573112487793, ""z"": 0.0, ""velocity"": 0.0, ""snr"": 0.0}, {""x"": 2.018451690673828, ""y"": 1.3924241065979004, ""z"": 0.0, ""velocity"": 0.0, ""snr"": 0.0}]","[142729.0, 218461.0, 150958.0, 46987.0, 10007.0, 3349.0, 2337.0, 2475.0, 3245.0, 4028.0, 3886.0, 4946.0, 9186.0, 15247.0, 11629.0, 5914.0, 3963.0, 3078.0, 3133.0, 15400.0, 30149.0, 56712.0, 104896.0, 82142.0, 43282.0, 37140.0, 45845.0, 29145.0, 11009.0, 4941.0, 3776.0, 3031.0, 6319.0, 7928.0, 9941.0, 14019.0, 30217.0, 37533.0, 27117.0, 21177.0, 23667.0, 15845.0, 11407.0, 13404.0, 9785.0, 5986.0, 8690.0, 9072.0, 11999.0, 16338.0, 9810.0, 9998.0, 15673.0, 30569.0, 38929.0, 30715.0, 24041.0, 11835.0, 24127.0, 22212.0, 15233.0, 8780.0, 8792.0, 5809.0, 8923.0, 8938.0, 6116.0, 6061.0, 7626.0, 10543.0, 8046.0, 5488.0, 8082.0, 10423.0, 8240.0, 7101.0, 8078.0, 7211.0, 11089.0, 12172.0, 14773.0, 10069.0, 7185.0, 5613.0, 4393.0, 4280.0, 7360.0, 7779.0, 4406.0, 4434.0, 3954.0, 4686.0, 5798.0, 5699.0, 5665.0, 5760.0, 6459.0, 5924.0, 7252.0, 9281.0, 9260.0, 8238.0, 8078.0, 4234.0, 4185.0, 3939.0, 4002.0, 3523.0, 3824.0, 4291.0, 4875.0, 4675.0, 3579.0, 4837.0, 4457.0, 3830.0, 5101.0, 5351.0, 3498.0, 3579.0, 3858.0, 3777.0, 4588.0, 4940.0, 2794.0, 2308.0, 2215.0, 2946.0]",23985475.88874252
1,0.8,12,"[{""x"": -0.2097487449645996, ""y"": 1.0151267051696777, ""z"": 0.0, ""velocity"": 0.0, ""snr"": 0.0}, {""x"": -0.25910139083862305, ""y"": 1.034080982208252, ""z"": 0.0, ""velocity"": 0.0, ""snr"": 0.0}, {""x"": -0.17076730728149414, ""y"": 0.926971435546875, ""z"": 0.0, ""velocity"": 0.0, ""snr"": 0.0}, {""x"": -0.16164779663085938, ""y"": 0.9573698043823242, ""z"": 0.0, ""velocity"": 0.0, ""snr"": 0.0}, {""x"": -0.15628337860107422, ""y"": 0.9922385215759277, ""z"": 0.0, ""velocity"": 0.0, ""snr"": 0.0}, {""x"": -0.23227930068969727, ""y"": 1.765608787536621, ""z"": 0.0, ""velocity"": 0.0, ""snr"": 0.0}, {""x"": 0.25659799575805664, ""y"": 1.0387301445007324, ""z"": 0.0, ""velocity"": 0.0, ""snr"": 0.0}, {""x"": 1.771688461303711, ""y"": 1.9903779029846191, ""z"": 0.0, ""velocity"": 0.0, ""snr"": 0.0}, {""x"": 1.7209053039550781, ""y"": 2.0624399185180664, ""z"": 0.0, ""velocity"": 0.0, ""snr"": 0.0}, {""x"": 1.9603371620178223, ""y"": 1.5029311180114746, ""z"": 0.0, ""velocity"": 0.0, ""snr"": 0.0}, {""x"": 1.8287301063537598, ""y"": 1.7087459564208984, ""z"": 0.0, ""velocity"": 0.0, ""snr"": 0.0}, {""x"": 2.1142959594726562, ""y"": 1.2345314025878906, ""z"": 0.0, ""velocity"": 0.0, ""snr"": 0.0}]","[142932.0, 218438.0, 150498.0, 47271.0, 9881.0, 3524.0, 3626.0, 3728.0, 4831.0, 4595.0, 3357.0, 4834.0, 9546.0, 16287.0, 12263.0, 6565.0, 4360.0, 3500.0, 3507.0, 24264.0, 60089.0, 79399.0, 87220.0, 72992.0, 43425.0, 19605.0, 24064.0, 15138.0, 7259.0, 5402.0, 3807.0, 3989.0, 5368.0, 8129.0, 14001.0, 19503.0, 38654.0, 44175.0, 33364.0, 30596.0, 28215.0, 15841.0, 11950.0, 14809.0, 12297.0, 9685.0, 7609.0, 8424.0, 9962.0, 12623.0, 10483.0, 8011.0, 15316.0, 31769.0, 37502.0, 27658.0, 21486.0, 14212.0, 23971.0, 21170.0, 13234.0, 6830.0, 9297.0, 7144.0, 6564.0, 6615.0, 6568.0, 7513.0, 10492.0, 11350.0, 7709.0, 7603.0, 7133.0, 7231.0, 8610.0, 6175.0, 5232.0, 6208.0, 9628.0, 12129.0, 11307.0, 7681.0, 4754.0, 3835.0, 4136.0, 5973.0, 5351.0, 4396.0, 7141.0, 6108.0, 5889.0, 7776.0, 8285.0, 9511.0, 10169.0, 9393.0, 6818.0, 5799.0, 6990.0, 8458.0, 9084.0, 9982.0, 8450.0, 4402.0, 5655.0, 6315.0, 5800.0, 5113.0, 2881.0, 5225.0, 5003.0, 3261.0, 3588.0, 3623.0, 3762.0, 5582.0, 6472.0, 5594.0, 4584.0, 3425.0, 2929.0, 3671.0, 5714.0, 6010.0, 3318.0, 2591.0, 2000.0, 2613.0]",23505494.262861475
2,0.8,11,"[{""x"": -0.21135807037353516, ""y"": 0.9039044380187988, ""z"": 0.0, ""velocity"": 0.0, ""snr"": 0.0}, {""x"": -0.32025575637817383, ""y"": 1.0131597518920898, ""z"": 0.0, ""velocity"": 0.0, ""snr"": 0.0}, {""x"": -0.2925395965576172, ""y"": 1.0442733764648438, ""z"": 0.0, ""velocity"": 0.0, ""snr"": 0.0}, {""x"": -0.06902217864990234, ""y"": 0.9616613388061523, ""z"": 0.0, ""velocity"": 0.0, ""snr"": 0.0}, {""x"": -0.1323223114013672, ""y"": 1.130819320678711, ""z"": 0.0, ""velocity"": 0.0, ""snr"": 0.0}, {""x"": 0.04184246063232422, ""y"": 1.0246038436889648, ""z"": 0.0, ""velocity"": 0.0, ""snr"": 0.0}, {""x"": 1.6817450523376465, ""y"": 1.8525123596191406, ""z"": 0.0, ""velocity"": 0.0, ""snr"": 0.0}, {""x"": 1.7346739768981934, ""y"": 2.024352550506592, ""z"": 0.0, ""velocity"": 0.0, ""snr"": 0.0}, {""x"": 1.7752647399902344, ""y"": 2.015411853790283, ""z"": 0.0, ""velocity"": 0.0, ""snr"": 0.0}, {""x"": 1.9209980964660645, ""y"": 1.5422701835632324, ""z"": 0.0, ""velocity"": 0.0, ""snr"": 0.0}, {""x"": 2.009868621826172, ""y"": 1.3913512229919434, ""z"": 0.0, ""velocity"": 0.0, ""snr"": 0.0}]","[143221.0, 218066.0, 150347.0, 45642.0, 10836.0, 3908.0, 3500.0, 3660.0, 3885.0, 3581.0, 3450.0, 4676.0, 9580.0, 15379.0, 11711.0, 6345.0, 4234.0, 4237.0, 4145.0, 23746.0, 51527.0, 41977.0, 57712.0, 99713.0, 79960.0, 61851.0, 61331.0, 34412.0, 10535.0, 4826.0, 4877.0, 4417.0, 5074.0, 6874.0, 6667.0, 15616.0, 31321.0, 39621.0, 32119.0, 26696.0, 26585.0, 17311.0, 9339.0, 13045.0, 12390.0, 9222.0, 6744.0, 6964.0, 8088.0, 13110.0, 13712.0, 15403.0, 27619.0, 32289.0, 35499.0, 22789.0, 17893.0, 15004.0, 23993.0, 21799.0, 12969.0, 8035.0, 7834.0, 6748.0, 7318.0, 6785.0, 8136.0, 7079.0, 8733.0, 11155.0, 7066.0, 5002.0, 6861.0, 8013.0, 5625.0, 5328.0, 4195.0, 7072.0, 7074.0, 16595.0, 22732.0, 16660.0, 11937.0, 7511.0, 3950.0, 4833.0, 5593.0, 3814.0, 6783.0, 5508.0, 4436.0, 6084.0, 6538.0, 7020.0, 7237.0, 6282.0, 5658.0, 5481.0, 6908.0, 8417.0, 9120.0, 11133.0, 10643.0, 5500.0, 5563.0, 6758.0, 5949.0, 4088.0, 4139.0, 6081.0, 5668.0, 4054.0, 3482.0, 3904.0, 4096.0, 3783.0, 5093.0, 5864.0, 4777.0, 2912.0, 2874.0, 2474.0, 2928.0, 4365.0, 3069.0, 2317.0, 2154.0, 2324.0]",23034831.510416742
3,0.8,12,"[{""x"": -0.4742145538330078, ""y"": 0.9711384773254395, ""z"": 0.0, ""velocity"": 0.0, ""snr"": 0.0}, {""x"": -0.41216611862182617, ""y"": 1.0047554969787598, ""z"": 0.0, ""velocity"": 0.0, ""snr"": 0.0}, {""x"": -0.37086009979248047, ""y"": 1.741647720336914, ""z"": 0.0, ""velocity"": 0.0, ""snr"": 0.0}, {""x"": -0.16182661056518555, ""y"": 1.1097192764282227, ""z"": 0.0, ""velocity"": 0.0, ""snr"": 0.0}, {""x"": -0.25856494903564453, ""y"": 1.804947853088379, ""z"": 0.0, ""velocity"": 0.0, ""snr"": 0.0}, {""x"": -0.3313422203063965, ""y"": 2.3955702781677246, ""z"": 0.0, ""velocity"": 0.0, ""snr"": 0.0}, {""x"": -0.048279762268066406, ""y"": 0.9098052978515625, ""z"": 0.0, ""velocity"": 0.0, ""snr"": 0.0}, {""x"": -0.046133995056152344, ""y"": 0.9130239486694336, ""z"": 0.0, ""velocity"": 0.0, ""snr"": 0.0}, {""x"": 0.025212764739990234, ""y"": 0.9759664535522461, ""z"": 0.0, ""velocity"": 0.0, ""snr"": 0.0}, {""x"": -0.01627206802368164, ""y"": 1.0253190994262695, ""z"": 0.0, ""velocity"": 0.0, ""snr"": 0.0}, {""x"": 1.67083740234375, ""y"": 1.8682479858398438, ""z"": 0.0, ""velocity"": 0.0, ""snr"": 0.0}, {""x"": 1.9034743309020996, ""y"": 1.5701651573181152, ""z"": 0.0, ""velocity"": 0.0, ""snr"": 0.0}]","[142935.0, 218544.0, 150435.0, 47609.0, 11772.0, 3171.0, 2062.0, 2705.0, 4582.0, 4364.0, 4278.0, 5276.0, 9742.0, 15246.0, 11353.0, 5357.0, 3814.0, 3266.0, 5708.0, 33589.0, 53694.0, 31659.0, 85752.0, 104858.0, 133636.0, 60931.0, 43996.0, 21058.0, 6611.0, 4499.0, 4178.0, 2792.0, 4497.0, 7145.0, 6504.0, 13883.0, 31766.0, 30546.0, 31656.0, 31611.0, 27952.0, 23026.0, 13144.0, 15612.0, 13845.0, 7337.0, 5769.0, 7511.0, 16135.0, 14744.0, 13720.0, 21823.0, 32773.0, 41044.0, 36889.0, 27251.0, 22575.0, 12190.0, 24607.0, 22416.0, 12093.0, 9437.0, 8161.0, 5378.0, 5850.0, 7450.0, 9127.0, 7542.0, 10249.0, 13118.0, 9440.0, 5492.0, 6004.0, 7671.0, 5636.0, 4966.0, 4105.0, 6258.0, 9256.0, 11805.0, 12455.0, 11817.0, 11485.0, 9579.0, 7197.0, 5279.0, 5290.0, 3692.0, 5241.0, 4657.0, 3763.0, 4442.0, 5318.0, 5623.0, 5684.0, 5251.0, 6041.0, 6656.0, 7045.0, 7632.0, 7462.0, 9736.0, 10748.0, 6131.0, 6347.0, 6154.0, 4322.0, 3669.0, 5459.0, 5797.0, 4843.0, 4744.0, 3772.0, 3237.0, 3768.0, 3811.0, 5355.0, 5294.0, 4257.0, 3122.0, 3545.0, 3735.0, 3642.0, 4627.0, 3287.0, 2062.0, 2150.0, 2353.0]",22573525.076774523
4,0.8,14,"[{""x"": -0.34797191619873047, ""y"": 1.055896282196045, ""z"": 0.0, ""velocity"": 0.0, ""snr"": 0.0}, {""x"": -0.09298324584960938, ""y"": 1.1354684829711914, ""z"": 0.0, ""velocity"": 0.0, ""snr"": 0.0}, {""x"": -0.15753507614135742, ""y"": 2.3372769355773926, ""z"": 0.0, ""velocity"": 0.0, ""snr"": 0.0}, {""x"": -0.17523765563964844, ""y"": 2.3640990257263184, ""z"": 0.0, ""velocity"": 0.0, ""snr"": 0.0}, {""x"": -0.28520822525024414, ""y"": 2.391815185546875, ""z"": 0.0, ""velocity"": 0.0, ""snr"": 0.0}, {""x"": -0.34117698669433594, ""y"": 2.5818943977355957, ""z"": 0.0, ""velocity"": 0.0, ""snr"": 0.0}, {""x"": -0.032007694244384766, ""y"": 0.9226799011230469, ""z"": 0.0, ""velocity"": 0.0, ""snr"": 0.0}, {""x"": -0.04470348358154297, ""y"": 0.9339451789855957, ""z"": 0.0, ""velocity"": 0.0, ""snr"": 0.0}, {""x"": -0.0527501106262207, ""y"": 0.9407401084899902, ""z"": 0.0, ""velocity"": 0.0, ""snr"": 0.0}, {""x"": 0.016629695892333984, ""y"": 0.9698867797851562, ""z"": 0.0, ""velocity"": 0.0, ""snr"": 0.0}, {""x"": 0.2485513687133789, ""y"": 0.9977817535400391, ""z"": 0.0, ""velocity"": 0.0, ""snr"": 0.0}, {""x"": 1.8044114112854004, ""y"": 1.9655227661132812, ""z"": 0.0, ""velocity"": 0.0, ""snr"": 0.0}, {""x"": 1.8380284309387207, ""y"": 1.9524693489074707, ""z"": 0.0, ""velocity"": 0.0, ""snr"": 0.0}, {""x"": 1.9564032554626465, ""y"": 1.504361629486084, ""z"": 0.0, ""velocity"": 0.0, ""snr"": 0.0}]","[142772.0, 218269.0, 150515.0, 46469.0, 11396.0, 4585.0, 2427.0, 2384.0, 3543.0, 3410.0, 3013.0, 5208.0, 10546.0, 15312.0, 11448.0, 5171.0, 3927.0, 4601.0, 8292.0, 79672.0, 202354.0, 196069.0, 86437.0, 56812.0, 45691.0, 72759.0, 36983.0, 22209.0, 9324.0, 6505.0, 3624.0, 3946.0, 4319.0, 7032.0, 7130.0, 12974.0, 33992.0, 45162.0, 34022.0, 25281.0, 30427.0, 24637.0, 12787.0, 14514.0, 12813.0, 7002.0, 8100.0, 17217.0, 24838.0, 23875.0, 40905.0, 64085.0, 56893.0, 43892.0, 34961.0, 24300.0, 24509.0, 27242.0, 25971.0, 24041.0, 11896.0, 14638.0, 10852.0, 6083.0, 5620.0, 6830.0, 7631.0, 7073.0, 9555.0, 11789.0, 8005.0, 5057.0, 7465.0, 7367.0, 6868.0, 5493.0, 4659.0, 5632.0, 8998.0, 13084.0, 11343.0, 10725.0, 9820.0, 8489.0, 6413.0, 5681.0, 5163.0, 5217.0, 6771.0, 6758.0, 5697.0, 5551.0, 5083.0, 6417.0, 8411.0, 8384.0, 7216.0, 7075.0, 7094.0, 7917.0, 7212.0, 10375.0, 10581.0, 6416.0, 6619.0, 5333.0, 3221.0, 4411.0, 5265.0, 3704.0, 4517.0, 5730.0, 4027.0, 3274.0, 4436.0, 4082.0, 5133.0, 6001.0, 4535.0, 3329.0, 5031.0, 5394.0, 4910.0, 4414.0, 2294.0, 2429.0, 2371.0, 3182.0]",22118826.85802374
5,0.8,9,"[{""x"": -0.23567676544189453, ""y"": 0.9984970092773438, ""z"": 0.0, ""velocity"": 0.0, ""snr"": 0.0}, {""x"": -0.27698278427124023, ""y"": 1.0254979133605957, ""z"": 0.0, ""velocity"": 0.0, ""snr"": 0.0}, {""x"": -0.2549886703491211, ""y"": 1.0585784912109375, ""z"": 0.0, ""velocity"": 0.0, ""snr"": 0.0}, {""x"": -0.1373291015625, ""y"": 0.9802579879760742, ""z"": 0.0, ""velocity"": 0.0, ""snr"": 0.0}, {""x"": -0.20170211791992188, ""y"": 2.408623695373535, ""z"": 0.0, ""velocity"": 0.0, ""snr"": 0.0}, {""x"": -0.06866455078125, ""y"": 1.118481159210205, ""z"": 0.0, ""velocity"": 0.0, ""snr"": 0.0}, {""x"": 0.10389089584350586, ""y"": 0.9521842002868652, ""z"": 0.0, ""velocity"": 0.0, ""snr"": 0.0}, {""x"": 1.955866813659668, ""y"": 1.5093684196472168, ""z"": 0.0, ""velocity"": 0.0, ""snr"": 0.0}, {""x"": 1.8272995948791504, ""y"": 1.714646816253662, ""z"": 0.0, ""velocity"": 0.0, ""snr"": 0.0}]","[142837.0, 218383.0, 150456.0, 46265.0, 9532.0, 3329.0, 2659.0, 2888.0, 3274.0, 2821.0, 3455.0, 5481.0, 10250.0, 13506.0, 9008.0, 5052.0, 3846.0, 3432.0, 2763.0, 8057.0, 36992.0, 76294.0, 114779.0, 155481.0, 165645.0, 115817.0, 46478.0, 9718.0, 8406.0, 9469.0, 7438.0, 6825.0, 9394.0, 10841.0, 9595.0, 14901.0, 31853.0, 36843.0, 18124.0, 13171.0, 24536.0, 17250.0, 7363.0, 11172.0, 11759.0, 7854.0, 10365.0, 8165.0, 14538.0, 26955.0, 24713.0, 10404.0, 32592.0, 36199.0, 35431.0, 26664.0, 22836.0, 14631.0, 24800.0, 21578.0, 11392.0, 5601.0, 7602.0, 8898.0, 8272.0, 6417.0, 8252.0, 6767.0, 7402.0, 10796.0, 8512.0, 5106.0, 5586.0, 6731.0, 6867.0, 7454.0, 7339.0, 6684.0, 9757.0, 11839.0, 6238.0, 7485.0, 4870.0, 4439.0, 4772.0, 5448.0, 5002.0, 4988.0, 4027.0, 4489.0, 4187.0, 4245.0, 3997.0, 6434.0, 7364.0, 7940.0, 7101.0, 6420.0, 6574.0, 7296.0, 8093.0, 10672.0, 10580.0, 6942.0, 6737.0, 4836.0, 4487.0, 4241.0, 3304.0, 3613.0, 3520.0, 4260.0, 3291.0, 3344.0, 3955.0, 3320.0, 4724.0, 5863.0, 4079.0, 2894.0, 3588.0, 4323.0, 5356.0, 5241.0, 2012.0, 2802.0, 2256.0, 2665.0]",21678787.08178712
6,0.8,9,"[{""x"": -0.21386146545410156, ""y"": 0.9584426879882812, ""z"": 0.0, ""velocity"": 0.0, ""snr"": 0.0}, {""x"": -0.24998188018798828, ""y"": 0.9731054306030273, ""z"": 0.0, ""velocity"": 0.0, ""snr"": 0.0}, {""x"": -0.23943185806274414, ""y"": 1.0210275650024414, ""z"": 0.0, ""velocity"": 0.0, ""snr"": 0.0}, {""x"": -0.21600723266601562, ""y"": 1.0750293731689453, ""z"": 0.0, ""velocity"": 0.0, ""snr"": 0.0}, {""x"": -0.2592802047729492, ""y"": 1.0920166969299316, ""z"": 0.0, ""velocity"": 0.0, ""snr"": 0.0}, {""x"": -0.15968084335327148, ""y"": 0.9475350379943848, ""z"": 0.0, ""velocity"": 0.0, ""snr"": 0.0}, {""x"": 1.742720603942871, ""y"": 2.0198822021484375, ""z"": 0.0, ""velocity"": 0.0, ""snr"": 0.0}, {""x"": 2.2230148315429688, ""y"": 1.0353326797485352, ""z"": 0.0, ""velocity"": 0.0, ""snr"": 0.0}, {""x"": 2.0123720169067383, ""y"": 1.4230012893676758, ""z"": 0.0, ""velocity"": 0.0, ""snr"": 0.0}]","[142991.0, 218341.0, 150438.0, 46382.0, 9455.0, 3247.0, 2082.0, 2359.0, 3278.0, 2807.0, 3247.0, 5745.0, 10805.0, 12963.0, 7743.0, 5130.0, 3917.0, 3984.0, 2557.0, 9860.0, 48499.0, 102482.0, 1895876862.0, 2634022951.0, 1157628006.0, 536871042.0, 2046820433.0, 1291845682.0, 2936012876.0, 2315255883.0, 620757044.0, 134217768.0, 3925868570.0, 1258291225.0, 687865882.0, 3053453339.0, 3774873624.0, 3087007771.0, 3372220444.0, 3808428062.0, 922746908.0, 4194304026.0, 1979711508.0, 1711276060.0, 2701131805.0, 989855769.0, 3841982489.0, 1962934296.0, 3506438167.0, 3019898904.0, 1124073493.0, 2986344470.0, 3070230545.0, 2936012811.0, 150994957.0, 603979795.0, 3019898903.0, 2030043157.0, 1409286170.0, 4211081248.0, 536870940.0, 1862271013.0, 3657433123.0, 1073741840.0, 1828716560.0, 2902458385.0, 1912602638.0, 2516582413.0, 536870924.0, 805306382.0, 2986344461.0, 3791650832.0, 2046820367.0, 1845493772.0, 1912602643.0, 872415254.0, 3607101466.0, 1493172249.0, 2248146961.0, 3170893835.0, 33554446.0, 2298478605.0, 1459617805.0, 3623878671.0, 385875977.0, 889192463.0, 1694498827.0, 9.0, 0.0, 0.0, 0.0, 67174912.0, 134546947.0, 84082695.0, 172037.0, 174338560.0, 122368.0, 0.0, 2048.0, 512.0, 4294967040.0, 77311.0, 25600.0, 998244352.0, 3201903929.0, 2147483705.0, 2147483710.0, 2111.0, 2768078848.0, 20.0, 2001486336.0, 1386493.0, 1375731712.0, 2784814413.0, 21.0, 2253214976.0, 1625340.0, 1056964608.0, 49566290.0, 66.0, 1682780928.0, 4405751.0, 889192448.0, 3154037580.0, 22.0, 1145850880.0, 1534981.0, 1308622848.0]",1317733240.0700762
7,0.8,7,"[{""x"": -0.3470778465270996, ""y"": 1.073598861694336, ""z"": 0.0, ""velocity"": 0.0, ""snr"": 0.0}, {""x"": -0.2887845039367676, ""y"": 1.124560832977295, ""z"": 0.0, ""velocity"": 0.0, ""snr"": 0.0}, {""x"": -0.28592348098754883, ""y"": 1.1338591575622559, ""z"": 0.0, ""velocity"": 0.0, ""snr"": 0.0}, {""x"": -0.0960230827331543, ""y"": 0.9475350379943848, ""z"": 0.0, ""velocity"": 0.0, ""snr"": 0.0}, {""x"": -0.1062154769897461, ""y"": 0.9554028511047363, ""z"": 0.0, ""velocity"": 0.0, ""snr"": 0.0}, {""x"": 0.21761655807495117, ""y"": 0.980079174041748, ""z"": 0.0, ""velocity"": 0.0, ""snr"": 0.0}, {""x"": 0.4482865333557129, ""y"": 0.9475350379943848, ""z"": 0.0, ""velocity"": 0.0, ""snr"": 0.0}]","[142669.0, 218328.0, 150130.0, 45447.0, 24253.0, 12547.0, 4330.0, 2387.0, 3068.0, 2896.0, 2692.0, 5701.0, 9402.0, 17146.0, 17054.0, 8046.0, 3776.0, 3740.0, 4049.0, 14796.0, 59943.0, 89135.0, 62128.0, 61003.0, 54513.0, 111039.0, 111937.0, 42293.0, 6798.0, 3817.0, 5038.0, 7231.0, 6632.0, 12408.0, 22713.0, 26335.0, 32436.0, 43901.0, 32914.0, 25373.0, 19005.0, 8969.0, 6610.0, 7228.0, 8411.0, 8100.0, 9873.0, 10779.0, 13297.0, 13406.0, 12419.0, 11738.0, 16818.0, 16608.0, 17823.0, 12212.0, 15472.0, 23058.0, 27885.0, 23220.0, 13677.0, 9976.0, 14165.0, 15529.0, 15793.0, 16707.0, 15630.0, 12692.0, 8517.0, 11875.0, 8293.0, 10561.0, 7610.0, 5725.0, 7039.0, 4895.0, 5432.0, 5708.0, 8953.0, 9736.0, 5370.0, 5969.0, 6957.0, 5938.0, 6039.0, 6341.0, 7438.0, 4993.0, 5153.0, 6070.0, 5048.0, 5240.0, 4370.0, 4033.0, 3917.0, 6491.0, 7528.0, 5963.0, 6598.0, 7905.0, 8560.0, 11292.0, 10015.0, 5384.0, 3187.0, 4097.0, 4523.0, 4210.0, 3893.0, 4135.0, 4371.0, 4144.0, 3303.0, 4329.0, 5163.0, 5247.0, 5945.0, 6782.0, 4691.0, 3651.0, 3496.0, 2996.0, 4211.0, 4442.0, 2551.0, 2119.0, 2231.0, 2134.0]",47482353.105590954
8,0.8,7,"[{""x"": -0.2855658531188965, ""y"": 1.1113286018371582, ""z"": 0.0, ""velocity"": 0.0, ""snr"": 0.0}, {""x"": -0.04076957702636719, ""y"": 0.9489655494689941, ""z"": 0.0, ""velocity"": 0.0, ""snr"": 0.0}, {""x"": -0.025033950805664062, ""y"": 0.9700655937194824, ""z"": 0.0, ""velocity"": 0.0, ""snr"": 0.0}, {""x"": 0.4363059997558594, ""y"": 0.9520053863525391, ""z"": 0.0, ""velocity"": 0.0, ""snr"": 0.0}, {""x"": 0.4220008850097656, ""y"": 1.0104775428771973, ""z"": 0.0, ""velocity"": 0.0, ""snr"": 0.0}, {""x"": 0.4608035087585449, ""y"": 1.0253190994262695, ""z"": 0.0, ""velocity"": 0.0, ""snr"": 0.0}, {""x"": 0.46116113662719727, ""y"": 0.9124875068664551, ""z"": 0.0, ""velocity"": 0.0, ""snr"": 0.0}]","[142729.0, 218712.0, 150290.0, 45526.0, 13553.0, 4674.0, 3696.0, 5594.0, 5855.0, 4015.0, 2533.0, 4121.0, 6428.0, 10732.0, 9825.0, 6649.0, 3075.0, 3677.0, 2274.0, 9636.0, 31468.0, 47502.0, 51598.0, 44437.0, 41518.0, 39968.0, 38733.0, 20215.0, 6249.0, 5819.0, 4777.0, 7841.0, 10446.0, 17712.0, 26162.0, 24026.0, 45370.0, 50664.0, 18285.0, 15572.0, 17416.0, 8247.0, 8516.0, 8148.0, 9803.0, 7304.0, 9806.0, 10272.0, 10022.0, 22835.0, 26792.0, 20603.0, 14059.0, 11208.0, 13749.0, 12339.0, 29211.0, 39913.0, 21777.0, 17403.0, 16407.0, 20533.0, 19587.0, 13184.0, 10916.0, 17810.0, 16994.0, 14212.0, 13693.0, 14531.0, 10391.0, 11182.0, 12284.0, 10852.0, 6345.0, 5396.0, 5004.0, 7974.0, 8738.0, 8660.0, 6695.0, 6579.0, 4997.0, 4145.0, 6082.0, 7024.0, 6709.0, 4425.0, 4413.0, 5680.0, 5203.0, 6308.0, 4387.0, 5301.0, 10047.0, 11231.0, 8575.0, 6234.0, 7829.0, 9474.0, 9635.0, 9598.0, 10030.0, 5152.0, 4141.0, 4847.0, 3964.0, 3558.0, 3986.0, 4506.0, 4486.0, 3869.0, 3662.0, 3385.0, 4262.0, 5762.0, 6679.0, 6640.0, 4320.0, 2404.0, 2889.0, 2823.0, 4054.0, 4448.0, 2567.0, 2139.0, 2655.0, 2388.0]",46534149.61585162
9,0.8,6,"[{""x"": -0.09137392044067383, ""y"": 0.9525418281555176, ""z"": 0.0, ""velocity"": 0.0, ""snr"": 0.0}, {""x"": -0.09655952453613281, ""y"": 0.9720325469970703, ""z"": 0.0, ""velocity"": 0.0, ""snr"": 0.0}, {""x"": -0.06473064422607422, ""y"": 0.9974241256713867, ""z"": 0.0, ""velocity"": 0.0, ""snr"": 0.0}, {""x"": -0.050067901611328125, ""y"": 1.0188817977905273, ""z"": 0.0, ""velocity"": 0.0, ""snr"": 0.0}, {""x"": 0.4532933235168457, ""y"": 0.9537935256958008, ""z"": 0.0, ""velocity"": 0.0, ""snr"": 0.0}, {""x"": 1.789391040802002, ""y"": 1.963198184967041, ""z"": 0.0, ""velocity"": 0.0, ""snr"": 0.0}]","[142911.0, 218550.0, 150801.0, 48635.0, 25059.0, 9217.0, 2609.0, 2544.0, 3452.0, 2562.0, 2658.0, 5305.0, 6954.0, 13949.0, 13032.0, 6031.0, 3527.0, 3392.0, 2592.0, 13217.0, 55699.0, 99128.0, 106248.0, 72885.0, 26712.0, 14709.0, 25602.0, 17356.0, 6401.0, 5783.0, 6183.0, 8505.0, 8276.0, 12257.0, 18766.0, 14286.0, 27964.0, 32212.0, 21324.0, 16554.0, 15211.0, 8837.0, 6429.0, 8221.0, 9647.0, 5793.0, 7899.0, 10376.0, 9844.0, 6011.0, 8661.0, 12573.0, 13362.0, 13477.0, 21886.0, 23334.0, 26234.0, 25188.0, 26640.0, 23758.0, 16055.0, 23568.0, 26957.0, 26678.0, 21048.0, 16686.0, 12362.0, 17323.0, 12193.0, 10071.0, 8478.0, 10114.0, 9862.0, 8441.0, 8027.0, 7639.0, 6050.0, 7627.0, 9154.0, 9180.0, 7282.0, 5447.0, 4779.0, 4608.0, 4342.0, 5695.0, 6510.0, 7128.0, 6750.0, 5677.0, 4933.0, 4760.0, 4434.0, 8179.0, 9375.0, 9388.0, 6958.0, 4961.0, 6008.0, 7926.0, 8484.0, 11577.0, 11645.0, 6931.0, 4575.0, 3427.0, 5232.0, 6294.0, 4921.0, 5152.0, 4215.0, 4576.0, 4610.0, 3544.0, 5184.0, 6785.0, 7272.0, 7265.0, 4350.0, 3060.0, 3489.0, 4128.0, 5311.0, 5079.0, 2214.0, 3167.0, 3478.0, 3354.0]",45603149.088159904
10,0.8,7,"[{""x"": -0.37103891372680664, ""y"": 0.9536147117614746, ""z"": 0.0, ""velocity"": 0.0, ""snr"": 0.0}, {""x"": -0.09906291961669922, ""y"": 0.9511113166809082, ""z"": 0.0, ""velocity"": 0.0, ""snr"": 0.0}, {""x"": -0.09137392044067383, ""y"": 0.9647011756896973, ""z"": 0.0, ""velocity"": 0.0, ""snr"": 0.0}, {""x"": -0.07009506225585938, ""y"": 0.9866952896118164, ""z"": 0.0, ""velocity"": 0.0, ""snr"": 0.0}, {""x"": -0.3561973571777344, ""y"": 2.7033090591430664, ""z"": 0.0, ""velocity"": 0.0, ""snr"": 0.0}, {""x"": 0.1443028450012207, ""y"": 1.0151267051696777, ""z"": 0.0, ""velocity"": 0.0, ""snr"": 0.0}, {""x"": 0.1296401023864746, ""y"": 1.0571479797363281, ""z"": 0.0, ""velocity"": 0.0, ""snr"": 0.0}]","[143133.0, 218337.0, 150741.0, 47266.0, 15001.0, 10210.0, 11101.0, 6878.0, 3121.0, 2925.0, 3200.0, 5041.0, 7847.0, 14844.0, 14209.0, 6332.0, 3693.0, 3313.0, 2786.0, 17096.0, 82882.0, 138276.0, 115650.0, 77283.0, 33678.0, 26986.0, 42914.0, 28012.0, 8309.0, 4101.0, 4886.0, 8033.0, 10760.0, 15311.0, 23442.0, 26170.0, 34219.0, 36138.0, 25676.0, 26354.0, 22196.0, 11105.0, 7058.0, 7248.0, 9354.0, 6728.0, 8770.0, 11599.0, 12130.0, 16068.0, 13332.0, 14853.0, 17666.0, 17489.0, 30577.0, 40107.0, 32381.0, 21915.0, 22504.0, 52734.0, 67814.0, 55399.0, 29469.0, 17227.0, 10452.0, 13215.0, 15394.0, 12881.0, 9083.0, 10548.0, 8997.0, 9580.0, 12041.0, 10626.0, 6054.0, 6109.0, 7202.0, 9202.0, 7680.0, 7529.0, 6651.0, 5915.0, 5342.0, 4806.0, 4334.0, 6638.0, 8984.0, 10081.0, 7439.0, 5021.0, 4512.0, 3550.0, 4294.0, 5551.0, 7763.0, 6994.0, 5027.0, 4679.0, 4059.0, 6405.0, 7780.0, 10742.0, 10993.0, 6210.0, 4158.0, 4186.0, 4618.0, 4313.0, 4511.0, 5719.0, 5100.0, 3745.0, 3862.0, 3618.0, 4228.0, 6012.0, 6979.0, 7004.0, 4573.0, 3760.0, 4794.0, 4680.0, 4664.0, 4635.0, 3179.0, 3086.0, 4035.0, 4841.0]",44688541.31639187
11,0.8,8,"[{""x"": -0.996708869934082, ""y"": 2.6628971099853516, ""z"": 0.0, ""velocity"": 0.0, ""snr"": 0.0}, {""x"": -0.8397102355957031, ""y"": 2.751767635345459, ""z"": 0.0, ""velocity"": 0.0, ""snr"": 0.0}, {""x"": -0.14322996139526367, ""y"": 0.9423494338989258, ""z"": 0.0, ""velocity"": 0.0, ""snr"": 0.0}, {""x"": -0.1639723777770996, ""y"": 0.9477138519287109, ""z"": 0.0, ""velocity"": 0.0, ""snr"": 0.0}, {""x"": -0.16701221466064453, ""y"": 2.7015209197998047, ""z"": 0.0, ""velocity"": 0.0, ""snr"": 0.0}, {""x"": 0.3764033317565918, ""y"": 0.9579062461853027, ""z"": 0.0, ""velocity"": 0.0, ""snr"": 0.0}, {""x"": 0.37479400634765625, ""y"": 0.9784698486328125, ""z"": 0.0, ""velocity"": 0.0, ""snr"": 0.0}, {""x"": 0.35941600799560547, ""y"": 1.015305519104004, ""z"": 0.0, ""velocity"": 0.0, ""snr"": 0.0}]","[142932.0, 218652.0, 150404.0, 46151.0, 9726.0, 5121.0, 6752.0, 4773.0, 4619.0, 3664.0, 2709.0, 4800.0, 9756.0, 15852.0, 13221.0, 5825.0, 2576.0, 2912.0, 2789.0, 5002.0, 26883.0, 37815.0, 38814.0, 44959.0, 31472.0, 24140.0, 33544.0, 21445.0, 6921.0, 3805.0, 3405.0, 6033.0, 5135.0, 12715.0, 23208.0, 25849.0, 37872.0, 40856.0, 21457.0, 13821.0, 16726.0, 8431.0, 7821.0, 10335.0, 10028.0, 10949.0, 9904.0, 11512.0, 18961.0, 26235.0, 21925.0, 19327.0, 19815.0, 24675.0, 36255.0, 45022.0, 40420.0, 20523.0, 28673.0, 41475.0, 39815.0, 26310.0, 25595.0, 26147.0, 18811.0, 8347.0, 8525.0, 10243.0, 8550.0, 11728.0, 10325.0, 6912.0, 9184.0, 8554.0, 7253.0, 8138.0, 11291.0, 7478.0, 7849.0, 11501.0, 8220.0, 5348.0, 4392.0, 5344.0, 5513.0, 6785.0, 6971.0, 7855.0, 8187.0, 4785.0, 4135.0, 3895.0, 4141.0, 4430.0, 7231.0, 6648.0, 7280.0, 6164.0, 7324.0, 8381.0, 7575.0, 10409.0, 10440.0, 5160.0, 4195.0, 5203.0, 5165.0, 3076.0, 3583.0, 4881.0, 4705.0, 3656.0, 3443.0, 3718.0, 4319.0, 6861.0, 8634.0, 7852.0, 3742.0, 4064.0, 4897.0, 4400.0, 4474.0, 4454.0, 3168.0, 3715.0, 3574.0, 2993.0]",43797200.38523494
12,0.8,8,"[{""x"": -0.1838207244873047, ""y"": 0.9464621543884277, ""z"": 0.0, ""velocity"": 0.0, ""snr"": 0.0}, {""x"": -0.22780895233154297, ""y"": 0.9575486183166504, ""z"": 0.0, ""velocity"": 0.0, ""snr"": 0.0}, {""x"": -0.22011995315551758, ""y"": 0.9741783142089844, ""z"": 0.0, ""velocity"": 0.0, ""snr"": 0.0}, {""x"": -0.42361021041870117, ""y"": 2.7721524238586426, ""z"": 0.0, ""velocity"": 0.0, ""snr"": 0.0}, {""x"": -0.43487548828125, ""y"": 2.7739405632019043, ""z"": 0.0, ""velocity"": 0.0, ""snr"": 0.0}, {""x"": -0.3447532653808594, ""y"": 2.9187798500061035, ""z"": 0.0, ""velocity"": 0.0, ""snr"": 0.0}, {""x"": -0.04792213439941406, ""y"": 1.0181665420532227, ""z"": 0.0, ""velocity"": 0.0, ""snr"": 0.0}, {""x"": 0.08082389831542969, ""y"": 1.0514259338378906, ""z"": 0.0, ""velocity"": 0.0, ""snr"": 0.0}]","[142919.0, 218466.0, 150612.0, 45804.0, 14103.0, 5642.0, 5096.0, 4582.0, 3529.0, 2666.0, 2124.0, 3297.0, 7689.0, 16446.0, 16662.0, 8210.0, 4465.0, 3818.0, 2827.0, 9332.0, 46807.0, 108859.0, 127892.0, 78860.0, 23605.0, 18836.0, 31180.0, 18458.0, 5215.0, 4215.0, 3605.0, 6047.0, 6648.0, 13633.0, 18275.0, 15248.0, 24564.0, 29182.0, 26318.0, 14568.0, 15548.0, 8934.0, 7272.0, 9030.0, 7136.0, 7346.0, 8297.0, 8980.0, 9648.0, 25516.0, 29230.0, 23290.0, 54141.0, 66268.0, 39801.0, 25486.0, 27730.0, 22420.0, 33122.0, 42370.0, 24800.0, 50716.0, 42587.0, 11171.0, 29160.0, 18055.0, 9846.0, 5250.0, 5829.0, 9802.0, 9558.0, 6771.0, 5606.0, 6742.0, 6567.0, 5871.0, 6906.0, 6145.0, 12676.0, 16015.0, 7252.0, 8017.0, 6023.0, 5775.0, 4868.0, 4642.0, 5207.0, 5692.0, 7044.0, 7201.0, 5831.0, 5021.0, 4427.0, 6462.0, 7775.0, 4780.0, 4095.0, 3887.0, 7379.0, 10327.0, 8741.0, 11163.0, 11931.0, 7113.0, 4827.0, 3536.0, 4557.0, 3429.0, 3711.0, 3763.0, 3580.0, 3531.0, 3969.0, 4671.0, 5483.0, 7178.0, 7804.0, 8312.0, 4986.0, 3552.0, 3937.0, 4627.0, 4888.0, 3602.0, 2569.0, 3395.0, 2388.0, 2719.0]",42919456.35460119
13,0.8,9,"[{""x"": -0.45168399810791016, ""y"": 0.9203553199768066, ""z"": 0.0, ""velocity"": 0.0, ""snr"": 0.0}, {""x"": -0.4870891571044922, ""y"": 0.9353756904602051, ""z"": 0.0, ""velocity"": 0.0, ""snr"": 0.0}, {""x"": -0.41860342025756836, ""y"": 0.9462833404541016, ""z"": 0.0, ""velocity"": 0.0, ""snr"": 0.0}, {""x"": -0.048279762268066406, ""y"": 0.9546875953674316, ""z"": 0.0, ""velocity"": 0.0, ""snr"": 0.0}, {""x"": -0.07992982864379883, ""y"": 1.6454458236694336, ""z"": 0.0, ""velocity"": 0.0, ""snr"": 0.0}, {""x"": 0.08171796798706055, ""y"": 0.9688138961791992, ""z"": 0.0, ""velocity"": 0.0, ""snr"": 0.0}, {""x"": 0.03165006637573242, ""y"": 0.09870529174804688, ""z"": 0.0, ""velocity"": 0.0, ""snr"": 0.0}, {""x"": 1.7859935760498047, ""y"": 1.9742846488952637, ""z"": 0.0, ""velocity"": 0.0, ""snr"": 0.0}, {""x"": 2.0145177841186523, ""y"": 1.7808079719543457, ""z"": 0.0, ""velocity"": 0.0, ""snr"": 0.0}]","[142919.0, 218423.0, 151931.0, 51464.0, 25483.0, 6946.0, 8319.0, 9858.0, 5974.0, 4237.0, 3370.0, 3687.0, 4472.0, 11308.0, 14809.0, 8858.0, 3543.0, 3232.0, 2758.0, 7317.0, 39015.0, 62600.0, 75441.0, 80656.0, 33280.0, 20415.0, 26570.0, 13249.0, 4954.0, 4415.0, 3933.0, 4885.0, 9593.0, 21305.0, 27372.0, 36620.0, 46275.0, 36824.0, 17175.0, 13540.0, 12621.0, 13281.0, 13361.0, 8880.0, 5422.0, 10570.0, 23838.0, 22291.0, 23765.0, 34538.0, 35919.0, 32739.0, 34221.0, 38018.0, 36355.0, 32667.0, 32348.0, 28835.0, 28674.0, 28118.0, 17419.0, 20907.0, 8330.0, 7408.0, 7533.0, 6730.0, 7179.0, 10439.0, 9035.0, 13502.0, 10311.0, 7254.0, 5214.0, 8497.0, 8014.0, 7501.0, 6985.0, 7723.0, 11603.0, 11116.0, 7658.0, 8529.0, 6157.0, 5893.0, 6603.0, 5788.0, 6424.0, 6451.0, 6152.0, 6244.0, 5529.0, 4694.0, 5144.0, 4654.0, 6044.0, 7602.0, 5913.0, 4004.0, 6620.0, 10799.0, 9660.0, 8566.0, 11546.0, 7341.0, 4356.0, 3949.0, 4383.0, 3747.0, 3362.0, 4144.0, 4304.0, 3398.0, 4381.0, 4820.0, 3966.0, 5188.0, 7548.0, 7076.0, 4123.0, 3427.0, 3882.0, 3713.0, 3213.0, 2471.0, 3533.0, 3397.0, 2668.0, 2467.0]",42062233.6578568
14,0.8,7,"[{""x"": -0.5015730857849121, ""y"": 0.9484291076660156, ""z"": 0.0, ""velocity"": 0.0, ""snr"": 0.0}, {""x"": -0.08636713027954102, ""y"": 0.9621977806091309, ""z"": 0.0, ""velocity"": 0.0, ""snr"": 0.0}, {""x"": -0.11515617370605469, ""y"": 0.9713172912597656, ""z"": 0.0, ""velocity"": 0.0, ""snr"": 0.0}, {""x"": -0.11909008026123047, ""y"": 0.9745359420776367, ""z"": 0.0, ""velocity"": 0.0, ""snr"": 0.0}, {""x"": -0.22333860397338867, ""y"": 2.498924732208252, ""z"": 0.0, ""velocity"": 0.0, ""snr"": 0.0}, {""x"": -0.07277727127075195, ""y"": 2.380549907684326, ""z"": 0.0, ""velocity"": 0.0, ""snr"": 0.0}, {""x"": 0.21725893020629883, ""y"": 0.9902715682983398, ""z"": 0.0, ""velocity"": 0.0, ""snr"": 0.0}]","[142980.0, 219246.0, 152263.0, 52875.0, 19367.0, 4868.0, 6041.0, 3957.0, 3309.0, 4354.0, 3725.0, 5599.0, 8225.0, 10200.0, 14168.0, 9772.0, 6297.0, 3979.0, 2820.0, 12789.0, 90969.0, 208519.0, 194306.0, 73726.0, 41761.0, 22754.0, 36524.0, 23965.0, 6833.0, 4424.0, 6454.0, 6001.0, 6839.0, 13270.0, 11352.0, 18526.0, 28420.0, 31119.0, 22000.0, 22782.0, 21033.0, 18505.0, 9687.0, 8769.0, 7527.0, 11558.0, 17980.0, 11689.0, 22334.0, 54030.0, 58553.0, 46146.0, 49439.0, 48441.0, 58126.0, 69397.0, 39788.0, 30811.0, 30393.0, 27000.0, 31981.0, 20448.0, 12037.0, 13052.0, 15454.0, 11324.0, 9836.0, 5869.0, 10860.0, 11359.0, 8987.0, 5667.0, 5834.0, 9371.0, 12414.0, 7791.0, 5777.0, 6809.0, 12248.0, 11816.0, 7322.0, 6342.0, 5412.0, 4671.0, 4625.0, 5483.0, 8364.0, 8817.0, 6542.0, 6577.0, 5489.0, 5723.0, 5093.0, 5921.0, 7541.0, 8951.0, 7290.0, 6203.0, 7929.0, 9675.0, 10997.0, 8880.0, 7841.0, 5953.0, 4244.0, 4294.0, 3494.0, 3351.0, 2926.0, 3830.0, 3601.0, 3136.0, 3876.0, 4987.0, 5724.0, 6223.0, 7277.0, 7698.0, 4999.0, 4151.0, 4366.0, 3470.0, 3493.0, 3273.0, 3021.0, 3103.0, 2148.0, 2193.0]",41217073.37151405
15,0.8,5,"[{""x"": 0.040411949157714844, ""y"": 0.9992122650146484, ""z"": 0.0, ""velocity"": 0.0, ""snr"": 0.0}, {""x"": 0.08726119995117188, ""y"": 1.0233521461486816, ""z"": 0.0, ""velocity"": 0.0, ""snr"": 0.0}, {""x"": 0.1443028450012207, ""y"": 1.0575056076049805, ""z"": 0.0, ""velocity"": 0.0, ""snr"": 0.0}, {""x"": 0.26679039001464844, ""y"": 0.9230375289916992, ""z"": 0.0, ""velocity"": 0.0, ""snr"": 0.0}, {""x"": 0.26983022689819336, ""y"": 0.932157039642334, ""z"": 0.0, ""velocity"": 0.0, ""snr"": 0.0}]","[142974.0, 218356.0, 150099.0, 59258.0, 34408.0, 11041.0, 6769.0, 5400.0, 4013.0, 5821.0, 3621.0, 5329.0, 8783.0, 9221.0, 12437.0, 8589.0, 5557.0, 4957.0, 3558.0, 11798.0, 67666.0, 130178.0, 121230.0, 83904.0, 40342.0, 25556.0, 22453.0, 17410.0, 8193.0, 3955.0, 5975.0, 7760.0, 8808.0, 12857.0, 12881.0, 18442.0, 28038.0, 25031.0, 16815.0, 19080.0, 17949.0, 13436.0, 11877.0, 11298.0, 9247.0, 8373.0, 9759.0, 17172.0, 36042.0, 38410.0, 35368.0, 35227.0, 20593.0, 21877.0, 27561.0, 28157.0, 29163.0, 21285.0, 24549.0, 24018.0, 15013.0, 7336.0, 7693.0, 8865.0, 8056.0, 9206.0, 5963.0, 6012.0, 8873.0, 12106.0, 10806.0, 9532.0, 8931.0, 10777.0, 9316.0, 6886.0, 6411.0, 6785.0, 11339.0, 10374.0, 7095.0, 6731.0, 7243.0, 5659.0, 5647.0, 7213.0, 10345.0, 9344.0, 6637.0, 5569.0, 4726.0, 5620.0, 4010.0, 5833.0, 7222.0, 8563.0, 7954.0, 5823.0, 7108.0, 9933.0, 10415.0, 7882.0, 9869.0, 7069.0, 4510.0, 4161.0, 4691.0, 3750.0, 3191.0, 3312.0, 3446.0, 3656.0, 3598.0, 3372.0, 4104.0, 6089.0, 7837.0, 7119.0, 4789.0, 3760.0, 4552.0, 4113.0, 3254.0, 3156.0, 3415.0, 3267.0, 2864.0, 2231.0]",40396363.20532025
16,0.8,6,"[{""x"": -0.39696693420410156, ""y"": 2.9468536376953125, ""z"": 0.0, ""velocity"": 0.0, ""snr"": 0.0}, {""x"": -0.005185604095458984, ""y"": 0.9943842887878418, ""z"": 0.0, ""velocity"": 0.0, ""snr"": 0.0}, {""x"": 0.16862154006958008, ""y"": 0.9326934814453125, ""z"": 0.0, ""velocity"": 0.0, ""snr"": 0.0}, {""x"": 0.1385807991027832, ""y"": 0.9464621543884277, ""z"": 0.0, ""velocity"": 0.0, ""snr"": 0.0}, {""x"": 0.09012222290039062, ""y"": 1.0469555854797363, ""z"": 0.0, ""velocity"": 0.0, ""snr"": 0.0}, {""x"": 0.22530555725097656, ""y"": 1.0696649551391602, ""z"": 0.0, ""velocity"": 0.0, ""snr"": 0.0}]","[142742.0, 219043.0, 153735.0, 50793.0, 11271.0, 3613.0, 6365.0, 4322.0, 2821.0, 3670.0, 3778.0, 4656.0, 8357.0, 10680.0, 12687.0, 7413.0, 2731.0, 3710.0, 3190.0, 13825.0, 49920.0, 64912.0, 42807.0, 38399.0, 38514.0, 28439.0, 42953.0, 36749.0, 11138.0, 2984.0, 3487.0, 4759.0, 7735.0, 14410.0, 9017.0, 25753.0, 40021.0, 31277.0, 34003.0, 34107.0, 25973.0, 23602.0, 18621.0, 9669.0, 7264.0, 15461.0, 38179.0, 52235.0, 43416.0, 32505.0, 16806.0, 16233.0, 21126.0, 21618.0, 20238.0, 15661.0, 13397.0, 16287.0, 22491.0, 21111.0, 16932.0, 9857.0, 9700.0, 9942.0, 17878.0, 23590.0, 16453.0, 7103.0, 6950.0, 11946.0, 12067.0, 8053.0, 7732.0, 9491.0, 9584.0, 7381.0, 5622.0, 9186.0, 10877.0, 10689.0, 6366.0, 7991.0, 6408.0, 5640.0, 4590.0, 7630.0, 9738.0, 8007.0, 5789.0, 6519.0, 6941.0, 6910.0, 3794.0, 4802.0, 7415.0, 8714.0, 8560.0, 7025.0, 8071.0, 10590.0, 9290.0, 9318.0, 10867.0, 6617.0, 3844.0, 3673.0, 3783.0, 3528.0, 3507.0, 4288.0, 4275.0, 3472.0, 3826.0, 4125.0, 5568.0, 7217.0, 8438.0, 6733.0, 3921.0, 4100.0, 4675.0, 5183.0, 4188.0, 2760.0, 3706.0, 4623.0, 3845.0, 2742.0]",39588660.36631912
17,0.8,6,"[{""x"": -0.5829334259033203, ""y"": 2.0166635513305664, ""z"": 0.0, ""velocity"": 0.0, ""snr"": 0.0}, {""x"": 0.057220458984375, ""y"": 0.9142756462097168, ""z"": 0.0, ""velocity"": 0.0, ""snr"": 0.0}, {""x"": 0.05060434341430664, ""y"": 0.9650588035583496, ""z"": 0.0, ""velocity"": 0.0, ""snr"": 0.0}, {""x"": 0.06812810897827148, ""y"": 0.9350180625915527, ""z"": 0.0, ""velocity"": 0.0, ""snr"": 0.0}, {""x"": 0.09709596633911133, ""y"": 0.9902715682983398, ""z"": 0.0, ""velocity"": 0.0, ""snr"": 0.0}, {""x"": 0.17791986465454102, ""y"": 1.010298728942871, ""z"": 0.0, ""velocity"": 0.0, ""snr"": 0.0}]","[142897.0, 218360.0, 150225.0, 46422.0, 9810.0, 3661.0, 3405.0, 2504.0, 3603.0, 4330.0, 3102.0, 5490.0, 8552.0, 9680.0, 13915.0, 8935.0, 2996.0, 3068.0, 4530.0, 28602.0, 56111.0, 72384.0, 71202.0, 43388.0, 25031.0, 13666.0, 26778.0, 32642.0, 15109.0, 5006.0, 4930.0, 5409.0, 7450.0, 14405.0, 18716.0, 26202.0, 33905.0, 29037.0, 20182.0, 18794.0, 18422.0, 16379.0, 18807.0, 14877.0, 16887.0, 51688.0, 66596.0, 40294.0, 15856.0, 23464.0, 29097.0, 18255.0, 26216.0, 26521.0, 23717.0, 11428.0, 15421.0, 17713.0, 24093.0, 21133.0, 12123.0, 8348.0, 12509.0, 13677.0, 11739.0, 13431.0, 7682.0, 6059.0, 7623.0, 9884.0, 8456.0, 5257.0, 5970.0, 7967.0, 7404.0, 5785.0, 5487.0, 7629.0, 11699.0, 11817.0, 6822.0, 7322.0, 6316.0, 5626.0, 5876.0, 9090.0, 10440.0, 8638.0, 7006.0, 6609.0, 6693.0, 6492.0, 4069.0, 5924.0, 8035.0, 9424.0, 9050.0, 6832.0, 8229.0, 9669.0, 8587.0, 8593.0, 11099.0, 7851.0, 4603.0, 3421.0, 3506.0, 2745.0, 3342.0, 3948.0, 4302.0, 3068.0, 3409.0, 4639.0, 6284.0, 8122.0, 8418.0, 6576.0, 3972.0, 4036.0, 4630.0, 4468.0, 3760.0, 2699.0, 3234.0, 3802.0, 3313.0, 2462.0]",38796826.590756506
18,0.8,6,"[{""x"": -0.2326369285583496, ""y"": 1.0033249855041504, ""z"": 0.0, ""velocity"": 0.0, ""snr"": 0.0}, {""x"": -0.07653236389160156, ""y"": 0.9838342666625977, ""z"": 0.0, ""velocity"": 0.0, ""snr"": 0.0}, {""x"": -0.08851289749145508, ""y"": 1.0001063346862793, ""z"": 0.0, ""velocity"": 0.0, ""snr"": 0.0}, {""x"": -0.027358531951904297, ""y"": 0.9473562240600586, ""z"": 0.0, ""velocity"": 0.0, ""snr"": 0.0}, {""x"": 0.4445314407348633, ""y"": 0.9902715682983398, ""z"": 0.0, ""velocity"": 0.0, ""snr"": 0.0}, {""x"": 0.4953145980834961, ""y"": 1.0031461715698242, ""z"": 0.0, ""velocity"": 0.0, ""snr"": 0.0}]","[142915.0, 218438.0, 150460.0, 45893.0, 9880.0, 3547.0, 2372.0, 2889.0, 4811.0, 6221.0, 4361.0, 4912.0, 7067.0, 9435.0, 13548.0, 9173.0, 3100.0, 4233.0, 5603.0, 15235.0, 29009.0, 56043.0, 80248.0, 49558.0, 35905.0, 23447.0, 35067.0, 46721.0, 25996.0, 9941.0, 6410.0, 6325.0, 6796.0, 12445.0, 15375.0, 27663.0, 37646.0, 24638.0, 16375.0, 13804.0, 13811.0, 10110.0, 13018.0, 25977.0, 31420.0, 24077.0, 19810.0, 15438.0, 14067.0, 19183.0, 21156.0, 22842.0, 27991.0, 18829.0, 20167.0, 10382.0, 14088.0, 16613.0, 23561.0, 21131.0, 15679.0, 7353.0, 6416.0, 6361.0, 5943.0, 8130.0, 9217.0, 8133.0, 7149.0, 9238.0, 8577.0, 8240.0, 9517.0, 8295.0, 6670.0, 5867.0, 6056.0, 6518.0, 10790.0, 11837.0, 5593.0, 6447.0, 6145.0, 5598.0, 4652.0, 8108.0, 9831.0, 8364.0, 5740.0, 5687.0, 6543.0, 7900.0, 5147.0, 4453.0, 8636.0, 9034.0, 7653.0, 5294.0, 6057.0, 7938.0, 8641.0, 9084.0, 11455.0, 8244.0, 4150.0, 3699.0, 4111.0, 4174.0, 4490.0, 4318.0, 4560.0, 5348.0, 5322.0, 5044.0, 5403.0, 7736.0, 8592.0, 7185.0, 4677.0, 4634.0, 4321.0, 3206.0, 3221.0, 2756.0, 2814.0, 2631.0, 2543.0, 2215.0]",38021884.43742688
19,0.8,9,"[{""x"": -0.3336668014526367, ""y"": 0.9132027626037598, ""z"": 0.0, ""velocity"": 0.0, ""snr"": 0.0}, {""x"": -0.19025802612304688, ""y"": 0.9024739265441895, ""z"": 0.0, ""velocity"": 0.0, ""snr"": 0.0}, {""x"": -0.2532005310058594, ""y"": 0.9069442749023438, ""z"": 0.0, ""velocity"": 0.0, ""snr"": 0.0}, {""x"": -0.46813488006591797, ""y"": 2.406299114227295, ""z"": 0.0, ""velocity"": 0.0, ""snr"": 0.0}, {""x"": -0.14340877532958984, ""y"": 0.8935332298278809, ""z"": 0.0, ""velocity"": 0.0, ""snr"": 0.0}, {""x"": -0.23871660232543945, ""y"": 2.3725032806396484, ""z"": 0.0, ""velocity"": 0.0, ""snr"": 0.0}, {""x"": -0.3669261932373047, ""y"": 2.3859143257141113, ""z"": 0.0, ""velocity"": 0.0, ""snr"": 0.0}, {""x"": 0.1639723777770996, ""y"": 1.0582208633422852, ""z"": 0.0, ""velocity"": 0.0, ""snr"": 0.0}, {""x"": 0.40411949157714844, ""y"": 1.0222792625427246, ""z"": 0.0, ""velocity"": 0.0, ""snr"": 0.0}]","[142536.0, 218131.0, 150365.0, 46459.0, 9998.0, 3387.0, 2919.0, 2670.0, 3066.0, 3426.0, 3082.0, 5164.0, 6393.0, 11444.0, 15316.0, 9198.0, 3571.0, 3632.0, 12956.0, 47101.0, 71418.0, 60911.0, 32427.0, 24718.0, 30989.0, 22722.0, 9664.0, 14361.0, 12392.0, 5094.0, 4007.0, 6112.0, 8458.0, 12194.0, 9806.0, 10151.0, 23165.0, 25408.0, 17467.0, 17304.0, 20263.0, 22778.0, 24221.0, 24042.0, 19869.0, 16106.0, 13953.0, 14562.0, 20203.0, 16783.0, 22039.0, 31065.0, 39902.0, 36630.0, 24634.0, 16856.0, 15406.0, 16154.0, 23889.0, 22170.0, 17037.0, 6971.0, 9766.0, 10837.0, 9408.0, 8466.0, 7609.0, 6139.0, 7426.0, 11075.0, 9678.0, 9586.0, 8181.0, 9190.0, 7632.0, 6630.0, 4870.0, 6852.0, 11111.0, 11776.0, 8445.0, 7539.0, 5820.0, 4396.0, 2971.0, 5070.0, 6295.0, 4417.0, 3547.0, 4293.0, 5755.0, 6806.0, 4967.0, 5291.0, 8722.0, 8004.0, 6146.0, 4405.0, 6108.0, 7963.0, 8199.0, 9335.0, 12046.0, 8387.0, 4945.0, 4078.0, 3883.0, 3663.0, 4965.0, 5809.0, 5674.0, 4726.0, 4603.0, 4415.0, 4973.0, 7464.0, 7559.0, 7746.0, 5841.0, 5083.0, 4638.0, 3503.0, 3149.0, 2748.0, 2272.0, 1890.0, 2027.0, 2029.0]",37261819.220418796
0,0.8,9,"[{""x"": -0.1308917999267578, ""y"": 0.8974671363830566, ""z"": 0.0, ""velocity"": 0.0, ""snr"": 0.0}, {""x"": -0.15628337860107422, ""y"": 0.919640064239502, ""z"": 0.0, ""velocity"": 0.0, ""snr"": 0.0}, {""x"": -0.13554096221923828, ""y"": 0.9604096412658691, ""z"": 0.0, ""velocity"": 0.0, ""snr"": 0.0}, {""x"": -0.12409687042236328, ""y"": 0.9918808937072754, ""z"": 0.0, ""velocity"": 0.0, ""snr"": 0.0}, {""x"": -0.14537572860717773, ""y"": 1.0178089141845703, ""z"": 0.0, ""velocity"": 0.0, ""snr"": 0.0}, {""x"": -0.06455183029174805, ""y"": 1.644909381866455, ""z"": 0.0, ""velocity"": 0.0, ""snr"": 0.0}, {""x"": -0.01609325408935547, ""y"": 1.6756653785705566, ""z"": 0.0, ""velocity"": 0.0, ""snr"": 0.0}, {""x"": -0.006794929504394531, ""y"": 1.798868179321289, ""z"": 0.0, ""velocity"": 0.0, ""snr"": 0.0}, {""x"": 0.11926889419555664, ""y"": 1.7316341400146484, ""z"": 0.0, ""velocity"": 0.0, ""snr"": 0.0}]","[143036.0, 218764.0, 150829.0, 45992.0, 9487.0, 3343.0, 2236.0, 1847.0, 3137.0, 3182.0, 2662.0, 4535.0, 5961.0, 9187.0, 12982.0, 8855.0, 4104.0, 4772.0, 8830.0, 34749.0, 54479.0, 68744.0, 75732.0, 50512.0, 35641.0, 16469.0, 6438.0, 5842.0, 5952.0, 4558.0, 5033.0, 7084.0, 8837.0, 11808.0, 17753.0, 34674.0, 44655.0, 32305.0, 22568.0, 28214.0, 39943.0, 68262.0, 81138.0, 47937.0, 26301.0, 18171.0, 14692.0, 9371.0, 15823.0, 22406.0, 13200.0, 11386.0, 17520.0, 21054.0, 21524.0, 10221.0, 13185.0, 16760.0, 25009.0, 22151.0, 15336.0, 5488.0, 7642.0, 10072.0, 10105.0, 8637.0, 6986.0, 5864.0, 7357.0, 9638.0, 8055.0, 7262.0, 7527.0, 9003.0, 6956.0, 6546.0, 5610.0, 7079.0, 11648.0, 12679.0, 8172.0, 8821.0, 5188.0, 3660.0, 4846.0, 4995.0, 4195.0, 4471.0, 4907.0, 6638.0, 8847.0, 8471.0, 6155.0, 5507.0, 8078.0, 8647.0, 6847.0, 5461.0, 6363.0, 8946.0, 8937.0, 10014.0, 12456.0, 8591.0, 6476.0, 5105.0, 3583.0, 3257.0, 4763.0, 4294.0, 4605.0, 4555.0, 4608.0, 4602.0, 4512.0, 5659.0, 7099.0, 7353.0, 4607.0, 4243.0, 3611.0, 2655.0, 2935.0, 3064.0, 3022.0, 2185.0, 2061.0, 2556.0]",36515275.61782983
1,0.8,11,"[{""x"": -0.417172908782959, ""y"": 0.8314847946166992, ""z"": 0.0, ""velocity"": 0.0, ""snr"": 0.0}, {""x"": -0.4309415817260742, ""y"": 0.8568763732910156, ""z"": 0.0, ""velocity"": 0.0, ""snr"": 0.0}, {""x"": -0.08779764175415039, ""y"": 0.8931756019592285, ""z"": 0.0, ""velocity"": 0.0, ""snr"": 0.0}, {""x"": -0.14287233352661133, ""y"": 0.9005069732666016, ""z"": 0.0, ""velocity"": 0.0, ""snr"": 0.0}, {""x"": -0.1766681671142578, ""y"": 1.8067359924316406, ""z"": 0.0, ""velocity"": 0.0, ""snr"": 0.0}, {""x"": -0.4330873489379883, ""y"": 2.439737319946289, ""z"": 0.0, ""velocity"": 0.0, ""snr"": 0.0}, {""x"": -0.021457672119140625, ""y"": 1.759171485900879, ""z"": 0.0, ""velocity"": 0.0, ""snr"": 0.0}, {""x"": -0.12356042861938477, ""y"": 2.3328065872192383, ""z"": 0.0, ""velocity"": 0.0, ""snr"": 0.0}, {""x"": 0.2422928810119629, ""y"": 1.0149478912353516, ""z"": 0.0, ""velocity"": 0.0, ""snr"": 0.0}, {""x"": 0.3304481506347656, ""y"": 1.0183453559875488, ""z"": 0.0, ""velocity"": 0.0, ""snr"": 0.0}, {""x"": 0.3527998924255371, ""y"": 1.0271072387695312, ""z"": 0.0, ""velocity"": 0.0, ""snr"": 0.0}]","[142991.0, 218454.0, 150406.0, 46361.0, 9632.0, 3277.0, 2034.0, 2346.0, 3470.0, 3053.0, 2353.0, 4313.0, 6601.0, 7341.0, 11290.0, 9526.0, 4398.0, 3378.0, 6326.0, 21259.0, 23826.0, 21009.0, 24175.0, 46830.0, 52121.0, 27885.0, 9768.0, 9878.0, 5592.0, 5259.0, 6473.0, 7572.0, 8260.0, 8596.0, 18538.0, 35039.0, 30521.0, 39394.0, 34138.0, 75115.0, 116539.0, 103056.0, 27100.0, 14663.0, 12501.0, 12460.0, 13192.0, 10954.0, 13949.0, 12133.0, 20754.0, 40261.0, 22370.0, 19683.0, 29325.0, 21000.0, 12829.0, 17175.0, 23433.0, 18903.0, 11731.0, 5874.0, 6602.0, 7248.0, 7890.0, 8538.0, 9058.0, 7191.0, 8618.0, 9309.0, 9111.0, 7233.0, 5720.0, 8024.0, 7022.0, 5678.0, 6518.0, 7307.0, 11846.0, 12151.0, 8088.0, 8037.0, 4810.0, 4545.0, 4820.0, 5756.0, 5453.0, 6889.0, 5312.0, 8923.0, 10849.0, 8746.0, 7425.0, 8627.0, 11029.0, 10740.0, 7334.0, 4869.0, 7541.0, 11317.0, 10357.0, 8793.0, 9805.0, 6510.0, 7121.0, 5368.0, 4911.0, 3527.0, 4152.0, 4076.0, 3730.0, 4194.0, 4365.0, 4135.0, 4760.0, 5987.0, 6820.0, 6335.0, 3817.0, 4192.0, 4468.0, 4163.0, 4018.0, 3490.0, 2844.0, 3342.0, 1997.0, 2634.0]",35785022.564106494
2,0.8,6,"[{""x"": -0.4686713218688965, ""y"": 0.9559392929077148, ""z"": 0.0, ""velocity"": 0.0, ""snr"": 0.0}, {""x"": -0.348508358001709, ""y"": 0.9750723838806152, ""z"": 0.0, ""velocity"": 0.0, ""snr"": 0.0}, {""x"": -0.24390220642089844, ""y"": 0.8851289749145508, ""z"": 0.0, ""velocity"": 0.0, ""snr"": 0.0}, {""x"": -0.26983022689819336, ""y"": 0.903010368347168, ""z"": 0.0, ""velocity"": 0.0, ""snr"": 0.0}, {""x"": -0.23514032363891602, ""y"": 0.9391307830810547, ""z"": 0.0, ""velocity"": 0.0, ""snr"": 0.0}, {""x"": -0.23853778839111328, ""y"": 0.9688138961791992, ""z"": 0.0, ""velocity"": 0.0, ""snr"": 0.0}]","[142738.0, 218461.0, 150603.0, 46064.0, 9760.0, 3641.0, 2694.0, 2455.0, 2708.0, 2769.0, 2365.0, 4558.0, 6553.0, 6825.0, 11559.0, 10050.0, 4723.0, 6238.0, 6223.0, 34659.0, 78087.0, 109345.0, 102978.0, 77344.0, 47141.0, 14611.0, 16090.0, 19253.0, 9967.0, 5088.0, 5636.0, 6632.0, 6631.0, 9349.0, 12171.0, 26036.0, 38277.0, 35866.0, 83476.0, 157951.0, 116054.0, 29202.0, 16493.0, 13952.0, 14514.0, 15555.0, 17307.0, 11580.0, 14677.0, 20848.0, 21775.0, 35651.0, 39040.0, 32270.0, 37201.0, 27807.0, 15190.0, 17407.0, 26150.0, 20140.0, 12522.0, 6581.0, 7907.0, 7171.0, 9183.0, 13906.0, 13566.0, 8984.0, 7916.0, 12634.0, 13295.0, 10276.0, 5933.0, 8801.0, 8186.0, 7435.0, 7329.0, 6937.0, 12601.0, 13720.0, 9155.0, 7838.0, 5205.0, 5218.0, 5470.0, 7269.0, 8574.0, 9191.0, 5129.0, 6453.0, 7813.0, 6108.0, 6652.0, 9473.0, 11257.0, 10650.0, 7571.0, 5434.0, 6325.0, 9961.0, 11498.0, 9486.0, 9557.0, 5663.0, 7298.0, 6053.0, 5408.0, 3730.0, 3438.0, 4171.0, 4030.0, 3924.0, 3951.0, 4326.0, 5589.0, 5301.0, 6387.0, 6333.0, 4011.0, 4821.0, 4035.0, 2781.0, 2501.0, 2883.0, 3550.0, 2871.0, 2604.0, 2233.0]",35066198.1555544
3,0.8,9,"[{""x"": -0.1233816146850586, ""y"": 0.9106993675231934, ""z"": 0.0, ""velocity"": 0.0, ""snr"": 0.0}, {""x"": -0.13571977615356445, ""y"": 0.9260773658752441, ""z"": 0.0, ""velocity"": 0.0, ""snr"": 0.0}, {""x"": -0.1507401466369629, ""y"": 0.9486079216003418, ""z"": 0.0, ""velocity"": 0.0, ""snr"": 0.0}, {""x"": -0.062406063079833984, ""y"": 0.9897351264953613, ""z"": 0.0, ""velocity"": 0.0, ""snr"": 0.0}, {""x"": -0.194549560546875, ""y"": 2.290785312652588, ""z"": 0.0, ""velocity"": 0.0, ""snr"": 0.0}, {""x"": -0.2117156982421875, ""y"": 2.333700656890869, ""z"": 0.0, ""velocity"": 0.0, ""snr"": 0.0}, {""x"": -0.22351741790771484, ""y"": 2.355337142944336, ""z"": 0.0, ""velocity"": 0.0, ""snr"": 0.0}, {""x"": 0.11551380157470703, ""y"": 1.0287165641784668, ""z"": 0.0, ""velocity"": 0.0, ""snr"": 0.0}, {""x"": 0.2410411834716797, ""y"": 1.0324716567993164, ""z"": 0.0, ""velocity"": 0.0, ""snr"": 0.0}]","[143063.0, 218590.0, 151103.0, 48142.0, 11022.0, 3635.0, 2062.0, 2402.0, 3123.0, 3248.0, 2695.0, 4393.0, 6700.0, 6412.0, 8779.0, 8742.0, 4381.0, 3305.0, 7254.0, 54940.0, 118132.0, 132812.0, 114391.0, 91988.0, 51697.0, 18498.0, 46193.0, 52643.0, 22193.0, 4453.0, 5339.0, 4649.0, 6456.0, 9211.0, 12674.0, 22073.0, 32703.0, 49511.0, 48492.0, 44346.0, 26719.0, 25179.0, 16160.0, 11184.0, 9222.0, 13136.0, 14459.0, 13809.0, 28529.0, 39057.0, 40366.0, 56279.0, 56956.0, 30534.0, 22663.0, 23144.0, 16139.0, 18049.0, 28976.0, 24166.0, 13650.0, 4752.0, 8054.0, 11379.0, 10518.0, 9026.0, 9906.0, 9249.0, 9367.0, 11035.0, 9360.0, 5568.0, 6365.0, 7441.0, 8220.0, 8105.0, 5679.0, 5988.0, 11956.0, 11771.0, 7206.0, 6758.0, 5713.0, 5873.0, 4649.0, 6302.0, 7336.0, 8868.0, 7904.0, 4683.0, 3844.0, 4631.0, 6260.0, 9955.0, 10777.0, 7408.0, 5983.0, 5040.0, 6028.0, 8639.0, 9878.0, 9151.0, 10255.0, 6935.0, 4848.0, 4020.0, 4233.0, 3821.0, 4684.0, 4834.0, 4206.0, 4541.0, 4758.0, 5031.0, 4362.0, 4057.0, 7347.0, 7222.0, 4248.0, 3887.0, 3829.0, 3474.0, 3285.0, 3886.0, 4784.0, 3747.0, 2743.0, 2527.0]",34365010.741757706
4,0.8,9,"[{""x"": -0.38802623748779297, ""y"": 1.0079741477966309, ""z"": 0.0, ""velocity"": 0.0, ""snr"": 0.0}, {""x"": -0.2893209457397461, ""y"": 1.0020732879638672, ""z"": 0.0, ""velocity"": 0.0, ""snr"": 0.0}, {""x"": -0.09495019912719727, ""y"": 0.9225010871887207, ""z"": 0.0, ""velocity"": 0.0, ""snr"": 0.0}, {""x"": -0.07867813110351562, ""y"": 0.9471774101257324, ""z"": 0.0, ""velocity"": 0.0, ""snr"": 0.0}, {""x"": -0.07331371307373047, ""y"": 0.9668469429016113, ""z"": 0.0, ""velocity"": 0.0, ""snr"": 0.0}, {""x"": -0.17899274826049805, ""y"": 0.9881258010864258, ""z"": 0.0, ""velocity"": 0.0, ""snr"": 0.0}, {""x"": -0.14859437942504883, ""y"": 1.6706585884094238, ""z"": 0.0, ""velocity"": 0.0, ""snr"": 0.0}, {""x"": 1.7709732055664062, ""y"": 1.9927024841308594, ""z"": 0.0, ""velocity"": 0.0, ""snr"": 0.0}, {""x"": 1.8982887268066406, ""y"": 1.8984675407409668, ""z"": 0.0, ""velocity"": 0.0, ""snr"": 0.0}]","[142868.0, 218458.0, 150635.0, 46869.0, 9878.0, 3293.0, 2172.0, 2287.0, 2972.0, 2725.0, 2170.0, 4043.0, 6180.0, 6780.0, 7803.0, 7704.0, 3660.0, 2872.0, 2577.0, 16231.0, 56598.0, 84900.0, 79300.0, 82085.0, 55083.0, 41525.0, 61003.0, 43782.0, 11017.0, 5529.0, 4207.0, 4640.0, 7089.0, 11302.0, 11649.0, 30034.0, 80384.0, 111396.0, 101920.0, 54758.0, 24159.0, 16898.0, 13514.0, 10845.0, 7646.0, 8079.0, 12406.0, 22381.0, 18072.0, 15371.0, 34573.0, 27854.0, 13391.0, 19654.0, 22924.0, 20397.0, 16410.0, 13606.0, 25800.0, 22456.0, 12941.0, 7103.0, 7604.0, 6388.0, 5283.0, 7530.0, 9546.0, 8100.0, 7149.0, 8752.0, 7770.0, 4685.0, 6501.0, 8350.0, 8198.0, 6864.0, 5111.0, 6851.0, 14115.0, 15222.0, 7439.0, 6563.0, 6482.0, 5159.0, 3962.0, 6199.0, 8754.0, 10312.0, 8628.0, 7020.0, 6697.0, 7427.0, 6177.0, 7770.0, 8465.0, 7030.0, 6402.0, 4982.0, 6173.0, 8860.0, 8755.0, 8358.0, 10247.0, 5759.0, 3418.0, 2629.0, 3627.0, 3427.0, 4048.0, 3712.0, 3777.0, 3625.0, 3808.0, 4095.0, 4836.0, 5210.0, 8167.0, 8302.0, 5477.0, 4248.0, 4441.0, 3980.0, 3136.0, 3140.0, 4323.0, 4071.0, 3206.0, 3043.0]",33678966.53828195
5,0.8,9,"[{""x"": -0.3749728202819824, ""y"": 1.1209845542907715, ""z"": 0.0, ""velocity"": 0.0, ""snr"": 0.0}, {""x"": -0.2333521842956543, ""y"": 0.9284019470214844, ""z"": 0.0, ""velocity"": 0.0, ""snr"": 0.0}, {""x"": -0.24837255477905273, ""y"": 0.921785831451416, ""z"": 0.0, ""velocity"": 0.0, ""snr"": 0.0}, {""x"": -0.308990478515625, ""y"": 1.1029243469238281, ""z"": 0.0, ""velocity"": 0.0, ""snr"": 0.0}, {""x"": -0.003933906555175781, ""y"": 1.0523200035095215, ""z"": 0.0, ""velocity"": 0.0, ""snr"": 0.0}, {""x"": -0.043451786041259766, ""y"": 1.0762810707092285, ""z"": 0.0, ""velocity"": 0.0, ""snr"": 0.0}, {""x"": 0.06633996963500977, ""y"": 1.0199546813964844, ""z"": 0.0, ""velocity"": 0.0, ""snr"": 0.0}, {""x"": 1.8065571784973145, ""y"": 1.95997953414917, ""z"": 0.0, ""velocity"": 0.0, ""snr"": 0.0}, {""x"": 1.8244385719299316, ""y"": 1.9676685333251953, ""z"": 0.0, ""velocity"": 0.0, ""snr"": 0.0}]","[143273.0, 218365.0, 150516.0, 46259.0, 9267.0, 3888.0, 3248.0, 2548.0, 2753.0, 2331.0, 1918.0, 3364.0, 6416.0, 7098.0, 6632.0, 6934.0, 3990.0, 2986.0, 2548.0, 12732.0, 68968.0, 115586.0, 81502.0, 112099.0, 79492.0, 60677.0, 75040.0, 40567.0, 10704.0, 4468.0, 4198.0, 5170.0, 6663.0, 16192.0, 20718.0, 31439.0, 51204.0, 47500.0, 28711.0, 27347.0, 17149.0, 12541.0, 12179.0, 12510.0, 9083.0, 10209.0, 12224.0, 11105.0, 17310.0, 25878.0, 30040.0, 34094.0, 29574.0, 14553.0, 18332.0, 19156.0, 16114.0, 19979.0, 28948.0, 26344.0, 14636.0, 7092.0, 7799.0, 6396.0, 5396.0, 7659.0, 7705.0, 6785.0, 8290.0, 10275.0, 7378.0, 5363.0, 6485.0, 7166.0, 7759.0, 7449.0, 5091.0, 5852.0, 12011.0, 13589.0, 7061.0, 6889.0, 5973.0, 5217.0, 5619.0, 6861.0, 8749.0, 9201.0, 7896.0, 7754.0, 9138.0, 8782.0, 4933.0, 5821.0, 7303.0, 7137.0, 5856.0, 4604.0, 6229.0, 8656.0, 9854.0, 9416.0, 10324.0, 6558.0, 4296.0, 3149.0, 3575.0, 3591.0, 3620.0, 3935.0, 4479.0, 5066.0, 4785.0, 3712.0, 3454.0, 4864.0, 7960.0, 7759.0, 4626.0, 4098.0, 4516.0, 4062.0, 3474.0, 3016.0, 2998.0, 3082.0, 2749.0, 1891.0]",33005774.67232514
6,0.8,11,"[{""x"": -0.3324151039123535, ""y"": 0.9850859642028809, ""z"": 0.0, ""velocity"": 0.0, ""snr"": 0.0}, {""x"": -0.19097328186035156, ""y"": 0.9689927101135254, ""z"": 0.0, ""velocity"": 0.0, ""snr"": 0.0}, {""x"": -0.26804208755493164, ""y"": 0.972747802734375, ""z"": 0.0, ""velocity"": 0.0, ""snr"": 0.0}, {""x"": -0.29736757278442383, ""y"": 1.058042049407959, ""z"": 0.0, ""velocity"": 0.0, ""snr"": 0.0}, {""x"": -0.14019012451171875, ""y"": 0.9579062461853027, ""z"": 0.0, ""velocity"": 0.0, ""snr"": 0.0}, {""x"": -0.07957220077514648, ""y"": 1.1469125747680664, ""z"": 0.0, ""velocity"": 0.0, ""snr"": 0.0}, {""x"": -0.12373924255371094, ""y"": 1.1469125747680664, ""z"": 0.0, ""velocity"": 0.0, ""snr"": 0.0}, {""x"": 1.7232298851013184, ""y"": 2.037942409515381, ""z"": 0.0, ""velocity"": 0.0, ""snr"": 0.0}, {""x"": 1.8364191055297852, ""y"": 1.9587278366088867, ""z"": 0.0, ""velocity"": 0.0, ""snr"": 0.0}, {""x"": 2.1559596061706543, ""y"": 1.1549592018127441, ""z"": 0.0, ""velocity"": 0.0, ""snr"": 0.0}, {""x"": 2.1260976791381836, ""y"": 1.2309551239013672, ""z"": 0.0, ""velocity"": 0.0, ""snr"": 0.0}]","[142750.0, 218405.0, 150644.0, 46419.0, 9614.0, 3218.0, 2051.0, 1964.0, 2955.0, 2790.0, 1970.0, 4423.0, 7971.0, 6214.0, 7091.0, 7223.0, 4291.0, 1576458.0, 1401600.0, 1585152.0, 1927936.0, 1849344.0, 1742336.0, 1338112.0, 1105664.0, 832768.0, 1043200.0, 933376.0, 932864.0, 1420288.0, 1812736.0, 1488896.0, 1477632.0, 1676800.0, 2614528.0, 2747904.0, 2039040.0, 2621440.0, 1967872.0, 1161984.0, 756992.0, 1074432.0, 1118976.0, 1041920.0, 1115904.0, 952832.0, 770816.0, 854272.0, 911616.0, 684288.0, 1049600.0, 1899264.0, 1747968.0, 1153792.0, 920576.0, 936960.0, 659712.0, 616192.0, 759808.0, 793600.0, 843264.0, 746752.0, 707328.0, 0.0, 67174912.0, 134546947.0, 84082695.0, 172037.0, 174338560.0, 143872.0, 0.0, 1792.0, 512.0, 4294967040.0, 77311.0, 23040.0, 998244352.0, 3201903929.0, 2147483705.0, 2147483710.0, 1855.0, 2868516864.0, 23.0, 2068722944.0, 1345278.0, 1325400064.0, 4160714059.0, 20.0, 3293272832.0, 1571070.0, 922746880.0, 1208224334.0, 21.0, 457791744.0, 1379848.0, 1543503872.0, 673884230.0, 32.0, 776679936.0, 1.0, 671088642.0, 671089198.0, 4076864341.0, 3070231115.0, 2449473719.0, 738197573.0, 2868903964.0, 3489660941.0, 3456106509.0, 3070230539.0, 3623878667.0, 4143972362.0, 2415919126.0, 1442840597.0, 1174405168.0, 3170893874.0, 2399141914.0, 2130706443.0, 2432696330.0, 1610612754.0, 1291845717.0, 4143972578.0, 1157628195.0, 184549605.0, 3992977579.0, 1694498963.0, 1660944555.0, 67108948.0]",756023610.027326
7,0.8,8,"[{""x"": -0.33223628997802734, ""y"": 1.059114933013916, ""z"": 0.0, ""velocity"": 0.0, ""snr"": 0.0}, {""x"": -0.29522180557250977, ""y"": 1.0857582092285156, ""z"": 0.0, ""velocity"": 0.0, ""snr"": 0.0}, {""x"": -0.059545040130615234, ""y"": 0.9421706199645996, ""z"": 0.0, ""velocity"": 0.0, ""snr"": 0.0}, {""x"": 0.09799003601074219, ""y"": 0.9689927101135254, ""z"": 0.0, ""velocity"": 0.0, ""snr"": 0.0}, {""x"": 0.30541419982910156, ""y"": 0.9557604789733887, ""z"": 0.0, ""velocity"": 0.0, ""snr"": 0.0}, {""x"": 0.3840923309326172, ""y"": 0.9616613388061523, ""z"": 0.0, ""velocity"": 0.0, ""snr"": 0.0}, {""x"": 1.9032955169677734, ""y"": 1.5329718589782715, ""z"": 0.0, ""velocity"": 0.0, ""snr"": 0.0}, {""x"": 1.9072294235229492, ""y"": 1.5599727630615234, ""z"": 0.0, ""velocity"": 0.0, ""snr"": 0.0}]","[142893.0, 218544.0, 150647.0, 45184.0, 17087.0, 7999.0, 3567.0, 3878.0, 3145.0, 2703.0, 2679.0, 5481.0, 8559.0, 13994.0, 13168.0, 6692.0, 3034.0, 2801.0, 4349.0, 15753.0, 44411.0, 68512.0, 76182.0, 59296.0, 56950.0, 54919.0, 24372.0, 7535.0, 4141.0, 6667.0, 28769.0, 53124.0, 44566.0, 21482.0, 26009.0, 27554.0, 29784.0, 26235.0, 15468.0, 16248.0, 14206.0, 8495.0, 10553.0, 11397.0, 7200.0, 5444.0, 8333.0, 7920.0, 6488.0, 12785.0, 13942.0, 14733.0, 16521.0, 26273.0, 30478.0, 18845.0, 11192.0, 13467.0, 22333.0, 21618.0, 16020.0, 10782.0, 13821.0, 12474.0, 9172.0, 7806.0, 6919.0, 6307.0, 7119.0, 10189.0, 9261.0, 7715.0, 7569.0, 8252.0, 4919.0, 7223.0, 4989.0, 5746.0, 11573.0, 12266.0, 7177.0, 6802.0, 5952.0, 4551.0, 4326.0, 6720.0, 7574.0, 7913.0, 6048.0, 3868.0, 3395.0, 3373.0, 4050.0, 4312.0, 4710.0, 6080.0, 5826.0, 3941.0, 5684.0, 8970.0, 10357.0, 8183.0, 7953.0, 5028.0, 3443.0, 3116.0, 3217.0, 3501.0, 3086.0, 3783.0, 3349.0, 3735.0, 4178.0, 3656.0, 3401.0, 4880.0, 8328.0, 8079.0, 4723.0, 4418.0, 5236.0, 4859.0, 3765.0, 2581.0, 3953.0, 3531.0, 2328.0, 2093.0]",46687316.071152195
8,0.8,9,"[{""x"": -0.1965165138244629, ""y"": 1.0170936584472656, ""z"": 0.0, ""velocity"": 0.0, ""snr"": 0.0}, {""x"": -0.26088953018188477, ""y"": 1.1258125305175781, ""z"": 0.0, ""velocity"": 0.0, ""snr"": 0.0}, {""x"": -0.06777048110961914, ""y"": 0.9230375289916992, ""z"": 0.0, ""velocity"": 0.0, ""snr"": 0.0}, {""x"": -0.05131959915161133, ""y"": 0.9473562240600586, ""z"": 0.0, ""velocity"": 0.0, ""snr"": 0.0}, {""x"": 0.05936622619628906, ""y"": 0.9689927101135254, ""z"": 0.0, ""velocity"": 0.0, ""snr"": 0.0}, {""x"": 0.15109777450561523, ""y"": 2.5046467781066895, ""z"": 0.0, ""velocity"": 0.0, ""snr"": 0.0}, {""x"": 0.25516748428344727, ""y"": 0.9632706642150879, ""z"": 0.0, ""velocity"": 0.0, ""snr"": 0.0}, {""x"": 0.23406744003295898, ""y"": 1.072525978088379, ""z"": 0.0, ""velocity"": 0.0, ""snr"": 0.0}, {""x"": 1.737534999847412, ""y"": 2.0146965980529785, ""z"": 0.0, ""velocity"": 0.0, ""snr"": 0.0}]","[142807.0, 218307.0, 150546.0, 45617.0, 20117.0, 9256.0, 3798.0, 3125.0, 3181.0, 2661.0, 3402.0, 5612.0, 6782.0, 9508.0, 10251.0, 6886.0, 3050.0, 2507.0, 3144.0, 23231.0, 71092.0, 105671.0, 117312.0, 67762.0, 51801.0, 85600.0, 68883.0, 23798.0, 6346.0, 5722.0, 23025.0, 38677.0, 30037.0, 32338.0, 29019.0, 27693.0, 30939.0, 29406.0, 23391.0, 24047.0, 16823.0, 10383.0, 9547.0, 9654.0, 7358.0, 5916.0, 7912.0, 10077.0, 12347.0, 15575.0, 15378.0, 19144.0, 25408.0, 17889.0, 21451.0, 26259.0, 15100.0, 17463.0, 24213.0, 22676.0, 14647.0, 10642.0, 7306.0, 6909.0, 7194.0, 7169.0, 7646.0, 7129.0, 9322.0, 11561.0, 9706.0, 5715.0, 6169.0, 9296.0, 7318.0, 6345.0, 4470.0, 5434.0, 10159.0, 10992.0, 7238.0, 7734.0, 7080.0, 5147.0, 4620.0, 6349.0, 6543.0, 6304.0, 5529.0, 5283.0, 5261.0, 3248.0, 3324.0, 4084.0, 4186.0, 5990.0, 5541.0, 4358.0, 5751.0, 9085.0, 9705.0, 9811.0, 10451.0, 6039.0, 3428.0, 3703.0, 3077.0, 3193.0, 3705.0, 4206.0, 3845.0, 3311.0, 3305.0, 2945.0, 3160.0, 5170.0, 8546.0, 8057.0, 4958.0, 4428.0, 4613.0, 3675.0, 3137.0, 3447.0, 4317.0, 3617.0, 2325.0, 2360.0]",45751903.70510481
9,0.8,7,"[{""x"": -0.4162788391113281, ""y"": 0.9714961051940918, ""z"": 0.0, ""velocity"": 0.0, ""snr"": 0.0}, {""x"": -0.42504072189331055, ""y"": 1.0094046592712402, ""z"": 0.0, ""velocity"": 0.0, ""snr"": 0.0}, {""x"": -0.30916929244995117, ""y"": 1.5732049942016602, ""z"": 0.0, ""velocity"": 0.0, ""snr"": 0.0}, {""x"": -0.0788569450378418, ""y"": 0.9212493896484375, ""z"": 0.0, ""velocity"": 0.0, ""snr"": 0.0}, {""x"": -0.09208917617797852, ""y"": 0.9362697601318359, ""z"": 0.0, ""velocity"": 0.0, ""snr"": 0.0}, {""x"": -0.07724761962890625, ""y"": 0.9452104568481445, ""z"": 0.0, ""velocity"": 0.0, ""snr"": 0.0}, {""x"": -0.07939338684082031, ""y"": 0.9793639183044434, ""z"": 0.0, ""velocity"": 0.0, ""snr"": 0.0}]","[142885.0, 218402.0, 151253.0, 48158.0, 13099.0, 6504.0, 3001.0, 3716.0, 5680.0, 4934.0, 3585.0, 3790.0, 5461.0, 8379.0, 8866.0, 5864.0, 2820.0, 2775.0, 4816.0, 36190.0, 103333.0, 116853.0, 58151.0, 51638.0, 44993.0, 48448.0, 39524.0, 8562.0, 6006.0, 6197.0, 16105.0, 53548.0, 64762.0, 30825.0, 29144.0, 30123.0, 31950.0, 25170.0, 14962.0, 13904.0, 15194.0, 11282.0, 11032.0, 9349.0, 7315.0, 8602.0, 8361.0, 8742.0, 14895.0, 21955.0, 17265.0, 18847.0, 23351.0, 21134.0, 21664.0, 18678.0, 15413.0, 15808.0, 20773.0, 19573.0, 14155.0, 7665.0, 6642.0, 6771.0, 7001.0, 7633.0, 9935.0, 7684.0, 10248.0, 12468.0, 10158.0, 6050.0, 6522.0, 10133.0, 9952.0, 8037.0, 5930.0, 4831.0, 8443.0, 10395.0, 6673.0, 6239.0, 5822.0, 4000.0, 5732.0, 9324.0, 9401.0, 8501.0, 6898.0, 4701.0, 4128.0, 3387.0, 3508.0, 6439.0, 7041.0, 5680.0, 5775.0, 4273.0, 5723.0, 9038.0, 9406.0, 8558.0, 9717.0, 6360.0, 3950.0, 3330.0, 2761.0, 3631.0, 3881.0, 3936.0, 3975.0, 3701.0, 3616.0, 3370.0, 3308.0, 5127.0, 8274.0, 7924.0, 5332.0, 4697.0, 5167.0, 4486.0, 3434.0, 2720.0, 3508.0, 3221.0, 2396.0, 2360.0]",44837349.090771616
10,0.8,10,"[{""x"": -0.3401041030883789, ""y"": 0.9462833404541016, ""z"": 0.0, ""velocity"": 0.0, ""snr"": 0.0}, {""x"": -0.43702125549316406, ""y"": 0.9657740592956543, ""z"": 0.0, ""velocity"": 0.0, ""snr"": 0.0}, {""x"": -0.07331371307373047, ""y"": 0.919640064239502, ""z"": 0.0, ""velocity"": 0.0, ""snr"": 0.0}, {""x"": -0.12320280075073242, ""y"": 0.9232163429260254, ""z"": 0.0, ""velocity"": 0.0, ""snr"": 0.0}, {""x"": -0.16504526138305664, ""y"": 0.9192824363708496, ""z"": 0.0, ""velocity"": 0.0, ""snr"": 0.0}, {""x"": 0.006079673767089844, ""y"": 1.6576051712036133, ""z"": 0.0, ""velocity"": 0.0, ""snr"": 0.0}, {""x"": 0.3967881202697754, ""y"": 1.022636890411377, ""z"": 0.0, ""velocity"": 0.0, ""snr"": 0.0}, {""x"": 0.469207763671875, ""y"": 0.8924603462219238, ""z"": 0.0, ""velocity"": 0.0, ""snr"": 0.0}, {""x"": 1.9031167030334473, ""y"": 1.536548137664795, ""z"": 0.0, ""velocity"": 0.0, ""snr"": 0.0}, {""x"": 2.0760297775268555, ""y"": 1.3164281845092773, ""z"": 0.0, ""velocity"": 0.0, ""snr"": 0.0}]","[142663.0, 218187.0, 150736.0, 47843.0, 11435.0, 4794.0, 3569.0, 3817.0, 4066.0, 3587.0, 2923.0, 5137.0, 6328.0, 7835.0, 7935.0, 6679.0, 5871.0, 4513.0, 4294.0, 29636.0, 74038.0, 62820.0, 25645.0, 50275.0, 44563.0, 31669.0, 15627.0, 10159.0, 8027.0, 5494.0, 4191.0, 22757.0, 55984.0, 64678.0, 44647.0, 31660.0, 41640.0, 43219.0, 25360.0, 19363.0, 21474.0, 14013.0, 10082.0, 10944.0, 7498.0, 7385.0, 8003.0, 8901.0, 9148.0, 11311.0, 10062.0, 17102.0, 27667.0, 22505.0, 24851.0, 21146.0, 16755.0, 15864.0, 23542.0, 21293.0, 13754.0, 8811.0, 8224.0, 7732.0, 8868.0, 9038.0, 9392.0, 9267.0, 13011.0, 16046.0, 12264.0, 8609.0, 6436.0, 7837.0, 8062.0, 6909.0, 5284.0, 5197.0, 9490.0, 11258.0, 6739.0, 6571.0, 5780.0, 4747.0, 6012.0, 8298.0, 9151.0, 10057.0, 9047.0, 6959.0, 5011.0, 4113.0, 3236.0, 5361.0, 6783.0, 7130.0, 6792.0, 5862.0, 7290.0, 9161.0, 10715.0, 9324.0, 9301.0, 6445.0, 3867.0, 3588.0, 4965.0, 4870.0, 4196.0, 4714.0, 4518.0, 3357.0, 3347.0, 3669.0, 3719.0, 4275.0, 8254.0, 8026.0, 4967.0, 4407.0, 4876.0, 4062.0, 4056.0, 3167.0, 3355.0, 3252.0, 2843.0, 2748.0]",43941242.69854886
11,0.8,10,"[{""x"": -0.45365095138549805, ""y"": 0.9210705757141113, ""z"": 0.0, ""velocity"": 0.0, ""snr"": 0.0}, {""x"": -0.258028507232666, ""y"": 0.9516477584838867, ""z"": 0.0, ""velocity"": 0.0, ""snr"": 0.0}, {""x"": -0.0731348991394043, ""y"": 0.9192824363708496, ""z"": 0.0, ""velocity"": 0.0, ""snr"": 0.0}, {""x"": -0.05042552947998047, ""y"": 0.9389519691467285, ""z"": 0.0, ""velocity"": 0.0, ""snr"": 0.0}, {""x"": -0.034332275390625, ""y"": 0.949859619140625, ""z"": 0.0, ""velocity"": 0.0, ""snr"": 0.0}, {""x"": 0.02753734588623047, ""y"": 0.9706020355224609, ""z"": 0.0, ""velocity"": 0.0, ""snr"": 0.0}, {""x"": 0.034689903259277344, ""y"": 0.11086463928222656, ""z"": 0.0, ""velocity"": 0.0, ""snr"": 0.0}, {""x"": 0.4443526268005371, ""y"": 0.9961724281311035, ""z"": 0.0, ""velocity"": 0.0, ""snr"": 0.0}, {""x"": 0.5325078964233398, ""y"": 0.8524060249328613, ""z"": 0.0, ""velocity"": 0.0, ""snr"": 0.0}, {""x"": 1.5635490417480469, ""y"": 2.153635025024414, ""z"": 0.0, ""velocity"": 0.0, ""snr"": 0.0}]","[142880.0, 218459.0, 152267.0, 59661.0, 44856.0, 17920.0, 4493.0, 4126.0, 3746.0, 3299.0, 3053.0, 4927.0, 4793.0, 6830.0, 5574.0, 4605.0, 4045.0, 3254.0, 4831.0, 29503.0, 79753.0, 90507.0, 51652.0, 40890.0, 27414.0, 22970.0, 14578.0, 8302.0, 3000.0, 3797.0, 3712.0, 3895.0, 19134.0, 39944.0, 48632.0, 49294.0, 49034.0, 46027.0, 39893.0, 35809.0, 22749.0, 20646.0, 17868.0, 11261.0, 9168.0, 11124.0, 8114.0, 12710.0, 14597.0, 20523.0, 22271.0, 25297.0, 30354.0, 22472.0, 21287.0, 11335.0, 13120.0, 18181.0, 28424.0, 23777.0, 13846.0, 6908.0, 10704.0, 9305.0, 8129.0, 8584.0, 9676.0, 13443.0, 13021.0, 10425.0, 9312.0, 7027.0, 5980.0, 7696.0, 6917.0, 6253.0, 6612.0, 5870.0, 11902.0, 12736.0, 5766.0, 5981.0, 6196.0, 4384.0, 4375.0, 7227.0, 9136.0, 9633.0, 9612.0, 7555.0, 5913.0, 5041.0, 3590.0, 6495.0, 6979.0, 7296.0, 7288.0, 6090.0, 6952.0, 8918.0, 9878.0, 8502.0, 9653.0, 6647.0, 4262.0, 3425.0, 3901.0, 4311.0, 4149.0, 4930.0, 4237.0, 3256.0, 3492.0, 3002.0, 3363.0, 4670.0, 7682.0, 7383.0, 4468.0, 4299.0, 4879.0, 4341.0, 3519.0, 3177.0, 3796.0, 3322.0, 3326.0, 3454.0]",43062554.48155399
12,0.8,6,"[{""x"": -0.46187639236450195, ""y"": 0.8865594863891602, ""z"": 0.0, ""velocity"": 0.0, ""snr"": 0.0}, {""x"": -0.40912628173828125, ""y"": 0.9516477584838867, ""z"": 0.0, ""velocity"": 0.0, ""snr"": 0.0}, {""x"": -0.10800361633300781, ""y"": 0.9183883666992188, ""z"": 0.0, ""velocity"": 0.0, ""snr"": 0.0}, {""x"": -0.14412403106689453, ""y"": 0.9255409240722656, ""z"": 0.0, ""velocity"": 0.0, ""snr"": 0.0}, {""x"": -0.16862154006958008, ""y"": 0.9140968322753906, ""z"": 0.0, ""velocity"": 0.0, ""snr"": 0.0}, {""x"": 0.6358623504638672, ""y"": 0.7726550102233887, ""z"": 0.0, ""velocity"": 0.0, ""snr"": 0.0}]","[143237.0, 218620.0, 151167.0, 49214.0, 14345.0, 6404.0, 5348.0, 2905.0, 3391.0, 3223.0, 3696.0, 5385.0, 6195.0, 8402.0, 6018.0, 4110.0, 3834.0, 3305.0, 3685.0, 27495.0, 80042.0, 75815.0, 29900.0, 38104.0, 12702.0, 21095.0, 23653.0, 15181.0, 9469.0, 8707.0, 6412.0, 3879.0, 13024.0, 48033.0, 58628.0, 54081.0, 60941.0, 38583.0, 25729.0, 18942.0, 17131.0, 10550.0, 9438.0, 8880.0, 6262.0, 6198.0, 7310.0, 7571.0, 13536.0, 27544.0, 35061.0, 26917.0, 17086.0, 21028.0, 22699.0, 13085.0, 13165.0, 17404.0, 21432.0, 22058.0, 12647.0, 8162.0, 11376.0, 9050.0, 6206.0, 6517.0, 7402.0, 7840.0, 10470.0, 10225.0, 8262.0, 6269.0, 6716.0, 7119.0, 6481.0, 5380.0, 6356.0, 6233.0, 12067.0, 10849.0, 6559.0, 6052.0, 6387.0, 6274.0, 5058.0, 5462.0, 8010.0, 10017.0, 9062.0, 6177.0, 5610.0, 7481.0, 5111.0, 7435.0, 8668.0, 7385.0, 6664.0, 5473.0, 6682.0, 9216.0, 10192.0, 8922.0, 10142.0, 6371.0, 3559.0, 2944.0, 2770.0, 3778.0, 4116.0, 4876.0, 5015.0, 4047.0, 3093.0, 3105.0, 3120.0, 4115.0, 7399.0, 6923.0, 4658.0, 4426.0, 4822.0, 3910.0, 3517.0, 3257.0, 3416.0, 3013.0, 2246.0, 2345.0]",42201650.06951713
13,0.8,9,"[{""x"": -0.3452897071838379, ""y"": 1.0158419609069824, ""z"": 0.0, ""velocity"": 0.0, ""snr"": 0.0}, {""x"": -0.19615888595581055, ""y"": 0.91552734375, ""z"": 0.0, ""velocity"": 0.0, ""snr"": 0.0}, {""x"": -0.2689361572265625, ""y"": 1.0128021240234375, ""z"": 0.0, ""velocity"": 0.0, ""snr"": 0.0}, {""x"": -0.1544952392578125, ""y"": 0.9105205535888672, ""z"": 0.0, ""velocity"": 0.0, ""snr"": 0.0}, {""x"": 0.029861927032470703, ""y"": 0.09924173355102539, ""z"": 0.0, ""velocity"": 0.0, ""snr"": 0.0}, {""x"": 0.25016069412231445, ""y"": 0.9750723838806152, ""z"": 0.0, ""velocity"": 0.0, ""snr"": 0.0}, {""x"": 0.3692507743835449, ""y"": 0.9262561798095703, ""z"": 0.0, ""velocity"": 0.0, ""snr"": 0.0}, {""x"": 1.6288161277770996, ""y"": 2.1092891693115234, ""z"": 0.0, ""velocity"": 0.0, ""snr"": 0.0}, {""x"": 1.748979091644287, ""y"": 2.040982246398926, ""z"": 0.0, ""velocity"": 0.0, ""snr"": 0.0}]","[143055.0, 218422.0, 151037.0, 46612.0, 23836.0, 6674.0, 5080.0, 4146.0, 5088.0, 3856.0, 2821.0, 3315.0, 5174.0, 7707.0, 5246.0, 3829.0, 3551.0, 3198.0, 2872.0, 14816.0, 45733.0, 62748.0, 96350.0, 77276.0, 43346.0, 28394.0, 27896.0, 15037.0, 4856.0, 3335.0, 3997.0, 3367.0, 7497.0, 29762.0, 73404.0, 84049.0, 68021.0, 45273.0, 31730.0, 22917.0, 15314.0, 10128.0, 12172.0, 11453.0, 8367.0, 7007.0, 8101.0, 7840.0, 8653.0, 10111.0, 11506.0, 12083.0, 13145.0, 21015.0, 23321.0, 11399.0, 15193.0, 15874.0, 26239.0, 22709.0, 16117.0, 10150.0, 7985.0, 6718.0, 6695.0, 5532.0, 4845.0, 5458.0, 8429.0, 10325.0, 8922.0, 6935.0, 5363.0, 6326.0, 8021.0, 6753.0, 5077.0, 6045.0, 12546.0, 13438.0, 8780.0, 8975.0, 7409.0, 5508.0, 3792.0, 4872.0, 6359.0, 7691.0, 7163.0, 4476.0, 3280.0, 4015.0, 4267.0, 5399.0, 5745.0, 7762.0, 6686.0, 4392.0, 6323.0, 10278.0, 10244.0, 9160.0, 9854.0, 6213.0, 4142.0, 3465.0, 3245.0, 3458.0, 4116.0, 5007.0, 4742.0, 4172.0, 3512.0, 3215.0, 4352.0, 6027.0, 8889.0, 7499.0, 4462.0, 4612.0, 4896.0, 3956.0, 3538.0, 3534.0, 3397.0, 2848.0, 2458.0, 2263.0]",41357287.26267505
14,0.8,8,"[{""x"": -0.4119873046875, ""y"": 0.9428858757019043, ""z"": 0.0, ""velocity"": 0.0, ""snr"": 0.0}, {""x"": -0.33921003341674805, ""y"": 0.9886622428894043, ""z"": 0.0, ""velocity"": 0.0, ""snr"": 0.0}, {""x"": -0.29522180557250977, ""y"": 1.02996826171875, ""z"": 0.0, ""velocity"": 0.0, ""snr"": 0.0}, {""x"": -0.35369396209716797, ""y"": 1.6050338745117188, ""z"": 0.0, ""velocity"": 0.0, ""snr"": 0.0}, {""x"": 0.008046627044677734, ""y"": 0.9453892707824707, ""z"": 0.0, ""velocity"": 0.0, ""snr"": 0.0}, {""x"": 0.029861927032470703, ""y"": 1.6109347343444824, ""z"": 0.0, ""velocity"": 0.0, ""snr"": 0.0}, {""x"": 0.16558170318603516, ""y"": 0.9588003158569336, ""z"": 0.0, ""velocity"": 0.0, ""snr"": 0.0}, {""x"": 0.4826188087463379, ""y"": 1.001894474029541, ""z"": 0.0, ""velocity"": 0.0, ""snr"": 0.0}]","[142854.0, 218743.0, 150747.0, 45547.0, 9889.0, 3358.0, 2499.0, 2391.0, 3251.0, 3365.0, 2580.0, 4319.0, 7907.0, 9788.0, 7991.0, 4893.0, 3754.0, 3106.0, 3342.0, 12287.0, 39331.0, 57818.0, 75802.0, 88021.0, 56740.0, 28605.0, 27013.0, 13234.0, 5371.0, 4470.0, 3523.0, 3421.0, 7397.0, 14861.0, 32260.0, 45352.0, 50880.0, 30294.0, 27706.0, 31037.0, 25447.0, 17522.0, 9778.0, 10077.0, 7609.0, 9656.0, 11175.0, 8256.0, 7911.0, 14781.0, 15682.0, 13237.0, 13471.0, 21028.0, 22897.0, 10148.0, 15013.0, 15724.0, 24273.0, 23065.0, 14929.0, 10846.0, 10822.0, 8685.0, 7926.0, 7764.0, 5115.0, 6583.0, 8376.0, 11374.0, 9882.0, 7742.0, 6424.0, 7226.0, 8179.0, 8287.0, 5711.0, 5959.0, 12742.0, 13757.0, 8525.0, 8584.0, 7107.0, 5141.0, 3860.0, 5821.0, 4899.0, 5369.0, 4691.0, 5587.0, 7007.0, 6602.0, 6314.0, 9632.0, 13071.0, 13211.0, 10066.0, 7195.0, 7778.0, 10533.0, 11265.0, 7797.0, 7675.0, 4805.0, 3748.0, 3056.0, 3384.0, 4226.0, 4484.0, 3892.0, 4766.0, 4259.0, 3378.0, 3201.0, 4073.0, 6124.0, 9004.0, 7974.0, 4321.0, 4008.0, 3750.0, 3122.0, 3466.0, 3892.0, 3744.0, 2732.0, 2504.0, 2022.0]",40530626.64682363
15,0.8,10,"[{""x"": -0.3286600112915039, ""y"": 1.1367201805114746, ""z"": 0.0, ""velocity"": 0.0, ""snr"": 0.0}, {""x"": -0.14215707778930664, ""y"": 0.9704232215881348, ""z"": 0.0, ""velocity"": 0.0, ""snr"": 0.0}, {""x"": -0.08422136306762695, ""y"": 1.0367631912231445, ""z"": 0.0, ""velocity"": 0.0, ""snr"": 0.0}, {""x"": -0.14287233352661133, ""y"": 1.0734200477600098, ""z"": 0.0, ""velocity"": 0.0, ""snr"": 0.0}, {""x"": -0.13822317123413086, ""y"": 1.142442226409912, ""z"": 0.0, ""velocity"": 0.0, ""snr"": 0.0}, {""x"": -0.27626752853393555, ""y"": 1.6654729843139648, ""z"": 0.0, ""velocity"": 0.0, ""snr"": 0.0}, {""x"": -0.03987550735473633, ""y"": 0.9489655494689941, ""z"": 0.0, ""velocity"": 0.0, ""snr"": 0.0}, {""x"": 0.025033950805664062, ""y"": 1.0194182395935059, ""z"": 0.0, ""velocity"": 0.0, ""snr"": 0.0}, {""x"": 0.21564960479736328, ""y"": 0.9613037109375, ""z"": 0.0, ""velocity"": 0.0, ""snr"": 0.0}, {""x"": 1.710355281829834, ""y"": 2.0438432693481445, ""z"": 0.0, ""velocity"": 0.0, ""snr"": 0.0}]","[142574.0, 218605.0, 152667.0, 48730.0, 13691.0, 3768.0, 3224.0, 2278.0, 2997.0, 4276.0, 3371.0, 5564.0, 8625.0, 8088.0, 5624.0, 5236.0, 3997.0, 3459.0, 3893.0, 5273.0, 25066.0, 34391.0, 52221.0, 54321.0, 29701.0, 31537.0, 40292.0, 22030.0, 4172.0, 4502.0, 3989.0, 4241.0, 6820.0, 13321.0, 17842.0, 16798.0, 26485.0, 38394.0, 20083.0, 20111.0, 20428.0, 19018.0, 12467.0, 12077.0, 8203.0, 8329.0, 11226.0, 9867.0, 10449.0, 16029.0, 20442.0, 18331.0, 16509.0, 23742.0, 24334.0, 13342.0, 12619.0, 15353.0, 25857.0, 22663.0, 14333.0, 7935.0, 8997.0, 7387.0, 6273.0, 6732.0, 6145.0, 7907.0, 8130.0, 10924.0, 10583.0, 7600.0, 7695.0, 7091.0, 7714.0, 6995.0, 8403.0, 6213.0, 12277.0, 13580.0, 9242.0, 7883.0, 7298.0, 5745.0, 5057.0, 5521.0, 5059.0, 4049.0, 4830.0, 8707.0, 9225.0, 7473.0, 5593.0, 9240.0, 11868.0, 10240.0, 7687.0, 5397.0, 7684.0, 10014.0, 11716.0, 10555.0, 9810.0, 6696.0, 4498.0, 4251.0, 3406.0, 3223.0, 4013.0, 3460.0, 3745.0, 3643.0, 3927.0, 3454.0, 4329.0, 5389.0, 8148.0, 7241.0, 3805.0, 3118.0, 3790.0, 3768.0, 3263.0, 3122.0, 2361.0, 2537.0, 2463.0, 2282.0]",39721279.09193911
16,0.8,9,"[{""x"": -0.4343390464782715, ""y"": 0.9237527847290039, ""z"": 0.0, ""velocity"": 0.0, ""snr"": 0.0}, {""x"": -0.3343820571899414, ""y"": 1.127779483795166, ""z"": 0.0, ""velocity"": 0.0, ""snr"": 0.0}, {""x"": -0.35512447357177734, ""y"": 1.1301040649414062, ""z"": 0.0, ""velocity"": 0.0, ""snr"": 0.0}, {""x"": 0.07867813110351562, ""y"": 0.9554028511047363, ""z"": 0.0, ""velocity"": 0.0, ""snr"": 0.0}, {""x"": 0.1341104507446289, ""y"": 0.9630918502807617, ""z"": 0.0, ""velocity"": 0.0, ""snr"": 0.0}, {""x"": 0.17452239990234375, ""y"": 0.9711384773254395, ""z"": 0.0, ""velocity"": 0.0, ""snr"": 0.0}, {""x"": 0.15807151794433594, ""y"": 1.0106563568115234, ""z"": 0.0, ""velocity"": 0.0, ""snr"": 0.0}, {""x"": 0.40143728256225586, ""y"": 1.0210275650024414, ""z"": 0.0, ""velocity"": 0.0, ""snr"": 0.0}, {""x"": 1.7117857933044434, ""y"": 2.0386576652526855, ""z"": 0.0, ""velocity"": 0.0, ""snr"": 0.0}]","[142650.0, 218813.0, 153297.0, 51230.0, 18223.0, 4894.0, 4192.0, 4149.0, 4319.0, 3978.0, 3226.0, 4705.0, 6102.0, 5913.0, 4979.0, 3346.0, 3564.0, 3842.0, 3389.0, 10055.0, 55402.0, 97773.0, 88670.0, 40170.0, 38202.0, 44850.0, 64628.0, 34897.0, 6072.0, 4974.0, 4206.0, 5055.0, 6831.0, 12666.0, 15701.0, 21778.0, 42871.0, 43989.0, 34413.0, 27067.0, 25218.0, 22559.0, 17382.0, 12024.0, 7900.0, 9366.0, 9806.0, 9105.0, 9508.0, 10924.0, 10120.0, 12964.0, 14121.0, 23293.0, 23290.0, 10737.0, 13457.0, 13791.0, 24356.0, 18746.0, 11426.0, 9141.0, 9475.0, 9671.0, 7494.0, 7129.0, 5873.0, 5615.0, 6317.0, 10176.0, 10350.0, 7004.0, 6553.0, 6586.0, 5858.0, 7280.0, 6808.0, 7334.0, 13410.0, 13850.0, 7915.0, 7823.0, 6027.0, 4599.0, 4177.0, 4615.0, 5943.0, 6176.0, 5282.0, 8151.0, 9743.0, 7615.0, 5887.0, 10326.0, 12677.0, 11291.0, 7499.0, 5279.0, 6784.0, 9180.0, 9638.0, 9588.0, 10558.0, 6910.0, 4747.0, 3772.0, 3362.0, 3034.0, 3384.0, 3371.0, 3370.0, 3606.0, 3848.0, 3612.0, 4038.0, 5335.0, 8025.0, 7767.0, 4352.0, 3120.0, 3833.0, 3487.0, 3267.0, 2893.0, 2330.0, 2259.0, 2105.0, 2611.0]",38925414.10329241
17,0.8,8,"[{""x"": -0.24425983428955078, ""y"": 0.9387731552124023, ""z"": 0.0, ""velocity"": 0.0, ""snr"": 0.0}, {""x"": -0.2675056457519531, ""y"": 0.9528994560241699, ""z"": 0.0, ""velocity"": 0.0, ""snr"": 0.0}, {""x"": -0.2716183662414551, ""y"": 0.9670257568359375, ""z"": 0.0, ""velocity"": 0.0, ""snr"": 0.0}, {""x"": -0.2614259719848633, ""y"": 0.9834766387939453, ""z"": 0.0, ""velocity"": 0.0, ""snr"": 0.0}, {""x"": -0.25194883346557617, ""y"": 1.0192394256591797, ""z"": 0.0, ""velocity"": 0.0, ""snr"": 0.0}, {""x"": 0.003933906555175781, ""y"": 1.6699433326721191, ""z"": 0.0, ""velocity"": 0.0, ""snr"": 0.0}, {""x"": 0.1679062843322754, ""y"": 1.6804933547973633, ""z"": 0.0, ""velocity"": 0.0, ""snr"": 0.0}, {""x"": 1.7852783203125, ""y"": 1.9719600677490234, ""z"": 0.0, ""velocity"": 0.0, ""snr"": 0.0}]","[142751.0, 218775.0, 153398.0, 51399.0, 14369.0, 3923.0, 4471.0, 4422.0, 4229.0, 4656.0, 2941.0, 5656.0, 7805.0, 5587.0, 4906.0, 3819.0, 2959.0, 2761.0, 4002.0, 5750.0, 50947.0, 138562.0, 183535.0, 123654.0, 33663.0, 18316.0, 49636.0, 42884.0, 12918.0, 4056.0, 3979.0, 6474.0, 6090.0, 12761.0, 15073.0, 16208.0, 39675.0, 45185.0, 30052.0, 21756.0, 23861.0, 15660.0, 11455.0, 13509.0, 10804.0, 7237.0, 9696.0, 9049.0, 10361.0, 12884.0, 11114.0, 7570.0, 11418.0, 19097.0, 21769.0, 9712.0, 15244.0, 16706.0, 28153.0, 21016.0, 10057.0, 7962.0, 9140.0, 9612.0, 10011.0, 8099.0, 7965.0, 9704.0, 9363.0, 12191.0, 11111.0, 6105.0, 6993.0, 9103.0, 8887.0, 8414.0, 6129.0, 7489.0, 13328.0, 13327.0, 8033.0, 7778.0, 6847.0, 4766.0, 3950.0, 5538.0, 5502.0, 5411.0, 5676.0, 8254.0, 9669.0, 8151.0, 6262.0, 7756.0, 10234.0, 9708.0, 6275.0, 5141.0, 6409.0, 9366.0, 10300.0, 10711.0, 11856.0, 7676.0, 5422.0, 3710.0, 3034.0, 2900.0, 3403.0, 3798.0, 4095.0, 3984.0, 4397.0, 4788.0, 4144.0, 5365.0, 8077.0, 7546.0, 4113.0, 3020.0, 3854.0, 3974.0, 3464.0, 3212.0, 2499.0, 2514.0, 2114.0, 2090.0]",38145561.054801375
18,0.8,8,"[{""x"": 0.024318695068359375, ""y"": 0.9326934814453125, ""z"": 0.0, ""velocity"": 0.0, ""snr"": 0.0}, {""x"": 0.04953145980834961, ""y"": 0.9527206420898438, ""z"": 0.0, ""velocity"": 0.0, ""snr"": 0.0}, {""x"": 0.045418739318847656, ""y"": 0.9595155715942383, ""z"": 0.0, ""velocity"": 0.0, ""snr"": 0.0}, {""x"": 0.040590763092041016, ""y"": 0.971674919128418, ""z"": 0.0, ""velocity"": 0.0, ""snr"": 0.0}, {""x"": -0.022709369659423828, ""y"": 1.0110139846801758, ""z"": 0.0, ""velocity"": 0.0, ""snr"": 0.0}, {""x"": -0.06222724914550781, ""y"": 1.680314540863037, ""z"": 0.0, ""velocity"": 0.0, ""snr"": 0.0}, {""x"": 0.3504753112792969, ""y"": 1.041412353515625, ""z"": 0.0, ""velocity"": 0.0, ""snr"": 0.0}, {""x"": 1.788318157196045, ""y"": 1.975715160369873, ""z"": 0.0, ""velocity"": 0.0, ""snr"": 0.0}]","[143051.0, 218252.0, 150065.0, 46902.0, 11787.0, 3623.0, 3707.0, 2791.0, 3474.0, 5983.0, 4516.0, 5330.0, 7262.0, 6911.0, 5223.0, 3878.0, 3951.0, 3994.0, 4008.0, 32935.0, 149446.0, 232518.0, 145058.0, 48429.0, 40571.0, 33315.0, 24119.0, 11748.0, 5304.0, 4491.0, 4686.0, 5973.0, 6619.0, 13049.0, 18200.0, 24581.0, 48728.0, 94731.0, 111066.0, 73102.0, 34227.0, 22284.0, 16720.0, 8722.0, 6613.0, 9433.0, 11365.0, 10428.0, 9756.0, 13817.0, 15261.0, 17008.0, 18252.0, 17772.0, 21443.0, 10815.0, 12431.0, 13298.0, 24254.0, 20820.0, 12545.0, 6203.0, 6991.0, 7934.0, 9175.0, 11639.0, 8926.0, 6131.0, 6893.0, 10100.0, 9254.0, 5599.0, 5528.0, 7754.0, 7185.0, 6900.0, 6319.0, 8047.0, 13916.0, 13795.0, 7965.0, 7496.0, 6122.0, 5226.0, 4524.0, 6305.0, 4820.0, 4802.0, 4812.0, 6626.0, 8858.0, 7263.0, 5222.0, 6978.0, 9955.0, 9187.0, 5925.0, 4989.0, 6473.0, 9885.0, 9804.0, 8887.0, 10650.0, 7287.0, 5449.0, 3530.0, 2905.0, 3311.0, 3130.0, 3671.0, 3852.0, 3321.0, 3163.0, 3405.0, 4309.0, 5143.0, 8328.0, 8249.0, 5175.0, 4487.0, 4662.0, 4324.0, 3565.0, 3185.0, 2476.0, 2413.0, 1982.0, 1663.0]",37380501.11943875
19,0.8,7,"[{""x"": -0.1417994499206543, ""y"": 0.9552240371704102, ""z"": 0.0, ""velocity"": 0.0, ""snr"": 0.0}, {""x"": -0.12642145156860352, ""y"": 0.9958148002624512, ""z"": 0.0, ""velocity"": 0.0, ""snr"": 0.0}, {""x"": -0.029325485229492188, ""y"": 0.9257197380065918, ""z"": 0.0, ""velocity"": 0.0, ""snr"": 0.0}, {""x"": -0.032901763916015625, ""y"": 0.9380578994750977, ""z"": 0.0, ""velocity"": 0.0, ""snr"": 0.0}, {""x"": -0.05507469177246094, ""y"": 0.9423494338989258, ""z"": 0.0, ""velocity"": 0.0, ""snr"": 0.0}, {""x"": 0.32061338424682617, ""y"": 1.042485237121582, ""z"": 0.0, ""velocity"": 0.0, ""snr"": 0.0}, {""x"": 1.8013715744018555, ""y"": 1.9571185111999512, ""z"": 0.0, ""velocity"": 0.0, ""snr"": 0.0}]","[142905.0, 218392.0, 150330.0, 47504.0, 10281.0, 3466.0, 2472.0, 2967.0, 2866.0, 3293.0, 2350.0, 5147.0, 8502.0, 7912.0, 5493.0, 4405.0, 3430.0, 3039.0, 11081.0, 137141.0, 389041.0, 405016.0, 192701.0, 62442.0, 40411.0, 32503.0, 53735.0, 45152.0, 16618.0, 5379.0, 4727.0, 5352.0, 6921.0, 13575.0, 16950.0, 20230.0, 27581.0, 41878.0, 49064.0, 39105.0, 21439.0, 11220.0, 9917.0, 11466.0, 7047.0, 7847.0, 9370.0, 8303.0, 10393.0, 15070.0, 18514.0, 8219.0, 17372.0, 22413.0, 20714.0, 9694.0, 10653.0, 15861.0, 25114.0, 20057.0, 12416.0, 5223.0, 8415.0, 6063.0, 8564.0, 10731.0, 9159.0, 7450.0, 6826.0, 10421.0, 9946.0, 5795.0, 5424.0, 6707.0, 7447.0, 6442.0, 6591.0, 6651.0, 12628.0, 13026.0, 8900.0, 7667.0, 6275.0, 4731.0, 3570.0, 4867.0, 4281.0, 5060.0, 4247.0, 7934.0, 9802.0, 7333.0, 4730.0, 6909.0, 9574.0, 9051.0, 5754.0, 4934.0, 6478.0, 10517.0, 10618.0, 9276.0, 9993.0, 6392.0, 4677.0, 3442.0, 3573.0, 3494.0, 3163.0, 3786.0, 4130.0, 4558.0, 4259.0, 3845.0, 4251.0, 5482.0, 7719.0, 7270.0, 4839.0, 4332.0, 4850.0, 4591.0, 4191.0, 3559.0, 2721.0, 3014.0, 2639.0, 2219.0]",36629414.939477146
0,0.8,10,"[{""x"": -0.40018558502197266, ""y"": 0.9714961051940918, ""z"": 0.0, ""velocity"": 0.0, ""snr"": 0.0}, {""x"": -0.37407875061035156, ""y"": 1.01548433303833, ""z"": 0.0, ""velocity"": 0.0, ""snr"": 0.0}, {""x"": -0.2378225326538086, ""y"": 0.886380672454834, ""z"": 0.0, ""velocity"": 0.0, ""snr"": 0.0}, {""x"": -0.1392960548400879, ""y"": 0.9409189224243164, ""z"": 0.0, ""velocity"": 0.0, ""snr"": 0.0}, {""x"": -0.11944770812988281, ""y"": 0.9629130363464355, ""z"": 0.0, ""velocity"": 0.0, ""snr"": 0.0}, {""x"": -0.23728609085083008, ""y"": 1.6881823539733887, ""z"": 0.0, ""velocity"": 0.0, ""snr"": 0.0}, {""x"": -0.19097328186035156, ""y"": 1.7318129539489746, ""z"": 0.0, ""velocity"": 0.0, ""snr"": 0.0}, {""x"": -0.12052059173583984, ""y"": 1.766502857208252, ""z"": 0.0, ""velocity"": 0.0, ""snr"": 0.0}, {""x"": -0.057756900787353516, ""y"": 0.983119010925293, ""z"": 0.0, ""velocity"": 0.0, ""snr"": 0.0}, {""x"": 1.8548369407653809, ""y"": 1.9138455390930176, ""z"": 0.0, ""velocity"": 0.0, ""snr"": 0.0}]","[142833.0, 218757.0, 150750.0, 45858.0, 9334.0, 3065.0, 2282.0, 2099.0, 3191.0, 2917.0, 2908.0, 5178.0, 8357.0, 8748.0, 5674.0, 6036.0, 4346.0, 4572.0, 5038.0, 22914.0, 55197.0, 99712.0, 82154.0, 40178.0, 44617.0, 18953.0, 9048.0, 8547.0, 7037.0, 4506.0, 5551.0, 5025.0, 6100.0, 13003.0, 16696.0, 15426.0, 26827.0, 35019.0, 39901.0, 39132.0, 22738.0, 12649.0, 10467.0, 11763.0, 7576.0, 7649.0, 8662.0, 9179.0, 9980.0, 15965.0, 21851.0, 14454.0, 12161.0, 18263.0, 22200.0, 16031.0, 12276.0, 14097.0, 25304.0, 21259.0, 11277.0, 8707.0, 9153.0, 8395.0, 8918.0, 7574.0, 5999.0, 4602.0, 5978.0, 10081.0, 10375.0, 8639.0, 6993.0, 6233.0, 7819.0, 7669.0, 5558.0, 4874.0, 11774.0, 13268.0, 8406.0, 7415.0, 6109.0, 4903.0, 3445.0, 5901.0, 4386.0, 4009.0, 3889.0, 7811.0, 9923.0, 7034.0, 4617.0, 6430.0, 9058.0, 8512.0, 5813.0, 4954.0, 6531.0, 9138.0, 9482.0, 10731.0, 11352.0, 6423.0, 4717.0, 3348.0, 3156.0, 3252.0, 3509.0, 3859.0, 3950.0, 3834.0, 3365.0, 3373.0, 3447.0, 5232.0, 8125.0, 8211.0, 5292.0, 4594.0, 5240.0, 4697.0, 4538.0, 3488.0, 2062.0, 3108.0, 2793.0, 2014.0]",35904689.81633885
1,0.8,10,"[{""x"": -0.17184019088745117, ""y"": 0.8758306503295898, ""z"": 0.0, ""velocity"": 0.0, ""snr"": 0.0}, {""x"": -0.18471479415893555, ""y"": 0.873863697052002, ""z"": 0.0, ""velocity"": 0.0, ""snr"": 0.0}, {""x"": -0.2276301383972168, ""y"": 0.9972453117370605, ""z"": 0.0, ""velocity"": 0.0, ""snr"": 0.0}, {""x"": -0.13750791549682617, ""y"": 0.8665323257446289, ""z"": 0.0, ""velocity"": 0.0, ""snr"": 0.0}, {""x"": -0.14930963516235352, ""y"": 0.9257197380065918, ""z"": 0.0, ""velocity"": 0.0, ""snr"": 0.0}, {""x"": -0.12624263763427734, ""y"": 1.0439157485961914, ""z"": 0.0, ""velocity"": 0.0, ""snr"": 0.0}, {""x"": -0.10210275650024414, ""y"": 1.6558170318603516, ""z"": 0.0, ""velocity"": 0.0, ""snr"": 0.0}, {""x"": -0.032007694244384766, ""y"": 1.7328858375549316, ""z"": 0.0, ""velocity"": 0.0, ""snr"": 0.0}, {""x"": 0.022530555725097656, ""y"": 1.775801181793213, ""z"": 0.0, ""velocity"": 0.0, ""snr"": 0.0}, {""x"": 1.8407106399536133, ""y"": 1.93101167678833, ""z"": 0.0, ""velocity"": 0.0, ""snr"": 0.0}]","[143003.0, 218378.0, 150126.0, 45695.0, 9584.0, 3446.0, 2371.0, 2791.0, 3464.0, 3261.0, 2382.0, 4642.0, 7776.0, 8010.0, 6748.0, 6076.0, 5843.0, 6493.0, 25707.0, 72485.0, 73220.0, 25674.0, 33913.0, 48668.0, 31411.0, 15893.0, 18796.0, 21781.0, 14862.0, 8757.0, 7394.0, 8438.0, 6730.0, 11601.0, 15970.0, 31178.0, 49069.0, 46544.0, 45664.0, 36374.0, 32425.0, 35961.0, 24308.0, 13627.0, 11565.0, 11484.0, 10920.0, 8352.0, 15563.0, 25804.0, 21049.0, 13224.0, 17679.0, 19052.0, 21353.0, 10707.0, 12739.0, 14335.0, 24502.0, 22341.0, 11903.0, 6590.0, 7701.0, 5208.0, 5761.0, 6204.0, 6098.0, 5530.0, 6672.0, 10661.0, 10758.0, 7335.0, 6245.0, 6997.0, 6331.0, 5429.0, 5044.0, 5924.0, 11955.0, 12737.0, 8303.0, 7533.0, 5890.0, 4864.0, 4603.0, 5956.0, 5026.0, 4016.0, 4299.0, 8139.0, 9862.0, 6908.0, 5122.0, 7653.0, 10070.0, 8544.0, 5880.0, 4475.0, 6815.0, 10895.0, 10381.0, 9398.0, 10085.0, 6398.0, 5069.0, 3187.0, 3188.0, 2924.0, 3103.0, 3752.0, 3617.0, 3723.0, 4018.0, 3755.0, 4089.0, 4602.0, 7686.0, 7748.0, 4608.0, 3896.0, 4379.0, 4519.0, 4570.0, 3230.0, 2298.0, 3524.0, 3276.0, 2300.0]",35185695.35849884
2,0.8,11,"[{""x"": -0.2968311309814453, ""y"": 0.8547306060791016, ""z"": 0.0, ""velocity"": 0.0, ""snr"": 0.0}, {""x"": -0.29772520065307617, ""y"": 0.8862018585205078, ""z"": 0.0, ""velocity"": 0.0, ""snr"": 0.0}, {""x"": -0.3592371940612793, ""y"": 0.989377498626709, ""z"": 0.0, ""velocity"": 0.0, ""snr"": 0.0}, {""x"": -0.2167224884033203, ""y"": 0.8495450019836426, ""z"": 0.0, ""velocity"": 0.0, ""snr"": 0.0}, {""x"": -0.25767087936401367, ""y"": 0.857234001159668, ""z"": 0.0, ""velocity"": 0.0, ""snr"": 0.0}, {""x"": -0.24873018264770508, ""y"": 0.9734630584716797, ""z"": 0.0, ""velocity"": 0.0, ""snr"": 0.0}, {""x"": -0.1564621925354004, ""y"": 1.65635347366333, ""z"": 0.0, ""velocity"": 0.0, ""snr"": 0.0}, {""x"": -0.17327070236206055, ""y"": 1.7216205596923828, ""z"": 0.0, ""velocity"": 0.0, ""snr"": 0.0}, {""x"": -0.16415119171142578, ""y"": 1.7661452293395996, ""z"": 0.0, ""velocity"": 0.0, ""snr"": 0.0}, {""x"": -0.17827749252319336, ""y"": 2.373933792114258, ""z"": 0.0, ""velocity"": 0.0, ""snr"": 0.0}, {""x"": 1.8146038055419922, ""y"": 1.9431710243225098, ""z"": 0.0, ""velocity"": 0.0, ""snr"": 0.0}]","[142777.0, 218098.0, 150331.0, 46170.0, 9957.0, 3486.0, 2080.0, 2216.0, 3163.0, 2701.0, 2412.0, 4003.0, 6379.0, 7838.0, 6849.0, 5836.0, 3653.0, 6618.0, 34446.0, 97859.0, 113437.0, 59431.0, 45220.0, 55703.0, 41954.0, 22570.0, 10096.0, 8676.0, 9079.0, 8608.0, 5728.0, 6674.0, 5592.0, 12591.0, 13093.0, 27663.0, 45410.0, 52314.0, 39486.0, 37496.0, 25261.0, 19322.0, 14011.0, 12026.0, 10510.0, 10055.0, 12166.0, 10572.0, 17773.0, 29199.0, 29765.0, 27447.0, 31154.0, 27213.0, 22619.0, 21284.0, 14620.0, 17388.0, 25652.0, 21167.0, 10970.0, 6858.0, 7837.0, 6326.0, 8133.0, 7310.0, 5311.0, 5696.0, 6602.0, 11017.0, 10783.0, 6372.0, 4627.0, 6017.0, 7785.0, 7342.0, 6069.0, 5352.0, 11041.0, 13164.0, 7931.0, 7079.0, 5079.0, 4334.0, 4075.0, 6011.0, 5623.0, 4476.0, 5371.0, 9008.0, 9886.0, 6927.0, 5339.0, 7934.0, 10682.0, 9953.0, 6881.0, 4751.0, 6444.0, 9648.0, 9950.0, 10186.0, 11179.0, 8070.0, 5691.0, 3685.0, 2863.0, 2994.0, 3515.0, 3288.0, 3363.0, 3175.0, 3672.0, 3682.0, 4351.0, 5854.0, 7493.0, 7655.0, 4486.0, 3740.0, 3781.0, 3918.0, 4010.0, 2756.0, 3471.0, 3720.0, 3328.0, 2819.0]",34480892.492734015
3,0.8,9,"[{""x"": -0.3771185874938965, ""y"": 0.7925033569335938, ""z"": 0.0, ""velocity"": 0.0, ""snr"": 0.0}, {""x"": -0.37926435470581055, ""y"": 0.8096694946289062, ""z"": 0.0, ""velocity"": 0.0, ""snr"": 0.0}, {""x"": -0.35834312438964844, ""y"": 0.8404254913330078, ""z"": 0.0, ""velocity"": 0.0, ""snr"": 0.0}, {""x"": -0.39517879486083984, ""y"": 1.0067224502563477, ""z"": 0.0, ""velocity"": 0.0, ""snr"": 0.0}, {""x"": -0.28395652770996094, ""y"": 0.9123086929321289, ""z"": 0.0, ""velocity"": 0.0, ""snr"": 0.0}, {""x"": -0.22870302200317383, ""y"": 0.977933406829834, ""z"": 0.0, ""velocity"": 0.0, ""snr"": 0.0}, {""x"": -0.3013014793395996, ""y"": 1.003861427307129, ""z"": 0.0, ""velocity"": 0.0, ""snr"": 0.0}, {""x"": -0.06955862045288086, ""y"": 1.661360263824463, ""z"": 0.0, ""velocity"": 0.0, ""snr"": 0.0}, {""x"": 1.812279224395752, ""y"": 1.948714256286621, ""z"": 0.0, ""velocity"": 0.0, ""snr"": 0.0}]","[143021.0, 218369.0, 150524.0, 46569.0, 9437.0, 3005.0, 1893.0, 1973.0, 2795.0, 2653.0, 2382.0, 3816.0, 6290.0, 6977.0, 5094.0, 4361.0, 3439.0, 3357.0, 27319.0, 70412.0, 81708.0, 66226.0, 59750.0, 59976.0, 53684.0, 28187.0, 14870.0, 9610.0, 4159.0, 3334.0, 5444.0, 7313.0, 9278.0, 11843.0, 13233.0, 16760.0, 32064.0, 33343.0, 27531.0, 24154.0, 18143.0, 15800.0, 10506.0, 9821.0, 11724.0, 11268.0, 8997.0, 11998.0, 24653.0, 32488.0, 18705.0, 14284.0, 12471.0, 18438.0, 20360.0, 8087.0, 11434.0, 15951.0, 25736.0, 21320.0, 11894.0, 6702.0, 6868.0, 7135.0, 7909.0, 7424.0, 6843.0, 6193.0, 6809.0, 10814.0, 11331.0, 7090.0, 4875.0, 6168.0, 8338.0, 6887.0, 5690.0, 5213.0, 10553.0, 11296.0, 7747.0, 7527.0, 5571.0, 4447.0, 4170.0, 5525.0, 5069.0, 4698.0, 4539.0, 6922.0, 8370.0, 6110.0, 4636.0, 7785.0, 10571.0, 9771.0, 6287.0, 4531.0, 5997.0, 9598.0, 10317.0, 10031.0, 11336.0, 7567.0, 5132.0, 4047.0, 3740.0, 3592.0, 3737.0, 3656.0, 3790.0, 3273.0, 2898.0, 3753.0, 4776.0, 5921.0, 7076.0, 7693.0, 5054.0, 4633.0, 3992.0, 3257.0, 3292.0, 2595.0, 3685.0, 4187.0, 3505.0, 3043.0]",33792697.11464604
4,0.8,8,"[{""x"": -0.42057037353515625, ""y"": 0.9722113609313965, ""z"": 0.0, ""velocity"": 0.0, ""snr"": 0.0}, {""x"": -0.23746490478515625, ""y"": 0.8448958396911621, ""z"": 0.0, ""velocity"": 0.0, ""snr"": 0.0}, {""x"": -0.20456314086914062, ""y"": 0.8769035339355469, ""z"": 0.0, ""velocity"": 0.0, ""snr"": 0.0}, {""x"": -0.15538930892944336, ""y"": 0.9117722511291504, ""z"": 0.0, ""velocity"": 0.0, ""snr"": 0.0}, {""x"": -0.09924173355102539, ""y"": 0.9473562240600586, ""z"": 0.0, ""velocity"": 0.0, ""snr"": 0.0}, {""x"": -0.07349252700805664, ""y"": 0.9879469871520996, ""z"": 0.0, ""velocity"": 0.0, ""snr"": 0.0}, {""x"": -0.06079673767089844, ""y"": 1.656174659729004, ""z"": 0.0, ""velocity"": 0.0, ""snr"": 0.0}, {""x"": 1.8870234489440918, ""y"": 1.880049705505371, ""z"": 0.0, ""velocity"": 0.0, ""snr"": 0.0}]","[142799.0, 218379.0, 150772.0, 46736.0, 10584.0, 3836.0, 2541.0, 2360.0, 3003.0, 2589.0, 2214.0, 3920.0, 7447.0, 10840.0, 9967.0, 6275.0, 3784.0, 3071.0, 15913.0, 47804.0, 66735.0, 66804.0, 46925.0, 50355.0, 38901.0, 20633.0, 21979.0, 15415.0, 7078.0, 6050.0, 4563.0, 5095.0, 6896.0, 12522.0, 11921.0, 19565.0, 33524.0, 28506.0, 16070.0, 17730.0, 17133.0, 14227.0, 18779.0, 13559.0, 8181.0, 7708.0, 7236.0, 10461.0, 12330.0, 14697.0, 13280.0, 24085.0, 28462.0, 20714.0, 21139.0, 14253.0, 15689.0, 15656.0, 26247.0, 22517.0, 12386.0, 6138.0, 6579.0, 5866.0, 6316.0, 6392.0, 5372.0, 6611.0, 7059.0, 10988.0, 10381.0, 6339.0, 6659.0, 7732.0, 8033.0, 5961.0, 6407.0, 5732.0, 11399.0, 12048.0, 7210.0, 7415.0, 5456.0, 4115.0, 5702.0, 7744.0, 5949.0, 4058.0, 4509.0, 7787.0, 7745.0, 6028.0, 5365.0, 9336.0, 11685.0, 10395.0, 7016.0, 4286.0, 5532.0, 10096.0, 10959.0, 9285.0, 11133.0, 7457.0, 3988.0, 3995.0, 3384.0, 4076.0, 3620.0, 4296.0, 4059.0, 3238.0, 2937.0, 3400.0, 5300.0, 6259.0, 7763.0, 7955.0, 4342.0, 4070.0, 4504.0, 3474.0, 2823.0, 2758.0, 4237.0, 4386.0, 3504.0, 2647.0]",33117416.88158425
5,0.8,7,"[{""x"": -0.39017200469970703, ""y"": 1.0151267051696777, ""z"": 0.0, ""velocity"": 0.0, ""snr"": 0.0}, {""x"": -0.2739429473876953, ""y"": 0.8620619773864746, ""z"": 0.0, ""velocity"": 0.0, ""snr"": 0.0}, {""x"": -0.2605319023132324, ""y"": 0.891566276550293, ""z"": 0.0, ""velocity"": 0.0, ""snr"": 0.0}, {""x"": -0.20009279251098633, ""y"": 1.0145902633666992, ""z"": 0.0, ""velocity"": 0.0, ""snr"": 0.0}, {""x"": -0.08529424667358398, ""y"": 0.971674919128418, ""z"": 0.0, ""velocity"": 0.0, ""snr"": 0.0}, {""x"": -0.08225440979003906, ""y"": 0.9970664978027344, ""z"": 0.0, ""velocity"": 0.0, ""snr"": 0.0}, {""x"": 1.7777681350708008, ""y"": 1.983046531677246, ""z"": 0.0, ""velocity"": 0.0, ""snr"": 0.0}]","[142915.0, 218645.0, 150713.0, 46233.0, 9591.0, 3299.0, 2321.0, 2413.0, 2922.0, 2632.0, 2332.0, 4154.0, 9041.0, 14855.0, 13308.0, 7758.0, 4480.0, 2981.0, 13213.0, 59709.0, 79644.0, 111029.0, 128006.0, 84878.0, 58241.0, 50589.0, 51399.0, 24103.0, 5496.0, 6850.0, 6524.0, 5597.0, 5151.0, 12314.0, 12063.0, 22186.0, 44351.0, 45399.0, 30262.0, 34027.0, 25075.0, 21953.0, 16363.0, 10828.0, 14062.0, 12342.0, 17384.0, 25694.0, 27184.0, 22674.0, 21133.0, 17411.0, 16146.0, 22269.0, 23952.0, 16214.0, 14275.0, 14725.0, 25361.0, 21738.0, 12459.0, 5967.0, 6732.0, 8244.0, 7223.0, 6785.0, 6097.0, 6463.0, 7739.0, 11524.0, 11987.0, 9405.0, 6097.0, 8049.0, 7518.0, 5714.0, 5099.0, 4872.0, 10356.0, 11282.0, 7378.0, 7283.0, 6402.0, 5570.0, 4467.0, 5540.0, 6129.0, 5261.0, 4961.0, 8640.0, 9345.0, 8586.0, 6316.0, 8368.0, 11317.0, 11027.0, 7986.0, 5005.0, 5887.0, 9965.0, 11079.0, 8848.0, 10185.0, 6938.0, 3691.0, 3160.0, 3911.0, 4654.0, 4995.0, 4049.0, 3149.0, 3990.0, 3632.0, 3733.0, 5512.0, 5129.0, 7130.0, 7570.0, 5102.0, 4855.0, 4406.0, 3076.0, 2728.0, 2950.0, 4393.0, 4392.0, 3005.0, 2547.0]",32451905.482413027
6,0.8,7,"[{""x"": -0.3517270088195801, ""y"": 0.9858012199401855, ""z"": 0.0, ""velocity"": 0.0, ""snr"": 0.0}, {""x"": -0.20134449005126953, ""y"": 0.8963942527770996, ""z"": 0.0, ""velocity"": 0.0, ""snr"": 0.0}, {""x"": -0.18364191055297852, ""y"": 0.9148120880126953, ""z"": 0.0, ""velocity"": 0.0, ""snr"": 0.0}, {""x"": -0.3402829170227051, ""y"": 1.0419487953186035, ""z"": 0.0, ""velocity"": 0.0, ""snr"": 0.0}, {""x"": -0.15717744827270508, ""y"": 0.9362697601318359, ""z"": 0.0, ""velocity"": 0.0, ""snr"": 0.0}, {""x"": -0.09584426879882812, ""y"": 0.9704232215881348, ""z"": 0.0, ""velocity"": 0.0, ""snr"": 0.0}, {""x"": 1.8644928932189941, ""y"": 1.8998980522155762, ""z"": 0.0, ""velocity"": 0.0, ""snr"": 0.0}]","[142838.0, 218480.0, 150400.0, 46409.0, 9536.0, 3468.0, 2205.0, 2133.0, 2975.0, 2541.0, 2583.0, 4623.0, 10062.0, 16724.0, 13514.0, 7497.0, 4638.0, 3405.0, 12135.0, 88687.0, 189837.0, 196202.0, 113275.0, 54836.0, 61293.0, 51586.0, 39025.0, 33569498.0, 100860929.0, 460805.0, 2684683523.0, 838860802.0, 2835352164.0, 2.0, 134217728.0, 33554432.0, 4278190080.0, 771751935.0, 1677721601.0, 0.0, 758725504.0, 3784409.0, 4096000.0, 138379264.0, 671088640.0, 1705720.0, 989855744.0, 4244105293.0, 26.0, 525545984.0, 1501182.0, 855638016.0, 1174103886.0, 25.0, 3645589504.0, 1533440.0, 1342177280.0, 2885715020.0, 24.0, 2873840896.0, 1562370.0, 1627389952.0, 2368318026.0, 40.0, 776810752.0, 1.0, 3154116610.0, 2449474093.0, 2600469333.0, 1728053836.0, 620757173.0, 3388997670.0, 620757007.0, 167772178.0, 872415256.0, 3909091347.0, 3808428042.0, 1761607690.0, 3221225490.0, 822083610.0, 2751463497.0, 251658313.0, 3674210338.0, 1107296269.0, 822083594.0, 1258291212.0, 3120562192.0, 3808428043.0, 1744830487.0, 1258291330.0, 2030043392.0, 2701132076.0, 234881284.0, 721420460.0, 2952790171.0, 3808428259.0, 3590324437.0, 3607101519.0, 1090519061.0, 3992977436.0, 1040187437.0, 50331695.0, 4093640777.0, 654311554.0, 3707764834.0, 3305111617.0, 2113929363.0, 3338666122.0, 4160749658.0, 989855800.0, 3003121699.0, 2332033068.0, 889192479.0, 1577058372.0, 1241514082.0, 654311492.0, 3271557168.0, 4127195183.0, 2516582439.0, 1241514032.0, 822083681.0, 1241514091.0, 3019898934.0, 3489660985.0, 1207959624.0, 184549483.0, 100663391.0, 1358954557.0]",1285555665.2699003
7,0.8,7,"[{""x"": -0.5355477333068848, ""y"": 1.0886192321777344, ""z"": 0.0, ""velocity"": 0.0, ""snr"": 0.0}, {""x"": -0.47403573989868164, ""y"": 1.1647939682006836, ""z"": 0.0, ""velocity"": 0.0, ""snr"": 0.0}, {""x"": -0.22923946380615234, ""y"": 1.0467767715454102, ""z"": 0.0, ""velocity"": 0.0, ""snr"": 0.0}, {""x"": -0.28574466705322266, ""y"": 1.033186912536621, ""z"": 0.0, ""velocity"": 0.0, ""snr"": 0.0}, {""x"": -0.1480579376220703, ""y"": 1.0492801666259766, ""z"": 0.0, ""velocity"": 0.0, ""snr"": 0.0}, {""x"": -0.09673833847045898, ""y"": 1.1009573936462402, ""z"": 0.0, ""velocity"": 0.0, ""snr"": 0.0}, {""x"": 1.836240291595459, ""y"": 1.9238591194152832, ""z"": 0.0, ""velocity"": 0.0, ""snr"": 0.0}]","[143186.0, 218247.0, 150624.0, 46260.0, 9700.0, 3049.0, 2303.0, 2674.0, 3327.0, 2533.0, 2607.0, 5538.0, 6844.0, 15536.0, 15494.0, 7358.0, 5411.0, 3451.0, 3451.0, 3276.0, 2129.0, 3613.0, 32925.0, 81543.0, 75833.0, 25481.0, 23399.0, 26829.0, 52294.0, 58820.0, 26580.0, 6988.0, 8528.0, 13446.0, 12413.0, 19515.0, 36671.0, 26401.0, 15064.0, 34915.0, 37674.0, 34103.0, 22534.0, 10033.0, 6618.0, 7462.0, 20728.0, 38419.0, 26814.0, 15575.0, 26708.0, 17698.0, 15185.0, 23652.0, 24699.0, 13792.0, 13025.0, 19807.0, 25211.0, 22801.0, 15212.0, 5639.0, 6832.0, 5738.0, 6702.0, 6382.0, 6368.0, 7065.0, 7551.0, 9217.0, 8064.0, 5623.0, 5727.0, 7401.0, 7357.0, 5178.0, 4956.0, 6396.0, 10002.0, 11738.0, 6243.0, 5771.0, 4884.0, 3865.0, 3990.0, 5093.0, 5862.0, 5976.0, 5026.0, 9147.0, 8992.0, 7335.0, 7531.0, 8142.0, 8037.0, 6380.0, 4355.0, 4351.0, 6741.0, 11287.0, 10896.0, 9674.0, 9926.0, 5305.0, 4054.0, 3596.0, 2826.0, 3036.0, 5094.0, 5549.0, 4043.0, 3614.0, 3389.0, 3363.0, 4171.0, 5196.0, 7560.0, 8183.0, 6176.0, 5444.0, 5095.0, 3104.0, 3478.0, 3115.0, 3708.0, 3221.0, 2343.0, 1908.0]",57366886.06092906
8,0.8,6,"[{""x"": -0.371396541595459, ""y"": 1.062333583831787, ""z"": 0.0, ""velocity"": 0.0, ""snr"": 0.0}, {""x"": -0.3361701965332031, ""y"": 1.0499954223632812, ""z"": 0.0, ""velocity"": 0.0, ""snr"": 0.0}, {""x"": -0.34099817276000977, ""y"": 1.0972023010253906, ""z"": 0.0, ""velocity"": 0.0, ""snr"": 0.0}, {""x"": -0.16987323760986328, ""y"": 1.060187816619873, ""z"": 0.0, ""velocity"": 0.0, ""snr"": 0.0}, {""x"": 1.8652081489562988, ""y"": 1.9015073776245117, ""z"": 0.0, ""velocity"": 0.0, ""snr"": 0.0}, {""x"": 1.9376277923583984, ""y"": 1.8678903579711914, ""z"": 0.0, ""velocity"": 0.0, ""snr"": 0.0}]","[142837.0, 218561.0, 150597.0, 46392.0, 9553.0, 3561.0, 2737.0, 3658.0, 3563.0, 3417.0, 3664.0, 6557.0, 9413.0, 14217.0, 12943.0, 5998.0, 4355.0, 3600.0, 3293.0, 2775.0, 2289.0, 3782.0, 23876.0, 54621.0, 67833.0, 63274.0, 29470.0, 17158.0, 27027.0, 36689.0, 19575.0, 6201.0, 6693.0, 13249.0, 10962.0, 18426.0, 31584.0, 26815.0, 32143.0, 34915.0, 17742.0, 17233.0, 13496.0, 8488.0, 16561.0, 14916.0, 10780.0, 16065.0, 24735.0, 19313.0, 14881.0, 15488.0, 18183.0, 25296.0, 21726.0, 14822.0, 13701.0, 20139.0, 28024.0, 28317.0, 19122.0, 7702.0, 8406.0, 4711.0, 7107.0, 11560.0, 13311.0, 11158.0, 10224.0, 9779.0, 7934.0, 7722.0, 4813.0, 5974.0, 6017.0, 5118.0, 6110.0, 6282.0, 8631.0, 10020.0, 7270.0, 7318.0, 5226.0, 4564.0, 3501.0, 6493.0, 7764.0, 7259.0, 5268.0, 8006.0, 9385.0, 8454.0, 7803.0, 8516.0, 8650.0, 5962.0, 3848.0, 5007.0, 7859.0, 11599.0, 10447.0, 8766.0, 9746.0, 5470.0, 4696.0, 3646.0, 4197.0, 3174.0, 4040.0, 4229.0, 3868.0, 4270.0, 3933.0, 4001.0, 4295.0, 5222.0, 7313.0, 7677.0, 5105.0, 4935.0, 4414.0, 3171.0, 3318.0, 3618.0, 3080.0, 3207.0, 1866.0, 2124.0]",56220185.95654011
9,0.8,8,"[{""x"": -0.11229515075683594, ""y"": 1.0707378387451172, ""z"": 0.0, ""velocity"": 0.0, ""snr"": 0.0}, {""x"": -0.15628337860107422, ""y"": 1.0848641395568848, ""z"": 0.0, ""velocity"": 0.0, ""snr"": 0.0}, {""x"": -0.12999773025512695, ""y"": 1.1156201362609863, ""z"": 0.0, ""velocity"": 0.0, ""snr"": 0.0}, {""x"": -0.03701448440551758, ""y"": 1.055896282196045, ""z"": 0.0, ""velocity"": 0.0, ""snr"": 0.0}, {""x"": 0.025212764739990234, ""y"": 1.1533498764038086, ""z"": 0.0, ""velocity"": 0.0, ""snr"": 0.0}, {""x"": 1.8140673637390137, ""y"": 1.946568489074707, ""z"": 0.0, ""velocity"": 0.0, ""snr"": 0.0}, {""x"": 1.7547011375427246, ""y"": 1.6867518424987793, ""z"": 0.0, ""velocity"": 0.0, ""snr"": 0.0}, {""x"": 1.9274353981018066, ""y"": 1.877903938293457, ""z"": 0.0, ""velocity"": 0.0, ""snr"": 0.0}]","[142867.0, 218452.0, 150612.0, 46146.0, 9736.0, 3353.0, 2439.0, 2186.0, 2834.0, 2677.0, 2676.0, 6207.0, 10912.0, 15022.0, 12577.0, 5306.0, 3549.0, 3164.0, 3105.0, 2632.0, 2030.0, 5044.0, 31673.0, 75525.0, 88799.0, 68154.0, 38885.0, 19565.0, 18817.0, 27549.0, 13848.0, 6468.0, 9560.0, 15878.0, 20576.0, 23924.0, 24460.0, 29208.0, 26808.0, 24440.0, 11026.0, 22951.0, 15974.0, 9132.0, 14861.0, 12711.0, 16694.0, 29897.0, 28936.0, 22173.0, 18631.0, 14736.0, 18806.0, 29076.0, 23413.0, 10198.0, 14686.0, 21601.0, 27211.0, 28018.0, 18065.0, 5604.0, 7655.0, 5377.0, 6829.0, 7909.0, 9297.0, 5868.0, 6171.0, 9326.0, 8807.0, 9646.0, 5187.0, 6439.0, 6860.0, 6928.0, 7234.0, 7192.0, 10568.0, 11795.0, 5917.0, 5649.0, 4689.0, 4174.0, 4533.0, 5189.0, 7422.0, 7635.0, 4011.0, 8081.0, 10085.0, 8768.0, 7263.0, 7692.0, 8866.0, 7694.0, 5167.0, 5845.0, 9236.0, 11787.0, 9992.0, 9329.0, 9160.0, 4554.0, 4143.0, 4168.0, 4530.0, 3349.0, 4052.0, 4645.0, 4314.0, 4372.0, 4510.0, 4391.0, 5340.0, 5985.0, 7115.0, 7996.0, 6195.0, 5498.0, 4751.0, 3012.0, 3821.0, 3822.0, 2922.0, 3049.0, 2000.0, 2624.0]",55095289.51960614
10,0.8,12,"[{""x"": -0.5114078521728516, ""y"": 1.009225845336914, ""z"": 0.0, ""velocity"": 0.0, ""snr"": 0.0}, {""x"": -0.3587007522583008, ""y"": 1.0208487510681152, ""z"": 0.0, ""velocity"": 0.0, ""snr"": 0.0}, {""x"": -0.4665255546569824, ""y"": 0.9990334510803223, ""z"": 0.0, ""velocity"": 0.0, ""snr"": 0.0}, {""x"": -0.41306018829345703, ""y"": 1.0895133018493652, ""z"": 0.0, ""velocity"": 0.0, ""snr"": 0.0}, {""x"": -0.7000565528869629, ""y"": 2.424895763397217, ""z"": 0.0, ""velocity"": 0.0, ""snr"": 0.0}, {""x"": -0.5959868431091309, ""y"": 2.483189105987549, ""z"": 0.0, ""velocity"": 0.0, ""snr"": 0.0}, {""x"": 0.32150745391845703, ""y"": 1.0339021682739258, ""z"": 0.0, ""velocity"": 0.0, ""snr"": 0.0}, {""x"": 0.280916690826416, ""y"": 1.1883974075317383, ""z"": 0.0, ""velocity"": 0.0, ""snr"": 0.0}, {""x"": 0.35941600799560547, ""y"": 1.033008098602295, ""z"": 0.0, ""velocity"": 0.0, ""snr"": 0.0}, {""x"": 1.7647147178649902, ""y"": 1.94549560546875, ""z"": 0.0, ""velocity"": 0.0, ""snr"": 0.0}, {""x"": 1.8205046653747559, ""y"": 1.9388794898986816, ""z"": 0.0, ""velocity"": 0.0, ""snr"": 0.0}, {""x"": 1.9294023513793945, ""y"": 1.870572566986084, ""z"": 0.0, ""velocity"": 0.0, ""snr"": 0.0}]","[143139.0, 218520.0, 150607.0, 46218.0, 9581.0, 3721.0, 2206.0, 2234.0, 2601.0, 2438.0, 2718.0, 6637.0, 12261.0, 16331.0, 12436.0, 4603.0, 2920.0, 3131.0, 3101.0, 2430.0, 1944.0, 3075.0, 19018.0, 46867.0, 63143.0, 56308.0, 37619.0, 27194.0, 18097.0, 19956.0, 12748.0, 10625.0, 14617.0, 18026.0, 21302.0, 34738.0, 40413.0, 28458.0, 27002.0, 25733.0, 25556.0, 17369.0, 12005.0, 9995.0, 8964.0, 10060.0, 9873.0, 23357.0, 18615.0, 12447.0, 11650.0, 10450.0, 14035.0, 19605.0, 21996.0, 19097.0, 20395.0, 25068.0, 32352.0, 31245.0, 18415.0, 5021.0, 5712.0, 4794.0, 6613.0, 7965.0, 9444.0, 7264.0, 6489.0, 8672.0, 7932.0, 7661.0, 4962.0, 5869.0, 8969.0, 6981.0, 5506.0, 6170.0, 10457.0, 11858.0, 7575.0, 6642.0, 5247.0, 3807.0, 4655.0, 5778.0, 6504.0, 6801.0, 4567.0, 8311.0, 10209.0, 8297.0, 6161.0, 7177.0, 9196.0, 9203.0, 7054.0, 5782.0, 9082.0, 11145.0, 9995.0, 10029.0, 9770.0, 5483.0, 4670.0, 4907.0, 4775.0, 3195.0, 3984.0, 5513.0, 5367.0, 4649.0, 4857.0, 4534.0, 5257.0, 5871.0, 7440.0, 8060.0, 5765.0, 5610.0, 5010.0, 2950.0, 3101.0, 3300.0, 3076.0, 2687.0, 2145.0, 2348.0]",53994039.119604945
11,0.8,8,"[{""x"": -0.5571842193603516, ""y"": 0.9659528732299805, ""z"": 0.0, ""velocity"": 0.0, ""snr"": 0.0}, {""x"": -0.5471706390380859, ""y"": 0.9983181953430176, ""z"": 0.0, ""velocity"": 0.0, ""snr"": 0.0}, {""x"": -0.5257129669189453, ""y"": 1.0385513305664062, ""z"": 0.0, ""velocity"": 0.0, ""snr"": 0.0}, {""x"": -0.5634427070617676, ""y"": 1.0769963264465332, ""z"": 0.0, ""velocity"": 0.0, ""snr"": 0.0}, {""x"": -0.34421682357788086, ""y"": 1.262068748474121, ""z"": 0.0, ""velocity"": 0.0, ""snr"": 0.0}, {""x"": 0.26553869247436523, ""y"": 1.0405182838439941, ""z"": 0.0, ""velocity"": 0.0, ""snr"": 0.0}, {""x"": 1.918494701385498, ""y"": 1.847684383392334, ""z"": 0.0, ""velocity"": 0.0, ""snr"": 0.0}, {""x"": 1.950681209564209, ""y"": 1.8525123596191406, ""z"": 0.0, ""velocity"": 0.0, ""snr"": 0.0}]","[143143.0, 218672.0, 150813.0, 46405.0, 9431.0, 3220.0, 2298.0, 2064.0, 2794.0, 2781.0, 3059.0, 6579.0, 11975.0, 16779.0, 12415.0, 4533.0, 2907.0, 2994.0, 3086.0, 2683.0, 2208.0, 3503.0, 16450.0, 38881.0, 45042.0, 48667.0, 35494.0, 15996.0, 22475.0, 37350.0, 23669.0, 5157.0, 8620.0, 17638.0, 20393.0, 38123.0, 41926.0, 32487.0, 29695.0, 35912.0, 33222.0, 18160.0, 13340.0, 12128.0, 18439.0, 21434.0, 23670.0, 28711.0, 26081.0, 15666.0, 13023.0, 10775.0, 9997.0, 20316.0, 21069.0, 14060.0, 16801.0, 20574.0, 28425.0, 28876.0, 18345.0, 7671.0, 7241.0, 5981.0, 6197.0, 7709.0, 7445.0, 9561.0, 11183.0, 9787.0, 8925.0, 8687.0, 5721.0, 6536.0, 7812.0, 7058.0, 8359.0, 8278.0, 10507.0, 11028.0, 6328.0, 6669.0, 5582.0, 5285.0, 5135.0, 5571.0, 4713.0, 5835.0, 6362.0, 9567.0, 11574.0, 9089.0, 6880.0, 7697.0, 10465.0, 9559.0, 5415.0, 6417.0, 9829.0, 11465.0, 10725.0, 10659.0, 9606.0, 4974.0, 3615.0, 4296.0, 3780.0, 3887.0, 4542.0, 5099.0, 4829.0, 4296.0, 4111.0, 3997.0, 4461.0, 4847.0, 7386.0, 7825.0, 5736.0, 5600.0, 5207.0, 2821.0, 4177.0, 4697.0, 3082.0, 2505.0, 2074.0, 2046.0]",52913738.17981014
12,0.8,9,"[{""x"": -0.530540943145752, ""y"": 1.0567903518676758, ""z"": 0.0, ""velocity"": 0.0, ""snr"": 0.0}, {""x"": -0.5106925964355469, ""y"": 1.1014938354492188, ""z"": 0.0, ""velocity"": 0.0, ""snr"": 0.0}, {""x"": -0.09566545486450195, ""y"": 1.0898709297180176, ""z"": 0.0, ""velocity"": 0.0, ""snr"": 0.0}, {""x"": -0.054895877838134766, ""y"": 1.1056065559387207, ""z"": 0.0, ""velocity"": 0.0, ""snr"": 0.0}, {""x"": 0.04595518112182617, ""y"": 1.1211633682250977, ""z"": 0.0, ""velocity"": 0.0, ""snr"": 0.0}, {""x"": 0.359952449798584, ""y"": 1.1647939682006836, ""z"": 0.0, ""velocity"": 0.0, ""snr"": 0.0}, {""x"": 1.8038749694824219, ""y"": 1.9587278366088867, ""z"": 0.0, ""velocity"": 0.0, ""snr"": 0.0}, {""x"": 1.8106698989868164, ""y"": 1.9857287406921387, ""z"": 0.0, ""velocity"": 0.0, ""snr"": 0.0}, {""x"": 1.8162131309509277, ""y"": 1.9054412841796875, ""z"": 0.0, ""velocity"": 0.0, ""snr"": 0.0}]","[142842.0, 218490.0, 150466.0, 46461.0, 9719.0, 3146.0, 2452.0, 2732.0, 2977.0, 2473.0, 2908.0, 6822.0, 12273.0, 15337.0, 11624.0, 4670.0, 2811.0, 3072.0, 2855.0, 2377.0, 1914.0, 2658.0, 7172.0, 34857.0, 59999.0, 49129.0, 29670.0, 20078.0, 14167.0, 23330.0, 17684.0, 8204.0, 12267.0, 18579.0, 22305.0, 23104.0, 34575.0, 33920.0, 41606.0, 46489.0, 29465.0, 22355.0, 17372.0, 11309.0, 9455.0, 7244.0, 15244.0, 35363.0, 30988.0, 13836.0, 16137.0, 15507.0, 13366.0, 22873.0, 21142.0, 13886.0, 13563.0, 22918.0, 32344.0, 31283.0, 18531.0, 5895.0, 7332.0, 7883.0, 8874.0, 7644.0, 5995.0, 5790.0, 8162.0, 10070.0, 11098.0, 10157.0, 7374.0, 7086.0, 5738.0, 6062.0, 7279.0, 7148.0, 9127.0, 9511.0, 6803.0, 5838.0, 4439.0, 4901.0, 5333.0, 4683.0, 4168.0, 6239.0, 7501.0, 10590.0, 12518.0, 9525.0, 6633.0, 6235.0, 7868.0, 7675.0, 6247.0, 6744.0, 9887.0, 11852.0, 10561.0, 10502.0, 10267.0, 4771.0, 3358.0, 3621.0, 3610.0, 3816.0, 3502.0, 3558.0, 4013.0, 3760.0, 3596.0, 3848.0, 3923.0, 4600.0, 7064.0, 6983.0, 4478.0, 5075.0, 4737.0, 2611.0, 3239.0, 3697.0, 3027.0, 2147.0, 1981.0, 2138.0]",51855776.60530845
13,0.8,10,"[{""x"": -0.5351901054382324, ""y"": 1.087188720703125, ""z"": 0.0, ""velocity"": 0.0, ""snr"": 0.0}, {""x"": -0.14644861221313477, ""y"": 1.643836498260498, ""z"": 0.0, ""velocity"": 0.0, ""snr"": 0.0}, {""x"": 0.19598007202148438, ""y"": 1.0364055633544922, ""z"": 0.0, ""velocity"": 0.0, ""snr"": 0.0}, {""x"": 0.10317564010620117, ""y"": 1.093447208404541, ""z"": 0.0, ""velocity"": 0.0, ""snr"": 0.0}, {""x"": 0.11444091796875, ""y"": 1.1258125305175781, ""z"": 0.0, ""velocity"": 0.0, ""snr"": 0.0}, {""x"": 0.20188093185424805, ""y"": 1.050710678100586, ""z"": 0.0, ""velocity"": 0.0, ""snr"": 0.0}, {""x"": 0.23996829986572266, ""y"": 1.145482063293457, ""z"": 0.0, ""velocity"": 0.0, ""snr"": 0.0}, {""x"": 0.35816431045532227, ""y"": 1.1542439460754395, ""z"": 0.0, ""velocity"": 0.0, ""snr"": 0.0}, {""x"": 1.902759075164795, ""y"": 1.8700361251831055, ""z"": 0.0, ""velocity"": 0.0, ""snr"": 0.0}, {""x"": 1.9020438194274902, ""y"": 1.9041895866394043, ""z"": 0.0, ""velocity"": 0.0, ""snr"": 0.0}]","[142862.0, 218382.0, 150514.0, 46283.0, 9666.0, 3550.0, 2201.0, 2372.0, 3348.0, 3216.0, 2827.0, 6567.0, 11125.0, 14532.0, 11828.0, 4851.0, 2963.0, 2748.0, 2732.0, 2443.0, 2087.0, 4188.0, 26542.0, 55633.0, 61841.0, 54980.0, 38032.0, 22356.0, 12908.0, 12859.0, 11562.0, 4996.0, 9517.0, 18847.0, 16453.0, 35583.0, 49447.0, 39363.0, 29404.0, 26883.0, 22489.0, 15532.0, 13724.0, 11313.0, 9775.0, 11871.0, 11933.0, 16701.0, 15349.0, 9987.0, 10881.0, 17533.0, 25296.0, 23124.0, 20625.0, 11710.0, 12386.0, 18104.0, 27997.0, 30304.0, 18951.0, 6761.0, 8042.0, 9104.0, 7586.0, 9401.0, 11311.0, 12168.0, 12817.0, 11105.0, 7798.0, 7390.0, 7063.0, 9277.0, 10162.0, 6889.0, 8125.0, 7041.0, 10744.0, 11742.0, 5992.0, 6448.0, 5710.0, 5019.0, 4312.0, 4853.0, 3809.0, 5151.0, 6507.0, 7804.0, 10533.0, 8824.0, 6625.0, 5936.0, 7686.0, 8397.0, 7983.0, 7706.0, 8388.0, 10510.0, 10299.0, 11322.0, 11164.0, 6283.0, 4108.0, 4131.0, 3666.0, 4521.0, 4728.0, 4907.0, 4898.0, 4234.0, 4704.0, 4760.0, 4190.0, 4252.0, 7058.0, 8002.0, 7101.0, 7005.0, 5344.0, 2899.0, 4192.0, 4037.0, 2406.0, 2167.0, 2598.0, 2328.0]",50818553.78413978
14,0.8,7,"[{""x"": -0.13875961303710938, ""y"": 1.0980963706970215, ""z"": 0.0, ""velocity"": 0.0, ""snr"": 0.0}, {""x"": 0.05310773849487305, ""y"": 1.0635852813720703, ""z"": 0.0, ""velocity"": 0.0, ""snr"": 0.0}, {""x"": 0.011444091796875, ""y"": 1.1374354362487793, ""z"": 0.0, ""velocity"": 0.0, ""snr"": 0.0}, {""x"": 0.10943412780761719, ""y"": 1.0335445404052734, ""z"": 0.0, ""velocity"": 0.0, ""snr"": 0.0}, {""x"": 0.11211633682250977, ""y"": 1.153707504272461, ""z"": 0.0, ""velocity"": 0.0, ""snr"": 0.0}, {""x"": 1.8859505653381348, ""y"": 1.885056495666504, ""z"": 0.0, ""velocity"": 0.0, ""snr"": 0.0}, {""x"": 1.961052417755127, ""y"": 1.8426775932312012, ""z"": 0.0, ""velocity"": 0.0, ""snr"": 0.0}]","[143066.0, 218549.0, 150718.0, 46583.0, 9827.0, 3292.0, 2068.0, 2138.0, 2965.0, 2740.0, 3227.0, 6338.0, 7846.0, 11192.0, 10634.0, 4920.0, 3061.0, 3349.0, 3246.0, 2554.0, 2214.0, 7652.0, 29051.0, 37973.0, 47627.0, 51522.0, 34624.0, 14808.0, 16841.0, 27570.0, 21908.0, 7555.0, 7839.0, 14301.0, 17513.0, 25825.0, 33111.0, 30291.0, 18625.0, 27841.0, 25598.0, 16952.0, 12021.0, 11262.0, 8474.0, 7346.0, 18608.0, 30196.0, 28842.0, 20216.0, 17544.0, 16387.0, 15985.0, 20768.0, 21215.0, 12847.0, 13565.0, 18688.0, 28847.0, 29803.0, 19238.0, 6330.0, 8892.0, 8147.0, 7610.0, 9103.0, 9003.0, 12667.0, 14750.0, 10586.0, 6493.0, 6053.0, 5750.0, 7200.0, 9719.0, 11853.0, 12437.0, 6915.0, 12100.0, 13931.0, 8136.0, 6188.0, 4738.0, 4510.0, 5592.0, 7449.0, 6621.0, 7051.0, 6583.0, 5610.0, 6724.0, 4940.0, 3736.0, 3940.0, 4873.0, 6114.0, 5675.0, 6542.0, 7439.0, 10896.0, 10265.0, 9538.0, 11057.0, 6603.0, 3465.0, 3325.0, 3959.0, 4935.0, 4229.0, 3843.0, 3959.0, 3404.0, 3017.0, 3290.0, 3869.0, 3885.0, 7182.0, 7879.0, 5878.0, 5421.0, 3709.0, 2500.0, 3901.0, 3828.0, 3340.0, 2654.0, 2706.0, 2225.0]",49802510.707512714
15,0.8,9,"[{""x"": -0.1443028450012207, ""y"": 1.0748505592346191, ""z"": 0.0, ""velocity"": 0.0, ""snr"": 0.0}, {""x"": 0.0388026237487793, ""y"": 1.0190606117248535, ""z"": 0.0, ""velocity"": 0.0, ""snr"": 0.0}, {""x"": 0.03701448440551758, ""y"": 1.0347962379455566, ""z"": 0.0, ""velocity"": 0.0, ""snr"": 0.0}, {""x"": 0.025570392608642578, ""y"": 1.0421276092529297, ""z"": 0.0, ""velocity"": 0.0, ""snr"": 0.0}, {""x"": -0.05364418029785156, ""y"": 1.134037971496582, ""z"": 0.0, ""velocity"": 0.0, ""snr"": 0.0}, {""x"": 0.03612041473388672, ""y"": 1.1644363403320312, ""z"": 0.0, ""velocity"": 0.0, ""snr"": 0.0}, {""x"": 1.7715096473693848, ""y"": 2.0554661750793457, ""z"": 0.0, ""velocity"": 0.0, ""snr"": 0.0}, {""x"": 1.8784403800964355, ""y"": 1.8936395645141602, ""z"": 0.0, ""velocity"": 0.0, ""snr"": 0.0}, {""x"": 1.887202262878418, ""y"": 1.9161701202392578, ""z"": 0.0, ""velocity"": 0.0, ""snr"": 0.0}]","[143033.0, 218665.0, 150516.0, 46258.0, 9627.0, 3190.0, 2046.0, 2208.0, 2823.0, 2622.0, 3421.0, 5729.0, 4696.0, 10659.0, 10382.0, 4614.0, 2962.0, 2775.0, 2925.0, 2553.0, 2366.0, 21925.0, 73853.0, 86262.0, 50743.0, 48012.0, 32316.0, 18878.0, 7492.0, 17880.0, 22555.0, 11508.0, 6364.0, 13619.0, 19042.0, 21325.0, 31023.0, 32893.0, 24470.0, 39752.0, 23547.0, 24933.0, 20143.0, 12344.0, 10842.0, 11348.0, 18303.0, 28162.0, 31273.0, 28368.0, 30190.0, 28619.0, 26954.0, 25069.0, 19889.0, 13726.0, 13983.0, 19350.0, 31711.0, 32067.0, 20584.0, 9202.0, 9518.0, 7443.0, 7135.0, 5967.0, 7960.0, 7742.0, 6694.0, 8798.0, 6679.0, 5484.0, 5245.0, 5542.0, 5257.0, 10210.0, 12921.0, 10161.0, 10554.0, 12364.0, 8155.0, 7325.0, 5206.0, 3628.0, 3868.0, 6208.0, 7360.0, 7902.0, 7296.0, 5576.0, 6218.0, 6958.0, 4763.0, 3521.0, 5204.0, 6016.0, 6836.0, 6651.0, 7390.0, 11197.0, 11905.0, 11224.0, 10009.0, 5057.0, 4197.0, 4028.0, 3714.0, 3244.0, 3583.0, 4077.0, 4337.0, 3889.0, 3813.0, 3264.0, 3788.0, 4787.0, 7029.0, 7362.0, 4771.0, 4494.0, 4448.0, 2402.0, 3108.0, 2929.0, 2662.0, 2326.0, 3005.0, 2572.0]",48805247.122279786
16,0.8,8,"[{""x"": -0.24783611297607422, ""y"": 1.0149478912353516, ""z"": 0.0, ""velocity"": 0.0, ""snr"": 0.0}, {""x"": -0.22906064987182617, ""y"": 1.0399818420410156, ""z"": 0.0, ""velocity"": 0.0, ""snr"": 0.0}, {""x"": -0.12320280075073242, ""y"": 1.078784465789795, ""z"": 0.0, ""velocity"": 0.0, ""snr"": 0.0}, {""x"": -0.10281801223754883, ""y"": 1.0998845100402832, ""z"": 0.0, ""velocity"": 0.0, ""snr"": 0.0}, {""x"": 0.3540515899658203, ""y"": 1.1286735534667969, ""z"": 0.0, ""velocity"": 0.0, ""snr"": 0.0}, {""x"": 0.43773651123046875, ""y"": 1.1386871337890625, ""z"": 0.0, ""velocity"": 0.0, ""snr"": 0.0}, {""x"": 1.8367767333984375, ""y"": 1.9304752349853516, ""z"": 0.0, ""velocity"": 0.0, ""snr"": 0.0}, {""x"": 1.8943548202514648, ""y"": 1.9106268882751465, ""z"": 0.0, ""velocity"": 0.0, ""snr"": 0.0}]","[143231.0, 218507.0, 150452.0, 46456.0, 9605.0, 3355.0, 1980.0, 2101.0, 2688.0, 2307.0, 2904.0, 4974.0, 3876.0, 9959.0, 10474.0, 4784.0, 3247.0, 2654.0, 2728.0, 2440.0, 2346.0, 13647.0, 44584.0, 77339.0, 79480.0, 43393.0, 23251.0, 22523.0, 13710.0, 39657.0, 40093.0, 16724.0, 10264.0, 13614.0, 14762.0, 27637.0, 45395.0, 28540.0, 29862.0, 41414.0, 33698.0, 24371.0, 16539.0, 13072.0, 18852.0, 21216.0, 14624.0, 13376.0, 26353.0, 28140.0, 24321.0, 18424.0, 14492.0, 17410.0, 20095.0, 13458.0, 12360.0, 21687.0, 30950.0, 31080.0, 20350.0, 6385.0, 8096.0, 5906.0, 5842.0, 7220.0, 5718.0, 4364.0, 7210.0, 11259.0, 10780.0, 6609.0, 5408.0, 5058.0, 6166.0, 6252.0, 7207.0, 7415.0, 12910.0, 14082.0, 8267.0, 6192.0, 3856.0, 4354.0, 4536.0, 6780.0, 6541.0, 5657.0, 6141.0, 6142.0, 7741.0, 5944.0, 4231.0, 4638.0, 5240.0, 7364.0, 7176.0, 7796.0, 8718.0, 11277.0, 10082.0, 11508.0, 12166.0, 6212.0, 4366.0, 5120.0, 4788.0, 4730.0, 3712.0, 2910.0, 3163.0, 3488.0, 3246.0, 3986.0, 4658.0, 4473.0, 7353.0, 8055.0, 6026.0, 5635.0, 4806.0, 2841.0, 3556.0, 3668.0, 3794.0, 2968.0, 2599.0, 2248.0]",47829089.28138341
17,0.8,10,"[{""x"": -0.1214146614074707, ""y"": 0.9961724281311035, ""z"": 0.0, ""velocity"": 0.0, ""snr"": 0.0}, {""x"": -0.11211633682250977, ""y"": 0.9936690330505371, ""z"": 0.0, ""velocity"": 0.0, ""snr"": 0.0}, {""x"": -0.11658668518066406, ""y"": 1.0197758674621582, ""z"": 0.0, ""velocity"": 0.0, ""snr"": 0.0}, {""x"": 0.054895877838134766, ""y"": 1.095592975616455, ""z"": 0.0, ""velocity"": 0.0, ""snr"": 0.0}, {""x"": -0.030755996704101562, ""y"": 1.1200904846191406, ""z"": 0.0, ""velocity"": 0.0, ""snr"": 0.0}, {""x"": -0.040590763092041016, ""y"": 2.1990537643432617, ""z"": 0.0, ""velocity"": 0.0, ""snr"": 0.0}, {""x"": 0.5725622177124023, ""y"": 1.0659098625183105, ""z"": 0.0, ""velocity"": 0.0, ""snr"": 0.0}, {""x"": 1.8028020858764648, ""y"": 1.9140243530273438, ""z"": 0.0, ""velocity"": 0.0, ""snr"": 0.0}, {""x"": 1.8430352210998535, ""y"": 1.9202828407287598, ""z"": 0.0, ""velocity"": 0.0, ""snr"": 0.0}, {""x"": 1.9084811210632324, ""y"": 1.895606517791748, ""z"": 0.0, ""velocity"": 0.0, ""snr"": 0.0}]","[142908.0, 218526.0, 150484.0, 46282.0, 9506.0, 3341.0, 1972.0, 2000.0, 2859.0, 2377.0, 2793.0, 5189.0, 4367.0, 10560.0, 10327.0, 4609.0, 3219.0, 4514.0, 4078.0, 3914.0, 6225.0, 37126.0, 61070.0, 25982.0, 26309.0, 23675.0, 25742.0, 24137.0, 13716.0, 14389.0, 17489.0, 10858.0, 5306.0, 12883.0, 14046.0, 11014.0, 26287.0, 28886.0, 25140.0, 41456.0, 36371.0, 22092.0, 11439.0, 9492.0, 8548.0, 15835.0, 10303.0, 29312.0, 42357.0, 32190.0, 16295.0, 10237.0, 8888.0, 17416.0, 21993.0, 15588.0, 13924.0, 23390.0, 31354.0, 30356.0, 20138.0, 7665.0, 7943.0, 6543.0, 7223.0, 7235.0, 5605.0, 7145.0, 7253.0, 8555.0, 7720.0, 5169.0, 6151.0, 6104.0, 6165.0, 4635.0, 4962.0, 6774.0, 11573.0, 12165.0, 5982.0, 6872.0, 4666.0, 4590.0, 7025.0, 8913.0, 8569.0, 6230.0, 7474.0, 7260.0, 4866.0, 5008.0, 3190.0, 3663.0, 4653.0, 5781.0, 6003.0, 7198.0, 8656.0, 12822.0, 10557.0, 9660.0, 10502.0, 4950.0, 3035.0, 3616.0, 4309.0, 4185.0, 4634.0, 4711.0, 3579.0, 3893.0, 3416.0, 2870.0, 3442.0, 4076.0, 6709.0, 6945.0, 4909.0, 5205.0, 4676.0, 2537.0, 3757.0, 3349.0, 3105.0, 3103.0, 2088.0, 2118.0]",46874045.061535195
18,0.8,15,"[{""x"": -0.20939111709594727, ""y"": 1.0024309158325195, ""z"": 0.0, ""velocity"": 0.0, ""snr"": 0.0}, {""x"": -0.20045042037963867, ""y"": 1.0322928428649902, ""z"": 0.0, ""velocity"": 0.0, ""snr"": 0.0}, {""x"": -0.16897916793823242, ""y"": 0.9824037551879883, ""z"": 0.0, ""velocity"": 0.0, ""snr"": 0.0}, {""x"": -0.16236305236816406, ""y"": 1.064300537109375, ""z"": 0.0, ""velocity"": 0.0, ""snr"": 0.0}, {""x"": -0.14895200729370117, ""y"": 2.3612380027770996, ""z"": 0.0, ""velocity"": 0.0, ""snr"": 0.0}, {""x"": -0.06884336471557617, ""y"": 1.6849637031555176, ""z"": 0.0, ""velocity"": 0.0, ""snr"": 0.0}, {""x"": -0.01055002212524414, ""y"": 1.7266273498535156, ""z"": 0.0, ""velocity"": 0.0, ""snr"": 0.0}, {""x"": -0.11551380157470703, ""y"": 2.3465752601623535, ""z"": 0.0, ""velocity"": 0.0, ""snr"": 0.0}, {""x"": 0.1004934310913086, ""y"": 1.1259913444519043, ""z"": 0.0, ""velocity"": 0.0, ""snr"": 0.0}, {""x"": 0.4996061325073242, ""y"": 1.0988116264343262, ""z"": 0.0, ""velocity"": 0.0, ""snr"": 0.0}, {""x"": 0.5500316619873047, ""y"": 1.0732412338256836, ""z"": 0.0, ""velocity"": 0.0, ""snr"": 0.0}, {""x"": 1.8752217292785645, ""y"": 1.8523335456848145, ""z"": 0.0, ""velocity"": 0.0, ""snr"": 0.0}, {""x"": 1.8877387046813965, ""y"": 1.8832683563232422, ""z"": 0.0, ""velocity"": 0.0, ""snr"": 0.0}, {""x"": 1.9327998161315918, ""y"": 1.8754005432128906, ""z"": 0.0, ""velocity"": 0.0, ""snr"": 0.0}, {""x"": 1.9349455833435059, ""y"": 1.9072294235229492, ""z"": 0.0, ""velocity"": 0.0, ""snr"": 0.0}]","[142806.0, 218333.0, 150364.0, 46052.0, 9412.0, 3128.0, 1936.0, 2165.0, 3028.0, 2527.0, 2912.0, 5470.0, 5634.0, 10860.0, 9987.0, 4391.0, 3284.0, 4230.0, 2930.0, 4856.0, 9373.0, 29404.0, 48733.0, 57363.0, 47535.0, 27997.0, 36549.0, 30535.0, 8697.0, 6019.0, 5669.0, 5162.0, 5278.0, 11585.0, 17599.0, 38554.0, 54263.0, 47689.0, 41060.0, 35332.0, 32533.0, 14019.0, 14331.0, 17673.0, 12081.0, 12016.0, 10598.0, 16539.0, 32864.0, 23674.0, 17568.0, 37129.0, 33094.0, 20362.0, 24119.0, 21422.0, 13794.0, 19200.0, 29218.0, 30534.0, 21442.0, 9241.0, 5723.0, 7146.0, 7488.0, 6084.0, 6360.0, 5079.0, 5494.0, 9213.0, 8796.0, 6532.0, 5468.0, 6797.0, 8077.0, 7036.0, 6322.0, 5448.0, 11335.0, 11442.0, 6465.0, 6893.0, 4524.0, 3424.0, 4377.0, 5990.0, 6644.0, 5455.0, 6567.0, 6051.0, 5376.0, 7327.0, 5026.0, 7042.0, 8503.0, 7456.0, 6335.0, 6159.0, 8771.0, 10659.0, 11209.0, 11593.0, 9663.0, 4108.0, 4408.0, 4520.0, 4711.0, 4352.0, 4575.0, 5327.0, 5257.0, 4064.0, 4155.0, 3585.0, 3238.0, 4211.0, 6886.0, 7252.0, 5468.0, 5317.0, 4609.0, 2677.0, 3370.0, 3269.0, 3622.0, 3500.0, 2419.0, 2133.0]",45935380.46499199
19,0.8,11,"[{""x"": -0.43451786041259766, ""y"": 0.8484721183776855, ""z"": 0.0, ""velocity"": 0.0, ""snr"": 0.0}, {""x"": -0.34618377685546875, ""y"": 0.9266138076782227, ""z"": 0.0, ""velocity"": 0.0, ""snr"": 0.0}, {""x"": -0.3656744956970215, ""y"": 0.9407401084899902, ""z"": 0.0, ""velocity"": 0.0, ""snr"": 0.0}, {""x"": -0.3991127014160156, ""y"": 0.9700655937194824, ""z"": 0.0, ""velocity"": 0.0, ""snr"": 0.0}, {""x"": -0.4227161407470703, ""y"": 1.0167360305786133, ""z"": 0.0, ""velocity"": 0.0, ""snr"": 0.0}, {""x"": -0.45168399810791016, ""y"": 1.0342597961425781, ""z"": 0.0, ""velocity"": 0.0, ""snr"": 0.0}, {""x"": 0.3619194030761719, ""y"": 1.1252760887145996, ""z"": 0.0, ""velocity"": 0.0, ""snr"": 0.0}, {""x"": 1.874685287475586, ""y"": 1.851975917816162, ""z"": 0.0, ""velocity"": 0.0, ""snr"": 0.0}, {""x"": 1.9086599349975586, ""y"": 1.859128475189209, ""z"": 0.0, ""velocity"": 0.0, ""snr"": 0.0}, {""x"": 1.9576549530029297, ""y"": 1.847684383392334, ""z"": 0.0, ""velocity"": 0.0, ""snr"": 0.0}, {""x"": 1.9420981407165527, ""y"": 1.89971923828125, ""z"": 0.0, ""velocity"": 0.0, ""snr"": 0.0}]","[142970.0, 218656.0, 150522.0, 46439.0, 9581.0, 3244.0, 2143.0, 2086.0, 2626.0, 2416.0, 2904.0, 5821.0, 8091.0, 11754.0, 10004.0, 4174.0, 3643.0, 4460.0, 5783.0, 8750.0, 16786.0, 42410.0, 56699.0, 46292.0, 49111.0, 50831.0, 38847.0, 20315.0, 11824.0, 28576.0, 26121.0, 10006.0, 6111.0, 12541.0, 16324.0, 34003.0, 46245.0, 38515.0, 33378.0, 35843.0, 23751.0, 20847.0, 16195.0, 10088.0, 9330.0, 14132.0, 12135.0, 15620.0, 28773.0, 32874.0, 22729.0, 36330.0, 34824.0, 21763.0, 21560.0, 14249.0, 13038.0, 21472.0, 31153.0, 31380.0, 21752.0, 8430.0, 8793.0, 8000.0, 7657.0, 6708.0, 5895.0, 4378.0, 5734.0, 9516.0, 7954.0, 7608.0, 5915.0, 7036.0, 7663.0, 6403.0, 4795.0, 5098.0, 10687.0, 11757.0, 5536.0, 6346.0, 4697.0, 4706.0, 4331.0, 5640.0, 5170.0, 5002.0, 4903.0, 4429.0, 7342.0, 7448.0, 3812.0, 5807.0, 3047.0, 4570.0, 6216.0, 6536.0, 7772.0, 10507.0, 10372.0, 11070.0, 9493.0, 3844.0, 4394.0, 3608.0, 4222.0, 5020.0, 4369.0, 3590.0, 3692.0, 3693.0, 3400.0, 3334.0, 3596.0, 4197.0, 6872.0, 7458.0, 6147.0, 5201.0, 4243.0, 2488.0, 4527.0, 4173.0, 3700.0, 3301.0, 1960.0, 1933.0]",45016300.426592186
0,0.8,8,"[{""x"": -0.3154277801513672, ""y"": 0.9128451347351074, ""z"": 0.0, ""velocity"": 0.0, ""snr"": 0.0}, {""x"": -0.3991127014160156, ""y"": 1.0592937469482422, ""z"": 0.0, ""velocity"": 0.0, ""snr"": 0.0}, {""x"": -0.3046989440917969, ""y"": 0.9360909461975098, ""z"": 0.0, ""velocity"": 0.0, ""snr"": 0.0}, {""x"": -0.2955794334411621, ""y"": 0.9564757347106934, ""z"": 0.0, ""velocity"": 0.0, ""snr"": 0.0}, {""x"": -0.2512335777282715, ""y"": 1.0714530944824219, ""z"": 0.0, ""velocity"": 0.0, ""snr"": 0.0}, {""x"": -0.16075372695922852, ""y"": 1.0358691215515137, ""z"": 0.0, ""velocity"": 0.0, ""snr"": 0.0}, {""x"": 1.886129379272461, ""y"": 1.883089542388916, ""z"": 0.0, ""velocity"": 0.0, ""snr"": 0.0}, {""x"": 1.9197463989257812, ""y"": 1.8864870071411133, ""z"": 0.0, ""velocity"": 0.0, ""snr"": 0.0}]","[143011.0, 218559.0, 150445.0, 46306.0, 9617.0, 2877.0, 2014.0, 1919.0, 2634.0, 2373.0, 2625.0, 5874.0, 8788.0, 11789.0, 9110.0, 4468.0, 3811.0, 4495.0, 2846.0, 4175.0, 22206.0, 55993.0, 62428.0, 45686.0, 48709.0, 48815.0, 26637.0, 9384.0, 15060.0, 36570.0, 28813.0, 7569.0, 7158.0, 14336.0, 16482.0, 19331.0, 29862.0, 33394.0, 25311.0, 31817.0, 25944.0, 13137.0, 14312.0, 12049.0, 9265.0, 11317.0, 10223.0, 20086.0, 21594.0, 24419.0, 13777.0, 18123.0, 17383.0, 15991.0, 21625.0, 17015.0, 13183.0, 21263.0, 30697.0, 31990.0, 21040.0, 8757.0, 9933.0, 6153.0, 7432.0, 8013.0, 6616.0, 6202.0, 7071.0, 10001.0, 8877.0, 6275.0, 5445.0, 7654.0, 9676.0, 8240.0, 4991.0, 6253.0, 11944.0, 12698.0, 6657.0, 6977.0, 4628.0, 4133.0, 5806.0, 9044.0, 8578.0, 7876.0, 8054.0, 6387.0, 6398.0, 6253.0, 4181.0, 3765.0, 4471.0, 5636.0, 5576.0, 6660.0, 9006.0, 11571.0, 10934.0, 11419.0, 9795.0, 3929.0, 2975.0, 3270.0, 3393.0, 4292.0, 5288.0, 3960.0, 3611.0, 4323.0, 3587.0, 3008.0, 3873.0, 4747.0, 7128.0, 7328.0, 5866.0, 5319.0, 4490.0, 2814.0, 2564.0, 3168.0, 3923.0, 2861.0, 2451.0, 2881.0]",44116627.96493535
1,0.8,10,"[{""x"": -0.33795833587646484, ""y"": 0.9037256240844727, ""z"": 0.0, ""velocity"": 0.0, ""snr"": 0.0}, {""x"": -0.3104209899902344, ""y"": 0.9330511093139648, ""z"": 0.0, ""velocity"": 0.0, ""snr"": 0.0}, {""x"": -0.32383203506469727, ""y"": 0.939488410949707, ""z"": 0.0, ""velocity"": 0.0, ""snr"": 0.0}, {""x"": -0.25159120559692383, ""y"": 1.0077953338623047, ""z"": 0.0, ""velocity"": 0.0, ""snr"": 0.0}, {""x"": -0.23728609085083008, ""y"": 1.0524988174438477, ""z"": 0.0, ""velocity"": 0.0, ""snr"": 0.0}, {""x"": 0.24086236953735352, ""y"": 1.132965087890625, ""z"": 0.0, ""velocity"": 0.0, ""snr"": 0.0}, {""x"": 0.2728700637817383, ""y"": 1.156926155090332, ""z"": 0.0, ""velocity"": 0.0, ""snr"": 0.0}, {""x"": 0.35244226455688477, ""y"": 1.1619329452514648, ""z"": 0.0, ""velocity"": 0.0, ""snr"": 0.0}, {""x"": 1.9342303276062012, ""y"": 1.837313175201416, ""z"": 0.0, ""velocity"": 0.0, ""snr"": 0.0}, {""x"": 1.9583702087402344, ""y"": 1.8458962440490723, ""z"": 0.0, ""velocity"": 0.0, ""snr"": 0.0}]","[142883.0, 218458.0, 150273.0, 46231.0, 9498.0, 3302.0, 1943.0, 2079.0, 2854.0, 2346.0, 2722.0, 5876.0, 8676.0, 10047.0, 8334.0, 4769.0, 3731.0, 4249.0, 3303.0, 4276.0, 17883.0, 46479.0, 49132.0, 28199.0, 29599.0, 24769.0, 30318.0, 23322.0, 27850.0, 50797.0, 32733.0, 8056.0, 6253.0, 12509.0, 12128.0, 13437.0, 28147.0, 24445.0, 13199.0, 27082.0, 21403.0, 12909.0, 11438.0, 12010.0, 13054.0, 14930.0, 13441.0, 5747.0, 18833.0, 30356.0, 19648.0, 25947.0, 31137.0, 15529.0, 19001.0, 11629.0, 12769.0, 18391.0, 29616.0, 30983.0, 19901.0, 11967.0, 12221.0, 5818.0, 6355.0, 8355.0, 7530.0, 6350.0, 6745.0, 8789.0, 7754.0, 5052.0, 4972.0, 6391.0, 6985.0, 5892.0, 5048.0, 5239.0, 8905.0, 10195.0, 6075.0, 6255.0, 4967.0, 4051.0, 4193.0, 3854.0, 4382.0, 6531.0, 5137.0, 7831.0, 10806.0, 9042.0, 5261.0, 4302.0, 5483.0, 5929.0, 6071.0, 7392.0, 9083.0, 11604.0, 9798.0, 10491.0, 10291.0, 4494.0, 3917.0, 3242.0, 4289.0, 3384.0, 3743.0, 3357.0, 3553.0, 3644.0, 3280.0, 3430.0, 2925.0, 4550.0, 7402.0, 8060.0, 5725.0, 4853.0, 4210.0, 3385.0, 3006.0, 3250.0, 3459.0, 2732.0, 2478.0, 2005.0]",43235044.93358487
2,0.8,8,"[{""x"": -0.31256675720214844, ""y"": 0.9194612503051758, ""z"": 0.0, ""velocity"": 0.0, ""snr"": 0.0}, {""x"": -0.31810998916625977, ""y"": 0.9360909461975098, ""z"": 0.0, ""velocity"": 0.0, ""snr"": 0.0}, {""x"": -0.3363490104675293, ""y"": 0.9459257125854492, ""z"": 0.0, ""velocity"": 0.0, ""snr"": 0.0}, {""x"": -0.3617405891418457, ""y"": 0.9856224060058594, ""z"": 0.0, ""velocity"": 0.0, ""snr"": 0.0}, {""x"": -0.29844045639038086, ""y"": 1.0614395141601562, ""z"": 0.0, ""velocity"": 0.0, ""snr"": 0.0}, {""x"": -0.29844045639038086, ""y"": 1.0875463485717773, ""z"": 0.0, ""velocity"": 0.0, ""snr"": 0.0}, {""x"": 1.8829107284545898, ""y"": 1.8895268440246582, ""z"": 0.0, ""velocity"": 0.0, ""snr"": 0.0}, {""x"": 1.937270164489746, ""y"": 1.8696784973144531, ""z"": 0.0, ""velocity"": 0.0, ""snr"": 0.0}]","[143045.0, 218461.0, 150414.0, 46346.0, 9740.0, 3243.0, 2032.0, 2006.0, 2688.0, 2251.0, 2894.0, 5292.0, 6770.0, 10172.0, 9172.0, 6332.0, 3699.0, 3003.0, 3152.0, 3854.0, 19739.0, 60114.0, 71501.0, 52696.0, 67605.0, 59725.0, 34062.0, 29114.0, 44016.0, 55376.0, 31774.0, 7086.0, 6185.0, 13262.0, 12990.0, 17836.0, 39299.0, 24929.0, 21025.0, 41014.0, 29761.0, 14029.0, 13289.0, 11910.0, 10821.0, 7517.0, 10923.0, 14176.0, 16778.0, 19702.0, 17625.0, 13814.0, 15191.0, 15615.0, 21656.0, 13676.0, 12737.0, 19160.0, 29988.0, 31699.0, 21302.0, 10741.0, 10355.0, 6317.0, 7459.0, 6788.0, 6418.0, 7611.0, 7268.0, 10401.0, 7998.0, 5289.0, 5622.0, 6604.0, 6092.0, 4895.0, 4896.0, 5668.0, 11310.0, 11775.0, 6849.0, 6666.0, 4341.0, 3924.0, 4406.0, 6845.0, 6408.0, 3923.0, 6088.0, 10737.0, 12259.0, 10084.0, 6395.0, 7297.0, 8684.0, 6308.0, 5839.0, 6284.0, 8983.0, 11229.0, 9843.0, 10695.0, 9527.0, 4589.0, 3847.0, 3389.0, 3220.0, 2791.0, 3196.0, 3204.0, 3370.0, 3921.0, 3628.0, 4280.0, 4195.0, 4998.0, 8001.0, 8727.0, 6328.0, 5616.0, 4827.0, 2999.0, 2897.0, 3179.0, 3604.0, 3643.0, 2703.0, 2659.0]",42368802.37461958
3,0.8,9,"[{""x"": -0.2764463424682617, ""y"": 1.262962818145752, ""z"": 0.0, ""velocity"": 0.0, ""snr"": 0.0}, {""x"": -0.17970800399780273, ""y"": 1.039445400238037, ""z"": 0.0, ""velocity"": 0.0, ""snr"": 0.0}, {""x"": -0.12159347534179688, ""y"": 1.0710954666137695, ""z"": 0.0, ""velocity"": 0.0, ""snr"": 0.0}, {""x"": -0.15485286712646484, ""y"": 1.0818243026733398, ""z"": 0.0, ""velocity"": 0.0, ""snr"": 0.0}, {""x"": -0.12642145156860352, ""y"": 1.1140108108520508, ""z"": 0.0, ""velocity"": 0.0, ""snr"": 0.0}, {""x"": -0.20492076873779297, ""y"": 1.1635422706604004, ""z"": 0.0, ""velocity"": 0.0, ""snr"": 0.0}, {""x"": -0.2244114875793457, ""y"": 1.240074634552002, ""z"": 0.0, ""velocity"": 0.0, ""snr"": 0.0}, {""x"": 1.8650293350219727, ""y"": 1.903831958770752, ""z"": 0.0, ""velocity"": 0.0, ""snr"": 0.0}, {""x"": 1.9102692604064941, ""y"": 1.895606517791748, ""z"": 0.0, ""velocity"": 0.0, ""snr"": 0.0}]","[142673.0, 218432.0, 150477.0, 46477.0, 9907.0, 3544.0, 2125.0, 2045.0, 4018.0, 6904.0, 7331.0, 5143.0, 5832.0, 10296.0, 9902.0, 6939.0, 4281.0, 3060.0, 2875.0, 2523.0, 4483.0, 12264.0, 28633.0, 83334.0, 92890.0, 66023.0, 36254.0, 49384.0, 91765.0, 79797.0, 24867.0, 4204.0, 7378.0, 13271.0, 12641.0, 13176.0, 34602.0, 33382.0, 24306.0, 33711.0, 27079.0, 22969.0, 17254.0, 10393.0, 9819.0, 14052.0, 15302.0, 17934.0, 23490.0, 21368.0, 15913.0, 14580.0, 14157.0, 20442.0, 25479.0, 17719.0, 14020.0, 21859.0, 32610.0, 32940.0, 22132.0, 8593.0, 9474.0, 8263.0, 8278.0, 8069.0, 8785.0, 6988.0, 7263.0, 10123.0, 9649.0, 7343.0, 4890.0, 6792.0, 5303.0, 5701.0, 5502.0, 5804.0, 10172.0, 10146.0, 7041.0, 5906.0, 3920.0, 5001.0, 6804.0, 8050.0, 5765.0, 4524.0, 5795.0, 5735.0, 4611.0, 4770.0, 5214.0, 8266.0, 9426.0, 7672.0, 6212.0, 4913.0, 7996.0, 11484.0, 10429.0, 10130.0, 9620.0, 4375.0, 3445.0, 3139.0, 2769.0, 2696.0, 3235.0, 3418.0, 4019.0, 4398.0, 4224.0, 3461.0, 2887.0, 4214.0, 6961.0, 7647.0, 5785.0, 5179.0, 4796.0, 2506.0, 3629.0, 3426.0, 3015.0, 3265.0, 2401.0, 2268.0]",41520896.24677888
4,0.8,10,"[{""x"": -0.4386305809020996, ""y"": 1.1098980903625488, ""z"": 0.0, ""velocity"": 0.0, ""snr"": 0.0}, {""x"": -0.2875328063964844, ""y"": 1.0961294174194336, ""z"": 0.0, ""velocity"": 0.0, ""snr"": 0.0}, {""x"": -0.3458261489868164, ""y"": 1.0995268821716309, ""z"": 0.0, ""velocity"": 0.0, ""snr"": 0.0}, {""x"": -0.36406517028808594, ""y"": 1.1969804763793945, ""z"": 0.0, ""velocity"": 0.0, ""snr"": 0.0}, {""x"": -0.2982616424560547, ""y"": 1.2436509132385254, ""z"": 0.0, ""velocity"": 0.0, ""snr"": 0.0}, {""x"": -0.32329559326171875, ""y"": 1.2509822845458984, ""z"": 0.0, ""velocity"": 0.0, ""snr"": 0.0}, {""x"": 1.7677545547485352, ""y"": 1.9494295120239258, ""z"": 0.0, ""velocity"": 0.0, ""snr"": 0.0}, {""x"": 1.8251538276672363, ""y"": 1.9404888153076172, ""z"": 0.0, ""velocity"": 0.0, ""snr"": 0.0}, {""x"": 1.896500587463379, ""y"": 1.9106268882751465, ""z"": 0.0, ""velocity"": 0.0, ""snr"": 0.0}, {""x"": 2.024531364440918, ""y"": 1.8063783645629883, ""z"": 0.0, ""velocity"": 0.0, ""snr"": 0.0}]","[142819.0, 218332.0, 150567.0, 46371.0, 9743.0, 3395.0, 2008.0, 2248.0, 2425.0, 2968.0, 3268.0, 4422.0, 5308.0, 9895.0, 10368.0, 7416.0, 4275.0, 3434.0, 3054.0, 2425.0, 5866.0, 13222.0, 15663.0, 19425.0, 38355.0, 63130.0, 57788.0, 71511.0, 96116.0, 63427.0, 17769.0, 3886.0, 6213.0, 13251.0, 17465.0, 15104.0, 28220.0, 31759.0, 17146.0, 27500.0, 23086.0, 18868.0, 14022.0, 11753.0, 14904.0, 15690.0, 9895.0, 7972.0, 16585.0, 16653.0, 9964.0, 8324.0, 9678.0, 19227.0, 23830.0, 15233.0, 16987.0, 21905.0, 30944.0, 31887.0, 21673.0, 8680.0, 8212.0, 6918.0, 9059.0, 10118.0, 12001.0, 9633.0, 5641.0, 8081.0, 7162.0, 7407.0, 6246.0, 7230.0, 7081.0, 5308.0, 4693.0, 5571.0, 11736.0, 12980.0, 7079.0, 7234.0, 4843.0, 4925.0, 7430.0, 8167.0, 7633.0, 4625.0, 4307.0, 5856.0, 4353.0, 4357.0, 6273.0, 10084.0, 10764.0, 8556.0, 6449.0, 4520.0, 7953.0, 11818.0, 11211.0, 10047.0, 9787.0, 4875.0, 2784.0, 2433.0, 2899.0, 3375.0, 3661.0, 3617.0, 3655.0, 3383.0, 3610.0, 3194.0, 3291.0, 4585.0, 6667.0, 7116.0, 5175.0, 4222.0, 3929.0, 3632.0, 4219.0, 4211.0, 2664.0, 2208.0, 2503.0, 2470.0]",40691736.27131498
5,0.8,8,"[{""x"": -0.3281235694885254, ""y"": 0.9203553199768066, ""z"": 0.0, ""velocity"": 0.0, ""snr"": 0.0}, {""x"": -0.44023990631103516, ""y"": 1.1043548583984375, ""z"": 0.0, ""velocity"": 0.0, ""snr"": 0.0}, {""x"": -0.3522634506225586, ""y"": 1.1862516403198242, ""z"": 0.0, ""velocity"": 0.0, ""snr"": 0.0}, {""x"": -0.1271367073059082, ""y"": 1.1242032051086426, ""z"": 0.0, ""velocity"": 0.0, ""snr"": 0.0}, {""x"": 0.05704164505004883, ""y"": 1.0864734649658203, ""z"": 0.0, ""velocity"": 0.0, ""snr"": 0.0}, {""x"": -0.005185604095458984, ""y"": 1.1050701141357422, ""z"": 0.0, ""velocity"": 0.0, ""snr"": 0.0}, {""x"": 1.8253326416015625, ""y"": 1.9410252571105957, ""z"": 0.0, ""velocity"": 0.0, ""snr"": 0.0}, {""x"": 1.8954277038574219, ""y"": 1.9106268882751465, ""z"": 0.0, ""velocity"": 0.0, ""snr"": 0.0}]","[143036.0, 218559.0, 150431.0, 46499.0, 9534.0, 3216.0, 1991.0, 2346.0, 5500.0, 6303.0, 3841.0, 4104.0, 4639.0, 9101.0, 9992.0, 7233.0, 4051.0, 3367.0, 3028.0, 3541.0, 7251.0, 17626.0, 15141.0, 24197.0, 39441.0, 32417.0, 27947.0, 27998.0, 27661.0, 12464.0, 7952.0, 5586.0, 6558.0, 15367.0, 17283.0, 12613.0, 24764.0, 27430.0, 14878.0, 29502.0, 24140.0, 16973.0, 14371.0, 13208.0, 20886.0, 24486.0, 15764.0, 20143.0, 19044.0, 12533.0, 11074.0, 8624.0, 9008.0, 18027.0, 21731.0, 14540.0, 12293.0, 20786.0, 30103.0, 30957.0, 20343.0, 7159.0, 7698.0, 7529.0, 9908.0, 9782.0, 7613.0, 7216.0, 8291.0, 10177.0, 9698.0, 8609.0, 4465.0, 4374.0, 6077.0, 4435.0, 3977.0, 4763.0, 9951.0, 12018.0, 6859.0, 7075.0, 4808.0, 3518.0, 4787.0, 7377.0, 8175.0, 6981.0, 5214.0, 5727.0, 4512.0, 4313.0, 6734.0, 10445.0, 10389.0, 8497.0, 6326.0, 4302.0, 8060.0, 11808.0, 10003.0, 10470.0, 10979.0, 4884.0, 2999.0, 3021.0, 2880.0, 3081.0, 4392.0, 4184.0, 3823.0, 3738.0, 3910.0, 4047.0, 3010.0, 4899.0, 7409.0, 7706.0, 5417.0, 5215.0, 4555.0, 3753.0, 4511.0, 4310.0, 3295.0, 3165.0, 2790.0, 2545.0]",39879558.670508206
6,0.8,8,"[{""x"": -0.4502534866333008, ""y"": 1.0095834732055664, ""z"": 0.0, ""velocity"": 0.0, ""snr"": 0.0}, {""x"": -0.4391670227050781, ""y"": 1.0566115379333496, ""z"": 0.0, ""velocity"": 0.0, ""snr"": 0.0}, {""x"": -0.1323223114013672, ""y"": 1.0353326797485352, ""z"": 0.0, ""velocity"": 0.0, ""snr"": 0.0}, {""x"": -0.12391805648803711, ""y"": 1.0364055633544922, ""z"": 0.0, ""velocity"": 0.0, ""snr"": 0.0}, {""x"": -0.17058849334716797, ""y"": 1.242220401763916, ""z"": 0.0, ""velocity"": 0.0, ""snr"": 0.0}, {""x"": 0.4343390464782715, ""y"": 1.1054277420043945, ""z"": 0.0, ""velocity"": 0.0, ""snr"": 0.0}, {""x"": 1.8205046653747559, ""y"": 1.9472837448120117, ""z"": 0.0, ""velocity"": 0.0, ""snr"": 0.0}, {""x"": 1.8652081489562988, ""y"": 1.9390583038330078, ""z"": 0.0, ""velocity"": 0.0, ""snr"": 0.0}]","[143115.0, 218679.0, 150575.0, 46436.0, 9620.0, 3152.0, 2181.0, 4061.0, 7219.0, 6115.0, 4317.0, 4821.0, 5292.0, 8178.0, 9673.0, 7779.0, 4304.0, 3523.0, 3097.0, 3994.0, 6371.0, 10853.0, 32951.0, 54231.0, 26894.0, 620298240.0, 624164864.0, 662765568.0, 571342848.0, 615841792.0, 448462848.0, 376897536.0, 335020032.0, 450297856.0, 468779008.0, 414384128.0, 353370112.0, 341442560.0, 577437696.0, 752222208.0, 507969536.0, 443088896.0, 235929600.0, 281673728.0, 325648384.0, 392953856.0, 366215168.0, 349634560.0, 319684608.0, 361693184.0, 368050176.0, 313982976.0, 323420160.0, 278528000.0, 275185664.0, 422313984.0, 400031744.0, 347275264.0, 501219328.0, 739442688.0, 639631360.0, 616300544.0, 629932032.0, 394199040.0, 229376000.0, 197197824.0, 240058368.0, 186580992.0, 265224192.0, 254738432.0, 158400512.0, 178782208.0, 242089984.0, 254345216.0, 248053760.0, 315359232.0, 471793664.0, 500367360.0, 367263744.0, 306905088.0, 274726912.0, 181403648.0, 243531776.0, 244252672.0, 201850880.0, 168493056.0, 179503104.0, 158597120.0, 0.0, 0.0, 0.0, 0.0, 50594050.0, 117966086.0, 84214528.0, 672.0, 681010.0, 745.0, 0.0, 7.0, 2.0, 4294967295.0, 301.0, 90.0, 960200704.0, 968808749.0, 1048576000.0, 1065353216.0, 7.0, 403503947.0, 0.0, 26757958.0, 12077.0, 1345781760.0, 842726907.0, 0.0, 96489012.0, 6407.0, 1179975680.0, 299372164.0, 0.0, 241780828.0, 4664.0, 1215496192.0, 309661272.0, 0.0, 19810412.0, 33554432.0]",278693269.9503428
7,0.8,7,"[{""x"": -0.06759166717529297, ""y"": 1.0505318641662598, ""z"": 0.0, ""velocity"": 0.0, ""snr"": 0.0}, {""x"": -0.0826120376586914, ""y"": 1.0644793510437012, ""z"": 0.0, ""velocity"": 0.0, ""snr"": 0.0}, {""x"": -0.03826618194580078, ""y"": 2.15756893157959, ""z"": 0.0, ""velocity"": 0.0, ""snr"": 0.0}, {""x"": 0.2447962760925293, ""y"": 1.1613965034484863, ""z"": 0.0, ""velocity"": 0.0, ""snr"": 0.0}, {""x"": 0.29343366622924805, ""y"": 1.1896491050720215, ""z"": 0.0, ""velocity"": 0.0, ""snr"": 0.0}, {""x"": 0.680387020111084, ""y"": 0.8559823036193848, ""z"": 0.0, ""velocity"": 0.0, ""snr"": 0.0}, {""x"": 0.6787776947021484, ""y"": 0.8763670921325684, ""z"": 0.0, ""velocity"": 0.0, ""snr"": 0.0}]","[143192.0, 218495.0, 150607.0, 46116.0, 9506.0, 13584.0, 18514.0, 10297.0, 3793.0, 4344.0, 5048.0, 4781.0, 5119.0, 12417.0, 12746.0, 5974.0, 4032.0, 3453.0, 2597.0, 3093.0, 3409.0, 6713.0, 33218.0, 67878.0, 81268.0, 46550.0, 22822.0, 24509.0, 31577.0, 36981.0, 19591.0, 6254.0, 7904.0, 11856.0, 10381.0, 28497.0, 45195.0, 31375.0, 28483.0, 36481.0, 32348.0, 19872.0, 16523.0, 13451.0, 13285.0, 13869.0, 19305.0, 31374.0, 25493.0, 13304.0, 7382.0, 6069.0, 9455.0, 24468.0, 24083.0, 14847.0, 11655.0, 13784.0, 20787.0, 19889.0, 13104.0, 5876.0, 7112.0, 7165.0, 8411.0, 8805.0, 9205.0, 8083.0, 8664.0, 10211.0, 6753.0, 4487.0, 4831.0, 5359.0, 5885.0, 4940.0, 5260.0, 5829.0, 10559.0, 13090.0, 7916.0, 6722.0, 5065.0, 4107.0, 5791.0, 8255.0, 7681.0, 4971.0, 4984.0, 4958.0, 4014.0, 6597.0, 8196.0, 8337.0, 9262.0, 9412.0, 7816.0, 6934.0, 7824.0, 11391.0, 10477.0, 9263.0, 9891.0, 7124.0, 5359.0, 4663.0, 5626.0, 4981.0, 4145.0, 3633.0, 3970.0, 4431.0, 5343.0, 4828.0, 4057.0, 4908.0, 6363.0, 6403.0, 5005.0, 5356.0, 4716.0, 2929.0, 3296.0, 3174.0, 3042.0, 2950.0, 2614.0, 2226.0]",44255497.07217185
8,0.8,7,"[{""x"": -0.15431642532348633, ""y"": 1.03837251663208, ""z"": 0.0, ""velocity"": 0.0, ""snr"": 0.0}, {""x"": -0.16075372695922852, ""y"": 1.0503530502319336, ""z"": 0.0, ""velocity"": 0.0, ""snr"": 0.0}, {""x"": 0.17398595809936523, ""y"": 1.1442303657531738, ""z"": 0.0, ""velocity"": 0.0, ""snr"": 0.0}, {""x"": 0.36782026290893555, ""y"": 1.0639429092407227, ""z"": 0.0, ""velocity"": 0.0, ""snr"": 0.0}, {""x"": 0.5013942718505859, ""y"": 0.9874105453491211, ""z"": 0.0, ""velocity"": 0.0, ""snr"": 0.0}, {""x"": 2.0919442176818848, ""y"": 1.262068748474121, ""z"": 0.0, ""velocity"": 0.0, ""snr"": 0.0}, {""x"": 2.089977264404297, ""y"": 1.2935400009155273, ""z"": 0.0, ""velocity"": 0.0, ""snr"": 0.0}]","[142874.0, 218654.0, 150674.0, 46280.0, 9642.0, 3834.0, 5038.0, 4347.0, 2941.0, 2945.0, 4038.0, 5378.0, 6224.0, 12759.0, 12215.0, 6787.0, 3812.0, 3098.0, 2879.0, 2067.0, 1999.0, 6864.0, 35170.0, 62874.0, 83541.0, 73340.0, 44184.0, 15263.0, 24858.0, 28936.0, 11390.0, 3654.0, 8274.0, 13231.0, 11066.0, 34879.0, 44244.0, 34491.0, 35041.0, 30636.0, 27496.0, 22058.0, 22368.0, 12204.0, 10820.0, 10451.0, 11193.0, 22291.0, 19130.0, 11906.0, 11160.0, 10457.0, 12956.0, 25850.0, 26740.0, 15150.0, 13518.0, 13259.0, 19804.0, 18540.0, 14499.0, 8384.0, 5976.0, 6557.0, 8666.0, 8886.0, 8609.0, 7800.0, 9011.0, 10533.0, 7797.0, 5977.0, 5795.0, 5282.0, 5735.0, 5106.0, 4793.0, 7068.0, 10814.0, 12632.0, 7531.0, 7398.0, 5087.0, 3965.0, 4084.0, 6332.0, 7484.0, 5811.0, 4364.0, 7115.0, 7530.0, 7529.0, 3730.0, 6874.0, 8070.0, 6791.0, 5244.0, 7274.0, 9551.0, 12114.0, 11766.0, 8717.0, 9800.0, 6122.0, 4273.0, 3974.0, 4221.0, 4677.0, 4200.0, 3734.0, 4562.0, 4804.0, 4377.0, 4274.0, 5549.0, 5656.0, 7393.0, 7399.0, 5341.0, 5449.0, 5253.0, 4338.0, 4739.0, 3844.0, 3560.0, 3812.0, 3458.0, 2786.0]",43370037.90289083
9,0.8,5,"[{""x"": -0.28395652770996094, ""y"": 1.0326504707336426, ""z"": 0.0, ""velocity"": 0.0, ""snr"": 0.0}, {""x"": 0.28574466705322266, ""y"": 1.1165142059326172, ""z"": 0.0, ""velocity"": 0.0, ""snr"": 0.0}, {""x"": 0.4119873046875, ""y"": 1.0587573051452637, ""z"": 0.0, ""velocity"": 0.0, ""snr"": 0.0}, {""x"": 0.41985511779785156, ""y"": 1.1149048805236816, ""z"": 0.0, ""velocity"": 0.0, ""snr"": 0.0}, {""x"": 0.5117654800415039, ""y"": 1.0001063346862793, ""z"": 0.0, ""velocity"": 0.0, ""snr"": 0.0}]","[143123.0, 218334.0, 150429.0, 46372.0, 9503.0, 3842.0, 3453.0, 3542.0, 3282.0, 3140.0, 2510.0, 5022.0, 6209.0, 12439.0, 12395.0, 6243.0, 3039.0, 2946.0, 3276.0, 2672.0, 2754.0, 4623.0, 22672.0, 50175.0, 88359.0, 108401.0, 63080.0, 17717.0, 18253.0, 22541.0, 15918.0, 7437.0, 9499.0, 13174.0, 14980.0, 27983.0, 42901.0, 32588.0, 28776.0, 25230.0, 21059.0, 16167.0, 9126.0, 13350.0, 16214.0, 11745.0, 10361.0, 13499.0, 16864.0, 9271.0, 9931.0, 8335.0, 10707.0, 26830.0, 29445.0, 16264.0, 15348.0, 15964.0, 18901.0, 20548.0, 15668.0, 11203.0, 9934.0, 8054.0, 6756.0, 8701.0, 9645.0, 8998.0, 10088.0, 8980.0, 8082.0, 7101.0, 7282.0, 6602.0, 5890.0, 6343.0, 5760.0, 6162.0, 10639.0, 10749.0, 5932.0, 6792.0, 3971.0, 3987.0, 5834.0, 5806.0, 4471.0, 4896.0, 6339.0, 8584.0, 9980.0, 11326.0, 10235.0, 7372.0, 6019.0, 7404.0, 8157.0, 7382.0, 7769.0, 11750.0, 10042.0, 8694.0, 8908.0, 5163.0, 4361.0, 3339.0, 4338.0, 4311.0, 3859.0, 3706.0, 3826.0, 4351.0, 4402.0, 3820.0, 3997.0, 5397.0, 6746.0, 7053.0, 5475.0, 5579.0, 5457.0, 4004.0, 3640.0, 3534.0, 3894.0, 3710.0, 2581.0, 2011.0]",42502664.12336979
10,0.8,10,"[{""x"": -0.02664327621459961, ""y"": 1.0818243026733398, ""z"": 0.0, ""velocity"": 0.0, ""snr"": 0.0}, {""x"": 0.2390742301940918, ""y"": 1.1002421379089355, ""z"": 0.0, ""velocity"": 0.0, ""snr"": 0.0}, {""x"": 0.44792890548706055, ""y"": 1.102745532989502, ""z"": 0.0, ""velocity"": 0.0, ""snr"": 0.0}, {""x"": 0.5128383636474609, ""y"": 1.0294318199157715, ""z"": 0.0, ""velocity"": 0.0, ""snr"": 0.0}, {""x"": 0.533759593963623, ""y"": 1.0308623313903809, ""z"": 0.0, ""velocity"": 0.0, ""snr"": 0.0}, {""x"": 1.9317269325256348, ""y"": 1.5007853507995605, ""z"": 0.0, ""velocity"": 0.0, ""snr"": 0.0}, {""x"": 1.8423199653625488, ""y"": 1.6257762908935547, ""z"": 0.0, ""velocity"": 0.0, ""snr"": 0.0}, {""x"": 1.8811225891113281, ""y"": 1.8423199653625488, ""z"": 0.0, ""velocity"": 0.0, ""snr"": 0.0}, {""x"": 1.9083023071289062, ""y"": 1.8525123596191406, ""z"": 0.0, ""velocity"": 0.0, ""snr"": 0.0}, {""x"": 1.942455768585205, ""y"": 1.8500089645385742, ""z"": 0.0, ""velocity"": 0.0, ""snr"": 0.0}]","[142711.0, 218619.0, 150675.0, 46334.0, 9610.0, 3056.0, 2882.0, 3390.0, 2920.0, 2476.0, 3135.0, 5536.0, 8254.0, 14293.0, 14530.0, 8126.0, 4197.0, 2645.0, 3078.0, 3712.0, 4143.0, 4418.0, 14352.0, 30789.0, 57383.0, 80510.0, 59874.0, 23118.0, 7573.0, 8958.0, 8231.0, 4377.0, 8245.0, 11883.0, 10901.0, 16644.0, 31375.0, 33235.0, 19865.0, 26925.0, 19671.0, 15000.0, 9790.0, 10088.0, 14914.0, 18805.0, 15677.0, 11413.0, 11370.0, 15637.0, 16113.0, 12967.0, 13765.0, 30797.0, 33263.0, 16418.0, 13561.0, 26753.0, 36245.0, 32128.0, 16787.0, 6085.0, 7944.0, 6458.0, 7465.0, 8929.0, 8062.0, 8637.0, 10075.0, 8935.0, 6506.0, 6983.0, 6530.0, 5623.0, 6165.0, 6611.0, 5554.0, 6717.0, 10833.0, 11605.0, 6598.0, 4841.0, 3716.0, 5704.0, 5380.0, 4095.0, 5077.0, 4955.0, 8120.0, 10463.0, 9631.0, 7109.0, 3471.0, 6825.0, 8869.0, 8280.0, 6253.0, 6029.0, 7222.0, 12446.0, 14172.0, 10220.0, 8388.0, 4966.0, 3528.0, 3895.0, 3873.0, 3610.0, 3375.0, 2415.0, 3993.0, 4441.0, 4688.0, 5286.0, 6147.0, 6475.0, 7929.0, 7464.0, 4219.0, 3924.0, 3961.0, 4417.0, 5868.0, 4887.0, 2323.0, 2855.0, 1909.0, 2119.0]",41653416.261179335
11,0.8,7,"[{""x"": -0.16701221466064453, ""y"": 1.0544657707214355, ""z"": 0.0, ""velocity"": 0.0, ""snr"": 0.0}, {""x"": 0.017881393432617188, ""y"": 1.085042953491211, ""z"": 0.0, ""velocity"": 0.0, ""snr"": 0.0}, {""x"": 0.10192394256591797, ""y"": 1.1072158813476562, ""z"": 0.0, ""velocity"": 0.0, ""snr"": 0.0}, {""x"": 0.39643049240112305, ""y"": 1.1635422706604004, ""z"": 0.0, ""velocity"": 0.0, ""snr"": 0.0}, {""x"": 1.8780827522277832, ""y"": 1.4954209327697754, ""z"": 0.0, ""velocity"": 0.0, ""snr"": 0.0}, {""x"": 1.925826072692871, ""y"": 1.4880895614624023, ""z"": 0.0, ""velocity"": 0.0, ""snr"": 0.0}, {""x"": 1.9084811210632324, ""y"": 1.5519261360168457, ""z"": 0.0, ""velocity"": 0.0, ""snr"": 0.0}]","[143165.0, 218448.0, 150595.0, 46625.0, 9453.0, 3282.0, 3266.0, 2400.0, 3247.0, 2827.0, 3441.0, 6094.0, 9959.0, 15814.0, 14317.0, 7970.0, 3628.0, 3711.0, 3251.0, 3291.0, 2430.0, 4094.0, 25835.0, 53113.0, 52204.0, 28582.0, 13218.0, 14745.0, 9075.0, 11909.0, 8946.0, 3512.0, 6224.0, 12059.0, 16656.0, 27617.0, 33110.0, 20237.0, 24010.0, 39624.0, 35674.0, 17056.0, 7342.0, 10480.0, 8001.0, 7273.0, 12762.0, 18141.0, 10231.0, 16201.0, 21946.0, 16381.0, 26108.0, 36386.0, 35447.0, 22123.0, 21271.0, 24968.0, 29226.0, 23867.0, 13348.0, 7372.0, 9899.0, 8473.0, 6290.0, 5961.0, 5860.0, 11167.0, 14133.0, 10925.0, 8919.0, 6616.0, 4683.0, 6098.0, 6162.0, 6569.0, 6469.0, 7489.0, 7318.0, 9444.0, 5988.0, 6660.0, 6537.0, 4904.0, 3746.0, 3420.0, 5113.0, 9304.0, 9838.0, 7593.0, 6837.0, 8049.0, 6818.0, 4659.0, 6341.0, 8274.0, 7103.0, 5219.0, 5663.0, 9910.0, 12227.0, 12612.0, 10042.0, 5404.0, 5196.0, 6672.0, 7723.0, 5937.0, 4035.0, 2932.0, 3136.0, 3533.0, 4265.0, 5229.0, 5431.0, 6928.0, 9218.0, 8842.0, 5751.0, 4143.0, 4087.0, 3546.0, 4114.0, 4262.0, 2612.0, 1726.0, 1993.0, 2321.0]",40820507.95513456
12,0.8,10,"[{""x"": -0.35119056701660156, ""y"": 1.0482072830200195, ""z"": 0.0, ""velocity"": 0.0, ""snr"": 0.0}, {""x"": -0.20492076873779297, ""y"": 1.0603666305541992, ""z"": 0.0, ""velocity"": 0.0, ""snr"": 0.0}, {""x"": -0.15664100646972656, ""y"": 1.041412353515625, ""z"": 0.0, ""velocity"": 0.0, ""snr"": 0.0}, {""x"": -0.1627206802368164, ""y"": 1.051783561706543, ""z"": 0.0, ""velocity"": 0.0, ""snr"": 0.0}, {""x"": 0.3331303596496582, ""y"": 1.1175870895385742, ""z"": 0.0, ""velocity"": 0.0, ""snr"": 0.0}, {""x"": 1.400291919708252, ""y"": 2.203524112701416, ""z"": 0.0, ""velocity"": 0.0, ""snr"": 0.0}, {""x"": 1.6195178031921387, ""y"": 1.7858147621154785, ""z"": 0.0, ""velocity"": 0.0, ""snr"": 0.0}, {""x"": 1.4963150024414062, ""y"": 2.089083194732666, ""z"": 0.0, ""velocity"": 0.0, ""snr"": 0.0}, {""x"": 1.8097758293151855, ""y"": 1.622021198272705, ""z"": 0.0, ""velocity"": 0.0, ""snr"": 0.0}, {""x"": 1.919388771057129, ""y"": 1.530289649963379, ""z"": 0.0, ""velocity"": 0.0, ""snr"": 0.0}]","[142867.0, 218337.0, 150605.0, 46590.0, 9445.0, 3024.0, 2483.0, 1966.0, 2985.0, 2913.0, 2912.0, 5991.0, 10152.0, 13817.0, 13024.0, 7352.0, 3203.0, 2928.0, 3014.0, 2367.0, 2018.0, 5242.0, 31458.0, 61904.0, 52550.0, 27322.0, 15557.0, 10151.0, 12709.0, 16687.0, 9491.0, 3423.0, 5973.0, 9972.0, 13756.0, 20613.0, 22959.0, 19392.0, 24019.0, 30112.0, 22107.0, 25041.0, 12928.0, 11272.0, 8632.0, 7130.0, 10491.0, 16209.0, 13912.0, 9412.0, 11617.0, 11936.0, 31342.0, 45196.0, 36694.0, 22710.0, 25353.0, 29073.0, 30561.0, 24283.0, 12870.0, 7642.0, 5791.0, 5335.0, 7940.0, 9842.0, 8659.0, 12631.0, 11400.0, 8650.0, 5689.0, 5196.0, 4402.0, 7520.0, 9008.0, 7906.0, 4451.0, 5539.0, 7117.0, 8081.0, 4843.0, 6554.0, 4731.0, 3965.0, 5355.0, 4262.0, 4152.0, 5896.0, 4925.0, 3135.0, 3477.0, 3275.0, 6260.0, 9198.0, 9137.0, 6659.0, 5175.0, 3345.0, 3295.0, 8842.0, 12069.0, 12091.0, 11139.0, 7359.0, 4466.0, 4106.0, 3840.0, 4787.0, 5587.0, 5184.0, 3369.0, 3710.0, 4004.0, 4095.0, 4534.0, 6350.0, 8450.0, 8336.0, 5983.0, 4639.0, 4366.0, 3110.0, 3056.0, 3773.0, 2448.0, 2063.0, 1919.0, 2449.0]",40004476.5164061
13,0.8,8,"[{""x"": -0.40286779403686523, ""y"": 1.0780692100524902, ""z"": 0.0, ""velocity"": 0.0, ""snr"": 0.0}, {""x"": -0.13947486877441406, ""y"": 1.0514259338378906, ""z"": 0.0, ""velocity"": 0.0, ""snr"": 0.0}, {""x"": -0.1480579376220703, ""y"": 1.066267490386963, ""z"": 0.0, ""velocity"": 0.0, ""snr"": 0.0}, {""x"": -0.1398324966430664, ""y"": 1.0769963264465332, ""z"": 0.0, ""velocity"": 0.0, ""snr"": 0.0}, {""x"": -0.14197826385498047, ""y"": 1.0950565338134766, ""z"": 0.0, ""velocity"": 0.0, ""snr"": 0.0}, {""x"": 1.6772747039794922, ""y"": 1.809239387512207, ""z"": 0.0, ""velocity"": 0.0, ""snr"": 0.0}, {""x"": 1.563727855682373, ""y"": 1.9508600234985352, ""z"": 0.0, ""velocity"": 0.0, ""snr"": 0.0}, {""x"": 2.103567123413086, ""y"": 1.2431144714355469, ""z"": 0.0, ""velocity"": 0.0, ""snr"": 0.0}]","[142857.0, 218621.0, 150441.0, 46507.0, 9753.0, 3294.0, 2294.0, 2063.0, 2592.0, 2652.0, 3229.0, 4782.0, 8301.0, 12459.0, 12081.0, 7171.0, 2590.0, 2767.0, 3032.0, 2583.0, 2327.0, 5883.0, 45150.0, 120787.0, 133663.0, 69806.0, 24029.0, 12183.0, 8804.0, 13944.0, 8890.0, 3325.0, 6742.0, 10505.0, 12128.0, 15009.0, 24021.0, 23716.0, 18575.0, 28956.0, 22583.0, 13853.0, 8828.0, 10438.0, 11446.0, 10932.0, 14826.0, 24347.0, 29569.0, 30159.0, 26998.0, 16735.0, 19715.0, 35431.0, 36850.0, 25581.0, 19215.0, 29208.0, 37426.0, 28770.0, 12221.0, 6204.0, 4747.0, 6193.0, 7260.0, 8600.0, 9390.0, 12402.0, 11481.0, 8917.0, 7189.0, 5798.0, 5360.0, 4561.0, 6070.0, 6638.0, 4794.0, 7256.0, 10626.0, 12104.0, 6459.0, 4463.0, 4282.0, 4932.0, 5603.0, 4808.0, 4946.0, 5558.0, 6333.0, 4643.0, 4337.0, 5352.0, 4033.0, 6857.0, 6669.0, 7128.0, 7711.0, 5283.0, 4346.0, 8399.0, 12184.0, 13412.0, 10944.0, 5389.0, 4000.0, 4673.0, 4258.0, 3017.0, 2778.0, 2996.0, 3212.0, 4400.0, 4065.0, 3862.0, 4191.0, 5536.0, 7684.0, 6654.0, 4293.0, 4221.0, 4015.0, 3679.0, 4390.0, 3757.0, 3035.0, 2530.0, 1882.0, 1976.0]",39202519.609755635
14,0.8,8,"[{""x"": -0.5849003791809082, ""y"": 0.9922385215759277, ""z"": 0.0, ""velocity"": 0.0, ""snr"": 0.0}, {""x"": -0.35190582275390625, ""y"": 1.0448098182678223, ""z"": 0.0, ""velocity"": 0.0, ""snr"": 0.0}, {""x"": -0.2492666244506836, ""y"": 1.0555386543273926, ""z"": 0.0, ""velocity"": 0.0, ""snr"": 0.0}, {""x"": -0.1544952392578125, ""y"": 1.048743724822998, ""z"": 0.0, ""velocity"": 0.0, ""snr"": 0.0}, {""x"": -0.1977682113647461, ""y"": 1.0564327239990234, ""z"": 0.0, ""velocity"": 0.0, ""snr"": 0.0}, {""x"": 1.921534538269043, ""y"": 1.5898346900939941, ""z"": 0.0, ""velocity"": 0.0, ""snr"": 0.0}, {""x"": 2.0252466201782227, ""y"": 1.365959644317627, ""z"": 0.0, ""velocity"": 0.0, ""snr"": 0.0}, {""x"": 2.007901668548584, ""y"": 1.4265775680541992, ""z"": 0.0, ""velocity"": 0.0, ""snr"": 0.0}]","[143210.0, 218377.0, 150343.0, 46600.0, 9532.0, 3268.0, 2738.0, 3538.0, 3253.0, 3265.0, 2902.0, 4354.0, 8007.0, 10353.0, 10644.0, 7584.0, 3278.0, 2752.0, 3074.0, 2369.0, 2123.0, 5747.0, 46546.0, 118452.0, 132559.0, 63687.0, 17623.0, 15207.0, 10365.0, 8425.0, 4593.0, 4224.0, 6429.0, 10396.0, 13221.0, 18575.0, 24778.0, 19352.0, 11980.0, 26765.0, 24143.0, 13279.0, 11660.0, 13866.0, 17298.0, 11459.0, 6650.0, 12672.0, 8930.0, 7034.0, 8639.0, 11858.0, 20088.0, 35482.0, 40074.0, 25695.0, 15799.0, 29109.0, 38303.0, 31682.0, 13708.0, 6551.0, 4988.0, 5554.0, 7152.0, 8235.0, 7475.0, 12571.0, 16104.0, 12186.0, 6483.0, 5604.0, 5724.0, 5615.0, 7008.0, 6150.0, 6586.0, 5473.0, 8993.0, 10790.0, 6756.0, 4803.0, 4718.0, 4028.0, 4376.0, 5426.0, 5174.0, 5585.0, 7078.0, 7261.0, 7927.0, 8859.0, 4669.0, 6410.0, 8222.0, 8022.0, 6450.0, 5493.0, 7256.0, 10171.0, 10701.0, 10139.0, 10041.0, 5525.0, 4228.0, 4298.0, 4252.0, 3651.0, 2993.0, 3622.0, 2963.0, 3562.0, 3799.0, 4216.0, 4855.0, 4833.0, 7211.0, 7112.0, 4544.0, 4022.0, 3953.0, 3631.0, 4773.0, 4438.0, 2649.0, 2292.0, 2368.0, 2247.0]",38419089.59584063
15,0.8,9,"[{""x"": -0.2338886260986328, ""y"": 1.0553598403930664, ""z"": 0.0, ""velocity"": 0.0, ""snr"": 0.0}, {""x"": -0.24819374084472656, ""y"": 1.0709166526794434, ""z"": 0.0, ""velocity"": 0.0, ""snr"": 0.0}, {""x"": -0.14144182205200195, ""y"": 1.050889492034912, ""z"": 0.0, ""velocity"": 0.0, ""snr"": 0.0}, {""x"": -0.19097328186035156, ""y"": 1.0567903518676758, ""z"": 0.0, ""velocity"": 0.0, ""snr"": 0.0}, {""x"": -0.009119510650634766, ""y"": 1.114189624786377, ""z"": 0.0, ""velocity"": 0.0, ""snr"": 0.0}, {""x"": 0.30308961868286133, ""y"": 1.141190528869629, ""z"": 0.0, ""velocity"": 0.0, ""snr"": 0.0}, {""x"": 0.3649592399597168, ""y"": 1.1472702026367188, ""z"": 0.0, ""velocity"": 0.0, ""snr"": 0.0}, {""x"": 1.8657445907592773, ""y"": 1.6100406646728516, ""z"": 0.0, ""velocity"": 0.0, ""snr"": 0.0}, {""x"": 2.0020008087158203, ""y"": 1.3952851295471191, ""z"": 0.0, ""velocity"": 0.0, ""snr"": 0.0}]","[142787.0, 218633.0, 150496.0, 46662.0, 9494.0, 3108.0, 1974.0, 2012.0, 3024.0, 2676.0, 2235.0, 4225.0, 7489.0, 10499.0, 10336.0, 6250.0, 2486.0, 2375.0, 2827.0, 2603.0, 2093.0, 4192.0, 33248.0, 86094.0, 90133.0, 38410.0, 33618.0, 22163.0, 8385.0, 5823.0, 7274.0, 5298.0, 7687.0, 9677.0, 9962.0, 14843.0, 22823.0, 28470.0, 18116.0, 30016.0, 27443.0, 17000.0, 15575.0, 15067.0, 13670.0, 10941.0, 15506.0, 28689.0, 24840.0, 8382.0, 17973.0, 20770.0, 18775.0, 30432.0, 33496.0, 23377.0, 19727.0, 28669.0, 35712.0, 26808.0, 12911.0, 8993.0, 6317.0, 7760.0, 10195.0, 11203.0, 8520.0, 10302.0, 9284.0, 6243.0, 9271.0, 8029.0, 5890.0, 5024.0, 6213.0, 6172.0, 4892.0, 6305.0, 10617.0, 12977.0, 7528.0, 6955.0, 5564.0, 4328.0, 6639.0, 7442.0, 4702.0, 5124.0, 6909.0, 7487.0, 8937.0, 9763.0, 5339.0, 6543.0, 8554.0, 8995.0, 6477.0, 5014.0, 5571.0, 8818.0, 11143.0, 10948.0, 9858.0, 5781.0, 4988.0, 5243.0, 6254.0, 6059.0, 4355.0, 3364.0, 3848.0, 4388.0, 4436.0, 3800.0, 3827.0, 5080.0, 7615.0, 7301.0, 4788.0, 4273.0, 5020.0, 3757.0, 3362.0, 3708.0, 2201.0, 1964.0, 2052.0, 1904.0]",37650862.78633543
16,0.8,8,"[{""x"": -0.04738569259643555, ""y"": 1.0598301887512207, ""z"": 0.0, ""velocity"": 0.0, ""snr"": 0.0}, {""x"": 0.05346536636352539, ""y"": 1.0800361633300781, ""z"": 0.0, ""velocity"": 0.0, ""snr"": 0.0}, {""x"": 0.17398595809936523, ""y"": 1.089334487915039, ""z"": 0.0, ""velocity"": 0.0, ""snr"": 0.0}, {""x"": 0.19276142120361328, ""y"": 1.110076904296875, ""z"": 0.0, ""velocity"": 0.0, ""snr"": 0.0}, {""x"": 0.22906064987182617, ""y"": 1.1374354362487793, ""z"": 0.0, ""velocity"": 0.0, ""snr"": 0.0}, {""x"": 0.31828880310058594, ""y"": 1.1531710624694824, ""z"": 0.0, ""velocity"": 0.0, ""snr"": 0.0}, {""x"": 1.9826889038085938, ""y"": 1.4310479164123535, ""z"": 0.0, ""velocity"": 0.0, ""snr"": 0.0}, {""x"": 1.9031167030334473, ""y"": 1.565873622894287, ""z"": 0.0, ""velocity"": 0.0, ""snr"": 0.0}]","[143140.0, 218624.0, 150731.0, 46651.0, 9565.0, 2885.0, 1907.0, 1989.0, 2927.0, 2891.0, 2752.0, 4376.0, 7929.0, 10885.0, 10268.0, 7142.0, 2861.0, 2706.0, 3412.0, 2695.0, 2717.0, 4780.0, 30563.0, 87037.0, 123333.0, 103492.0, 60417.0, 29965.0, 10538.0, 12029.0, 7036.0, 4582.0, 7206.0, 10422.0, 11157.0, 12281.0, 25351.0, 29557.0, 18045.0, 14962.0, 26501.0, 24569.0, 11731.0, 8025.0, 14931.0, 13143.0, 14631.0, 26273.0, 21814.0, 6780.0, 19953.0, 24276.0, 21121.0, 33041.0, 37316.0, 24413.0, 17946.0, 27631.0, 34914.0, 28569.0, 17781.0, 10892.0, 7361.0, 9007.0, 9662.0, 9822.0, 10143.0, 9327.0, 7430.0, 7555.0, 6304.0, 6100.0, 6677.0, 7281.0, 8577.0, 9947.0, 7196.0, 5804.0, 9068.0, 11183.0, 7150.0, 6586.0, 4150.0, 4238.0, 6022.0, 7913.0, 4752.0, 4270.0, 6164.0, 6704.0, 6307.0, 7899.0, 5191.0, 6355.0, 8407.0, 8663.0, 6758.0, 6137.0, 6334.0, 8012.0, 10352.0, 12075.0, 11568.0, 7458.0, 5905.0, 6498.0, 6213.0, 5385.0, 4134.0, 3328.0, 3439.0, 4589.0, 5100.0, 4254.0, 4889.0, 6497.0, 7583.0, 6531.0, 4191.0, 3940.0, 4720.0, 4289.0, 3163.0, 3675.0, 2731.0, 2444.0, 1864.0, 2061.0]",36896716.70462603
17,0.8,7,"[{""x"": -0.22262334823608398, ""y"": 1.0635852813720703, ""z"": 0.0, ""velocity"": 0.0, ""snr"": 0.0}, {""x"": -0.2097487449645996, ""y"": 1.0784268379211426, ""z"": 0.0, ""velocity"": 0.0, ""snr"": 0.0}, {""x"": -0.2562403678894043, ""y"": 1.0821819305419922, ""z"": 0.0, ""velocity"": 0.0, ""snr"": 0.0}, {""x"": 0.34046173095703125, ""y"": 1.1279582977294922, ""z"": 0.0, ""velocity"": 0.0, ""snr"": 0.0}, {""x"": 0.39017200469970703, ""y"": 1.1419057846069336, ""z"": 0.0, ""velocity"": 0.0, ""snr"": 0.0}, {""x"": 1.9000768661499023, ""y"": 1.5411972999572754, ""z"": 0.0, ""velocity"": 0.0, ""snr"": 0.0}, {""x"": 1.8662810325622559, ""y"": 1.6077160835266113, ""z"": 0.0, ""velocity"": 0.0, ""snr"": 0.0}]","[142699.0, 218260.0, 150501.0, 46476.0, 9511.0, 3255.0, 1839.0, 2108.0, 2960.0, 2943.0, 2763.0, 5067.0, 9036.0, 12689.0, 12773.0, 7897.0, 3784.0, 3026.0, 3301.0, 2826.0, 2111.0, 3438.0, 18360.0, 62386.0, 90258.0, 62501.0, 31690.0, 19574.0, 12126.0, 14846.0, 11876.0, 4717.0, 8905.0, 9988.0, 7707.0, 20238.0, 32588.0, 32453.0, 23467.0, 22141.0, 25009.0, 21380.0, 16844.0, 17551.0, 19862.0, 14180.0, 8271.0, 22510.0, 23404.0, 14071.0, 10314.0, 12816.0, 14621.0, 32152.0, 35711.0, 23119.0, 16909.0, 27542.0, 35565.0, 28282.0, 13961.0, 7860.0, 8619.0, 8155.0, 8072.0, 8271.0, 9732.0, 6390.0, 9809.0, 7607.0, 4915.0, 5615.0, 6575.0, 7262.0, 6854.0, 7341.0, 8628.0, 8897.0, 10767.0, 13056.0, 9109.0, 7153.0, 5825.0, 5164.0, 5888.0, 5672.0, 4561.0, 3845.0, 4576.0, 4413.0, 4196.0, 5755.0, 3558.0, 6376.0, 6633.0, 6484.0, 6400.0, 5834.0, 6052.0, 8416.0, 10616.0, 12133.0, 11924.0, 7685.0, 5919.0, 6068.0, 6217.0, 5308.0, 4977.0, 4405.0, 3984.0, 4094.0, 4038.0, 3797.0, 4445.0, 6354.0, 8042.0, 7353.0, 4873.0, 4159.0, 4119.0, 3771.0, 3969.0, 3384.0, 3148.0, 2861.0, 1884.0, 2305.0]",36159915.979415186
18,0.8,7,"[{""x"": -0.49817562103271484, ""y"": 0.9899139404296875, ""z"": 0.0, ""velocity"": 0.0, ""snr"": 0.0}, {""x"": -0.24890899658203125, ""y"": 1.0451674461364746, ""z"": 0.0, ""velocity"": 0.0, ""snr"": 0.0}, {""x"": -0.3243684768676758, ""y"": 1.026928424835205, ""z"": 0.0, ""velocity"": 0.0, ""snr"": 0.0}, {""x"": 0.3350973129272461, ""y"": 1.1633634567260742, ""z"": 0.0, ""velocity"": 0.0, ""snr"": 0.0}, {""x"": 0.3865957260131836, ""y"": 1.1243820190429688, ""z"": 0.0, ""velocity"": 0.0, ""snr"": 0.0}, {""x"": 1.9741058349609375, ""y"": 1.4448165893554688, ""z"": 0.0, ""velocity"": 0.0, ""snr"": 0.0}, {""x"": 1.8929243087768555, ""y"": 1.5739202499389648, ""z"": 0.0, ""velocity"": 0.0, ""snr"": 0.0}]","[142873.0, 218194.0, 150037.0, 46320.0, 9420.0, 3108.0, 2034.0, 1917.0, 2894.0, 2766.0, 2868.0, 5530.0, 9252.0, 14688.0, 13184.0, 7641.0, 3002.0, 2720.0, 2701.0, 2389.0, 1889.0, 3018.0, 24678.0, 66382.0, 67127.0, 31075.0, 35834.0, 25016.0, 20834.0, 31814.0, 21546.0, 5882.0, 10426.0, 11844.0, 8025.0, 12715.0, 21822.0, 31628.0, 32511.0, 40725.0, 39035.0, 26909.0, 15223.0, 9743.0, 10459.0, 6659.0, 13736.0, 25009.0, 20430.0, 13358.0, 11440.0, 11797.0, 16715.0, 33028.0, 36787.0, 21729.0, 14424.0, 26109.0, 33768.0, 26705.0, 14271.0, 9309.0, 7241.0, 7434.0, 7618.0, 9832.0, 9768.0, 8714.0, 7046.0, 7629.0, 5893.0, 5558.0, 6954.0, 8427.0, 7394.0, 7582.0, 5895.0, 5493.0, 10227.0, 12602.0, 7958.0, 6981.0, 6039.0, 5257.0, 6557.0, 7160.0, 6374.0, 5975.0, 5683.0, 3956.0, 3013.0, 3448.0, 5085.0, 8597.0, 7789.0, 6434.0, 6907.0, 6324.0, 6877.0, 8421.0, 10284.0, 10869.0, 11091.0, 6636.0, 5694.0, 5322.0, 5220.0, 3922.0, 3724.0, 4979.0, 4757.0, 4616.0, 4114.0, 3939.0, 4169.0, 5820.0, 8154.0, 7626.0, 5218.0, 4168.0, 3389.0, 3000.0, 4024.0, 3180.0, 2266.0, 2642.0, 1816.0, 2340.0]",35436737.06607688
19,0.8,9,"[{""x"": -0.3687143325805664, ""y"": 1.0460615158081055, ""z"": 0.0, ""velocity"": 0.0, ""snr"": 0.0}, {""x"": -0.4965662956237793, ""y"": 1.0322928428649902, ""z"": 0.0, ""velocity"": 0.0, ""snr"": 0.0}, {""x"": -0.27877092361450195, ""y"": 1.0587573051452637, ""z"": 0.0, ""velocity"": 0.0, ""snr"": 0.0}, {""x"": -0.4965662956237793, ""y"": 1.7210841178894043, ""z"": 0.0, ""velocity"": 0.0, ""snr"": 0.0}, {""x"": -0.20062923431396484, ""y"": 1.0657310485839844, ""z"": 0.0, ""velocity"": 0.0, ""snr"": 0.0}, {""x"": 0.10889768600463867, ""y"": 1.047670841217041, ""z"": 0.0, ""velocity"": 0.0, ""snr"": 0.0}, {""x"": 0.34922361373901367, ""y"": 1.1286735534667969, ""z"": 0.0, ""velocity"": 0.0, ""snr"": 0.0}, {""x"": 1.9428133964538574, ""y"": 1.5118718147277832, ""z"": 0.0, ""velocity"": 0.0, ""snr"": 0.0}, {""x"": 2.0043253898620605, ""y"": 1.4029741287231445, ""z"": 0.0, ""velocity"": 0.0, ""snr"": 0.0}]","[142918.0, 218476.0, 150265.0, 46224.0, 9640.0, 3322.0, 2058.0, 2217.0, 2927.0, 2647.0, 2300.0, 5172.0, 9898.0, 15084.0, 13304.0, 7837.0, 3318.0, 2876.0, 3181.0, 3468.0, 4370.0, 5902.0, 28097.0, 74920.0, 107799.0, 64810.0, 19242.0, 15861.0, 15615.0, 42849.0, 37033.0, 9292.0, 9210.0, 10705.0, 10882.0, 22959.0, 32224.0, 26074.0, 22303.0, 38738.0, 28959.0, 13565.0, 15634.0, 12223.0, 8373.0, 6398.0, 11394.0, 16230.0, 11347.0, 7388.0, 11655.0, 9342.0, 13603.0, 30799.0, 34374.0, 19790.0, 13813.0, 26047.0, 35768.0, 29235.0, 13592.0, 8691.0, 7014.0, 6429.0, 6960.0, 6882.0, 9043.0, 7239.0, 7375.0, 8139.0, 6266.0, 4922.0, 5880.0, 8404.0, 7247.0, 5335.0, 4348.0, 5239.0, 10878.0, 12462.0, 7199.0, 7144.0, 7017.0, 5330.0, 5473.0, 5494.0, 5091.0, 4900.0, 4055.0, 3352.0, 3536.0, 3924.0, 5089.0, 7924.0, 7451.0, 6537.0, 7627.0, 6477.0, 7387.0, 9132.0, 11374.0, 11070.0, 9757.0, 7013.0, 5908.0, 5713.0, 5267.0, 4396.0, 3142.0, 3326.0, 4745.0, 4962.0, 4412.0, 4179.0, 4290.0, 5026.0, 7625.0, 7276.0, 5422.0, 4626.0, 3933.0, 3223.0, 4380.0, 4295.0, 2705.0, 3169.0, 2114.0, 1839.0]",34727821.01225534
