frame_index,confidence,num_points,points,range_profile,motion_score
0,0.8,18,"[{""x"": -1.1270642280578613, ""y"": 1.8682479858398438, ""z"": 0.0, ""velocity"": 0.0, ""snr"": 0.0}, {""x"": -0.42253732681274414, ""y"": 0.9995698928833008, ""z"": 0.0, ""velocity"": 0.0, ""snr"": 0.0}, {""x"": -0.40608644485473633, ""y"": 1.0483860969543457, ""z"": 0.0, ""velocity"": 0.0, ""snr"": 0.0}, {""x"": -0.8041262626647949, ""y"": 1.9154548645019531, ""z"": 0.0, ""velocity"": 0.0, ""snr"": 0.0}, {""x"": -0.714719295501709, ""y"": 1.9977092742919922, ""z"": 0.0, ""velocity"": 0.0, ""snr"": 0.0}, {""x"": -0.9278655052185059, ""y"": 1.9426345825195312, ""z"": 0.0, ""velocity"": 0.0, ""snr"": 0.0}, {""x"": -0.29987096786499023, ""y"": 1.0013580322265625, ""z"": 0.0, ""velocity"": 0.0, ""snr"": 0.0}, {""x"": -0.08529424667358398, ""y"": 0.9874105453491211, ""z"": 0.0, ""velocity"": 0.0, ""snr"": 0.0}, {""x"": -0.16540288925170898, ""y"": 0.9942054748535156, ""z"": 0.0, ""velocity"": 0.0, ""snr"": 0.0}, {""x"": -0.20688772201538086, ""y"": 1.1951923370361328, ""z"": 0.0, ""velocity"": 0.0, ""snr"": 0.0}, {""x"": -0.12534856796264648, ""y"": 1.2461543083190918, ""z"": 0.0, ""velocity"": 0.0, ""snr"": 0.0}, {""x"": -0.10442733764648438, ""y"": 1.260817050933838, ""z"": 0.0, ""velocity"": 0.0, ""snr"": 0.0}, {""x"": -0.10442733764648438, ""y"": 1.279771327972412, ""z"": 0.0, ""velocity"": 0.0, ""snr"": 0.0}, {""x"": 2.6126503944396973, ""y"": 4.250943660736084, ""z"": 0.0, ""velocity"": 0.0, ""snr"": 0.0}, {""x"": 1.4922022819519043, ""y"": 2.1116137504577637, ""z"": 0.0, ""velocity"": 0.0, ""snr"": 0.0}, {""x"": 1.5610456466674805, ""y"": 2.0654797554016113, ""z"": 0.0, ""velocity"": 0.0, ""snr"": 0.0}, {""x"": 1.9479990005493164, ""y"": 1.9598007202148438, ""z"": 0.0, ""velocity"": 0.0, ""snr"": 0.0}, {""x"": 1.948714256286621, ""y"": 1.9844770431518555, ""z"": 0.0, ""velocity"": 0.0, ""snr"": 0.0}]",null,0.0
1,0.8,17,"[{""x"": -0.6859302520751953, ""y"": 0.8473992347717285, ""z"": 0.0, ""velocity"": 0.0, ""snr"": 0.0}, {""x"": -0.950932502746582, ""y"": 1.9347667694091797, ""z"": 0.0, ""velocity"": 0.0, ""snr"": 0.0}, {""x"": -1.1875033378601074, ""y"": 1.8255114555358887, ""z"": 0.0, ""velocity"": 0.0, ""snr"": 0.0}, {""x"": -0.8482933044433594, ""y"": 1.9499659538269043, ""z"": 0.0, ""velocity"": 0.0, ""snr"": 0.0}, {""x"": -0.22530555725097656, ""y"": 0.991523265838623, ""z"": 0.0, ""velocity"": 0.0, ""snr"": 0.0}, {""x"": -0.10728836059570312, ""y"": 0.9866952896118164, ""z"": 0.0, ""velocity"": 0.0, ""snr"": 0.0}, {""x"": -0.13554096221923828, ""y"": 0.9877681732177734, ""z"": 0.0, ""velocity"": 0.0, ""snr"": 0.0}, {""x"": -0.16289949417114258, ""y"": 1.2137889862060547, ""z"": 0.0, ""velocity"": 0.0, ""snr"": 0.0}, {""x"": -0.12981891632080078, ""y"": 1.2486577033996582, ""z"": 0.0, ""velocity"": 0.0, ""snr"": 0.0}, {""x"": -0.10353326797485352, ""y"": 1.2622475624084473, ""z"": 0.0, ""velocity"": 0.0, ""snr"": 0.0}, {""x"": -0.11140108108520508, ""y"": 1.2812018394470215, ""z"": 0.0, ""velocity"": 0.0, ""snr"": 0.0}, {""x"": 0.38945674896240234, ""y"": 0.9950995445251465, ""z"": 0.0, ""velocity"": 0.0, ""snr"": 0.0}, {""x"": 2.499103546142578, ""y"": 4.318714141845703, ""z"": 0.0, ""velocity"": 0.0, ""snr"": 0.0}, {""x"": 1.5115141868591309, ""y"": 2.0960569381713867, ""z"": 0.0, ""velocity"": 0.0, ""snr"": 0.0}, {""x"": 1.4598369598388672, ""y"": 2.1302103996276855, ""z"": 0.0, ""velocity"": 0.0, ""snr"": 0.0}, {""x"": 1.8984675407409668, ""y"": 2.0045042037963867, ""z"": 0.0, ""velocity"": 0.0, ""snr"": 0.0}, {""x"": 1.9186735153198242, ""y"": 2.0096898078918457, ""z"": 0.0, ""velocity"": 0.0, ""snr"": 0.0}]",null,0.0
2,0.8,16,"[{""x"": -1.0877251625061035, ""y"": 1.8875598907470703, ""z"": 0.0, ""velocity"": 0.0, ""snr"": 0.0}, {""x"": -0.8554458618164062, ""y"": 1.9481778144836426, ""z"": 0.0, ""velocity"": 0.0, ""snr"": 0.0}, {""x"": -0.9221434593200684, ""y"": 1.943528652191162, ""z"": 0.0, ""velocity"": 0.0, ""snr"": 0.0}, {""x"": -0.13142824172973633, ""y"": 0.9632706642150879, ""z"": 0.0, ""velocity"": 0.0, ""snr"": 0.0}, {""x"": -0.13375282287597656, ""y"": 0.9815096855163574, ""z"": 0.0, ""velocity"": 0.0, ""snr"": 0.0}, {""x"": -0.15556812286376953, ""y"": 0.9799003601074219, ""z"": 0.0, ""velocity"": 0.0, ""snr"": 0.0}, {""x"": -0.17577409744262695, ""y"": 0.9900927543640137, ""z"": 0.0, ""velocity"": 0.0, ""snr"": 0.0}, {""x"": -0.13893842697143555, ""y"": 1.2148618698120117, ""z"": 0.0, ""velocity"": 0.0, ""snr"": 0.0}, {""x"": -0.12803077697753906, ""y"": 1.2499094009399414, ""z"": 0.0, ""velocity"": 0.0, ""snr"": 0.0}, {""x"": -0.11140108108520508, ""y"": 1.2602806091308594, ""z"": 0.0, ""velocity"": 0.0, ""snr"": 0.0}, {""x"": -0.10943412780761719, ""y"": 1.2774467468261719, ""z"": 0.0, ""velocity"": 0.0, ""snr"": 0.0}, {""x"": 1.4051198959350586, ""y"": 2.1706223487854004, ""z"": 0.0, ""velocity"": 0.0, ""snr"": 0.0}, {""x"": 2.4372339248657227, ""y"": 4.353940486907959, ""z"": 0.0, ""velocity"": 0.0, ""snr"": 0.0}, {""x"": 1.5131235122680664, ""y"": 2.095341682434082, ""z"": 0.0, ""velocity"": 0.0, ""snr"": 0.0}, {""x"": 1.8991827964782715, ""y"": 2.0284652709960938, ""z"": 0.0, ""velocity"": 0.0, ""snr"": 0.0}, {""x"": 1.9115209579467773, ""y"": 1.9930601119995117, ""z"": 0.0, ""velocity"": 0.0, ""snr"": 0.0}]",null,0.0
3,0.8,19,"[{""x"": -1.0104775428771973, ""y"": 1.9353032112121582, ""z"": 0.0, ""velocity"": 0.0, ""snr"": 0.0}, {""x"": -0.8769035339355469, ""y"": 1.9428133964538574, ""z"": 0.0, ""velocity"": 0.0, ""snr"": 0.0}, {""x"": -0.8980035781860352, ""y"": 1.9619464874267578, ""z"": 0.0, ""velocity"": 0.0, ""snr"": 0.0}, {""x"": -0.10764598846435547, ""y"": 0.983119010925293, ""z"": 0.0, ""velocity"": 0.0, ""snr"": 0.0}, {""x"": -0.12642145156860352, ""y"": 0.9804368019104004, ""z"": 0.0, ""velocity"": 0.0, ""snr"": 0.0}, {""x"": -0.20742416381835938, ""y"": 1.126706600189209, ""z"": 0.0, ""velocity"": 0.0, ""snr"": 0.0}, {""x"": -0.1811385154724121, ""y"": 1.199483871459961, ""z"": 0.0, ""velocity"": 0.0, ""snr"": 0.0}, {""x"": -0.13053417205810547, ""y"": 1.248478889465332, ""z"": 0.0, ""velocity"": 0.0, ""snr"": 0.0}, {""x"": -0.11855363845825195, ""y"": 1.25885009765625, ""z"": 0.0, ""velocity"": 0.0, ""snr"": 0.0}, {""x"": -0.10102987289428711, ""y"": 1.2769103050231934, ""z"": 0.0, ""velocity"": 0.0, ""snr"": 0.0}, {""x"": 0.4202127456665039, ""y"": 0.9849071502685547, ""z"": 0.0, ""velocity"": 0.0, ""snr"": 0.0}, {""x"": 0.47510862350463867, ""y"": 0.9444952011108398, ""z"": 0.0, ""velocity"": 0.0, ""snr"": 0.0}, {""x"": 1.4249682426452637, ""y"": 2.156674861907959, ""z"": 0.0, ""velocity"": 0.0, ""snr"": 0.0}, {""x"": 2.4163126945495605, ""y"": 4.343926906585693, ""z"": 0.0, ""velocity"": 0.0, ""snr"": 0.0}, {""x"": 2.444922924041748, ""y"": 4.349648952484131, ""z"": 0.0, ""velocity"": 0.0, ""snr"": 0.0}, {""x"": 1.525282859802246, ""y"": 2.085864543914795, ""z"": 0.0, ""velocity"": 0.0, ""snr"": 0.0}, {""x"": 1.8968582153320312, ""y"": 2.0574331283569336, ""z"": 0.0, ""velocity"": 0.0, ""snr"": 0.0}, {""x"": 1.9025802612304688, ""y"": 2.0020008087158203, ""z"": 0.0, ""velocity"": 0.0, ""snr"": 0.0}, {""x"": 1.9281506538391113, ""y"": 2.001821994781494, ""z"": 0.0, ""velocity"": 0.0, ""snr"": 0.0}]",null,0.0
4,0.8,18,"[{""x"": -0.9607672691345215, ""y"": 1.8948912620544434, ""z"": 0.0, ""velocity"": 0.0, ""snr"": 0.0}, {""x"": -0.9704232215881348, ""y"": 1.9265413284301758, ""z"": 0.0, ""velocity"": 0.0, ""snr"": 0.0}, {""x"": -1.0889768600463867, ""y"": 1.8929243087768555, ""z"": 0.0, ""velocity"": 0.0, ""snr"": 0.0}, {""x"": -0.4082322120666504, ""y"": 1.004934310913086, ""z"": 0.0, ""velocity"": 0.0, ""snr"": 0.0}, {""x"": -0.30916929244995117, ""y"": 1.0886192321777344, ""z"": 0.0, ""velocity"": 0.0, ""snr"": 0.0}, {""x"": -0.0870823860168457, ""y"": 0.9908080101013184, ""z"": 0.0, ""velocity"": 0.0, ""snr"": 0.0}, {""x"": -0.16325712203979492, ""y"": 1.202702522277832, ""z"": 0.0, ""velocity"": 0.0, ""snr"": 0.0}, {""x"": -0.13017654418945312, ""y"": 1.2477636337280273, ""z"": 0.0, ""velocity"": 0.0, ""snr"": 0.0}, {""x"": -0.1246333122253418, ""y"": 1.25885009765625, ""z"": 0.0, ""velocity"": 0.0, ""snr"": 0.0}, {""x"": -0.15932321548461914, ""y"": 1.2706518173217773, ""z"": 0.0, ""velocity"": 0.0, ""snr"": 0.0}, {""x"": -0.05078315734863281, ""y"": 0.9979605674743652, ""z"": 0.0, ""velocity"": 0.0, ""snr"": 0.0}, {""x"": 0.29397010803222656, ""y"": 0.9827613830566406, ""z"": 0.0, ""velocity"": 0.0, ""snr"": 0.0}, {""x"": 2.5026798248291016, ""y"": 4.2972564697265625, ""z"": 0.0, ""velocity"": 0.0, ""snr"": 0.0}, {""x"": 2.4951696395874023, ""y"": 4.320859909057617, ""z"": 0.0, ""velocity"": 0.0, ""snr"": 0.0}, {""x"": 1.5399456024169922, ""y"": 2.073526382446289, ""z"": 0.0, ""velocity"": 0.0, ""snr"": 0.0}, {""x"": 1.872718334197998, ""y"": 2.0855069160461426, ""z"": 0.0, ""velocity"": 0.0, ""snr"": 0.0}, {""x"": 1.9671320915222168, ""y"": 1.935124397277832, ""z"": 0.0, ""velocity"": 0.0, ""snr"": 0.0}, {""x"": 1.9596219062805176, ""y"": 1.972496509552002, ""z"": 0.0, ""velocity"": 0.0, ""snr"": 0.0}]",null,0.0
5,0.8,16,"[{""x"": -0.9993910789489746, ""y"": 1.8730759620666504, ""z"": 0.0, ""velocity"": 0.0, ""snr"": 0.0}, {""x"": -1.0004639625549316, ""y"": 1.9109845161437988, ""z"": 0.0, ""velocity"": 0.0, ""snr"": 0.0}, {""x"": -1.119554042816162, ""y"": 1.874685287475586, ""z"": 0.0, ""velocity"": 0.0, ""snr"": 0.0}, {""x"": -0.4547238349914551, ""y"": 0.9743571281433105, ""z"": 0.0, ""velocity"": 0.0, ""snr"": 0.0}, {""x"": -0.06651878356933594, ""y"": 0.9972453117370605, ""z"": 0.0, ""velocity"": 0.0, ""snr"": 0.0}, {""x"": -0.15485286712646484, ""y"": 1.0194182395935059, ""z"": 0.0, ""velocity"": 0.0, ""snr"": 0.0}, {""x"": -0.14591217041015625, ""y"": 1.2170076370239258, ""z"": 0.0, ""velocity"": 0.0, ""snr"": 0.0}, {""x"": -0.14036893844604492, ""y"": 1.2472271919250488, ""z"": 0.0, ""velocity"": 0.0, ""snr"": 0.0}, {""x"": -0.13267993927001953, ""y"": 1.2561678886413574, ""z"": 0.0, ""velocity"": 0.0, ""snr"": 0.0}, {""x"": -0.1823902130126953, ""y"": 1.2656450271606445, ""z"": 0.0, ""velocity"": 0.0, ""snr"": 0.0}, {""x"": -0.017702579498291016, ""y"": 1.007080078125, ""z"": 0.0, ""velocity"": 0.0, ""snr"": 0.0}, {""x"": 0.2955794334411621, ""y"": 2.032935619354248, ""z"": 0.0, ""velocity"": 0.0, ""snr"": 0.0}, {""x"": 2.3213624954223633, ""y"": 4.396498203277588, ""z"": 0.0, ""velocity"": 0.0, ""snr"": 0.0}, {""x"": 2.3830533027648926, ""y"": 4.38380241394043, ""z"": 0.0, ""velocity"": 0.0, ""snr"": 0.0}, {""x"": 1.907050609588623, ""y"": 1.9894838333129883, ""z"": 0.0, ""velocity"": 0.0, ""snr"": 0.0}, {""x"": 1.9116997718811035, ""y"": 2.0170211791992188, ""z"": 0.0, ""velocity"": 0.0, ""snr"": 0.0}]",null,0.0
6,0.8,16,"[{""x"": -1.0256767272949219, ""y"": 1.855909824371338, ""z"": 0.0, ""velocity"": 0.0, ""snr"": 0.0}, {""x"": -1.0136961936950684, ""y"": 1.903831958770752, ""z"": 0.0, ""velocity"": 0.0, ""snr"": 0.0}, {""x"": -1.1404752731323242, ""y"": 1.861274242401123, ""z"": 0.0, ""velocity"": 0.0, ""snr"": 0.0}, {""x"": -0.16897916793823242, ""y"": 1.204848289489746, ""z"": 0.0, ""velocity"": 0.0, ""snr"": 0.0}, {""x"": -0.1328587532043457, ""y"": 1.2516975402832031, ""z"": 0.0, ""velocity"": 0.0, ""snr"": 0.0}, {""x"": -0.11712312698364258, ""y"": 1.2606382369995117, ""z"": 0.0, ""velocity"": 0.0, ""snr"": 0.0}, {""x"": -0.13214349746704102, ""y"": 1.274406909942627, ""z"": 0.0, ""velocity"": 0.0, ""snr"": 0.0}, {""x"": -0.05650520324707031, ""y"": 0.9977817535400391, ""z"": 0.0, ""velocity"": 0.0, ""snr"": 0.0}, {""x"": -0.034689903259277344, ""y"": 1.0119080543518066, ""z"": 0.0, ""velocity"": 0.0, ""snr"": 0.0}, {""x"": 0.19311904907226562, ""y"": 1.0192394256591797, ""z"": 0.0, ""velocity"": 0.0, ""snr"": 0.0}, {""x"": 0.2980828285217285, ""y"": 2.0322203636169434, ""z"": 0.0, ""velocity"": 0.0, ""snr"": 0.0}, {""x"": 0.3637075424194336, ""y"": 0.9999275207519531, ""z"": 0.0, ""velocity"": 0.0, ""snr"": 0.0}, {""x"": 2.391815185546875, ""y"": 4.355013370513916, ""z"": 0.0, ""velocity"": 0.0, ""snr"": 0.0}, {""x"": 2.4493932723999023, ""y"": 4.346966743469238, ""z"": 0.0, ""velocity"": 0.0, ""snr"": 0.0}, {""x"": 1.8732547760009766, ""y"": 2.0543932914733887, ""z"": 0.0, ""velocity"": 0.0, ""snr"": 0.0}, {""x"": 1.9088387489318848, ""y"": 1.989126205444336, ""z"": 0.0, ""velocity"": 0.0, ""snr"": 0.0}]",null,0.0
7,0.8,18,"[{""x"": -1.0346174240112305, ""y"": 1.850724220275879, ""z"": 0.0, ""velocity"": 0.0, ""snr"": 0.0}, {""x"": -1.007080078125, ""y"": 1.907050609588623, ""z"": 0.0, ""velocity"": 0.0, ""snr"": 0.0}, {""x"": -1.164078712463379, ""y"": 1.8416047096252441, ""z"": 0.0, ""velocity"": 0.0, ""snr"": 0.0}, {""x"": -0.22047758102416992, ""y"": 0.9786486625671387, ""z"": 0.0, ""velocity"": 0.0, ""snr"": 0.0}, {""x"": -0.13518333435058594, ""y"": 0.9816884994506836, ""z"": 0.0, ""velocity"": 0.0, ""snr"": 0.0}, {""x"": -0.15807151794433594, ""y"": 1.207888126373291, ""z"": 0.0, ""velocity"": 0.0, ""snr"": 0.0}, {""x"": -0.13321638107299805, ""y"": 1.249372959136963, ""z"": 0.0, ""velocity"": 0.0, ""snr"": 0.0}, {""x"": -0.11783838272094727, ""y"": 1.2590289115905762, ""z"": 0.0, ""velocity"": 0.0, ""snr"": 0.0}, {""x"": -0.09334087371826172, ""y"": 1.2740492820739746, ""z"": 0.0, ""velocity"": 0.0, ""snr"": 0.0}, {""x"": 0.1925826072692871, ""y"": 2.027571201324463, ""z"": 0.0, ""velocity"": 0.0, ""snr"": 0.0}, {""x"": 0.2592802047729492, ""y"": 2.0374059677124023, ""z"": 0.0, ""velocity"": 0.0, ""snr"": 0.0}, {""x"": 0.28073787689208984, ""y"": 1.039266586303711, ""z"": 0.0, ""velocity"": 0.0, ""snr"": 0.0}, {""x"": 0.38230419158935547, ""y"": 0.9872317314147949, ""z"": 0.0, ""velocity"": 0.0, ""snr"": 0.0}, {""x"": 2.3685693740844727, ""y"": 4.368603229522705, ""z"": 0.0, ""velocity"": 0.0, ""snr"": 0.0}, {""x"": 2.452254295349121, ""y"": 4.345357418060303, ""z"": 0.0, ""velocity"": 0.0, ""snr"": 0.0}, {""x"": 1.8762946128845215, ""y"": 2.0229220390319824, ""z"": 0.0, ""velocity"": 0.0, ""snr"": 0.0}, {""x"": 1.8836259841918945, ""y"": 2.0467042922973633, ""z"": 0.0, ""velocity"": 0.0, ""snr"": 0.0}, {""x"": 1.8821954727172852, ""y"": 2.0779967308044434, ""z"": 0.0, ""velocity"": 0.0, ""snr"": 0.0}]",null,0.0
8,0.8,21,"[{""x"": -0.9759664535522461, ""y"": 1.8866658210754395, ""z"": 0.0, ""velocity"": 0.0, ""snr"": 0.0}, {""x"": -0.9865164756774902, ""y"": 1.9179582595825195, ""z"": 0.0, ""velocity"": 0.0, ""snr"": 0.0}, {""x"": -1.1029243469238281, ""y"": 1.8771886825561523, ""z"": 0.0, ""velocity"": 0.0, ""snr"": 0.0}, {""x"": -0.2353191375732422, ""y"": 0.9689927101135254, ""z"": 0.0, ""velocity"": 0.0, ""snr"": 0.0}, {""x"": -0.08404254913330078, ""y"": 0.9663105010986328, ""z"": 0.0, ""velocity"": 0.0, ""snr"": 0.0}, {""x"": -0.14984607696533203, ""y"": 0.9763240814208984, ""z"": 0.0, ""velocity"": 0.0, ""snr"": 0.0}, {""x"": -0.14197826385498047, ""y"": 1.2137889862060547, ""z"": 0.0, ""velocity"": 0.0, ""snr"": 0.0}, {""x"": -0.1341104507446289, ""y"": 1.2479424476623535, ""z"": 0.0, ""velocity"": 0.0, ""snr"": 0.0}, {""x"": -0.11247396469116211, ""y"": 1.2592077255249023, ""z"": 0.0, ""velocity"": 0.0, ""snr"": 0.0}, {""x"": -0.12445449829101562, ""y"": 1.275479793548584, ""z"": 0.0, ""velocity"": 0.0, ""snr"": 0.0}, {""x"": 0.12230873107910156, ""y"": 2.0393729209899902, ""z"": 0.0, ""velocity"": 0.0, ""snr"": 0.0}, {""x"": 0.11032819747924805, ""y"": 1.1177659034729004, ""z"": 0.0, ""velocity"": 0.0, ""snr"": 0.0}, {""x"": 0.1748800277709961, ""y"": 2.0508170127868652, ""z"": 0.0, ""velocity"": 0.0, ""snr"": 0.0}, {""x"": 0.3018379211425781, ""y"": 1.035153865814209, ""z"": 0.0, ""velocity"": 0.0, ""snr"": 0.0}, {""x"": 0.4030466079711914, ""y"": 0.977933406829834, ""z"": 0.0, ""velocity"": 0.0, ""snr"": 0.0}, {""x"": 2.436518669128418, ""y"": 4.331409931182861, ""z"": 0.0, ""velocity"": 0.0, ""snr"": 0.0}, {""x"": 2.4930238723754883, ""y"": 4.322290420532227, ""z"": 0.0, ""velocity"": 0.0, ""snr"": 0.0}, {""x"": 1.549065113067627, ""y"": 2.0719170570373535, ""z"": 0.0, ""velocity"": 0.0, ""snr"": 0.0}, {""x"": 1.6320347785949707, ""y"": 2.0136237144470215, ""z"": 0.0, ""velocity"": 0.0, ""snr"": 0.0}, {""x"": 1.855909824371338, ""y"": 2.0425915718078613, ""z"": 0.0, ""velocity"": 0.0, ""snr"": 0.0}, {""x"": 1.909196376800537, ""y"": 2.023637294769287, ""z"": 0.0, ""velocity"": 0.0, ""snr"": 0.0}]",null,0.0
9,0.8,21,"[{""x"": -1.0233521461486816, ""y"": 1.9260048866271973, ""z"": 0.0, ""velocity"": 0.0, ""snr"": 0.0}, {""x"": -0.3368854522705078, ""y"": 0.9639859199523926, ""z"": 0.0, ""velocity"": 0.0, ""snr"": 0.0}, {""x"": -0.863492488861084, ""y"": 1.938164234161377, ""z"": 0.0, ""velocity"": 0.0, ""snr"": 0.0}, {""x"": -0.9387731552124023, ""y"": 1.9420981407165527, ""z"": 0.0, ""velocity"": 0.0, ""snr"": 0.0}, {""x"": -0.22029876708984375, ""y"": 0.9732842445373535, ""z"": 0.0, ""velocity"": 0.0, ""snr"": 0.0}, {""x"": -0.07992982864379883, ""y"": 0.9639859199523926, ""z"": 0.0, ""velocity"": 0.0, ""snr"": 0.0}, {""x"": -0.1423358917236328, ""y"": 0.9766817092895508, ""z"": 0.0, ""velocity"": 0.0, ""snr"": 0.0}, {""x"": -0.17112493515014648, ""y"": 1.208961009979248, ""z"": 0.0, ""velocity"": 0.0, ""snr"": 0.0}, {""x"": -0.1398324966430664, ""y"": 1.2468695640563965, ""z"": 0.0, ""velocity"": 0.0, ""snr"": 0.0}, {""x"": -0.11658668518066406, ""y"": 1.2579560279846191, ""z"": 0.0, ""velocity"": 0.0, ""snr"": 0.0}, {""x"": -0.10263919830322266, ""y"": 1.272261142730713, ""z"": 0.0, ""velocity"": 0.0, ""snr"": 0.0}, {""x"": -0.04667043685913086, ""y"": 1.1376142501831055, ""z"": 0.0, ""velocity"": 0.0, ""snr"": 0.0}, {""x"": 0.04380941390991211, ""y"": 2.043485641479492, ""z"": 0.0, ""velocity"": 0.0, ""snr"": 0.0}, {""x"": 0.04792213439941406, ""y"": 2.057790756225586, ""z"": 0.0, ""velocity"": 0.0, ""snr"": 0.0}, {""x"": 0.33527612686157227, ""y"": 1.0197758674621582, ""z"": 0.0, ""velocity"": 0.0, ""snr"": 0.0}, {""x"": 0.37747621536254883, ""y"": 0.9827613830566406, ""z"": 0.0, ""velocity"": 0.0, ""snr"": 0.0}, {""x"": 2.4973154067993164, ""y"": 4.31978702545166, ""z"": 0.0, ""velocity"": 0.0, ""snr"": 0.0}, {""x"": 1.5964508056640625, ""y"": 2.0363330841064453, ""z"": 0.0, ""velocity"": 0.0, ""snr"": 0.0}, {""x"": 1.6888976097106934, ""y"": 1.9687414169311523, ""z"": 0.0, ""velocity"": 0.0, ""snr"": 0.0}, {""x"": 1.86842679977417, ""y"": 2.0311474800109863, ""z"": 0.0, ""velocity"": 0.0, ""snr"": 0.0}, {""x"": 1.9109845161437988, ""y"": 2.0218491554260254, ""z"": 0.0, ""velocity"": 0.0, ""snr"": 0.0}]",null,0.0
0,0.8,19,"[{""x"": -0.9444952011108398, ""y"": 1.9404888153076172, ""z"": 0.0, ""velocity"": 0.0, ""snr"": 0.0}, {""x"": -1.0524988174438477, ""y"": 1.9063353538513184, ""z"": 0.0, ""velocity"": 0.0, ""snr"": 0.0}, {""x"": -0.8858442306518555, ""y"": 1.9295811653137207, ""z"": 0.0, ""velocity"": 0.0, ""snr"": 0.0}, {""x"": -0.2617835998535156, ""y"": 1.1102557182312012, ""z"": 0.0, ""velocity"": 0.0, ""snr"": 0.0}, {""x"": -0.09119510650634766, ""y"": 0.9630918502807617, ""z"": 0.0, ""velocity"": 0.0, ""snr"": 0.0}, {""x"": -0.11855363845825195, ""y"": 0.9832978248596191, ""z"": 0.0, ""velocity"": 0.0, ""snr"": 0.0}, {""x"": -0.11819601058959961, ""y"": 0.9961724281311035, ""z"": 0.0, ""velocity"": 0.0, ""snr"": 0.0}, {""x"": -0.18346309661865234, ""y"": 1.2055635452270508, ""z"": 0.0, ""velocity"": 0.0, ""snr"": 0.0}, {""x"": -0.13571977615356445, ""y"": 1.2466907501220703, ""z"": 0.0, ""velocity"": 0.0, ""snr"": 0.0}, {""x"": -0.11533498764038086, ""y"": 1.2574195861816406, ""z"": 0.0, ""velocity"": 0.0, ""snr"": 0.0}, {""x"": -0.009834766387939453, ""y"": 1.0281801223754883, ""z"": 0.0, ""velocity"": 0.0, ""snr"": 0.0}, {""x"": 0.0457763671875, ""y"": 2.042233943939209, ""z"": 0.0, ""velocity"": 0.0, ""snr"": 0.0}, {""x"": 0.07635354995727539, ""y"": 2.054750919342041, ""z"": 0.0, ""velocity"": 0.0, ""snr"": 0.0}, {""x"": 0.16504526138305664, ""y"": 1.0505318641662598, ""z"": 0.0, ""velocity"": 0.0, ""snr"": 0.0}, {""x"": 2.5454163551330566, ""y"": 4.291534423828125, ""z"": 0.0, ""velocity"": 0.0, ""snr"": 0.0}, {""x"": 1.5993118286132812, ""y"": 2.0356178283691406, ""z"": 0.0, ""velocity"": 0.0, ""snr"": 0.0}, {""x"": 1.6779899597167969, ""y"": 1.9800066947937012, ""z"": 0.0, ""velocity"": 0.0, ""snr"": 0.0}, {""x"": 1.8911361694335938, ""y"": 2.012014389038086, ""z"": 0.0, ""velocity"": 0.0, ""snr"": 0.0}, {""x"": 1.8693208694458008, ""y"": 2.063870429992676, ""z"": 0.0, ""velocity"": 0.0, ""snr"": 0.0}]",null,0.0
1,0.8,19,"[{""x"": -0.9478926658630371, ""y"": 1.937270164489746, ""z"": 0.0, ""velocity"": 0.0, ""snr"": 0.0}, {""x"": -1.097559928894043, ""y"": 1.8807649612426758, ""z"": 0.0, ""velocity"": 0.0, ""snr"": 0.0}, {""x"": -0.8608102798461914, ""y"": 1.9410252571105957, ""z"": 0.0, ""velocity"": 0.0, ""snr"": 0.0}, {""x"": -0.22906064987182617, ""y"": 1.1258125305175781, ""z"": 0.0, ""velocity"": 0.0, ""snr"": 0.0}, {""x"": -0.10192394256591797, ""y"": 0.9607672691345215, ""z"": 0.0, ""velocity"": 0.0, ""snr"": 0.0}, {""x"": -0.1062154769897461, ""y"": 0.9843707084655762, ""z"": 0.0, ""velocity"": 0.0, ""snr"": 0.0}, {""x"": -0.18256902694702148, ""y"": 1.2039542198181152, ""z"": 0.0, ""velocity"": 0.0, ""snr"": 0.0}, {""x"": -0.13786554336547852, ""y"": 1.244187355041504, ""z"": 0.0, ""velocity"": 0.0, ""snr"": 0.0}, {""x"": -0.12534856796264648, ""y"": 1.2559890747070312, ""z"": 0.0, ""velocity"": 0.0, ""snr"": 0.0}, {""x"": -0.050067901611328125, ""y"": 1.0074377059936523, ""z"": 0.0, ""velocity"": 0.0, ""snr"": 0.0}, {""x"": 0.12427568435668945, ""y"": 2.054750919342041, ""z"": 0.0, ""velocity"": 0.0, ""snr"": 0.0}, {""x"": 0.11551380157470703, ""y"": 1.0297894477844238, ""z"": 0.0, ""velocity"": 0.0, ""snr"": 0.0}, {""x"": 0.23031234741210938, ""y"": 1.03837251663208, ""z"": 0.0, ""velocity"": 0.0, ""snr"": 0.0}, {""x"": 2.6033520698547363, ""y"": 4.2566657066345215, ""z"": 0.0, ""velocity"": 0.0, ""snr"": 0.0}, {""x"": 1.6148686408996582, ""y"": 2.024710178375244, ""z"": 0.0, ""velocity"": 0.0, ""snr"": 0.0}, {""x"": 1.6554594039916992, ""y"": 2.0002126693725586, ""z"": 0.0, ""velocity"": 0.0, ""snr"": 0.0}, {""x"": 1.8877387046813965, ""y"": 2.016305923461914, ""z"": 0.0, ""velocity"": 0.0, ""snr"": 0.0}, {""x"": 1.8535852432250977, ""y"": 2.079606056213379, ""z"": 0.0, ""velocity"": 0.0, ""snr"": 0.0}, {""x"": 1.832127571105957, ""y"": 2.1291375160217285, ""z"": 0.0, ""velocity"": 0.0, ""snr"": 0.0}]",null,0.0
2,0.8,19,"[{""x"": -1.0626912117004395, ""y"": 1.902937889099121, ""z"": 0.0, ""velocity"": 0.0, ""snr"": 0.0}, {""x"": -0.8475780487060547, ""y"": 1.9478201866149902, ""z"": 0.0, ""velocity"": 0.0, ""snr"": 0.0}, {""x"": -0.9214282035827637, ""y"": 1.9472837448120117, ""z"": 0.0, ""velocity"": 0.0, ""snr"": 0.0}, {""x"": -0.30791759490966797, ""y"": 1.1065006256103516, ""z"": 0.0, ""velocity"": 0.0, ""snr"": 0.0}, {""x"": -0.06401538848876953, ""y"": 0.9613037109375, ""z"": 0.0, ""velocity"": 0.0, ""snr"": 0.0}, {""x"": -0.07617473602294922, ""y"": 0.9870529174804688, ""z"": 0.0, ""velocity"": 0.0, ""snr"": 0.0}, {""x"": -0.1875758171081543, ""y"": 1.2052059173583984, ""z"": 0.0, ""velocity"": 0.0, ""snr"": 0.0}, {""x"": -0.13589859008789062, ""y"": 1.245260238647461, ""z"": 0.0, ""velocity"": 0.0, ""snr"": 0.0}, {""x"": -0.11515617370605469, ""y"": 1.2581348419189453, ""z"": 0.0, ""velocity"": 0.0, ""snr"": 0.0}, {""x"": -0.029861927032470703, ""y"": 1.0076165199279785, ""z"": 0.0, ""velocity"": 0.0, ""snr"": 0.0}, {""x"": 0.1042485237121582, ""y"": 2.058684825897217, ""z"": 0.0, ""velocity"": 0.0, ""snr"": 0.0}, {""x"": 0.125885009765625, ""y"": 1.026928424835205, ""z"": 0.0, ""velocity"": 0.0, ""snr"": 0.0}, {""x"": 0.23227930068969727, ""y"": 1.0358691215515137, ""z"": 0.0, ""velocity"": 0.0, ""snr"": 0.0}, {""x"": 2.5055408477783203, ""y"": 4.3149590492248535, ""z"": 0.0, ""velocity"": 0.0, ""snr"": 0.0}, {""x"": 1.604139804840088, ""y"": 2.033829689025879, ""z"": 0.0, ""velocity"": 0.0, ""snr"": 0.0}, {""x"": 1.6508102416992188, ""y"": 2.003967761993408, ""z"": 0.0, ""velocity"": 0.0, ""snr"": 0.0}, {""x"": 1.8432140350341797, ""y"": 2.0561814308166504, ""z"": 0.0, ""velocity"": 0.0, ""snr"": 0.0}, {""x"": 1.8264055252075195, ""y"": 2.100527286529541, ""z"": 0.0, ""velocity"": 0.0, ""snr"": 0.0}, {""x"": 1.8496513366699219, ""y"": 2.108752727508545, ""z"": 0.0, ""velocity"": 0.0, ""snr"": 0.0}]",null,0.0
3,0.8,19,"[{""x"": -1.0544657707214355, ""y"": 1.9052624702453613, ""z"": 0.0, ""velocity"": 0.0, ""snr"": 0.0}, {""x"": -0.7576346397399902, ""y"": 1.9857287406921387, ""z"": 0.0, ""velocity"": 0.0, ""snr"": 0.0}, {""x"": -0.9028315544128418, ""y"": 1.9535422325134277, ""z"": 0.0, ""velocity"": 0.0, ""snr"": 0.0}, {""x"": -0.32901763916015625, ""y"": 1.091301441192627, ""z"": 0.0, ""velocity"": 0.0, ""snr"": 0.0}, {""x"": -0.47832727432250977, ""y"": 2.0250678062438965, ""z"": 0.0, ""velocity"": 0.0, ""snr"": 0.0}, {""x"": -0.11408329010009766, ""y"": 0.9856224060058594, ""z"": 0.0, ""velocity"": 0.0, ""snr"": 0.0}, {""x"": -0.11247396469116211, ""y"": 0.9984970092773438, ""z"": 0.0, ""velocity"": 0.0, ""snr"": 0.0}, {""x"": -0.20509958267211914, ""y"": 1.1962652206420898, ""z"": 0.0, ""velocity"": 0.0, ""snr"": 0.0}, {""x"": -0.1366138458251953, ""y"": 1.24436616897583, ""z"": 0.0, ""velocity"": 0.0, ""snr"": 0.0}, {""x"": -0.12356042861938477, ""y"": 1.257777214050293, ""z"": 0.0, ""velocity"": 0.0, ""snr"": 0.0}, {""x"": -0.03039836883544922, ""y"": 2.0679831504821777, ""z"": 0.0, ""velocity"": 0.0, ""snr"": 0.0}, {""x"": 0.16164779663085938, ""y"": 1.0253190994262695, ""z"": 0.0, ""velocity"": 0.0, ""snr"": 0.0}, {""x"": 0.3139972686767578, ""y"": 1.0199546813964844, ""z"": 0.0, ""velocity"": 0.0, ""snr"": 0.0}, {""x"": 2.453327178955078, ""y"": 4.321932792663574, ""z"": 0.0, ""velocity"": 0.0, ""snr"": 0.0}, {""x"": 2.5044679641723633, ""y"": 4.315674304962158, ""z"": 0.0, ""velocity"": 0.0, ""snr"": 0.0}, {""x"": 1.5758872032165527, ""y"": 2.05385684967041, ""z"": 0.0, ""velocity"": 0.0, ""snr"": 0.0}, {""x"": 1.6640424728393555, ""y"": 1.989305019378662, ""z"": 0.0, ""velocity"": 0.0, ""snr"": 0.0}, {""x"": 1.7856359481811523, ""y"": 2.1039247512817383, ""z"": 0.0, ""velocity"": 0.0, ""snr"": 0.0}, {""x"": 1.8460750579833984, ""y"": 2.078711986541748, ""z"": 0.0, ""velocity"": 0.0, ""snr"": 0.0}]",null,0.0
4,0.8,16,"[{""x"": -1.0734200477600098, ""y"": 1.8952488899230957, ""z"": 0.0, ""velocity"": 0.0, ""snr"": 0.0}, {""x"": -0.7216930389404297, ""y"": 1.9959211349487305, ""z"": 0.0, ""velocity"": 0.0, ""snr"": 0.0}, {""x"": -0.9024739265441895, ""y"": 1.9512176513671875, ""z"": 0.0, ""velocity"": 0.0, ""snr"": 0.0}, {""x"": -0.2682209014892578, ""y"": 1.0473132133483887, ""z"": 0.0, ""velocity"": 0.0, ""snr"": 0.0}, {""x"": -0.31560659408569336, ""y"": 1.0859370231628418, ""z"": 0.0, ""velocity"": 0.0, ""snr"": 0.0}, {""x"": -0.10371208190917969, ""y"": 0.9870529174804688, ""z"": 0.0, ""velocity"": 0.0, ""snr"": 0.0}, {""x"": -0.11855363845825195, ""y"": 1.0015368461608887, ""z"": 0.0, ""velocity"": 0.0, ""snr"": 0.0}, {""x"": -0.12946128845214844, ""y"": 1.031041145324707, ""z"": 0.0, ""velocity"": 0.0, ""snr"": 0.0}, {""x"": -0.19758939743041992, ""y"": 1.1950135231018066, ""z"": 0.0, ""velocity"": 0.0, ""snr"": 0.0}, {""x"": -0.14662742614746094, ""y"": 1.243293285369873, ""z"": 0.0, ""velocity"": 0.0, ""snr"": 0.0}, {""x"": -0.12928247451782227, ""y"": 1.2552738189697266, ""z"": 0.0, ""velocity"": 0.0, ""snr"": 0.0}, {""x"": 2.5286078453063965, ""y"": 4.3013691902160645, ""z"": 0.0, ""velocity"": 0.0, ""snr"": 0.0}, {""x"": 1.5860795974731445, ""y"": 2.043485641479492, ""z"": 0.0, ""velocity"": 0.0, ""snr"": 0.0}, {""x"": 1.7203688621520996, ""y"": 1.9338726997375488, ""z"": 0.0, ""velocity"": 0.0, ""snr"": 0.0}, {""x"": 1.8417835235595703, ""y"": 2.0561814308166504, ""z"": 0.0, ""velocity"": 0.0, ""snr"": 0.0}, {""x"": 1.9292235374450684, ""y"": 2.004683017730713, ""z"": 0.0, ""velocity"": 0.0, ""snr"": 0.0}]",null,0.0
5,0.8,17,"[{""x"": -1.0240674018859863, ""y"": 1.9217133522033691, ""z"": 0.0, ""velocity"": 0.0, ""snr"": 0.0}, {""x"": -0.7871389389038086, ""y"": 1.925826072692871, ""z"": 0.0, ""velocity"": 0.0, ""snr"": 0.0}, {""x"": -0.6911158561706543, ""y"": 2.002894878387451, ""z"": 0.0, ""velocity"": 0.0, ""snr"": 0.0}, {""x"": -0.8665323257446289, ""y"": 1.9674897193908691, ""z"": 0.0, ""velocity"": 0.0, ""snr"": 0.0}, {""x"": -0.24622678756713867, ""y"": 1.0532140731811523, ""z"": 0.0, ""velocity"": 0.0, ""snr"": 0.0}, {""x"": -0.2925395965576172, ""y"": 1.0866522789001465, ""z"": 0.0, ""velocity"": 0.0, ""snr"": 0.0}, {""x"": -0.08618831634521484, ""y"": 0.9879469871520996, ""z"": 0.0, ""velocity"": 0.0, ""snr"": 0.0}, {""x"": -0.11461973190307617, ""y"": 1.0042190551757812, ""z"": 0.0, ""velocity"": 0.0, ""snr"": 0.0}, {""x"": -0.16361474990844727, ""y"": 1.0312199592590332, ""z"": 0.0, ""velocity"": 0.0, ""snr"": 0.0}, {""x"": -0.2079606056213379, ""y"": 1.190185546875, ""z"": 0.0, ""velocity"": 0.0, ""snr"": 0.0}, {""x"": -0.14698505401611328, ""y"": 1.245260238647461, ""z"": 0.0, ""velocity"": 0.0, ""snr"": 0.0}, {""x"": -0.13393163681030273, ""y"": 1.255810260772705, ""z"": 0.0, ""velocity"": 0.0, ""snr"": 0.0}, {""x"": -0.11175870895385742, ""y"": 1.2760162353515625, ""z"": 0.0, ""velocity"": 0.0, ""snr"": 0.0}, {""x"": 2.524852752685547, ""y"": 4.303693771362305, ""z"": 0.0, ""velocity"": 0.0, ""snr"": 0.0}, {""x"": 1.5458464622497559, ""y"": 2.072453498840332, ""z"": 0.0, ""velocity"": 0.0, ""snr"": 0.0}, {""x"": 1.6876459121704102, ""y"": 1.964271068572998, ""z"": 0.0, ""velocity"": 0.0, ""snr"": 0.0}, {""x"": 1.9260048866271973, ""y"": 2.013087272644043, ""z"": 0.0, ""velocity"": 0.0, ""snr"": 0.0}]",null,0.0
6,0.8,15,"[{""x"": -0.9759664535522461, ""y"": 1.950681209564209, ""z"": 0.0, ""velocity"": 0.0, ""snr"": 0.0}, {""x"": -0.7587075233459473, ""y"": 1.9930601119995117, ""z"": 0.0, ""velocity"": 0.0, ""snr"": 0.0}, {""x"": -0.863492488861084, ""y"": 1.9755363464355469, ""z"": 0.0, ""velocity"": 0.0, ""snr"": 0.0}, {""x"": -0.14483928680419922, ""y"": 1.0485649108886719, ""z"": 0.0, ""velocity"": 0.0, ""snr"": 0.0}, {""x"": -0.1696944236755371, ""y"": 1.072704792022705, ""z"": 0.0, ""velocity"": 0.0, ""snr"": 0.0}, {""x"": -0.1895427703857422, ""y"": 1.1919736862182617, ""z"": 0.0, ""velocity"": 0.0, ""snr"": 0.0}, {""x"": -0.14573335647583008, ""y"": 1.250624656677246, ""z"": 0.0, ""velocity"": 0.0, ""snr"": 0.0}, {""x"": -0.10567903518676758, ""y"": 1.2590289115905762, ""z"": 0.0, ""velocity"": 0.0, ""snr"": 0.0}, {""x"": 0.04291534423828125, ""y"": 1.0213851928710938, ""z"": 0.0, ""velocity"": 0.0, ""snr"": 0.0}, {""x"": 2.430438995361328, ""y"": 4.334807395935059, ""z"": 0.0, ""velocity"": 0.0, ""snr"": 0.0}, {""x"": 2.565622329711914, ""y"": 4.2795538902282715, ""z"": 0.0, ""velocity"": 0.0, ""snr"": 0.0}, {""x"": 1.5374422073364258, ""y"": 2.0803213119506836, ""z"": 0.0, ""velocity"": 0.0, ""snr"": 0.0}, {""x"": 1.5962719917297363, ""y"": 2.044558525085449, ""z"": 0.0, ""velocity"": 0.0, ""snr"": 0.0}, {""x"": 1.7804503440856934, ""y"": 2.110898494720459, ""z"": 0.0, ""velocity"": 0.0, ""snr"": 0.0}, {""x"": 1.7908215522766113, ""y"": 2.1303892135620117, ""z"": 0.0, ""velocity"": 0.0, ""snr"": 0.0}]",null,0.0
7,0.8,16,"[{""x"": -0.7690787315368652, ""y"": 1.9910931587219238, ""z"": 0.0, ""velocity"": 0.0, ""snr"": 0.0}, {""x"": -0.8255839347839355, ""y"": 1.993417739868164, ""z"": 0.0, ""velocity"": 0.0, ""snr"": 0.0}, {""x"": -0.9267926216125488, ""y"": 1.9739270210266113, ""z"": 0.0, ""velocity"": 0.0, ""snr"": 0.0}, {""x"": -0.15664100646972656, ""y"": 1.1894702911376953, ""z"": 0.0, ""velocity"": 0.0, ""snr"": 0.0}, {""x"": -0.14895200729370117, ""y"": 1.2404322624206543, ""z"": 0.0, ""velocity"": 0.0, ""snr"": 0.0}, {""x"": -0.11301040649414062, ""y"": 1.2593865394592285, ""z"": 0.0, ""velocity"": 0.0, ""snr"": 0.0}, {""x"": 0.0057220458984375, ""y"": 1.0952353477478027, ""z"": 0.0, ""velocity"": 0.0, ""snr"": 0.0}, {""x"": -0.05811452865600586, ""y"": 1.127779483795166, ""z"": 0.0, ""velocity"": 0.0, ""snr"": 0.0}, {""x"": 0.11104345321655273, ""y"": 2.019345760345459, ""z"": 0.0, ""velocity"": 0.0, ""snr"": 0.0}, {""x"": 0.11837482452392578, ""y"": 1.044631004333496, ""z"": 0.0, ""velocity"": 0.0, ""snr"": 0.0}, {""x"": 0.3363490104675293, ""y"": 2.018451690673828, ""z"": 0.0, ""velocity"": 0.0, ""snr"": 0.0}, {""x"": 2.443850040435791, ""y"": 4.350185394287109, ""z"": 0.0, ""velocity"": 0.0, ""snr"": 0.0}, {""x"": 1.5606880187988281, ""y"": 2.0627975463867188, ""z"": 0.0, ""velocity"": 0.0, ""snr"": 0.0}, {""x"": 1.6454458236694336, ""y"": 2.001464366912842, ""z"": 0.0, ""velocity"": 0.0, ""snr"": 0.0}, {""x"": 1.8129944801330566, ""y"": 2.081751823425293, ""z"": 0.0, ""velocity"": 0.0, ""snr"": 0.0}, {""x"": 1.8759369850158691, ""y"": 2.053499221801758, ""z"": 0.0, ""velocity"": 0.0, ""snr"": 0.0}]",null,0.0
8,0.8,16,"[{""x"": -0.9743571281433105, ""y"": 1.9490718841552734, ""z"": 0.0, ""velocity"": 0.0, ""snr"": 0.0}, {""x"": -0.8613467216491699, ""y"": 1.9488930702209473, ""z"": 0.0, ""velocity"": 0.0, ""snr"": 0.0}, {""x"": -0.8938908576965332, ""y"": 1.9624829292297363, ""z"": 0.0, ""velocity"": 0.0, ""snr"": 0.0}, {""x"": -0.09924173355102539, ""y"": 0.9952783584594727, ""z"": 0.0, ""velocity"": 0.0, ""snr"": 0.0}, {""x"": -0.12803077697753906, ""y"": 0.9890198707580566, ""z"": 0.0, ""velocity"": 0.0, ""snr"": 0.0}, {""x"": -0.1786351203918457, ""y"": 1.1910796165466309, ""z"": 0.0, ""velocity"": 0.0, ""snr"": 0.0}, {""x"": -0.14930963516235352, ""y"": 1.24436616897583, ""z"": 0.0, ""velocity"": 0.0, ""snr"": 0.0}, {""x"": -0.1266002655029297, ""y"": 1.2570619583129883, ""z"": 0.0, ""velocity"": 0.0, ""snr"": 0.0}, {""x"": -0.04380941390991211, ""y"": 1.1261701583862305, ""z"": 0.0, ""velocity"": 0.0, ""snr"": 0.0}, {""x"": 0.20688772201538086, ""y"": 1.0646581649780273, ""z"": 0.0, ""velocity"": 0.0, ""snr"": 0.0}, {""x"": 0.3712177276611328, ""y"": 1.0001063346862793, ""z"": 0.0, ""velocity"": 0.0, ""snr"": 0.0}, {""x"": 2.505183219909668, ""y"": 4.31513786315918, ""z"": 0.0, ""velocity"": 0.0, ""snr"": 0.0}, {""x"": 1.616835594177246, ""y"": 2.017378807067871, ""z"": 0.0, ""velocity"": 0.0, ""snr"": 0.0}, {""x"": 1.6899704933166504, ""y"": 1.961052417755127, ""z"": 0.0, ""velocity"": 0.0, ""snr"": 0.0}, {""x"": 1.824796199798584, ""y"": 2.0708441734313965, ""z"": 0.0, ""velocity"": 0.0, ""snr"": 0.0}, {""x"": 1.8687844276428223, ""y"": 2.0592212677001953, ""z"": 0.0, ""velocity"": 0.0, ""snr"": 0.0}]",null,0.0
9,0.8,16,"[{""x"": -1.0905861854553223, ""y"": 1.8839836120605469, ""z"": 0.0, ""velocity"": 0.0, ""snr"": 0.0}, {""x"": -0.7063150405883789, ""y"": 2.0071864128112793, ""z"": 0.0, ""velocity"": 0.0, ""snr"": 0.0}, {""x"": -0.9185671806335449, ""y"": 1.940310001373291, ""z"": 0.0, ""velocity"": 0.0, ""snr"": 0.0}, {""x"": -0.10067224502563477, ""y"": 1.0170936584472656, ""z"": 0.0, ""velocity"": 0.0, ""snr"": 0.0}, {""x"": -0.15842914581298828, ""y"": 1.1941194534301758, ""z"": 0.0, ""velocity"": 0.0, ""snr"": 0.0}, {""x"": -0.13554096221923828, ""y"": 1.2488365173339844, ""z"": 0.0, ""velocity"": 0.0, ""snr"": 0.0}, {""x"": -0.10728836059570312, ""y"": 1.262068748474121, ""z"": 0.0, ""velocity"": 0.0, ""snr"": 0.0}, {""x"": -0.08690357208251953, ""y"": 1.278519630432129, ""z"": 0.0, ""velocity"": 0.0, ""snr"": 0.0}, {""x"": -0.041484832763671875, ""y"": 1.1166930198669434, ""z"": 0.0, ""velocity"": 0.0, ""snr"": 0.0}, {""x"": 0.1017451286315918, ""y"": 1.055002212524414, ""z"": 0.0, ""velocity"": 0.0, ""snr"": 0.0}, {""x"": 0.09834766387939453, ""y"": 1.0761022567749023, ""z"": 0.0, ""velocity"": 0.0, ""snr"": 0.0}, {""x"": 2.4649500846862793, ""y"": 4.338204860687256, ""z"": 0.0, ""velocity"": 0.0, ""snr"": 0.0}, {""x"": 1.5755295753479004, ""y"": 2.0450949668884277, ""z"": 0.0, ""velocity"": 0.0, ""snr"": 0.0}, {""x"": 1.7158985137939453, ""y"": 1.9331574440002441, ""z"": 0.0, ""velocity"": 0.0, ""snr"": 0.0}, {""x"": 1.8462538719177246, ""y"": 2.0509958267211914, ""z"": 0.0, ""velocity"": 0.0, ""snr"": 0.0}, {""x"": 1.8888115882873535, ""y"": 2.0397305488586426, ""z"": 0.0, ""velocity"": 0.0, ""snr"": 0.0}]",null,0.0
0,0.8,16,"[{""x"": -1.0212063789367676, ""y"": 1.9188523292541504, ""z"": 0.0, ""velocity"": 0.0, ""snr"": 0.0}, {""x"": -0.4094839096069336, ""y"": 1.027822494506836, ""z"": 0.0, ""velocity"": 0.0, ""snr"": 0.0}, {""x"": -0.7302761077880859, ""y"": 1.9991397857666016, ""z"": 0.0, ""velocity"": 0.0, ""snr"": 0.0}, {""x"": -0.8574128150939941, ""y"": 1.970350742340088, ""z"": 0.0, ""velocity"": 0.0, ""snr"": 0.0}, {""x"": -0.3413558006286621, ""y"": 1.0862946510314941, ""z"": 0.0, ""velocity"": 0.0, ""snr"": 0.0}, {""x"": -0.21082162857055664, ""y"": 1.191258430480957, ""z"": 0.0, ""velocity"": 0.0, ""snr"": 0.0}, {""x"": -0.14609098434448242, ""y"": 1.2427568435668945, ""z"": 0.0, ""velocity"": 0.0, ""snr"": 0.0}, {""x"": -0.12034177780151367, ""y"": 1.2586712837219238, ""z"": 0.0, ""velocity"": 0.0, ""snr"": 0.0}, {""x"": -0.12195110321044922, ""y"": 1.2761950492858887, ""z"": 0.0, ""velocity"": 0.0, ""snr"": 0.0}, {""x"": 0.3050565719604492, ""y"": 1.0042190551757812, ""z"": 0.0, ""velocity"": 0.0, ""snr"": 0.0}, {""x"": 0.417172908782959, ""y"": 0.9863376617431641, ""z"": 0.0, ""velocity"": 0.0, ""snr"": 0.0}, {""x"": 2.3932456970214844, ""y"": 4.378259181976318, ""z"": 0.0, ""velocity"": 0.0, ""snr"": 0.0}, {""x"": 1.5274286270141602, ""y"": 2.080857753753662, ""z"": 0.0, ""velocity"": 0.0, ""snr"": 0.0}, {""x"": 1.6774535179138184, ""y"": 1.965343952178955, ""z"": 0.0, ""velocity"": 0.0, ""snr"": 0.0}, {""x"": 1.8712878227233887, ""y"": 2.031862735748291, ""z"": 0.0, ""velocity"": 0.0, ""snr"": 0.0}, {""x"": 1.8680691719055176, ""y"": 2.0602941513061523, ""z"": 0.0, ""velocity"": 0.0, ""snr"": 0.0}]",null,0.0
1,0.8,19,"[{""x"": -0.3612041473388672, ""y"": 1.0353326797485352, ""z"": 0.0, ""velocity"": 0.0, ""snr"": 0.0}, {""x"": -0.3662109375, ""y"": 1.0616183280944824, ""z"": 0.0, ""velocity"": 0.0, ""snr"": 0.0}, {""x"": -0.7935762405395508, ""y"": 2.0000338554382324, ""z"": 0.0, ""velocity"": 0.0, ""snr"": 0.0}, {""x"": -0.9403824806213379, ""y"": 1.9626617431640625, ""z"": 0.0, ""velocity"": 0.0, ""snr"": 0.0}, {""x"": -0.6272792816162109, ""y"": 2.033829689025879, ""z"": 0.0, ""velocity"": 0.0, ""snr"": 0.0}, {""x"": -0.21278858184814453, ""y"": 1.1976957321166992, ""z"": 0.0, ""velocity"": 0.0, ""snr"": 0.0}, {""x"": -0.1405477523803711, ""y"": 1.2465119361877441, ""z"": 0.0, ""velocity"": 0.0, ""snr"": 0.0}, {""x"": -0.12409687042236328, ""y"": 1.256704330444336, ""z"": 0.0, ""velocity"": 0.0, ""snr"": 0.0}, {""x"": -0.148773193359375, ""y"": 1.2736916542053223, ""z"": 0.0, ""velocity"": 0.0, ""snr"": 0.0}, {""x"": 0.11587142944335938, ""y"": 0.579535961151123, ""z"": 0.0, ""velocity"": 0.0, ""snr"": 0.0}, {""x"": 0.12409687042236328, ""y"": 0.5840063095092773, ""z"": 0.0, ""velocity"": 0.0, ""snr"": 0.0}, {""x"": 0.12999773025512695, ""y"": 0.5904436111450195, ""z"": 0.0, ""velocity"": 0.0, ""snr"": 0.0}, {""x"": 0.40733814239501953, ""y"": 0.9736418724060059, ""z"": 0.0, ""velocity"": 0.0, ""snr"": 0.0}, {""x"": 2.5461316108703613, ""y"": 4.2909979820251465, ""z"": 0.0, ""velocity"": 0.0, ""snr"": 0.0}, {""x"": 1.486659049987793, ""y"": 2.110719680786133, ""z"": 0.0, ""velocity"": 0.0, ""snr"": 0.0}, {""x"": 1.6329288482666016, ""y"": 2.008795738220215, ""z"": 0.0, ""velocity"": 0.0, ""snr"": 0.0}, {""x"": 1.887202262878418, ""y"": 2.0209550857543945, ""z"": 0.0, ""velocity"": 0.0, ""snr"": 0.0}, {""x"": 1.8339157104492188, ""y"": 2.0969510078430176, ""z"": 0.0, ""velocity"": 0.0, ""snr"": 0.0}, {""x"": 1.793503761291504, ""y"": 2.1606087684631348, ""z"": 0.0, ""velocity"": 0.0, ""snr"": 0.0}]",null,0.0
2,0.8,18,"[{""x"": -0.8268356323242188, ""y"": 1.9147396087646484, ""z"": 0.0, ""velocity"": 0.0, ""snr"": 0.0}, {""x"": -0.7975101470947266, ""y"": 1.9966363906860352, ""z"": 0.0, ""velocity"": 0.0, ""snr"": 0.0}, {""x"": -0.9301900863647461, ""y"": 1.9683837890625, ""z"": 0.0, ""velocity"": 0.0, ""snr"": 0.0}, {""x"": -0.6101131439208984, ""y"": 2.0336508750915527, ""z"": 0.0, ""velocity"": 0.0, ""snr"": 0.0}, {""x"": -0.11730194091796875, ""y"": 1.0710954666137695, ""z"": 0.0, ""velocity"": 0.0, ""snr"": 0.0}, {""x"": -0.0903010368347168, ""y"": 1.2053847312927246, ""z"": 0.0, ""velocity"": 0.0, ""snr"": 0.0}, {""x"": -0.11354684829711914, ""y"": 1.2543797492980957, ""z"": 0.0, ""velocity"": 0.0, ""snr"": 0.0}, {""x"": -0.08296966552734375, ""y"": 1.2631416320800781, ""z"": 0.0, ""velocity"": 0.0, ""snr"": 0.0}, {""x"": -0.011086463928222656, ""y"": 1.0482072830200195, ""z"": 0.0, ""velocity"": 0.0, ""snr"": 0.0}, {""x"": -0.05042552947998047, ""y"": 1.2788772583007812, ""z"": 0.0, ""velocity"": 0.0, ""snr"": 0.0}, {""x"": 0.16254186630249023, ""y"": 0.5922317504882812, ""z"": 0.0, ""velocity"": 0.0, ""snr"": 0.0}, {""x"": 0.16862154006958008, ""y"": 0.6136894226074219, ""z"": 0.0, ""velocity"": 0.0, ""snr"": 0.0}, {""x"": 2.4672746658325195, ""y"": 4.336953163146973, ""z"": 0.0, ""velocity"": 0.0, ""snr"": 0.0}, {""x"": 1.4821887016296387, ""y"": 2.115190029144287, ""z"": 0.0, ""velocity"": 0.0, ""snr"": 0.0}, {""x"": 1.5757083892822266, ""y"": 2.0574331283569336, ""z"": 0.0, ""velocity"": 0.0, ""snr"": 0.0}, {""x"": 1.925647258758545, ""y"": 2.0436644554138184, ""z"": 0.0, ""velocity"": 0.0, ""snr"": 0.0}, {""x"": 1.9762516021728516, ""y"": 1.9315481185913086, ""z"": 0.0, ""velocity"": 0.0, ""snr"": 0.0}, {""x"": 1.930832862854004, ""y"": 2.0062923431396484, ""z"": 0.0, ""velocity"": 0.0, ""snr"": 0.0}]",null,0.0
3,0.8,18,"[{""x"": -0.6988048553466797, ""y"": 1.969456672668457, ""z"": 0.0, ""velocity"": 0.0, ""snr"": 0.0}, {""x"": -0.795900821685791, ""y"": 1.9955635070800781, ""z"": 0.0, ""velocity"": 0.0, ""snr"": 0.0}, {""x"": -0.9362697601318359, ""y"": 1.9648075103759766, ""z"": 0.0, ""velocity"": 0.0, ""snr"": 0.0}, {""x"": -0.5782842636108398, ""y"": 2.0395517349243164, ""z"": 0.0, ""velocity"": 0.0, ""snr"": 0.0}, {""x"": -0.12928247451782227, ""y"": 1.10703706741333, ""z"": 0.0, ""velocity"": 0.0, ""snr"": 0.0}, {""x"": -0.12320280075073242, ""y"": 1.2534856796264648, ""z"": 0.0, ""velocity"": 0.0, ""snr"": 0.0}, {""x"": -0.10228157043457031, ""y"": 1.2622475624084473, ""z"": 0.0, ""velocity"": 0.0, ""snr"": 0.0}, {""x"": -0.09638071060180664, ""y"": 1.2761950492858887, ""z"": 0.0, ""velocity"": 0.0, ""snr"": 0.0}, {""x"": 0.04595518112182617, ""y"": 1.0260343551635742, ""z"": 0.0, ""velocity"": 0.0, ""snr"": 0.0}, {""x"": 0.006079673767089844, ""y"": 1.0485649108886719, ""z"": 0.0, ""velocity"": 0.0, ""snr"": 0.0}, {""x"": -0.04667043685913086, ""y"": 1.0771751403808594, ""z"": 0.0, ""velocity"": 0.0, ""snr"": 0.0}, {""x"": 0.11873245239257812, ""y"": 0.6651878356933594, ""z"": 0.0, ""velocity"": 0.0, ""snr"": 0.0}, {""x"": 0.13071298599243164, ""y"": 0.6129741668701172, ""z"": 0.0, ""velocity"": 0.0, ""snr"": 0.0}, {""x"": 0.13822317123413086, ""y"": 0.6156563758850098, ""z"": 0.0, ""velocity"": 0.0, ""snr"": 0.0}, {""x"": 0.14215707778930664, ""y"": 0.625312328338623, ""z"": 0.0, ""velocity"": 0.0, ""snr"": 0.0}, {""x"": 1.5036463737487793, ""y"": 2.1008849143981934, ""z"": 0.0, ""velocity"": 0.0, ""snr"": 0.0}, {""x"": 1.5769600868225098, ""y"": 2.057790756225586, ""z"": 0.0, ""velocity"": 0.0, ""snr"": 0.0}, {""x"": 1.9208192825317383, ""y"": 2.013087272644043, ""z"": 0.0, ""velocity"": 0.0, ""snr"": 0.0}]",null,0.0
4,0.8,16,"[{""x"": -0.739753246307373, ""y"": 2.0175576210021973, ""z"": 0.0, ""velocity"": 0.0, ""snr"": 0.0}, {""x"": -0.8890628814697266, ""y"": 1.9875168800354004, ""z"": 0.0, ""velocity"": 0.0, ""snr"": 0.0}, {""x"": -0.2161860466003418, ""y"": 1.0523200035095215, ""z"": 0.0, ""velocity"": 0.0, ""snr"": 0.0}, {""x"": -0.6215572357177734, ""y"": 1.996457576751709, ""z"": 0.0, ""velocity"": 0.0, ""snr"": 0.0}, {""x"": -0.5300045013427734, ""y"": 2.053678035736084, ""z"": 0.0, ""velocity"": 0.0, ""snr"": 0.0}, {""x"": -0.18006563186645508, ""y"": 1.2071728706359863, ""z"": 0.0, ""velocity"": 0.0, ""snr"": 0.0}, {""x"": -0.1099705696105957, ""y"": 1.2597441673278809, ""z"": 0.0, ""velocity"": 0.0, ""snr"": 0.0}, {""x"": -0.07510185241699219, ""y"": 1.2690424919128418, ""z"": 0.0, ""velocity"": 0.0, ""snr"": 0.0}, {""x"": -0.02110004425048828, ""y"": 1.2883543968200684, ""z"": 0.0, ""velocity"": 0.0, ""snr"": 0.0}, {""x"": 0.11658668518066406, ""y"": 0.6326436996459961, ""z"": 0.0, ""velocity"": 0.0, ""snr"": 0.0}, {""x"": 0.1283884048461914, ""y"": 0.6399750709533691, ""z"": 0.0, ""velocity"": 0.0, ""snr"": 0.0}, {""x"": 0.13339519500732422, ""y"": 0.6448030471801758, ""z"": 0.0, ""velocity"": 0.0, ""snr"": 0.0}, {""x"": 0.13053417205810547, ""y"": 0.6646513938903809, ""z"": 0.0, ""velocity"": 0.0, ""snr"": 0.0}, {""x"": 1.514732837677002, ""y"": 2.093374729156494, ""z"": 0.0, ""velocity"": 0.0, ""snr"": 0.0}, {""x"": 1.5984177589416504, ""y"": 2.041339874267578, ""z"": 0.0, ""velocity"": 0.0, ""snr"": 0.0}, {""x"": 1.9501447677612305, ""y"": 1.981973648071289, ""z"": 0.0, ""velocity"": 0.0, ""snr"": 0.0}]",null,0.0
5,0.8,18,"[{""x"": -0.6666183471679688, ""y"": 0.8955001831054688, ""z"": 0.0, ""velocity"": 0.0, ""snr"": 0.0}, {""x"": -0.565946102142334, ""y"": 0.9169578552246094, ""z"": 0.0, ""velocity"": 0.0, ""snr"": 0.0}, {""x"": -1.027822494506836, ""y"": 1.9183158874511719, ""z"": 0.0, ""velocity"": 0.0, ""snr"": 0.0}, {""x"": -0.8420348167419434, ""y"": 1.9710659980773926, ""z"": 0.0, ""velocity"": 0.0, ""snr"": 0.0}, {""x"": -0.5375146865844727, ""y"": 2.044379711151123, ""z"": 0.0, ""velocity"": 0.0, ""snr"": 0.0}, {""x"": -0.11068582534790039, ""y"": 1.256883144378662, ""z"": 0.0, ""velocity"": 0.0, ""snr"": 0.0}, {""x"": -0.08600950241088867, ""y"": 1.261889934539795, ""z"": 0.0, ""velocity"": 0.0, ""snr"": 0.0}, {""x"": -0.2828836441040039, ""y"": 2.0602941513061523, ""z"": 0.0, ""velocity"": 0.0, ""snr"": 0.0}, {""x"": -0.025391578674316406, ""y"": 1.0058283805847168, ""z"": 0.0, ""velocity"": 0.0, ""snr"": 0.0}, {""x"": -0.028252601623535156, ""y"": 1.2863874435424805, ""z"": 0.0, ""velocity"": 0.0, ""snr"": 0.0}, {""x"": 0.12677907943725586, ""y"": 0.6625056266784668, ""z"": 0.0, ""velocity"": 0.0, ""snr"": 0.0}, {""x"": 0.1430511474609375, ""y"": 0.6641149520874023, ""z"": 0.0, ""velocity"": 0.0, ""snr"": 0.0}, {""x"": 0.15395879745483398, ""y"": 0.6709098815917969, ""z"": 0.0, ""velocity"": 0.0, ""snr"": 0.0}, {""x"": 0.1373291015625, ""y"": 0.703275203704834, ""z"": 0.0, ""velocity"": 0.0, ""snr"": 0.0}, {""x"": 2.5473833084106445, ""y"": 4.290461540222168, ""z"": 0.0, ""velocity"": 0.0, ""snr"": 0.0}, {""x"": 1.4916658401489258, ""y"": 2.1083950996398926, ""z"": 0.0, ""velocity"": 0.0, ""snr"": 0.0}, {""x"": 1.586616039276123, ""y"": 2.048671245574951, ""z"": 0.0, ""velocity"": 0.0, ""snr"": 0.0}, {""x"": 1.8525123596191406, ""y"": 2.073347568511963, ""z"": 0.0, ""velocity"": 0.0, ""snr"": 0.0}]",null,0.7098017251941245
6,0.8,18,"[{""x"": -1.0582208633422852, ""y"": 1.9011497497558594, ""z"": 0.0, ""velocity"": 0.0, ""snr"": 0.0}, {""x"": -0.8341670036315918, ""y"": 1.9742846488952637, ""z"": 0.0, ""velocity"": 0.0, ""snr"": 0.0}, {""x"": -0.5230307579040527, ""y"": 2.0502805709838867, ""z"": 0.0, ""velocity"": 0.0, ""snr"": 0.0}, {""x"": -0.09316205978393555, ""y"": 0.9920597076416016, ""z"": 0.0, ""velocity"": 0.0, ""snr"": 0.0}, {""x"": -0.09191036224365234, ""y"": 1.0095834732055664, ""z"": 0.0, ""velocity"": 0.0, ""snr"": 0.0}, {""x"": -0.10764598846435547, ""y"": 1.034080982208252, ""z"": 0.0, ""velocity"": 0.0, ""snr"": 0.0}, {""x"": -0.17112493515014648, ""y"": 1.0567903518676758, ""z"": 0.0, ""velocity"": 0.0, ""snr"": 0.0}, {""x"": -0.0940561294555664, ""y"": 1.2626051902770996, ""z"": 0.0, ""velocity"": 0.0, ""snr"": 0.0}, {""x"": -0.0629425048828125, ""y"": 1.269221305847168, ""z"": 0.0, ""velocity"": 0.0, ""snr"": 0.0}, {""x"": -0.042557716369628906, ""y"": 1.2826323509216309, ""z"": 0.0, ""velocity"": 0.0, ""snr"": 0.0}, {""x"": 0.03451108932495117, ""y"": 2.0576119422912598, ""z"": 0.0, ""velocity"": 0.0, ""snr"": 0.0}, {""x"": 0.12391805648803711, ""y"": 0.6911158561706543, ""z"": 0.0, ""velocity"": 0.0, ""snr"": 0.0}, {""x"": 0.13107061386108398, ""y"": 0.6952285766601562, ""z"": 0.0, ""velocity"": 0.0, ""snr"": 0.0}, {""x"": 0.12391805648803711, ""y"": 0.7154345512390137, ""z"": 0.0, ""velocity"": 0.0, ""snr"": 0.0}, {""x"": 0.14340877532958984, ""y"": 2.0227432250976562, ""z"": 0.0, ""velocity"": 0.0, ""snr"": 0.0}, {""x"": 1.4941692352294922, ""y"": 2.105712890625, ""z"": 0.0, ""velocity"": 0.0, ""snr"": 0.0}, {""x"": 1.5853643417358398, ""y"": 2.0513534545898438, ""z"": 0.0, ""velocity"": 0.0, ""snr"": 0.0}, {""x"": 1.8661022186279297, ""y"": 2.065122127532959, ""z"": 0.0, ""velocity"": 0.0, ""snr"": 0.0}]",null,0.494871316572424
7,0.8,16,"[{""x"": -0.5114078521728516, ""y"": 0.949859619140625, ""z"": 0.0, ""velocity"": 0.0, ""snr"": 0.0}, {""x"": -0.9627342224121094, ""y"": 1.9540786743164062, ""z"": 0.0, ""velocity"": 0.0, ""snr"": 0.0}, {""x"": -0.7660388946533203, ""y"": 1.9796490669250488, ""z"": 0.0, ""velocity"": 0.0, ""snr"": 0.0}, {""x"": -0.8795857429504395, ""y"": 1.9628405570983887, ""z"": 0.0, ""velocity"": 0.0, ""snr"": 0.0}, {""x"": -0.14019012451171875, ""y"": 0.9865164756774902, ""z"": 0.0, ""velocity"": 0.0, ""snr"": 0.0}, {""x"": -0.14340877532958984, ""y"": 0.9949207305908203, ""z"": 0.0, ""velocity"": 0.0, ""snr"": 0.0}, {""x"": -0.16164779663085938, ""y"": 1.009047031402588, ""z"": 0.0, ""velocity"": 0.0, ""snr"": 0.0}, {""x"": -0.09119510650634766, ""y"": 1.2642145156860352, ""z"": 0.0, ""velocity"": 0.0, ""snr"": 0.0}, {""x"": -0.06866455078125, ""y"": 1.2658238410949707, ""z"": 0.0, ""velocity"": 0.0, ""snr"": 0.0}, {""x"": -0.02485513687133789, ""y"": 1.275479793548584, ""z"": 0.0, ""velocity"": 0.0, ""snr"": 0.0}, {""x"": 2.45511531829834, ""y"": 4.343748092651367, ""z"": 0.0, ""velocity"": 0.0, ""snr"": 0.0}, {""x"": 1.5766024589538574, ""y"": 2.0458102226257324, ""z"": 0.0, ""velocity"": 0.0, ""snr"": 0.0}, {""x"": 1.687467098236084, ""y"": 1.9640922546386719, ""z"": 0.0, ""velocity"": 0.0, ""snr"": 0.0}, {""x"": 1.9045472145080566, ""y"": 2.060115337371826, ""z"": 0.0, ""velocity"": 0.0, ""snr"": 0.0}, {""x"": 2.000570297241211, ""y"": 1.90812349319458, ""z"": 0.0, ""velocity"": 0.0, ""snr"": 0.0}, {""x"": 1.939237117767334, ""y"": 1.997530460357666, ""z"": 0.0, ""velocity"": 0.0, ""snr"": 0.0}]",null,0.0
8,0.8,16,"[{""x"": -0.9836554527282715, ""y"": 1.9446015357971191, ""z"": 0.0, ""velocity"": 0.0, ""snr"": 0.0}, {""x"": -0.8246898651123047, ""y"": 1.9564032554626465, ""z"": 0.0, ""velocity"": 0.0, ""snr"": 0.0}, {""x"": -0.9226799011230469, ""y"": 1.9449591636657715, ""z"": 0.0, ""velocity"": 0.0, ""snr"": 0.0}, {""x"": -0.08672475814819336, ""y"": 0.9863376617431641, ""z"": 0.0, ""velocity"": 0.0, ""snr"": 0.0}, {""x"": -0.1112222671508789, ""y"": 0.9933114051818848, ""z"": 0.0, ""velocity"": 0.0, ""snr"": 0.0}, {""x"": -0.11211633682250977, ""y"": 1.0108351707458496, ""z"": 0.0, ""velocity"": 0.0, ""snr"": 0.0}, {""x"": -0.18274784088134766, ""y"": 1.1383295059204102, ""z"": 0.0, ""velocity"": 0.0, ""snr"": 0.0}, {""x"": -0.09781122207641602, ""y"": 1.2549161911010742, ""z"": 0.0, ""velocity"": 0.0, ""snr"": 0.0}, {""x"": -0.10067224502563477, ""y"": 1.2626051902770996, ""z"": 0.0, ""velocity"": 0.0, ""snr"": 0.0}, {""x"": -0.08440017700195312, ""y"": 1.2760162353515625, ""z"": 0.0, ""velocity"": 0.0, ""snr"": 0.0}, {""x"": 2.4778246879577637, ""y"": 4.330873489379883, ""z"": 0.0, ""velocity"": 0.0, ""snr"": 0.0}, {""x"": 1.5717744827270508, ""y"": 2.0492076873779297, ""z"": 0.0, ""velocity"": 0.0, ""snr"": 0.0}, {""x"": 1.6681551933288574, ""y"": 1.981794834136963, ""z"": 0.0, ""velocity"": 0.0, ""snr"": 0.0}, {""x"": 1.9733905792236328, ""y"": 1.935124397277832, ""z"": 0.0, ""velocity"": 0.0, ""snr"": 0.0}, {""x"": 1.924574375152588, ""y"": 2.0116567611694336, ""z"": 0.0, ""velocity"": 0.0, ""snr"": 0.0}, {""x"": 1.9449591636657715, ""y"": 2.021312713623047, ""z"": 0.0, ""velocity"": 0.0, ""snr"": 0.0}]",null,0.0
9,0.8,14,"[{""x"": -1.0074377059936523, ""y"": 1.9313693046569824, ""z"": 0.0, ""velocity"": 0.0, ""snr"": 0.0}, {""x"": -0.8447170257568359, ""y"": 1.9458532333374023, ""z"": 0.0, ""velocity"": 0.0, ""snr"": 0.0}, {""x"": -0.9344816207885742, ""y"": 1.9388794898986816, ""z"": 0.0, ""velocity"": 0.0, ""snr"": 0.0}, {""x"": -0.2567768096923828, ""y"": 1.129746437072754, ""z"": 0.0, ""velocity"": 0.0, ""snr"": 0.0}, {""x"": -0.0928044319152832, ""y"": 0.9875893592834473, ""z"": 0.0, ""velocity"": 0.0, ""snr"": 0.0}, {""x"": -0.11497735977172852, ""y"": 0.9952783584594727, ""z"": 0.0, ""velocity"": 0.0, ""snr"": 0.0}, {""x"": -0.17344951629638672, ""y"": 1.0010004043579102, ""z"": 0.0, ""velocity"": 0.0, ""snr"": 0.0}, {""x"": -0.12892484664916992, ""y"": 1.2465119361877441, ""z"": 0.0, ""velocity"": 0.0, ""snr"": 0.0}, {""x"": -0.12069940567016602, ""y"": 1.2586712837219238, ""z"": 0.0, ""velocity"": 0.0, ""snr"": 0.0}, {""x"": -0.14698505401611328, ""y"": 1.273512840270996, ""z"": 0.0, ""velocity"": 0.0, ""snr"": 0.0}, {""x"": 2.496778964996338, ""y"": 4.319965839385986, ""z"": 0.0, ""velocity"": 0.0, ""snr"": 0.0}, {""x"": 1.600205898284912, ""y"": 2.0272135734558105, ""z"": 0.0, ""velocity"": 0.0, ""snr"": 0.0}, {""x"": 1.718759536743164, ""y"": 1.935124397277832, ""z"": 0.0, ""velocity"": 0.0, ""snr"": 0.0}, {""x"": 1.9406676292419434, ""y"": 1.996457576751709, ""z"": 0.0, ""velocity"": 0.0, ""snr"": 0.0}]",null,0.0
0,0.8,18,"[{""x"": -0.994563102722168, ""y"": 1.9399523735046387, ""z"": 0.0, ""velocity"": 0.0, ""snr"": 0.0}, {""x"": -0.8929967880249023, ""y"": 1.925647258758545, ""z"": 0.0, ""velocity"": 0.0, ""snr"": 0.0}, {""x"": -0.9241104125976562, ""y"": 1.9471049308776855, ""z"": 0.0, ""velocity"": 0.0, ""snr"": 0.0}, {""x"": -0.21386146545410156, ""y"": 1.0190606117248535, ""z"": 0.0, ""velocity"": 0.0, ""snr"": 0.0}, {""x"": -0.31435489654541016, ""y"": 1.0432004928588867, ""z"": 0.0, ""velocity"": 0.0, ""snr"": 0.0}, {""x"": -0.26661157608032227, ""y"": 1.1075735092163086, ""z"": 0.0, ""velocity"": 0.0, ""snr"": 0.0}, {""x"": -0.11855363845825195, ""y"": 0.9983181953430176, ""z"": 0.0, ""velocity"": 0.0, ""snr"": 0.0}, {""x"": -0.18936395645141602, ""y"": 1.1910796165466309, ""z"": 0.0, ""velocity"": 0.0, ""snr"": 0.0}, {""x"": -0.1480579376220703, ""y"": 1.2409687042236328, ""z"": 0.0, ""velocity"": 0.0, ""snr"": 0.0}, {""x"": -0.12928247451782227, ""y"": 1.257777214050293, ""z"": 0.0, ""velocity"": 0.0, ""snr"": 0.0}, {""x"": -0.14841556549072266, ""y"": 1.272439956665039, ""z"": 0.0, ""velocity"": 0.0, ""snr"": 0.0}, {""x"": 0.10639429092407227, ""y"": 0.5257129669189453, ""z"": 0.0, ""velocity"": 0.0, ""snr"": 0.0}, {""x"": 0.11622905731201172, ""y"": 0.5278587341308594, ""z"": 0.0, ""velocity"": 0.0, ""snr"": 0.0}, {""x"": 2.4785399436950684, ""y"": 4.3305158615112305, ""z"": 0.0, ""velocity"": 0.0, ""snr"": 0.0}, {""x"": 1.5984177589416504, ""y"": 2.0304322242736816, ""z"": 0.0, ""velocity"": 0.0, ""snr"": 0.0}, {""x"": 1.7496943473815918, ""y"": 1.9041895866394043, ""z"": 0.0, ""velocity"": 0.0, ""snr"": 0.0}, {""x"": 1.9467473030090332, ""y"": 1.9578337669372559, ""z"": 0.0, ""velocity"": 0.0, ""snr"": 0.0}, {""x"": 1.9125938415527344, ""y"": 2.019345760345459, ""z"": 0.0, ""velocity"": 0.0, ""snr"": 0.0}]",null,0.3422997813365638
1,0.8,15,"[{""x"": -0.9777545928955078, ""y"": 1.9249320030212402, ""z"": 0.0, ""velocity"": 0.0, ""snr"": 0.0}, {""x"": -1.0210275650024414, ""y"": 1.9268989562988281, ""z"": 0.0, ""velocity"": 0.0, ""snr"": 0.0}, {""x"": -0.2161860466003418, ""y"": 1.1408329010009766, ""z"": 0.0, ""velocity"": 0.0, ""snr"": 0.0}, {""x"": -0.20813941955566406, ""y"": 1.1876821517944336, ""z"": 0.0, ""velocity"": 0.0, ""snr"": 0.0}, {""x"": -0.14197826385498047, ""y"": 1.2440085411071777, ""z"": 0.0, ""velocity"": 0.0, ""snr"": 0.0}, {""x"": -0.13017654418945312, ""y"": 1.2590289115905762, ""z"": 0.0, ""velocity"": 0.0, ""snr"": 0.0}, {""x"": -0.12856721878051758, ""y"": 1.2726187705993652, ""z"": 0.0, ""velocity"": 0.0, ""snr"": 0.0}, {""x"": 0.1348257064819336, ""y"": 0.5216002464294434, ""z"": 0.0, ""velocity"": 0.0, ""snr"": 0.0}, {""x"": 0.13393163681030273, ""y"": 0.5273222923278809, ""z"": 0.0, ""velocity"": 0.0, ""snr"": 0.0}, {""x"": 0.13214349746704102, ""y"": 0.5359053611755371, ""z"": 0.0, ""velocity"": 0.0, ""snr"": 0.0}, {""x"": 0.5292892456054688, ""y"": 2.0490288734436035, ""z"": 0.0, ""velocity"": 0.0, ""snr"": 0.0}, {""x"": 2.410411834716797, ""y"": 4.368782043457031, ""z"": 0.0, ""velocity"": 0.0, ""snr"": 0.0}, {""x"": 1.646876335144043, ""y"": 1.992344856262207, ""z"": 0.0, ""velocity"": 0.0, ""snr"": 0.0}, {""x"": 1.8745064735412598, ""y"": 2.0261406898498535, ""z"": 0.0, ""velocity"": 0.0, ""snr"": 0.0}, {""x"": 1.890242099761963, ""y"": 2.0363330841064453, ""z"": 0.0, ""velocity"": 0.0, ""snr"": 0.0}]",null,0.0
2,0.8,17,"[{""x"": -0.9663105010986328, ""y"": 1.9276142120361328, ""z"": 0.0, ""velocity"": 0.0, ""snr"": 0.0}, {""x"": -1.0315775871276855, ""y"": 1.9227862358093262, ""z"": 0.0, ""velocity"": 0.0, ""snr"": 0.0}, {""x"": -0.3533363342285156, ""y"": 1.0256767272949219, ""z"": 0.0, ""velocity"": 0.0, ""snr"": 0.0}, {""x"": -0.8756518363952637, ""y"": 1.9383430480957031, ""z"": 0.0, ""velocity"": 0.0, ""snr"": 0.0}, {""x"": -0.08815526962280273, ""y"": 0.9811520576477051, ""z"": 0.0, ""velocity"": 0.0, ""snr"": 0.0}, {""x"": -0.08690357208251953, ""y"": 1.223444938659668, ""z"": 0.0, ""velocity"": 0.0, ""snr"": 0.0}, {""x"": -0.13446807861328125, ""y"": 1.25044584274292, ""z"": 0.0, ""velocity"": 0.0, ""snr"": 0.0}, {""x"": -0.12820959091186523, ""y"": 1.2574195861816406, ""z"": 0.0, ""velocity"": 0.0, ""snr"": 0.0}, {""x"": -0.13375282287597656, ""y"": 1.2679696083068848, ""z"": 0.0, ""velocity"": 0.0, ""snr"": 0.0}, {""x"": -0.06133317947387695, ""y"": 0.9968876838684082, ""z"": 0.0, ""velocity"": 0.0, ""snr"": 0.0}, {""x"": -0.04774332046508789, ""y"": 1.020491123199463, ""z"": 0.0, ""velocity"": 0.0, ""snr"": 0.0}, {""x"": 0.24944543838500977, ""y"": 1.0389089584350586, ""z"": 0.0, ""velocity"": 0.0, ""snr"": 0.0}, {""x"": 2.513766288757324, ""y"": 4.310131072998047, ""z"": 0.0, ""velocity"": 0.0, ""snr"": 0.0}, {""x"": 1.6699433326721191, ""y"": 1.9721388816833496, ""z"": 0.0, ""velocity"": 0.0, ""snr"": 0.0}, {""x"": 1.8156766891479492, ""y"": 2.07674503326416, ""z"": 0.0, ""velocity"": 0.0, ""snr"": 0.0}, {""x"": 1.887202262878418, ""y"": 2.0356178283691406, ""z"": 0.0, ""velocity"": 0.0, ""snr"": 0.0}, {""x"": 1.7824172973632812, ""y"": 1.8805861473083496, ""z"": 0.0, ""velocity"": 0.0, ""snr"": 0.0}]",null,0.0
3,0.8,19,"[{""x"": -0.8375644683837891, ""y"": 1.9812583923339844, ""z"": 0.0, ""velocity"": 0.0, ""snr"": 0.0}, {""x"": -0.8980035781860352, ""y"": 1.9894838333129883, ""z"": 0.0, ""velocity"": 0.0, ""snr"": 0.0}, {""x"": -0.2422928810119629, ""y"": 1.1427998542785645, ""z"": 0.0, ""velocity"": 0.0, ""snr"": 0.0}, {""x"": -0.5902647972106934, ""y"": 2.003788948059082, ""z"": 0.0, ""velocity"": 0.0, ""snr"": 0.0}, {""x"": -0.6478428840637207, ""y"": 2.016127109527588, ""z"": 0.0, ""velocity"": 0.0, ""snr"": 0.0}, {""x"": -0.1766681671142578, ""y"": 1.203596591949463, ""z"": 0.0, ""velocity"": 0.0, ""snr"": 0.0}, {""x"": -0.14287233352661133, ""y"": 1.2431144714355469, ""z"": 0.0, ""velocity"": 0.0, ""snr"": 0.0}, {""x"": -0.14340877532958984, ""y"": 1.2549161911010742, ""z"": 0.0, ""velocity"": 0.0, ""snr"": 0.0}, {""x"": -0.1589655876159668, ""y"": 1.2685060501098633, ""z"": 0.0, ""velocity"": 0.0, ""snr"": 0.0}, {""x"": 0.10460615158081055, ""y"": 0.5820393562316895, ""z"": 0.0, ""velocity"": 0.0, ""snr"": 0.0}, {""x"": 0.10102987289428711, ""y"": 0.5931258201599121, ""z"": 0.0, ""velocity"": 0.0, ""snr"": 0.0}, {""x"": 0.11175870895385742, ""y"": 0.5730986595153809, ""z"": 0.0, ""velocity"": 0.0, ""snr"": 0.0}, {""x"": 0.33742189407348633, ""y"": 1.0197758674621582, ""z"": 0.0, ""velocity"": 0.0, ""snr"": 0.0}, {""x"": 0.4985332489013672, ""y"": 0.9409189224243164, ""z"": 0.0, ""velocity"": 0.0, ""snr"": 0.0}, {""x"": 2.4787187576293945, ""y"": 4.3305158615112305, ""z"": 0.0, ""velocity"": 0.0, ""snr"": 0.0}, {""x"": 1.6186237335205078, ""y"": 2.0145177841186523, ""z"": 0.0, ""velocity"": 0.0, ""snr"": 0.0}, {""x"": 1.6846060752868652, ""y"": 1.9671320915222168, ""z"": 0.0, ""velocity"": 0.0, ""snr"": 0.0}, {""x"": 1.8240809440612793, ""y"": 2.06834077835083, ""z"": 0.0, ""velocity"": 0.0, ""snr"": 0.0}, {""x"": 1.8671751022338867, ""y"": 2.0540356636047363, ""z"": 0.0, ""velocity"": 0.0, ""snr"": 0.0}]",null,0.0
4,0.8,16,"[{""x"": -0.8459687232971191, ""y"": 1.9758939743041992, ""z"": 0.0, ""velocity"": 0.0, ""snr"": 0.0}, {""x"": -0.9428858757019043, ""y"": 1.9674897193908691, ""z"": 0.0, ""velocity"": 0.0, ""snr"": 0.0}, {""x"": -0.4844069480895996, ""y"": 2.0531415939331055, ""z"": 0.0, ""velocity"": 0.0, ""snr"": 0.0}, {""x"": -0.13017654418945312, ""y"": 1.22147798538208, ""z"": 0.0, ""velocity"": 0.0, ""snr"": 0.0}, {""x"": -0.13303756713867188, ""y"": 1.2459754943847656, ""z"": 0.0, ""velocity"": 0.0, ""snr"": 0.0}, {""x"": -0.14644861221313477, ""y"": 1.251518726348877, ""z"": 0.0, ""velocity"": 0.0, ""snr"": 0.0}, {""x"": -0.32401084899902344, ""y"": 2.0518898963928223, ""z"": 0.0, ""velocity"": 0.0, ""snr"": 0.0}, {""x"": 0.09924173355102539, ""y"": 0.5943775177001953, ""z"": 0.0, ""velocity"": 0.0, ""snr"": 0.0}, {""x"": 0.09620189666748047, ""y"": 0.5995631217956543, ""z"": 0.0, ""velocity"": 0.0, ""snr"": 0.0}, {""x"": 0.32848119735717773, ""y"": 0.9986758232116699, ""z"": 0.0, ""velocity"": 0.0, ""snr"": 0.0}, {""x"": 0.2993345260620117, ""y"": 1.0254979133605957, ""z"": 0.0, ""velocity"": 0.0, ""snr"": 0.0}, {""x"": 2.50929594039917, ""y"": 4.3128132820129395, ""z"": 0.0, ""velocity"": 0.0, ""snr"": 0.0}, {""x"": 1.6533136367797852, ""y"": 1.9835829734802246, ""z"": 0.0, ""velocity"": 0.0, ""snr"": 0.0}, {""x"": 1.7700791358947754, ""y"": 1.884162425994873, ""z"": 0.0, ""velocity"": 0.0, ""snr"": 0.0}, {""x"": 1.7580986022949219, ""y"": 2.126455307006836, ""z"": 0.0, ""velocity"": 0.0, ""snr"": 0.0}, {""x"": 1.8097758293151855, ""y"": 2.1071434020996094, ""z"": 0.0, ""velocity"": 0.0, ""snr"": 0.0}]",null,0.0
5,0.8,19,"[{""x"": -1.0542869567871094, ""y"": 1.9083023071289062, ""z"": 0.0, ""velocity"": 0.0, ""snr"": 0.0}, {""x"": -0.8955001831054688, ""y"": 1.9494295120239258, ""z"": 0.0, ""velocity"": 0.0, ""snr"": 0.0}, {""x"": -0.5155205726623535, ""y"": 2.0418763160705566, ""z"": 0.0, ""velocity"": 0.0, ""snr"": 0.0}, {""x"": -0.1266002655029297, ""y"": 1.2207627296447754, ""z"": 0.0, ""velocity"": 0.0, ""snr"": 0.0}, {""x"": -0.1353621482849121, ""y"": 1.2477636337280273, ""z"": 0.0, ""velocity"": 0.0, ""snr"": 0.0}, {""x"": -0.13554096221923828, ""y"": 1.2565255165100098, ""z"": 0.0, ""velocity"": 0.0, ""snr"": 0.0}, {""x"": -0.2440810203552246, ""y"": 2.0552873611450195, ""z"": 0.0, ""velocity"": 0.0, ""snr"": 0.0}, {""x"": -0.055789947509765625, ""y"": 2.037227153778076, ""z"": 0.0, ""velocity"": 0.0, ""snr"": 0.0}, {""x"": 0.12981891632080078, ""y"": 0.6113648414611816, ""z"": 0.0, ""velocity"": 0.0, ""snr"": 0.0}, {""x"": 0.13554096221923828, ""y"": 0.6154775619506836, ""z"": 0.0, ""velocity"": 0.0, ""snr"": 0.0}, {""x"": 0.13947486877441406, ""y"": 0.628352165222168, ""z"": 0.0, ""velocity"": 0.0, ""snr"": 0.0}, {""x"": 0.14090538024902344, ""y"": 0.6628632545471191, ""z"": 0.0, ""velocity"": 0.0, ""snr"": 0.0}, {""x"": 0.20939111709594727, ""y"": 1.024782657623291, ""z"": 0.0, ""velocity"": 0.0, ""snr"": 0.0}, {""x"": 0.2084970474243164, ""y"": 1.045525074005127, ""z"": 0.0, ""velocity"": 0.0, ""snr"": 0.0}, {""x"": 2.578139305114746, ""y"": 4.272043704986572, ""z"": 0.0, ""velocity"": 0.0, ""snr"": 0.0}, {""x"": 1.610398292541504, ""y"": 2.0188093185424805, ""z"": 0.0, ""velocity"": 0.0, ""snr"": 0.0}, {""x"": 1.731276512145996, ""y"": 1.921534538269043, ""z"": 0.0, ""velocity"": 0.0, ""snr"": 0.0}, {""x"": 1.7464756965637207, ""y"": 2.1362900733947754, ""z"": 0.0, ""velocity"": 0.0, ""snr"": 0.0}, {""x"": 1.7940402030944824, ""y"": 2.1228790283203125, ""z"": 0.0, ""velocity"": 0.0, ""snr"": 0.0}]",null,0.0
6,0.8,20,"[{""x"": -0.3656744956970215, ""y"": 1.0816454887390137, ""z"": 0.0, ""velocity"": 0.0, ""snr"": 0.0}, {""x"": -0.8078813552856445, ""y"": 1.9887685775756836, ""z"": 0.0, ""velocity"": 0.0, ""snr"": 0.0}, {""x"": -0.9191036224365234, ""y"": 1.9783973693847656, ""z"": 0.0, ""velocity"": 0.0, ""snr"": 0.0}, {""x"": -0.5164146423339844, ""y"": 2.047598361968994, ""z"": 0.0, ""velocity"": 0.0, ""snr"": 0.0}, {""x"": -0.2067089080810547, ""y"": 1.1989474296569824, ""z"": 0.0, ""velocity"": 0.0, ""snr"": 0.0}, {""x"": -0.13786554336547852, ""y"": 1.247406005859375, ""z"": 0.0, ""velocity"": 0.0, ""snr"": 0.0}, {""x"": -0.12230873107910156, ""y"": 1.259922981262207, ""z"": 0.0, ""velocity"": 0.0, ""snr"": 0.0}, {""x"": -0.11175870895385742, ""y"": 1.2751221656799316, ""z"": 0.0, ""velocity"": 0.0, ""snr"": 0.0}, {""x"": -0.29075145721435547, ""y"": 2.058863639831543, ""z"": 0.0, ""velocity"": 0.0, ""snr"": 0.0}, {""x"": 0.025212764739990234, ""y"": 2.0399093627929688, ""z"": 0.0, ""velocity"": 0.0, ""snr"": 0.0}, {""x"": 0.0870823860168457, ""y"": 0.6521344184875488, ""z"": 0.0, ""velocity"": 0.0, ""snr"": 0.0}, {""x"": 0.09423494338989258, ""y"": 0.653386116027832, ""z"": 0.0, ""velocity"": 0.0, ""snr"": 0.0}, {""x"": 0.09495019912719727, ""y"": 0.6714463233947754, ""z"": 0.0, ""velocity"": 0.0, ""snr"": 0.0}, {""x"": 0.19848346710205078, ""y"": 1.0149478912353516, ""z"": 0.0, ""velocity"": 0.0, ""snr"": 0.0}, {""x"": 0.3063082695007324, ""y"": 1.0097622871398926, ""z"": 0.0, ""velocity"": 0.0, ""snr"": 0.0}, {""x"": 2.43222713470459, ""y"": 4.356622695922852, ""z"": 0.0, ""velocity"": 0.0, ""snr"": 0.0}, {""x"": 1.5966296195983887, ""y"": 2.0302534103393555, ""z"": 0.0, ""velocity"": 0.0, ""snr"": 0.0}, {""x"": 1.7116069793701172, ""y"": 1.9397735595703125, ""z"": 0.0, ""velocity"": 0.0, ""snr"": 0.0}, {""x"": 1.869499683380127, ""y"": 2.0300745964050293, ""z"": 0.0, ""velocity"": 0.0, ""snr"": 0.0}, {""x"": 0.18328428268432617, ""y"": 0.2751946449279785, ""z"": 0.36710500717163086, ""velocity"": 0.002548100281273946, ""snr"": 0.0}]",null,0.0
7,0.8,19,"[{""x"": -0.9759664535522461, ""y"": 1.948714256286621, ""z"": 0.0, ""velocity"": 0.0, ""snr"": 0.0}, {""x"": -0.7460117340087891, ""y"": 1.9866228103637695, ""z"": 0.0, ""velocity"": 0.0, ""snr"": 0.0}, {""x"": -0.8676052093505859, ""y"": 1.9696354866027832, ""z"": 0.0, ""velocity"": 0.0, ""snr"": 0.0}, {""x"": -0.25910139083862305, ""y"": 1.1585354804992676, ""z"": 0.0, ""velocity"": 0.0, ""snr"": 0.0}, {""x"": -0.08100271224975586, ""y"": 1.0120868682861328, ""z"": 0.0, ""velocity"": 0.0, ""snr"": 0.0}, {""x"": -0.11301040649414062, ""y"": 1.1098980903625488, ""z"": 0.0, ""velocity"": 0.0, ""snr"": 0.0}, {""x"": -0.11211633682250977, ""y"": 1.253664493560791, ""z"": 0.0, ""velocity"": 0.0, ""snr"": 0.0}, {""x"": -0.09316205978393555, ""y"": 1.2615323066711426, ""z"": 0.0, ""velocity"": 0.0, ""snr"": 0.0}, {""x"": -0.08493661880493164, ""y"": 1.2763738632202148, ""z"": 0.0, ""velocity"": 0.0, ""snr"": 0.0}, {""x"": -0.03826618194580078, ""y"": 1.0521411895751953, ""z"": 0.0, ""velocity"": 0.0, ""snr"": 0.0}, {""x"": -0.05310773849487305, ""y"": 1.086115837097168, ""z"": 0.0, ""velocity"": 0.0, ""snr"": 0.0}, {""x"": 0.1627206802368164, ""y"": 0.5194544792175293, ""z"": 0.0, ""velocity"": 0.0, ""snr"": 0.0}, {""x"": 0.16379356384277344, ""y"": 0.5258917808532715, ""z"": 0.0, ""velocity"": 0.0, ""snr"": 0.0}, {""x"": 0.1639723777770996, ""y"": 0.532686710357666, ""z"": 0.0, ""velocity"": 0.0, ""snr"": 0.0}, {""x"": 1.5785694122314453, ""y"": 2.0490288734436035, ""z"": 0.0, ""velocity"": 0.0, ""snr"": 0.0}, {""x"": 1.6534924507141113, ""y"": 1.993238925933838, ""z"": 0.0, ""velocity"": 0.0, ""snr"": 0.0}, {""x"": 1.8305182456970215, ""y"": 2.069413661956787, ""z"": 0.0, ""velocity"": 0.0, ""snr"": 0.0}, {""x"": 1.8743276596069336, ""y"": 2.059757709503174, ""z"": 0.0, ""velocity"": 0.0, ""snr"": 0.0}, {""x"": 1.8328428268432617, ""y"": 2.1268129348754883, ""z"": 0.0, ""velocity"": 0.0, ""snr"": 0.0}]",null,0.0
8,0.8,22,"[{""x"": -0.4659891128540039, ""y"": 0.9450316429138184, ""z"": 0.0, ""velocity"": 0.0, ""snr"": 0.0}, {""x"": -0.9866952896118164, ""y"": 1.9429922103881836, ""z"": 0.0, ""velocity"": 0.0, ""snr"": 0.0}, {""x"": -0.3649592399597168, ""y"": 0.9348392486572266, ""z"": 0.0, ""velocity"": 0.0, ""snr"": 0.0}, {""x"": -0.4443526268005371, ""y"": 0.9929537773132324, ""z"": 0.0, ""velocity"": 0.0, ""snr"": 0.0}, {""x"": -0.46563148498535156, ""y"": 1.0024309158325195, ""z"": 0.0, ""velocity"": 0.0, ""snr"": 0.0}, {""x"": -0.7941126823425293, ""y"": 1.993417739868164, ""z"": 0.0, ""velocity"": 0.0, ""snr"": 0.0}, {""x"": -0.25731325149536133, ""y"": 0.944674015045166, ""z"": 0.0, ""velocity"": 0.0, ""snr"": 0.0}, {""x"": -0.5228519439697266, ""y"": 2.053499221801758, ""z"": 0.0, ""velocity"": 0.0, ""snr"": 0.0}, {""x"": -0.12034177780151367, ""y"": 1.2606382369995117, ""z"": 0.0, ""velocity"": 0.0, ""snr"": 0.0}, {""x"": -0.11658668518066406, ""y"": 1.2601017951965332, ""z"": 0.0, ""velocity"": 0.0, ""snr"": 0.0}, {""x"": -0.11515617370605469, ""y"": 1.270294189453125, ""z"": 0.0, ""velocity"": 0.0, ""snr"": 0.0}, {""x"": 0.22155046463012695, ""y"": 2.0116567611694336, ""z"": 0.0, ""velocity"": 0.0, ""snr"": 0.0}, {""x"": 0.13196468353271484, ""y"": 0.5990266799926758, ""z"": 0.0, ""velocity"": 0.0, ""snr"": 0.0}, {""x"": 0.1323223114013672, ""y"": 0.6029605865478516, ""z"": 0.0, ""velocity"": 0.0, ""snr"": 0.0}, {""x"": 0.13214349746704102, ""y"": 0.6249547004699707, ""z"": 0.0, ""velocity"": 0.0, ""snr"": 0.0}, {""x"": 0.12981891632080078, ""y"": 0.6784200668334961, ""z"": 0.0, ""velocity"": 0.0, ""snr"": 0.0}, {""x"": 2.4306178092956543, ""y"": 4.357516765594482, ""z"": 0.0, ""velocity"": 0.0, ""snr"": 0.0}, {""x"": 1.6078948974609375, ""y"": 2.021312713623047, ""z"": 0.0, ""velocity"": 0.0, ""snr"": 0.0}, {""x"": 1.741647720336914, ""y"": 1.9124150276184082, ""z"": 0.0, ""velocity"": 0.0, ""snr"": 0.0}, {""x"": 0.18328428268432617, ""y"": 0.2751946449279785, ""z"": 0.36710500717163086, ""velocity"": 0.002548100281273946, ""snr"": 0.0}, {""x"": 0.0008940696716308594, ""y"": 0.00017881393432617188, ""z"": 2.288818359375, ""velocity"": 0.9682781068840995, ""snr"": 0.0}, {""x"": 0.00017881393432617188, ""y"": 0.0, ""z"": 0.0, ""velocity"": 1.6773780137300491, ""snr"": 0.0}]",null,0.0
9,0.8,18,"[{""x"": -1.0117292404174805, ""y"": 1.926720142364502, ""z"": 0.0, ""velocity"": 0.0, ""snr"": 0.0}, {""x"": -0.3930330276489258, ""y"": 1.0401606559753418, ""z"": 0.0, ""velocity"": 0.0, ""snr"": 0.0}, {""x"": -0.4321932792663574, ""y"": 1.0356903076171875, ""z"": 0.0, ""velocity"": 0.0, ""snr"": 0.0}, {""x"": -0.8329153060913086, ""y"": 1.9739270210266113, ""z"": 0.0, ""velocity"": 0.0, ""snr"": 0.0}, {""x"": -0.497281551361084, ""y"": 2.0459890365600586, ""z"": 0.0, ""velocity"": 0.0, ""snr"": 0.0}, {""x"": -0.16200542449951172, ""y"": 1.2012720108032227, ""z"": 0.0, ""velocity"": 0.0, ""snr"": 0.0}, {""x"": -0.10013580322265625, ""y"": 1.2511610984802246, ""z"": 0.0, ""velocity"": 0.0, ""snr"": 0.0}, {""x"": -0.0947713851928711, ""y"": 1.2593865394592285, ""z"": 0.0, ""velocity"": 0.0, ""snr"": 0.0}, {""x"": -0.06347894668579102, ""y"": 1.276552677154541, ""z"": 0.0, ""velocity"": 0.0, ""snr"": 0.0}, {""x"": 0.06973743438720703, ""y"": 2.035081386566162, ""z"": 0.0, ""velocity"": 0.0, ""snr"": 0.0}, {""x"": 0.01913309097290039, ""y"": 2.0513534545898438, ""z"": 0.0, ""velocity"": 0.0, ""snr"": 0.0}, {""x"": 0.08064508438110352, ""y"": 0.7143616676330566, ""z"": 0.0, ""velocity"": 0.0, ""snr"": 0.0}, {""x"": 0.08869171142578125, ""y"": 0.7175803184509277, ""z"": 0.0, ""velocity"": 0.0, ""snr"": 0.0}, {""x"": 0.09244680404663086, ""y"": 0.726163387298584, ""z"": 0.0, ""velocity"": 0.0, ""snr"": 0.0}, {""x"": 0.08189678192138672, ""y"": 0.7544159889221191, ""z"": 0.0, ""velocity"": 0.0, ""snr"": 0.0}, {""x"": 1.857161521911621, ""y"": 2.047598361968994, ""z"": 0.0, ""velocity"": 0.0, ""snr"": 0.0}, {""x"": 1.8939971923828125, ""y"": 2.0395517349243164, ""z"": 0.0, ""velocity"": 0.0, ""snr"": 0.0}, {""x"": 1.8900632858276367, ""y"": 2.0686984062194824, ""z"": 0.0, ""velocity"": 0.0, ""snr"": 0.0}]",null,0.6542916333509748
0,0.8,19,"[{""x"": -1.0074377059936523, ""y"": 1.929938793182373, ""z"": 0.0, ""velocity"": 0.0, ""snr"": 0.0}, {""x"": -0.8440017700195312, ""y"": 1.9723176956176758, ""z"": 0.0, ""velocity"": 0.0, ""snr"": 0.0}, {""x"": -0.5112290382385254, ""y"": 2.047419548034668, ""z"": 0.0, ""velocity"": 0.0, ""snr"": 0.0}, {""x"": -0.1838207244873047, ""y"": 1.217186450958252, ""z"": 0.0, ""velocity"": 0.0, ""snr"": 0.0}, {""x"": -0.1246333122253418, ""y"": 1.2518763542175293, ""z"": 0.0, ""velocity"": 0.0, ""snr"": 0.0}, {""x"": -0.11265277862548828, ""y"": 1.260995864868164, ""z"": 0.0, ""velocity"": 0.0, ""snr"": 0.0}, {""x"": -0.08225440979003906, ""y"": 1.278519630432129, ""z"": 0.0, ""velocity"": 0.0, ""snr"": 0.0}, {""x"": 0.08207559585571289, ""y"": 2.0332932472229004, ""z"": 0.0, ""velocity"": 0.0, ""snr"": 0.0}, {""x"": 0.004470348358154297, ""y"": 2.055823802947998, ""z"": 0.0, ""velocity"": 0.0, ""snr"": 0.0}, {""x"": 0.07331371307373047, ""y"": 0.7435083389282227, ""z"": 0.0, ""velocity"": 0.0, ""snr"": 0.0}, {""x"": 0.0845789909362793, ""y"": 0.7585287094116211, ""z"": 0.0, ""velocity"": 0.0, ""snr"": 0.0}, {""x"": 0.08940696716308594, ""y"": 0.7624626159667969, ""z"": 0.0, ""velocity"": 0.0, ""snr"": 0.0}, {""x"": 0.09012222290039062, ""y"": 0.7724761962890625, ""z"": 0.0, ""velocity"": 0.0, ""snr"": 0.0}, {""x"": 0.06330013275146484, ""y"": 0.8153915405273438, ""z"": 0.0, ""velocity"": 0.0, ""snr"": 0.0}, {""x"": 0.23281574249267578, ""y"": 1.040339469909668, ""z"": 0.0, ""velocity"": 0.0, ""snr"": 0.0}, {""x"": 2.455294132232666, ""y"": 4.343748092651367, ""z"": 0.0, ""velocity"": 0.0, ""snr"": 0.0}, {""x"": 1.8598437309265137, ""y"": 2.049744129180908, ""z"": 0.0, ""velocity"": 0.0, ""snr"": 0.0}, {""x"": 1.882016658782959, ""y"": 2.0513534545898438, ""z"": 0.0, ""velocity"": 0.0, ""snr"": 0.0}, {""x"": 2.0123720169067383, ""y"": 1.9535422325134277, ""z"": 0.0, ""velocity"": 0.0, ""snr"": 0.0}]",null,0.0
1,0.8,20,"[{""x"": -0.7889270782470703, ""y"": 2.0002126693725586, ""z"": 0.0, ""velocity"": 0.0, ""snr"": 0.0}, {""x"": -0.919640064239502, ""y"": 1.9748210906982422, ""z"": 0.0, ""velocity"": 0.0, ""snr"": 0.0}, {""x"": -0.3224015235900879, ""y"": 1.0501742362976074, ""z"": 0.0, ""velocity"": 0.0, ""snr"": 0.0}, {""x"": -0.33026933670043945, ""y"": 1.0766386985778809, ""z"": 0.0, ""velocity"": 0.0, ""snr"": 0.0}, {""x"": -0.5199909210205078, ""y"": 2.0533204078674316, ""z"": 0.0, ""velocity"": 0.0, ""snr"": 0.0}, {""x"": -0.12999773025512695, ""y"": 0.9707808494567871, ""z"": 0.0, ""velocity"": 0.0, ""snr"": 0.0}, {""x"": -0.1512765884399414, ""y"": 0.9691715240478516, ""z"": 0.0, ""velocity"": 0.0, ""snr"": 0.0}, {""x"": -0.11301040649414062, ""y"": 1.2121796607971191, ""z"": 0.0, ""velocity"": 0.0, ""snr"": 0.0}, {""x"": -0.11336803436279297, ""y"": 1.2522339820861816, ""z"": 0.0, ""velocity"": 0.0, ""snr"": 0.0}, {""x"": -0.08958578109741211, ""y"": 1.2633204460144043, ""z"": 0.0, ""velocity"": 0.0, ""snr"": 0.0}, {""x"": -0.033795833587646484, ""y"": 0.9289383888244629, ""z"": 0.0, ""velocity"": 0.0, ""snr"": 0.0}, {""x"": -0.03612041473388672, ""y"": 1.282811164855957, ""z"": 0.0, ""velocity"": 0.0, ""snr"": 0.0}, {""x"": 0.11819601058959961, ""y"": 2.02864408493042, ""z"": 0.0, ""velocity"": 0.0, ""snr"": 0.0}, {""x"": 0.0883340835571289, ""y"": 0.8220076560974121, ""z"": 0.0, ""velocity"": 0.0, ""snr"": 0.0}, {""x"": 0.07957220077514648, ""y"": 0.8434653282165527, ""z"": 0.0, ""velocity"": 0.0, ""snr"": 0.0}, {""x"": 0.0870823860168457, ""y"": 0.8563399314880371, ""z"": 0.0, ""velocity"": 0.0, ""snr"": 0.0}, {""x"": 0.1283884048461914, ""y"": 2.044200897216797, ""z"": 0.0, ""velocity"": 0.0, ""snr"": 0.0}, {""x"": 1.5301108360290527, ""y"": 2.081751823425293, ""z"": 0.0, ""velocity"": 0.0, ""snr"": 0.0}, {""x"": 1.6407966613769531, ""y"": 2.0052194595336914, ""z"": 0.0, ""velocity"": 0.0, ""snr"": 0.0}, {""x"": 0.18328428268432617, ""y"": 0.2751946449279785, ""z"": 0.36710500717163086, ""velocity"": 0.002548100281273946, ""snr"": 0.0}]",null,0.0
2,0.8,13,"[{""x"": -0.9838342666625977, ""y"": 1.9394159317016602, ""z"": 0.0, ""velocity"": 0.0, ""snr"": 0.0}, {""x"": -0.8454322814941406, ""y"": 1.95389986038208, ""z"": 0.0, ""velocity"": 0.0, ""snr"": 0.0}, {""x"": -0.897824764251709, ""y"": 1.9560456275939941, ""z"": 0.0, ""velocity"": 0.0, ""snr"": 0.0}, {""x"": -0.16200542449951172, ""y"": 1.2164711952209473, ""z"": 0.0, ""velocity"": 0.0, ""snr"": 0.0}, {""x"": -0.10389089584350586, ""y"": 1.2531280517578125, ""z"": 0.0, ""velocity"": 0.0, ""snr"": 0.0}, {""x"": -0.08171796798706055, ""y"": 1.2617111206054688, ""z"": 0.0, ""velocity"": 0.0, ""snr"": 0.0}, {""x"": -0.05650520324707031, ""y"": 1.2822747230529785, ""z"": 0.0, ""velocity"": 0.0, ""snr"": 0.0}, {""x"": 0.308990478515625, ""y"": 1.0685920715332031, ""z"": 0.0, ""velocity"": 0.0, ""snr"": 0.0}, {""x"": 0.37533044815063477, ""y"": 0.9993910789489746, ""z"": 0.0, ""velocity"": 0.0, ""snr"": 0.0}, {""x"": 0.3873109817504883, ""y"": 1.0061860084533691, ""z"": 0.0, ""velocity"": 0.0, ""snr"": 0.0}, {""x"": 1.5726685523986816, ""y"": 2.0490288734436035, ""z"": 0.0, ""velocity"": 0.0, ""snr"": 0.0}, {""x"": 1.7214417457580566, ""y"": 1.9374489784240723, ""z"": 0.0, ""velocity"": 0.0, ""snr"": 0.0}, {""x"": 1.8786191940307617, ""y"": 2.0511746406555176, ""z"": 0.0, ""velocity"": 0.0, ""snr"": 0.0}]",null,0.0
3,0.8,13,"[{""x"": -0.8690357208251953, ""y"": 1.9472837448120117, ""z"": 0.0, ""velocity"": 0.0, ""snr"": 0.0}, {""x"": -0.8817315101623535, ""y"": 1.9692778587341309, ""z"": 0.0, ""velocity"": 0.0, ""snr"": 0.0}, {""x"": -0.9334087371826172, ""y"": 1.967310905456543, ""z"": 0.0, ""velocity"": 0.0, ""snr"": 0.0}, {""x"": -0.13321638107299805, ""y"": 1.2191534042358398, ""z"": 0.0, ""velocity"": 0.0, ""snr"": 0.0}, {""x"": -0.1055002212524414, ""y"": 1.2533068656921387, ""z"": 0.0, ""velocity"": 0.0, ""snr"": 0.0}, {""x"": -0.08511543273925781, ""y"": 1.2626051902770996, ""z"": 0.0, ""velocity"": 0.0, ""snr"": 0.0}, {""x"": -0.07241964340209961, ""y"": 1.28173828125, ""z"": 0.0, ""velocity"": 0.0, ""snr"": 0.0}, {""x"": 0.44417381286621094, ""y"": 0.9811520576477051, ""z"": 0.0, ""velocity"": 0.0, ""snr"": 0.0}, {""x"": 0.3966093063354492, ""y"": 1.0056495666503906, ""z"": 0.0, ""velocity"": 0.0, ""snr"": 0.0}, {""x"": 0.38051605224609375, ""y"": 1.0371208190917969, ""z"": 0.0, ""velocity"": 0.0, ""snr"": 0.0}, {""x"": 1.577138900756836, ""y"": 2.0447373390197754, ""z"": 0.0, ""velocity"": 0.0, ""snr"": 0.0}, {""x"": 1.7257332801818848, ""y"": 1.9322633743286133, ""z"": 0.0, ""velocity"": 0.0, ""snr"": 0.0}, {""x"": 1.8927454948425293, ""y"": 2.040266990661621, ""z"": 0.0, ""velocity"": 0.0, ""snr"": 0.0}]",null,0.0
4,0.8,15,"[{""x"": -0.3781914710998535, ""y"": 0.9577274322509766, ""z"": 0.0, ""velocity"": 0.0, ""snr"": 0.0}, {""x"": -0.8094906806945801, ""y"": 1.970350742340088, ""z"": 0.0, ""velocity"": 0.0, ""snr"": 0.0}, {""x"": -0.8273720741271973, ""y"": 1.9930601119995117, ""z"": 0.0, ""velocity"": 0.0, ""snr"": 0.0}, {""x"": -0.8847713470458984, ""y"": 1.989126205444336, ""z"": 0.0, ""velocity"": 0.0, ""snr"": 0.0}, {""x"": -0.1666545867919922, ""y"": 1.217186450958252, ""z"": 0.0, ""velocity"": 0.0, ""snr"": 0.0}, {""x"": -0.09870529174804688, ""y"": 1.2563467025756836, ""z"": 0.0, ""velocity"": 0.0, ""snr"": 0.0}, {""x"": -0.08672475814819336, ""y"": 1.2622475624084473, ""z"": 0.0, ""velocity"": 0.0, ""snr"": 0.0}, {""x"": 0.27555227279663086, ""y"": 2.0282864570617676, ""z"": 0.0, ""velocity"": 0.0, ""snr"": 0.0}, {""x"": 0.37604570388793945, ""y"": 0.9970664978027344, ""z"": 0.0, ""velocity"": 0.0, ""snr"": 0.0}, {""x"": 0.3706812858581543, ""y"": 1.0079741477966309, ""z"": 0.0, ""velocity"": 0.0, ""snr"": 0.0}, {""x"": 0.4393458366394043, ""y"": 1.0085105895996094, ""z"": 0.0, ""velocity"": 0.0, ""snr"": 0.0}, {""x"": 1.5587210655212402, ""y"": 2.058863639831543, ""z"": 0.0, ""velocity"": 0.0, ""snr"": 0.0}, {""x"": 1.6772747039794922, ""y"": 1.9760727882385254, ""z"": 0.0, ""velocity"": 0.0, ""snr"": 0.0}, {""x"": 1.8671751022338867, ""y"": 2.067089080810547, ""z"": 0.0, ""velocity"": 0.0, ""snr"": 0.0}, {""x"": 1.790463924407959, ""y"": 2.1552443504333496, ""z"": 0.0, ""velocity"": 0.0, ""snr"": 0.0}]",null,0.0
5,0.8,18,"[{""x"": -0.808417797088623, ""y"": 1.9698143005371094, ""z"": 0.0, ""velocity"": 0.0, ""snr"": 0.0}, {""x"": -0.8393526077270508, ""y"": 1.9905567169189453, ""z"": 0.0, ""velocity"": 0.0, ""snr"": 0.0}, {""x"": -0.8772611618041992, ""y"": 1.9973516464233398, ""z"": 0.0, ""velocity"": 0.0, ""snr"": 0.0}, {""x"": -0.13625621795654297, ""y"": 1.2220144271850586, ""z"": 0.0, ""velocity"": 0.0, ""snr"": 0.0}, {""x"": -0.09924173355102539, ""y"": 1.2581348419189453, ""z"": 0.0, ""velocity"": 0.0, ""snr"": 0.0}, {""x"": -0.07456541061401367, ""y"": 1.2638568878173828, ""z"": 0.0, ""velocity"": 0.0, ""snr"": 0.0}, {""x"": -0.03647804260253906, ""y"": 1.2753009796142578, ""z"": 0.0, ""velocity"": 0.0, ""snr"": 0.0}, {""x"": 0.18078088760375977, ""y"": 2.0222067832946777, ""z"": 0.0, ""velocity"": 0.0, ""snr"": 0.0}, {""x"": 0.27304887771606445, ""y"": 2.0127296447753906, ""z"": 0.0, ""velocity"": 0.0, ""snr"": 0.0}, {""x"": 0.1958012580871582, ""y"": 0.5532503128051758, ""z"": 0.0, ""velocity"": 0.0, ""snr"": 0.0}, {""x"": 0.19490718841552734, ""y"": 0.5587935447692871, ""z"": 0.0, ""velocity"": 0.0, ""snr"": 0.0}, {""x"": 0.19365549087524414, ""y"": 0.5661249160766602, ""z"": 0.0, ""velocity"": 0.0, ""snr"": 0.0}, {""x"": 0.46312808990478516, ""y"": 0.9673833847045898, ""z"": 0.0, ""velocity"": 0.0, ""snr"": 0.0}, {""x"": 0.4032254219055176, ""y"": 0.9976029396057129, ""z"": 0.0, ""velocity"": 0.0, ""snr"": 0.0}, {""x"": 1.5748143196105957, ""y"": 2.0467042922973633, ""z"": 0.0, ""velocity"": 0.0, ""snr"": 0.0}, {""x"": 1.7253756523132324, ""y"": 1.931905746459961, ""z"": 0.0, ""velocity"": 0.0, ""snr"": 0.0}, {""x"": 1.79976224899292, ""y"": 2.1293163299560547, ""z"": 0.0, ""velocity"": 0.0, ""snr"": 0.0}, {""x"": 1.771688461303711, ""y"": 2.1772384643554688, ""z"": 0.0, ""velocity"": 0.0, ""snr"": 0.0}]",null,0.48001923804819513
6,0.8,19,"[{""x"": -0.9609460830688477, ""y"": 1.9572973251342773, ""z"": 0.0, ""velocity"": 0.0, ""snr"": 0.0}, {""x"": -0.864565372467041, ""y"": 1.9708871841430664, ""z"": 0.0, ""velocity"": 0.0, ""snr"": 0.0}, {""x"": -0.18918514251708984, ""y"": 0.9641647338867188, ""z"": 0.0, ""velocity"": 0.0, ""snr"": 0.0}, {""x"": -0.23925304412841797, ""y"": 0.9668469429016113, ""z"": 0.0, ""velocity"": 0.0, ""snr"": 0.0}, {""x"": -0.6451606750488281, ""y"": 2.018094062805176, ""z"": 0.0, ""velocity"": 0.0, ""snr"": 0.0}, {""x"": -0.08171796798706055, ""y"": 1.097559928894043, ""z"": 0.0, ""velocity"": 0.0, ""snr"": 0.0}, {""x"": -0.09834766387939453, ""y"": 1.2552738189697266, ""z"": 0.0, ""velocity"": 0.0, ""snr"": 0.0}, {""x"": -0.0756382942199707, ""y"": 1.2677907943725586, ""z"": 0.0, ""velocity"": 0.0, ""snr"": 0.0}, {""x"": -0.057578086853027344, ""y"": 1.279771327972412, ""z"": 0.0, ""velocity"": 0.0, ""snr"": 0.0}, {""x"": 0.15145540237426758, ""y"": 2.023637294769287, ""z"": 0.0, ""velocity"": 0.0, ""snr"": 0.0}, {""x"": 0.1328587532043457, ""y"": 2.0302534103393555, ""z"": 0.0, ""velocity"": 0.0, ""snr"": 0.0}, {""x"": 0.18936395645141602, ""y"": 0.5915164947509766, ""z"": 0.0, ""velocity"": 0.0, ""snr"": 0.0}, {""x"": 0.20903348922729492, ""y"": 0.6052851676940918, ""z"": 0.0, ""velocity"": 0.0, ""snr"": 0.0}, {""x"": 2.4796128273010254, ""y"": 4.329979419708252, ""z"": 0.0, ""velocity"": 0.0, ""snr"": 0.0}, {""x"": 1.621842384338379, ""y"": 2.0112991333007812, ""z"": 0.0, ""velocity"": 0.0, ""snr"": 0.0}, {""x"": 1.7337799072265625, ""y"": 1.9265413284301758, ""z"": 0.0, ""velocity"": 0.0, ""snr"": 0.0}, {""x"": 1.8281936645507812, ""y"": 2.0742416381835938, ""z"": 0.0, ""velocity"": 0.0, ""snr"": 0.0}, {""x"": 1.7797350883483887, ""y"": 2.1414756774902344, ""z"": 0.0, ""velocity"": 0.0, ""snr"": 0.0}, {""x"": 1.8482208251953125, ""y"": 2.1082162857055664, ""z"": 0.0, ""velocity"": 0.0, ""snr"": 0.0}]",null,0.0
7,0.8,17,"[{""x"": -0.9816884994506836, ""y"": 1.9471049308776855, ""z"": 0.0, ""velocity"": 0.0, ""snr"": 0.0}, {""x"": -0.8695721626281738, ""y"": 1.9628405570983887, ""z"": 0.0, ""velocity"": 0.0, ""snr"": 0.0}, {""x"": -0.3116726875305176, ""y"": 1.0061860084533691, ""z"": 0.0, ""velocity"": 0.0, ""snr"": 0.0}, {""x"": -0.31810998916625977, ""y"": 1.0419487953186035, ""z"": 0.0, ""velocity"": 0.0, ""snr"": 0.0}, {""x"": -0.536799430847168, ""y"": 2.0325779914855957, ""z"": 0.0, ""velocity"": 0.0, ""snr"": 0.0}, {""x"": -0.09620189666748047, ""y"": 1.2626051902770996, ""z"": 0.0, ""velocity"": 0.0, ""snr"": 0.0}, {""x"": -0.0890493392944336, ""y"": 1.2645721435546875, ""z"": 0.0, ""velocity"": 0.0, ""snr"": 0.0}, {""x"": 0.030219554901123047, ""y"": 0.6625056266784668, ""z"": 0.0, ""velocity"": 0.0, ""snr"": 0.0}, {""x"": -0.05918741226196289, ""y"": 1.2769103050231934, ""z"": 0.0, ""velocity"": 0.0, ""snr"": 0.0}, {""x"": 0.03898143768310547, ""y"": 2.034008502960205, ""z"": 0.0, ""velocity"": 0.0, ""snr"": 0.0}, {""x"": -0.04756450653076172, ""y"": 2.0458102226257324, ""z"": 0.0, ""velocity"": 0.0, ""snr"": 0.0}, {""x"": 0.0514984130859375, ""y"": 0.6721615791320801, ""z"": 0.0, ""velocity"": 0.0, ""snr"": 0.0}, {""x"": 0.08118152618408203, ""y"": 0.6870031356811523, ""z"": 0.0, ""velocity"": 0.0, ""snr"": 0.0}, {""x"": 2.4515390396118164, ""y"": 4.345893859863281, ""z"": 0.0, ""velocity"": 0.0, ""snr"": 0.0}, {""x"": 1.752018928527832, ""y"": 1.9109845161437988, ""z"": 0.0, ""velocity"": 0.0, ""snr"": 0.0}, {""x"": 1.7377138137817383, ""y"": 2.1488070487976074, ""z"": 0.0, ""velocity"": 0.0, ""snr"": 0.0}, {""x"": 1.7064213752746582, ""y"": 2.1956562995910645, ""z"": 0.0, ""velocity"": 0.0, ""snr"": 0.0}]",null,0.0
8,0.8,21,"[{""x"": -0.9684562683105469, ""y"": 1.951754093170166, ""z"": 0.0, ""velocity"": 0.0, ""snr"": 0.0}, {""x"": -0.8618831634521484, ""y"": 1.9637346267700195, ""z"": 0.0, ""velocity"": 0.0, ""snr"": 0.0}, {""x"": -0.48655271530151367, ""y"": 2.0406246185302734, ""z"": 0.0, ""velocity"": 0.0, ""snr"": 0.0}, {""x"": -0.11408329010009766, ""y"": 0.9875893592834473, ""z"": 0.0, ""velocity"": 0.0, ""snr"": 0.0}, {""x"": -0.11587142944335938, ""y"": 1.1072158813476562, ""z"": 0.0, ""velocity"": 0.0, ""snr"": 0.0}, {""x"": -0.10263919830322266, ""y"": 1.1876821517944336, ""z"": 0.0, ""velocity"": 0.0, ""snr"": 0.0}, {""x"": -0.06115436553955078, ""y"": 1.0108351707458496, ""z"": 0.0, ""velocity"": 0.0, ""snr"": 0.0}, {""x"": 0.05453824996948242, ""y"": 1.045525074005127, ""z"": 0.0, ""velocity"": 0.0, ""snr"": 0.0}, {""x"": -0.051140785217285156, ""y"": 1.0811090469360352, ""z"": 0.0, ""velocity"": 0.0, ""snr"": 0.0}, {""x"": -0.07349252700805664, ""y"": 1.2574195861816406, ""z"": 0.0, ""velocity"": 0.0, ""snr"": 0.0}, {""x"": -0.05704164505004883, ""y"": 1.2685060501098633, ""z"": 0.0, ""velocity"": 0.0, ""snr"": 0.0}, {""x"": -0.02682209014892578, ""y"": 1.2819170951843262, ""z"": 0.0, ""velocity"": 0.0, ""snr"": 0.0}, {""x"": 0.018417835235595703, ""y"": 2.0332932472229004, ""z"": 0.0, ""velocity"": 0.0, ""snr"": 0.0}, {""x"": -0.04738569259643555, ""y"": 2.0456314086914062, ""z"": 0.0, ""velocity"": 0.0, ""snr"": 0.0}, {""x"": 0.1684427261352539, ""y"": 0.6930828094482422, ""z"": 0.0, ""velocity"": 0.0, ""snr"": 0.0}, {""x"": 0.17380714416503906, ""y"": 0.6959438323974609, ""z"": 0.0, ""velocity"": 0.0, ""snr"": 0.0}, {""x"": 0.18131732940673828, ""y"": 0.7048845291137695, ""z"": 0.0, ""velocity"": 0.0, ""snr"": 0.0}, {""x"": 0.20653009414672852, ""y"": 0.7297396659851074, ""z"": 0.0, ""velocity"": 0.0, ""snr"": 0.0}, {""x"": 2.479255199432373, ""y"": 4.330158233642578, ""z"": 0.0, ""velocity"": 0.0, ""snr"": 0.0}, {""x"": 1.7743706703186035, ""y"": 2.1167993545532227, ""z"": 0.0, ""velocity"": 0.0, ""snr"": 0.0}, {""x"": 1.7931461334228516, ""y"": 2.127349376678467, ""z"": 0.0, ""velocity"": 0.0, ""snr"": 0.0}]",null,0.0
9,0.8,22,"[{""x"": -0.9961724281311035, ""y"": 1.93709135055542, ""z"": 0.0, ""velocity"": 0.0, ""snr"": 0.0}, {""x"": -0.8500814437866211, ""y"": 1.9682049751281738, ""z"": 0.0, ""velocity"": 0.0, ""snr"": 0.0}, {""x"": -0.20509958267211914, ""y"": 0.9448528289794922, ""z"": 0.0, ""velocity"": 0.0, ""snr"": 0.0}, {""x"": -0.20939111709594727, ""y"": 0.9698867797851562, ""z"": 0.0, ""velocity"": 0.0, ""snr"": 0.0}, {""x"": -0.21958351135253906, ""y"": 1.0676980018615723, ""z"": 0.0, ""velocity"": 0.0, ""snr"": 0.0}, {""x"": -0.4935264587402344, ""y"": 2.041161060333252, ""z"": 0.0, ""velocity"": 0.0, ""snr"": 0.0}, {""x"": -0.1818537712097168, ""y"": 1.103818416595459, ""z"": 0.0, ""velocity"": 0.0, ""snr"": 0.0}, {""x"": -0.13679265975952148, ""y"": 1.2021660804748535, ""z"": 0.0, ""velocity"": 0.0, ""snr"": 0.0}, {""x"": -0.07206201553344727, ""y"": 1.2643933296203613, ""z"": 0.0, ""velocity"": 0.0, ""snr"": 0.0}, {""x"": -0.06330013275146484, ""y"": 1.2699365615844727, ""z"": 0.0, ""velocity"": 0.0, ""snr"": 0.0}, {""x"": -0.033974647521972656, ""y"": 1.2820959091186523, ""z"": 0.0, ""velocity"": 0.0, ""snr"": 0.0}, {""x"": -0.005543231964111328, ""y"": 2.0170211791992188, ""z"": 0.0, ""velocity"": 0.0, ""snr"": 0.0}, {""x"": 0.015556812286376953, ""y"": 2.0336508750915527, ""z"": 0.0, ""velocity"": 0.0, ""snr"": 0.0}, {""x"": -0.013053417205810547, ""y"": 2.046525478363037, ""z"": 0.0, ""velocity"": 0.0, ""snr"": 0.0}, {""x"": 0.13715028762817383, ""y"": 0.7327795028686523, ""z"": 0.0, ""velocity"": 0.0, ""snr"": 0.0}, {""x"": 0.13446807861328125, ""y"": 0.8032321929931641, ""z"": 0.0, ""velocity"": 0.0, ""snr"": 0.0}, {""x"": 0.14519691467285156, ""y"": 0.7477998733520508, ""z"": 0.0, ""velocity"": 0.0, ""snr"": 0.0}, {""x"": 0.14930963516235352, ""y"": 0.7517337799072266, ""z"": 0.0, ""velocity"": 0.0, ""snr"": 0.0}, {""x"": 0.14841556549072266, ""y"": 0.7619261741638184, ""z"": 0.0, ""velocity"": 0.0, ""snr"": 0.0}, {""x"": 2.490520477294922, ""y"": 4.32354211807251, ""z"": 0.0, ""velocity"": 0.0, ""snr"": 0.0}, {""x"": 1.8151402473449707, ""y"": 2.078890800476074, ""z"": 0.0, ""velocity"": 0.0, ""snr"": 0.0}, {""x"": 1.8076300621032715, ""y"": 2.109825611114502, ""z"": 0.0, ""velocity"": 0.0, ""snr"": 0.0}]",null,0.0
10,0.8,23,"[{""x"": -0.8202195167541504, ""y"": 1.9810795783996582, ""z"": 0.0, ""velocity"": 0.0, ""snr"": 0.0}, {""x"": -0.9443163871765137, ""y"": 1.966238021850586, ""z"": 0.0, ""velocity"": 0.0, ""snr"": 0.0}, {""x"": -0.33169984817504883, ""y"": 1.0786056518554688, ""z"": 0.0, ""velocity"": 0.0, ""snr"": 0.0}, {""x"": -0.23066997528076172, ""y"": 1.1866092681884766, ""z"": 0.0, ""velocity"": 0.0, ""snr"": 0.0}, {""x"": -0.0731348991394043, ""y"": 0.9663105010986328, ""z"": 0.0, ""velocity"": 0.0, ""snr"": 0.0}, {""x"": -0.0826120376586914, ""y"": 0.9872317314147949, ""z"": 0.0, ""velocity"": 0.0, ""snr"": 0.0}, {""x"": -0.0826120376586914, ""y"": 1.2593865394592285, ""z"": 0.0, ""velocity"": 0.0, ""snr"": 0.0}, {""x"": -0.292360782623291, ""y"": 2.0583271980285645, ""z"": 0.0, ""velocity"": 0.0, ""snr"": 0.0}, {""x"": -0.021636486053466797, ""y"": 1.0045766830444336, ""z"": 0.0, ""velocity"": 0.0, ""snr"": 0.0}, {""x"": 0.05632638931274414, ""y"": 1.0305047035217285, ""z"": 0.0, ""velocity"": 0.0, ""snr"": 0.0}, {""x"": 0.0502467155456543, ""y"": 1.0678768157958984, ""z"": 0.0, ""velocity"": 0.0, ""snr"": 0.0}, {""x"": -0.04845857620239258, ""y"": 1.2652873992919922, ""z"": 0.0, ""velocity"": 0.0, ""snr"": 0.0}, {""x"": 0.010907649993896484, ""y"": 1.284956932067871, ""z"": 0.0, ""velocity"": 0.0, ""snr"": 0.0}, {""x"": 0.0012516975402832031, ""y"": 2.019166946411133, ""z"": 0.0, ""velocity"": 0.0, ""snr"": 0.0}, {""x"": 0.01233816146850586, ""y"": 2.0343661308288574, ""z"": 0.0, ""velocity"": 0.0, ""snr"": 0.0}, {""x"": 0.0057220458984375, ""y"": 2.0461678504943848, ""z"": 0.0, ""velocity"": 0.0, ""snr"": 0.0}, {""x"": 0.16540288925170898, ""y"": 0.7522702217102051, ""z"": 0.0, ""velocity"": 0.0, ""snr"": 0.0}, {""x"": 0.20545721054077148, ""y"": 0.7683634757995605, ""z"": 0.0, ""velocity"": 0.0, ""snr"": 0.0}, {""x"": 0.22459030151367188, ""y"": 0.7721185684204102, ""z"": 0.0, ""velocity"": 0.0, ""snr"": 0.0}, {""x"": 0.2732276916503906, ""y"": 0.795900821685791, ""z"": 0.0, ""velocity"": 0.0, ""snr"": 0.0}, {""x"": 2.422928810119629, ""y"": 4.3618083000183105, ""z"": 0.0, ""velocity"": 0.0, ""snr"": 0.0}, {""x"": 1.77687406539917, ""y"": 2.1146535873413086, ""z"": 0.0, ""velocity"": 0.0, ""snr"": 0.0}, {""x"": 1.7981529235839844, ""y"": 2.1216273307800293, ""z"": 0.0, ""velocity"": 0.0, ""snr"": 0.0}]",null,0.0
0,0.8,20,"[{""x"": -0.9874105453491211, ""y"": 1.943528652191162, ""z"": 0.0, ""velocity"": 0.0, ""snr"": 0.0}, {""x"": -0.831305980682373, ""y"": 1.9837617874145508, ""z"": 0.0, ""velocity"": 0.0, ""snr"": 0.0}, {""x"": -0.0756382942199707, ""y"": 0.9756088256835938, ""z"": 0.0, ""velocity"": 0.0, ""snr"": 0.0}, {""x"": -0.12874603271484375, ""y"": 1.2039542198181152, ""z"": 0.0, ""velocity"": 0.0, ""snr"": 0.0}, {""x"": -0.13768672943115234, ""y"": 1.24436616897583, ""z"": 0.0, ""velocity"": 0.0, ""snr"": 0.0}, {""x"": -0.13786554336547852, ""y"": 1.2559890747070312, ""z"": 0.0, ""velocity"": 0.0, ""snr"": 0.0}, {""x"": -0.3460049629211426, ""y"": 2.0606517791748047, ""z"": 0.0, ""velocity"": 0.0, ""snr"": 0.0}, {""x"": 0.05525350570678711, ""y"": 0.9174942970275879, ""z"": 0.0, ""velocity"": 0.0, ""snr"": 0.0}, {""x"": -0.0025033950805664062, ""y"": 1.011192798614502, ""z"": 0.0, ""velocity"": 0.0, ""snr"": 0.0}, {""x"": 0.048100948333740234, ""y"": 1.0766386985778809, ""z"": 0.0, ""velocity"": 0.0, ""snr"": 0.0}, {""x"": 0.006616115570068359, ""y"": 1.1227726936340332, ""z"": 0.0, ""velocity"": 0.0, ""snr"": 0.0}, {""x"": 0.07921457290649414, ""y"": 2.029895782470703, ""z"": 0.0, ""velocity"": 0.0, ""snr"": 0.0}, {""x"": 0.12677907943725586, ""y"": 2.0415186882019043, ""z"": 0.0, ""velocity"": 0.0, ""snr"": 0.0}, {""x"": 0.14144182205200195, ""y"": 0.8116364479064941, ""z"": 0.0, ""velocity"": 0.0, ""snr"": 0.0}, {""x"": 0.06955862045288086, ""y"": 1.0483860969543457, ""z"": 0.0, ""velocity"": 0.0, ""snr"": 0.0}, {""x"": 0.13214349746704102, ""y"": 2.0071864128112793, ""z"": 0.0, ""velocity"": 0.0, ""snr"": 0.0}, {""x"": 0.16164779663085938, ""y"": 0.8275508880615234, ""z"": 0.0, ""velocity"": 0.0, ""snr"": 0.0}, {""x"": 0.17201900482177734, ""y"": 0.834345817565918, ""z"": 0.0, ""velocity"": 0.0, ""snr"": 0.0}, {""x"": 2.3310184478759766, ""y"": 4.4116973876953125, ""z"": 0.0, ""velocity"": 0.0, ""snr"": 0.0}, {""x"": 1.9848346710205078, ""y"": 1.9522905349731445, ""z"": 0.0, ""velocity"": 0.0, ""snr"": 0.0}]",null,0.0
1,0.8,19,"[{""x"": -0.9722113609313965, ""y"": 1.954793930053711, ""z"": 0.0, ""velocity"": 0.0, ""snr"": 0.0}, {""x"": -0.7274150848388672, ""y"": 2.0227432250976562, ""z"": 0.0, ""velocity"": 0.0, ""snr"": 0.0}, {""x"": -0.15145540237426758, ""y"": 1.1188387870788574, ""z"": 0.0, ""velocity"": 0.0, ""snr"": 0.0}, {""x"": -0.14734268188476562, ""y"": 1.1941194534301758, ""z"": 0.0, ""velocity"": 0.0, ""snr"": 0.0}, {""x"": -0.13393163681030273, ""y"": 1.2440085411071777, ""z"": 0.0, ""velocity"": 0.0, ""snr"": 0.0}, {""x"": -0.10514259338378906, ""y"": 1.260995864868164, ""z"": 0.0, ""velocity"": 0.0, ""snr"": 0.0}, {""x"": 0.036656856536865234, ""y"": 0.8699297904968262, ""z"": 0.0, ""velocity"": 0.0, ""snr"": 0.0}, {""x"": 0.0527501106262207, ""y"": 0.8872747421264648, ""z"": 0.0, ""velocity"": 0.0, ""snr"": 0.0}, {""x"": 0.020205974578857422, ""y"": 0.9182095527648926, ""z"": 0.0, ""velocity"": 0.0, ""snr"": 0.0}, {""x"": -0.02485513687133789, ""y"": 0.9443163871765137, ""z"": 0.0, ""velocity"": 0.0, ""snr"": 0.0}, {""x"": -0.047206878662109375, ""y"": 0.9891986846923828, ""z"": 0.0, ""velocity"": 0.0, ""snr"": 0.0}, {""x"": -0.05060434341430664, ""y"": 1.0914802551269531, ""z"": 0.0, ""velocity"": 0.0, ""snr"": 0.0}, {""x"": 0.11730194091796875, ""y"": 2.026677131652832, ""z"": 0.0, ""velocity"": 0.0, ""snr"": 0.0}, {""x"": -0.06508827209472656, ""y"": 2.084076404571533, ""z"": 0.0, ""velocity"": 0.0, ""snr"": 0.0}, {""x"": 0.052928924560546875, ""y"": 0.8153915405273438, ""z"": 0.0, ""velocity"": 0.0, ""snr"": 0.0}, {""x"": 0.09208917617797852, ""y"": 1.0634064674377441, ""z"": 0.0, ""velocity"": 0.0, ""snr"": 0.0}, {""x"": 0.15842914581298828, ""y"": 2.0459890365600586, ""z"": 0.0, ""velocity"": 0.0, ""snr"": 0.0}, {""x"": 2.3349523544311523, ""y"": 4.409551620483398, ""z"": 0.0, ""velocity"": 0.0, ""snr"": 0.0}, {""x"": 1.8764734268188477, ""y"": 2.055823802947998, ""z"": 0.0, ""velocity"": 0.0, ""snr"": 0.0}]",null,0.0
2,0.8,19,"[{""x"": -1.0221004486083984, ""y"": 1.9306540489196777, ""z"": 0.0, ""velocity"": 0.0, ""snr"": 0.0}, {""x"": -0.8068084716796875, ""y"": 1.9907355308532715, ""z"": 0.0, ""velocity"": 0.0, ""snr"": 0.0}, {""x"": -0.1004934310913086, ""y"": 1.1876821517944336, ""z"": 0.0, ""velocity"": 0.0, ""snr"": 0.0}, {""x"": -0.12320280075073242, ""y"": 1.2459754943847656, ""z"": 0.0, ""velocity"": 0.0, ""snr"": 0.0}, {""x"": -0.11390447616577148, ""y"": 1.2579560279846191, ""z"": 0.0, ""velocity"": 0.0, ""snr"": 0.0}, {""x"": -0.10210275650024414, ""y"": 1.280665397644043, ""z"": 0.0, ""velocity"": 0.0, ""snr"": 0.0}, {""x"": -0.16576051712036133, ""y"": 2.081751823425293, ""z"": 0.0, ""velocity"": 0.0, ""snr"": 0.0}, {""x"": 0.04738569259643555, ""y"": 1.0256767272949219, ""z"": 0.0, ""velocity"": 0.0, ""snr"": 0.0}, {""x"": 0.024318695068359375, ""y"": 1.0651946067810059, ""z"": 0.0, ""velocity"": 0.0, ""snr"": 0.0}, {""x"": 0.025212764739990234, ""y"": 1.0769963264465332, ""z"": 0.0, ""velocity"": 0.0, ""snr"": 0.0}, {""x"": 0.030219554901123047, ""y"": 1.1045336723327637, ""z"": 0.0, ""velocity"": 0.0, ""snr"": 0.0}, {""x"": 0.14537572860717773, ""y"": 0.908195972442627, ""z"": 0.0, ""velocity"": 0.0, ""snr"": 0.0}, {""x"": 0.11640787124633789, ""y"": 0.9326934814453125, ""z"": 0.0, ""velocity"": 0.0, ""snr"": 0.0}, {""x"": 0.10317564010620117, ""y"": 0.9625554084777832, ""z"": 0.0, ""velocity"": 0.0, ""snr"": 0.0}, {""x"": 0.17112493515014648, ""y"": 2.0300745964050293, ""z"": 0.0, ""velocity"": 0.0, ""snr"": 0.0}, {""x"": 0.15538930892944336, ""y"": 2.046346664428711, ""z"": 0.0, ""velocity"": 0.0, ""snr"": 0.0}, {""x"": 2.441525459289551, ""y"": 4.351437091827393, ""z"": 0.0, ""velocity"": 0.0, ""snr"": 0.0}, {""x"": 1.9462108612060547, ""y"": 1.9608736038208008, ""z"": 0.0, ""velocity"": 0.0, ""snr"": 0.0}, {""x"": 1.9462108612060547, ""y"": 1.989305019378662, ""z"": 0.0, ""velocity"": 0.0, ""snr"": 0.0}]",null,0.0
3,0.8,18,"[{""x"": -1.066267490386963, ""y"": 1.9032955169677734, ""z"": 0.0, ""velocity"": 0.0, ""snr"": 0.0}, {""x"": -0.32901763916015625, ""y"": 0.9881258010864258, ""z"": 0.0, ""velocity"": 0.0, ""snr"": 0.0}, {""x"": -0.8375644683837891, ""y"": 1.9737482070922852, ""z"": 0.0, ""velocity"": 0.0, ""snr"": 0.0}, {""x"": -0.2866387367248535, ""y"": 1.0491013526916504, ""z"": 0.0, ""velocity"": 0.0, ""snr"": 0.0}, {""x"": -0.16736984252929688, ""y"": 1.2069940567016602, ""z"": 0.0, ""velocity"": 0.0, ""snr"": 0.0}, {""x"": -0.16057491302490234, ""y"": 1.2459754943847656, ""z"": 0.0, ""velocity"": 0.0, ""snr"": 0.0}, {""x"": -0.15270709991455078, ""y"": 1.2561678886413574, ""z"": 0.0, ""velocity"": 0.0, ""snr"": 0.0}, {""x"": -0.14966726303100586, ""y"": 1.2701153755187988, ""z"": 0.0, ""velocity"": 0.0, ""snr"": 0.0}, {""x"": -0.21207332611083984, ""y"": 2.081573009490967, ""z"": 0.0, ""velocity"": 0.0, ""snr"": 0.0}, {""x"": 0.03165006637573242, ""y"": 0.9346604347229004, ""z"": 0.0, ""velocity"": 0.0, ""snr"": 0.0}, {""x"": -0.03147125244140625, ""y"": 0.9629130363464355, ""z"": 0.0, ""velocity"": 0.0, ""snr"": 0.0}, {""x"": -0.05060434341430664, ""y"": 0.9697079658508301, ""z"": 0.0, ""velocity"": 0.0, ""snr"": 0.0}, {""x"": -0.054895877838134766, ""y"": 0.9736418724060059, ""z"": 0.0, ""velocity"": 0.0, ""snr"": 0.0}, {""x"": 0.18864870071411133, ""y"": 2.0356178283691406, ""z"": 0.0, ""velocity"": 0.0, ""snr"": 0.0}, {""x"": 0.1868605613708496, ""y"": 2.049744129180908, ""z"": 0.0, ""velocity"": 0.0, ""snr"": 0.0}, {""x"": 2.496957778930664, ""y"": 4.319965839385986, ""z"": 0.0, ""velocity"": 0.0, ""snr"": 0.0}, {""x"": 1.9488930702209473, ""y"": 1.9562244415283203, ""z"": 0.0, ""velocity"": 0.0, ""snr"": 0.0}, {""x"": 1.9499659538269043, ""y"": 1.981973648071289, ""z"": 0.0, ""velocity"": 0.0, ""snr"": 0.0}]",null,0.518150965636718
4,0.8,19,"[{""x"": -0.9770393371582031, ""y"": 1.9458532333374023, ""z"": 0.0, ""velocity"": 0.0, ""snr"": 0.0}, {""x"": -0.7726550102233887, ""y"": 2.0021796226501465, ""z"": 0.0, ""velocity"": 0.0, ""snr"": 0.0}, {""x"": -0.2714395523071289, ""y"": 1.041412353515625, ""z"": 0.0, ""velocity"": 0.0, ""snr"": 0.0}, {""x"": -0.24121999740600586, ""y"": 1.0948777198791504, ""z"": 0.0, ""velocity"": 0.0, ""snr"": 0.0}, {""x"": -0.2614259719848633, ""y"": 1.2549161911010742, ""z"": 0.0, ""velocity"": 0.0, ""snr"": 0.0}, {""x"": -0.583648681640625, ""y"": 2.0315051078796387, ""z"": 0.0, ""velocity"": 0.0, ""snr"": 0.0}, {""x"": -0.16021728515625, ""y"": 1.027822494506836, ""z"": 0.0, ""velocity"": 0.0, ""snr"": 0.0}, {""x"": -0.17970800399780273, ""y"": 1.2039542198181152, ""z"": 0.0, ""velocity"": 0.0, ""snr"": 0.0}, {""x"": -0.16576051712036133, ""y"": 1.2459754943847656, ""z"": 0.0, ""velocity"": 0.0, ""snr"": 0.0}, {""x"": -0.1729130744934082, ""y"": 1.2511610984802246, ""z"": 0.0, ""velocity"": 0.0, ""snr"": 0.0}, {""x"": 0.01823902130126953, ""y"": 0.971674919128418, ""z"": 0.0, ""velocity"": 0.0, ""snr"": 0.0}, {""x"": -0.0010728836059570312, ""y"": 0.9899139404296875, ""z"": 0.0, ""velocity"": 0.0, ""snr"": 0.0}, {""x"": -0.004649162292480469, ""y"": 1.0043978691101074, ""z"": 0.0, ""velocity"": 0.0, ""snr"": 0.0}, {""x"": 0.4177093505859375, ""y"": 2.004683017730713, ""z"": 0.0, ""velocity"": 0.0, ""snr"": 0.0}, {""x"": 0.43594837188720703, ""y"": 2.021312713623047, ""z"": 0.0, ""velocity"": 0.0, ""snr"": 0.0}, {""x"": 2.50089168548584, ""y"": 4.317641258239746, ""z"": 0.0, ""velocity"": 0.0, ""snr"": 0.0}, {""x"": 1.8534064292907715, ""y"": 2.054750919342041, ""z"": 0.0, ""velocity"": 0.0, ""snr"": 0.0}, {""x"": 1.8718242645263672, ""y"": 2.0613670349121094, ""z"": 0.0, ""velocity"": 0.0, ""snr"": 0.0}, {""x"": 1.9063353538513184, ""y"": 2.054750919342041, ""z"": 0.0, ""velocity"": 0.0, ""snr"": 0.0}]",null,0.0
5,0.8,19,"[{""x"": -0.9861588478088379, ""y"": 1.946568489074707, ""z"": 0.0, ""velocity"": 0.0, ""snr"": 0.0}, {""x"": -0.8549094200134277, ""y"": 1.9773244857788086, ""z"": 0.0, ""velocity"": 0.0, ""snr"": 0.0}, {""x"": -0.22727251052856445, ""y"": 1.1054277420043945, ""z"": 0.0, ""velocity"": 0.0, ""snr"": 0.0}, {""x"": -0.15878677368164062, ""y"": 1.206815242767334, ""z"": 0.0, ""velocity"": 0.0, ""snr"": 0.0}, {""x"": -0.11873245239257812, ""y"": 1.2527704238891602, ""z"": 0.0, ""velocity"": 0.0, ""snr"": 0.0}, {""x"": -0.1156926155090332, ""y"": 1.2613534927368164, ""z"": 0.0, ""velocity"": 0.0, ""snr"": 0.0}, {""x"": -0.10246038436889648, ""y"": 1.2761950492858887, ""z"": 0.0, ""velocity"": 0.0, ""snr"": 0.0}, {""x"": -0.05346536636352539, ""y"": 0.9629130363464355, ""z"": 0.0, ""velocity"": 0.0, ""snr"": 0.0}, {""x"": -0.0005364418029785156, ""y"": 0.9952783584594727, ""z"": 0.0, ""velocity"": 0.0, ""snr"": 0.0}, {""x"": 0.04649162292480469, ""y"": 1.0210275650024414, ""z"": 0.0, ""velocity"": 0.0, ""snr"": 0.0}, {""x"": 0.054895877838134766, ""y"": 1.0410547256469727, ""z"": 0.0, ""velocity"": 0.0, ""snr"": 0.0}, {""x"": -0.01233816146850586, ""y"": 1.066446304321289, ""z"": 0.0, ""velocity"": 0.0, ""snr"": 0.0}, {""x"": 0.6383657455444336, ""y"": 1.9730329513549805, ""z"": 0.0, ""velocity"": 0.0, ""snr"": 0.0}, {""x"": 0.5772113800048828, ""y"": 2.019166946411133, ""z"": 0.0, ""velocity"": 0.0, ""snr"": 0.0}, {""x"": 2.5221705436706543, ""y"": 4.30530309677124, ""z"": 0.0, ""velocity"": 0.0, ""snr"": 0.0}, {""x"": 1.5463829040527344, ""y"": 2.0697712898254395, ""z"": 0.0, ""velocity"": 0.0, ""snr"": 0.0}, {""x"": 1.8213987350463867, ""y"": 2.084970474243164, ""z"": 0.0, ""velocity"": 0.0, ""snr"": 0.0}, {""x"": 1.8128156661987305, ""y"": 2.115011215209961, ""z"": 0.0, ""velocity"": 0.0, ""snr"": 0.0}, {""x"": 1.828014850616455, ""y"": 2.127349376678467, ""z"": 0.0, ""velocity"": 0.0, ""snr"": 0.0}]",null,0.0
6,0.8,16,"[{""x"": -0.9981393814086914, ""y"": 1.9417405128479004, ""z"": 0.0, ""velocity"": 0.0, ""snr"": 0.0}, {""x"": -0.7753372192382812, ""y"": 1.9708871841430664, ""z"": 0.0, ""velocity"": 0.0, ""snr"": 0.0}, {""x"": -0.8842349052429199, ""y"": 1.9657015800476074, ""z"": 0.0, ""velocity"": 0.0, ""snr"": 0.0}, {""x"": -0.10031461715698242, ""y"": 1.020669937133789, ""z"": 0.0, ""velocity"": 0.0, ""snr"": 0.0}, {""x"": -0.15145540237426758, ""y"": 1.043558120727539, ""z"": 0.0, ""velocity"": 0.0, ""snr"": 0.0}, {""x"": -0.20080804824829102, ""y"": 1.0710954666137695, ""z"": 0.0, ""velocity"": 0.0, ""snr"": 0.0}, {""x"": -0.17559528350830078, ""y"": 1.1159777641296387, ""z"": 0.0, ""velocity"": 0.0, ""snr"": 0.0}, {""x"": -0.15610456466674805, ""y"": 1.1855363845825195, ""z"": 0.0, ""velocity"": 0.0, ""snr"": 0.0}, {""x"": -0.12874603271484375, ""y"": 1.2393593788146973, ""z"": 0.0, ""velocity"": 0.0, ""snr"": 0.0}, {""x"": -0.10442733764648438, ""y"": 1.2563467025756836, ""z"": 0.0, ""velocity"": 0.0, ""snr"": 0.0}, {""x"": 0.23192167282104492, ""y"": 2.0148754119873047, ""z"": 0.0, ""velocity"": 0.0, ""snr"": 0.0}, {""x"": 0.3104209899902344, ""y"": 2.003967761993408, ""z"": 0.0, ""velocity"": 0.0, ""snr"": 0.0}, {""x"": 2.4992823600769043, ""y"": 4.318535327911377, ""z"": 0.0, ""velocity"": 0.0, ""snr"": 0.0}, {""x"": 1.5361905097961426, ""y"": 2.077639102935791, ""z"": 0.0, ""velocity"": 0.0, ""snr"": 0.0}, {""x"": 1.6994476318359375, ""y"": 1.9526481628417969, ""z"": 0.0, ""velocity"": 0.0, ""snr"": 0.0}, {""x"": 1.9302964210510254, ""y"": 2.0053982734680176, ""z"": 0.0, ""velocity"": 0.0, ""snr"": 0.0}]",null,0.0
7,0.8,15,"[{""x"": -0.7107853889465332, ""y"": 1.99967622756958, ""z"": 0.0, ""velocity"": 0.0, ""snr"": 0.0}, {""x"": -0.8234381675720215, ""y"": 1.993417739868164, ""z"": 0.0, ""velocity"": 0.0, ""snr"": 0.0}, {""x"": -0.8972883224487305, ""y"": 1.989126205444336, ""z"": 0.0, ""velocity"": 0.0, ""snr"": 0.0}, {""x"": -0.14090538024902344, ""y"": 1.20466947555542, ""z"": 0.0, ""velocity"": 0.0, ""snr"": 0.0}, {""x"": -0.10639429092407227, ""y"": 1.2529492378234863, ""z"": 0.0, ""velocity"": 0.0, ""snr"": 0.0}, {""x"": -0.09351968765258789, ""y"": 1.2638568878173828, ""z"": 0.0, ""velocity"": 0.0, ""snr"": 0.0}, {""x"": -0.017523765563964844, ""y"": 0.9984970092773438, ""z"": 0.0, ""velocity"": 0.0, ""snr"": 0.0}, {""x"": -0.006973743438720703, ""y"": 1.0083317756652832, ""z"": 0.0, ""velocity"": 0.0, ""snr"": 0.0}, {""x"": 0.04684925079345703, ""y"": 1.031041145324707, ""z"": 0.0, ""velocity"": 0.0, ""snr"": 0.0}, {""x"": -0.004291534423828125, ""y"": 1.0759234428405762, ""z"": 0.0, ""velocity"": 0.0, ""snr"": 0.0}, {""x"": 0.24640560150146484, ""y"": 2.0118355751037598, ""z"": 0.0, ""velocity"": 0.0, ""snr"": 0.0}, {""x"": 2.4513602256774902, ""y"": 4.345893859863281, ""z"": 0.0, ""velocity"": 0.0, ""snr"": 0.0}, {""x"": 1.5256404876708984, ""y"": 2.0864009857177734, ""z"": 0.0, ""velocity"": 0.0, ""snr"": 0.0}, {""x"": 1.6497373580932617, ""y"": 1.9968152046203613, ""z"": 0.0, ""velocity"": 0.0, ""snr"": 0.0}, {""x"": 1.9004344940185547, ""y"": 2.0332932472229004, ""z"": 0.0, ""velocity"": 0.0, ""snr"": 0.0}]",null,0.0
8,0.8,16,"[{""x"": -0.7352828979492188, ""y"": 1.9969940185546875, ""z"": 0.0, ""velocity"": 0.0, ""snr"": 0.0}, {""x"": -0.8466839790344238, ""y"": 1.9875168800354004, ""z"": 0.0, ""velocity"": 0.0, ""snr"": 0.0}, {""x"": -0.9235739707946777, ""y"": 1.9785761833190918, ""z"": 0.0, ""velocity"": 0.0, ""snr"": 0.0}, {""x"": -0.0997781753540039, ""y"": 1.1166930198669434, ""z"": 0.0, ""velocity"": 0.0, ""snr"": 0.0}, {""x"": -0.14930963516235352, ""y"": 1.1925101280212402, ""z"": 0.0, ""velocity"": 0.0, ""snr"": 0.0}, {""x"": -0.11909008026123047, ""y"": 1.2486577033996582, ""z"": 0.0, ""velocity"": 0.0, ""snr"": 0.0}, {""x"": -0.09548664093017578, ""y"": 1.2626051902770996, ""z"": 0.0, ""velocity"": 0.0, ""snr"": 0.0}, {""x"": -0.08976459503173828, ""y"": 1.2819170951843262, ""z"": 0.0, ""velocity"": 0.0, ""snr"": 0.0}, {""x"": -0.04202127456665039, ""y"": 1.0172724723815918, ""z"": 0.0, ""velocity"": 0.0, ""snr"": 0.0}, {""x"": -0.03057718276977539, ""y"": 1.0389089584350586, ""z"": 0.0, ""velocity"": 0.0, ""snr"": 0.0}, {""x"": -0.0502467155456543, ""y"": 1.071631908416748, ""z"": 0.0, ""velocity"": 0.0, ""snr"": 0.0}, {""x"": 0.2378225326538086, ""y"": 1.9987821578979492, ""z"": 0.0, ""velocity"": 0.0, ""snr"": 0.0}, {""x"": 2.454042434692383, ""y"": 4.344463348388672, ""z"": 0.0, ""velocity"": 0.0, ""snr"": 0.0}, {""x"": 1.5238523483276367, ""y"": 2.086937427520752, ""z"": 0.0, ""velocity"": 0.0, ""snr"": 0.0}, {""x"": 1.6565322875976562, ""y"": 1.9919872283935547, ""z"": 0.0, ""velocity"": 0.0, ""snr"": 0.0}, {""x"": 1.8870234489440918, ""y"": 2.0450949668884277, ""z"": 0.0, ""velocity"": 0.0, ""snr"": 0.0}]",null,0.0
9,0.8,16,"[{""x"": -0.976860523223877, ""y"": 1.9478201866149902, ""z"": 0.0, ""velocity"": 0.0, ""snr"": 0.0}, {""x"": -0.7115006446838379, ""y"": 2.003610134124756, ""z"": 0.0, ""velocity"": 0.0, ""snr"": 0.0}, {""x"": -0.8466839790344238, ""y"": 1.97678804397583, ""z"": 0.0, ""velocity"": 0.0, ""snr"": 0.0}, {""x"": -0.2651810646057129, ""y"": 1.078784465789795, ""z"": 0.0, ""velocity"": 0.0, ""snr"": 0.0}, {""x"": -0.1348257064819336, ""y"": 1.2475848197937012, ""z"": 0.0, ""velocity"": 0.0, ""snr"": 0.0}, {""x"": -0.11944770812988281, ""y"": 1.2550950050354004, ""z"": 0.0, ""velocity"": 0.0, ""snr"": 0.0}, {""x"": 0.09995698928833008, ""y"": 2.022385597229004, ""z"": 0.0, ""velocity"": 0.0, ""snr"": 0.0}, {""x"": 0.17899274826049805, ""y"": 2.026498317718506, ""z"": 0.0, ""velocity"": 0.0, ""snr"": 0.0}, {""x"": 0.12928247451782227, ""y"": 0.5725622177124023, ""z"": 0.0, ""velocity"": 0.0, ""snr"": 0.0}, {""x"": 0.13947486877441406, ""y"": 0.5750656127929688, ""z"": 0.0, ""velocity"": 0.0, ""snr"": 0.0}, {""x"": 0.14734268188476562, ""y"": 0.5811452865600586, ""z"": 0.0, ""velocity"": 0.0, ""snr"": 0.0}, {""x"": 0.3408193588256836, ""y"": 0.9922385215759277, ""z"": 0.0, ""velocity"": 0.0, ""snr"": 0.0}, {""x"": 2.5910139083862305, ""y"": 4.264175891876221, ""z"": 0.0, ""velocity"": 0.0, ""snr"": 0.0}, {""x"": 1.5898346900939941, ""y"": 2.037227153778076, ""z"": 0.0, ""velocity"": 0.0, ""snr"": 0.0}, {""x"": 1.742541790008545, ""y"": 1.9168853759765625, ""z"": 0.0, ""velocity"": 0.0, ""snr"": 0.0}, {""x"": 1.896679401397705, ""y"": 2.0347237586975098, ""z"": 0.0, ""velocity"": 0.0, ""snr"": 0.0}]",null,0.0
0,0.8,19,"[{""x"": -0.7529854774475098, ""y"": 2.010941505432129, ""z"": 0.0, ""velocity"": 0.0, ""snr"": 0.0}, {""x"": -0.9253621101379395, ""y"": 1.9737482070922852, ""z"": 0.0, ""velocity"": 0.0, ""snr"": 0.0}, {""x"": -0.2410411834716797, ""y"": 1.0596513748168945, ""z"": 0.0, ""velocity"": 0.0, ""snr"": 0.0}, {""x"": -0.2542734146118164, ""y"": 1.0980963706970215, ""z"": 0.0, ""velocity"": 0.0, ""snr"": 0.0}, {""x"": -0.4901289939880371, ""y"": 2.056002616882324, ""z"": 0.0, ""velocity"": 0.0, ""snr"": 0.0}, {""x"": -0.11408329010009766, ""y"": 0.9934902191162109, ""z"": 0.0, ""velocity"": 0.0, ""snr"": 0.0}, {""x"": -0.17130374908447266, ""y"": 1.1919736862182617, ""z"": 0.0, ""velocity"": 0.0, ""snr"": 0.0}, {""x"": -0.1577138900756836, ""y"": 1.2416839599609375, ""z"": 0.0, ""velocity"": 0.0, ""snr"": 0.0}, {""x"": -0.14841556549072266, ""y"": 1.2561678886413574, ""z"": 0.0, ""velocity"": 0.0, ""snr"": 0.0}, {""x"": -0.12552738189697266, ""y"": 1.2790560722351074, ""z"": 0.0, ""velocity"": 0.0, ""snr"": 0.0}, {""x"": 0.05060434341430664, ""y"": 2.0261406898498535, ""z"": 0.0, ""velocity"": 0.0, ""snr"": 0.0}, {""x"": -0.1278519630432129, ""y"": 2.051711082458496, ""z"": 0.0, ""velocity"": 0.0, ""snr"": 0.0}, {""x"": 0.09888410568237305, ""y"": 0.6389021873474121, ""z"": 0.0, ""velocity"": 0.0, ""snr"": 0.0}, {""x"": 0.10925531387329102, ""y"": 0.6442666053771973, ""z"": 0.0, ""velocity"": 0.0, ""snr"": 0.0}, {""x"": 0.12534856796264648, ""y"": 0.6667971611022949, ""z"": 0.0, ""velocity"": 0.0, ""snr"": 0.0}, {""x"": 2.488553524017334, ""y"": 4.324793815612793, ""z"": 0.0, ""velocity"": 0.0, ""snr"": 0.0}, {""x"": 1.5165209770202637, ""y"": 2.0915865898132324, ""z"": 0.0, ""velocity"": 0.0, ""snr"": 0.0}, {""x"": 1.6867518424987793, ""y"": 1.9617676734924316, ""z"": 0.0, ""velocity"": 0.0, ""snr"": 0.0}, {""x"": 1.82265043258667, ""y"": 2.103745937347412, ""z"": 0.0, ""velocity"": 0.0, ""snr"": 0.0}]",null,0.0
1,0.8,19,"[{""x"": -0.9986758232116699, ""y"": 1.9379854202270508, ""z"": 0.0, ""velocity"": 0.0, ""snr"": 0.0}, {""x"": -0.3440380096435547, ""y"": 1.0292530059814453, ""z"": 0.0, ""velocity"": 0.0, ""snr"": 0.0}, {""x"": -0.8490085601806641, ""y"": 1.970529556274414, ""z"": 0.0, ""velocity"": 0.0, ""snr"": 0.0}, {""x"": -0.5021095275878906, ""y"": 2.0458102226257324, ""z"": 0.0, ""velocity"": 0.0, ""snr"": 0.0}, {""x"": -0.13500452041625977, ""y"": 1.0437369346618652, ""z"": 0.0, ""velocity"": 0.0, ""snr"": 0.0}, {""x"": -0.1062154769897461, ""y"": 1.2001991271972656, ""z"": 0.0, ""velocity"": 0.0, ""snr"": 0.0}, {""x"": -0.13428926467895508, ""y"": 1.2491941452026367, ""z"": 0.0, ""velocity"": 0.0, ""snr"": 0.0}, {""x"": -0.11068582534790039, ""y"": 1.2595653533935547, ""z"": 0.0, ""velocity"": 0.0, ""snr"": 0.0}, {""x"": -0.08654594421386719, ""y"": 1.2799501419067383, ""z"": 0.0, ""velocity"": 0.0, ""snr"": 0.0}, {""x"": 0.0171661376953125, ""y"": 1.0181665420532227, ""z"": 0.0, ""velocity"": 0.0, ""snr"": 0.0}, {""x"": 0.06079673767089844, ""y"": 2.0343661308288574, ""z"": 0.0, ""velocity"": 0.0, ""snr"": 0.0}, {""x"": -0.004291534423828125, ""y"": 2.0533204078674316, ""z"": 0.0, ""velocity"": 0.0, ""snr"": 0.0}, {""x"": 0.13375282287597656, ""y"": 0.6982684135437012, ""z"": 0.0, ""velocity"": 0.0, ""snr"": 0.0}, {""x"": 0.1373291015625, ""y"": 0.7034540176391602, ""z"": 0.0, ""velocity"": 0.0, ""snr"": 0.0}, {""x"": 0.1430511474609375, ""y"": 0.7163286209106445, ""z"": 0.0, ""velocity"": 0.0, ""snr"": 0.0}, {""x"": 2.495706081390381, ""y"": 4.320681095123291, ""z"": 0.0, ""velocity"": 0.0, ""snr"": 0.0}, {""x"": 1.7234086990356445, ""y"": 1.9290447235107422, ""z"": 0.0, ""velocity"": 0.0, ""snr"": 0.0}, {""x"": 1.9009709358215332, ""y"": 2.0386576652526855, ""z"": 0.0, ""velocity"": 0.0, ""snr"": 0.0}, {""x"": 1.9224286079406738, ""y"": 2.0461678504943848, ""z"": 0.0, ""velocity"": 0.0, ""snr"": 0.0}]",null,0.0
2,0.8,21,"[{""x"": -0.6753802299499512, ""y"": 0.8899569511413574, ""z"": 0.0, ""velocity"": 0.0, ""snr"": 0.0}, {""x"": -0.8261203765869141, ""y"": 1.981973648071289, ""z"": 0.0, ""velocity"": 0.0, ""snr"": 0.0}, {""x"": -0.9278655052185059, ""y"": 1.9717812538146973, ""z"": 0.0, ""velocity"": 0.0, ""snr"": 0.0}, {""x"": -0.502467155456543, ""y"": 2.0477771759033203, ""z"": 0.0, ""velocity"": 0.0, ""snr"": 0.0}, {""x"": -0.11926889419555664, ""y"": 0.9589791297912598, ""z"": 0.0, ""velocity"": 0.0, ""snr"": 0.0}, {""x"": -0.125885009765625, ""y"": 0.983119010925293, ""z"": 0.0, ""velocity"": 0.0, ""snr"": 0.0}, {""x"": -0.11676549911499023, ""y"": 0.9950995445251465, ""z"": 0.0, ""velocity"": 0.0, ""snr"": 0.0}, {""x"": -0.20009279251098633, ""y"": 1.1944770812988281, ""z"": 0.0, ""velocity"": 0.0, ""snr"": 0.0}, {""x"": -0.12695789337158203, ""y"": 1.2483000755310059, ""z"": 0.0, ""velocity"": 0.0, ""snr"": 0.0}, {""x"": -0.10728836059570312, ""y"": 1.2615323066711426, ""z"": 0.0, ""velocity"": 0.0, ""snr"": 0.0}, {""x"": -0.05918741226196289, ""y"": 1.2822747230529785, ""z"": 0.0, ""velocity"": 0.0, ""snr"": 0.0}, {""x"": 0.06794929504394531, ""y"": 2.029895782470703, ""z"": 0.0, ""velocity"": 0.0, ""snr"": 0.0}, {""x"": 0.04309415817260742, ""y"": 2.0488500595092773, ""z"": 0.0, ""velocity"": 0.0, ""snr"": 0.0}, {""x"": 0.13768672943115234, ""y"": 0.7506608963012695, ""z"": 0.0, ""velocity"": 0.0, ""snr"": 0.0}, {""x"": 0.10961294174194336, ""y"": 0.7699728012084961, ""z"": 0.0, ""velocity"": 0.0, ""snr"": 0.0}, {""x"": 0.08296966552734375, ""y"": 0.7866024971008301, ""z"": 0.0, ""velocity"": 0.0, ""snr"": 0.0}, {""x"": 0.07814168930053711, ""y"": 0.8423924446105957, ""z"": 0.0, ""velocity"": 0.0, ""snr"": 0.0}, {""x"": 0.07903575897216797, ""y"": 1.049637794494629, ""z"": 0.0, ""velocity"": 0.0, ""snr"": 0.0}, {""x"": 0.06812810897827148, ""y"": 1.080930233001709, ""z"": 0.0, ""velocity"": 0.0, ""snr"": 0.0}, {""x"": 2.6797056198120117, ""y"": 4.20910120010376, ""z"": 0.0, ""velocity"": 0.0, ""snr"": 0.0}, {""x"": 1.9510388374328613, ""y"": 1.9812583923339844, ""z"": 0.0, ""velocity"": 0.0, ""snr"": 0.0}]",null,0.0
3,0.8,20,"[{""x"": -1.0017156600952148, ""y"": 1.9356608390808105, ""z"": 0.0, ""velocity"": 0.0, ""snr"": 0.0}, {""x"": -0.8366703987121582, ""y"": 1.9782185554504395, ""z"": 0.0, ""velocity"": 0.0, ""snr"": 0.0}, {""x"": -0.21207332611083984, ""y"": 1.0524988174438477, ""z"": 0.0, ""velocity"": 0.0, ""snr"": 0.0}, {""x"": -0.4997849464416504, ""y"": 2.0520687103271484, ""z"": 0.0, ""velocity"": 0.0, ""snr"": 0.0}, {""x"": -0.17631053924560547, ""y"": 1.2157559394836426, ""z"": 0.0, ""velocity"": 0.0, ""snr"": 0.0}, {""x"": -0.12123584747314453, ""y"": 1.2549161911010742, ""z"": 0.0, ""velocity"": 0.0, ""snr"": 0.0}, {""x"": -0.11301040649414062, ""y"": 1.2613534927368164, ""z"": 0.0, ""velocity"": 0.0, ""snr"": 0.0}, {""x"": -0.13500452041625977, ""y"": 1.270294189453125, ""z"": 0.0, ""velocity"": 0.0, ""snr"": 0.0}, {""x"": -0.002682209014892578, ""y"": 0.9647011756896973, ""z"": 0.0, ""velocity"": 0.0, ""snr"": 0.0}, {""x"": -0.027358531951904297, ""y"": 1.0235309600830078, ""z"": 0.0, ""velocity"": 0.0, ""snr"": 0.0}, {""x"": 0.10138750076293945, ""y"": 2.029895782470703, ""z"": 0.0, ""velocity"": 0.0, ""snr"": 0.0}, {""x"": 0.11461973190307617, ""y"": 2.049386501312256, ""z"": 0.0, ""velocity"": 0.0, ""snr"": 0.0}, {""x"": 0.13107061386108398, ""y"": 0.7739067077636719, ""z"": 0.0, ""velocity"": 0.0, ""snr"": 0.0}, {""x"": 0.08279085159301758, ""y"": 0.8234381675720215, ""z"": 0.0, ""velocity"": 0.0, ""snr"": 0.0}, {""x"": 0.09942054748535156, ""y"": 0.836491584777832, ""z"": 0.0, ""velocity"": 0.0, ""snr"": 0.0}, {""x"": 0.10532140731811523, ""y"": 0.8393526077270508, ""z"": 0.0, ""velocity"": 0.0, ""snr"": 0.0}, {""x"": 0.1062154769897461, ""y"": 0.8670687675476074, ""z"": 0.0, ""velocity"": 0.0, ""snr"": 0.0}, {""x"": 2.500176429748535, ""y"": 4.317998886108398, ""z"": 0.0, ""velocity"": 0.0, ""snr"": 0.0}, {""x"": 1.8419623374938965, ""y"": 2.057969570159912, ""z"": 0.0, ""velocity"": 0.0, ""snr"": 0.0}, {""x"": 1.919388771057129, ""y"": 2.015054225921631, ""z"": 0.0, ""velocity"": 0.0, ""snr"": 0.0}]",null,0.0
4,0.8,20,"[{""x"": -0.7699728012084961, ""y"": 2.007901668548584, ""z"": 0.0, ""velocity"": 0.0, ""snr"": 0.0}, {""x"": -0.914454460144043, ""y"": 1.979827880859375, ""z"": 0.0, ""velocity"": 0.0, ""snr"": 0.0}, {""x"": -0.19687414169311523, ""y"": 0.9795427322387695, ""z"": 0.0, ""velocity"": 0.0, ""snr"": 0.0}, {""x"": -0.26786327362060547, ""y"": 0.9942054748535156, ""z"": 0.0, ""velocity"": 0.0, ""snr"": 0.0}, {""x"": -0.08922815322875977, ""y"": 0.9577274322509766, ""z"": 0.0, ""velocity"": 0.0, ""snr"": 0.0}, {""x"": -0.15109777450561523, ""y"": 1.1220574378967285, ""z"": 0.0, ""velocity"": 0.0, ""snr"": 0.0}, {""x"": -0.1398324966430664, ""y"": 1.2073516845703125, ""z"": 0.0, ""velocity"": 0.0, ""snr"": 0.0}, {""x"": -0.10889768600463867, ""y"": 1.256704330444336, ""z"": 0.0, ""velocity"": 0.0, ""snr"": 0.0}, {""x"": -0.3764033317565918, ""y"": 2.067267894744873, ""z"": 0.0, ""velocity"": 0.0, ""snr"": 0.0}, {""x"": -0.07849931716918945, ""y"": 1.2658238410949707, ""z"": 0.0, ""velocity"": 0.0, ""snr"": 0.0}, {""x"": -0.05078315734863281, ""y"": 1.278519630432129, ""z"": 0.0, ""velocity"": 0.0, ""snr"": 0.0}, {""x"": 0.11014938354492188, ""y"": 2.0552873611450195, ""z"": 0.0, ""velocity"": 0.0, ""snr"": 0.0}, {""x"": 0.08636713027954102, ""y"": 0.8252263069152832, ""z"": 0.0, ""velocity"": 0.0, ""snr"": 0.0}, {""x"": 0.08386373519897461, ""y"": 0.8642077445983887, ""z"": 0.0, ""velocity"": 0.0, ""snr"": 0.0}, {""x"": 0.08958578109741211, ""y"": 0.8710026741027832, ""z"": 0.0, ""velocity"": 0.0, ""snr"": 0.0}, {""x"": 0.11229515075683594, ""y"": 0.8881688117980957, ""z"": 0.0, ""velocity"": 0.0, ""snr"": 0.0}, {""x"": 0.12820959091186523, ""y"": 2.031862735748291, ""z"": 0.0, ""velocity"": 0.0, ""snr"": 0.0}, {""x"": 2.5200247764587402, ""y"": 4.306554794311523, ""z"": 0.0, ""velocity"": 0.0, ""snr"": 0.0}, {""x"": 1.8365979194641113, ""y"": 2.058684825897217, ""z"": 0.0, ""velocity"": 0.0, ""snr"": 0.0}, {""x"": 1.9045472145080566, ""y"": 2.0229220390319824, ""z"": 0.0, ""velocity"": 0.0, ""snr"": 0.0}]",null,0.0
5,0.8,18,"[{""x"": -0.9670257568359375, ""y"": 1.9556879997253418, ""z"": 0.0, ""velocity"": 0.0, ""snr"": 0.0}, {""x"": -0.7680058479309082, ""y"": 2.0086169242858887, ""z"": 0.0, ""velocity"": 0.0, ""snr"": 0.0}, {""x"": -0.19061565399169922, ""y"": 0.9680986404418945, ""z"": 0.0, ""velocity"": 0.0, ""snr"": 0.0}, {""x"": -0.07724761962890625, ""y"": 1.2230873107910156, ""z"": 0.0, ""velocity"": 0.0, ""snr"": 0.0}, {""x"": -0.13715028762817383, ""y"": 1.252591609954834, ""z"": 0.0, ""velocity"": 0.0, ""snr"": 0.0}, {""x"": -0.13393163681030273, ""y"": 1.2549161911010742, ""z"": 0.0, ""velocity"": 0.0, ""snr"": 0.0}, {""x"": -0.13965368270874023, ""y"": 1.2676119804382324, ""z"": 0.0, ""velocity"": 0.0, ""snr"": 0.0}, {""x"": 0.021457672119140625, ""y"": 0.9351968765258789, ""z"": 0.0, ""velocity"": 0.0, ""snr"": 0.0}, {""x"": -0.07814168930053711, ""y"": 2.086043357849121, ""z"": 0.0, ""velocity"": 0.0, ""snr"": 0.0}, {""x"": 0.08171796798706055, ""y"": 0.8735060691833496, ""z"": 0.0, ""velocity"": 0.0, ""snr"": 0.0}, {""x"": 0.0940561294555664, ""y"": 0.9049773216247559, ""z"": 0.0, ""velocity"": 0.0, ""snr"": 0.0}, {""x"": 0.08797645568847656, ""y"": 0.91552734375, ""z"": 0.0, ""velocity"": 0.0, ""snr"": 0.0}, {""x"": 0.15360116958618164, ""y"": 1.072525978088379, ""z"": 0.0, ""velocity"": 0.0, ""snr"": 0.0}, {""x"": 0.2136826515197754, ""y"": 2.0259618759155273, ""z"": 0.0, ""velocity"": 0.0, ""snr"": 0.0}, {""x"": 0.19937753677368164, ""y"": 2.047598361968994, ""z"": 0.0, ""velocity"": 0.0, ""snr"": 0.0}, {""x"": 0.25159120559692383, ""y"": 1.0312199592590332, ""z"": 0.0, ""velocity"": 0.0, ""snr"": 0.0}, {""x"": 2.574920654296875, ""y"": 4.273831844329834, ""z"": 0.0, ""velocity"": 0.0, ""snr"": 0.0}, {""x"": 1.9095540046691895, ""y"": 2.0179152488708496, ""z"": 0.0, ""velocity"": 0.0, ""snr"": 0.0}]",null,0.6174784289946944
6,0.8,18,"[{""x"": -1.0083317756652832, ""y"": 1.931905746459961, ""z"": 0.0, ""velocity"": 0.0, ""snr"": 0.0}, {""x"": -0.8672475814819336, ""y"": 1.936197280883789, ""z"": 0.0, ""velocity"": 0.0, ""snr"": 0.0}, {""x"": -0.9241104125976562, ""y"": 1.9431710243225098, ""z"": 0.0, ""velocity"": 0.0, ""snr"": 0.0}, {""x"": -0.2555251121520996, ""y"": 0.9866952896118164, ""z"": 0.0, ""velocity"": 0.0, ""snr"": 0.0}, {""x"": -0.16236305236816406, ""y"": 0.980079174041748, ""z"": 0.0, ""velocity"": 0.0, ""snr"": 0.0}, {""x"": -0.17684698104858398, ""y"": 0.9845495223999023, ""z"": 0.0, ""velocity"": 0.0, ""snr"": 0.0}, {""x"": -0.19419193267822266, ""y"": 1.1331439018249512, ""z"": 0.0, ""velocity"": 0.0, ""snr"": 0.0}, {""x"": -0.19294023513793945, ""y"": 1.2009143829345703, ""z"": 0.0, ""velocity"": 0.0, ""snr"": 0.0}, {""x"": -0.12177228927612305, ""y"": 1.253664493560791, ""z"": 0.0, ""velocity"": 0.0, ""snr"": 0.0}, {""x"": -0.09548664093017578, ""y"": 1.2634992599487305, ""z"": 0.0, ""velocity"": 0.0, ""snr"": 0.0}, {""x"": -0.08958578109741211, ""y"": 1.2831687927246094, ""z"": 0.0, ""velocity"": 0.0, ""snr"": 0.0}, {""x"": 0.15628337860107422, ""y"": 2.013087272644043, ""z"": 0.0, ""velocity"": 0.0, ""snr"": 0.0}, {""x"": 0.21708011627197266, ""y"": 0.5156993865966797, ""z"": 0.0, ""velocity"": 0.0, ""snr"": 0.0}, {""x"": 1.5034675598144531, ""y"": 2.100527286529541, ""z"": 0.0, ""velocity"": 0.0, ""snr"": 0.0}, {""x"": 1.6277432441711426, ""y"": 2.0188093185424805, ""z"": 0.0, ""velocity"": 0.0, ""snr"": 0.0}, {""x"": 1.8562674522399902, ""y"": 2.048492431640625, ""z"": 0.0, ""velocity"": 0.0, ""snr"": 0.0}, {""x"": 1.794755458831787, ""y"": 2.129673957824707, ""z"": 0.0, ""velocity"": 0.0, ""snr"": 0.0}, {""x"": 1.8365979194641113, ""y"": 2.1167993545532227, ""z"": 0.0, ""velocity"": 0.0, ""snr"": 0.0}]",null,0.3271689717890219
7,0.8,18,"[{""x"": -1.023709774017334, ""y"": 1.9224286079406738, ""z"": 0.0, ""velocity"": 0.0, ""snr"": 0.0}, {""x"": -0.8826255798339844, ""y"": 1.9261837005615234, ""z"": 0.0, ""velocity"": 0.0, ""snr"": 0.0}, {""x"": -0.9391307830810547, ""y"": 1.935124397277832, ""z"": 0.0, ""velocity"": 0.0, ""snr"": 0.0}, {""x"": -0.25266408920288086, ""y"": 1.042485237121582, ""z"": 0.0, ""velocity"": 0.0, ""snr"": 0.0}, {""x"": -0.2295970916748047, ""y"": 1.1025667190551758, ""z"": 0.0, ""velocity"": 0.0, ""snr"": 0.0}, {""x"": -0.15628337860107422, ""y"": 0.9618401527404785, ""z"": 0.0, ""velocity"": 0.0, ""snr"": 0.0}, {""x"": -0.14609098434448242, ""y"": 0.9854435920715332, ""z"": 0.0, ""velocity"": 0.0, ""snr"": 0.0}, {""x"": -0.15038251876831055, ""y"": 0.995635986328125, ""z"": 0.0, ""velocity"": 0.0, ""snr"": 0.0}, {""x"": -0.17470121383666992, ""y"": 1.015305519104004, ""z"": 0.0, ""velocity"": 0.0, ""snr"": 0.0}, {""x"": -0.13750791549682617, ""y"": 1.198410987854004, ""z"": 0.0, ""velocity"": 0.0, ""snr"": 0.0}, {""x"": -0.11229515075683594, ""y"": 1.245439052581787, ""z"": 0.0, ""velocity"": 0.0, ""snr"": 0.0}, {""x"": -0.08565187454223633, ""y"": 1.2606382369995117, ""z"": 0.0, ""velocity"": 0.0, ""snr"": 0.0}, {""x"": -0.06008148193359375, ""y"": 1.2840628623962402, ""z"": 0.0, ""velocity"": 0.0, ""snr"": 0.0}, {""x"": 2.618730068206787, ""y"": 4.247188568115234, ""z"": 0.0, ""velocity"": 0.0, ""snr"": 0.0}, {""x"": 1.5601515769958496, ""y"": 2.058684825897217, ""z"": 0.0, ""velocity"": 0.0, ""snr"": 0.0}, {""x"": 1.709282398223877, ""y"": 1.946568489074707, ""z"": 0.0, ""velocity"": 0.0, ""snr"": 0.0}, {""x"": 1.7969012260437012, ""y"": 2.095341682434082, ""z"": 0.0, ""velocity"": 0.0, ""snr"": 0.0}, {""x"": 1.7933249473571777, ""y"": 2.125382423400879, ""z"": 0.0, ""velocity"": 0.0, ""snr"": 0.0}]",null,0.3121813216221552
8,0.8,16,"[{""x"": -0.6433725357055664, ""y"": 0.8518695831298828, ""z"": 0.0, ""velocity"": 0.0, ""snr"": 0.0}, {""x"": -0.9829401969909668, ""y"": 1.9481778144836426, ""z"": 0.0, ""velocity"": 0.0, ""snr"": 0.0}, {""x"": -0.8211135864257812, ""y"": 1.9565820693969727, ""z"": 0.0, ""velocity"": 0.0, ""snr"": 0.0}, {""x"": -0.9132027626037598, ""y"": 1.9512176513671875, ""z"": 0.0, ""velocity"": 0.0, ""snr"": 0.0}, {""x"": -0.09012222290039062, ""y"": 0.9695291519165039, ""z"": 0.0, ""velocity"": 0.0, ""snr"": 0.0}, {""x"": -0.10639429092407227, ""y"": 0.9868741035461426, ""z"": 0.0, ""velocity"": 0.0, ""snr"": 0.0}, {""x"": -0.10675191879272461, ""y"": 0.9890198707580566, ""z"": 0.0, ""velocity"": 0.0, ""snr"": 0.0}, {""x"": -0.07778406143188477, ""y"": 1.0031461715698242, ""z"": 0.0, ""velocity"": 0.0, ""snr"": 0.0}, {""x"": -0.12803077697753906, ""y"": 1.219332218170166, ""z"": 0.0, ""velocity"": 0.0, ""snr"": 0.0}, {""x"": -0.1226663589477539, ""y"": 1.246333122253418, ""z"": 0.0, ""velocity"": 0.0, ""snr"": 0.0}, {""x"": -0.10675191879272461, ""y"": 1.2579560279846191, ""z"": 0.0, ""velocity"": 0.0, ""snr"": 0.0}, {""x"": 1.51902437210083, ""y"": 2.090334892272949, ""z"": 0.0, ""velocity"": 0.0, ""snr"": 0.0}, {""x"": 1.584470272064209, ""y"": 2.0518898963928223, ""z"": 0.0, ""velocity"": 0.0, ""snr"": 0.0}, {""x"": 1.867532730102539, ""y"": 2.035081386566162, ""z"": 0.0, ""velocity"": 0.0, ""snr"": 0.0}, {""x"": 1.8117427825927734, ""y"": 2.113223075866699, ""z"": 0.0, ""velocity"": 0.0, ""snr"": 0.0}, {""x"": 1.8754005432128906, ""y"": 2.08282470703125, ""z"": 0.0, ""velocity"": 0.0, ""snr"": 0.0}]",null,0.0
9,0.8,15,"[{""x"": -0.9700655937194824, ""y"": 1.9544363021850586, ""z"": 0.0, ""velocity"": 0.0, ""snr"": 0.0}, {""x"": -0.7266998291015625, ""y"": 2.0002126693725586, ""z"": 0.0, ""velocity"": 0.0, ""snr"": 0.0}, {""x"": -0.8647441864013672, ""y"": 1.9733905792236328, ""z"": 0.0, ""velocity"": 0.0, ""snr"": 0.0}, {""x"": -0.3281235694885254, ""y"": 1.0069012641906738, ""z"": 0.0, ""velocity"": 0.0, ""snr"": 0.0}, {""x"": -0.10210275650024414, ""y"": 0.9899139404296875, ""z"": 0.0, ""velocity"": 0.0, ""snr"": 0.0}, {""x"": -0.1316070556640625, ""y"": 1.000821590423584, ""z"": 0.0, ""velocity"": 0.0, ""snr"": 0.0}, {""x"": -0.18578767776489258, ""y"": 1.0099411010742188, ""z"": 0.0, ""velocity"": 0.0, ""snr"": 0.0}, {""x"": -0.18131732940673828, ""y"": 1.2012720108032227, ""z"": 0.0, ""velocity"": 0.0, ""snr"": 0.0}, {""x"": -0.1176595687866211, ""y"": 1.2479424476623535, ""z"": 0.0, ""velocity"": 0.0, ""snr"": 0.0}, {""x"": -0.1176595687866211, ""y"": 1.2540221214294434, ""z"": 0.0, ""velocity"": 0.0, ""snr"": 0.0}, {""x"": 2.678096294403076, ""y"": 4.209995269775391, ""z"": 0.0, ""velocity"": 0.0, ""snr"": 0.0}, {""x"": 1.5236735343933105, ""y"": 2.085864543914795, ""z"": 0.0, ""velocity"": 0.0, ""snr"": 0.0}, {""x"": 1.609504222869873, ""y"": 2.0325779914855957, ""z"": 0.0, ""velocity"": 0.0, ""snr"": 0.0}, {""x"": 1.9095540046691895, ""y"": 2.03096866607666, ""z"": 0.0, ""velocity"": 0.0, ""snr"": 0.0}, {""x"": 1.9040107727050781, ""y"": 2.063870429992676, ""z"": 0.0, ""velocity"": 0.0, ""snr"": 0.0}]",null,0.0
10,0.8,18,"[{""x"": -1.049816608428955, ""y"": 1.9120573997497559, ""z"": 0.0, ""velocity"": 0.0, ""snr"": 0.0}, {""x"": -0.45883655548095703, ""y"": 0.9530782699584961, ""z"": 0.0, ""velocity"": 0.0, ""snr"": 0.0}, {""x"": -0.6957650184631348, ""y"": 2.0075440406799316, ""z"": 0.0, ""velocity"": 0.0, ""snr"": 0.0}, {""x"": -0.8887052536010742, ""y"": 1.9603371620178223, ""z"": 0.0, ""velocity"": 0.0, ""snr"": 0.0}, {""x"": -0.19544363021850586, ""y"": 1.0085105895996094, ""z"": 0.0, ""velocity"": 0.0, ""snr"": 0.0}, {""x"": -0.0813603401184082, ""y"": 0.994563102722168, ""z"": 0.0, ""velocity"": 0.0, ""snr"": 0.0}, {""x"": -0.11533498764038086, ""y"": 1.0047554969787598, ""z"": 0.0, ""velocity"": 0.0, ""snr"": 0.0}, {""x"": -0.1410841941833496, ""y"": 1.2107491493225098, ""z"": 0.0, ""velocity"": 0.0, ""snr"": 0.0}, {""x"": -0.12427568435668945, ""y"": 1.2465119361877441, ""z"": 0.0, ""velocity"": 0.0, ""snr"": 0.0}, {""x"": -0.11104345321655273, ""y"": 1.25885009765625, ""z"": 0.0, ""velocity"": 0.0, ""snr"": 0.0}, {""x"": -0.1303553581237793, ""y"": 1.2790560722351074, ""z"": 0.0, ""velocity"": 0.0, ""snr"": 0.0}, {""x"": 0.18292665481567383, ""y"": 2.018094062805176, ""z"": 0.0, ""velocity"": 0.0, ""snr"": 0.0}, {""x"": 0.22548437118530273, ""y"": 2.024531364440918, ""z"": 0.0, ""velocity"": 0.0, ""snr"": 0.0}, {""x"": 2.688109874725342, ""y"": 4.203557968139648, ""z"": 0.0, ""velocity"": 0.0, ""snr"": 0.0}, {""x"": 1.5780329704284668, ""y"": 2.0450949668884277, ""z"": 0.0, ""velocity"": 0.0, ""snr"": 0.0}, {""x"": 1.6071796417236328, ""y"": 2.0332932472229004, ""z"": 0.0, ""velocity"": 0.0, ""snr"": 0.0}, {""x"": 1.895606517791748, ""y"": 2.0438432693481445, ""z"": 0.0, ""velocity"": 0.0, ""snr"": 0.0}, {""x"": 1.8922090530395508, ""y"": 2.07442045211792, ""z"": 0.0, ""velocity"": 0.0, ""snr"": 0.0}]",null,0.32561142543623256
0,0.8,18,"[{""x"": -0.9920597076416016, ""y"": 1.915276050567627, ""z"": 0.0, ""velocity"": 0.0, ""snr"": 0.0}, {""x"": -0.9591579437255859, ""y"": 1.9744634628295898, ""z"": 0.0, ""velocity"": 0.0, ""snr"": 0.0}, {""x"": -0.13267993927001953, ""y"": 0.8534789085388184, ""z"": 0.0, ""velocity"": 0.0, ""snr"": 0.0}, {""x"": -0.1537799835205078, ""y"": 0.857234001159668, ""z"": 0.0, ""velocity"": 0.0, ""snr"": 0.0}, {""x"": -0.15395879745483398, ""y"": 0.8647441864013672, ""z"": 0.0, ""velocity"": 0.0, ""snr"": 0.0}, {""x"": -0.12320280075073242, ""y"": 1.221299171447754, ""z"": 0.0, ""velocity"": 0.0, ""snr"": 0.0}, {""x"": -0.10192394256591797, ""y"": 1.2499094009399414, ""z"": 0.0, ""velocity"": 0.0, ""snr"": 0.0}, {""x"": -0.12248754501342773, ""y"": 1.2570619583129883, ""z"": 0.0, ""velocity"": 0.0, ""snr"": 0.0}, {""x"": -0.1525282859802246, ""y"": 1.272439956665039, ""z"": 0.0, ""velocity"": 0.0, ""snr"": 0.0}, {""x"": 0.022351741790771484, ""y"": 0.8130669593811035, ""z"": 0.0, ""velocity"": 0.0, ""snr"": 0.0}, {""x"": -0.0021457672119140625, ""y"": 2.0363330841064453, ""z"": 0.0, ""velocity"": 0.0, ""snr"": 0.0}, {""x"": 0.06079673767089844, ""y"": 2.0427703857421875, ""z"": 0.0, ""velocity"": 0.0, ""snr"": 0.0}, {""x"": 0.34224987030029297, ""y"": 2.0468831062316895, ""z"": 0.0, ""velocity"": 0.0, ""snr"": 0.0}, {""x"": 0.1754164695739746, ""y"": 0.6381869316101074, ""z"": 0.0, ""velocity"": 0.0, ""snr"": 0.0}, {""x"": 0.15217065811157227, ""y"": 0.6796717643737793, ""z"": 0.0, ""velocity"": 0.0, ""snr"": 0.0}, {""x"": 2.481400966644287, ""y"": 4.328906536102295, ""z"": 0.0, ""velocity"": 0.0, ""snr"": 0.0}, {""x"": 1.7412900924682617, ""y"": 2.1405816078186035, ""z"": 0.0, ""velocity"": 0.0, ""snr"": 0.0}, {""x"": 1.821577548980713, ""y"": 2.100527286529541, ""z"": 0.0, ""velocity"": 0.0, ""snr"": 0.0}]",null,0.0
1,0.8,18,"[{""x"": -0.8715391159057617, ""y"": 1.9834041595458984, ""z"": 0.0, ""velocity"": 0.0, ""snr"": 0.0}, {""x"": -0.8652806282043457, ""y"": 2.018094062805176, ""z"": 0.0, ""velocity"": 0.0, ""snr"": 0.0}, {""x"": -0.17434358596801758, ""y"": 0.8420348167419434, ""z"": 0.0, ""velocity"": 0.0, ""snr"": 0.0}, {""x"": -0.21797418594360352, ""y"": 0.8393526077270508, ""z"": 0.0, ""velocity"": 0.0, ""snr"": 0.0}, {""x"": -0.12981891632080078, ""y"": 1.1646151542663574, ""z"": 0.0, ""velocity"": 0.0, ""snr"": 0.0}, {""x"": -0.15109777450561523, ""y"": 1.2094974517822266, ""z"": 0.0, ""velocity"": 0.0, ""snr"": 0.0}, {""x"": -0.14537572860717773, ""y"": 1.241147518157959, ""z"": 0.0, ""velocity"": 0.0, ""snr"": 0.0}, {""x"": -0.13697147369384766, ""y"": 1.255810260772705, ""z"": 0.0, ""velocity"": 0.0, ""snr"": 0.0}, {""x"": -0.16057491302490234, ""y"": 1.267075538635254, ""z"": 0.0, ""velocity"": 0.0, ""snr"": 0.0}, {""x"": 0.035762786865234375, ""y"": 0.6748437881469727, ""z"": 0.0, ""velocity"": 0.0, ""snr"": 0.0}, {""x"": 0.06955862045288086, ""y"": 2.0345449447631836, ""z"": 0.0, ""velocity"": 0.0, ""snr"": 0.0}, {""x"": 0.08726119995117188, ""y"": 2.040088176727295, ""z"": 0.0, ""velocity"": 0.0, ""snr"": 0.0}, {""x"": 0.09870529174804688, ""y"": 0.6848573684692383, ""z"": 0.0, ""velocity"": 0.0, ""snr"": 0.0}, {""x"": 0.20331144332885742, ""y"": 0.6857514381408691, ""z"": 0.0, ""velocity"": 0.0, ""snr"": 0.0}, {""x"": 0.2428293228149414, ""y"": 0.7072091102600098, ""z"": 0.0, ""velocity"": 0.0, ""snr"": 0.0}, {""x"": 2.5420188903808594, ""y"": 4.293501377105713, ""z"": 0.0, ""velocity"": 0.0, ""snr"": 0.0}, {""x"": 1.7942190170288086, ""y"": 2.0978450775146484, ""z"": 0.0, ""velocity"": 0.0, ""snr"": 0.0}, {""x"": 1.861274242401123, ""y"": 2.0669102668762207, ""z"": 0.0, ""velocity"": 0.0, ""snr"": 0.0}]",null,0.0
2,0.8,20,"[{""x"": -0.760495662689209, ""y"": 2.0145177841186523, ""z"": 0.0, ""velocity"": 0.0, ""snr"": 0.0}, {""x"": -0.822901725769043, ""y"": 2.032041549682617, ""z"": 0.0, ""velocity"": 0.0, ""snr"": 0.0}, {""x"": -0.18149614334106445, ""y"": 0.8574128150939941, ""z"": 0.0, ""velocity"": 0.0, ""snr"": 0.0}, {""x"": -0.22226572036743164, ""y"": 0.8600950241088867, ""z"": 0.0, ""velocity"": 0.0, ""snr"": 0.0}, {""x"": -0.2544522285461426, ""y"": 1.1388659477233887, ""z"": 0.0, ""velocity"": 0.0, ""snr"": 0.0}, {""x"": -0.41538476943969727, ""y"": 2.038121223449707, ""z"": 0.0, ""velocity"": 0.0, ""snr"": 0.0}, {""x"": -0.1480579376220703, ""y"": 0.8538365364074707, ""z"": 0.0, ""velocity"": 0.0, ""snr"": 0.0}, {""x"": -0.18972158432006836, ""y"": 1.2107491493225098, ""z"": 0.0, ""velocity"": 0.0, ""snr"": 0.0}, {""x"": -0.13697147369384766, ""y"": 1.2450814247131348, ""z"": 0.0, ""velocity"": 0.0, ""snr"": 0.0}, {""x"": -0.12552738189697266, ""y"": 1.2552738189697266, ""z"": 0.0, ""velocity"": 0.0, ""snr"": 0.0}, {""x"": -0.10210275650024414, ""y"": 1.2711882591247559, ""z"": 0.0, ""velocity"": 0.0, ""snr"": 0.0}, {""x"": -0.15789270401000977, ""y"": 2.0293593406677246, ""z"": 0.0, ""velocity"": 0.0, ""snr"": 0.0}, {""x"": -0.05632638931274414, ""y"": 2.0157694816589355, ""z"": 0.0, ""velocity"": 0.0, ""snr"": 0.0}, {""x"": -0.08797645568847656, ""y"": 2.0231008529663086, ""z"": 0.0, ""velocity"": 0.0, ""snr"": 0.0}, {""x"": 0.11372566223144531, ""y"": 0.70953369140625, ""z"": 0.0, ""velocity"": 0.0, ""snr"": 0.0}, {""x"": 0.3122091293334961, ""y"": 0.8840560913085938, ""z"": 0.0, ""velocity"": 0.0, ""snr"": 0.0}, {""x"": 2.5486350059509277, ""y"": 4.289567470550537, ""z"": 0.0, ""velocity"": 0.0, ""snr"": 0.0}, {""x"": 1.8467903137207031, ""y"": 2.05385684967041, ""z"": 0.0, ""velocity"": 0.0, ""snr"": 0.0}, {""x"": 1.8421411514282227, ""y"": 2.086758613586426, ""z"": 0.0, ""velocity"": 0.0, ""snr"": 0.0}, {""x"": 1.79368257522583, ""y"": 1.8739700317382812, ""z"": 0.0, ""velocity"": 0.0, ""snr"": 0.0}]",null,0.0
3,0.8,18,"[{""x"": -0.3998279571533203, ""y"": 0.8518695831298828, ""z"": 0.0, ""velocity"": 0.0, ""snr"": 0.0}, {""x"": -0.42951107025146484, ""y"": 0.9035468101501465, ""z"": 0.0, ""velocity"": 0.0, ""snr"": 0.0}, {""x"": -0.7851719856262207, ""y"": 2.0009279251098633, ""z"": 0.0, ""velocity"": 0.0, ""snr"": 0.0}, {""x"": -0.18846988677978516, ""y"": 0.868678092956543, ""z"": 0.0, ""velocity"": 0.0, ""snr"": 0.0}, {""x"": -0.2918243408203125, ""y"": 1.1903643608093262, ""z"": 0.0, ""velocity"": 0.0, ""snr"": 0.0}, {""x"": -0.09816884994506836, ""y"": 0.8556246757507324, ""z"": 0.0, ""velocity"": 0.0, ""snr"": 0.0}, {""x"": -0.11622905731201172, ""y"": 0.863492488861084, ""z"": 0.0, ""velocity"": 0.0, ""snr"": 0.0}, {""x"": -0.1621842384338379, ""y"": 1.2479424476623535, ""z"": 0.0, ""velocity"": 0.0, ""snr"": 0.0}, {""x"": -0.12212991714477539, ""y"": 1.2626051902770996, ""z"": 0.0, ""velocity"": 0.0, ""snr"": 0.0}, {""x"": -0.12803077697753906, ""y"": 1.2826323509216309, ""z"": 0.0, ""velocity"": 0.0, ""snr"": 0.0}, {""x"": -0.15234947204589844, ""y"": 2.0290017127990723, ""z"": 0.0, ""velocity"": 0.0, ""snr"": 0.0}, {""x"": -0.3592371940612793, ""y"": 2.0377635955810547, ""z"": 0.0, ""velocity"": 0.0, ""snr"": 0.0}, {""x"": -0.05561113357543945, ""y"": 2.015411853790283, ""z"": 0.0, ""velocity"": 0.0, ""snr"": 0.0}, {""x"": -0.0756382942199707, ""y"": 2.022385597229004, ""z"": 0.0, ""velocity"": 0.0, ""snr"": 0.0}, {""x"": 0.1233816146850586, ""y"": 0.7798075675964355, ""z"": 0.0, ""velocity"": 0.0, ""snr"": 0.0}, {""x"": 2.516627311706543, ""y"": 4.308342933654785, ""z"": 0.0, ""velocity"": 0.0, ""snr"": 0.0}, {""x"": 1.788318157196045, ""y"": 2.0971298217773438, ""z"": 0.0, ""velocity"": 0.0, ""snr"": 0.0}, {""x"": 1.8503665924072266, ""y"": 2.075314521789551, ""z"": 0.0, ""velocity"": 0.0, ""snr"": 0.0}]",null,0.0
4,0.8,17,"[{""x"": -0.7367134094238281, ""y"": 2.023458480834961, ""z"": 0.0, ""velocity"": 0.0, ""snr"": 0.0}, {""x"": -0.8127093315124512, ""y"": 2.0363330841064453, ""z"": 0.0, ""velocity"": 0.0, ""snr"": 0.0}, {""x"": -0.10138750076293945, ""y"": 0.8549094200134277, ""z"": 0.0, ""velocity"": 0.0, ""snr"": 0.0}, {""x"": -0.09334087371826172, ""y"": 0.8670687675476074, ""z"": 0.0, ""velocity"": 0.0, ""snr"": 0.0}, {""x"": -0.07975101470947266, ""y"": 0.8767247200012207, ""z"": 0.0, ""velocity"": 0.0, ""snr"": 0.0}, {""x"": -0.18650293350219727, ""y"": 1.217186450958252, ""z"": 0.0, ""velocity"": 0.0, ""snr"": 0.0}, {""x"": -0.11909008026123047, ""y"": 1.2522339820861816, ""z"": 0.0, ""velocity"": 0.0, ""snr"": 0.0}, {""x"": -0.11783838272094727, ""y"": 1.2584924697875977, ""z"": 0.0, ""velocity"": 0.0, ""snr"": 0.0}, {""x"": -0.13518333435058594, ""y"": 1.2731552124023438, ""z"": 0.0, ""velocity"": 0.0, ""snr"": 0.0}, {""x"": -0.372469425201416, ""y"": 2.0408034324645996, ""z"": 0.0, ""velocity"": 0.0, ""snr"": 0.0}, {""x"": -0.0388026237487793, ""y"": 2.0168423652648926, ""z"": 0.0, ""velocity"": 0.0, ""snr"": 0.0}, {""x"": -0.06437301635742188, ""y"": 2.0241737365722656, ""z"": 0.0, ""velocity"": 0.0, ""snr"": 0.0}, {""x"": -0.12677907943725586, ""y"": 2.029895782470703, ""z"": 0.0, ""velocity"": 0.0, ""snr"": 0.0}, {""x"": 0.07241964340209961, ""y"": 0.7029175758361816, ""z"": 0.0, ""velocity"": 0.0, ""snr"": 0.0}, {""x"": 2.327084541320801, ""y"": 4.4136643409729, ""z"": 0.0, ""velocity"": 0.0, ""snr"": 0.0}, {""x"": 1.822829246520996, ""y"": 2.068161964416504, ""z"": 0.0, ""velocity"": 0.0, ""snr"": 0.0}, {""x"": 1.8416047096252441, ""y"": 2.083718776702881, ""z"": 0.0, ""velocity"": 0.0, ""snr"": 0.0}]",null,0.0
5,0.8,19,"[{""x"": -0.7009506225585938, ""y"": 2.0332932472229004, ""z"": 0.0, ""velocity"": 0.0, ""snr"": 0.0}, {""x"": -0.22923946380615234, ""y"": 0.8475780487060547, ""z"": 0.0, ""velocity"": 0.0, ""snr"": 0.0}, {""x"": -0.11211633682250977, ""y"": 0.8595585823059082, ""z"": 0.0, ""velocity"": 0.0, ""snr"": 0.0}, {""x"": -0.12570619583129883, ""y"": 0.8577704429626465, ""z"": 0.0, ""velocity"": 0.0, ""snr"": 0.0}, {""x"": -0.08225440979003906, ""y"": 1.2288093566894531, ""z"": 0.0, ""velocity"": 0.0, ""snr"": 0.0}, {""x"": -0.09745359420776367, ""y"": 1.2500882148742676, ""z"": 0.0, ""velocity"": 0.0, ""snr"": 0.0}, {""x"": -0.12892484664916992, ""y"": 1.2570619583129883, ""z"": 0.0, ""velocity"": 0.0, ""snr"": 0.0}, {""x"": -0.1532435417175293, ""y"": 1.2749433517456055, ""z"": 0.0, ""velocity"": 0.0, ""snr"": 0.0}, {""x"": -0.1557469367980957, ""y"": 2.0300745964050293, ""z"": 0.0, ""velocity"": 0.0, ""snr"": 0.0}, {""x"": -0.35834312438964844, ""y"": 2.044200897216797, ""z"": 0.0, ""velocity"": 0.0, ""snr"": 0.0}, {""x"": -0.04416704177856445, ""y"": 2.016127109527588, ""z"": 0.0, ""velocity"": 0.0, ""snr"": 0.0}, {""x"": -0.07134675979614258, ""y"": 2.022385597229004, ""z"": 0.0, ""velocity"": 0.0, ""snr"": 0.0}, {""x"": 0.0858306884765625, ""y"": 0.699162483215332, ""z"": 0.0, ""velocity"": 0.0, ""snr"": 0.0}, {""x"": 0.11980533599853516, ""y"": 0.7089972496032715, ""z"": 0.0, ""velocity"": 0.0, ""snr"": 0.0}, {""x"": 0.2810955047607422, ""y"": 0.9294748306274414, ""z"": 0.0, ""velocity"": 0.0, ""snr"": 0.0}, {""x"": 2.478361129760742, ""y"": 4.330694675445557, ""z"": 0.0, ""velocity"": 0.0, ""snr"": 0.0}, {""x"": 1.8013715744018555, ""y"": 2.0924806594848633, ""z"": 0.0, ""velocity"": 0.0, ""snr"": 0.0}, {""x"": 1.861274242401123, ""y"": 2.066195011138916, ""z"": 0.0, ""velocity"": 0.0, ""snr"": 0.0}, {""x"": 1.8957853317260742, ""y"": 2.064049243927002, ""z"": 0.0, ""velocity"": 0.0, ""snr"": 0.0}]",null,0.0
6,0.8,17,"[{""x"": -0.7089972496032715, ""y"": 2.0281076431274414, ""z"": 0.0, ""velocity"": 0.0, ""snr"": 0.0}, {""x"": -0.2567768096923828, ""y"": 0.84686279296875, ""z"": 0.0, ""velocity"": 0.0, ""snr"": 0.0}, {""x"": -0.07939338684082031, ""y"": 0.8563399314880371, ""z"": 0.0, ""velocity"": 0.0, ""snr"": 0.0}, {""x"": -0.11837482452392578, ""y"": 0.8581280708312988, ""z"": 0.0, ""velocity"": 0.0, ""snr"": 0.0}, {""x"": -0.13071298599243164, ""y"": 1.22755765914917, ""z"": 0.0, ""velocity"": 0.0, ""snr"": 0.0}, {""x"": -0.08422136306762695, ""y"": 1.2581348419189453, ""z"": 0.0, ""velocity"": 0.0, ""snr"": 0.0}, {""x"": -0.10228157043457031, ""y"": 1.2622475624084473, ""z"": 0.0, ""velocity"": 0.0, ""snr"": 0.0}, {""x"": -0.13518333435058594, ""y"": 1.278698444366455, ""z"": 0.0, ""velocity"": 0.0, ""snr"": 0.0}, {""x"": -0.14984607696533203, ""y"": 2.030611038208008, ""z"": 0.0, ""velocity"": 0.0, ""snr"": 0.0}, {""x"": -0.3662109375, ""y"": 2.042233943939209, ""z"": 0.0, ""velocity"": 0.0, ""snr"": 0.0}, {""x"": -0.03522634506225586, ""y"": 2.0157694816589355, ""z"": 0.0, ""velocity"": 0.0, ""snr"": 0.0}, {""x"": -0.06455183029174805, ""y"": 2.0229220390319824, ""z"": 0.0, ""velocity"": 0.0, ""snr"": 0.0}, {""x"": 0.13750791549682617, ""y"": 0.7093548774719238, ""z"": 0.0, ""velocity"": 0.0, ""snr"": 0.0}, {""x"": 0.15985965728759766, ""y"": 0.7596015930175781, ""z"": 0.0, ""velocity"": 0.0, ""snr"": 0.0}, {""x"": 2.3923516273498535, ""y"": 4.378616809844971, ""z"": 0.0, ""velocity"": 0.0, ""snr"": 0.0}, {""x"": 1.8137097358703613, ""y"": 2.0803213119506836, ""z"": 0.0, ""velocity"": 0.0, ""snr"": 0.0}, {""x"": 1.8714666366577148, ""y"": 2.0585060119628906, ""z"": 0.0, ""velocity"": 0.0, ""snr"": 0.0}]",null,0.0
7,0.8,19,"[{""x"": -0.6934404373168945, ""y"": 2.0375847816467285, ""z"": 0.0, ""velocity"": 0.0, ""snr"": 0.0}, {""x"": -0.8431077003479004, ""y"": 2.0229220390319824, ""z"": 0.0, ""velocity"": 0.0, ""snr"": 0.0}, {""x"": -0.2601742744445801, ""y"": 0.8561611175537109, ""z"": 0.0, ""velocity"": 0.0, ""snr"": 0.0}, {""x"": -0.11515617370605469, ""y"": 0.8561611175537109, ""z"": 0.0, ""velocity"": 0.0, ""snr"": 0.0}, {""x"": -0.09745359420776367, ""y"": 1.2624263763427734, ""z"": 0.0, ""velocity"": 0.0, ""snr"": 0.0}, {""x"": -0.1214146614074707, ""y"": 1.278698444366455, ""z"": 0.0, ""velocity"": 0.0, ""snr"": 0.0}, {""x"": -0.1582503318786621, ""y"": 2.029895782470703, ""z"": 0.0, ""velocity"": 0.0, ""snr"": 0.0}, {""x"": -0.35834312438964844, ""y"": 2.04545259475708, ""z"": 0.0, ""velocity"": 0.0, ""snr"": 0.0}, {""x"": -0.017702579498291016, ""y"": 0.8470416069030762, ""z"": 0.0, ""velocity"": 0.0, ""snr"": 0.0}, {""x"": -0.07063150405883789, ""y"": 1.2611746788024902, ""z"": 0.0, ""velocity"": 0.0, ""snr"": 0.0}, {""x"": -0.06312131881713867, ""y"": 2.0159482955932617, ""z"": 0.0, ""velocity"": 0.0, ""snr"": 0.0}, {""x"": -0.07385015487670898, ""y"": 2.02256441116333, ""z"": 0.0, ""velocity"": 0.0, ""snr"": 0.0}, {""x"": 0.1423358917236328, ""y"": 0.7755160331726074, ""z"": 0.0, ""velocity"": 0.0, ""snr"": 0.0}, {""x"": 0.18614530563354492, ""y"": 0.7152557373046875, ""z"": 0.0, ""velocity"": 0.0, ""snr"": 0.0}, {""x"": 0.2313852310180664, ""y"": 0.9437799453735352, ""z"": 0.0, ""velocity"": 0.0, ""snr"": 0.0}, {""x"": 2.459228038787842, ""y"": 4.341602325439453, ""z"": 0.0, ""velocity"": 0.0, ""snr"": 0.0}, {""x"": 1.7899274826049805, ""y"": 2.101421356201172, ""z"": 0.0, ""velocity"": 0.0, ""snr"": 0.0}, {""x"": 1.8666386604309082, ""y"": 2.0627975463867188, ""z"": 0.0, ""velocity"": 0.0, ""snr"": 0.0}, {""x"": 1.919388771057129, ""y"": 2.0501017570495605, ""z"": 0.0, ""velocity"": 0.0, ""snr"": 0.0}]",null,0.0
8,0.8,15,"[{""x"": -0.7819533348083496, ""y"": 2.0030736923217773, ""z"": 0.0, ""velocity"": 0.0, ""snr"": 0.0}, {""x"": -0.40018558502197266, ""y"": 2.041161060333252, ""z"": 0.0, ""velocity"": 0.0, ""snr"": 0.0}, {""x"": -0.09316205978393555, ""y"": 1.252591609954834, ""z"": 0.0, ""velocity"": 0.0, ""snr"": 0.0}, {""x"": -0.08511543273925781, ""y"": 1.260995864868164, ""z"": 0.0, ""velocity"": 0.0, ""snr"": 0.0}, {""x"": -0.18131732940673828, ""y"": 2.0279288291931152, ""z"": 0.0, ""velocity"": 0.0, ""snr"": 0.0}, {""x"": 0.034868717193603516, ""y"": 0.7077455520629883, ""z"": 0.0, ""velocity"": 0.0, ""snr"": 0.0}, {""x"": 0.037729740142822266, ""y"": 0.8806586265563965, ""z"": 0.0, ""velocity"": 0.0, ""snr"": 0.0}, {""x"": -0.015556812286376953, ""y"": 0.8955001831054688, ""z"": 0.0, ""velocity"": 0.0, ""snr"": 0.0}, {""x"": -0.07402896881103516, ""y"": 1.275479793548584, ""z"": 0.0, ""velocity"": 0.0, ""snr"": 0.0}, {""x"": -0.052034854888916016, ""y"": 2.015411853790283, ""z"": 0.0, ""velocity"": 0.0, ""snr"": 0.0}, {""x"": -0.08618831634521484, ""y"": 2.0220279693603516, ""z"": 0.0, ""velocity"": 0.0, ""snr"": 0.0}, {""x"": 0.08118152618408203, ""y"": 0.8538365364074707, ""z"": 0.0, ""velocity"": 0.0, ""snr"": 0.0}, {""x"": 2.437591552734375, ""y"": 4.353761672973633, ""z"": 0.0, ""velocity"": 0.0, ""snr"": 0.0}, {""x"": 1.8635988235473633, ""y"": 2.0388364791870117, ""z"": 0.0, ""velocity"": 0.0, ""snr"": 0.0}, {""x"": 1.867353916168213, ""y"": 2.063870429992676, ""z"": 0.0, ""velocity"": 0.0, ""snr"": 0.0}]",null,0.0
9,0.8,18,"[{""x"": -0.45686960220336914, ""y"": 0.8186101913452148, ""z"": 0.0, ""velocity"": 0.0, ""snr"": 0.0}, {""x"": -0.7556676864624023, ""y"": 2.007901668548584, ""z"": 0.0, ""velocity"": 0.0, ""snr"": 0.0}, {""x"": -0.27000904083251953, ""y"": 0.8549094200134277, ""z"": 0.0, ""velocity"": 0.0, ""snr"": 0.0}, {""x"": -0.46885013580322266, ""y"": 2.0272135734558105, ""z"": 0.0, ""velocity"": 0.0, ""snr"": 0.0}, {""x"": -0.12874603271484375, ""y"": 0.864565372467041, ""z"": 0.0, ""velocity"": 0.0, ""snr"": 0.0}, {""x"": -0.11873245239257812, ""y"": 1.2257695198059082, ""z"": 0.0, ""velocity"": 0.0, ""snr"": 0.0}, {""x"": -0.07939338684082031, ""y"": 1.2570619583129883, ""z"": 0.0, ""velocity"": 0.0, ""snr"": 0.0}, {""x"": -0.0845789909362793, ""y"": 1.2611746788024902, ""z"": 0.0, ""velocity"": 0.0, ""snr"": 0.0}, {""x"": -0.21135807037353516, ""y"": 2.0261406898498535, ""z"": 0.0, ""velocity"": 0.0, ""snr"": 0.0}, {""x"": -0.03916025161743164, ""y"": 0.8477568626403809, ""z"": 0.0, ""velocity"": 0.0, ""snr"": 0.0}, {""x"": -0.07706880569458008, ""y"": 1.275479793548584, ""z"": 0.0, ""velocity"": 0.0, ""snr"": 0.0}, {""x"": -0.07027387619018555, ""y"": 2.0138025283813477, ""z"": 0.0, ""velocity"": 0.0, ""snr"": 0.0}, {""x"": -0.09548664093017578, ""y"": 2.021491527557373, ""z"": 0.0, ""velocity"": 0.0, ""snr"": 0.0}, {""x"": 2.4590492248535156, ""y"": 4.341602325439453, ""z"": 0.0, ""velocity"": 0.0, ""snr"": 0.0}, {""x"": 1.6484856605529785, ""y"": 1.993238925933838, ""z"": 0.0, ""velocity"": 0.0, ""snr"": 0.0}, {""x"": 1.80816650390625, ""y"": 2.0960569381713867, ""z"": 0.0, ""velocity"": 0.0, ""snr"": 0.0}, {""x"": 1.8106698989868164, ""y"": 2.116084098815918, ""z"": 0.0, ""velocity"": 0.0, ""snr"": 0.0}, {""x"": 1.842498779296875, ""y"": 2.1146535873413086, ""z"": 0.0, ""velocity"": 0.0, ""snr"": 0.0}]",null,0.0
