frame_index,confidence,num_points,points,range_profile,motion_score
0,0.8,8,"[{""x"": -0.565946102142334, ""y"": 0.9024739265441895, ""z"": 0.0, ""velocity"": 0.0, ""snr"": 0.0}, {""x"": -0.39589405059814453, ""y"": 1.0117292404174805, ""z"": 0.0, ""velocity"": 0.0, ""snr"": 0.0}, {""x"": -0.07867813110351562, ""y"": 0.9657740592956543, ""z"": 0.0, ""velocity"": 0.0, ""snr"": 0.0}, {""x"": -0.09012222290039062, ""y"": 0.9781122207641602, ""z"": 0.0, ""velocity"": 0.0, ""snr"": 0.0}, {""x"": -0.03933906555175781, ""y"": 0.9816884994506836, ""z"": 0.0, ""velocity"": 0.0, ""snr"": 0.0}, {""x"": 0.050067901611328125, ""y"": 0.11909008026123047, ""z"": 0.0, ""velocity"": 0.0, ""snr"": 0.0}, {""x"": 1.8525123596191406, ""y"": 1.61665678024292, ""z"": 0.0, ""velocity"": 0.0, ""snr"": 0.0}, {""x"": 1.8364191055297852, ""y"": 1.6356110572814941, ""z"": 0.0, ""velocity"": 0.0, ""snr"": 0.0}]","[143353.0, 219739.0, 151600.0, 47403.0, 9717.0, 3138.0, 1963.0, 2222.0, 2554.0, 2516.0, 1719.0, 1767.0, 1625.0, 2736.0, 3554.0, 2656.0, 2240.0, 2085.0, 3446.0, 5122.0, 23245.0, 66691.0, 64922.0, 38387.0, 41134.0, 20516.0, 11206.0, 6586.0, 2835.0, 4060.0, 4385.0, 3412.0, 4623.0, 9487.0, 15022.0, 16596.0, 30280.0, 35502.0, 19267.0, 14945.0, 16410.0, 7719.0, 10274.0, 7379.0, 7046.0, 5503.0, 9066.0, 8558.0, 5405.0, 7321.0, 7464.0, 6160.0, 9025.0, 19960.0, 26352.0, 12806.0, 9074.0, 15001.0, 26636.0, 22340.0, 9952.0, 7413.0, 5621.0, 5193.0, 5800.0, 6142.0, 5431.0, 3827.0, 7054.0, 10102.0, 8221.0, 4937.0, 4051.0, 4627.0, 5164.0, 5042.0, 5950.0, 8204.0, 8815.0, 6325.0, 4179.0, 3582.0, 3352.0, 5386.0, 5401.0, 4377.0, 4069.0, 4234.0, 6272.0, 5385.0, 3619.0, 3067.0, 2687.0, 3866.0, 8092.0, 7630.0, 4408.0, 3451.0, 5611.0, 7579.0, 4756.0, 7265.0, 7389.0, 6876.0, 6205.0, 5573.0, 5196.0, 3862.0, 4486.0, 4598.0, 4702.0, 4851.0, 5497.0, 5742.0, 9737.0, 12026.0, 12186.0, 9623.0, 6589.0, 3619.0, 3167.0, 2827.0, 2947.0, 2602.0, 2731.0, 2221.0, 2034.0, 2387.0]",0.0
1,0.8,10,"[{""x"": -0.2709031105041504, ""y"": 1.6944408416748047, ""z"": 0.0, ""velocity"": 0.0, ""snr"": 0.0}, {""x"": 0.022530555725097656, ""y"": 0.9732842445373535, ""z"": 0.0, ""velocity"": 0.0, ""snr"": 0.0}, {""x"": 0.015914440155029297, ""y"": 1.0011792182922363, ""z"": 0.0, ""velocity"": 0.0, ""snr"": 0.0}, {""x"": 0.04559755325317383, ""y"": 1.0203123092651367, ""z"": 0.0, ""velocity"": 0.0, ""snr"": 0.0}, {""x"": 0.056684017181396484, ""y"": 1.0918378829956055, ""z"": 0.0, ""velocity"": 0.0, ""snr"": 0.0}, {""x"": 0.08189678192138672, ""y"": 1.041412353515625, ""z"": 0.0, ""velocity"": 0.0, ""snr"": 0.0}, {""x"": 0.0718832015991211, ""y"": 1.0617971420288086, ""z"": 0.0, ""velocity"": 0.0, ""snr"": 0.0}, {""x"": 0.05060434341430664, ""y"": 0.11909008026123047, ""z"": 0.0, ""velocity"": 0.0, ""snr"": 0.0}, {""x"": 1.9719600677490234, ""y"": 1.4621615409851074, ""z"": 0.0, ""velocity"": 0.0, ""snr"": 0.0}, {""x"": 1.9015073776245117, ""y"": 1.555323600769043, ""z"": 0.0, ""velocity"": 0.0, ""snr"": 0.0}]","[143328.0, 219540.0, 151645.0, 47193.0, 9506.0, 3399.0, 2007.0, 1924.0, 2612.0, 2540.0, 1891.0, 1832.0, 1666.0, 3129.0, 3416.0, 2558.0, 2518.0, 3620.0, 3199.0, 4291.0, 11153.0, 47736.0, 81258.0, 87088.0, 56855.0, 17788.0, 5935.0, 4223.0, 3089.0, 4330.0, 4086.0, 3168.0, 4995.0, 8916.0, 13871.0, 16612.0, 30929.0, 38302.0, 21255.0, 16124.0, 19036.0, 8891.0, 10270.0, 8199.0, 7878.0, 6977.0, 9814.0, 8854.0, 5909.0, 6710.0, 5283.0, 7553.0, 12981.0, 21257.0, 27265.0, 10078.0, 7474.0, 14562.0, 27004.0, 22565.0, 9107.0, 6552.0, 4487.0, 4795.0, 5522.0, 6178.0, 5688.0, 3941.0, 7128.0, 9861.0, 7867.0, 5030.0, 4345.0, 4282.0, 5287.0, 4882.0, 5828.0, 7890.0, 8974.0, 6342.0, 4110.0, 3525.0, 3136.0, 5158.0, 4767.0, 4956.0, 5169.0, 4179.0, 6822.0, 5356.0, 3722.0, 3881.0, 3211.0, 3856.0, 7683.0, 7749.0, 4321.0, 3169.0, 5994.0, 8784.0, 5589.0, 7139.0, 8054.0, 7158.0, 6823.0, 6137.0, 5426.0, 3963.0, 4041.0, 4531.0, 4588.0, 3879.0, 4781.0, 5873.0, 9161.0, 11700.0, 11870.0, 9165.0, 6035.0, 3674.0, 2900.0, 2827.0, 2851.0, 2835.0, 2775.0, 2316.0, 2150.0, 2406.0]",0.0
2,0.8,9,"[{""x"": 0.05131959915161133, ""y"": 0.9700655937194824, ""z"": 0.0, ""velocity"": 0.0, ""snr"": 0.0}, {""x"": 0.048995018005371094, ""y"": 0.9959936141967773, ""z"": 0.0, ""velocity"": 0.0, ""snr"": 0.0}, {""x"": -0.015735626220703125, ""y"": 1.101851463317871, ""z"": 0.0, ""velocity"": 0.0, ""snr"": 0.0}, {""x"": 0.06955862045288086, ""y"": 1.0170936584472656, ""z"": 0.0, ""velocity"": 0.0, ""snr"": 0.0}, {""x"": 0.08744001388549805, ""y"": 1.0380148887634277, ""z"": 0.0, ""velocity"": 0.0, ""snr"": 0.0}, {""x"": 0.07063150405883789, ""y"": 1.0619759559631348, ""z"": 0.0, ""velocity"": 0.0, ""snr"": 0.0}, {""x"": 0.05078315734863281, ""y"": 0.11873245239257812, ""z"": 0.0, ""velocity"": 0.0, ""snr"": 0.0}, {""x"": 1.8700361251831055, ""y"": 1.5968084335327148, ""z"": 0.0, ""velocity"": 0.0, ""snr"": 0.0}, {""x"": 1.8491148948669434, ""y"": 1.6171932220458984, ""z"": 0.0, ""velocity"": 0.0, ""snr"": 0.0}]","[143006.0, 219731.0, 151495.0, 47384.0, 9512.0, 3207.0, 2116.0, 2324.0, 2710.0, 2558.0, 1929.0, 1758.0, 1907.0, 2555.0, 2446.0, 2554.0, 2933.0, 3328.0, 3303.0, 4246.0, 15448.0, 52655.0, 83972.0, 85881.0, 52784.0, 19692.0, 10262.0, 7748.0, 4848.0, 4662.0, 4197.0, 3370.0, 4859.0, 9364.0, 14060.0, 16845.0, 30589.0, 37098.0, 21008.0, 15370.0, 15802.0, 8011.0, 9245.0, 7599.0, 7859.0, 8367.0, 11322.0, 10349.0, 9526.0, 11262.0, 9986.0, 6586.0, 5860.0, 22172.0, 28158.0, 10460.0, 7871.0, 14949.0, 26945.0, 22333.0, 9240.0, 6164.0, 4814.0, 5543.0, 5384.0, 5481.0, 5752.0, 4884.0, 6917.0, 9350.0, 7176.0, 5158.0, 4162.0, 4718.0, 5063.0, 5293.0, 5584.0, 7409.0, 9078.0, 6600.0, 4622.0, 4205.0, 3448.0, 5123.0, 5128.0, 5437.0, 5332.0, 5061.0, 7298.0, 5657.0, 3986.0, 3540.0, 3860.0, 3179.0, 7427.0, 8426.0, 4577.0, 3333.0, 5764.0, 8159.0, 4680.0, 7475.0, 7279.0, 6199.0, 6241.0, 5711.0, 5066.0, 3626.0, 3968.0, 4840.0, 4684.0, 4194.0, 4318.0, 5067.0, 8343.0, 10410.0, 10799.0, 8769.0, 5648.0, 3229.0, 2483.0, 3026.0, 3263.0, 3180.0, 2779.0, 2461.0, 2163.0, 2197.0]",0.0
3,0.8,8,"[{""x"": -0.7343888282775879, ""y"": 0.687718391418457, ""z"": 0.0, ""velocity"": 0.0, ""snr"": 0.0}, {""x"": -0.14966726303100586, ""y"": 1.0524988174438477, ""z"": 0.0, ""velocity"": 0.0, ""snr"": 0.0}, {""x"": -0.1099705696105957, ""y"": 1.067519187927246, ""z"": 0.0, ""velocity"": 0.0, ""snr"": 0.0}, {""x"": -0.029861927032470703, ""y"": 0.9666681289672852, ""z"": 0.0, ""velocity"": 0.0, ""snr"": 0.0}, {""x"": -0.02378225326538086, ""y"": 0.9784698486328125, ""z"": 0.0, ""velocity"": 0.0, ""snr"": 0.0}, {""x"": 0.01627206802368164, ""y"": 1.0058283805847168, ""z"": 0.0, ""velocity"": 0.0, ""snr"": 0.0}, {""x"": 0.050067901611328125, ""y"": 0.11801719665527344, ""z"": 0.0, ""velocity"": 0.0, ""snr"": 0.0}, {""x"": 1.8335580825805664, ""y"": 1.635432243347168, ""z"": 0.0, ""velocity"": 0.0, ""snr"": 0.0}]","[143147.0, 219720.0, 151344.0, 47063.0, 9362.0, 2953.0, 2061.0, 2176.0, 2790.0, 2786.0, 1857.0, 1780.0, 2147.0, 3189.0, 3395.0, 2254.0, 2369.0, 3319.0, 3579.0, 4517.0, 17982.0, 51338.0, 42195.0, 51999.0, 53957.0, 14090.0, 10110.0, 6336.0, 3335.0, 5263.0, 4450.0, 3051.0, 5589.0, 8811.0, 12548.0, 16000.0, 30141.0, 36258.0, 22876.0, 23485.0, 21354.0, 10302.0, 8344.0, 6634.0, 8113.0, 9344.0, 9658.0, 8340.0, 8846.0, 10728.0, 11444.0, 12927.0, 16390.0, 22953.0, 29292.0, 11091.0, 7470.0, 16126.0, 28281.0, 23177.0, 8717.0, 3801.0, 4842.0, 5635.0, 5010.0, 6195.0, 5609.0, 3611.0, 5954.0, 8239.0, 6495.0, 5041.0, 4375.0, 5287.0, 5712.0, 5591.0, 6164.0, 7342.0, 9091.0, 6651.0, 4694.0, 4013.0, 3457.0, 5355.0, 5191.0, 5769.0, 5117.0, 5242.0, 7214.0, 5778.0, 4134.0, 4314.0, 3221.0, 3441.0, 6236.0, 7488.0, 4993.0, 4212.0, 5391.0, 8168.0, 5025.0, 6803.0, 7451.0, 6332.0, 5500.0, 5440.0, 4631.0, 4479.0, 4575.0, 5128.0, 4287.0, 3873.0, 4470.0, 5089.0, 8579.0, 10695.0, 10704.0, 8716.0, 5898.0, 3411.0, 2189.0, 2867.0, 3121.0, 3332.0, 3211.0, 2896.0, 2486.0, 2254.0]",0.0
4,0.8,9,"[{""x"": -0.35887956619262695, ""y"": 1.014411449432373, ""z"": 0.0, ""velocity"": 0.0, ""snr"": 0.0}, {""x"": -0.40590763092041016, ""y"": 1.0369420051574707, ""z"": 0.0, ""velocity"": 0.0, ""snr"": 0.0}, {""x"": -0.22852420806884766, ""y"": 1.0244250297546387, ""z"": 0.0, ""velocity"": 0.0, ""snr"": 0.0}, {""x"": -0.11140108108520508, ""y"": 1.017451286315918, ""z"": 0.0, ""velocity"": 0.0, ""snr"": 0.0}, {""x"": -0.0005364418029785156, ""y"": 0.9697079658508301, ""z"": 0.0, ""velocity"": 0.0, ""snr"": 0.0}, {""x"": -0.019311904907226562, ""y"": 0.9992122650146484, ""z"": 0.0, ""velocity"": 0.0, ""snr"": 0.0}, {""x"": 0.05060434341430664, ""y"": 0.11783838272094727, ""z"": 0.0, ""velocity"": 0.0, ""snr"": 0.0}, {""x"": 1.8818378448486328, ""y"": 1.5737414360046387, ""z"": 0.0, ""velocity"": 0.0, ""snr"": 0.0}, {""x"": 1.818537712097168, ""y"": 1.6497373580932617, ""z"": 0.0, ""velocity"": 0.0, ""snr"": 0.0}]","[143323.0, 219585.0, 151573.0, 47448.0, 9593.0, 2964.0, 1871.0, 2032.0, 2676.0, 2862.0, 1863.0, 1699.0, 1801.0, 3411.0, 4051.0, 2761.0, 2797.0, 3655.0, 4657.0, 6057.0, 10565.0, 39710.0, 69017.0, 76419.0, 56003.0, 27983.0, 18199.0, 9177.0, 3677.0, 3483.0, 3934.0, 3368.0, 3971.0, 7967.0, 11901.0, 16435.0, 30774.0, 37136.0, 22363.0, 18965.0, 15823.0, 9560.0, 10820.0, 7247.0, 7561.0, 8842.0, 8479.0, 7424.0, 7093.0, 10932.0, 12507.0, 10591.0, 10426.0, 23822.0, 29341.0, 10576.0, 9475.0, 15997.0, 26874.0, 21125.0, 7279.0, 4433.0, 5035.0, 6326.0, 6297.0, 6373.0, 6178.0, 4126.0, 7337.0, 9397.0, 6701.0, 3927.0, 4428.0, 5175.0, 6677.0, 5481.0, 4949.0, 7327.0, 9202.0, 6868.0, 4776.0, 3847.0, 3535.0, 5392.0, 4625.0, 4452.0, 4343.0, 5267.0, 6836.0, 4359.0, 3966.0, 4159.0, 2916.0, 3689.0, 6651.0, 8824.0, 5525.0, 3220.0, 4880.0, 7201.0, 4486.0, 7417.0, 8145.0, 7831.0, 6880.0, 5070.0, 4352.0, 4434.0, 4773.0, 5026.0, 4119.0, 3460.0, 4054.0, 4945.0, 8267.0, 10547.0, 11160.0, 8912.0, 5846.0, 3099.0, 2583.0, 3103.0, 3548.0, 2903.0, 2967.0, 2423.0, 2073.0, 2254.0]",0.0
5,0.8,7,"[{""x"": -0.45758485794067383, ""y"": 0.9253621101379395, ""z"": 0.0, ""velocity"": 0.0, ""snr"": 0.0}, {""x"": -0.43648481369018555, ""y"": 0.9432435035705566, ""z"": 0.0, ""velocity"": 0.0, ""snr"": 0.0}, {""x"": -0.21797418594360352, ""y"": 1.1748075485229492, ""z"": 0.0, ""velocity"": 0.0, ""snr"": 0.0}, {""x"": 0.1900792121887207, ""y"": 1.0635852813720703, ""z"": 0.0, ""velocity"": 0.0, ""snr"": 0.0}, {""x"": 0.0502467155456543, ""y"": 0.11926889419555664, ""z"": 0.0, ""velocity"": 0.0, ""snr"": 0.0}, {""x"": 1.9369125366210938, ""y"": 1.5093684196472168, ""z"": 0.0, ""velocity"": 0.0, ""snr"": 0.0}, {""x"": 1.8115639686584473, ""y"": 1.6545653343200684, ""z"": 0.0, ""velocity"": 0.0, ""snr"": 0.0}]","[143105.0, 219701.0, 151436.0, 47110.0, 9662.0, 3322.0, 2162.0, 2141.0, 2895.0, 2612.0, 1903.0, 1890.0, 1952.0, 3194.0, 3503.0, 2592.0, 2449.0, 3137.0, 4025.0, 4263.0, 7411.0, 9136.0, 27009.0, 29757.0, 17183.0, 12559.0, 23220.0, 15582.0, 5249.0, 3524.0, 4516.0, 3687.0, 4173.0, 8157.0, 12736.0, 17416.0, 31628.0, 38351.0, 25407.0, 20499.0, 15727.0, 8038.0, 10942.0, 8121.0, 8920.0, 10148.0, 9005.0, 6980.0, 5052.0, 7447.0, 7274.0, 9785.0, 12487.0, 22941.0, 27765.0, 9144.0, 9239.0, 15186.0, 25706.0, 19871.0, 10224.0, 7700.0, 4542.0, 5625.0, 6464.0, 6359.0, 5282.0, 3250.0, 6865.0, 8956.0, 6857.0, 4441.0, 3761.0, 4807.0, 6341.0, 6150.0, 5689.0, 7265.0, 9354.0, 7092.0, 4018.0, 3762.0, 3207.0, 5661.0, 5433.0, 4791.0, 4661.0, 4618.0, 6691.0, 5484.0, 3918.0, 4028.0, 3522.0, 3666.0, 6723.0, 9003.0, 6696.0, 4579.0, 4395.0, 6221.0, 4589.0, 7688.0, 7557.0, 6153.0, 6619.0, 6402.0, 4908.0, 4977.0, 4542.0, 4005.0, 4244.0, 3726.0, 2941.0, 5380.0, 8364.0, 10375.0, 11123.0, 9457.0, 6386.0, 3600.0, 2456.0, 2771.0, 3506.0, 2850.0, 2872.0, 2520.0, 2037.0, 2197.0]",2122.5656249999997
6,0.8,9,"[{""x"": -0.38427114486694336, ""y"": 0.9546875953674316, ""z"": 0.0, ""velocity"": 0.0, ""snr"": 0.0}, {""x"": -0.2281665802001953, ""y"": 0.9359121322631836, ""z"": 0.0, ""velocity"": 0.0, ""snr"": 0.0}, {""x"": -0.2219080924987793, ""y"": 1.0262131690979004, ""z"": 0.0, ""velocity"": 0.0, ""snr"": 0.0}, {""x"": -0.16826391220092773, ""y"": 0.9761452674865723, ""z"": 0.0, ""velocity"": 0.0, ""snr"": 0.0}, {""x"": -0.06186962127685547, ""y"": 1.0696649551391602, ""z"": 0.0, ""velocity"": 0.0, ""snr"": 0.0}, {""x"": -0.029861927032470703, ""y"": 1.1088252067565918, ""z"": 0.0, ""velocity"": 0.0, ""snr"": 0.0}, {""x"": 0.05060434341430664, ""y"": 0.11855363845825195, ""z"": 0.0, ""velocity"": 0.0, ""snr"": 0.0}, {""x"": 1.939237117767334, ""y"": 1.5034675598144531, ""z"": 0.0, ""velocity"": 0.0, ""snr"": 0.0}, {""x"": 1.8627047538757324, ""y"": 1.600027084350586, ""z"": 0.0, ""velocity"": 0.0, ""snr"": 0.0}]","[143293.0, 219413.0, 151562.0, 47426.0, 9671.0, 3185.0, 1813.0, 1931.0, 2733.0, 2612.0, 2118.0, 1745.0, 1983.0, 3167.0, 3554.0, 2597.0, 1958.0, 2214.0, 3428.0, 5037.0, 13625.0, 30233.0, 33607994.0, 100860929.0, 460805.0, 2684683523.0, 838860802.0, 1879050852.0, 0.0, 117440512.0, 33554432.0, 4278190080.0, 771751935.0, 1509949441.0, 0.0, 758725504.0, 3784409.0, 4096000.0, 121602048.0, 2332033024.0, 1329400.0, 1023410176.0, 1140335177.0, 20.0, 524960000.0, 2358012.0, 1207959552.0, 2466062412.0, 36.0, 1112229376.0, 2470398.0, 1040187392.0, 472357962.0, 36.0, 1615540480.0, 2391079.0, 989855744.0, 77386.0, 131072.0, 36673536.0, 56227328.0, 38760192.0, 12124672.0, 2460672.0, 780288.0, 514816.0, 534272.0, 758016.0, 708352.0, 652288.0, 2342912.0, 8644864.0, 10213632.0, 4613120.0, 1213952.0, 686848.0, 536832.0, 676096.0, 936448.0, 2067456.0, 6840320.0, 7923712.0, 4009216.0, 3513856.0, 4003328.0, 2180864.0, 987648.0, 815872.0, 1188864.0, 1183744.0, 1221888.0, 1018112.0, 2249984.0, 2617088.0, 7446528.0, 13114112.0, 10762752.0, 7586560.0, 6836736.0, 5141248.0, 3601408.0, 3565312.0, 2645248.0, 2696704.0, 2436864.0, 2351360.0, 1834752.0, 1302784.0, 2033664.0, 2290432.0, 2052352.0, 2700032.0, 5585920.0, 7339264.0, 3391488.0, 2537728.0, 3989760.0, 6364416.0, 5064192.0, 2297856.0, 1538816.0, 1367296.0, 1475840.0, 1636096.0, 1436672.0, 1395968.0, 895744.0, 1958144.0]",214218585.6285
7,0.8,7,"[{""x"": -0.29021501541137695, ""y"": 0.9495019912719727, ""z"": 0.0, ""velocity"": 0.0, ""snr"": 0.0}, {""x"": -0.2766251564025879, ""y"": 0.9700655937194824, ""z"": 0.0, ""velocity"": 0.0, ""snr"": 0.0}, {""x"": -0.07081031799316406, ""y"": 1.0335445404052734, ""z"": 0.0, ""velocity"": 0.0, ""snr"": 0.0}, {""x"": -0.15860795974731445, ""y"": 1.6436576843261719, ""z"": 0.0, ""velocity"": 0.0, ""snr"": 0.0}, {""x"": -0.17201900482177734, ""y"": 1.6661882400512695, ""z"": 0.0, ""velocity"": 0.0, ""snr"": 0.0}, {""x"": -0.15181303024291992, ""y"": 1.7141103744506836, ""z"": 0.0, ""velocity"": 0.0, ""snr"": 0.0}, {""x"": 1.8090605735778809, ""y"": 1.6622543334960938, ""z"": 0.0, ""velocity"": 0.0, ""snr"": 0.0}]","[143262.0, 219666.0, 151591.0, 47112.0, 9628.0, 3299.0, 2246.0, 2089.0, 2498.0, 2649.0, 3731.0, 19084.0, 40659.0, 33166.0, 14737.0, 8203.0, 3133.0, 2386.0, 2789.0, 4864.0, 11834.0, 34342.0, 49608.0, 39952.0, 29933.0, 17700.0, 10118.0, 4717.0, 3258.0, 4698.0, 4962.0, 5517.0, 4321.0, 8672.0, 11866.0, 34835.0, 53394.0, 40064.0, 25699.0, 20086.0, 19345.0, 14356.0, 16554.0, 11880.0, 11872.0, 10221.0, 10172.0, 7504.0, 5280.0, 7636.0, 9402.0, 7737.0, 7929.0, 21985.0, 27982.0, 15855.0, 10340.0, 16635.0, 26683.0, 21115.0, 9574.0, 5244.0, 4648.0, 5433.0, 6003.0, 5567.0, 5425.0, 3787.0, 7121.0, 10135.0, 8171.0, 4803.0, 5040.0, 4358.0, 5653.0, 5179.0, 4278.0, 6455.0, 7556.0, 6922.0, 5133.0, 4252.0, 3167.0, 5738.0, 6120.0, 4558.0, 5582.0, 5655.0, 6744.0, 4651.0, 3809.0, 3523.0, 2793.0, 4290.0, 7993.0, 8827.0, 6364.0, 4227.0, 4769.0, 7716.0, 4430.0, 7897.0, 8301.0, 7323.0, 6387.0, 4517.0, 4223.0, 4264.0, 4051.0, 3821.0, 3864.0, 4509.0, 4311.0, 4019.0, 8780.0, 10786.0, 10903.0, 9068.0, 6149.0, 3425.0, 2421.0, 3214.0, 3508.0, 2562.0, 2693.0, 2484.0, 2078.0, 2548.0]",4285417.8793962505
8,0.8,7,"[{""x"": -0.32383203506469727, ""y"": 0.93841552734375, ""z"": 0.0, ""velocity"": 0.0, ""snr"": 0.0}, {""x"": -0.10657310485839844, ""y"": 1.020669937133789, ""z"": 0.0, ""velocity"": 0.0, ""snr"": 0.0}, {""x"": -0.18042325973510742, ""y"": 1.6441941261291504, ""z"": 0.0, ""velocity"": 0.0, ""snr"": 0.0}, {""x"": -0.15592575073242188, ""y"": 1.7171502113342285, ""z"": 0.0, ""velocity"": 0.0, ""snr"": 0.0}, {""x"": 0.05239248275756836, ""y"": 1.0576844215393066, ""z"": 0.0, ""velocity"": 0.0, ""snr"": 0.0}, {""x"": 0.04667043685913086, ""y"": 1.7688274383544922, ""z"": 0.0, ""velocity"": 0.0, ""snr"": 0.0}, {""x"": 1.7974376678466797, ""y"": 1.6731619834899902, ""z"": 0.0, ""velocity"": 0.0, ""snr"": 0.0}]","[143371.0, 219571.0, 151628.0, 47423.0, 9761.0, 3064.0, 2151.0, 2059.0, 2812.0, 2776.0, 4049.0, 22677.0, 65461.0, 77450.0, 36273.0, 5816.0, 1968.0, 2085.0, 2132.0, 4490.0, 8496.0, 20642.0, 37842.0, 46449.0, 46909.0, 40003.0, 18460.0, 4353.0, 2926.0, 4477.0, 5246.0, 4687.0, 4510.0, 8405.0, 11973.0, 30491.0, 45110.0, 39268.0, 29190.0, 23529.0, 16282.0, 12881.0, 18642.0, 13382.0, 10843.0, 10845.0, 11431.0, 7511.0, 5080.0, 7089.0, 7639.0, 9082.0, 11066.0, 22486.0, 27795.0, 13605.0, 7951.0, 14341.0, 24556.0, 20265.0, 9183.0, 5421.0, 4426.0, 5579.0, 5737.0, 5486.0, 5199.0, 4038.0, 6993.0, 10011.0, 7945.0, 3657.0, 3874.0, 4685.0, 6008.0, 5453.0, 4658.0, 7005.0, 7870.0, 7126.0, 5057.0, 3668.0, 3065.0, 5456.0, 4990.0, 4536.0, 5491.0, 6236.0, 6892.0, 4451.0, 4337.0, 4137.0, 3344.0, 4272.0, 8204.0, 9036.0, 5943.0, 3697.0, 5383.0, 7310.0, 4032.0, 7807.0, 7749.0, 7249.0, 6051.0, 4478.0, 4348.0, 4750.0, 3774.0, 3539.0, 3980.0, 4585.0, 4425.0, 4359.0, 8834.0, 10638.0, 10719.0, 9068.0, 6210.0, 3668.0, 2398.0, 3159.0, 3709.0, 2776.0, 2768.0, 2373.0, 2199.0, 2364.0]",4200411.387466175
9,0.8,7,"[{""x"": -0.3472566604614258, ""y"": 1.0471343994140625, ""z"": 0.0, ""velocity"": 0.0, ""snr"": 0.0}, {""x"": -0.23496150970458984, ""y"": 0.9743571281433105, ""z"": 0.0, ""velocity"": 0.0, ""snr"": 0.0}, {""x"": -0.27233362197875977, ""y"": 1.0335445404052734, ""z"": 0.0, ""velocity"": 0.0, ""snr"": 0.0}, {""x"": -0.3470778465270996, ""y"": 1.0609030723571777, ""z"": 0.0, ""velocity"": 0.0, ""snr"": 0.0}, {""x"": -0.16540288925170898, ""y"": 1.0115504264831543, ""z"": 0.0, ""velocity"": 0.0, ""snr"": 0.0}, {""x"": 1.7516613006591797, ""y"": 1.724839210510254, ""z"": 0.0, ""velocity"": 0.0, ""snr"": 0.0}, {""x"": 1.7859935760498047, ""y"": 1.6876459121704102, ""z"": 0.0, ""velocity"": 0.0, ""snr"": 0.0}]","[143129.0, 219500.0, 151406.0, 47378.0, 9539.0, 3072.0, 1948.0, 2050.0, 2967.0, 2770.0, 1781.0, 9158.0, 44999.0, 77591.0, 52075.0, 10795.0, 4563.0, 2160.0, 2788.0, 4373.0, 6010.0, 27533.0, 46745.0, 58951.0, 83454.0, 67782.0, 22185.0, 4819.0, 9124.0, 11948.0, 9632.0, 5820.0, 8969.0, 22440.0, 28187.0, 11122.0, 7175.0, 15763.0, 26903.0, 20975.0, 9128.0, 4734.0, 4903.0, 5588.0, 5591.0, 5208.0, 5672.0, 3801.0, 6894.0, 10034.0, 7918.0, 4682.0, 5085.0, 5115.0, 5390.0, 6401.0, 7554.0, 9054.0, 9546.0, 7062.0, 4833.0, 4257.0, 4537.0, 6649.0, 6265.0, 4607.0, 5055.0, 6589.0, 7384.0, 4903.0, 3282.0, 3524.0, 2978.0, 4363.0, 8068.0, 8930.0, 5506.0, 3554.0, 5708.0, 7819.0, 4072.0, 6852.0, 7086.0, 6078.0, 5648.0, 4927.0, 4483.0, 4124.0, 3396.0, 3519.0, 4736.0, 4733.0, 3822.0, 4000.0, 8894.0, 10480.0, 9887.0, 8580.0, 6289.0, 3750.0, 2629.0, 3230.0, 3345.0, 2955.0, 2860.0, 2350.0, 1929.0, 2434.0, 0.0, 0.0, 0.0, 16908288.0, 84280068.0, 50333448.0, 46138629.0, 1680998400.0, 7602186.0, 0.0, 655360.0, 131072.0, 4294901760.0, 19791871.0, 7864320.0, 2147483648.0, 3643619643.0, 14782.0, 16000.0, 671616.0]",97865225.68412018
0,0.8,11,"[{""x"": -0.23370981216430664, ""y"": 0.9725689888000488, ""z"": 0.0, ""velocity"": 0.0, ""snr"": 0.0}, {""x"": -0.23478269577026367, ""y"": 0.991523265838623, ""z"": 0.0, ""velocity"": 0.0, ""snr"": 0.0}, {""x"": -0.0768899917602539, ""y"": 0.698089599609375, ""z"": 0.0, ""velocity"": 0.0, ""snr"": 0.0}, {""x"": -0.11533498764038086, ""y"": 0.7174015045166016, ""z"": 0.0, ""velocity"": 0.0, ""snr"": 0.0}, {""x"": -0.08994340896606445, ""y"": 1.0478496551513672, ""z"": 0.0, ""velocity"": 0.0, ""snr"": 0.0}, {""x"": -0.21958351135253906, ""y"": 1.680135726928711, ""z"": 0.0, ""velocity"": 0.0, ""snr"": 0.0}, {""x"": -0.21314620971679688, ""y"": 1.7158985137939453, ""z"": 0.0, ""velocity"": 0.0, ""snr"": 0.0}, {""x"": 0.009655952453613281, ""y"": 0.6798505783081055, ""z"": 0.0, ""velocity"": 0.0, ""snr"": 0.0}, {""x"": 0.02485513687133789, ""y"": 2.505362033843994, ""z"": 0.0, ""velocity"": 0.0, ""snr"": 0.0}, {""x"": 0.08511543273925781, ""y"": 0.6526708602905273, ""z"": 0.0, ""velocity"": 0.0, ""snr"": 0.0}, {""x"": 1.7797350883483887, ""y"": 1.6949772834777832, ""z"": 0.0, ""velocity"": 0.0, ""snr"": 0.0}]","[143288.0, 219658.0, 151604.0, 47455.0, 9876.0, 3275.0, 2171.0, 1957.0, 2714.0, 2501.0, 1865.0, 2272.0, 7414.0, 29152.0, 58563.0, 63968.0, 42876.0, 2859874958.0, 3025272832.0, 3004497920.0, 1841233920.0, 807272448.0, 415825920.0, 238288896.0, 336855040.0, 311361536.0, 258605056.0, 370868224.0, 759234560.0, 1106247680.0, 1443954688.0, 2759065600.0, 2990800896.0, 2842951680.0, 1973551104.0, 1403191296.0, 1073217536.0, 1360920576.0, 865927168.0, 641073152.0, 523370496.0, 653983744.0, 560594944.0, 574947328.0, 1130692608.0, 1143996416.0, 602865664.0, 546897920.0, 1465516032.0, 1861287936.0, 1086783488.0, 675807232.0, 1071841280.0, 1825439744.0, 1419313152.0, 573833216.0, 302841856.0, 312934400.0, 346554368.0, 392036352.0, 383582208.0, 343998464.0, 211746816.0, 470155264.0, 619184128.0, 448790528.0, 264699904.0, 320208896.0, 318963712.0, 392298496.0, 463601664.0, 358809600.0, 426049536.0, 561840128.0, 442171392.0, 326828032.0, 305790976.0, 268304384.0, 356384768.0, 336592896.0, 261947392.0, 330498048.0, 485097472.0, 540672000.0, 363266048.0, 251789312.0, 251461632.0, 226033664.0, 275972096.0, 538050560.0, 584581120.0, 401866752.0, 247267328.0, 335740928.0, 469893120.0, 244449280.0, 454426624.0, 451280896.0, 395771904.0, 396427264.0, 380305408.0, 320077824.0, 238223360.0, 227344384.0, 237436928.0, 234553344.0, 293797888.0, 275775488.0, 287899648.0, 523763712.0, 640155648.0, 701825024.0, 620167168.0, 401735680.0, 207945728.0, 169607168.0, 187564032.0, 218431488.0, 185401344.0, 205389824.0, 152567808.0, 143327232.0, 175243264.0, 0.0, 0.0, 50594050.0, 117966086.0, 84214528.0]",559719744.645711
1,0.8,10,"[{""x"": -0.3154277801513672, ""y"": 0.6085038185119629, ""z"": 0.0, ""velocity"": 0.0, ""snr"": 0.0}, {""x"": -0.22298097610473633, ""y"": 0.6870031356811523, ""z"": 0.0, ""velocity"": 0.0, ""snr"": 0.0}, {""x"": -0.15413761138916016, ""y"": 0.9881258010864258, ""z"": 0.0, ""velocity"": 0.0, ""snr"": 0.0}, {""x"": -0.15163421630859375, ""y"": 1.0011792182922363, ""z"": 0.0, ""velocity"": 0.0, ""snr"": 0.0}, {""x"": -0.1156926155090332, ""y"": 1.0201334953308105, ""z"": 0.0, ""velocity"": 0.0, ""snr"": 0.0}, {""x"": -0.01609325408935547, ""y"": 0.7696151733398438, ""z"": 0.0, ""velocity"": 0.0, ""snr"": 0.0}, {""x"": -0.028967857360839844, ""y"": 0.8050203323364258, ""z"": 0.0, ""velocity"": 0.0, ""snr"": 0.0}, {""x"": -0.09816884994506836, ""y"": 2.529144287109375, ""z"": 0.0, ""velocity"": 0.0, ""snr"": 0.0}, {""x"": 0.033974647521972656, ""y"": 2.5543570518493652, ""z"": 0.0, ""velocity"": 0.0, ""snr"": 0.0}, {""x"": 1.8630623817443848, ""y"": 1.603245735168457, ""z"": 0.0, ""velocity"": 0.0, ""snr"": 0.0}]","[143507.0, 219559.0, 151596.0, 47462.0, 9475.0, 2937.0, 1762.0, 2251.0, 2896.0, 2843.0, 1836.0, 2184.0, 4163.0, 10630.0, 21193.0, 27826.0, 21336.0, 19014.0, 13740.0, 9349.0, 361037824.0, 296419328.0, 384761856.0, 707395584.0, 1074462720.0, 1334837248.0, 1968111616.0, 2098331648.0, 1399586816.0, 1688731648.0, 1511849984.0, 539164672.0, 676855808.0, 602800128.0, 710934528.0, 678690816.0, 1125974016.0, 913440768.0, 593756160.0, 1454112768.0, 1188298752.0, 986578944.0, 1733754880.0, 1768816640.0, 1787166720.0, 1240924160.0, 1324744704.0, 1151139840.0, 1801388032.0, 1402535936.0, 692060160.0, 460062720.0, 408092672.0, 345440256.0, 374276096.0, 407896064.0, 366673920.0, 278003712.0, 490274816.0, 625672192.0, 468320256.0, 296222720.0, 275185664.0, 285802496.0, 407961600.0, 472776704.0, 529334272.0, 498991104.0, 480313344.0, 418840576.0, 374145024.0, 328531968.0, 220332032.0, 305070080.0, 283705344.0, 271974400.0, 339869696.0, 480772096.0, 516161536.0, 325124096.0, 251723776.0, 223477760.0, 215482368.0, 305070080.0, 546766848.0, 606601216.0, 433127424.0, 289996800.0, 365494272.0, 505479168.0, 276234240.0, 526123008.0, 552927232.0, 433979392.0, 410517504.0, 347406336.0, 330366976.0, 301727744.0, 263258112.0, 262471680.0, 293928960.0, 268828672.0, 263979008.0, 319553536.0, 528875520.0, 645857280.0, 696844288.0, 602800128.0, 370606080.0, 217317376.0, 172490752.0, 202244096.0, 187105280.0, 191037440.0, 211877888.0, 165412864.0, 124649472.0, 154337280.0, 0.0, 0.0, 0.0, 0.0, 16908288.0, 84280068.0, 50333448.0, 46138629.0, 1680998400.0, 7864330.0]",467940439.01838183
2,0.8,12,"[{""x"": -0.3758668899536133, ""y"": 0.6390810012817383, ""z"": 0.0, ""velocity"": 0.0, ""snr"": 0.0}, {""x"": -0.4445314407348633, ""y"": 0.9573698043823242, ""z"": 0.0, ""velocity"": 0.0, ""snr"": 0.0}, {""x"": -0.45615434646606445, ""y"": 1.0006427764892578, ""z"": 0.0, ""velocity"": 0.0, ""snr"": 0.0}, {""x"": -0.4321932792663574, ""y"": 1.0240674018859863, ""z"": 0.0, ""velocity"": 0.0, ""snr"": 0.0}, {""x"": -0.23120641708374023, ""y"": 0.9627342224121094, ""z"": 0.0, ""velocity"": 0.0, ""snr"": 0.0}, {""x"": -0.2709031105041504, ""y"": 0.9652376174926758, ""z"": 0.0, ""velocity"": 0.0, ""snr"": 0.0}, {""x"": -0.09566545486450195, ""y"": 0.9124875068664551, ""z"": 0.0, ""velocity"": 0.0, ""snr"": 0.0}, {""x"": 0.045239925384521484, ""y"": 0.8366703987121582, ""z"": 0.0, ""velocity"": 0.0, ""snr"": 0.0}, {""x"": 0.04166364669799805, ""y"": 0.842750072479248, ""z"": 0.0, ""velocity"": 0.0, ""snr"": 0.0}, {""x"": 0.08189678192138672, ""y"": 0.8223652839660645, ""z"": 0.0, ""velocity"": 0.0, ""snr"": 0.0}, {""x"": 1.7849206924438477, ""y"": 1.6831755638122559, ""z"": 0.0, ""velocity"": 0.0, ""snr"": 0.0}, {""x"": 1.7607808113098145, ""y"": 1.7099976539611816, ""z"": 0.0, ""velocity"": 0.0, ""snr"": 0.0}]","[143110.0, 219523.0, 151795.0, 47218.0, 9764.0, 3215.0, 2061.0, 1921.0, 2598.0, 2855.0, 3766.0, 4391.0, 2665.0, 3478.0, 6902.0, 10150.0, 11506.0, 31000.0, 67952.0, 56436.0, 21631.0, 55330.0, 73387.0, 53067.0, 76907.0, 55556.0, 16001.0, 3653.0, 2972.0, 4560.0, 5344.0, 4390.0, 6030.0, 8995.0, 14254.0, 19851.0, 33682.0, 36090.0, 17704.0, 22200.0, 23406.0, 9835.0, 8763.0, 8172.0, 11721.0, 11381.0, 8976.0, 6214.0, 7813.0, 10585.0, 13369.0, 15969.0, 17161.0, 22920.0, 28394.0, 15083.0, 15006.0, 17754.0, 26820.0, 21938.0, 10417.0, 6824.0, 6182.0, 5541.0, 6329.0, 6627.0, 5685.0, 4305.0, 7590.0, 10036.0, 7305.0, 4461.0, 4745.0, 5280.0, 7010.0, 6728.0, 5109.0, 6408.0, 8044.0, 5909.0, 4981.0, 4274.0, 3117.0, 4776.0, 4786.0, 4210.0, 5043.0, 6248.0, 6494.0, 4348.0, 4249.0, 3665.0, 3635.0, 5934.0, 8978.0, 9684.0, 7034.0, 4934.0, 5156.0, 7154.0, 4378.0, 7842.0, 8557.0, 8029.0, 7589.0, 6626.0, 5862.0, 4652.0, 3525.0, 3698.0, 3903.0, 3416.0, 3130.0, 4563.0, 7915.0, 9529.0, 10516.0, 9102.0, 5997.0, 3514.0, 2557.0, 3094.0, 3164.0, 3116.0, 3186.0, 2497.0, 1932.0, 2526.0]",26329625.337157764
3,0.8,11,"[{""x"": -0.543057918548584, ""y"": 0.9521842002868652, ""z"": 0.0, ""velocity"": 0.0, ""snr"": 0.0}, {""x"": -0.5500316619873047, ""y"": 0.9677410125732422, ""z"": 0.0, ""velocity"": 0.0, ""snr"": 0.0}, {""x"": -0.3955364227294922, ""y"": 0.9765028953552246, ""z"": 0.0, ""velocity"": 0.0, ""snr"": 0.0}, {""x"": -0.25284290313720703, ""y"": 0.9736418724060059, ""z"": 0.0, ""velocity"": 0.0, ""snr"": 0.0}, {""x"": -0.1639723777770996, ""y"": 0.9459257125854492, ""z"": 0.0, ""velocity"": 0.0, ""snr"": 0.0}, {""x"": -0.0064373016357421875, ""y"": 0.9073019027709961, ""z"": 0.0, ""velocity"": 0.0, ""snr"": 0.0}, {""x"": 0.08118152618408203, ""y"": 0.8627772331237793, ""z"": 0.0, ""velocity"": 0.0, ""snr"": 0.0}, {""x"": 0.05507469177246094, ""y"": 0.8785128593444824, ""z"": 0.0, ""velocity"": 0.0, ""snr"": 0.0}, {""x"": 0.04935264587402344, ""y"": 0.11855363845825195, ""z"": 0.0, ""velocity"": 0.0, ""snr"": 0.0}, {""x"": 1.8335580825805664, ""y"": 1.6325712203979492, ""z"": 0.0, ""velocity"": 0.0, ""snr"": 0.0}, {""x"": 1.8072724342346191, ""y"": 1.660466194152832, ""z"": 0.0, ""velocity"": 0.0, ""snr"": 0.0}]","[143260.0, 219572.0, 151567.0, 47151.0, 9335.0, 3115.0, 2026.0, 1905.0, 3051.0, 4244.0, 4421.0, 4056.0, 4870.0, 11523.0, 14860.0, 8359.0, 3735.0, 6696.0, 32554.0, 58927.0, 55253.0, 47997.0, 52713.0, 48033.0, 55727.0, 40597.0, 13021.0, 3955.0, 3431.0, 4980.0, 4880.0, 4024.0, 5851.0, 9990.0, 14577.0, 17886.0, 29153.0, 33616.0, 22165.0, 29246.0, 23738.0, 9911.0, 9780.0, 7321.0, 10781.0, 10973.0, 8407.0, 6104.0, 4275.0, 7457.0, 12509.0, 13986.0, 12305.0, 24148.0, 29275.0, 10155.0, 8993.0, 14235.0, 25181.0, 21237.0, 9800.0, 6269.0, 6111.0, 5357.0, 6323.0, 6532.0, 5905.0, 3710.0, 6860.0, 9111.0, 6796.0, 3897.0, 3880.0, 6235.0, 7291.0, 6810.0, 6571.0, 8340.0, 10178.0, 7267.0, 5223.0, 4619.0, 4162.0, 5197.0, 4774.0, 4132.0, 5080.0, 6110.0, 5676.0, 4762.0, 4356.0, 3554.0, 3258.0, 4770.0, 7980.0, 8882.0, 6169.0, 4421.0, 5122.0, 7061.0, 3664.0, 7556.0, 7704.0, 7493.0, 7485.0, 6297.0, 5647.0, 5765.0, 3843.0, 3394.0, 4103.0, 3684.0, 2694.0, 3803.0, 7742.0, 9772.0, 10497.0, 8781.0, 5567.0, 3045.0, 2686.0, 3198.0, 2963.0, 2748.0, 3063.0, 2799.0, 2355.0, 2398.0]",25804018.20294691
4,0.8,9,"[{""x"": -0.34797191619873047, ""y"": 0.9375214576721191, ""z"": 0.0, ""velocity"": 0.0, ""snr"": 0.0}, {""x"": -0.2530217170715332, ""y"": 0.9328722953796387, ""z"": 0.0, ""velocity"": 0.0, ""snr"": 0.0}, {""x"": -0.26214122772216797, ""y"": 1.0782480239868164, ""z"": 0.0, ""velocity"": 0.0, ""snr"": 0.0}, {""x"": -0.3218650817871094, ""y"": 1.0637640953063965, ""z"": 0.0, ""velocity"": 0.0, ""snr"": 0.0}, {""x"": 0.009655952453613281, ""y"": 0.9069442749023438, ""z"": 0.0, ""velocity"": 0.0, ""snr"": 0.0}, {""x"": -0.05310773849487305, ""y"": 0.9239315986633301, ""z"": 0.0, ""velocity"": 0.0, ""snr"": 0.0}, {""x"": -0.03540515899658203, ""y"": 1.0832548141479492, ""z"": 0.0, ""velocity"": 0.0, ""snr"": 0.0}, {""x"": 0.05078315734863281, ""y"": 0.1189112663269043, ""z"": 0.0, ""velocity"": 0.0, ""snr"": 0.0}, {""x"": 1.8578767776489258, ""y"": 1.6055703163146973, ""z"": 0.0, ""velocity"": 0.0, ""snr"": 0.0}]","[143200.0, 219376.0, 151349.0, 47031.0, 9844.0, 3161.0, 1948.0, 2190.0, 3848.0, 5317.0, 5372.0, 6466.0, 7900.0, 4644.0, 3051.0, 2256.0, 1864.0, 2159.0, 4512.0, 16986.0, 27091.0, 34243.0, 33584568.0, 100860929.0, 460805.0, 2684683523.0, 838860802.0, 2969569892.0, 0.0, 100663296.0, 33554432.0, 4278190080.0, 771751935.0, 1342177281.0, 0.0, 758725504.0, 3784409.0, 4096000.0, 104824832.0, 3405774848.0, 1345268.0, 1476395008.0, 871883846.0, 21.0, 105406976.0, 1375226.0, 1392508928.0, 1056548424.0, 21.0, 1565025024.0, 1623551.0, 905969664.0, 3777487689.0, 35.0, 776746240.0, 1.0, 436207618.0, 1023410735.0, 4194304858.0, 218104399.0, 3925868729.0, 3825205285.0, 1728053259.0, 3539992584.0, 536870920.0, 3489660939.0, 3070230538.0, 1493172238.0, 1291845653.0, 570425376.0, 2063597603.0, 3724541979.0, 4244635660.0, 2332033031.0, 704643082.0, 2717909000.0, 553648137.0, 2751463470.0, 3690987691.0, 2281701651.0, 1744830714.0, 922747038.0, 67108947.0, 3489660975.0, 1728053263.0, 1828716556.0, 2936012815.0, 2734686221.0, 3120562189.0, 3707764756.0, 3707764771.0, 3170893887.0, 1761607761.0, 2281701532.0, 201326759.0, 3690987608.0, 855638095.0, 1006633036.0, 335544368.0, 184549416.0, 3288334371.0, 754974759.0, 1040187431.0, 2399141924.0, 3590324256.0, 1744830488.0, 1409286192.0, 2550136894.0, 2298478635.0, 1879048227.0, 86.0, 1207959662.0, 1174405159.0, 3321888798.0, 2399141948.0, 3405774951.0, 1560281171.0, 3254779943.0, 1224736789.0, 2717909015.0, 3372220434.0, 33554450.0, 553648151.0, 1107296282.0, 3573547026.0, 654311451.0, 3909091366.0, 3120562205.0]",1398706090.7333634
5,0.8,6,"[{""x"": -0.6093978881835938, ""y"": 0.8849501609802246, ""z"": 0.0, ""velocity"": 0.0, ""snr"": 0.0}, {""x"": -0.32204389572143555, ""y"": 0.9455680847167969, ""z"": 0.0, ""velocity"": 0.0, ""snr"": 0.0}, {""x"": -0.33652782440185547, ""y"": 0.9559392929077148, ""z"": 0.0, ""velocity"": 0.0, ""snr"": 0.0}, {""x"": -0.4241466522216797, ""y"": 0.9364485740661621, ""z"": 0.0, ""velocity"": 0.0, ""snr"": 0.0}, {""x"": -0.015556812286376953, ""y"": 1.1397600173950195, ""z"": 0.0, ""velocity"": 0.0, ""snr"": 0.0}, {""x"": 1.8267631530761719, ""y"": 1.6422271728515625, ""z"": 0.0, ""velocity"": 0.0, ""snr"": 0.0}]","[143211.0, 219818.0, 151870.0, 47026.0, 9300.0, 2900.0, 1967.0, 1939.0, 2719.0, 2945.0, 6842.0, 18405.0, 21683.0, 10059.0, 4986.0, 2610.0, 2430.0, 2386.0, 2376.0, 3004.0, 12725.0, 46486.0, 76153.0, 61052.0, 30742.0, 33430.0, 17050.0, 4679.0, 2880.0, 4144.0, 3920.0, 3220.0, 5174.0, 8822.0, 10986.0, 16278.0, 36944.0, 43746.0, 24641.0, 15718.0, 17297.0, 9789.0, 10909.0, 8209.0, 8913.0, 9763.0, 9704.0, 8969.0, 7186.0, 9219.0, 9852.0, 8232.0, 8786.0, 22828.0, 29031.0, 10733.0, 7715.0, 15473.0, 26288.0, 21344.0, 10196.0, 5307.0, 5623.0, 6087.0, 6327.0, 6149.0, 6649.0, 4581.0, 6986.0, 9454.0, 7103.0, 4061.0, 3967.0, 4819.0, 5680.0, 6154.0, 5863.0, 5883.0, 8395.0, 6229.0, 4248.0, 4092.0, 4058.0, 6140.0, 5361.0, 4497.0, 5714.0, 7782.0, 8731.0, 5004.0, 4837.0, 4749.0, 3350.0, 3907.0, 8282.0, 10268.0, 7327.0, 4595.0, 4521.0, 6592.0, 4877.0, 8650.0, 7884.0, 6125.0, 6591.0, 5929.0, 5195.0, 5568.0, 4865.0, 4148.0, 4285.0, 3526.0, 2759.0, 3950.0, 7921.0, 10422.0, 11290.0, 9843.0, 6730.0, 4130.0, 2480.0, 2737.0, 3308.0, 2537.0, 2739.0, 2428.0, 2078.0, 2744.0]",53032457.37450991
6,0.8,11,"[{""x"": -0.6583929061889648, ""y"": 0.7840991020202637, ""z"": 0.0, ""velocity"": 0.0, ""snr"": 0.0}, {""x"": -0.5707740783691406, ""y"": 0.896751880645752, ""z"": 0.0, ""velocity"": 0.0, ""snr"": 0.0}, {""x"": -0.43487548828125, ""y"": 1.002967357635498, ""z"": 0.0, ""velocity"": 0.0, ""snr"": 0.0}, {""x"": -0.17201900482177734, ""y"": 1.1084675788879395, ""z"": 0.0, ""velocity"": 0.0, ""snr"": 0.0}, {""x"": -0.18256902694702148, ""y"": 1.61057710647583, ""z"": 0.0, ""velocity"": 0.0, ""snr"": 0.0}, {""x"": -0.19508600234985352, ""y"": 1.632392406463623, ""z"": 0.0, ""velocity"": 0.0, ""snr"": 0.0}, {""x"": -0.15020370483398438, ""y"": 1.76239013671875, ""z"": 0.0, ""velocity"": 0.0, ""snr"": 0.0}, {""x"": -0.1793503761291504, ""y"": 2.2811293601989746, ""z"": 0.0, ""velocity"": 0.0, ""snr"": 0.0}, {""x"": -0.15413761138916016, ""y"": 2.325117588043213, ""z"": 0.0, ""velocity"": 0.0, ""snr"": 0.0}, {""x"": -0.2015233039855957, ""y"": 2.3640990257263184, ""z"": 0.0, ""velocity"": 0.0, ""snr"": 0.0}, {""x"": 1.813352108001709, ""y"": 1.6545653343200684, ""z"": 0.0, ""velocity"": 0.0, ""snr"": 0.0}]","[143247.0, 219697.0, 151290.0, 47231.0, 9568.0, 3031.0, 1999.0, 2114.0, 2536.0, 2722.0, 5983.0, 13805.0, 20687.0, 25224.0, 14309.0, 5176.0, 2117.0, 2465.0, 2472.0, 2770.0, 5559.0, 19298.0, 30722.0, 38852.0, 41317.0, 31572.0, 12727.0, 4288.0, 3108.0, 3736.0, 4249.0, 4084.0, 6237.0, 11193.0, 27635.0, 52690.0, 60357.0, 45006.0, 32910.0, 31727.0, 16268.0, 6937.0, 10424.0, 7523.0, 9275.0, 9988.0, 10607.0, 11940.0, 12664.0, 19965.0, 23040.0, 19428.0, 19634.0, 23861.0, 28931.0, 10367.0, 10585.0, 14924.0, 25830.0, 21496.0, 10088.0, 5297.0, 5596.0, 5069.0, 5516.0, 5922.0, 6296.0, 4405.0, 7037.0, 9621.0, 7459.0, 3880.0, 3288.0, 4269.0, 5510.0, 4718.0, 5598.0, 7778.0, 10066.0, 7825.0, 5034.0, 5427.0, 4251.0, 5596.0, 5710.0, 5070.0, 5283.0, 7640.0, 7897.0, 4770.0, 4908.0, 4606.0, 3146.0, 3413.0, 8091.0, 10061.0, 7060.0, 4873.0, 5148.0, 7069.0, 5512.0, 7793.0, 7384.0, 5765.0, 6162.0, 5537.0, 4320.0, 4958.0, 3922.0, 3775.0, 4227.0, 3402.0, 2955.0, 4302.0, 8200.0, 11171.0, 11338.0, 9436.0, 6286.0, 3853.0, 2710.0, 2856.0, 3733.0, 2955.0, 2459.0, 2425.0, 2598.0, 2764.0]",51971439.57595378
7,0.8,7,"[{""x"": -0.34922361373901367, ""y"": 0.9233951568603516, ""z"": 0.0, ""velocity"": 0.0, ""snr"": 0.0}, {""x"": -0.37425756454467773, ""y"": 0.9121298789978027, ""z"": 0.0, ""velocity"": 0.0, ""snr"": 0.0}, {""x"": -0.4100203514099121, ""y"": 1.040339469909668, ""z"": 0.0, ""velocity"": 0.0, ""snr"": 0.0}, {""x"": -0.44864416122436523, ""y"": 1.0172724723815918, ""z"": 0.0, ""velocity"": 0.0, ""snr"": 0.0}, {""x"": -0.1296401023864746, ""y"": 1.6025304794311523, ""z"": 0.0, ""velocity"": 0.0, ""snr"": 0.0}, {""x"": -0.15020370483398438, ""y"": 1.634359359741211, ""z"": 0.0, ""velocity"": 0.0, ""snr"": 0.0}, {""x"": 1.8022656440734863, ""y"": 1.6710162162780762, ""z"": 0.0, ""velocity"": 0.0, ""snr"": 0.0}]","[143263.0, 219380.0, 151296.0, 47401.0, 9478.0, 2952.0, 2003.0, 2092.0, 2637.0, 2609.0, 4179.0, 17508.0, 36491.0, 46897.0, 24208.0, 5457.0, 2968.0, 2704.0, 3408.0, 2751.0, 16055.0, 46927.0, 53962.0, 17776.0, 49633.0, 42571.0, 8901.0, 3925.0, 3207.0, 5050.0, 5596.0, 3934.0, 6545.0, 15532.0, 34946.0, 48439.0, 43829.0, 37681.0, 35198.0, 30419.0, 23401.0, 13190.0, 13627.0, 10262.0, 6929.0, 8999.0, 10285.0, 11953.0, 10236.0, 13636.0, 17628.0, 12203.0, 9073.0, 22313.0, 28818.0, 14385.0, 11065.0, 13962.0, 25643.0, 20454.0, 8891.0, 4926.0, 5107.0, 5500.0, 5602.0, 5445.0, 5850.0, 4249.0, 6977.0, 9196.0, 7017.0, 4323.0, 4808.0, 5136.0, 5728.0, 5901.0, 6395.0, 7087.0, 9350.0, 7213.0, 4628.0, 4528.0, 3894.0, 5364.0, 5628.0, 4976.0, 5658.0, 6762.0, 7097.0, 4768.0, 6009.0, 5704.0, 4348.0, 4974.0, 7681.0, 9165.0, 6631.0, 4486.0, 5304.0, 6680.0, 4811.0, 8310.0, 8024.0, 6565.0, 6761.0, 6484.0, 5606.0, 5525.0, 4810.0, 3528.0, 3950.0, 3438.0, 3245.0, 5051.0, 7970.0, 9589.0, 10555.0, 9182.0, 5636.0, 3259.0, 2577.0, 2913.0, 3672.0, 2714.0, 2739.0, 2625.0, 2253.0, 2618.0]",50932170.66325426
8,0.8,6,"[{""x"": -0.3821253776550293, ""y"": 0.957190990447998, ""z"": 0.0, ""velocity"": 0.0, ""snr"": 0.0}, {""x"": -0.37550926208496094, ""y"": 1.0076165199279785, ""z"": 0.0, ""velocity"": 0.0, ""snr"": 0.0}, {""x"": -0.348508358001709, ""y"": 1.0474920272827148, ""z"": 0.0, ""velocity"": 0.0, ""snr"": 0.0}, {""x"": -0.3279447555541992, ""y"": 1.0680556297302246, ""z"": 0.0, ""velocity"": 0.0, ""snr"": 0.0}, {""x"": 1.8512606620788574, ""y"": 1.611471176147461, ""z"": 0.0, ""velocity"": 0.0, ""snr"": 0.0}, {""x"": 1.8387436866760254, ""y"": 1.6288161277770996, ""z"": 0.0, ""velocity"": 0.0, ""snr"": 0.0}]","[143377.0, 219710.0, 151556.0, 47383.0, 9516.0, 3131.0, 2048.0, 2175.0, 2883.0, 2798.0, 1847.0, 3615.0, 12471.0, 25346.0, 19715.0, 16915.0, 9291.0, 3092.0, 3375.0, 3311.0, 6708.0, 18449.0, 29013.0, 45982.0, 69671.0, 58557.0, 19551.0, 4140.0, 2759.0, 4366.0, 4426.0, 3554.0, 4446.0, 9403.0, 12341.0, 18761.0, 29362.0, 38372.0, 31961.0, 27706.0, 22718.0, 12065.0, 12258.0, 7779.0, 8275.0, 10016.0, 10493.0, 7962.0, 5877.0, 6160.0, 7769.0, 8721.0, 9550.0, 22712.0, 28444.0, 10715.0, 10808.0, 15173.0, 26298.0, 21044.0, 9715.0, 4372.0, 5008.0, 5531.0, 5981.0, 5933.0, 6613.0, 4191.0, 6709.0, 9343.0, 7327.0, 3864.0, 4030.0, 4514.0, 5729.0, 5464.0, 6347.0, 6557.0, 9060.0, 7814.0, 6116.0, 6025.0, 4255.0, 5309.0, 4836.0, 4968.0, 5591.0, 7028.0, 7348.0, 5152.0, 5114.0, 4567.0, 3576.0, 4520.0, 8120.0, 10284.0, 7249.0, 5635.0, 5390.0, 6176.0, 4678.0, 8334.0, 8066.0, 6738.0, 6812.0, 5906.0, 4950.0, 5062.0, 3892.0, 4413.0, 4777.0, 4071.0, 2935.0, 4447.0, 8268.0, 10304.0, 10783.0, 9532.0, 5979.0, 3222.0, 2787.0, 3242.0, 3519.0, 2745.0, 2732.0, 2351.0, 2391.0, 2679.0]",49913915.086316295
9,0.8,10,"[{""x"": -0.2773404121398926, ""y"": 1.0596513748168945, ""z"": 0.0, ""velocity"": 0.0, ""snr"": 0.0}, {""x"": -0.2728700637817383, ""y"": 1.0773539543151855, ""z"": 0.0, ""velocity"": 0.0, ""snr"": 0.0}, {""x"": -0.1323223114013672, ""y"": 0.9858012199401855, ""z"": 0.0, ""velocity"": 0.0, ""snr"": 0.0}, {""x"": -0.14287233352661133, ""y"": 1.003861427307129, ""z"": 0.0, ""velocity"": 0.0, ""snr"": 0.0}, {""x"": -0.16701221466064453, ""y"": 1.0399818420410156, ""z"": 0.0, ""velocity"": 0.0, ""snr"": 0.0}, {""x"": -0.0012516975402832031, ""y"": 0.6785988807678223, ""z"": 0.0, ""velocity"": 0.0, ""snr"": 0.0}, {""x"": 0.05525350570678711, ""y"": 0.6455183029174805, ""z"": 0.0, ""velocity"": 0.0, ""snr"": 0.0}, {""x"": 0.050067901611328125, ""y"": 0.6541013717651367, ""z"": 0.0, ""velocity"": 0.0, ""snr"": 0.0}, {""x"": 0.315248966217041, ""y"": 2.54058837890625, ""z"": 0.0, ""velocity"": 0.0, ""snr"": 0.0}, {""x"": 1.8475055694580078, ""y"": 1.618802547454834, ""z"": 0.0, ""velocity"": 0.0, ""snr"": 0.0}]","[143163.0, 219299.0, 151273.0, 47151.0, 9727.0, 3341.0, 2031.0, 2152.0, 2651.0, 2857.0, 1900.0, 2223.0, 16352.0, 85741.0, 154410.0, 115542.0, 39505.0, 7295.0, 4218.0, 5691.0, 16468.0, 52981.0, 77580.0, 70124.0, 83251.0, 59452.0, 17319.0, 4704.0, 2994.0, 4313.0, 4494.0, 4131.0, 5851.0, 8824.0, 10972.0, 23113.0, 30213.0, 35608.0, 33287.0, 31489.0, 23585.0, 13966.0, 14258.0, 8218.0, 8358.0, 9626.0, 11192.0, 9817.0, 8787.0, 9547.0, 6814.0, 6849.0, 8004.0, 23906.0, 29246.0, 12374.0, 14948.0, 15191.0, 26276.0, 21379.0, 10158.0, 5190.0, 5574.0, 6179.0, 6035.0, 5770.0, 6437.0, 4273.0, 7085.0, 9699.0, 7507.0, 4318.0, 4689.0, 4616.0, 5594.0, 4775.0, 5950.0, 7422.0, 8935.0, 6606.0, 4714.0, 4699.0, 3476.0, 6124.0, 5488.0, 4970.0, 6006.0, 7122.0, 7048.0, 4442.0, 4559.0, 4272.0, 3382.0, 4320.0, 8098.0, 9493.0, 6418.0, 4577.0, 4758.0, 6715.0, 5124.0, 7875.0, 7414.0, 6508.0, 6755.0, 6045.0, 5536.0, 5445.0, 3771.0, 4089.0, 4717.0, 4148.0, 2994.0, 4181.0, 8104.0, 11097.0, 12022.0, 10162.0, 6545.0, 3931.0, 2577.0, 3093.0, 3703.0, 2855.0, 2983.0, 2641.0, 2411.0, 3050.0]",48916941.45120174
0,0.8,9,"[{""x"": -0.19919872283935547, ""y"": 0.9756088256835938, ""z"": 0.0, ""velocity"": 0.0, ""snr"": 0.0}, {""x"": -0.22298097610473633, ""y"": 0.9834766387939453, ""z"": 0.0, ""velocity"": 0.0, ""snr"": 0.0}, {""x"": -0.08511543273925781, ""y"": 1.0385513305664062, ""z"": 0.0, ""velocity"": 0.0, ""snr"": 0.0}, {""x"": 0.0017881393432617188, ""y"": 0.7363557815551758, ""z"": 0.0, ""velocity"": 0.0, ""snr"": 0.0}, {""x"": 0.033974647521972656, ""y"": 1.0834336280822754, ""z"": 0.0, ""velocity"": 0.0, ""snr"": 0.0}, {""x"": 0.11444091796875, ""y"": 0.6878972053527832, ""z"": 0.0, ""velocity"": 0.0, ""snr"": 0.0}, {""x"": 0.12999773025512695, ""y"": 0.6718039512634277, ""z"": 0.0, ""velocity"": 0.0, ""snr"": 0.0}, {""x"": 1.7865300178527832, ""y"": 1.6837120056152344, ""z"": 0.0, ""velocity"": 0.0, ""snr"": 0.0}, {""x"": 1.7995834350585938, ""y"": 1.6692280769348145, ""z"": 0.0, ""velocity"": 0.0, ""snr"": 0.0}]","[143194.0, 219605.0, 151600.0, 47234.0, 9718.0, 3153.0, 2248.0, 1938.0, 2819.0, 2827.0, 1825.0, 2285.0, 6811.0, 14237.0, 49464.0, 73619.0, 44885.0, 15929.0, 7354.0, 5323.0, 15834.0, 58040.0, 81842.0, 64047.0, 56221.0, 35347.0, 10115.0, 3320.0, 2733.0, 4552.0, 4229.0, 3338.0, 5614.0, 10748.0, 12632.0, 13760.0, 28347.0, 33890.0, 22591.0, 27016.0, 24898.0, 16654.0, 15039.0, 8500.0, 9144.0, 10044.0, 10400.0, 8665.0, 6569.0, 7236.0, 6431.0, 8854.0, 8198.0, 23900.0, 28919.0, 10224.0, 10104.0, 17254.0, 28130.0, 21712.0, 10364.0, 5247.0, 5199.0, 5217.0, 4949.0, 5939.0, 5989.0, 4379.0, 6967.0, 9434.0, 6590.0, 4048.0, 4863.0, 5143.0, 5485.0, 5834.0, 6693.0, 8403.0, 10484.0, 7449.0, 4692.0, 3709.0, 3160.0, 5356.0, 5543.0, 4726.0, 5611.0, 7042.0, 7159.0, 4805.0, 4717.0, 4533.0, 3821.0, 4387.0, 7902.0, 9574.0, 6736.0, 4504.0, 4875.0, 7239.0, 4804.0, 8276.0, 8172.0, 6010.0, 6009.0, 5244.0, 4747.0, 5075.0, 3824.0, 4258.0, 4717.0, 4284.0, 3276.0, 3488.0, 7814.0, 10697.0, 11248.0, 9258.0, 5604.0, 3576.0, 2975.0, 3064.0, 3253.0, 2840.0, 2875.0, 2745.0, 2702.0, 3067.0]",47937467.28560443
1,0.8,12,"[{""x"": -0.49942731857299805, ""y"": 0.9523630142211914, ""z"": 0.0, ""velocity"": 0.0, ""snr"": 0.0}, {""x"": -0.4557967185974121, ""y"": 0.9480714797973633, ""z"": 0.0, ""velocity"": 0.0, ""snr"": 0.0}, {""x"": -0.27251243591308594, ""y"": 0.9861588478088379, ""z"": 0.0, ""velocity"": 0.0, ""snr"": 0.0}, {""x"": -0.13715028762817383, ""y"": 0.9899139404296875, ""z"": 0.0, ""velocity"": 0.0, ""snr"": 0.0}, {""x"": -0.24515390396118164, ""y"": 1.7235875129699707, ""z"": 0.0, ""velocity"": 0.0, ""snr"": 0.0}, {""x"": -0.22369623184204102, ""y"": 1.7666816711425781, ""z"": 0.0, ""velocity"": 0.0, ""snr"": 0.0}, {""x"": 0.08368492126464844, ""y"": 0.7190108299255371, ""z"": 0.0, ""velocity"": 0.0, ""snr"": 0.0}, {""x"": 0.09816884994506836, ""y"": 0.726163387298584, ""z"": 0.0, ""velocity"": 0.0, ""snr"": 0.0}, {""x"": 0.10102987289428711, ""y"": 0.736534595489502, ""z"": 0.0, ""velocity"": 0.0, ""snr"": 0.0}, {""x"": 0.06133317947387695, ""y"": 0.7742643356323242, ""z"": 0.0, ""velocity"": 0.0, ""snr"": 0.0}, {""x"": 1.9057989120483398, ""y"": 1.5447735786437988, ""z"": 0.0, ""velocity"": 0.0, ""snr"": 0.0}, {""x"": 1.8530488014221191, ""y"": 1.6111135482788086, ""z"": 0.0, ""velocity"": 0.0, ""snr"": 0.0}]","[143374.0, 219787.0, 151574.0, 47397.0, 9526.0, 3183.0, 2011.0, 2377.0, 2839.0, 2762.0, 1798.0, 1948.0, 4445.0, 11189.0, 22826.0, 85906.0, 134789.0, 87431.0, 26893.0, 13905.0, 10796.0, 37825.0, 67345.0, 82497.0, 65699.0, 31373.0, 9459.0, 4473.0, 3809.0, 5585.0, 4888.0, 3744.0, 6293.0, 9904.0, 14118.0, 20123.0, 37944.0, 36599.0, 33035.0, 38638.0, 27429.0, 23214.0, 20829.0, 8895.0, 8114.0, 8241.0, 11776.0, 13598.0, 8261.0, 5952.0, 5076.0, 9360.0, 13771.0, 24073.0, 29688.0, 10853.0, 8273.0, 14849.0, 25989.0, 20728.0, 9477.0, 5014.0, 5400.0, 6000.0, 6660.0, 5801.0, 5909.0, 4169.0, 7045.0, 9823.0, 7390.0, 4857.0, 5080.0, 5465.0, 6739.0, 5533.0, 7671.0, 7839.0, 10094.0, 7999.0, 6768.0, 5676.0, 3735.0, 6034.0, 5214.0, 4236.0, 5348.0, 7554.0, 8548.0, 5271.0, 4185.0, 4965.0, 3857.0, 4402.0, 7696.0, 8966.0, 5794.0, 3303.0, 4660.0, 6796.0, 4458.0, 7482.0, 6581.0, 5899.0, 5780.0, 5590.0, 5106.0, 5087.0, 3906.0, 4233.0, 4545.0, 3561.0, 2955.0, 3765.0, 7759.0, 11159.0, 11756.0, 9158.0, 5799.0, 3785.0, 2588.0, 2916.0, 3365.0, 2895.0, 2970.0, 2625.0, 2427.0, 3142.0]",46978101.33447853
2,0.8,13,"[{""x"": -0.5010366439819336, ""y"": 0.9350180625915527, ""z"": 0.0, ""velocity"": 0.0, ""snr"": 0.0}, {""x"": -0.485837459564209, ""y"": 0.9677410125732422, ""z"": 0.0, ""velocity"": 0.0, ""snr"": 0.0}, {""x"": -0.07921457290649414, ""y"": 0.9412765502929688, ""z"": 0.0, ""velocity"": 0.0, ""snr"": 0.0}, {""x"": -0.07045269012451172, ""y"": 0.9745359420776367, ""z"": 0.0, ""velocity"": 0.0, ""snr"": 0.0}, {""x"": -0.279843807220459, ""y"": 1.7139315605163574, ""z"": 0.0, ""velocity"": 0.0, ""snr"": 0.0}, {""x"": -0.2605319023132324, ""y"": 1.7684698104858398, ""z"": 0.0, ""velocity"": 0.0, ""snr"": 0.0}, {""x"": 0.011622905731201172, ""y"": 0.8445382118225098, ""z"": 0.0, ""velocity"": 0.0, ""snr"": 0.0}, {""x"": -0.003933906555175781, ""y"": 0.9920597076416016, ""z"": 0.0, ""velocity"": 0.0, ""snr"": 0.0}, {""x"": 0.11640787124633789, ""y"": 0.7764101028442383, ""z"": 0.0, ""velocity"": 0.0, ""snr"": 0.0}, {""x"": 0.09673833847045898, ""y"": 0.7882118225097656, ""z"": 0.0, ""velocity"": 0.0, ""snr"": 0.0}, {""x"": 0.15968084335327148, ""y"": 0.7549524307250977, ""z"": 0.0, ""velocity"": 0.0, ""snr"": 0.0}, {""x"": 0.3529787063598633, ""y"": 0.9986758232116699, ""z"": 0.0, ""velocity"": 0.0, ""snr"": 0.0}, {""x"": 1.844644546508789, ""y"": 1.6211271286010742, ""z"": 0.0, ""velocity"": 0.0, ""snr"": 0.0}]","[143539.0, 219576.0, 151755.0, 47042.0, 9451.0, 3019.0, 2038.0, 2057.0, 2860.0, 2603.0, 1947.0, 3715.0, 3446.0, 6223.0, 8699.0, 15049.0, 32808.0, 58732.0, 43405.0, 15813.0, 17939.0, 41943.0, 38368.0, 50287.0, 47370.0, 25178.0, 8442.0, 3909.0, 4953.0, 7989.0, 6332.0, 3345.0, 6731.0, 9580.0, 11033.0, 18477.0, 37089.0, 37857.0, 26139.0, 34296.0, 28767.0, 19161.0, 15214.0, 9989.0, 9622.0, 8515.0, 9847.0, 9782.0, 8456.0, 11819.0, 13501.0, 12227.0, 13032.0, 22356.0, 27844.0, 16655.0, 11716.0, 13535.0, 24780.0, 20550.0, 9917.0, 5791.0, 5943.0, 5715.0, 5479.0, 5691.0, 6264.0, 4360.0, 7312.0, 9877.0, 7251.0, 4240.0, 4543.0, 5354.0, 6810.0, 6785.0, 7509.0, 8964.0, 9763.0, 7762.0, 4448.0, 4280.0, 3540.0, 5616.0, 5300.0, 4508.0, 5666.0, 8403.0, 9308.0, 6143.0, 4023.0, 4862.0, 3747.0, 4942.0, 8175.0, 9054.0, 5588.0, 3522.0, 4602.0, 6276.0, 3743.0, 8632.0, 8450.0, 7608.0, 6550.0, 5668.0, 4963.0, 5134.0, 3721.0, 4290.0, 4139.0, 3425.0, 2597.0, 4321.0, 8405.0, 10914.0, 11310.0, 9165.0, 6251.0, 3648.0, 3117.0, 3295.0, 3220.0, 2940.0, 3162.0, 2752.0, 2161.0, 2702.0]",46037795.912585646
3,0.8,10,"[{""x"": -0.4203915596008301, ""y"": 0.9588003158569336, ""z"": 0.0, ""velocity"": 0.0, ""snr"": 0.0}, {""x"": -0.446319580078125, ""y"": 0.9849071502685547, ""z"": 0.0, ""velocity"": 0.0, ""snr"": 0.0}, {""x"": -0.28592348098754883, ""y"": 0.9478926658630371, ""z"": 0.0, ""velocity"": 0.0, ""snr"": 0.0}, {""x"": -0.27948617935180664, ""y"": 0.9702444076538086, ""z"": 0.0, ""velocity"": 0.0, ""snr"": 0.0}, {""x"": -0.1323223114013672, ""y"": 0.9242892265319824, ""z"": 0.0, ""velocity"": 0.0, ""snr"": 0.0}, {""x"": 0.049173831939697266, ""y"": 0.8595585823059082, ""z"": 0.0, ""velocity"": 0.0, ""snr"": 0.0}, {""x"": 0.09441375732421875, ""y"": 0.8397102355957031, ""z"": 0.0, ""velocity"": 0.0, ""snr"": 0.0}, {""x"": 0.17827749252319336, ""y"": 0.7989406585693359, ""z"": 0.0, ""velocity"": 0.0, ""snr"": 0.0}, {""x"": 0.23406744003295898, ""y"": 1.0181665420532227, ""z"": 0.0, ""velocity"": 0.0, ""snr"": 0.0}, {""x"": 1.8367767333984375, ""y"": 1.6316771507263184, ""z"": 0.0, ""velocity"": 0.0, ""snr"": 0.0}]","[143748.0, 219467.0, 151293.0, 47149.0, 9618.0, 3059.0, 1914.0, 2093.0, 2687.0, 2270.0, 4522.0, 5244.0, 3368.0, 5038.0, 8919.0, 7235.0, 6908.0, 10678.0, 25025.0, 26607.0, 17682.0, 45365.0, 61587.0, 54125.0, 48855.0, 26350.0, 7439.0, 3301.0, 3090.0, 4169.0, 6512.0, 5790.0, 5334.0, 9708.0, 13176.0, 18866.0, 34649.0, 37537.0, 19369.0, 23351.0, 20089.0, 15975.0, 16858.0, 11680.0, 9648.0, 8490.0, 9568.0, 8774.0, 7839.0, 26276.0, 27660.0, 10463.0, 7736.0, 22738.0, 28702.0, 10983.0, 8012.0, 16039.0, 26596.0, 20666.0, 9827.0, 6245.0, 5653.0, 5430.0, 5806.0, 6092.0, 6342.0, 4122.0, 6834.0, 9522.0, 6969.0, 4352.0, 4264.0, 5055.0, 5835.0, 5716.0, 6793.0, 7900.0, 9408.0, 7511.0, 4795.0, 4988.0, 4095.0, 5170.0, 5257.0, 4651.0, 6764.0, 8835.0, 9737.0, 6169.0, 3540.0, 4694.0, 4732.0, 4202.0, 6491.0, 8796.0, 6340.0, 3925.0, 4702.0, 6791.0, 4621.0, 8296.0, 8056.0, 5886.0, 5966.0, 5581.0, 4932.0, 5342.0, 4218.0, 3738.0, 4159.0, 4179.0, 3307.0, 4721.0, 8705.0, 11067.0, 11642.0, 9742.0, 6305.0, 3558.0, 2876.0, 2913.0, 3322.0, 3016.0, 3303.0, 2550.0, 2391.0, 3036.0]",45117206.29003146
4,0.8,8,"[{""x"": -0.17756223678588867, ""y"": 0.9112358093261719, ""z"": 0.0, ""velocity"": 0.0, ""snr"": 0.0}, {""x"": 0.09351968765258789, ""y"": 0.8668899536132812, ""z"": 0.0, ""velocity"": 0.0, ""snr"": 0.0}, {""x"": 0.0940561294555664, ""y"": 0.8745789527893066, ""z"": 0.0, ""velocity"": 0.0, ""snr"": 0.0}, {""x"": 0.06866455078125, ""y"": 0.8854866027832031, ""z"": 0.0, ""velocity"": 0.0, ""snr"": 0.0}, {""x"": 0.1627206802368164, ""y"": 1.0036826133728027, ""z"": 0.0, ""velocity"": 0.0, ""snr"": 0.0}, {""x"": 0.2453327178955078, ""y"": 1.0290741920471191, ""z"": 0.0, ""velocity"": 0.0, ""snr"": 0.0}, {""x"": 0.2993345260620117, ""y"": 1.0442733764648438, ""z"": 0.0, ""velocity"": 0.0, ""snr"": 0.0}, {""x"": 1.9086599349975586, ""y"": 1.544952392578125, ""z"": 0.0, ""velocity"": 0.0, ""snr"": 0.0}]","[143312.0, 219445.0, 151360.0, 47229.0, 9628.0, 3168.0, 1970.0, 1956.0, 3207.0, 4761.0, 5675.0, 4363.0, 4687.0, 6665.0, 6104.0, 4224.0, 3410.0, 6255.0, 50037.0, 99601.0, 78098.0, 31078.0, 36021.0, 44512.0, 42207.0, 26990.0, 9886.0, 4054.0, 3287.0, 4271.0, 4874.0, 4274.0, 4787.0, 9856.0, 13878.0, 21275.0, 30464.0, 33885.0, 15659.0, 15471.0, 18535.0, 13646.0, 13954.0, 11284.0, 9340.0, 10293.0, 11292.0, 9064.0, 5713.0, 7096.0, 8959.0, 8941.0, 11875.0, 22026.0, 28195.0, 12548.0, 9754.0, 14533.0, 25388.0, 21328.0, 10230.0, 6079.0, 5586.0, 4823.0, 5514.0, 5664.0, 6636.0, 4562.0, 6094.0, 8934.0, 7344.0, 4821.0, 4940.0, 5046.0, 5494.0, 6309.0, 8094.0, 7564.0, 7887.0, 6460.0, 6006.0, 4595.0, 3617.0, 5398.0, 5537.0, 4472.0, 5562.0, 7943.0, 7726.0, 4815.0, 4341.0, 5058.0, 3837.0, 3915.0, 7806.0, 9218.0, 6324.0, 4442.0, 5027.0, 6667.0, 4145.0, 8211.0, 7998.0, 6396.0, 6382.0, 6070.0, 5726.0, 5730.0, 4464.0, 4172.0, 4601.0, 3822.0, 2569.0, 4664.0, 8060.0, 10667.0, 11169.0, 8906.0, 5600.0, 3276.0, 2624.0, 3028.0, 3358.0, 3020.0, 3072.0, 2758.0, 2294.0, 2880.0]",44214649.388975896
5,0.8,9,"[{""x"": -0.485837459564209, ""y"": 0.9360909461975098, ""z"": 0.0, ""velocity"": 0.0, ""snr"": 0.0}, {""x"": -0.4572272300720215, ""y"": 0.973820686340332, ""z"": 0.0, ""velocity"": 0.0, ""snr"": 0.0}, {""x"": 0.05507469177246094, ""y"": 0.8862018585205078, ""z"": 0.0, ""velocity"": 0.0, ""snr"": 0.0}, {""x"": 0.0629425048828125, ""y"": 0.9090900421142578, ""z"": 0.0, ""velocity"": 0.0, ""snr"": 0.0}, {""x"": 0.06437301635742188, ""y"": 0.9162425994873047, ""z"": 0.0, ""velocity"": 0.0, ""snr"": 0.0}, {""x"": 0.10013580322265625, ""y"": 0.9278655052185059, ""z"": 0.0, ""velocity"": 0.0, ""snr"": 0.0}, {""x"": 0.2129673957824707, ""y"": 0.9625554084777832, ""z"": 0.0, ""velocity"": 0.0, ""snr"": 0.0}, {""x"": 1.8516182899475098, ""y"": 1.6184449195861816, ""z"": 0.0, ""velocity"": 0.0, ""snr"": 0.0}, {""x"": 1.8010139465332031, ""y"": 1.6704797744750977, ""z"": 0.0, ""velocity"": 0.0, ""snr"": 0.0}]","[143412.0, 219520.0, 151322.0, 47164.0, 9565.0, 3215.0, 2149.0, 2162.0, 3447.0, 4595.0, 5267.0, 9363.0, 9000.0, 5282.0, 3327.0, 2603.0, 2766.0, 3461.0, 20466.0, 111326.0, 184227.0, 127247.0, 57929.0, 72029.0, 59499.0, 29057.0, 11580.0, 5752.0, 4626.0, 5818.0, 5664.0, 3808.0, 4985.0, 8563.0, 11031.0, 20141.0, 28702.0, 31154.0, 17434.0, 21514.0, 21506.0, 13048.0, 14057.0, 10508.0, 8971.0, 9679.0, 9783.0, 7486.0, 7934.0, 7829.0, 6989.0, 6562.0, 6858.0, 23308.0, 29333.0, 11365.0, 9794.0, 14151.0, 25094.0, 20900.0, 9360.0, 4974.0, 4929.0, 4676.0, 5844.0, 6051.0, 6096.0, 4131.0, 6821.0, 9483.0, 7315.0, 3913.0, 4365.0, 5429.0, 6917.0, 7709.0, 7525.0, 7273.0, 9266.0, 7576.0, 5418.0, 4637.0, 4015.0, 6414.0, 5941.0, 4433.0, 6383.0, 7986.0, 7880.0, 5362.0, 4285.0, 5043.0, 4177.0, 4273.0, 7314.0, 9016.0, 6850.0, 5800.0, 5487.0, 5946.0, 4478.0, 8392.0, 8269.0, 6307.0, 6389.0, 5915.0, 4984.0, 5275.0, 4428.0, 3824.0, 4200.0, 3043.0, 3257.0, 4962.0, 8395.0, 10786.0, 10912.0, 9231.0, 6544.0, 3826.0, 2986.0, 3145.0, 3536.0, 3180.0, 2934.0, 2558.0, 2687.0, 2986.0]",43328466.74714295
6,0.8,8,"[{""x"": -0.24658441543579102, ""y"": 1.0140538215637207, ""z"": 0.0, ""velocity"": 0.0, ""snr"": 0.0}, {""x"": -0.26804208755493164, ""y"": 1.0512471199035645, ""z"": 0.0, ""velocity"": 0.0, ""snr"": 0.0}, {""x"": -0.09655952453613281, ""y"": 0.9772181510925293, ""z"": 0.0, ""velocity"": 0.0, ""snr"": 0.0}, {""x"": -0.15038251876831055, ""y"": 0.9891986846923828, ""z"": 0.0, ""velocity"": 0.0, ""snr"": 0.0}, {""x"": -0.20688772201538086, ""y"": 1.08414888381958, ""z"": 0.0, ""velocity"": 0.0, ""snr"": 0.0}, {""x"": 0.006794929504394531, ""y"": 0.9244680404663086, ""z"": 0.0, ""velocity"": 0.0, ""snr"": 0.0}, {""x"": -0.011265277862548828, ""y"": 0.9579062461853027, ""z"": 0.0, ""velocity"": 0.0, ""snr"": 0.0}, {""x"": 1.8319487571716309, ""y"": 1.6341805458068848, ""z"": 0.0, ""velocity"": 0.0, ""snr"": 0.0}]","[143370.0, 219471.0, 151261.0, 47294.0, 9672.0, 3079.0, 2007.0, 2409.0, 4328.0, 6578.0, 9072.0, 10778.0, 7326.0, 3973.0, 3031.0, 2895.0, 2249.0, 2860.0, 5121.0, 17140.0, 63827.0, 132485.0, 148791.0, 104629.0, 103844.0, 67174912.0, 134546947.0, 84082695.0, 163845.0, 174338560.0, 61952.0, 0.0, 1280.0, 512.0, 4294967040.0, 77311.0, 17920.0, 998244352.0, 3201903929.0, 2147483705.0, 2147483710.0, 1343.0, 1342155520.0, 22.0, 1363948544.0, 1603073.0, 1224736768.0, 3842187081.0, 23.0, 2840476672.0, 2576932.0, 855638016.0, 2921911885.0, 34.0, 776680448.0, 1.0, 1962934274.0, 3791651376.0, 2566914904.0, 3825205839.0, 3456106679.0, 2734686244.0, 3791650828.0, 2717909000.0, 2617245703.0, 738197514.0, 3019898891.0, 2214592537.0, 3808428112.0, 4227858543.0, 1476395073.0, 2919235605.0, 50331660.0, 855638024.0, 3909091336.0, 2415919114.0, 251658250.0, 1912602642.0, 3489660997.0, 1577058412.0, 1660944504.0, 973078697.0, 3909091473.0, 3070230581.0, 201326607.0, 369098765.0, 1157627922.0, 2248146962.0, 1459617806.0, 2600468507.0, 1761607718.0, 2449473613.0, 3539992720.0, 3422552177.0, 1325400175.0, 251658304.0, 2852126798.0, 3909091412.0, 1862271030.0, 3556769847.0, 100663350.0, 2348810283.0, 1275068457.0, 2868903968.0, 2936012855.0, 1593835585.0, 2181038176.0, 2365587556.0, 2566914115.0, 3674210364.0, 822083686.0, 218103928.0, 2097152116.0, 2667577406.0, 1526726714.0, 2566914149.0, 3019898960.0, 3338666017.0, 2667577363.0, 3573547029.0, 2969567256.0, 3690987544.0, 16777241.0, 2952790044.0, 83886098.0, 2701131809.0, 889192486.0, 486539293.0]",1455603261.440693
7,0.8,7,"[{""x"": -0.34224987030029297, ""y"": 1.0183453559875488, ""z"": 0.0, ""velocity"": 0.0, ""snr"": 0.0}, {""x"": -0.29289722442626953, ""y"": 1.0524988174438477, ""z"": 0.0, ""velocity"": 0.0, ""snr"": 0.0}, {""x"": -0.0776052474975586, ""y"": 1.1125802993774414, ""z"": 0.0, ""velocity"": 0.0, ""snr"": 0.0}, {""x"": -0.22727251052856445, ""y"": 1.7711520195007324, ""z"": 0.0, ""velocity"": 0.0, ""snr"": 0.0}, {""x"": -0.054001808166503906, ""y"": 1.0281801223754883, ""z"": 0.0, ""velocity"": 0.0, ""snr"": 0.0}, {""x"": 1.780092716217041, ""y"": 1.6888976097106934, ""z"": 0.0, ""velocity"": 0.0, ""snr"": 0.0}, {""x"": 2.0343661308288574, ""y"": 1.3602375984191895, ""z"": 0.0, ""velocity"": 0.0, ""snr"": 0.0}]","[143284.0, 219515.0, 151298.0, 47445.0, 9885.0, 3368.0, 1950.0, 2206.0, 2636.0, 2740.0, 3370.0, 13335.0, 26953.0, 18470.0, 6646.0, 3388.0, 2184.0, 2388.0, 2722.0, 2674.0, 3835.0, 17834.0, 35180.0, 51230.0, 58200.0, 42281.0, 15355.0, 3514.0, 3050.0, 4244.0, 4452.0, 4219.0, 6968.0, 9880.0, 18531.0, 34979.0, 28519.0, 29873.0, 20584.0, 26459.0, 20874.0, 14580.0, 14332.0, 12494.0, 10757.0, 9117.0, 9546.0, 14606.0, 16110.0, 23163.0, 23972.0, 19145.0, 19525.0, 27121.0, 31667.0, 10914.0, 8541.0, 14872.0, 25504.0, 20772.0, 8668.0, 5134.0, 5060.0, 6019.0, 6311.0, 6996.0, 6832.0, 4870.0, 7363.0, 9514.0, 7550.0, 3896.0, 4576.0, 5594.0, 6858.0, 7044.0, 6701.0, 6330.0, 7150.0, 6765.0, 5318.0, 4424.0, 4500.0, 5441.0, 5040.0, 4523.0, 4059.0, 5736.0, 7126.0, 5287.0, 3927.0, 3508.0, 3593.0, 3925.0, 8372.0, 9793.0, 6530.0, 4360.0, 4899.0, 7812.0, 5685.0, 7333.0, 7692.0, 6090.0, 5232.0, 4573.0, 5277.0, 4923.0, 3891.0, 4667.0, 4373.0, 3472.0, 3269.0, 3313.0, 3869.0, 6773.0, 9071.0, 7383.0, 4461.0, 2741.0, 2327.0, 2516.0, 3160.0, 2994.0, 2797.0, 2965.0, 2336.0, 2350.0]",71230231.66300637
8,0.8,5,"[{""x"": -0.4761815071105957, ""y"": 0.9748935699462891, ""z"": 0.0, ""velocity"": 0.0, ""snr"": 0.0}, {""x"": -0.5453824996948242, ""y"": 0.956118106842041, ""z"": 0.0, ""velocity"": 0.0, ""snr"": 0.0}, {""x"": -0.3470778465270996, ""y"": 1.7094612121582031, ""z"": 0.0, ""velocity"": 0.0, ""snr"": 0.0}, {""x"": -0.24712085723876953, ""y"": 1.7568469047546387, ""z"": 0.0, ""velocity"": 0.0, ""snr"": 0.0}, {""x"": 1.896500587463379, ""y"": 1.5610456466674805, ""z"": 0.0, ""velocity"": 0.0, ""snr"": 0.0}]","[143395.0, 219373.0, 151589.0, 47343.0, 9745.0, 3430.0, 2072.0, 2124.0, 3023.0, 2590.0, 2596.0, 6373.0, 14747.0, 19227.0, 14980.0, 7604.0, 2635.0, 2134.0, 2358.0, 2556.0, 6370.0, 10182.0, 14036.0, 25119.0, 42499.0, 27641.0, 7769.0, 4104.0, 4943.0, 5216.0, 5378.0, 3511.0, 5790.0, 9319.0, 14477.0, 35095.0, 37604.0, 26688.0, 29580.0, 31493.0, 18303.0, 10547.0, 14123.0, 13286.0, 11357.0, 10824.0, 11882.0, 14103.0, 11442.0, 9812.0, 11888.0, 14333.0, 25742.0, 31907.0, 30555.0, 14109.0, 13743.0, 15331.0, 26795.0, 21070.0, 8956.0, 4189.0, 4593.0, 5176.0, 5519.0, 6302.0, 6372.0, 4469.0, 6594.0, 9030.0, 6936.0, 3691.0, 3760.0, 7227.0, 9189.0, 7478.0, 6244.0, 7697.0, 8880.0, 6920.0, 6223.0, 5466.0, 3574.0, 5919.0, 5491.0, 4420.0, 4305.0, 5408.0, 7401.0, 6011.0, 3577.0, 3057.0, 3334.0, 4029.0, 7684.0, 8679.0, 5546.0, 3557.0, 4975.0, 8044.0, 5633.0, 7954.0, 8439.0, 6231.0, 5462.0, 4797.0, 5288.0, 6164.0, 4923.0, 5291.0, 5179.0, 4299.0, 2680.0, 2836.0, 3446.0, 6931.0, 9306.0, 7128.0, 4097.0, 2829.0, 2585.0, 2759.0, 3484.0, 2983.0, 2923.0, 3062.0, 2445.0, 2295.0]",69806107.6993637
9,0.8,8,"[{""x"": -0.1437664031982422, ""y"": 0.9806156158447266, ""z"": 0.0, ""velocity"": 0.0, ""snr"": 0.0}, {""x"": -0.23120641708374023, ""y"": 1.7251968383789062, ""z"": 0.0, ""velocity"": 0.0, ""snr"": 0.0}, {""x"": -0.18596649169921875, ""y"": 1.7652511596679688, ""z"": 0.0, ""velocity"": 0.0, ""snr"": 0.0}, {""x"": -0.06186962127685547, ""y"": 1.0110139846801758, ""z"": 0.0, ""velocity"": 0.0, ""snr"": 0.0}, {""x"": 0.14019012451171875, ""y"": 1.043379306793213, ""z"": 0.0, ""velocity"": 0.0, ""snr"": 0.0}, {""x"": 0.15717744827270508, ""y"": 1.0709166526794434, ""z"": 0.0, ""velocity"": 0.0, ""snr"": 0.0}, {""x"": 1.9050836563110352, ""y"": 1.548171043395996, ""z"": 0.0, ""velocity"": 0.0, ""snr"": 0.0}, {""x"": 1.8416047096252441, ""y"": 1.6263127326965332, ""z"": 0.0, ""velocity"": 0.0, ""snr"": 0.0}]","[142944.0, 219254.0, 151405.0, 47287.0, 9573.0, 3085.0, 2076.0, 1902.0, 2588.0, 2489.0, 1937.0, 14558.0, 56893.0, 74044.0, 34459.0, 9757.0, 5020.0, 2339.0, 2537.0, 2823.0, 14420.0, 44210.0, 57380.0, 55195.0, 50375.0, 33827.0, 11700.0, 3260.0, 3376.0, 4633.0, 4546.0, 4192.0, 5523.0, 12107.0, 22306.0, 23175.0, 38839.0, 35123.0, 30007.0, 36480.0, 19029.0, 12433.0, 16414.0, 12525.0, 10247.0, 8592.0, 9763.0, 9130.0, 8685.0, 10293.0, 14979.0, 20148.0, 19385.0, 24332.0, 30459.0, 13396.0, 11082.0, 15724.0, 26719.0, 21120.0, 9667.0, 5344.0, 5702.0, 5855.0, 5494.0, 6751.0, 6566.0, 4299.0, 7154.0, 9579.0, 7605.0, 5263.0, 4926.0, 7608.0, 8171.0, 8147.0, 6894.0, 6803.0, 10137.0, 9467.0, 7131.0, 5584.0, 3842.0, 6105.0, 4566.0, 4739.0, 4294.0, 5868.0, 7438.0, 4786.0, 4233.0, 4542.0, 3194.0, 3493.0, 7131.0, 8815.0, 5293.0, 3298.0, 5770.0, 7983.0, 5178.0, 7571.0, 7459.0, 5060.0, 4651.0, 4445.0, 4418.0, 4989.0, 5437.0, 5360.0, 5007.0, 3865.0, 3764.0, 3850.0, 3685.0, 6812.0, 9279.0, 6740.0, 3987.0, 3064.0, 3117.0, 3094.0, 3239.0, 2925.0, 2519.0, 2464.0, 2509.0, 2194.0]",68409865.80445106
0,0.8,6,"[{""x"": -0.3216862678527832, ""y"": 0.9584426879882812, ""z"": 0.0, ""velocity"": 0.0, ""snr"": 0.0}, {""x"": -0.29718875885009766, ""y"": 0.9536147117614746, ""z"": 0.0, ""velocity"": 0.0, ""snr"": 0.0}, {""x"": 0.26607513427734375, ""y"": 1.0439157485961914, ""z"": 0.0, ""velocity"": 0.0, ""snr"": 0.0}, {""x"": 0.32258033752441406, ""y"": 1.0390877723693848, ""z"": 0.0, ""velocity"": 0.0, ""snr"": 0.0}, {""x"": 0.3395676612854004, ""y"": 1.0471343994140625, ""z"": 0.0, ""velocity"": 0.0, ""snr"": 0.0}, {""x"": 1.8399953842163086, ""y"": 1.6295313835144043, ""z"": 0.0, ""velocity"": 0.0, ""snr"": 0.0}]","[143369.0, 219504.0, 151580.0, 47155.0, 9534.0, 3185.0, 2056.0, 2111.0, 2871.0, 2696.0, 1709.0, 2080.0, 8498.0, 16843.0, 25945.0, 17393.0, 5160.0, 2382.0, 2422.0, 2470.0, 9407.0, 36180.0, 57544.0, 71494.0, 85791.0, 44727.0, 10030.0, 3452.0, 4441.0, 5702.0, 5126.0, 4531.0, 7546.0, 10232.0, 11777.0, 25760.0, 37238.0, 39091.0, 21206.0, 22398.0, 15274.0, 10810.0, 12679.0, 9856.0, 9858.0, 9601.0, 12998.0, 16084.0, 12640.0, 15066.0, 17776.0, 19751.0, 23629.0, 23143.0, 30194.0, 11698.0, 7770.0, 14526.0, 26539.0, 21806.0, 9146.0, 5981.0, 5580.0, 6667.0, 6554.0, 6871.0, 5806.0, 4226.0, 7271.0, 9597.0, 8082.0, 5021.0, 5460.0, 8739.0, 10738.0, 7557.0, 9225.0, 10640.0, 12312.0, 9009.0, 6770.0, 4830.0, 3367.0, 5550.0, 5218.0, 4856.0, 5202.0, 7782.0, 8394.0, 5683.0, 4650.0, 4262.0, 3380.0, 4156.0, 8312.0, 9200.0, 5482.0, 3906.0, 5770.0, 7709.0, 4997.0, 8334.0, 8355.0, 6411.0, 5647.0, 4866.0, 5337.0, 4943.0, 4360.0, 4884.0, 4447.0, 3745.0, 3393.0, 4281.0, 3765.0, 7119.0, 9444.0, 6964.0, 3669.0, 2558.0, 2786.0, 3105.0, 3152.0, 3023.0, 2861.0, 2915.0, 2479.0, 2264.0]",67040355.87050553
1,0.8,9,"[{""x"": -0.18417835235595703, ""y"": 0.9773969650268555, ""z"": 0.0, ""velocity"": 0.0, ""snr"": 0.0}, {""x"": -0.17130374908447266, ""y"": 0.9949207305908203, ""z"": 0.0, ""velocity"": 0.0, ""snr"": 0.0}, {""x"": 0.054001808166503906, ""y"": 1.0421276092529297, ""z"": 0.0, ""velocity"": 0.0, ""snr"": 0.0}, {""x"": 0.09298324584960938, ""y"": 0.7059574127197266, ""z"": 0.0, ""velocity"": 0.0, ""snr"": 0.0}, {""x"": 0.09047985076904297, ""y"": 0.7148981094360352, ""z"": 0.0, ""velocity"": 0.0, ""snr"": 0.0}, {""x"": 0.04881620407104492, ""y"": 0.7358193397521973, ""z"": 0.0, ""velocity"": 0.0, ""snr"": 0.0}, {""x"": 0.2617835998535156, ""y"": 1.0494589805603027, ""z"": 0.0, ""velocity"": 0.0, ""snr"": 0.0}, {""x"": 1.8249750137329102, ""y"": 1.6382932662963867, ""z"": 0.0, ""velocity"": 0.0, ""snr"": 0.0}, {""x"": 1.821577548980713, ""y"": 1.64794921875, ""z"": 0.0, ""velocity"": 0.0, ""snr"": 0.0}]","[143417.0, 219573.0, 151388.0, 47157.0, 9937.0, 3275.0, 1986.0, 2075.0, 2822.0, 2688.0, 1770.0, 5036.0, 12793.0, 23940.0, 29280.0, 26552.0, 31725.0, 15642.0, 5634.0, 4006.0, 21297.0, 73399.0, 103787.0, 87646.0, 78487.0, 37840.0, 10031.0, 4345.0, 4611.0, 6270.0, 5808.0, 3813.0, 5045.0, 11284.0, 16759.0, 22781.0, 38497.0, 40202.0, 27460.0, 19322.0, 13388.0, 6864.0, 11495.0, 11451.0, 9067.0, 8863.0, 10863.0, 14813.0, 16753.0, 23615.0, 21539.0, 18613.0, 20047.0, 23163.0, 30033.0, 10778.0, 9638.0, 15879.0, 26091.0, 22460.0, 11603.0, 6086.0, 7217.0, 7549.0, 6273.0, 6518.0, 5995.0, 4364.0, 7686.0, 9791.0, 7791.0, 5796.0, 8865.0, 12173.0, 10089.0, 8678.0, 7985.0, 8027.0, 9585.0, 8546.0, 5519.0, 3948.0, 3849.0, 6554.0, 5411.0, 4610.0, 5457.0, 7291.0, 8608.0, 4929.0, 3833.0, 3822.0, 3471.0, 4394.0, 7932.0, 9208.0, 5713.0, 4144.0, 5097.0, 7392.0, 5302.0, 8151.0, 7606.0, 6646.0, 6218.0, 5249.0, 4181.0, 4494.0, 4392.0, 4670.0, 4075.0, 3748.0, 3508.0, 3418.0, 3092.0, 6820.0, 9261.0, 7470.0, 4401.0, 2763.0, 2572.0, 2701.0, 3083.0, 3110.0, 2636.0, 2541.0, 2435.0, 2794.0]",65698903.56719926
2,0.8,12,"[{""x"": -0.3560185432434082, ""y"": 0.6444454193115234, ""z"": 0.0, ""velocity"": 0.0, ""snr"": 0.0}, {""x"": -0.21654367446899414, ""y"": 0.9621977806091309, ""z"": 0.0, ""velocity"": 0.0, ""snr"": 0.0}, {""x"": -0.20420551300048828, ""y"": 0.9673833847045898, ""z"": 0.0, ""velocity"": 0.0, ""snr"": 0.0}, {""x"": -0.2776980400085449, ""y"": 1.0868310928344727, ""z"": 0.0, ""velocity"": 0.0, ""snr"": 0.0}, {""x"": -0.2658963203430176, ""y"": 1.0895133018493652, ""z"": 0.0, ""velocity"": 0.0, ""snr"": 0.0}, {""x"": -0.06401538848876953, ""y"": 0.8316636085510254, ""z"": 0.0, ""velocity"": 0.0, ""snr"": 0.0}, {""x"": -0.08797645568847656, ""y"": 0.8819103240966797, ""z"": 0.0, ""velocity"": 0.0, ""snr"": 0.0}, {""x"": -0.17881393432617188, ""y"": 0.9375214576721191, ""z"": 0.0, ""velocity"": 0.0, ""snr"": 0.0}, {""x"": 0.17058849334716797, ""y"": 0.7624626159667969, ""z"": 0.0, ""velocity"": 0.0, ""snr"": 0.0}, {""x"": 0.2721548080444336, ""y"": 1.014411449432373, ""z"": 0.0, ""velocity"": 0.0, ""snr"": 0.0}, {""x"": 1.8399953842163086, ""y"": 1.619875431060791, ""z"": 0.0, ""velocity"": 0.0, ""snr"": 0.0}, {""x"": 1.8119215965270996, ""y"": 1.6586780548095703, ""z"": 0.0, ""velocity"": 0.0, ""snr"": 0.0}]","[143197.0, 219547.0, 151309.0, 47253.0, 9626.0, 3238.0, 2167.0, 2053.0, 2759.0, 2815.0, 1941.0, 2607.0, 8974.0, 18696.0, 15675.0, 7928.0, 10287.0, 17489.0, 17983.0, 17211.0, 31737.0, 82536.0, 97831.0, 51768.0, 108769.0, 104747.0, 36921.0, 6296.0, 3307.0, 5788.0, 5248.0, 4817.0, 6984.0, 9625.0, 16638.0, 31198.0, 36918.0, 34966.0, 32735.0, 31488.0, 25405.0, 15322.0, 12795.0, 18430.0, 13109.0, 11275.0, 16009.0, 25679.0, 28081.0, 21987.0, 15908.0, 18193.0, 25874.0, 24193.0, 29964.0, 16973.0, 13432.0, 17413.0, 28059.0, 21850.0, 10811.0, 8236.0, 6859.0, 5992.0, 6156.0, 6539.0, 6016.0, 4647.0, 7042.0, 9406.0, 7887.0, 4395.0, 7437.0, 12718.0, 11315.0, 9080.0, 11059.0, 9709.0, 9700.0, 8148.0, 5518.0, 4258.0, 4235.0, 6549.0, 6090.0, 4627.0, 5329.0, 7145.0, 8326.0, 5753.0, 4158.0, 4437.0, 3410.0, 4615.0, 8425.0, 9938.0, 6742.0, 4746.0, 5809.0, 7874.0, 5202.0, 8055.0, 7933.0, 7274.0, 6270.0, 5280.0, 5569.0, 5417.0, 5181.0, 5303.0, 5202.0, 4778.0, 3785.0, 3458.0, 2976.0, 6765.0, 8849.0, 6751.0, 4410.0, 2638.0, 2218.0, 2896.0, 3387.0, 3223.0, 2963.0, 2749.0, 2735.0, 2434.0]",64382600.48131664
3,0.8,11,"[{""x"": -0.32508373260498047, ""y"": 0.6528496742248535, ""z"": 0.0, ""velocity"": 0.0, ""snr"": 0.0}, {""x"": -0.41288137435913086, ""y"": 0.9301900863647461, ""z"": 0.0, ""velocity"": 0.0, ""snr"": 0.0}, {""x"": -0.4055500030517578, ""y"": 0.9877681732177734, ""z"": 0.0, ""velocity"": 0.0, ""snr"": 0.0}, {""x"": -0.2823472023010254, ""y"": 0.9174942970275879, ""z"": 0.0, ""velocity"": 0.0, ""snr"": 0.0}, {""x"": -0.3376007080078125, ""y"": 1.0451674461364746, ""z"": 0.0, ""velocity"": 0.0, ""snr"": 0.0}, {""x"": -0.292360782623291, ""y"": 1.0707378387451172, ""z"": 0.0, ""velocity"": 0.0, ""snr"": 0.0}, {""x"": -0.05811452865600586, ""y"": 0.897824764251709, ""z"": 0.0, ""velocity"": 0.0, ""snr"": 0.0}, {""x"": -0.05131959915161133, ""y"": 0.8289813995361328, ""z"": 0.0, ""velocity"": 0.0, ""snr"": 0.0}, {""x"": 0.016450881958007812, ""y"": 0.8504390716552734, ""z"": 0.0, ""velocity"": 0.0, ""snr"": 0.0}, {""x"": 0.019311904907226562, ""y"": 0.8627772331237793, ""z"": 0.0, ""velocity"": 0.0, ""snr"": 0.0}, {""x"": 1.8399953842163086, ""y"": 1.6275644302368164, ""z"": 0.0, ""velocity"": 0.0, ""snr"": 0.0}]","[143448.0, 219513.0, 151368.0, 47259.0, 9637.0, 3084.0, 2041.0, 2208.0, 4035.0, 6673.0, 6468.0, 3946.0, 3319.0, 5779.0, 14054.0, 16744.0, 14887.0, 1644199402.0, 2097152021.0, 1056964623.0, 1308622875.0, 1040187431.0, 3523215412.0, 838860868.0, 620757124.0, 2113929353.0, 637534283.0, 452984924.0, 1375731800.0, 2583691335.0, 469762124.0, 3690987588.0, 3942645797.0, 67108920.0, 1207959687.0, 4211081369.0, 3187671126.0, 3472883755.0, 2583691313.0, 3774873646.0, 3556769849.0, 1744830565.0, 1426063484.0, 2986344498.0, 3422552096.0, 3556769856.0, 2751463532.0, 3103785047.0, 452984871.0, 3439329315.0, 3388997656.0, 822083607.0, 2667577371.0, 637534238.0, 2952790043.0, 2147483670.0, 3607101469.0, 4110417959.0, 1342177315.0, 2030043158.0, 520093712.0, 3456106519.0, 2332033050.0, 268435489.0, 4110417954.0, 2936012828.0, 83886115.0, 1627389981.0, 301989907.0, 4211081234.0, 2868903951.0, 721420307.0, 4060086290.0, 3489660944.0, 3808428051.0, 4026531866.0, 2751463452.0, 1392508946.0, 2852126736.0, 4060086290.0, 838860816.0, 587202578.0, 2902458400.0, 2751463462.0, 2919235609.0, 3892314130.0, 2969567253.0, 2768240670.0, 788529169.0, 2550136861.0, 4110417951.0, 4244635674.0, 3674210328.0, 2013265942.0, 19.0, 1375731730.0, 2181038097.0, 2902458385.0, 218103824.0, 1308622862.0, 3858759692.0, 3909091342.0, 989855756.0, 268435481.0, 989855779.0, 28.0, 2986344466.0, 2080374795.0, 3909091337.0, 2097152010.0, 3422552076.0, 150994955.0, 1023410188.0, 1275068427.0, 3137339402.0, 9.0, 0.0, 67174912.0, 134546947.0, 84082695.0, 180229.0, 174338560.0, 64000.0, 0.0, 2304.0, 512.0, 4294967040.0, 77311.0]",1714354569.9532995
4,0.8,8,"[{""x"": -0.3679990768432617, ""y"": 0.9652376174926758, ""z"": 0.0, ""velocity"": 0.0, ""snr"": 0.0}, {""x"": -0.35512447357177734, ""y"": 1.0036826133728027, ""z"": 0.0, ""velocity"": 0.0, ""snr"": 0.0}, {""x"": -0.2485513687133789, ""y"": 0.9584426879882812, ""z"": 0.0, ""velocity"": 0.0, ""snr"": 0.0}, {""x"": -0.0870823860168457, ""y"": 0.9505748748779297, ""z"": 0.0, ""velocity"": 0.0, ""snr"": 0.0}, {""x"": -0.013589859008789062, ""y"": 0.8888840675354004, ""z"": 0.0, ""velocity"": 0.0, ""snr"": 0.0}, {""x"": 0.012695789337158203, ""y"": 0.9180307388305664, ""z"": 0.0, ""velocity"": 0.0, ""snr"": 0.0}, {""x"": 0.003039836883544922, ""y"": 0.9337663650512695, ""z"": 0.0, ""velocity"": 0.0, ""snr"": 0.0}, {""x"": 0.05078315734863281, ""y"": 0.1189112663269043, ""z"": 0.0, ""velocity"": 0.0, ""snr"": 0.0}]","[143232.0, 219349.0, 151367.0, 47323.0, 9696.0, 3326.0, 2043.0, 2273.0, 3530.0, 4657.0, 3492.0, 3176.0, 3399.0, 2367.0, 4431.0, 3167.0, 2320.0, 2343.0, 11905.0, 72803.0, 159126.0, 167234.0, 118810.0, 82067.0, 51428.0, 2508544.0, 2919936.0, 2505984.0, 2586112.0, 2001664.0, 1469440.0, 1263104.0, 1272576.0, 1703424.0, 1407232.0, 1149440.0, 1376256.0, 1493504.0, 1743360.0, 1335808.0, 1123072.0, 1082112.0, 954368.0, 1010944.0, 1782016.0, 2338304.0, 1655808.0, 1143552.0, 1536000.0, 2165504.0, 1384704.0, 1929472.0, 2170112.0, 1736448.0, 1600000.0, 1608704.0, 1375744.0, 1353472.0, 1298432.0, 1283072.0, 1271552.0, 938240.0, 726016.0, 884736.0, 807168.0, 1422848.0, 2075648.0, 1592064.0, 1090048.0, 868864.0, 747008.0, 700416.0, 781056.0, 753920.0, 779520.0, 711936.0, 645120.0, 589568.0, 0.0, 67174912.0, 134546947.0, 84082695.0, 172037.0, 174338560.0, 64512.0, 0.0, 2048.0, 512.0, 4294967040.0, 77311.0, 25600.0, 998244352.0, 3201903929.0, 2147483705.0, 2147483710.0, 2111.0, 502760448.0, 19.0, 2957465088.0, 1316604.0, 1543503872.0, 4261354564.0, 19.0, 3494066432.0, 1458947.0, 1778384896.0, 3926144835.0, 21.0, 876769024.0, 1437447.0, 1207959552.0, 2516654150.0, 2.0, 2755802112.0, 2361639.0, 889192448.0, 77388.0, 131072.0, 36659200.0, 56167424.0, 38755328.0, 12069376.0, 2391040.0, 792576.0, 507392.0, 500736.0, 641280.0, 834048.0]",372635585.42330945
5,0.8,8,"[{""x"": -0.32973289489746094, ""y"": 0.9782910346984863, ""z"": 0.0, ""velocity"": 0.0, ""snr"": 0.0}, {""x"": -0.4037618637084961, ""y"": 1.017451286315918, ""z"": 0.0, ""velocity"": 0.0, ""snr"": 0.0}, {""x"": -0.09173154830932617, ""y"": 0.9242892265319824, ""z"": 0.0, ""velocity"": 0.0, ""snr"": 0.0}, {""x"": -0.10102987289428711, ""y"": 0.9568333625793457, ""z"": 0.0, ""velocity"": 0.0, ""snr"": 0.0}, {""x"": -0.13500452041625977, ""y"": 0.9645223617553711, ""z"": 0.0, ""velocity"": 0.0, ""snr"": 0.0}, {""x"": -0.1761317253112793, ""y"": 0.9609460830688477, ""z"": 0.0, ""velocity"": 0.0, ""snr"": 0.0}, {""x"": 0.04953145980834961, ""y"": 0.11873245239257812, ""z"": 0.0, ""velocity"": 0.0, ""snr"": 0.0}, {""x"": 1.7799139022827148, ""y"": 1.6867518424987793, ""z"": 0.0, ""velocity"": 0.0, ""snr"": 0.0}]","[143467.0, 219456.0, 151275.0, 47300.0, 9640.0, 3090.0, 1943.0, 2240.0, 3228.0, 3701.0, 3905.0, 3081.0, 2855.0, 3400.0, 3574.0, 3046.0, 2570.0, 2321.0, 3662.0, 9344.0, 50506.0, 105421.0, 89201.0, 28787.0, 39782.0, 67174912.0, 134546947.0, 84082695.0, 172037.0, 174338560.0, 82688.0, 0.0, 2048.0, 512.0, 4294967040.0, 77311.0, 25600.0, 998244352.0, 3201903929.0, 2147483705.0, 2147483710.0, 2111.0, 200599808.0, 20.0, 1564832512.0, 1359605.0, 1711276032.0, 922034757.0, 21.0, 2185834496.0, 1369858.0, 1811939328.0, 285386819.0, 21.0, 1245938688.0, 1394947.0, 2030043136.0, 2550208068.0, 2.0, 2386768896.0, 2215721.0, 855638016.0, 77388.0, 131072.0, 36693760.0, 56141056.0, 38675456.0, 12005888.0, 2442240.0, 771328.0, 529920.0, 589312.0, 905984.0, 1184512.0, 1128448.0, 795136.0, 1404416.0, 870656.0, 814080.0, 578304.0, 545536.0, 850688.0, 1455872.0, 1794304.0, 12482560.0, 25713408.0, 20296448.0, 19671552.0, 13780480.0, 16908288.0, 84280068.0, 50333448.0, 44041477.0, 1680998400.0, 21233674.0, 0.0, 524288.0, 131072.0, 4294901760.0, 19791871.0, 6553600.0, 2147483648.0, 3643619643.0, 14782.0, 16000.0, 540544.0, 4159438848.0, 5772.0, 1230503936.0, 370080157.0, 0.0, 16533329.0, 5297.0, 1165623296.0, 349438054.0, 0.0, 4278732164.0, 5408.0, 1181548544.0, 337969620.0, 0.0, 619398227.0, 9972.0, 1261502464.0, 617817847.0, 0.0, 19811127.0, 33554432.0]",480704405.72113824
6,0.8,12,"[{""x"": -0.2544522285461426, ""y"": 0.7134675979614258, ""z"": 0.0, ""velocity"": 0.0, ""snr"": 0.0}, {""x"": -0.28395652770996094, ""y"": 0.7288455963134766, ""z"": 0.0, ""velocity"": 0.0, ""snr"": 0.0}, {""x"": -0.4271864891052246, ""y"": 0.9495019912719727, ""z"": 0.0, ""velocity"": 0.0, ""snr"": 0.0}, {""x"": -0.2803802490234375, ""y"": 0.9511113166809082, ""z"": 0.0, ""velocity"": 0.0, ""snr"": 0.0}, {""x"": -0.29790401458740234, ""y"": 1.0519623756408691, ""z"": 0.0, ""velocity"": 0.0, ""snr"": 0.0}, {""x"": -0.16933679580688477, ""y"": 0.9523630142211914, ""z"": 0.0, ""velocity"": 0.0, ""snr"": 0.0}, {""x"": -0.15163421630859375, ""y"": 1.7200112342834473, ""z"": 0.0, ""velocity"": 0.0, ""snr"": 0.0}, {""x"": -0.04273653030395508, ""y"": 0.8606314659118652, ""z"": 0.0, ""velocity"": 0.0, ""snr"": 0.0}, {""x"": 0.042557716369628906, ""y"": 0.8971095085144043, ""z"": 0.0, ""velocity"": 0.0, ""snr"": 0.0}, {""x"": -0.016629695892333984, ""y"": 0.9284019470214844, ""z"": 0.0, ""velocity"": 0.0, ""snr"": 0.0}, {""x"": 0.04971027374267578, ""y"": 0.1189112663269043, ""z"": 0.0, ""velocity"": 0.0, ""snr"": 0.0}, {""x"": 1.8714666366577148, ""y"": 1.586616039276123, ""z"": 0.0, ""velocity"": 0.0, ""snr"": 0.0}]","[143520.0, 219852.0, 151690.0, 47201.0, 9558.0, 3109.0, 2034.0, 2142.0, 2613.0, 3196.0, 4289.0, 2909.0, 2289.0, 3582.0, 8107.0, 7598.0, 11117.0, 16407.0, 15570.0, 38629.0, 53750.0, 72786.0, 73690.0, 42331.0, 49411.0, 28869.0, 8161.0, 4193.0, 3530.0, 5029.0, 6477.0, 4983.0, 6177.0, 12079.0, 15325.0, 17948.0, 30753.0, 39637.0, 31983.0, 24225.0, 19236.0, 17895.0, 16050.0, 9126.0, 10306.0, 11884.0, 9366.0, 6399.0, 7855.0, 9368.0, 7654.0, 13545.0, 17302.0, 25031.0, 29908.0, 17972.0, 15192.0, 15529.0, 25009.0, 20368.0, 9365.0, 5857.0, 6150.0, 5208.0, 5441.0, 7004.0, 7078.0, 4645.0, 7728.0, 9955.0, 7547.0, 4487.0, 4235.0, 4710.0, 5416.0, 5417.0, 6887.0, 7197.0, 7541.0, 5851.0, 4019.0, 3233.0, 4697.0, 6305.0, 5292.0, 3859.0, 6392.0, 8460.0, 7421.0, 4573.0, 4100.0, 4298.0, 4026.0, 5340.0, 8055.0, 8796.0, 5700.0, 3879.0, 5043.0, 7013.0, 5031.0, 7547.0, 7209.0, 6163.0, 6412.0, 5570.0, 3814.0, 4768.0, 4194.0, 3913.0, 4330.0, 3814.0, 3043.0, 4446.0, 8331.0, 9745.0, 11535.0, 9998.0, 6626.0, 4374.0, 2582.0, 2982.0, 3846.0, 3212.0, 3198.0, 3040.0, 2211.0, 2571.0]",108626797.58729702
7,0.8,14,"[{""x"": -0.43576955795288086, ""y"": 0.5766749382019043, ""z"": 0.0, ""velocity"": 0.0, ""snr"": 0.0}, {""x"": -0.2664327621459961, ""y"": 1.0467767715454102, ""z"": 0.0, ""velocity"": 0.0, ""snr"": 0.0}, {""x"": -0.17827749252319336, ""y"": 1.077890396118164, ""z"": 0.0, ""velocity"": 0.0, ""snr"": 0.0}, {""x"": -0.22172927856445312, ""y"": 1.7659664154052734, ""z"": 0.0, ""velocity"": 0.0, ""snr"": 0.0}, {""x"": -0.1766681671142578, ""y"": 2.524137496948242, ""z"": 0.0, ""velocity"": 0.0, ""snr"": 0.0}, {""x"": -0.2467632293701172, ""y"": 2.541840076446533, ""z"": 0.0, ""velocity"": 0.0, ""snr"": 0.0}, {""x"": 0.04112720489501953, ""y"": 0.8118152618408203, ""z"": 0.0, ""velocity"": 0.0, ""snr"": 0.0}, {""x"": -0.009834766387939453, ""y"": 0.9761452674865723, ""z"": 0.0, ""velocity"": 0.0, ""snr"": 0.0}, {""x"": 0.05936622619628906, ""y"": 0.8245110511779785, ""z"": 0.0, ""velocity"": 0.0, ""snr"": 0.0}, {""x"": 0.06508827209472656, ""y"": 0.8377432823181152, ""z"": 0.0, ""velocity"": 0.0, ""snr"": 0.0}, {""x"": 0.06830692291259766, ""y"": 0.899970531463623, ""z"": 0.0, ""velocity"": 0.0, ""snr"": 0.0}, {""x"": 0.36531686782836914, ""y"": 0.9613037109375, ""z"": 0.0, ""velocity"": 0.0, ""snr"": 0.0}, {""x"": 1.848757266998291, ""y"": 1.6143321990966797, ""z"": 0.0, ""velocity"": 0.0, ""snr"": 0.0}, {""x"": 1.8401741981506348, ""y"": 1.622021198272705, ""z"": 0.0, ""velocity"": 0.0, ""snr"": 0.0}]","[142943.0, 219554.0, 151446.0, 47006.0, 9697.0, 3218.0, 2166.0, 2069.0, 3147.0, 4118.0, 2770.0, 2363.0, 3366.0, 5301.0, 11473.0, 17546.0, 11600.0, 29500.0, 47074.0, 32660.0, 13018.0, 23668.0, 25321.0, 62990.0, 84135.0, 45491.0, 14945.0, 6532.0, 3731.0, 5636.0, 5799.0, 4227.0, 5776.0, 10538.0, 14145.0, 16549.0, 30962.0, 31639.0, 24716.0, 29444.0, 19659.0, 10474.0, 15319.0, 10848.0, 7474.0, 8212.0, 12484.0, 14345.0, 8421.0, 7678.0, 9370.0, 11814.0, 20841.0, 23822.0, 28496.0, 24501.0, 23772.0, 17213.0, 22815.0, 19451.0, 8615.0, 6078.0, 6762.0, 5952.0, 6665.0, 6206.0, 4977.0, 3366.0, 7544.0, 9662.0, 7384.0, 5101.0, 4649.0, 5422.0, 5861.0, 7688.0, 8280.0, 6739.0, 7178.0, 7222.0, 5547.0, 4544.0, 4280.0, 6246.0, 5463.0, 3998.0, 6136.0, 8910.0, 9712.0, 5906.0, 3570.0, 3962.0, 3443.0, 3761.0, 7317.0, 7801.0, 5275.0, 3865.0, 4928.0, 7008.0, 3934.0, 8261.0, 8487.0, 7221.0, 6704.0, 5929.0, 5105.0, 4232.0, 4723.0, 4538.0, 4545.0, 3878.0, 3751.0, 4079.0, 7908.0, 10176.0, 11722.0, 10430.0, 7098.0, 4068.0, 2565.0, 3380.0, 3503.0, 2904.0, 3091.0, 2708.0, 2110.0, 2707.0]",106454352.07898518
8,0.8,8,"[{""x"": -0.24443864822387695, ""y"": 0.9600520133972168, ""z"": 0.0, ""velocity"": 0.0, ""snr"": 0.0}, {""x"": -0.2338886260986328, ""y"": 0.9773969650268555, ""z"": 0.0, ""velocity"": 0.0, ""snr"": 0.0}, {""x"": -0.049173831939697266, ""y"": 1.0911226272583008, ""z"": 0.0, ""velocity"": 0.0, ""snr"": 0.0}, {""x"": 0.07420778274536133, ""y"": 0.7538795471191406, ""z"": 0.0, ""velocity"": 0.0, ""snr"": 0.0}, {""x"": 0.08296966552734375, ""y"": 0.7628202438354492, ""z"": 0.0, ""velocity"": 0.0, ""snr"": 0.0}, {""x"": 0.06222724914550781, ""y"": 0.7817745208740234, ""z"": 0.0, ""velocity"": 0.0, ""snr"": 0.0}, {""x"": 0.10496377944946289, ""y"": 1.063227653503418, ""z"": 0.0, ""velocity"": 0.0, ""snr"": 0.0}, {""x"": 1.8712878227233887, ""y"": 1.5935897827148438, ""z"": 0.0, ""velocity"": 0.0, ""snr"": 0.0}]","[142828.0, 219403.0, 151222.0, 47170.0, 9795.0, 3143.0, 2185.0, 2231.0, 2926.0, 2776.0, 2253.0, 1589.0, 4235.0, 15684.0, 25743.0, 20193.0, 40961.0, 47309.0, 25434.0, 7779.0, 13713.0, 43336.0, 54762.0, 63221.0, 81851.0, 46925.0, 9436.0, 4706.0, 3945.0, 5398.0, 5306.0, 3364.0, 4100.0, 10010.0, 12535.0, 18316.0, 33113.0, 35980.0, 12288.0, 20420.0, 15053.0, 8885.0, 10969.0, 9633.0, 12124.0, 12466.0, 11970.0, 15775.0, 13301.0, 11728.0, 15365.0, 16332.0, 22628.0, 21271.0, 27496.0, 11283.0, 9544.0, 15917.0, 25410.0, 20993.0, 9907.0, 5995.0, 5706.0, 4974.0, 6319.0, 6656.0, 5260.0, 3836.0, 7546.0, 10117.0, 8191.0, 5414.0, 4959.0, 5432.0, 6824.0, 6684.0, 6878.0, 6837.0, 7343.0, 6795.0, 6055.0, 5395.0, 4646.0, 6728.0, 6209.0, 4342.0, 4961.0, 8071.0, 9087.0, 6368.0, 3887.0, 3853.0, 3117.0, 3587.0, 7733.0, 8260.0, 5926.0, 3919.0, 6140.0, 7811.0, 5118.0, 7739.0, 7729.0, 5582.0, 5416.0, 4661.0, 3948.0, 2932.0, 4126.0, 4030.0, 3573.0, 4461.0, 4916.0, 4823.0, 7550.0, 9185.0, 11518.0, 10497.0, 7464.0, 4084.0, 2439.0, 3019.0, 3228.0, 2706.0, 2754.0, 2332.0, 2222.0, 2620.0]",104325754.032227
9,0.8,12,"[{""x"": -0.43845176696777344, ""y"": 0.908195972442627, ""z"": 0.0, ""velocity"": 0.0, ""snr"": 0.0}, {""x"": -0.37604570388793945, ""y"": 1.031935214996338, ""z"": 0.0, ""velocity"": 0.0, ""snr"": 0.0}, {""x"": -0.2855658531188965, ""y"": 0.9419918060302734, ""z"": 0.0, ""velocity"": 0.0, ""snr"": 0.0}, {""x"": -0.17702579498291016, ""y"": 1.7226934432983398, ""z"": 0.0, ""velocity"": 0.0, ""snr"": 0.0}, {""x"": -0.22298097610473633, ""y"": 1.7636418342590332, ""z"": 0.0, ""velocity"": 0.0, ""snr"": 0.0}, {""x"": 0.07653236389160156, ""y"": 0.6753802299499512, ""z"": 0.0, ""velocity"": 0.0, ""snr"": 0.0}, {""x"": 0.09226799011230469, ""y"": 0.6809234619140625, ""z"": 0.0, ""velocity"": 0.0, ""snr"": 0.0}, {""x"": 0.09638071060180664, ""y"": 0.6889700889587402, ""z"": 0.0, ""velocity"": 0.0, ""snr"": 0.0}, {""x"": 0.08118152618408203, ""y"": 0.7166862487792969, ""z"": 0.0, ""velocity"": 0.0, ""snr"": 0.0}, {""x"": 0.35458803176879883, ""y"": 1.0108351707458496, ""z"": 0.0, ""velocity"": 0.0, ""snr"": 0.0}, {""x"": 0.43398141860961914, ""y"": 0.9927749633789062, ""z"": 0.0, ""velocity"": 0.0, ""snr"": 0.0}, {""x"": 1.8020868301391602, ""y"": 1.6769170761108398, ""z"": 0.0, ""velocity"": 0.0, ""snr"": 0.0}]","[143326.0, 219419.0, 151547.0, 47802.0, 9685.0, 3081.0, 2265.0, 1956.0, 2686.0, 2800.0, 2079.0, 2187.0, 6939.0, 33360.0, 144628.0, 228934.0, 148193.0, 38153.0, 9298.0, 6205.0, 17576.0, 47864.0, 57891.0, 60931.0, 64219.0, 51613.0, 18434.0, 5512.0, 3223.0, 5453.0, 5674.0, 4146.0, 4456.0, 8293.0, 12782.0, 19729.0, 38387.0, 41514.0, 26717.0, 31895.0, 19310.0, 16691.0, 14426.0, 9340.0, 11300.0, 11279.0, 11707.0, 8438.0, 10209.0, 9177.0, 12619.0, 8082.0, 12060.0, 20526.0, 27213.0, 15269.0, 14345.0, 17136.0, 27486.0, 21439.0, 10161.0, 7001.0, 5248.0, 5893.0, 6147.0, 6625.0, 5372.0, 4075.0, 7253.0, 10334.0, 8815.0, 5320.0, 4430.0, 4888.0, 6846.0, 7105.0, 6154.0, 7666.0, 8999.0, 6632.0, 5385.0, 4368.0, 4048.0, 5968.0, 5105.0, 4000.0, 5096.0, 7067.0, 8420.0, 6995.0, 5439.0, 4053.0, 3643.0, 4974.0, 7467.0, 7988.0, 5355.0, 4968.0, 7305.0, 8473.0, 4998.0, 7769.0, 7971.0, 5367.0, 4409.0, 3364.0, 3159.0, 3367.0, 4536.0, 3880.0, 3176.0, 3535.0, 5025.0, 4925.0, 8085.0, 9912.0, 10909.0, 9810.0, 7000.0, 4182.0, 2649.0, 3598.0, 4289.0, 2745.0, 2913.0, 2393.0, 2191.0, 2848.0]",102242684.88511993
10,0.8,13,"[{""x"": -0.20956993103027344, ""y"": 0.9677410125732422, ""z"": 0.0, ""velocity"": 0.0, ""snr"": 0.0}, {""x"": -0.16880035400390625, ""y"": 0.9908080101013184, ""z"": 0.0, ""velocity"": 0.0, ""snr"": 0.0}, {""x"": -0.08028745651245117, ""y"": 1.0464191436767578, ""z"": 0.0, ""velocity"": 0.0, ""snr"": 0.0}, {""x"": -0.2346038818359375, ""y"": 1.723945140838623, ""z"": 0.0, ""velocity"": 0.0, ""snr"": 0.0}, {""x"": -0.20831823348999023, ""y"": 1.7586350440979004, ""z"": 0.0, ""velocity"": 0.0, ""snr"": 0.0}, {""x"": -0.03361701965332031, ""y"": 1.1077523231506348, ""z"": 0.0, ""velocity"": 0.0, ""snr"": 0.0}, {""x"": 0.04756450653076172, ""y"": 0.6077885627746582, ""z"": 0.0, ""velocity"": 0.0, ""snr"": 0.0}, {""x"": 0.06455183029174805, ""y"": 0.6210207939147949, ""z"": 0.0, ""velocity"": 0.0, ""snr"": 0.0}, {""x"": 0.07474422454833984, ""y"": 0.6240606307983398, ""z"": 0.0, ""velocity"": 0.0, ""snr"": 0.0}, {""x"": 0.08422136306762695, ""y"": 0.6330013275146484, ""z"": 0.0, ""velocity"": 0.0, ""snr"": 0.0}, {""x"": 0.09334087371826172, ""y"": 0.6591081619262695, ""z"": 0.0, ""velocity"": 0.0, ""snr"": 0.0}, {""x"": 1.872718334197998, ""y"": 1.5842914581298828, ""z"": 0.0, ""velocity"": 0.0, ""snr"": 0.0}, {""x"": 1.8239021301269531, ""y"": 1.6506314277648926, ""z"": 0.0, ""velocity"": 0.0, ""snr"": 0.0}]","[143231.0, 219524.0, 151342.0, 47338.0, 9509.0, 3252.0, 1950.0, 1991.0, 2552.0, 2528.0, 1809.0, 7385.0, 134126.0, 457585.0, 553327.0, 262233.0, 40338.0, 5581.0, 7074.0, 5660.0, 17229.0, 47900.0, 64673.0, 42852.0, 60489.0, 63052.0, 25571.0, 5214.0, 3082.0, 3852.0, 4503.0, 5187.0, 4797.0, 9640.0, 15468.0, 20262.0, 37761.0, 42981.0, 41633.0, 43663.0, 22309.0, 12186.0, 14533.0, 10542.0, 11812.0, 10846.0, 11684.0, 17338.0, 15854.0, 15075.0, 17262.0, 10387.0, 17078.0, 21896.0, 27494.0, 13541.0, 15455.0, 15560.0, 26089.0, 21082.0, 10111.0, 8250.0, 7029.0, 6406.0, 6002.0, 7019.0, 5564.0, 4427.0, 6885.0, 9787.0, 8213.0, 4421.0, 3817.0, 4662.0, 6996.0, 6893.0, 7058.0, 9096.0, 8230.0, 7469.0, 5333.0, 3979.0, 4289.0, 5663.0, 4955.0, 4315.0, 5109.0, 5739.0, 6585.0, 5582.0, 4211.0, 4040.0, 5841.0, 6837.0, 7590.0, 9158.0, 6222.0, 4036.0, 6352.0, 8438.0, 3905.0, 7620.0, 6864.0, 4199.0, 3664.0, 3032.0, 4795.0, 4992.0, 4010.0, 3518.0, 3769.0, 3136.0, 3956.0, 4150.0, 7900.0, 10959.0, 11574.0, 9609.0, 6344.0, 3651.0, 2743.0, 3849.0, 4774.0, 2966.0, 3040.0, 2668.0, 2000.0, 2710.0]",100204542.81947213
0,0.8,14,"[{""x"": -0.15789270401000977, ""y"": 0.9888410568237305, ""z"": 0.0, ""velocity"": 0.0, ""snr"": 0.0}, {""x"": -0.18328428268432617, ""y"": 1.0095834732055664, ""z"": 0.0, ""velocity"": 0.0, ""snr"": 0.0}, {""x"": -0.07903575897216797, ""y"": 1.061081886291504, ""z"": 0.0, ""velocity"": 0.0, ""snr"": 0.0}, {""x"": -0.2199411392211914, ""y"": 1.6922950744628906, ""z"": 0.0, ""velocity"": 0.0, ""snr"": 0.0}, {""x"": -0.23281574249267578, ""y"": 1.717686653137207, ""z"": 0.0, ""velocity"": 0.0, ""snr"": 0.0}, {""x"": -0.20295381546020508, ""y"": 1.746833324432373, ""z"": 0.0, ""velocity"": 0.0, ""snr"": 0.0}, {""x"": -0.02378225326538086, ""y"": 1.0970234870910645, ""z"": 0.0, ""velocity"": 0.0, ""snr"": 0.0}, {""x"": -0.03647804260253906, ""y"": 1.112043857574463, ""z"": 0.0, ""velocity"": 0.0, ""snr"": 0.0}, {""x"": 0.1291036605834961, ""y"": 0.5664825439453125, ""z"": 0.0, ""velocity"": 0.0, ""snr"": 0.0}, {""x"": 0.1443028450012207, ""y"": 0.5684494972229004, ""z"": 0.0, ""velocity"": 0.0, ""snr"": 0.0}, {""x"": 0.15395879745483398, ""y"": 0.576317310333252, ""z"": 0.0, ""velocity"": 0.0, ""snr"": 0.0}, {""x"": 0.1564621925354004, ""y"": 0.6034970283508301, ""z"": 0.0, ""velocity"": 0.0, ""snr"": 0.0}, {""x"": 1.9041895866394043, ""y"": 1.5529990196228027, ""z"": 0.0, ""velocity"": 0.0, ""snr"": 0.0}, {""x"": 1.8378496170043945, ""y"": 1.635432243347168, ""z"": 0.0, ""velocity"": 0.0, ""snr"": 0.0}]","[142785.0, 219398.0, 151349.0, 47552.0, 9566.0, 3288.0, 2258.0, 2264.0, 2936.0, 2732.0, 3830.0, 60858.0, 218477.0, 283035.0, 147900.0, 28608.0, 4893.0, 2893.0, 4966.0, 5450.0, 10257.0, 38011.0, 68622.0, 83222.0, 107374.0, 78354.0, 24120.0, 4061.0, 3326.0, 4590.0, 4660.0, 4403.0, 3619.0, 9617.0, 20647.0, 16004.0, 33712.0, 53405.0, 56714.0, 41989.0, 18766.0, 13343.0, 14017.0, 11480.0, 14555.0, 13822.0, 11469.0, 7077.0, 7307.0, 11740.0, 16868.0, 11881.0, 8058.0, 21666.0, 27650.0, 12577.0, 8577.0, 16132.0, 25174.0, 20319.0, 9869.0, 7582.0, 7854.0, 5518.0, 5944.0, 6857.0, 6521.0, 4818.0, 7029.0, 9656.0, 8063.0, 5092.0, 3744.0, 4130.0, 6558.0, 6356.0, 6711.0, 8701.0, 8912.0, 8321.0, 5910.0, 4480.0, 4795.0, 7301.0, 6417.0, 4401.0, 4940.0, 5280.0, 4230.0, 3314.0, 4697.0, 4712.0, 6136.0, 8067.0, 8524.0, 9755.0, 6962.0, 3769.0, 5530.0, 7862.0, 3534.0, 7715.0, 7386.0, 4581.0, 3444.0, 3400.0, 4076.0, 3860.0, 3827.0, 3807.0, 4571.0, 3880.0, 3404.0, 4719.0, 9276.0, 11163.0, 10461.0, 8903.0, 6842.0, 4133.0, 2625.0, 3535.0, 4342.0, 3209.0, 3560.0, 2955.0, 2024.0, 2527.0]",98194469.14834467
1,0.8,10,"[{""x"": -0.22011995315551758, ""y"": 0.971674919128418, ""z"": 0.0, ""velocity"": 0.0, ""snr"": 0.0}, {""x"": -0.2510547637939453, ""y"": 0.9773969650268555, ""z"": 0.0, ""velocity"": 0.0, ""snr"": 0.0}, {""x"": -0.2764463424682617, ""y"": 0.9909868240356445, ""z"": 0.0, ""velocity"": 0.0, ""snr"": 0.0}, {""x"": -0.18346309661865234, ""y"": 1.7178654670715332, ""z"": 0.0, ""velocity"": 0.0, ""snr"": 0.0}, {""x"": -0.10496377944946289, ""y"": 1.7534494400024414, ""z"": 0.0, ""velocity"": 0.0, ""snr"": 0.0}, {""x"": 0.0629425048828125, ""y"": 0.5423426628112793, ""z"": 0.0, ""velocity"": 0.0, ""snr"": 0.0}, {""x"": 0.07277727127075195, ""y"": 0.5471706390380859, ""z"": 0.0, ""velocity"": 0.0, ""snr"": 0.0}, {""x"": 0.08547306060791016, ""y"": 0.5507469177246094, ""z"": 0.0, ""velocity"": 0.0, ""snr"": 0.0}, {""x"": 1.868605613708496, ""y"": 1.590728759765625, ""z"": 0.0, ""velocity"": 0.0, ""snr"": 0.0}, {""x"": 1.8614530563354492, ""y"": 1.6091465950012207, ""z"": 0.0, ""velocity"": 0.0, ""snr"": 0.0}]","[143285.0, 219508.0, 151571.0, 47356.0, 9560.0, 3040.0, 1987.0, 2058.0, 2957.0, 2825.0, 24951.0, 138351.0, 236532.0, 155554.0, 35903.0, 4555.0, 2759.0, 3159.0, 4358.0, 5110.0, 11935.0, 44096.0, 64135.0, 47946.0, 23397.0, 12547.0, 6634.0, 5444.0, 5717.0, 4315.0, 4081.0, 4351.0, 4821.0, 8613.0, 16976.0, 9144.0, 31932.0, 44359.0, 41833.0, 27635.0, 11856.0, 9206.0, 9349.0, 9218.0, 12625.0, 14037.0, 12425.0, 6430.0, 7611.0, 10107.0, 7151.0, 5717.0, 7631.0, 21102.0, 25932.0, 12615.0, 6510.0, 15662.0, 25696.0, 19903.0, 10458.0, 6101.0, 5981.0, 5645.0, 6091.0, 6415.0, 6754.0, 4212.0, 6710.0, 9685.0, 7944.0, 4890.0, 4569.0, 3750.0, 6343.0, 7659.0, 8285.0, 8355.0, 8287.0, 6662.0, 4556.0, 4450.0, 4087.0, 5784.0, 5342.0, 4374.0, 4015.0, 3337.0, 4047.0, 4738.0, 4323.0, 3703.0, 7062.0, 9510.0, 9371.0, 9831.0, 6793.0, 4098.0, 5204.0, 7234.0, 4729.0, 8877.0, 7073.0, 3535.0, 2860.0, 2971.0, 3766.0, 3720.0, 3989.0, 4273.0, 4317.0, 3301.0, 3287.0, 4414.0, 9622.0, 12024.0, 11081.0, 8931.0, 6252.0, 3764.0, 2528.0, 3666.0, 4704.0, 3332.0, 3535.0, 2993.0, 2005.0, 2672.0]",96231999.36411956
2,0.8,9,"[{""x"": -0.3338456153869629, ""y"": 0.9527206420898438, ""z"": 0.0, ""velocity"": 0.0, ""snr"": 0.0}, {""x"": -0.33867359161376953, ""y"": 0.979006290435791, ""z"": 0.0, ""velocity"": 0.0, ""snr"": 0.0}, {""x"": -0.28628110885620117, ""y"": 0.9566545486450195, ""z"": 0.0, ""velocity"": 0.0, ""snr"": 0.0}, {""x"": -0.3104209899902344, ""y"": 1.0793209075927734, ""z"": 0.0, ""velocity"": 0.0, ""snr"": 0.0}, {""x"": -0.18990039825439453, ""y"": 1.7094612121582031, ""z"": 0.0, ""velocity"": 0.0, ""snr"": 0.0}, {""x"": 0.06669759750366211, ""y"": 0.5096197128295898, ""z"": 0.0, ""velocity"": 0.0, ""snr"": 0.0}, {""x"": 0.07903575897216797, ""y"": 0.5210638046264648, ""z"": 0.0, ""velocity"": 0.0, ""snr"": 0.0}, {""x"": 0.0883340835571289, ""y"": 0.5239248275756836, ""z"": 0.0, ""velocity"": 0.0, ""snr"": 0.0}, {""x"": 1.9181370735168457, ""y"": 1.5431642532348633, ""z"": 0.0, ""velocity"": 0.0, ""snr"": 0.0}]","[143203.0, 219492.0, 151505.0, 47319.0, 9534.0, 3318.0, 1834.0, 2206.0, 2695.0, 3590.0, 39930.0, 113797.0, 120026.0, 50114.0, 12658.0, 3645.0, 2355.0, 3885.0, 5903.0, 5884.0, 10232.0, 43510.0, 67133.0, 47109.0, 37463.0, 33711.0, 14585.0, 4375.0, 3740.0, 4044.0, 4743.0, 4632.0, 4861.0, 7613.0, 11059.0, 11904.0, 33854.0, 37906.0, 31607.0, 16931.0, 16248.0, 12775.0, 9921.0, 9812.0, 12474.0, 12772.0, 11721.0, 6216.0, 7044.0, 11122.0, 8106.0, 4520.0, 7842.0, 20636.0, 25721.0, 13135.0, 7497.0, 15265.0, 24673.0, 19104.0, 10337.0, 6365.0, 5691.0, 6022.0, 7151.0, 7207.0, 7431.0, 4427.0, 7458.0, 10295.0, 7928.0, 4840.0, 3718.0, 4367.0, 6605.0, 8173.0, 8540.0, 8379.0, 7760.0, 7749.0, 5880.0, 4050.0, 4102.0, 5706.0, 4736.0, 3974.0, 3835.0, 3063.0, 3791.0, 4897.0, 4564.0, 3909.0, 6656.0, 9812.0, 9229.0, 9825.0, 7770.0, 4752.0, 4408.0, 7379.0, 4227.0, 8189.0, 7756.0, 4953.0, 3684.0, 4017.0, 3755.0, 3227.0, 2969.0, 3790.0, 4075.0, 3334.0, 3149.0, 4371.0, 8924.0, 11154.0, 11155.0, 8985.0, 6225.0, 3843.0, 2275.0, 3435.0, 4305.0, 3437.0, 3404.0, 2671.0, 1933.0, 3094.0]",94305434.63322802
3,0.8,6,"[{""x"": -0.3349184989929199, ""y"": 0.9271502494812012, ""z"": 0.0, ""velocity"": 0.0, ""snr"": 0.0}, {""x"": -0.2980828285217285, ""y"": 0.965416431427002, ""z"": 0.0, ""velocity"": 0.0, ""snr"": 0.0}, {""x"": -0.25856494903564453, ""y"": 0.9972453117370605, ""z"": 0.0, ""velocity"": 0.0, ""snr"": 0.0}, {""x"": -0.15270709991455078, ""y"": 1.6815662384033203, ""z"": 0.0, ""velocity"": 0.0, ""snr"": 0.0}, {""x"": -0.1226663589477539, ""y"": 1.7173290252685547, ""z"": 0.0, ""velocity"": 0.0, ""snr"": 0.0}, {""x"": 1.8707513809204102, ""y"": 1.5996694564819336, ""z"": 0.0, ""velocity"": 0.0, ""snr"": 0.0}]","[143152.0, 219590.0, 151534.0, 47279.0, 9601.0, 3080.0, 2041.0, 2173.0, 3128.0, 3972.0, 18822.0, 34098.0, 26300.0, 15139.0, 5188.0, 2655.0, 2260.0, 3334.0, 5289.0, 4409.0, 18237.0, 44129.0, 54841.0, 49069.0, 20044.0, 14638.0, 10010.0, 3401.0, 3217.0, 4506.0, 4626.0, 3723.0, 3830.0, 6752.0, 9804.0, 20821.0, 28422.0, 27376.0, 23305.0, 13448.0, 13943.0, 10174.0, 9317.0, 10050.0, 10485.0, 12735.0, 13122.0, 7413.0, 6952.0, 10884.0, 8215.0, 5858.0, 7435.0, 20523.0, 25220.0, 12873.0, 6379.0, 15439.0, 24349.0, 18810.0, 10804.0, 6189.0, 5680.0, 6057.0, 7564.0, 7142.0, 7275.0, 4304.0, 6932.0, 9877.0, 7949.0, 4931.0, 4054.0, 4198.0, 7079.0, 8173.0, 8058.0, 8328.0, 8248.0, 6704.0, 5428.0, 4630.0, 3934.0, 5382.0, 4996.0, 3732.0, 3827.0, 5304.0, 4858.0, 4047.0, 3730.0, 3348.0, 6435.0, 9425.0, 9390.0, 9936.0, 7544.0, 3630.0, 4545.0, 6943.0, 4464.0, 8815.0, 7599.0, 3809.0, 3344.0, 3558.0, 3779.0, 3169.0, 3764.0, 4046.0, 3921.0, 3241.0, 3822.0, 3681.0, 7760.0, 10493.0, 11002.0, 9155.0, 6059.0, 3165.0, 2522.0, 3224.0, 4234.0, 3164.0, 3843.0, 2902.0, 2308.0, 3013.0]",92418445.1083257
4,0.8,10,"[{""x"": -0.21511316299438477, ""y"": 1.0212063789367676, ""z"": 0.0, ""velocity"": 0.0, ""snr"": 0.0}, {""x"": -0.1850724220275879, ""y"": 1.010298728942871, ""z"": 0.0, ""velocity"": 0.0, ""snr"": 0.0}, {""x"": -0.22941827774047852, ""y"": 1.6878247261047363, ""z"": 0.0, ""velocity"": 0.0, ""snr"": 0.0}, {""x"": -0.21725893020629883, ""y"": 1.7210841178894043, ""z"": 0.0, ""velocity"": 0.0, ""snr"": 0.0}, {""x"": -0.1723766326904297, ""y"": 1.7573833465576172, ""z"": 0.0, ""velocity"": 0.0, ""snr"": 0.0}, {""x"": 0.1004934310913086, ""y"": 0.49799680709838867, ""z"": 0.0, ""velocity"": 0.0, ""snr"": 0.0}, {""x"": 0.10854005813598633, ""y"": 0.5078315734863281, ""z"": 0.0, ""velocity"": 0.0, ""snr"": 0.0}, {""x"": 0.11605024337768555, ""y"": 0.5114078521728516, ""z"": 0.0, ""velocity"": 0.0, ""snr"": 0.0}, {""x"": 1.864314079284668, ""y"": 1.5953779220581055, ""z"": 0.0, ""velocity"": 0.0, ""snr"": 0.0}, {""x"": 1.8483996391296387, ""y"": 1.6202330589294434, ""z"": 0.0, ""velocity"": 0.0, ""snr"": 0.0}]","[143453.0, 219527.0, 151424.0, 47267.0, 9499.0, 2938.0, 1975.0, 1978.0, 2726.0, 5424.0, 37705.0, 86018.0, 77222.0, 26956.0, 6136.0, 2307.0, 2240.0, 2915.0, 4310.0, 6863.0, 13380.0, 16506.0, 24095.0, 35964.0, 23519.0, 24308.0, 12698.0, 4266.0, 3449.0, 4264.0, 4870.0, 5400.0, 5005.0, 8036.0, 12362.0, 11925.0, 28300.0, 37225.0, 41117.0, 30692.0, 18991.0, 9564.0, 10651.0, 10380.0, 9749.0, 11169.0, 11246.0, 5759.0, 7285.0, 11365.0, 8823.0, 5024.0, 7894.0, 21136.0, 26279.0, 11001.0, 6881.0, 16431.0, 25783.0, 19880.0, 8982.0, 5983.0, 5927.0, 5804.0, 6745.0, 6160.0, 6478.0, 4294.0, 6913.0, 9932.0, 8122.0, 3826.0, 3338.0, 3956.0, 6854.0, 7565.0, 6441.0, 7756.0, 7947.0, 7920.0, 5059.0, 4803.0, 3687.0, 5705.0, 5853.0, 4316.0, 3888.0, 4707.0, 3786.0, 4099.0, 3586.0, 4518.0, 7836.0, 10212.0, 9946.0, 10198.0, 7592.0, 3911.0, 5247.0, 7976.0, 4059.0, 9050.0, 8098.0, 4195.0, 3565.0, 3758.0, 3523.0, 2809.0, 3738.0, 4234.0, 4429.0, 3490.0, 3118.0, 3790.0, 8587.0, 11155.0, 10927.0, 9251.0, 6209.0, 3410.0, 2953.0, 3780.0, 3903.0, 3207.0, 3607.0, 2754.0, 2301.0, 2784.0]",90571026.92385563
5,0.8,12,"[{""x"": -0.43004751205444336, ""y"": 0.9346604347229004, ""z"": 0.0, ""velocity"": 0.0, ""snr"": 0.0}, {""x"": -0.4094839096069336, ""y"": 0.9832978248596191, ""z"": 0.0, ""velocity"": 0.0, ""snr"": 0.0}, {""x"": -0.35136938095092773, ""y"": 1.028895378112793, ""z"": 0.0, ""velocity"": 0.0, ""snr"": 0.0}, {""x"": -0.20188093185424805, ""y"": 0.9614825248718262, ""z"": 0.0, ""velocity"": 0.0, ""snr"": 0.0}, {""x"": -0.2968311309814453, ""y"": 1.0762810707092285, ""z"": 0.0, ""velocity"": 0.0, ""snr"": 0.0}, {""x"": -0.2846717834472656, ""y"": 1.7067790031433105, ""z"": 0.0, ""velocity"": 0.0, ""snr"": 0.0}, {""x"": -0.28842687606811523, ""y"": 1.7577409744262695, ""z"": 0.0, ""velocity"": 0.0, ""snr"": 0.0}, {""x"": 0.0985264778137207, ""y"": 0.5005002021789551, ""z"": 0.0, ""velocity"": 0.0, ""snr"": 0.0}, {""x"": 0.10246038436889648, ""y"": 0.5117654800415039, ""z"": 0.0, ""velocity"": 0.0, ""snr"": 0.0}, {""x"": 0.10764598846435547, ""y"": 0.5140900611877441, ""z"": 0.0, ""velocity"": 0.0, ""snr"": 0.0}, {""x"": 1.8759369850158691, ""y"": 1.586616039276123, ""z"": 0.0, ""velocity"": 0.0, ""snr"": 0.0}, {""x"": 1.8374919891357422, ""y"": 1.6331076622009277, ""z"": 0.0, ""velocity"": 0.0, ""snr"": 0.0}]","[143180.0, 219581.0, 151233.0, 47361.0, 9556.0, 3098.0, 2059.0, 1989.0, 2697.0, 5108.0, 41402.0, 101957.0, 96230.0, 32652.0, 5737.0, 2540.0, 2014.0, 2736.0, 4548.0, 5309.0, 9120.0, 21986.0, 25748.0, 44118.0, 43126.0, 29290.0, 13030.0, 4275.0, 3410.0, 4592.0, 5002.0, 4622.0, 3971.0, 7080.0, 9245.0, 17431.0, 30222.0, 39602.0, 28246.0, 28630.0, 24192.0, 14292.0, 12375.0, 11306.0, 11402.0, 12574.0, 11106.0, 5896.0, 6454.0, 8766.0, 9224.0, 8240.0, 9179.0, 20326.0, 26045.0, 10690.0, 8111.0, 16131.0, 26082.0, 20955.0, 8840.0, 6579.0, 5818.0, 5521.0, 6308.0, 6651.0, 5702.0, 3959.0, 7090.0, 10171.0, 8440.0, 5100.0, 4189.0, 3957.0, 6230.0, 6768.0, 5669.0, 7939.0, 8696.0, 8042.0, 4785.0, 4180.0, 3635.0, 5360.0, 5329.0, 4210.0, 3684.0, 3818.0, 3307.0, 3605.0, 3621.0, 3984.0, 7336.0, 10035.0, 9504.0, 9769.0, 7883.0, 4582.0, 5007.0, 7652.0, 3859.0, 8919.0, 8123.0, 4552.0, 3816.0, 3420.0, 3609.0, 3102.0, 3075.0, 3779.0, 4191.0, 3177.0, 2527.0, 4041.0, 9098.0, 11869.0, 11562.0, 9415.0, 6529.0, 3256.0, 3004.0, 3415.0, 3814.0, 3113.0, 3755.0, 3040.0, 2384.0, 2517.0]",88759635.56601487
6,0.8,11,"[{""x"": -0.3325939178466797, ""y"": 0.9947419166564941, ""z"": 0.0, ""velocity"": 0.0, ""snr"": 0.0}, {""x"": -0.37747621536254883, ""y"": 1.015305519104004, ""z"": 0.0, ""velocity"": 0.0, ""snr"": 0.0}, {""x"": -0.22530555725097656, ""y"": 0.9913444519042969, ""z"": 0.0, ""velocity"": 0.0, ""snr"": 0.0}, {""x"": -0.3211498260498047, ""y"": 1.067519187927246, ""z"": 0.0, ""velocity"": 0.0, ""snr"": 0.0}, {""x"": -0.15056133270263672, ""y"": 0.9811520576477051, ""z"": 0.0, ""velocity"": 0.0, ""snr"": 0.0}, {""x"": -0.2868175506591797, ""y"": 1.7069578170776367, ""z"": 0.0, ""velocity"": 0.0, ""snr"": 0.0}, {""x"": -0.2932548522949219, ""y"": 1.7504096031188965, ""z"": 0.0, ""velocity"": 0.0, ""snr"": 0.0}, {""x"": 0.10907649993896484, ""y"": 0.5112290382385254, ""z"": 0.0, ""velocity"": 0.0, ""snr"": 0.0}, {""x"": 0.10263919830322266, ""y"": 0.5169510841369629, ""z"": 0.0, ""velocity"": 0.0, ""snr"": 0.0}, {""x"": 1.9251108169555664, ""y"": 1.5281438827514648, ""z"": 0.0, ""velocity"": 0.0, ""snr"": 0.0}, {""x"": 1.871645450592041, ""y"": 1.592695713043213, ""z"": 0.0, ""velocity"": 0.0, ""snr"": 0.0}]","[143414.0, 219902.0, 151688.0, 47306.0, 9918.0, 3098.0, 1954.0, 2296.0, 2803.0, 4529.0, 34487.0, 86663.0, 83666.0, 31070.0, 5228.0, 1954.0, 2323.0, 758713621.0, 3784409.0, 4096000.0, 171933696.0, 2785017856.0, 1268212.0, 1728053248.0, 2851434053.0, 20.0, 3594811392.0, 1426934.0, 1962934272.0, 1391936581.0, 22.0, 1732985344.0, 1370878.0, 1459617792.0, 704572485.0, 21.0, 1480880640.0, 1410562.0, 1845493760.0, 2516654659.0, 2.0, 3443732992.0, 2430758.0, 889192448.0, 942121033.0, 36.0, 776616448.0, 1.0, 3875536898.0, 771752494.0, 3187671898.0, 352322128.0, 1627390136.0, 134217764.0, 2936012812.0, 4093640711.0, 3976200200.0, 2533359631.0, 4076863511.0, 4093640725.0, 4127195149.0, 2315255821.0, 1610612749.0, 1476395020.0, 1040187400.0, 1258291208.0, 1459617803.0, 2030043151.0, 419430426.0, 838860939.0, 3539992841.0, 402653396.0, 1962934594.0, 2348810558.0, 268435601.0, 3355443228.0, 3690987531.0, 4009754636.0, 4143972371.0, 1929379860.0, 2231369742.0, 1627389970.0, 1660944415.0, 2332033063.0, 234881080.0, 4227858549.0, 2097152124.0, 2600468541.0, 520093765.0, 2650800210.0, 1879048240.0, 3472883762.0, 1325400107.0, 1744830495.0, 3875536938.0, 3204448292.0, 2382364690.0, 1325400086.0, 1426063390.0, 1845493782.0, 2466250777.0, 3154116646.0, 234881106.0, 2852126824.0, 2348810281.0, 3019898913.0, 3623878714.0, 1224736864.0, 838860883.0, 3825205289.0, 2214592539.0, 872415257.0, 3539992595.0, 2248146965.0, 654311449.0, 3019898903.0, 2835349520.0, 956301340.0, 1056964646.0, 2113929247.0, 2717909012.0, 2130706445.0, 285212691.0, 3523215381.0, 855638035.0, 2550136855.0, 838860826.0, 620757022.0]",1526534973.7308774
7,0.8,10,"[{""x"": -0.486910343170166, ""y"": 0.9083747863769531, ""z"": 0.0, ""velocity"": 0.0, ""snr"": 0.0}, {""x"": -0.42825937271118164, ""y"": 0.9763240814208984, ""z"": 0.0, ""velocity"": 0.0, ""snr"": 0.0}, {""x"": -0.36835670471191406, ""y"": 1.0161995887756348, ""z"": 0.0, ""velocity"": 0.0, ""snr"": 0.0}, {""x"": -0.38570165634155273, ""y"": 1.028001308441162, ""z"": 0.0, ""velocity"": 0.0, ""snr"": 0.0}, {""x"": -0.016987323760986328, ""y"": 0.9591579437255859, ""z"": 0.0, ""velocity"": 0.0, ""snr"": 0.0}, {""x"": -0.03540515899658203, ""y"": 0.9702444076538086, ""z"": 0.0, ""velocity"": 0.0, ""snr"": 0.0}, {""x"": -0.040411949157714844, ""y"": 0.9963512420654297, ""z"": 0.0, ""velocity"": 0.0, ""snr"": 0.0}, {""x"": 0.0502467155456543, ""y"": 0.11873245239257812, ""z"": 0.0, ""velocity"": 0.0, ""snr"": 0.0}, {""x"": 1.7901062965393066, ""y"": 1.6838908195495605, ""z"": 0.0, ""velocity"": 0.0, ""snr"": 0.0}, {""x"": 1.7970800399780273, ""y"": 1.678168773651123, ""z"": 0.0, ""velocity"": 0.0, ""snr"": 0.0}]","[143005.0, 219566.0, 151480.0, 47252.0, 9576.0, 3188.0, 2041.0, 2279.0, 3008.0, 2694.0, 2674.0, 5226.0, 5677.0, 3602.0, 3502.0, 3203.0, 3187.0, 3319.0, 3882.0, 5713.0, 28495.0, 53925.0, 45802.0, 78242.0, 78393.0, 35654.0, 7764.0, 3753.0, 2727.0, 4097.0, 4506.0, 4484.0, 5762.0, 8308.0, 10463.0, 15597.0, 29068.0, 31267.0, 22794.0, 24714.0, 22381.0, 13022.0, 14474.0, 12812.0, 7744.0, 10370.0, 9285.0, 4718.0, 6088.0, 8817.0, 6719.0, 6974.0, 10052.0, 20973.0, 26941.0, 11306.0, 9796.0, 14801.0, 24184.0, 20260.0, 10046.0, 8027.0, 6862.0, 5613.0, 5592.0, 6384.0, 5509.0, 4256.0, 7425.0, 9725.0, 7980.0, 4921.0, 3889.0, 5175.0, 6269.0, 5629.0, 6773.0, 6905.0, 7918.0, 6790.0, 4510.0, 4339.0, 3635.0, 4306.0, 4407.0, 4080.0, 4759.0, 5656.0, 5015.0, 3705.0, 3908.0, 3590.0, 5265.0, 5519.0, 7083.0, 9354.0, 5399.0, 3937.0, 7492.0, 9418.0, 4196.0, 7943.0, 7055.0, 4228.0, 4250.0, 3078.0, 3032.0, 3975.0, 4652.0, 4506.0, 3674.0, 3563.0, 4917.0, 4764.0, 8180.0, 10385.0, 11651.0, 9597.0, 6193.0, 3788.0, 3216.0, 3918.0, 4713.0, 3365.0, 3581.0, 2899.0, 2666.0, 3268.0]",117153088.86174297
8,0.8,11,"[{""x"": -0.3567337989807129, ""y"": 0.9999275207519531, ""z"": 0.0, ""velocity"": 0.0, ""snr"": 0.0}, {""x"": -0.39070844650268555, ""y"": 1.0117292404174805, ""z"": 0.0, ""velocity"": 0.0, ""snr"": 0.0}, {""x"": -0.4093050956726074, ""y"": 1.019597053527832, ""z"": 0.0, ""velocity"": 0.0, ""snr"": 0.0}, {""x"": -0.2651810646057129, ""y"": 1.8067359924316406, ""z"": 0.0, ""velocity"": 0.0, ""snr"": 0.0}, {""x"": -0.0007152557373046875, ""y"": 0.9298324584960938, ""z"": 0.0, ""velocity"": 0.0, ""snr"": 0.0}, {""x"": 0.016808509826660156, ""y"": 0.9575486183166504, ""z"": 0.0, ""velocity"": 0.0, ""snr"": 0.0}, {""x"": 0.009834766387939453, ""y"": 0.9677410125732422, ""z"": 0.0, ""velocity"": 0.0, ""snr"": 0.0}, {""x"": -0.02682209014892578, ""y"": 0.990450382232666, ""z"": 0.0, ""velocity"": 0.0, ""snr"": 0.0}, {""x"": -0.009834766387939453, ""y"": 2.615690231323242, ""z"": 0.0, ""velocity"": 0.0, ""snr"": 0.0}, {""x"": 0.04971027374267578, ""y"": 0.11909008026123047, ""z"": 0.0, ""velocity"": 0.0, ""snr"": 0.0}, {""x"": 1.7954707145690918, ""y"": 1.6824603080749512, ""z"": 0.0, ""velocity"": 0.0, ""snr"": 0.0}]","[143302.0, 219421.0, 151598.0, 46989.0, 9640.0, 3255.0, 1980.0, 1927.0, 2158.0, 2372.0, 3284.0, 6108.0, 5978.0, 3562.0, 3017.0, 2081.0, 2082.0, 5114636.0, 6318080.0, 4165120.0, 3360000.0, 2883328.0, 2427904.0, 2304512.0, 2298880.0, 1665792.0, 1666560.0, 2387968.0, 1774592.0, 1802496.0, 1697536.0, 5242880.0, 7015424.0, 3080704.0, 3132160.0, 4122624.0, 6449664.0, 5272832.0, 2384896.0, 2070528.0, 1569280.0, 1569536.0, 1561600.0, 1858304.0, 1629696.0, 1283840.0, 1711616.0, 2341888.0, 1903104.0, 1270016.0, 950784.0, 1243392.0, 1747712.0, 1596928.0, 1591296.0, 2015488.0, 2286848.0, 2162176.0, 1423616.0, 1292800.0, 1027584.0, 1157888.0, 1142528.0, 1036800.0, 1175296.0, 1424384.0, 1485056.0, 1185536.0, 848128.0, 1031936.0, 1451008.0, 1617920.0, 1787136.0, 2544896.0, 1606656.0, 946688.0, 1696000.0, 2186240.0, 1055232.0, 2304512.0, 2144000.0, 1283584.0, 1067776.0, 796928.0, 722432.0, 930048.0, 1197568.0, 1139712.0, 1034752.0, 895488.0, 1197568.0, 1197568.0, 2197760.0, 2762240.0, 2912000.0, 2504448.0, 1666304.0, 959232.0, 721664.0, 1076736.0, 1268736.0, 817408.0, 979200.0, 771840.0, 704768.0, 792832.0, 0.0, 33554432.0, 100860929.0, 460805.0, 2684683523.0, 838860802.0, 1845496420.0, 1.0, 134217728.0, 33554432.0, 4278190080.0, 771751935.0, 1677721601.0, 0.0, 758725504.0, 3784409.0, 4096000.0, 138379264.0, 385875968.0, 1443066.0, 1962934272.0, 1224268872.0]",220298340.32792678
9,0.8,10,"[{""x"": -0.29343366622924805, ""y"": 0.9899139404296875, ""z"": 0.0, ""velocity"": 0.0, ""snr"": 0.0}, {""x"": -0.3184676170349121, ""y"": 1.0156631469726562, ""z"": 0.0, ""velocity"": 0.0, ""snr"": 0.0}, {""x"": -0.2955794334411621, ""y"": 1.040339469909668, ""z"": 0.0, ""velocity"": 0.0, ""snr"": 0.0}, {""x"": -0.17845630645751953, ""y"": 0.9530782699584961, ""z"": 0.0, ""velocity"": 0.0, ""snr"": 0.0}, {""x"": -0.04488229751586914, ""y"": 2.6158690452575684, ""z"": 0.0, ""velocity"": 0.0, ""snr"": 0.0}, {""x"": 0.07295608520507812, ""y"": 0.8271932601928711, ""z"": 0.0, ""velocity"": 0.0, ""snr"": 0.0}, {""x"": 0.09137392044067383, ""y"": 0.8413195610046387, ""z"": 0.0, ""velocity"": 0.0, ""snr"": 0.0}, {""x"": 0.0928044319152832, ""y"": 0.84686279296875, ""z"": 0.0, ""velocity"": 0.0, ""snr"": 0.0}, {""x"": 0.07653236389160156, ""y"": 0.8758306503295898, ""z"": 0.0, ""velocity"": 0.0, ""snr"": 0.0}, {""x"": 0.051140785217285156, ""y"": 0.1189112663269043, ""z"": 0.0, ""velocity"": 0.0, ""snr"": 0.0}]","[143288.0, 219707.0, 151788.0, 47155.0, 9624.0, 3271.0, 1930.0, 1987.0, 2644.0, 2885.0, 2712.0, 2398.0, 5209.0, 6697.0, 8255.0, 12722.0, 8920.0, 24987.0, 68639.0, 70595.0, 854589440.0, 769458176.0, 534118400.0, 630718464.0, 1353383936.0, 1417347072.0, 639696896.0, 2597126144.0, 2201157632.0, 544735232.0, 942211072.0, 1469186048.0, 1908998144.0, 1200226304.0, 1139998720.0, 1423245312.0, 1781137408.0, 1431240704.0, 612302848.0, 489881600.0, 427294720.0, 404291584.0, 433061888.0, 456851456.0, 440270848.0, 392495104.0, 455933952.0, 621608960.0, 491126784.0, 324403200.0, 306118656.0, 345178112.0, 433848320.0, 448528384.0, 615579648.0, 582287360.0, 612827136.0, 554827776.0, 342949888.0, 276758528.0, 276955136.0, 368181248.0, 355336192.0, 297205760.0, 324730880.0, 370016256.0, 345571328.0, 379191296.0, 242483200.0, 235601920.0, 379453440.0, 436797440.0, 502005760.0, 659488768.0, 446103552.0, 240123904.0, 416153600.0, 531365888.0, 269484032.0, 585105408.0, 496828416.0, 246546432.0, 207224832.0, 255262720.0, 265355264.0, 328990720.0, 378601472.0, 371458048.0, 313131008.0, 254083072.0, 266731520.0, 337969152.0, 553779200.0, 744357888.0, 798097408.0, 636682240.0, 413794304.0, 216858624.0, 212008960.0, 319619072.0, 354942976.0, 221642752.0, 224526336.0, 225771520.0, 203227136.0, 210436096.0, 0.0, 0.0, 0.0, 0.0, 16908288.0, 84280068.0, 50333448.0, 46138629.0, 1680998400.0, 24117258.0, 0.0, 720896.0, 131072.0, 4294901760.0, 19791871.0, 8519680.0, 2147483648.0, 3643619643.0, 14782.0, 16000.0, 737152.0, 4204068864.0]",440495959.53200597
0,0.8,10,"[{""x"": -0.2009868621826172, ""y"": 0.9756088256835938, ""z"": 0.0, ""velocity"": 0.0, ""snr"": 0.0}, {""x"": -0.18292665481567383, ""y"": 1.0126233100891113, ""z"": 0.0, ""velocity"": 0.0, ""snr"": 0.0}, {""x"": -0.08422136306762695, ""y"": 1.0626912117004395, ""z"": 0.0, ""velocity"": 0.0, ""snr"": 0.0}, {""x"": 0.027000904083251953, ""y"": 0.6862878799438477, ""z"": 0.0, ""velocity"": 0.0, ""snr"": 0.0}, {""x"": 0.020563602447509766, ""y"": 0.6946921348571777, ""z"": 0.0, ""velocity"": 0.0, ""snr"": 0.0}, {""x"": 0.012516975402832031, ""y"": 0.7009506225585938, ""z"": 0.0, ""velocity"": 0.0, ""snr"": 0.0}, {""x"": -0.008940696716308594, ""y"": 0.720977783203125, ""z"": 0.0, ""velocity"": 0.0, ""snr"": 0.0}, {""x"": -0.013947486877441406, ""y"": 1.093447208404541, ""z"": 0.0, ""velocity"": 0.0, ""snr"": 0.0}, {""x"": 0.026106834411621094, ""y"": 1.1073946952819824, ""z"": 0.0, ""velocity"": 0.0, ""snr"": 0.0}, {""x"": 1.736462116241455, ""y"": 1.7470121383666992, ""z"": 0.0, ""velocity"": 0.0, ""snr"": 0.0}]","[143440.0, 219869.0, 151923.0, 47334.0, 9465.0, 2937.0, 2078.0, 2105.0, 2870.0, 2988.0, 1882.0, 1912.0, 5368.0, 26551.0, 101942.0, 195795.0, 147891.0, 43934.0, 6615.0, 5381.0, 12635.0, 34169.0, 58799.0, 81718.0, 102477.0, 65121.0, 18609.0, 5516.0, 4535.0, 6104.0, 5461.0, 4673.0, 6468.0, 9255.0, 12520.0, 19824.0, 38193.0, 37697.0, 23782.0, 24002.0, 22181.0, 13249.0, 8946.0, 9326.0, 11936.0, 15783.0, 15293.0, 17446.0, 10203.0, 15473.0, 20835.0, 12695.0, 9540.0, 21784.0, 28937.0, 14695.0, 11109.0, 15694.0, 27945.0, 23598.0, 11316.0, 6914.0, 6286.0, 6001.0, 6349.0, 6778.0, 5803.0, 4001.0, 7661.0, 9810.0, 8034.0, 4727.0, 3837.0, 5914.0, 7053.0, 7526.0, 8191.0, 6737.0, 7446.0, 6819.0, 5131.0, 4247.0, 3816.0, 5832.0, 5353.0, 3857.0, 4081.0, 5078.0, 4416.0, 3774.0, 3622.0, 3685.0, 5123.0, 7079.0, 7676.0, 9740.0, 7229.0, 3342.0, 6560.0, 8372.0, 4030.0, 9167.0, 7689.0, 3574.0, 3021.0, 3494.0, 4848.0, 5382.0, 5058.0, 4573.0, 4328.0, 3267.0, 3766.0, 4592.0, 8840.0, 10812.0, 11707.0, 9887.0, 6961.0, 3949.0, 2910.0, 4404.0, 4514.0, 2443.0, 3768.0, 3734.0, 3242.0, 2973.0]",123164428.49540605
1,0.8,11,"[{""x"": -0.2276301383972168, ""y"": 1.0482072830200195, ""z"": 0.0, ""velocity"": 0.0, ""snr"": 0.0}, {""x"": -0.2027750015258789, ""y"": 1.078963279724121, ""z"": 0.0, ""velocity"": 0.0, ""snr"": 0.0}, {""x"": 0.02574920654296875, ""y"": 0.6360411643981934, ""z"": 0.0, ""velocity"": 0.0, ""snr"": 0.0}, {""x"": 0.03451108932495117, ""y"": 0.6410479545593262, ""z"": 0.0, ""velocity"": 0.0, ""snr"": 0.0}, {""x"": 0.03808736801147461, ""y"": 0.6462335586547852, ""z"": 0.0, ""velocity"": 0.0, ""snr"": 0.0}, {""x"": 0.041484832763671875, ""y"": 0.6675124168395996, ""z"": 0.0, ""velocity"": 0.0, ""snr"": 0.0}, {""x"": -0.045418739318847656, ""y"": 1.0254979133605957, ""z"": 0.0, ""velocity"": 0.0, ""snr"": 0.0}, {""x"": -0.12642145156860352, ""y"": 2.521634101867676, ""z"": 0.0, ""velocity"": 0.0, ""snr"": 0.0}, {""x"": -0.011801719665527344, ""y"": 2.5434494018554688, ""z"": 0.0, ""velocity"": 0.0, ""snr"": 0.0}, {""x"": 1.7647147178649902, ""y"": 1.709282398223877, ""z"": 0.0, ""velocity"": 0.0, ""snr"": 0.0}, {""x"": 1.7548799514770508, ""y"": 1.7268061637878418, ""z"": 0.0, ""velocity"": 0.0, ""snr"": 0.0}]","[143239.0, 219500.0, 151440.0, 47277.0, 9687.0, 3322.0, 2211.0, 2190.0, 2785.0, 2788.0, 1826.0, 2309.0, 28274.0, 150525.0, 249569.0, 158270.0, 33253.0, 3586.0, 4083.0, 5350.0, 9685.0, 25247.0, 45987.0, 66516.0, 86806.0, 63020.0, 18679.0, 4628.0, 3417.0, 5786.0, 6609.0, 4782.0, 5887.0, 11535.0, 14444.0, 14868.0, 32333.0, 40817.0, 37899.0, 34926.0, 26135.0, 19445.0, 14587.0, 8762.0, 10562.0, 13313.0, 11110.0, 24584.0, 16960.0, 29244.0, 41512.0, 23307.0, 23508.0, 22977.0, 29530.0, 24193.0, 20945.0, 16416.0, 25431.0, 19766.0, 8573.0, 7335.0, 7294.0, 6333.0, 7317.0, 7028.0, 6088.0, 5295.0, 6975.0, 8871.0, 7051.0, 4676.0, 4289.0, 4689.0, 6965.0, 7227.0, 7597.0, 8219.0, 8973.0, 8269.0, 6330.0, 4830.0, 4517.0, 5770.0, 5369.0, 4953.0, 4311.0, 5088.0, 4533.0, 3657.0, 3536.0, 3289.0, 5489.0, 6140.0, 6721.0, 9543.0, 7053.0, 3299.0, 5582.0, 7860.0, 4834.0, 9331.0, 8117.0, 4301.0, 3303.0, 3991.0, 5259.0, 5896.0, 5558.0, 5084.0, 4368.0, 3661.0, 3459.0, 3605.0, 8575.0, 11630.0, 12447.0, 10514.0, 7241.0, 4164.0, 3141.0, 4328.0, 4665.0, 2522.0, 3696.0, 3294.0, 2714.0, 2864.0]",120701783.15386859
2,0.8,6,"[{""x"": 0.05614757537841797, ""y"": 0.5934834480285645, ""z"": 0.0, ""velocity"": 0.0, ""snr"": 0.0}, {""x"": 0.06312131881713867, ""y"": 0.5995631217956543, ""z"": 0.0, ""velocity"": 0.0, ""snr"": 0.0}, {""x"": 0.06490945816040039, ""y"": 0.6034970283508301, ""z"": 0.0, ""velocity"": 0.0, ""snr"": 0.0}, {""x"": 0.053822994232177734, ""y"": 0.6228089332580566, ""z"": 0.0, ""velocity"": 0.0, ""snr"": 0.0}, {""x"": 1.8230080604553223, ""y"": 1.645803451538086, ""z"": 0.0, ""velocity"": 0.0, ""snr"": 0.0}, {""x"": 1.7995834350585938, ""y"": 1.673877239227295, ""z"": 0.0, ""velocity"": 0.0, ""snr"": 0.0}]","[143585.0, 219913.0, 151739.0, 47305.0, 9714.0, 3281.0, 2125.0, 2298.0, 2867.0, 2779.0, 2096.0, 28144.0, 197951.0, 384249.0, 282351.0, 72032.0, 7144.0, 3597.0, 3904.0, 4527.0, 6773.0, 20467.0, 24680.0, 37539.0, 54513.0, 36115.0, 10653.0, 4740.0, 3671.0, 5824.0, 7193.0, 5290.0, 6534.0, 12211.0, 21535.0, 27762.0, 43086.0, 32470.0, 23568.0, 31475.0, 24617.0, 19252.0, 17870.0, 14494.0, 9883.0, 12387.0, 10837.0, 8562.0, 7424.0, 10537.0, 13487.0, 9483.0, 9600.0, 22136.0, 27343.0, 11332.0, 7312.0, 16404.0, 25036.0, 19800.0, 8594.0, 6051.0, 4473.0, 5754.0, 7472.0, 7053.0, 5619.0, 3813.0, 7259.0, 9570.0, 7009.0, 4709.0, 4047.0, 4500.0, 6299.0, 5985.0, 5425.0, 6848.0, 7847.0, 8128.0, 5125.0, 3743.0, 3814.0, 5295.0, 4936.0, 4107.0, 3767.0, 4190.0, 3884.0, 3305.0, 3668.0, 4735.0, 6773.0, 7190.0, 7234.0, 9358.0, 6587.0, 3385.0, 5182.0, 7833.0, 4995.0, 9140.0, 7942.0, 3650.0, 3031.0, 4553.0, 5247.0, 4927.0, 4419.0, 4409.0, 4261.0, 3414.0, 3370.0, 3502.0, 7511.0, 10098.0, 11606.0, 10124.0, 6888.0, 3460.0, 3344.0, 4762.0, 4721.0, 3229.0, 4015.0, 3804.0, 2906.0, 3055.0]",118292479.86498499
3,0.8,9,"[{""x"": -0.20617246627807617, ""y"": 0.9983181953430176, ""z"": 0.0, ""velocity"": 0.0, ""snr"": 0.0}, {""x"": -0.3104209899902344, ""y"": 1.0750293731689453, ""z"": 0.0, ""velocity"": 0.0, ""snr"": 0.0}, {""x"": -0.2338886260986328, ""y"": 1.0972023010253906, ""z"": 0.0, ""velocity"": 0.0, ""snr"": 0.0}, {""x"": 0.05310773849487305, ""y"": 1.072525978088379, ""z"": 0.0, ""velocity"": 0.0, ""snr"": 0.0}, {""x"": 0.06026029586791992, ""y"": 0.5516409873962402, ""z"": 0.0, ""velocity"": 0.0, ""snr"": 0.0}, {""x"": 0.0674128532409668, ""y"": 0.5612969398498535, ""z"": 0.0, ""velocity"": 0.0, ""snr"": 0.0}, {""x"": 0.06902217864990234, ""y"": 0.5666613578796387, ""z"": 0.0, ""velocity"": 0.0, ""snr"": 0.0}, {""x"": 0.062406063079833984, ""y"": 0.5841851234436035, ""z"": 0.0, ""velocity"": 0.0, ""snr"": 0.0}, {""x"": 1.8811225891113281, ""y"": 1.5816092491149902, ""z"": 0.0, ""velocity"": 0.0, ""snr"": 0.0}]","[143664.0, 219591.0, 151541.0, 47309.0, 9330.0, 3260.0, 2033.0, 2044.0, 2806.0, 2829.0, 14930.0, 133127.0, 307326.0, 276278.0, 100250.0, 16015.0, 4308.0, 2536.0, 2849.0, 3936.0, 4885.0, 18492.0, 32165.0, 40370.0, 75162.0, 72436.0, 26723.0, 4219.0, 2715.0, 4684.0, 5297.0, 4574.0, 6452.0, 9041.0, 11417.0, 10560.0, 29315.0, 32632.0, 22359.0, 19709.0, 16595.0, 14041.0, 15037.0, 12440.0, 11108.0, 13140.0, 10710.0, 8591.0, 7369.0, 9058.0, 9121.0, 5387.0, 7368.0, 20679.0, 26221.0, 10531.0, 7149.0, 16603.0, 26228.0, 20885.0, 9383.0, 6237.0, 4604.0, 5401.0, 7010.0, 7748.0, 6632.0, 4275.0, 7621.0, 10516.0, 8530.0, 5058.0, 4192.0, 4122.0, 5956.0, 5996.0, 5166.0, 6209.0, 7790.0, 7816.0, 5167.0, 4526.0, 4747.0, 6568.0, 5668.0, 5422.0, 5101.0, 5423.0, 4298.0, 5176.0, 5834.0, 5960.0, 7608.0, 8828.0, 8324.0, 9874.0, 7726.0, 3515.0, 5425.0, 7764.0, 5492.0, 8699.0, 7594.0, 3869.0, 2818.0, 3649.0, 4673.0, 5313.0, 4664.0, 4013.0, 3724.0, 3275.0, 3593.0, 4866.0, 8351.0, 10485.0, 11719.0, 10479.0, 6914.0, 3369.0, 3190.0, 4358.0, 4691.0, 2978.0, 3946.0, 3303.0, 2782.0, 2967.0]",115925739.10421553
4,0.8,10,"[{""x"": -0.35315752029418945, ""y"": 0.9309053421020508, ""z"": 0.0, ""velocity"": 0.0, ""snr"": 0.0}, {""x"": -0.4228949546813965, ""y"": 0.9294748306274414, ""z"": 0.0, ""velocity"": 0.0, ""snr"": 0.0}, {""x"": -0.4448890686035156, ""y"": 0.9663105010986328, ""z"": 0.0, ""velocity"": 0.0, ""snr"": 0.0}, {""x"": -0.31256675720214844, ""y"": 1.059114933013916, ""z"": 0.0, ""velocity"": 0.0, ""snr"": 0.0}, {""x"": -0.2498030662536621, ""y"": 1.091301441192627, ""z"": 0.0, ""velocity"": 0.0, ""snr"": 0.0}, {""x"": -0.02110004425048828, ""y"": 0.5412697792053223, ""z"": 0.0, ""velocity"": 0.0, ""snr"": 0.0}, {""x"": 0.0012516975402832031, ""y"": 0.5477070808410645, ""z"": 0.0, ""velocity"": 0.0, ""snr"": 0.0}, {""x"": 0.02002716064453125, ""y"": 0.5568265914916992, ""z"": 0.0, ""velocity"": 0.0, ""snr"": 0.0}, {""x"": 1.7806291580200195, ""y"": 1.6912221908569336, ""z"": 0.0, ""velocity"": 0.0, ""snr"": 0.0}, {""x"": 1.7954707145690918, ""y"": 1.676023006439209, ""z"": 0.0, ""velocity"": 0.0, ""snr"": 0.0}]","[143011.0, 219771.0, 151587.0, 47293.0, 9460.0, 2918.0, 1950.0, 1887.0, 2755.0, 2906.0, 25074.0, 109367.0, 166166.0, 102186.0, 26612.0, 5709.0, 2691.0, 2088.0, 2490.0, 4043.0, 8651.0, 27040.0, 41496.0, 47516.0, 63681.0, 54900.0, 20377.0, 5460.0, 3469.0, 4944.0, 5312.0, 4421.0, 5645.0, 11137.0, 14479.0, 14061.0, 24224.0, 32204.0, 19855.0, 17087.0, 14707.0, 13903.0, 17074.0, 9581.0, 9440.0, 10327.0, 11321.0, 7746.0, 5855.0, 8342.0, 8497.0, 5404.0, 6512.0, 21453.0, 26422.0, 10042.0, 8845.0, 18067.0, 27972.0, 21748.0, 9438.0, 6188.0, 4565.0, 5719.0, 6010.0, 7090.0, 5752.0, 4431.0, 8345.0, 10966.0, 8681.0, 4388.0, 3456.0, 5315.0, 6938.0, 6605.0, 5900.0, 7482.0, 7358.0, 6697.0, 4292.0, 3957.0, 3852.0, 5751.0, 5256.0, 3431.0, 3267.0, 4574.0, 4790.0, 6569.0, 6257.0, 4762.0, 7871.0, 10037.0, 9140.0, 9923.0, 7400.0, 4029.0, 6325.0, 8227.0, 4212.0, 8117.0, 7826.0, 4628.0, 3145.0, 3515.0, 5058.0, 5614.0, 5265.0, 3963.0, 3912.0, 3543.0, 3669.0, 4963.0, 8346.0, 10576.0, 11141.0, 9544.0, 6958.0, 3789.0, 3004.0, 4159.0, 4919.0, 2765.0, 3720.0, 3690.0, 2860.0, 3306.0]",113604453.15589193
5,0.8,9,"[{""x"": -0.5756020545959473, ""y"": 0.9430646896362305, ""z"": 0.0, ""velocity"": 0.0, ""snr"": 0.0}, {""x"": -0.3508329391479492, ""y"": 0.9325146675109863, ""z"": 0.0, ""velocity"": 0.0, ""snr"": 0.0}, {""x"": -0.32830238342285156, ""y"": 0.9600520133972168, ""z"": 0.0, ""velocity"": 0.0, ""snr"": 0.0}, {""x"": -0.4699230194091797, ""y"": 0.9677410125732422, ""z"": 0.0, ""velocity"": 0.0, ""snr"": 0.0}, {""x"": -0.3102421760559082, ""y"": 0.9954571723937988, ""z"": 0.0, ""velocity"": 0.0, ""snr"": 0.0}, {""x"": -0.24014711380004883, ""y"": 1.7128586769104004, ""z"": 0.0, ""velocity"": 0.0, ""snr"": 0.0}, {""x"": -0.21439790725708008, ""y"": 1.7552375793457031, ""z"": 0.0, ""velocity"": 0.0, ""snr"": 0.0}, {""x"": 1.9156336784362793, ""y"": 1.5342235565185547, ""z"": 0.0, ""velocity"": 0.0, ""snr"": 0.0}, {""x"": 1.913130283355713, ""y"": 1.5411972999572754, ""z"": 0.0, ""velocity"": 0.0, ""snr"": 0.0}]","[143582.0, 219614.0, 151885.0, 47254.0, 9631.0, 3147.0, 2037.0, 1909.0, 2499.0, 3931.0, 21624.0, 46483.0, 42780.0, 18047.0, 5537.0, 2829.0, 2888.0, 2824.0, 2566.0, 4643.0, 15010.0, 53750.0, 79820.0, 73817.0, 55670.0, 30450.0, 9885.0, 3436.0, 3241.0, 5272.0, 5747.0, 3832.0, 4111.0, 6904.0, 11580.0, 16402.0, 30658.0, 38699.0, 34156.0, 26408.0, 17538.0, 9719.0, 11259.0, 7572.0, 8669.0, 10863.0, 10181.0, 6739.0, 4883.0, 7094.0, 6603.0, 4672.0, 7847.0, 22336.0, 27931.0, 11371.0, 9254.0, 13645.0, 24493.0, 19838.0, 8091.0, 5319.0, 4758.0, 5870.0, 6035.0, 6272.0, 5593.0, 3998.0, 7410.0, 10372.0, 8348.0, 4406.0, 3859.0, 4712.0, 5576.0, 6414.0, 6387.0, 7421.0, 7507.0, 7173.0, 6160.0, 4469.0, 3958.0, 5872.0, 5196.0, 3834.0, 4382.0, 4506.0, 4264.0, 4947.0, 4883.0, 4151.0, 7448.0, 10061.0, 9662.0, 9075.0, 5965.0, 3753.0, 6293.0, 8504.0, 4807.0, 7726.0, 7184.0, 4017.0, 3299.0, 4000.0, 4730.0, 4799.0, 5171.0, 4494.0, 3829.0, 2977.0, 3493.0, 4053.0, 7372.0, 9876.0, 10969.0, 9153.0, 6179.0, 3891.0, 3304.0, 4291.0, 4930.0, 2777.0, 3918.0, 3620.0, 2819.0, 3243.0]",111330411.54372448
6,0.8,7,"[{""x"": -0.49746036529541016, ""y"": 0.9314417839050293, ""z"": 0.0, ""velocity"": 0.0, ""snr"": 0.0}, {""x"": -0.4221796989440918, ""y"": 0.926971435546875, ""z"": 0.0, ""velocity"": 0.0, ""snr"": 0.0}, {""x"": -0.2186894416809082, ""y"": 0.9620189666748047, ""z"": 0.0, ""velocity"": 0.0, ""snr"": 0.0}, {""x"": -0.2848505973815918, ""y"": 1.0666251182556152, ""z"": 0.0, ""velocity"": 0.0, ""snr"": 0.0}, {""x"": -0.24908781051635742, ""y"": 1.097559928894043, ""z"": 0.0, ""velocity"": 0.0, ""snr"": 0.0}, {""x"": 1.902759075164795, ""y"": 1.5487074851989746, ""z"": 0.0, ""velocity"": 0.0, ""snr"": 0.0}, {""x"": 1.9102692604064941, ""y"": 1.5458464622497559, ""z"": 0.0, ""velocity"": 0.0, ""snr"": 0.0}]","[143517.0, 219514.0, 151353.0, 47380.0, 9623.0, 3056.0, 1841.0, 2315.0, 2944.0, 3427.0, 9352.0, 15366.0, 15306.0, 14687.0, 7146.0, 2348.0, 2194.0, 2321.0, 2467.0, 4607.0, 14214.0, 29839.0, 41590.0, 45772.0, 50899.0, 48518.0, 22170.0, 33560736.0, 100860929.0, 460805.0, 2684683523.0, 838860802.0, 2634025572.0, 1.0, 134217728.0, 33554432.0, 4278190080.0, 771751935.0, 1677721601.0, 0.0, 758725504.0, 3784409.0, 4096000.0, 138379264.0, 2650800128.0, 1307647.0, 1543503872.0, 1040200772.0, 20.0, 3343216896.0, 1350399.0, 1795162112.0, 2684367173.0, 21.0, 2537903616.0, 1529347.0, 1056964608.0, 2986694477.0, 22.0, 3175439616.0, 2364711.0, 838860800.0, 3425121354.0, 36.0, 776680960.0, 1.0, 1275068418.0, 3221226031.0, 2399142745.0, 4211081807.0, 3841982648.0, 1644167204.0, 3590324236.0, 1442840583.0, 285212679.0, 3053453324.0, 83886098.0, 2466250772.0, 1107296275.0, 268435476.0, 1577058323.0, 2902458383.0, 3019898894.0, 2332033034.0, 603979790.0, 2969567264.0, 3674210444.0, 1442840846.0, 3724542182.0, 2348810367.0, 1090519195.0, 1426063527.0, 4194304073.0, 1711276056.0, 3170893837.0, 1610612746.0, 3992977427.0, 2214592535.0, 1207959625.0, 3959423129.0, 3992977557.0, 1409286244.0, 1560281167.0, 2214592643.0, 687865985.0, 3758096438.0, 1744830536.0, 3187671110.0, 1392508972.0, 2852126771.0, 3758096425.0, 2298478635.0, 637534260.0, 704643121.0, 469762077.0, 1023410205.0, 3707764776.0, 1157627935.0, 1459617817.0, 2634022955.0, 2751463509.0, 2080374893.0, 3103785012.0, 486539292.0, 2432696380.0, 3791650913.0, 1308622922.0, 2617245732.0]",1330195956.5285063
7,0.8,10,"[{""x"": -0.32848119735717773, ""y"": 0.656425952911377, ""z"": 0.0, ""velocity"": 0.0, ""snr"": 0.0}, {""x"": -0.2728700637817383, ""y"": 0.728309154510498, ""z"": 0.0, ""velocity"": 0.0, ""snr"": 0.0}, {""x"": -0.2022385597229004, ""y"": 0.9947419166564941, ""z"": 0.0, ""velocity"": 0.0, ""snr"": 0.0}, {""x"": -0.1323223114013672, ""y"": 0.9548664093017578, ""z"": 0.0, ""velocity"": 0.0, ""snr"": 0.0}, {""x"": -0.11265277862548828, ""y"": 1.045525074005127, ""z"": 0.0, ""velocity"": 0.0, ""snr"": 0.0}, {""x"": 0.02396106719970703, ""y"": 0.8642077445983887, ""z"": 0.0, ""velocity"": 0.0, ""snr"": 0.0}, {""x"": 0.0355839729309082, ""y"": 0.9010434150695801, ""z"": 0.0, ""velocity"": 0.0, ""snr"": 0.0}, {""x"": 0.0616908073425293, ""y"": 0.8788704872131348, ""z"": 0.0, ""velocity"": 0.0, ""snr"": 0.0}, {""x"": 1.8693208694458008, ""y"": 1.5919804573059082, ""z"": 0.0, ""velocity"": 0.0, ""snr"": 0.0}, {""x"": 1.8462538719177246, ""y"": 1.6245245933532715, ""z"": 0.0, ""velocity"": 0.0, ""snr"": 0.0}]","[143103.0, 219464.0, 151692.0, 47193.0, 9814.0, 2930.0, 1772.0, 1971.0, 3166.0, 4575.0, 3819.0, 2144.0, 2478.0, 4522.0, 8819.0, 14307.0, 18272.0, 16658.0, 34511.0, 67585.0, 56765.0, 41894.0, 56445.0, 60097.0, 53200.0, 35535.0, 12536.0, 3953.0, 3186.0, 5013.0, 9931.0, 26222.0, 41684.0, 36458.0, 25621.0, 28326.0, 29949.0, 30089.0, 25122.0, 16058.0, 17756.0, 17919.0, 15122.0, 11367.0, 11317.0, 14056.0, 14096.0, 9341.0, 7361.0, 9150.0, 9012.0, 9584.0, 8123.0, 22477.0, 28166.0, 12414.0, 7452.0, 14972.0, 24455.0, 19735.0, 9325.0, 7730.0, 6276.0, 6367.0, 6855.0, 5983.0, 6963.0, 5584.0, 8337.0, 10281.0, 7555.0, 5505.0, 4383.0, 3951.0, 6885.0, 7226.0, 7453.0, 7761.0, 8433.0, 7746.0, 5516.0, 4849.0, 4817.0, 5839.0, 5568.0, 4619.0, 5068.0, 5727.0, 5190.0, 4385.0, 3678.0, 3812.0, 5134.0, 5901.0, 7249.0, 10114.0, 6935.0, 4140.0, 6182.0, 7976.0, 4386.0, 9642.0, 8369.0, 3822.0, 3230.0, 4198.0, 5748.0, 5672.0, 4914.0, 4324.0, 4126.0, 3244.0, 3323.0, 3721.0, 6446.0, 6456.0, 8185.0, 8069.0, 5992.0, 3511.0, 3229.0, 4423.0, 4441.0, 2749.0, 3470.0, 3301.0, 2753.0, 3360.0]",134926280.9344188
8,0.8,10,"[{""x"": -0.2549886703491211, ""y"": 0.697016716003418, ""z"": 0.0, ""velocity"": 0.0, ""snr"": 0.0}, {""x"": -0.37479400634765625, ""y"": 1.0283589363098145, ""z"": 0.0, ""velocity"": 0.0, ""snr"": 0.0}, {""x"": -0.2022385597229004, ""y"": 0.9278655052185059, ""z"": 0.0, ""velocity"": 0.0, ""snr"": 0.0}, {""x"": -0.2555251121520996, ""y"": 0.9461045265197754, ""z"": 0.0, ""velocity"": 0.0, ""snr"": 0.0}, {""x"": -0.22870302200317383, ""y"": 0.973820686340332, ""z"": 0.0, ""velocity"": 0.0, ""snr"": 0.0}, {""x"": -0.28395652770996094, ""y"": 1.008152961730957, ""z"": 0.0, ""velocity"": 0.0, ""snr"": 0.0}, {""x"": 0.028431415557861328, ""y"": 0.8068084716796875, ""z"": 0.0, ""velocity"": 0.0, ""snr"": 0.0}, {""x"": 0.04094839096069336, ""y"": 0.8200407028198242, ""z"": 0.0, ""velocity"": 0.0, ""snr"": 0.0}, {""x"": 0.043451786041259766, ""y"": 0.8538365364074707, ""z"": 0.0, ""velocity"": 0.0, ""snr"": 0.0}, {""x"": 1.7411112785339355, ""y"": 1.7366409301757812, ""z"": 0.0, ""velocity"": 0.0, ""snr"": 0.0}]","[143136.0, 219403.0, 151568.0, 47137.0, 9585.0, 3060.0, 1920.0, 2053.0, 3255.0, 4605.0, 3331.0, 2339.0, 2676.0, 4030.0, 5031.0, 14493.0, 21750.0, 39984.0, 53925.0, 35195.0, 37356.0, 85625.0, 86049.0, 65570.0, 72887.0, 53523.0, 19715.0, 6716.0, 4362.0, 9067.0, 19705.0, 24427.0, 33599.0, 46264.0, 37072.0, 16769.0, 30525.0, 34979.0, 25057.0, 22803.0, 21880.0, 21664.0, 18519.0, 11184.0, 9303.0, 9965.0, 17364.0, 23493.0, 15999.0, 19986.0, 21012.0, 9968.0, 18482.0, 22278.0, 27936.0, 12287.0, 8999.0, 16006.0, 25851.0, 21297.0, 10943.0, 8270.0, 6362.0, 5288.0, 7244.0, 8525.0, 6997.0, 4277.0, 7592.0, 10424.0, 8066.0, 5428.0, 4947.0, 4550.0, 7289.0, 7496.0, 5995.0, 6339.0, 7858.0, 7975.0, 6144.0, 4569.0, 5873.0, 7283.0, 6806.0, 4492.0, 4286.0, 4523.0, 4402.0, 3830.0, 3513.0, 4061.0, 4979.0, 6247.0, 7430.0, 9757.0, 7093.0, 3499.0, 5173.0, 6732.0, 4674.0, 9308.0, 8170.0, 4409.0, 3891.0, 3703.0, 4696.0, 5472.0, 4715.0, 3949.0, 3805.0, 3193.0, 3580.0, 4228.0, 6033.0, 6000.0, 6774.0, 6790.0, 5507.0, 3033.0, 3205.0, 4636.0, 4843.0, 2573.0, 3728.0, 3275.0, 2869.0, 3192.0]",132226183.70316261
9,0.8,8,"[{""x"": -0.11748075485229492, ""y"": 0.9884834289550781, ""z"": 0.0, ""velocity"": 0.0, ""snr"": 0.0}, {""x"": -0.11837482452392578, ""y"": 0.9963512420654297, ""z"": 0.0, ""velocity"": 0.0, ""snr"": 0.0}, {""x"": 0.06955862045288086, ""y"": 0.7175803184509277, ""z"": 0.0, ""velocity"": 0.0, ""snr"": 0.0}, {""x"": 0.08600950241088867, ""y"": 0.726163387298584, ""z"": 0.0, ""velocity"": 0.0, ""snr"": 0.0}, {""x"": 0.10013580322265625, ""y"": 0.7372498512268066, ""z"": 0.0, ""velocity"": 0.0, ""snr"": 0.0}, {""x"": 0.0616908073425293, ""y"": 0.7773041725158691, ""z"": 0.0, ""velocity"": 0.0, ""snr"": 0.0}, {""x"": 0.2898573875427246, ""y"": 1.0326504707336426, ""z"": 0.0, ""velocity"": 0.0, ""snr"": 0.0}, {""x"": 0.2435445785522461, ""y"": 1.069486141204834, ""z"": 0.0, ""velocity"": 0.0, ""snr"": 0.0}]","[143153.0, 219672.0, 151613.0, 47313.0, 9426.0, 3014.0, 1895.0, 2031.0, 2739.0, 2933.0, 1994.0, 1687.0, 3323.0, 14674.0, 30212.0, 32455.0, 48537.0, 30764.0, 10303.0, 5571.0, 15730.0, 57156.0, 81429.0, 62035.0, 94310.0, 57472.0, 12000.0, 4264.0, 3675.0, 8330.0, 17542.0, 37910.0, 39346.0, 27357.0, 16248.0, 7995.0, 31588.0, 39622.0, 28596.0, 24102.0, 18959.0, 16130.0, 15395.0, 9257.0, 10501.0, 11995.0, 15809.0, 20661.0, 13193.0, 12384.0, 19338.0, 7129.0, 9341.0, 22755.0, 27644.0, 12689.0, 12117.0, 16094.0, 25652.0, 21276.0, 9170.0, 6815.0, 4691.0, 5544.0, 8097.0, 8377.0, 5790.0, 4228.0, 7603.0, 9975.0, 7748.0, 5796.0, 4583.0, 5351.0, 8211.0, 7949.0, 7775.0, 8400.0, 8501.0, 7013.0, 5825.0, 4173.0, 4650.0, 5024.0, 4659.0, 4217.0, 4014.0, 4889.0, 4175.0, 3333.0, 3948.0, 3742.0, 6070.0, 6811.0, 6172.0, 8788.0, 5994.0, 3471.0, 6256.0, 7909.0, 4369.0, 9368.0, 8551.0, 4656.0, 3136.0, 4298.0, 5677.0, 5791.0, 4918.0, 4014.0, 3481.0, 3174.0, 3889.0, 4142.0, 6035.0, 5993.0, 5691.0, 5813.0, 4557.0, 2753.0, 3153.0, 4698.0, 4590.0, 2603.0, 3460.0, 3237.0, 3014.0, 3556.0]",129583096.80657183
0,0.8,7,"[{""x"": -0.5478858947753906, ""y"": 0.8731484413146973, ""z"": 0.0, ""velocity"": 0.0, ""snr"": 0.0}, {""x"": -0.3306269645690918, ""y"": 0.9541511535644531, ""z"": 0.0, ""velocity"": 0.0, ""snr"": 0.0}, {""x"": 0.050961971282958984, ""y"": 2.565443515777588, ""z"": 0.0, ""velocity"": 0.0, ""snr"": 0.0}, {""x"": 0.11497735977172852, ""y"": 0.6521344184875488, ""z"": 0.0, ""velocity"": 0.0, ""snr"": 0.0}, {""x"": 0.12105703353881836, ""y"": 0.6562471389770508, ""z"": 0.0, ""velocity"": 0.0, ""snr"": 0.0}, {""x"": 0.11837482452392578, ""y"": 0.6698369979858398, ""z"": 0.0, ""velocity"": 0.0, ""snr"": 0.0}, {""x"": 1.7834901809692383, ""y"": 1.6899704933166504, ""z"": 0.0, ""velocity"": 0.0, ""snr"": 0.0}]","[142982.0, 219558.0, 151547.0, 47437.0, 9778.0, 3212.0, 2027.0, 1962.0, 2820.0, 2748.0, 1923.0, 2100.0, 9399.0, 47552.0, 126162.0, 128178.0, 52414.0, 6259.0, 3650.0, 5002.0, 8814.0, 35992.0, 63097.0, 44699.0, 54883.0, 53732.0, 19171.0, 6455.0, 9815.0, 15798.0, 15452.0, 16535.0, 15687.0, 10642.0, 12226.0, 11505.0, 37448.0, 37318.0, 30065.0, 29688.0, 21912.0, 25881.0, 25244.0, 10570.0, 10156.0, 9950.0, 18238.0, 27527.0, 14272.0, 16242.0, 28647.0, 17576.0, 8402.0, 23049.0, 28143.0, 12342.0, 14836.0, 16298.0, 26108.0, 21185.0, 10591.0, 6455.0, 4634.0, 5370.0, 6274.0, 6540.0, 5546.0, 5526.0, 7940.0, 10818.0, 8440.0, 7480.0, 7240.0, 5094.0, 6511.0, 5985.0, 5866.0, 6578.0, 8988.0, 8301.0, 6221.0, 5402.0, 4427.0, 5657.0, 4857.0, 3886.0, 4139.0, 4719.0, 4984.0, 3867.0, 3681.0, 4205.0, 6051.0, 7230.0, 7188.0, 8838.0, 5602.0, 3435.0, 6108.0, 8212.0, 4664.0, 8610.0, 7305.0, 3670.0, 2883.0, 3964.0, 5538.0, 5779.0, 5125.0, 4320.0, 3307.0, 3005.0, 3708.0, 4941.0, 7360.0, 6812.0, 6225.0, 6356.0, 4832.0, 3052.0, 3415.0, 4791.0, 4762.0, 2319.0, 3268.0, 3183.0, 3067.0, 3624.0]",126993546.82854214
1,0.8,8,"[{""x"": -0.4878044128417969, ""y"": 0.9151697158813477, ""z"": 0.0, ""velocity"": 0.0, ""snr"": 0.0}, {""x"": -0.2410411834716797, ""y"": 0.9697079658508301, ""z"": 0.0, ""velocity"": 0.0, ""snr"": 0.0}, {""x"": -0.11175870895385742, ""y"": 0.6161928176879883, ""z"": 0.0, ""velocity"": 0.0, ""snr"": 0.0}, {""x"": -0.18203258514404297, ""y"": 0.9734630584716797, ""z"": 0.0, ""velocity"": 0.0, ""snr"": 0.0}, {""x"": -0.028073787689208984, ""y"": 0.6431937217712402, ""z"": 0.0, ""velocity"": 0.0, ""snr"": 0.0}, {""x"": 0.32848119735717773, ""y"": 1.0553598403930664, ""z"": 0.0, ""velocity"": 0.0, ""snr"": 0.0}, {""x"": 1.6940832138061523, ""y"": 1.774907112121582, ""z"": 0.0, ""velocity"": 0.0, ""snr"": 0.0}, {""x"": 1.764535903930664, ""y"": 1.7091035842895508, ""z"": 0.0, ""velocity"": 0.0, ""snr"": 0.0}]","[143394.0, 219570.0, 151218.0, 47169.0, 9623.0, 2993.0, 1922.0, 2117.0, 2647.0, 2724.0, 1956.0, 7386.0, 33091.0, 58462.0, 53058.0, 27261.0, 5650.0, 4195.0, 3444.0, 3500.0, 18516.0, 56560.0, 73843.0, 47550.0, 56289.0, 53185.0, 18846.0, 7168.0, 11665.0, 10407.0, 8038.0, 5505.0, 6211.0, 10490.0, 14419.0, 9916.0, 31234.0, 32800.0, 31488.0, 30018.0, 14115.0, 18978.0, 21024.0, 8585.0, 8359.0, 11544.0, 12352.0, 9873.0, 5428.0, 13342.0, 19880.0, 18554.0, 19942.0, 22620.0, 27628.0, 13881.0, 11799.0, 17647.0, 27829.0, 22160.0, 9018.0, 5421.0, 4134.0, 5852.0, 6101.0, 6297.0, 5552.0, 5542.0, 7931.0, 10834.0, 8779.0, 6093.0, 6406.0, 4508.0, 5239.0, 5405.0, 6311.0, 7376.0, 8565.0, 7680.0, 4966.0, 4368.0, 4236.0, 6163.0, 5127.0, 3625.0, 4051.0, 4062.0, 3556.0, 4044.0, 4734.0, 3970.0, 5244.0, 7757.0, 8957.0, 9605.0, 5659.0, 3905.0, 6186.0, 8998.0, 5332.0, 8620.0, 7566.0, 3806.0, 3070.0, 3975.0, 5253.0, 5632.0, 4714.0, 3478.0, 3326.0, 3263.0, 4283.0, 4974.0, 8313.0, 8785.0, 7060.0, 7269.0, 5453.0, 3201.0, 2945.0, 4410.0, 4690.0, 2797.0, 3002.0, 2979.0, 2957.0, 3429.0]",124452365.53409272
2,0.8,6,"[{""x"": -0.13947486877441406, ""y"": 0.966489315032959, ""z"": 0.0, ""velocity"": 0.0, ""snr"": 0.0}, {""x"": 0.031113624572753906, ""y"": 0.5879402160644531, ""z"": 0.0, ""velocity"": 0.0, ""snr"": 0.0}, {""x"": 0.044345855712890625, ""y"": 0.5559325218200684, ""z"": 0.0, ""velocity"": 0.0, ""snr"": 0.0}, {""x"": 0.04953145980834961, ""y"": 0.5661249160766602, ""z"": 0.0, ""velocity"": 0.0, ""snr"": 0.0}, {""x"": 0.045418739318847656, ""y"": 0.5709528923034668, ""z"": 0.0, ""velocity"": 0.0, ""snr"": 0.0}, {""x"": 1.8619894981384277, ""y"": 1.6075372695922852, ""z"": 0.0, ""velocity"": 0.0, ""snr"": 0.0}]","[142891.0, 219298.0, 151260.0, 47216.0, 9613.0, 2832.0, 1910.0, 1994.0, 2758.0, 2612.0, 14203.0, 151171.0, 384546.0, 364655.0, 138412.0, 21418.0, 2407.0, 3264.0, 2894.0, 4136.0, 18431.0, 46939.0, 38119.0, 28831.0, 26913.0, 35346.0, 19111.0, 7703.0, 5186.0, 7371.0, 9881.0, 5840.0, 5908.0, 14307.0, 26014.0, 35711.0, 39129.0, 44449.0, 23606.0, 17403.0, 14998.0, 9808.0, 14253.0, 8734.0, 11070.0, 11935.0, 12922.0, 11158.0, 11503.0, 11249.0, 9859.0, 11485.0, 11840.0, 21549.0, 28092.0, 12460.0, 9089.0, 15418.0, 26614.0, 21208.0, 8442.0, 4601.0, 4351.0, 5834.0, 6169.0, 7153.0, 6045.0, 5392.0, 9693.0, 14835.0, 8929.0, 8210.0, 8386.0, 5612.0, 12455.0, 8892.0, 12453.0, 11286.0, 7728.0, 7171.0, 6943.0, 5151.0, 4685.0, 4971.0, 3727.0, 3607.0, 3939.0, 5282.0, 6070.0, 5904.0, 5297.0, 3615.0, 4488.0, 7594.0, 9158.0, 9151.0, 5670.0, 5357.0, 7348.0, 8990.0, 5148.0, 8032.0, 7682.0, 4507.0, 3455.0, 3298.0, 4822.0, 5328.0, 5185.0, 3939.0, 3367.0, 3144.0, 4490.0, 4634.0, 7513.0, 8282.0, 7636.0, 7127.0, 5093.0, 3144.0, 3067.0, 4254.0, 4825.0, 2829.0, 2925.0, 3317.0, 2821.0, 3029.0]",121970800.83665383
3,0.8,8,"[{""x"": -0.3198981285095215, ""y"": 0.9528994560241699, ""z"": 0.0, ""velocity"": 0.0, ""snr"": 0.0}, {""x"": -0.3114938735961914, ""y"": 0.965416431427002, ""z"": 0.0, ""velocity"": 0.0, ""snr"": 0.0}, {""x"": -0.3014802932739258, ""y"": 0.9739995002746582, ""z"": 0.0, ""velocity"": 0.0, ""snr"": 0.0}, {""x"": 0.10085105895996094, ""y"": 0.5350112915039062, ""z"": 0.0, ""velocity"": 0.0, ""snr"": 0.0}, {""x"": 0.10907649993896484, ""y"": 0.5396604537963867, ""z"": 0.0, ""velocity"": 0.0, ""snr"": 0.0}, {""x"": 0.11479854583740234, ""y"": 0.5437731742858887, ""z"": 0.0, ""velocity"": 0.0, ""snr"": 0.0}, {""x"": 1.910090446472168, ""y"": 1.5451312065124512, ""z"": 0.0, ""velocity"": 0.0, ""snr"": 0.0}, {""x"": 1.9939541816711426, ""y"": 1.4260411262512207, ""z"": 0.0, ""velocity"": 0.0, ""snr"": 0.0}]","[143309.0, 219856.0, 151766.0, 47294.0, 9704.0, 3161.0, 2045.0, 1929.0, 2817.0, 2677.0, 32535.0, 167943.0, 277989.0, 177084.0, 36488.0, 3170.0, 2326.0, 2673.0, 2428.0, 4735.0, 9126.0, 44956.0, 85905.0, 62656.0, 21478.0, 30565.0, 12217.0, 4489.0, 7688.0, 12915.0, 12343.0, 8569.0, 6033.0, 9934.0, 10225.0, 14596.0, 29280.0, 30487.0, 13982.0, 14416.0, 19137.0, 14876.0, 10345.0, 8667.0, 8540.0, 10120.0, 10574.0, 11200.0, 8168.0, 11388.0, 19116.0, 19382.0, 13010.0, 22063.0, 27499.0, 13065.0, 13898.0, 13801.0, 25450.0, 21611.0, 9394.0, 5812.0, 4932.0, 6100.0, 6006.0, 7010.0, 6814.0, 5768.0, 9638.0, 12764.0, 11432.0, 13574.0, 11171.0, 6351.0, 9236.0, 7918.0, 6716.0, 11796.0, 10001.0, 7206.0, 4846.0, 4158.0, 4132.0, 6222.0, 5270.0, 4250.0, 4256.0, 4336.0, 4165.0, 4483.0, 3822.0, 3728.0, 5200.0, 7801.0, 8871.0, 8673.0, 5656.0, 4436.0, 6586.0, 9504.0, 4675.0, 7661.0, 7281.0, 4259.0, 3717.0, 3232.0, 3912.0, 4621.0, 5029.0, 3875.0, 3308.0, 3574.0, 3807.0, 4200.0, 8002.0, 8197.0, 7107.0, 6753.0, 5214.0, 2952.0, 2698.0, 4389.0, 5306.0, 3176.0, 2442.0, 2954.0, 3183.0, 3244.0]",119528758.17437485
4,0.8,7,"[{""x"": 0.07581710815429688, ""y"": 1.020491123199463, ""z"": 0.0, ""velocity"": 0.0, ""snr"": 0.0}, {""x"": 0.13250112533569336, ""y"": 1.0294318199157715, ""z"": 0.0, ""velocity"": 0.0, ""snr"": 0.0}, {""x"": 0.11622905731201172, ""y"": 0.49942731857299805, ""z"": 0.0, ""velocity"": 0.0, ""snr"": 0.0}, {""x"": 0.12445449829101562, ""y"": 0.509798526763916, ""z"": 0.0, ""velocity"": 0.0, ""snr"": 0.0}, {""x"": 0.12928247451782227, ""y"": 0.5126595497131348, ""z"": 0.0, ""velocity"": 0.0, ""snr"": 0.0}, {""x"": 0.14001131057739258, ""y"": 0.5228519439697266, ""z"": 0.0, ""velocity"": 0.0, ""snr"": 0.0}, {""x"": 1.8010139465332031, ""y"": 1.668691635131836, ""z"": 0.0, ""velocity"": 0.0, ""snr"": 0.0}]","[143331.0, 219482.0, 151458.0, 47202.0, 9471.0, 3368.0, 2349.0, 2124.0, 2708.0, 9464.0, 107127.0, 285390.0, 286876.0, 109292.0, 12475.0, 2827.0, 2112.0, 2058.0, 3607.0, 7665.0, 12104.0, 25639.0, 44939.0, 47989.0, 25878.0, 28628.0, 14996.0, 6376.0, 6585.0, 10894.0, 12707.0, 7678.0, 6059.0, 10564.0, 23487.0, 36846.0, 31190.0, 29846.0, 20689.0, 16046.0, 21040.0, 14274.0, 11905.0, 7418.0, 7404.0, 9826.0, 9141.0, 6819.0, 18963.0, 20945.0, 16308.0, 16804.0, 13591.0, 22471.0, 27187.0, 9998.0, 9540.0, 15433.0, 25807.0, 20943.0, 9106.0, 6333.0, 5524.0, 5301.0, 6219.0, 7010.0, 6690.0, 7436.0, 14032.0, 16612.0, 9900.0, 10712.0, 11218.0, 8874.0, 7909.0, 7497.0, 8474.0, 8742.0, 7921.0, 6056.0, 4631.0, 4696.0, 5171.0, 6319.0, 5452.0, 4718.0, 4408.0, 3946.0, 4319.0, 4242.0, 4017.0, 4895.0, 4903.0, 6019.0, 7027.0, 7731.0, 5126.0, 5098.0, 7349.0, 9730.0, 4956.0, 7792.0, 7566.0, 4312.0, 3942.0, 3780.0, 4795.0, 5195.0, 5017.0, 4054.0, 3483.0, 3407.0, 4510.0, 4981.0, 8019.0, 7561.0, 8778.0, 8368.0, 6153.0, 3487.0, 2683.0, 3325.0, 4690.0, 3176.0, 2786.0, 3140.0, 2765.0, 2919.0]",117139518.49008882
5,0.8,8,"[{""x"": -0.4107356071472168, ""y"": 0.9818673133850098, ""z"": 0.0, ""velocity"": 0.0, ""snr"": 0.0}, {""x"": -0.22870302200317383, ""y"": 2.3712515830993652, ""z"": 0.0, ""velocity"": 0.0, ""snr"": 0.0}, {""x"": 0.030219554901123047, ""y"": 2.408444881439209, ""z"": 0.0, ""velocity"": 0.0, ""snr"": 0.0}, {""x"": 0.10317564010620117, ""y"": 1.1050701141357422, ""z"": 0.0, ""velocity"": 0.0, ""snr"": 0.0}, {""x"": 0.07206201553344727, ""y"": 1.1109709739685059, ""z"": 0.0, ""velocity"": 0.0, ""snr"": 0.0}, {""x"": 0.12391805648803711, ""y"": 0.4870891571044922, ""z"": 0.0, ""velocity"": 0.0, ""snr"": 0.0}, {""x"": 0.13321638107299805, ""y"": 0.4945993423461914, ""z"": 0.0, ""velocity"": 0.0, ""snr"": 0.0}, {""x"": 1.993417739868164, ""y"": 1.435697078704834, ""z"": 0.0, ""velocity"": 0.0, ""snr"": 0.0}]","[143242.0, 219633.0, 151421.0, 47289.0, 9464.0, 3039.0, 2021.0, 2167.0, 2757.0, 5453.0, 30654.0, 58279.0, 45276.0, 17046.0, 6947.0, 3318.0, 2018.0, 2433.0, 2605.0, 4597.0, 13453.0, 22325.0, 24492.0, 38423.0, 49955.0, 37700.0, 11516.0, 3276.0, 5136.0, 15966.0, 33067.0, 32931.0, 14980.0, 15685.0, 21525.0, 17119.0, 28497.0, 33448.0, 13391.0, 19566.0, 19651.0, 14957.0, 12993.0, 10036.0, 10546.0, 13209.0, 12362.0, 8104.0, 13402.0, 17948.0, 12708.0, 23019.0, 32545.0, 26758.0, 25826.0, 9789.0, 12804.0, 15027.0, 25128.0, 21065.0, 10388.0, 5696.0, 6031.0, 6300.0, 6225.0, 7804.0, 5844.0, 4905.0, 9080.0, 11748.0, 8951.0, 10280.0, 10028.0, 9172.0, 8600.0, 8021.0, 7356.0, 9252.0, 10360.0, 6836.0, 6131.0, 5274.0, 4268.0, 4859.0, 5324.0, 4833.0, 4836.0, 5441.0, 5460.0, 4112.0, 3285.0, 3493.0, 4815.0, 7147.0, 7148.0, 6996.0, 4951.0, 5124.0, 7983.0, 9203.0, 3624.0, 8142.0, 7153.0, 4336.0, 3933.0, 3080.0, 4642.0, 4900.0, 5007.0, 4399.0, 3197.0, 3331.0, 4612.0, 4498.0, 6421.0, 7786.0, 10318.0, 8846.0, 5772.0, 3331.0, 2194.0, 3364.0, 4733.0, 3302.0, 2546.0, 3149.0, 2511.0, 2620.0]",114791945.05517276
6,0.8,8,"[{""x"": -0.20867586135864258, ""y"": 0.9564757347106934, ""z"": 0.0, ""velocity"": 0.0, ""snr"": 0.0}, {""x"": -0.3186464309692383, ""y"": 1.0811090469360352, ""z"": 0.0, ""velocity"": 0.0, ""snr"": 0.0}, {""x"": -0.18024444580078125, ""y"": 0.9754300117492676, ""z"": 0.0, ""velocity"": 0.0, ""snr"": 0.0}, {""x"": 0.14322996139526367, ""y"": 0.48726797103881836, ""z"": 0.0, ""velocity"": 0.0, ""snr"": 0.0}, {""x"": 0.2789497375488281, ""y"": 1.0676980018615723, ""z"": 0.0, ""velocity"": 0.0, ""snr"": 0.0}, {""x"": 0.4316568374633789, ""y"": 0.9818673133850098, ""z"": 0.0, ""velocity"": 0.0, ""snr"": 0.0}, {""x"": 0.3612041473388672, ""y"": 1.0260343551635742, ""z"": 0.0, ""velocity"": 0.0, ""snr"": 0.0}, {""x"": 1.9635558128356934, ""y"": 1.4775395393371582, ""z"": 0.0, ""velocity"": 0.0, ""snr"": 0.0}]","[143349.0, 219935.0, 151657.0, 47221.0, 9551.0, 3186.0, 2026.0, 2068.0, 2785.0, 5005.0, 23297.0, 42163.0, 28984.0, 8959.0, 4568.0, 2727.0, 2294.0, 2602.0, 2458.0, 5082.0, 16181.0, 33437.0, 34718.0, 32639.0, 38654.0, 21131.0, 11711.0, 4576.0, 3568.0, 7177.0, 19488.0, 29986.0, 20164.0, 12860.0, 16665.0, 15307.0, 28174.0, 37999.0, 19861.0, 14224.0, 17250.0, 13568.0, 13762.0, 13077.0, 15338.0, 15567.0, 10994.0, 6296.0, 13693.0, 31842.0, 30406.0, 9530.0, 16492.0, 21875.0, 25939.0, 14040.0, 9612.0, 16153.0, 27046.0, 21713.0, 10448.0, 8214.0, 6500.0, 5020.0, 6284.0, 7249.0, 6451.0, 4486.0, 8317.0, 11327.0, 9234.0, 5715.0, 6814.0, 7195.0, 7940.0, 8245.0, 6018.0, 9056.0, 10408.0, 7486.0, 5813.0, 5239.0, 5067.0, 5407.0, 5443.0, 4670.0, 4590.0, 5699.0, 6219.0, 5087.0, 3759.0, 3693.0, 3960.0, 5827.0, 7707.0, 7448.0, 5301.0, 5205.0, 8629.0, 9772.0, 5598.0, 8451.0, 7987.0, 4612.0, 3652.0, 2997.0, 3967.0, 4467.0, 4626.0, 4337.0, 3633.0, 3196.0, 4079.0, 4299.0, 5897.0, 7373.0, 10682.0, 9585.0, 6679.0, 3468.0, 2350.0, 3556.0, 4899.0, 3136.0, 2377.0, 2962.0, 2617.0, 2438.0]",112496379.58025546
7,0.8,6,"[{""x"": -0.21582841873168945, ""y"": 1.005113124847412, ""z"": 0.0, ""velocity"": 0.0, ""snr"": 0.0}, {""x"": -0.26661157608032227, ""y"": 1.0315775871276855, ""z"": 0.0, ""velocity"": 0.0, ""snr"": 0.0}, {""x"": -0.18471479415893555, ""y"": 1.0794997215270996, ""z"": 0.0, ""velocity"": 0.0, ""snr"": 0.0}, {""x"": -0.11479854583740234, ""y"": 1.1072158813476562, ""z"": 0.0, ""velocity"": 0.0, ""snr"": 0.0}, {""x"": -0.12230873107910156, ""y"": 2.5141239166259766, ""z"": 0.0, ""velocity"": 0.0, ""snr"": 0.0}, {""x"": 1.9753575325012207, ""y"": 1.459658145904541, ""z"": 0.0, ""velocity"": 0.0, ""snr"": 0.0}]","[143115.0, 219554.0, 151250.0, 47072.0, 9640.0, 3108.0, 1829.0, 2048.0, 2686.0, 2919.0, 12785.0, 29307.0, 28318.0, 13156.0, 5590.0, 2197.0, 1983.0, 2236.0, 2523.0, 2909.0, 7883.0, 18146.0, 27557.0, 40644.0, 46271.0, 32822.0, 11532.0, 4312.0, 3270.0, 4676.0, 67174912.0, 134546947.0, 84082695.0, 180229.0, 174338560.0, 129536.0, 0.0, 2304.0, 512.0, 4294967040.0, 77311.0, 28160.0, 998244352.0, 3201903929.0, 2147483705.0, 2147483710.0, 2367.0, 3170398208.0, 20.0, 4249445632.0, 1380599.0, 1509949440.0, 1794816074.0, 20.0, 2487695872.0, 1358073.0, 1543503872.0, 4177625416.0, 23.0, 340543744.0, 1589250.0, 939524096.0, 2684612686.0, 15.0, 893663232.0, 1060355.0, 1023410176.0, 505982529.0, 35.0, 776614912.0, 1.0, 2516582402.0, 301990446.0, 268436313.0, 1560281679.0, 3204448440.0, 3674210342.0, 486539275.0, 4194304007.0, 1795162119.0, 268435466.0, 2231369738.0, 4043309063.0, 922746886.0, 268435466.0, 3825205271.0, 3539992605.0, 3657433119.0, 3808428083.0, 1459617831.0, 1761607703.0, 3204448285.0, 1811939401.0, 4177527011.0, 16908360.0, 84280068.0, 50333448.0, 44041477.0, 1680998400.0, 33226762.0, 0.0, 393216.0, 131072.0, 4294901760.0, 19791871.0, 5242880.0, 2147483648.0, 3643619643.0, 14782.0, 16000.0, 409472.0, 4062838784.0, 4778.0, 1196818432.0, 348387391.0, 0.0, 4130687342.0, 5174.0, 1231355904.0, 342358709.0, 0.0, 4187572031.0, 5315.0, 1230831616.0, 252314284.0, 0.0, 19810867.0, 33554432.0]",924721157.1015401
8,0.8,6,"[{""x"": -0.31006336212158203, ""y"": 0.9160637855529785, ""z"": 0.0, ""velocity"": 0.0, ""snr"": 0.0}, {""x"": -0.32454729080200195, ""y"": 0.9620189666748047, ""z"": 0.0, ""velocity"": 0.0, ""snr"": 0.0}, {""x"": -0.34940242767333984, ""y"": 0.9773969650268555, ""z"": 0.0, ""velocity"": 0.0, ""snr"": 0.0}, {""x"": -0.35387277603149414, ""y"": 1.005113124847412, ""z"": 0.0, ""velocity"": 0.0, ""snr"": 0.0}, {""x"": -0.308990478515625, ""y"": 0.9475350379943848, ""z"": 0.0, ""velocity"": 0.0, ""snr"": 0.0}, {""x"": 0.08475780487060547, ""y"": 0.6927251815795898, ""z"": 0.0, ""velocity"": 0.0, ""snr"": 0.0}]","[143488.0, 219611.0, 151307.0, 47125.0, 9621.0, 3041.0, 2200.0, 1964.0, 2614.0, 2660.0, 1865.0, 1614.0, 2079.0, 4316.0, 18305.0, 37709.0, 30363.0, 11779.0, 7051.0, 7375.0, 19878.0, 65352.0, 103327.0, 92159.0, 56418.0, 22260.0, 7133.0, 4205.0, 3719.0, 4266.0, 4491.0, 3033.0, 4382.0, 9452.0, 13459.0, 20372.0, 39358.0, 43748.0, 30084.0, 28088.0, 24098.0, 14469.0, 14537.0, 9400.0, 9118.0, 8887.0, 8212.0, 6321.0, 5994.0, 7508.0, 9374.0, 9196.0, 11778.0, 18817.0, 21671.0, 11482.0, 10001.0, 15095.0, 24283.0, 20354.0, 11124.0, 6588.0, 5581.0, 5916.0, 6731.0, 8107.0, 8440.0, 5346.0, 6932.0, 10765.0, 9087.0, 4807.0, 4371.0, 4535.0, 5143.0, 6683.0, 7862.0, 8800.0, 9795.0, 6961.0, 4551.0, 4001.0, 4529.0, 5818.0, 4739.0, 5424.0, 3336.0, 5492.0, 7095.0, 7554.0, 6353.0, 6185.0, 8112.0, 10078.0, 9784.0, 9349.0, 6896.0, 5089.0, 6830.0, 9436.0, 5300.0, 7006.0, 6384.0, 3313.0, 3012.0, 3860.0, 4492.0, 3426.0, 3154.0, 3819.0, 4113.0, 3194.0, 3564.0, 5853.0, 8461.0, 10438.0, 11264.0, 10228.0, 6747.0, 3586.0, 3299.0, 4268.0, 4838.0, 2926.0, 2260.0, 2765.0, 2301.0, 2144.0]",127008730.88226917
9,0.8,7,"[{""x"": -0.4477500915527344, ""y"": 1.0256767272949219, ""z"": 0.0, ""velocity"": 0.0, ""snr"": 0.0}, {""x"": -0.08440017700195312, ""y"": 0.9870529174804688, ""z"": 0.0, ""velocity"": 0.0, ""snr"": 0.0}, {""x"": -0.04112720489501953, ""y"": 0.9959936141967773, ""z"": 0.0, ""velocity"": 0.0, ""snr"": 0.0}, {""x"": 0.09995698928833008, ""y"": 0.6698369979858398, ""z"": 0.0, ""velocity"": 0.0, ""snr"": 0.0}, {""x"": 0.10496377944946289, ""y"": 0.6748437881469727, ""z"": 0.0, ""velocity"": 0.0, ""snr"": 0.0}, {""x"": 0.10710954666137695, ""y"": 0.6836056709289551, ""z"": 0.0, ""velocity"": 0.0, ""snr"": 0.0}, {""x"": 0.07510185241699219, ""y"": 0.7249116897583008, ""z"": 0.0, ""velocity"": 0.0, ""snr"": 0.0}]","[143045.0, 219562.0, 151377.0, 47159.0, 9320.0, 3117.0, 2095.0, 1993.0, 2689.0, 2585.0, 1854.0, 1733.0, 2252.0, 12811.0, 56596.0, 81430.0, 47829.0, 10817.0, 7808.0, 7673.0, 10332.0, 40309.0, 60450.0, 28087.0, 56916.0, 43560.0, 14571.0, 4831.0, 3923.0, 6546.0, 5626.0, 3854.0, 5121.0, 9259.0, 14531.0, 23632.0, 28734.0, 34330.0, 21868.0, 21985.0, 19641.0, 17270.0, 16419.0, 9101.0, 11502.0, 11637.0, 10724.0, 11256.0, 10082.0, 13447.0, 12263.0, 6580.0, 7445.0, 19183.0, 22365.0, 10368.0, 9441.0, 17257.0, 27103.0, 22437.0, 12172.0, 6879.0, 6288.0, 5181.0, 6263.0, 7432.0, 8067.0, 5626.0, 7385.0, 10909.0, 9167.0, 5001.0, 5017.0, 4829.0, 4277.0, 5969.0, 7737.0, 9131.0, 9366.0, 6722.0, 3754.0, 4293.0, 5114.0, 7061.0, 5712.0, 5550.0, 3657.0, 5267.0, 6099.0, 6432.0, 4613.0, 6180.0, 6691.0, 9697.0, 9183.0, 8120.0, 6397.0, 8190.0, 10815.0, 9255.0, 5364.0, 6980.0, 6663.0, 3729.0, 4089.0, 4597.0, 4202.0, 3504.0, 3519.0, 3951.0, 4285.0, 3796.0, 2787.0, 5023.0, 9470.0, 10993.0, 10509.0, 9476.0, 6584.0, 3304.0, 3085.0, 3944.0, 4775.0, 3154.0, 2368.0, 3049.0, 2386.0, 2117.0]",124469840.51071332
0,0.8,6,"[{""x"": -0.514984130859375, ""y"": 0.9430646896362305, ""z"": 0.0, ""velocity"": 0.0, ""snr"": 0.0}, {""x"": -0.37425756454467773, ""y"": 0.9648799896240234, ""z"": 0.0, ""velocity"": 0.0, ""snr"": 0.0}, {""x"": -0.2276301383972168, ""y"": 0.9657740592956543, ""z"": 0.0, ""velocity"": 0.0, ""snr"": 0.0}, {""x"": -0.2669692039489746, ""y"": 0.9684562683105469, ""z"": 0.0, ""velocity"": 0.0, ""snr"": 0.0}, {""x"": 0.10246038436889648, ""y"": 0.6431937217712402, ""z"": 0.0, ""velocity"": 0.0, ""snr"": 0.0}, {""x"": 0.10102987289428711, ""y"": 0.6480216979980469, ""z"": 0.0, ""velocity"": 0.0, ""snr"": 0.0}]","[142753.0, 219553.0, 151408.0, 47167.0, 9620.0, 3093.0, 2006.0, 2072.0, 2788.0, 2885.0, 1835.0, 1766.0, 5076.0, 37306.0, 76963.0, 59833.0, 17610.0, 4955.0, 6762.0, 5136.0, 21559.0, 73776.0, 95159.0, 68407.0, 46675.0, 24102.0, 9376.0, 4240.0, 4315.0, 4280.0, 4037.0, 4428.0, 5049.0, 9489.0, 15921.0, 23210.0, 33439.0, 34148.0, 14845.0, 16891.0, 13395.0, 8228.0, 12584.0, 7990.0, 13251.0, 13572.0, 10104.0, 12821.0, 13821.0, 15537.0, 13102.0, 5021.0, 7813.0, 19768.0, 22537.0, 9673.0, 9290.0, 15821.0, 24032.0, 20950.0, 11541.0, 6022.0, 5770.0, 5259.0, 6381.0, 6826.0, 7645.0, 5427.0, 7761.0, 11118.0, 8906.0, 5237.0, 4445.0, 4756.0, 4847.0, 5823.0, 6916.0, 8181.0, 8625.0, 6342.0, 3776.0, 3978.0, 5340.0, 6171.0, 6163.0, 5783.0, 3647.0, 4942.0, 5388.0, 5328.0, 4660.0, 4347.0, 7421.0, 9812.0, 8888.0, 9704.0, 7996.0, 5423.0, 4329.0, 7514.0, 5920.0, 6474.0, 6296.0, 4095.0, 3585.0, 3925.0, 4278.0, 3657.0, 3094.0, 4151.0, 4622.0, 3494.0, 2906.0, 5288.0, 9433.0, 11757.0, 11400.0, 9990.0, 7018.0, 3635.0, 3151.0, 3940.0, 4002.0, 2687.0, 2229.0, 2652.0, 2173.0, 2463.0]",121979724.59706296
1,0.8,8,"[{""x"": -0.47475099563598633, ""y"": 0.8693933486938477, ""z"": 0.0, ""velocity"": 0.0, ""snr"": 0.0}, {""x"": -0.44542551040649414, ""y"": 0.9008646011352539, ""z"": 0.0, ""velocity"": 0.0, ""snr"": 0.0}, {""x"": -0.26983022689819336, ""y"": 1.0576844215393066, ""z"": 0.0, ""velocity"": 0.0, ""snr"": 0.0}, {""x"": -0.1169443130493164, ""y"": 1.050710678100586, ""z"": 0.0, ""velocity"": 0.0, ""snr"": 0.0}, {""x"": 0.13679265975952148, ""y"": 0.605463981628418, ""z"": 0.0, ""velocity"": 0.0, ""snr"": 0.0}, {""x"": 0.12981891632080078, ""y"": 0.6104707717895508, ""z"": 0.0, ""velocity"": 0.0, ""snr"": 0.0}, {""x"": 0.14287233352661133, ""y"": 0.616908073425293, ""z"": 0.0, ""velocity"": 0.0, ""snr"": 0.0}, {""x"": 0.2480149269104004, ""y"": 1.0648369789123535, ""z"": 0.0, ""velocity"": 0.0, ""snr"": 0.0}]","[143141.0, 219429.0, 151414.0, 47361.0, 9549.0, 3108.0, 1921.0, 2145.0, 2958.0, 2659.0, 1793.0, 3758.0, 40549.0, 121958.0, 136096.0, 56267.0, 5362.0, 4709.0, 5810.0, 4047.0, 12709.0, 38254.0, 49289.0, 47944.0, 52709.0, 35730.0, 12989.0, 5052.0, 4181.0, 4081.0, 3722.0, 4554.0, 5498.0, 9667.0, 16539.0, 21644.0, 29198.0, 29919.0, 16531.0, 22197.0, 22417.0, 14736.0, 19712.0, 11054.0, 9723.0, 13703.0, 12250.0, 8625.0, 6572.0, 9304.0, 11913.0, 9252.0, 8938.0, 20267.0, 24324.0, 11883.0, 13950.0, 16356.0, 26839.0, 21505.0, 11543.0, 6553.0, 5647.0, 5419.0, 7643.0, 7342.0, 7162.0, 5199.0, 7865.0, 11655.0, 9389.0, 5519.0, 4881.0, 4095.0, 4581.0, 5957.0, 7781.0, 8363.0, 8456.0, 6209.0, 4583.0, 3597.0, 5367.0, 6598.0, 4447.0, 6213.0, 4968.0, 4699.0, 5318.0, 6428.0, 6087.0, 6982.0, 9428.0, 10303.0, 8086.0, 8740.0, 12096.0, 7185.0, 6183.0, 8712.0, 5546.0, 7677.0, 6822.0, 4420.0, 3831.0, 3038.0, 3321.0, 3045.0, 3271.0, 3915.0, 4838.0, 3948.0, 2806.0, 3869.0, 8886.0, 11879.0, 12005.0, 9897.0, 6742.0, 4332.0, 3367.0, 4020.0, 4388.0, 2845.0, 3464.0, 3441.0, 2681.0, 2436.0]",119541205.53558335
2,0.8,10,"[{""x"": -0.34296512603759766, ""y"": 0.9389519691467285, ""z"": 0.0, ""velocity"": 0.0, ""snr"": 0.0}, {""x"": -0.34868717193603516, ""y"": 1.0271072387695312, ""z"": 0.0, ""velocity"": 0.0, ""snr"": 0.0}, {""x"": -0.36209821701049805, ""y"": 1.0440945625305176, ""z"": 0.0, ""velocity"": 0.0, ""snr"": 0.0}, {""x"": -0.3045201301574707, ""y"": 0.9766817092895508, ""z"": 0.0, ""velocity"": 0.0, ""snr"": 0.0}, {""x"": -0.2962946891784668, ""y"": 1.0106563568115234, ""z"": 0.0, ""velocity"": 0.0, ""snr"": 0.0}, {""x"": -0.20009279251098633, ""y"": 1.6890764236450195, ""z"": 0.0, ""velocity"": 0.0, ""snr"": 0.0}, {""x"": -0.16772747039794922, ""y"": 1.7209053039550781, ""z"": 0.0, ""velocity"": 0.0, ""snr"": 0.0}, {""x"": -0.1634359359741211, ""y"": 1.7495155334472656, ""z"": 0.0, ""velocity"": 0.0, ""snr"": 0.0}, {""x"": 0.1773834228515625, ""y"": 0.5709528923034668, ""z"": 0.0, ""velocity"": 0.0, ""snr"": 0.0}, {""x"": 0.1868605613708496, ""y"": 0.5602240562438965, ""z"": 0.0, ""velocity"": 0.0, ""snr"": 0.0}]","[143385.0, 219484.0, 151579.0, 47364.0, 9460.0, 3021.0, 1887.0, 1937.0, 2582.0, 2673.0, 1932.0, 11864.0, 61482.0, 104108.0, 69426.0, 17360.0, 3612.0, 2299.0, 3793.0, 3495.0, 14534.0, 53450.0, 91587.0, 100392.0, 93411.0, 54971.0, 13787.0, 7351.0, 4475.0, 5873.0, 6615.0, 4713.0, 3891.0, 10168.0, 20527.0, 37195.0, 48399.0, 53906.0, 63029.0, 34177.0, 21318.0, 21265.0, 24817.0, 12509.0, 9666.0, 11484.0, 11196.0, 10108.0, 10229.0, 18300.0, 21400.0, 13197.0, 13687.0, 20902.0, 24502.0, 13051.0, 10734.0, 16969.0, 26752.0, 20819.0, 11333.0, 5924.0, 6107.0, 6361.0, 6989.0, 7572.0, 7583.0, 5156.0, 7122.0, 10462.0, 8792.0, 5554.0, 5180.0, 5747.0, 6140.0, 6226.0, 8206.0, 9156.0, 9239.0, 7590.0, 7203.0, 5681.0, 4259.0, 4761.0, 5714.0, 5301.0, 4996.0, 4650.0, 4313.0, 5956.0, 8838.0, 4706.0, 6656.0, 9728.0, 10516.0, 10632.0, 10225.0, 5712.0, 4869.0, 7423.0, 4675.0, 8609.0, 8234.0, 5279.0, 3486.0, 3446.0, 3590.0, 3810.0, 3265.0, 4172.0, 4949.0, 4001.0, 3137.0, 4513.0, 8706.0, 10655.0, 11181.0, 9767.0, 6716.0, 3843.0, 3285.0, 5041.0, 5422.0, 3337.0, 2878.0, 3131.0, 2967.0, 2821.0]",117146927.96690145
3,0.8,9,"[{""x"": -0.20599365234375, ""y"": 0.9734630584716797, ""z"": 0.0, ""velocity"": 0.0, ""snr"": 0.0}, {""x"": -0.19311904907226562, ""y"": 0.994563102722168, ""z"": 0.0, ""velocity"": 0.0, ""snr"": 0.0}, {""x"": -0.1278519630432129, ""y"": 1.039266586303711, ""z"": 0.0, ""velocity"": 0.0, ""snr"": 0.0}, {""x"": -0.09512901306152344, ""y"": 1.0803937911987305, ""z"": 0.0, ""velocity"": 0.0, ""snr"": 0.0}, {""x"": -0.21779537200927734, ""y"": 1.713573932647705, ""z"": 0.0, ""velocity"": 0.0, ""snr"": 0.0}, {""x"": -0.10335445404052734, ""y"": 1.781165599822998, ""z"": 0.0, ""velocity"": 0.0, ""snr"": 0.0}, {""x"": 0.11783838272094727, ""y"": 0.6222724914550781, ""z"": 0.0, ""velocity"": 0.0, ""snr"": 0.0}, {""x"": 0.15342235565185547, ""y"": 0.5866885185241699, ""z"": 0.0, ""velocity"": 0.0, ""snr"": 0.0}, {""x"": 0.148773193359375, ""y"": 0.5941987037658691, ""z"": 0.0, ""velocity"": 0.0, ""snr"": 0.0}]","[143229.0, 219344.0, 151632.0, 47265.0, 9522.0, 2802.0, 1888.0, 2148.0, 2739.0, 2546.0, 1780.0, 9132.0, 62901.0, 128493.0, 104867.0, 33813.0, 6513.0, 2441.0, 2666.0, 3212.0, 17576.0, 59998.0, 86562.0, 80687.0, 69383.0, 46507.0, 18801.0, 4992.0, 3923.0, 6072.0, 5843.0, 4790.0, 5412.0, 10193.0, 15506.0, 16146.0, 38743.0, 49133.0, 28990.0, 32567.0, 25533.0, 10423.0, 12508.0, 9763.0, 11621.0, 12442.0, 12770.0, 9758.0, 9430.0, 14585.0, 18368.0, 14703.0, 12618.0, 20767.0, 25676.0, 11960.0, 8785.0, 14416.0, 24338.0, 19767.0, 10187.0, 5930.0, 6196.0, 6761.0, 7925.0, 7495.0, 6416.0, 4288.0, 7581.0, 10731.0, 8658.0, 4600.0, 3830.0, 4672.0, 5549.0, 7158.0, 10728.0, 11795.0, 9847.0, 7389.0, 5186.0, 3985.0, 3912.0, 5499.0, 4499.0, 5186.0, 5348.0, 6517.0, 5047.0, 4834.0, 4489.0, 4618.0, 5556.0, 6233.0, 4516.0, 6683.0, 7550.0, 5939.0, 4630.0, 7139.0, 4512.0, 8433.0, 8046.0, 4686.0, 3147.0, 3391.0, 3704.0, 3578.0, 3380.0, 4344.0, 4524.0, 3405.0, 3055.0, 4389.0, 8620.0, 11185.0, 11936.0, 10295.0, 6845.0, 3736.0, 2961.0, 4366.0, 4544.0, 2589.0, 3293.0, 3350.0, 2443.0, 2819.0]",114805887.22696725
4,0.8,7,"[{""x"": -0.3234744071960449, ""y"": 0.9405612945556641, ""z"": 0.0, ""velocity"": 0.0, ""snr"": 0.0}, {""x"": -0.37676095962524414, ""y"": 0.9704232215881348, ""z"": 0.0, ""velocity"": 0.0, ""snr"": 0.0}, {""x"": -0.2675056457519531, ""y"": 0.9756088256835938, ""z"": 0.0, ""velocity"": 0.0, ""snr"": 0.0}, {""x"": -0.1798868179321289, ""y"": 1.724839210510254, ""z"": 0.0, ""velocity"": 0.0, ""snr"": 0.0}, {""x"": -0.18775463104248047, ""y"": 1.781165599822998, ""z"": 0.0, ""velocity"": 0.0, ""snr"": 0.0}, {""x"": 0.0641942024230957, ""y"": 0.6567835807800293, ""z"": 0.0, ""velocity"": 0.0, ""snr"": 0.0}, {""x"": 1.8932819366455078, ""y"": 1.5748143196105957, ""z"": 0.0, ""velocity"": 0.0, ""snr"": 0.0}]","[143193.0, 219467.0, 151516.0, 47295.0, 9387.0, 3206.0, 2043.0, 2350.0, 2806.0, 2740.0, 2410.0, 12975.0, 35188.0, 42756.0, 31638.0, 23472.0, 10152.0, 2796.0, 2500.0, 2489.0, 15096.0, 44208.0, 67720.0, 55522.0, 41555.0, 40723.0, 12470.0, 3627.0, 3148.0, 5744.0, 7152.0, 4087.0, 4093.0, 12183.0, 21133.0, 23219.0, 31403.0, 45305.0, 27170.0, 37905.0, 34273.0, 20312.0, 16537.0, 10286.0, 14858.0, 14130.0, 10536.0, 8391.0, 8385.0, 10539.0, 12250.0, 6969.0, 10022.0, 21828.0, 27440.0, 14428.0, 10891.0, 15712.0, 27363.0, 21828.0, 10451.0, 6968.0, 7745.0, 7172.0, 7989.0, 7801.0, 7372.0, 5252.0, 8348.0, 11297.0, 9251.0, 5050.0, 4525.0, 8115.0, 8248.0, 6923.0, 10869.0, 13546.0, 12012.0, 10908.0, 7597.0, 4506.0, 4699.0, 6391.0, 5711.0, 5113.0, 5229.0, 4943.0, 4553.0, 5722.0, 5061.0, 4399.0, 7275.0, 9318.0, 6956.0, 8932.0, 7522.0, 5651.0, 5875.0, 8402.0, 4607.0, 8118.0, 8180.0, 4801.0, 2963.0, 3240.0, 3869.0, 4115.0, 3812.0, 3981.0, 4532.0, 3166.0, 3441.0, 3614.0, 7979.0, 10538.0, 11231.0, 9670.0, 6527.0, 3871.0, 3628.0, 4523.0, 5079.0, 3166.0, 2832.0, 2822.0, 3063.0, 3069.0]",112508987.85222366
5,0.8,8,"[{""x"": -0.5895495414733887, ""y"": 0.8568763732910156, ""z"": 0.0, ""velocity"": 0.0, ""snr"": 0.0}, {""x"": -0.20384788513183594, ""y"": 0.9462833404541016, ""z"": 0.0, ""velocity"": 0.0, ""snr"": 0.0}, {""x"": -0.2460479736328125, ""y"": 0.9521842002868652, ""z"": 0.0, ""velocity"": 0.0, ""snr"": 0.0}, {""x"": -0.25069713592529297, ""y"": 0.9491443634033203, ""z"": 0.0, ""velocity"": 0.0, ""snr"": 0.0}, {""x"": -0.14394521713256836, ""y"": 1.780092716217041, ""z"": 0.0, ""velocity"": 0.0, ""snr"": 0.0}, {""x"": 0.10138750076293945, ""y"": 0.7259845733642578, ""z"": 0.0, ""velocity"": 0.0, ""snr"": 0.0}, {""x"": 0.10639429092407227, ""y"": 0.7451176643371582, ""z"": 0.0, ""velocity"": 0.0, ""snr"": 0.0}, {""x"": 0.18596649169921875, ""y"": 1.0671615600585938, ""z"": 0.0, ""velocity"": 0.0, ""snr"": 0.0}]","[143545.0, 219619.0, 151521.0, 47240.0, 9483.0, 3205.0, 2076.0, 2305.0, 2935.0, 3280.0, 4955.0, 7863.0, 13856.0, 11065.0, 10982.0, 18520.0, 24815.0, 19052.0, 8256.0, 5468.0, 28765.0, 77372.0, 80399.0, 43523.0, 42242.0, 21522.0, 8692.0, 4328.0, 5301.0, 6226.0, 5589.0, 3290.0, 4677.0, 10354.0, 14812.0, 16730.0, 35158.0, 37901.0, 20795.0, 26642.0, 22335.0, 21838.0, 23592.0, 13911.0, 8972.0, 15291.0, 13958.0, 11614.0, 9268.0, 15423.0, 14121.0, 8248.0, 9241.0, 20305.0, 25450.0, 10883.0, 7352.0, 14325.0, 24550.0, 20965.0, 11220.0, 6322.0, 6004.0, 6380.0, 8094.0, 8270.0, 7603.0, 5259.0, 7972.0, 10675.0, 8346.0, 5100.0, 4344.0, 4852.0, 6502.0, 8097.0, 9618.0, 11561.0, 10339.0, 9009.0, 6536.0, 4805.0, 4481.0, 5654.0, 5067.0, 5312.0, 4963.0, 4656.0, 4309.0, 5962.0, 5848.0, 4558.0, 6582.0, 8281.0, 6572.0, 8794.0, 7054.0, 4009.0, 5350.0, 8320.0, 4548.0, 7200.0, 7169.0, 4983.0, 4234.0, 4223.0, 4204.0, 3748.0, 3279.0, 3961.0, 4151.0, 3607.0, 3693.0, 4024.0, 7569.0, 9693.0, 11636.0, 10086.0, 6662.0, 3869.0, 3139.0, 4162.0, 4581.0, 2778.0, 2716.0, 2733.0, 2552.0, 3251.0]",110259599.30761507
6,0.8,8,"[{""x"": -0.21851062774658203, ""y"": 0.9718537330627441, ""z"": 0.0, ""velocity"": 0.0, ""snr"": 0.0}, {""x"": -0.20867586135864258, ""y"": 0.9917020797729492, ""z"": 0.0, ""velocity"": 0.0, ""snr"": 0.0}, {""x"": -0.1952648162841797, ""y"": 1.0083317756652832, ""z"": 0.0, ""velocity"": 0.0, ""snr"": 0.0}, {""x"": -0.16540288925170898, ""y"": 1.7852783203125, ""z"": 0.0, ""velocity"": 0.0, ""snr"": 0.0}, {""x"": -0.19365549087524414, ""y"": 2.2362470626831055, ""z"": 0.0, ""velocity"": 0.0, ""snr"": 0.0}, {""x"": -0.036656856536865234, ""y"": 1.1326074600219727, ""z"": 0.0, ""velocity"": 0.0, ""snr"": 0.0}, {""x"": 0.0972747802734375, ""y"": 0.7762312889099121, ""z"": 0.0, ""velocity"": 0.0, ""snr"": 0.0}, {""x"": 0.2371072769165039, ""y"": 1.0553598403930664, ""z"": 0.0, ""velocity"": 0.0, ""snr"": 0.0}]","[142855.0, 219709.0, 151712.0, 47169.0, 9546.0, 3012.0, 2105.0, 2176.0, 3942.0, 6930.0, 10832.0, 17355.0, 23167.0, 17419.0, 10067.0, 5823.0, 8851.0, 13866.0, 10526.0, 6013.0, 17981.0, 49877.0, 84146.0, 65526.0, 34163.0, 5673.0, 4315.0, 4156.0, 4225.0, 5994.0, 8163.0, 9233.0, 7189.0, 5204.0, 5593.0, 7666.0, 3088.0, 8669.0, 8289.0, 7290.0, 5778.0, 4632.0, 4699.0, 5036.0, 4863.0, 5363.0, 6307.0, 6522.0, 5941.0, 4535.0, 7875.0, 10032.0, 11091.0, 9606.0, 6202.0, 3728.0, 2841.0, 3425.0, 3445.0, 2765.0, 2520.0, 2847.0, 2190.0, 2472.0, 16908288.0, 84280068.0, 50333448.0, 44041477.0, 1680998400.0, 36765706.0, 0.0, 393216.0, 131072.0, 4294901760.0, 19791871.0, 5242880.0, 2147483648.0, 3643619643.0, 14782.0, 16000.0, 409472.0, 4207214592.0, 5568.0, 1263665152.0, 370145704.0, 0.0, 4207627598.0, 5894.0, 1346240512.0, 360709198.0, 0.0, 40651837.0, 3775.0, 1245773824.0, 560802291.0, 0.0, 19811126.0, 33554432.0, 778698752.0, 1482096642.0, 1316093955.0, 3101687810.0, 625410048.0, 196018176.0, 130285568.0, 142934016.0, 195559424.0, 185270272.0, 120651776.0, 116654080.0, 168034304.0, 575209472.0, 1646919680.0, 2212102144.0, 1476788224.0, 621608960.0, 203882496.0, 311492608.0, 701759488.0, 2292580352.0, 4100784128.0, 254279680.0, 3765305345.0, 2381578240.0, 949551104.0, 311492608.0, 213975040.0, 268435456.0]",455224998.19904214
7,0.8,6,"[{""x"": -0.37747621536254883, ""y"": 0.9763240814208984, ""z"": 0.0, ""velocity"": 0.0, ""snr"": 0.0}, {""x"": -0.44864416122436523, ""y"": 0.9786486625671387, ""z"": 0.0, ""velocity"": 0.0, ""snr"": 0.0}, {""x"": -0.19848346710205078, ""y"": 0.9754300117492676, ""z"": 0.0, ""velocity"": 0.0, ""snr"": 0.0}, {""x"": -0.25194883346557617, ""y"": 0.9825825691223145, ""z"": 0.0, ""velocity"": 0.0, ""snr"": 0.0}, {""x"": 0.05990266799926758, ""y"": 0.6837844848632812, ""z"": 0.0, ""velocity"": 0.0, ""snr"": 0.0}, {""x"": 1.9657015800476074, ""y"": 1.4716386795043945, ""z"": 0.0, ""velocity"": 0.0, ""snr"": 0.0}]","[143201.0, 219740.0, 151585.0, 46985.0, 9625.0, 3135.0, 2008.0, 2289.0, 3006.0, 2785.0, 1938.0, 1670.0, 3360.0, 17766.0, 34142.0, 42278.0, 33768.0, 11972.0, 5168.0, 6465.0, 15521.0, 48427.0, 72938.0, 68557.0, 54153.0, 27304.0, 11552.0, 4911.0, 3211.0, 4481.0, 4641.0, 3806.0, 7221.0, 10382.0, 14442.0, 20277.0, 37672.0, 39759.0, 22118.0, 23765.0, 13569.0, 8455.0, 12510.0, 10163.0, 9276.0, 8223.0, 9835.0, 7524.0, 6812.0, 9144.0, 9585.0, 5256.0, 7985.0, 20555.0, 26282.0, 9870.0, 10608.0, 17872.0, 27225.0, 19458.0, 7514.0, 7504.0, 6699.0, 4943.0, 6104.0, 6331.0, 5594.0, 5454.0, 9349.0, 11072.0, 8131.0, 4106.0, 4224.0, 4037.0, 5452.0, 6553.0, 6401.0, 5442.0, 3502.0, 3791.0, 3817.0, 3987.0, 5023.0, 6686.0, 6182.0, 5763.0, 5695.0, 6273.0, 7336.0, 5673.0, 3763.0, 3288.0, 4188.0, 6754.0, 9331.0, 9342.0, 5812.0, 4311.0, 5340.0, 8245.0, 4339.0, 7877.0, 7949.0, 5447.0, 4366.0, 3795.0, 3549.0, 3622.0, 4688.0, 4376.0, 3972.0, 5507.0, 5375.0, 4518.0, 7153.0, 9397.0, 11131.0, 10175.0, 7046.0, 4244.0, 2240.0, 3823.0, 4021.0, 2962.0, 3108.0, 3180.0, 2169.0, 2096.0]",114726672.55944055
8,0.8,7,"[{""x"": -0.4597306251525879, ""y"": 0.8726119995117188, ""z"": 0.0, ""velocity"": 0.0, ""snr"": 0.0}, {""x"": -0.513911247253418, ""y"": 0.8693933486938477, ""z"": 0.0, ""velocity"": 0.0, ""snr"": 0.0}, {""x"": -0.5798935890197754, ""y"": 0.8754730224609375, ""z"": 0.0, ""velocity"": 0.0, ""snr"": 0.0}, {""x"": -0.2574920654296875, ""y"": 1.7659664154052734, ""z"": 0.0, ""velocity"": 0.0, ""snr"": 0.0}, {""x"": 0.10979175567626953, ""y"": 0.6328225135803223, ""z"": 0.0, ""velocity"": 0.0, ""snr"": 0.0}, {""x"": 0.2301335334777832, ""y"": 1.0714530944824219, ""z"": 0.0, ""velocity"": 0.0, ""snr"": 0.0}, {""x"": 1.9648075103759766, ""y"": 1.4728903770446777, ""z"": 0.0, ""velocity"": 0.0, ""snr"": 0.0}]","[143262.0, 219502.0, 151651.0, 47131.0, 9606.0, 3377.0, 2092.0, 1966.0, 2675.0, 2771.0, 1788.0, 1660.0, 12800.0, 63109.0, 102462.0, 67375.0, 20370.0, 5683.0, 3835.0, 6447.0, 13037.0, 29416.0, 35636.0, 32899.0, 33654.0, 23002.0, 9787.0, 6459.0, 5299.0, 5757.0, 4889.0, 3947.0, 6291.0, 9351.0, 11291.0, 18412.0, 32144.0, 36700.0, 19649.0, 28579.0, 19045.0, 9503.0, 10878.0, 7913.0, 8908.0, 10017.0, 11928.0, 9301.0, 7562.0, 8670.0, 7589.0, 6111.0, 8303.0, 20724.0, 25739.0, 10141.0, 9778.0, 15607.0, 26350.0, 20510.0, 7387.0, 6886.0, 5778.0, 5028.0, 4987.0, 6617.0, 5876.0, 4930.0, 8932.0, 11256.0, 8414.0, 4534.0, 3069.0, 3669.0, 5585.0, 6138.0, 6246.0, 5270.0, 3980.0, 3866.0, 3559.0, 3430.0, 4335.0, 5536.0, 5862.0, 5684.0, 5948.0, 6858.0, 7669.0, 6483.0, 4506.0, 3445.0, 3492.0, 5036.0, 8299.0, 8748.0, 5424.0, 3344.0, 4964.0, 7931.0, 4555.0, 7937.0, 7376.0, 4910.0, 4499.0, 3762.0, 2953.0, 3398.0, 4627.0, 4381.0, 3999.0, 5263.0, 5021.0, 4587.0, 8390.0, 9611.0, 10982.0, 10064.0, 7034.0, 4518.0, 2483.0, 3903.0, 4031.0, 2777.0, 2864.0, 3170.0, 2613.0, 2387.0]",112433593.36175698
9,0.8,8,"[{""x"": -0.2943277359008789, ""y"": 0.9493231773376465, ""z"": 0.0, ""velocity"": 0.0, ""snr"": 0.0}, {""x"": -0.2773404121398926, ""y"": 0.9663105010986328, ""z"": 0.0, ""velocity"": 0.0, ""snr"": 0.0}, {""x"": -0.3395676612854004, ""y"": 1.738429069519043, ""z"": 0.0, ""velocity"": 0.0, ""snr"": 0.0}, {""x"": -0.16611814498901367, ""y"": 1.7241239547729492, ""z"": 0.0, ""velocity"": 0.0, ""snr"": 0.0}, {""x"": -0.056684017181396484, ""y"": 1.6440153121948242, ""z"": 0.0, ""velocity"": 0.0, ""snr"": 0.0}, {""x"": -0.04684925079345703, ""y"": 1.6824603080749512, ""z"": 0.0, ""velocity"": 0.0, ""snr"": 0.0}, {""x"": 0.036656856536865234, ""y"": 2.518594264984131, ""z"": 0.0, ""velocity"": 0.0, ""snr"": 0.0}, {""x"": 1.8821954727172852, ""y"": 1.5821456909179688, ""z"": 0.0, ""velocity"": 0.0, ""snr"": 0.0}]","[143146.0, 219551.0, 151509.0, 47247.0, 9643.0, 3153.0, 2024.0, 2098.0, 2824.0, 2788.0, 1771.0, 1847.0, 8033.0, 33260.0, 44144.0, 22469.0, 5055.0, 2990.0, 3851.0, 3931.0, 8027.0, 28648.0, 38799.0, 30646.0, 32827.0, 20917.0, 8097.0, 4497.0, 3858.0, 5076.0, 4660.0, 4355.0, 7827.0, 10881.0, 20589.0, 37626.0, 41040.0, 32883.0, 28396.0, 24247.0, 15750.0, 12334.0, 11383.0, 9698.0, 8928.0, 8706.0, 10039.0, 7911.0, 7458.0, 9766.0, 7084.0, 9805.0, 13579.0, 19290.0, 24818.0, 16200.0, 12778.0, 15736.0, 26192.0, 21319.0, 8708.0, 5616.0, 4968.0, 4346.0, 4994.0, 6119.0, 5312.0, 4889.0, 8699.0, 10771.0, 8090.0, 4659.0, 3951.0, 4519.0, 5831.0, 6359.0, 7035.0, 6764.0, 5589.0, 4258.0, 3862.0, 3744.0, 4076.0, 4635.0, 5915.0, 6143.0, 7094.0, 7869.0, 7859.0, 6528.0, 3289.0, 3101.0, 3730.0, 5228.0, 8449.0, 8190.0, 5870.0, 3197.0, 5667.0, 8336.0, 4200.0, 8484.0, 7726.0, 4489.0, 4167.0, 3896.0, 3446.0, 3786.0, 4137.0, 4525.0, 5087.0, 5070.0, 5251.0, 5136.0, 7822.0, 9977.0, 10676.0, 8869.0, 6006.0, 4489.0, 2786.0, 2777.0, 3342.0, 2745.0, 2930.0, 2926.0, 2302.0, 2776.0]",110183927.95074207
0,0.8,6,"[{""x"": -0.20116567611694336, ""y"": 0.9952783584594727, ""z"": 0.0, ""velocity"": 0.0, ""snr"": 0.0}, {""x"": -0.24551153182983398, ""y"": 0.9947419166564941, ""z"": 0.0, ""velocity"": 0.0, ""snr"": 0.0}, {""x"": -0.17952919006347656, ""y"": 0.9868741035461426, ""z"": 0.0, ""velocity"": 0.0, ""snr"": 0.0}, {""x"": -0.2079606056213379, ""y"": 1.7736554145812988, ""z"": 0.0, ""velocity"": 0.0, ""snr"": 0.0}, {""x"": -0.16808509826660156, ""y"": 1.8028020858764648, ""z"": 0.0, ""velocity"": 0.0, ""snr"": 0.0}, {""x"": 0.5115866661071777, ""y"": 0.9636282920837402, ""z"": 0.0, ""velocity"": 0.0, ""snr"": 0.0}]","[143342.0, 219496.0, 151549.0, 47256.0, 9468.0, 3011.0, 1792.0, 2126.0, 2724.0, 2630.0, 1893.0, 12474.0, 46665.0, 69397.0, 47314.0, 16434.0, 3779.0, 2596.0, 3508.0, 3631.0, 11142.0, 51467.0, 92313.0, 73731.0, 29405.0, 16738.0, 10423.0, 6320.0, 4913.0, 5390.0, 5172.0, 4498.0, 8095.0, 10959.0, 12955.0, 19171.0, 35397.0, 39308.0, 23230.0, 27215.0, 23764.0, 11271.0, 13514.0, 8318.0, 7128.0, 7996.0, 10364.0, 9257.0, 8423.0, 10208.0, 7094.0, 6962.0, 6887.0, 18970.0, 24884.0, 9897.0, 7693.0, 15463.0, 26335.0, 21139.0, 8625.0, 6478.0, 5411.0, 5392.0, 6450.0, 7033.0, 5983.0, 5015.0, 8234.0, 9961.0, 8282.0, 5322.0, 3964.0, 4539.0, 7635.0, 7350.0, 6258.0, 5427.0, 4893.0, 4463.0, 4857.0, 4472.0, 4366.0, 5201.0, 6222.0, 6614.0, 8226.0, 8911.0, 9621.0, 8139.0, 3429.0, 2843.0, 2993.0, 4621.0, 7771.0, 8480.0, 5696.0, 4045.0, 6378.0, 8528.0, 4883.0, 8392.0, 7752.0, 3922.0, 3091.0, 2799.0, 3432.0, 4149.0, 4271.0, 4349.0, 4105.0, 3251.0, 4447.0, 4696.0, 7962.0, 10311.0, 11090.0, 9393.0, 6272.0, 4231.0, 3072.0, 3166.0, 3230.0, 3244.0, 3292.0, 3192.0, 2442.0, 2807.0]",107979346.08126295
1,0.8,8,"[{""x"": -0.3311634063720703, ""y"": 0.9191036224365234, ""z"": 0.0, ""velocity"": 0.0, ""snr"": 0.0}, {""x"": -0.3000497817993164, ""y"": 0.9348392486572266, ""z"": 0.0, ""velocity"": 0.0, ""snr"": 0.0}, {""x"": -0.18596649169921875, ""y"": 1.1147260665893555, ""z"": 0.0, ""velocity"": 0.0, ""snr"": 0.0}, {""x"": -0.2288818359375, ""y"": 1.8231868743896484, ""z"": 0.0, ""velocity"": 0.0, ""snr"": 0.0}, {""x"": -0.2739429473876953, ""y"": 1.840531826019287, ""z"": 0.0, ""velocity"": 0.0, ""snr"": 0.0}, {""x"": -0.023603439331054688, ""y"": 1.6450881958007812, ""z"": 0.0, ""velocity"": 0.0, ""snr"": 0.0}, {""x"": 0.2288818359375, ""y"": 0.5055069923400879, ""z"": 0.0, ""velocity"": 0.0, ""snr"": 0.0}, {""x"": 1.8274784088134766, ""y"": 1.6527771949768066, ""z"": 0.0, ""velocity"": 0.0, ""snr"": 0.0}]","[143239.0, 219219.0, 151159.0, 47184.0, 9730.0, 3232.0, 1899.0, 2135.0, 2951.0, 2932.0, 6024.0, 25801.0, 43651.0, 34536.0, 22703.0, 8112.0, 2389.0, 2462.0, 3120.0, 5557.0, 22756.0, 51093.0, 45993.0, 16645.0, 49924.0, 53698.0, 26576.0, 7707.0, 3816.0, 4778.0, 4881.0, 3821.0, 5895.0, 9516.0, 19394.0, 39238.0, 36036.0, 38103.0, 26148.0, 16998.0, 25053.0, 22049.0, 12977.0, 10615.0, 7287.0, 8431.0, 10191.0, 7589.0, 7538.0, 9431.0, 6608.0, 6598.0, 7800.0, 21802.0, 28976.0, 16686.0, 14356.0, 15617.0, 25659.0, 20046.0, 10439.0, 6658.0, 6236.0, 4729.0, 5571.0, 6051.0, 5609.0, 4454.0, 8102.0, 10464.0, 8221.0, 4869.0, 3465.0, 4575.0, 7046.0, 7006.0, 7385.0, 6853.0, 6467.0, 6514.0, 4873.0, 4445.0, 3826.0, 6026.0, 5821.0, 5212.0, 7025.0, 6991.0, 6896.0, 6166.0, 3728.0, 3637.0, 3108.0, 4650.0, 7378.0, 8595.0, 5793.0, 4060.0, 6731.0, 8506.0, 4253.0, 8643.0, 7870.0, 3785.0, 3510.0, 3862.0, 3705.0, 3780.0, 3777.0, 4515.0, 4740.0, 3605.0, 4241.0, 4614.0, 8064.0, 9168.0, 10459.0, 9062.0, 6625.0, 4394.0, 2925.0, 3203.0, 3668.0, 2776.0, 3840.0, 3341.0, 2605.0, 2741.0]",105819570.49254017
2,0.8,6,"[{""x"": -0.2256631851196289, ""y"": 1.0020732879638672, ""z"": 0.0, ""velocity"": 0.0, ""snr"": 0.0}, {""x"": -0.17434358596801758, ""y"": 1.0519623756408691, ""z"": 0.0, ""velocity"": 0.0, ""snr"": 0.0}, {""x"": -0.15288591384887695, ""y"": 1.091301441192627, ""z"": 0.0, ""velocity"": 0.0, ""snr"": 0.0}, {""x"": -0.1900792121887207, ""y"": 1.1036396026611328, ""z"": 0.0, ""velocity"": 0.0, ""snr"": 0.0}, {""x"": -0.19669532775878906, ""y"": 1.7729401588439941, ""z"": 0.0, ""velocity"": 0.0, ""snr"": 0.0}, {""x"": -0.19919872283935547, ""y"": 1.8088817596435547, ""z"": 0.0, ""velocity"": 0.0, ""snr"": 0.0}]","[143162.0, 219422.0, 151113.0, 47329.0, 9554.0, 3250.0, 1870.0, 2238.0, 2840.0, 2678.0, 4602.0, 22776.0, 43936.0, 33179.0, 12873.0, 4841.0, 2288.0, 2905.0, 3865.0, 4193.0, 7097.0, 21759.0, 43364.0, 51512.0, 69859.0, 59123.0, 23234.0, 4965.0, 3707.0, 4914.0, 4837.0, 4539.0, 6335.0, 10368.0, 10734.0, 13042.0, 34315.0, 41857.0, 31056.0, 31638.0, 29286.0, 20255.0, 13033.0, 10181.0, 8039.0, 7735.0, 9325.0, 11002.0, 8626.0, 11163.0, 15616.0, 8718.0, 13369.0, 18570.0, 22794.0, 16094.0, 13931.0, 15421.0, 25503.0, 20354.0, 9239.0, 7006.0, 5969.0, 5727.0, 6206.0, 5973.0, 5888.0, 4609.0, 7699.0, 10198.0, 8159.0, 4087.0, 3949.0, 3984.0, 6141.0, 6104.0, 6546.0, 7600.0, 8987.0, 9254.0, 7064.0, 5143.0, 4276.0, 4846.0, 5314.0, 4995.0, 5537.0, 5498.0, 6751.0, 6769.0, 5457.0, 3887.0, 3484.0, 3857.0, 6713.0, 9559.0, 7741.0, 4773.0, 5976.0, 7825.0, 3914.0, 8620.0, 7980.0, 4541.0, 3818.0, 3182.0, 4710.0, 4313.0, 4067.0, 3666.0, 3498.0, 3139.0, 3518.0, 3921.0, 7632.0, 9719.0, 10919.0, 9330.0, 6464.0, 4772.0, 2636.0, 3688.0, 4254.0, 2851.0, 3512.0, 3296.0, 2097.0, 2975.0]",103703205.43174174
3,0.8,7,"[{""x"": -0.33420324325561523, ""y"": 0.9357333183288574, ""z"": 0.0, ""velocity"": 0.0, ""snr"": 0.0}, {""x"": -0.3261566162109375, ""y"": 0.9452104568481445, ""z"": 0.0, ""velocity"": 0.0, ""snr"": 0.0}, {""x"": -0.2605319023132324, ""y"": 0.9979605674743652, ""z"": 0.0, ""velocity"": 0.0, ""snr"": 0.0}, {""x"": -0.20134449005126953, ""y"": 1.0780692100524902, ""z"": 0.0, ""velocity"": 0.0, ""snr"": 0.0}, {""x"": -0.17917156219482422, ""y"": 1.1118650436401367, ""z"": 0.0, ""velocity"": 0.0, ""snr"": 0.0}, {""x"": -0.17148256301879883, ""y"": 1.6481280326843262, ""z"": 0.0, ""velocity"": 0.0, ""snr"": 0.0}, {""x"": -0.20134449005126953, ""y"": 1.763463020324707, ""z"": 0.0, ""velocity"": 0.0, ""snr"": 0.0}]","[143491.0, 219692.0, 151597.0, 47101.0, 9731.0, 3227.0, 1952.0, 1931.0, 2732.0, 2539.0, 2396.0, 8443.0, 43382.0, 62674.0, 34164.0, 6468.0, 2320.0, 3236.0, 4324.0, 5533.0, 21460.0, 69116.0, 97210.0, 52551.0, 44419.0, 46186.0, 19464.0, 6630.0, 3878.0, 4365.0, 4037.0, 3512.0, 4806.0, 9051.0, 10914.0, 26410.0, 34703.0, 37534.0, 34764.0, 36002.0, 22591.0, 8346.0, 11381.0, 9484.0, 10553.0, 11588.0, 10717.0, 6645.0, 8267.0, 16479.0, 22362.0, 11331.0, 11105.0, 19711.0, 23933.0, 17545.0, 11408.0, 15887.0, 25155.0, 20166.0, 10654.0, 7226.0, 5334.0, 5580.0, 6959.0, 6109.0, 6298.0, 4571.0, 7532.0, 10534.0, 8309.0, 4063.0, 3208.0, 4316.0, 6209.0, 8174.0, 9579.0, 10494.0, 9307.0, 6810.0, 4840.0, 4146.0, 3738.0, 3914.0, 3358.0, 5456.0, 6692.0, 4110.0, 3648.0, 4027.0, 3281.0, 4061.0, 4057.0, 4560.0, 4377.0, 6065.0, 4769.0, 3549.0, 5704.0, 8197.0, 3963.0, 8068.0, 7652.0, 4911.0, 3986.0, 4359.0, 4881.0, 4395.0, 2951.0, 3205.0, 3475.0, 2826.0, 3768.0, 4402.0, 8271.0, 10742.0, 11755.0, 9937.0, 6685.0, 4016.0, 2991.0, 2964.0, 3945.0, 2698.0, 3132.0, 2661.0, 2095.0, 2705.0]",101628519.15286793
4,0.8,6,"[{""x"": -0.3401041030883789, ""y"": 0.9484291076660156, ""z"": 0.0, ""velocity"": 0.0, ""snr"": 0.0}, {""x"": -0.35440921783447266, ""y"": 0.9593367576599121, ""z"": 0.0, ""velocity"": 0.0, ""snr"": 0.0}, {""x"": -0.3243684768676758, ""y"": 0.9877681732177734, ""z"": 0.0, ""velocity"": 0.0, ""snr"": 0.0}, {""x"": -0.19043684005737305, ""y"": 1.6399025917053223, ""z"": 0.0, ""velocity"": 0.0, ""snr"": 0.0}, {""x"": 0.031828880310058594, ""y"": 0.6435513496398926, ""z"": 0.0, ""velocity"": 0.0, ""snr"": 0.0}, {""x"": 0.04220008850097656, ""y"": 0.6279945373535156, ""z"": 0.0, ""velocity"": 0.0, ""snr"": 0.0}]","[143453.0, 219367.0, 151398.0, 47334.0, 9597.0, 3154.0, 2088.0, 2156.0, 2825.0, 2705.0, 4062.0, 12018.0, 27024.0, 57310.0, 64624.0, 33443.0, 8337.0, 4547.0, 3884.0, 3088.0, 8429.0, 48774.0, 98385.0, 96368.0, 56799.0, 36593.0, 13332.0, 4786.0, 3345.0, 4717.0, 4534.0, 3317.0, 5385.0, 9391.0, 20041.0, 42460.0, 60336.0, 48159.0, 38884.0, 32090.0, 22617.0, 19634.0, 21348.0, 11327.0, 11597.0, 12913.0, 13771.0, 13386.0, 7983.0, 21401.0, 28146.0, 13927.0, 13774.0, 20793.0, 27400.0, 17559.0, 16979.0, 15610.0, 25133.0, 20244.0, 10546.0, 7216.0, 6369.0, 5275.0, 5957.0, 6894.0, 7059.0, 5013.0, 8490.0, 11487.0, 9113.0, 3995.0, 3262.0, 4455.0, 6647.0, 7861.0, 8767.0, 9463.0, 8865.0, 7380.0, 6539.0, 4954.0, 3818.0, 5424.0, 4930.0, 5691.0, 5334.0, 3840.0, 3399.0, 3665.0, 3691.0, 3439.0, 6503.0, 7896.0, 6395.0, 9314.0, 7220.0, 4087.0, 5926.0, 7987.0, 3476.0, 8404.0, 7845.0, 5059.0, 4200.0, 3364.0, 3814.0, 4421.0, 4758.0, 5040.0, 4254.0, 2998.0, 2954.0, 3495.0, 7932.0, 11466.0, 11843.0, 9349.0, 6154.0, 4703.0, 3601.0, 4467.0, 4618.0, 2592.0, 2916.0, 2953.0, 2533.0, 2750.0]",99594808.20506176
5,0.8,6,"[{""x"": -0.4329085350036621, ""y"": 1.0385513305664062, ""z"": 0.0, ""velocity"": 0.0, ""snr"": 0.0}, {""x"": -0.2396106719970703, ""y"": 0.9714961051940918, ""z"": 0.0, ""velocity"": 0.0, ""snr"": 0.0}, {""x"": -0.24962425231933594, ""y"": 0.9784698486328125, ""z"": 0.0, ""velocity"": 0.0, ""snr"": 0.0}, {""x"": 0.005185604095458984, ""y"": 1.0305047035217285, ""z"": 0.0, ""velocity"": 0.0, ""snr"": 0.0}, {""x"": 0.06508827209472656, ""y"": 0.7109642028808594, ""z"": 0.0, ""velocity"": 0.0, ""snr"": 0.0}, {""x"": 0.3406405448913574, ""y"": 1.032114028930664, ""z"": 0.0, ""velocity"": 0.0, ""snr"": 0.0}]","[143021.0, 219223.0, 151418.0, 47150.0, 9541.0, 3208.0, 2143.0, 2319.0, 2988.0, 3051.0, 4944.0, 10661.0, 13323.0, 23442.0, 13683.0, 18498.0, 19707.0, 7902.0, 2647.0, 3246.0, 14244.0, 58655.0, 98526.0, 75537.0, 54408.0, 41252.0, 16093.0, 8433.0, 4321.0, 4830.0, 4912.0, 3316.0, 5408.0, 9890.0, 11468.0, 19032.0, 52725.0, 51227.0, 23167.0, 23115.0, 22744.0, 23889.0, 20248.0, 9959.0, 8034.0, 10544.0, 9545.0, 7961.0, 7857.0, 11112.0, 10020.0, 7382.0, 7447.0, 20109.0, 24341.0, 10940.0, 7421.0, 14731.0, 23817.0, 20848.0, 11711.0, 6715.0, 6087.0, 5542.0, 6775.0, 7036.0, 7137.0, 5121.0, 7787.0, 10785.0, 8729.0, 4458.0, 4224.0, 5408.0, 5969.0, 6759.0, 9926.0, 11375.0, 8808.0, 5681.0, 4559.0, 4038.0, 4204.0, 5870.0, 5667.0, 6656.0, 6047.0, 4883.0, 4027.0, 3392.0, 3196.0, 3078.0, 6313.0, 8875.0, 7891.0, 10355.0, 8490.0, 4478.0, 4901.0, 7426.0, 4005.0, 8401.0, 8252.0, 4685.0, 3284.0, 3399.0, 3766.0, 4026.0, 3519.0, 4287.0, 4524.0, 3437.0, 2863.0, 3851.0, 8759.0, 11661.0, 11893.0, 9385.0, 6017.0, 3826.0, 3820.0, 6626.0, 6922.0, 3115.0, 3217.0, 2832.0, 2594.0, 2965.0]",97604111.15245189
6,0.8,10,"[{""x"": -0.4985332489013672, ""y"": 0.8529424667358398, ""z"": 0.0, ""velocity"": 0.0, ""snr"": 0.0}, {""x"": -0.5382299423217773, ""y"": 0.862419605255127, ""z"": 0.0, ""velocity"": 0.0, ""snr"": 0.0}, {""x"": -0.12052059173583984, ""y"": 1.7504096031188965, ""z"": 0.0, ""velocity"": 0.0, ""snr"": 0.0}, {""x"": -0.1569986343383789, ""y"": 1.7607808113098145, ""z"": 0.0, ""velocity"": 0.0, ""snr"": 0.0}, {""x"": -0.009834766387939453, ""y"": 0.7408261299133301, ""z"": 0.0, ""velocity"": 0.0, ""snr"": 0.0}, {""x"": 0.008404254913330078, ""y"": 0.7592439651489258, ""z"": 0.0, ""velocity"": 0.0, ""snr"": 0.0}, {""x"": 0.1811385154724121, ""y"": 1.089334487915039, ""z"": 0.0, ""velocity"": 0.0, ""snr"": 0.0}, {""x"": 0.13893842697143555, ""y"": 1.1036396026611328, ""z"": 0.0, ""velocity"": 0.0, ""snr"": 0.0}, {""x"": 0.28967857360839844, ""y"": 1.0358691215515137, ""z"": 0.0, ""velocity"": 0.0, ""snr"": 0.0}, {""x"": 1.7906427383422852, ""y"": 1.6894340515136719, ""z"": 0.0, ""velocity"": 0.0, ""snr"": 0.0}]","[143271.0, 219202.0, 151263.0, 47179.0, 9694.0, 3369.0, 2041.0, 2168.0, 2792.0, 3416.0, 7419.0, 11250.0, 7482.0, 6716.0, 8678.0, 14189.0, 23466.0, 20289.0, 10631.0, 6232.0, 10021.0, 22597.0, 31275.0, 42466.0, 67131.0, 48590.0, 15238.0, 4111.0, 4045.0, 6165.0, 6282.0, 3361.0, 4461.0, 7894.0, 10142.0, 14983.0, 23379.0, 23390.0, 35232.0, 40693.0, 15264.0, 14642.0, 14192.0, 9234.0, 11994.0, 12747.0, 11083.0, 12961.0, 12309.0, 10289.0, 13475.0, 10443.0, 7945.0, 20977.0, 26535.0, 13298.0, 7125.0, 15294.0, 25357.0, 21130.0, 10250.0, 6177.0, 6032.0, 6424.0, 7635.0, 7256.0, 6778.0, 4740.0, 7501.0, 10437.0, 8188.0, 4884.0, 3896.0, 3737.0, 6659.0, 7492.0, 7347.0, 8231.0, 8886.0, 9049.0, 6019.0, 5342.0, 4625.0, 4146.0, 3705.0, 4617.0, 4460.0, 4937.0, 4504.0, 3852.0, 3593.0, 4137.0, 6859.0, 8293.0, 6733.0, 9510.0, 8457.0, 5414.0, 4545.0, 7429.0, 4472.0, 8630.0, 8713.0, 5506.0, 3392.0, 3066.0, 3296.0, 3311.0, 3375.0, 3960.0, 4375.0, 4400.0, 3920.0, 4659.0, 7872.0, 10540.0, 11548.0, 9037.0, 6268.0, 3937.0, 3213.0, 4555.0, 5250.0, 3328.0, 3128.0, 2983.0, 2624.0, 2701.0]",95653374.85090657
7,0.8,11,"[{""x"": -0.36388635635375977, ""y"": 0.9761452674865723, ""z"": 0.0, ""velocity"": 0.0, ""snr"": 0.0}, {""x"": -0.4616975784301758, ""y"": 0.971674919128418, ""z"": 0.0, ""velocity"": 0.0, ""snr"": 0.0}, {""x"": -0.2346038818359375, ""y"": 0.9797215461730957, ""z"": 0.0, ""velocity"": 0.0, ""snr"": 0.0}, {""x"": -0.10532140731811523, ""y"": 0.9477138519287109, ""z"": 0.0, ""velocity"": 0.0, ""snr"": 0.0}, {""x"": -0.17577409744262695, ""y"": 0.9718537330627441, ""z"": 0.0, ""velocity"": 0.0, ""snr"": 0.0}, {""x"": -0.2447962760925293, ""y"": 1.7142891883850098, ""z"": 0.0, ""velocity"": 0.0, ""snr"": 0.0}, {""x"": -0.22405385971069336, ""y"": 1.7661452293395996, ""z"": 0.0, ""velocity"": 0.0, ""snr"": 0.0}, {""x"": 0.03987550735473633, ""y"": 0.8389949798583984, ""z"": 0.0, ""velocity"": 0.0, ""snr"": 0.0}, {""x"": 0.048279762268066406, ""y"": 0.8754730224609375, ""z"": 0.0, ""velocity"": 0.0, ""snr"": 0.0}, {""x"": 1.760244369506836, ""y"": 1.7053484916687012, ""z"": 0.0, ""velocity"": 0.0, ""snr"": 0.0}, {""x"": 1.8494725227355957, ""y"": 1.620948314666748, ""z"": 0.0, ""velocity"": 0.0, ""snr"": 0.0}]","[143451.0, 219469.0, 151644.0, 47421.0, 9691.0, 3251.0, 2155.0, 1962.0, 2345.0, 5970.0, 15161.0, 21544.0, 19428.0, 13439.0, 9130.0, 6069.0, 4123.0, 33566447.0, 100860929.0, 460805.0, 2147812611.0, 838860802.0, 1375734372.0, 3.0, 83886080.0, 33554432.0, 4278190080.0, 771751935.0, 1174405121.0, 0.0, 758725504.0, 3784409.0, 4096000.0, 88047616.0, 687865856.0, 1353464.0, 1258291200.0, 955898955.0, 20.0, 1934051584.0, 1344249.0, 1728053248.0, 3103351624.0, 20.0, 1581933312.0, 2324776.0, 855638016.0, 77388.0, 131072.0, 36693760.0, 56149760.0, 38745600.0, 12092928.0, 2439680.0, 748800.0, 497664.0, 607488.0, 722176.0, 780544.0, 518144.0, 856576.0, 2704384.0, 5108992.0, 5446144.0, 3698176.0, 2142208.0, 1175296.0, 632832.0, 1194752.0, 7389952.0, 19010560.0, 21953536.0, 11940608.0, 4001280.0, 3362048.0, 1263872.0, 675072.0, 670720.0, 780032.0, 982784.0, 888064.0, 1099520.0, 2491392.0, 2941952.0, 4289280.0, 10020096.0, 11164160.0, 8330496.0, 7425792.0, 5414656.0, 3859456.0, 3676672.0, 3295232.0, 3870720.0, 2756352.0, 2354432.0, 2587648.0, 2277888.0, 2907648.0, 3332608.0, 3055616.0, 3385600.0, 5741056.0, 7238912.0, 3316224.0, 3222016.0, 4877312.0, 7397632.0, 5422592.0, 2401792.0, 1236736.0, 1066240.0, 1840384.0, 2432768.0, 2467840.0, 1988608.0, 1946880.0, 2435840.0, 2651648.0, 1684480.0, 822528.0, 1021696.0, 1482240.0, 1588224.0, 1590016.0, 1353984.0, 2079488.0, 2250496.0]",255938859.73524415
8,0.8,5,"[{""x"": -0.31810998916625977, ""y"": 0.9659528732299805, ""z"": 0.0, ""velocity"": 0.0, ""snr"": 0.0}, {""x"": -0.2396106719970703, ""y"": 0.9393095970153809, ""z"": 0.0, ""velocity"": 0.0, ""snr"": 0.0}, {""x"": -0.2555251121520996, ""y"": 0.9543299674987793, ""z"": 0.0, ""velocity"": 0.0, ""snr"": 0.0}, {""x"": -0.2753734588623047, ""y"": 0.9600520133972168, ""z"": 0.0, ""velocity"": 0.0, ""snr"": 0.0}, {""x"": 1.777052879333496, ""y"": 1.7012357711791992, ""z"": 0.0, ""velocity"": 0.0, ""snr"": 0.0}]","[143333.0, 219503.0, 151220.0, 47112.0, 9556.0, 2945.0, 2082.0, 2218.0, 2855.0, 2982.0, 2260.0, 3184.0, 9840.0, 20669.0, 23015.0, 14531.0, 6843.0, 3522.0, 2476.0, 4201.0, 30052.0, 82755.0, 101482.0, 57739.0, 19616.0, 13471.0, 5870.0, 3256.0, 3651.0, 5291.0, 5115.0, 3597.0, 33558331.0, 100860929.0, 460805.0, 2147812611.0, 838860802.0, 1409288804.0, 3.0, 67108864.0, 33554432.0, 4278190080.0, 771751935.0, 1006632961.0, 0.0, 758725504.0, 3784409.0, 4096000.0, 71270400.0, 3489660928.0, 1361401.0, 1174405120.0, 3606829129.0, 21.0, 592136704.0, 1482494.0, 1023410176.0, 1411822926.0, 37.0, 776745984.0, 1.0, 3187671042.0, 587203119.0, 2248147801.0, 2499805774.0, 1946157240.0, 1694498853.0, 369098763.0, 369098759.0, 2868903944.0, 2768240649.0, 553648139.0, 2550136841.0, 3154116620.0, 419430422.0, 4127195176.0, 1191182414.0, 1191182401.0, 2785017883.0, 939524106.0, 671088649.0, 3607101450.0, 520093744.0, 2281701504.0, 2751463613.0, 2818572470.0, 3959423085.0, 2382364715.0, 2214592532.0, 2701131788.0, 637534221.0, 2785017874.0, 2986344464.0, 4026531856.0, 3405774864.0, 2902458404.0, 452984886.0, 1962934369.0, 4026531950.0, 4093640837.0, 4143972433.0, 1426063437.0, 889192525.0, 2969567284.0, 2181038124.0, 1728053294.0, 67108924.0, 1157627941.0, 4009754658.0, 3607101472.0, 3909091357.0, 2013265960.0, 3204448285.0, 2499805209.0, 788529184.0, 1644167255.0, 3103785073.0, 1795162168.0, 3607101486.0, 1124073555.0, 2885681273.0, 2734686293.0, 2785017893.0, 1862271001.0, 3942645779.0, 2885681174.0, 2365587491.0, 1392508966.0]",1320976317.983079
9,0.8,7,"[{""x"": -0.3084540367126465, ""y"": 0.9366273880004883, ""z"": 0.0, ""velocity"": 0.0, ""snr"": 0.0}, {""x"": -0.37658214569091797, ""y"": 0.9169578552246094, ""z"": 0.0, ""velocity"": 0.0, ""snr"": 0.0}, {""x"": -0.05829334259033203, ""y"": 0.6959438323974609, ""z"": 0.0, ""velocity"": 0.0, ""snr"": 0.0}, {""x"": -0.0035762786865234375, ""y"": 1.0905861854553223, ""z"": 0.0, ""velocity"": 0.0, ""snr"": 0.0}, {""x"": 0.17023086547851562, ""y"": 1.0448098182678223, ""z"": 0.0, ""velocity"": 0.0, ""snr"": 0.0}, {""x"": 1.8578767776489258, ""y"": 1.6148686408996582, ""z"": 0.0, ""velocity"": 0.0, ""snr"": 0.0}, {""x"": 1.83945894241333, ""y"": 1.9170641899108887, ""z"": 0.0, ""velocity"": 0.0, ""snr"": 0.0}]","[143370.0, 219299.0, 151285.0, 47105.0, 9365.0, 2882.0, 1963.0, 2108.0, 2735.0, 2629.0, 2126.0, 2560.0, 7635.0, 25133.0, 26347.0, 19846.0, 11647.0, 4651.0, 2374.0, 3982.0, 24616.0, 64178.0, 73050.0, 50916.0, 54425.0, 34901.0, 8037.0, 3078.0, 3121.0, 4522.0, 4236.0, 5312.0, 4155.0, 9539.0, 12561.0, 20020.0, 41906.0, 42264.0, 24286.0, 19102.0, 17974.0, 11823.0, 9161.0, 11110.0, 14049.0, 8953.0, 7046.0, 6622.0, 7544.0, 9559.0, 6641.0, 6571.0, 8623.0, 24368.0, 30780.0, 15338.0, 17804.0, 23398.0, 32674.0, 23970.0, 9334.0, 6330.0, 4550.0, 5698.0, 8068.0, 9236.0, 7983.0, 8366.0, 10403.0, 11188.0, 7764.0, 3853.0, 4534.0, 5726.0, 5283.0, 6458.0, 8388.0, 8394.0, 8938.0, 6201.0, 5259.0, 4561.0, 4309.0, 5314.0, 5361.0, 3733.0, 5346.0, 9108.0, 8881.0, 5705.0, 6228.0, 5823.0, 5023.0, 7185.0, 6971.0, 5549.0, 4198.0, 4018.0, 8233.0, 10407.0, 4173.0, 8044.0, 8036.0, 4754.0, 4040.0, 2921.0, 3913.0, 6266.0, 6666.0, 6565.0, 5676.0, 3451.0, 3655.0, 5163.0, 8970.0, 9552.0, 7330.0, 5713.0, 4111.0, 3543.0, 4055.0, 4268.0, 4408.0, 3845.0, 3441.0, 2799.0, 2389.0, 2359.0]",121385161.96030839
10,0.8,9,"[{""x"": -0.27179718017578125, ""y"": 0.9461045265197754, ""z"": 0.0, ""velocity"": 0.0, ""snr"": 0.0}, {""x"": -0.2925395965576172, ""y"": 0.9532570838928223, ""z"": 0.0, ""velocity"": 0.0, ""snr"": 0.0}, {""x"": -0.18364191055297852, ""y"": 1.0911226272583008, ""z"": 0.0, ""velocity"": 0.0, ""snr"": 0.0}, {""x"": -0.12087821960449219, ""y"": 1.6080737113952637, ""z"": 0.0, ""velocity"": 0.0, ""snr"": 0.0}, {""x"": -0.050961971282958984, ""y"": 1.6425848007202148, ""z"": 0.0, ""velocity"": 0.0, ""snr"": 0.0}, {""x"": 0.13500452041625977, ""y"": 1.0628700256347656, ""z"": 0.0, ""velocity"": 0.0, ""snr"": 0.0}, {""x"": 1.7677545547485352, ""y"": 1.9606947898864746, ""z"": 0.0, ""velocity"": 0.0, ""snr"": 0.0}, {""x"": 1.798868179321289, ""y"": 1.6819238662719727, ""z"": 0.0, ""velocity"": 0.0, ""snr"": 0.0}, {""x"": 1.8419623374938965, ""y"": 1.9138455390930176, ""z"": 0.0, ""velocity"": 0.0, ""snr"": 0.0}]","[143247.0, 219219.0, 151038.0, 47022.0, 9550.0, 2905.0, 1898.0, 1790.0, 2693.0, 2975.0, 2143.0, 20178.0, 70911.0, 93023.0, 51123.0, 12525.0, 4527.0, 4383.0, 2711.0, 3211.0, 20599.0, 53501.0, 58756.0, 49682.0, 80605.0, 57211.0, 14652.0, 4067.0, 3519.0, 4616.0, 3868.0, 4432.0, 5104.0, 9689.0, 23877.0, 41937.0, 37994.0, 36063.0, 27591.0, 25818.0, 19490.0, 11589.0, 10923.0, 11944.0, 14465.0, 9930.0, 8051.0, 7857.0, 7338.0, 8422.0, 8123.0, 6844.0, 8515.0, 22303.0, 29795.0, 14589.0, 8815.0, 22747.0, 31818.0, 23558.0, 10112.0, 8496.0, 4489.0, 5369.0, 6831.0, 8450.0, 8317.0, 8764.0, 10334.0, 10928.0, 7801.0, 4419.0, 4320.0, 5970.0, 5220.0, 5011.0, 6748.0, 8400.0, 9127.0, 6852.0, 5704.0, 5056.0, 4571.0, 6197.0, 6043.0, 3991.0, 3741.0, 8327.0, 8859.0, 5425.0, 7489.0, 6372.0, 5423.0, 8547.0, 8028.0, 5332.0, 4261.0, 4398.0, 7213.0, 10469.0, 4057.0, 7608.0, 7760.0, 4669.0, 4703.0, 4171.0, 4324.0, 5938.0, 6953.0, 6301.0, 5434.0, 4265.0, 4731.0, 6159.0, 9150.0, 9113.0, 7676.0, 7271.0, 4810.0, 3522.0, 3391.0, 4240.0, 4939.0, 4436.0, 3708.0, 3227.0, 2734.0, 2184.0]",118957159.36906809
0,0.8,11,"[{""x"": -0.37103891372680664, ""y"": 0.9797215461730957, ""z"": 0.0, ""velocity"": 0.0, ""snr"": 0.0}, {""x"": -0.1932978630065918, ""y"": 0.9802579879760742, ""z"": 0.0, ""velocity"": 0.0, ""snr"": 0.0}, {""x"": -0.25534629821777344, ""y"": 0.9820461273193359, ""z"": 0.0, ""velocity"": 0.0, ""snr"": 0.0}, {""x"": -0.27126073837280273, ""y"": 1.0553598403930664, ""z"": 0.0, ""velocity"": 0.0, ""snr"": 0.0}, {""x"": -0.19025802612304688, ""y"": 1.097559928894043, ""z"": 0.0, ""velocity"": 0.0, ""snr"": 0.0}, {""x"": -0.11819601058959961, ""y"": 1.608431339263916, ""z"": 0.0, ""velocity"": 0.0, ""snr"": 0.0}, {""x"": -0.15360116958618164, ""y"": 1.638650894165039, ""z"": 0.0, ""velocity"": 0.0, ""snr"": 0.0}, {""x"": -0.16361474990844727, ""y"": 1.6669034957885742, ""z"": 0.0, ""velocity"": 0.0, ""snr"": 0.0}, {""x"": 1.7765164375305176, ""y"": 1.9530057907104492, ""z"": 0.0, ""velocity"": 0.0, ""snr"": 0.0}, {""x"": 1.806020736694336, ""y"": 1.6715526580810547, ""z"": 0.0, ""velocity"": 0.0, ""snr"": 0.0}, {""x"": 1.8419623374938965, ""y"": 1.914381980895996, ""z"": 0.0, ""velocity"": 0.0, ""snr"": 0.0}]","[142950.0, 219137.0, 151133.0, 46982.0, 9875.0, 3157.0, 2078.0, 2070.0, 2683.0, 2620.0, 5819.0, 31611.0, 66345.0, 55523.0, 16640.0, 13049.0, 5695.0, 4031.0, 3114.0, 3195.0, 15660.0, 57038.0, 93314.0, 83033.0, 78065.0, 56193.0, 17104.0, 4025.0, 2938.0, 4540.0, 4865.0, 4571.0, 6136.0, 13361.0, 39624.0, 60305.0, 60736.0, 55532.0, 27056.0, 22149.0, 19928.0, 23293.0, 17403.0, 10641.0, 14623.0, 11036.0, 9088.0, 11066.0, 10340.0, 7141.0, 11568.0, 11295.0, 7571.0, 23363.0, 30065.0, 14054.0, 12273.0, 23076.0, 32366.0, 24408.0, 10470.0, 5371.0, 4509.0, 5382.0, 7361.0, 8947.0, 8060.0, 8451.0, 10723.0, 11719.0, 8445.0, 4262.0, 4960.0, 6933.0, 5124.0, 6352.0, 8082.0, 8523.0, 8429.0, 6385.0, 4642.0, 4840.0, 3895.0, 5299.0, 4750.0, 4232.0, 3473.0, 7463.0, 8651.0, 5371.0, 5831.0, 5820.0, 5677.0, 8227.0, 7413.0, 5333.0, 4188.0, 4226.0, 6989.0, 10066.0, 4783.0, 7354.0, 6916.0, 4273.0, 4319.0, 3105.0, 2907.0, 4503.0, 5034.0, 4601.0, 3845.0, 3505.0, 3373.0, 5222.0, 8798.0, 9119.0, 7536.0, 6186.0, 4428.0, 3521.0, 3577.0, 4374.0, 5551.0, 4138.0, 3192.0, 3655.0, 3123.0, 2283.0]",116576531.00069636
1,0.8,9,"[{""x"": -0.26983022689819336, ""y"": 0.931084156036377, ""z"": 0.0, ""velocity"": 0.0, ""snr"": 0.0}, {""x"": -0.2378225326538086, ""y"": 0.9554028511047363, ""z"": 0.0, ""velocity"": 0.0, ""snr"": 0.0}, {""x"": -0.18221139907836914, ""y"": 0.9700655937194824, ""z"": 0.0, ""velocity"": 0.0, ""snr"": 0.0}, {""x"": -0.06687641143798828, ""y"": 1.7791986465454102, ""z"": 0.0, ""velocity"": 0.0, ""snr"": 0.0}, {""x"": 0.25713443756103516, ""y"": 1.026928424835205, ""z"": 0.0, ""velocity"": 0.0, ""snr"": 0.0}, {""x"": 0.4050135612487793, ""y"": 1.0099411010742188, ""z"": 0.0, ""velocity"": 0.0, ""snr"": 0.0}, {""x"": 1.7788410186767578, ""y"": 1.701951026916504, ""z"": 0.0, ""velocity"": 0.0, ""snr"": 0.0}, {""x"": 1.8385648727416992, ""y"": 1.8957853317260742, ""z"": 0.0, ""velocity"": 0.0, ""snr"": 0.0}, {""x"": 1.8777251243591309, ""y"": 1.8793344497680664, ""z"": 0.0, ""velocity"": 0.0, ""snr"": 0.0}]","[143047.0, 219378.0, 151252.0, 47183.0, 9652.0, 3254.0, 1939.0, 2432.0, 2854.0, 2835.0, 4280.0, 11572.0, 21342.0, 20384.0, 15372.0, 8894.0, 4358.0, 3363.0, 3155.0, 4840.0, 33773.0, 94336.0, 100272.0, 48668.0, 54882.0, 36272.0, 12488.0, 3764.0, 2495.0, 3486.0, 4742.0, 4973.0, 5191.0, 9074.0, 15033.0, 28941.0, 39630.0, 47780.0, 26456.0, 29880.0, 20636.0, 13354.0, 14014.0, 13286.0, 17898.0, 12387.0, 9987.0, 12369.0, 10628.0, 9859.0, 11225.0, 11392.0, 13233.0, 24125.0, 30978.0, 15337.0, 13333.0, 22577.0, 32026.0, 24149.0, 10545.0, 5437.0, 3819.0, 4816.0, 6988.0, 8437.0, 7536.0, 8549.0, 11225.0, 12038.0, 8287.0, 4259.0, 4531.0, 6685.0, 5555.0, 5988.0, 6488.0, 8424.0, 10525.0, 7367.0, 5028.0, 4947.0, 4053.0, 5686.0, 5264.0, 4010.0, 4147.0, 9327.0, 10350.0, 6280.0, 6260.0, 5742.0, 5626.0, 7709.0, 7672.0, 6228.0, 4991.0, 5383.0, 7648.0, 10381.0, 4251.0, 7465.0, 6859.0, 3774.0, 3528.0, 3097.0, 3851.0, 4963.0, 5724.0, 5215.0, 3650.0, 3134.0, 4046.0, 4912.0, 8581.0, 9615.0, 7956.0, 6513.0, 4648.0, 3420.0, 3251.0, 4544.0, 6184.0, 5068.0, 3509.0, 3333.0, 2797.0, 2529.0]",114245805.76320997
2,0.8,7,"[{""x"": -0.22798776626586914, ""y"": 0.5834698677062988, ""z"": 0.0, ""velocity"": 0.0, ""snr"": 0.0}, {""x"": -0.2658963203430176, ""y"": 0.5816817283630371, ""z"": 0.0, ""velocity"": 0.0, ""snr"": 0.0}, {""x"": -0.1995563507080078, ""y"": 0.9591579437255859, ""z"": 0.0, ""velocity"": 0.0, ""snr"": 0.0}, {""x"": -0.14573335647583008, ""y"": 0.9908080101013184, ""z"": 0.0, ""velocity"": 0.0, ""snr"": 0.0}, {""x"": 0.1773834228515625, ""y"": 1.046597957611084, ""z"": 0.0, ""velocity"": 0.0, ""snr"": 0.0}, {""x"": 0.15842914581298828, ""y"": 1.0769963264465332, ""z"": 0.0, ""velocity"": 0.0, ""snr"": 0.0}, {""x"": 1.8982887268066406, ""y"": 1.571953296661377, ""z"": 0.0, ""velocity"": 0.0, ""snr"": 0.0}]","[143033.0, 219475.0, 151032.0, 47208.0, 9627.0, 2842.0, 1883.0, 1880.0, 2477.0, 2898.0, 2115.0, 6740.0, 30979.0, 55039.0, 61101.0, 28254.0, 5452.0, 3871.0, 2789.0, 3313.0, 22824.0, 53281.0, 53977.0, 55233.0, 60646.0, 37498.0, 12727.0, 5162.0, 3690.0, 3854.0, 3166.0, 4337.0, 5009.0, 15376.0, 31397.0, 32466.0, 48944.0, 61691.0, 33292.0, 20133.0, 14947.0, 15412.0, 15650.0, 9677.0, 13108.0, 9582.0, 8782.0, 13521.0, 15754.0, 6998.0, 10057.0, 12995.0, 9984.0, 21907.0, 29541.0, 15187.0, 10045.0, 22110.0, 30814.0, 23381.0, 9608.0, 6569.0, 6047.0, 5171.0, 7181.0, 7760.0, 6969.0, 8434.0, 11317.0, 11910.0, 8099.0, 4816.0, 5090.0, 7106.0, 5686.0, 5356.0, 6965.0, 9335.0, 9255.0, 6473.0, 5918.0, 4878.0, 4056.0, 5262.0, 4872.0, 4136.0, 3502.0, 8071.0, 10063.0, 7135.0, 7501.0, 6837.0, 5318.0, 8958.0, 9551.0, 4905.0, 4573.0, 3780.0, 8042.0, 10643.0, 4667.0, 7431.0, 7258.0, 3956.0, 3569.0, 2768.0, 4338.0, 5949.0, 5692.0, 4862.0, 4042.0, 3960.0, 3634.0, 6155.0, 8806.0, 9301.0, 7218.0, 6951.0, 4944.0, 3554.0, 4479.0, 5522.0, 5867.0, 4678.0, 3109.0, 3155.0, 2794.0, 2764.0]",111961090.52252711
3,0.8,10,"[{""x"": -0.21117925643920898, ""y"": 0.9398460388183594, ""z"": 0.0, ""velocity"": 0.0, ""snr"": 0.0}, {""x"": -0.2651810646057129, ""y"": 0.9402036666870117, ""z"": 0.0, ""velocity"": 0.0, ""snr"": 0.0}, {""x"": -0.25177001953125, ""y"": 0.9568333625793457, ""z"": 0.0, ""velocity"": 0.0, ""snr"": 0.0}, {""x"": -0.15664100646972656, ""y"": 1.026749610900879, ""z"": 0.0, ""velocity"": 0.0, ""snr"": 0.0}, {""x"": -0.04076957702636719, ""y"": 0.6871819496154785, ""z"": 0.0, ""velocity"": 0.0, ""snr"": 0.0}, {""x"": -0.01430511474609375, ""y"": 0.7088184356689453, ""z"": 0.0, ""velocity"": 0.0, ""snr"": 0.0}, {""x"": 0.010013580322265625, ""y"": 0.7372498512268066, ""z"": 0.0, ""velocity"": 0.0, ""snr"": 0.0}, {""x"": 1.7786622047424316, ""y"": 1.954793930053711, ""z"": 0.0, ""velocity"": 0.0, ""snr"": 0.0}, {""x"": 1.8943548202514648, ""y"": 1.5749931335449219, ""z"": 0.0, ""velocity"": 0.0, ""snr"": 0.0}, {""x"": 1.8635988235473633, ""y"": 1.8963217735290527, ""z"": 0.0, ""velocity"": 0.0, ""snr"": 0.0}]","[143349.0, 219316.0, 151207.0, 47236.0, 9826.0, 3191.0, 2059.0, 2219.0, 2693.0, 2999.0, 2193.0, 2212.0, 7198.0, 18188.0, 27059.0, 32425.0, 26630.0, 11743.0, 4660.0, 8107.0, 38009.0, 84377.0, 76570.0, 41502.0, 45984.0, 32669.0, 11629.0, 8474.0, 7791.0, 5500.0, 4346.0, 4024.0, 4159.0, 15162.0, 20889.0, 12802.0, 44381.0, 52674.0, 22986.0, 22576.0, 22033.0, 22340.0, 22845.0, 11869.0, 14964.0, 8699.0, 9125.0, 8916.0, 7479.0, 5983.0, 6153.0, 6831.0, 11128.0, 22487.0, 29722.0, 14776.0, 7979.0, 22177.0, 32330.0, 25555.0, 10797.0, 5353.0, 4870.0, 4376.0, 6632.0, 7957.0, 7129.0, 8379.0, 11196.0, 12793.0, 9157.0, 4159.0, 4680.0, 7366.0, 7298.0, 7526.0, 10280.0, 8974.0, 9068.0, 8147.0, 6835.0, 5157.0, 3730.0, 5038.0, 5134.0, 4292.0, 4383.0, 7667.0, 9843.0, 7718.0, 6940.0, 6219.0, 5846.0, 8887.0, 9068.0, 6582.0, 4974.0, 4759.0, 7992.0, 10503.0, 3977.0, 7640.0, 7924.0, 5884.0, 5080.0, 4152.0, 4201.0, 4907.0, 5513.0, 5697.0, 4807.0, 3278.0, 3920.0, 5232.0, 9271.0, 9778.0, 7722.0, 6898.0, 5142.0, 3574.0, 3554.0, 5139.0, 6811.0, 5251.0, 3518.0, 3480.0, 3096.0, 2568.0]",109722018.98513399
4,0.8,14,"[{""x"": -0.4152059555053711, ""y"": 0.5697011947631836, ""z"": 0.0, ""velocity"": 0.0, ""snr"": 0.0}, {""x"": -0.22923946380615234, ""y"": 0.9595155715942383, ""z"": 0.0, ""velocity"": 0.0, ""snr"": 0.0}, {""x"": -0.2943277359008789, ""y"": 0.9723901748657227, ""z"": 0.0, ""velocity"": 0.0, ""snr"": 0.0}, {""x"": -0.3311634063720703, ""y"": 1.010119915008545, ""z"": 0.0, ""velocity"": 0.0, ""snr"": 0.0}, {""x"": -0.3393888473510742, ""y"": 1.0401606559753418, ""z"": 0.0, ""velocity"": 0.0, ""snr"": 0.0}, {""x"": -0.3127455711364746, ""y"": 1.06734037399292, ""z"": 0.0, ""velocity"": 0.0, ""snr"": 0.0}, {""x"": -0.24443864822387695, ""y"": 1.7210841178894043, ""z"": 0.0, ""velocity"": 0.0, ""snr"": 0.0}, {""x"": -0.1965165138244629, ""y"": 1.7695426940917969, ""z"": 0.0, ""velocity"": 0.0, ""snr"": 0.0}, {""x"": -0.011980533599853516, ""y"": 2.558290958404541, ""z"": 0.0, ""velocity"": 0.0, ""snr"": 0.0}, {""x"": 0.05131959915161133, ""y"": 0.783383846282959, ""z"": 0.0, ""velocity"": 0.0, ""snr"": 0.0}, {""x"": 0.0514984130859375, ""y"": 0.7992982864379883, ""z"": 0.0, ""velocity"": 0.0, ""snr"": 0.0}, {""x"": 1.7033815383911133, ""y"": 1.7673969268798828, ""z"": 0.0, ""velocity"": 0.0, ""snr"": 0.0}, {""x"": 1.7525553703308105, ""y"": 1.7287731170654297, ""z"": 0.0, ""velocity"": 0.0, ""snr"": 0.0}, {""x"": 1.851797103881836, ""y"": 1.9074082374572754, ""z"": 0.0, ""velocity"": 0.0, ""snr"": 0.0}]","[143732.0, 219523.0, 151546.0, 47118.0, 9244.0, 3134.0, 2020.0, 2012.0, 2669.0, 3099.0, 2293.0, 2212.0, 5414.0, 8448.0, 11506.0, 16513.0, 11881.0, 12103.0, 10208.0, 4483.0, 13409.0, 35214.0, 41852.0, 49316.0, 61246.0, 40909.0, 14326.0, 5420.0, 5135.0, 5710.0, 4621.0, 3734.0, 4496.0, 6806.0, 10162.0, 19771.0, 38003.0, 40533.0, 32088.0, 38842.0, 26180.0, 14277.0, 16679.0, 13659.0, 11965.0, 6687.0, 9760.0, 22178.0, 26062.0, 24973.0, 41855.0, 38704.0, 22272.0, 24642.0, 31010.0, 17996.0, 24685.0, 23405.0, 33690.0, 26315.0, 10695.0, 7248.0, 6686.0, 5614.0, 6090.0, 6610.0, 5684.0, 7757.0, 11681.0, 13677.0, 10002.0, 5521.0, 6338.0, 7634.0, 7163.0, 7827.0, 9399.0, 8059.0, 8748.0, 7657.0, 6401.0, 5160.0, 5106.0, 6120.0, 5661.0, 4489.0, 4435.0, 8086.0, 10041.0, 8504.0, 7463.0, 6094.0, 5670.0, 7677.0, 6550.0, 5671.0, 4971.0, 4695.0, 7667.0, 10355.0, 4444.0, 6945.0, 6461.0, 3155.0, 2757.0, 2870.0, 4011.0, 5347.0, 5738.0, 5054.0, 3535.0, 3433.0, 4045.0, 5037.0, 8912.0, 8900.0, 6887.0, 6461.0, 4720.0, 2907.0, 3312.0, 4935.0, 6301.0, 5116.0, 3305.0, 3492.0, 2809.0, 2401.0]",107527286.59071657
5,0.8,11,"[{""x"": -0.46902894973754883, ""y"": 0.8819103240966797, ""z"": 0.0, ""velocity"": 0.0, ""snr"": 0.0}, {""x"": -0.4482865333557129, ""y"": 0.9192824363708496, ""z"": 0.0, ""velocity"": 0.0, ""snr"": 0.0}, {""x"": -0.39643049240112305, ""y"": 0.9891986846923828, ""z"": 0.0, ""velocity"": 0.0, ""snr"": 0.0}, {""x"": -0.359952449798584, ""y"": 1.033186912536621, ""z"": 0.0, ""velocity"": 0.0, ""snr"": 0.0}, {""x"": -0.25337934494018555, ""y"": 1.083970069885254, ""z"": 0.0, ""velocity"": 0.0, ""snr"": 0.0}, {""x"": -0.23889541625976562, ""y"": 1.7064213752746582, ""z"": 0.0, ""velocity"": 0.0, ""snr"": 0.0}, {""x"": -0.19043684005737305, ""y"": 1.7620325088500977, ""z"": 0.0, ""velocity"": 0.0, ""snr"": 0.0}, {""x"": 1.7523765563964844, ""y"": 1.9739270210266113, ""z"": 0.0, ""velocity"": 0.0, ""snr"": 0.0}, {""x"": 1.9390583038330078, ""y"": 1.5066862106323242, ""z"": 0.0, ""velocity"": 0.0, ""snr"": 0.0}, {""x"": 1.8437504768371582, ""y"": 1.6311407089233398, ""z"": 0.0, ""velocity"": 0.0, ""snr"": 0.0}, {""x"": 1.8357038497924805, ""y"": 1.9211769104003906, ""z"": 0.0, ""velocity"": 0.0, ""snr"": 0.0}]","[143143.0, 219500.0, 151380.0, 47408.0, 9598.0, 3081.0, 1948.0, 2340.0, 3548.0, 4219.0, 3277.0, 2653.0, 5146.0, 8488.0, 8300.0, 6015.0, 7906.0, 7986.0, 4571.0, 4424.0, 8151.0, 19192.0, 31068.0, 37824.0, 49988.0, 33319.0, 12322.0, 7352.0, 4850.0, 4019.0, 3770.0, 4311.0, 4471.0, 14654.0, 20300.0, 27232.0, 58467.0, 60173.0, 36398.0, 33481.0, 21512.0, 15238.0, 17875.0, 15083.0, 12947.0, 7210.0, 7335.0, 11708.0, 11106.0, 13990.0, 14195.0, 10797.0, 10388.0, 21758.0, 28935.0, 15783.0, 14777.0, 23559.0, 32962.0, 25238.0, 10451.0, 4990.0, 5722.0, 5515.0, 7621.0, 8457.0, 7115.0, 8051.0, 11077.0, 12543.0, 9331.0, 4919.0, 5719.0, 8904.0, 7061.0, 7371.0, 7153.0, 8011.0, 8683.0, 7401.0, 5742.0, 5173.0, 5232.0, 6042.0, 5008.0, 4251.0, 4016.0, 8434.0, 9622.0, 6606.0, 6852.0, 6122.0, 5216.0, 6785.0, 5971.0, 5290.0, 5537.0, 5222.0, 7824.0, 10444.0, 4688.0, 7458.0, 6958.0, 3716.0, 3332.0, 2588.0, 4224.0, 5415.0, 5483.0, 4556.0, 3470.0, 3287.0, 4263.0, 5588.0, 9608.0, 9847.0, 7260.0, 6542.0, 4270.0, 2998.0, 4031.0, 4853.0, 5888.0, 5002.0, 3492.0, 3542.0, 2861.0, 2448.0]",105377969.51116285
6,0.8,10,"[{""x"": -0.2396106719970703, ""y"": 0.953972339630127, ""z"": 0.0, ""velocity"": 0.0, ""snr"": 0.0}, {""x"": -0.24390220642089844, ""y"": 0.9754300117492676, ""z"": 0.0, ""velocity"": 0.0, ""snr"": 0.0}, {""x"": -0.31006336212158203, ""y"": 0.9927749633789062, ""z"": 0.0, ""velocity"": 0.0, ""snr"": 0.0}, {""x"": -0.31256675720214844, ""y"": 1.0335445404052734, ""z"": 0.0, ""velocity"": 0.0, ""snr"": 0.0}, {""x"": -0.14322996139526367, ""y"": 0.9475350379943848, ""z"": 0.0, ""velocity"": 0.0, ""snr"": 0.0}, {""x"": -0.21922588348388672, ""y"": 1.7892122268676758, ""z"": 0.0, ""velocity"": 0.0, ""snr"": 0.0}, {""x"": 1.779019832611084, ""y"": 1.9522905349731445, ""z"": 0.0, ""velocity"": 0.0, ""snr"": 0.0}, {""x"": 1.8952488899230957, ""y"": 1.5639066696166992, ""z"": 0.0, ""velocity"": 0.0, ""snr"": 0.0}, {""x"": 1.8770098686218262, ""y"": 1.5903711318969727, ""z"": 0.0, ""velocity"": 0.0, ""snr"": 0.0}, {""x"": 1.8323063850402832, ""y"": 1.9238591194152832, ""z"": 0.0, ""velocity"": 0.0, ""snr"": 0.0}]","[143217.0, 219586.0, 151283.0, 47440.0, 9737.0, 2952.0, 1916.0, 2421.0, 3097.0, 3472.0, 2980.0, 2408.0, 5051.0, 8832.0, 9268.0, 6368.0, 4029.0, 2955.0, 4843.0, 7946.0, 67174912.0, 134546947.0, 84082695.0, 180229.0, 174338560.0, 235776.0, 0.0, 2816.0, 512.0, 4294967040.0, 77311.0, 33280.0, 998244352.0, 3201903929.0, 2147483705.0, 2147483710.0, 2879.0, 3992277760.0, 20.0, 2756078080.0, 1416952.0, 2013265920.0, 2717592645.0, 20.0, 1245988864.0, 1390075.0, 1862270976.0, 2029676612.0, 21.0, 3007610112.0, 2546170.0, 838860800.0, 2768945228.0, 53.0, 960967680.0, 2938660.0, 889192448.0, 2550602.0, 43.0, 2722904064.0, 2220073.0, 855638016.0, 2401597259.0, 38.0, 776682496.0, 1.0, 3271557122.0, 3892314670.0, 4194304856.0, 2063598158.0, 469762231.0, 2365587493.0, 4261412875.0, 3103784967.0, 2785017864.0, 1593835531.0, 520093711.0, 4261412880.0, 687865866.0, 1811939341.0, 1308622865.0, 83886095.0, 2231369740.0, 452984846.0, 1879048208.0, 2583691278.0, 2936012815.0, 2868904015.0, 3321889014.0, 2164261229.0, 2499805534.0, 2046820612.0, 1459617928.0, 2751463462.0, 3170893841.0, 3825205262.0, 251658257.0, 1862270995.0, 1845493778.0, 1694498865.0, 1811939447.0, 2868904072.0, 2399141974.0, 721420403.0, 855638128.0, 1358954564.0, 4244635746.0, 2701131875.0, 1476395095.0, 3741319241.0, 318767146.0, 3137339433.0, 83886102.0, 2214592536.0, 1325400096.0, 620757021.0, 117440548.0, 4093640733.0, 3640655898.0, 4043309094.0, 3388997726.0, 3640655992.0, 117440576.0, 2332033081.0, 2315255897.0, 335544444.0, 1476395097.0, 2868903968.0]",1332020457.2448206
7,0.8,12,"[{""x"": -0.21708011627197266, ""y"": 0.9375214576721191, ""z"": 0.0, ""velocity"": 0.0, ""snr"": 0.0}, {""x"": -0.18668174743652344, ""y"": 0.9570121765136719, ""z"": 0.0, ""velocity"": 0.0, ""snr"": 0.0}, {""x"": -0.3057718276977539, ""y"": 1.0274648666381836, ""z"": 0.0, ""velocity"": 0.0, ""snr"": 0.0}, {""x"": -0.3363490104675293, ""y"": 1.0317564010620117, ""z"": 0.0, ""velocity"": 0.0, ""snr"": 0.0}, {""x"": -0.3216862678527832, ""y"": 1.0503530502319336, ""z"": 0.0, ""velocity"": 0.0, ""snr"": 0.0}, {""x"": -0.11944770812988281, ""y"": 1.0124444961547852, ""z"": 0.0, ""velocity"": 0.0, ""snr"": 0.0}, {""x"": -0.26875734329223633, ""y"": 1.7648935317993164, ""z"": 0.0, ""velocity"": 0.0, ""snr"": 0.0}, {""x"": -0.2626776695251465, ""y"": 1.8079876899719238, ""z"": 0.0, ""velocity"": 0.0, ""snr"": 0.0}, {""x"": -0.3458261489868164, ""y"": 1.8385648727416992, ""z"": 0.0, ""velocity"": 0.0, ""snr"": 0.0}, {""x"": 1.7804503440856934, ""y"": 1.9503235816955566, ""z"": 0.0, ""velocity"": 0.0, ""snr"": 0.0}, {""x"": 1.7995834350585938, ""y"": 1.6799569129943848, ""z"": 0.0, ""velocity"": 0.0, ""snr"": 0.0}, {""x"": 1.844644546508789, ""y"": 1.9127726554870605, ""z"": 0.0, ""velocity"": 0.0, ""snr"": 0.0}]","[143407.0, 219609.0, 151582.0, 47216.0, 9339.0, 2859.0, 2412.0, 2086.0, 2723.0, 3097.0, 3596.0, 2803.0, 3454.0, 4837.0, 4267.0, 3067.0, 3486.0, 4342.0, 4481.0, 6228.0, 23594.0, 50170.0, 47100.0, 86729.0, 98375.0, 47621.0, 9692.0, 3909.0, 4028.0, 2693.0, 3890.0, 4565.0, 9182.0, 19184.0, 18371.0, 17722.0, 36259.0, 40706.0, 28024.0, 28393.0, 28059.0, 24314.0, 22779.0, 13030.0, 13622.0, 8575.0, 7503.0, 6005.0, 7990.0, 9644.0, 6809.0, 4983.0, 8374.0, 23489.0, 30906.0, 14743.0, 11981.0, 22705.0, 31854.0, 24625.0, 11301.0, 4480.0, 5037.0, 5250.0, 7118.0, 7848.0, 6994.0, 7884.0, 10382.0, 10911.0, 7039.0, 4165.0, 4557.0, 7462.0, 6224.0, 5719.0, 8665.0, 10154.0, 8971.0, 6818.0, 6178.0, 5343.0, 4655.0, 5476.0, 5142.0, 4578.0, 4952.0, 8822.0, 9365.0, 5710.0, 6149.0, 5825.0, 6828.0, 7894.0, 7211.0, 5855.0, 4340.0, 4257.0, 7895.0, 10611.0, 5265.0, 8452.0, 7687.0, 4018.0, 3654.0, 3230.0, 3693.0, 4953.0, 5224.0, 5038.0, 4183.0, 4469.0, 4698.0, 5579.0, 8183.0, 8238.0, 7613.0, 6766.0, 4249.0, 3121.0, 3804.0, 4580.0, 6150.0, 5473.0, 3803.0, 3378.0, 2505.0, 2346.0]",129309644.1479321
8,0.8,8,"[{""x"": -0.20760297775268555, ""y"": 0.9362697601318359, ""z"": 0.0, ""velocity"": 0.0, ""snr"": 0.0}, {""x"": -0.2313852310180664, ""y"": 0.9400248527526855, ""z"": 0.0, ""velocity"": 0.0, ""snr"": 0.0}, {""x"": -0.14215707778930664, ""y"": 1.0045766830444336, ""z"": 0.0, ""velocity"": 0.0, ""snr"": 0.0}, {""x"": -0.14251470565795898, ""y"": 1.0575056076049805, ""z"": 0.0, ""velocity"": 0.0, ""snr"": 0.0}, {""x"": -0.10228157043457031, ""y"": 1.077711582183838, ""z"": 0.0, ""velocity"": 0.0, ""snr"": 0.0}, {""x"": -0.0641942024230957, ""y"": 1.0943412780761719, ""z"": 0.0, ""velocity"": 0.0, ""snr"": 0.0}, {""x"": 1.8256902694702148, ""y"": 1.6493797302246094, ""z"": 0.0, ""velocity"": 0.0, ""snr"": 0.0}, {""x"": 1.850724220275879, ""y"": 1.9045472145080566, ""z"": 0.0, ""velocity"": 0.0, ""snr"": 0.0}]","[143332.0, 219295.0, 151070.0, 46978.0, 9447.0, 3143.0, 2050.0, 1877.0, 3505.0, 5168.0, 4667.0, 3012.0, 2468.0, 4629.0, 6421.0, 4001.0, 3346.0, 2822.0, 3476.0, 5958.0, 25218.0, 45541.0, 35713.0, 55950.0, 63194.0, 26869.0, 5299.0, 4577.0, 5378.0, 4768.0, 3878.0, 4230.0, 7393.0, 14025.0, 12073.0, 14543.0, 44019.0, 48832.0, 34100.0, 33226.0, 29707.0, 22350.0, 21631.0, 10871.0, 9515.0, 10043.0, 7585.0, 8138.0, 8771.0, 9340.0, 6490.0, 5502.0, 7532.0, 22915.0, 29537.0, 13393.0, 12696.0, 23044.0, 32160.0, 23640.0, 9910.0, 4485.0, 4427.0, 5654.0, 8134.0, 8396.0, 7081.0, 7915.0, 10576.0, 11030.0, 7414.0, 3798.0, 4784.0, 6921.0, 5669.0, 6090.0, 9822.0, 11050.0, 10077.0, 7315.0, 5808.0, 4755.0, 5809.0, 5767.0, 5883.0, 4912.0, 4540.0, 8431.0, 9298.0, 5565.0, 6285.0, 5898.0, 5370.0, 7240.0, 7664.0, 6027.0, 4787.0, 4106.0, 8244.0, 10714.0, 4243.0, 7409.0, 7747.0, 4337.0, 3045.0, 2576.0, 3589.0, 5397.0, 5963.0, 5673.0, 4040.0, 3584.0, 3983.0, 5243.0, 8630.0, 9459.0, 7907.0, 6779.0, 4393.0, 3510.0, 3519.0, 4813.0, 6238.0, 5325.0, 3487.0, 3379.0, 2684.0, 2095.0]",126724220.28788558
9,0.8,7,"[{""x"": -0.1843571662902832, ""y"": 0.9471774101257324, ""z"": 0.0, ""velocity"": 0.0, ""snr"": 0.0}, {""x"": -0.16450881958007812, ""y"": 0.9577274322509766, ""z"": 0.0, ""velocity"": 0.0, ""snr"": 0.0}, {""x"": -0.08153915405273438, ""y"": 0.9986758232116699, ""z"": 0.0, ""velocity"": 0.0, ""snr"": 0.0}, {""x"": -0.07510185241699219, ""y"": 1.0553598403930664, ""z"": 0.0, ""velocity"": 0.0, ""snr"": 0.0}, {""x"": -0.09065866470336914, ""y"": 1.0748505592346191, ""z"": 0.0, ""velocity"": 0.0, ""snr"": 0.0}, {""x"": 1.782059669494629, ""y"": 1.6981959342956543, ""z"": 0.0, ""velocity"": 0.0, ""snr"": 0.0}, {""x"": 1.9104480743408203, ""y"": 1.842498779296875, ""z"": 0.0, ""velocity"": 0.0, ""snr"": 0.0}]","[143534.0, 219482.0, 151180.0, 47231.0, 9629.0, 2817.0, 2032.0, 2399.0, 2290.0, 3166.0, 3637.0, 2613.0, 2625.0, 4393.0, 6168.0, 4571.0, 3700.0, 2910.0, 2435.0, 5348.0, 36495.0, 83191.0, 59884.0, 69556.0, 73206.0, 27104.0, 7528.0, 4731.0, 5052.0, 5718.0, 4930.0, 4980.0, 7947.0, 18560.0, 21386.0, 10867.0, 51316.0, 60317.0, 38517.0, 32071.0, 28045.0, 17511.0, 16773.0, 11002.0, 14028.0, 9564.0, 7822.0, 7124.0, 8795.0, 9093.0, 6692.0, 5961.0, 7036.0, 23361.0, 30120.0, 14567.0, 8422.0, 23551.0, 32554.0, 22750.0, 8424.0, 4967.0, 5471.0, 6249.0, 7611.0, 7752.0, 7307.0, 7562.0, 10010.0, 10722.0, 7044.0, 3398.0, 4412.0, 7701.0, 8430.0, 7326.0, 7175.0, 8559.0, 8991.0, 7709.0, 6007.0, 4171.0, 6005.0, 6744.0, 6249.0, 5519.0, 6247.0, 9887.0, 10363.0, 6097.0, 6485.0, 5991.0, 5393.0, 8090.0, 8761.0, 6650.0, 4528.0, 3638.0, 8036.0, 10308.0, 3974.0, 7959.0, 7936.0, 4488.0, 2975.0, 2834.0, 4411.0, 6204.0, 6372.0, 6202.0, 5046.0, 3643.0, 3745.0, 5422.0, 8964.0, 9435.0, 8210.0, 6991.0, 4499.0, 3409.0, 3979.0, 4679.0, 6031.0, 4864.0, 3498.0, 3385.0, 2542.0, 2277.0]",124188694.22587927
10,0.8,9,"[{""x"": -0.14358758926391602, ""y"": 1.0136961936950684, ""z"": 0.0, ""velocity"": 0.0, ""snr"": 0.0}, {""x"": -0.1875758171081543, ""y"": 1.0296106338500977, ""z"": 0.0, ""velocity"": 0.0, ""snr"": 0.0}, {""x"": -0.13589859008789062, ""y"": 1.058042049407959, ""z"": 0.0, ""velocity"": 0.0, ""snr"": 0.0}, {""x"": -0.13679265975952148, ""y"": 1.685500144958496, ""z"": 0.0, ""velocity"": 0.0, ""snr"": 0.0}, {""x"": -0.016450881958007812, ""y"": 0.9711384773254395, ""z"": 0.0, ""velocity"": 0.0, ""snr"": 0.0}, {""x"": -0.02199411392211914, ""y"": 0.995635986328125, ""z"": 0.0, ""velocity"": 0.0, ""snr"": 0.0}, {""x"": 1.8010139465332031, ""y"": 1.9279718399047852, ""z"": 0.0, ""velocity"": 0.0, ""snr"": 0.0}, {""x"": 1.8905997276306152, ""y"": 1.576244831085205, ""z"": 0.0, ""velocity"": 0.0, ""snr"": 0.0}, {""x"": 1.896500587463379, ""y"": 1.8596649169921875, ""z"": 0.0, ""velocity"": 0.0, ""snr"": 0.0}]","[143332.0, 219197.0, 151379.0, 46934.0, 9579.0, 3216.0, 1883.0, 1970.0, 2658.0, 2735.0, 2368.0, 1929.0, 3573.0, 6875.0, 8678.0, 6369.0, 4589.0, 4098.0, 2359.0, 2841.0, 17353.0, 54515.0, 90772.0, 103406.0, 69968.0, 24570.0, 7363.0, 5995.0, 5835.0, 6146.0, 5511.0, 4425.0, 8235.0, 24190.0, 28403.0, 12674.0, 30988.0, 36053.0, 27783.0, 22868.0, 13894.0, 12737.0, 16269.0, 10658.0, 11030.0, 9255.0, 7672.0, 8212.0, 9571.0, 8636.0, 7553.0, 6552.0, 10509.0, 24355.0, 30344.0, 14939.0, 11357.0, 24048.0, 33716.0, 25143.0, 10482.0, 5056.0, 5448.0, 6765.0, 8347.0, 8197.0, 7044.0, 8429.0, 11379.0, 12129.0, 7190.0, 2889.0, 4749.0, 6511.0, 6297.0, 6427.0, 5905.0, 8890.0, 9345.0, 6726.0, 4677.0, 3983.0, 5193.0, 5265.0, 5538.0, 4964.0, 6222.0, 9368.0, 9739.0, 6303.0, 7989.0, 6831.0, 5134.0, 8396.0, 8229.0, 6125.0, 4458.0, 3630.0, 7745.0, 10506.0, 3701.0, 8474.0, 8762.0, 4068.0, 3308.0, 3338.0, 4414.0, 5865.0, 6469.0, 5843.0, 4804.0, 4027.0, 3405.0, 5403.0, 8636.0, 9171.0, 7240.0, 6070.0, 4758.0, 3741.0, 3637.0, 4441.0, 5596.0, 4740.0, 3393.0, 3238.0, 2392.0, 2132.0]",121705277.67677456
0,0.8,5,"[{""x"": -0.24819374084472656, ""y"": 1.0244250297546387, ""z"": 0.0, ""velocity"": 0.0, ""snr"": 0.0}, {""x"": -0.09548664093017578, ""y"": 1.0296106338500977, ""z"": 0.0, ""velocity"": 0.0, ""snr"": 0.0}, {""x"": -0.17023086547851562, ""y"": 1.028001308441162, ""z"": 0.0, ""velocity"": 0.0, ""snr"": 0.0}, {""x"": 0.008761882781982422, ""y"": 1.0115504264831543, ""z"": 0.0, ""velocity"": 0.0, ""snr"": 0.0}, {""x"": 1.7607808113098145, ""y"": 1.7212629318237305, ""z"": 0.0, ""velocity"": 0.0, ""snr"": 0.0}]","[143064.0, 219298.0, 151089.0, 47023.0, 9273.0, 2904.0, 1861.0, 2046.0, 2897.0, 3237.0, 2440.0, 2029.0, 4928.0, 10021.0, 10838.0, 6655.0, 4333.0, 3461.0, 3230.0, 3653.0, 6971.0, 30805.0, 83819.0, 100558.0, 52680.0, 14902.0, 8909.0, 7904.0, 4985.0, 4565.0, 4243.0, 4621.0, 5777.0, 11511.0, 11308.0, 14956.0, 39920.0, 43249.0, 24161.0, 18722.0, 14870.0, 12122.0, 16299.0, 9027.0, 9517.0, 7439.0, 6855.0, 8094.0, 8341.0, 11253.0, 9156.0, 7619.0, 7610.0, 24477.0, 31477.0, 15814.0, 13179.0, 19808.0, 30704.0, 23781.0, 9141.0, 5559.0, 8174.0, 9378.0, 8643.0, 8428.0, 7601.0, 8084.0, 10643.0, 12276.0, 8683.0, 3818.0, 3895.0, 6130.0, 7127.0, 7443.0, 9440.0, 10099.0, 9474.0, 7767.0, 6939.0, 5694.0, 4448.0, 6335.0, 5953.0, 4826.0, 5581.0, 9386.0, 9983.0, 7216.0, 6976.0, 5577.0, 6455.0, 8761.0, 8622.0, 6053.0, 4740.0, 4136.0, 8431.0, 11167.0, 4175.0, 7960.0, 8274.0, 4243.0, 3191.0, 3184.0, 3870.0, 4967.0, 5466.0, 5438.0, 5031.0, 4442.0, 3895.0, 4883.0, 8916.0, 9046.0, 6892.0, 6212.0, 4248.0, 3512.0, 4402.0, 4956.0, 5835.0, 4987.0, 3620.0, 3317.0, 2378.0, 2256.0]",119271753.9672741
1,0.8,9,"[{""x"": -0.2637505531311035, ""y"": 1.6865730285644531, ""z"": 0.0, ""velocity"": 0.0, ""snr"": 0.0}, {""x"": -0.021457672119140625, ""y"": 0.9536147117614746, ""z"": 0.0, ""velocity"": 0.0, ""snr"": 0.0}, {""x"": 0.006973743438720703, ""y"": 0.9858012199401855, ""z"": 0.0, ""velocity"": 0.0, ""snr"": 0.0}, {""x"": 0.025391578674316406, ""y"": 1.022636890411377, ""z"": 0.0, ""velocity"": 0.0, ""snr"": 0.0}, {""x"": 0.02396106719970703, ""y"": 1.0567903518676758, ""z"": 0.0, ""velocity"": 0.0, ""snr"": 0.0}, {""x"": -0.023245811462402344, ""y"": 1.0769963264465332, ""z"": 0.0, ""velocity"": 0.0, ""snr"": 0.0}, {""x"": -0.059545040130615234, ""y"": 1.095414161682129, ""z"": 0.0, ""velocity"": 0.0, ""snr"": 0.0}, {""x"": 1.8138885498046875, ""y"": 1.9412040710449219, ""z"": 0.0, ""velocity"": 0.0, ""snr"": 0.0}, {""x"": 1.8458962440490723, ""y"": 1.6307830810546875, ""z"": 0.0, ""velocity"": 0.0, ""snr"": 0.0}]","[143274.0, 219240.0, 151066.0, 46977.0, 9445.0, 3400.0, 2031.0, 2070.0, 3098.0, 3278.0, 2361.0, 2128.0, 5539.0, 9679.0, 7354.0, 2803.0, 3216.0, 4771.0, 7280.0, 10854.0, 29959.0, 57664.0, 82000.0, 106234.0, 97105.0, 40976.0, 9620.0, 5044.0, 3067.0, 3621.0, 4229.0, 4271.0, 4661.0, 14515.0, 19892.0, 17231.0, 59127.0, 64584.0, 34651.0, 17406.0, 17924.0, 18856.0, 19709.0, 10602.0, 10643.0, 7751.0, 7911.0, 7335.0, 15286.0, 15400.0, 10005.0, 12592.0, 9420.0, 23438.0, 30269.0, 15800.0, 9659.0, 23344.0, 32950.0, 25100.0, 10050.0, 6028.0, 5516.0, 7099.0, 9270.0, 9475.0, 7510.0, 7724.0, 9956.0, 11042.0, 7322.0, 4073.0, 5280.0, 6344.0, 6591.0, 7103.0, 9387.0, 10346.0, 9497.0, 7752.0, 7003.0, 5965.0, 4949.0, 5899.0, 5225.0, 4531.0, 4589.0, 8002.0, 8671.0, 6634.0, 8027.0, 5842.0, 7039.0, 9671.0, 8354.0, 5809.0, 5158.0, 4792.0, 7915.0, 10395.0, 4417.0, 7266.0, 7259.0, 3875.0, 3207.0, 2952.0, 4414.0, 5729.0, 5914.0, 5739.0, 5148.0, 4149.0, 3793.0, 4795.0, 8658.0, 8734.0, 7592.0, 6684.0, 4651.0, 3204.0, 4042.0, 5057.0, 5949.0, 4794.0, 3305.0, 3295.0, 2647.0, 2181.0]",116884639.52202913
2,0.8,7,"[{""x"": -0.20760297775268555, ""y"": 0.9346604347229004, ""z"": 0.0, ""velocity"": 0.0, ""snr"": 0.0}, {""x"": -0.22798776626586914, ""y"": 0.967562198638916, ""z"": 0.0, ""velocity"": 0.0, ""snr"": 0.0}, {""x"": -0.24944543838500977, ""y"": 0.985264778137207, ""z"": 0.0, ""velocity"": 0.0, ""snr"": 0.0}, {""x"": -0.2371072769165039, ""y"": 1.0203123092651367, ""z"": 0.0, ""velocity"": 0.0, ""snr"": 0.0}, {""x"": -0.18417835235595703, ""y"": 1.0659098625183105, ""z"": 0.0, ""velocity"": 0.0, ""snr"": 0.0}, {""x"": 1.8652081489562988, ""y"": 1.605212688446045, ""z"": 0.0, ""velocity"": 0.0, ""snr"": 0.0}, {""x"": 1.8335580825805664, ""y"": 1.918494701385498, ""z"": 0.0, ""velocity"": 0.0, ""snr"": 0.0}]","[143251.0, 219251.0, 151364.0, 47168.0, 9390.0, 3099.0, 1981.0, 2019.0, 3017.0, 3327.0, 2403.0, 1825.0, 5521.0, 10740.0, 9867.0, 4612.0, 3555.0, 5917.0, 11408.0, 13364.0, 22930.0, 66407.0, 100398.0, 96826.0, 82718.0, 46254.0, 11689.0, 5776.0, 3835.0, 3545.0, 4834.0, 4528.0, 4276.0, 8252.0, 12287.0, 9559.0, 34874.0, 39398.0, 20982.0, 17202.0, 20412.0, 16928.0, 19376.0, 12555.0, 11849.0, 9156.0, 9664.0, 16263.0, 15738.0, 14919.0, 14794.0, 11948.0, 11085.0, 24925.0, 31665.0, 15024.0, 13481.0, 23629.0, 32358.0, 22117.0, 14704.0, 9698.0, 7088.0, 6959.0, 9105.0, 9047.0, 7657.0, 7771.0, 10317.0, 11156.0, 7101.0, 5299.0, 5221.0, 7223.0, 6436.0, 6043.0, 5564.0, 7838.0, 8731.0, 6730.0, 5502.0, 5351.0, 5685.0, 6780.0, 7033.0, 6124.0, 5372.0, 8351.0, 8982.0, 6175.0, 8009.0, 7138.0, 5966.0, 9238.0, 8399.0, 6444.0, 4760.0, 3700.0, 8513.0, 11345.0, 4575.0, 7308.0, 7468.0, 3882.0, 3403.0, 2842.0, 4397.0, 5634.0, 6496.0, 6441.0, 5152.0, 3599.0, 4402.0, 5090.0, 8576.0, 8713.0, 7008.0, 6900.0, 4946.0, 3232.0, 3328.0, 4284.0, 5764.0, 4616.0, 3277.0, 3608.0, 2900.0, 2377.0]",114547212.2749861
3,0.8,13,"[{""x"": -0.1958012580871582, ""y"": 0.9879469871520996, ""z"": 0.0, ""velocity"": 0.0, ""snr"": 0.0}, {""x"": -0.0641942024230957, ""y"": 0.7086396217346191, ""z"": 0.0, ""velocity"": 0.0, ""snr"": 0.0}, {""x"": -0.1507401466369629, ""y"": 0.9799003601074219, ""z"": 0.0, ""velocity"": 0.0, ""snr"": 0.0}, {""x"": -0.1646876335144043, ""y"": 1.7244815826416016, ""z"": 0.0, ""velocity"": 0.0, ""snr"": 0.0}, {""x"": -0.03325939178466797, ""y"": 0.7411837577819824, ""z"": 0.0, ""velocity"": 0.0, ""snr"": 0.0}, {""x"": 0.003039836883544922, ""y"": 0.7529854774475098, ""z"": 0.0, ""velocity"": 0.0, ""snr"": 0.0}, {""x"": -0.10639429092407227, ""y"": 1.777052879333496, ""z"": 0.0, ""velocity"": 0.0, ""snr"": 0.0}, {""x"": 0.11748075485229492, ""y"": 1.0524988174438477, ""z"": 0.0, ""velocity"": 0.0, ""snr"": 0.0}, {""x"": 0.2875328063964844, ""y"": 1.046597957611084, ""z"": 0.0, ""velocity"": 0.0, ""snr"": 0.0}, {""x"": 1.9109845161437988, ""y"": 1.5515685081481934, ""z"": 0.0, ""velocity"": 0.0, ""snr"": 0.0}, {""x"": 1.8233656883239746, ""y"": 1.909017562866211, ""z"": 0.0, ""velocity"": 0.0, ""snr"": 0.0}, {""x"": 1.8745064735412598, ""y"": 1.8795132637023926, ""z"": 0.0, ""velocity"": 0.0, ""snr"": 0.0}, {""x"": 2.0030736923217773, ""y"": 1.416027545928955, ""z"": 0.0, ""velocity"": 0.0, ""snr"": 0.0}]","[143471.0, 219317.0, 151135.0, 47008.0, 9402.0, 3341.0, 2035.0, 2479.0, 3233.0, 3047.0, 2087.0, 2357.0, 5134.0, 11914.0, 14935.0, 24286.0, 40296.0, 35104.0, 12661.0, 4187.0, 17143.0, 55740.0, 71650.0, 71658.0, 74341.0, 38583.0, 9658.0, 4925.0, 4069.0, 4471.0, 5373.0, 4629.0, 5182.0, 9128.0, 13627.0, 23782.0, 37677.0, 33925.0, 25074.0, 26331.0, 20988.0, 21691.0, 29461.0, 17414.0, 12133.0, 7802.0, 8209.0, 10247.0, 10872.0, 8658.0, 11695.0, 14732.0, 9037.0, 23770.0, 30558.0, 14659.0, 9193.0, 22881.0, 31533.0, 22261.0, 10882.0, 5887.0, 6316.0, 6440.0, 7845.0, 8117.0, 6911.0, 7697.0, 10450.0, 11821.0, 8463.0, 4524.0, 6215.0, 8017.0, 6869.0, 7905.0, 10731.0, 9977.0, 9625.0, 7019.0, 5294.0, 4476.0, 5075.0, 5769.0, 5802.0, 3815.0, 3626.0, 6672.0, 7756.0, 6515.0, 8411.0, 6830.0, 6507.0, 9237.0, 8361.0, 7253.0, 5696.0, 4252.0, 8652.0, 11290.0, 4247.0, 8054.0, 8183.0, 4703.0, 2982.0, 3436.0, 5163.0, 6190.0, 6938.0, 7211.0, 6132.0, 3189.0, 3425.0, 4311.0, 7911.0, 8898.0, 7221.0, 6414.0, 4650.0, 3234.0, 3563.0, 5264.0, 6689.0, 4904.0, 3330.0, 3286.0, 2879.0, 2968.0]",112256687.44675767
4,0.8,8,"[{""x"": -0.2843141555786133, ""y"": 0.9387731552124023, ""z"": 0.0, ""velocity"": 0.0, ""snr"": 0.0}, {""x"": -0.15145540237426758, ""y"": 0.9861588478088379, ""z"": 0.0, ""velocity"": 0.0, ""snr"": 0.0}, {""x"": -0.10067224502563477, ""y"": 1.027822494506836, ""z"": 0.0, ""velocity"": 0.0, ""snr"": 0.0}, {""x"": -0.17255544662475586, ""y"": 1.7132163047790527, ""z"": 0.0, ""velocity"": 0.0, ""snr"": 0.0}, {""x"": -0.21135807037353516, ""y"": 1.764535903930664, ""z"": 0.0, ""velocity"": 0.0, ""snr"": 0.0}, {""x"": 0.11676549911499023, ""y"": 0.6363987922668457, ""z"": 0.0, ""velocity"": 0.0, ""snr"": 0.0}, {""x"": 1.914381980895996, ""y"": 1.5361905097961426, ""z"": 0.0, ""velocity"": 0.0, ""snr"": 0.0}, {""x"": 1.8573403358459473, ""y"": 1.615762710571289, ""z"": 0.0, ""velocity"": 0.0, ""snr"": 0.0}]","[143455.0, 219250.0, 151287.0, 46932.0, 9655.0, 3186.0, 1924.0, 2109.0, 3161.0, 3397.0, 2824.0, 2122.0, 12863.0, 43225.0, 53523.0, 29140.0, 8368.0, 4581.0, 3628.0, 8633.0, 34158.0, 73424.0, 83339.0, 44542.0, 41682.0, 36001.0, 16377.0, 7037.0, 5910.0, 6389.0, 6380.0, 4941.0, 3796.0, 11158.0, 16690.0, 16083.0, 55005.0, 63847.0, 36896.0, 34261.0, 26889.0, 14210.0, 13272.0, 9872.0, 9752.0, 5625.0, 6745.0, 7809.0, 11851.0, 9387.0, 6670.0, 7565.0, 8800.0, 24536.0, 31277.0, 15458.0, 12523.0, 21480.0, 30741.0, 23070.0, 9618.0, 5999.0, 6000.0, 6871.0, 7989.0, 7909.0, 7107.0, 8205.0, 11073.0, 12062.0, 8927.0, 5286.0, 5245.0, 6834.0, 4168.0, 5991.0, 10813.0, 11489.0, 9756.0, 7091.0, 5321.0, 5126.0, 4332.0, 5660.0, 5495.0, 5461.0, 4455.0, 8162.0, 7584.0, 6643.0, 8794.0, 7356.0, 7713.0, 11922.0, 10466.0, 5804.0, 4684.0, 3355.0, 8172.0, 11218.0, 4986.0, 7732.0, 7759.0, 3406.0, 2808.0, 2766.0, 4537.0, 5871.0, 5939.0, 5286.0, 4187.0, 3443.0, 4017.0, 5943.0, 7950.0, 8852.0, 6850.0, 5654.0, 4045.0, 3585.0, 3753.0, 4579.0, 5841.0, 4664.0, 3369.0, 3302.0, 2614.0, 2437.0]",110011351.34271841
5,0.8,11,"[{""x"": -0.34868717193603516, ""y"": 0.9714961051940918, ""z"": 0.0, ""velocity"": 0.0, ""snr"": 0.0}, {""x"": -0.29218196868896484, ""y"": 0.9434223175048828, ""z"": 0.0, ""velocity"": 0.0, ""snr"": 0.0}, {""x"": -0.29343366622924805, ""y"": 0.955045223236084, ""z"": 0.0, ""velocity"": 0.0, ""snr"": 0.0}, {""x"": -0.4951357841491699, ""y"": 1.6495585441589355, ""z"": 0.0, ""velocity"": 0.0, ""snr"": 0.0}, {""x"": 0.1341104507446289, ""y"": 0.5675554275512695, ""z"": 0.0, ""velocity"": 0.0, ""snr"": 0.0}, {""x"": 0.1614689826965332, ""y"": 0.5682706832885742, ""z"": 0.0, ""velocity"": 0.0, ""snr"": 0.0}, {""x"": 0.1741647720336914, ""y"": 0.5766749382019043, ""z"": 0.0, ""velocity"": 0.0, ""snr"": 0.0}, {""x"": 1.8929243087768555, ""y"": 1.5669465065002441, ""z"": 0.0, ""velocity"": 0.0, ""snr"": 0.0}, {""x"": 1.8764734268188477, ""y"": 1.5919804573059082, ""z"": 0.0, ""velocity"": 0.0, ""snr"": 0.0}, {""x"": 1.871645450592041, ""y"": 1.8669962882995605, ""z"": 0.0, ""velocity"": 0.0, ""snr"": 0.0}, {""x"": 1.8764734268188477, ""y"": 1.8825531005859375, ""z"": 0.0, ""velocity"": 0.0, ""snr"": 0.0}]","[143348.0, 219292.0, 151138.0, 47098.0, 9584.0, 3267.0, 1930.0, 1662.0, 2521.0, 2553.0, 3816.0, 30471.0, 110024.0, 152174.0, 90784.0, 23991.0, 5993.0, 4135.0, 3706.0, 5375.0, 25714.0, 68404.0, 84183.0, 49561.0, 40015.0, 29221.0, 10963.0, 4783.0, 3205.0, 4088.0, 3938.0, 4351.0, 4256.0, 14309.0, 18737.0, 18487.0, 49038.0, 46857.0, 35165.0, 22610.0, 26431.0, 21435.0, 22845.0, 14679.0, 11702.0, 10271.0, 8434.0, 9021.0, 9753.0, 5724.0, 8924.0, 10698.0, 7621.0, 24196.0, 30307.0, 14655.0, 10760.0, 21385.0, 31747.0, 24270.0, 10840.0, 6088.0, 5554.0, 6343.0, 8134.0, 8882.0, 8703.0, 9879.0, 11620.0, 11869.0, 8133.0, 4901.0, 6232.0, 8918.0, 6533.0, 5836.0, 6660.0, 7914.0, 9455.0, 7969.0, 6710.0, 5150.0, 5405.0, 5533.0, 4980.0, 5764.0, 4750.0, 4264.0, 5348.0, 4222.0, 5386.0, 5837.0, 4349.0, 5538.0, 5264.0, 6385.0, 5511.0, 3432.0, 7810.0, 10336.0, 4526.0, 8214.0, 7649.0, 3897.0, 2846.0, 2687.0, 4010.0, 3967.0, 4052.0, 4452.0, 4181.0, 3988.0, 4335.0, 5740.0, 8679.0, 9118.0, 7541.0, 6509.0, 4384.0, 2992.0, 3485.0, 4428.0, 5634.0, 4307.0, 2907.0, 3055.0, 2640.0, 2430.0]",107813183.74532197
6,0.8,13,"[{""x"": -0.49746036529541016, ""y"": 1.0069012641906738, ""z"": 0.0, ""velocity"": 0.0, ""snr"": 0.0}, {""x"": -0.22548437118530273, ""y"": 0.9707808494567871, ""z"": 0.0, ""velocity"": 0.0, ""snr"": 0.0}, {""x"": -0.2524852752685547, ""y"": 1.6484856605529785, ""z"": 0.0, ""velocity"": 0.0, ""snr"": 0.0}, {""x"": -0.31238794326782227, ""y"": 1.6683340072631836, ""z"": 0.0, ""velocity"": 0.0, ""snr"": 0.0}, {""x"": -0.3002285957336426, ""y"": 1.6940832138061523, ""z"": 0.0, ""velocity"": 0.0, ""snr"": 0.0}, {""x"": -0.29540061950683594, ""y"": 1.7344951629638672, ""z"": 0.0, ""velocity"": 0.0, ""snr"": 0.0}, {""x"": 0.2313852310180664, ""y"": 0.5425214767456055, ""z"": 0.0, ""velocity"": 0.0, ""snr"": 0.0}, {""x"": 0.2244114875793457, ""y"": 0.5532503128051758, ""z"": 0.0, ""velocity"": 0.0, ""snr"": 0.0}, {""x"": 0.2181529998779297, ""y"": 0.5641579627990723, ""z"": 0.0, ""velocity"": 0.0, ""snr"": 0.0}, {""x"": 0.20635128021240234, ""y"": 0.5927681922912598, ""z"": 0.0, ""velocity"": 0.0, ""snr"": 0.0}, {""x"": 1.7568469047546387, ""y"": 1.9733905792236328, ""z"": 0.0, ""velocity"": 0.0, ""snr"": 0.0}, {""x"": 1.8036961555480957, ""y"": 1.952826976776123, ""z"": 0.0, ""velocity"": 0.0, ""snr"": 0.0}, {""x"": 1.8594861030578613, ""y"": 1.6123652458190918, ""z"": 0.0, ""velocity"": 0.0, ""snr"": 0.0}]","[143286.0, 219385.0, 151191.0, 47272.0, 9431.0, 3038.0, 1961.0, 2039.0, 2407.0, 2661.0, 3197.0, 25484.0, 260565124.0, 189923328.0, 225181696.0, 1600454656.0, 3968925696.0, 4234018816.0, 3809214464.0, 3654615040.0, 2168848384.0, 577241088.0, 218955776.0, 275316736.0, 297533440.0, 290521088.0, 305725440.0, 636223488.0, 1922891776.0, 2413166592.0, 1371078656.0, 2282881024.0, 2574843904.0, 2085552128.0, 2222129152.0, 1357643776.0, 923729920.0, 960102400.0, 738590720.0, 953614336.0, 762380288.0, 446365696.0, 472317952.0, 608763904.0, 657391616.0, 554893312.0, 647888896.0, 678559744.0, 1545338880.0, 1906245632.0, 838664192.0, 901906432.0, 1564803072.0, 2204893184.0, 1684144128.0, 751239168.0, 433586176.0, 510656512.0, 437256192.0, 551026688.0, 632750080.0, 572063744.0, 546832384.0, 631046144.0, 667156480.0, 434634752.0, 244973568.0, 329056256.0, 385679360.0, 348717056.0, 403505152.0, 524484608.0, 614137856.0, 505741312.0, 491388928.0, 451411968.0, 336789504.0, 317128704.0, 404946944.0, 375259136.0, 277413888.0, 187432960.0, 341573632.0, 464650240.0, 335937536.0, 308805632.0, 319160320.0, 423165952.0, 622657536.0, 572325888.0, 410255360.0, 341835776.0, 307822592.0, 531038208.0, 734396416.0, 347668480.0, 381616128.0, 416219136.0, 292421632.0, 180289536.0, 228458496.0, 337575936.0, 412483584.0, 385941504.0, 392495104.0, 383451136.0, 291438592.0, 218038272.0, 248184832.0, 293011456.0, 332595200.0, 461897728.0, 407699456.0, 297533440.0, 247988224.0, 272367616.0, 356843520.0, 399376384.0, 264962048.0, 188874752.0, 204931072.0, 220135424.0, 200540160.0, 0.0, 0.0, 0.0, 0.0, 16908288.0]",567154162.3338251
7,0.8,8,"[{""x"": -0.2557039260864258, ""y"": 1.0371208190917969, ""z"": 0.0, ""velocity"": 0.0, ""snr"": 0.0}, {""x"": -0.11640787124633789, ""y"": 0.9670257568359375, ""z"": 0.0, ""velocity"": 0.0, ""snr"": 0.0}, {""x"": -0.0718832015991211, ""y"": 0.9920597076416016, ""z"": 0.0, ""velocity"": 0.0, ""snr"": 0.0}, {""x"": -0.0629425048828125, ""y"": 1.004040241241455, ""z"": 0.0, ""velocity"": 0.0, ""snr"": 0.0}, {""x"": -0.1131892204284668, ""y"": 1.020669937133789, ""z"": 0.0, ""velocity"": 0.0, ""snr"": 0.0}, {""x"": 1.8212199211120605, ""y"": 1.9349455833435059, ""z"": 0.0, ""velocity"": 0.0, ""snr"": 0.0}, {""x"": 1.8630623817443848, ""y"": 1.5930533409118652, ""z"": 0.0, ""velocity"": 0.0, ""snr"": 0.0}, {""x"": 1.93101167678833, ""y"": 1.5217065811157227, ""z"": 0.0, ""velocity"": 0.0, ""snr"": 0.0}]","[143435.0, 219383.0, 151212.0, 47050.0, 9437.0, 2955.0, 2145.0, 2015.0, 3292.0, 4535.0, 3491.0, 2396.0, 4567.0, 9334.0, 8300.0, 4133.0, 3770.0, 5178.0, 3897.0, 4244.0, 30951.0, 109224.0, 152694.0, 104275.0, 56281.0, 5858.0, 4834.0, 5867.0, 6877.0, 6171.0, 4107.0, 3697.0, 6147.0, 7161.0, 6203.0, 4565.0, 4458.0, 6312.0, 9668.0, 9533.0, 6602.0, 4768.0, 4212.0, 7335.0, 10427.0, 5448.0, 5946.0, 5938.0, 4997.0, 3841.0, 3963.0, 5496.0, 5508.0, 5273.0, 5953.0, 5603.0, 4806.0, 3319.0, 4008.0, 5125.0, 5874.0, 7810.0, 6335.0, 4759.0, 4151.0, 3617.0, 4649.0, 5505.0, 3457.0, 3254.0, 2963.0, 3093.0, 3062.0, 0.0, 50594050.0, 117966086.0, 84214528.0, 672.0, 681010.0, 979.0, 0.0, 8.0, 2.0, 4294967295.0, 301.0, 100.0, 960200704.0, 968808749.0, 1048576000.0, 1065353216.0, 8.0, 335016936.0, 0.0, 4153494101.0, 5415.0, 1231486976.0, 363789125.0, 0.0, 4254091627.0, 5549.0, 1230766080.0, 609484347.0, 0.0, 4277095737.0, 9417.0, 1295384576.0, 571484551.0, 0.0, 686312501.0, 10549.0, 1295253504.0, 302.0, 512.0, 143435.0, 219302.0, 151337.0, 47006.0, 9515.0, 3294.0, 2005.0, 1876.0, 2530.0, 3419.0, 3182.0, 2290.0, 4388.0, 9275.0, 8671.0]",292974033.0961016
8,0.8,7,"[{""x"": -0.3987550735473633, ""y"": 0.9868741035461426, ""z"": 0.0, ""velocity"": 0.0, ""snr"": 0.0}, {""x"": -0.42235851287841797, ""y"": 0.9959936141967773, ""z"": 0.0, ""velocity"": 0.0, ""snr"": 0.0}, {""x"": -0.19562244415283203, ""y"": 0.9680986404418945, ""z"": 0.0, ""velocity"": 0.0, ""snr"": 0.0}, {""x"": -0.0985264778137207, ""y"": 0.9430646896362305, ""z"": 0.0, ""velocity"": 0.0, ""snr"": 0.0}, {""x"": -0.1696944236755371, ""y"": 1.0036826133728027, ""z"": 0.0, ""velocity"": 0.0, ""snr"": 0.0}, {""x"": 1.7940402030944824, ""y"": 1.9624829292297363, ""z"": 0.0, ""velocity"": 0.0, ""snr"": 0.0}, {""x"": 1.935124397277832, ""y"": 1.5133023262023926, ""z"": 0.0, ""velocity"": 0.0, ""snr"": 0.0}]","[143236.0, 219293.0, 151316.0, 47232.0, 9397.0, 2881.0, 1945.0, 1919.0, 2305.0, 2529.0, 2745.0, 1892.0, 4615.0, 9813.0, 8881.0, 4916.0, 4661.0, 5624.0, 7162.0, 12267.0, 22736.0, 43822.0, 63844.0, 86335.0, 90758.0, 40719.0, 8396.0, 4127.0, 4218.0, 5354.0, 3933.0, 4963.0, 5796.0, 14464.0, 19234.0, 20130.0, 41418.0, 52491.0, 37643.0, 34049.0, 26516.0, 13053.0, 13571.0, 11755.0, 15184.0, 17753.0, 23633.0, 24359.0, 24614.0, 37123.0, 35657.0, 19835.0, 10979.0, 25181.0, 28680.0, 13523.0, 10273.0, 22197.0, 33171.0, 26133.0, 11504.0, 6291.0, 6458.0, 7998.0, 10095.0, 9454.0, 7687.0, 8019.0, 9810.0, 9064.0, 5490.0, 4259.0, 5510.0, 7263.0, 7915.0, 8101.0, 7399.0, 8949.0, 8769.0, 7187.0, 5198.0, 4957.0, 6309.0, 6367.0, 5605.0, 3956.0, 3704.0, 5947.0, 8192.0, 6703.0, 4494.0, 5753.0, 8018.0, 11018.0, 11249.0, 8407.0, 5769.0, 4345.0, 7051.0, 9640.0, 5022.0, 7623.0, 7479.0, 4438.0, 2933.0, 4373.0, 5902.0, 6021.0, 4526.0, 4771.0, 5255.0, 5085.0, 3362.0, 4398.0, 4839.0, 5684.0, 7530.0, 6478.0, 4861.0, 3857.0, 3657.0, 4664.0, 5401.0, 3884.0, 2883.0, 2505.0, 2140.0, 2657.0]",118963159.96898827
9,0.8,10,"[{""x"": -0.2067089080810547, ""y"": 1.011192798614502, ""z"": 0.0, ""velocity"": 0.0, ""snr"": 0.0}, {""x"": -0.258028507232666, ""y"": 1.025855541229248, ""z"": 0.0, ""velocity"": 0.0, ""snr"": 0.0}, {""x"": -0.16987323760986328, ""y"": 0.990450382232666, ""z"": 0.0, ""velocity"": 0.0, ""snr"": 0.0}, {""x"": -0.18399953842163086, ""y"": 1.06734037399292, ""z"": 0.0, ""velocity"": 0.0, ""snr"": 0.0}, {""x"": -0.17380714416503906, ""y"": 1.0900497436523438, ""z"": 0.0, ""velocity"": 0.0, ""snr"": 0.0}, {""x"": -0.007688999176025391, ""y"": 0.8068084716796875, ""z"": 0.0, ""velocity"": 0.0, ""snr"": 0.0}, {""x"": -0.0171661376953125, ""y"": 0.8137822151184082, ""z"": 0.0, ""velocity"": 0.0, ""snr"": 0.0}, {""x"": -0.02396106719970703, ""y"": 0.8411407470703125, ""z"": 0.0, ""velocity"": 0.0, ""snr"": 0.0}, {""x"": 1.8230080604553223, ""y"": 1.6477704048156738, ""z"": 0.0, ""velocity"": 0.0, ""snr"": 0.0}, {""x"": 1.8310546875, ""y"": 1.9227862358093262, ""z"": 0.0, ""velocity"": 0.0, ""snr"": 0.0}]","[143061.0, 219322.0, 151445.0, 47039.0, 9406.0, 2723.0, 1749.0, 2256.0, 2511.0, 2351.0, 2182.0, 2152.0, 3944.0, 9004.0, 8368.0, 4557.0, 9294.0, 26872.0, 33636.0, 17153.0, 12257.0, 46027.0, 97393.0, 130642.0, 120591.0, 64270.0, 17812.0, 6449.0, 4531.0, 3997.0, 4458.0, 3915.0, 6417.0, 14498.0, 18753.0, 23716.0, 50704.0, 51913.0, 24136.0, 28507.0, 18629.0, 9171.0, 12732.0, 11765.0, 12559.0, 9634.0, 12667.0, 30905.0, 34064.0, 23004.0, 38278.0, 35324.0, 23120.0, 26133.0, 29403.0, 13527.0, 21551.0, 24804.0, 32706.0, 23932.0, 9155.0, 5324.0, 6347.0, 8237.0, 11099.0, 10287.0, 8192.0, 6212.0, 8667.0, 8891.0, 6960.0, 4464.0, 5010.0, 6677.0, 7582.0, 7203.0, 10190.0, 10946.0, 8278.0, 7323.0, 5309.0, 3747.0, 4510.0, 6718.0, 6137.0, 5195.0, 4580.0, 6229.0, 7641.0, 7346.0, 5257.0, 4926.0, 7084.0, 10755.0, 11510.0, 8463.0, 5360.0, 3402.0, 7692.0, 10081.0, 5548.0, 9051.0, 8673.0, 5106.0, 4480.0, 4762.0, 5665.0, 5459.0, 4426.0, 4464.0, 4579.0, 4514.0, 3307.0, 3652.0, 4597.0, 5926.0, 7667.0, 6833.0, 5838.0, 4942.0, 4082.0, 4071.0, 5002.0, 3935.0, 3484.0, 3121.0, 2393.0, 2351.0]",116582364.74833505
0,0.8,11,"[{""x"": -0.1913309097290039, ""y"": 0.9586215019226074, ""z"": 0.0, ""velocity"": 0.0, ""snr"": 0.0}, {""x"": -0.19437074661254883, ""y"": 0.9799003601074219, ""z"": 0.0, ""velocity"": 0.0, ""snr"": 0.0}, {""x"": -0.20170211791992188, ""y"": 1.0208487510681152, ""z"": 0.0, ""velocity"": 0.0, ""snr"": 0.0}, {""x"": -0.16629695892333984, ""y"": 0.9486079216003418, ""z"": 0.0, ""velocity"": 0.0, ""snr"": 0.0}, {""x"": 0.04363059997558594, ""y"": 0.7224082946777344, ""z"": 0.0, ""velocity"": 0.0, ""snr"": 0.0}, {""x"": 0.027894973754882812, ""y"": 0.7377862930297852, ""z"": 0.0, ""velocity"": 0.0, ""snr"": 0.0}, {""x"": 0.059545040130615234, ""y"": 0.7030963897705078, ""z"": 0.0, ""velocity"": 0.0, ""snr"": 0.0}, {""x"": 0.10782480239868164, ""y"": 1.0866522789001465, ""z"": 0.0, ""velocity"": 0.0, ""snr"": 0.0}, {""x"": 1.65635347366333, ""y"": 2.050459384918213, ""z"": 0.0, ""velocity"": 0.0, ""snr"": 0.0}, {""x"": 1.8818378448486328, ""y"": 1.5830397605895996, ""z"": 0.0, ""velocity"": 0.0, ""snr"": 0.0}, {""x"": 1.8378496170043945, ""y"": 1.9183158874511719, ""z"": 0.0, ""velocity"": 0.0, ""snr"": 0.0}]","[143310.0, 219229.0, 151014.0, 47061.0, 9333.0, 2888.0, 2157.0, 2320.0, 2864.0, 2733.0, 2544.0, 1897.0, 3982.0, 8965.0, 15277.0, 28210.0, 33585.0, 18995.0, 5027.0, 6651.0, 38414.0, 82517.0, 78204.0, 60001.0, 64584.0, 31833.0, 10005.0, 5481.0, 5071.0, 5052.0, 6048.0, 5604.0, 5016.0, 14537.0, 26187.0, 33953.0, 53350.0, 48679.0, 18683.0, 28430.0, 17023.0, 11868.0, 12366.0, 12149.0, 13810.0, 10165.0, 6971.0, 6815.0, 10722.0, 11991.0, 12160.0, 8411.0, 10225.0, 24009.0, 27804.0, 13561.0, 13436.0, 24577.0, 33492.0, 25021.0, 10785.0, 6721.0, 7681.0, 6511.0, 9660.0, 10200.0, 8481.0, 6445.0, 7895.0, 9301.0, 6104.0, 3561.0, 3966.0, 6261.0, 7174.0, 7279.0, 10367.0, 11832.0, 10355.0, 8694.0, 7781.0, 5641.0, 4507.0, 6528.0, 6418.0, 4489.0, 4912.0, 6756.0, 8682.0, 7966.0, 5483.0, 5564.0, 7733.0, 11580.0, 12581.0, 9794.0, 6092.0, 3678.0, 7102.0, 9724.0, 5381.0, 8120.0, 8013.0, 5212.0, 3271.0, 3436.0, 4446.0, 4825.0, 5412.0, 4995.0, 5028.0, 5011.0, 4696.0, 3625.0, 4629.0, 5518.0, 7701.0, 6894.0, 4986.0, 4316.0, 4341.0, 5423.0, 5880.0, 3507.0, 3162.0, 3097.0, 2702.0, 2710.0]",114252486.67219651
1,0.8,5,"[{""x"": -0.34672021865844727, ""y"": 0.9421706199645996, ""z"": 0.0, ""velocity"": 0.0, ""snr"": 0.0}, {""x"": -0.2601742744445801, ""y"": 0.9570121765136719, ""z"": 0.0, ""velocity"": 0.0, ""snr"": 0.0}, {""x"": 0.0928044319152832, ""y"": 0.6417632102966309, ""z"": 0.0, ""velocity"": 0.0, ""snr"": 0.0}, {""x"": 1.9161701202392578, ""y"": 1.5243887901306152, ""z"": 0.0, ""velocity"": 0.0, ""snr"": 0.0}, {""x"": 1.9667744636535645, ""y"": 1.4750361442565918, ""z"": 0.0, ""velocity"": 0.0, ""snr"": 0.0}]","[143051.0, 219173.0, 151288.0, 46966.0, 9534.0, 3084.0, 2025.0, 2158.0, 2797.0, 2944.0, 1973.0, 4572.0, 23659.0, 46438.0, 40178.0, 21996.0, 7457.0, 3618.0, 2868.0, 4147.0, 13579.0, 39532.0, 54334.0, 40111.0, 37127.0, 40589.0, 16848.0, 4482.0, 2669.0, 3235.0, 4457.0, 5360.0, 6809.0, 14430.0, 21064.0, 27517.0, 56661.0, 70114.0, 49989.0, 32560.0, 24475.0, 10163.0, 15768.0, 14255.0, 11289.0, 8744.0, 8167.0, 7022.0, 6226.0, 8420.0, 12243.0, 14399.0, 15125.0, 25383.0, 28777.0, 16706.0, 18738.0, 22641.0, 31451.0, 23876.0, 11020.0, 7854.0, 5972.0, 6654.0, 10395.0, 10938.0, 8464.0, 6620.0, 8811.0, 10659.0, 8124.0, 4654.0, 5405.0, 6944.0, 7435.0, 7756.0, 8675.0, 10589.0, 11031.0, 7997.0, 5679.0, 4798.0, 5708.0, 6793.0, 6205.0, 5150.0, 6191.0, 6529.0, 8393.0, 7435.0, 5678.0, 5103.0, 5590.0, 8934.0, 10731.0, 8758.0, 6424.0, 3798.0, 6807.0, 9831.0, 5332.0, 8736.0, 8694.0, 4771.0, 3645.0, 4525.0, 4594.0, 4680.0, 4371.0, 3939.0, 3500.0, 3646.0, 3699.0, 3720.0, 4989.0, 6790.0, 6889.0, 6050.0, 5397.0, 5268.0, 4904.0, 4810.0, 5238.0, 3337.0, 3709.0, 3348.0, 2848.0, 2834.0]",111967703.15970871
2,0.8,9,"[{""x"": -0.3005862236022949, ""y"": 0.9884834289550781, ""z"": 0.0, ""velocity"": 0.0, ""snr"": 0.0}, {""x"": -0.1507401466369629, ""y"": 0.9811520576477051, ""z"": 0.0, ""velocity"": 0.0, ""snr"": 0.0}, {""x"": -0.13679265975952148, ""y"": 0.9895563125610352, ""z"": 0.0, ""velocity"": 0.0, ""snr"": 0.0}, {""x"": -0.22906064987182617, ""y"": 1.6436576843261719, ""z"": 0.0, ""velocity"": 0.0, ""snr"": 0.0}, {""x"": -0.2626776695251465, ""y"": 1.6633272171020508, ""z"": 0.0, ""velocity"": 0.0, ""snr"": 0.0}, {""x"": 0.1843571662902832, ""y"": 0.5307197570800781, ""z"": 0.0, ""velocity"": 0.0, ""snr"": 0.0}, {""x"": 1.8312335014343262, ""y"": 1.6411542892456055, ""z"": 0.0, ""velocity"": 0.0, ""snr"": 0.0}, {""x"": 1.9177794456481934, ""y"": 1.8205046653747559, ""z"": 0.0, ""velocity"": 0.0, ""snr"": 0.0}, {""x"": 1.9147396087646484, ""y"": 1.8416047096252441, ""z"": 0.0, ""velocity"": 0.0, ""snr"": 0.0}]","[143346.0, 219261.0, 151158.0, 47099.0, 9287.0, 2860.0, 1979.0, 2004.0, 2431.0, 2490.0, 5743.0, 29272.0, 58387.0, 53577.0, 17531.0, 5692.0, 4050.0, 3845.0, 2435.0, 3823.0, 18303.0, 56118.0, 77561.0, 42864.0, 38584.0, 39938.0, 15283.0, 5507.0, 3894.0, 4573.0, 3736.0, 4783.0, 7013.0, 13022.0, 20374.0, 30683.0, 48414.0, 49104.0, 32640.0, 31439.0, 25380.0, 18221.0, 21461.0, 13113.0, 10690.0, 8862.0, 8811.0, 6791.0, 8295.0, 7406.0, 9329.0, 9411.0, 9570.0, 23482.0, 28266.0, 13088.0, 11434.0, 22726.0, 33036.0, 24363.0, 9656.0, 5574.0, 5252.0, 6990.0, 10487.0, 10188.0, 7677.0, 6410.0, 8221.0, 9685.0, 6457.0, 4763.0, 5613.0, 6250.0, 6867.0, 8374.0, 10928.0, 11962.0, 11373.0, 7399.0, 5834.0, 4681.0, 4835.0, 5712.0, 4791.0, 4473.0, 5997.0, 7096.0, 6639.0, 6401.0, 4110.0, 3796.0, 3522.0, 4370.0, 5692.0, 6295.0, 4747.0, 3645.0, 8090.0, 10511.0, 4645.0, 7457.0, 8062.0, 5034.0, 3091.0, 3279.0, 3101.0, 4690.0, 5571.0, 5534.0, 5382.0, 4768.0, 3509.0, 3633.0, 4978.0, 6595.0, 7586.0, 6358.0, 4852.0, 4933.0, 5045.0, 5491.0, 5646.0, 3342.0, 3658.0, 2651.0, 2549.0, 2911.0]",109728634.17247488
3,0.8,7,"[{""x"": -0.3508329391479492, ""y"": 1.0619759559631348, ""z"": 0.0, ""velocity"": 0.0, ""snr"": 0.0}, {""x"": -0.32132863998413086, ""y"": 1.0794997215270996, ""z"": 0.0, ""velocity"": 0.0, ""snr"": 0.0}, {""x"": 0.017881393432617188, ""y"": 0.9866952896118164, ""z"": 0.0, ""velocity"": 0.0, ""snr"": 0.0}, {""x"": 0.06902217864990234, ""y"": 1.001894474029541, ""z"": 0.0, ""velocity"": 0.0, ""snr"": 0.0}, {""x"": 0.21064281463623047, ""y"": 0.5532503128051758, ""z"": 0.0, ""velocity"": 0.0, ""snr"": 0.0}, {""x"": 1.8256902694702148, ""y"": 1.6477704048156738, ""z"": 0.0, ""velocity"": 0.0, ""snr"": 0.0}, {""x"": 1.8947124481201172, ""y"": 1.862168312072754, ""z"": 0.0, ""velocity"": 0.0, ""snr"": 0.0}]","[143128.0, 219107.0, 151169.0, 47096.0, 9341.0, 3112.0, 2121.0, 2180.0, 2719.0, 2631.0, 5170.0, 17258.0, 41152.0, 55277.0, 36330.0, 13461.0, 4176.0, 3746.0, 2938.0, 5258.0, 14666.0, 30779.0, 41922.0, 32526.0, 66648.0, 69138.0, 29268.0, 6374.0, 3189.0, 4544.0, 5455.0, 4893.0, 4616.0, 8904.0, 12057.0, 18508.0, 35595.0, 41349.0, 27061.0, 22749.0, 19626.0, 14017.0, 16351.0, 10714.0, 15687.0, 11961.0, 8041.0, 6102.0, 8645.0, 11044.0, 11698.0, 8179.0, 8409.0, 23777.0, 28514.0, 13495.0, 10037.0, 22882.0, 33316.0, 24394.0, 10337.0, 7934.0, 5379.0, 5681.0, 8920.0, 9305.0, 7480.0, 5958.0, 7924.0, 9218.0, 6043.0, 3977.0, 4575.0, 6285.0, 8507.0, 8271.0, 6843.0, 8984.0, 9800.0, 7876.0, 5933.0, 4754.0, 4336.0, 5506.0, 5581.0, 3935.0, 5123.0, 6348.0, 6656.0, 6979.0, 6826.0, 5983.0, 7625.0, 11129.0, 11870.0, 9363.0, 6782.0, 4686.0, 7180.0, 9820.0, 5050.0, 8167.0, 8525.0, 5578.0, 4184.0, 4889.0, 5279.0, 4473.0, 4335.0, 5237.0, 4710.0, 3513.0, 2863.0, 3906.0, 4830.0, 7115.0, 7353.0, 6516.0, 5466.0, 5090.0, 4629.0, 5066.0, 5852.0, 3806.0, 2744.0, 2843.0, 2552.0, 2910.0]",107534280.78923284
4,0.8,8,"[{""x"": -0.49746036529541016, ""y"": 0.8813738822937012, ""z"": 0.0, ""velocity"": 0.0, ""snr"": 0.0}, {""x"": -0.39947032928466797, ""y"": 0.9260773658752441, ""z"": 0.0, ""velocity"": 0.0, ""snr"": 0.0}, {""x"": -0.3057718276977539, ""y"": 0.9491443634033203, ""z"": 0.0, ""velocity"": 0.0, ""snr"": 0.0}, {""x"": 0.09244680404663086, ""y"": 0.6995201110839844, ""z"": 0.0, ""velocity"": 0.0, ""snr"": 0.0}, {""x"": 1.7128586769104004, ""y"": 2.0061135292053223, ""z"": 0.0, ""velocity"": 0.0, ""snr"": 0.0}, {""x"": 1.8171072006225586, ""y"": 1.9335150718688965, ""z"": 0.0, ""velocity"": 0.0, ""snr"": 0.0}, {""x"": 1.8639564514160156, ""y"": 1.5880465507507324, ""z"": 0.0, ""velocity"": 0.0, ""snr"": 0.0}, {""x"": 1.8868446350097656, ""y"": 1.5748143196105957, ""z"": 0.0, ""velocity"": 0.0, ""snr"": 0.0}]","[142884.0, 219440.0, 151471.0, 47390.0, 9436.0, 3127.0, 1917.0, 2077.0, 2734.0, 2480.0, 1880.0, 3575.0, 8806.0, 15764.0, 16356.0, 15617.0, 12632.0, 4967.0, 3305.0, 3163.0, 9146.0, 32605.0, 52835.0, 35930.0, 24903.0, 31749.0, 16165.0, 5415.0, 3453.0, 4475.0, 5658.0, 5490.0, 5568.0, 11329.0, 14850.0, 22589.0, 43487.0, 47645.0, 28402.0, 20581.0, 17535.0, 11049.0, 18379.0, 11580.0, 11379.0, 10201.0, 7571.0, 6872.0, 9020.0, 11279.0, 8538.0, 9054.0, 10594.0, 25108.0, 28803.0, 13233.0, 10956.0, 25053.0, 33536.0, 23503.0, 8087.0, 5021.0, 6062.0, 6692.0, 9019.0, 9579.0, 8318.0, 7483.0, 10423.0, 11876.0, 7302.0, 4732.0, 5152.0, 6776.0, 8203.0, 8038.0, 6659.0, 8552.0, 9515.0, 7254.0, 7033.0, 5686.0, 4368.0, 5497.0, 5030.0, 4699.0, 4787.0, 6705.0, 8214.0, 7604.0, 6449.0, 6489.0, 7815.0, 11119.0, 11963.0, 9125.0, 6063.0, 3859.0, 6796.0, 9615.0, 4890.0, 7840.0, 7873.0, 5013.0, 4228.0, 3211.0, 3974.0, 5012.0, 5148.0, 5244.0, 4976.0, 4522.0, 3458.0, 3806.0, 4579.0, 5983.0, 7992.0, 6586.0, 4680.0, 3766.0, 4349.0, 4244.0, 3590.0, 3077.0, 2866.0, 2429.0, 2262.0, 2807.0]",105384844.80631658
5,0.8,7,"[{""x"": -0.45740604400634766, ""y"": 0.9278655052185059, ""z"": 0.0, ""velocity"": 0.0, ""snr"": 0.0}, {""x"": -0.34296512603759766, ""y"": 0.9371638298034668, ""z"": 0.0, ""velocity"": 0.0, ""snr"": 0.0}, {""x"": -0.40215253829956055, ""y"": 0.9350180625915527, ""z"": 0.0, ""velocity"": 0.0, ""snr"": 0.0}, {""x"": 0.24837255477905273, ""y"": 1.077890396118164, ""z"": 0.0, ""velocity"": 0.0, ""snr"": 0.0}, {""x"": 1.718580722808838, ""y"": 1.9984245300292969, ""z"": 0.0, ""velocity"": 0.0, ""snr"": 0.0}, {""x"": 1.8432140350341797, ""y"": 1.6273856163024902, ""z"": 0.0, ""velocity"": 0.0, ""snr"": 0.0}, {""x"": 1.8303394317626953, ""y"": 1.920461654663086, ""z"": 0.0, ""velocity"": 0.0, ""snr"": 0.0}]","[143196.0, 219322.0, 151425.0, 47151.0, 9499.0, 3002.0, 1991.0, 1836.0, 3081.0, 3261.0, 2086.0, 1862.0, 4455.0, 9526.0, 17807.0, 32628.0, 33653.0, 16066.0, 5412.0, 3444.0, 11128.0, 35926.0, 59735.0, 56440.0, 37142.0, 29696.0, 14359.0, 7389.0, 3097.0, 4132.0, 4090.0, 4855.0, 5331.0, 11563.0, 15445.0, 19274.0, 36581.0, 39061.0, 28875.0, 36238.0, 29358.0, 11782.0, 15375.0, 11645.0, 13048.0, 11530.0, 8314.0, 11178.0, 13446.0, 12052.0, 10227.0, 11063.0, 11753.0, 24759.0, 29395.0, 13622.0, 12544.0, 30227.0, 38155.0, 26570.0, 10144.0, 5280.0, 6552.0, 7126.0, 9892.0, 10414.0, 8422.0, 6881.0, 9161.0, 10081.0, 6088.0, 4906.0, 5244.0, 6084.0, 7674.0, 7762.0, 8067.0, 8540.0, 8478.0, 7107.0, 5643.0, 4369.0, 4216.0, 5558.0, 5148.0, 3304.0, 4677.0, 6318.0, 7365.0, 6875.0, 5565.0, 4764.0, 6568.0, 10200.0, 10906.0, 8616.0, 6347.0, 3724.0, 7007.0, 9208.0, 4832.0, 9248.0, 9323.0, 5462.0, 3363.0, 4076.0, 4938.0, 4738.0, 4517.0, 5459.0, 5397.0, 4042.0, 2686.0, 3257.0, 4337.0, 6062.0, 7495.0, 6443.0, 4620.0, 4118.0, 3775.0, 4300.0, 5260.0, 3635.0, 2090.0, 3028.0, 2927.0, 2675.0]",103276267.33833049
6,0.8,8,"[{""x"": -0.31113624572753906, ""y"": 0.897824764251709, ""z"": 0.0, ""velocity"": 0.0, ""snr"": 0.0}, {""x"": -0.33527612686157227, ""y"": 0.9262561798095703, ""z"": 0.0, ""velocity"": 0.0, ""snr"": 0.0}, {""x"": -0.35244226455688477, ""y"": 0.9284019470214844, ""z"": 0.0, ""velocity"": 0.0, ""snr"": 0.0}, {""x"": -0.47653913497924805, ""y"": 1.771688461303711, ""z"": 0.0, ""velocity"": 0.0, ""snr"": 0.0}, {""x"": 0.1938343048095703, ""y"": 1.03837251663208, ""z"": 0.0, ""velocity"": 0.0, ""snr"": 0.0}, {""x"": 0.33545494079589844, ""y"": 1.036226749420166, ""z"": 0.0, ""velocity"": 0.0, ""snr"": 0.0}, {""x"": 1.696765422821045, ""y"": 2.0429491996765137, ""z"": 0.0, ""velocity"": 0.0, ""snr"": 0.0}, {""x"": 1.828908920288086, ""y"": 1.641690731048584, ""z"": 0.0, ""velocity"": 0.0, ""snr"": 0.0}]","[143572.0, 219343.0, 151160.0, 45993.0, 9234.0, 2995.0, 2618.0, 1961.0, 2625.0, 2595.0, 2081.0, 1899.0, 4952.0, 9642.0, 9546.0, 6787.0, 18915.0, 49234.0, 51735.0, 24045.0, 20389.0, 50687.0, 58960.0, 28562.0, 35113.0, 38925.0, 17495.0, 5428.0, 4257.0, 5518.0, 5825.0, 3873.0, 4286.0, 9757.0, 12545.0, 19751.0, 30472.0, 37394.0, 18474.0, 20261.0, 30533.0, 25036.0, 22855.0, 14047.0, 16209.0, 13378.0, 7626.0, 7072.0, 6984.0, 8641.0, 7326.0, 5888.0, 10750.0, 25089.0, 28989.0, 13136.0, 9877.0, 23543.0, 33218.0, 24256.0, 9560.0, 5991.0, 6586.0, 6579.0, 9333.0, 9837.0, 8144.0, 7426.0, 9294.0, 10008.0, 5777.0, 4336.0, 5241.0, 6367.0, 7366.0, 7118.0, 6705.0, 8377.0, 10211.0, 8139.0, 5897.0, 4779.0, 6185.0, 5619.0, 5359.0, 3911.0, 4669.0, 6662.0, 7018.0, 5396.0, 5954.0, 5748.0, 8434.0, 11485.0, 10881.0, 8416.0, 6238.0, 4342.0, 7414.0, 9742.0, 4935.0, 9349.0, 9173.0, 5112.0, 3057.0, 3183.0, 3877.0, 4795.0, 4812.0, 4976.0, 5405.0, 4351.0, 3317.0, 3477.0, 3999.0, 5808.0, 7906.0, 6550.0, 5009.0, 4702.0, 4428.0, 4900.0, 5645.0, 3840.0, 2904.0, 2906.0, 3176.0, 2883.0]",101210634.15046898
7,0.8,12,"[{""x"": -0.42128562927246094, ""y"": 0.9194612503051758, ""z"": 0.0, ""velocity"": 0.0, ""snr"": 0.0}, {""x"": -0.40787458419799805, ""y"": 0.9840130805969238, ""z"": 0.0, ""velocity"": 0.0, ""snr"": 0.0}, {""x"": -0.2326369285583496, ""y"": 0.9139180183410645, ""z"": 0.0, ""velocity"": 0.0, ""snr"": 0.0}, {""x"": -0.30362606048583984, ""y"": 1.0619759559631348, ""z"": 0.0, ""velocity"": 0.0, ""snr"": 0.0}, {""x"": -0.27555227279663086, ""y"": 1.0875463485717773, ""z"": 0.0, ""velocity"": 0.0, ""snr"": 0.0}, {""x"": -0.08100271224975586, ""y"": 0.8336305618286133, ""z"": 0.0, ""velocity"": 0.0, ""snr"": 0.0}, {""x"": -0.23639202117919922, ""y"": 1.7765164375305176, ""z"": 0.0, ""velocity"": 0.0, ""snr"": 0.0}, {""x"": -0.05346536636352539, ""y"": 0.854194164276123, ""z"": 0.0, ""velocity"": 0.0, ""snr"": 0.0}, {""x"": -0.043451786041259766, ""y"": 0.8631348609924316, ""z"": 0.0, ""velocity"": 0.0, ""snr"": 0.0}, {""x"": -0.05239248275756836, ""y"": 0.8820891380310059, ""z"": 0.0, ""velocity"": 0.0, ""snr"": 0.0}, {""x"": 1.874685287475586, ""y"": 1.5733838081359863, ""z"": 0.0, ""velocity"": 0.0, ""snr"": 0.0}, {""x"": 1.9315481185913086, ""y"": 1.5165209770202637, ""z"": 0.0, ""velocity"": 0.0, ""snr"": 0.0}]","[143443.0, 219511.0, 151594.0, 47152.0, 12237.0, 6470.0, 3705.0, 2455.0, 3774.0, 4321.0, 3125.0, 2345.0, 5037.0, 9907.0, 8397.0, 0.0, 4241247289.0, 9989.0, 1312882688.0, 663616826.0, 0.0, 658198326.0, 9404.0, 1278738432.0, 693971023.0, 0.0, 678382132.0, 10656.0, 1311965184.0, 302.0, 512.0, 143250.0, 219362.0, 151642.0, 47477.0, 9691.0, 2810.0, 2659.0, 2393.0, 3256.0, 4146.0, 2983.0, 2108.0, 2234.0, 3346.0, 4651.0, 4116.0, 3387.0, 3295.0, 2689.0, 3771.0, 10344.0, 31325.0, 42732.0, 33614.0, 55925.0, 36675.0, 10167.0, 4016.0, 2711.0, 3642.0, 4596.0, 4123.0, 5256.0, 17562.0, 24770.0, 22344.0, 56592.0, 60732.0, 31552.0, 52425.0, 42447.0, 27651.0, 21284.0, 14369.0, 13341.0, 11729.0, 6465.0, 5553.0, 8000.0, 8139.0, 7436.0, 12856.0, 14901.0, 25653.0, 31476.0, 15054.0, 10517.0, 22798.0, 32839.0, 24208.0, 9903.0, 4128.0, 4524.0, 5098.0, 7420.0, 9067.0, 7948.0, 8112.0, 9813.0, 10809.0, 8006.0, 4621.0, 5850.0, 7348.0, 7390.0, 7290.0, 5511.0, 7052.0, 8007.0, 7375.0, 6100.0, 4366.0, 4278.0, 5255.0, 4977.0, 3529.0, 4394.0, 6131.0, 6437.0, 4820.0, 7047.0, 6507.0, 7466.0, 11138.0, 10328.0, 7220.0, 3997.0]",176560207.73204705
8,0.8,12,"[{""x"": -0.3109574317932129, ""y"": 0.897824764251709, ""z"": 0.0, ""velocity"": 0.0, ""snr"": 0.0}, {""x"": -0.25069713592529297, ""y"": 0.9464621543884277, ""z"": 0.0, ""velocity"": 0.0, ""snr"": 0.0}, {""x"": -0.21225214004516602, ""y"": 1.064300537109375, ""z"": 0.0, ""velocity"": 0.0, ""snr"": 0.0}, {""x"": -0.27626752853393555, ""y"": 1.0626912117004395, ""z"": 0.0, ""velocity"": 0.0, ""snr"": 0.0}, {""x"": -0.07385015487670898, ""y"": 1.0322928428649902, ""z"": 0.0, ""velocity"": 0.0, ""snr"": 0.0}, {""x"": -0.11265277862548828, ""y"": 1.0646581649780273, ""z"": 0.0, ""velocity"": 0.0, ""snr"": 0.0}, {""x"": -0.21958351135253906, ""y"": 1.7191171646118164, ""z"": 0.0, ""velocity"": 0.0, ""snr"": 0.0}, {""x"": -0.15145540237426758, ""y"": 1.7802715301513672, ""z"": 0.0, ""velocity"": 0.0, ""snr"": 0.0}, {""x"": 1.7741918563842773, ""y"": 1.9608736038208008, ""z"": 0.0, ""velocity"": 0.0, ""snr"": 0.0}, {""x"": 1.8031597137451172, ""y"": 1.9560456275939941, ""z"": 0.0, ""velocity"": 0.0, ""snr"": 0.0}, {""x"": 1.781165599822998, ""y"": 1.998603343963623, ""z"": 0.0, ""velocity"": 0.0, ""snr"": 0.0}, {""x"": 1.86842679977417, ""y"": 1.601099967956543, ""z"": 0.0, ""velocity"": 0.0, ""snr"": 0.0}]","[143351.0, 219315.0, 151299.0, 47030.0, 9236.0, 3117.0, 2159.0, 2786.0, 3283.0, 5106.0, 4165.0, 2943.0, 3890.0, 8814.0, 10007.0, 0.0, 9783142.0, 6153.0, 1212416000.0, 43581725.0, 0.0, 651313971.0, 9440.0, 1278410752.0, 616965925.0, 0.0, 700205882.0, 10217.0, 1261436928.0, 686369061.0, 0.0, 19811636.0, 33554432.0, 796524544.0, 1468858370.0, 1318387715.0, 3072917506.0, 607453184.0, 212140032.0, 175177728.0, 138674176.0, 170852352.0, 301858816.0, 261226496.0, 186974208.0, 193265664.0, 343998464.0, 379191296.0, 299499520.0, 181731328.0, 169410560.0, 292225024.0, 499122176.0, 568197120.0, 2729115648.0, 2668756992.0, 3210018817.0, 4283891713.0, 1874395136.0, 587857920.0, 227082240.0, 239206400.0, 299368448.0, 262209536.0, 352583680.0, 592904192.0, 1561198592.0, 2026504192.0, 2270167040.0, 4081057792.0, 4008509440.0, 2303459328.0, 3754688512.0, 3015901184.0, 1847001088.0, 1411055616.0, 914423808.0, 624623616.0, 593494016.0, 471662592.0, 394985472.0, 668598272.0, 695730176.0, 521928704.0, 939786240.0, 819003392.0, 1725825024.0, 2013855744.0, 949878784.0, 686489600.0, 1440612352.0, 2067005440.0, 1505624064.0, 617414656.0, 390397952.0, 402194432.0, 457441280.0, 519176192.0, 623902720.0, 513998848.0, 439156736.0, 589430784.0, 692715520.0, 437780480.0, 226951168.0, 295632896.0, 359858176.0, 419889152.0, 501481472.0, 417595392.0, 513802240.0, 562364416.0, 452460544.0, 339148800.0, 303824896.0, 312803328.0, 345571328.0, 317390848.0, 243466240.0, 218890240.0, 348127232.0, 411566080.0, 319029248.0, 347996160.0, 361693184.0, 527761408.0, 681574400.0, 650313728.0]",646276235.0604334
9,0.8,7,"[{""x"": -0.44614076614379883, ""y"": 0.9641647338867188, ""z"": 0.0, ""velocity"": 0.0, ""snr"": 0.0}, {""x"": -0.2415776252746582, ""y"": 0.9993910789489746, ""z"": 0.0, ""velocity"": 0.0, ""snr"": 0.0}, {""x"": -0.20062923431396484, ""y"": 1.805126667022705, ""z"": 0.0, ""velocity"": 0.0, ""snr"": 0.0}, {""x"": 0.0400543212890625, ""y"": 1.0027885437011719, ""z"": 0.0, ""velocity"": 0.0, ""snr"": 0.0}, {""x"": 0.0010728836059570312, ""y"": 1.0074377059936523, ""z"": 0.0, ""velocity"": 0.0, ""snr"": 0.0}, {""x"": 0.08994340896606445, ""y"": 0.9757876396179199, ""z"": 0.0, ""velocity"": 0.0, ""snr"": 0.0}, {""x"": 0.050961971282958984, ""y"": 0.11712312698364258, ""z"": 0.0, ""velocity"": 0.0, ""snr"": 0.0}]","[143094.0, 219281.0, 151063.0, 47008.0, 9324.0, 2859.0, 2064.0, 2129.0, 2732.0, 2523.0, 2383.0, 1776.0, 2748.0, 6533.0, 6754.0, 3258.0, 3257.0, 3630.0, 5277.0, 7479.0, 15428.0, 87531.0, 145621.0, 104598.0, 47871.0, 23888.0, 6906.0, 3478.0, 3550.0, 5665.0, 5928.0, 6342.0, 9405.0, 26184.0, 34544.0, 25337.0, 46836.0, 51741.0, 44518.0, 55242.0, 47056.0, 30744.0, 22481.0, 12239.0, 13938.0, 9626.0, 7308.0, 7650.0, 8234.0, 10039.0, 9956.0, 13112.0, 14715.0, 24579.0, 27806.0, 12795.0, 8513.0, 21828.0, 31024.0, 21619.0, 6905.0, 4335.0, 6537.0, 8023.0, 9624.0, 9851.0, 8827.0, 7352.0, 9747.0, 11521.0, 7552.0, 5065.0, 5177.0, 7508.0, 7262.0, 6243.0, 8393.0, 9592.0, 9551.0, 8475.0, 6747.0, 4606.0, 6220.0, 6725.0, 5700.0, 3579.0, 3614.0, 5145.0, 6261.0, 4911.0, 5695.0, 5651.0, 7190.0, 10066.0, 10521.0, 8011.0, 5931.0, 5003.0, 8726.0, 10785.0, 4614.0, 8954.0, 8374.0, 4400.0, 3581.0, 4097.0, 5259.0, 5169.0, 5006.0, 5558.0, 4683.0, 4225.0, 4127.0, 3229.0, 3465.0, 5117.0, 6955.0, 5868.0, 4626.0, 4613.0, 4473.0, 4662.0, 5481.0, 3981.0, 3119.0, 3102.0, 2931.0, 2997.0]",111597025.4002775
0,0.8,10,"[{""x"": -0.49889087677001953, ""y"": 0.9502172470092773, ""z"": 0.0, ""velocity"": 0.0, ""snr"": 0.0}, {""x"": -0.4152059555053711, ""y"": 0.93841552734375, ""z"": 0.0, ""velocity"": 0.0, ""snr"": 0.0}, {""x"": -0.2562403678894043, ""y"": 0.9344816207885742, ""z"": 0.0, ""velocity"": 0.0, ""snr"": 0.0}, {""x"": -0.26214122772216797, ""y"": 0.9541511535644531, ""z"": 0.0, ""velocity"": 0.0, ""snr"": 0.0}, {""x"": -0.28628110885620117, ""y"": 0.9545087814331055, ""z"": 0.0, ""velocity"": 0.0, ""snr"": 0.0}, {""x"": -0.16987323760986328, ""y"": 1.7888545989990234, ""z"": 0.0, ""velocity"": 0.0, ""snr"": 0.0}, {""x"": -0.2015233039855957, ""y"": 1.809239387512207, ""z"": 0.0, ""velocity"": 0.0, ""snr"": 0.0}, {""x"": 1.948535442352295, ""y"": 1.484513282775879, ""z"": 0.0, ""velocity"": 0.0, ""snr"": 0.0}, {""x"": 1.9585490226745605, ""y"": 1.4841556549072266, ""z"": 0.0, ""velocity"": 0.0, ""snr"": 0.0}, {""x"": 1.9159913063049316, ""y"": 1.83945894241333, ""z"": 0.0, ""velocity"": 0.0, ""snr"": 0.0}]","[143240.0, 219325.0, 151261.0, 47061.0, 9574.0, 3088.0, 1989.0, 2074.0, 3105.0, 3049.0, 2108.0, 1969.0, 2877.0, 6508.0, 7275.0, 3863.0, 3517.0, 4094.0, 4945.0, 7697.0, 8059.0, 6619.0, 8912.0, 14453.0, 17218.0, 14908.0, 16161.0, 17036.0, 23494.0, 27693.0, 12290.0, 9402.0, 23711.0, 33423.0, 24790.0, 10273.0, 7737.0, 6542.0, 6315.0, 9252.0, 9947.0, 7766.0, 6085.0, 9570.0, 10991.0, 6550.0, 4826.0, 5563.0, 7834.0, 7620.0, 9200.0, 10330.0, 10417.0, 11259.0, 9586.0, 6659.0, 4611.0, 4351.0, 5079.0, 4360.0, 3716.0, 5145.0, 6363.0, 6938.0, 5413.0, 4516.0, 3826.0, 6594.0, 9794.0, 9794.0, 7680.0, 5727.0, 4635.0, 8595.0, 10759.0, 4568.0, 8121.0, 7561.0, 4086.0, 3591.0, 3208.0, 3834.0, 4864.0, 5311.0, 5699.0, 4674.0, 4116.0, 3933.0, 3722.0, 4028.0, 5630.0, 7628.0, 6293.0, 5026.0, 4323.0, 3583.0, 4493.0, 5525.0, 4113.0, 3434.0, 3148.0, 2878.0, 2869.0, 0.0, 0.0, 0.0, 0.0, 50594050.0, 117966086.0, 84214528.0, 736.0, 681010.0, 1028.0, 0.0, 12.0, 2.0, 4294967295.0, 301.0, 140.0, 960200704.0, 968808749.0, 1048576000.0, 1065353216.0, 12.0, 291566075.0, 0.0, 4065282132.0, 4687.0]",191672364.69054425
1,0.8,12,"[{""x"": -0.07385015487670898, ""y"": 0.9530782699584961, ""z"": 0.0, ""velocity"": 0.0, ""snr"": 0.0}, {""x"": -0.11247396469116211, ""y"": 0.9693503379821777, ""z"": 0.0, ""velocity"": 0.0, ""snr"": 0.0}, {""x"": 0.004291534423828125, ""y"": 0.7476210594177246, ""z"": 0.0, ""velocity"": 0.0, ""snr"": 0.0}, {""x"": 0.03039836883544922, ""y"": 0.7585287094116211, ""z"": 0.0, ""velocity"": 0.0, ""snr"": 0.0}, {""x"": 0.014126300811767578, ""y"": 0.9065866470336914, ""z"": 0.0, ""velocity"": 0.0, ""snr"": 0.0}, {""x"": -0.02002716064453125, ""y"": 0.9959936141967773, ""z"": 0.0, ""velocity"": 0.0, ""snr"": 0.0}, {""x"": 0.1380443572998047, ""y"": 1.045525074005127, ""z"": 0.0, ""velocity"": 0.0, ""snr"": 0.0}, {""x"": 0.1589655876159668, ""y"": 1.0921955108642578, ""z"": 0.0, ""velocity"": 0.0, ""snr"": 0.0}, {""x"": 1.8750429153442383, ""y"": 1.5794634819030762, ""z"": 0.0, ""velocity"": 0.0, ""snr"": 0.0}, {""x"": 1.9780397415161133, ""y"": 1.4635920524597168, ""z"": 0.0, ""velocity"": 0.0, ""snr"": 0.0}, {""x"": 1.851975917816162, ""y"": 1.8784403800964355, ""z"": 0.0, ""velocity"": 0.0, ""snr"": 0.0}, {""x"": 1.874864101409912, ""y"": 1.8775463104248047, ""z"": 0.0, ""velocity"": 0.0, ""snr"": 0.0}]","[143083.0, 218676.0, 151116.0, 47040.0, 9518.0, 2940.0, 1828.0, 1882.0, 2381.0, 2418.0, 2179.0, 1770.0, 2237.0, 3517.0, 6215.0, 2003456.0, 1934080.0, 1166336.0, 1158144.0, 987904.0, 1110016.0, 1202688.0, 1143296.0, 1250048.0, 1230592.0, 1168384.0, 1104896.0, 1173504.0, 1114368.0, 1520384.0, 2004224.0, 1602560.0, 1135360.0, 1030912.0, 1115904.0, 1341440.0, 1575936.0, 1099776.0, 849920.0, 905472.0, 747776.0, 723968.0, 0.0, 0.0, 0.0, 0.0, 0.0, 0.0, 0.0, 67174912.0, 134546947.0, 84082695.0, 180229.0, 174338560.0, 263680.0, 0.0, 2304.0, 512.0, 4294967040.0, 77311.0, 28160.0, 998244352.0, 3201903929.0, 2147483705.0, 2147483710.0, 2367.0, 1912280832.0, 20.0, 3494394624.0, 1361146.0, 1442840576.0, 3942251593.0, 20.0, 675894528.0, 2524922.0, 1006632960.0, 486767436.0, 24.0, 944780032.0, 1484550.0, 973078528.0, 2315564878.0, 23.0, 1968193792.0, 2315048.0, 889192448.0, 4146595916.0, 41.0, 776876288.0, 1.0, 3036676098.0, 2365588014.0, 3858760536.0, 3238003278.0, 3657433270.0, 2583691299.0, 2415919115.0, 436207623.0, 1996488712.0, 2449473548.0, 2499805197.0, 352321545.0, 788529163.0, 1375731748.0, 905969718.0, 3992977488.0, 2214592574.0, 520093726.0, 3003121681.0, 3909091339.0, 1258291221.0, 134217818.0, 1191182539.0, 3321888973.0, 3623878820.0, 33554677.0, 2181038256.0, 2566914114.0, 150994963.0, 2332033039.0, 1006632976.0, 1191182353.0, 536870927.0, 2566914070.0, 50331689.0, 218103870.0, 3154116696.0, 3221225679.0]",860783764.8068001
2,0.8,8,"[{""x"": -0.20366907119750977, ""y"": 1.0344386100769043, ""z"": 0.0, ""velocity"": 0.0, ""snr"": 0.0}, {""x"": -0.2206563949584961, ""y"": 1.6470551490783691, ""z"": 0.0, ""velocity"": 0.0, ""snr"": 0.0}, {""x"": -0.20831823348999023, ""y"": 1.6644001007080078, ""z"": 0.0, ""velocity"": 0.0, ""snr"": 0.0}, {""x"": -0.04756450653076172, ""y"": 0.9979605674743652, ""z"": 0.0, ""velocity"": 0.0, ""snr"": 0.0}, {""x"": 0.0033974647521972656, ""y"": 1.0160207748413086, ""z"": 0.0, ""velocity"": 0.0, ""snr"": 0.0}, {""x"": 0.00947713851928711, ""y"": 2.567589282989502, ""z"": 0.0, ""velocity"": 0.0, ""snr"": 0.0}, {""x"": 1.9238591194152832, ""y"": 1.5183091163635254, ""z"": 0.0, ""velocity"": 0.0, ""snr"": 0.0}, {""x"": 1.821756362915039, ""y"": 1.656174659729004, ""z"": 0.0, ""velocity"": 0.0, ""snr"": 0.0}]","[143324.0, 219360.0, 151295.0, 46692.0, 9391.0, 3000.0, 1840.0, 2035.0, 2753.0, 3169.0, 10866.0, 22181.0, 32204.0, 40402.0, 20651.0, 9261.0, 4453.0, 4088.0, 2673.0, 3653.0, 10997.0, 26120.0, 52992.0, 41180.0, 44034.0, 30136.0, 11717.0, 3862.0, 2985.0, 4911.0, 6219.0, 5061.0, 5077.0, 11622.0, 18896.0, 30626.0, 59833.0, 55827.0, 30186.0, 32254.0, 31783.0, 22445.0, 26348.0, 17337.0, 13563.0, 10894.0, 7247.0, 7338.0, 7747.0, 9685.0, 10721.0, 12718.0, 14136.0, 24967.0, 29847.0, 16412.0, 19361.0, 21052.0, 30052.0, 21374.0, 7950.0, 4205.0, 5189.0, 6909.0, 9460.0, 9859.0, 8232.0, 7348.0, 8016.0, 9232.0, 6461.0, 3651.0, 4768.0, 6757.0, 9023.0, 8960.0, 7894.0, 8182.0, 8881.0, 7348.0, 6081.0, 4643.0, 4373.0, 6126.0, 6287.0, 4682.0, 6347.0, 7344.0, 8113.0, 7509.0, 6445.0, 5729.0, 5948.0, 9228.0, 11651.0, 10154.0, 6327.0, 3518.0, 7550.0, 9535.0, 5534.0, 8508.0, 8281.0, 4367.0, 4497.0, 4019.0, 4597.0, 5045.0, 5204.0, 5146.0, 4620.0, 3973.0, 3921.0, 4198.0, 4672.0, 6426.0, 7219.0, 5921.0, 4455.0, 3920.0, 4021.0, 4743.0, 5392.0, 3752.0, 2969.0, 3117.0, 2786.0, 2703.0]",124612859.00419167
3,0.8,12,"[{""x"": -0.45937299728393555, ""y"": 1.0231733322143555, ""z"": 0.0, ""velocity"": 0.0, ""snr"": 0.0}, {""x"": -0.4734992980957031, ""y"": 1.0161995887756348, ""z"": 0.0, ""velocity"": 0.0, ""snr"": 0.0}, {""x"": -0.19365549087524414, ""y"": 0.9657740592956543, ""z"": 0.0, ""velocity"": 0.0, ""snr"": 0.0}, {""x"": -0.24014711380004883, ""y"": 0.9621977806091309, ""z"": 0.0, ""velocity"": 0.0, ""snr"": 0.0}, {""x"": -0.4443526268005371, ""y"": 1.655280590057373, ""z"": 0.0, ""velocity"": 0.0, ""snr"": 0.0}, {""x"": -0.38909912109375, ""y"": 1.6890764236450195, ""z"": 0.0, ""velocity"": 0.0, ""snr"": 0.0}, {""x"": -0.29289722442626953, ""y"": 1.7361044883728027, ""z"": 0.0, ""velocity"": 0.0, ""snr"": 0.0}, {""x"": 0.1099705696105957, ""y"": 0.5357265472412109, ""z"": 0.0, ""velocity"": 0.0, ""snr"": 0.0}, {""x"": 0.11819601058959961, ""y"": 0.5310773849487305, ""z"": 0.0, ""velocity"": 0.0, ""snr"": 0.0}, {""x"": 1.8568038940429688, ""y"": 1.6118288040161133, ""z"": 0.0, ""velocity"": 0.0, ""snr"": 0.0}, {""x"": 1.8128156661987305, ""y"": 1.9147396087646484, ""z"": 0.0, ""velocity"": 0.0, ""snr"": 0.0}, {""x"": 1.852869987487793, ""y"": 1.9000768661499023, ""z"": 0.0, ""velocity"": 0.0, ""snr"": 0.0}]","[142972.0, 219295.0, 151441.0, 47405.0, 9559.0, 3083.0, 2125.0, 2265.0, 2914.0, 3706.0, 7634.0, 40754.0, 69185.0, 31616.0, 18383.0, 9653.0, 3609.0, 3936.0, 3752.0, 3527.0, 9354.0, 28505.0, 29099.0, 16593.0, 50298.0, 50085.0, 16468.0, 4823.0, 3754.0, 4549.0, 4270.0, 4256.0, 5107.0, 10800.0, 20371.0, 36995.0, 37881.0, 72644.0, 87977.0, 57148.0, 31521.0, 28132.0, 21705.0, 13406.0, 11496.0, 8473.0, 7815.0, 6229.0, 6235.0, 9806.0, 8896.0, 11972.0, 15880.0, 25189.0, 28847.0, 14008.0, 12092.0, 25399.0, 33946.0, 24235.0, 10165.0, 6904.0, 6643.0, 8169.0, 10564.0, 10455.0, 8032.0, 5570.0, 8188.0, 8792.0, 6170.0, 3944.0, 4144.0, 6625.0, 8810.0, 9182.0, 7051.0, 8239.0, 8837.0, 6817.0, 6209.0, 4903.0, 4669.0, 6132.0, 5140.0, 4162.0, 6156.0, 6973.0, 7671.0, 7643.0, 6955.0, 6441.0, 7782.0, 11312.0, 12827.0, 9539.0, 5395.0, 3586.0, 6291.0, 9776.0, 5552.0, 8427.0, 8563.0, 4970.0, 4056.0, 4667.0, 4912.0, 4305.0, 4907.0, 4205.0, 3929.0, 3545.0, 3374.0, 4005.0, 6019.0, 6922.0, 7319.0, 5623.0, 4380.0, 4287.0, 4321.0, 4982.0, 5739.0, 3701.0, 2761.0, 3118.0, 2793.0, 2767.0]",122120020.1132687
4,0.8,11,"[{""x"": -0.5791783332824707, ""y"": 0.9071230888366699, ""z"": 0.0, ""velocity"": 0.0, ""snr"": 0.0}, {""x"": -0.5071163177490234, ""y"": 0.9822249412536621, ""z"": 0.0, ""velocity"": 0.0, ""snr"": 0.0}, {""x"": -0.3921389579772949, ""y"": 0.9335875511169434, ""z"": 0.0, ""velocity"": 0.0, ""snr"": 0.0}, {""x"": -0.35834312438964844, ""y"": 1.7066001892089844, ""z"": 0.0, ""velocity"": 0.0, ""snr"": 0.0}, {""x"": -0.10639429092407227, ""y"": 0.6476640701293945, ""z"": 0.0, ""velocity"": 0.0, ""snr"": 0.0}, {""x"": -0.24569034576416016, ""y"": 1.6804933547973633, ""z"": 0.0, ""velocity"": 0.0, ""snr"": 0.0}, {""x"": -0.2796649932861328, ""y"": 1.7473697662353516, ""z"": 0.0, ""velocity"": 0.0, ""snr"": 0.0}, {""x"": -0.0826120376586914, ""y"": 1.7979741096496582, ""z"": 0.0, ""velocity"": 0.0, ""snr"": 0.0}, {""x"": 1.8728971481323242, ""y"": 1.8516182899475098, ""z"": 0.0, ""velocity"": 0.0, ""snr"": 0.0}, {""x"": 1.864314079284668, ""y"": 1.888275146484375, ""z"": 0.0, ""velocity"": 0.0, ""snr"": 0.0}, {""x"": 2.017378807067871, ""y"": 1.4178156852722168, ""z"": 0.0, ""velocity"": 0.0, ""snr"": 0.0}]","[143010.0, 219103.0, 151594.0, 47133.0, 9414.0, 2873.0, 1859.0, 1887.0, 2539.0, 2388.0, 2509.0, 6518.0, 16576.0, 41156.0, 46133.0, 29251.0, 10350.0, 4928.0, 3641.0, 2556.0, 9335.0, 24095.0, 26238.0, 34328.0, 60941.0, 46299.0, 14534.0, 3818.0, 3039.0, 4004.0, 6095.0, 6535.0, 6851.0, 10523.0, 12217.0, 23044.0, 53978.0, 54389.0, 65011.0, 63076.0, 33308.0, 16642.0, 14983.0, 12963.0, 13760.0, 13533.0, 8221.0, 5635.0, 9195.0, 10110.0, 10005.0, 11342.0, 10858.0, 23155.0, 27659.0, 20923.0, 12412.0, 25919.0, 33722.0, 24396.0, 8953.0, 5337.0, 5947.0, 6179.0, 9505.0, 9433.0, 7369.0, 6148.0, 8137.0, 9196.0, 5602.0, 3864.0, 4485.0, 7329.0, 8634.0, 8772.0, 7487.0, 9292.0, 10152.0, 8026.0, 7294.0, 6012.0, 4742.0, 6073.0, 6349.0, 5019.0, 4992.0, 7016.0, 8192.0, 8075.0, 5671.0, 5231.0, 7639.0, 11419.0, 12726.0, 9773.0, 6277.0, 3362.0, 6428.0, 9343.0, 5283.0, 8578.0, 8581.0, 5524.0, 4570.0, 3860.0, 4661.0, 5793.0, 5069.0, 4528.0, 4648.0, 3600.0, 3380.0, 4088.0, 5960.0, 6091.0, 7436.0, 6397.0, 5188.0, 4333.0, 4168.0, 5020.0, 5258.0, 3695.0, 2818.0, 3133.0, 2648.0, 2532.0]",119677634.51902986
5,0.8,5,"[{""x"": -0.628352165222168, ""y"": 0.8865594863891602, ""z"": 0.0, ""velocity"": 0.0, ""snr"": 0.0}, {""x"": -0.33849477767944336, ""y"": 0.9226799011230469, ""z"": 0.0, ""velocity"": 0.0, ""snr"": 0.0}, {""x"": -0.3948211669921875, ""y"": 0.9008646011352539, ""z"": 0.0, ""velocity"": 0.0, ""snr"": 0.0}, {""x"": 1.812279224395752, ""y"": 1.6660094261169434, ""z"": 0.0, ""velocity"": 0.0, ""snr"": 0.0}, {""x"": 1.878976821899414, ""y"": 1.8728971481323242, ""z"": 0.0, ""velocity"": 0.0, ""snr"": 0.0}]","[143064.0, 219356.0, 151175.0, 47139.0, 9150.0, 2999.0, 2171.0, 2491.0, 3319.0, 3163.0, 2041.0, 1887.0, 6000.0, 14871.0, 15268.0, 18516.0, 15553.0, 7357.0, 2991.0, 2836.0, 14549.0, 41439.0, 40390.0, 20916.0, 25291.0, 16446.0, 9859.0, 5121.0, 4026.0, 4747.0, 4491.0, 5137.0, 33559919.0, 100860929.0, 460805.0, 3221554435.0, 838860802.0, 1509952100.0, 4.0, 150994944.0, 33554432.0, 4278190080.0, 771751935.0, 1845493761.0, 0.0, 758725504.0, 3784409.0, 4096000.0, 155156480.0, 2231369728.0, 68605.0, 855638016.0, 1845044546.0, 20.0, 1497531648.0, 1344506.0, 1375731712.0, 3136940356.0, 20.0, 1279491584.0, 1561345.0, 1811939328.0, 117476676.0, 24.0, 2823372032.0, 1471237.0, 1711276032.0, 36226372.0, 35.0, 3444388352.0, 2708008.0, 855638016.0, 77389.0, 131072.0, 36636160.0, 56069888.0, 38674432.0, 12062720.0, 2295040.0, 765952.0, 501248.0, 625664.0, 871168.0, 860160.0, 570880.0, 523520.0, 618496.0, 910592.0, 896768.0, 914944.0, 817664.0, 711168.0, 915712.0, 1573376.0, 6504192.0, 22004736.0, 25048320.0, 12735744.0, 14728960.0, 6974208.0, 1852928.0, 1080320.0, 982784.0, 1396480.0, 1246720.0, 783104.0, 1260032.0, 2821632.0, 3464192.0, 3965440.0, 8174080.0, 9409792.0, 6035712.0, 5201152.0, 4750080.0, 2466048.0, 2727680.0, 2592000.0, 3331072.0, 2278144.0, 1703424.0, 1470976.0, 2459136.0, 2495232.0, 2673152.0, 3042816.0, 3023616.0, 6158080.0]",354622136.480332
6,0.8,8,"[{""x"": -0.11497735977172852, ""y"": 0.04506111145019531, ""z"": 0.0, ""velocity"": 0.0, ""snr"": 0.0}, {""x"": -0.45239925384521484, ""y"": 0.8704662322998047, ""z"": 0.0, ""velocity"": 0.0, ""snr"": 0.0}, {""x"": -0.5192756652832031, ""y"": 0.8661746978759766, ""z"": 0.0, ""velocity"": 0.0, ""snr"": 0.0}, {""x"": -0.38695335388183594, ""y"": 0.8826255798339844, ""z"": 0.0, ""velocity"": 0.0, ""snr"": 0.0}, {""x"": -0.33402442932128906, ""y"": 1.013338565826416, ""z"": 0.0, ""velocity"": 0.0, ""snr"": 0.0}, {""x"": -0.31238794326782227, ""y"": 1.0043978691101074, ""z"": 0.0, ""velocity"": 0.0, ""snr"": 0.0}, {""x"": 1.9426345825195312, ""y"": 1.5106201171875, ""z"": 0.0, ""velocity"": 0.0, ""snr"": 0.0}, {""x"": 1.879870891571045, ""y"": 1.8775463104248047, ""z"": 0.0, ""velocity"": 0.0, ""snr"": 0.0}]","[143553.0, 219364.0, 151432.0, 46668.0, 9290.0, 3087.0, 2224.0, 2228.0, 3410.0, 3342.0, 2080.0, 1789.0, 2305.0, 3609.0, 3402.0, 3746.0, 3218.0, 2024.0, 1872.0, 7726.0, 52375.0, 112956.0, 119829.0, 147721.0, 102358.0, 34030.0, 10363.0, 5598.0, 3626.0, 5465.0, 6424.0, 4655.0, 4228.0, 9665.0, 11870.0, 14107.0, 32540.0, 38196.0, 25182.0, 21793.0, 18943.0, 11026.0, 10657.0, 11705.0, 16061.0, 12323.0, 7938.0, 6258.0, 5677.0, 7656.0, 10499.0, 11491.0, 10294.0, 24265.0, 29348.0, 15047.0, 16165.0, 22183.0, 31954.0, 23693.0, 9539.0, 6042.0, 4574.0, 5134.0, 8135.0, 9352.0, 7613.0, 6954.0, 9788.0, 11138.0, 7075.0, 3683.0, 5841.0, 6890.0, 7094.0, 7106.0, 9549.0, 11043.0, 10195.0, 7655.0, 6829.0, 5117.0, 4738.0, 5050.0, 4482.0, 3974.0, 4647.0, 5982.0, 5433.0, 5487.0, 7525.0, 6738.0, 7833.0, 11095.0, 10076.0, 6272.0, 5073.0, 5450.0, 9262.0, 11234.0, 4869.0, 7749.0, 7667.0, 4258.0, 3646.0, 3186.0, 4475.0, 5332.0, 5998.0, 7439.0, 6614.0, 4251.0, 3616.0, 4940.0, 9151.0, 9036.0, 6812.0, 6389.0, 4596.0, 3535.0, 3527.0, 4972.0, 5983.0, 4437.0, 3363.0, 3240.0, 2851.0, 2529.0]",120730021.62282924
7,0.8,9,"[{""x"": -0.49191713333129883, ""y"": 0.7647871971130371, ""z"": 0.0, ""velocity"": 0.0, ""snr"": 0.0}, {""x"": -0.4538297653198242, ""y"": 0.834345817565918, ""z"": 0.0, ""velocity"": 0.0, ""snr"": 0.0}, {""x"": -0.46688318252563477, ""y"": 0.8962154388427734, ""z"": 0.0, ""velocity"": 0.0, ""snr"": 0.0}, {""x"": -0.49370527267456055, ""y"": 0.899970531463623, ""z"": 0.0, ""velocity"": 0.0, ""snr"": 0.0}, {""x"": -0.4241466522216797, ""y"": 0.891566276550293, ""z"": 0.0, ""velocity"": 0.0, ""snr"": 0.0}, {""x"": 0.30308961868286133, ""y"": 1.0235309600830078, ""z"": 0.0, ""velocity"": 0.0, ""snr"": 0.0}, {""x"": 0.3249049186706543, ""y"": 1.0471343994140625, ""z"": 0.0, ""velocity"": 0.0, ""snr"": 0.0}, {""x"": 1.9106268882751465, ""y"": 1.5506744384765625, ""z"": 0.0, ""velocity"": 0.0, ""snr"": 0.0}, {""x"": 1.9150972366333008, ""y"": 1.8419623374938965, ""z"": 0.0, ""velocity"": 0.0, ""snr"": 0.0}]","[143315.0, 219438.0, 151429.0, 47082.0, 9391.0, 2895.0, 2280.0, 2307.0, 3094.0, 3706.0, 2952.0, 1995.0, 2782.0, 4140.0, 3591.0, 3524.0, 4305.0, 2985.0, 6758.0, 18757.0, 38183.0, 75801.0, 111421.0, 86628.0, 48869.0, 18874.0, 7587.0, 3610.0, 3288.0, 4879.0, 4899.0, 4171.0, 4729.0, 10308.0, 12894.0, 11260.0, 37251.0, 43301.0, 26648.0, 25391.0, 22077.0, 13937.0, 12871.0, 9546.0, 13896.0, 10922.0, 8667.0, 7073.0, 8649.0, 8453.0, 7804.0, 8410.0, 9688.0, 25044.0, 30406.0, 15173.0, 11759.0, 20928.0, 30710.0, 22943.0, 8637.0, 5791.0, 5160.0, 5725.0, 8609.0, 9443.0, 7535.0, 7143.0, 8825.0, 9098.0, 5251.0, 3844.0, 4870.0, 5908.0, 6371.0, 7360.0, 8084.0, 9575.0, 10038.0, 8110.0, 6330.0, 4133.0, 4499.0, 5401.0, 4767.0, 3673.0, 4432.0, 5853.0, 5867.0, 5098.0, 6932.0, 6939.0, 7860.0, 9914.0, 9127.0, 6001.0, 4253.0, 5090.0, 9907.0, 11665.0, 4278.0, 8446.0, 8024.0, 4058.0, 3919.0, 4311.0, 4154.0, 4659.0, 5687.0, 6642.0, 5968.0, 4459.0, 3714.0, 5881.0, 8391.0, 7882.0, 6764.0, 6189.0, 5009.0, 4175.0, 4037.0, 4631.0, 5740.0, 4292.0, 2901.0, 2961.0, 2738.0, 2498.0]",118316846.34286836
8,0.8,11,"[{""x"": -0.464022159576416, ""y"": 0.681459903717041, ""z"": 0.0, ""velocity"": 0.0, ""snr"": 0.0}, {""x"": -0.41610002517700195, ""y"": 0.662684440612793, ""z"": 0.0, ""velocity"": 0.0, ""snr"": 0.0}, {""x"": -0.440061092376709, ""y"": 0.671088695526123, ""z"": 0.0, ""velocity"": 0.0, ""snr"": 0.0}, {""x"": -0.4731416702270508, ""y"": 0.7200837135314941, ""z"": 0.0, ""velocity"": 0.0, ""snr"": 0.0}, {""x"": -0.43594837188720703, ""y"": 0.794827938079834, ""z"": 0.0, ""velocity"": 0.0, ""snr"": 0.0}, {""x"": 0.037729740142822266, ""y"": 0.9992122650146484, ""z"": 0.0, ""velocity"": 0.0, ""snr"": 0.0}, {""x"": 0.03272294998168945, ""y"": 1.0201334953308105, ""z"": 0.0, ""velocity"": 0.0, ""snr"": 0.0}, {""x"": 0.06437301635742188, ""y"": 1.0423064231872559, ""z"": 0.0, ""velocity"": 0.0, ""snr"": 0.0}, {""x"": 0.0997781753540039, ""y"": 1.0719895362854004, ""z"": 0.0, ""velocity"": 0.0, ""snr"": 0.0}, {""x"": 1.8324851989746094, ""y"": 1.627027988433838, ""z"": 0.0, ""velocity"": 0.0, ""snr"": 0.0}, {""x"": 1.8416047096252441, ""y"": 1.6329288482666016, ""z"": 0.0, ""velocity"": 0.0, ""snr"": 0.0}]","[143261.0, 219161.0, 150845.0, 46844.0, 9104.0, 3000.0, 2078.0, 1946.0, 3512.0, 4291.0, 2757.0, 1829.0, 2436.0, 3653.0, 3622.0, 4032.0, 15769.0, 39044.0, 46505.0, 39635.0, 34217.0, 36685.0, 69308.0, 65946.0, 50557.0, 29819.0, 11197.0, 5245.0, 4278.0, 4281.0, 4192.0, 3298.0, 4041.0, 9509.0, 12412.0, 11536.0, 36703.0, 40442.0, 21251.0, 18577.0, 17485.0, 15976.0, 10959.0, 9166.0, 12836.0, 11724.0, 9343.0, 9834.0, 11277.0, 7677.0, 22348.0, 24873.0, 20465.0, 27999.0, 34316.0, 17445.0, 10965.0, 22617.0, 31310.0, 23322.0, 8375.0, 7704.0, 7100.0, 6858.0, 9144.0, 9387.0, 8244.0, 7881.0, 9261.0, 9992.0, 6330.0, 4720.0, 5393.0, 6656.0, 7662.0, 7913.0, 8661.0, 11139.0, 10223.0, 7090.0, 5163.0, 4596.0, 4639.0, 5939.0, 4902.0, 3952.0, 4559.0, 6538.0, 6466.0, 6220.0, 7466.0, 6236.0, 7406.0, 9912.0, 8957.0, 6254.0, 5236.0, 5038.0, 9089.0, 11424.0, 4261.0, 8808.0, 8357.0, 4418.0, 3810.0, 3040.0, 3520.0, 3958.0, 5439.0, 6713.0, 6487.0, 4135.0, 3239.0, 5251.0, 8519.0, 8384.0, 6574.0, 5631.0, 4350.0, 3938.0, 3988.0, 4997.0, 6233.0, 5016.0, 2876.0, 2615.0, 2637.0, 2534.0]",115949993.51165615
9,0.8,10,"[{""x"": -0.47975778579711914, ""y"": 0.6760954856872559, ""z"": 0.0, ""velocity"": 0.0, ""snr"": 0.0}, {""x"": -0.4559755325317383, ""y"": 0.9026527404785156, ""z"": 0.0, ""velocity"": 0.0, ""snr"": 0.0}, {""x"": -0.3077387809753418, ""y"": 0.6787776947021484, ""z"": 0.0, ""velocity"": 0.0, ""snr"": 0.0}, {""x"": -0.39768218994140625, ""y"": 0.9135603904724121, ""z"": 0.0, ""velocity"": 0.0, ""snr"": 0.0}, {""x"": -0.49567222595214844, ""y"": 1.6493797302246094, ""z"": 0.0, ""velocity"": 0.0, ""snr"": 0.0}, {""x"": 0.31810998916625977, ""y"": 1.0244250297546387, ""z"": 0.0, ""velocity"": 0.0, ""snr"": 0.0}, {""x"": 0.3191828727722168, ""y"": 1.042485237121582, ""z"": 0.0, ""velocity"": 0.0, ""snr"": 0.0}, {""x"": 0.2957582473754883, ""y"": 1.0693073272705078, ""z"": 0.0, ""velocity"": 0.0, ""snr"": 0.0}, {""x"": 1.7840266227722168, ""y"": 1.6774535179138184, ""z"": 0.0, ""velocity"": 0.0, ""snr"": 0.0}, {""x"": 1.8566250801086426, ""y"": 1.61057710647583, ""z"": 0.0, ""velocity"": 0.0, ""snr"": 0.0}]","[143494.0, 219310.0, 151201.0, 46994.0, 9339.0, 3192.0, 2411.0, 2447.0, 3389.0, 3821.0, 2343.0, 1843.0, 2348.0, 3244.0, 10408.0, 25552.0, 25811.0, 44368.0, 37724.0, 12081.0, 8287.0, 26446.0, 42244.0, 40620.0, 48106.0, 28267.0, 10531.0, 7474.0, 6379.0, 5897.0, 4510.0, 3207.0, 4149.0, 9284.0, 12079.0, 14426.0, 34304.0, 42998.0, 34976.0, 19746.0, 17757.0, 13435.0, 15182.0, 9405.0, 7889.0, 6377.0, 7126.0, 7210.0, 9975.0, 9051.0, 18059.0, 17654.0, 18795.0, 40166.0, 45000.0, 21411.0, 10923.0, 21934.0, 31745.0, 24857.0, 11554.0, 7652.0, 6365.0, 7090.0, 9493.0, 10411.0, 8945.0, 8021.0, 9513.0, 10111.0, 6229.0, 3756.0, 5147.0, 7550.0, 7162.0, 7612.0, 5627.0, 8702.0, 9344.0, 8702.0, 7570.0, 5036.0, 4901.0, 6090.0, 6097.0, 4459.0, 5620.0, 8760.0, 8826.0, 6913.0, 7004.0, 6584.0, 8174.0, 10153.0, 8501.0, 5929.0, 4064.0, 4139.0, 9169.0, 11213.0, 4505.0, 8802.0, 8384.0, 4100.0, 3711.0, 2584.0, 3844.0, 4821.0, 6002.0, 7161.0, 6630.0, 3754.0, 3174.0, 5746.0, 8613.0, 7932.0, 6518.0, 6369.0, 5402.0, 4169.0, 3614.0, 5091.0, 6137.0, 4598.0, 2911.0, 2767.0, 2522.0, 2508.0]",113631377.80377415
0,0.8,9,"[{""x"": -0.4545450210571289, ""y"": 0.5677342414855957, ""z"": 0.0, ""velocity"": 0.0, ""snr"": 0.0}, {""x"": -0.5609393119812012, ""y"": 0.8845925331115723, ""z"": 0.0, ""velocity"": 0.0, ""snr"": 0.0}, {""x"": -0.34940242767333984, ""y"": 0.9477138519287109, ""z"": 0.0, ""velocity"": 0.0, ""snr"": 0.0}, {""x"": -0.2821683883666992, ""y"": 0.9480714797973633, ""z"": 0.0, ""velocity"": 0.0, ""snr"": 0.0}, {""x"": 0.09191036224365234, ""y"": 2.555966377258301, ""z"": 0.0, ""velocity"": 0.0, ""snr"": 0.0}, {""x"": 0.32597780227661133, ""y"": 1.0562539100646973, ""z"": 0.0, ""velocity"": 0.0, ""snr"": 0.0}, {""x"": 0.2760887145996094, ""y"": 1.0796785354614258, ""z"": 0.0, ""velocity"": 0.0, ""snr"": 0.0}, {""x"": 0.34368038177490234, ""y"": 1.0287165641784668, ""z"": 0.0, ""velocity"": 0.0, ""snr"": 0.0}, {""x"": 1.8024444580078125, ""y"": 1.674950122833252, ""z"": 0.0, ""velocity"": 0.0, ""snr"": 0.0}]","[143313.0, 219325.0, 151403.0, 46898.0, 9397.0, 3094.0, 1831.0, 2350.0, 3413.0, 3866.0, 2496.0, 2916.0, 11706.0, 19148.0, 16963.0, 13003.0, 14346.0, 8987.0, 10357.0, 6040.0, 9272.0, 23531.0, 31969.0, 29356.0, 54567.0, 39716.0, 14783.0, 9790.0, 4651.0, 4757.0, 4846.0, 3872.0, 3583.0, 10076.0, 14128.0, 16999.0, 32388.0, 37848.0, 17253.0, 17503.0, 19283.0, 20805.0, 19779.0, 10092.0, 10989.0, 8417.0, 8165.0, 9570.0, 8267.0, 8457.0, 7425.0, 6574.0, 10318.0, 23650.0, 28781.0, 14477.0, 19316.0, 22325.0, 32601.0, 24915.0, 11229.0, 5180.0, 5699.0, 8008.0, 10116.0, 10762.0, 9227.0, 8400.0, 10361.0, 10742.0, 6772.0, 4474.0, 5674.0, 7203.0, 8525.0, 9809.0, 13313.0, 14476.0, 13120.0, 10029.0, 6783.0, 5421.0, 4783.0, 5069.0, 4217.0, 3673.0, 4845.0, 7683.0, 7387.0, 5728.0, 6544.0, 5230.0, 6524.0, 9608.0, 9094.0, 7225.0, 5490.0, 3948.0, 8886.0, 11532.0, 4220.0, 8433.0, 8053.0, 3988.0, 3907.0, 3111.0, 4443.0, 4813.0, 4829.0, 5002.0, 4878.0, 4178.0, 3252.0, 4779.0, 7768.0, 7702.0, 6848.0, 6330.0, 5262.0, 3898.0, 3976.0, 5096.0, 6132.0, 4635.0, 2958.0, 3663.0, 3092.0, 2742.0]",111359624.33962497
1,0.8,9,"[{""x"": -0.3980398178100586, ""y"": 0.5604028701782227, ""z"": 0.0, ""velocity"": 0.0, ""snr"": 0.0}, {""x"": -0.34224987030029297, ""y"": 0.579535961151123, ""z"": 0.0, ""velocity"": 0.0, ""snr"": 0.0}, {""x"": -0.08368492126464844, ""y"": 0.9940266609191895, ""z"": 0.0, ""velocity"": 0.0, ""snr"": 0.0}, {""x"": -0.09959936141967773, ""y"": 1.0094046592712402, ""z"": 0.0, ""velocity"": 0.0, ""snr"": 0.0}, {""x"": -0.14966726303100586, ""y"": 1.0246038436889648, ""z"": 0.0, ""velocity"": 0.0, ""snr"": 0.0}, {""x"": -0.020205974578857422, ""y"": 2.525210380554199, ""z"": 0.0, ""velocity"": 0.0, ""snr"": 0.0}, {""x"": -0.1156926155090332, ""y"": 2.550780773162842, ""z"": 0.0, ""velocity"": 0.0, ""snr"": 0.0}, {""x"": 1.7838478088378906, ""y"": 1.697838306427002, ""z"": 0.0, ""velocity"": 0.0, ""snr"": 0.0}, {""x"": 1.8382072448730469, ""y"": 1.9154548645019531, ""z"": 0.0, ""velocity"": 0.0, ""snr"": 0.0}]","[143369.0, 219112.0, 151316.0, 47240.0, 9341.0, 3103.0, 2033.0, 1900.0, 2324.0, 2371.0, 5659.0, 14878.0, 17961.0, 12774.0, 33098.0, 40280.0, 17889.0, 6094.0, 3584.0, 4524.0, 13417.0, 43875.0, 70559.0, 59542.0, 35426.0, 18242.0, 7236.0, 3550.0, 3872.0, 4922.0, 5464.0, 4068.0, 3848.0, 10152.0, 14214.0, 17361.0, 29991.0, 37100.0, 21465.0, 23260.0, 22168.0, 12766.0, 10922.0, 11056.0, 11684.0, 9965.0, 9158.0, 6674.0, 7286.0, 8155.0, 7972.0, 5833.0, 9435.0, 24265.0, 30147.0, 20568.0, 24701.0, 24712.0, 34167.0, 24187.0, 9464.0, 7116.0, 8325.0, 7494.0, 9531.0, 9965.0, 8406.0, 7720.0, 9451.0, 10297.0, 6968.0, 4524.0, 4901.0, 6076.0, 6733.0, 7780.0, 7392.0, 9425.0, 9740.0, 7437.0, 5395.0, 4198.0, 4283.0, 4838.0, 3754.0, 3536.0, 3659.0, 7714.0, 8315.0, 5351.0, 6942.0, 5980.0, 6311.0, 9326.0, 8499.0, 5942.0, 3897.0, 3688.0, 7879.0, 10723.0, 3998.0, 8479.0, 8219.0, 3973.0, 3712.0, 3310.0, 4493.0, 5900.0, 6293.0, 6488.0, 5541.0, 3492.0, 3610.0, 5151.0, 8577.0, 7933.0, 6929.0, 6937.0, 5740.0, 4143.0, 3709.0, 5143.0, 5932.0, 3948.0, 2364.0, 2909.0, 2986.0, 2129.0]",109131923.59331949
2,0.8,8,"[{""x"": -0.30988454818725586, ""y"": 0.9266138076782227, ""z"": 0.0, ""velocity"": 0.0, ""snr"": 0.0}, {""x"": -0.3612041473388672, ""y"": 0.9253621101379395, ""z"": 0.0, ""velocity"": 0.0, ""snr"": 0.0}, {""x"": -0.022351741790771484, ""y"": 0.5475282669067383, ""z"": 0.0, ""velocity"": 0.0, ""snr"": 0.0}, {""x"": 0.39714574813842773, ""y"": 1.025855541229248, ""z"": 0.0, ""velocity"": 0.0, ""snr"": 0.0}, {""x"": 0.361025333404541, ""y"": 1.051783561706543, ""z"": 0.0, ""velocity"": 0.0, ""snr"": 0.0}, {""x"": 1.7402172088623047, ""y"": 1.981973648071289, ""z"": 0.0, ""velocity"": 0.0, ""snr"": 0.0}, {""x"": 1.806199550628662, ""y"": 1.6710162162780762, ""z"": 0.0, ""velocity"": 0.0, ""snr"": 0.0}, {""x"": 1.8526911735534668, ""y"": 1.9041895866394043, ""z"": 0.0, ""velocity"": 0.0, ""snr"": 0.0}]","[143514.0, 219523.0, 151344.0, 46768.0, 9859.0, 2947.0, 1966.0, 2013.0, 2245.0, 9218.0, 13930.0, 49327.0, 87565.0, 46271.0, 35691.0, 19239.0, 10317.0, 7347.0, 3174.0, 4051.0, 21092.0, 50660.0, 42969.0, 33693.0, 51005.0, 33666.0, 12138.0, 5472.0, 3203.0, 3872.0, 4122.0, 3760.0, 3972.0, 9922.0, 14937.0, 14221.0, 31852.0, 41869.0, 25642.0, 22366.0, 19251.0, 16666.0, 18061.0, 10435.0, 9251.0, 8275.0, 10461.0, 7369.0, 7439.0, 7774.0, 11595.0, 9311.0, 9545.0, 25408.0, 30944.0, 15305.0, 12756.0, 25639.0, 35426.0, 26790.0, 12120.0, 6217.0, 5354.0, 5873.0, 7671.0, 9196.0, 8563.0, 8833.0, 10428.0, 10981.0, 7161.0, 3915.0, 5690.0, 7124.0, 6507.0, 7098.0, 10305.0, 11173.0, 9667.0, 7405.0, 5435.0, 4400.0, 3920.0, 3841.0, 3597.0, 4529.0, 3806.0, 7193.0, 8283.0, 5676.0, 7107.0, 6383.0, 6498.0, 9808.0, 9205.0, 7303.0, 5460.0, 3434.0, 8042.0, 10621.0, 4318.0, 7784.0, 7039.0, 3311.0, 3483.0, 3139.0, 4077.0, 5202.0, 6127.0, 6375.0, 5402.0, 3307.0, 2892.0, 3979.0, 5940.0, 6306.0, 6870.0, 6324.0, 4188.0, 3185.0, 3909.0, 5172.0, 5720.0, 4040.0, 2645.0, 3091.0, 2743.0, 2052.0]",106949072.2597251
3,0.8,9,"[{""x"": -0.20080804824829102, ""y"": 1.020491123199463, ""z"": 0.0, ""velocity"": 0.0, ""snr"": 0.0}, {""x"": -0.09870529174804688, ""y"": 1.0061860084533691, ""z"": 0.0, ""velocity"": 0.0, ""snr"": 0.0}, {""x"": -0.17398595809936523, ""y"": 1.0170936584472656, ""z"": 0.0, ""velocity"": 0.0, ""snr"": 0.0}, {""x"": -0.17184019088745117, ""y"": 2.5275349617004395, ""z"": 0.0, ""velocity"": 0.0, ""snr"": 0.0}, {""x"": -0.02181529998779297, ""y"": 2.550780773162842, ""z"": 0.0, ""velocity"": 0.0, ""snr"": 0.0}, {""x"": 1.8927454948425293, ""y"": 1.5601515769958496, ""z"": 0.0, ""velocity"": 0.0, ""snr"": 0.0}, {""x"": 1.8771886825561523, ""y"": 1.5903711318969727, ""z"": 0.0, ""velocity"": 0.0, ""snr"": 0.0}, {""x"": 1.8648505210876465, ""y"": 1.8655657768249512, ""z"": 0.0, ""velocity"": 0.0, ""snr"": 0.0}, {""x"": 1.8838047981262207, ""y"": 1.874864101409912, ""z"": 0.0, ""velocity"": 0.0, ""snr"": 0.0}]","[143257.0, 219368.0, 151226.0, 47153.0, 9524.0, 2816.0, 2109.0, 2046.0, 2591.0, 4499.0, 14213.0, 47899.0, 65856.0, 33918.0, 13714.0, 9671.0, 6695.0, 5608.0, 3444.0, 3285.0, 9385.0, 19165.0, 60582.0, 63542.0, 38225.0, 16925.0, 6245.0, 3990.0, 3228.0, 4673.0, 5094.0, 4210.0, 3256.0, 10032.0, 13288.0, 12728.0, 34896.0, 38830.0, 25698.0, 29490.0, 22700.0, 14492.0, 15083.0, 10602.0, 10700.0, 8940.0, 7665.0, 6817.0, 5507.0, 8007.0, 15129.0, 12973.0, 9521.0, 25260.0, 30664.0, 18067.0, 21255.0, 23259.0, 34415.0, 26153.0, 10813.0, 5115.0, 4366.0, 5353.0, 7713.0, 9562.0, 9477.0, 10219.0, 12484.0, 12728.0, 8195.0, 4337.0, 5325.0, 8057.0, 6262.0, 6211.0, 10743.0, 11678.0, 9658.0, 7784.0, 5864.0, 5023.0, 4590.0, 5841.0, 4724.0, 5859.0, 3935.0, 6289.0, 7227.0, 5951.0, 7819.0, 6969.0, 7171.0, 9364.0, 8283.0, 5808.0, 4309.0, 4021.0, 8327.0, 10223.0, 3717.0, 8244.0, 6407.0, 3248.0, 3660.0, 3068.0, 3576.0, 4972.0, 6385.0, 6482.0, 5070.0, 3223.0, 3458.0, 4595.0, 7478.0, 8324.0, 7584.0, 6702.0, 4736.0, 3662.0, 4577.0, 5725.0, 6546.0, 5054.0, 3502.0, 4073.0, 3868.0, 3292.0]",104810570.92106964
4,0.8,12,"[{""x"": -0.25212764739990234, ""y"": 0.9405612945556641, ""z"": 0.0, ""velocity"": 0.0, ""snr"": 0.0}, {""x"": -0.2410411834716797, ""y"": 0.9657740592956543, ""z"": 0.0, ""velocity"": 0.0, ""snr"": 0.0}, {""x"": -0.23049116134643555, ""y"": 0.9782910346984863, ""z"": 0.0, ""velocity"": 0.0, ""snr"": 0.0}, {""x"": -0.2263784408569336, ""y"": 0.9897351264953613, ""z"": 0.0, ""velocity"": 0.0, ""snr"": 0.0}, {""x"": -0.1335740089416504, ""y"": 1.772761344909668, ""z"": 0.0, ""velocity"": 0.0, ""snr"": 0.0}, {""x"": -0.10603666305541992, ""y"": 1.8028020858764648, ""z"": 0.0, ""velocity"": 0.0, ""snr"": 0.0}, {""x"": 0.32526254653930664, ""y"": 1.0659098625183105, ""z"": 0.0, ""velocity"": 0.0, ""snr"": 0.0}, {""x"": 0.3452897071838379, ""y"": 1.0364055633544922, ""z"": 0.0, ""velocity"": 0.0, ""snr"": 0.0}, {""x"": 1.759171485900879, ""y"": 1.9648075103759766, ""z"": 0.0, ""velocity"": 0.0, ""snr"": 0.0}, {""x"": 1.9161701202392578, ""y"": 1.5383362770080566, ""z"": 0.0, ""velocity"": 0.0, ""snr"": 0.0}, {""x"": 1.825869083404541, ""y"": 1.6513466835021973, ""z"": 0.0, ""velocity"": 0.0, ""snr"": 0.0}, {""x"": 1.8911361694335938, ""y"": 1.8652081489562988, ""z"": 0.0, ""velocity"": 0.0, ""snr"": 0.0}]","[143229.0, 219085.0, 151364.0, 47363.0, 9333.0, 2863.0, 1909.0, 2030.0, 2691.0, 9921.0, 20668.0, 28315.0, 27785.0, 11625.0, 10847.0, 9618.0, 5098.0, 3677.0, 2431.0, 3305.0, 24547.0, 85946.0, 124360.0, 78866.0, 37607.0, 25386.0, 10196.0, 4152.0, 3507.0, 4616.0, 5134.0, 3950.0, 4253.0, 12014.0, 19436.0, 32848.0, 34506.0, 45453.0, 36945.0, 39474.0, 27367.0, 13726.0, 15494.0, 11056.0, 7542.0, 6997.0, 8045.0, 6119.0, 5998.0, 8046.0, 7189.0, 6432.0, 8537.0, 22951.0, 28840.0, 15127.0, 12768.0, 24616.0, 34620.0, 25437.0, 10300.0, 4478.0, 4725.0, 6602.0, 8637.0, 8836.0, 8083.0, 8628.0, 11429.0, 12062.0, 7749.0, 4115.0, 4733.0, 6888.0, 5480.0, 5526.0, 6192.0, 9242.0, 9900.0, 7121.0, 5671.0, 5066.0, 4019.0, 5439.0, 4874.0, 4785.0, 3642.0, 5297.0, 6768.0, 6909.0, 7762.0, 6849.0, 6678.0, 8991.0, 7982.0, 6455.0, 5012.0, 3682.0, 9040.0, 10811.0, 3832.0, 7698.0, 7102.0, 4220.0, 3828.0, 2800.0, 4154.0, 5510.0, 6513.0, 5905.0, 4148.0, 3099.0, 3266.0, 5396.0, 9213.0, 8484.0, 6915.0, 6976.0, 4742.0, 3778.0, 4264.0, 5583.0, 6779.0, 4656.0, 2951.0, 3412.0, 3280.0, 3014.0]",102713407.7055058
5,0.8,14,"[{""x"": -0.40858983993530273, ""y"": 0.5418062210083008, ""z"": 0.0, ""velocity"": 0.0, ""snr"": 0.0}, {""x"": -0.42361021041870117, ""y"": 0.5498528480529785, ""z"": 0.0, ""velocity"": 0.0, ""snr"": 0.0}, {""x"": -0.26786327362060547, ""y"": 0.9366273880004883, ""z"": 0.0, ""velocity"": 0.0, ""snr"": 0.0}, {""x"": -0.2589225769042969, ""y"": 0.9604096412658691, ""z"": 0.0, ""velocity"": 0.0, ""snr"": 0.0}, {""x"": -0.26285648345947266, ""y"": 0.9670257568359375, ""z"": 0.0, ""velocity"": 0.0, ""snr"": 0.0}, {""x"": -0.2810955047607422, ""y"": 0.9756088256835938, ""z"": 0.0, ""velocity"": 0.0, ""snr"": 0.0}, {""x"": -0.12427568435668945, ""y"": 1.7423629760742188, ""z"": 0.0, ""velocity"": 0.0, ""snr"": 0.0}, {""x"": -0.14340877532958984, ""y"": 1.7765164375305176, ""z"": 0.0, ""velocity"": 0.0, ""snr"": 0.0}, {""x"": -0.0826120376586914, ""y"": 1.8087029457092285, ""z"": 0.0, ""velocity"": 0.0, ""snr"": 0.0}, {""x"": 0.3440380096435547, ""y"": 1.0333657264709473, ""z"": 0.0, ""velocity"": 0.0, ""snr"": 0.0}, {""x"": 1.971423625946045, ""y"": 1.4551877975463867, ""z"": 0.0, ""velocity"": 0.0, ""snr"": 0.0}, {""x"": 1.9170641899108887, ""y"": 1.5390515327453613, ""z"": 0.0, ""velocity"": 0.0, ""snr"": 0.0}, {""x"": 1.8618106842041016, ""y"": 1.8782615661621094, ""z"": 0.0, ""velocity"": 0.0, ""snr"": 0.0}, {""x"": 1.8943548202514648, ""y"": 1.86234712600708, ""z"": 0.0, ""velocity"": 0.0, ""snr"": 0.0}]","[143367.0, 219240.0, 151041.0, 47139.0, 9333.0, 3026.0, 2004.0, 2376.0, 2922.0, 5574.0, 14534.0, 14421.0, 7531.0, 15880.0, 33335.0, 42208.0, 23413.0, 7284.0, 3035.0, 3607.0, 27208.0, 97469.0, 135766.0, 78089.0, 38247.0, 23677.0, 8930.0, 4110.0, 3462.0, 4772.0, 4250.0, 3623.0, 3781.0, 10748.0, 15257.0, 18848.0, 28027.0, 34737.0, 35201.0, 45086.0, 31697.0, 19630.0, 14987.0, 14544.0, 11152.0, 10291.0, 10193.0, 7737.0, 6869.0, 6066.0, 8607.0, 9950.0, 12859.0, 23041.0, 28378.0, 14868.0, 17268.0, 23321.0, 33229.0, 24741.0, 11119.0, 5435.0, 4730.0, 5516.0, 7741.0, 8576.0, 7698.0, 8898.0, 11745.0, 12399.0, 8157.0, 3726.0, 4894.0, 7412.0, 6376.0, 6044.0, 9837.0, 10245.0, 9160.0, 6527.0, 4815.0, 4133.0, 3883.0, 4601.0, 4895.0, 4644.0, 4374.0, 5976.0, 7603.0, 6965.0, 6730.0, 6262.0, 6586.0, 9567.0, 8264.0, 5870.0, 4255.0, 4286.0, 9293.0, 11232.0, 4058.0, 7545.0, 6348.0, 3634.0, 4421.0, 2942.0, 3447.0, 5449.0, 6662.0, 6129.0, 4268.0, 2675.0, 3236.0, 4996.0, 9013.0, 8625.0, 7071.0, 6258.0, 3817.0, 3441.0, 3527.0, 4566.0, 6173.0, 4506.0, 2709.0, 3042.0, 3161.0, 2969.0]",100658336.33126923
6,0.8,9,"[{""x"": -0.09316205978393555, ""y"": 0.6646513938903809, ""z"": 0.0, ""velocity"": 0.0, ""snr"": 0.0}, {""x"": -0.1913309097290039, ""y"": 1.771867275238037, ""z"": 0.0, ""velocity"": 0.0, ""snr"": 0.0}, {""x"": 0.10693073272705078, ""y"": 0.5464553833007812, ""z"": 0.0, ""velocity"": 0.0, ""snr"": 0.0}, {""x"": 0.23299455642700195, ""y"": 1.0065436363220215, ""z"": 0.0, ""velocity"": 0.0, ""snr"": 0.0}, {""x"": 0.2651810646057129, ""y"": 1.016557216644287, ""z"": 0.0, ""velocity"": 0.0, ""snr"": 0.0}, {""x"": 1.794755458831787, ""y"": 1.934051513671875, ""z"": 0.0, ""velocity"": 0.0, ""snr"": 0.0}, {""x"": 1.8598437309265137, ""y"": 1.601099967956543, ""z"": 0.0, ""velocity"": 0.0, ""snr"": 0.0}, {""x"": 1.809239387512207, ""y"": 1.6672611236572266, ""z"": 0.0, ""velocity"": 0.0, ""snr"": 0.0}, {""x"": 1.8768310546875, ""y"": 1.8807649612426758, ""z"": 0.0, ""velocity"": 0.0, ""snr"": 0.0}]","[143008.0, 219189.0, 151175.0, 46981.0, 9422.0, 2876.0, 2065.0, 2160.0, 3448.0, 3540.0, 10041.0, 32192.0, 52556.0, 44432.0, 30047.0, 26638.0, 16210.0, 6547.0, 2125.0, 4075.0, 15445.0, 15291.0, 3099201.0, 1475328.0, 1155328.0, 1111808.0, 1680896.0, 2031360.0, 1749504.0, 2061568.0, 2902272.0, 3219456.0, 2349312.0, 1235200.0, 1271552.0, 1512960.0, 1603840.0, 1635840.0, 1245696.0, 1854464.0, 2183936.0, 1833984.0, 1546496.0, 1323008.0, 1282816.0, 1601536.0, 1394944.0, 978688.0, 1237760.0, 1962752.0, 2263552.0, 1382400.0, 1177600.0, 1308160.0, 981760.0, 1710848.0, 1876480.0, 1491456.0, 1335808.0, 1129984.0, 2063360.0, 2473728.0, 1590784.0, 2040832.0, 1845248.0, 928256.0, 915200.0, 874240.0, 866816.0, 917760.0, 1237760.0, 955136.0, 908800.0, 1001216.0, 1006080.0, 1101312.0, 2056448.0, 2210560.0, 1782528.0, 1634304.0, 1088000.0, 747264.0, 887040.0, 1053696.0, 1278208.0, 1037568.0, 852480.0, 839168.0, 725504.0, 680704.0, 0.0, 0.0, 0.0, 0.0, 0.0, 0.0, 33554432.0, 100860929.0, 460805.0, 3221554435.0, 838860802.0, 2449476196.0, 4.0, 150994944.0, 33554432.0, 4278190080.0, 771751935.0, 1845493761.0, 0.0, 758725504.0, 3784409.0, 4096000.0, 155156480.0, 3623878656.0, 1367035.0, 1023410176.0, 2180720195.0, 21.0, 4131613952.0, 1422585.0, 2365587456.0, 3757667139.0, 21.0, 3510866432.0, 1466617.0, 2130706432.0, 2483100740.0, 2.0]",368590806.92338735
7,0.8,11,"[{""x"": -0.11551380157470703, ""y"": 0.04595518112182617, ""z"": 0.0, ""velocity"": 0.0, ""snr"": 0.0}, {""x"": -0.3597736358642578, ""y"": 0.9112358093261719, ""z"": 0.0, ""velocity"": 0.0, ""snr"": 0.0}, {""x"": -0.3756880760192871, ""y"": 0.9291172027587891, ""z"": 0.0, ""velocity"": 0.0, ""snr"": 0.0}, {""x"": -0.3878474235534668, ""y"": 0.9317994117736816, ""z"": 0.0, ""velocity"": 0.0, ""snr"": 0.0}, {""x"": -0.43147802352905273, ""y"": 0.9237527847290039, ""z"": 0.0, ""velocity"": 0.0, ""snr"": 0.0}, {""x"": -0.31310319900512695, ""y"": 1.0054707527160645, ""z"": 0.0, ""velocity"": 0.0, ""snr"": 0.0}, {""x"": 0.0502467155456543, ""y"": 0.11801719665527344, ""z"": 0.0, ""velocity"": 0.0, ""snr"": 0.0}, {""x"": 1.8344521522521973, ""y"": 1.6340017318725586, ""z"": 0.0, ""velocity"": 0.0, ""snr"": 0.0}, {""x"": 1.8042325973510742, ""y"": 1.6722679138183594, ""z"": 0.0, ""velocity"": 0.0, ""snr"": 0.0}, {""x"": 1.8303394317626953, ""y"": 1.9034743309020996, ""z"": 0.0, ""velocity"": 0.0, ""snr"": 0.0}, {""x"": 1.8922090530395508, ""y"": 1.8625259399414062, ""z"": 0.0, ""velocity"": 0.0, ""snr"": 0.0}]","[143434.0, 218955.0, 150995.0, 46586.0, 9383.0, 3107.0, 1947.0, 1769.0, 2364.0, 2696.0, 2059.0, 1969.0, 2542.0, 3413.0, 2568.0, 2843.0, 3235.0, 2717.0, 1996.0, 2741.0, 26936.0, 130102.0, 218962.0, 143750.0, 48783.0, 17008.0, 5233.0, 3609.0, 2966.0, 4020.0, 4622.0, 3901.0, 4815.0, 10363.0, 13821.0, 20388.0, 38334.0, 41098.0, 17743.0, 16169.0, 17253.0, 8010.0, 10156.0, 8078.0, 11609.0, 9490.0, 9525.0, 13519.0, 11169.0, 14820.0, 19694.0, 12855.0, 9189.0, 22291.0, 28320.0, 12827.0, 9057.0, 24624.0, 33583.0, 24678.0, 10818.0, 5600.0, 5500.0, 4690.0, 5986.0, 7444.0, 7230.0, 8465.0, 11501.0, 12792.0, 8930.0, 4705.0, 5170.0, 7481.0, 5276.0, 6327.0, 9569.0, 9380.0, 8489.0, 7942.0, 4687.0, 3626.0, 4761.0, 5726.0, 4915.0, 3783.0, 5417.0, 7986.0, 9433.0, 6402.0, 6483.0, 6361.0, 4346.0, 6914.0, 7267.0, 6614.0, 5094.0, 3901.0, 8286.0, 10298.0, 5758.0, 7898.0, 6851.0, 3161.0, 3942.0, 4259.0, 3091.0, 3375.0, 4467.0, 3876.0, 3378.0, 3097.0, 3884.0, 4636.0, 7993.0, 8764.0, 6782.0, 6164.0, 4379.0, 3268.0, 3196.0, 3649.0, 4590.0, 3869.0, 2742.0, 2424.0, 2179.0, 2458.0]",102915721.87669447
8,0.8,12,"[{""x"": -0.11444091796875, ""y"": 0.04649162292480469, ""z"": 0.0, ""velocity"": 0.0, ""snr"": 0.0}, {""x"": -0.30881166458129883, ""y"": 0.9242892265319824, ""z"": 0.0, ""velocity"": 0.0, ""snr"": 0.0}, {""x"": -0.33348798751831055, ""y"": 0.9359121322631836, ""z"": 0.0, ""velocity"": 0.0, ""snr"": 0.0}, {""x"": -0.37086009979248047, ""y"": 0.9409189224243164, ""z"": 0.0, ""velocity"": 0.0, ""snr"": 0.0}, {""x"": -0.3781914710998535, ""y"": 0.9641647338867188, ""z"": 0.0, ""velocity"": 0.0, ""snr"": 0.0}, {""x"": -0.3154277801513672, ""y"": 1.0172724723815918, ""z"": 0.0, ""velocity"": 0.0, ""snr"": 0.0}, {""x"": -0.286102294921875, ""y"": 1.0537505149841309, ""z"": 0.0, ""velocity"": 0.0, ""snr"": 0.0}, {""x"": -0.19061565399169922, ""y"": 2.56955623626709, ""z"": 0.0, ""velocity"": 0.0, ""snr"": 0.0}, {""x"": 0.0502467155456543, ""y"": 0.11801719665527344, ""z"": 0.0, ""velocity"": 0.0, ""snr"": 0.0}, {""x"": 1.8480420112609863, ""y"": 1.6236305236816406, ""z"": 0.0, ""velocity"": 0.0, ""snr"": 0.0}, {""x"": 1.829087734222412, ""y"": 1.9063353538513184, ""z"": 0.0, ""velocity"": 0.0, ""snr"": 0.0}, {""x"": 1.8496513366699219, ""y"": 1.905977725982666, ""z"": 0.0, ""velocity"": 0.0, ""snr"": 0.0}]","[143570.0, 219217.0, 151154.0, 46726.0, 9228.0, 2989.0, 1993.0, 2025.0, 2229.0, 2567.0, 2089.0, 1943.0, 2391.0, 3295.0, 2617.0, 2606.0, 2792.0, 2210.0, 2158.0, 3929.0, 59154.0, 190485.0, 268284.0, 226440.0, 135947.0, 47455.0, 9858.0, 4360.0, 3633.0, 5572.0, 5875.0, 5047.0, 6633.0, 12553.0, 16544.0, 22224.0, 37358.0, 38580.0, 11116.0, 18335.0, 20307.0, 11180.0, 13073.0, 11702.0, 14799.0, 10386.0, 5905.0, 7441.0, 8228.0, 7255.0, 6446.0, 6461.0, 8828.0, 21779.0, 27690.0, 12547.0, 18108.0, 23900.0, 33388.0, 24737.0, 9906.0, 5062.0, 4423.0, 4879.0, 5962.0, 7424.0, 7207.0, 8946.0, 12095.0, 14006.0, 10296.0, 5444.0, 5603.0, 7446.0, 5633.0, 5766.0, 8093.0, 9748.0, 8744.0, 7307.0, 4985.0, 4191.0, 5380.0, 7019.0, 5971.0, 4043.0, 5978.0, 8117.0, 9499.0, 6513.0, 5609.0, 5351.0, 4990.0, 8217.0, 8804.0, 7089.0, 5503.0, 3866.0, 8546.0, 9873.0, 5783.0, 7691.0, 6656.0, 3371.0, 4286.0, 5033.0, 4295.0, 3593.0, 3858.0, 3738.0, 3902.0, 3993.0, 4030.0, 4674.0, 8892.0, 9682.0, 7196.0, 6375.0, 4147.0, 3399.0, 3476.0, 3550.0, 4533.0, 4041.0, 3002.0, 2813.0, 2367.0, 2416.0]",100854665.39775276
9,0.8,12,"[{""x"": -0.11515617370605469, ""y"": 0.0470280647277832, ""z"": 0.0, ""velocity"": 0.0, ""snr"": 0.0}, {""x"": -0.4495382308959961, ""y"": 0.8009076118469238, ""z"": 0.0, ""velocity"": 0.0, ""snr"": 0.0}, {""x"": -0.4527568817138672, ""y"": 0.8191466331481934, ""z"": 0.0, ""velocity"": 0.0, ""snr"": 0.0}, {""x"": -0.4799365997314453, ""y"": 0.8248686790466309, ""z"": 0.0, ""velocity"": 0.0, ""snr"": 0.0}, {""x"": -0.27823448181152344, ""y"": 0.9621977806091309, ""z"": 0.0, ""velocity"": 0.0, ""snr"": 0.0}, {""x"": 0.25713443756103516, ""y"": 1.0380148887634277, ""z"": 0.0, ""velocity"": 0.0, ""snr"": 0.0}, {""x"": 0.26088953018188477, ""y"": 1.0583996772766113, ""z"": 0.0, ""velocity"": 0.0, ""snr"": 0.0}, {""x"": 0.23764371871948242, ""y"": 1.0823607444763184, ""z"": 0.0, ""velocity"": 0.0, ""snr"": 0.0}, {""x"": 0.0514984130859375, ""y"": 0.11801719665527344, ""z"": 0.0, ""velocity"": 0.0, ""snr"": 0.0}, {""x"": 1.921534538269043, ""y"": 1.539766788482666, ""z"": 0.0, ""velocity"": 0.0, ""snr"": 0.0}, {""x"": 1.8276572227478027, ""y"": 1.9065141677856445, ""z"": 0.0, ""velocity"": 0.0, ""snr"": 0.0}, {""x"": 1.919567584991455, ""y"": 1.8376708030700684, ""z"": 0.0, ""velocity"": 0.0, ""snr"": 0.0}]","[143113.0, 219020.0, 151235.0, 46855.0, 9471.0, 3049.0, 1909.0, 2353.0, 2752.0, 2654.0, 2369.0, 1790.0, 2392.0, 3077.0, 2611.0, 2873.0, 2634.0, 2024.0, 4394.0, 22124.0, 52078.0, 54949.0, 43746.0, 49825.0, 57600.0, 34538.0, 11398.0, 5939.0, 4577.0, 5188.0, 4436.0, 4098.0, 5083.0, 11684.0, 15135.0, 19443.0, 35894.0, 39047.0, 17459.0, 16328.0, 17696.0, 11477.0, 13311.0, 11186.0, 15618.0, 10758.0, 6095.0, 5407.0, 4721.0, 9334.0, 17318.0, 14578.0, 9577.0, 22394.0, 28298.0, 14489.0, 18323.0, 23308.0, 33003.0, 25726.0, 11711.0, 6297.0, 6265.0, 6591.0, 7164.0, 7768.0, 7525.0, 9010.0, 11741.0, 12783.0, 8778.0, 4991.0, 5114.0, 6551.0, 5341.0, 6640.0, 8792.0, 9786.0, 8922.0, 7908.0, 5914.0, 5341.0, 4694.0, 6653.0, 5469.0, 4073.0, 5596.0, 7223.0, 8607.0, 5946.0, 5013.0, 4891.0, 5531.0, 8836.0, 9171.0, 6758.0, 6255.0, 6735.0, 7625.0, 8998.0, 6409.0, 7583.0, 6238.0, 3948.0, 3994.0, 4672.0, 4019.0, 4621.0, 5039.0, 3105.0, 3138.0, 4159.0, 4291.0, 4507.0, 7953.0, 8406.0, 6942.0, 6275.0, 4256.0, 3550.0, 3822.0, 4249.0, 4301.0, 4054.0, 3669.0, 3218.0, 2248.0, 2370.0]",98842194.99672909
0,0.8,14,"[{""x"": -0.11515617370605469, ""y"": 0.04470348358154297, ""z"": 0.0, ""velocity"": 0.0, ""snr"": 0.0}, {""x"": -0.4481077194213867, ""y"": 0.7034540176391602, ""z"": 0.0, ""velocity"": 0.0, ""snr"": 0.0}, {""x"": -0.45883655548095703, ""y"": 0.7277727127075195, ""z"": 0.0, ""velocity"": 0.0, ""snr"": 0.0}, {""x"": -0.4763603210449219, ""y"": 0.7326006889343262, ""z"": 0.0, ""velocity"": 0.0, ""snr"": 0.0}, {""x"": -0.5012154579162598, ""y"": 0.7587075233459473, ""z"": 0.0, ""velocity"": 0.0, ""snr"": 0.0}, {""x"": -0.36031007766723633, ""y"": 0.9123086929321289, ""z"": 0.0, ""velocity"": 0.0, ""snr"": 0.0}, {""x"": -0.30738115310668945, ""y"": 0.9673833847045898, ""z"": 0.0, ""velocity"": 0.0, ""snr"": 0.0}, {""x"": -0.2617835998535156, ""y"": 0.9938478469848633, ""z"": 0.0, ""velocity"": 0.0, ""snr"": 0.0}, {""x"": 0.049173831939697266, ""y"": 0.11819601058959961, ""z"": 0.0, ""velocity"": 0.0, ""snr"": 0.0}, {""x"": 0.38373470306396484, ""y"": 1.0115504264831543, ""z"": 0.0, ""velocity"": 0.0, ""snr"": 0.0}, {""x"": 0.3840923309326172, ""y"": 1.0369420051574707, ""z"": 0.0, ""velocity"": 0.0, ""snr"": 0.0}, {""x"": 1.8401741981506348, ""y"": 1.638472080230713, ""z"": 0.0, ""velocity"": 0.0, ""snr"": 0.0}, {""x"": 1.8644928932189941, ""y"": 1.8646717071533203, ""z"": 0.0, ""velocity"": 0.0, ""snr"": 0.0}, {""x"": 1.8762946128845215, ""y"": 1.8770098686218262, ""z"": 0.0, ""velocity"": 0.0, ""snr"": 0.0}]","[142888.0, 219175.0, 151081.0, 47022.0, 9081.0, 2909.0, 2217.0, 2137.0, 2961.0, 3268.0, 2110.0, 2005.0, 2302.0, 3096.0, 2574.0, 2946.0, 3214.0, 9027.0, 34182.0, 52359.0, 40666.0, 44480.0, 74588.0, 60018.0, 42016.0, 20976.0, 12725.0, 6809.0, 4709.0, 5140.0, 5000.0, 4027.0, 4395.0, 9528.0, 12705.0, 17312.0, 35076.0, 40559.0, 18995.0, 13661.0, 15556.0, 10221.0, 15266.0, 11078.0, 9539.0, 5443.0, 6657.0, 10264.0, 9812.0, 11539.0, 16983.0, 15785.0, 14082.0, 24185.0, 31098.0, 16521.0, 15251.0, 23241.0, 30992.0, 22300.0, 9297.0, 5889.0, 6458.0, 6101.0, 7249.0, 7522.0, 7716.0, 8869.0, 11025.0, 12117.0, 8605.0, 5088.0, 5711.0, 7862.0, 8088.0, 7811.0, 7054.0, 7677.0, 9421.0, 8621.0, 6507.0, 5485.0, 4618.0, 6825.0, 5865.0, 3122.0, 5344.0, 8466.0, 9421.0, 5692.0, 5036.0, 5456.0, 3815.0, 6342.0, 7260.0, 6212.0, 5557.0, 5272.0, 7640.0, 10221.0, 6387.0, 8407.0, 7156.0, 3489.0, 4661.0, 4591.0, 3410.0, 4074.0, 4615.0, 3306.0, 3130.0, 3547.0, 3840.0, 4647.0, 8177.0, 8908.0, 7047.0, 6159.0, 4406.0, 3765.0, 3497.0, 4167.0, 5010.0, 4153.0, 3200.0, 3239.0, 2755.0, 2487.0]",96864957.5646115
1,0.8,12,"[{""x"": -0.3520846366882324, ""y"": 0.7088184356689453, ""z"": 0.0, ""velocity"": 0.0, ""snr"": 0.0}, {""x"": -0.36513805389404297, ""y"": 0.7177591323852539, ""z"": 0.0, ""velocity"": 0.0, ""snr"": 0.0}, {""x"": -0.35244226455688477, ""y"": 0.7916092872619629, ""z"": 0.0, ""velocity"": 0.0, ""snr"": 0.0}, {""x"": -0.2728700637817383, ""y"": 0.9171366691589355, ""z"": 0.0, ""velocity"": 0.0, ""snr"": 0.0}, {""x"": -0.24586915969848633, ""y"": 0.9525418281555176, ""z"": 0.0, ""velocity"": 0.0, ""snr"": 0.0}, {""x"": -0.10192394256591797, ""y"": 1.0020732879638672, ""z"": 0.0, ""velocity"": 0.0, ""snr"": 0.0}, {""x"": 0.1251697540283203, ""y"": 1.0460615158081055, ""z"": 0.0, ""velocity"": 0.0, ""snr"": 0.0}, {""x"": 0.17327070236206055, ""y"": 1.0625123977661133, ""z"": 0.0, ""velocity"": 0.0, ""snr"": 0.0}, {""x"": 1.7743706703186035, ""y"": 1.9571185111999512, ""z"": 0.0, ""velocity"": 0.0, ""snr"": 0.0}, {""x"": 1.9322633743286133, ""y"": 1.515805721282959, ""z"": 0.0, ""velocity"": 0.0, ""snr"": 0.0}, {""x"": 1.9050836563110352, ""y"": 1.5551447868347168, ""z"": 0.0, ""velocity"": 0.0, ""snr"": 0.0}, {""x"": 1.8829107284545898, ""y"": 1.877903938293457, ""z"": 0.0, ""velocity"": 0.0, ""snr"": 0.0}]","[143454.0, 219196.0, 151433.0, 46990.0, 9594.0, 2999.0, 2004.0, 1858.0, 2961.0, 3467.0, 2552.0, 2030.0, 2417.0, 3448.0, 3134.0, 4165.0, 9999.0, 19280.0, 17483.0, 8875.0, 15976.0, 42798.0, 48158.0, 50629.0, 42489.0, 20972.0, 9033.0, 6156.0, 4157.0, 4320.0, 4304.0, 4831.0, 5587.0, 9713.0, 13406.0, 18587.0, 34300.0, 39288.0, 18888.0, 16876.0, 17194.0, 14988.0, 18063.0, 12414.0, 13567.0, 8169.0, 6349.0, 12154.0, 13960.0, 17829.0, 24549.0, 17775.0, 10549.0, 25226.0, 31046.0, 14667.0, 13789.0, 23078.0, 34007.0, 27142.0, 12770.0, 7255.0, 6745.0, 5647.0, 9207.0, 10303.0, 8949.0, 8959.0, 10537.0, 11425.0, 8907.0, 5777.0, 5684.0, 7022.0, 6423.0, 6718.0, 6837.0, 10318.0, 11210.0, 8988.0, 7234.0, 5446.0, 4307.0, 6082.0, 5564.0, 5138.0, 7134.0, 9171.0, 9234.0, 5460.0, 5025.0, 6316.0, 4287.0, 5981.0, 8150.0, 6178.0, 5519.0, 3701.0, 7699.0, 9398.0, 6514.0, 8212.0, 6504.0, 3967.0, 4207.0, 4132.0, 3303.0, 4220.0, 4718.0, 3637.0, 3194.0, 4033.0, 4156.0, 4253.0, 7870.0, 8697.0, 6906.0, 5862.0, 4537.0, 3792.0, 3606.0, 3955.0, 5114.0, 4354.0, 3226.0, 3290.0, 2795.0, 2948.0]",94928031.06382269
2,0.8,10,"[{""x"": -0.3726482391357422, ""y"": 0.5861520767211914, ""z"": 0.0, ""velocity"": 0.0, ""snr"": 0.0}, {""x"": -0.38123130798339844, ""y"": 0.5925893783569336, ""z"": 0.0, ""velocity"": 0.0, ""snr"": 0.0}, {""x"": -0.4538297653198242, ""y"": 0.8956789970397949, ""z"": 0.0, ""velocity"": 0.0, ""snr"": 0.0}, {""x"": -0.3604888916015625, ""y"": 0.9096264839172363, ""z"": 0.0, ""velocity"": 0.0, ""snr"": 0.0}, {""x"": -0.3032684326171875, ""y"": 1.0120868682861328, ""z"": 0.0, ""velocity"": 0.0, ""snr"": 0.0}, {""x"": -0.3268718719482422, ""y"": 1.7688274383544922, ""z"": 0.0, ""velocity"": 0.0, ""snr"": 0.0}, {""x"": 0.46116113662719727, ""y"": 1.0119080543518066, ""z"": 0.0, ""velocity"": 0.0, ""snr"": 0.0}, {""x"": 0.4851222038269043, ""y"": 0.9807944297790527, ""z"": 0.0, ""velocity"": 0.0, ""snr"": 0.0}, {""x"": 1.9235014915466309, ""y"": 1.5292167663574219, ""z"": 0.0, ""velocity"": 0.0, ""snr"": 0.0}, {""x"": 1.855909824371338, ""y"": 1.902937889099121, ""z"": 0.0, ""velocity"": 0.0, ""snr"": 0.0}]","[143472.0, 219077.0, 150875.0, 46594.0, 9143.0, 2899.0, 1928.0, 2385.0, 3155.0, 3328.0, 2416.0, 1952.0, 2429.0, 6094.0, 28951.0, 53146.0, 41306.0, 16653.0, 14027.0, 7003.0, 13865.0, 33448.0, 30510.0, 33097.0, 32466.0, 19060.0, 7911.0, 7715.0, 6169.0, 4548.0, 4802.0, 4892.0, 5921.0, 10604.0, 14432.0, 21939.0, 39484.0, 37854.0, 13234.0, 27983.0, 26421.0, 16457.0, 16934.0, 10767.0, 9294.0, 5381.0, 7773.0, 6593.0, 7361.0, 7986.0, 8186.0, 8871.0, 17029.0, 24149.0, 27907.0, 12340.0, 18874.0, 22645.0, 32555.0, 25676.0, 13081.0, 8647.0, 5510.0, 6253.0, 7767.0, 10258.0, 8125.0, 8608.0, 11018.0, 12497.0, 9211.0, 5703.0, 5911.0, 7978.0, 6578.0, 7916.0, 11690.0, 11328.0, 9493.0, 9613.0, 5103.0, 4211.0, 5255.0, 6853.0, 6330.0, 4735.0, 6786.0, 9295.0, 9569.0, 5462.0, 4139.0, 4984.0, 3787.0, 6082.0, 7889.0, 6521.0, 6061.0, 4080.0, 7628.0, 9543.0, 6355.0, 8149.0, 6567.0, 4397.0, 5506.0, 4919.0, 3414.0, 3692.0, 4172.0, 3723.0, 3471.0, 3735.0, 4014.0, 4965.0, 8815.0, 8995.0, 7213.0, 6952.0, 5057.0, 3716.0, 3271.0, 4080.0, 5041.0, 4002.0, 3093.0, 2984.0, 2425.0, 2746.0]",93029288.23007911
3,0.8,10,"[{""x"": -0.4583001136779785, ""y"": 0.5428791046142578, ""z"": 0.0, ""velocity"": 0.0, ""snr"": 0.0}, {""x"": -0.21314620971679688, ""y"": 1.0161995887756348, ""z"": 0.0, ""velocity"": 0.0, ""snr"": 0.0}, {""x"": -0.12373924255371094, ""y"": 0.9865164756774902, ""z"": 0.0, ""velocity"": 0.0, ""snr"": 0.0}, {""x"": -0.1246333122253418, ""y"": 1.0056495666503906, ""z"": 0.0, ""velocity"": 0.0, ""snr"": 0.0}, {""x"": 0.3313422203063965, ""y"": 1.0657310485839844, ""z"": 0.0, ""velocity"": 0.0, ""snr"": 0.0}, {""x"": 0.39374828338623047, ""y"": 1.0328292846679688, ""z"": 0.0, ""velocity"": 0.0, ""snr"": 0.0}, {""x"": 1.809239387512207, ""y"": 1.9286870956420898, ""z"": 0.0, ""velocity"": 0.0, ""snr"": 0.0}, {""x"": 1.989126205444336, ""y"": 1.43355131149292, ""z"": 0.0, ""velocity"": 0.0, ""snr"": 0.0}, {""x"": 1.9270777702331543, ""y"": 1.528322696685791, ""z"": 0.0, ""velocity"": 0.0, ""snr"": 0.0}, {""x"": 1.930832862854004, ""y"": 1.8326640129089355, ""z"": 0.0, ""velocity"": 0.0, ""snr"": 0.0}]","[143405.0, 219363.0, 150978.0, 46605.0, 9202.0, 2821.0, 1966.0, 2485.0, 2991.0, 2889.0, 1977.0, 3118.0, 15452.0, 30487.0, 25891.0, 16380.0, 12128.0, 9756.0, 8625.0, 3113.0, 9257.0, 26831.0, 40845.0, 35709.0, 41397.0, 27938.0, 11381.0, 5751.0, 3342.0, 4315.0, 3852.0, 3871.0, 5663.0, 11360.0, 15287.0, 21622.0, 37908.0, 38344.0, 14436.0, 23344.0, 20344.0, 9206.0, 13127.0, 10335.0, 9067.0, 8178.0, 8184.0, 9514.0, 8859.0, 8023.0, 9030.0, 9235.0, 14643.0, 21305.0, 26832.0, 12078.0, 10803.0, 21299.0, 34292.0, 28708.0, 14950.0, 10249.0, 5436.0, 5376.0, 6057.0, 7188.0, 7303.0, 8584.0, 10967.0, 12849.0, 9282.0, 4818.0, 4375.0, 6367.0, 6736.0, 8884.0, 8529.0, 7151.0, 10623.0, 11143.0, 7528.0, 4911.0, 4258.0, 5632.0, 5123.0, 4607.0, 5560.0, 7341.0, 7973.0, 4861.0, 4115.0, 4803.0, 3897.0, 4875.0, 8697.0, 7150.0, 5734.0, 3001.0, 7877.0, 9735.0, 5569.0, 8202.0, 6218.0, 4115.0, 5310.0, 5627.0, 3783.0, 2866.0, 4013.0, 3224.0, 3599.0, 4225.0, 3950.0, 4569.0, 7679.0, 7657.0, 7183.0, 6378.0, 4666.0, 3701.0, 3258.0, 4095.0, 5335.0, 4115.0, 2762.0, 3090.0, 2632.0, 2455.0]",91169301.79478273
4,0.8,10,"[{""x"": -0.42629241943359375, ""y"": 0.5217790603637695, ""z"": 0.0, ""velocity"": 0.0, ""snr"": 0.0}, {""x"": -0.14072656631469727, ""y"": 0.5421638488769531, ""z"": 0.0, ""velocity"": 0.0, ""snr"": 0.0}, {""x"": -0.13464689254760742, ""y"": 0.5466341972351074, ""z"": 0.0, ""velocity"": 0.0, ""snr"": 0.0}, {""x"": -0.02110004425048828, ""y"": 0.9924173355102539, ""z"": 0.0, ""velocity"": 0.0, ""snr"": 0.0}, {""x"": 0.032007694244384766, ""y"": 1.0110139846801758, ""z"": 0.0, ""velocity"": 0.0, ""snr"": 0.0}, {""x"": 0.19222497940063477, ""y"": 1.0271072387695312, ""z"": 0.0, ""velocity"": 0.0, ""snr"": 0.0}, {""x"": 0.30988454818725586, ""y"": 1.039266586303711, ""z"": 0.0, ""velocity"": 0.0, ""snr"": 0.0}, {""x"": 1.9420981407165527, ""y"": 1.5141963958740234, ""z"": 0.0, ""velocity"": 0.0, ""snr"": 0.0}, {""x"": 1.8317699432373047, ""y"": 1.9011497497558594, ""z"": 0.0, ""velocity"": 0.0, ""snr"": 0.0}, {""x"": 1.8898844718933105, ""y"": 1.8680691719055176, ""z"": 0.0, ""velocity"": 0.0, ""snr"": 0.0}]","[143319.0, 219247.0, 151173.0, 46940.0, 9271.0, 2894.0, 2071.0, 1874.0, 2535.0, 2579.0, 7900.0, 45681.0, 90553.0, 74065.0, 24933.0, 29882.0, 15564.0, 11786.0, 4705.0, 4134.0, 12271.0, 31087.0, 46447.0, 43250.0, 37573.0, 24493.0, 10785.0, 4313.0, 3125.0, 4567.0, 4749.0, 3831.0, 5492.0, 10281.0, 14036.0, 20837.0, 38675.0, 39808.0, 15738.0, 21651.0, 17086.0, 9770.0, 17228.0, 13457.0, 13499.0, 7153.0, 7440.0, 9555.0, 8794.0, 9107.0, 12707.0, 10376.0, 8466.0, 20718.0, 26560.0, 13244.0, 11171.0, 23039.0, 33221.0, 25412.0, 11308.0, 7568.0, 5357.0, 4940.0, 6684.0, 7496.0, 6946.0, 7921.0, 11075.0, 12618.0, 9581.0, 5281.0, 4851.0, 7108.0, 5997.0, 6968.0, 10338.0, 10830.0, 9770.0, 9128.0, 6459.0, 5635.0, 4827.0, 4802.0, 4866.0, 5825.0, 5830.0, 7057.0, 7407.0, 4515.0, 3507.0, 4061.0, 3403.0, 4990.0, 8328.0, 7125.0, 6068.0, 2604.0, 8175.0, 9635.0, 5335.0, 8816.0, 6962.0, 4164.0, 5181.0, 5849.0, 4523.0, 2992.0, 3993.0, 3230.0, 3497.0, 3260.0, 3453.0, 4765.0, 7941.0, 8394.0, 7156.0, 7232.0, 6482.0, 4583.0, 2857.0, 3933.0, 4991.0, 3728.0, 2465.0, 2749.0, 2507.0, 2586.0]",89344938.53133367
5,0.8,7,"[{""x"": -0.39017200469970703, ""y"": 0.9419918060302734, ""z"": 0.0, ""velocity"": 0.0, ""snr"": 0.0}, {""x"": -0.2523064613342285, ""y"": 0.9346604347229004, ""z"": 0.0, ""velocity"": 0.0, ""snr"": 0.0}, {""x"": -0.2962946891784668, ""y"": 0.9441375732421875, ""z"": 0.0, ""velocity"": 0.0, ""snr"": 0.0}, {""x"": -0.3102421760559082, ""y"": 0.9496808052062988, ""z"": 0.0, ""velocity"": 0.0, ""snr"": 0.0}, {""x"": 1.868605613708496, ""y"": 1.6019940376281738, ""z"": 0.0, ""velocity"": 0.0, ""snr"": 0.0}, {""x"": 1.9598007202148438, ""y"": 1.7631053924560547, ""z"": 0.0, ""velocity"": 0.0, ""snr"": 0.0}, {""x"": 1.9083023071289062, ""y"": 1.8505454063415527, ""z"": 0.0, ""velocity"": 0.0, ""snr"": 0.0}]","[143519.0, 219335.0, 151131.0, 46578.0, 9138.0, 2840.0, 1912.0, 2335.0, 3304.0, 3276.0, 6385.0, 17166.0, 34130.0, 28850.0, 10805.0, 9282.0, 4838.0, 3820.0, 2180.0, 4257.0, 21620.0, 61174.0, 78351.0, 45280.0, 26690.0, 15519.0, 8051.0, 4468.0, 3724.0, 4898.0, 4483.0, 3699.0, 4643.0, 10151.0, 13972.0, 21049.0, 39247.0, 43140.0, 19065.0, 21884.0, 21146.0, 11388.0, 15378.0, 11126.0, 12424.0, 7454.0, 6414.0, 7688.0, 9702.0, 8828.0, 9211.0, 7890.0, 8299.0, 21734.0, 28162.0, 13356.0, 14185.0, 23654.0, 34498.0, 27052.0, 12432.0, 7216.0, 4979.0, 4765.0, 6919.0, 7819.0, 6970.0, 8327.0, 10968.0, 12524.0, 9248.0, 6877.0, 5709.0, 5875.0, 5814.0, 6127.0, 5890.0, 8743.0, 11065.0, 8590.0, 6347.0, 4685.0, 4026.0, 5067.0, 5046.0, 6564.0, 7174.0, 6934.0, 7102.0, 4333.0, 3643.0, 3797.0, 3135.0, 4886.0, 8789.0, 7693.0, 5810.0, 3276.0, 8201.0, 9778.0, 5197.0, 8816.0, 6635.0, 4089.0, 5773.0, 6127.0, 5144.0, 4356.0, 4795.0, 3768.0, 3262.0, 3269.0, 3412.0, 4108.0, 6279.0, 6989.0, 7384.0, 5420.0, 4445.0, 4166.0, 3523.0, 3917.0, 4988.0, 4244.0, 2844.0, 2660.0, 2605.0, 2927.0]",87558619.2296318
6,0.8,7,"[{""x"": -0.4767179489135742, ""y"": 0.9201765060424805, ""z"": 0.0, ""velocity"": 0.0, ""snr"": 0.0}, {""x"": -0.3333091735839844, ""y"": 0.9317994117736816, ""z"": 0.0, ""velocity"": 0.0, ""snr"": 0.0}, {""x"": -0.36460161209106445, ""y"": 0.9325146675109863, ""z"": 0.0, ""velocity"": 0.0, ""snr"": 0.0}, {""x"": -0.41663646697998047, ""y"": 1.726090908050537, ""z"": 0.0, ""velocity"": 0.0, ""snr"": 0.0}, {""x"": 1.71661376953125, ""y"": 2.0020008087158203, ""z"": 0.0, ""velocity"": 0.0, ""snr"": 0.0}, {""x"": 1.8442869186401367, ""y"": 1.634359359741211, ""z"": 0.0, ""velocity"": 0.0, ""snr"": 0.0}, {""x"": 1.8365979194641113, ""y"": 1.9213557243347168, ""z"": 0.0, ""velocity"": 0.0, ""snr"": 0.0}]","[143373.0, 219153.0, 150915.0, 46782.0, 9318.0, 3060.0, 2201.0, 2607.0, 3128.0, 6129.0, 13131.0, 29727.0, 43436.0, 32806.0, 33132.0, 20472.0, 6050.0, 2916.0, 2571.0, 2936.0, 16190.0, 51209.0, 61909.0, 41294.0, 39170.0, 25089.0, 7287.0, 3390.0, 9521.0, 8130.0, 5402.0, 4022.0, 3679.0, 5782.0, 5029.0, 5683.0, 7357.0, 9101.0, 9197.0, 5885.0, 4479.0, 5504.0, 4320.0, 6095.0, 8171.0, 6556.0, 5693.0, 3383.0, 8088.0, 9452.0, 4830.0, 8592.0, 7439.0, 3862.0, 4053.0, 4454.0, 3817.0, 4350.0, 4518.0, 3519.0, 4023.0, 3839.0, 3540.0, 3988.0, 7540.0, 7739.0, 7561.0, 6071.0, 4084.0, 3245.0, 3883.0, 4032.0, 5018.0, 4039.0, 2536.0, 2473.0, 2089.0, 2317.0, 0.0, 0.0, 0.0, 0.0, 0.0, 0.0, 16908288.0, 84280068.0, 50333448.0, 44041477.0, 1680998400.0, 79364106.0, 0.0, 458752.0, 131072.0, 4294901760.0, 19791871.0, 5898240.0, 2147483648.0, 3643619643.0, 14782.0, 16000.0, 475008.0, 4029939712.0, 4192.0, 1131610112.0, 289731620.0, 0.0, 4077732425.0, 4441.0, 1130561536.0, 284553628.0, 0.0, 658326386.0, 9411.0, 1245446144.0, 684861664.0, 0.0, 692930620.0, 10449.0, 1278869504.0, 302.0, 512.0, 143156.0, 219225.0, 151230.0, 47202.0, 9464.0, 2934.0, 2030.0]",266164496.20378643
7,0.8,8,"[{""x"": -0.11497735977172852, ""y"": 0.04595518112182617, ""z"": 0.0, ""velocity"": 0.0, ""snr"": 0.0}, {""x"": -0.4584789276123047, ""y"": 0.8942484855651855, ""z"": 0.0, ""velocity"": 0.0, ""snr"": 0.0}, {""x"": -0.49620866775512695, ""y"": 0.9008646011352539, ""z"": 0.0, ""velocity"": 0.0, ""snr"": 0.0}, {""x"": -0.3694295883178711, ""y"": 0.8933544158935547, ""z"": 0.0, ""velocity"": 0.0, ""snr"": 0.0}, {""x"": -0.4087686538696289, ""y"": 0.8960366249084473, ""z"": 0.0, ""velocity"": 0.0, ""snr"": 0.0}, {""x"": 1.7584562301635742, ""y"": 1.9701719284057617, ""z"": 0.0, ""velocity"": 0.0, ""snr"": 0.0}, {""x"": 1.9379854202270508, ""y"": 1.5197396278381348, ""z"": 0.0, ""velocity"": 0.0, ""snr"": 0.0}, {""x"": 1.8355250358581543, ""y"": 1.9211769104003906, ""z"": 0.0, ""velocity"": 0.0, ""snr"": 0.0}]","[143178.0, 218972.0, 151307.0, 47198.0, 9285.0, 3145.0, 1890.0, 1925.0, 2538.0, 2901.0, 2701.0, 2001.0, 2942.0, 4360.0, 3511.0, 3509.0, 3297.0, 2190.0, 2445.0, 4965.0, 32785.0, 80307.0, 96092.0, 71181.0, 39149.0, 12566.0, 4142.0, 2719.0, 2989.0, 4881.0, 4983.0, 3968.0, 4743.0, 10518.0, 13759.0, 19220.0, 38000.0, 41773.0, 22247.0, 22588.0, 19442.0, 9638.0, 13678.0, 9199.0, 9451.0, 9892.0, 11522.0, 13780.0, 10210.0, 9335.0, 12991.0, 9389.0, 8602.0, 19032.0, 25842.0, 12536.0, 13994.0, 23318.0, 33300.0, 25057.0, 10480.0, 6737.0, 5761.0, 4389.0, 5986.0, 6833.0, 6190.0, 8015.0, 11661.0, 13045.0, 9061.0, 4810.0, 4891.0, 6981.0, 6772.0, 6190.0, 6073.0, 8524.0, 8333.0, 7298.0, 6518.0, 5759.0, 3942.0, 5221.0, 4915.0, 4798.0, 8121.0, 9807.0, 9025.0, 4963.0, 5279.0, 6038.0, 4131.0, 6058.0, 7130.0, 6384.0, 5589.0, 3267.0, 7692.0, 9791.0, 5310.0, 7715.0, 6253.0, 3796.0, 4436.0, 5025.0, 4245.0, 3220.0, 3981.0, 3674.0, 3701.0, 3555.0, 3418.0, 4409.0, 8229.0, 8509.0, 6945.0, 6263.0, 4069.0, 3059.0, 3317.0, 3757.0, 4371.0, 3579.0, 2385.0, 2311.0, 2467.0, 2661.0]",88399718.40158135
8,0.8,10,"[{""x"": -0.11461973190307617, ""y"": 0.047206878662109375, ""z"": 0.0, ""velocity"": 0.0, ""snr"": 0.0}, {""x"": -0.45669078826904297, ""y"": 0.8697509765625, ""z"": 0.0, ""velocity"": 0.0, ""snr"": 0.0}, {""x"": -0.5226731300354004, ""y"": 0.8558034896850586, ""z"": 0.0, ""velocity"": 0.0, ""snr"": 0.0}, {""x"": -0.462949275970459, ""y"": 0.9192824363708496, ""z"": 0.0, ""velocity"": 0.0, ""snr"": 0.0}, {""x"": -0.3941059112548828, ""y"": 0.882267951965332, ""z"": 0.0, ""velocity"": 0.0, ""snr"": 0.0}, {""x"": -0.361025333404541, ""y"": 0.9906291961669922, ""z"": 0.0, ""velocity"": 0.0, ""snr"": 0.0}, {""x"": 1.9751787185668945, ""y"": 1.467883586883545, ""z"": 0.0, ""velocity"": 0.0, ""snr"": 0.0}, {""x"": 1.8750429153442383, ""y"": 1.8644928932189941, ""z"": 0.0, ""velocity"": 0.0, ""snr"": 0.0}, {""x"": 1.9040107727050781, ""y"": 1.856088638305664, ""z"": 0.0, ""velocity"": 0.0, ""snr"": 0.0}, {""x"": 2.1278858184814453, ""y"": 1.214146614074707, ""z"": 0.0, ""velocity"": 0.0, ""snr"": 0.0}]","[143231.0, 219367.0, 150966.0, 46732.0, 9517.0, 2847.0, 2140.0, 2076.0, 3290.0, 3188.0, 2235.0, 1927.0, 2908.0, 4540.0, 3855.0, 3345.0, 2712.0, 2121.0, 2373.0, 6918.0, 55284.0, 131271.0, 139254.0, 111109.0, 55819.0, 18546.0, 7756.0, 5906.0, 3394.0, 3943.0, 3909.0, 3663.0, 4602.0, 10177.0, 13930.0, 20391.0, 36481.0, 36608.0, 13371.0, 16404.0, 16351.0, 11532.0, 12862.0, 10753.0, 10000.0, 9625.0, 11535.0, 10776.0, 10996.0, 5878.0, 8210.0, 5984.0, 9961.0, 22016.0, 26867.0, 12305.0, 8153.0, 22731.0, 33870.0, 26898.0, 11993.0, 4941.0, 4079.0, 4307.0, 5723.0, 7349.0, 6892.0, 8170.0, 11149.0, 11642.0, 7440.0, 4199.0, 4808.0, 6467.0, 4547.0, 5025.0, 4728.0, 7999.0, 9294.0, 7730.0, 5022.0, 4043.0, 4773.0, 7011.0, 6015.0, 4272.0, 6261.0, 8535.0, 8361.0, 5033.0, 4548.0, 4971.0, 4323.0, 6587.0, 8412.0, 6728.0, 5546.0, 3063.0, 8223.0, 9619.0, 4999.0, 8672.0, 7003.0, 3869.0, 4669.0, 4409.0, 2938.0, 3652.0, 4055.0, 3103.0, 3538.0, 3902.0, 3558.0, 4657.0, 8099.0, 8149.0, 7527.0, 6536.0, 4597.0, 3268.0, 3385.0, 3806.0, 4387.0, 3662.0, 2841.0, 2694.0, 2328.0, 2859.0]",86630619.09872058
9,0.8,11,"[{""x"": -0.11515617370605469, ""y"": 0.04470348358154297, ""z"": 0.0, ""velocity"": 0.0, ""snr"": 0.0}, {""x"": -0.3806948661804199, ""y"": 0.8525848388671875, ""z"": 0.0, ""velocity"": 0.0, ""snr"": 0.0}, {""x"": -0.3917813301086426, ""y"": 0.8711814880371094, ""z"": 0.0, ""velocity"": 0.0, ""snr"": 0.0}, {""x"": -0.4050135612487793, ""y"": 0.8783340454101562, ""z"": 0.0, ""velocity"": 0.0, ""snr"": 0.0}, {""x"": -0.4144906997680664, ""y"": 0.8972883224487305, ""z"": 0.0, ""velocity"": 0.0, ""snr"": 0.0}, {""x"": -0.34242868423461914, ""y"": 0.9570121765136719, ""z"": 0.0, ""velocity"": 0.0, ""snr"": 0.0}, {""x"": -0.0616908073425293, ""y"": 1.0600090026855469, ""z"": 0.0, ""velocity"": 0.0, ""snr"": 0.0}, {""x"": 1.7952919006347656, ""y"": 1.938164234161377, ""z"": 0.0, ""velocity"": 0.0, ""snr"": 0.0}, {""x"": 1.8972158432006836, ""y"": 1.5576481819152832, ""z"": 0.0, ""velocity"": 0.0, ""snr"": 0.0}, {""x"": 1.8909573554992676, ""y"": 1.5696287155151367, ""z"": 0.0, ""velocity"": 0.0, ""snr"": 0.0}, {""x"": 1.8714666366577148, ""y"": 1.88523530960083, ""z"": 0.0, ""velocity"": 0.0, ""snr"": 0.0}]","[143318.0, 219069.0, 150973.0, 46562.0, 9372.0, 3011.0, 1869.0, 2348.0, 2917.0, 3132.0, 2628.0, 1625.0, 2741.0, 4698.0, 4443.0, 3759.0, 3272.0, 2272.0, 2151.0, 23664.0, 112733.0, 180822.0, 145718.0, 84879.0, 37516.0, 14617.0, 7985.0, 4408.0, 3378.0, 4862.0, 4760.0, 4634.0, 5593.0, 12779.0, 17373.0, 23364.0, 38953.0, 41041.0, 19949.0, 17912.0, 16919.0, 9471.0, 12286.0, 10948.0, 10841.0, 8848.0, 8393.0, 10709.0, 10569.0, 7552.0, 7463.0, 6230.0, 7198.0, 24090.0, 28498.0, 12402.0, 9966.0, 23093.0, 32978.0, 24347.0, 10665.0, 6563.0, 6089.0, 5930.0, 6782.0, 7008.0, 6196.0, 7718.0, 10735.0, 11646.0, 7872.0, 4263.0, 4541.0, 6896.0, 5768.0, 5085.0, 6087.0, 8062.0, 9301.0, 7790.0, 4325.0, 4354.0, 4046.0, 6601.0, 6192.0, 4043.0, 6383.0, 8722.0, 9311.0, 5263.0, 4667.0, 5073.0, 5404.0, 7461.0, 8425.0, 6585.0, 6248.0, 4090.0, 7930.0, 9863.0, 5669.0, 7925.0, 6244.0, 3867.0, 4723.0, 4420.0, 3262.0, 4086.0, 4660.0, 3664.0, 3784.0, 4165.0, 4215.0, 5296.0, 8976.0, 9333.0, 7370.0, 6552.0, 4253.0, 3273.0, 3662.0, 3872.0, 4655.0, 4288.0, 3201.0, 2991.0, 2664.0, 2586.0]",84897056.00743556
