frame_index,timestamp,gesture,trial,elapsed,collector
0,2026-07-29T21:35:40.106509+00:00,pull,0,0.016,student03
1,2026-07-29T21:35:40.216726+00:00,pull,0,0.125,student03
2,2026-07-29T21:35:40.326944+00:00,pull,0,0.235,student03
3,2026-07-29T21:35:40.436346+00:00,pull,0,0.344,student03
4,2026-07-29T21:35:40.550980+00:00,pull,0,0.454,student03
5,2026-07-29T21:35:40.652550+00:00,pull,0,0.547,student03
6,2026-07-29T21:35:40.750904+00:00,pull,0,0.657,student03
7,2026-07-29T21:35:40.857103+00:00,pull,0,0.75,student03
8,2026-07-29T21:35:40.955065+00:00,pull,0,0.86,student03
9,2026-07-29T21:35:41.066645+00:00,pull,0,0.969,student03
10,2026-07-29T21:35:41.170710+00:00,pull,0,1.079,student03
11,2026-07-29T21:35:41.271119+00:00,pull,0,1.172,student03
12,2026-07-29T21:35:41.370940+00:00,pull,0,1.266,student03
13,2026-07-29T21:35:41.461792+00:00,pull,0,1.36,student03
14,2026-07-29T21:35:41.561672+00:00,pull,0,1.469,student03
15,2026-07-29T21:35:41.665037+00:00,pull,0,1.563,student03
16,2026-07-29T21:35:41.764737+00:00,pull,0,1.672,student03
17,2026-07-29T21:35:41.877313+00:00,pull,0,1.782,student03
18,2026-07-29T21:35:41.987107+00:00,pull,0,1.891,student03
0,2026-07-29T21:35:54.502972+00:00,push,0,0.0,student03
1,2026-07-29T21:35:54.602389+00:00,push,0,0.093,student03
2,2026-07-29T21:35:54.705470+00:00,push,0,0.203,student03
3,2026-07-29T21:35:54.817368+00:00,push,0,0.312,student03
4,2026-07-29T21:35:54.911562+00:00,push,0,0.406,student03
5,2026-07-29T21:35:55.010702+00:00,push,0,0.5,student03
6,2026-07-29T21:35:55.101888+00:00,push,0,0.593,student03
7,2026-07-29T21:35:55.201875+00:00,push,0,0.703,student03
8,2026-07-29T21:35:55.312557+00:00,push,0,0.812,student03
9,2026-07-29T21:35:55.414822+00:00,push,0,0.906,student03
10,2026-07-29T21:35:55.511117+00:00,push,0,1.0,student03
11,2026-07-29T21:35:55.602012+00:00,push,0,1.093,student03
12,2026-07-29T21:35:55.705363+00:00,push,0,1.203,student03
13,2026-07-29T21:35:55.816685+00:00,push,0,1.312,student03
14,2026-07-29T21:35:55.914521+00:00,push,0,1.406,student03
15,2026-07-29T21:35:56.010967+00:00,push,0,1.5,student03
16,2026-07-29T21:35:56.102037+00:00,push,0,1.593,student03
17,2026-07-29T21:35:56.208141+00:00,push,0,1.703,student03
18,2026-07-29T21:35:56.305713+00:00,push,0,1.797,student03
19,2026-07-29T21:35:56.401892+00:00,push,0,1.89,student03
0,2026-07-29T21:35:59.953263+00:00,pull,1,0.0,student03
1,2026-07-29T21:36:00.067299+00:00,pull,1,0.109,student03
2,2026-07-29T21:36:00.161286+00:00,pull,1,0.203,student03
3,2026-07-29T21:36:00.260656+00:00,pull,1,0.297,student03
4,2026-07-29T21:36:00.355792+00:00,pull,1,0.39,student03
5,2026-07-29T21:36:00.451451+00:00,pull,1,0.5,student03
6,2026-07-29T21:36:00.560726+00:00,pull,1,0.609,student03
7,2026-07-29T21:36:00.670741+00:00,pull,1,0.719,student03
8,2026-07-29T21:36:00.782620+00:00,pull,1,0.828,student03
9,2026-07-29T21:36:00.881660+00:00,pull,1,0.922,student03
10,2026-07-29T21:36:00.987870+00:00,pull,1,1.031,student03
11,2026-07-29T21:36:01.098168+00:00,pull,1,1.14,student03
12,2026-07-29T21:36:01.207439+00:00,pull,1,1.25,student03
13,2026-07-29T21:36:01.307142+00:00,pull,1,1.344,student03
14,2026-07-29T21:36:01.405944+00:00,pull,1,1.453,student03
15,2026-07-29T21:36:01.517607+00:00,pull,1,1.562,student03
16,2026-07-29T21:36:01.627581+00:00,pull,1,1.672,student03
17,2026-07-29T21:36:01.737264+00:00,pull,1,1.781,student03
18,2026-07-29T21:36:01.834974+00:00,pull,1,1.875,student03
19,2026-07-29T21:36:01.936132+00:00,pull,1,1.984,student03
0,2026-07-29T21:36:04.974989+00:00,push,1,0.0,student03
1,2026-07-29T21:36:05.075424+00:00,push,1,0.094,student03
2,2026-07-29T21:36:05.172736+00:00,push,1,0.204,student03
3,2026-07-29T21:36:05.271801+00:00,push,1,0.297,student03
4,2026-07-29T21:36:05.364921+00:00,push,1,0.391,student03
5,2026-07-29T21:36:05.460396+00:00,push,1,0.485,student03
6,2026-07-29T21:36:05.561790+00:00,push,1,0.594,student03
7,2026-07-29T21:36:05.672082+00:00,push,1,0.704,student03
8,2026-07-29T21:36:05.780871+00:00,push,1,0.813,student03
9,2026-07-29T21:36:05.888491+00:00,push,1,0.922,student03
10,2026-07-29T21:36:05.997980+00:00,push,1,1.032,student03
11,2026-07-29T21:36:06.106959+00:00,push,1,1.125,student03
12,2026-07-29T21:36:06.201436+00:00,push,1,1.235,student03
13,2026-07-29T21:36:06.308594+00:00,push,1,1.329,student03
14,2026-07-29T21:36:06.402267+00:00,push,1,1.422,student03
15,2026-07-29T21:36:06.495210+00:00,push,1,1.516,student03
16,2026-07-29T21:36:06.594643+00:00,push,1,1.625,student03
17,2026-07-29T21:36:06.692122+00:00,push,1,1.719,student03
18,2026-07-29T21:36:06.790976+00:00,push,1,1.813,student03
19,2026-07-29T21:36:06.882011+00:00,push,1,1.907,student03
0,2026-07-29T21:36:09.136154+00:00,pull,2,0.0,student03
1,2026-07-29T21:36:09.232073+00:00,pull,2,0.093,student03
2,2026-07-29T21:36:09.322877+00:00,pull,2,0.187,student03
3,2026-07-29T21:36:09.421392+00:00,pull,2,0.297,student03
4,2026-07-29T21:36:09.524114+00:00,pull,2,0.39,student03
5,2026-07-29T21:36:09.621262+00:00,pull,2,0.484,student03
6,2026-07-29T21:36:09.712030+00:00,pull,2,0.578,student03
7,2026-07-29T21:36:09.812641+00:00,pull,2,0.687,student03
8,2026-07-29T21:36:09.922279+00:00,pull,2,0.797,student03
9,2026-07-29T21:36:10.031370+00:00,pull,2,0.906,student03
10,2026-07-29T21:36:10.141379+00:00,pull,2,1.015,student03
11,2026-07-29T21:36:10.241182+00:00,pull,2,1.109,student03
12,2026-07-29T21:36:10.348039+00:00,pull,2,1.218,student03
13,2026-07-29T21:36:10.457134+00:00,pull,2,1.328,student03
14,2026-07-29T21:36:10.567064+00:00,pull,2,1.437,student03
15,2026-07-29T21:36:10.661966+00:00,pull,2,1.531,student03
16,2026-07-29T21:36:10.767877+00:00,pull,2,1.64,student03
17,2026-07-29T21:36:10.865297+00:00,pull,2,1.734,student03
18,2026-07-29T21:36:10.965450+00:00,pull,2,1.828,student03
19,2026-07-29T21:36:11.063177+00:00,pull,2,1.937,student03
0,2026-07-29T21:36:13.520864+00:00,push,2,0.0,student03
1,2026-07-29T21:36:13.627758+00:00,push,2,0.11,student03
2,2026-07-29T21:36:13.738350+00:00,push,2,0.219,student03
3,2026-07-29T21:36:13.847500+00:00,push,2,0.328,student03
4,2026-07-29T21:36:13.957135+00:00,push,2,0.438,student03
5,2026-07-29T21:36:14.053478+00:00,push,2,0.532,student03
6,2026-07-29T21:36:14.156371+00:00,push,2,0.641,student03
7,2026-07-29T21:36:14.269593+00:00,push,2,0.75,student03
8,2026-07-29T21:36:14.377730+00:00,push,2,0.86,student03
9,2026-07-29T21:36:14.486620+00:00,push,2,0.969,student03
10,2026-07-29T21:36:14.585005+00:00,push,2,1.063,student03
11,2026-07-29T21:36:14.683569+00:00,push,2,1.157,student03
12,2026-07-29T21:36:14.780530+00:00,push,2,1.266,student03
13,2026-07-29T21:36:14.881781+00:00,push,2,1.36,student03
14,2026-07-29T21:36:14.983122+00:00,push,2,1.469,student03
15,2026-07-29T21:36:15.085586+00:00,push,2,1.563,student03
16,2026-07-29T21:36:15.183480+00:00,push,2,1.657,student03
17,2026-07-29T21:36:15.282422+00:00,push,2,1.766,student03
18,2026-07-29T21:36:15.381540+00:00,push,2,1.86,student03
19,2026-07-29T21:36:15.482565+00:00,push,2,1.969,student03
0,2026-07-29T21:36:18.130806+00:00,pull,3,0.0,student03
1,2026-07-29T21:36:18.237407+00:00,pull,3,0.109,student03
2,2026-07-29T21:36:18.347200+00:00,pull,3,0.218,student03
3,2026-07-29T21:36:18.458399+00:00,pull,3,0.328,student03
4,2026-07-29T21:36:18.553259+00:00,pull,3,0.422,student03
5,2026-07-29T21:36:18.653395+00:00,pull,3,0.515,student03
6,2026-07-29T21:36:18.751786+00:00,pull,3,0.625,student03
7,2026-07-29T21:36:18.861445+00:00,pull,3,0.734,student03
8,2026-07-29T21:36:18.971762+00:00,pull,3,0.843,student03
9,2026-07-29T21:36:19.077713+00:00,pull,3,0.953,student03
10,2026-07-29T21:36:19.191290+00:00,pull,3,1.062,student03
11,2026-07-29T21:36:19.295014+00:00,pull,3,1.172,student03
12,2026-07-29T21:36:19.407539+00:00,pull,3,1.281,student03
13,2026-07-29T21:36:19.517309+00:00,pull,3,1.39,student03
14,2026-07-29T21:36:19.627754+00:00,pull,3,1.5,student03
15,2026-07-29T21:36:19.726265+00:00,pull,3,1.593,student03
16,2026-07-29T21:36:19.823467+00:00,pull,3,1.687,student03
17,2026-07-29T21:36:19.921561+00:00,pull,3,1.797,student03
18,2026-07-29T21:36:20.031850+00:00,pull,3,1.906,student03
0,2026-07-29T21:36:22.553572+00:00,push,3,0.0,student03
1,2026-07-29T21:36:22.654063+00:00,push,3,0.109,student03
2,2026-07-29T21:36:22.767991+00:00,push,3,0.218,student03
3,2026-07-29T21:36:22.877493+00:00,push,3,0.328,student03
4,2026-07-29T21:36:22.988364+00:00,push,3,0.437,student03
5,2026-07-29T21:36:23.098675+00:00,push,3,0.546,student03
6,2026-07-29T21:36:23.192497+00:00,push,3,0.64,student03
7,2026-07-29T21:36:23.298462+00:00,push,3,0.75,student03
8,2026-07-29T21:36:23.406637+00:00,push,3,0.859,student03
9,2026-07-29T21:36:23.518463+00:00,push,3,0.968,student03
10,2026-07-29T21:36:23.628778+00:00,push,3,1.078,student03
11,2026-07-29T21:36:23.736632+00:00,push,3,1.187,student03
12,2026-07-29T21:36:23.835464+00:00,push,3,1.281,student03
13,2026-07-29T21:36:23.934406+00:00,push,3,1.375,student03
14,2026-07-29T21:36:24.033061+00:00,push,3,1.484,student03
15,2026-07-29T21:36:24.141356+00:00,push,3,1.593,student03
16,2026-07-29T21:36:24.248716+00:00,push,3,1.703,student03
17,2026-07-29T21:36:24.358113+00:00,push,3,1.812,student03
18,2026-07-29T21:36:24.468206+00:00,push,3,1.921,student03
0,2026-07-29T21:36:27.574304+00:00,pull,4,0.0,student03
1,2026-07-29T21:36:27.672291+00:00,pull,4,0.11,student03
2,2026-07-29T21:36:27.781901+00:00,pull,4,0.219,student03
3,2026-07-29T21:36:27.892677+00:00,pull,4,0.328,student03
4,2026-07-29T21:36:28.002915+00:00,pull,4,0.438,student03
5,2026-07-29T21:36:28.108867+00:00,pull,4,0.547,student03
6,2026-07-29T21:36:28.218428+00:00,pull,4,0.656,student03
7,2026-07-29T21:36:28.328404+00:00,pull,4,0.766,student03
8,2026-07-29T21:36:28.437267+00:00,pull,4,0.875,student03
9,2026-07-29T21:36:28.548477+00:00,pull,4,0.985,student03
10,2026-07-29T21:36:28.658559+00:00,pull,4,1.094,student03
11,2026-07-29T21:36:28.756287+00:00,pull,4,1.188,student03
12,2026-07-29T21:36:28.853285+00:00,pull,4,1.281,student03
13,2026-07-29T21:36:28.952689+00:00,pull,4,1.391,student03
14,2026-07-29T21:36:29.058473+00:00,pull,4,1.485,student03
15,2026-07-29T21:36:29.147269+00:00,pull,4,1.578,student03
16,2026-07-29T21:36:29.241956+00:00,pull,4,1.672,student03
17,2026-07-29T21:36:29.342901+00:00,pull,4,1.781,student03
18,2026-07-29T21:36:29.443054+00:00,pull,4,1.875,student03
19,2026-07-29T21:36:29.552239+00:00,pull,4,1.985,student03
0,2026-07-29T21:36:32.008048+00:00,push,4,0.0,student03
1,2026-07-29T21:36:32.103267+00:00,push,4,0.093,student03
2,2026-07-29T21:36:32.206447+00:00,push,4,0.203,student03
3,2026-07-29T21:36:32.303351+00:00,push,4,0.297,student03
4,2026-07-29T21:36:32.403700+00:00,push,4,0.39,student03
5,2026-07-29T21:36:32.503130+00:00,push,4,0.5,student03
6,2026-07-29T21:36:32.608627+00:00,push,4,0.609,student03
7,2026-07-29T21:36:32.719719+00:00,push,4,0.718,student03
8,2026-07-29T21:36:32.822847+00:00,push,4,0.812,student03
9,2026-07-29T21:36:32.923103+00:00,push,4,0.922,student03
10,2026-07-29T21:36:33.024178+00:00,push,4,1.015,student03
11,2026-07-29T21:36:33.122672+00:00,push,4,1.109,student03
12,2026-07-29T21:36:33.216559+00:00,push,4,1.218,student03
13,2026-07-29T21:36:33.331912+00:00,push,4,1.328,student03
14,2026-07-29T21:36:33.427320+00:00,push,4,1.422,student03
15,2026-07-29T21:36:33.527410+00:00,push,4,1.515,student03
16,2026-07-29T21:36:33.622019+00:00,push,4,1.609,student03
17,2026-07-29T21:36:33.712584+00:00,push,4,1.703,student03
18,2026-07-29T21:36:33.813671+00:00,push,4,1.812,student03
19,2026-07-29T21:36:33.922254+00:00,push,4,1.922,student03
0,2026-07-29T21:36:36.307008+00:00,pull,5,0.0,student03
1,2026-07-29T21:36:36.407320+00:00,pull,5,0.109,student03
2,2026-07-29T21:36:36.519541+00:00,pull,5,0.218,student03
3,2026-07-29T21:36:36.628036+00:00,pull,5,0.328,student03
4,2026-07-29T21:36:36.738823+00:00,pull,5,0.437,student03
5,2026-07-29T21:36:36.847943+00:00,pull,5,0.546,student03
6,2026-07-29T21:36:36.942430+00:00,pull,5,0.64,student03
7,2026-07-29T21:36:37.049161+00:00,pull,5,0.75,student03
8,2026-07-29T21:36:37.158969+00:00,pull,5,0.859,student03
9,2026-07-29T21:36:37.256025+00:00,pull,5,0.953,student03
10,2026-07-29T21:36:37.353517+00:00,pull,5,1.046,student03
11,2026-07-29T21:36:37.446835+00:00,pull,5,1.14,student03
12,2026-07-29T21:36:37.537710+00:00,pull,5,1.234,student03
13,2026-07-29T21:36:37.632643+00:00,pull,5,1.328,student03
14,2026-07-29T21:36:37.738497+00:00,pull,5,1.437,student03
15,2026-07-29T21:36:37.836204+00:00,pull,5,1.531,student03
16,2026-07-29T21:36:37.933591+00:00,pull,5,1.625,student03
17,2026-07-29T21:36:38.024637+00:00,pull,5,1.718,student03
18,2026-07-29T21:36:38.122392+00:00,pull,5,1.812,student03
19,2026-07-29T21:36:38.222361+00:00,pull,5,1.921,student03
0,2026-07-29T21:36:41.212202+00:00,push,5,0.0,student03
1,2026-07-29T21:36:41.313433+00:00,push,5,0.109,student03
2,2026-07-29T21:36:41.419108+00:00,push,5,0.203,student03
3,2026-07-29T21:36:41.513456+00:00,push,5,0.312,student03
4,2026-07-29T21:36:41.628491+00:00,push,5,0.422,student03
5,2026-07-29T21:36:41.739031+00:00,push,5,0.531,student03
6,2026-07-29T21:36:41.848165+00:00,push,5,0.64,student03
7,2026-07-29T21:36:41.943145+00:00,push,5,0.734,student03
8,2026-07-29T21:36:42.043089+00:00,push,5,0.828,student03
9,2026-07-29T21:36:42.133359+00:00,push,5,0.922,student03
10,2026-07-29T21:36:42.233684+00:00,push,5,1.031,student03
11,2026-07-29T21:36:42.348605+00:00,push,5,1.14,student03
12,2026-07-29T21:36:42.456853+00:00,push,5,1.25,student03
13,2026-07-29T21:36:42.568088+00:00,push,5,1.359,student03
14,2026-07-29T21:36:42.666477+00:00,push,5,1.453,student03
15,2026-07-29T21:36:42.766005+00:00,push,5,1.562,student03
16,2026-07-29T21:36:42.878876+00:00,push,5,1.672,student03
17,2026-07-29T21:36:42.977234+00:00,push,5,1.765,student03
18,2026-07-29T21:36:43.076415+00:00,push,5,1.875,student03
19,2026-07-29T21:36:43.189874+00:00,push,5,1.984,student03
0,2026-07-29T21:36:45.812235+00:00,pull,6,0.0,student03
1,2026-07-29T21:36:45.919215+00:00,pull,6,0.094,student03
2,2026-07-29T21:36:46.013370+00:00,pull,6,0.188,student03
3,2026-07-29T21:36:46.113286+00:00,pull,6,0.297,student03
4,2026-07-29T21:36:46.219242+00:00,pull,6,0.406,student03
5,2026-07-29T21:36:46.332449+00:00,pull,6,0.516,student03
6,2026-07-29T21:36:46.440119+00:00,pull,6,0.625,student03
7,2026-07-29T21:36:46.536286+00:00,pull,6,0.719,student03
8,2026-07-29T21:36:46.633071+00:00,pull,6,0.813,student03
9,2026-07-29T21:36:46.733869+00:00,pull,6,0.922,student03
10,2026-07-29T21:36:46.839468+00:00,pull,6,1.016,student03
11,2026-07-29T21:36:46.933630+00:00,pull,6,1.11,student03
12,2026-07-29T21:36:47.023789+00:00,pull,6,1.203,student03
13,2026-07-29T21:36:47.116341+00:00,pull,6,1.297,student03
14,2026-07-29T21:36:47.222538+00:00,pull,6,1.406,student03
15,2026-07-29T21:36:47.333591+00:00,pull,6,1.516,student03
16,2026-07-29T21:36:47.427532+00:00,pull,6,1.61,student03
17,2026-07-29T21:36:47.527751+00:00,pull,6,1.703,student03
18,2026-07-29T21:36:47.623384+00:00,pull,6,1.813,student03
19,2026-07-29T21:36:47.738187+00:00,pull,6,1.922,student03
0,2026-07-29T21:36:49.780811+00:00,push,6,0.0,student03
1,2026-07-29T21:36:49.888589+00:00,push,6,0.109,student03
2,2026-07-29T21:36:49.999330+00:00,push,6,0.219,student03
3,2026-07-29T21:36:50.108629+00:00,push,6,0.328,student03
4,2026-07-29T21:36:50.222514+00:00,push,6,0.437,student03
5,2026-07-29T21:36:50.329392+00:00,push,6,0.547,student03
6,2026-07-29T21:36:50.439011+00:00,push,6,0.656,student03
7,2026-07-29T21:36:50.549381+00:00,push,6,0.766,student03
8,2026-07-29T21:36:50.654870+00:00,push,6,0.875,student03
9,2026-07-29T21:36:50.768682+00:00,push,6,0.984,student03
10,2026-07-29T21:36:50.879277+00:00,push,6,1.094,student03
11,2026-07-29T21:36:50.974184+00:00,push,6,1.187,student03
12,2026-07-29T21:36:51.073508+00:00,push,6,1.281,student03
13,2026-07-29T21:36:51.168180+00:00,push,6,1.375,student03
14,2026-07-29T21:36:51.261743+00:00,push,6,1.469,student03
15,2026-07-29T21:36:51.353732+00:00,push,6,1.562,student03
16,2026-07-29T21:36:51.453253+00:00,push,6,1.672,student03
17,2026-07-29T21:36:51.553640+00:00,push,6,1.766,student03
18,2026-07-29T21:36:51.647886+00:00,push,6,1.859,student03
19,2026-07-29T21:36:51.742915+00:00,push,6,1.953,student03
0,2026-07-29T21:36:53.781725+00:00,pull,7,0.0,student03
1,2026-07-29T21:36:53.888496+00:00,pull,7,0.109,student03
2,2026-07-29T21:36:53.999324+00:00,pull,7,0.219,student03
3,2026-07-29T21:36:54.112530+00:00,pull,7,0.328,student03
4,2026-07-29T21:36:54.222257+00:00,pull,7,0.437,student03
5,2026-07-29T21:36:54.329705+00:00,pull,7,0.547,student03
6,2026-07-29T21:36:54.439492+00:00,pull,7,0.656,student03
7,2026-07-29T21:36:54.549638+00:00,pull,7,0.766,student03
8,2026-07-29T21:36:54.658310+00:00,pull,7,0.875,student03
9,2026-07-29T21:36:54.769843+00:00,pull,7,0.984,student03
10,2026-07-29T21:36:54.879662+00:00,pull,7,1.094,student03
11,2026-07-29T21:36:54.989007+00:00,pull,7,1.203,student03
12,2026-07-29T21:36:55.098957+00:00,pull,7,1.312,student03
13,2026-07-29T21:36:55.197102+00:00,pull,7,1.406,student03
14,2026-07-29T21:36:55.288982+00:00,pull,7,1.5,student03
15,2026-07-29T21:36:55.383742+00:00,pull,7,1.594,student03
16,2026-07-29T21:36:55.483531+00:00,pull,7,1.703,student03
17,2026-07-29T21:36:55.582830+00:00,pull,7,1.797,student03
18,2026-07-29T21:36:55.677787+00:00,pull,7,1.891,student03
0,2026-07-29T21:36:57.365860+00:00,push,7,0.0,student03
1,2026-07-29T21:36:57.466862+00:00,push,7,0.109,student03
2,2026-07-29T21:36:57.579339+00:00,push,7,0.219,student03
3,2026-07-29T21:36:57.688686+00:00,push,7,0.328,student03
4,2026-07-29T21:36:57.799292+00:00,push,7,0.438,student03
5,2026-07-29T21:36:57.897907+00:00,push,7,0.531,student03
6,2026-07-29T21:36:57.996881+00:00,push,7,0.625,student03
7,2026-07-29T21:36:58.092799+00:00,push,7,0.734,student03
8,2026-07-29T21:36:58.196230+00:00,push,7,0.828,student03
9,2026-07-29T21:36:58.292497+00:00,push,7,0.922,student03
10,2026-07-29T21:36:58.386796+00:00,push,7,1.016,student03
11,2026-07-29T21:36:58.485202+00:00,push,7,1.125,student03
12,2026-07-29T21:36:58.583443+00:00,push,7,1.219,student03
13,2026-07-29T21:36:58.684153+00:00,push,7,1.313,student03
14,2026-07-29T21:36:58.778086+00:00,push,7,1.406,student03
15,2026-07-29T21:36:58.876722+00:00,push,7,1.516,student03
16,2026-07-29T21:36:58.974637+00:00,push,7,1.609,student03
17,2026-07-29T21:36:59.073142+00:00,push,7,1.703,student03
18,2026-07-29T21:36:59.166410+00:00,push,7,1.797,student03
19,2026-07-29T21:36:59.263510+00:00,push,7,1.906,student03
0,2026-07-29T21:37:00.832596+00:00,pull,8,0.0,student03
1,2026-07-29T21:37:00.934310+00:00,pull,8,0.094,student03
2,2026-07-29T21:37:01.028431+00:00,pull,8,0.187,student03
3,2026-07-29T21:37:01.123732+00:00,pull,8,0.297,student03
4,2026-07-29T21:37:01.229964+00:00,pull,8,0.39,student03
5,2026-07-29T21:37:01.327294+00:00,pull,8,0.5,student03
6,2026-07-29T21:37:01.439791+00:00,pull,8,0.609,student03
7,2026-07-29T21:37:01.550100+00:00,pull,8,0.719,student03
8,2026-07-29T21:37:01.654550+00:00,pull,8,0.828,student03
9,2026-07-29T21:37:01.763156+00:00,pull,8,0.922,student03
10,2026-07-29T21:37:01.857967+00:00,pull,8,1.031,student03
11,2026-07-29T21:37:01.967002+00:00,pull,8,1.14,student03
12,2026-07-29T21:37:02.073073+00:00,pull,8,1.234,student03
13,2026-07-29T21:37:02.163861+00:00,pull,8,1.328,student03
14,2026-07-29T21:37:02.269315+00:00,pull,8,1.437,student03
15,2026-07-29T21:37:02.379308+00:00,pull,8,1.547,student03
16,2026-07-29T21:37:02.489258+00:00,pull,8,1.656,student03
17,2026-07-29T21:37:02.583573+00:00,pull,8,1.75,student03
18,2026-07-29T21:37:02.683930+00:00,pull,8,1.844,student03
19,2026-07-29T21:37:02.784236+00:00,pull,8,1.953,student03
0,2026-07-29T21:37:04.245270+00:00,push,8,0.0,student03
1,2026-07-29T21:37:04.343499+00:00,push,8,0.109,student03
2,2026-07-29T21:37:04.443559+00:00,push,8,0.203,student03
3,2026-07-29T21:37:04.550243+00:00,push,8,0.313,student03
4,2026-07-29T21:37:04.659786+00:00,push,8,0.422,student03
5,2026-07-29T21:37:04.769410+00:00,push,8,0.531,student03
6,2026-07-29T21:37:04.864123+00:00,push,8,0.625,student03
7,2026-07-29T21:37:04.973052+00:00,push,8,0.734,student03
8,2026-07-29T21:37:05.071136+00:00,push,8,0.828,student03
9,2026-07-29T21:37:05.168941+00:00,push,8,0.922,student03
10,2026-07-29T21:37:05.267477+00:00,push,8,1.031,student03
11,2026-07-29T21:37:05.366743+00:00,push,8,1.125,student03
12,2026-07-29T21:37:05.464761+00:00,push,8,1.219,student03
13,2026-07-29T21:37:05.564546+00:00,push,8,1.328,student03
14,2026-07-29T21:37:05.663645+00:00,push,8,1.422,student03
15,2026-07-29T21:37:05.757420+00:00,push,8,1.516,student03
16,2026-07-29T21:37:05.854291+00:00,push,8,1.609,student03
17,2026-07-29T21:37:05.953069+00:00,push,8,1.719,student03
18,2026-07-29T21:37:06.060265+00:00,push,8,1.813,student03
19,2026-07-29T21:37:06.154663+00:00,push,8,1.922,student03
0,2026-07-29T21:37:07.599904+00:00,pull,9,0.0,student03
1,2026-07-29T21:37:07.693558+00:00,pull,9,0.094,student03
2,2026-07-29T21:37:07.799896+00:00,pull,9,0.204,student03
3,2026-07-29T21:37:07.909910+00:00,pull,9,0.313,student03
4,2026-07-29T21:37:08.019569+00:00,pull,9,0.422,student03
5,2026-07-29T21:37:08.113664+00:00,pull,9,0.516,student03
6,2026-07-29T21:37:08.223066+00:00,pull,9,0.625,student03
7,2026-07-29T21:37:08.329722+00:00,pull,9,0.735,student03
8,2026-07-29T21:37:08.438004+00:00,pull,9,0.844,student03
9,2026-07-29T21:37:08.536989+00:00,pull,9,0.938,student03
10,2026-07-29T21:37:08.633505+00:00,pull,9,1.032,student03
11,2026-07-29T21:37:08.728119+00:00,pull,9,1.125,student03
12,2026-07-29T21:37:08.824201+00:00,pull,9,1.219,student03
13,2026-07-29T21:37:08.916831+00:00,pull,9,1.313,student03
14,2026-07-29T21:37:09.013311+00:00,pull,9,1.407,student03
15,2026-07-29T21:37:09.100001+00:00,pull,9,1.5,student03
16,2026-07-29T21:37:09.193568+00:00,pull,9,1.594,student03
17,2026-07-29T21:37:09.293511+00:00,pull,9,1.688,student03
18,2026-07-29T21:37:09.387005+00:00,pull,9,1.782,student03
19,2026-07-29T21:37:09.485259+00:00,pull,9,1.891,student03
0,2026-07-29T21:37:11.233811+00:00,push,9,0.0,student03
1,2026-07-29T21:37:11.333789+00:00,push,9,0.094,student03
2,2026-07-29T21:37:11.429415+00:00,push,9,0.188,student03
3,2026-07-29T21:37:11.524934+00:00,push,9,0.281,student03
4,2026-07-29T21:37:11.623570+00:00,push,9,0.391,student03
5,2026-07-29T21:37:11.733940+00:00,push,9,0.5,student03
6,2026-07-29T21:37:11.834354+00:00,push,9,0.594,student03
7,2026-07-29T21:37:11.935544+00:00,push,9,0.703,student03
8,2026-07-29T21:37:12.047680+00:00,push,9,0.813,student03
9,2026-07-29T21:37:12.152490+00:00,push,9,0.906,student03
10,2026-07-29T21:37:12.247785+00:00,push,9,1.0,student03
11,2026-07-29T21:37:12.348401+00:00,push,9,1.109,student03
12,2026-07-29T21:37:12.448183+00:00,push,9,1.203,student03
13,2026-07-29T21:37:12.544309+00:00,push,9,1.297,student03
14,2026-07-29T21:37:12.643966+00:00,push,9,1.406,student03
15,2026-07-29T21:37:12.753206+00:00,push,9,1.516,student03
16,2026-07-29T21:37:12.859384+00:00,push,9,1.625,student03
17,2026-07-29T21:37:12.969986+00:00,push,9,1.734,student03
18,2026-07-29T21:37:13.078793+00:00,push,9,1.844,student03
19,2026-07-29T21:37:13.190240+00:00,push,9,1.953,student03
0,2026-07-29T21:37:14.775149+00:00,pull,10,0.0,student03
1,2026-07-29T21:37:14.873367+00:00,pull,10,0.11,student03
2,2026-07-29T21:37:14.984307+00:00,pull,10,0.219,student03
3,2026-07-29T21:37:15.090640+00:00,pull,10,0.313,student03
4,2026-07-29T21:37:15.185846+00:00,pull,10,0.422,student03
5,2026-07-29T21:37:15.300123+00:00,pull,10,0.532,student03
6,2026-07-29T21:37:15.410400+00:00,pull,10,0.641,student03
7,2026-07-29T21:37:15.520071+00:00,pull,10,0.75,student03
8,2026-07-29T21:37:15.624671+00:00,pull,10,0.86,student03
9,2026-07-29T21:37:15.725378+00:00,pull,10,0.953,student03
10,2026-07-29T21:37:15.823665+00:00,pull,10,1.047,student03
11,2026-07-29T21:37:15.916907+00:00,pull,10,1.141,student03
12,2026-07-29T21:37:16.013565+00:00,pull,10,1.25,student03
13,2026-07-29T21:37:16.123636+00:00,pull,10,1.36,student03
14,2026-07-29T21:37:16.239291+00:00,pull,10,1.469,student03
15,2026-07-29T21:37:16.338779+00:00,pull,10,1.563,student03
16,2026-07-29T21:37:16.434835+00:00,pull,10,1.657,student03
17,2026-07-29T21:37:16.526099+00:00,pull,10,1.75,student03
18,2026-07-29T21:37:16.623977+00:00,pull,10,1.86,student03
19,2026-07-29T21:37:16.739474+00:00,pull,10,1.969,student03
0,2026-07-29T21:37:22.707195+00:00,push,10,0.0,student03
1,2026-07-29T21:37:22.803143+00:00,push,10,0.094,student03
2,2026-07-29T21:37:22.909465+00:00,push,10,0.203,student03
3,2026-07-29T21:37:23.004619+00:00,push,10,0.297,student03
4,2026-07-29T21:37:23.113370+00:00,push,10,0.406,student03
5,2026-07-29T21:37:23.220591+00:00,push,10,0.515,student03
6,2026-07-29T21:37:23.330648+00:00,push,10,0.625,student03
7,2026-07-29T21:37:23.440130+00:00,push,10,0.734,student03
8,2026-07-29T21:37:23.549981+00:00,push,10,0.844,student03
9,2026-07-29T21:37:23.660288+00:00,push,10,0.953,student03
10,2026-07-29T21:37:23.770123+00:00,push,10,1.062,student03
11,2026-07-29T21:37:23.863635+00:00,push,10,1.156,student03
12,2026-07-29T21:37:23.958499+00:00,push,10,1.25,student03
13,2026-07-29T21:37:24.055648+00:00,push,10,1.344,student03
14,2026-07-29T21:37:24.148431+00:00,push,10,1.437,student03
15,2026-07-29T21:37:24.253488+00:00,push,10,1.547,student03
16,2026-07-29T21:37:24.360267+00:00,push,10,1.656,student03
17,2026-07-29T21:37:24.470163+00:00,push,10,1.765,student03
18,2026-07-29T21:37:24.579448+00:00,push,10,1.875,student03
19,2026-07-29T21:37:24.689917+00:00,push,10,1.984,student03
0,2026-07-29T21:37:26.698371+00:00,pull,11,0.0,student03
1,2026-07-29T21:37:26.794319+00:00,pull,11,0.094,student03
2,2026-07-29T21:37:26.894013+00:00,pull,11,0.203,student03
3,2026-07-29T21:37:27.000082+00:00,pull,11,0.313,student03
4,2026-07-29T21:37:27.110306+00:00,pull,11,0.422,student03
5,2026-07-29T21:37:27.207850+00:00,pull,11,0.516,student03
6,2026-07-29T21:37:27.305371+00:00,pull,11,0.61,student03
7,2026-07-29T21:37:27.398679+00:00,pull,11,0.703,student03
8,2026-07-29T21:37:27.503576+00:00,pull,11,0.813,student03
9,2026-07-29T21:37:27.610962+00:00,pull,11,0.922,student03
10,2026-07-29T21:37:27.707944+00:00,pull,11,1.016,student03
11,2026-07-29T21:37:27.805292+00:00,pull,11,1.11,student03
12,2026-07-29T21:37:27.910702+00:00,pull,11,1.219,student03
13,2026-07-29T21:37:28.019864+00:00,pull,11,1.328,student03
14,2026-07-29T21:37:28.117708+00:00,pull,11,1.422,student03
15,2026-07-29T21:37:28.213676+00:00,pull,11,1.516,student03
16,2026-07-29T21:37:28.308838+00:00,pull,11,1.61,student03
17,2026-07-29T21:37:28.405423+00:00,pull,11,1.719,student03
18,2026-07-29T21:37:28.519729+00:00,pull,11,1.828,student03
19,2026-07-29T21:37:28.630400+00:00,pull,11,1.938,student03
0,2026-07-29T21:37:32.918152+00:00,push,11,0.0,student03
1,2026-07-29T21:37:33.017841+00:00,push,11,0.109,student03
2,2026-07-29T21:37:33.130316+00:00,push,11,0.219,student03
3,2026-07-29T21:37:33.225347+00:00,push,11,0.312,student03
4,2026-07-29T21:37:33.324056+00:00,push,11,0.406,student03
5,2026-07-29T21:37:33.415002+00:00,push,11,0.5,student03
6,2026-07-29T21:37:33.520262+00:00,push,11,0.609,student03
7,2026-07-29T21:37:33.624308+00:00,push,11,0.719,student03
8,2026-07-29T21:37:33.734162+00:00,push,11,0.828,student03
9,2026-07-29T21:37:33.845052+00:00,push,11,0.937,student03
10,2026-07-29T21:37:33.944830+00:00,push,11,1.031,student03
11,2026-07-29T21:37:34.044514+00:00,push,11,1.125,student03
12,2026-07-29T21:37:34.139461+00:00,push,11,1.234,student03
13,2026-07-29T21:37:34.254270+00:00,push,11,1.344,student03
14,2026-07-29T21:37:34.364337+00:00,push,11,1.453,student03
15,2026-07-29T21:37:34.470074+00:00,push,11,1.562,student03
16,2026-07-29T21:37:34.581008+00:00,push,11,1.672,student03
17,2026-07-29T21:37:34.690738+00:00,push,11,1.781,student03
18,2026-07-29T21:37:34.800232+00:00,push,11,1.891,student03
0,2026-07-29T21:37:36.896924+00:00,pull,12,0.0,student03
1,2026-07-29T21:37:36.994686+00:00,pull,12,0.094,student03
2,2026-07-29T21:37:37.093626+00:00,pull,12,0.203,student03
3,2026-07-29T21:37:37.200723+00:00,pull,12,0.297,student03
4,2026-07-29T21:37:37.298736+00:00,pull,12,0.407,student03
5,2026-07-29T21:37:37.396674+00:00,pull,12,0.5,student03
6,2026-07-29T21:37:37.494494+00:00,pull,12,0.594,student03
7,2026-07-29T21:37:37.584918+00:00,pull,12,0.688,student03
8,2026-07-29T21:37:37.685794+00:00,pull,12,0.797,student03
9,2026-07-29T21:37:37.800267+00:00,pull,12,0.907,student03
10,2026-07-29T21:37:37.910915+00:00,pull,12,1.016,student03
11,2026-07-29T21:37:38.007867+00:00,pull,12,1.11,student03
12,2026-07-29T21:37:38.105906+00:00,pull,12,1.203,student03
13,2026-07-29T21:37:38.204529+00:00,pull,12,1.313,student03
14,2026-07-29T21:37:38.310943+00:00,pull,12,1.422,student03
15,2026-07-29T21:37:38.420511+00:00,pull,12,1.532,student03
16,2026-07-29T21:37:38.531232+00:00,pull,12,1.641,student03
17,2026-07-29T21:37:38.644920+00:00,pull,12,1.75,student03
18,2026-07-29T21:37:38.750961+00:00,pull,12,1.86,student03
19,2026-07-29T21:37:38.860921+00:00,pull,12,1.969,student03
0,2026-07-29T21:37:40.983629+00:00,push,12,0.0,student03
1,2026-07-29T21:37:41.084454+00:00,push,12,0.094,student03
2,2026-07-29T21:37:41.191102+00:00,push,12,0.203,student03
3,2026-07-29T21:37:41.300753+00:00,push,12,0.313,student03
4,2026-07-29T21:37:41.399046+00:00,push,12,0.406,student03
5,2026-07-29T21:37:41.494403+00:00,push,12,0.5,student03
6,2026-07-29T21:37:41.598710+00:00,push,12,0.609,student03
7,2026-07-29T21:37:41.694954+00:00,push,12,0.703,student03
8,2026-07-29T21:37:41.794210+00:00,push,12,0.797,student03
9,2026-07-29T21:37:41.888810+00:00,push,12,0.906,student03
10,2026-07-29T21:37:42.003890+00:00,push,12,1.016,student03
11,2026-07-29T21:37:42.099764+00:00,push,12,1.109,student03
12,2026-07-29T21:37:42.198231+00:00,push,12,1.203,student03
13,2026-07-29T21:37:42.295763+00:00,push,12,1.313,student03
14,2026-07-29T21:37:42.395973+00:00,push,12,1.406,student03
15,2026-07-29T21:37:42.489869+00:00,push,12,1.5,student03
16,2026-07-29T21:37:42.584270+00:00,push,12,1.594,student03
17,2026-07-29T21:37:42.690654+00:00,push,12,1.703,student03
18,2026-07-29T21:37:42.800711+00:00,push,12,1.813,student03
19,2026-07-29T21:37:42.910328+00:00,push,12,1.922,student03
0,2026-07-29T21:37:44.801027+00:00,pull,13,0.0,student03
1,2026-07-29T21:37:44.910679+00:00,pull,13,0.109,student03
2,2026-07-29T21:37:45.020855+00:00,pull,13,0.218,student03
3,2026-07-29T21:37:45.130272+00:00,pull,13,0.328,student03
4,2026-07-29T21:37:45.226243+00:00,pull,13,0.421,student03
5,2026-07-29T21:37:45.324731+00:00,pull,13,0.515,student03
6,2026-07-29T21:37:45.418286+00:00,pull,13,0.609,student03
7,2026-07-29T21:37:45.518333+00:00,pull,13,0.718,student03
8,2026-07-29T21:37:45.628553+00:00,pull,13,0.828,student03
9,2026-07-29T21:37:45.729421+00:00,pull,13,0.921,student03
10,2026-07-29T21:37:45.825572+00:00,pull,13,1.015,student03
11,2026-07-29T21:37:45.919718+00:00,pull,13,1.125,student03
12,2026-07-29T21:37:46.030845+00:00,pull,13,1.234,student03
13,2026-07-29T21:37:46.140840+00:00,pull,13,1.343,student03
14,2026-07-29T21:37:46.245613+00:00,pull,13,1.437,student03
15,2026-07-29T21:37:46.339627+00:00,pull,13,1.531,student03
16,2026-07-29T21:37:46.439756+00:00,pull,13,1.64,student03
17,2026-07-29T21:37:46.551285+00:00,pull,13,1.75,student03
18,2026-07-29T21:37:46.661020+00:00,pull,13,1.859,student03
19,2026-07-29T21:37:46.755564+00:00,pull,13,1.953,student03
0,2026-07-29T21:37:48.373787+00:00,push,13,0.0,student03
1,2026-07-29T21:37:48.480178+00:00,push,13,0.093,student03
2,2026-07-29T21:37:48.574159+00:00,push,13,0.187,student03
3,2026-07-29T21:37:48.665138+00:00,push,13,0.281,student03
4,2026-07-29T21:37:48.765188+00:00,push,13,0.39,student03
5,2026-07-29T21:37:48.870531+00:00,push,13,0.484,student03
6,2026-07-29T21:37:48.965285+00:00,push,13,0.578,student03
7,2026-07-29T21:37:49.056236+00:00,push,13,0.672,student03
8,2026-07-29T21:37:49.155859+00:00,push,13,0.781,student03
9,2026-07-29T21:37:49.264690+00:00,push,13,0.89,student03
10,2026-07-29T21:37:49.376180+00:00,push,13,1.0,student03
11,2026-07-29T21:37:49.476629+00:00,push,13,1.093,student03
12,2026-07-29T21:37:49.575555+00:00,push,13,1.187,student03
13,2026-07-29T21:37:49.668288+00:00,push,13,1.281,student03
14,2026-07-29T21:37:49.766566+00:00,push,13,1.39,student03
15,2026-07-29T21:37:49.874788+00:00,push,13,1.5,student03
16,2026-07-29T21:37:49.980668+00:00,push,13,1.593,student03
17,2026-07-29T21:37:50.075601+00:00,push,13,1.687,student03
18,2026-07-29T21:37:50.174394+00:00,push,13,1.797,student03
19,2026-07-29T21:37:50.284414+00:00,push,13,1.906,student03
0,2026-07-29T21:37:52.092423+00:00,pull,14,0.0,student03
1,2026-07-29T21:37:52.205030+00:00,pull,14,0.11,student03
2,2026-07-29T21:37:52.314456+00:00,pull,14,0.219,student03
3,2026-07-29T21:37:52.415259+00:00,pull,14,0.313,student03
4,2026-07-29T21:37:52.508342+00:00,pull,14,0.407,student03
5,2026-07-29T21:37:52.606355+00:00,pull,14,0.5,student03
6,2026-07-29T21:37:52.705067+00:00,pull,14,0.61,student03
7,2026-07-29T21:37:52.806046+00:00,pull,14,0.704,student03
8,2026-07-29T21:37:52.899728+00:00,pull,14,0.797,student03
9,2026-07-29T21:37:52.994740+00:00,pull,14,0.891,student03
10,2026-07-29T21:37:53.088932+00:00,pull,14,0.985,student03
11,2026-07-29T21:37:53.186204+00:00,pull,14,1.094,student03
12,2026-07-29T21:37:53.288804+00:00,pull,14,1.188,student03
13,2026-07-29T21:37:53.385411+00:00,pull,14,1.282,student03
14,2026-07-29T21:37:53.476295+00:00,pull,14,1.375,student03
15,2026-07-29T21:37:53.569027+00:00,pull,14,1.469,student03
16,2026-07-29T21:37:53.665680+00:00,pull,14,1.563,student03
17,2026-07-29T21:37:53.759352+00:00,pull,14,1.657,student03
18,2026-07-29T21:37:53.856819+00:00,pull,14,1.75,student03
19,2026-07-29T21:37:53.954204+00:00,pull,14,1.86,student03
20,2026-07-29T21:37:54.064720+00:00,pull,14,1.969,student03
0,2026-07-29T21:37:56.516167+00:00,push,14,0.0,student03
1,2026-07-29T21:37:56.615665+00:00,push,14,0.094,student03
2,2026-07-29T21:37:56.722053+00:00,push,14,0.203,student03
3,2026-07-29T21:37:56.831285+00:00,push,14,0.313,student03
4,2026-07-29T21:37:56.930393+00:00,push,14,0.407,student03
5,2026-07-29T21:37:57.027894+00:00,push,14,0.5,student03
6,2026-07-29T21:37:57.125050+00:00,push,14,0.61,student03
7,2026-07-29T21:37:57.230921+00:00,push,14,0.703,student03
8,2026-07-29T21:37:57.328974+00:00,push,14,0.813,student03
9,2026-07-29T21:37:57.430313+00:00,push,14,0.907,student03
10,2026-07-29T21:37:57.526501+00:00,push,14,1.0,student03
11,2026-07-29T21:37:57.623210+00:00,push,14,1.11,student03
12,2026-07-29T21:37:57.736638+00:00,push,14,1.219,student03
13,2026-07-29T21:37:57.845429+00:00,push,14,1.328,student03
14,2026-07-29T21:37:57.942891+00:00,push,14,1.422,student03
15,2026-07-29T21:37:58.045703+00:00,push,14,1.532,student03
16,2026-07-29T21:37:58.151519+00:00,push,14,1.625,student03
17,2026-07-29T21:37:58.244873+00:00,push,14,1.719,student03
18,2026-07-29T21:37:58.335244+00:00,push,14,1.813,student03
19,2026-07-29T21:37:58.436504+00:00,push,14,1.922,student03
0,2026-07-29T21:38:33.412765+00:00,clockwise,0,0.0,student03
1,2026-07-29T21:38:33.509858+00:00,clockwise,0,0.094,student03
2,2026-07-29T21:38:33.607450+00:00,clockwise,0,0.203,student03
3,2026-07-29T21:38:33.722531+00:00,clockwise,0,0.312,student03
4,2026-07-29T21:38:33.819982+00:00,clockwise,0,0.406,student03
5,2026-07-29T21:38:33.916142+00:00,clockwise,0,0.5,student03
6,2026-07-29T21:38:34.017078+00:00,clockwise,0,0.609,student03
7,2026-07-29T21:38:34.119883+00:00,clockwise,0,0.703,student03
8,2026-07-29T21:38:34.216433+00:00,clockwise,0,0.797,student03
9,2026-07-29T21:38:34.305410+00:00,clockwise,0,0.891,student03
10,2026-07-29T21:38:34.401097+00:00,clockwise,0,0.984,student03
11,2026-07-29T21:38:34.499877+00:00,clockwise,0,1.094,student03
12,2026-07-29T21:38:34.612516+00:00,clockwise,0,1.203,student03
13,2026-07-29T21:38:34.722812+00:00,clockwise,0,1.312,student03
14,2026-07-29T21:38:34.819782+00:00,clockwise,0,1.406,student03
15,2026-07-29T21:38:34.920046+00:00,clockwise,0,1.516,student03
16,2026-07-29T21:38:35.032640+00:00,clockwise,0,1.625,student03
17,2026-07-29T21:38:35.142589+00:00,clockwise,0,1.734,student03
18,2026-07-29T21:38:35.252830+00:00,clockwise,0,1.844,student03
19,2026-07-29T21:38:35.363269+00:00,clockwise,0,1.953,student03
0,2026-07-29T21:38:37.844064+00:00,anticlockwise,0,0.0,student03
1,2026-07-29T21:38:37.945876+00:00,anticlockwise,0,0.094,student03
2,2026-07-29T21:38:38.037470+00:00,anticlockwise,0,0.188,student03
3,2026-07-29T21:38:38.136861+00:00,anticlockwise,0,0.282,student03
4,2026-07-29T21:38:38.238170+00:00,anticlockwise,0,0.391,student03
5,2026-07-29T21:38:38.337383+00:00,anticlockwise,0,0.485,student03
6,2026-07-29T21:38:38.441454+00:00,anticlockwise,0,0.594,student03
7,2026-07-29T21:38:38.537162+00:00,anticlockwise,0,0.688,student03
8,2026-07-29T21:38:38.640408+00:00,anticlockwise,0,0.797,student03
9,2026-07-29T21:38:38.753251+00:00,anticlockwise,0,0.907,student03
10,2026-07-29T21:38:38.858142+00:00,anticlockwise,0,1.016,student03
11,2026-07-29T21:38:38.960257+00:00,anticlockwise,0,1.11,student03
12,2026-07-29T21:38:39.057322+00:00,anticlockwise,0,1.204,student03
13,2026-07-29T21:38:39.160943+00:00,anticlockwise,0,1.313,student03
14,2026-07-29T21:38:39.257352+00:00,anticlockwise,0,1.407,student03
15,2026-07-29T21:38:39.351384+00:00,anticlockwise,0,1.5,student03
16,2026-07-29T21:38:39.450117+00:00,anticlockwise,0,1.594,student03
17,2026-07-29T21:38:39.547083+00:00,anticlockwise,0,1.704,student03
18,2026-07-29T21:38:39.655796+00:00,anticlockwise,0,1.813,student03
19,2026-07-29T21:38:39.766187+00:00,anticlockwise,0,1.922,student03
0,2026-07-29T21:38:41.672428+00:00,clockwise,1,0.0,student03
1,2026-07-29T21:38:41.782336+00:00,clockwise,1,0.109,student03
2,2026-07-29T21:38:41.893077+00:00,clockwise,1,0.218,student03
3,2026-07-29T21:38:42.002654+00:00,clockwise,1,0.328,student03
4,2026-07-29T21:38:42.112301+00:00,clockwise,1,0.437,student03
5,2026-07-29T21:38:42.210337+00:00,clockwise,1,0.531,student03
6,2026-07-29T21:38:42.308564+00:00,clockwise,1,0.625,student03
7,2026-07-29T21:38:42.411291+00:00,clockwise,1,0.734,student03
8,2026-07-29T21:38:42.519775+00:00,clockwise,1,0.843,student03
9,2026-07-29T21:38:42.616537+00:00,clockwise,1,0.937,student03
10,2026-07-29T21:38:42.710374+00:00,clockwise,1,1.031,student03
11,2026-07-29T21:38:42.808337+00:00,clockwise,1,1.125,student03
12,2026-07-29T21:38:42.911092+00:00,clockwise,1,1.234,student03
13,2026-07-29T21:38:43.007075+00:00,clockwise,1,1.328,student03
14,2026-07-29T21:38:43.101132+00:00,clockwise,1,1.421,student03
15,2026-07-29T21:38:43.197641+00:00,clockwise,1,1.515,student03
16,2026-07-29T21:38:43.296549+00:00,clockwise,1,1.625,student03
17,2026-07-29T21:38:43.404181+00:00,clockwise,1,1.734,student03
18,2026-07-29T21:38:43.513536+00:00,clockwise,1,1.843,student03
19,2026-07-29T21:38:43.622542+00:00,clockwise,1,1.937,student03
0,2026-07-29T21:38:45.060814+00:00,anticlockwise,1,0.0,student03
1,2026-07-29T21:38:45.173472+00:00,anticlockwise,1,0.11,student03
2,2026-07-29T21:38:45.283726+00:00,anticlockwise,1,0.219,student03
3,2026-07-29T21:38:45.386691+00:00,anticlockwise,1,0.313,student03
4,2026-07-29T21:38:45.487491+00:00,anticlockwise,1,0.422,student03
5,2026-07-29T21:38:45.587034+00:00,anticlockwise,1,0.516,student03
6,2026-07-29T21:38:45.681159+00:00,anticlockwise,1,0.61,student03
7,2026-07-29T21:38:45.778598+00:00,anticlockwise,1,0.703,student03
8,2026-07-29T21:38:45.870910+00:00,anticlockwise,1,0.797,student03
9,2026-07-29T21:38:45.971440+00:00,anticlockwise,1,0.906,student03
10,2026-07-29T21:38:46.070596+00:00,anticlockwise,1,1.0,student03
11,2026-07-29T21:38:46.167600+00:00,anticlockwise,1,1.094,student03
12,2026-07-29T21:38:46.260722+00:00,anticlockwise,1,1.188,student03
13,2026-07-29T21:38:46.362192+00:00,anticlockwise,1,1.297,student03
14,2026-07-29T21:38:46.458090+00:00,anticlockwise,1,1.391,student03
15,2026-07-29T21:38:46.566906+00:00,anticlockwise,1,1.5,student03
16,2026-07-29T21:38:46.661626+00:00,anticlockwise,1,1.594,student03
17,2026-07-29T21:38:46.756935+00:00,anticlockwise,1,1.688,student03
18,2026-07-29T21:38:46.858292+00:00,anticlockwise,1,1.797,student03
19,2026-07-29T21:38:46.960753+00:00,anticlockwise,1,1.891,student03
0,2026-07-29T21:38:48.798357+00:00,clockwise,2,0.0,student03
1,2026-07-29T21:38:48.898772+00:00,clockwise,2,0.093,student03
2,2026-07-29T21:38:48.997573+00:00,clockwise,2,0.187,student03
3,2026-07-29T21:38:49.096708+00:00,clockwise,2,0.296,student03
4,2026-07-29T21:38:49.202707+00:00,clockwise,2,0.406,student03
5,2026-07-29T21:38:49.316502+00:00,clockwise,2,0.515,student03
6,2026-07-29T21:38:49.417346+00:00,clockwise,2,0.609,student03
7,2026-07-29T21:38:49.510267+00:00,clockwise,2,0.703,student03
8,2026-07-29T21:38:49.611284+00:00,clockwise,2,0.812,student03
9,2026-07-29T21:38:49.722434+00:00,clockwise,2,0.921,student03
10,2026-07-29T21:38:49.833080+00:00,clockwise,2,1.031,student03
11,2026-07-29T21:38:49.927695+00:00,clockwise,2,1.125,student03
12,2026-07-29T21:38:50.027513+00:00,clockwise,2,1.218,student03
13,2026-07-29T21:38:50.114770+00:00,clockwise,2,1.312,student03
14,2026-07-29T21:38:50.210376+00:00,clockwise,2,1.406,student03
15,2026-07-29T21:38:50.308569+00:00,clockwise,2,1.5,student03
16,2026-07-29T21:38:50.410871+00:00,clockwise,2,1.609,student03
17,2026-07-29T21:38:50.507297+00:00,clockwise,2,1.703,student03
18,2026-07-29T21:38:50.602401+00:00,clockwise,2,1.796,student03
19,2026-07-29T21:38:50.701703+00:00,clockwise,2,1.906,student03
0,2026-07-29T21:38:52.337069+00:00,anticlockwise,2,0.0,student03
1,2026-07-29T21:38:52.432501+00:00,anticlockwise,2,0.094,student03
2,2026-07-29T21:38:52.528185+00:00,anticlockwise,2,0.187,student03
3,2026-07-29T21:38:52.627255+00:00,anticlockwise,2,0.297,student03
4,2026-07-29T21:38:52.733410+00:00,anticlockwise,2,0.406,student03
5,2026-07-29T21:38:52.842930+00:00,anticlockwise,2,0.515,student03
6,2026-07-29T21:38:52.953202+00:00,anticlockwise,2,0.625,student03
7,2026-07-29T21:38:53.064072+00:00,anticlockwise,2,0.734,student03
8,2026-07-29T21:38:53.162203+00:00,anticlockwise,2,0.828,student03
9,2026-07-29T21:38:53.255032+00:00,anticlockwise,2,0.922,student03
10,2026-07-29T21:38:53.352214+00:00,anticlockwise,2,1.015,student03
11,2026-07-29T21:38:53.450665+00:00,anticlockwise,2,1.109,student03
12,2026-07-29T21:38:53.547496+00:00,anticlockwise,2,1.219,student03
13,2026-07-29T21:38:53.657572+00:00,anticlockwise,2,1.328,student03
14,2026-07-29T21:38:53.757564+00:00,anticlockwise,2,1.422,student03
15,2026-07-29T21:38:53.851463+00:00,anticlockwise,2,1.515,student03
16,2026-07-29T21:38:53.950853+00:00,anticlockwise,2,1.609,student03
17,2026-07-29T21:38:54.047145+00:00,anticlockwise,2,1.719,student03
18,2026-07-29T21:38:54.149123+00:00,anticlockwise,2,1.812,student03
19,2026-07-29T21:38:54.250973+00:00,anticlockwise,2,1.922,student03
0,2026-07-29T21:38:56.193479+00:00,clockwise,3,0.0,student03
1,2026-07-29T21:38:56.287177+00:00,clockwise,3,0.094,student03
2,2026-07-29T21:38:56.393556+00:00,clockwise,3,0.203,student03
3,2026-07-29T21:38:56.502712+00:00,clockwise,3,0.313,student03
4,2026-07-29T21:38:56.601941+00:00,clockwise,3,0.406,student03
5,2026-07-29T21:38:56.697626+00:00,clockwise,3,0.5,student03
6,2026-07-29T21:38:56.801109+00:00,clockwise,3,0.61,student03
7,2026-07-29T21:38:56.898970+00:00,clockwise,3,0.703,student03
8,2026-07-29T21:38:56.991329+00:00,clockwise,3,0.797,student03
9,2026-07-29T21:38:57.087026+00:00,clockwise,3,0.891,student03
10,2026-07-29T21:38:57.188028+00:00,clockwise,3,1.0,student03
11,2026-07-29T21:38:57.291356+00:00,clockwise,3,1.094,student03
12,2026-07-29T21:38:57.387846+00:00,clockwise,3,1.188,student03
13,2026-07-29T21:38:57.481680+00:00,clockwise,3,1.281,student03
14,2026-07-29T21:38:57.577525+00:00,clockwise,3,1.391,student03
15,2026-07-29T21:38:57.678246+00:00,clockwise,3,1.485,student03
16,2026-07-29T21:38:57.778862+00:00,clockwise,3,1.578,student03
17,2026-07-29T21:38:57.877286+00:00,clockwise,3,1.688,student03
18,2026-07-29T21:38:57.983597+00:00,clockwise,3,1.797,student03
19,2026-07-29T21:38:58.093858+00:00,clockwise,3,1.906,student03
0,2026-07-29T21:39:00.139996+00:00,anticlockwise,3,0.0,student03
1,2026-07-29T21:39:00.254298+00:00,anticlockwise,3,0.11,student03
2,2026-07-29T21:39:00.363313+00:00,anticlockwise,3,0.219,student03
3,2026-07-29T21:39:00.461007+00:00,anticlockwise,3,0.313,student03
4,2026-07-29T21:39:00.558756+00:00,anticlockwise,3,0.407,student03
5,2026-07-29T21:39:00.657749+00:00,anticlockwise,3,0.516,student03
6,2026-07-29T21:39:00.757973+00:00,anticlockwise,3,0.61,student03
7,2026-07-29T21:39:00.862152+00:00,anticlockwise,3,0.719,student03
8,2026-07-29T21:39:00.970382+00:00,anticlockwise,3,0.828,student03
9,2026-07-29T21:39:01.067678+00:00,anticlockwise,3,0.922,student03
10,2026-07-29T21:39:01.171156+00:00,anticlockwise,3,1.032,student03
11,2026-07-29T21:39:01.286640+00:00,anticlockwise,3,1.141,student03
12,2026-07-29T21:39:01.380409+00:00,anticlockwise,3,1.235,student03
13,2026-07-29T21:39:01.481615+00:00,anticlockwise,3,1.328,student03
14,2026-07-29T21:39:01.580241+00:00,anticlockwise,3,1.438,student03
15,2026-07-29T21:39:01.681555+00:00,anticlockwise,3,1.532,student03
16,2026-07-29T21:39:01.777565+00:00,anticlockwise,3,1.625,student03
17,2026-07-29T21:39:01.871225+00:00,anticlockwise,3,1.719,student03
18,2026-07-29T21:39:01.967275+00:00,anticlockwise,3,1.828,student03
19,2026-07-29T21:39:02.073468+00:00,anticlockwise,3,1.922,student03
0,2026-07-29T21:39:03.977600+00:00,clockwise,4,0.0,student03
1,2026-07-29T21:39:04.067791+00:00,clockwise,4,0.094,student03
2,2026-07-29T21:39:04.168584+00:00,clockwise,4,0.188,student03
3,2026-07-29T21:39:04.267248+00:00,clockwise,4,0.297,student03
4,2026-07-29T21:39:04.376423+00:00,clockwise,4,0.407,student03
5,2026-07-29T21:39:04.478430+00:00,clockwise,4,0.5,student03
6,2026-07-29T21:39:04.577720+00:00,clockwise,4,0.61,student03
7,2026-07-29T21:39:04.686701+00:00,clockwise,4,0.719,student03
8,2026-07-29T21:39:04.787149+00:00,clockwise,4,0.813,student03
9,2026-07-29T21:39:04.887585+00:00,clockwise,4,0.907,student03
10,2026-07-29T21:39:04.978579+00:00,clockwise,4,1.0,student03
11,2026-07-29T21:39:05.077408+00:00,clockwise,4,1.11,student03
12,2026-07-29T21:39:05.183830+00:00,clockwise,4,1.204,student03
13,2026-07-29T21:39:05.278526+00:00,clockwise,4,1.297,student03
14,2026-07-29T21:39:05.377286+00:00,clockwise,4,1.407,student03
15,2026-07-29T21:39:05.484756+00:00,clockwise,4,1.516,student03
16,2026-07-29T21:39:05.596995+00:00,clockwise,4,1.625,student03
17,2026-07-29T21:39:05.703314+00:00,clockwise,4,1.735,student03
18,2026-07-29T21:39:05.812836+00:00,clockwise,4,1.844,student03
19,2026-07-29T21:39:05.923320+00:00,clockwise,4,1.954,student03
0,2026-07-29T21:39:07.849592+00:00,anticlockwise,4,0.0,student03
1,2026-07-29T21:39:07.947278+00:00,anticlockwise,4,0.094,student03
2,2026-07-29T21:39:08.048300+00:00,anticlockwise,4,0.204,student03
3,2026-07-29T21:39:08.156943+00:00,anticlockwise,4,0.313,student03
4,2026-07-29T21:39:08.267807+00:00,anticlockwise,4,0.422,student03
5,2026-07-29T21:39:08.367948+00:00,anticlockwise,4,0.516,student03
6,2026-07-29T21:39:08.471184+00:00,anticlockwise,4,0.625,student03
7,2026-07-29T21:39:08.567810+00:00,anticlockwise,4,0.719,student03
8,2026-07-29T21:39:08.662669+00:00,anticlockwise,4,0.813,student03
9,2026-07-29T21:39:08.756484+00:00,anticlockwise,4,0.907,student03
10,2026-07-29T21:39:08.858750+00:00,anticlockwise,4,1.016,student03
11,2026-07-29T21:39:08.961580+00:00,anticlockwise,4,1.11,student03
12,2026-07-29T21:39:09.062784+00:00,anticlockwise,4,1.219,student03
13,2026-07-29T21:39:09.173694+00:00,anticlockwise,4,1.329,student03
14,2026-07-29T21:39:09.283610+00:00,anticlockwise,4,1.438,student03
15,2026-07-29T21:39:09.380949+00:00,anticlockwise,4,1.532,student03
16,2026-07-29T21:39:09.482585+00:00,anticlockwise,4,1.641,student03
17,2026-07-29T21:39:09.597780+00:00,anticlockwise,4,1.75,student03
18,2026-07-29T21:39:09.707586+00:00,anticlockwise,4,1.86,student03
19,2026-07-29T21:39:09.814454+00:00,anticlockwise,4,1.969,student03
0,2026-07-29T21:39:11.066601+00:00,clockwise,5,0.0,student03
1,2026-07-29T21:39:11.167213+00:00,clockwise,5,0.094,student03
2,2026-07-29T21:39:11.258248+00:00,clockwise,5,0.188,student03
3,2026-07-29T21:39:11.358558+00:00,clockwise,5,0.297,student03
4,2026-07-29T21:39:11.460663+00:00,clockwise,5,0.391,student03
5,2026-07-29T21:39:11.562177+00:00,clockwise,5,0.5,student03
6,2026-07-29T21:39:11.673875+00:00,clockwise,5,0.61,student03
7,2026-07-29T21:39:11.784878+00:00,clockwise,5,0.719,student03
8,2026-07-29T21:39:11.891402+00:00,clockwise,5,0.828,student03
9,2026-07-29T21:39:12.003279+00:00,clockwise,5,0.938,student03
10,2026-07-29T21:39:12.102797+00:00,clockwise,5,1.031,student03
11,2026-07-29T21:39:12.197551+00:00,clockwise,5,1.125,student03
12,2026-07-29T21:39:12.297624+00:00,clockwise,5,1.235,student03
13,2026-07-29T21:39:12.407271+00:00,clockwise,5,1.344,student03
14,2026-07-29T21:39:12.517527+00:00,clockwise,5,1.453,student03
15,2026-07-29T21:39:12.618338+00:00,clockwise,5,1.547,student03
16,2026-07-29T21:39:12.710959+00:00,clockwise,5,1.641,student03
17,2026-07-29T21:39:12.809351+00:00,clockwise,5,1.735,student03
18,2026-07-29T21:39:12.909296+00:00,clockwise,5,1.844,student03
19,2026-07-29T21:39:13.011377+00:00,clockwise,5,1.938,student03
0,2026-07-29T21:39:14.253684+00:00,anticlockwise,5,0.0,student03
1,2026-07-29T21:39:14.363420+00:00,anticlockwise,5,0.109,student03
2,2026-07-29T21:39:14.457606+00:00,anticlockwise,5,0.203,student03
3,2026-07-29T21:39:14.558996+00:00,anticlockwise,5,0.297,student03
4,2026-07-29T21:39:14.659116+00:00,anticlockwise,5,0.406,student03
5,2026-07-29T21:39:14.757829+00:00,anticlockwise,5,0.5,student03
6,2026-07-29T21:39:14.859699+00:00,anticlockwise,5,0.609,student03
7,2026-07-29T21:39:14.957893+00:00,anticlockwise,5,0.703,student03
8,2026-07-29T21:39:15.062299+00:00,anticlockwise,5,0.812,student03
9,2026-07-29T21:39:15.173711+00:00,anticlockwise,5,0.922,student03
10,2026-07-29T21:39:15.283898+00:00,anticlockwise,5,1.031,student03
11,2026-07-29T21:39:15.394521+00:00,anticlockwise,5,1.14,student03
12,2026-07-29T21:39:15.504314+00:00,anticlockwise,5,1.25,student03
13,2026-07-29T21:39:15.602743+00:00,anticlockwise,5,1.343,student03
14,2026-07-29T21:39:15.695929+00:00,anticlockwise,5,1.437,student03
15,2026-07-29T21:39:15.788545+00:00,anticlockwise,5,1.531,student03
16,2026-07-29T21:39:15.882047+00:00,anticlockwise,5,1.625,student03
17,2026-07-29T21:39:15.979961+00:00,anticlockwise,5,1.718,student03
18,2026-07-29T21:39:16.077563+00:00,anticlockwise,5,1.828,student03
19,2026-07-29T21:39:16.179151+00:00,anticlockwise,5,1.922,student03
0,2026-07-29T21:39:18.271396+00:00,clockwise,6,0.0,student03
1,2026-07-29T21:39:18.368539+00:00,clockwise,6,0.094,student03
2,2026-07-29T21:39:18.467972+00:00,clockwise,6,0.203,student03
3,2026-07-29T21:39:18.577508+00:00,clockwise,6,0.313,student03
4,2026-07-29T21:39:18.679410+00:00,clockwise,6,0.407,student03
5,2026-07-29T21:39:18.782281+00:00,clockwise,6,0.516,student03
6,2026-07-29T21:39:18.881349+00:00,clockwise,6,0.61,student03
7,2026-07-29T21:39:18.978776+00:00,clockwise,6,0.703,student03
8,2026-07-29T21:39:19.072511+00:00,clockwise,6,0.797,student03
9,2026-07-29T21:39:19.167941+00:00,clockwise,6,0.891,student03
10,2026-07-29T21:39:19.258786+00:00,clockwise,6,0.985,student03
11,2026-07-29T21:39:19.359093+00:00,clockwise,6,1.094,student03
12,2026-07-29T21:39:19.467106+00:00,clockwise,6,1.203,student03
13,2026-07-29T21:39:19.574597+00:00,clockwise,6,1.297,student03
14,2026-07-29T21:39:19.671274+00:00,clockwise,6,1.407,student03
15,2026-07-29T21:39:19.784139+00:00,clockwise,6,1.516,student03
16,2026-07-29T21:39:19.893388+00:00,clockwise,6,1.625,student03
17,2026-07-29T21:39:19.991072+00:00,clockwise,6,1.719,student03
18,2026-07-29T21:39:20.088083+00:00,clockwise,6,1.813,student03
19,2026-07-29T21:39:20.192412+00:00,clockwise,6,1.922,student03
0,2026-07-29T21:39:24.204608+00:00,anticlockwise,6,0.0,student03
1,2026-07-29T21:39:24.313541+00:00,anticlockwise,6,0.109,student03
2,2026-07-29T21:39:24.424279+00:00,anticlockwise,6,0.219,student03
3,2026-07-29T21:39:24.523016+00:00,anticlockwise,6,0.312,student03
4,2026-07-29T21:39:24.618158+00:00,anticlockwise,6,0.406,student03
5,2026-07-29T21:39:24.708429+00:00,anticlockwise,6,0.5,student03
6,2026-07-29T21:39:24.809421+00:00,anticlockwise,6,0.594,student03
7,2026-07-29T21:39:24.896282+00:00,anticlockwise,6,0.687,student03
8,2026-07-29T21:39:25.001587+00:00,anticlockwise,6,0.797,student03
9,2026-07-29T21:39:25.099274+00:00,anticlockwise,6,0.89,student03
10,2026-07-29T21:39:25.198789+00:00,anticlockwise,6,0.984,student03
11,2026-07-29T21:39:25.291679+00:00,anticlockwise,6,1.078,student03
12,2026-07-29T21:39:25.392088+00:00,anticlockwise,6,1.187,student03
13,2026-07-29T21:39:25.491977+00:00,anticlockwise,6,1.281,student03
14,2026-07-29T21:39:25.588780+00:00,anticlockwise,6,1.375,student03
15,2026-07-29T21:39:25.682842+00:00,anticlockwise,6,1.469,student03
16,2026-07-29T21:39:25.779504+00:00,anticlockwise,6,1.578,student03
17,2026-07-29T21:39:25.893988+00:00,anticlockwise,6,1.687,student03
18,2026-07-29T21:39:25.991521+00:00,anticlockwise,6,1.781,student03
19,2026-07-29T21:39:26.093624+00:00,anticlockwise,6,1.89,student03
0,2026-07-29T21:39:28.495042+00:00,clockwise,7,0.0,student03
1,2026-07-29T21:39:28.597829+00:00,clockwise,7,0.109,student03
2,2026-07-29T21:39:28.692557+00:00,clockwise,7,0.203,student03
3,2026-07-29T21:39:28.787860+00:00,clockwise,7,0.297,student03
4,2026-07-29T21:39:28.881826+00:00,clockwise,7,0.391,student03
5,2026-07-29T21:39:28.980393+00:00,clockwise,7,0.484,student03
6,2026-07-29T21:39:29.078864+00:00,clockwise,7,0.594,student03
7,2026-07-29T21:39:29.183008+00:00,clockwise,7,0.688,student03
8,2026-07-29T21:39:29.278043+00:00,clockwise,7,0.781,student03
9,2026-07-29T21:39:29.369247+00:00,clockwise,7,0.875,student03
10,2026-07-29T21:39:29.471997+00:00,clockwise,7,0.984,student03
11,2026-07-29T21:39:29.569284+00:00,clockwise,7,1.078,student03
12,2026-07-29T21:39:29.668665+00:00,clockwise,7,1.172,student03
13,2026-07-29T21:39:29.763142+00:00,clockwise,7,1.266,student03
14,2026-07-29T21:39:29.862941+00:00,clockwise,7,1.375,student03
15,2026-07-29T21:39:29.958767+00:00,clockwise,7,1.469,student03
16,2026-07-29T21:39:30.053152+00:00,clockwise,7,1.563,student03
17,2026-07-29T21:39:30.149502+00:00,clockwise,7,1.656,student03
18,2026-07-29T21:39:30.252011+00:00,clockwise,7,1.766,student03
19,2026-07-29T21:39:30.349093+00:00,clockwise,7,1.859,student03
20,2026-07-29T21:39:30.452374+00:00,clockwise,7,1.969,student03
0,2026-07-29T21:39:32.401615+00:00,anticlockwise,7,0.0,student03
1,2026-07-29T21:39:32.497431+00:00,anticlockwise,7,0.094,student03
2,2026-07-29T21:39:32.589127+00:00,anticlockwise,7,0.188,student03
3,2026-07-29T21:39:32.690122+00:00,anticlockwise,7,0.297,student03
4,2026-07-29T21:39:32.792077+00:00,anticlockwise,7,0.391,student03
5,2026-07-29T21:39:32.888433+00:00,anticlockwise,7,0.5,student03
6,2026-07-29T21:39:32.994152+00:00,anticlockwise,7,0.594,student03
7,2026-07-29T21:39:33.087722+00:00,anticlockwise,7,0.688,student03
8,2026-07-29T21:39:33.192824+00:00,anticlockwise,7,0.797,student03
9,2026-07-29T21:39:33.288768+00:00,anticlockwise,7,0.891,student03
10,2026-07-29T21:39:33.395088+00:00,anticlockwise,7,1.0,student03
11,2026-07-29T21:39:33.492162+00:00,anticlockwise,7,1.094,student03
12,2026-07-29T21:39:33.592243+00:00,anticlockwise,7,1.203,student03
13,2026-07-29T21:39:33.707503+00:00,anticlockwise,7,1.313,student03
14,2026-07-29T21:39:33.818353+00:00,anticlockwise,7,1.422,student03
15,2026-07-29T21:39:33.911925+00:00,anticlockwise,7,1.516,student03
16,2026-07-29T21:39:34.007671+00:00,anticlockwise,7,1.61,student03
17,2026-07-29T21:39:34.109756+00:00,anticlockwise,7,1.719,student03
18,2026-07-29T21:39:34.212248+00:00,anticlockwise,7,1.813,student03
19,2026-07-29T21:39:34.309617+00:00,anticlockwise,7,1.907,student03
0,2026-07-29T21:39:36.135187+00:00,clockwise,8,0.0,student03
1,2026-07-29T21:39:36.228376+00:00,clockwise,8,0.093,student03
2,2026-07-29T21:39:36.322094+00:00,clockwise,8,0.187,student03
3,2026-07-29T21:39:36.419242+00:00,clockwise,8,0.281,student03
4,2026-07-29T21:39:36.507179+00:00,clockwise,8,0.375,student03
5,2026-07-29T21:39:36.614259+00:00,clockwise,8,0.484,student03
6,2026-07-29T21:39:36.708788+00:00,clockwise,8,0.578,student03
7,2026-07-29T21:39:36.802580+00:00,clockwise,8,0.672,student03
8,2026-07-29T21:39:36.896949+00:00,clockwise,8,0.765,student03
9,2026-07-29T21:39:36.991838+00:00,clockwise,8,0.859,student03
10,2026-07-29T21:39:37.092126+00:00,clockwise,8,0.968,student03
11,2026-07-29T21:39:37.204707+00:00,clockwise,8,1.078,student03
12,2026-07-29T21:39:37.314015+00:00,clockwise,8,1.187,student03
13,2026-07-29T21:39:37.424052+00:00,clockwise,8,1.297,student03
14,2026-07-29T21:39:37.522860+00:00,clockwise,8,1.39,student03
15,2026-07-29T21:39:37.619282+00:00,clockwise,8,1.484,student03
16,2026-07-29T21:39:37.719170+00:00,clockwise,8,1.593,student03
17,2026-07-29T21:39:37.828280+00:00,clockwise,8,1.703,student03
18,2026-07-29T21:39:37.929377+00:00,clockwise,8,1.797,student03
19,2026-07-29T21:39:38.023115+00:00,clockwise,8,1.89,student03
0,2026-07-29T21:39:39.306082+00:00,anticlockwise,8,0.0,student03
1,2026-07-29T21:39:39.398967+00:00,anticlockwise,8,0.093,student03
2,2026-07-29T21:39:39.492353+00:00,anticlockwise,8,0.187,student03
3,2026-07-29T21:39:39.589004+00:00,anticlockwise,8,0.281,student03
4,2026-07-29T21:39:39.689713+00:00,anticlockwise,8,0.39,student03
5,2026-07-29T21:39:39.788395+00:00,anticlockwise,8,0.484,student03
6,2026-07-29T21:39:39.894251+00:00,anticlockwise,8,0.593,student03
7,2026-07-29T21:39:40.004486+00:00,anticlockwise,8,0.703,student03
8,2026-07-29T21:39:40.113006+00:00,anticlockwise,8,0.812,student03
9,2026-07-29T21:39:40.209262+00:00,anticlockwise,8,0.906,student03
10,2026-07-29T21:39:40.303092+00:00,anticlockwise,8,1.0,student03
11,2026-07-29T21:39:40.400418+00:00,anticlockwise,8,1.093,student03
12,2026-07-29T21:39:40.499064+00:00,anticlockwise,8,1.203,student03
13,2026-07-29T21:39:40.608139+00:00,anticlockwise,8,1.312,student03
14,2026-07-29T21:39:40.718282+00:00,anticlockwise,8,1.421,student03
15,2026-07-29T21:39:40.822184+00:00,anticlockwise,8,1.515,student03
16,2026-07-29T21:39:40.918774+00:00,anticlockwise,8,1.609,student03
17,2026-07-29T21:39:41.009056+00:00,anticlockwise,8,1.703,student03
18,2026-07-29T21:39:41.103160+00:00,anticlockwise,8,1.796,student03
19,2026-07-29T21:39:41.199418+00:00,anticlockwise,8,1.89,student03
0,2026-07-29T21:39:42.578142+00:00,clockwise,9,0.0,student03
1,2026-07-29T21:39:42.688572+00:00,clockwise,9,0.109,student03
2,2026-07-29T21:39:42.795072+00:00,clockwise,9,0.219,student03
3,2026-07-29T21:39:42.908451+00:00,clockwise,9,0.328,student03
4,2026-07-29T21:39:43.009190+00:00,clockwise,9,0.422,student03
5,2026-07-29T21:39:43.103239+00:00,clockwise,9,0.515,student03
6,2026-07-29T21:39:43.198926+00:00,clockwise,9,0.609,student03
7,2026-07-29T21:39:43.299287+00:00,clockwise,9,0.719,student03
8,2026-07-29T21:39:43.403351+00:00,clockwise,9,0.812,student03
9,2026-07-29T21:39:43.502337+00:00,clockwise,9,0.922,student03
10,2026-07-29T21:39:43.599454+00:00,clockwise,9,1.015,student03
11,2026-07-29T21:39:43.702456+00:00,clockwise,9,1.125,student03
12,2026-07-29T21:39:43.803415+00:00,clockwise,9,1.219,student03
13,2026-07-29T21:39:43.900585+00:00,clockwise,9,1.312,student03
14,2026-07-29T21:39:43.999142+00:00,clockwise,9,1.422,student03
15,2026-07-29T21:39:44.099787+00:00,clockwise,9,1.515,student03
16,2026-07-29T21:39:44.198359+00:00,clockwise,9,1.609,student03
17,2026-07-29T21:39:44.286968+00:00,clockwise,9,1.703,student03
18,2026-07-29T21:39:44.382696+00:00,clockwise,9,1.797,student03
19,2026-07-29T21:39:44.480431+00:00,clockwise,9,1.89,student03
0,2026-07-29T21:39:46.235872+00:00,anticlockwise,9,0.0,student03
1,2026-07-29T21:39:46.345592+00:00,anticlockwise,9,0.109,student03
2,2026-07-29T21:39:46.454556+00:00,anticlockwise,9,0.219,student03
3,2026-07-29T21:39:46.564602+00:00,anticlockwise,9,0.328,student03
4,2026-07-29T21:39:46.674170+00:00,anticlockwise,9,0.438,student03
5,2026-07-29T21:39:46.785318+00:00,anticlockwise,9,0.547,student03
6,2026-07-29T21:39:46.894466+00:00,anticlockwise,9,0.656,student03
7,2026-07-29T21:39:46.992658+00:00,anticlockwise,9,0.75,student03
8,2026-07-29T21:39:47.088611+00:00,anticlockwise,9,0.844,student03
9,2026-07-29T21:39:47.183565+00:00,anticlockwise,9,0.938,student03
10,2026-07-29T21:39:47.279744+00:00,anticlockwise,9,1.047,student03
11,2026-07-29T21:39:47.388425+00:00,anticlockwise,9,1.141,student03
12,2026-07-29T21:39:47.483607+00:00,anticlockwise,9,1.25,student03
13,2026-07-29T21:39:47.582608+00:00,anticlockwise,9,1.344,student03
14,2026-07-29T21:39:47.679971+00:00,anticlockwise,9,1.438,student03
15,2026-07-29T21:39:47.783038+00:00,anticlockwise,9,1.547,student03
16,2026-07-29T21:39:47.882396+00:00,anticlockwise,9,1.641,student03
17,2026-07-29T21:39:47.979577+00:00,anticlockwise,9,1.734,student03
18,2026-07-29T21:39:48.079092+00:00,anticlockwise,9,1.844,student03
19,2026-07-29T21:39:48.185301+00:00,anticlockwise,9,1.938,student03
0,2026-07-29T21:39:49.941693+00:00,clockwise,10,0.0,student03
1,2026-07-29T21:39:50.038908+00:00,clockwise,10,0.094,student03
2,2026-07-29T21:39:50.129864+00:00,clockwise,10,0.188,student03
3,2026-07-29T21:39:50.233998+00:00,clockwise,10,0.297,student03
4,2026-07-29T21:39:50.345610+00:00,clockwise,10,0.406,student03
5,2026-07-29T21:39:50.455424+00:00,clockwise,10,0.516,student03
6,2026-07-29T21:39:50.566742+00:00,clockwise,10,0.625,student03
7,2026-07-29T21:39:50.674846+00:00,clockwise,10,0.735,student03
8,2026-07-29T21:39:50.783543+00:00,clockwise,10,0.844,student03
9,2026-07-29T21:39:50.894803+00:00,clockwise,10,0.953,student03
10,2026-07-29T21:39:51.004206+00:00,clockwise,10,1.063,student03
11,2026-07-29T21:39:51.101164+00:00,clockwise,10,1.156,student03
12,2026-07-29T21:39:51.198933+00:00,clockwise,10,1.25,student03
13,2026-07-29T21:39:51.292347+00:00,clockwise,10,1.344,student03
14,2026-07-29T21:39:51.392666+00:00,clockwise,10,1.453,student03
15,2026-07-29T21:39:51.505736+00:00,clockwise,10,1.563,student03
16,2026-07-29T21:39:51.600656+00:00,clockwise,10,1.656,student03
17,2026-07-29T21:39:51.699755+00:00,clockwise,10,1.75,student03
18,2026-07-29T21:39:51.788287+00:00,clockwise,10,1.844,student03
19,2026-07-29T21:39:51.882542+00:00,clockwise,10,1.938,student03
0,2026-07-29T21:39:53.452484+00:00,anticlockwise,10,0.0,student03
1,2026-07-29T21:39:53.565390+00:00,anticlockwise,10,0.109,student03
2,2026-07-29T21:39:53.675553+00:00,anticlockwise,10,0.219,student03
3,2026-07-29T21:39:53.784789+00:00,anticlockwise,10,0.328,student03
4,2026-07-29T21:39:53.883025+00:00,anticlockwise,10,0.422,student03
5,2026-07-29T21:39:53.979538+00:00,anticlockwise,10,0.515,student03
6,2026-07-29T21:39:54.079444+00:00,anticlockwise,10,0.625,student03
7,2026-07-29T21:39:54.188422+00:00,anticlockwise,10,0.734,student03
8,2026-07-29T21:39:54.299525+00:00,anticlockwise,10,0.844,student03
9,2026-07-29T21:39:54.403337+00:00,anticlockwise,10,0.937,student03
10,2026-07-29T21:39:54.499611+00:00,anticlockwise,10,1.047,student03
11,2026-07-29T21:39:54.609017+00:00,anticlockwise,10,1.156,student03
12,2026-07-29T21:39:54.711875+00:00,anticlockwise,10,1.25,student03
13,2026-07-29T21:39:54.810534+00:00,anticlockwise,10,1.359,student03
14,2026-07-29T21:39:54.919140+00:00,anticlockwise,10,1.453,student03
15,2026-07-29T21:39:55.012784+00:00,anticlockwise,10,1.547,student03
16,2026-07-29T21:39:55.111121+00:00,anticlockwise,10,1.656,student03
17,2026-07-29T21:39:55.210050+00:00,anticlockwise,10,1.75,student03
18,2026-07-29T21:39:55.310494+00:00,anticlockwise,10,1.859,student03
19,2026-07-29T21:39:55.412640+00:00,anticlockwise,10,1.953,student03
0,2026-07-29T21:39:56.958817+00:00,clockwise,11,0.0,student03
1,2026-07-29T21:39:57.064888+00:00,clockwise,11,0.109,student03
2,2026-07-29T21:39:57.174675+00:00,clockwise,11,0.219,student03
3,2026-07-29T21:39:57.284819+00:00,clockwise,11,0.328,student03
4,2026-07-29T21:39:57.379318+00:00,clockwise,11,0.422,student03
5,2026-07-29T21:39:57.485352+00:00,clockwise,11,0.531,student03
6,2026-07-29T21:39:57.594909+00:00,clockwise,11,0.64,student03
7,2026-07-29T21:39:57.693411+00:00,clockwise,11,0.734,student03
8,2026-07-29T21:39:57.799438+00:00,clockwise,11,0.844,student03
9,2026-07-29T21:39:57.910109+00:00,clockwise,11,0.953,student03
10,2026-07-29T21:39:58.015952+00:00,clockwise,11,1.062,student03
11,2026-07-29T21:39:58.129370+00:00,clockwise,11,1.172,student03
12,2026-07-29T21:39:58.235254+00:00,clockwise,11,1.281,student03
13,2026-07-29T21:39:58.333356+00:00,clockwise,11,1.375,student03
14,2026-07-29T21:39:58.434627+00:00,clockwise,11,1.469,student03
15,2026-07-29T21:39:58.533393+00:00,clockwise,11,1.578,student03
16,2026-07-29T21:39:58.629570+00:00,clockwise,11,1.672,student03
17,2026-07-29T21:39:58.735763+00:00,clockwise,11,1.781,student03
18,2026-07-29T21:39:58.846295+00:00,clockwise,11,1.89,student03
0,2026-07-29T21:40:00.093021+00:00,anticlockwise,11,0.0,student03
1,2026-07-29T21:40:00.204972+00:00,anticlockwise,11,0.11,student03
2,2026-07-29T21:40:00.314864+00:00,anticlockwise,11,0.219,student03
3,2026-07-29T21:40:00.412750+00:00,anticlockwise,11,0.313,student03
4,2026-07-29T21:40:00.509338+00:00,anticlockwise,11,0.407,student03
5,2026-07-29T21:40:00.610872+00:00,anticlockwise,11,0.516,student03
6,2026-07-29T21:40:00.713419+00:00,anticlockwise,11,0.61,student03
7,2026-07-29T21:40:00.810115+00:00,anticlockwise,11,0.704,student03
8,2026-07-29T21:40:00.897857+00:00,anticlockwise,11,0.797,student03
9,2026-07-29T21:40:00.990054+00:00,anticlockwise,11,0.891,student03
10,2026-07-29T21:40:01.092398+00:00,anticlockwise,11,1.0,student03
11,2026-07-29T21:40:01.205274+00:00,anticlockwise,11,1.11,student03
12,2026-07-29T21:40:01.315069+00:00,anticlockwise,11,1.219,student03
13,2026-07-29T21:40:01.424982+00:00,anticlockwise,11,1.329,student03
14,2026-07-29T21:40:01.535919+00:00,anticlockwise,11,1.438,student03
15,2026-07-29T21:40:01.632463+00:00,anticlockwise,11,1.532,student03
16,2026-07-29T21:40:01.730096+00:00,anticlockwise,11,1.625,student03
17,2026-07-29T21:40:01.829176+00:00,anticlockwise,11,1.735,student03
18,2026-07-29T21:40:01.936549+00:00,anticlockwise,11,1.844,student03
19,2026-07-29T21:40:02.039681+00:00,anticlockwise,11,1.938,student03
0,2026-07-29T21:40:03.360997+00:00,clockwise,12,0.0,student03
1,2026-07-29T21:40:03.458859+00:00,clockwise,12,0.094,student03
2,2026-07-29T21:40:03.554859+00:00,clockwise,12,0.188,student03
3,2026-07-29T21:40:03.659712+00:00,clockwise,12,0.297,student03
4,2026-07-29T21:40:03.769833+00:00,clockwise,12,0.406,student03
5,2026-07-29T21:40:03.875559+00:00,clockwise,12,0.516,student03
6,2026-07-29T21:40:03.984249+00:00,clockwise,12,0.625,student03
7,2026-07-29T21:40:04.095283+00:00,clockwise,12,0.734,student03
8,2026-07-29T21:40:04.193042+00:00,clockwise,12,0.828,student03
9,2026-07-29T21:40:04.293269+00:00,clockwise,12,0.922,student03
10,2026-07-29T21:40:04.389695+00:00,clockwise,12,1.031,student03
11,2026-07-29T21:40:04.489841+00:00,clockwise,12,1.125,student03
12,2026-07-29T21:40:04.598480+00:00,clockwise,12,1.234,student03
13,2026-07-29T21:40:04.692671+00:00,clockwise,12,1.328,student03
14,2026-07-29T21:40:04.789716+00:00,clockwise,12,1.422,student03
15,2026-07-29T21:40:04.889581+00:00,clockwise,12,1.531,student03
16,2026-07-29T21:40:04.999062+00:00,clockwise,12,1.641,student03
17,2026-07-29T21:40:05.108747+00:00,clockwise,12,1.75,student03
18,2026-07-29T21:40:05.215811+00:00,clockwise,12,1.844,student03
19,2026-07-29T21:40:05.314077+00:00,clockwise,12,1.953,student03
0,2026-07-29T21:40:07.305820+00:00,anticlockwise,12,0.0,student03
1,2026-07-29T21:40:07.400212+00:00,anticlockwise,12,0.093,student03
2,2026-07-29T21:40:07.493069+00:00,anticlockwise,12,0.187,student03
3,2026-07-29T21:40:07.589681+00:00,anticlockwise,12,0.281,student03
4,2026-07-29T21:40:07.690721+00:00,anticlockwise,12,0.39,student03
5,2026-07-29T21:40:07.799777+00:00,anticlockwise,12,0.5,student03
6,2026-07-29T21:40:07.901743+00:00,anticlockwise,12,0.593,student03
7,2026-07-29T21:40:08.002790+00:00,anticlockwise,12,0.703,student03
8,2026-07-29T21:40:08.100987+00:00,anticlockwise,12,0.796,student03
9,2026-07-29T21:40:08.199442+00:00,anticlockwise,12,0.89,student03
10,2026-07-29T21:40:08.289841+00:00,anticlockwise,12,0.984,student03
11,2026-07-29T21:40:08.393251+00:00,anticlockwise,12,1.093,student03
12,2026-07-29T21:40:08.489779+00:00,anticlockwise,12,1.187,student03
13,2026-07-29T21:40:08.582571+00:00,anticlockwise,12,1.281,student03
14,2026-07-29T21:40:08.680865+00:00,anticlockwise,12,1.375,student03
15,2026-07-29T21:40:08.781116+00:00,anticlockwise,12,1.484,student03
16,2026-07-29T21:40:08.879773+00:00,anticlockwise,12,1.578,student03
17,2026-07-29T21:40:08.981005+00:00,anticlockwise,12,1.671,student03
18,2026-07-29T21:40:09.067796+00:00,anticlockwise,12,1.765,student03
19,2026-07-29T21:40:09.176425+00:00,anticlockwise,12,1.875,student03
20,2026-07-29T21:40:09.274678+00:00,anticlockwise,12,1.968,student03
0,2026-07-29T21:40:10.912013+00:00,clockwise,13,0.0,student03
1,2026-07-29T21:40:11.009146+00:00,clockwise,13,0.094,student03
2,2026-07-29T21:40:11.104048+00:00,clockwise,13,0.187,student03
3,2026-07-29T21:40:11.199610+00:00,clockwise,13,0.281,student03
4,2026-07-29T21:40:11.299492+00:00,clockwise,13,0.391,student03
5,2026-07-29T21:40:11.405647+00:00,clockwise,13,0.5,student03
6,2026-07-29T21:40:11.515359+00:00,clockwise,13,0.609,student03
7,2026-07-29T21:40:11.625572+00:00,clockwise,13,0.719,student03
8,2026-07-29T21:40:11.730618+00:00,clockwise,13,0.812,student03
9,2026-07-29T21:40:11.816892+00:00,clockwise,13,0.906,student03
10,2026-07-29T21:40:11.926387+00:00,clockwise,13,1.016,student03
11,2026-07-29T21:40:12.024026+00:00,clockwise,13,1.109,student03
12,2026-07-29T21:40:12.119859+00:00,clockwise,13,1.203,student03
13,2026-07-29T21:40:12.212790+00:00,clockwise,13,1.297,student03
14,2026-07-29T21:40:12.314020+00:00,clockwise,13,1.406,student03
15,2026-07-29T21:40:12.420287+00:00,clockwise,13,1.516,student03
16,2026-07-29T21:40:12.528644+00:00,clockwise,13,1.609,student03
17,2026-07-29T21:40:12.623335+00:00,clockwise,13,1.719,student03
18,2026-07-29T21:40:12.736215+00:00,clockwise,13,1.828,student03
19,2026-07-29T21:40:12.835218+00:00,clockwise,13,1.922,student03
0,2026-07-29T21:40:14.684797+00:00,anticlockwise,13,0.0,student03
1,2026-07-29T21:40:14.780419+00:00,anticlockwise,13,0.109,student03
2,2026-07-29T21:40:14.895793+00:00,anticlockwise,13,0.218,student03
3,2026-07-29T21:40:14.989984+00:00,anticlockwise,13,0.312,student03
4,2026-07-29T21:40:15.095792+00:00,anticlockwise,13,0.421,student03
5,2026-07-29T21:40:15.206041+00:00,anticlockwise,13,0.531,student03
6,2026-07-29T21:40:15.315398+00:00,anticlockwise,13,0.64,student03
7,2026-07-29T21:40:15.413358+00:00,anticlockwise,13,0.734,student03
8,2026-07-29T21:40:15.508485+00:00,anticlockwise,13,0.828,student03
9,2026-07-29T21:40:15.601154+00:00,anticlockwise,13,0.921,student03
10,2026-07-29T21:40:15.702970+00:00,anticlockwise,13,1.031,student03
11,2026-07-29T21:40:15.805300+00:00,anticlockwise,13,1.125,student03
12,2026-07-29T21:40:15.904572+00:00,anticlockwise,13,1.234,student03
13,2026-07-29T21:40:16.016408+00:00,anticlockwise,13,1.343,student03
14,2026-07-29T21:40:16.129647+00:00,anticlockwise,13,1.453,student03
15,2026-07-29T21:40:16.230785+00:00,anticlockwise,13,1.546,student03
16,2026-07-29T21:40:16.318038+00:00,anticlockwise,13,1.64,student03
17,2026-07-29T21:40:16.410636+00:00,anticlockwise,13,1.734,student03
18,2026-07-29T21:40:16.519189+00:00,anticlockwise,13,1.843,student03
19,2026-07-29T21:40:16.625594+00:00,anticlockwise,13,1.953,student03
0,2026-07-29T21:40:18.163029+00:00,clockwise,14,0.0,student03
1,2026-07-29T21:40:18.260884+00:00,clockwise,14,0.094,student03
2,2026-07-29T21:40:18.355050+00:00,clockwise,14,0.187,student03
3,2026-07-29T21:40:18.453578+00:00,clockwise,14,0.297,student03
4,2026-07-29T21:40:18.554844+00:00,clockwise,14,0.391,student03
5,2026-07-29T21:40:18.651722+00:00,clockwise,14,0.484,student03
6,2026-07-29T21:40:18.750961+00:00,clockwise,14,0.594,student03
7,2026-07-29T21:40:18.851857+00:00,clockwise,14,0.687,student03
8,2026-07-29T21:40:18.954191+00:00,clockwise,14,0.797,student03
9,2026-07-29T21:40:19.066572+00:00,clockwise,14,0.906,student03
10,2026-07-29T21:40:19.163619+00:00,clockwise,14,1.0,student03
11,2026-07-29T21:40:19.261173+00:00,clockwise,14,1.094,student03
12,2026-07-29T21:40:19.355325+00:00,clockwise,14,1.187,student03
13,2026-07-29T21:40:19.449276+00:00,clockwise,14,1.281,student03
14,2026-07-29T21:40:19.541099+00:00,clockwise,14,1.375,student03
15,2026-07-29T21:40:19.633975+00:00,clockwise,14,1.469,student03
16,2026-07-29T21:40:19.732038+00:00,clockwise,14,1.562,student03
17,2026-07-29T21:40:19.830067+00:00,clockwise,14,1.672,student03
18,2026-07-29T21:40:19.936576+00:00,clockwise,14,1.781,student03
19,2026-07-29T21:40:20.047062+00:00,clockwise,14,1.891,student03
0,2026-07-29T21:40:21.614014+00:00,anticlockwise,14,0.0,student03
1,2026-07-29T21:40:21.709290+00:00,anticlockwise,14,0.094,student03
2,2026-07-29T21:40:21.804658+00:00,anticlockwise,14,0.188,student03
3,2026-07-29T21:40:21.900776+00:00,anticlockwise,14,0.281,student03
4,2026-07-29T21:40:22.000295+00:00,anticlockwise,14,0.391,student03
5,2026-07-29T21:40:22.101895+00:00,anticlockwise,14,0.484,student03
6,2026-07-29T21:40:22.203534+00:00,anticlockwise,14,0.594,student03
7,2026-07-29T21:40:22.304460+00:00,anticlockwise,14,0.688,student03
8,2026-07-29T21:40:22.401271+00:00,anticlockwise,14,0.781,student03
9,2026-07-29T21:40:22.500786+00:00,anticlockwise,14,0.891,student03
10,2026-07-29T21:40:22.604866+00:00,anticlockwise,14,0.984,student03
11,2026-07-29T21:40:22.703790+00:00,anticlockwise,14,1.094,student03
12,2026-07-29T21:40:22.815859+00:00,anticlockwise,14,1.203,student03
13,2026-07-29T21:40:22.914052+00:00,anticlockwise,14,1.297,student03
14,2026-07-29T21:40:23.013881+00:00,anticlockwise,14,1.406,student03
15,2026-07-29T21:40:23.125677+00:00,anticlockwise,14,1.516,student03
16,2026-07-29T21:40:23.236263+00:00,anticlockwise,14,1.625,student03
17,2026-07-29T21:40:23.345612+00:00,anticlockwise,14,1.734,student03
18,2026-07-29T21:40:23.456739+00:00,anticlockwise,14,1.844,student03
19,2026-07-29T21:40:23.565708+00:00,anticlockwise,14,1.953,student03
0,2026-07-29T21:40:57.745305+00:00,right,0,0.0,student03
1,2026-07-29T21:40:57.840316+00:00,right,0,0.094,student03
2,2026-07-29T21:40:57.933068+00:00,right,0,0.188,student03
3,2026-07-29T21:40:58.035843+00:00,right,0,0.297,student03
4,2026-07-29T21:40:58.141538+00:00,right,0,0.406,student03
5,2026-07-29T21:40:58.250980+00:00,right,0,0.516,student03
6,2026-07-29T21:40:58.357509+00:00,right,0,0.625,student03
7,2026-07-29T21:40:58.467428+00:00,right,0,0.734,student03
8,2026-07-29T21:40:58.570622+00:00,right,0,0.828,student03
9,2026-07-29T21:40:58.675125+00:00,right,0,0.938,student03
10,2026-07-29T21:40:58.772483+00:00,right,0,1.031,student03
11,2026-07-29T21:40:58.871916+00:00,right,0,1.125,student03
12,2026-07-29T21:40:58.972150+00:00,right,0,1.234,student03
13,2026-07-29T21:40:59.070729+00:00,right,0,1.328,student03
14,2026-07-29T21:40:59.161369+00:00,right,0,1.422,student03
15,2026-07-29T21:40:59.266863+00:00,right,0,1.531,student03
16,2026-07-29T21:40:59.365285+00:00,right,0,1.625,student03
17,2026-07-29T21:40:59.462039+00:00,right,0,1.719,student03
18,2026-07-29T21:40:59.562712+00:00,right,0,1.828,student03
19,2026-07-29T21:40:59.661284+00:00,right,0,1.922,student03
0,2026-07-29T21:41:01.344285+00:00,left,0,0.0,student03
1,2026-07-29T21:41:01.457222+00:00,left,0,0.11,student03
2,2026-07-29T21:41:01.552927+00:00,left,0,0.204,student03
3,2026-07-29T21:41:01.652578+00:00,left,0,0.297,student03
4,2026-07-29T21:41:01.751207+00:00,left,0,0.407,student03
5,2026-07-29T21:41:01.856871+00:00,left,0,0.5,student03
6,2026-07-29T21:41:01.951498+00:00,left,0,0.61,student03
7,2026-07-29T21:41:02.067270+00:00,left,0,0.719,student03
8,2026-07-29T21:41:02.171534+00:00,left,0,0.829,student03
9,2026-07-29T21:41:02.280735+00:00,left,0,0.938,student03
10,2026-07-29T21:41:02.387397+00:00,left,0,1.032,student03
11,2026-07-29T21:41:02.481728+00:00,left,0,1.125,student03
12,2026-07-29T21:41:02.575493+00:00,left,0,1.219,student03
13,2026-07-29T21:41:02.671657+00:00,left,0,1.329,student03
14,2026-07-29T21:41:02.781335+00:00,left,0,1.438,student03
15,2026-07-29T21:41:02.891856+00:00,left,0,1.547,student03
16,2026-07-29T21:41:02.997443+00:00,left,0,1.641,student03
17,2026-07-29T21:41:03.090768+00:00,left,0,1.735,student03
18,2026-07-29T21:41:03.186294+00:00,left,0,1.844,student03
19,2026-07-29T21:41:03.297720+00:00,left,0,1.954,student03
0,2026-07-29T21:41:04.696615+00:00,right,1,0.0,student03
1,2026-07-29T21:41:04.792006+00:00,right,1,0.094,student03
2,2026-07-29T21:41:04.891849+00:00,right,1,0.203,student03
3,2026-07-29T21:41:04.991598+00:00,right,1,0.297,student03
4,2026-07-29T21:41:05.085370+00:00,right,1,0.391,student03
5,2026-07-29T21:41:05.182661+00:00,right,1,0.485,student03
6,2026-07-29T21:41:05.276672+00:00,right,1,0.578,student03
7,2026-07-29T21:41:05.371914+00:00,right,1,0.672,student03
8,2026-07-29T21:41:05.471291+00:00,right,1,0.781,student03
9,2026-07-29T21:41:05.581279+00:00,right,1,0.891,student03
10,2026-07-29T21:41:05.687295+00:00,right,1,1.0,student03
11,2026-07-29T21:41:05.801574+00:00,right,1,1.11,student03
12,2026-07-29T21:41:05.910680+00:00,right,1,1.219,student03
13,2026-07-29T21:41:06.005406+00:00,right,1,1.313,student03
14,2026-07-29T21:41:06.105762+00:00,right,1,1.406,student03
15,2026-07-29T21:41:06.201866+00:00,right,1,1.516,student03
16,2026-07-29T21:41:06.311705+00:00,right,1,1.625,student03
17,2026-07-29T21:41:06.411579+00:00,right,1,1.719,student03
18,2026-07-29T21:41:06.511260+00:00,right,1,1.813,student03
19,2026-07-29T21:41:06.602057+00:00,right,1,1.906,student03
0,2026-07-29T21:41:08.484026+00:00,left,1,0.0,student03
1,2026-07-29T21:41:08.597434+00:00,left,1,0.109,student03
2,2026-07-29T21:41:08.694965+00:00,left,1,0.203,student03
3,2026-07-29T21:41:08.795301+00:00,left,1,0.313,student03
4,2026-07-29T21:41:08.909597+00:00,left,1,0.422,student03
5,2026-07-29T21:41:09.005551+00:00,left,1,0.516,student03
6,2026-07-29T21:41:09.102288+00:00,left,1,0.609,student03
7,2026-07-29T21:41:09.195653+00:00,left,1,0.703,student03
8,2026-07-29T21:41:09.290018+00:00,left,1,0.797,student03
9,2026-07-29T21:41:09.381885+00:00,left,1,0.891,student03
10,2026-07-29T21:41:09.485606+00:00,left,1,1.0,student03
11,2026-07-29T21:41:09.597426+00:00,left,1,1.109,student03
12,2026-07-29T21:41:09.707453+00:00,left,1,1.219,student03
13,2026-07-29T21:41:09.802964+00:00,left,1,1.313,student03
14,2026-07-29T21:41:09.902677+00:00,left,1,1.406,student03
15,2026-07-29T21:41:09.995205+00:00,left,1,1.5,student03
16,2026-07-29T21:41:10.090927+00:00,left,1,1.594,student03
17,2026-07-29T21:41:10.191623+00:00,left,1,1.703,student03
18,2026-07-29T21:41:10.300756+00:00,left,1,1.813,student03
19,2026-07-29T21:41:10.402552+00:00,left,1,1.906,student03
0,2026-07-29T21:41:21.091537+00:00,right,2,0.0,student03
1,2026-07-29T21:41:21.192193+00:00,right,2,0.109,student03
2,2026-07-29T21:41:21.291995+00:00,right,2,0.203,student03
3,2026-07-29T21:41:21.385340+00:00,right,2,0.297,student03
4,2026-07-29T21:41:21.483272+00:00,right,2,0.406,student03
5,2026-07-29T21:41:21.585724+00:00,right,2,0.5,student03
6,2026-07-29T21:41:21.683417+00:00,right,2,0.594,student03
7,2026-07-29T21:41:21.782484+00:00,right,2,0.703,student03
8,2026-07-29T21:41:21.885431+00:00,right,2,0.797,student03
9,2026-07-29T21:41:21.982430+00:00,right,2,0.906,student03
10,2026-07-29T21:41:22.098214+00:00,right,2,1.015,student03
11,2026-07-29T21:41:22.192611+00:00,right,2,1.109,student03
12,2026-07-29T21:41:22.298324+00:00,right,2,1.219,student03
13,2026-07-29T21:41:22.408370+00:00,right,2,1.328,student03
14,2026-07-29T21:41:22.517524+00:00,right,2,1.437,student03
15,2026-07-29T21:41:22.616549+00:00,right,2,1.531,student03
16,2026-07-29T21:41:22.721684+00:00,right,2,1.64,student03
17,2026-07-29T21:41:22.828021+00:00,right,2,1.75,student03
18,2026-07-29T21:41:22.938503+00:00,right,2,1.859,student03
19,2026-07-29T21:41:23.048308+00:00,right,2,1.969,student03
0,2026-07-29T21:41:24.405313+00:00,left,2,0.0,student03
1,2026-07-29T21:41:24.517410+00:00,left,2,0.109,student03
2,2026-07-29T21:41:24.615919+00:00,left,2,0.203,student03
3,2026-07-29T21:41:24.716076+00:00,left,2,0.297,student03
4,2026-07-29T21:41:24.813291+00:00,left,2,0.406,student03
5,2026-07-29T21:41:24.912859+00:00,left,2,0.5,student03
6,2026-07-29T21:41:25.013264+00:00,left,2,0.594,student03
7,2026-07-29T21:41:25.112590+00:00,left,2,0.703,student03
8,2026-07-29T21:41:25.212577+00:00,left,2,0.797,student03
9,2026-07-29T21:41:25.306591+00:00,left,2,0.891,student03
10,2026-07-29T21:41:25.403330+00:00,left,2,0.984,student03
11,2026-07-29T21:41:25.490312+00:00,left,2,1.078,student03
12,2026-07-29T21:41:25.598376+00:00,left,2,1.187,student03
13,2026-07-29T21:41:25.692418+00:00,left,2,1.281,student03
14,2026-07-29T21:41:25.791937+00:00,left,2,1.375,student03
15,2026-07-29T21:41:25.885670+00:00,left,2,1.469,student03
16,2026-07-29T21:41:25.987087+00:00,left,2,1.578,student03
17,2026-07-29T21:41:26.097420+00:00,left,2,1.687,student03
18,2026-07-29T21:41:26.195946+00:00,left,2,1.781,student03
19,2026-07-29T21:41:26.292109+00:00,left,2,1.875,student03
20,2026-07-29T21:41:26.392655+00:00,left,2,1.984,student03
0,2026-07-29T21:41:27.805889+00:00,right,3,0.0,student03
1,2026-07-29T21:41:27.907107+00:00,right,3,0.109,student03
2,2026-07-29T21:41:28.018389+00:00,right,3,0.218,student03
3,2026-07-29T21:41:28.128348+00:00,right,3,0.328,student03
4,2026-07-29T21:41:28.237995+00:00,right,3,0.437,student03
5,2026-07-29T21:41:28.336040+00:00,right,3,0.531,student03
6,2026-07-29T21:41:28.436477+00:00,right,3,0.64,student03
7,2026-07-29T21:41:28.551809+00:00,right,3,0.75,student03
8,2026-07-29T21:41:28.656513+00:00,right,3,0.859,student03
9,2026-07-29T21:41:28.768718+00:00,right,3,0.968,student03
10,2026-07-29T21:41:28.866125+00:00,right,3,1.062,student03
11,2026-07-29T21:41:28.961551+00:00,right,3,1.156,student03
12,2026-07-29T21:41:29.063502+00:00,right,3,1.265,student03
13,2026-07-29T21:41:29.165563+00:00,right,3,1.359,student03
14,2026-07-29T21:41:29.261810+00:00,right,3,1.453,student03
15,2026-07-29T21:41:29.356766+00:00,right,3,1.546,student03
16,2026-07-29T21:41:29.452580+00:00,right,3,1.656,student03
17,2026-07-29T21:41:29.561692+00:00,right,3,1.765,student03
18,2026-07-29T21:41:29.672560+00:00,right,3,1.875,student03
19,2026-07-29T21:41:29.778588+00:00,right,3,1.968,student03
0,2026-07-29T21:41:30.916524+00:00,left,3,0.0,student03
1,2026-07-29T21:41:31.012760+00:00,left,3,0.094,student03
2,2026-07-29T21:41:31.113745+00:00,left,3,0.203,student03
3,2026-07-29T21:41:31.212633+00:00,left,3,0.297,student03
4,2026-07-29T21:41:31.304286+00:00,left,3,0.391,student03
5,2026-07-29T21:41:31.403221+00:00,left,3,0.484,student03
6,2026-07-29T21:41:31.495626+00:00,left,3,0.578,student03
7,2026-07-29T21:41:31.595659+00:00,left,3,0.687,student03
8,2026-07-29T21:41:31.695521+00:00,left,3,0.781,student03
9,2026-07-29T21:41:31.796082+00:00,left,3,0.891,student03
10,2026-07-29T21:41:31.896879+00:00,left,3,0.984,student03
11,2026-07-29T21:41:31.992501+00:00,left,3,1.078,student03
12,2026-07-29T21:41:32.092807+00:00,left,3,1.187,student03
13,2026-07-29T21:41:32.202588+00:00,left,3,1.297,student03
14,2026-07-29T21:41:32.308782+00:00,left,3,1.391,student03
15,2026-07-29T21:41:32.403186+00:00,left,3,1.484,student03
16,2026-07-29T21:41:32.503144+00:00,left,3,1.594,student03
17,2026-07-29T21:41:32.602568+00:00,left,3,1.687,student03
18,2026-07-29T21:41:32.695903+00:00,left,3,1.781,student03
19,2026-07-29T21:41:32.792765+00:00,left,3,1.875,student03
20,2026-07-29T21:41:32.892194+00:00,left,3,1.984,student03
0,2026-07-29T21:41:34.259845+00:00,right,4,0.0,student03
1,2026-07-29T21:41:34.357156+00:00,right,4,0.093,student03
2,2026-07-29T21:41:34.452575+00:00,right,4,0.203,student03
3,2026-07-29T21:41:34.552748+00:00,right,4,0.297,student03
4,2026-07-29T21:41:34.653620+00:00,right,4,0.39,student03
5,2026-07-29T21:41:34.752383+00:00,right,4,0.5,student03
6,2026-07-29T21:41:34.859575+00:00,right,4,0.609,student03
7,2026-07-29T21:41:34.969057+00:00,right,4,0.718,student03
8,2026-07-29T21:41:35.076738+00:00,right,4,0.828,student03
9,2026-07-29T21:41:35.191871+00:00,right,4,0.937,student03
10,2026-07-29T21:41:35.286289+00:00,right,4,1.031,student03
11,2026-07-29T21:41:35.386534+00:00,right,4,1.125,student03
12,2026-07-29T21:41:35.487972+00:00,right,4,1.234,student03
13,2026-07-29T21:41:35.598184+00:00,right,4,1.343,student03
14,2026-07-29T21:41:35.692806+00:00,right,4,1.437,student03
15,2026-07-29T21:41:35.785946+00:00,right,4,1.531,student03
16,2026-07-29T21:41:35.882447+00:00,right,4,1.625,student03
17,2026-07-29T21:41:35.988722+00:00,right,4,1.734,student03
18,2026-07-29T21:41:36.097947+00:00,right,4,1.843,student03
19,2026-07-29T21:41:36.192240+00:00,right,4,1.937,student03
0,2026-07-29T21:41:37.311895+00:00,left,4,0.0,student03
1,2026-07-29T21:41:37.411998+00:00,left,4,0.094,student03
2,2026-07-29T21:41:37.505896+00:00,left,4,0.188,student03
3,2026-07-29T21:41:37.603654+00:00,left,4,0.281,student03
4,2026-07-29T21:41:37.703288+00:00,left,4,0.391,student03
5,2026-07-29T21:41:37.812449+00:00,left,4,0.5,student03
6,2026-07-29T21:41:37.918800+00:00,left,4,0.594,student03
7,2026-07-29T21:41:38.015814+00:00,left,4,0.703,student03
8,2026-07-29T21:41:38.116092+00:00,left,4,0.797,student03
9,2026-07-29T21:41:38.212841+00:00,left,4,0.891,student03
10,2026-07-29T21:41:38.313282+00:00,left,4,1.0,student03
11,2026-07-29T21:41:38.419013+00:00,left,4,1.094,student03
12,2026-07-29T21:41:38.512466+00:00,left,4,1.188,student03
13,2026-07-29T21:41:38.603567+00:00,left,4,1.281,student03
14,2026-07-29T21:41:38.696509+00:00,left,4,1.375,student03
15,2026-07-29T21:41:38.791913+00:00,left,4,1.469,student03
16,2026-07-29T21:41:38.881700+00:00,left,4,1.563,student03
17,2026-07-29T21:41:38.977468+00:00,left,4,1.656,student03
18,2026-07-29T21:41:39.072670+00:00,left,4,1.75,student03
19,2026-07-29T21:41:39.172395+00:00,left,4,1.86,student03
20,2026-07-29T21:41:39.283026+00:00,left,4,1.969,student03
0,2026-07-29T21:41:40.461399+00:00,right,5,0.0,student03
1,2026-07-29T21:41:40.554118+00:00,right,5,0.094,student03
2,2026-07-29T21:41:40.657502+00:00,right,5,0.203,student03
3,2026-07-29T21:41:40.756137+00:00,right,5,0.297,student03
4,2026-07-29T21:41:40.854120+00:00,right,5,0.39,student03
5,2026-07-29T21:41:40.946950+00:00,right,5,0.484,student03
6,2026-07-29T21:41:41.043129+00:00,right,5,0.578,student03
7,2026-07-29T21:41:41.130796+00:00,right,5,0.672,student03
8,2026-07-29T21:41:41.237273+00:00,right,5,0.781,student03
9,2026-07-29T21:41:41.348641+00:00,right,5,0.89,student03
10,2026-07-29T21:41:41.443005+00:00,right,5,0.984,student03
11,2026-07-29T21:41:41.549368+00:00,right,5,1.094,student03
12,2026-07-29T21:41:41.646897+00:00,right,5,1.187,student03
13,2026-07-29T21:41:41.743420+00:00,right,5,1.281,student03
14,2026-07-29T21:41:41.836188+00:00,right,5,1.375,student03
15,2026-07-29T21:41:41.932868+00:00,right,5,1.469,student03
16,2026-07-29T21:41:42.034179+00:00,right,5,1.578,student03
17,2026-07-29T21:41:42.142655+00:00,right,5,1.687,student03
18,2026-07-29T21:41:42.252330+00:00,right,5,1.797,student03
19,2026-07-29T21:41:42.359033+00:00,right,5,1.906,student03
0,2026-07-29T21:41:43.299076+00:00,left,5,0.0,student03
1,2026-07-29T21:41:43.409763+00:00,left,5,0.109,student03
2,2026-07-29T21:41:43.519060+00:00,left,5,0.218,student03
3,2026-07-29T21:41:43.616397+00:00,left,5,0.312,student03
4,2026-07-29T21:41:43.712451+00:00,left,5,0.406,student03
5,2026-07-29T21:41:43.807171+00:00,left,5,0.5,student03
6,2026-07-29T21:41:43.903594+00:00,left,5,0.593,student03
7,2026-07-29T21:41:44.002750+00:00,left,5,0.703,student03
8,2026-07-29T21:41:44.108035+00:00,left,5,0.812,student03
9,2026-07-29T21:41:44.218632+00:00,left,5,0.921,student03
10,2026-07-29T21:41:44.328540+00:00,left,5,1.031,student03
11,2026-07-29T21:41:44.435304+00:00,left,5,1.14,student03
12,2026-07-29T21:41:44.552515+00:00,left,5,1.25,student03
13,2026-07-29T21:41:44.659618+00:00,left,5,1.359,student03
14,2026-07-29T21:41:44.769289+00:00,left,5,1.468,student03
15,2026-07-29T21:41:44.878965+00:00,left,5,1.578,student03
16,2026-07-29T21:41:44.988698+00:00,left,5,1.687,student03
17,2026-07-29T21:41:45.082528+00:00,left,5,1.781,student03
18,2026-07-29T21:41:45.177170+00:00,left,5,1.875,student03
0,2026-07-29T21:41:46.310171+00:00,right,6,0.0,student03
1,2026-07-29T21:41:46.397341+00:00,right,6,0.093,student03
2,2026-07-29T21:41:46.492972+00:00,right,6,0.187,student03
3,2026-07-29T21:41:46.592474+00:00,right,6,0.296,student03
4,2026-07-29T21:41:46.702463+00:00,right,6,0.406,student03
5,2026-07-29T21:41:46.803399+00:00,right,6,0.5,student03
6,2026-07-29T21:41:46.897067+00:00,right,6,0.593,student03
7,2026-07-29T21:41:46.993026+00:00,right,6,0.687,student03
8,2026-07-29T21:41:47.092660+00:00,right,6,0.796,student03
9,2026-07-29T21:41:47.198710+00:00,right,6,0.89,student03
10,2026-07-29T21:41:47.296385+00:00,right,6,1.0,student03
11,2026-07-29T21:41:47.397269+00:00,right,6,1.093,student03
12,2026-07-29T21:41:47.492680+00:00,right,6,1.187,student03
13,2026-07-29T21:41:47.586351+00:00,right,6,1.281,student03
14,2026-07-29T21:41:47.684129+00:00,right,6,1.375,student03
15,2026-07-29T21:41:47.783345+00:00,right,6,1.484,student03
16,2026-07-29T21:41:47.883401+00:00,right,6,1.578,student03
17,2026-07-29T21:41:47.984463+00:00,right,6,1.687,student03
18,2026-07-29T21:41:48.098510+00:00,right,6,1.796,student03
19,2026-07-29T21:41:48.193464+00:00,right,6,1.89,student03
0,2026-07-29T21:41:49.647147+00:00,left,6,0.0,student03
1,2026-07-29T21:41:49.743689+00:00,left,6,0.094,student03
2,2026-07-29T21:41:49.843422+00:00,left,6,0.203,student03
3,2026-07-29T21:41:49.952681+00:00,left,6,0.313,student03
4,2026-07-29T21:41:50.062902+00:00,left,6,0.422,student03
5,2026-07-29T21:41:50.172767+00:00,left,6,0.532,student03
6,2026-07-29T21:41:50.279035+00:00,left,6,0.625,student03
7,2026-07-29T21:41:50.376867+00:00,left,6,0.735,student03
8,2026-07-29T21:41:50.483628+00:00,left,6,0.844,student03
9,2026-07-29T21:41:50.593092+00:00,left,6,0.953,student03
10,2026-07-29T21:41:50.692835+00:00,left,6,1.047,student03
11,2026-07-29T21:41:50.799362+00:00,left,6,1.157,student03
12,2026-07-29T21:41:50.908802+00:00,left,6,1.266,student03
13,2026-07-29T21:41:51.019038+00:00,left,6,1.375,student03
14,2026-07-29T21:41:51.129101+00:00,left,6,1.485,student03
15,2026-07-29T21:41:51.239626+00:00,left,6,1.594,student03
16,2026-07-29T21:41:51.333562+00:00,left,6,1.688,student03
17,2026-07-29T21:41:51.433669+00:00,left,6,1.782,student03
18,2026-07-29T21:41:51.527925+00:00,left,6,1.875,student03
19,2026-07-29T21:41:51.623558+00:00,left,6,1.985,student03
0,2026-07-29T21:41:58.448326+00:00,right,7,0.0,student03
1,2026-07-29T21:41:58.544414+00:00,right,7,0.094,student03
2,2026-07-29T21:41:58.638937+00:00,right,7,0.203,student03
3,2026-07-29T21:41:58.747190+00:00,right,7,0.297,student03
4,2026-07-29T21:41:58.846789+00:00,right,7,0.406,student03
5,2026-07-29T21:41:58.944375+00:00,right,7,0.5,student03
6,2026-07-29T21:41:59.050406+00:00,right,7,0.61,student03
7,2026-07-29T21:41:59.159380+00:00,right,7,0.719,student03
8,2026-07-29T21:41:59.269231+00:00,right,7,0.828,student03
9,2026-07-29T21:41:59.379374+00:00,right,7,0.938,student03
10,2026-07-29T21:41:59.478149+00:00,right,7,1.031,student03
11,2026-07-29T21:41:59.573289+00:00,right,7,1.125,student03
12,2026-07-29T21:41:59.664189+00:00,right,7,1.219,student03
13,2026-07-29T21:41:59.763015+00:00,right,7,1.313,student03
14,2026-07-29T21:41:59.854787+00:00,right,7,1.406,student03
15,2026-07-29T21:41:59.956868+00:00,right,7,1.516,student03
16,2026-07-29T21:42:00.053659+00:00,right,7,1.61,student03
17,2026-07-29T21:42:00.147957+00:00,right,7,1.703,student03
18,2026-07-29T21:42:00.243212+00:00,right,7,1.797,student03
19,2026-07-29T21:42:00.342598+00:00,right,7,1.906,student03
0,2026-07-29T21:42:01.642916+00:00,left,7,0.0,student03
1,2026-07-29T21:42:01.748493+00:00,left,7,0.11,student03
2,2026-07-29T21:42:01.859191+00:00,left,7,0.219,student03
3,2026-07-29T21:42:01.968694+00:00,left,7,0.328,student03
4,2026-07-29T21:42:02.079019+00:00,left,7,0.438,student03
5,2026-07-29T21:42:02.177382+00:00,left,7,0.532,student03
6,2026-07-29T21:42:02.273813+00:00,left,7,0.625,student03
7,2026-07-29T21:42:02.379332+00:00,left,7,0.735,student03
8,2026-07-29T21:42:02.481955+00:00,left,7,0.828,student03
9,2026-07-29T21:42:02.567685+00:00,left,7,0.922,student03
10,2026-07-29T21:42:02.663897+00:00,left,7,1.016,student03
11,2026-07-29T21:42:02.756952+00:00,left,7,1.11,student03
12,2026-07-29T21:42:02.855231+00:00,left,7,1.203,student03
13,2026-07-29T21:42:02.953561+00:00,left,7,1.313,student03
14,2026-07-29T21:42:03.059497+00:00,left,7,1.407,student03
15,2026-07-29T21:42:03.158365+00:00,left,7,1.516,student03
16,2026-07-29T21:42:03.257917+00:00,left,7,1.61,student03
17,2026-07-29T21:42:03.354667+00:00,left,7,1.703,student03
18,2026-07-29T21:42:03.453551+00:00,left,7,1.813,student03
19,2026-07-29T21:42:03.553722+00:00,left,7,1.907,student03
0,2026-07-29T21:42:04.643429+00:00,right,8,0.0,student03
1,2026-07-29T21:42:04.749257+00:00,right,8,0.11,student03
2,2026-07-29T21:42:04.859355+00:00,right,8,0.219,student03
3,2026-07-29T21:42:04.968681+00:00,right,8,0.328,student03
4,2026-07-29T21:42:05.079694+00:00,right,8,0.438,student03
5,2026-07-29T21:42:05.188555+00:00,right,8,0.547,student03
6,2026-07-29T21:42:05.286698+00:00,right,8,0.641,student03
7,2026-07-29T21:42:05.383858+00:00,right,8,0.735,student03
8,2026-07-29T21:42:05.478531+00:00,right,8,0.828,student03
9,2026-07-29T21:42:05.574305+00:00,right,8,0.922,student03
10,2026-07-29T21:42:05.673926+00:00,right,8,1.032,student03
11,2026-07-29T21:42:05.783494+00:00,right,8,1.141,student03
12,2026-07-29T21:42:05.889777+00:00,right,8,1.25,student03
13,2026-07-29T21:42:05.999578+00:00,right,8,1.36,student03
14,2026-07-29T21:42:06.109449+00:00,right,8,1.469,student03
15,2026-07-29T21:42:06.218993+00:00,right,8,1.578,student03
16,2026-07-29T21:42:06.329892+00:00,right,8,1.688,student03
17,2026-07-29T21:42:06.439573+00:00,right,8,1.797,student03
18,2026-07-29T21:42:06.549336+00:00,right,8,1.907,student03
0,2026-07-29T21:42:07.412512+00:00,left,8,0.0,student03
1,2026-07-29T21:42:07.507288+00:00,left,8,0.094,student03
2,2026-07-29T21:42:07.604604+00:00,left,8,0.187,student03
3,2026-07-29T21:42:07.702813+00:00,left,8,0.297,student03
4,2026-07-29T21:42:07.813904+00:00,left,8,0.406,student03
5,2026-07-29T21:42:07.911944+00:00,left,8,0.5,student03
6,2026-07-29T21:42:08.013579+00:00,left,8,0.609,student03
7,2026-07-29T21:42:08.117332+00:00,left,8,0.703,student03
8,2026-07-29T21:42:08.217097+00:00,left,8,0.812,student03
9,2026-07-29T21:42:08.329262+00:00,left,8,0.922,student03
10,2026-07-29T21:42:08.428179+00:00,left,8,1.016,student03
11,2026-07-29T21:42:08.528857+00:00,left,8,1.109,student03
12,2026-07-29T21:42:08.626758+00:00,left,8,1.219,student03
13,2026-07-29T21:42:08.725062+00:00,left,8,1.312,student03
14,2026-07-29T21:42:08.823670+00:00,left,8,1.406,student03
15,2026-07-29T21:42:08.923713+00:00,left,8,1.516,student03
16,2026-07-29T21:42:09.029063+00:00,left,8,1.625,student03
17,2026-07-29T21:42:09.138861+00:00,left,8,1.734,student03
18,2026-07-29T21:42:09.248890+00:00,left,8,1.844,student03
19,2026-07-29T21:42:09.358825+00:00,left,8,1.953,student03
0,2026-07-29T21:42:10.428585+00:00,right,9,0.0,student03
1,2026-07-29T21:42:10.524286+00:00,right,9,0.093,student03
2,2026-07-29T21:42:10.623184+00:00,right,9,0.203,student03
3,2026-07-29T21:42:10.730689+00:00,right,9,0.296,student03
4,2026-07-29T21:42:10.823712+00:00,right,9,0.39,student03
5,2026-07-29T21:42:10.916747+00:00,right,9,0.484,student03
6,2026-07-29T21:42:11.013982+00:00,right,9,0.593,student03
7,2026-07-29T21:42:11.114468+00:00,right,9,0.687,student03
8,2026-07-29T21:42:11.222861+00:00,right,9,0.796,student03
9,2026-07-29T21:42:11.323401+00:00,right,9,0.89,student03
10,2026-07-29T21:42:11.419254+00:00,right,9,0.984,student03
11,2026-07-29T21:42:11.513397+00:00,right,9,1.078,student03
12,2026-07-29T21:42:11.605073+00:00,right,9,1.171,student03
13,2026-07-29T21:42:11.697156+00:00,right,9,1.265,student03
14,2026-07-29T21:42:11.793518+00:00,right,9,1.359,student03
15,2026-07-29T21:42:11.883714+00:00,right,9,1.453,student03
16,2026-07-29T21:42:11.978680+00:00,right,9,1.546,student03
17,2026-07-29T21:42:12.073794+00:00,right,9,1.64,student03
18,2026-07-29T21:42:12.168445+00:00,right,9,1.734,student03
19,2026-07-29T21:42:12.267862+00:00,right,9,1.843,student03
20,2026-07-29T21:42:12.378916+00:00,right,9,1.953,student03
0,2026-07-29T21:42:13.579471+00:00,left,9,0.0,student03
1,2026-07-29T21:42:13.689815+00:00,left,9,0.109,student03
2,2026-07-29T21:42:13.799550+00:00,left,9,0.219,student03
3,2026-07-29T21:42:13.909501+00:00,left,9,0.328,student03
4,2026-07-29T21:42:14.020146+00:00,left,9,0.437,student03
5,2026-07-29T21:42:14.129402+00:00,left,9,0.547,student03
6,2026-07-29T21:42:14.239485+00:00,left,9,0.656,student03
7,2026-07-29T21:42:14.337532+00:00,left,9,0.75,student03
8,2026-07-29T21:42:14.428544+00:00,left,9,0.844,student03
9,2026-07-29T21:42:14.528053+00:00,left,9,0.937,student03
10,2026-07-29T21:42:14.624349+00:00,left,9,1.047,student03
11,2026-07-29T21:42:14.724907+00:00,left,9,1.14,student03
12,2026-07-29T21:42:14.823379+00:00,left,9,1.234,student03
13,2026-07-29T21:42:14.918816+00:00,left,9,1.328,student03
14,2026-07-29T21:42:15.008486+00:00,left,9,1.422,student03
15,2026-07-29T21:42:15.103992+00:00,left,9,1.515,student03
16,2026-07-29T21:42:15.202812+00:00,left,9,1.625,student03
17,2026-07-29T21:42:15.310420+00:00,left,9,1.734,student03
18,2026-07-29T21:42:15.419783+00:00,left,9,1.844,student03
19,2026-07-29T21:42:15.529672+00:00,left,9,1.953,student03
0,2026-07-29T21:42:17.039063+00:00,right,10,0.0,student03
1,2026-07-29T21:42:17.133444+00:00,right,10,0.094,student03
2,2026-07-29T21:42:17.228821+00:00,right,10,0.187,student03
3,2026-07-29T21:42:17.324283+00:00,right,10,0.281,student03
4,2026-07-29T21:42:17.423864+00:00,right,10,0.391,student03
5,2026-07-29T21:42:17.529647+00:00,right,10,0.5,student03
6,2026-07-29T21:42:17.639659+00:00,right,10,0.609,student03
7,2026-07-29T21:42:17.750633+00:00,right,10,0.719,student03
8,2026-07-29T21:42:17.857990+00:00,right,10,0.828,student03
9,2026-07-29T21:42:17.973697+00:00,right,10,0.937,student03
10,2026-07-29T21:42:18.080196+00:00,right,10,1.047,student03
11,2026-07-29T21:42:18.189481+00:00,right,10,1.156,student03
12,2026-07-29T21:42:18.300134+00:00,right,10,1.266,student03
13,2026-07-29T21:42:18.410527+00:00,right,10,1.375,student03
14,2026-07-29T21:42:18.508318+00:00,right,10,1.469,student03
15,2026-07-29T21:42:18.604564+00:00,right,10,1.562,student03
16,2026-07-29T21:42:18.694279+00:00,right,10,1.656,student03
17,2026-07-29T21:42:18.800701+00:00,right,10,1.766,student03
18,2026-07-29T21:42:18.910115+00:00,right,10,1.875,student03
19,2026-07-29T21:42:19.019320+00:00,right,10,1.984,student03
0,2026-07-29T21:42:20.077619+00:00,left,10,0.0,student03
1,2026-07-29T21:42:20.190219+00:00,left,10,0.109,student03
2,2026-07-29T21:42:20.299743+00:00,left,10,0.219,student03
3,2026-07-29T21:42:20.410202+00:00,left,10,0.328,student03
4,2026-07-29T21:42:20.520383+00:00,left,10,0.437,student03
5,2026-07-29T21:42:20.629599+00:00,left,10,0.547,student03
6,2026-07-29T21:42:20.724958+00:00,left,10,0.64,student03
7,2026-07-29T21:42:20.824374+00:00,left,10,0.734,student03
8,2026-07-29T21:42:20.924165+00:00,left,10,0.844,student03
9,2026-07-29T21:42:21.034337+00:00,left,10,0.953,student03
10,2026-07-29T21:42:21.134214+00:00,left,10,1.047,student03
11,2026-07-29T21:42:21.225608+00:00,left,10,1.14,student03
12,2026-07-29T21:42:21.323798+00:00,left,10,1.234,student03
13,2026-07-29T21:42:21.418350+00:00,left,10,1.328,student03
14,2026-07-29T21:42:21.518683+00:00,left,10,1.437,student03
15,2026-07-29T21:42:21.624216+00:00,left,10,1.547,student03
16,2026-07-29T21:42:21.725268+00:00,left,10,1.64,student03
17,2026-07-29T21:42:21.823527+00:00,left,10,1.734,student03
18,2026-07-29T21:42:21.914652+00:00,left,10,1.828,student03
19,2026-07-29T21:42:22.014103+00:00,left,10,1.937,student03
0,2026-07-29T21:42:25.767372+00:00,right,11,0.0,student03
1,2026-07-29T21:42:25.864569+00:00,right,11,0.094,student03
2,2026-07-29T21:42:25.963802+00:00,right,11,0.188,student03
3,2026-07-29T21:42:26.055559+00:00,right,11,0.282,student03
4,2026-07-29T21:42:26.154894+00:00,right,11,0.391,student03
5,2026-07-29T21:42:26.263701+00:00,right,11,0.5,student03
6,2026-07-29T21:42:26.364278+00:00,right,11,0.594,student03
7,2026-07-29T21:42:26.463570+00:00,right,11,0.688,student03
8,2026-07-29T21:42:26.552761+00:00,right,11,0.782,student03
9,2026-07-29T21:42:26.649554+00:00,right,11,0.875,student03
10,2026-07-29T21:42:26.744009+00:00,right,11,0.969,student03
11,2026-07-29T21:42:26.834331+00:00,right,11,1.063,student03
12,2026-07-29T21:42:26.935076+00:00,right,11,1.157,student03
13,2026-07-29T21:42:27.028867+00:00,right,11,1.25,student03
14,2026-07-29T21:42:27.128462+00:00,right,11,1.36,student03
15,2026-07-29T21:42:27.225273+00:00,right,11,1.453,student03
16,2026-07-29T21:42:27.317537+00:00,right,11,1.547,student03
17,2026-07-29T21:42:27.414084+00:00,right,11,1.641,student03
18,2026-07-29T21:42:27.504752+00:00,right,11,1.735,student03
19,2026-07-29T21:42:27.605289+00:00,right,11,1.828,student03
20,2026-07-29T21:42:27.704270+00:00,right,11,1.938,student03
0,2026-07-29T21:42:28.422616+00:00,left,11,0.0,student03
1,2026-07-29T21:42:28.530582+00:00,left,11,0.109,student03
2,2026-07-29T21:42:28.640655+00:00,left,11,0.218,student03
3,2026-07-29T21:42:28.750288+00:00,left,11,0.328,student03
4,2026-07-29T21:42:28.863297+00:00,left,11,0.437,student03
5,2026-07-29T21:42:28.973797+00:00,left,11,0.546,student03
6,2026-07-29T21:42:29.067461+00:00,left,11,0.64,student03
7,2026-07-29T21:42:29.164362+00:00,left,11,0.734,student03
8,2026-07-29T21:42:29.263698+00:00,left,11,0.843,student03
9,2026-07-29T21:42:29.364854+00:00,left,11,0.937,student03
10,2026-07-29T21:42:29.464737+00:00,left,11,1.031,student03
11,2026-07-29T21:42:29.552855+00:00,left,11,1.125,student03
12,2026-07-29T21:42:29.654891+00:00,left,11,1.234,student03
13,2026-07-29T21:42:29.764149+00:00,left,11,1.343,student03
14,2026-07-29T21:42:29.874566+00:00,left,11,1.453,student03
15,2026-07-29T21:42:29.981194+00:00,left,11,1.546,student03
16,2026-07-29T21:42:30.074907+00:00,left,11,1.64,student03
17,2026-07-29T21:42:30.173786+00:00,left,11,1.75,student03
18,2026-07-29T21:42:30.283931+00:00,left,11,1.859,student03
19,2026-07-29T21:42:30.390855+00:00,left,11,1.968,student03
0,2026-07-29T21:42:31.439482+00:00,right,12,0.0,student03
1,2026-07-29T21:42:31.550261+00:00,right,12,0.11,student03
2,2026-07-29T21:42:31.660169+00:00,right,12,0.219,student03
3,2026-07-29T21:42:31.770543+00:00,right,12,0.328,student03
4,2026-07-29T21:42:31.864351+00:00,right,12,0.422,student03
5,2026-07-29T21:42:31.957739+00:00,right,12,0.516,student03
6,2026-07-29T21:42:32.055860+00:00,right,12,0.61,student03
7,2026-07-29T21:42:32.155049+00:00,right,12,0.719,student03
8,2026-07-29T21:42:32.263970+00:00,right,12,0.828,student03
9,2026-07-29T21:42:32.374112+00:00,right,12,0.938,student03
10,2026-07-29T21:42:32.480070+00:00,right,12,1.031,student03
11,2026-07-29T21:42:32.574192+00:00,right,12,1.125,student03
12,2026-07-29T21:42:32.674364+00:00,right,12,1.235,student03
13,2026-07-29T21:42:32.784149+00:00,right,12,1.344,student03
14,2026-07-29T21:42:32.894899+00:00,right,12,1.453,student03
15,2026-07-29T21:42:32.994699+00:00,right,12,1.547,student03
16,2026-07-29T21:42:33.087627+00:00,right,12,1.641,student03
17,2026-07-29T21:42:33.190206+00:00,right,12,1.75,student03
18,2026-07-29T21:42:33.300802+00:00,right,12,1.86,student03
19,2026-07-29T21:42:33.410746+00:00,right,12,1.969,student03
0,2026-07-29T21:42:34.123757+00:00,left,12,0.0,student03
1,2026-07-29T21:42:34.230431+00:00,left,12,0.093,student03
2,2026-07-29T21:42:34.324456+00:00,left,12,0.187,student03
3,2026-07-29T21:42:34.425241+00:00,left,12,0.297,student03
4,2026-07-29T21:42:34.525360+00:00,left,12,0.39,student03
5,2026-07-29T21:42:34.628098+00:00,left,12,0.5,student03
6,2026-07-29T21:42:34.725767+00:00,left,12,0.593,student03
7,2026-07-29T21:42:34.828633+00:00,left,12,0.703,student03
8,2026-07-29T21:42:34.935242+00:00,left,12,0.797,student03
9,2026-07-29T21:42:35.036090+00:00,left,12,0.906,student03
10,2026-07-29T21:42:35.134084+00:00,left,12,1.0,student03
11,2026-07-29T21:42:35.225980+00:00,left,12,1.093,student03
12,2026-07-29T21:42:35.318002+00:00,left,12,1.187,student03
13,2026-07-29T21:42:35.425635+00:00,left,12,1.297,student03
14,2026-07-29T21:42:35.534765+00:00,left,12,1.406,student03
15,2026-07-29T21:42:35.640785+00:00,left,12,1.515,student03
16,2026-07-29T21:42:35.753819+00:00,left,12,1.625,student03
17,2026-07-29T21:42:35.864147+00:00,left,12,1.734,student03
18,2026-07-29T21:42:35.957804+00:00,left,12,1.828,student03
19,2026-07-29T21:42:36.055864+00:00,left,12,1.922,student03
0,2026-07-29T21:42:37.423481+00:00,right,13,0.0,student03
1,2026-07-29T21:42:37.530783+00:00,right,13,0.109,student03
2,2026-07-29T21:42:37.640684+00:00,right,13,0.218,student03
3,2026-07-29T21:42:37.750523+00:00,right,13,0.328,student03
4,2026-07-29T21:42:37.860969+00:00,right,13,0.437,student03
5,2026-07-29T21:42:37.970700+00:00,right,13,0.546,student03
6,2026-07-29T21:42:38.080527+00:00,right,13,0.656,student03
7,2026-07-29T21:42:38.179044+00:00,right,13,0.75,student03
8,2026-07-29T21:42:38.285594+00:00,right,13,0.859,student03
9,2026-07-29T21:42:38.382920+00:00,right,13,0.953,student03
10,2026-07-29T21:42:38.485252+00:00,right,13,1.062,student03
11,2026-07-29T21:42:38.584790+00:00,right,13,1.156,student03
12,2026-07-29T21:42:38.690414+00:00,right,13,1.265,student03
13,2026-07-29T21:42:38.800095+00:00,right,13,1.375,student03
14,2026-07-29T21:42:38.910657+00:00,right,13,1.484,student03
15,2026-07-29T21:42:39.008293+00:00,right,13,1.578,student03
16,2026-07-29T21:42:39.110738+00:00,right,13,1.687,student03
17,2026-07-29T21:42:39.220865+00:00,right,13,1.796,student03
18,2026-07-29T21:42:39.330268+00:00,right,13,1.906,student03
0,2026-07-29T21:42:40.143490+00:00,left,13,0.0,student03
1,2026-07-29T21:42:40.251589+00:00,left,13,0.11,student03
2,2026-07-29T21:42:40.360444+00:00,left,13,0.219,student03
3,2026-07-29T21:42:40.470295+00:00,left,13,0.328,student03
4,2026-07-29T21:42:40.580830+00:00,left,13,0.438,student03
5,2026-07-29T21:42:40.690197+00:00,left,13,0.547,student03
6,2026-07-29T21:42:40.799721+00:00,left,13,0.657,student03
7,2026-07-29T21:42:40.910724+00:00,left,13,0.766,student03
8,2026-07-29T21:42:41.014846+00:00,left,13,0.875,student03
9,2026-07-29T21:42:41.115520+00:00,left,13,0.969,student03
10,2026-07-29T21:42:41.214508+00:00,left,13,1.063,student03
11,2026-07-29T21:42:41.309512+00:00,left,13,1.157,student03
12,2026-07-29T21:42:41.405573+00:00,left,13,1.266,student03
13,2026-07-29T21:42:41.504481+00:00,left,13,1.36,student03
14,2026-07-29T21:42:41.611155+00:00,left,13,1.469,student03
15,2026-07-29T21:42:41.720938+00:00,left,13,1.578,student03
16,2026-07-29T21:42:41.818120+00:00,left,13,1.672,student03
17,2026-07-29T21:42:41.914711+00:00,left,13,1.766,student03
18,2026-07-29T21:42:42.013988+00:00,left,13,1.875,student03
19,2026-07-29T21:42:42.124352+00:00,left,13,1.985,student03
0,2026-07-29T21:42:42.850750+00:00,right,14,0.0,student03
1,2026-07-29T21:42:42.944520+00:00,right,14,0.094,student03
2,2026-07-29T21:42:43.044424+00:00,right,14,0.188,student03
3,2026-07-29T21:42:43.134305+00:00,right,14,0.282,student03
4,2026-07-29T21:42:43.229090+00:00,right,14,0.375,student03
5,2026-07-29T21:42:43.324589+00:00,right,14,0.469,student03
6,2026-07-29T21:42:43.419020+00:00,right,14,0.563,student03
7,2026-07-29T21:42:43.518269+00:00,right,14,0.672,student03
8,2026-07-29T21:42:43.625295+00:00,right,14,0.782,student03
9,2026-07-29T21:42:43.730969+00:00,right,14,0.875,student03
10,2026-07-29T21:42:43.828639+00:00,right,14,0.985,student03
11,2026-07-29T21:42:43.929068+00:00,right,14,1.079,student03
12,2026-07-29T21:42:44.025010+00:00,right,14,1.172,student03
13,2026-07-29T21:42:44.114746+00:00,right,14,1.266,student03
14,2026-07-29T21:42:44.209058+00:00,right,14,1.36,student03
15,2026-07-29T21:42:44.305081+00:00,right,14,1.454,student03
16,2026-07-29T21:42:44.410619+00:00,right,14,1.563,student03
17,2026-07-29T21:42:44.520645+00:00,right,14,1.672,student03
18,2026-07-29T21:42:44.629744+00:00,right,14,1.782,student03
19,2026-07-29T21:42:44.724515+00:00,right,14,1.875,student03
20,2026-07-29T21:42:44.830787+00:00,right,14,1.985,student03
0,2026-07-29T21:42:46.072739+00:00,left,14,0.0,student03
1,2026-07-29T21:42:46.168609+00:00,left,14,0.094,student03
2,2026-07-29T21:42:46.265432+00:00,left,14,0.203,student03
3,2026-07-29T21:42:46.364592+00:00,left,14,0.297,student03
4,2026-07-29T21:42:46.470734+00:00,left,14,0.406,student03
5,2026-07-29T21:42:46.580644+00:00,left,14,0.516,student03
6,2026-07-29T21:42:46.690674+00:00,left,14,0.625,student03
7,2026-07-29T21:42:46.801255+00:00,left,14,0.735,student03
8,2026-07-29T21:42:46.909588+00:00,left,14,0.844,student03
9,2026-07-29T21:42:47.005481+00:00,left,14,0.938,student03
10,2026-07-29T21:42:47.105752+00:00,left,14,1.031,student03
11,2026-07-29T21:42:47.192757+00:00,left,14,1.125,student03
12,2026-07-29T21:42:47.288274+00:00,left,14,1.219,student03
13,2026-07-29T21:42:47.389057+00:00,left,14,1.328,student03
14,2026-07-29T21:42:47.500663+00:00,left,14,1.438,student03
15,2026-07-29T21:42:47.612682+00:00,left,14,1.547,student03
16,2026-07-29T21:42:47.708288+00:00,left,14,1.641,student03
17,2026-07-29T21:42:47.805776+00:00,left,14,1.735,student03
18,2026-07-29T21:42:47.905287+00:00,left,14,1.844,student03
19,2026-07-29T21:42:48.014793+00:00,left,14,1.953,student03
