frame_index,timestamp,gesture,trial,elapsed
0,2026-07-28T02:37:28.993509+00:00,t-arm,0,1.3e-05
1,2026-07-28T02:37:29.084761+00:00,t-arm,0,0.091269
2,2026-07-28T02:37:29.139803+00:00,t-arm,0,0.146317
3,2026-07-28T02:37:29.194852+00:00,t-arm,0,0.201369
4,2026-07-28T02:37:29.249911+00:00,t-arm,0,0.256428
5,2026-07-28T02:37:29.301836+00:00,t-arm,0,0.308356
6,2026-07-28T02:37:29.354740+00:00,t-arm,0,0.361257
7,2026-07-28T02:37:29.409805+00:00,t-arm,0,0.416329
8,2026-07-28T02:37:29.461605+00:00,t-arm,0,0.468119
9,2026-07-28T02:37:29.516666+00:00,t-arm,0,0.523195
10,2026-07-28T02:37:29.571751+00:00,t-arm,0,0.578284
11,2026-07-28T02:37:29.622649+00:00,t-arm,0,0.629178
12,2026-07-28T02:37:29.677721+00:00,t-arm,0,0.68424
13,2026-07-28T02:37:29.729905+00:00,t-arm,0,0.73642
14,2026-07-28T02:37:29.784953+00:00,t-arm,0,0.791473
15,2026-07-28T02:37:29.839998+00:00,t-arm,0,0.846514
16,2026-07-28T02:37:29.894918+00:00,t-arm,0,0.901431
17,2026-07-28T02:37:29.949392+00:00,t-arm,0,0.955905
18,2026-07-28T02:37:30.004440+00:00,t-arm,0,1.010961
19,2026-07-28T02:37:30.059518+00:00,t-arm,0,1.066056
20,2026-07-28T02:37:30.112337+00:00,t-arm,0,1.118855
21,2026-07-28T02:37:30.167391+00:00,t-arm,0,1.173915
22,2026-07-28T02:37:30.222484+00:00,t-arm,0,1.229022
23,2026-07-28T02:37:30.277558+00:00,t-arm,0,1.284081
24,2026-07-28T02:37:30.329791+00:00,t-arm,0,1.336299
25,2026-07-28T02:37:30.384824+00:00,t-arm,0,1.391335
26,2026-07-28T02:37:30.439868+00:00,t-arm,0,1.446387
27,2026-07-28T02:37:30.494917+00:00,t-arm,0,1.501431
28,2026-07-28T02:37:30.549962+00:00,t-arm,0,1.556476
29,2026-07-28T02:37:30.605020+00:00,t-arm,0,1.611547
30,2026-07-28T02:37:30.660076+00:00,t-arm,0,1.666586
31,2026-07-28T02:37:30.715108+00:00,t-arm,0,1.721614
32,2026-07-28T02:37:30.770154+00:00,t-arm,0,1.776674
33,2026-07-28T02:37:30.825210+00:00,t-arm,0,1.831728
34,2026-07-28T02:37:30.878258+00:00,t-arm,0,1.884777
35,2026-07-28T02:37:30.933303+00:00,t-arm,0,1.939818
36,2026-07-28T02:37:30.986004+00:00,t-arm,0,1.992518
37,2026-07-28T02:37:31.041054+00:00,t-arm,0,2.047574
38,2026-07-28T02:37:31.096124+00:00,t-arm,0,2.102655
39,2026-07-28T02:37:31.147421+00:00,t-arm,0,2.153946
40,2026-07-28T02:37:31.202499+00:00,t-arm,0,2.209033
41,2026-07-28T02:37:31.257589+00:00,t-arm,0,2.264121
42,2026-07-28T02:37:31.311539+00:00,t-arm,0,2.318074
43,2026-07-28T02:37:31.365157+00:00,t-arm,0,2.371691
44,2026-07-28T02:37:31.418929+00:00,t-arm,0,2.425439
45,2026-07-28T02:37:31.473961+00:00,t-arm,0,2.480469
46,2026-07-28T02:37:31.528277+00:00,t-arm,0,2.534803
47,2026-07-28T02:37:31.583345+00:00,t-arm,0,2.58987
48,2026-07-28T02:37:31.638399+00:00,t-arm,0,2.644911
49,2026-07-28T02:37:31.693445+00:00,t-arm,0,2.69996
50,2026-07-28T02:37:31.748484+00:00,t-arm,0,2.754992
51,2026-07-28T02:37:31.802244+00:00,t-arm,0,2.80875
52,2026-07-28T02:37:31.852674+00:00,t-arm,0,2.859178
53,2026-07-28T02:37:31.906750+00:00,t-arm,0,2.913259
54,2026-07-28T02:37:31.961785+00:00,t-arm,0,2.968295
0,2026-07-28T02:37:35.295885+00:00,t-arm,1,1.1e-05
1,2026-07-28T02:37:35.347333+00:00,t-arm,1,0.051487
2,2026-07-28T02:37:35.402392+00:00,t-arm,1,0.106528
3,2026-07-28T02:37:35.457450+00:00,t-arm,1,0.161589
4,2026-07-28T02:37:35.512545+00:00,t-arm,1,0.216693
5,2026-07-28T02:37:35.565037+00:00,t-arm,1,0.269208
6,2026-07-28T02:37:35.620119+00:00,t-arm,1,0.324262
7,2026-07-28T02:37:35.675165+00:00,t-arm,1,0.379298
8,2026-07-28T02:37:35.729362+00:00,t-arm,1,0.433495
9,2026-07-28T02:37:35.781163+00:00,t-arm,1,0.485292
10,2026-07-28T02:37:35.836196+00:00,t-arm,1,0.540333
11,2026-07-28T02:37:35.887701+00:00,t-arm,1,0.59184
12,2026-07-28T02:37:35.942740+00:00,t-arm,1,0.64687
13,2026-07-28T02:37:35.994754+00:00,t-arm,1,0.698887
14,2026-07-28T02:37:36.049793+00:00,t-arm,1,0.753931
15,2026-07-28T02:37:36.104642+00:00,t-arm,1,0.808776
16,2026-07-28T02:37:36.156639+00:00,t-arm,1,0.860772
17,2026-07-28T02:37:36.211695+00:00,t-arm,1,0.915828
18,2026-07-28T02:37:36.265502+00:00,t-arm,1,0.969638
19,2026-07-28T02:37:36.320539+00:00,t-arm,1,1.024671
20,2026-07-28T02:37:36.375400+00:00,t-arm,1,1.079537
21,2026-07-28T02:37:36.426875+00:00,t-arm,1,1.131013
22,2026-07-28T02:37:36.481915+00:00,t-arm,1,1.186044
23,2026-07-28T02:37:36.536960+00:00,t-arm,1,1.241107
24,2026-07-28T02:37:36.587286+00:00,t-arm,1,1.291437
25,2026-07-28T02:37:36.642349+00:00,t-arm,1,1.34649
26,2026-07-28T02:37:36.695762+00:00,t-arm,1,1.399896
27,2026-07-28T02:37:36.750807+00:00,t-arm,1,1.454953
28,2026-07-28T02:37:36.805871+00:00,t-arm,1,1.510016
29,2026-07-28T02:37:36.860918+00:00,t-arm,1,1.565056
30,2026-07-28T02:37:36.913581+00:00,t-arm,1,1.617732
31,2026-07-28T02:37:36.968638+00:00,t-arm,1,1.672769
32,2026-07-28T02:37:37.019420+00:00,t-arm,1,1.723566
33,2026-07-28T02:37:37.074468+00:00,t-arm,1,1.7786
34,2026-07-28T02:37:37.128302+00:00,t-arm,1,1.832435
35,2026-07-28T02:37:37.183351+00:00,t-arm,1,1.887483
36,2026-07-28T02:37:37.236000+00:00,t-arm,1,1.940129
37,2026-07-28T02:37:37.291034+00:00,t-arm,1,1.995162
38,2026-07-28T02:37:37.346066+00:00,t-arm,1,2.050196
39,2026-07-28T02:37:37.401102+00:00,t-arm,1,2.105239
40,2026-07-28T02:37:37.456143+00:00,t-arm,1,2.160275
41,2026-07-28T02:37:37.511179+00:00,t-arm,1,2.21531
42,2026-07-28T02:37:37.564806+00:00,t-arm,1,2.268936
43,2026-07-28T02:37:37.618834+00:00,t-arm,1,2.322969
44,2026-07-28T02:37:37.669313+00:00,t-arm,1,2.373442
45,2026-07-28T02:37:37.720959+00:00,t-arm,1,2.42509
46,2026-07-28T02:37:37.775986+00:00,t-arm,1,2.480118
47,2026-07-28T02:37:37.829631+00:00,t-arm,1,2.53377
48,2026-07-28T02:37:37.882998+00:00,t-arm,1,2.587134
49,2026-07-28T02:37:37.937620+00:00,t-arm,1,2.641755
50,2026-07-28T02:37:37.989580+00:00,t-arm,1,2.693709
51,2026-07-28T02:37:38.044630+00:00,t-arm,1,2.748781
52,2026-07-28T02:37:38.099711+00:00,t-arm,1,2.803851
53,2026-07-28T02:37:38.154753+00:00,t-arm,1,2.858887
54,2026-07-28T02:37:38.209788+00:00,t-arm,1,2.913916
55,2026-07-28T02:37:38.264811+00:00,t-arm,1,2.968939
0,2026-07-28T02:37:41.587772+00:00,t-arm,2,1e-05
1,2026-07-28T02:37:41.642837+00:00,t-arm,2,0.055112
2,2026-07-28T02:37:41.694905+00:00,t-arm,2,0.107158
3,2026-07-28T02:37:41.749946+00:00,t-arm,2,0.16219
4,2026-07-28T02:37:41.804979+00:00,t-arm,2,0.217224
5,2026-07-28T02:37:41.860009+00:00,t-arm,2,0.272254
6,2026-07-28T02:37:41.911547+00:00,t-arm,2,0.323795
7,2026-07-28T02:37:41.966596+00:00,t-arm,2,0.378851
8,2026-07-28T02:37:42.019062+00:00,t-arm,2,0.431319
9,2026-07-28T02:37:42.071626+00:00,t-arm,2,0.483876
10,2026-07-28T02:37:42.126670+00:00,t-arm,2,0.538922
11,2026-07-28T02:37:42.181717+00:00,t-arm,2,0.593959
12,2026-07-28T02:37:42.236748+00:00,t-arm,2,0.648997
13,2026-07-28T02:37:42.291809+00:00,t-arm,2,0.704052
14,2026-07-28T02:37:42.342890+00:00,t-arm,2,0.755133
15,2026-07-28T02:37:42.395901+00:00,t-arm,2,0.808145
16,2026-07-28T02:37:42.447921+00:00,t-arm,2,0.860164
17,2026-07-28T02:37:42.502648+00:00,t-arm,2,0.914892
18,2026-07-28T02:37:42.557683+00:00,t-arm,2,0.969927
19,2026-07-28T02:37:42.610313+00:00,t-arm,2,1.022563
20,2026-07-28T02:37:42.661232+00:00,t-arm,2,1.073487
21,2026-07-28T02:37:42.714642+00:00,t-arm,2,1.126889
22,2026-07-28T02:37:42.768783+00:00,t-arm,2,1.181028
23,2026-07-28T02:37:42.823816+00:00,t-arm,2,1.236064
24,2026-07-28T02:37:42.878185+00:00,t-arm,2,1.290433
25,2026-07-28T02:37:42.933221+00:00,t-arm,2,1.345466
26,2026-07-28T02:37:42.988259+00:00,t-arm,2,1.400506
27,2026-07-28T02:37:43.043315+00:00,t-arm,2,1.455584
28,2026-07-28T02:37:43.098370+00:00,t-arm,2,1.510615
29,2026-07-28T02:37:43.152110+00:00,t-arm,2,1.564361
30,2026-07-28T02:37:43.204785+00:00,t-arm,2,1.617032
31,2026-07-28T02:37:43.259819+00:00,t-arm,2,1.672062
32,2026-07-28T02:37:43.314720+00:00,t-arm,2,1.726969
33,2026-07-28T02:37:43.369759+00:00,t-arm,2,1.782004
34,2026-07-28T02:37:43.424793+00:00,t-arm,2,1.837038
35,2026-07-28T02:37:43.479100+00:00,t-arm,2,1.891342
36,2026-07-28T02:37:43.534145+00:00,t-arm,2,1.946386
37,2026-07-28T02:37:43.589177+00:00,t-arm,2,2.001422
38,2026-07-28T02:37:43.644213+00:00,t-arm,2,2.056458
39,2026-07-28T02:37:43.699244+00:00,t-arm,2,2.111484
40,2026-07-28T02:37:43.752623+00:00,t-arm,2,2.164862
41,2026-07-28T02:37:43.807650+00:00,t-arm,2,2.219889
42,2026-07-28T02:37:43.862685+00:00,t-arm,2,2.274932
43,2026-07-28T02:37:43.914078+00:00,t-arm,2,2.326322
44,2026-07-28T02:37:43.969130+00:00,t-arm,2,2.381374
45,2026-07-28T02:37:44.024169+00:00,t-arm,2,2.436423
46,2026-07-28T02:37:44.079213+00:00,t-arm,2,2.491464
47,2026-07-28T02:37:44.134256+00:00,t-arm,2,2.546502
48,2026-07-28T02:37:44.185981+00:00,t-arm,2,2.598223
49,2026-07-28T02:37:44.240672+00:00,t-arm,2,2.652911
50,2026-07-28T02:37:44.295703+00:00,t-arm,2,2.707953
51,2026-07-28T02:37:44.350769+00:00,t-arm,2,2.763045
52,2026-07-28T02:37:44.405860+00:00,t-arm,2,2.818134
53,2026-07-28T02:37:44.460950+00:00,t-arm,2,2.873226
54,2026-07-28T02:37:44.511520+00:00,t-arm,2,2.923771
55,2026-07-28T02:37:44.566605+00:00,t-arm,2,2.978857
0,2026-07-28T02:37:47.887733+00:00,t-arm,3,1e-05
1,2026-07-28T02:37:47.942780+00:00,t-arm,3,0.055079
2,2026-07-28T02:37:47.997854+00:00,t-arm,3,0.110157
3,2026-07-28T02:37:48.052203+00:00,t-arm,3,0.164498
4,2026-07-28T02:37:48.107266+00:00,t-arm,3,0.21956
5,2026-07-28T02:37:48.162309+00:00,t-arm,3,0.274593
6,2026-07-28T02:37:48.217342+00:00,t-arm,3,0.329626
7,2026-07-28T02:37:48.269332+00:00,t-arm,3,0.381618
8,2026-07-28T02:37:48.324364+00:00,t-arm,3,0.436643
9,2026-07-28T02:37:48.379401+00:00,t-arm,3,0.491692
10,2026-07-28T02:37:48.434448+00:00,t-arm,3,0.546738
11,2026-07-28T02:37:48.487631+00:00,t-arm,3,0.599911
12,2026-07-28T02:37:48.540928+00:00,t-arm,3,0.653209
13,2026-07-28T02:37:48.594904+00:00,t-arm,3,0.70719
14,2026-07-28T02:37:48.649941+00:00,t-arm,3,0.76222
15,2026-07-28T02:37:48.702670+00:00,t-arm,3,0.814957
16,2026-07-28T02:37:48.757706+00:00,t-arm,3,0.869989
17,2026-07-28T02:37:48.812743+00:00,t-arm,3,0.925023
18,2026-07-28T02:37:48.862967+00:00,t-arm,3,0.975247
19,2026-07-28T02:37:48.918002+00:00,t-arm,3,1.030285
20,2026-07-28T02:37:48.972313+00:00,t-arm,3,1.084593
21,2026-07-28T02:37:49.027249+00:00,t-arm,3,1.139549
22,2026-07-28T02:37:49.079358+00:00,t-arm,3,1.191646
23,2026-07-28T02:37:49.129405+00:00,t-arm,3,1.241695
24,2026-07-28T02:37:49.184443+00:00,t-arm,3,1.296724
25,2026-07-28T02:37:49.235953+00:00,t-arm,3,1.348233
26,2026-07-28T02:37:49.290994+00:00,t-arm,3,1.403274
27,2026-07-28T02:37:49.346045+00:00,t-arm,3,1.458329
28,2026-07-28T02:37:49.401082+00:00,t-arm,3,1.513364
29,2026-07-28T02:37:49.454792+00:00,t-arm,3,1.567073
30,2026-07-28T02:37:49.504860+00:00,t-arm,3,1.617139
31,2026-07-28T02:37:49.554931+00:00,t-arm,3,1.66721
32,2026-07-28T02:37:49.605024+00:00,t-arm,3,1.717307
33,2026-07-28T02:37:49.658746+00:00,t-arm,3,1.771027
34,2026-07-28T02:37:49.713781+00:00,t-arm,3,1.826062
35,2026-07-28T02:37:49.768808+00:00,t-arm,3,1.881085
36,2026-07-28T02:37:49.819261+00:00,t-arm,3,1.931539
37,2026-07-28T02:37:49.871012+00:00,t-arm,3,1.983296
38,2026-07-28T02:37:49.926045+00:00,t-arm,3,2.038324
39,2026-07-28T02:37:49.979243+00:00,t-arm,3,2.091522
40,2026-07-28T02:37:50.034280+00:00,t-arm,3,2.14657
41,2026-07-28T02:37:50.089317+00:00,t-arm,3,2.201597
42,2026-07-28T02:37:50.143079+00:00,t-arm,3,2.255367
43,2026-07-28T02:37:50.196070+00:00,t-arm,3,2.308353
44,2026-07-28T02:37:50.251120+00:00,t-arm,3,2.363399
45,2026-07-28T02:37:50.302115+00:00,t-arm,3,2.414394
46,2026-07-28T02:37:50.357139+00:00,t-arm,3,2.469418
47,2026-07-28T02:37:50.410681+00:00,t-arm,3,2.522961
48,2026-07-28T02:37:50.461489+00:00,t-arm,3,2.573769
49,2026-07-28T02:37:50.516543+00:00,t-arm,3,2.628826
50,2026-07-28T02:37:50.569124+00:00,t-arm,3,2.681417
51,2026-07-28T02:37:50.624165+00:00,t-arm,3,2.736445
52,2026-07-28T02:37:50.679208+00:00,t-arm,3,2.791488
53,2026-07-28T02:37:50.734236+00:00,t-arm,3,2.846517
54,2026-07-28T02:37:50.785924+00:00,t-arm,3,2.898203
55,2026-07-28T02:37:50.840950+00:00,t-arm,3,2.95323
0,2026-07-28T02:37:54.167975+00:00,t-arm,4,1.1e-05
1,2026-07-28T02:37:54.219338+00:00,t-arm,4,0.051407
2,2026-07-28T02:37:54.274419+00:00,t-arm,4,0.10648
3,2026-07-28T02:37:54.328340+00:00,t-arm,4,0.160385
4,2026-07-28T02:37:54.383008+00:00,t-arm,4,0.215059
5,2026-07-28T02:37:54.434275+00:00,t-arm,4,0.266331
6,2026-07-28T02:37:54.485981+00:00,t-arm,4,0.318022
7,2026-07-28T02:37:54.536030+00:00,t-arm,4,0.368071
8,2026-07-28T02:37:54.591067+00:00,t-arm,4,0.423112
9,2026-07-28T02:37:54.646129+00:00,t-arm,4,0.478171
10,2026-07-28T02:37:54.701163+00:00,t-arm,4,0.533202
11,2026-07-28T02:37:54.756191+00:00,t-arm,4,0.588228
12,2026-07-28T02:37:54.811220+00:00,t-arm,4,0.643256
13,2026-07-28T02:37:54.863321+00:00,t-arm,4,0.69536
14,2026-07-28T02:37:54.913638+00:00,t-arm,4,0.745681
15,2026-07-28T02:37:54.968673+00:00,t-arm,4,0.800713
16,2026-07-28T02:37:55.019316+00:00,t-arm,4,0.851361
17,2026-07-28T02:37:55.074351+00:00,t-arm,4,0.906391
18,2026-07-28T02:37:55.129398+00:00,t-arm,4,0.961435
19,2026-07-28T02:37:55.184433+00:00,t-arm,4,1.016474
20,2026-07-28T02:37:55.235898+00:00,t-arm,4,1.067938
21,2026-07-28T02:37:55.290928+00:00,t-arm,4,1.122967
22,2026-07-28T02:37:55.345968+00:00,t-arm,4,1.178004
23,2026-07-28T02:37:55.401004+00:00,t-arm,4,1.233045
24,2026-07-28T02:37:55.455670+00:00,t-arm,4,1.287711
25,2026-07-28T02:37:55.507996+00:00,t-arm,4,1.340035
26,2026-07-28T02:37:55.563043+00:00,t-arm,4,1.39508
27,2026-07-28T02:37:55.613439+00:00,t-arm,4,1.445482
28,2026-07-28T02:37:55.668489+00:00,t-arm,4,1.500525
29,2026-07-28T02:37:55.723518+00:00,t-arm,4,1.555556
30,2026-07-28T02:37:55.778542+00:00,t-arm,4,1.610579
31,2026-07-28T02:37:55.833601+00:00,t-arm,4,1.66568
32,2026-07-28T02:37:55.888706+00:00,t-arm,4,1.720788
33,2026-07-28T02:37:55.943823+00:00,t-arm,4,1.775899
34,2026-07-28T02:37:55.998920+00:00,t-arm,4,1.830992
35,2026-07-28T02:37:56.054018+00:00,t-arm,4,1.8861
36,2026-07-28T02:37:56.104427+00:00,t-arm,4,1.936487
37,2026-07-28T02:37:56.158025+00:00,t-arm,4,1.990095
38,2026-07-28T02:37:56.213117+00:00,t-arm,4,2.045188
39,2026-07-28T02:37:56.268196+00:00,t-arm,4,2.100256
40,2026-07-28T02:37:56.319235+00:00,t-arm,4,2.151296
41,2026-07-28T02:37:56.374309+00:00,t-arm,4,2.206373
42,2026-07-28T02:37:56.429102+00:00,t-arm,4,2.261151
43,2026-07-28T02:37:56.484139+00:00,t-arm,4,2.316176
44,2026-07-28T02:37:56.539181+00:00,t-arm,4,2.371237
45,2026-07-28T02:37:56.594256+00:00,t-arm,4,2.426318
46,2026-07-28T02:37:56.649328+00:00,t-arm,4,2.481393
47,2026-07-28T02:37:56.703341+00:00,t-arm,4,2.535416
48,2026-07-28T02:37:56.758007+00:00,t-arm,4,2.590064
49,2026-07-28T02:37:56.813083+00:00,t-arm,4,2.645128
50,2026-07-28T02:37:56.868123+00:00,t-arm,4,2.700169
51,2026-07-28T02:37:56.919196+00:00,t-arm,4,2.751236
52,2026-07-28T02:37:56.974226+00:00,t-arm,4,2.806269
53,2026-07-28T02:37:57.028105+00:00,t-arm,4,2.860155
54,2026-07-28T02:37:57.081824+00:00,t-arm,4,2.913866
55,2026-07-28T02:37:57.135464+00:00,t-arm,4,2.967505
0,2026-07-28T02:38:00.459471+00:00,t-arm,5,1e-05
1,2026-07-28T02:38:00.514522+00:00,t-arm,5,0.055094
2,2026-07-28T02:38:00.565545+00:00,t-arm,5,0.106106
3,2026-07-28T02:38:00.620601+00:00,t-arm,5,0.161155
4,2026-07-28T02:38:00.675645+00:00,t-arm,5,0.216191
5,2026-07-28T02:38:00.730684+00:00,t-arm,5,0.271233
6,2026-07-28T02:38:00.785739+00:00,t-arm,5,0.326283
7,2026-07-28T02:38:00.837515+00:00,t-arm,5,0.378062
8,2026-07-28T02:38:00.892549+00:00,t-arm,5,0.433093
9,2026-07-28T02:38:00.947486+00:00,t-arm,5,0.488034
10,2026-07-28T02:38:01.002531+00:00,t-arm,5,0.543081
11,2026-07-28T02:38:01.057578+00:00,t-arm,5,0.598134
12,2026-07-28T02:38:01.112621+00:00,t-arm,5,0.653165
13,2026-07-28T02:38:01.167657+00:00,t-arm,5,0.708205
14,2026-07-28T02:38:01.222337+00:00,t-arm,5,0.762883
15,2026-07-28T02:38:01.275737+00:00,t-arm,5,0.816279
16,2026-07-28T02:38:01.328143+00:00,t-arm,5,0.86869
17,2026-07-28T02:38:01.381821+00:00,t-arm,5,0.922379
18,2026-07-28T02:38:01.436886+00:00,t-arm,5,0.977442
19,2026-07-28T02:38:01.491933+00:00,t-arm,5,1.032477
20,2026-07-28T02:38:01.544771+00:00,t-arm,5,1.08533
21,2026-07-28T02:38:01.599848+00:00,t-arm,5,1.14041
22,2026-07-28T02:38:01.654913+00:00,t-arm,5,1.195459
23,2026-07-28T02:38:01.709955+00:00,t-arm,5,1.250499
24,2026-07-28T02:38:01.765008+00:00,t-arm,5,1.305555
25,2026-07-28T02:38:01.818747+00:00,t-arm,5,1.359288
26,2026-07-28T02:38:01.870844+00:00,t-arm,5,1.411396
27,2026-07-28T02:38:01.925909+00:00,t-arm,5,1.466457
28,2026-07-28T02:38:01.978077+00:00,t-arm,5,1.518624
29,2026-07-28T02:38:02.029952+00:00,t-arm,5,1.570514
30,2026-07-28T02:38:02.085012+00:00,t-arm,5,1.625567
31,2026-07-28T02:38:02.135890+00:00,t-arm,5,1.676438
32,2026-07-28T02:38:02.190929+00:00,t-arm,5,1.73148
33,2026-07-28T02:38:02.245965+00:00,t-arm,5,1.786505
34,2026-07-28T02:38:02.301010+00:00,t-arm,5,1.841554
35,2026-07-28T02:38:02.352527+00:00,t-arm,5,1.893069
36,2026-07-28T02:38:02.407557+00:00,t-arm,5,1.948104
37,2026-07-28T02:38:02.462117+00:00,t-arm,5,2.002661
38,2026-07-28T02:38:02.517145+00:00,t-arm,5,2.057687
39,2026-07-28T02:38:02.570664+00:00,t-arm,5,2.111231
40,2026-07-28T02:38:02.625741+00:00,t-arm,5,2.166284
41,2026-07-28T02:38:02.677517+00:00,t-arm,5,2.218063
42,2026-07-28T02:38:02.732566+00:00,t-arm,5,2.273113
43,2026-07-28T02:38:02.785862+00:00,t-arm,5,2.326406
44,2026-07-28T02:38:02.837487+00:00,t-arm,5,2.378033
45,2026-07-28T02:38:02.892524+00:00,t-arm,5,2.433073
46,2026-07-28T02:38:02.944740+00:00,t-arm,5,2.48529
47,2026-07-28T02:38:02.999772+00:00,t-arm,5,2.540314
48,2026-07-28T02:38:03.054804+00:00,t-arm,5,2.595353
49,2026-07-28T02:38:03.109844+00:00,t-arm,5,2.650397
50,2026-07-28T02:38:03.164884+00:00,t-arm,5,2.705428
51,2026-07-28T02:38:03.216932+00:00,t-arm,5,2.757475
52,2026-07-28T02:38:03.269195+00:00,t-arm,5,2.80974
53,2026-07-28T02:38:03.324224+00:00,t-arm,5,2.864771
54,2026-07-28T02:38:03.376226+00:00,t-arm,5,2.916771
55,2026-07-28T02:38:03.431262+00:00,t-arm,5,2.971808
0,2026-07-28T02:38:06.763378+00:00,t-arm,6,1e-05
1,2026-07-28T02:38:06.814466+00:00,t-arm,6,0.051122
2,2026-07-28T02:38:06.869519+00:00,t-arm,6,0.106158
3,2026-07-28T02:38:06.922945+00:00,t-arm,6,0.159592
4,2026-07-28T02:38:06.973847+00:00,t-arm,6,0.210493
5,2026-07-28T02:38:07.028480+00:00,t-arm,6,0.265127
6,2026-07-28T02:38:07.083530+00:00,t-arm,6,0.320177
7,2026-07-28T02:38:07.135863+00:00,t-arm,6,0.372501
8,2026-07-28T02:38:07.190895+00:00,t-arm,6,0.427532
9,2026-07-28T02:38:07.244304+00:00,t-arm,6,0.480938
10,2026-07-28T02:38:07.299354+00:00,t-arm,6,0.535994
11,2026-07-28T02:38:07.354409+00:00,t-arm,6,0.591045
12,2026-07-28T02:38:07.409450+00:00,t-arm,6,0.646089
13,2026-07-28T02:38:07.462877+00:00,t-arm,6,0.699537
14,2026-07-28T02:38:07.514103+00:00,t-arm,6,0.750747
15,2026-07-28T02:38:07.567931+00:00,t-arm,6,0.804578
16,2026-07-28T02:38:07.622980+00:00,t-arm,6,0.859628
17,2026-07-28T02:38:07.674450+00:00,t-arm,6,0.911089
18,2026-07-28T02:38:07.729480+00:00,t-arm,6,0.966117
19,2026-07-28T02:38:07.784530+00:00,t-arm,6,1.021168
20,2026-07-28T02:38:07.837482+00:00,t-arm,6,1.074125
21,2026-07-28T02:38:07.892540+00:00,t-arm,6,1.129178
22,2026-07-28T02:38:07.947574+00:00,t-arm,6,1.184211
23,2026-07-28T02:38:08.001977+00:00,t-arm,6,1.238627
24,2026-07-28T02:38:08.054464+00:00,t-arm,6,1.29113
25,2026-07-28T02:38:08.109532+00:00,t-arm,6,1.346175
26,2026-07-28T02:38:08.164569+00:00,t-arm,6,1.401203
27,2026-07-28T02:38:08.219616+00:00,t-arm,6,1.456252
28,2026-07-28T02:38:08.270810+00:00,t-arm,6,1.507445
29,2026-07-28T02:38:08.325857+00:00,t-arm,6,1.562495
30,2026-07-28T02:38:08.378067+00:00,t-arm,6,1.614708
31,2026-07-28T02:38:08.433111+00:00,t-arm,6,1.669757
32,2026-07-28T02:38:08.488176+00:00,t-arm,6,1.724813
33,2026-07-28T02:38:08.543205+00:00,t-arm,6,1.77984
34,2026-07-28T02:38:08.594737+00:00,t-arm,6,1.83138
35,2026-07-28T02:38:08.647571+00:00,t-arm,6,1.884205
36,2026-07-28T02:38:08.701949+00:00,t-arm,6,1.938585
37,2026-07-28T02:38:08.752496+00:00,t-arm,6,1.989133
38,2026-07-28T02:38:08.807523+00:00,t-arm,6,2.044159
39,2026-07-28T02:38:08.862569+00:00,t-arm,6,2.099205
40,2026-07-28T02:38:08.913748+00:00,t-arm,6,2.150383
41,2026-07-28T02:38:08.968784+00:00,t-arm,6,2.20543
42,2026-07-28T02:38:09.020755+00:00,t-arm,6,2.2574
43,2026-07-28T02:38:09.075799+00:00,t-arm,6,2.312441
44,2026-07-28T02:38:09.130842+00:00,t-arm,6,2.367481
45,2026-07-28T02:38:09.185395+00:00,t-arm,6,2.42203
46,2026-07-28T02:38:09.240438+00:00,t-arm,6,2.477076
47,2026-07-28T02:38:09.291758+00:00,t-arm,6,2.528398
48,2026-07-28T02:38:09.346810+00:00,t-arm,6,2.583451
49,2026-07-28T02:38:09.401864+00:00,t-arm,6,2.638503
50,2026-07-28T02:38:09.454215+00:00,t-arm,6,2.690852
51,2026-07-28T02:38:09.507997+00:00,t-arm,6,2.744634
52,2026-07-28T02:38:09.561402+00:00,t-arm,6,2.798038
53,2026-07-28T02:38:09.614477+00:00,t-arm,6,2.851116
54,2026-07-28T02:38:09.668724+00:00,t-arm,6,2.905362
55,2026-07-28T02:38:09.720784+00:00,t-arm,6,2.95742
0,2026-07-28T02:38:13.049723+00:00,t-arm,7,1.7e-05
1,2026-07-28T02:38:13.104788+00:00,t-arm,7,0.055114
2,2026-07-28T02:38:13.159858+00:00,t-arm,7,0.110157
3,2026-07-28T02:38:13.214901+00:00,t-arm,7,0.165197
4,2026-07-28T02:38:13.269935+00:00,t-arm,7,0.22023
5,2026-07-28T02:38:13.322270+00:00,t-arm,7,0.272558
6,2026-07-28T02:38:13.377296+00:00,t-arm,7,0.327587
7,2026-07-28T02:38:13.432333+00:00,t-arm,7,0.382628
8,2026-07-28T02:38:13.485359+00:00,t-arm,7,0.43565
9,2026-07-28T02:38:13.537287+00:00,t-arm,7,0.487577
10,2026-07-28T02:38:13.590842+00:00,t-arm,7,0.541143
11,2026-07-28T02:38:13.645878+00:00,t-arm,7,0.596169
12,2026-07-28T02:38:13.700906+00:00,t-arm,7,0.651196
13,2026-07-28T02:38:13.755826+00:00,t-arm,7,0.706117
14,2026-07-28T02:38:13.810859+00:00,t-arm,7,0.761148
15,2026-07-28T02:38:13.863457+00:00,t-arm,7,0.813747
16,2026-07-28T02:38:13.913857+00:00,t-arm,7,0.864149
17,2026-07-28T02:38:13.968674+00:00,t-arm,7,0.918967
18,2026-07-28T02:38:14.019327+00:00,t-arm,7,0.969633
19,2026-07-28T02:38:14.074372+00:00,t-arm,7,1.024665
20,2026-07-28T02:38:14.129409+00:00,t-arm,7,1.079701
21,2026-07-28T02:38:14.184461+00:00,t-arm,7,1.13475
22,2026-07-28T02:38:14.235800+00:00,t-arm,7,1.186088
23,2026-07-28T02:38:14.286626+00:00,t-arm,7,1.236926
24,2026-07-28T02:38:14.341691+00:00,t-arm,7,1.292003
25,2026-07-28T02:38:14.395739+00:00,t-arm,7,1.346057
26,2026-07-28T02:38:14.450818+00:00,t-arm,7,1.401134
27,2026-07-28T02:38:14.504515+00:00,t-arm,7,1.454824
28,2026-07-28T02:38:14.559584+00:00,t-arm,7,1.509879
29,2026-07-28T02:38:14.614381+00:00,t-arm,7,1.56468
30,2026-07-28T02:38:14.669133+00:00,t-arm,7,1.619423
31,2026-07-28T02:38:14.724160+00:00,t-arm,7,1.674452
32,2026-07-28T02:38:14.779208+00:00,t-arm,7,1.729498
33,2026-07-28T02:38:14.829921+00:00,t-arm,7,1.78021
34,2026-07-28T02:38:14.884955+00:00,t-arm,7,1.835254
35,2026-07-28T02:38:14.937319+00:00,t-arm,7,1.887615
36,2026-07-28T02:38:14.992372+00:00,t-arm,7,1.942664
37,2026-07-28T02:38:15.044617+00:00,t-arm,7,1.994933
38,2026-07-28T02:38:15.094692+00:00,t-arm,7,2.044987
39,2026-07-28T02:38:15.149303+00:00,t-arm,7,2.099595
40,2026-07-28T02:38:15.204332+00:00,t-arm,7,2.154624
41,2026-07-28T02:38:15.259378+00:00,t-arm,7,2.209667
42,2026-07-28T02:38:15.314404+00:00,t-arm,7,2.264697
43,2026-07-28T02:38:15.365046+00:00,t-arm,7,2.31534
44,2026-07-28T02:38:15.418616+00:00,t-arm,7,2.368907
45,2026-07-28T02:38:15.469123+00:00,t-arm,7,2.419415
46,2026-07-28T02:38:15.519188+00:00,t-arm,7,2.46948
47,2026-07-28T02:38:15.569321+00:00,t-arm,7,2.519613
48,2026-07-28T02:38:15.620541+00:00,t-arm,7,2.570833
49,2026-07-28T02:38:15.675570+00:00,t-arm,7,2.625861
50,2026-07-28T02:38:15.729272+00:00,t-arm,7,2.679569
51,2026-07-28T02:38:15.784304+00:00,t-arm,7,2.734599
52,2026-07-28T02:38:15.835785+00:00,t-arm,7,2.786075
53,2026-07-28T02:38:15.890814+00:00,t-arm,7,2.84111
54,2026-07-28T02:38:15.940960+00:00,t-arm,7,2.891253
55,2026-07-28T02:38:15.995991+00:00,t-arm,7,2.94628
0,2026-07-28T02:38:19.321705+00:00,t-arm,8,1.1e-05
1,2026-07-28T02:38:19.376759+00:00,t-arm,8,0.055098
2,2026-07-28T02:38:19.431829+00:00,t-arm,8,0.110146
3,2026-07-28T02:38:19.486872+00:00,t-arm,8,0.165185
4,2026-07-28T02:38:19.540814+00:00,t-arm,8,0.219128
5,2026-07-28T02:38:19.595876+00:00,t-arm,8,0.274195
6,2026-07-28T02:38:19.650932+00:00,t-arm,8,0.329244
7,2026-07-28T02:38:19.705964+00:00,t-arm,8,0.384273
8,2026-07-28T02:38:19.757116+00:00,t-arm,8,0.435429
9,2026-07-28T02:38:19.812158+00:00,t-arm,8,0.490467
10,2026-07-28T02:38:19.867188+00:00,t-arm,8,0.545498
11,2026-07-28T02:38:19.919181+00:00,t-arm,8,0.597494
12,2026-07-28T02:38:19.974216+00:00,t-arm,8,0.652525
13,2026-07-28T02:38:20.028094+00:00,t-arm,8,0.706423
14,2026-07-28T02:38:20.082007+00:00,t-arm,8,0.760317
15,2026-07-28T02:38:20.135376+00:00,t-arm,8,0.813689
16,2026-07-28T02:38:20.185772+00:00,t-arm,8,0.864086
17,2026-07-28T02:38:20.240803+00:00,t-arm,8,0.919113
18,2026-07-28T02:38:20.295851+00:00,t-arm,8,0.97416
19,2026-07-28T02:38:20.350880+00:00,t-arm,8,1.029188
20,2026-07-28T02:38:20.404326+00:00,t-arm,8,1.082638
21,2026-07-28T02:38:20.456126+00:00,t-arm,8,1.134438
22,2026-07-28T02:38:20.511169+00:00,t-arm,8,1.189483
23,2026-07-28T02:38:20.565015+00:00,t-arm,8,1.243339
24,2026-07-28T02:38:20.618705+00:00,t-arm,8,1.297044
25,2026-07-28T02:38:20.669102+00:00,t-arm,8,1.347413
26,2026-07-28T02:38:20.720739+00:00,t-arm,8,1.399058
27,2026-07-28T02:38:20.771455+00:00,t-arm,8,1.449778
28,2026-07-28T02:38:20.826544+00:00,t-arm,8,1.50487
29,2026-07-28T02:38:20.877993+00:00,t-arm,8,1.556314
30,2026-07-28T02:38:20.930011+00:00,t-arm,8,1.608324
31,2026-07-28T02:38:20.985057+00:00,t-arm,8,1.663367
32,2026-07-28T02:38:21.035314+00:00,t-arm,8,1.713639
33,2026-07-28T02:38:21.087415+00:00,t-arm,8,1.76573
34,2026-07-28T02:38:21.142472+00:00,t-arm,8,1.820787
35,2026-07-28T02:38:21.194094+00:00,t-arm,8,1.872404
36,2026-07-28T02:38:21.248093+00:00,t-arm,8,1.926401
37,2026-07-28T02:38:21.303121+00:00,t-arm,8,1.981429
38,2026-07-28T02:38:21.358152+00:00,t-arm,8,2.036463
39,2026-07-28T02:38:21.411938+00:00,t-arm,8,2.090261
40,2026-07-28T02:38:21.466978+00:00,t-arm,8,2.145288
41,2026-07-28T02:38:21.522011+00:00,t-arm,8,2.200319
42,2026-07-28T02:38:21.577075+00:00,t-arm,8,2.255399
43,2026-07-28T02:38:21.629540+00:00,t-arm,8,2.307864
44,2026-07-28T02:38:21.684586+00:00,t-arm,8,2.3629
45,2026-07-28T02:38:21.739648+00:00,t-arm,8,2.417961
46,2026-07-28T02:38:21.794701+00:00,t-arm,8,2.473008
47,2026-07-28T02:38:21.849725+00:00,t-arm,8,2.528033
48,2026-07-28T02:38:21.904174+00:00,t-arm,8,2.582486
49,2026-07-28T02:38:21.959225+00:00,t-arm,8,2.637544
50,2026-07-28T02:38:22.013786+00:00,t-arm,8,2.692107
51,2026-07-28T02:38:22.068825+00:00,t-arm,8,2.747136
52,2026-07-28T02:38:22.119114+00:00,t-arm,8,2.797425
53,2026-07-28T02:38:22.174141+00:00,t-arm,8,2.852449
54,2026-07-28T02:38:22.229187+00:00,t-arm,8,2.907503
55,2026-07-28T02:38:22.284003+00:00,t-arm,8,2.962311
0,2026-07-28T02:38:25.604268+00:00,t-arm,9,1e-05
1,2026-07-28T02:38:25.659321+00:00,t-arm,9,0.055097
2,2026-07-28T02:38:25.714394+00:00,t-arm,9,0.110148
3,2026-07-28T02:38:25.767269+00:00,t-arm,9,0.163017
4,2026-07-28T02:38:25.820788+00:00,t-arm,9,0.216533
5,2026-07-28T02:38:25.875821+00:00,t-arm,9,0.271571
6,2026-07-28T02:38:25.928588+00:00,t-arm,9,0.324343
7,2026-07-28T02:38:25.983648+00:00,t-arm,9,0.379394
8,2026-07-28T02:38:26.038682+00:00,t-arm,9,0.434436
9,2026-07-28T02:38:26.093731+00:00,t-arm,9,0.489481
10,2026-07-28T02:38:26.148772+00:00,t-arm,9,0.544517
11,2026-07-28T02:38:26.201955+00:00,t-arm,9,0.5977
12,2026-07-28T02:38:26.254266+00:00,t-arm,9,0.65001
13,2026-07-28T02:38:26.309290+00:00,t-arm,9,0.705035
14,2026-07-28T02:38:26.363101+00:00,t-arm,9,0.758848
15,2026-07-28T02:38:26.414455+00:00,t-arm,9,0.810203
16,2026-07-28T02:38:26.469495+00:00,t-arm,9,0.865245
17,2026-07-28T02:38:26.524522+00:00,t-arm,9,0.920266
18,2026-07-28T02:38:26.579565+00:00,t-arm,9,0.975327
19,2026-07-28T02:38:26.633024+00:00,t-arm,9,1.028774
20,2026-07-28T02:38:26.688067+00:00,t-arm,9,1.083823
21,2026-07-28T02:38:26.743105+00:00,t-arm,9,1.138853
22,2026-07-28T02:38:26.798134+00:00,t-arm,9,1.193881
23,2026-07-28T02:38:26.851949+00:00,t-arm,9,1.247693
24,2026-07-28T02:38:26.904681+00:00,t-arm,9,1.300429
25,2026-07-28T02:38:26.958052+00:00,t-arm,9,1.353798
26,2026-07-28T02:38:27.011281+00:00,t-arm,9,1.407033
27,2026-07-28T02:38:27.061652+00:00,t-arm,9,1.457427
28,2026-07-28T02:38:27.116722+00:00,t-arm,9,1.512475
29,2026-07-28T02:38:27.169086+00:00,t-arm,9,1.564833
30,2026-07-28T02:38:27.220711+00:00,t-arm,9,1.616456
31,2026-07-28T02:38:27.270958+00:00,t-arm,9,1.666705
32,2026-07-28T02:38:27.325992+00:00,t-arm,9,1.721742
33,2026-07-28T02:38:27.379981+00:00,t-arm,9,1.775733
34,2026-07-28T02:38:27.430074+00:00,t-arm,9,1.82582
35,2026-07-28T02:38:27.485109+00:00,t-arm,9,1.880862
36,2026-07-28T02:38:27.540150+00:00,t-arm,9,1.935899
37,2026-07-28T02:38:27.594638+00:00,t-arm,9,1.990391
38,2026-07-28T02:38:27.649674+00:00,t-arm,9,2.045421
39,2026-07-28T02:38:27.704632+00:00,t-arm,9,2.100376
40,2026-07-28T02:38:27.754713+00:00,t-arm,9,2.150456
41,2026-07-28T02:38:27.809744+00:00,t-arm,9,2.205494
42,2026-07-28T02:38:27.864774+00:00,t-arm,9,2.26052
43,2026-07-28T02:38:27.918563+00:00,t-arm,9,2.314309
44,2026-07-28T02:38:27.970685+00:00,t-arm,9,2.366432
45,2026-07-28T02:38:28.020991+00:00,t-arm,9,2.416743
46,2026-07-28T02:38:28.074963+00:00,t-arm,9,2.470711
47,2026-07-28T02:38:28.129767+00:00,t-arm,9,2.525518
48,2026-07-28T02:38:28.184818+00:00,t-arm,9,2.580564
49,2026-07-28T02:38:28.239844+00:00,t-arm,9,2.635588
50,2026-07-28T02:38:28.294881+00:00,t-arm,9,2.690627
51,2026-07-28T02:38:28.349919+00:00,t-arm,9,2.745662
52,2026-07-28T02:38:28.404947+00:00,t-arm,9,2.8007
53,2026-07-28T02:38:28.456582+00:00,t-arm,9,2.85233
54,2026-07-28T02:38:28.508015+00:00,t-arm,9,2.903761
55,2026-07-28T02:38:28.563041+00:00,t-arm,9,2.958785
0,2026-07-28T02:38:31.885956+00:00,t-arm,10,1e-05
1,2026-07-28T02:38:31.941015+00:00,t-arm,10,0.05511
2,2026-07-28T02:38:31.994647+00:00,t-arm,10,0.108718
3,2026-07-28T02:38:32.047878+00:00,t-arm,10,0.161956
4,2026-07-28T02:38:32.097937+00:00,t-arm,10,0.212
5,2026-07-28T02:38:32.152993+00:00,t-arm,10,0.26705
6,2026-07-28T02:38:32.204743+00:00,t-arm,10,0.31881
7,2026-07-28T02:38:32.259790+00:00,t-arm,10,0.373854
8,2026-07-28T02:38:32.314168+00:00,t-arm,10,0.42823
9,2026-07-28T02:38:32.369032+00:00,t-arm,10,0.483094
10,2026-07-28T02:38:32.421509+00:00,t-arm,10,0.535567
11,2026-07-28T02:38:32.476537+00:00,t-arm,10,0.590594
12,2026-07-28T02:38:32.531565+00:00,t-arm,10,0.645621
13,2026-07-28T02:38:32.582670+00:00,t-arm,10,0.696748
14,2026-07-28T02:38:32.633010+00:00,t-arm,10,0.747077
15,2026-07-28T02:38:32.685706+00:00,t-arm,10,0.799762
16,2026-07-28T02:38:32.740757+00:00,t-arm,10,0.854821
17,2026-07-28T02:38:32.795811+00:00,t-arm,10,0.909867
18,2026-07-28T02:38:32.850847+00:00,t-arm,10,0.964906
19,2026-07-28T02:38:32.905888+00:00,t-arm,10,1.019958
20,2026-07-28T02:38:32.960952+00:00,t-arm,10,1.075014
21,2026-07-28T02:38:33.014053+00:00,t-arm,10,1.128118
22,2026-07-28T02:38:33.069082+00:00,t-arm,10,1.183163
23,2026-07-28T02:38:33.120696+00:00,t-arm,10,1.234771
24,2026-07-28T02:38:33.175295+00:00,t-arm,10,1.289351
25,2026-07-28T02:38:33.229217+00:00,t-arm,10,1.343275
26,2026-07-28T02:38:33.283444+00:00,t-arm,10,1.397502
27,2026-07-28T02:38:33.338476+00:00,t-arm,10,1.452532
28,2026-07-28T02:38:33.393512+00:00,t-arm,10,1.507571
29,2026-07-28T02:38:33.448567+00:00,t-arm,10,1.562625
30,2026-07-28T02:38:33.501950+00:00,t-arm,10,1.616013
31,2026-07-28T02:38:33.556992+00:00,t-arm,10,1.671048
32,2026-07-28T02:38:33.612025+00:00,t-arm,10,1.726088
33,2026-07-28T02:38:33.667065+00:00,t-arm,10,1.781122
34,2026-07-28T02:38:33.721835+00:00,t-arm,10,1.835894
35,2026-07-28T02:38:33.776868+00:00,t-arm,10,1.890924
36,2026-07-28T02:38:33.829194+00:00,t-arm,10,1.943251
37,2026-07-28T02:38:33.879269+00:00,t-arm,10,1.993328
38,2026-07-28T02:38:33.934298+00:00,t-arm,10,2.048355
39,2026-07-28T02:38:33.985692+00:00,t-arm,10,2.099748
40,2026-07-28T02:38:34.037982+00:00,t-arm,10,2.152051
41,2026-07-28T02:38:34.093052+00:00,t-arm,10,2.207113
42,2026-07-28T02:38:34.148102+00:00,t-arm,10,2.26216
43,2026-07-28T02:38:34.201930+00:00,t-arm,10,2.315989
44,2026-07-28T02:38:34.252384+00:00,t-arm,10,2.366445
45,2026-07-28T02:38:34.304220+00:00,t-arm,10,2.418277
46,2026-07-28T02:38:34.359254+00:00,t-arm,10,2.47331
47,2026-07-28T02:38:34.414284+00:00,t-arm,10,2.528341
48,2026-07-28T02:38:34.468578+00:00,t-arm,10,2.582635
49,2026-07-28T02:38:34.522090+00:00,t-arm,10,2.636147
50,2026-07-28T02:38:34.577135+00:00,t-arm,10,2.691193
51,2026-07-28T02:38:34.631714+00:00,t-arm,10,2.745769
52,2026-07-28T02:38:34.686740+00:00,t-arm,10,2.800794
53,2026-07-28T02:38:34.737319+00:00,t-arm,10,2.851376
54,2026-07-28T02:38:34.792349+00:00,t-arm,10,2.906405
55,2026-07-28T02:38:34.847388+00:00,t-arm,10,2.961444
0,2026-07-28T02:38:38.168000+00:00,t-arm,11,9e-06
1,2026-07-28T02:38:38.221418+00:00,t-arm,11,0.053459
2,2026-07-28T02:38:38.272171+00:00,t-arm,11,0.104202
3,2026-07-28T02:38:38.322681+00:00,t-arm,11,0.154713
4,2026-07-28T02:38:38.377743+00:00,t-arm,11,0.209767
5,2026-07-28T02:38:38.428433+00:00,t-arm,11,0.260458
6,2026-07-28T02:38:38.483491+00:00,t-arm,11,0.315523
7,2026-07-28T02:38:38.535760+00:00,t-arm,11,0.367788
8,2026-07-28T02:38:38.590826+00:00,t-arm,11,0.422864
9,2026-07-28T02:38:38.645896+00:00,t-arm,11,0.477928
10,2026-07-28T02:38:38.700959+00:00,t-arm,11,0.53299
11,2026-07-28T02:38:38.754162+00:00,t-arm,11,0.586196
12,2026-07-28T02:38:38.806744+00:00,t-arm,11,0.638774
13,2026-07-28T02:38:38.861807+00:00,t-arm,11,0.693836
14,2026-07-28T02:38:38.916875+00:00,t-arm,11,0.748909
15,2026-07-28T02:38:38.969094+00:00,t-arm,11,0.801125
16,2026-07-28T02:38:39.022102+00:00,t-arm,11,0.854142
17,2026-07-28T02:38:39.077175+00:00,t-arm,11,0.909197
18,2026-07-28T02:38:39.132221+00:00,t-arm,11,0.964243
19,2026-07-28T02:38:39.185691+00:00,t-arm,11,1.017707
20,2026-07-28T02:38:39.240735+00:00,t-arm,11,1.072755
21,2026-07-28T02:38:39.295776+00:00,t-arm,11,1.127792
22,2026-07-28T02:38:39.350829+00:00,t-arm,11,1.182842
23,2026-07-28T02:38:39.402329+00:00,t-arm,11,1.234347
24,2026-07-28T02:38:39.457366+00:00,t-arm,11,1.289385
25,2026-07-28T02:38:39.507878+00:00,t-arm,11,1.339901
26,2026-07-28T02:38:39.562919+00:00,t-arm,11,1.394937
27,2026-07-28T02:38:39.617955+00:00,t-arm,11,1.449971
28,2026-07-28T02:38:39.670633+00:00,t-arm,11,1.502651
29,2026-07-28T02:38:39.725685+00:00,t-arm,11,1.557697
30,2026-07-28T02:38:39.777389+00:00,t-arm,11,1.609408
31,2026-07-28T02:38:39.830593+00:00,t-arm,11,1.662611
32,2026-07-28T02:38:39.885183+00:00,t-arm,11,1.717199
33,2026-07-28T02:38:39.935655+00:00,t-arm,11,1.767668
34,2026-07-28T02:38:39.990686+00:00,t-arm,11,1.822699
35,2026-07-28T02:38:40.045740+00:00,t-arm,11,1.877781
36,2026-07-28T02:38:40.100798+00:00,t-arm,11,1.932822
37,2026-07-28T02:38:40.152330+00:00,t-arm,11,1.984356
38,2026-07-28T02:38:40.207370+00:00,t-arm,11,2.039382
39,2026-07-28T02:38:40.262398+00:00,t-arm,11,2.09441
40,2026-07-28T02:38:40.313851+00:00,t-arm,11,2.145867
41,2026-07-28T02:38:40.368494+00:00,t-arm,11,2.200508
42,2026-07-28T02:38:40.418995+00:00,t-arm,11,2.251012
43,2026-07-28T02:38:40.470632+00:00,t-arm,11,2.302646
44,2026-07-28T02:38:40.525672+00:00,t-arm,11,2.3577
45,2026-07-28T02:38:40.579184+00:00,t-arm,11,2.411208
46,2026-07-28T02:38:40.629646+00:00,t-arm,11,2.461663
47,2026-07-28T02:38:40.684678+00:00,t-arm,11,2.516691
48,2026-07-28T02:38:40.739715+00:00,t-arm,11,2.571734
49,2026-07-28T02:38:40.794749+00:00,t-arm,11,2.626763
50,2026-07-28T02:38:40.849777+00:00,t-arm,11,2.681789
51,2026-07-28T02:38:40.902303+00:00,t-arm,11,2.734319
52,2026-07-28T02:38:40.954799+00:00,t-arm,11,2.786812
53,2026-07-28T02:38:41.005015+00:00,t-arm,11,2.837029
54,2026-07-28T02:38:41.060067+00:00,t-arm,11,2.892086
55,2026-07-28T02:38:41.115120+00:00,t-arm,11,2.947132
0,2026-07-28T02:38:44.436737+00:00,t-arm,12,1.2e-05
1,2026-07-28T02:38:44.491795+00:00,t-arm,12,0.055101
2,2026-07-28T02:38:44.544948+00:00,t-arm,12,0.108238
3,2026-07-28T02:38:44.600001+00:00,t-arm,12,0.163285
4,2026-07-28T02:38:44.655046+00:00,t-arm,12,0.218338
5,2026-07-28T02:38:44.709222+00:00,t-arm,12,0.272499
6,2026-07-28T02:38:44.764142+00:00,t-arm,12,0.327424
7,2026-07-28T02:38:44.818622+00:00,t-arm,12,0.381902
8,2026-07-28T02:38:44.869049+00:00,t-arm,12,0.432334
9,2026-07-28T02:38:44.924092+00:00,t-arm,12,0.487369
10,2026-07-28T02:38:44.976115+00:00,t-arm,12,0.539396
11,2026-07-28T02:38:45.027961+00:00,t-arm,12,0.591248
12,2026-07-28T02:38:45.079866+00:00,t-arm,12,0.643142
13,2026-07-28T02:38:45.133012+00:00,t-arm,12,0.696288
14,2026-07-28T02:38:45.185641+00:00,t-arm,12,0.748917
15,2026-07-28T02:38:45.240673+00:00,t-arm,12,0.803951
16,2026-07-28T02:38:45.295413+00:00,t-arm,12,0.858689
17,2026-07-28T02:38:45.346739+00:00,t-arm,12,0.910015
18,2026-07-28T02:38:45.401771+00:00,t-arm,12,0.965049
19,2026-07-28T02:38:45.456825+00:00,t-arm,12,1.020102
20,2026-07-28T02:38:45.511854+00:00,t-arm,12,1.075129
21,2026-07-28T02:38:45.566883+00:00,t-arm,12,1.130161
22,2026-07-28T02:38:45.621917+00:00,t-arm,12,1.185196
23,2026-07-28T02:38:45.676957+00:00,t-arm,12,1.240231
24,2026-07-28T02:38:45.729420+00:00,t-arm,12,1.292696
25,2026-07-28T02:38:45.784446+00:00,t-arm,12,1.347723
26,2026-07-28T02:38:45.835628+00:00,t-arm,12,1.398903
27,2026-07-28T02:38:45.890661+00:00,t-arm,12,1.453937
28,2026-07-28T02:38:45.945403+00:00,t-arm,12,1.508678
29,2026-07-28T02:38:45.999017+00:00,t-arm,12,1.562292
30,2026-07-28T02:38:46.054067+00:00,t-arm,12,1.617365
31,2026-07-28T02:38:46.109118+00:00,t-arm,12,1.672398
32,2026-07-28T02:38:46.164156+00:00,t-arm,12,1.727436
33,2026-07-28T02:38:46.218980+00:00,t-arm,12,1.782265
34,2026-07-28T02:38:46.274026+00:00,t-arm,12,1.837303
35,2026-07-28T02:38:46.329061+00:00,t-arm,12,1.892336
36,2026-07-28T02:38:46.384097+00:00,t-arm,12,1.947383
37,2026-07-28T02:38:46.435635+00:00,t-arm,12,1.998921
38,2026-07-28T02:38:46.490676+00:00,t-arm,12,2.053955
39,2026-07-28T02:38:46.545705+00:00,t-arm,12,2.108981
40,2026-07-28T02:38:46.600752+00:00,t-arm,12,2.164051
41,2026-07-28T02:38:46.654221+00:00,t-arm,12,2.217503
42,2026-07-28T02:38:46.709261+00:00,t-arm,12,2.272541
43,2026-07-28T02:38:46.764308+00:00,t-arm,12,2.327593
44,2026-07-28T02:38:46.819352+00:00,t-arm,12,2.382628
45,2026-07-28T02:38:46.874412+00:00,t-arm,12,2.437689
46,2026-07-28T02:38:46.927849+00:00,t-arm,12,2.491128
47,2026-07-28T02:38:46.979457+00:00,t-arm,12,2.542737
48,2026-07-28T02:38:47.034524+00:00,t-arm,12,2.597817
49,2026-07-28T02:38:47.085696+00:00,t-arm,12,2.648974
50,2026-07-28T02:38:47.140745+00:00,t-arm,12,2.70402
51,2026-07-28T02:38:47.195801+00:00,t-arm,12,2.759077
52,2026-07-28T02:38:47.250848+00:00,t-arm,12,2.814126
53,2026-07-28T02:38:47.304276+00:00,t-arm,12,2.86756
54,2026-07-28T02:38:47.354386+00:00,t-arm,12,2.917663
55,2026-07-28T02:38:47.404495+00:00,t-arm,12,2.967776
0,2026-07-28T02:38:50.728794+00:00,t-arm,13,1e-05
1,2026-07-28T02:38:50.783851+00:00,t-arm,13,0.055127
2,2026-07-28T02:38:50.838968+00:00,t-arm,13,0.110206
3,2026-07-28T02:38:50.894037+00:00,t-arm,13,0.165272
4,2026-07-28T02:38:50.948889+00:00,t-arm,13,0.220113
5,2026-07-28T02:38:51.003924+00:00,t-arm,13,0.275148
6,2026-07-28T02:38:51.058965+00:00,t-arm,13,0.330199
7,2026-07-28T02:38:51.114021+00:00,t-arm,13,0.38525
8,2026-07-28T02:38:51.169063+00:00,t-arm,13,0.440284
9,2026-07-28T02:38:51.223705+00:00,t-arm,13,0.494926
10,2026-07-28T02:38:51.278749+00:00,t-arm,13,0.549973
11,2026-07-28T02:38:51.332295+00:00,t-arm,13,0.603512
12,2026-07-28T02:38:51.382995+00:00,t-arm,13,0.654216
13,2026-07-28T02:38:51.438035+00:00,t-arm,13,0.70926
14,2026-07-28T02:38:51.493068+00:00,t-arm,13,0.764287
15,2026-07-28T02:38:51.548098+00:00,t-arm,13,0.819314
16,2026-07-28T02:38:51.601822+00:00,t-arm,13,0.87306
17,2026-07-28T02:38:51.652272+00:00,t-arm,13,0.923496
18,2026-07-28T02:38:51.703912+00:00,t-arm,13,0.975146
19,2026-07-28T02:38:51.757997+00:00,t-arm,13,1.029219
20,2026-07-28T02:38:51.813031+00:00,t-arm,13,1.084253
21,2026-07-28T02:38:51.863666+00:00,t-arm,13,1.134887
22,2026-07-28T02:38:51.918482+00:00,t-arm,13,1.189712
23,2026-07-28T02:38:51.970557+00:00,t-arm,13,1.241783
24,2026-07-28T02:38:52.025607+00:00,t-arm,13,1.296842
25,2026-07-28T02:38:52.079369+00:00,t-arm,13,1.350611
26,2026-07-28T02:38:52.133003+00:00,t-arm,13,1.404228
27,2026-07-28T02:38:52.188059+00:00,t-arm,13,1.459279
28,2026-07-28T02:38:52.243110+00:00,t-arm,13,1.514335
29,2026-07-28T02:38:52.298152+00:00,t-arm,13,1.569379
30,2026-07-28T02:38:52.353207+00:00,t-arm,13,1.624425
31,2026-07-28T02:38:52.408239+00:00,t-arm,13,1.679461
32,2026-07-28T02:38:52.461157+00:00,t-arm,13,1.73238
33,2026-07-28T02:38:52.516187+00:00,t-arm,13,1.787405
34,2026-07-28T02:38:52.568432+00:00,t-arm,13,1.839658
35,2026-07-28T02:38:52.618932+00:00,t-arm,13,1.890175
36,2026-07-28T02:38:52.673991+00:00,t-arm,13,1.945217
37,2026-07-28T02:38:52.727253+00:00,t-arm,13,1.998475
38,2026-07-28T02:38:52.782282+00:00,t-arm,13,2.0535
39,2026-07-28T02:38:52.837313+00:00,t-arm,13,2.108538
40,2026-07-28T02:38:52.892352+00:00,t-arm,13,2.163577
41,2026-07-28T02:38:52.947388+00:00,t-arm,13,2.21861
42,2026-07-28T02:38:53.001024+00:00,t-arm,13,2.272247
43,2026-07-28T02:38:53.054328+00:00,t-arm,13,2.325556
44,2026-07-28T02:38:53.109389+00:00,t-arm,13,2.38061
45,2026-07-28T02:38:53.164419+00:00,t-arm,13,2.435641
46,2026-07-28T02:38:53.218942+00:00,t-arm,13,2.490165
47,2026-07-28T02:38:53.272202+00:00,t-arm,13,2.543422
48,2026-07-28T02:38:53.327253+00:00,t-arm,13,2.598474
49,2026-07-28T02:38:53.379146+00:00,t-arm,13,2.650364
50,2026-07-28T02:38:53.434188+00:00,t-arm,13,2.705408
51,2026-07-28T02:38:53.485582+00:00,t-arm,13,2.7568
52,2026-07-28T02:38:53.535648+00:00,t-arm,13,2.806873
53,2026-07-28T02:38:53.587223+00:00,t-arm,13,2.858443
54,2026-07-28T02:38:53.642251+00:00,t-arm,13,2.913471
55,2026-07-28T02:38:53.697280+00:00,t-arm,13,2.968498
0,2026-07-28T02:38:57.021897+00:00,t-arm,14,1.1e-05
1,2026-07-28T02:38:57.076947+00:00,t-arm,14,0.055087
2,2026-07-28T02:38:57.132029+00:00,t-arm,14,0.110151
3,2026-07-28T02:38:57.187070+00:00,t-arm,14,0.165196
4,2026-07-28T02:38:57.242108+00:00,t-arm,14,0.220228
5,2026-07-28T02:38:57.294814+00:00,t-arm,14,0.272936
6,2026-07-28T02:38:57.348992+00:00,t-arm,14,0.327116
7,2026-07-28T02:38:57.402334+00:00,t-arm,14,0.380454
8,2026-07-28T02:38:57.454576+00:00,t-arm,14,0.432695
9,2026-07-28T02:38:57.508001+00:00,t-arm,14,0.486122
10,2026-07-28T02:38:57.561210+00:00,t-arm,14,0.539329
11,2026-07-28T02:38:57.616247+00:00,t-arm,14,0.594366
12,2026-07-28T02:38:57.670613+00:00,t-arm,14,0.648729
13,2026-07-28T02:38:57.725657+00:00,t-arm,14,0.703771
14,2026-07-28T02:38:57.779139+00:00,t-arm,14,0.757256
15,2026-07-28T02:38:57.834171+00:00,t-arm,14,0.812291
16,2026-07-28T02:38:57.889212+00:00,t-arm,14,0.86733
17,2026-07-28T02:38:57.944240+00:00,t-arm,14,0.922355
18,2026-07-28T02:38:57.997963+00:00,t-arm,14,0.976081
19,2026-07-28T02:38:58.052999+00:00,t-arm,14,1.031124
20,2026-07-28T02:38:58.108041+00:00,t-arm,14,1.08616
21,2026-07-28T02:38:58.159257+00:00,t-arm,14,1.137378
22,2026-07-28T02:38:58.213954+00:00,t-arm,14,1.192071
23,2026-07-28T02:38:58.268398+00:00,t-arm,14,1.246519
24,2026-07-28T02:38:58.320543+00:00,t-arm,14,1.29866
25,2026-07-28T02:38:58.375597+00:00,t-arm,14,1.353713
26,2026-07-28T02:38:58.427797+00:00,t-arm,14,1.405913
27,2026-07-28T02:38:58.480009+00:00,t-arm,14,1.458126
28,2026-07-28T02:38:58.535067+00:00,t-arm,14,1.513183
29,2026-07-28T02:38:58.590106+00:00,t-arm,14,1.568234
30,2026-07-28T02:38:58.643438+00:00,t-arm,14,1.621558
31,2026-07-28T02:38:58.698476+00:00,t-arm,14,1.676593
32,2026-07-28T02:38:58.751713+00:00,t-arm,14,1.729833
33,2026-07-28T02:38:58.803860+00:00,t-arm,14,1.781977
34,2026-07-28T02:38:58.858885+00:00,t-arm,14,1.837
35,2026-07-28T02:38:58.913918+00:00,t-arm,14,1.892038
36,2026-07-28T02:38:58.968371+00:00,t-arm,14,1.946488
37,2026-07-28T02:38:59.023419+00:00,t-arm,14,2.001559
38,2026-07-28T02:38:59.077776+00:00,t-arm,14,2.055909
39,2026-07-28T02:38:59.129116+00:00,t-arm,14,2.107236
40,2026-07-28T02:38:59.184154+00:00,t-arm,14,2.162273
41,2026-07-28T02:38:59.235558+00:00,t-arm,14,2.213674
42,2026-07-28T02:38:59.287208+00:00,t-arm,14,2.265329
43,2026-07-28T02:38:59.342244+00:00,t-arm,14,2.320363
44,2026-07-28T02:38:59.395470+00:00,t-arm,14,2.373591
45,2026-07-28T02:38:59.450524+00:00,t-arm,14,2.428643
46,2026-07-28T02:38:59.503034+00:00,t-arm,14,2.48115
47,2026-07-28T02:38:59.558068+00:00,t-arm,14,2.536183
48,2026-07-28T02:38:59.613117+00:00,t-arm,14,2.591259
49,2026-07-28T02:38:59.664645+00:00,t-arm,14,2.642761
50,2026-07-28T02:38:59.719694+00:00,t-arm,14,2.697812
51,2026-07-28T02:38:59.774738+00:00,t-arm,14,2.752858
52,2026-07-28T02:38:59.829792+00:00,t-arm,14,2.807913
53,2026-07-28T02:38:59.883002+00:00,t-arm,14,2.861124
54,2026-07-28T02:38:59.938037+00:00,t-arm,14,2.916153
55,2026-07-28T02:38:59.988075+00:00,t-arm,14,2.96619
0,2026-07-28T02:39:03.304373+00:00,raise-arms,0,1e-05
1,2026-07-28T02:39:03.359438+00:00,raise-arms,0,0.055107
2,2026-07-28T02:39:03.414503+00:00,raise-arms,0,0.110155
3,2026-07-28T02:39:03.468508+00:00,raise-arms,0,0.164174
4,2026-07-28T02:39:03.519027+00:00,raise-arms,0,0.214672
5,2026-07-28T02:39:03.569511+00:00,raise-arms,0,0.265159
6,2026-07-28T02:39:03.624574+00:00,raise-arms,0,0.320231
7,2026-07-28T02:39:03.679493+00:00,raise-arms,0,0.37514
8,2026-07-28T02:39:03.734538+00:00,raise-arms,0,0.430187
9,2026-07-28T02:39:03.787254+00:00,raise-arms,0,0.482895
10,2026-07-28T02:39:03.842291+00:00,raise-arms,0,0.537941
11,2026-07-28T02:39:03.895520+00:00,raise-arms,0,0.591166
12,2026-07-28T02:39:03.950561+00:00,raise-arms,0,0.64621
13,2026-07-28T02:39:04.005608+00:00,raise-arms,0,0.701257
14,2026-07-28T02:39:04.060664+00:00,raise-arms,0,0.756323
15,2026-07-28T02:39:04.115718+00:00,raise-arms,0,0.811367
16,2026-07-28T02:39:04.170769+00:00,raise-arms,0,0.866422
17,2026-07-28T02:39:04.223119+00:00,raise-arms,0,0.918768
18,2026-07-28T02:39:04.277744+00:00,raise-arms,0,0.973397
19,2026-07-28T02:39:04.332790+00:00,raise-arms,0,1.028437
20,2026-07-28T02:39:04.387175+00:00,raise-arms,0,1.082817
21,2026-07-28T02:39:04.441683+00:00,raise-arms,0,1.137332
22,2026-07-28T02:39:04.496727+00:00,raise-arms,0,1.192372
23,2026-07-28T02:39:04.551774+00:00,raise-arms,0,1.247416
24,2026-07-28T02:39:04.606808+00:00,raise-arms,0,1.302455
25,2026-07-28T02:39:04.661848+00:00,raise-arms,0,1.357493
26,2026-07-28T02:39:04.716890+00:00,raise-arms,0,1.412536
27,2026-07-28T02:39:04.768849+00:00,raise-arms,0,1.464492
28,2026-07-28T02:39:04.823878+00:00,raise-arms,0,1.519518
29,2026-07-28T02:39:04.877744+00:00,raise-arms,0,1.573386
30,2026-07-28T02:39:04.932774+00:00,raise-arms,0,1.628415
31,2026-07-28T02:39:04.985521+00:00,raise-arms,0,1.681167
32,2026-07-28T02:39:05.039273+00:00,raise-arms,0,1.734929
33,2026-07-28T02:39:05.093525+00:00,raise-arms,0,1.78917
34,2026-07-28T02:39:05.148564+00:00,raise-arms,0,1.84421
35,2026-07-28T02:39:05.203601+00:00,raise-arms,0,1.899243
36,2026-07-28T02:39:05.257997+00:00,raise-arms,0,1.953639
37,2026-07-28T02:39:05.313052+00:00,raise-arms,0,2.008699
38,2026-07-28T02:39:05.368088+00:00,raise-arms,0,2.063733
39,2026-07-28T02:39:05.420495+00:00,raise-arms,0,2.116135
40,2026-07-28T02:39:05.471325+00:00,raise-arms,0,2.166965
41,2026-07-28T02:39:05.526351+00:00,raise-arms,0,2.22199
42,2026-07-28T02:39:05.581383+00:00,raise-arms,0,2.27703
43,2026-07-28T02:39:05.636418+00:00,raise-arms,0,2.332057
44,2026-07-28T02:39:05.690458+00:00,raise-arms,0,2.386096
45,2026-07-28T02:39:05.745484+00:00,raise-arms,0,2.441124
46,2026-07-28T02:39:05.800508+00:00,raise-arms,0,2.496148
47,2026-07-28T02:39:05.854266+00:00,raise-arms,0,2.549905
48,2026-07-28T02:39:05.904402+00:00,raise-arms,0,2.600042
49,2026-07-28T02:39:05.954495+00:00,raise-arms,0,2.650135
50,2026-07-28T02:39:06.007284+00:00,raise-arms,0,2.702927
51,2026-07-28T02:39:06.062316+00:00,raise-arms,0,2.757961
52,2026-07-28T02:39:06.114574+00:00,raise-arms,0,2.810213
53,2026-07-28T02:39:06.169604+00:00,raise-arms,0,2.865245
54,2026-07-28T02:39:06.224638+00:00,raise-arms,0,2.920279
55,2026-07-28T02:39:06.279671+00:00,raise-arms,0,2.97531
0,2026-07-28T02:39:09.609866+00:00,raise-arms,1,1.1e-05
1,2026-07-28T02:39:09.664925+00:00,raise-arms,1,0.055109
2,2026-07-28T02:39:09.718412+00:00,raise-arms,1,0.108593
3,2026-07-28T02:39:09.773513+00:00,raise-arms,1,0.163697
4,2026-07-28T02:39:09.827762+00:00,raise-arms,1,0.217941
5,2026-07-28T02:39:09.882846+00:00,raise-arms,1,0.273022
6,2026-07-28T02:39:09.937919+00:00,raise-arms,1,0.328088
7,2026-07-28T02:39:09.992990+00:00,raise-arms,1,0.383157
8,2026-07-28T02:39:10.044427+00:00,raise-arms,1,0.434603
9,2026-07-28T02:39:10.099507+00:00,raise-arms,1,0.489681
10,2026-07-28T02:39:10.154584+00:00,raise-arms,1,0.544756
11,2026-07-28T02:39:10.209670+00:00,raise-arms,1,0.599848
12,2026-07-28T02:39:10.264753+00:00,raise-arms,1,0.654918
13,2026-07-28T02:39:10.319812+00:00,raise-arms,1,0.709977
14,2026-07-28T02:39:10.374877+00:00,raise-arms,1,0.765047
15,2026-07-28T02:39:10.429951+00:00,raise-arms,1,0.82012
16,2026-07-28T02:39:10.485018+00:00,raise-arms,1,0.87519
17,2026-07-28T02:39:10.540092+00:00,raise-arms,1,0.930262
18,2026-07-28T02:39:10.594416+00:00,raise-arms,1,0.984591
19,2026-07-28T02:39:10.649490+00:00,raise-arms,1,1.039661
20,2026-07-28T02:39:10.704559+00:00,raise-arms,1,1.09473
21,2026-07-28T02:39:10.759633+00:00,raise-arms,1,1.149802
22,2026-07-28T02:39:10.814155+00:00,raise-arms,1,1.204333
23,2026-07-28T02:39:10.869232+00:00,raise-arms,1,1.259397
24,2026-07-28T02:39:10.924298+00:00,raise-arms,1,1.314472
25,2026-07-28T02:39:10.977727+00:00,raise-arms,1,1.367896
26,2026-07-28T02:39:11.032800+00:00,raise-arms,1,1.422972
27,2026-07-28T02:39:11.087879+00:00,raise-arms,1,1.478056
28,2026-07-28T02:39:11.142967+00:00,raise-arms,1,1.533151
29,2026-07-28T02:39:11.198080+00:00,raise-arms,1,1.588255
30,2026-07-28T02:39:11.251657+00:00,raise-arms,1,1.641808
31,2026-07-28T02:39:11.304241+00:00,raise-arms,1,1.694399
32,2026-07-28T02:39:11.359288+00:00,raise-arms,1,1.749446
33,2026-07-28T02:39:11.411523+00:00,raise-arms,1,1.801677
34,2026-07-28T02:39:11.466571+00:00,raise-arms,1,1.856727
35,2026-07-28T02:39:11.517402+00:00,raise-arms,1,1.907544
36,2026-07-28T02:39:11.572426+00:00,raise-arms,1,1.962571
37,2026-07-28T02:39:11.627463+00:00,raise-arms,1,2.017627
38,2026-07-28T02:39:11.682512+00:00,raise-arms,1,2.072667
39,2026-07-28T02:39:11.735476+00:00,raise-arms,1,2.125627
40,2026-07-28T02:39:11.790510+00:00,raise-arms,1,2.180657
41,2026-07-28T02:39:11.845535+00:00,raise-arms,1,2.235685
42,2026-07-28T02:39:11.900574+00:00,raise-arms,1,2.290725
43,2026-07-28T02:39:11.955609+00:00,raise-arms,1,2.345759
44,2026-07-28T02:39:12.008000+00:00,raise-arms,1,2.398152
45,2026-07-28T02:39:12.061033+00:00,raise-arms,1,2.451191
46,2026-07-28T02:39:12.113970+00:00,raise-arms,1,2.504117
47,2026-07-28T02:39:12.168284+00:00,raise-arms,1,2.558432
48,2026-07-28T02:39:12.220473+00:00,raise-arms,1,2.610628
49,2026-07-28T02:39:12.275509+00:00,raise-arms,1,2.665657
50,2026-07-28T02:39:12.329090+00:00,raise-arms,1,2.719237
51,2026-07-28T02:39:12.383015+00:00,raise-arms,1,2.773165
52,2026-07-28T02:39:12.435508+00:00,raise-arms,1,2.825657
53,2026-07-28T02:39:12.490550+00:00,raise-arms,1,2.880697
54,2026-07-28T02:39:12.545580+00:00,raise-arms,1,2.935732
55,2026-07-28T02:39:12.598051+00:00,raise-arms,1,2.988221
0,2026-07-28T02:39:15.924519+00:00,raise-arms,2,9e-06
1,2026-07-28T02:39:15.978730+00:00,raise-arms,2,0.054256
2,2026-07-28T02:39:16.033805+00:00,raise-arms,2,0.109316
3,2026-07-28T02:39:16.088871+00:00,raise-arms,2,0.164374
4,2026-07-28T02:39:16.143926+00:00,raise-arms,2,0.219426
5,2026-07-28T02:39:16.198959+00:00,raise-arms,2,0.274457
6,2026-07-28T02:39:16.252223+00:00,raise-arms,2,0.32772
7,2026-07-28T02:39:16.307260+00:00,raise-arms,2,0.382758
8,2026-07-28T02:39:16.362297+00:00,raise-arms,2,0.437795
9,2026-07-28T02:39:16.414263+00:00,raise-arms,2,0.489762
10,2026-07-28T02:39:16.469324+00:00,raise-arms,2,0.544831
11,2026-07-28T02:39:16.524368+00:00,raise-arms,2,0.599858
12,2026-07-28T02:39:16.579418+00:00,raise-arms,2,0.654927
13,2026-07-28T02:39:16.634484+00:00,raise-arms,2,0.709982
14,2026-07-28T02:39:16.689531+00:00,raise-arms,2,0.765036
15,2026-07-28T02:39:16.744573+00:00,raise-arms,2,0.820071
16,2026-07-28T02:39:16.798354+00:00,raise-arms,2,0.873851
17,2026-07-28T02:39:16.853416+00:00,raise-arms,2,0.928914
18,2026-07-28T02:39:16.903847+00:00,raise-arms,2,0.979343
19,2026-07-28T02:39:16.954728+00:00,raise-arms,2,1.030222
20,2026-07-28T02:39:17.005026+00:00,raise-arms,2,1.080521
21,2026-07-28T02:39:17.060080+00:00,raise-arms,2,1.135603
22,2026-07-28T02:39:17.114191+00:00,raise-arms,2,1.189688
23,2026-07-28T02:39:17.168827+00:00,raise-arms,2,1.24433
24,2026-07-28T02:39:17.222525+00:00,raise-arms,2,1.298018
25,2026-07-28T02:39:17.277571+00:00,raise-arms,2,1.353065
26,2026-07-28T02:39:17.331005+00:00,raise-arms,2,1.406506
27,2026-07-28T02:39:17.385478+00:00,raise-arms,2,1.460973
28,2026-07-28T02:39:17.437103+00:00,raise-arms,2,1.512602
29,2026-07-28T02:39:17.489501+00:00,raise-arms,2,1.565
30,2026-07-28T02:39:17.544547+00:00,raise-arms,2,1.620042
31,2026-07-28T02:39:17.599584+00:00,raise-arms,2,1.675086
32,2026-07-28T02:39:17.652131+00:00,raise-arms,2,1.727625
33,2026-07-28T02:39:17.704733+00:00,raise-arms,2,1.780227
34,2026-07-28T02:39:17.758001+00:00,raise-arms,2,1.833496
35,2026-07-28T02:39:17.813049+00:00,raise-arms,2,1.888546
36,2026-07-28T02:39:17.868104+00:00,raise-arms,2,1.943598
37,2026-07-28T02:39:17.923137+00:00,raise-arms,2,1.998631
38,2026-07-28T02:39:17.978162+00:00,raise-arms,2,2.053655
39,2026-07-28T02:39:18.029190+00:00,raise-arms,2,2.104694
40,2026-07-28T02:39:18.084231+00:00,raise-arms,2,2.159729
41,2026-07-28T02:39:18.139271+00:00,raise-arms,2,2.214774
42,2026-07-28T02:39:18.194308+00:00,raise-arms,2,2.269803
43,2026-07-28T02:39:18.249339+00:00,raise-arms,2,2.324833
44,2026-07-28T02:39:18.304367+00:00,raise-arms,2,2.379864
45,2026-07-28T02:39:18.357967+00:00,raise-arms,2,2.43346
46,2026-07-28T02:39:18.411019+00:00,raise-arms,2,2.486513
47,2026-07-28T02:39:18.466049+00:00,raise-arms,2,2.541546
48,2026-07-28T02:39:18.518142+00:00,raise-arms,2,2.593636
49,2026-07-28T02:39:18.569898+00:00,raise-arms,2,2.645394
50,2026-07-28T02:39:18.624928+00:00,raise-arms,2,2.700425
51,2026-07-28T02:39:18.676122+00:00,raise-arms,2,2.751623
52,2026-07-28T02:39:18.731159+00:00,raise-arms,2,2.806656
53,2026-07-28T02:39:18.786203+00:00,raise-arms,2,2.861697
54,2026-07-28T02:39:18.836668+00:00,raise-arms,2,2.912162
55,2026-07-28T02:39:18.891698+00:00,raise-arms,2,2.967193
0,2026-07-28T02:39:22.221442+00:00,raise-arms,3,1.1e-05
1,2026-07-28T02:39:22.276496+00:00,raise-arms,3,0.0551
2,2026-07-28T02:39:22.330057+00:00,raise-arms,3,0.108646
3,2026-07-28T02:39:22.383010+00:00,raise-arms,3,0.161596
4,2026-07-28T02:39:22.438057+00:00,raise-arms,3,0.216631
5,2026-07-28T02:39:22.493089+00:00,raise-arms,3,0.271663
6,2026-07-28T02:39:22.548122+00:00,raise-arms,3,0.326696
7,2026-07-28T02:39:22.603159+00:00,raise-arms,3,0.38174
8,2026-07-28T02:39:22.658194+00:00,raise-arms,3,0.436763
9,2026-07-28T02:39:22.713232+00:00,raise-arms,3,0.491805
10,2026-07-28T02:39:22.768287+00:00,raise-arms,3,0.546858
11,2026-07-28T02:39:22.823323+00:00,raise-arms,3,0.601895
12,2026-07-28T02:39:22.878351+00:00,raise-arms,3,0.656922
13,2026-07-28T02:39:22.928641+00:00,raise-arms,3,0.707215
14,2026-07-28T02:39:22.983672+00:00,raise-arms,3,0.762244
15,2026-07-28T02:39:23.035962+00:00,raise-arms,3,0.814543
16,2026-07-28T02:39:23.091001+00:00,raise-arms,3,0.869573
17,2026-07-28T02:39:23.143854+00:00,raise-arms,3,0.922432
18,2026-07-28T02:39:23.198902+00:00,raise-arms,3,0.977471
19,2026-07-28T02:39:23.253941+00:00,raise-arms,3,1.032513
20,2026-07-28T02:39:23.308977+00:00,raise-arms,3,1.087548
21,2026-07-28T02:39:23.361793+00:00,raise-arms,3,1.140364
22,2026-07-28T02:39:23.413691+00:00,raise-arms,3,1.19227
23,2026-07-28T02:39:23.466143+00:00,raise-arms,3,1.24473
24,2026-07-28T02:39:23.519996+00:00,raise-arms,3,1.298573
25,2026-07-28T02:39:23.570970+00:00,raise-arms,3,1.349546
26,2026-07-28T02:39:23.626003+00:00,raise-arms,3,1.404573
27,2026-07-28T02:39:23.681033+00:00,raise-arms,3,1.459609
28,2026-07-28T02:39:23.735691+00:00,raise-arms,3,1.514266
29,2026-07-28T02:39:23.790727+00:00,raise-arms,3,1.5693
30,2026-07-28T02:39:23.845754+00:00,raise-arms,3,1.624325
31,2026-07-28T02:39:23.900786+00:00,raise-arms,3,1.679357
32,2026-07-28T02:39:23.955833+00:00,raise-arms,3,1.734404
33,2026-07-28T02:39:24.010874+00:00,raise-arms,3,1.78945
34,2026-07-28T02:39:24.065922+00:00,raise-arms,3,1.844514
35,2026-07-28T02:39:24.120974+00:00,raise-arms,3,1.899547
36,2026-07-28T02:39:24.176005+00:00,raise-arms,3,1.954577
37,2026-07-28T02:39:24.231031+00:00,raise-arms,3,2.009599
38,2026-07-28T02:39:24.285026+00:00,raise-arms,3,2.063602
39,2026-07-28T02:39:24.340057+00:00,raise-arms,3,2.118627
40,2026-07-28T02:39:24.393837+00:00,raise-arms,3,2.172412
41,2026-07-28T02:39:24.444328+00:00,raise-arms,3,2.222896
42,2026-07-28T02:39:24.499358+00:00,raise-arms,3,2.277934
43,2026-07-28T02:39:24.553801+00:00,raise-arms,3,2.332371
44,2026-07-28T02:39:24.608837+00:00,raise-arms,3,2.387417
45,2026-07-28T02:39:24.659028+00:00,raise-arms,3,2.437602
46,2026-07-28T02:39:24.714060+00:00,raise-arms,3,2.492629
47,2026-07-28T02:39:24.769095+00:00,raise-arms,3,2.547666
48,2026-07-28T02:39:24.821399+00:00,raise-arms,3,2.599973
49,2026-07-28T02:39:24.876431+00:00,raise-arms,3,2.655002
50,2026-07-28T02:39:24.927633+00:00,raise-arms,3,2.706204
51,2026-07-28T02:39:24.982662+00:00,raise-arms,3,2.761232
52,2026-07-28T02:39:25.035435+00:00,raise-arms,3,2.814013
53,2026-07-28T02:39:25.085496+00:00,raise-arms,3,2.864066
54,2026-07-28T02:39:25.140526+00:00,raise-arms,3,2.919097
55,2026-07-28T02:39:25.195572+00:00,raise-arms,3,2.974145
0,2026-07-28T02:39:28.522048+00:00,raise-arms,4,1.2e-05
1,2026-07-28T02:39:28.577105+00:00,raise-arms,4,0.0551
2,2026-07-28T02:39:28.632179+00:00,raise-arms,4,0.110157
3,2026-07-28T02:39:28.687226+00:00,raise-arms,4,0.1652
4,2026-07-28T02:39:28.740473+00:00,raise-arms,4,0.218442
5,2026-07-28T02:39:28.795510+00:00,raise-arms,4,0.273483
6,2026-07-28T02:39:28.846238+00:00,raise-arms,4,0.324208
7,2026-07-28T02:39:28.901279+00:00,raise-arms,4,0.37925
8,2026-07-28T02:39:28.952249+00:00,raise-arms,4,0.430223
9,2026-07-28T02:39:29.004803+00:00,raise-arms,4,0.482784
10,2026-07-28T02:39:29.059855+00:00,raise-arms,4,0.537829
11,2026-07-28T02:39:29.114897+00:00,raise-arms,4,0.592868
12,2026-07-28T02:39:29.168907+00:00,raise-arms,4,0.64688
13,2026-07-28T02:39:29.223969+00:00,raise-arms,4,0.701941
14,2026-07-28T02:39:29.276761+00:00,raise-arms,4,0.754731
15,2026-07-28T02:39:29.331803+00:00,raise-arms,4,0.809771
16,2026-07-28T02:39:29.385565+00:00,raise-arms,4,0.863532
17,2026-07-28T02:39:29.440599+00:00,raise-arms,4,0.91857
18,2026-07-28T02:39:29.494412+00:00,raise-arms,4,0.972384
19,2026-07-28T02:39:29.549446+00:00,raise-arms,4,1.027413
20,2026-07-28T02:39:29.604502+00:00,raise-arms,4,1.082494
21,2026-07-28T02:39:29.659566+00:00,raise-arms,4,1.137543
22,2026-07-28T02:39:29.714611+00:00,raise-arms,4,1.192582
23,2026-07-28T02:39:29.769646+00:00,raise-arms,4,1.247617
24,2026-07-28T02:39:29.824672+00:00,raise-arms,4,1.302661
25,2026-07-28T02:39:29.879739+00:00,raise-arms,4,1.357719
26,2026-07-28T02:39:29.930906+00:00,raise-arms,4,1.408893
27,2026-07-28T02:39:29.985966+00:00,raise-arms,4,1.463949
28,2026-07-28T02:39:30.041034+00:00,raise-arms,4,1.519027
29,2026-07-28T02:39:30.096124+00:00,raise-arms,4,1.574122
30,2026-07-28T02:39:30.146380+00:00,raise-arms,4,1.624371
31,2026-07-28T02:39:30.199495+00:00,raise-arms,4,1.677478
32,2026-07-28T02:39:30.252248+00:00,raise-arms,4,1.730232
33,2026-07-28T02:39:30.304552+00:00,raise-arms,4,1.782529
34,2026-07-28T02:39:30.359600+00:00,raise-arms,4,1.837575
35,2026-07-28T02:39:30.414642+00:00,raise-arms,4,1.892614
36,2026-07-28T02:39:30.469676+00:00,raise-arms,4,1.947656
37,2026-07-28T02:39:30.524728+00:00,raise-arms,4,2.002703
38,2026-07-28T02:39:30.578970+00:00,raise-arms,4,2.056961
39,2026-07-28T02:39:30.634035+00:00,raise-arms,4,2.112015
40,2026-07-28T02:39:30.689087+00:00,raise-arms,4,2.16706
41,2026-07-28T02:39:30.744130+00:00,raise-arms,4,2.222102
42,2026-07-28T02:39:30.799174+00:00,raise-arms,4,2.277146
43,2026-07-28T02:39:30.852231+00:00,raise-arms,4,2.330203
44,2026-07-28T02:39:30.904436+00:00,raise-arms,4,2.382409
45,2026-07-28T02:39:30.959476+00:00,raise-arms,4,2.437447
46,2026-07-28T02:39:31.010070+00:00,raise-arms,4,2.488043
47,2026-07-28T02:39:31.065109+00:00,raise-arms,4,2.543082
48,2026-07-28T02:39:31.120153+00:00,raise-arms,4,2.598126
49,2026-07-28T02:39:31.171411+00:00,raise-arms,4,2.649382
50,2026-07-28T02:39:31.226445+00:00,raise-arms,4,2.704415
51,2026-07-28T02:39:31.279803+00:00,raise-arms,4,2.757783
52,2026-07-28T02:39:31.330058+00:00,raise-arms,4,2.808029
53,2026-07-28T02:39:31.385102+00:00,raise-arms,4,2.863076
54,2026-07-28T02:39:31.435575+00:00,raise-arms,4,2.913559
55,2026-07-28T02:39:31.490632+00:00,raise-arms,4,2.968606
0,2026-07-28T02:39:34.820514+00:00,raise-arms,5,1.1e-05
1,2026-07-28T02:39:34.875568+00:00,raise-arms,5,0.055097
2,2026-07-28T02:39:34.930648+00:00,raise-arms,5,0.110165
3,2026-07-28T02:39:34.985702+00:00,raise-arms,5,0.165209
4,2026-07-28T02:39:35.040752+00:00,raise-arms,5,0.220272
5,2026-07-28T02:39:35.095805+00:00,raise-arms,5,0.275311
6,2026-07-28T02:39:35.150839+00:00,raise-arms,5,0.330339
7,2026-07-28T02:39:35.204627+00:00,raise-arms,5,0.384129
8,2026-07-28T02:39:35.257998+00:00,raise-arms,5,0.437502
9,2026-07-28T02:39:35.313031+00:00,raise-arms,5,0.49253
10,2026-07-28T02:39:35.368058+00:00,raise-arms,5,0.547561
11,2026-07-28T02:39:35.418715+00:00,raise-arms,5,0.598216
12,2026-07-28T02:39:35.470351+00:00,raise-arms,5,0.649854
13,2026-07-28T02:39:35.522818+00:00,raise-arms,5,0.702318
14,2026-07-28T02:39:35.577593+00:00,raise-arms,5,0.757093
15,2026-07-28T02:39:35.628748+00:00,raise-arms,5,0.808258
16,2026-07-28T02:39:35.683135+00:00,raise-arms,5,0.862634
17,2026-07-28T02:39:35.735352+00:00,raise-arms,5,0.914854
18,2026-07-28T02:39:35.790383+00:00,raise-arms,5,0.969882
19,2026-07-28T02:39:35.845428+00:00,raise-arms,5,1.024929
20,2026-07-28T02:39:35.900478+00:00,raise-arms,5,1.079979
21,2026-07-28T02:39:35.954807+00:00,raise-arms,5,1.134307
22,2026-07-28T02:39:36.007998+00:00,raise-arms,5,1.187504
23,2026-07-28T02:39:36.063054+00:00,raise-arms,5,1.242577
24,2026-07-28T02:39:36.114164+00:00,raise-arms,5,1.293677
25,2026-07-28T02:39:36.169227+00:00,raise-arms,5,1.348727
26,2026-07-28T02:39:36.224256+00:00,raise-arms,5,1.403755
27,2026-07-28T02:39:36.279303+00:00,raise-arms,5,1.458804
28,2026-07-28T02:39:36.329377+00:00,raise-arms,5,1.508876
29,2026-07-28T02:39:36.383017+00:00,raise-arms,5,1.562519
30,2026-07-28T02:39:36.438062+00:00,raise-arms,5,1.617574
31,2026-07-28T02:39:36.493108+00:00,raise-arms,5,1.672614
32,2026-07-28T02:39:36.548136+00:00,raise-arms,5,1.727635
33,2026-07-28T02:39:36.603184+00:00,raise-arms,5,1.782707
34,2026-07-28T02:39:36.654275+00:00,raise-arms,5,1.833787
35,2026-07-28T02:39:36.709344+00:00,raise-arms,5,1.888854
36,2026-07-28T02:39:36.762236+00:00,raise-arms,5,1.941738
37,2026-07-28T02:39:36.817273+00:00,raise-arms,5,1.996773
38,2026-07-28T02:39:36.872305+00:00,raise-arms,5,2.051812
39,2026-07-28T02:39:36.927355+00:00,raise-arms,5,2.106861
40,2026-07-28T02:39:36.982386+00:00,raise-arms,5,2.161885
41,2026-07-28T02:39:37.036169+00:00,raise-arms,5,2.215685
42,2026-07-28T02:39:37.091234+00:00,raise-arms,5,2.270736
43,2026-07-28T02:39:37.146288+00:00,raise-arms,5,2.325793
44,2026-07-28T02:39:37.201340+00:00,raise-arms,5,2.380839
45,2026-07-28T02:39:37.256378+00:00,raise-arms,5,2.435881
46,2026-07-28T02:39:37.311409+00:00,raise-arms,5,2.490908
47,2026-07-28T02:39:37.363605+00:00,raise-arms,5,2.543105
48,2026-07-28T02:39:37.414161+00:00,raise-arms,5,2.593661
49,2026-07-28T02:39:37.469198+00:00,raise-arms,5,2.648706
50,2026-07-28T02:39:37.524236+00:00,raise-arms,5,2.703739
51,2026-07-28T02:39:37.577596+00:00,raise-arms,5,2.757106
52,2026-07-28T02:39:37.632639+00:00,raise-arms,5,2.81214
53,2026-07-28T02:39:37.685363+00:00,raise-arms,5,2.86487
54,2026-07-28T02:39:37.740403+00:00,raise-arms,5,2.919906
55,2026-07-28T02:39:37.795444+00:00,raise-arms,5,2.974952
0,2026-07-28T02:39:41.123576+00:00,raise-arms,6,1e-05
1,2026-07-28T02:39:41.178617+00:00,raise-arms,6,0.055083
2,2026-07-28T02:39:41.233691+00:00,raise-arms,6,0.110136
3,2026-07-28T02:39:41.288736+00:00,raise-arms,6,0.16518
4,2026-07-28T02:39:41.342686+00:00,raise-arms,6,0.219135
5,2026-07-28T02:39:41.395254+00:00,raise-arms,6,0.271698
6,2026-07-28T02:39:41.446676+00:00,raise-arms,6,0.323113
7,2026-07-28T02:39:41.501707+00:00,raise-arms,6,0.378146
8,2026-07-28T02:39:41.556739+00:00,raise-arms,6,0.433173
9,2026-07-28T02:39:41.611787+00:00,raise-arms,6,0.488246
10,2026-07-28T02:39:41.666875+00:00,raise-arms,6,0.543324
11,2026-07-28T02:39:41.718667+00:00,raise-arms,6,0.595113
12,2026-07-28T02:39:41.773708+00:00,raise-arms,6,0.650146
13,2026-07-28T02:39:41.828749+00:00,raise-arms,6,0.705195
14,2026-07-28T02:39:41.883794+00:00,raise-arms,6,0.760239
15,2026-07-28T02:39:41.936963+00:00,raise-arms,6,0.813403
16,2026-07-28T02:39:41.991997+00:00,raise-arms,6,0.868436
17,2026-07-28T02:39:42.044238+00:00,raise-arms,6,0.920696
18,2026-07-28T02:39:42.098715+00:00,raise-arms,6,0.975165
19,2026-07-28T02:39:42.152008+00:00,raise-arms,6,1.028447
20,2026-07-28T02:39:42.204818+00:00,raise-arms,6,1.081253
21,2026-07-28T02:39:42.259845+00:00,raise-arms,6,1.13628
22,2026-07-28T02:39:42.314870+00:00,raise-arms,6,1.191306
23,2026-07-28T02:39:42.369902+00:00,raise-arms,6,1.246339
24,2026-07-28T02:39:42.424882+00:00,raise-arms,6,1.301324
25,2026-07-28T02:39:42.477570+00:00,raise-arms,6,1.354008
26,2026-07-28T02:39:42.532598+00:00,raise-arms,6,1.409048
27,2026-07-28T02:39:42.584208+00:00,raise-arms,6,1.460661
28,2026-07-28T02:39:42.639261+00:00,raise-arms,6,1.515708
29,2026-07-28T02:39:42.694307+00:00,raise-arms,6,1.570752
30,2026-07-28T02:39:42.749343+00:00,raise-arms,6,1.625779
31,2026-07-28T02:39:42.801977+00:00,raise-arms,6,1.678416
32,2026-07-28T02:39:42.857007+00:00,raise-arms,6,1.733445
33,2026-07-28T02:39:42.912038+00:00,raise-arms,6,1.788477
34,2026-07-28T02:39:42.967073+00:00,raise-arms,6,1.843512
35,2026-07-28T02:39:43.022130+00:00,raise-arms,6,1.898594
36,2026-07-28T02:39:43.077191+00:00,raise-arms,6,1.953639
37,2026-07-28T02:39:43.132236+00:00,raise-arms,6,2.008679
38,2026-07-28T02:39:43.185343+00:00,raise-arms,6,2.061778
39,2026-07-28T02:39:43.240389+00:00,raise-arms,6,2.116827
40,2026-07-28T02:39:43.293869+00:00,raise-arms,6,2.170314
41,2026-07-28T02:39:43.348906+00:00,raise-arms,6,2.225345
42,2026-07-28T02:39:43.403637+00:00,raise-arms,6,2.280074
43,2026-07-28T02:39:43.458673+00:00,raise-arms,6,2.335111
44,2026-07-28T02:39:43.513703+00:00,raise-arms,6,2.390139
45,2026-07-28T02:39:43.568733+00:00,raise-arms,6,2.445173
46,2026-07-28T02:39:43.623766+00:00,raise-arms,6,2.500207
47,2026-07-28T02:39:43.678814+00:00,raise-arms,6,2.555249
48,2026-07-28T02:39:43.729961+00:00,raise-arms,6,2.606398
49,2026-07-28T02:39:43.784121+00:00,raise-arms,6,2.660558
50,2026-07-28T02:39:43.836944+00:00,raise-arms,6,2.713384
51,2026-07-28T02:39:43.891979+00:00,raise-arms,6,2.768421
52,2026-07-28T02:39:43.944201+00:00,raise-arms,6,2.820639
53,2026-07-28T02:39:43.999235+00:00,raise-arms,6,2.875672
54,2026-07-28T02:39:44.051996+00:00,raise-arms,6,2.928445
55,2026-07-28T02:39:44.103665+00:00,raise-arms,6,2.980105
0,2026-07-28T02:39:47.434175+00:00,raise-arms,7,1e-05
1,2026-07-28T02:39:47.489229+00:00,raise-arms,7,0.055096
2,2026-07-28T02:39:47.544304+00:00,raise-arms,7,0.110154
3,2026-07-28T02:39:47.594695+00:00,raise-arms,7,0.160555
4,2026-07-28T02:39:47.646195+00:00,raise-arms,7,0.212043
5,2026-07-28T02:39:47.701238+00:00,raise-arms,7,0.267082
6,2026-07-28T02:39:47.754602+00:00,raise-arms,7,0.320443
7,2026-07-28T02:39:47.809639+00:00,raise-arms,7,0.375485
8,2026-07-28T02:39:47.862907+00:00,raise-arms,7,0.428748
9,2026-07-28T02:39:47.917958+00:00,raise-arms,7,0.483798
10,2026-07-28T02:39:47.970387+00:00,raise-arms,7,0.536227
11,2026-07-28T02:39:48.025426+00:00,raise-arms,7,0.591275
12,2026-07-28T02:39:48.080471+00:00,raise-arms,7,0.646314
13,2026-07-28T02:39:48.135308+00:00,raise-arms,7,0.701153
14,2026-07-28T02:39:48.190345+00:00,raise-arms,7,0.756182
15,2026-07-28T02:39:48.242131+00:00,raise-arms,7,0.807969
16,2026-07-28T02:39:48.294907+00:00,raise-arms,7,0.860743
17,2026-07-28T02:39:48.349932+00:00,raise-arms,7,0.915774
18,2026-07-28T02:39:48.403606+00:00,raise-arms,7,0.969447
19,2026-07-28T02:39:48.454292+00:00,raise-arms,7,1.020134
20,2026-07-28T02:39:48.507998+00:00,raise-arms,7,1.073837
21,2026-07-28T02:39:48.563030+00:00,raise-arms,7,1.128868
22,2026-07-28T02:39:48.613919+00:00,raise-arms,7,1.179762
23,2026-07-28T02:39:48.668143+00:00,raise-arms,7,1.233981
24,2026-07-28T02:39:48.718616+00:00,raise-arms,7,1.28446
25,2026-07-28T02:39:48.770259+00:00,raise-arms,7,1.336101
26,2026-07-28T02:39:48.825300+00:00,raise-arms,7,1.391137
27,2026-07-28T02:39:48.880328+00:00,raise-arms,7,1.44617
28,2026-07-28T02:39:48.934801+00:00,raise-arms,7,1.50064
29,2026-07-28T02:39:48.985288+00:00,raise-arms,7,1.551127
30,2026-07-28T02:39:49.040344+00:00,raise-arms,7,1.606211
31,2026-07-28T02:39:49.093305+00:00,raise-arms,7,1.659147
32,2026-07-28T02:39:49.148357+00:00,raise-arms,7,1.714196
33,2026-07-28T02:39:49.203392+00:00,raise-arms,7,1.769231
34,2026-07-28T02:39:49.258010+00:00,raise-arms,7,1.823847
35,2026-07-28T02:39:49.311301+00:00,raise-arms,7,1.877143
36,2026-07-28T02:39:49.366336+00:00,raise-arms,7,1.932177
37,2026-07-28T02:39:49.421387+00:00,raise-arms,7,1.987225
38,2026-07-28T02:39:49.476413+00:00,raise-arms,7,2.04225
39,2026-07-28T02:39:49.529167+00:00,raise-arms,7,2.095005
40,2026-07-28T02:39:49.584202+00:00,raise-arms,7,2.150048
41,2026-07-28T02:39:49.639247+00:00,raise-arms,7,2.205091
42,2026-07-28T02:39:49.694300+00:00,raise-arms,7,2.260138
43,2026-07-28T02:39:49.749325+00:00,raise-arms,7,2.315161
44,2026-07-28T02:39:49.801833+00:00,raise-arms,7,2.367671
45,2026-07-28T02:39:49.851957+00:00,raise-arms,7,2.417794
46,2026-07-28T02:39:49.906984+00:00,raise-arms,7,2.472826
47,2026-07-28T02:39:49.962016+00:00,raise-arms,7,2.527854
48,2026-07-28T02:39:50.012969+00:00,raise-arms,7,2.578811
49,2026-07-28T02:39:50.068022+00:00,raise-arms,7,2.633859
50,2026-07-28T02:39:50.123056+00:00,raise-arms,7,2.688897
51,2026-07-28T02:39:50.178089+00:00,raise-arms,7,2.743931
52,2026-07-28T02:39:50.233137+00:00,raise-arms,7,2.798975
53,2026-07-28T02:39:50.287254+00:00,raise-arms,7,2.853092
54,2026-07-28T02:39:50.342285+00:00,raise-arms,7,2.908122
55,2026-07-28T02:39:50.395213+00:00,raise-arms,7,2.961054
0,2026-07-28T02:39:53.723349+00:00,raise-arms,8,1e-05
1,2026-07-28T02:39:53.778405+00:00,raise-arms,8,0.055098
2,2026-07-28T02:39:53.833476+00:00,raise-arms,8,0.110155
3,2026-07-28T02:39:53.885297+00:00,raise-arms,8,0.161964
4,2026-07-28T02:39:53.936452+00:00,raise-arms,8,0.21312
5,2026-07-28T02:39:53.991474+00:00,raise-arms,8,0.268141
6,2026-07-28T02:39:54.044190+00:00,raise-arms,8,0.320864
7,2026-07-28T02:39:54.099233+00:00,raise-arms,8,0.375906
8,2026-07-28T02:39:54.154292+00:00,raise-arms,8,0.430956
9,2026-07-28T02:39:54.206001+00:00,raise-arms,8,0.482672
10,2026-07-28T02:39:54.261036+00:00,raise-arms,8,0.5377
11,2026-07-28T02:39:54.314582+00:00,raise-arms,8,0.591246
12,2026-07-28T02:39:54.368600+00:00,raise-arms,8,0.645267
13,2026-07-28T02:39:54.423629+00:00,raise-arms,8,0.700294
14,2026-07-28T02:39:54.478660+00:00,raise-arms,8,0.755324
15,2026-07-28T02:39:54.533686+00:00,raise-arms,8,0.810351
16,2026-07-28T02:39:54.588735+00:00,raise-arms,8,0.865406
17,2026-07-28T02:39:54.643767+00:00,raise-arms,8,0.920432
18,2026-07-28T02:39:54.698802+00:00,raise-arms,8,0.97547
19,2026-07-28T02:39:54.753834+00:00,raise-arms,8,1.030498
20,2026-07-28T02:39:54.806227+00:00,raise-arms,8,1.082892
21,2026-07-28T02:39:54.861254+00:00,raise-arms,8,1.137918
22,2026-07-28T02:39:54.913070+00:00,raise-arms,8,1.189738
23,2026-07-28T02:39:54.968125+00:00,raise-arms,8,1.244789
24,2026-07-28T02:39:55.021644+00:00,raise-arms,8,1.298317
25,2026-07-28T02:39:55.076696+00:00,raise-arms,8,1.353372
26,2026-07-28T02:39:55.128024+00:00,raise-arms,8,1.404692
27,2026-07-28T02:39:55.178758+00:00,raise-arms,8,1.455425
28,2026-07-28T02:39:55.229944+00:00,raise-arms,8,1.506609
29,2026-07-28T02:39:55.284884+00:00,raise-arms,8,1.561558
30,2026-07-28T02:39:55.339928+00:00,raise-arms,8,1.616593
31,2026-07-28T02:39:55.394175+00:00,raise-arms,8,1.670842
32,2026-07-28T02:39:55.445099+00:00,raise-arms,8,1.721764
33,2026-07-28T02:39:55.500126+00:00,raise-arms,8,1.776789
34,2026-07-28T02:39:55.554413+00:00,raise-arms,8,1.831078
35,2026-07-28T02:39:55.609446+00:00,raise-arms,8,1.886119
36,2026-07-28T02:39:55.664481+00:00,raise-arms,8,1.941147
37,2026-07-28T02:39:55.719523+00:00,raise-arms,8,1.996185
38,2026-07-28T02:39:55.770221+00:00,raise-arms,8,2.046883
39,2026-07-28T02:39:55.825265+00:00,raise-arms,8,2.101933
40,2026-07-28T02:39:55.879300+00:00,raise-arms,8,2.15597
41,2026-07-28T02:39:55.934337+00:00,raise-arms,8,2.211002
42,2026-07-28T02:39:55.986872+00:00,raise-arms,8,2.263536
43,2026-07-28T02:39:56.041906+00:00,raise-arms,8,2.318582
44,2026-07-28T02:39:56.096953+00:00,raise-arms,8,2.373618
45,2026-07-28T02:39:56.151984+00:00,raise-arms,8,2.428647
46,2026-07-28T02:39:56.204704+00:00,raise-arms,8,2.481367
47,2026-07-28T02:39:56.257997+00:00,raise-arms,8,2.534663
48,2026-07-28T02:39:56.310519+00:00,raise-arms,8,2.587184
49,2026-07-28T02:39:56.365555+00:00,raise-arms,8,2.64222
50,2026-07-28T02:39:56.420225+00:00,raise-arms,8,2.696895
51,2026-07-28T02:39:56.475265+00:00,raise-arms,8,2.75194
52,2026-07-28T02:39:56.530305+00:00,raise-arms,8,2.806967
53,2026-07-28T02:39:56.585357+00:00,raise-arms,8,2.862037
54,2026-07-28T02:39:56.640425+00:00,raise-arms,8,2.917098
55,2026-07-28T02:39:56.695459+00:00,raise-arms,8,2.972125
0,2026-07-28T02:40:00.028608+00:00,raise-arms,9,7e-06
1,2026-07-28T02:40:00.083657+00:00,raise-arms,9,0.055085
2,2026-07-28T02:40:00.138717+00:00,raise-arms,9,0.110138
3,2026-07-28T02:40:00.193771+00:00,raise-arms,9,0.165182
4,2026-07-28T02:40:00.248803+00:00,raise-arms,9,0.220209
5,2026-07-28T02:40:00.303839+00:00,raise-arms,9,0.275251
6,2026-07-28T02:40:00.358874+00:00,raise-arms,9,0.33028
7,2026-07-28T02:40:00.413912+00:00,raise-arms,9,0.385319
8,2026-07-28T02:40:00.468155+00:00,raise-arms,9,0.439567
9,2026-07-28T02:40:00.523193+00:00,raise-arms,9,0.494598
10,2026-07-28T02:40:00.577579+00:00,raise-arms,9,0.549001
11,2026-07-28T02:40:00.629397+00:00,raise-arms,9,0.600806
12,2026-07-28T02:40:00.684447+00:00,raise-arms,9,0.655855
13,2026-07-28T02:40:00.739272+00:00,raise-arms,9,0.710676
14,2026-07-28T02:40:00.794226+00:00,raise-arms,9,0.765641
15,2026-07-28T02:40:00.849266+00:00,raise-arms,9,0.820672
16,2026-07-28T02:40:00.904302+00:00,raise-arms,9,0.875712
17,2026-07-28T02:40:00.956433+00:00,raise-arms,9,0.927838
18,2026-07-28T02:40:01.010879+00:00,raise-arms,9,0.982288
19,2026-07-28T02:40:01.061530+00:00,raise-arms,9,1.032958
20,2026-07-28T02:40:01.116596+00:00,raise-arms,9,1.088009
21,2026-07-28T02:40:01.171634+00:00,raise-arms,9,1.143039
22,2026-07-28T02:40:01.226658+00:00,raise-arms,9,1.198061
23,2026-07-28T02:40:01.281686+00:00,raise-arms,9,1.253096
24,2026-07-28T02:40:01.334807+00:00,raise-arms,9,1.306218
25,2026-07-28T02:40:01.385227+00:00,raise-arms,9,1.356643
26,2026-07-28T02:40:01.440276+00:00,raise-arms,9,1.411677
27,2026-07-28T02:40:01.495302+00:00,raise-arms,9,1.466711
28,2026-07-28T02:40:01.550330+00:00,raise-arms,9,1.521731
29,2026-07-28T02:40:01.603555+00:00,raise-arms,9,1.574975
30,2026-07-28T02:40:01.657099+00:00,raise-arms,9,1.628516
31,2026-07-28T02:40:01.712145+00:00,raise-arms,9,1.683558
32,2026-07-28T02:40:01.767083+00:00,raise-arms,9,1.738492
33,2026-07-28T02:40:01.818570+00:00,raise-arms,9,1.789984
34,2026-07-28T02:40:01.873607+00:00,raise-arms,9,1.845015
35,2026-07-28T02:40:01.928638+00:00,raise-arms,9,1.900044
36,2026-07-28T02:40:01.979396+00:00,raise-arms,9,1.950801
37,2026-07-28T02:40:02.033414+00:00,raise-arms,9,2.00484
38,2026-07-28T02:40:02.088475+00:00,raise-arms,9,2.059895
39,2026-07-28T02:40:02.143080+00:00,raise-arms,9,2.114491
40,2026-07-28T02:40:02.198114+00:00,raise-arms,9,2.169524
41,2026-07-28T02:40:02.251411+00:00,raise-arms,9,2.222814
42,2026-07-28T02:40:02.303842+00:00,raise-arms,9,2.275248
43,2026-07-28T02:40:02.358874+00:00,raise-arms,9,2.330284
44,2026-07-28T02:40:02.409091+00:00,raise-arms,9,2.380502
45,2026-07-28T02:40:02.464125+00:00,raise-arms,9,2.435531
46,2026-07-28T02:40:02.519159+00:00,raise-arms,9,2.490565
47,2026-07-28T02:40:02.570194+00:00,raise-arms,9,2.541601
48,2026-07-28T02:40:02.625235+00:00,raise-arms,9,2.596652
49,2026-07-28T02:40:02.679831+00:00,raise-arms,9,2.651239
50,2026-07-28T02:40:02.734867+00:00,raise-arms,9,2.706276
51,2026-07-28T02:40:02.786845+00:00,raise-arms,9,2.75825
52,2026-07-28T02:40:02.841873+00:00,raise-arms,9,2.813277
53,2026-07-28T02:40:02.896904+00:00,raise-arms,9,2.868313
54,2026-07-28T02:40:02.951409+00:00,raise-arms,9,2.922816
55,2026-07-28T02:40:03.006446+00:00,raise-arms,9,2.977856
0,2026-07-28T02:40:06.329757+00:00,raise-arms,10,1e-05
1,2026-07-28T02:40:06.384792+00:00,raise-arms,10,0.055073
2,2026-07-28T02:40:06.436367+00:00,raise-arms,10,0.106629
3,2026-07-28T02:40:06.491413+00:00,raise-arms,10,0.161682
4,2026-07-28T02:40:06.544125+00:00,raise-arms,10,0.214382
5,2026-07-28T02:40:06.599183+00:00,raise-arms,10,0.269464
6,2026-07-28T02:40:06.649649+00:00,raise-arms,10,0.319922
7,2026-07-28T02:40:06.704482+00:00,raise-arms,10,0.374741
8,2026-07-28T02:40:06.758016+00:00,raise-arms,10,0.428278
9,2026-07-28T02:40:06.813049+00:00,raise-arms,10,0.483307
10,2026-07-28T02:40:06.868083+00:00,raise-arms,10,0.538355
11,2026-07-28T02:40:06.920272+00:00,raise-arms,10,0.590532
12,2026-07-28T02:40:06.975324+00:00,raise-arms,10,0.64558
13,2026-07-28T02:40:07.029132+00:00,raise-arms,10,0.699402
14,2026-07-28T02:40:07.080797+00:00,raise-arms,10,0.751055
15,2026-07-28T02:40:07.135831+00:00,raise-arms,10,0.806093
16,2026-07-28T02:40:07.190870+00:00,raise-arms,10,0.86113
17,2026-07-28T02:40:07.245901+00:00,raise-arms,10,0.916157
18,2026-07-28T02:40:07.300944+00:00,raise-arms,10,0.971199
19,2026-07-28T02:40:07.355975+00:00,raise-arms,10,1.026234
20,2026-07-28T02:40:07.410764+00:00,raise-arms,10,1.081026
21,2026-07-28T02:40:07.465823+00:00,raise-arms,10,1.136082
22,2026-07-28T02:40:07.518965+00:00,raise-arms,10,1.189223
23,2026-07-28T02:40:07.574000+00:00,raise-arms,10,1.244261
24,2026-07-28T02:40:07.629053+00:00,raise-arms,10,1.29931
25,2026-07-28T02:40:07.679881+00:00,raise-arms,10,1.350144
26,2026-07-28T02:40:07.734713+00:00,raise-arms,10,1.404971
27,2026-07-28T02:40:07.788640+00:00,raise-arms,10,1.458899
28,2026-07-28T02:40:07.843669+00:00,raise-arms,10,1.513928
29,2026-07-28T02:40:07.898704+00:00,raise-arms,10,1.568963
30,2026-07-28T02:40:07.951856+00:00,raise-arms,10,1.622114
31,2026-07-28T02:40:08.005588+00:00,raise-arms,10,1.675846
32,2026-07-28T02:40:08.059892+00:00,raise-arms,10,1.73017
33,2026-07-28T02:40:08.114154+00:00,raise-arms,10,1.784423
34,2026-07-28T02:40:08.169201+00:00,raise-arms,10,1.839464
35,2026-07-28T02:40:08.222095+00:00,raise-arms,10,1.892351
36,2026-07-28T02:40:08.277121+00:00,raise-arms,10,1.94738
37,2026-07-28T02:40:08.332172+00:00,raise-arms,10,2.002428
38,2026-07-28T02:40:08.385213+00:00,raise-arms,10,2.055479
39,2026-07-28T02:40:08.440256+00:00,raise-arms,10,2.110516
40,2026-07-28T02:40:08.494108+00:00,raise-arms,10,2.164365
41,2026-07-28T02:40:08.549134+00:00,raise-arms,10,2.219391
42,2026-07-28T02:40:08.601848+00:00,raise-arms,10,2.272111
43,2026-07-28T02:40:08.654522+00:00,raise-arms,10,2.324779
44,2026-07-28T02:40:08.709552+00:00,raise-arms,10,2.37981
45,2026-07-28T02:40:08.764606+00:00,raise-arms,10,2.434868
46,2026-07-28T02:40:08.819640+00:00,raise-arms,10,2.489896
47,2026-07-28T02:40:08.874669+00:00,raise-arms,10,2.544927
48,2026-07-28T02:40:08.929527+00:00,raise-arms,10,2.599782
49,2026-07-28T02:40:08.984554+00:00,raise-arms,10,2.654813
50,2026-07-28T02:40:09.039596+00:00,raise-arms,10,2.709865
51,2026-07-28T02:40:09.094067+00:00,raise-arms,10,2.764326
52,2026-07-28T02:40:09.147048+00:00,raise-arms,10,2.817304
53,2026-07-28T02:40:09.197501+00:00,raise-arms,10,2.867768
54,2026-07-28T02:40:09.252541+00:00,raise-arms,10,2.9228
55,2026-07-28T02:40:09.303826+00:00,raise-arms,10,2.974087
0,2026-07-28T02:40:12.634811+00:00,raise-arms,11,1.2e-05
1,2026-07-28T02:40:12.689864+00:00,raise-arms,11,0.055094
2,2026-07-28T02:40:12.744083+00:00,raise-arms,11,0.109301
3,2026-07-28T02:40:12.799133+00:00,raise-arms,11,0.164347
4,2026-07-28T02:40:12.853622+00:00,raise-arms,11,0.218835
5,2026-07-28T02:40:12.908665+00:00,raise-arms,11,0.273872
6,2026-07-28T02:40:12.963696+00:00,raise-arms,11,0.328898
7,2026-07-28T02:40:13.014081+00:00,raise-arms,11,0.37929
8,2026-07-28T02:40:13.069122+00:00,raise-arms,11,0.434329
9,2026-07-28T02:40:13.120148+00:00,raise-arms,11,0.485353
10,2026-07-28T02:40:13.175197+00:00,raise-arms,11,0.540399
11,2026-07-28T02:40:13.230067+00:00,raise-arms,11,0.595271
12,2026-07-28T02:40:13.284734+00:00,raise-arms,11,0.649936
13,2026-07-28T02:40:13.339776+00:00,raise-arms,11,0.704978
14,2026-07-28T02:40:13.394808+00:00,raise-arms,11,0.760016
15,2026-07-28T02:40:13.449841+00:00,raise-arms,11,0.815043
16,2026-07-28T02:40:13.504248+00:00,raise-arms,11,0.869451
17,2026-07-28T02:40:13.559296+00:00,raise-arms,11,0.924498
18,2026-07-28T02:40:13.614330+00:00,raise-arms,11,0.979541
19,2026-07-28T02:40:13.669366+00:00,raise-arms,11,1.034569
20,2026-07-28T02:40:13.724395+00:00,raise-arms,11,1.089596
21,2026-07-28T02:40:13.779421+00:00,raise-arms,11,1.144627
22,2026-07-28T02:40:13.834452+00:00,raise-arms,11,1.199656
23,2026-07-28T02:40:13.885139+00:00,raise-arms,11,1.250349
24,2026-07-28T02:40:13.940175+00:00,raise-arms,11,1.305379
25,2026-07-28T02:40:13.995227+00:00,raise-arms,11,1.36043
26,2026-07-28T02:40:14.050279+00:00,raise-arms,11,1.415518
27,2026-07-28T02:40:14.105353+00:00,raise-arms,11,1.470561
28,2026-07-28T02:40:14.160396+00:00,raise-arms,11,1.525603
29,2026-07-28T02:40:14.215427+00:00,raise-arms,11,1.58063
30,2026-07-28T02:40:14.265650+00:00,raise-arms,11,1.630853
31,2026-07-28T02:40:14.320686+00:00,raise-arms,11,1.685888
32,2026-07-28T02:40:14.375738+00:00,raise-arms,11,1.740965
33,2026-07-28T02:40:14.430823+00:00,raise-arms,11,1.796055
34,2026-07-28T02:40:14.485904+00:00,raise-arms,11,1.851131
35,2026-07-28T02:40:14.540961+00:00,raise-arms,11,1.906169
36,2026-07-28T02:40:14.594061+00:00,raise-arms,11,1.959279
37,2026-07-28T02:40:14.645353+00:00,raise-arms,11,2.010564
38,2026-07-28T02:40:14.700395+00:00,raise-arms,11,2.065598
39,2026-07-28T02:40:14.755426+00:00,raise-arms,11,2.120628
40,2026-07-28T02:40:14.810452+00:00,raise-arms,11,2.175656
41,2026-07-28T02:40:14.865482+00:00,raise-arms,11,2.230687
42,2026-07-28T02:40:14.920514+00:00,raise-arms,11,2.285719
43,2026-07-28T02:40:14.975543+00:00,raise-arms,11,2.340748
44,2026-07-28T02:40:15.029316+00:00,raise-arms,11,2.394529
45,2026-07-28T02:40:15.079410+00:00,raise-arms,11,2.444616
46,2026-07-28T02:40:15.134451+00:00,raise-arms,11,2.499657
47,2026-07-28T02:40:15.188631+00:00,raise-arms,11,2.553837
48,2026-07-28T02:40:15.242142+00:00,raise-arms,11,2.607345
49,2026-07-28T02:40:15.297175+00:00,raise-arms,11,2.662379
50,2026-07-28T02:40:15.351298+00:00,raise-arms,11,2.7165
51,2026-07-28T02:40:15.406326+00:00,raise-arms,11,2.771532
52,2026-07-28T02:40:15.460733+00:00,raise-arms,11,2.825937
53,2026-07-28T02:40:15.515785+00:00,raise-arms,11,2.880987
54,2026-07-28T02:40:15.569307+00:00,raise-arms,11,2.934509
55,2026-07-28T02:40:15.620137+00:00,raise-arms,11,2.985343
0,2026-07-28T02:40:18.958721+00:00,raise-arms,12,1e-05
1,2026-07-28T02:40:19.010717+00:00,raise-arms,12,0.052036
2,2026-07-28T02:40:19.065793+00:00,raise-arms,12,0.107099
3,2026-07-28T02:40:19.120847+00:00,raise-arms,12,0.162145
4,2026-07-28T02:40:19.175879+00:00,raise-arms,12,0.217171
5,2026-07-28T02:40:19.230752+00:00,raise-arms,12,0.272043
6,2026-07-28T02:40:19.284767+00:00,raise-arms,12,0.326064
7,2026-07-28T02:40:19.339803+00:00,raise-arms,12,0.381102
8,2026-07-28T02:40:19.394140+00:00,raise-arms,12,0.435438
9,2026-07-28T02:40:19.449196+00:00,raise-arms,12,0.490487
10,2026-07-28T02:40:19.502878+00:00,raise-arms,12,0.544176
11,2026-07-28T02:40:19.557913+00:00,raise-arms,12,0.599207
12,2026-07-28T02:40:19.612959+00:00,raise-arms,12,0.654263
13,2026-07-28T02:40:19.668016+00:00,raise-arms,12,0.709314
14,2026-07-28T02:40:19.720269+00:00,raise-arms,12,0.761562
15,2026-07-28T02:40:19.775296+00:00,raise-arms,12,0.816588
16,2026-07-28T02:40:19.830324+00:00,raise-arms,12,0.871616
17,2026-07-28T02:40:19.884748+00:00,raise-arms,12,0.926063
18,2026-07-28T02:40:19.934813+00:00,raise-arms,12,0.976116
19,2026-07-28T02:40:19.985330+00:00,raise-arms,12,1.026634
20,2026-07-28T02:40:20.036283+00:00,raise-arms,12,1.077604
21,2026-07-28T02:40:20.091350+00:00,raise-arms,12,1.132649
22,2026-07-28T02:40:20.143289+00:00,raise-arms,12,1.184599
23,2026-07-28T02:40:20.198346+00:00,raise-arms,12,1.239647
24,2026-07-28T02:40:20.253403+00:00,raise-arms,12,1.294697
25,2026-07-28T02:40:20.308436+00:00,raise-arms,12,1.349732
26,2026-07-28T02:40:20.363471+00:00,raise-arms,12,1.404762
27,2026-07-28T02:40:20.418498+00:00,raise-arms,12,1.459795
28,2026-07-28T02:40:20.473560+00:00,raise-arms,12,1.514856
29,2026-07-28T02:40:20.528594+00:00,raise-arms,12,1.569887
30,2026-07-28T02:40:20.579316+00:00,raise-arms,12,1.620624
31,2026-07-28T02:40:20.634357+00:00,raise-arms,12,1.675648
32,2026-07-28T02:40:20.689384+00:00,raise-arms,12,1.730678
33,2026-07-28T02:40:20.744421+00:00,raise-arms,12,1.785716
34,2026-07-28T02:40:20.799464+00:00,raise-arms,12,1.840762
35,2026-07-28T02:40:20.854431+00:00,raise-arms,12,1.895726
36,2026-07-28T02:40:20.909463+00:00,raise-arms,12,1.95076
37,2026-07-28T02:40:20.964495+00:00,raise-arms,12,2.005788
38,2026-07-28T02:40:21.018541+00:00,raise-arms,12,2.05984
39,2026-07-28T02:40:21.073582+00:00,raise-arms,12,2.11488
40,2026-07-28T02:40:21.126123+00:00,raise-arms,12,2.167422
41,2026-07-28T02:40:21.179762+00:00,raise-arms,12,2.221057
42,2026-07-28T02:40:21.229842+00:00,raise-arms,12,2.271136
43,2026-07-28T02:40:21.284699+00:00,raise-arms,12,2.325993
44,2026-07-28T02:40:21.335135+00:00,raise-arms,12,2.376426
45,2026-07-28T02:40:21.390170+00:00,raise-arms,12,2.431467
46,2026-07-28T02:40:21.441935+00:00,raise-arms,12,2.483239
47,2026-07-28T02:40:21.496984+00:00,raise-arms,12,2.538283
48,2026-07-28T02:40:21.552024+00:00,raise-arms,12,2.593314
49,2026-07-28T02:40:21.607066+00:00,raise-arms,12,2.648377
50,2026-07-28T02:40:21.659127+00:00,raise-arms,12,2.700422
51,2026-07-28T02:40:21.712113+00:00,raise-arms,12,2.753435
52,2026-07-28T02:40:21.767175+00:00,raise-arms,12,2.808475
53,2026-07-28T02:40:21.818432+00:00,raise-arms,12,2.859731
54,2026-07-28T02:40:21.873471+00:00,raise-arms,12,2.914768
55,2026-07-28T02:40:21.927333+00:00,raise-arms,12,2.968628
0,2026-07-28T02:40:25.249360+00:00,raise-arms,13,1e-05
1,2026-07-28T02:40:25.302626+00:00,raise-arms,13,0.053304
2,2026-07-28T02:40:25.357700+00:00,raise-arms,13,0.108387
3,2026-07-28T02:40:25.411908+00:00,raise-arms,13,0.162573
4,2026-07-28T02:40:25.462480+00:00,raise-arms,13,0.213142
5,2026-07-28T02:40:25.514391+00:00,raise-arms,13,0.265049
6,2026-07-28T02:40:25.568435+00:00,raise-arms,13,0.31909
7,2026-07-28T02:40:25.623473+00:00,raise-arms,13,0.374133
8,2026-07-28T02:40:25.678512+00:00,raise-arms,13,0.429165
9,2026-07-28T02:40:25.733551+00:00,raise-arms,13,0.484206
10,2026-07-28T02:40:25.785096+00:00,raise-arms,13,0.535751
11,2026-07-28T02:40:25.840144+00:00,raise-arms,13,0.590798
12,2026-07-28T02:40:25.895019+00:00,raise-arms,13,0.645673
13,2026-07-28T02:40:25.950047+00:00,raise-arms,13,0.700699
14,2026-07-28T02:40:26.004942+00:00,raise-arms,13,0.755599
15,2026-07-28T02:40:26.059977+00:00,raise-arms,13,0.810636
16,2026-07-28T02:40:26.115015+00:00,raise-arms,13,0.86567
17,2026-07-28T02:40:26.170045+00:00,raise-arms,13,0.920696
18,2026-07-28T02:40:26.225072+00:00,raise-arms,13,0.975723
19,2026-07-28T02:40:26.280096+00:00,raise-arms,13,1.030747
20,2026-07-28T02:40:26.334110+00:00,raise-arms,13,1.084763
21,2026-07-28T02:40:26.389141+00:00,raise-arms,13,1.139795
22,2026-07-28T02:40:26.444013+00:00,raise-arms,13,1.194683
23,2026-07-28T02:40:26.499070+00:00,raise-arms,13,1.249734
24,2026-07-28T02:40:26.554107+00:00,raise-arms,13,1.30476
25,2026-07-28T02:40:26.609156+00:00,raise-arms,13,1.359825
26,2026-07-28T02:40:26.664216+00:00,raise-arms,13,1.414886
27,2026-07-28T02:40:26.717957+00:00,raise-arms,13,1.468621
28,2026-07-28T02:40:26.770079+00:00,raise-arms,13,1.520738
29,2026-07-28T02:40:26.825114+00:00,raise-arms,13,1.575768
30,2026-07-28T02:40:26.880153+00:00,raise-arms,13,1.630812
31,2026-07-28T02:40:26.934613+00:00,raise-arms,13,1.68527
32,2026-07-28T02:40:26.985064+00:00,raise-arms,13,1.735717
33,2026-07-28T02:40:27.040124+00:00,raise-arms,13,1.790802
34,2026-07-28T02:40:27.095178+00:00,raise-arms,13,1.845839
35,2026-07-28T02:40:27.149596+00:00,raise-arms,13,1.900254
36,2026-07-28T02:40:27.201782+00:00,raise-arms,13,1.952438
37,2026-07-28T02:40:27.253416+00:00,raise-arms,13,2.004077
38,2026-07-28T02:40:27.308461+00:00,raise-arms,13,2.059121
39,2026-07-28T02:40:27.363495+00:00,raise-arms,13,2.11415
40,2026-07-28T02:40:27.417925+00:00,raise-arms,13,2.168583
41,2026-07-28T02:40:27.472960+00:00,raise-arms,13,2.223616
42,2026-07-28T02:40:27.527992+00:00,raise-arms,13,2.278646
43,2026-07-28T02:40:27.583025+00:00,raise-arms,13,2.333681
44,2026-07-28T02:40:27.638061+00:00,raise-arms,13,2.388717
45,2026-07-28T02:40:27.692508+00:00,raise-arms,13,2.443162
46,2026-07-28T02:40:27.747547+00:00,raise-arms,13,2.4982
47,2026-07-28T02:40:27.802579+00:00,raise-arms,13,2.553231
48,2026-07-28T02:40:27.857634+00:00,raise-arms,13,2.608291
49,2026-07-28T02:40:27.910637+00:00,raise-arms,13,2.661295
50,2026-07-28T02:40:27.965678+00:00,raise-arms,13,2.716336
51,2026-07-28T02:40:28.018510+00:00,raise-arms,13,2.769177
52,2026-07-28T02:40:28.073553+00:00,raise-arms,13,2.824207
53,2026-07-28T02:40:28.128586+00:00,raise-arms,13,2.879242
54,2026-07-28T02:40:28.179949+00:00,raise-arms,13,2.930601
55,2026-07-28T02:40:28.234554+00:00,raise-arms,13,2.985208
0,2026-07-28T02:40:31.564903+00:00,raise-arms,14,4e-06
1,2026-07-28T02:40:31.616620+00:00,raise-arms,14,0.051756
2,2026-07-28T02:40:31.671496+00:00,raise-arms,14,0.106618
3,2026-07-28T02:40:31.722192+00:00,raise-arms,14,0.157312
4,2026-07-28T02:40:31.777248+00:00,raise-arms,14,0.21237
5,2026-07-28T02:40:31.832304+00:00,raise-arms,14,0.267416
6,2026-07-28T02:40:31.887357+00:00,raise-arms,14,0.322472
7,2026-07-28T02:40:31.940813+00:00,raise-arms,14,0.375929
8,2026-07-28T02:40:31.993972+00:00,raise-arms,14,0.429084
9,2026-07-28T02:40:32.049015+00:00,raise-arms,14,0.48414
10,2026-07-28T02:40:32.101740+00:00,raise-arms,14,0.536854
11,2026-07-28T02:40:32.154640+00:00,raise-arms,14,0.589752
12,2026-07-28T02:40:32.209675+00:00,raise-arms,14,0.644785
13,2026-07-28T02:40:32.264705+00:00,raise-arms,14,0.699812
14,2026-07-28T02:40:32.316677+00:00,raise-arms,14,0.751791
15,2026-07-28T02:40:32.371718+00:00,raise-arms,14,0.80683
16,2026-07-28T02:40:32.426756+00:00,raise-arms,14,0.861866
17,2026-07-28T02:40:32.481784+00:00,raise-arms,14,0.916891
18,2026-07-28T02:40:32.535126+00:00,raise-arms,14,0.970243
19,2026-07-28T02:40:32.587036+00:00,raise-arms,14,1.022152
20,2026-07-28T02:40:32.642087+00:00,raise-arms,14,1.077207
21,2026-07-28T02:40:32.697136+00:00,raise-arms,14,1.132244
22,2026-07-28T02:40:32.751269+00:00,raise-arms,14,1.18638
23,2026-07-28T02:40:32.803417+00:00,raise-arms,14,1.238529
24,2026-07-28T02:40:32.854662+00:00,raise-arms,14,1.289785
25,2026-07-28T02:40:32.904745+00:00,raise-arms,14,1.33986
26,2026-07-28T02:40:32.959786+00:00,raise-arms,14,1.394896
27,2026-07-28T02:40:33.014376+00:00,raise-arms,14,1.449497
28,2026-07-28T02:40:33.069433+00:00,raise-arms,14,1.504565
29,2026-07-28T02:40:33.120417+00:00,raise-arms,14,1.555527
30,2026-07-28T02:40:33.175465+00:00,raise-arms,14,1.610575
31,2026-07-28T02:40:33.229588+00:00,raise-arms,14,1.664699
32,2026-07-28T02:40:33.279694+00:00,raise-arms,14,1.714803
33,2026-07-28T02:40:33.334572+00:00,raise-arms,14,1.769683
34,2026-07-28T02:40:33.389606+00:00,raise-arms,14,1.82472
35,2026-07-28T02:40:33.443958+00:00,raise-arms,14,1.879072
36,2026-07-28T02:40:33.499002+00:00,raise-arms,14,1.934116
37,2026-07-28T02:40:33.551735+00:00,raise-arms,14,1.986844
38,2026-07-28T02:40:33.606769+00:00,raise-arms,14,2.041887
39,2026-07-28T02:40:33.661806+00:00,raise-arms,14,2.096915
40,2026-07-28T02:40:33.716852+00:00,raise-arms,14,2.151962
41,2026-07-28T02:40:33.771889+00:00,raise-arms,14,2.206997
42,2026-07-28T02:40:33.824909+00:00,raise-arms,14,2.260024
43,2026-07-28T02:40:33.879345+00:00,raise-arms,14,2.314461
44,2026-07-28T02:40:33.934379+00:00,raise-arms,14,2.369488
45,2026-07-28T02:40:33.989406+00:00,raise-arms,14,2.424514
46,2026-07-28T02:40:34.044441+00:00,raise-arms,14,2.479558
47,2026-07-28T02:40:34.099478+00:00,raise-arms,14,2.534586
48,2026-07-28T02:40:34.154524+00:00,raise-arms,14,2.589636
49,2026-07-28T02:40:34.209575+00:00,raise-arms,14,2.644683
50,2026-07-28T02:40:34.264612+00:00,raise-arms,14,2.699722
51,2026-07-28T02:40:34.319642+00:00,raise-arms,14,2.754752
52,2026-07-28T02:40:34.374686+00:00,raise-arms,14,2.809795
53,2026-07-28T02:40:34.429475+00:00,raise-arms,14,2.864586
54,2026-07-28T02:40:34.484528+00:00,raise-arms,14,2.919636
55,2026-07-28T02:40:34.535111+00:00,raise-arms,14,2.970221
0,2026-07-28T02:40:37.863704+00:00,palm-up-down,0,1.1e-05
1,2026-07-28T02:40:37.918080+00:00,palm-up-down,0,0.054418
2,2026-07-28T02:40:37.973147+00:00,palm-up-down,0,0.109468
3,2026-07-28T02:40:38.027691+00:00,palm-up-down,0,0.164026
4,2026-07-28T02:40:38.082752+00:00,palm-up-down,0,0.21907
5,2026-07-28T02:40:38.137788+00:00,palm-up-down,0,0.274099
6,2026-07-28T02:40:38.192828+00:00,palm-up-down,0,0.329136
7,2026-07-28T02:40:38.247873+00:00,palm-up-down,0,0.384181
8,2026-07-28T02:40:38.302902+00:00,palm-up-down,0,0.43921
9,2026-07-28T02:40:38.357928+00:00,palm-up-down,0,0.494236
10,2026-07-28T02:40:38.412976+00:00,palm-up-down,0,0.549286
11,2026-07-28T02:40:38.468006+00:00,palm-up-down,0,0.604321
12,2026-07-28T02:40:38.521425+00:00,palm-up-down,0,0.657738
13,2026-07-28T02:40:38.576470+00:00,palm-up-down,0,0.712787
14,2026-07-28T02:40:38.630636+00:00,palm-up-down,0,0.76695
15,2026-07-28T02:40:38.685680+00:00,palm-up-down,0,0.822
16,2026-07-28T02:40:38.740731+00:00,palm-up-down,0,0.877055
17,2026-07-28T02:40:38.795808+00:00,palm-up-down,0,0.932122
18,2026-07-28T02:40:38.850865+00:00,palm-up-down,0,0.987177
19,2026-07-28T02:40:38.901699+00:00,palm-up-down,0,1.038018
20,2026-07-28T02:40:38.956744+00:00,palm-up-down,0,1.093056
21,2026-07-28T02:40:39.008010+00:00,palm-up-down,0,1.144334
22,2026-07-28T02:40:39.063083+00:00,palm-up-down,0,1.19942
23,2026-07-28T02:40:39.118150+00:00,palm-up-down,0,1.254478
24,2026-07-28T02:40:39.173206+00:00,palm-up-down,0,1.309519
25,2026-07-28T02:40:39.228264+00:00,palm-up-down,0,1.364575
26,2026-07-28T02:40:39.283317+00:00,palm-up-down,0,1.419631
27,2026-07-28T02:40:39.338354+00:00,palm-up-down,0,1.474669
28,2026-07-28T02:40:39.392168+00:00,palm-up-down,0,1.528483
29,2026-07-28T02:40:39.447203+00:00,palm-up-down,0,1.583516
30,2026-07-28T02:40:39.501313+00:00,palm-up-down,0,1.637653
31,2026-07-28T02:40:39.553326+00:00,palm-up-down,0,1.68964
32,2026-07-28T02:40:39.608373+00:00,palm-up-down,0,1.744698
33,2026-07-28T02:40:39.662886+00:00,palm-up-down,0,1.799197
34,2026-07-28T02:40:39.717944+00:00,palm-up-down,0,1.854256
35,2026-07-28T02:40:39.770471+00:00,palm-up-down,0,1.906781
36,2026-07-28T02:40:39.825507+00:00,palm-up-down,0,1.961825
37,2026-07-28T02:40:39.879805+00:00,palm-up-down,0,2.016121
38,2026-07-28T02:40:39.934609+00:00,palm-up-down,0,2.070925
39,2026-07-28T02:40:39.988065+00:00,palm-up-down,0,2.12438
40,2026-07-28T02:40:40.043132+00:00,palm-up-down,0,2.179465
41,2026-07-28T02:40:40.098220+00:00,palm-up-down,0,2.234547
42,2026-07-28T02:40:40.153276+00:00,palm-up-down,0,2.289598
43,2026-07-28T02:40:40.206635+00:00,palm-up-down,0,2.342955
44,2026-07-28T02:40:40.261682+00:00,palm-up-down,0,2.397996
45,2026-07-28T02:40:40.316725+00:00,palm-up-down,0,2.453052
46,2026-07-28T02:40:40.371783+00:00,palm-up-down,0,2.508107
47,2026-07-28T02:40:40.423353+00:00,palm-up-down,0,2.559676
48,2026-07-28T02:40:40.478408+00:00,palm-up-down,0,2.61473
49,2026-07-28T02:40:40.531987+00:00,palm-up-down,0,2.66832
50,2026-07-28T02:40:40.583477+00:00,palm-up-down,0,2.719809
51,2026-07-28T02:40:40.636321+00:00,palm-up-down,0,2.77265
52,2026-07-28T02:40:40.688370+00:00,palm-up-down,0,2.824712
53,2026-07-28T02:40:40.740227+00:00,palm-up-down,0,2.87655
54,2026-07-28T02:40:40.794076+00:00,palm-up-down,0,2.930414
55,2026-07-28T02:40:40.848938+00:00,palm-up-down,0,2.98527
0,2026-07-28T02:40:44.175342+00:00,palm-up-down,1,1.1e-05
1,2026-07-28T02:40:44.230403+00:00,palm-up-down,1,0.055096
2,2026-07-28T02:40:44.285219+00:00,palm-up-down,1,0.109929
3,2026-07-28T02:40:44.340311+00:00,palm-up-down,1,0.165007
4,2026-07-28T02:40:44.394067+00:00,palm-up-down,1,0.218765
5,2026-07-28T02:40:44.449138+00:00,palm-up-down,1,0.273829
6,2026-07-28T02:40:44.504216+00:00,palm-up-down,1,0.328912
7,2026-07-28T02:40:44.556711+00:00,palm-up-down,1,0.38142
8,2026-07-28T02:40:44.608317+00:00,palm-up-down,1,0.433019
9,2026-07-28T02:40:44.660723+00:00,palm-up-down,1,0.485428
10,2026-07-28T02:40:44.714833+00:00,palm-up-down,1,0.53953
11,2026-07-28T02:40:44.769915+00:00,palm-up-down,1,0.594618
12,2026-07-28T02:40:44.825004+00:00,palm-up-down,1,0.649702
13,2026-07-28T02:40:44.877667+00:00,palm-up-down,1,0.702375
14,2026-07-28T02:40:44.929106+00:00,palm-up-down,1,0.75381
15,2026-07-28T02:40:44.980217+00:00,palm-up-down,1,0.804924
16,2026-07-28T02:40:45.035208+00:00,palm-up-down,1,0.859903
17,2026-07-28T02:40:45.090290+00:00,palm-up-down,1,0.914984
18,2026-07-28T02:40:45.145372+00:00,palm-up-down,1,0.970072
19,2026-07-28T02:40:45.200464+00:00,palm-up-down,1,1.025165
20,2026-07-28T02:40:45.254826+00:00,palm-up-down,1,1.079514
21,2026-07-28T02:40:45.309733+00:00,palm-up-down,1,1.134427
22,2026-07-28T02:40:45.360717+00:00,palm-up-down,1,1.185422
23,2026-07-28T02:40:45.415803+00:00,palm-up-down,1,1.240494
24,2026-07-28T02:40:45.470874+00:00,palm-up-down,1,1.295572
25,2026-07-28T02:40:45.522215+00:00,palm-up-down,1,1.346924
26,2026-07-28T02:40:45.577313+00:00,palm-up-down,1,1.402014
27,2026-07-28T02:40:45.632397+00:00,palm-up-down,1,1.457093
28,2026-07-28T02:40:45.687482+00:00,palm-up-down,1,1.512181
29,2026-07-28T02:40:45.741569+00:00,palm-up-down,1,1.566254
30,2026-07-28T02:40:45.796565+00:00,palm-up-down,1,1.621277
31,2026-07-28T02:40:45.851376+00:00,palm-up-down,1,1.676066
32,2026-07-28T02:40:45.904801+00:00,palm-up-down,1,1.729494
33,2026-07-28T02:40:45.959713+00:00,palm-up-down,1,1.784418
34,2026-07-28T02:40:46.014040+00:00,palm-up-down,1,1.838753
35,2026-07-28T02:40:46.067712+00:00,palm-up-down,1,1.892414
36,2026-07-28T02:40:46.118549+00:00,palm-up-down,1,1.943279
37,2026-07-28T02:40:46.171449+00:00,palm-up-down,1,1.996157
38,2026-07-28T02:40:46.226130+00:00,palm-up-down,1,2.050831
39,2026-07-28T02:40:46.280818+00:00,palm-up-down,1,2.105506
40,2026-07-28T02:40:46.334624+00:00,palm-up-down,1,2.159328
41,2026-07-28T02:40:46.389719+00:00,palm-up-down,1,2.214419
42,2026-07-28T02:40:46.444040+00:00,palm-up-down,1,2.268734
43,2026-07-28T02:40:46.499104+00:00,palm-up-down,1,2.323788
44,2026-07-28T02:40:46.554148+00:00,palm-up-down,1,2.378819
45,2026-07-28T02:40:46.609189+00:00,palm-up-down,1,2.433871
46,2026-07-28T02:40:46.660708+00:00,palm-up-down,1,2.485409
47,2026-07-28T02:40:46.714211+00:00,palm-up-down,1,2.538899
48,2026-07-28T02:40:46.769282+00:00,palm-up-down,1,2.593979
49,2026-07-28T02:40:46.824355+00:00,palm-up-down,1,2.649047
50,2026-07-28T02:40:46.877375+00:00,palm-up-down,1,2.702079
51,2026-07-28T02:40:46.932464+00:00,palm-up-down,1,2.757166
52,2026-07-28T02:40:46.987553+00:00,palm-up-down,1,2.812257
53,2026-07-28T02:40:47.042644+00:00,palm-up-down,1,2.867349
54,2026-07-28T02:40:47.096999+00:00,palm-up-down,1,2.921703
55,2026-07-28T02:40:47.152090+00:00,palm-up-down,1,2.976789
0,2026-07-28T02:40:50.481249+00:00,palm-up-down,2,7e-06
1,2026-07-28T02:40:50.536293+00:00,palm-up-down,2,0.055088
2,2026-07-28T02:40:50.590567+00:00,palm-up-down,2,0.109387
3,2026-07-28T02:40:50.644092+00:00,palm-up-down,2,0.162889
4,2026-07-28T02:40:50.697733+00:00,palm-up-down,2,0.216527
5,2026-07-28T02:40:50.748654+00:00,palm-up-down,2,0.267445
6,2026-07-28T02:40:50.803727+00:00,palm-up-down,2,0.322513
7,2026-07-28T02:40:50.858798+00:00,palm-up-down,2,0.377581
8,2026-07-28T02:40:50.910689+00:00,palm-up-down,2,0.429485
9,2026-07-28T02:40:50.962344+00:00,palm-up-down,2,0.481126
10,2026-07-28T02:40:51.017415+00:00,palm-up-down,2,0.536205
11,2026-07-28T02:40:51.071714+00:00,palm-up-down,2,0.590515
12,2026-07-28T02:40:51.126350+00:00,palm-up-down,2,0.64514
13,2026-07-28T02:40:51.181430+00:00,palm-up-down,2,0.700216
14,2026-07-28T02:40:51.232346+00:00,palm-up-down,2,0.751134
15,2026-07-28T02:40:51.286232+00:00,palm-up-down,2,0.805017
16,2026-07-28T02:40:51.341329+00:00,palm-up-down,2,0.860126
17,2026-07-28T02:40:51.396421+00:00,palm-up-down,2,0.915216
18,2026-07-28T02:40:51.451499+00:00,palm-up-down,2,0.970272
19,2026-07-28T02:40:51.506547+00:00,palm-up-down,2,1.025322
20,2026-07-28T02:40:51.561587+00:00,palm-up-down,2,1.080345
21,2026-07-28T02:40:51.616637+00:00,palm-up-down,2,1.135417
22,2026-07-28T02:40:51.671712+00:00,palm-up-down,2,1.190507
23,2026-07-28T02:40:51.726801+00:00,palm-up-down,2,1.245591
24,2026-07-28T02:40:51.779271+00:00,palm-up-down,2,1.298065
25,2026-07-28T02:40:51.834354+00:00,palm-up-down,2,1.353143
26,2026-07-28T02:40:51.889439+00:00,palm-up-down,2,1.408231
27,2026-07-28T02:40:51.944031+00:00,palm-up-down,2,1.462828
28,2026-07-28T02:40:51.999127+00:00,palm-up-down,2,1.517923
29,2026-07-28T02:40:52.051849+00:00,palm-up-down,2,1.570644
30,2026-07-28T02:40:52.106940+00:00,palm-up-down,2,1.625735
31,2026-07-28T02:40:52.162029+00:00,palm-up-down,2,1.680828
32,2026-07-28T02:40:52.217123+00:00,palm-up-down,2,1.735917
33,2026-07-28T02:40:52.272207+00:00,palm-up-down,2,1.790998
34,2026-07-28T02:40:52.323253+00:00,palm-up-down,2,1.842079
35,2026-07-28T02:40:52.378362+00:00,palm-up-down,2,1.897154
36,2026-07-28T02:40:52.433444+00:00,palm-up-down,2,1.952236
37,2026-07-28T02:40:52.488529+00:00,palm-up-down,2,2.007324
38,2026-07-28T02:40:52.543018+00:00,palm-up-down,2,2.061817
39,2026-07-28T02:40:52.597829+00:00,palm-up-down,2,2.116626
40,2026-07-28T02:40:52.652917+00:00,palm-up-down,2,2.171708
41,2026-07-28T02:40:52.704749+00:00,palm-up-down,2,2.223542
42,2026-07-28T02:40:52.759844+00:00,palm-up-down,2,2.278638
43,2026-07-28T02:40:52.811707+00:00,palm-up-down,2,2.330497
44,2026-07-28T02:40:52.866790+00:00,palm-up-down,2,2.385585
45,2026-07-28T02:40:52.921876+00:00,palm-up-down,2,2.440668
46,2026-07-28T02:40:52.976363+00:00,palm-up-down,2,2.495155
47,2026-07-28T02:40:53.031442+00:00,palm-up-down,2,2.550229
48,2026-07-28T02:40:53.082433+00:00,palm-up-down,2,2.601225
49,2026-07-28T02:40:53.137526+00:00,palm-up-down,2,2.656322
50,2026-07-28T02:40:53.188440+00:00,palm-up-down,2,2.707229
51,2026-07-28T02:40:53.243505+00:00,palm-up-down,2,2.762283
52,2026-07-28T02:40:53.298577+00:00,palm-up-down,2,2.817361
53,2026-07-28T02:40:53.353642+00:00,palm-up-down,2,2.872419
54,2026-07-28T02:40:53.408719+00:00,palm-up-down,2,2.927518
55,2026-07-28T02:40:53.463818+00:00,palm-up-down,2,2.982605
0,2026-07-28T02:40:56.795373+00:00,palm-up-down,3,7e-06
1,2026-07-28T02:40:56.850414+00:00,palm-up-down,3,0.055069
2,2026-07-28T02:40:56.905484+00:00,palm-up-down,3,0.110151
3,2026-07-28T02:40:56.960570+00:00,palm-up-down,3,0.165238
4,2026-07-28T02:40:57.014105+00:00,palm-up-down,3,0.218768
5,2026-07-28T02:40:57.068489+00:00,palm-up-down,3,0.273162
6,2026-07-28T02:40:57.123568+00:00,palm-up-down,3,0.328223
7,2026-07-28T02:40:57.178345+00:00,palm-up-down,3,0.383007
8,2026-07-28T02:40:57.229917+00:00,palm-up-down,3,0.434574
9,2026-07-28T02:40:57.284983+00:00,palm-up-down,3,0.489644
10,2026-07-28T02:40:57.340060+00:00,palm-up-down,3,0.544728
11,2026-07-28T02:40:57.394910+00:00,palm-up-down,3,0.599573
12,2026-07-28T02:40:57.449986+00:00,palm-up-down,3,0.654648
13,2026-07-28T02:40:57.502006+00:00,palm-up-down,3,0.706671
14,2026-07-28T02:40:57.552445+00:00,palm-up-down,3,0.757114
15,2026-07-28T02:40:57.603210+00:00,palm-up-down,3,0.807877
16,2026-07-28T02:40:57.653393+00:00,palm-up-down,3,0.85806
17,2026-07-28T02:40:57.708478+00:00,palm-up-down,3,0.91319
18,2026-07-28T02:40:57.763599+00:00,palm-up-down,3,0.968256
19,2026-07-28T02:40:57.817983+00:00,palm-up-down,3,1.022666
20,2026-07-28T02:40:57.869830+00:00,palm-up-down,3,1.074495
21,2026-07-28T02:40:57.924911+00:00,palm-up-down,3,1.129575
22,2026-07-28T02:40:57.977321+00:00,palm-up-down,3,1.181998
23,2026-07-28T02:40:58.032281+00:00,palm-up-down,3,1.236951
24,2026-07-28T02:40:58.085158+00:00,palm-up-down,3,1.289835
25,2026-07-28T02:40:58.140242+00:00,palm-up-down,3,1.344902
26,2026-07-28T02:40:58.190707+00:00,palm-up-down,3,1.395377
27,2026-07-28T02:40:58.243019+00:00,palm-up-down,3,1.447691
28,2026-07-28T02:40:58.298101+00:00,palm-up-down,3,1.502763
29,2026-07-28T02:40:58.351203+00:00,palm-up-down,3,1.555872
30,2026-07-28T02:40:58.406294+00:00,palm-up-down,3,1.61097
31,2026-07-28T02:40:58.460652+00:00,palm-up-down,3,1.66532
32,2026-07-28T02:40:58.512635+00:00,palm-up-down,3,1.717305
33,2026-07-28T02:40:58.567724+00:00,palm-up-down,3,1.772392
34,2026-07-28T02:40:58.620042+00:00,palm-up-down,3,1.824722
35,2026-07-28T02:40:58.673130+00:00,palm-up-down,3,1.87782
36,2026-07-28T02:40:58.726313+00:00,palm-up-down,3,1.930982
37,2026-07-28T02:40:58.777314+00:00,palm-up-down,3,1.981984
38,2026-07-28T02:40:58.829930+00:00,palm-up-down,3,2.034592
39,2026-07-28T02:40:58.883022+00:00,palm-up-down,3,2.087694
40,2026-07-28T02:40:58.935143+00:00,palm-up-down,3,2.13981
41,2026-07-28T02:40:58.989736+00:00,palm-up-down,3,2.194402
42,2026-07-28T02:40:59.044828+00:00,palm-up-down,3,2.249497
43,2026-07-28T02:40:59.097050+00:00,palm-up-down,3,2.301717
44,2026-07-28T02:40:59.152133+00:00,palm-up-down,3,2.356799
45,2026-07-28T02:40:59.203380+00:00,palm-up-down,3,2.408041
46,2026-07-28T02:40:59.257794+00:00,palm-up-down,3,2.462451
47,2026-07-28T02:40:59.311566+00:00,palm-up-down,3,2.516252
48,2026-07-28T02:40:59.366114+00:00,palm-up-down,3,2.570764
49,2026-07-28T02:40:59.421158+00:00,palm-up-down,3,2.6258
50,2026-07-28T02:40:59.476196+00:00,palm-up-down,3,2.680844
51,2026-07-28T02:40:59.531239+00:00,palm-up-down,3,2.735886
52,2026-07-28T02:40:59.585042+00:00,palm-up-down,3,2.789693
53,2026-07-28T02:40:59.640094+00:00,palm-up-down,3,2.844736
54,2026-07-28T02:40:59.693929+00:00,palm-up-down,3,2.898573
55,2026-07-28T02:40:59.748975+00:00,palm-up-down,3,2.953614
0,2026-07-28T02:41:03.075051+00:00,palm-up-down,4,1.2e-05
1,2026-07-28T02:41:03.127720+00:00,palm-up-down,4,0.052702
2,2026-07-28T02:41:03.182792+00:00,palm-up-down,4,0.107779
3,2026-07-28T02:41:03.237854+00:00,palm-up-down,4,0.16283
4,2026-07-28T02:41:03.292900+00:00,palm-up-down,4,0.217876
5,2026-07-28T02:41:03.346849+00:00,palm-up-down,4,0.271819
6,2026-07-28T02:41:03.399378+00:00,palm-up-down,4,0.32435
7,2026-07-28T02:41:03.454426+00:00,palm-up-down,4,0.379396
8,2026-07-28T02:41:03.506048+00:00,palm-up-down,4,0.43102
9,2026-07-28T02:41:03.561108+00:00,palm-up-down,4,0.486077
10,2026-07-28T02:41:03.616147+00:00,palm-up-down,4,0.541118
11,2026-07-28T02:41:03.671191+00:00,palm-up-down,4,0.596162
12,2026-07-28T02:41:03.726234+00:00,palm-up-down,4,0.651204
13,2026-07-28T02:41:03.779418+00:00,palm-up-down,4,0.704389
14,2026-07-28T02:41:03.834462+00:00,palm-up-down,4,0.759431
15,2026-07-28T02:41:03.889497+00:00,palm-up-down,4,0.814464
16,2026-07-28T02:41:03.944531+00:00,palm-up-down,4,0.869495
17,2026-07-28T02:41:03.999562+00:00,palm-up-down,4,0.924529
18,2026-07-28T02:41:04.054627+00:00,palm-up-down,4,0.979617
19,2026-07-28T02:41:04.109709+00:00,palm-up-down,4,1.034697
20,2026-07-28T02:41:04.164770+00:00,palm-up-down,4,1.089743
21,2026-07-28T02:41:04.217883+00:00,palm-up-down,4,1.142853
22,2026-07-28T02:41:04.272924+00:00,palm-up-down,4,1.19789
23,2026-07-28T02:41:04.327956+00:00,palm-up-down,4,1.252925
24,2026-07-28T02:41:04.383008+00:00,palm-up-down,4,1.307987
25,2026-07-28T02:41:04.438063+00:00,palm-up-down,4,1.363029
26,2026-07-28T02:41:04.493111+00:00,palm-up-down,4,1.418078
27,2026-07-28T02:41:04.546332+00:00,palm-up-down,4,1.471301
28,2026-07-28T02:41:04.601376+00:00,palm-up-down,4,1.526354
29,2026-07-28T02:41:04.654398+00:00,palm-up-down,4,1.579374
30,2026-07-28T02:41:04.704608+00:00,palm-up-down,4,1.629578
31,2026-07-28T02:41:04.754706+00:00,palm-up-down,4,1.679672
32,2026-07-28T02:41:04.807368+00:00,palm-up-down,4,1.732336
33,2026-07-28T02:41:04.857755+00:00,palm-up-down,4,1.782721
34,2026-07-28T02:41:04.912798+00:00,palm-up-down,4,1.837775
35,2026-07-28T02:41:04.967847+00:00,palm-up-down,4,1.892817
36,2026-07-28T02:41:05.018323+00:00,palm-up-down,4,1.943302
37,2026-07-28T02:41:05.071037+00:00,palm-up-down,4,1.996024
38,2026-07-28T02:41:05.126123+00:00,palm-up-down,4,2.051123
39,2026-07-28T02:41:05.179690+00:00,palm-up-down,4,2.104683
40,2026-07-28T02:41:05.234049+00:00,palm-up-down,4,2.159031
41,2026-07-28T02:41:05.285735+00:00,palm-up-down,4,2.210718
42,2026-07-28T02:41:05.340709+00:00,palm-up-down,4,2.265686
43,2026-07-28T02:41:05.392927+00:00,palm-up-down,4,2.3179
44,2026-07-28T02:41:05.444768+00:00,palm-up-down,4,2.369741
45,2026-07-28T02:41:05.499812+00:00,palm-up-down,4,2.424787
46,2026-07-28T02:41:05.554298+00:00,palm-up-down,4,2.479286
47,2026-07-28T02:41:05.609356+00:00,palm-up-down,4,2.53433
48,2026-07-28T02:41:05.661770+00:00,palm-up-down,4,2.586739
49,2026-07-28T02:41:05.716807+00:00,palm-up-down,4,2.641777
50,2026-07-28T02:41:05.768346+00:00,palm-up-down,4,2.693312
51,2026-07-28T02:41:05.819993+00:00,palm-up-down,4,2.744965
52,2026-07-28T02:41:05.874035+00:00,palm-up-down,4,2.799011
53,2026-07-28T02:41:05.924919+00:00,palm-up-down,4,2.849888
54,2026-07-28T02:41:05.979973+00:00,palm-up-down,4,2.904939
55,2026-07-28T02:41:06.034483+00:00,palm-up-down,4,2.959459
0,2026-07-28T02:41:09.365253+00:00,palm-up-down,5,1e-05
1,2026-07-28T02:41:09.420307+00:00,palm-up-down,5,0.055096
2,2026-07-28T02:41:09.473524+00:00,palm-up-down,5,0.108292
3,2026-07-28T02:41:09.528570+00:00,palm-up-down,5,0.163338
4,2026-07-28T02:41:09.583621+00:00,palm-up-down,5,0.218399
5,2026-07-28T02:41:09.638670+00:00,palm-up-down,5,0.273434
6,2026-07-28T02:41:09.690300+00:00,palm-up-down,5,0.325065
7,2026-07-28T02:41:09.745350+00:00,palm-up-down,5,0.380112
8,2026-07-28T02:41:09.800393+00:00,palm-up-down,5,0.435161
9,2026-07-28T02:41:09.854601+00:00,palm-up-down,5,0.489364
10,2026-07-28T02:41:09.909640+00:00,palm-up-down,5,0.544402
11,2026-07-28T02:41:09.963347+00:00,palm-up-down,5,0.598107
12,2026-07-28T02:41:10.018290+00:00,palm-up-down,5,0.653063
13,2026-07-28T02:41:10.073336+00:00,palm-up-down,5,0.7081
14,2026-07-28T02:41:10.128389+00:00,palm-up-down,5,0.763155
15,2026-07-28T02:41:10.183431+00:00,palm-up-down,5,0.818195
16,2026-07-28T02:41:10.237343+00:00,palm-up-down,5,0.872105
17,2026-07-28T02:41:10.292373+00:00,palm-up-down,5,0.927132
18,2026-07-28T02:41:10.347420+00:00,palm-up-down,5,0.982184
19,2026-07-28T02:41:10.401120+00:00,palm-up-down,5,1.035888
20,2026-07-28T02:41:10.454233+00:00,palm-up-down,5,1.088997
21,2026-07-28T02:41:10.507995+00:00,palm-up-down,5,1.142759
22,2026-07-28T02:41:10.563041+00:00,palm-up-down,5,1.197803
23,2026-07-28T02:41:10.613736+00:00,palm-up-down,5,1.24851
24,2026-07-28T02:41:10.668797+00:00,palm-up-down,5,1.303574
25,2026-07-28T02:41:10.723859+00:00,palm-up-down,5,1.358634
26,2026-07-28T02:41:10.778911+00:00,palm-up-down,5,1.413679
27,2026-07-28T02:41:10.831123+00:00,palm-up-down,5,1.465896
28,2026-07-28T02:41:10.885404+00:00,palm-up-down,5,1.520175
29,2026-07-28T02:41:10.940455+00:00,palm-up-down,5,1.575226
30,2026-07-28T02:41:10.990840+00:00,palm-up-down,5,1.625616
31,2026-07-28T02:41:11.043284+00:00,palm-up-down,5,1.678066
32,2026-07-28T02:41:11.096402+00:00,palm-up-down,5,1.731183
33,2026-07-28T02:41:11.151276+00:00,palm-up-down,5,1.78606
34,2026-07-28T02:41:11.205984+00:00,palm-up-down,5,1.840766
35,2026-07-28T02:41:11.261060+00:00,palm-up-down,5,1.89585
36,2026-07-28T02:41:11.316143+00:00,palm-up-down,5,1.950933
37,2026-07-28T02:41:11.371232+00:00,palm-up-down,5,2.006024
38,2026-07-28T02:41:11.421601+00:00,palm-up-down,5,2.056382
39,2026-07-28T02:41:11.476675+00:00,palm-up-down,5,2.111455
40,2026-07-28T02:41:11.531719+00:00,palm-up-down,5,2.166478
41,2026-07-28T02:41:11.586789+00:00,palm-up-down,5,2.221569
42,2026-07-28T02:41:11.641847+00:00,palm-up-down,5,2.276621
43,2026-07-28T02:41:11.693899+00:00,palm-up-down,5,2.328664
44,2026-07-28T02:41:11.748933+00:00,palm-up-down,5,2.383698
45,2026-07-28T02:41:11.803967+00:00,palm-up-down,5,2.438728
46,2026-07-28T02:41:11.858999+00:00,palm-up-down,5,2.493759
47,2026-07-28T02:41:11.914035+00:00,palm-up-down,5,2.548805
48,2026-07-28T02:41:11.968300+00:00,palm-up-down,5,2.603066
49,2026-07-28T02:41:12.023342+00:00,palm-up-down,5,2.658112
50,2026-07-28T02:41:12.078397+00:00,palm-up-down,5,2.713161
51,2026-07-28T02:41:12.133431+00:00,palm-up-down,5,2.768194
52,2026-07-28T02:41:12.188463+00:00,palm-up-down,5,2.823225
53,2026-07-28T02:41:12.240512+00:00,palm-up-down,5,2.87528
54,2026-07-28T02:41:12.295549+00:00,palm-up-down,5,2.930311
55,2026-07-28T02:41:12.350581+00:00,palm-up-down,5,2.985346
0,2026-07-28T02:41:15.677315+00:00,palm-up-down,6,1e-05
1,2026-07-28T02:41:15.732366+00:00,palm-up-down,6,0.05509
2,2026-07-28T02:41:15.787437+00:00,palm-up-down,6,0.11015
3,2026-07-28T02:41:15.842505+00:00,palm-up-down,6,0.165228
4,2026-07-28T02:41:15.893763+00:00,palm-up-down,6,0.216485
5,2026-07-28T02:41:15.948817+00:00,palm-up-down,6,0.27152
6,2026-07-28T02:41:16.001626+00:00,palm-up-down,6,0.324334
7,2026-07-28T02:41:16.054705+00:00,palm-up-down,6,0.377415
8,2026-07-28T02:41:16.104803+00:00,palm-up-down,6,0.427508
9,2026-07-28T02:41:16.159850+00:00,palm-up-down,6,0.482553
10,2026-07-28T02:41:16.214885+00:00,palm-up-down,6,0.537585
11,2026-07-28T02:41:16.266333+00:00,palm-up-down,6,0.589033
12,2026-07-28T02:41:16.318178+00:00,palm-up-down,6,0.640878
13,2026-07-28T02:41:16.373209+00:00,palm-up-down,6,0.695911
14,2026-07-28T02:41:16.425357+00:00,palm-up-down,6,0.748071
15,2026-07-28T02:41:16.480428+00:00,palm-up-down,6,0.803137
16,2026-07-28T02:41:16.535468+00:00,palm-up-down,6,0.858162
17,2026-07-28T02:41:16.590518+00:00,palm-up-down,6,0.913237
18,2026-07-28T02:41:16.643237+00:00,palm-up-down,6,0.965942
19,2026-07-28T02:41:16.698285+00:00,palm-up-down,6,1.020997
20,2026-07-28T02:41:16.753337+00:00,palm-up-down,6,1.076045
21,2026-07-28T02:41:16.808387+00:00,palm-up-down,6,1.131096
22,2026-07-28T02:41:16.862835+00:00,palm-up-down,6,1.185533
23,2026-07-28T02:41:16.917863+00:00,palm-up-down,6,1.240561
24,2026-07-28T02:41:16.972912+00:00,palm-up-down,6,1.29561
25,2026-07-28T02:41:17.027403+00:00,palm-up-down,6,1.350127
26,2026-07-28T02:41:17.079493+00:00,palm-up-down,6,1.402214
27,2026-07-28T02:41:17.129554+00:00,palm-up-down,6,1.452256
28,2026-07-28T02:41:17.184591+00:00,palm-up-down,6,1.507294
29,2026-07-28T02:41:17.236481+00:00,palm-up-down,6,1.559183
30,2026-07-28T02:41:17.291516+00:00,palm-up-down,6,1.614218
31,2026-07-28T02:41:17.346557+00:00,palm-up-down,6,1.669264
32,2026-07-28T02:41:17.401594+00:00,palm-up-down,6,1.724294
33,2026-07-28T02:41:17.454155+00:00,palm-up-down,6,1.776857
34,2026-07-28T02:41:17.509191+00:00,palm-up-down,6,1.831892
35,2026-07-28T02:41:17.564230+00:00,palm-up-down,6,1.886937
36,2026-07-28T02:41:17.619272+00:00,palm-up-down,6,1.941976
37,2026-07-28T02:41:17.669800+00:00,palm-up-down,6,1.9925
38,2026-07-28T02:41:17.724827+00:00,palm-up-down,6,2.047527
39,2026-07-28T02:41:17.779306+00:00,palm-up-down,6,2.102006
40,2026-07-28T02:41:17.834341+00:00,palm-up-down,6,2.157046
41,2026-07-28T02:41:17.889378+00:00,palm-up-down,6,2.212079
42,2026-07-28T02:41:17.944120+00:00,palm-up-down,6,2.266817
43,2026-07-28T02:41:17.997983+00:00,palm-up-down,6,2.320685
44,2026-07-28T02:41:18.053020+00:00,palm-up-down,6,2.375727
45,2026-07-28T02:41:18.107888+00:00,palm-up-down,6,2.430585
46,2026-07-28T02:41:18.159579+00:00,palm-up-down,6,2.482283
47,2026-07-28T02:41:18.214613+00:00,palm-up-down,6,2.53731
48,2026-07-28T02:41:18.269643+00:00,palm-up-down,6,2.592345
49,2026-07-28T02:41:18.324675+00:00,palm-up-down,6,2.647376
50,2026-07-28T02:41:18.378404+00:00,palm-up-down,6,2.701103
51,2026-07-28T02:41:18.429321+00:00,palm-up-down,6,2.752017
52,2026-07-28T02:41:18.484346+00:00,palm-up-down,6,2.807048
53,2026-07-28T02:41:18.539375+00:00,palm-up-down,6,2.862071
54,2026-07-28T02:41:18.594412+00:00,palm-up-down,6,2.917122
55,2026-07-28T02:41:18.649452+00:00,palm-up-down,6,2.972158
0,2026-07-28T02:41:21.971472+00:00,palm-up-down,7,8e-06
1,2026-07-28T02:41:22.021771+00:00,palm-up-down,7,0.05035
2,2026-07-28T02:41:22.076851+00:00,palm-up-down,7,0.105404
3,2026-07-28T02:41:22.127481+00:00,palm-up-down,7,0.156027
4,2026-07-28T02:41:22.178948+00:00,palm-up-down,7,0.207497
5,2026-07-28T02:41:22.233998+00:00,palm-up-down,7,0.262544
6,2026-07-28T02:41:22.289032+00:00,palm-up-down,7,0.317575
7,2026-07-28T02:41:22.344066+00:00,palm-up-down,7,0.372609
8,2026-07-28T02:41:22.399094+00:00,palm-up-down,7,0.427633
9,2026-07-28T02:41:22.453232+00:00,palm-up-down,7,0.481772
10,2026-07-28T02:41:22.508260+00:00,palm-up-down,7,0.5368
11,2026-07-28T02:41:22.563306+00:00,palm-up-down,7,0.591845
12,2026-07-28T02:41:22.617791+00:00,palm-up-down,7,0.646338
13,2026-07-28T02:41:22.672827+00:00,palm-up-down,7,0.701369
14,2026-07-28T02:41:22.727856+00:00,palm-up-down,7,0.756396
15,2026-07-28T02:41:22.782900+00:00,palm-up-down,7,0.811439
16,2026-07-28T02:41:22.834918+00:00,palm-up-down,7,0.863458
17,2026-07-28T02:41:22.889948+00:00,palm-up-down,7,0.918493
18,2026-07-28T02:41:22.945004+00:00,palm-up-down,7,0.973546
19,2026-07-28T02:41:22.999768+00:00,palm-up-down,7,1.028308
20,2026-07-28T02:41:23.054816+00:00,palm-up-down,7,1.083383
21,2026-07-28T02:41:23.109888+00:00,palm-up-down,7,1.138435
22,2026-07-28T02:41:23.160394+00:00,palm-up-down,7,1.188945
23,2026-07-28T02:41:23.215453+00:00,palm-up-down,7,1.244018
24,2026-07-28T02:41:23.270524+00:00,palm-up-down,7,1.299087
25,2026-07-28T02:41:23.323479+00:00,palm-up-down,7,1.352031
26,2026-07-28T02:41:23.377024+00:00,palm-up-down,7,1.405568
27,2026-07-28T02:41:23.432066+00:00,palm-up-down,7,1.460619
28,2026-07-28T02:41:23.485790+00:00,palm-up-down,7,1.514343
29,2026-07-28T02:41:23.536975+00:00,palm-up-down,7,1.565527
30,2026-07-28T02:41:23.592028+00:00,palm-up-down,7,1.620585
31,2026-07-28T02:41:23.645820+00:00,palm-up-down,7,1.674374
32,2026-07-28T02:41:23.700880+00:00,palm-up-down,7,1.729436
33,2026-07-28T02:41:23.751057+00:00,palm-up-down,7,1.779602
34,2026-07-28T02:41:23.803746+00:00,palm-up-down,7,1.83229
35,2026-07-28T02:41:23.854572+00:00,palm-up-down,7,1.883119
36,2026-07-28T02:41:23.909615+00:00,palm-up-down,7,1.938157
37,2026-07-28T02:41:23.960503+00:00,palm-up-down,7,1.989041
38,2026-07-28T02:41:24.015543+00:00,palm-up-down,7,2.044095
39,2026-07-28T02:41:24.068134+00:00,palm-up-down,7,2.096683
40,2026-07-28T02:41:24.120783+00:00,palm-up-down,7,2.149324
41,2026-07-28T02:41:24.175814+00:00,palm-up-down,7,2.204358
42,2026-07-28T02:41:24.230030+00:00,palm-up-down,7,2.258572
43,2026-07-28T02:41:24.285061+00:00,palm-up-down,7,2.313601
44,2026-07-28T02:41:24.336934+00:00,palm-up-down,7,2.365477
45,2026-07-28T02:41:24.391962+00:00,palm-up-down,7,2.420502
46,2026-07-28T02:41:24.443130+00:00,palm-up-down,7,2.471673
47,2026-07-28T02:41:24.498179+00:00,palm-up-down,7,2.526721
48,2026-07-28T02:41:24.549585+00:00,palm-up-down,7,2.578126
49,2026-07-28T02:41:24.604618+00:00,palm-up-down,7,2.633164
50,2026-07-28T02:41:24.654938+00:00,palm-up-down,7,2.683482
51,2026-07-28T02:41:24.705030+00:00,palm-up-down,7,2.73357
52,2026-07-28T02:41:24.760061+00:00,palm-up-down,7,2.788608
53,2026-07-28T02:41:24.811027+00:00,palm-up-down,7,2.839569
54,2026-07-28T02:41:24.866057+00:00,palm-up-down,7,2.894599
55,2026-07-28T02:41:24.921091+00:00,palm-up-down,7,2.949632
0,2026-07-28T02:41:28.257068+00:00,palm-up-down,8,1.2e-05
1,2026-07-28T02:41:28.311114+00:00,palm-up-down,8,0.054091
2,2026-07-28T02:41:28.366179+00:00,palm-up-down,8,0.10913
3,2026-07-28T02:41:28.421231+00:00,palm-up-down,8,0.164194
4,2026-07-28T02:41:28.474673+00:00,palm-up-down,8,0.217628
5,2026-07-28T02:41:28.529715+00:00,palm-up-down,8,0.272665
6,2026-07-28T02:41:28.582661+00:00,palm-up-down,8,0.32562
7,2026-07-28T02:41:28.634769+00:00,palm-up-down,8,0.377717
8,2026-07-28T02:41:28.689802+00:00,palm-up-down,8,0.432753
9,2026-07-28T02:41:28.743672+00:00,palm-up-down,8,0.486631
10,2026-07-28T02:41:28.798713+00:00,palm-up-down,8,0.54166
11,2026-07-28T02:41:28.851447+00:00,palm-up-down,8,0.594397
12,2026-07-28T02:41:28.906500+00:00,palm-up-down,8,0.649445
13,2026-07-28T02:41:28.961528+00:00,palm-up-down,8,0.704474
14,2026-07-28T02:41:29.015834+00:00,palm-up-down,8,0.75879
15,2026-07-28T02:41:29.070887+00:00,palm-up-down,8,0.813839
16,2026-07-28T02:41:29.125923+00:00,palm-up-down,8,0.868868
17,2026-07-28T02:41:29.179860+00:00,palm-up-down,8,0.922808
18,2026-07-28T02:41:29.234894+00:00,palm-up-down,8,0.977842
19,2026-07-28T02:41:29.289939+00:00,palm-up-down,8,1.032884
20,2026-07-28T02:41:29.341619+00:00,palm-up-down,8,1.084564
21,2026-07-28T02:41:29.396663+00:00,palm-up-down,8,1.139608
22,2026-07-28T02:41:29.450987+00:00,palm-up-down,8,1.193931
23,2026-07-28T02:41:29.504297+00:00,palm-up-down,8,1.247241
24,2026-07-28T02:41:29.559323+00:00,palm-up-down,8,1.302267
25,2026-07-28T02:41:29.614354+00:00,palm-up-down,8,1.357301
26,2026-07-28T02:41:29.669392+00:00,palm-up-down,8,1.412343
27,2026-07-28T02:41:29.724425+00:00,palm-up-down,8,1.467369
28,2026-07-28T02:41:29.779451+00:00,palm-up-down,8,1.522394
29,2026-07-28T02:41:29.834303+00:00,palm-up-down,8,1.577253
30,2026-07-28T02:41:29.889342+00:00,palm-up-down,8,1.632288
31,2026-07-28T02:41:29.944394+00:00,palm-up-down,8,1.68734
32,2026-07-28T02:41:29.999423+00:00,palm-up-down,8,1.742368
33,2026-07-28T02:41:30.053132+00:00,palm-up-down,8,1.796099
34,2026-07-28T02:41:30.104692+00:00,palm-up-down,8,1.847644
35,2026-07-28T02:41:30.159544+00:00,palm-up-down,8,1.9025
36,2026-07-28T02:41:30.211095+00:00,palm-up-down,8,1.954047
37,2026-07-28T02:41:30.266143+00:00,palm-up-down,8,2.009089
38,2026-07-28T02:41:30.318108+00:00,palm-up-down,8,2.061053
39,2026-07-28T02:41:30.373132+00:00,palm-up-down,8,2.116076
40,2026-07-28T02:41:30.428161+00:00,palm-up-down,8,2.171108
41,2026-07-28T02:41:30.483191+00:00,palm-up-down,8,2.226141
42,2026-07-28T02:41:30.534813+00:00,palm-up-down,8,2.277759
43,2026-07-28T02:41:30.589849+00:00,palm-up-down,8,2.332808
44,2026-07-28T02:41:30.644899+00:00,palm-up-down,8,2.387845
45,2026-07-28T02:41:30.699952+00:00,palm-up-down,8,2.442897
46,2026-07-28T02:41:30.754988+00:00,palm-up-down,8,2.497943
47,2026-07-28T02:41:30.810033+00:00,palm-up-down,8,2.552986
48,2026-07-28T02:41:30.865067+00:00,palm-up-down,8,2.608013
49,2026-07-28T02:41:30.918074+00:00,palm-up-down,8,2.661024
50,2026-07-28T02:41:30.973118+00:00,palm-up-down,8,2.716064
51,2026-07-28T02:41:31.028153+00:00,palm-up-down,8,2.771106
52,2026-07-28T02:41:31.083195+00:00,palm-up-down,8,2.826147
53,2026-07-28T02:41:31.136200+00:00,palm-up-down,8,2.879147
54,2026-07-28T02:41:31.191233+00:00,palm-up-down,8,2.934184
55,2026-07-28T02:41:31.243007+00:00,palm-up-down,8,2.985953
0,2026-07-28T02:41:34.569320+00:00,palm-up-down,9,1.1e-05
1,2026-07-28T02:41:34.619968+00:00,palm-up-down,9,0.050693
2,2026-07-28T02:41:34.675041+00:00,palm-up-down,9,0.105748
3,2026-07-28T02:41:34.729323+00:00,palm-up-down,9,0.160021
4,2026-07-28T02:41:34.784359+00:00,palm-up-down,9,0.215071
5,2026-07-28T02:41:34.834885+00:00,palm-up-down,9,0.26558
6,2026-07-28T02:41:34.889913+00:00,palm-up-down,9,0.320607
7,2026-07-28T02:41:34.944502+00:00,palm-up-down,9,0.375209
8,2026-07-28T02:41:34.999575+00:00,palm-up-down,9,0.430295
9,2026-07-28T02:41:35.054651+00:00,palm-up-down,9,0.485365
10,2026-07-28T02:41:35.109728+00:00,palm-up-down,9,0.540425
11,2026-07-28T02:41:35.160312+00:00,palm-up-down,9,0.591013
12,2026-07-28T02:41:35.215352+00:00,palm-up-down,9,0.646048
13,2026-07-28T02:41:35.270389+00:00,palm-up-down,9,0.701093
14,2026-07-28T02:41:35.325432+00:00,palm-up-down,9,0.756132
15,2026-07-28T02:41:35.380475+00:00,palm-up-down,9,0.81117
16,2026-07-28T02:41:35.435529+00:00,palm-up-down,9,0.866222
17,2026-07-28T02:41:35.490562+00:00,palm-up-down,9,0.921255
18,2026-07-28T02:41:35.545599+00:00,palm-up-down,9,0.976298
19,2026-07-28T02:41:35.600650+00:00,palm-up-down,9,1.031353
20,2026-07-28T02:41:35.651153+00:00,palm-up-down,9,1.081849
21,2026-07-28T02:41:35.706201+00:00,palm-up-down,9,1.136894
22,2026-07-28T02:41:35.760283+00:00,palm-up-down,9,1.190976
23,2026-07-28T02:41:35.813938+00:00,palm-up-down,9,1.24463
24,2026-07-28T02:41:35.867641+00:00,palm-up-down,9,1.298335
25,2026-07-28T02:41:35.918039+00:00,palm-up-down,9,1.348736
26,2026-07-28T02:41:35.973073+00:00,palm-up-down,9,1.403766
27,2026-07-28T02:41:36.028109+00:00,palm-up-down,9,1.458818
28,2026-07-28T02:41:36.079126+00:00,palm-up-down,9,1.509833
29,2026-07-28T02:41:36.134186+00:00,palm-up-down,9,1.564883
30,2026-07-28T02:41:36.189245+00:00,palm-up-down,9,1.619947
31,2026-07-28T02:41:36.242149+00:00,palm-up-down,9,1.672845
32,2026-07-28T02:41:36.297178+00:00,palm-up-down,9,1.727873
33,2026-07-28T02:41:36.350921+00:00,palm-up-down,9,1.781613
34,2026-07-28T02:41:36.405273+00:00,palm-up-down,9,1.835967
35,2026-07-28T02:41:36.460313+00:00,palm-up-down,9,1.891015
36,2026-07-28T02:41:36.515357+00:00,palm-up-down,9,1.946056
37,2026-07-28T02:41:36.570387+00:00,palm-up-down,9,2.001081
38,2026-07-28T02:41:36.625441+00:00,palm-up-down,9,2.056151
39,2026-07-28T02:41:36.677962+00:00,palm-up-down,9,2.108665
40,2026-07-28T02:41:36.732999+00:00,palm-up-down,9,2.163694
41,2026-07-28T02:41:36.784721+00:00,palm-up-down,9,2.215415
42,2026-07-28T02:41:36.839774+00:00,palm-up-down,9,2.270469
43,2026-07-28T02:41:36.894806+00:00,palm-up-down,9,2.325502
44,2026-07-28T02:41:36.949835+00:00,palm-up-down,9,2.380529
45,2026-07-28T02:41:37.004091+00:00,palm-up-down,9,2.434794
46,2026-07-28T02:41:37.058659+00:00,palm-up-down,9,2.489358
47,2026-07-28T02:41:37.113697+00:00,palm-up-down,9,2.544396
48,2026-07-28T02:41:37.168735+00:00,palm-up-down,9,2.599433
49,2026-07-28T02:41:37.223787+00:00,palm-up-down,9,2.654481
50,2026-07-28T02:41:37.278811+00:00,palm-up-down,9,2.709503
51,2026-07-28T02:41:37.329238+00:00,palm-up-down,9,2.759934
52,2026-07-28T02:41:37.384221+00:00,palm-up-down,9,2.814916
53,2026-07-28T02:41:37.438929+00:00,palm-up-down,9,2.869623
54,2026-07-28T02:41:37.493961+00:00,palm-up-down,9,2.924657
55,2026-07-28T02:41:37.548994+00:00,palm-up-down,9,2.979693
0,2026-07-28T02:41:40.875404+00:00,palm-up-down,10,1e-05
1,2026-07-28T02:41:40.927002+00:00,palm-up-down,10,0.051643
2,2026-07-28T02:41:40.982069+00:00,palm-up-down,10,0.10669
3,2026-07-28T02:41:41.034722+00:00,palm-up-down,10,0.159356
4,2026-07-28T02:41:41.085245+00:00,palm-up-down,10,0.209881
5,2026-07-28T02:41:41.140317+00:00,palm-up-down,10,0.264947
6,2026-07-28T02:41:41.193615+00:00,palm-up-down,10,0.318238
7,2026-07-28T02:41:41.248658+00:00,palm-up-down,10,0.37327
8,2026-07-28T02:41:41.302274+00:00,palm-up-down,10,0.426894
9,2026-07-28T02:41:41.357319+00:00,palm-up-down,10,0.481936
10,2026-07-28T02:41:41.412374+00:00,palm-up-down,10,0.536984
11,2026-07-28T02:41:41.466040+00:00,palm-up-down,10,0.59066
12,2026-07-28T02:41:41.521081+00:00,palm-up-down,10,0.645693
13,2026-07-28T02:41:41.576112+00:00,palm-up-down,10,0.70072
14,2026-07-28T02:41:41.631161+00:00,palm-up-down,10,0.755787
15,2026-07-28T02:41:41.686229+00:00,palm-up-down,10,0.810851
16,2026-07-28T02:41:41.737044+00:00,palm-up-down,10,0.861657
17,2026-07-28T02:41:41.788086+00:00,palm-up-down,10,0.912694
18,2026-07-28T02:41:41.843124+00:00,palm-up-down,10,0.967739
19,2026-07-28T02:41:41.898183+00:00,palm-up-down,10,1.022797
20,2026-07-28T02:41:41.951340+00:00,palm-up-down,10,1.075949
21,2026-07-28T02:41:42.004244+00:00,palm-up-down,10,1.128855
22,2026-07-28T02:41:42.059298+00:00,palm-up-down,10,1.183928
23,2026-07-28T02:41:42.114356+00:00,palm-up-down,10,1.238979
24,2026-07-28T02:41:42.168053+00:00,palm-up-down,10,1.292667
25,2026-07-28T02:41:42.221989+00:00,palm-up-down,10,1.346598
26,2026-07-28T02:41:42.276944+00:00,palm-up-down,10,1.401554
27,2026-07-28T02:41:42.329847+00:00,palm-up-down,10,1.454456
28,2026-07-28T02:41:42.384879+00:00,palm-up-down,10,1.509492
29,2026-07-28T02:41:42.439907+00:00,palm-up-down,10,1.564514
30,2026-07-28T02:41:42.494933+00:00,palm-up-down,10,1.619544
31,2026-07-28T02:41:42.549963+00:00,palm-up-down,10,1.674573
32,2026-07-28T02:41:42.601246+00:00,palm-up-down,10,1.725864
33,2026-07-28T02:41:42.651350+00:00,palm-up-down,10,1.775974
34,2026-07-28T02:41:42.704243+00:00,palm-up-down,10,1.82886
35,2026-07-28T02:41:42.759292+00:00,palm-up-down,10,1.883912
36,2026-07-28T02:41:42.814336+00:00,palm-up-down,10,1.938952
37,2026-07-28T02:41:42.867592+00:00,palm-up-down,10,1.992205
38,2026-07-28T02:41:42.922643+00:00,palm-up-down,10,2.047252
39,2026-07-28T02:41:42.977670+00:00,palm-up-down,10,2.102277
40,2026-07-28T02:41:43.032702+00:00,palm-up-down,10,2.157324
41,2026-07-28T02:41:43.087748+00:00,palm-up-down,10,2.212362
42,2026-07-28T02:41:43.142785+00:00,palm-up-down,10,2.267396
43,2026-07-28T02:41:43.197819+00:00,palm-up-down,10,2.322433
44,2026-07-28T02:41:43.252855+00:00,palm-up-down,10,2.377473
45,2026-07-28T02:41:43.303195+00:00,palm-up-down,10,2.427805
46,2026-07-28T02:41:43.358230+00:00,palm-up-down,10,2.482842
47,2026-07-28T02:41:43.413267+00:00,palm-up-down,10,2.537876
48,2026-07-28T02:41:43.467569+00:00,palm-up-down,10,2.592181
49,2026-07-28T02:41:43.522602+00:00,palm-up-down,10,2.647217
50,2026-07-28T02:41:43.577640+00:00,palm-up-down,10,2.702259
51,2026-07-28T02:41:43.630454+00:00,palm-up-down,10,2.755066
52,2026-07-28T02:41:43.684221+00:00,palm-up-down,10,2.808834
53,2026-07-28T02:41:43.739252+00:00,palm-up-down,10,2.863862
54,2026-07-28T02:41:43.794301+00:00,palm-up-down,10,2.918913
55,2026-07-28T02:41:43.849330+00:00,palm-up-down,10,2.973939
0,2026-07-28T02:41:47.178063+00:00,palm-up-down,11,1.1e-05
1,2026-07-28T02:41:47.228182+00:00,palm-up-down,11,0.05016
2,2026-07-28T02:41:47.283255+00:00,palm-up-down,11,0.105234
3,2026-07-28T02:41:47.334703+00:00,palm-up-down,11,0.156666
4,2026-07-28T02:41:47.389745+00:00,palm-up-down,11,0.211698
5,2026-07-28T02:41:47.443501+00:00,palm-up-down,11,0.265455
6,2026-07-28T02:41:47.495989+00:00,palm-up-down,11,0.317947
7,2026-07-28T02:41:47.551028+00:00,palm-up-down,11,0.372986
8,2026-07-28T02:41:47.602997+00:00,palm-up-down,11,0.424951
9,2026-07-28T02:41:47.658042+00:00,palm-up-down,11,0.479995
10,2026-07-28T02:41:47.713083+00:00,palm-up-down,11,0.535035
11,2026-07-28T02:41:47.767549+00:00,palm-up-down,11,0.589498
12,2026-07-28T02:41:47.822578+00:00,palm-up-down,11,0.644529
13,2026-07-28T02:41:47.876904+00:00,palm-up-down,11,0.698859
14,2026-07-28T02:41:47.931937+00:00,palm-up-down,11,0.75389
15,2026-07-28T02:41:47.986966+00:00,palm-up-down,11,0.808918
16,2026-07-28T02:41:48.042027+00:00,palm-up-down,11,0.863985
17,2026-07-28T02:41:48.097067+00:00,palm-up-down,11,0.919023
18,2026-07-28T02:41:48.150881+00:00,palm-up-down,11,0.972848
19,2026-07-28T02:41:48.205931+00:00,palm-up-down,11,1.027882
20,2026-07-28T02:41:48.260241+00:00,palm-up-down,11,1.082191
21,2026-07-28T02:41:48.314430+00:00,palm-up-down,11,1.136383
22,2026-07-28T02:41:48.369465+00:00,palm-up-down,11,1.191427
23,2026-07-28T02:41:48.424529+00:00,palm-up-down,11,1.246496
24,2026-07-28T02:41:48.477757+00:00,palm-up-down,11,1.299725
25,2026-07-28T02:41:48.532812+00:00,palm-up-down,11,1.354774
26,2026-07-28T02:41:48.584893+00:00,palm-up-down,11,1.406862
27,2026-07-28T02:41:48.639959+00:00,palm-up-down,11,1.461926
28,2026-07-28T02:41:48.695011+00:00,palm-up-down,11,1.516971
29,2026-07-28T02:41:48.750054+00:00,palm-up-down,11,1.572015
30,2026-07-28T02:41:48.804379+00:00,palm-up-down,11,1.626335
31,2026-07-28T02:41:48.859428+00:00,palm-up-down,11,1.681383
32,2026-07-28T02:41:48.914464+00:00,palm-up-down,11,1.736417
33,2026-07-28T02:41:48.969498+00:00,palm-up-down,11,1.791449
34,2026-07-28T02:41:49.024554+00:00,palm-up-down,11,1.846528
35,2026-07-28T02:41:49.078694+00:00,palm-up-down,11,1.900656
36,2026-07-28T02:41:49.129167+00:00,palm-up-down,11,1.951123
37,2026-07-28T02:41:49.184201+00:00,palm-up-down,11,2.006153
38,2026-07-28T02:41:49.234663+00:00,palm-up-down,11,2.056612
39,2026-07-28T02:41:49.289696+00:00,palm-up-down,11,2.111652
40,2026-07-28T02:41:49.344740+00:00,palm-up-down,11,2.166696
41,2026-07-28T02:41:49.397589+00:00,palm-up-down,11,2.21954
42,2026-07-28T02:41:49.452616+00:00,palm-up-down,11,2.274568
43,2026-07-28T02:41:49.507653+00:00,palm-up-down,11,2.329603
44,2026-07-28T02:41:49.559234+00:00,palm-up-down,11,2.381187
45,2026-07-28T02:41:49.613460+00:00,palm-up-down,11,2.435418
46,2026-07-28T02:41:49.667486+00:00,palm-up-down,11,2.489438
47,2026-07-28T02:41:49.721855+00:00,palm-up-down,11,2.543808
48,2026-07-28T02:41:49.776887+00:00,palm-up-down,11,2.598837
49,2026-07-28T02:41:49.829228+00:00,palm-up-down,11,2.651176
50,2026-07-28T02:41:49.884253+00:00,palm-up-down,11,2.706202
51,2026-07-28T02:41:49.939281+00:00,palm-up-down,11,2.761234
52,2026-07-28T02:41:49.994316+00:00,palm-up-down,11,2.816267
53,2026-07-28T02:41:50.049353+00:00,palm-up-down,11,2.87131
54,2026-07-28T02:41:50.101324+00:00,palm-up-down,11,2.923275
55,2026-07-28T02:41:50.154734+00:00,palm-up-down,11,2.976695
0,2026-07-28T02:41:53.484623+00:00,palm-up-down,12,1.1e-05
1,2026-07-28T02:41:53.535003+00:00,palm-up-down,12,0.050424
2,2026-07-28T02:41:53.590084+00:00,palm-up-down,12,0.105502
3,2026-07-28T02:41:53.643609+00:00,palm-up-down,12,0.159016
4,2026-07-28T02:41:53.698656+00:00,palm-up-down,12,0.214052
5,2026-07-28T02:41:53.753712+00:00,palm-up-down,12,0.26911
6,2026-07-28T02:41:53.808748+00:00,palm-up-down,12,0.324139
7,2026-07-28T02:41:53.860310+00:00,palm-up-down,12,0.375705
8,2026-07-28T02:41:53.915351+00:00,palm-up-down,12,0.430745
9,2026-07-28T02:41:53.970386+00:00,palm-up-down,12,0.485776
10,2026-07-28T02:41:54.021496+00:00,palm-up-down,12,0.536896
11,2026-07-28T02:41:54.076541+00:00,palm-up-down,12,0.591939
12,2026-07-28T02:41:54.131598+00:00,palm-up-down,12,0.646991
13,2026-07-28T02:41:54.186630+00:00,palm-up-down,12,0.702024
14,2026-07-28T02:41:54.241665+00:00,palm-up-down,12,0.75706
15,2026-07-28T02:41:54.293535+00:00,palm-up-down,12,0.808926
16,2026-07-28T02:41:54.346264+00:00,palm-up-down,12,0.861657
17,2026-07-28T02:41:54.400759+00:00,palm-up-down,12,0.91615
18,2026-07-28T02:41:54.455807+00:00,palm-up-down,12,0.971195
19,2026-07-28T02:41:54.510830+00:00,palm-up-down,12,1.026218
20,2026-07-28T02:41:54.565053+00:00,palm-up-down,12,1.080453
21,2026-07-28T02:41:54.620102+00:00,palm-up-down,12,1.135507
22,2026-07-28T02:41:54.675157+00:00,palm-up-down,12,1.190553
23,2026-07-28T02:41:54.730208+00:00,palm-up-down,12,1.245598
24,2026-07-28T02:41:54.784097+00:00,palm-up-down,12,1.29949
25,2026-07-28T02:41:54.834606+00:00,palm-up-down,12,1.349995
26,2026-07-28T02:41:54.889632+00:00,palm-up-down,12,1.405023
27,2026-07-28T02:41:54.944679+00:00,palm-up-down,12,1.460068
28,2026-07-28T02:41:54.999704+00:00,palm-up-down,12,1.515094
29,2026-07-28T02:41:55.054763+00:00,palm-up-down,12,1.57018
30,2026-07-28T02:41:55.109844+00:00,palm-up-down,12,1.625236
31,2026-07-28T02:41:55.164881+00:00,palm-up-down,12,1.680281
32,2026-07-28T02:41:55.219917+00:00,palm-up-down,12,1.735308
33,2026-07-28T02:41:55.274943+00:00,palm-up-down,12,1.790332
34,2026-07-28T02:41:55.329984+00:00,palm-up-down,12,1.845379
35,2026-07-28T02:41:55.384199+00:00,palm-up-down,12,1.89959
36,2026-07-28T02:41:55.434634+00:00,palm-up-down,12,1.950026
37,2026-07-28T02:41:55.489667+00:00,palm-up-down,12,2.005058
38,2026-07-28T02:41:55.544696+00:00,palm-up-down,12,2.060086
39,2026-07-28T02:41:55.596981+00:00,palm-up-down,12,2.112379
40,2026-07-28T02:41:55.650847+00:00,palm-up-down,12,2.166242
41,2026-07-28T02:41:55.704463+00:00,palm-up-down,12,2.219855
42,2026-07-28T02:41:55.759493+00:00,palm-up-down,12,2.274886
43,2026-07-28T02:41:55.814546+00:00,palm-up-down,12,2.329939
44,2026-07-28T02:41:55.869583+00:00,palm-up-down,12,2.384975
45,2026-07-28T02:41:55.924618+00:00,palm-up-down,12,2.44001
46,2026-07-28T02:41:55.979674+00:00,palm-up-down,12,2.495066
47,2026-07-28T02:41:56.034166+00:00,palm-up-down,12,2.549569
48,2026-07-28T02:41:56.089231+00:00,palm-up-down,12,2.604623
49,2026-07-28T02:41:56.144267+00:00,palm-up-down,12,2.659661
50,2026-07-28T02:41:56.199304+00:00,palm-up-down,12,2.714701
51,2026-07-28T02:41:56.251309+00:00,palm-up-down,12,2.7667
52,2026-07-28T02:41:56.304384+00:00,palm-up-down,12,2.819778
53,2026-07-28T02:41:56.355807+00:00,palm-up-down,12,2.871203
54,2026-07-28T02:41:56.410844+00:00,palm-up-down,12,2.926234
55,2026-07-28T02:41:56.461837+00:00,palm-up-down,12,2.977237
0,2026-07-28T02:41:59.798893+00:00,palm-up-down,13,1.1e-05
1,2026-07-28T02:41:59.852938+00:00,palm-up-down,13,0.054087
2,2026-07-28T02:41:59.908003+00:00,palm-up-down,13,0.109133
3,2026-07-28T02:41:59.960294+00:00,palm-up-down,13,0.161416
4,2026-07-28T02:42:00.015343+00:00,palm-up-down,13,0.216482
5,2026-07-28T02:42:00.069594+00:00,palm-up-down,13,0.27073
6,2026-07-28T02:42:00.124642+00:00,palm-up-down,13,0.325768
7,2026-07-28T02:42:00.179238+00:00,palm-up-down,13,0.380373
8,2026-07-28T02:42:00.234160+00:00,palm-up-down,13,0.435287
9,2026-07-28T02:42:00.289199+00:00,palm-up-down,13,0.49032
10,2026-07-28T02:42:00.344230+00:00,palm-up-down,13,0.545357
11,2026-07-28T02:42:00.399271+00:00,palm-up-down,13,0.600394
12,2026-07-28T02:42:00.454286+00:00,palm-up-down,13,0.655409
13,2026-07-28T02:42:00.509317+00:00,palm-up-down,13,0.71044
14,2026-07-28T02:42:00.564352+00:00,palm-up-down,13,0.765478
15,2026-07-28T02:42:00.618182+00:00,palm-up-down,13,0.819315
16,2026-07-28T02:42:00.670065+00:00,palm-up-down,13,0.871191
17,2026-07-28T02:42:00.725117+00:00,palm-up-down,13,0.926237
18,2026-07-28T02:42:00.779767+00:00,palm-up-down,13,0.980897
19,2026-07-28T02:42:00.834124+00:00,palm-up-down,13,1.035254
20,2026-07-28T02:42:00.886221+00:00,palm-up-down,13,1.087346
21,2026-07-28T02:42:00.941252+00:00,palm-up-down,13,1.142374
22,2026-07-28T02:42:00.994770+00:00,palm-up-down,13,1.195891
23,2026-07-28T02:42:01.049836+00:00,palm-up-down,13,1.250985
24,2026-07-28T02:42:01.104503+00:00,palm-up-down,13,1.305633
25,2026-07-28T02:42:01.159554+00:00,palm-up-down,13,1.360683
26,2026-07-28T02:42:01.214593+00:00,palm-up-down,13,1.415718
27,2026-07-28T02:42:01.267933+00:00,palm-up-down,13,1.469054
28,2026-07-28T02:42:01.322958+00:00,palm-up-down,13,1.524081
29,2026-07-28T02:42:01.377992+00:00,palm-up-down,13,1.579118
30,2026-07-28T02:42:01.430630+00:00,palm-up-down,13,1.631753
31,2026-07-28T02:42:01.481468+00:00,palm-up-down,13,1.682599
32,2026-07-28T02:42:01.536510+00:00,palm-up-down,13,1.737631
33,2026-07-28T02:42:01.591552+00:00,palm-up-down,13,1.79269
34,2026-07-28T02:42:01.646602+00:00,palm-up-down,13,1.847728
35,2026-07-28T02:42:01.701259+00:00,palm-up-down,13,1.90239
36,2026-07-28T02:42:01.756301+00:00,palm-up-down,13,1.957424
37,2026-07-28T02:42:01.810145+00:00,palm-up-down,13,2.01127
38,2026-07-28T02:42:01.865182+00:00,palm-up-down,13,2.066308
39,2026-07-28T02:42:01.917922+00:00,palm-up-down,13,2.119045
40,2026-07-28T02:42:01.972110+00:00,palm-up-down,13,2.173235
41,2026-07-28T02:42:02.027163+00:00,palm-up-down,13,2.228301
42,2026-07-28T02:42:02.079134+00:00,palm-up-down,13,2.280268
43,2026-07-28T02:42:02.134081+00:00,palm-up-down,13,2.335206
44,2026-07-28T02:42:02.184615+00:00,palm-up-down,13,2.385742
45,2026-07-28T02:42:02.239666+00:00,palm-up-down,13,2.440792
46,2026-07-28T02:42:02.294726+00:00,palm-up-down,13,2.495856
47,2026-07-28T02:42:02.348653+00:00,palm-up-down,13,2.549777
48,2026-07-28T02:42:02.402383+00:00,palm-up-down,13,2.603507
49,2026-07-28T02:42:02.457432+00:00,palm-up-down,13,2.658551
50,2026-07-28T02:42:02.512456+00:00,palm-up-down,13,2.713576
51,2026-07-28T02:42:02.564851+00:00,palm-up-down,13,2.765975
52,2026-07-28T02:42:02.619662+00:00,palm-up-down,13,2.820792
53,2026-07-28T02:42:02.674714+00:00,palm-up-down,13,2.875853
54,2026-07-28T02:42:02.729505+00:00,palm-up-down,13,2.930627
55,2026-07-28T02:42:02.784063+00:00,palm-up-down,13,2.985188
0,2026-07-28T02:42:06.114376+00:00,palm-up-down,14,1e-05
1,2026-07-28T02:42:06.169456+00:00,palm-up-down,14,0.055123
2,2026-07-28T02:42:06.224391+00:00,palm-up-down,14,0.110038
3,2026-07-28T02:42:06.276815+00:00,palm-up-down,14,0.16246
4,2026-07-28T02:42:06.330598+00:00,palm-up-down,14,0.216236
5,2026-07-28T02:42:06.385630+00:00,palm-up-down,14,0.271269
6,2026-07-28T02:42:06.440666+00:00,palm-up-down,14,0.326309
7,2026-07-28T02:42:06.495746+00:00,palm-up-down,14,0.381392
8,2026-07-28T02:42:06.550782+00:00,palm-up-down,14,0.436416
9,2026-07-28T02:42:06.605843+00:00,palm-up-down,14,0.491494
10,2026-07-28T02:42:06.658579+00:00,palm-up-down,14,0.544227
11,2026-07-28T02:42:06.713632+00:00,palm-up-down,14,0.599281
12,2026-07-28T02:42:06.767356+00:00,palm-up-down,14,0.653
13,2026-07-28T02:42:06.822397+00:00,palm-up-down,14,0.708039
14,2026-07-28T02:42:06.876730+00:00,palm-up-down,14,0.762367
15,2026-07-28T02:42:06.931770+00:00,palm-up-down,14,0.817414
16,2026-07-28T02:42:06.986805+00:00,palm-up-down,14,0.872444
17,2026-07-28T02:42:07.041863+00:00,palm-up-down,14,0.927511
18,2026-07-28T02:42:07.096908+00:00,palm-up-down,14,0.982551
19,2026-07-28T02:42:07.150801+00:00,palm-up-down,14,1.036441
20,2026-07-28T02:42:07.205835+00:00,palm-up-down,14,1.091472
21,2026-07-28T02:42:07.260130+00:00,palm-up-down,14,1.145769
22,2026-07-28T02:42:07.311153+00:00,palm-up-down,14,1.196795
23,2026-07-28T02:42:07.366200+00:00,palm-up-down,14,1.251837
24,2026-07-28T02:42:07.421228+00:00,palm-up-down,14,1.306864
25,2026-07-28T02:42:07.476257+00:00,palm-up-down,14,1.361896
26,2026-07-28T02:42:07.531291+00:00,palm-up-down,14,1.416936
27,2026-07-28T02:42:07.583979+00:00,palm-up-down,14,1.469617
28,2026-07-28T02:42:07.635024+00:00,palm-up-down,14,1.520662
29,2026-07-28T02:42:07.686189+00:00,palm-up-down,14,1.57183
30,2026-07-28T02:42:07.741218+00:00,palm-up-down,14,1.626855
31,2026-07-28T02:42:07.796248+00:00,palm-up-down,14,1.681884
32,2026-07-28T02:42:07.851273+00:00,palm-up-down,14,1.736913
33,2026-07-28T02:42:07.904509+00:00,palm-up-down,14,1.790147
34,2026-07-28T02:42:07.959542+00:00,palm-up-down,14,1.845178
35,2026-07-28T02:42:08.014571+00:00,palm-up-down,14,1.90021
36,2026-07-28T02:42:08.065325+00:00,palm-up-down,14,1.95098
37,2026-07-28T02:42:08.119542+00:00,palm-up-down,14,2.005181
38,2026-07-28T02:42:08.174581+00:00,palm-up-down,14,2.060223
39,2026-07-28T02:42:08.226792+00:00,palm-up-down,14,2.11243
40,2026-07-28T02:42:08.279881+00:00,palm-up-down,14,2.16552
41,2026-07-28T02:42:08.334096+00:00,palm-up-down,14,2.219733
42,2026-07-28T02:42:08.389124+00:00,palm-up-down,14,2.27476
43,2026-07-28T02:42:08.444154+00:00,palm-up-down,14,2.329796
44,2026-07-28T02:42:08.499205+00:00,palm-up-down,14,2.384843
45,2026-07-28T02:42:08.552857+00:00,palm-up-down,14,2.438496
46,2026-07-28T02:42:08.605053+00:00,palm-up-down,14,2.490699
47,2026-07-28T02:42:08.660095+00:00,palm-up-down,14,2.545742
48,2026-07-28T02:42:08.713864+00:00,palm-up-down,14,2.599509
49,2026-07-28T02:42:08.768905+00:00,palm-up-down,14,2.654546
50,2026-07-28T02:42:08.823939+00:00,palm-up-down,14,2.709574
51,2026-07-28T02:42:08.876774+00:00,palm-up-down,14,2.762411
52,2026-07-28T02:42:08.931801+00:00,palm-up-down,14,2.817441
53,2026-07-28T02:42:08.985406+00:00,palm-up-down,14,2.871042
54,2026-07-28T02:42:09.040443+00:00,palm-up-down,14,2.926088
55,2026-07-28T02:42:09.095484+00:00,palm-up-down,14,2.981122
