frame_index,confidence,num_points,points,range_profile,motion_score
0,0.8,10,"[{""x"": -0.15020370483398438, ""y"": 0.6446242332458496, ""z"": 0.0, ""velocity"": 0.0, ""snr"": 0.0}, {""x"": -0.16540288925170898, ""y"": 1.556396484375, ""z"": 0.0, ""velocity"": 0.0, ""snr"": 0.0}, {""x"": -0.14895200729370117, ""y"": 1.5681982040405273, ""z"": 0.0, ""velocity"": 0.0, ""snr"": 0.0}, {""x"": -0.1398324966430664, ""y"": 1.5685558319091797, ""z"": 0.0, ""velocity"": 0.0, ""snr"": 0.0}, {""x"": -0.0559687614440918, ""y"": 1.6021728515625, ""z"": 0.0, ""velocity"": 0.0, ""snr"": 0.0}, {""x"": 0.08046627044677734, ""y"": 0.7435083389282227, ""z"": 0.0, ""velocity"": 0.0, ""snr"": 0.0}, {""x"": 0.051140785217285156, ""y"": 0.7556676864624023, ""z"": 0.0, ""velocity"": 0.0, ""snr"": 0.0}, {""x"": 0.06008148193359375, ""y"": 0.7758736610412598, ""z"": 0.0, ""velocity"": 0.0, ""snr"": 0.0}, {""x"": 0.19633769989013672, ""y"": 0.6946921348571777, ""z"": 0.0, ""velocity"": 0.0, ""snr"": 0.0}, {""x"": 1.1726617813110352, ""y"": 1.7566680908203125, ""z"": 0.0, ""velocity"": 0.0, ""snr"": 0.0}]","[145185.0, 216029.0, 148656.0, 45409.0, 9556.0, 3017.0, 2062.0, 4236.0, 13291.0, 18724.0, 12992.0, 7907.0, 5742.0, 24894.0, 60599.0, 73071.0, 137308.0, 128274.0, 54055.0, 15357.0, 12160.0, 10249.0, 5351.0, 5780.0, 4525.0, 3744.0, 7316.0, 8259.0, 6642.0, 11072.0, 11002.0, 9474.0, 10954.0, 34851.0, 91777.0, 84309.0, 24172.0, 19078.0, 17369.0, 13266.0, 13008.0, 21863.0, 21181.0, 10640.0, 8249.0, 24372.0, 42580.0, 32363.0, 11045.0, 7711.0, 10887.0, 12591.0, 11109.0, 10538.0, 8378.0, 7182.0, 5735.0, 7149.0, 9833.0, 9984.0, 6816.0, 6109.0, 5795.0, 4586.0, 4875.0, 6807.0, 6305.0, 5917.0, 9514.0, 6476.0, 5228.0, 4488.0, 4466.0, 4803.0, 4514.0, 4149.0, 3792.0, 4022.0, 4233.0, 3647.0, 3273.0, 2814.0, 3418.0, 3260.0, 4588.0, 4788.0, 9469.0, 10508.0, 6798.0, 3829.0, 3549.0, 3731.0, 4240.0, 4352.0, 3513.0, 3532.0, 3330.0, 3322.0, 3400.0, 2691.0, 2522.0, 2667.0, 2655.0, 3145.0, 3489.0, 2833.0, 3423.0, 4584.0, 3475.0, 2471.0, 2627.0, 2468.0, 2743.0, 2866.0, 2736.0, 2475.0, 2225.0, 2685.0, 2160.0, 2049.0, 2062.0, 1993.0, 1888.0, 1717.0, 1577.0, 1818.0, 1698.0, 1577.0]",0.0
1,0.8,11,"[{""x"": -0.10675191879272461, ""y"": 0.6342530250549316, ""z"": 0.0, ""velocity"": 0.0, ""snr"": 0.0}, {""x"": -0.11622905731201172, ""y"": 0.6610751152038574, ""z"": 0.0, ""velocity"": 0.0, ""snr"": 0.0}, {""x"": -0.16987323760986328, ""y"": 1.5560388565063477, ""z"": 0.0, ""velocity"": 0.0, ""snr"": 0.0}, {""x"": -0.1646876335144043, ""y"": 1.5665888786315918, ""z"": 0.0, ""velocity"": 0.0, ""snr"": 0.0}, {""x"": -0.16003847122192383, ""y"": 1.5674829483032227, ""z"": 0.0, ""velocity"": 0.0, ""snr"": 0.0}, {""x"": -0.1156926155090332, ""y"": 1.5941262245178223, ""z"": 0.0, ""velocity"": 0.0, ""snr"": 0.0}, {""x"": -0.02378225326538086, ""y"": 0.7104277610778809, ""z"": 0.0, ""velocity"": 0.0, ""snr"": 0.0}, {""x"": 0.058650970458984375, ""y"": 0.7367134094238281, ""z"": 0.0, ""velocity"": 0.0, ""snr"": 0.0}, {""x"": 0.06812810897827148, ""y"": 0.7470846176147461, ""z"": 0.0, ""velocity"": 0.0, ""snr"": 0.0}, {""x"": 0.0718832015991211, ""y"": 0.7658600807189941, ""z"": 0.0, ""velocity"": 0.0, ""snr"": 0.0}, {""x"": 1.1440515518188477, ""y"": 1.7750859260559082, ""z"": 0.0, ""velocity"": 0.0, ""snr"": 0.0}]","[145295.0, 215912.0, 148169.0, 45374.0, 9287.0, 3205.0, 2325.0, 4577.0, 13130.0, 19182.0, 13338.0, 7880.0, 10930.0, 50490.0, 119736.0, 190505.0, 286587.0, 231472.0, 77576.0, 12094.0, 6323.0, 4159.0, 4632.0, 4613.0, 5524.0, 4671.0, 7070.0, 10325.0, 8699.0, 8551.0, 8289.0, 9654.0, 12455.0, 35337.0, 92963.0, 85883.0, 25466.0, 12236.0, 13695.0, 15298.0, 13635.0, 22866.0, 21972.0, 12652.0, 7562.0, 26139.0, 45509.0, 34325.0, 13152.0, 9858.0, 13735.0, 16671.0, 15577.0, 11984.0, 9949.0, 7665.0, 4921.0, 6477.0, 9729.0, 10860.0, 7507.0, 5901.0, 5319.0, 5282.0, 6443.0, 8196.0, 6765.0, 10763.0, 12590.0, 6149.0, 4712.0, 4988.0, 4454.0, 5966.0, 5069.0, 4490.0, 4733.0, 4794.0, 4595.0, 4589.0, 3769.0, 3192.0, 2618.0, 3895.0, 6796.0, 8887.0, 11172.0, 11831.0, 8118.0, 4413.0, 3313.0, 4014.0, 4208.0, 3721.0, 3657.0, 3334.0, 3224.0, 2984.0, 2622.0, 3106.0, 4064.0, 3994.0, 3120.0, 2770.0, 3078.0, 3373.0, 3873.0, 4886.0, 3773.0, 2506.0, 3008.0, 3541.0, 3084.0, 3350.0, 2952.0, 2825.0, 2796.0, 2783.0, 2404.0, 2193.0, 1874.0, 1992.0, 2192.0, 1822.0, 1773.0, 1803.0, 1544.0, 1729.0]",0.0
2,0.8,13,"[{""x"": -0.23800134658813477, ""y"": 0.5922317504882812, ""z"": 0.0, ""velocity"": 0.0, ""snr"": 0.0}, {""x"": -0.27555227279663086, ""y"": 0.5911588668823242, ""z"": 0.0, ""velocity"": 0.0, ""snr"": 0.0}, {""x"": -0.20778179168701172, ""y"": 1.547098159790039, ""z"": 0.0, ""velocity"": 0.0, ""snr"": 0.0}, {""x"": -0.21314620971679688, ""y"": 1.5558600425720215, ""z"": 0.0, ""velocity"": 0.0, ""snr"": 0.0}, {""x"": -0.23818016052246094, ""y"": 1.5537142753601074, ""z"": 0.0, ""velocity"": 0.0, ""snr"": 0.0}, {""x"": 0.07528066635131836, ""y"": 0.7377862930297852, ""z"": 0.0, ""velocity"": 0.0, ""snr"": 0.0}, {""x"": 0.06687641143798828, ""y"": 0.7442235946655273, ""z"": 0.0, ""velocity"": 0.0, ""snr"": 0.0}, {""x"": 0.09709596633911133, ""y"": 0.7790923118591309, ""z"": 0.0, ""velocity"": 0.0, ""snr"": 0.0}, {""x"": 0.08958578109741211, ""y"": 0.8288025856018066, ""z"": 0.0, ""velocity"": 0.0, ""snr"": 0.0}, {""x"": 0.14519691467285156, ""y"": 0.698089599609375, ""z"": 0.0, ""velocity"": 0.0, ""snr"": 0.0}, {""x"": 1.165330410003662, ""y"": 1.759171485900879, ""z"": 0.0, ""velocity"": 0.0, ""snr"": 0.0}, {""x"": 1.0167360305786133, ""y"": 1.2992620468139648, ""z"": 0.0, ""velocity"": 0.0, ""snr"": 0.0}, {""x"": 1.1515617370605469, ""y"": 1.2241601943969727, ""z"": 0.0, ""velocity"": 0.0, ""snr"": 0.0}]","[145318.0, 215844.0, 148435.0, 45504.0, 9473.0, 2930.0, 2112.0, 4073.0, 12732.0, 18425.0, 12891.0, 7670.0, 7328.0, 23738.0, 46811.0, 54900.0, 111523.0, 81589.0, 26609.0, 19520.0, 4006.0, 6321.0, 5911.0, 4419.0, 3751.0, 3508.0, 4483.0, 6526.0, 9438.0, 11472.0, 9620.0, 8421.0, 11664.0, 35280.0, 82194.0, 67758.0, 24259.0, 23177.0, 15468.0, 14936.0, 13790.0, 23245.0, 22532.0, 13150.0, 10285.0, 28404.0, 44801.0, 34415.0, 16746.0, 12301.0, 12900.0, 15338.0, 14954.0, 12293.0, 9851.0, 9689.0, 5949.0, 5127.0, 7400.0, 8915.0, 6918.0, 5452.0, 4271.0, 4302.0, 7038.0, 7963.0, 8321.0, 5701.0, 5015.0, 5322.0, 6580.0, 5253.0, 4648.0, 6019.0, 5842.0, 4642.0, 4189.0, 4925.0, 4596.0, 4236.0, 3588.0, 3106.0, 2976.0, 4694.0, 6918.0, 7655.0, 8918.0, 9548.0, 5622.0, 3722.0, 3257.0, 2935.0, 4877.0, 4817.0, 3321.0, 2964.0, 3401.0, 3766.0, 2994.0, 2570.0, 2675.0, 2952.0, 2551.0, 3093.0, 3078.0, 3087.0, 3980.0, 5060.0, 4127.0, 2830.0, 3336.0, 2819.0, 2789.0, 3175.0, 2930.0, 2575.0, 2766.0, 2718.0, 2277.0, 2086.0, 2002.0, 2110.0, 2006.0, 1722.0, 1804.0, 1730.0, 1608.0, 1545.0]",0.0
3,0.8,10,"[{""x"": -0.09673833847045898, ""y"": 0.6444454193115234, ""z"": 0.0, ""velocity"": 0.0, ""snr"": 0.0}, {""x"": -0.08779764175415039, ""y"": 0.6557106971740723, ""z"": 0.0, ""velocity"": 0.0, ""snr"": 0.0}, {""x"": -0.08726119995117188, ""y"": 0.6685853004455566, ""z"": 0.0, ""velocity"": 0.0, ""snr"": 0.0}, {""x"": -0.2002716064453125, ""y"": 1.5504956245422363, ""z"": 0.0, ""velocity"": 0.0, ""snr"": 0.0}, {""x"": -0.1925826072692871, ""y"": 1.5608668327331543, ""z"": 0.0, ""velocity"": 0.0, ""snr"": 0.0}, {""x"": -0.21350383758544922, ""y"": 1.5588998794555664, ""z"": 0.0, ""velocity"": 0.0, ""snr"": 0.0}, {""x"": -0.011801719665527344, ""y"": 0.7985830307006836, ""z"": 0.0, ""velocity"": 0.0, ""snr"": 0.0}, {""x"": 0.1303553581237793, ""y"": 0.9073019027709961, ""z"": 0.0, ""velocity"": 0.0, ""snr"": 0.0}, {""x"": 0.2027750015258789, ""y"": 0.7240176200866699, ""z"": 0.0, ""velocity"": 0.0, ""snr"": 0.0}, {""x"": 1.2527704238891602, ""y"": 1.6921162605285645, ""z"": 0.0, ""velocity"": 0.0, ""snr"": 0.0}]","[145519.0, 215887.0, 148371.0, 45498.0, 9177.0, 2940.0, 2134.0, 4306.0, 13200.0, 18747.0, 12979.0, 7349.0, 4487.0, 68159.0, 184785.0, 180309.0, 111463.0, 49746.0, 27940.0, 17667.0, 28554.0, 17564.0, 6408.0, 4342.0, 3602.0, 4693.0, 12354.0, 20710.0, 16865.0, 11614.0, 8951.0, 7664.0, 10969.0, 40685.0, 101121.0, 87114.0, 24689.0, 24189.0, 16696.0, 16163.0, 14095.0, 21910.0, 22806.0, 15632.0, 10793.0, 22193.0, 35442.0, 21816.0, 11630.0, 14403.0, 16730.0, 16218.0, 12164.0, 8519.0, 7275.0, 7097.0, 6269.0, 6299.0, 9390.0, 9562.0, 7143.0, 5950.0, 4789.0, 4729.0, 5925.0, 7280.0, 7913.0, 6372.0, 4879.0, 4254.0, 4319.0, 4809.0, 5316.0, 5725.0, 5342.0, 4134.0, 3495.0, 2956.0, 3447.0, 3522.0, 4060.0, 3917.0, 3030.0, 4766.0, 6577.0, 6170.0, 8839.0, 9475.0, 5539.0, 3266.0, 3398.0, 3389.0, 4661.0, 4054.0, 3731.0, 4257.0, 3828.0, 3052.0, 2751.0, 3120.0, 3251.0, 3434.0, 3187.0, 2919.0, 3047.0, 3278.0, 4036.0, 4773.0, 3989.0, 3941.0, 3234.0, 3007.0, 3126.0, 2912.0, 2944.0, 2684.0, 2739.0, 2809.0, 2028.0, 2040.0, 2168.0, 2150.0, 2258.0, 2025.0, 1818.0, 1627.0, 1655.0, 1694.0]",0.0
4,0.8,10,"[{""x"": -0.10889768600463867, ""y"": 0.6380081176757812, ""z"": 0.0, ""velocity"": 0.0, ""snr"": 0.0}, {""x"": -0.08994340896606445, ""y"": 0.6653666496276855, ""z"": 0.0, ""velocity"": 0.0, ""snr"": 0.0}, {""x"": -0.13679265975952148, ""y"": 1.5571117401123047, ""z"": 0.0, ""velocity"": 0.0, ""snr"": 0.0}, {""x"": -0.1380443572998047, ""y"": 1.5705227851867676, ""z"": 0.0, ""velocity"": 0.0, ""snr"": 0.0}, {""x"": -0.15091896057128906, ""y"": 1.576244831085205, ""z"": 0.0, ""velocity"": 0.0, ""snr"": 0.0}, {""x"": -0.12677907943725586, ""y"": 1.6046762466430664, ""z"": 0.0, ""velocity"": 0.0, ""snr"": 0.0}, {""x"": -0.01430511474609375, ""y"": 0.7052421569824219, ""z"": 0.0, ""velocity"": 0.0, ""snr"": 0.0}, {""x"": 0.05918741226196289, ""y"": 0.7347464561462402, ""z"": 0.0, ""velocity"": 0.0, ""snr"": 0.0}, {""x"": 0.07420778274536133, ""y"": 0.7499456405639648, ""z"": 0.0, ""velocity"": 0.0, ""snr"": 0.0}, {""x"": 0.07081031799316406, ""y"": 0.7683634757995605, ""z"": 0.0, ""velocity"": 0.0, ""snr"": 0.0}]","[144908.0, 215641.0, 148402.0, 45604.0, 9335.0, 2912.0, 1988.0, 4122.0, 13067.0, 18354.0, 11884.0, 7223.0, 11109.0, 72170.0, 186223.0, 287980.0, 373962.0, 321361.0, 123119.0, 18869.0, 6646.0, 4317.0, 5364.0, 5813.0, 4348.0, 3918.0, 6745.0, 12354.0, 12953.0, 8801.0, 8871.0, 8772.0, 10871.0, 45936.0, 119284.0, 117415.0, 52008.0, 25516.0, 13446.0, 15369.0, 13961.0, 20909.0, 21318.0, 12575.0, 9363.0, 26322.0, 37798.0, 22330.0, 13589.0, 13461.0, 15832.0, 14646.0, 11106.0, 8511.0, 9858.0, 9631.0, 7959.0, 7501.0, 9228.0, 9912.0, 8494.0, 6742.0, 5054.0, 5526.0, 5510.0, 7143.0, 6092.0, 6065.0, 9235.0, 7872.0, 5649.0, 4967.0, 4375.0, 5476.0, 6320.0, 4758.0, 4386.0, 4689.0, 3830.0, 4052.0, 4702.0, 4614.0, 3942.0, 4688.0, 6003.0, 7336.0, 10959.0, 11147.0, 5434.0, 3956.0, 3731.0, 4530.0, 5648.0, 5059.0, 3714.0, 3226.0, 3354.0, 3042.0, 2963.0, 2897.0, 3020.0, 3227.0, 2897.0, 3175.0, 4111.0, 4586.0, 4915.0, 4858.0, 3599.0, 4566.0, 3933.0, 2943.0, 2923.0, 2975.0, 2926.0, 2726.0, 2847.0, 2916.0, 2259.0, 2101.0, 2373.0, 2332.0, 2008.0, 1816.0, 1631.0, 1586.0, 1655.0, 1896.0]",0.0
5,0.8,11,"[{""x"": -0.042557716369628906, ""y"": 0.6437301635742188, ""z"": 0.0, ""velocity"": 0.0, ""snr"": 0.0}, {""x"": -0.0584721565246582, ""y"": 0.6544589996337891, ""z"": 0.0, ""velocity"": 0.0, ""snr"": 0.0}, {""x"": -0.06580352783203125, ""y"": 0.6811022758483887, ""z"": 0.0, ""velocity"": 0.0, ""snr"": 0.0}, {""x"": -0.12230873107910156, ""y"": 0.7218718528747559, ""z"": 0.0, ""velocity"": 0.0, ""snr"": 0.0}, {""x"": -0.1335740089416504, ""y"": 0.7494091987609863, ""z"": 0.0, ""velocity"": 0.0, ""snr"": 0.0}, {""x"": -0.09065866470336914, ""y"": 0.7812380790710449, ""z"": 0.0, ""velocity"": 0.0, ""snr"": 0.0}, {""x"": -0.10567903518676758, ""y"": 1.5599727630615234, ""z"": 0.0, ""velocity"": 0.0, ""snr"": 0.0}, {""x"": -0.13107061386108398, ""y"": 1.569807529449463, ""z"": 0.0, ""velocity"": 0.0, ""snr"": 0.0}, {""x"": -0.13017654418945312, ""y"": 1.571953296661377, ""z"": 0.0, ""velocity"": 0.0, ""snr"": 0.0}, {""x"": -0.08958578109741211, ""y"": 1.5955567359924316, ""z"": 0.0, ""velocity"": 0.0, ""snr"": 0.0}, {""x"": 0.27501583099365234, ""y"": 0.7966160774230957, ""z"": 0.0, ""velocity"": 0.0, ""snr"": 0.0}]","[145400.0, 215939.0, 148468.0, 45225.0, 9098.0, 2947.0, 1978.0, 4366.0, 12792.0, 17932.0, 11293.0, 7839.0, 9000.0, 53909.0, 127431.0, 113640.0, 116843.0, 112231.0, 56496.0, 27388.0, 14477.0, 6315.0, 3904.0, 3089.0, 3653.0, 4697.0, 6655.0, 10900.0, 19616.0, 25007.0, 19055.0, 11789.0, 9571.0, 56423.0, 145139.0, 135472.0, 44783.0, 15515.0, 14209.0, 16490.0, 14637.0, 21626.0, 20286.0, 12556.0, 14255.0, 30497.0, 40961.0, 28159.0, 15634.0, 17449.0, 20931.0, 19667.0, 15382.0, 11052.0, 9693.0, 8343.0, 5387.0, 6284.0, 8613.0, 9140.0, 7063.0, 7406.0, 6268.0, 4973.0, 5356.0, 6550.0, 8644.0, 5929.0, 5625.0, 7365.0, 4951.0, 3736.0, 3578.0, 5034.0, 5258.0, 4361.0, 3971.0, 4820.0, 5015.0, 5498.0, 4204.0, 3290.0, 3750.0, 5017.0, 4558.0, 6694.0, 10824.0, 10194.0, 5034.0, 4452.0, 3774.0, 3742.0, 3936.0, 4820.0, 3920.0, 4561.0, 4194.0, 3192.0, 2726.0, 2399.0, 2981.0, 2922.0, 2805.0, 2956.0, 4752.0, 5761.0, 6376.0, 6703.0, 5438.0, 4784.0, 4006.0, 3943.0, 3407.0, 3170.0, 3200.0, 3058.0, 2755.0, 2472.0, 2401.0, 2285.0, 2127.0, 2224.0, 2022.0, 1894.0, 1695.0, 1686.0, 1429.0, 1594.0]",3801.0046875
6,0.8,13,"[{""x"": -0.21761655807495117, ""y"": 0.6501674652099609, ""z"": 0.0, ""velocity"": 0.0, ""snr"": 0.0}, {""x"": -0.1684427261352539, ""y"": 0.6480216979980469, ""z"": 0.0, ""velocity"": 0.0, ""snr"": 0.0}, {""x"": -0.16629695892333984, ""y"": 0.6920099258422852, ""z"": 0.0, ""velocity"": 0.0, ""snr"": 0.0}, {""x"": -0.09191036224365234, ""y"": 0.6403326988220215, ""z"": 0.0, ""velocity"": 0.0, ""snr"": 0.0}, {""x"": -0.17398595809936523, ""y"": 1.5513896942138672, ""z"": 0.0, ""velocity"": 0.0, ""snr"": 0.0}, {""x"": -0.16289949417114258, ""y"": 1.5640854835510254, ""z"": 0.0, ""velocity"": 0.0, ""snr"": 0.0}, {""x"": -0.16540288925170898, ""y"": 1.5671253204345703, ""z"": 0.0, ""velocity"": 0.0, ""snr"": 0.0}, {""x"": 0.0007152557373046875, ""y"": 0.7583498954772949, ""z"": 0.0, ""velocity"": 0.0, ""snr"": 0.0}, {""x"": -0.0776052474975586, ""y"": 1.6055703163146973, ""z"": 0.0, ""velocity"": 0.0, ""snr"": 0.0}, {""x"": 0.06830692291259766, ""y"": 0.7780194282531738, ""z"": 0.0, ""velocity"": 0.0, ""snr"": 0.0}, {""x"": 0.1410841941833496, ""y"": 1.6763806343078613, ""z"": 0.0, ""velocity"": 0.0, ""snr"": 0.0}, {""x"": 1.1622905731201172, ""y"": 1.7641782760620117, ""z"": 0.0, ""velocity"": 0.0, ""snr"": 0.0}, {""x"": 1.196444034576416, ""y"": 1.7554163932800293, ""z"": 0.0, ""velocity"": 0.0, ""snr"": 0.0}]","[145068.0, 215616.0, 148363.0, 45308.0, 9608.0, 3047.0, 2009.0, 4459.0, 12929.0, 17320.0, 10672.0, 7654.0, 33567456.0, 100860929.0, 460805.0, 328963.0, 838860803.0, 3254782564.0, 0.0, 251658240.0, 33554432.0, 4278190080.0, 771751935.0, 2852126721.0, 0.0, 758725504.0, 3784409.0, 4096000.0, 255819776.0, 201326592.0, 2209768.0, 855638016.0, 1290206030.0, 33.0, 625816832.0, 1182454.0, 922746880.0, 3740742730.0, 18.0, 3226284032.0, 2234365.0, 1258291200.0, 1090305869.0, 34.0, 2034988544.0, 2247676.0, 2063597568.0, 3070021449.0, 34.0, 3376961280.0, 456191.0, 989855744.0, 738181965.0, 7.0, 2337100288.0, 483071.0, 1157627904.0, 2702613582.0, 106.0, 2437099776.0, 1132808.0, 905969664.0, 1041814855.0, 39.0, 4249632512.0, 2498329.0, 1073741824.0, 77390.0, 131072.0, 37141504.0, 55140864.0, 37955584.0, 11653376.0, 2317568.0, 1843712.0, 9990144.0, 18451968.0, 14129920.0, 5840896.0, 3300352.0, 2883840.0, 1762816.0, 1070592.0, 1449216.0, 1250816.0, 1734656.0, 4717568.0, 4459264.0, 4499712.0, 6187264.0, 7680512.0, 4152064.0, 1352704.0, 1164288.0, 1290752.0, 1135616.0, 1285632.0, 1402112.0, 1753856.0, 1597184.0, 1727744.0, 2778624.0, 16198912.0, 40773888.0, 38303744.0, 13085952.0, 2887936.0, 2613248.0, 3899392.0, 4567552.0, 8823552.0, 8619264.0, 4472576.0, 2247680.0, 7446784.0, 12307968.0, 9841408.0, 3975168.0, 2210304.0, 3506176.0, 3985408.0, 3078144.0, 2269696.0, 1946368.0, 1818112.0, 1147392.0, 1241600.0, 1313280.0]",432015924.1041562
7,0.8,13,"[{""x"": -0.5233883857727051, ""y"": 0.7451176643371582, ""z"": 0.0, ""velocity"": 0.0, ""snr"": 0.0}, {""x"": -1.1097192764282227, ""y"": 1.5340447425842285, ""z"": 0.0, ""velocity"": 0.0, ""snr"": 0.0}, {""x"": -1.1515617370605469, ""y"": 1.5184879302978516, ""z"": 0.0, ""velocity"": 0.0, ""snr"": 0.0}, {""x"": -0.3669261932373047, ""y"": 0.7064938545227051, ""z"": 0.0, ""velocity"": 0.0, ""snr"": 0.0}, {""x"": -0.3647804260253906, ""y"": 0.7370710372924805, ""z"": 0.0, ""velocity"": 0.0, ""snr"": 0.0}, {""x"": -0.42754411697387695, ""y"": 0.7506608963012695, ""z"": 0.0, ""velocity"": 0.0, ""snr"": 0.0}, {""x"": -0.031113624572753906, ""y"": 0.3216862678527832, ""z"": 0.0, ""velocity"": 0.0, ""snr"": 0.0}, {""x"": -0.11068582534790039, ""y"": 1.5590786933898926, ""z"": 0.0, ""velocity"": 0.0, ""snr"": 0.0}, {""x"": -0.15306472778320312, ""y"": 1.5676617622375488, ""z"": 0.0, ""velocity"": 0.0, ""snr"": 0.0}, {""x"": -0.16003847122192383, ""y"": 1.57088041305542, ""z"": 0.0, ""velocity"": 0.0, ""snr"": 0.0}, {""x"": -0.1353621482849121, ""y"": 1.5903711318969727, ""z"": 0.0, ""velocity"": 0.0, ""snr"": 0.0}, {""x"": 1.1762380599975586, ""y"": 1.7557740211486816, ""z"": 0.0, ""velocity"": 0.0, ""snr"": 0.0}, {""x"": 1.1295676231384277, ""y"": 1.801908016204834, ""z"": 0.0, ""velocity"": 0.0, ""snr"": 0.0}]","[145152.0, 215464.0, 147965.0, 45418.0, 9134.0, 6222.0, 31539.0, 56738.0, 35701.0, 15305.0, 13773.0, 9926.0, 5728.0, 5716.0, 5701.0, 4998.0, 16432.0, 32126.0, 35221.0, 30313.0, 28808.0, 23804.0, 11237.0, 5084.0, 4521.0, 4376.0, 4208.0, 5733.0, 6235.0, 6902.0, 5866.0, 6820.0, 11048.0, 64024.0, 160218.0, 151641.0, 54281.0, 13232.0, 11320.0, 14242.0, 18048.0, 35038.0, 33789.0, 17048.0, 7968.0, 28566.0, 48706.0, 39727.0, 16612.0, 8271.0, 12355.0, 14865.0, 11091.0, 7741.0, 6744.0, 6671.0, 5653.0, 4966.0, 6296.0, 6010.0, 5767.0, 5885.0, 5265.0, 6147.0, 9563.0, 9247.0, 5771.0, 5928.0, 6055.0, 5573.0, 4187.0, 4148.0, 4011.0, 3978.0, 3730.0, 3672.0, 3913.0, 5283.0, 5131.0, 3446.0, 3133.0, 2883.0, 3670.0, 3009.0, 3070.0, 4478.0, 7113.0, 8553.0, 5354.0, 3879.0, 3464.0, 3944.0, 3685.0, 3444.0, 3518.0, 3140.0, 2675.0, 2988.0, 3002.0, 2711.0, 2901.0, 2837.0, 2539.0, 3267.0, 4537.0, 6142.0, 7504.0, 6523.0, 8420.0, 9462.0, 3944.0, 4809.0, 5439.0, 3110.0, 3064.0, 3481.0, 3291.0, 2742.0, 2139.0, 2309.0, 2217.0, 2087.0, 1919.0, 1853.0, 1704.0, 1744.0, 1702.0, 1718.0]",8645676.320756875
8,0.8,10,"[{""x"": -0.5249977111816406, ""y"": 0.7476210594177246, ""z"": 0.0, ""velocity"": 0.0, ""snr"": 0.0}, {""x"": -0.5553960800170898, ""y"": 0.7583498954772949, ""z"": 0.0, ""velocity"": 0.0, ""snr"": 0.0}, {""x"": -1.1014938354492188, ""y"": 1.5385150909423828, ""z"": 0.0, ""velocity"": 0.0, ""snr"": 0.0}, {""x"": -1.149594783782959, ""y"": 1.51902437210083, ""z"": 0.0, ""velocity"": 0.0, ""snr"": 0.0}, {""x"": -0.11748075485229492, ""y"": 1.560509204864502, ""z"": 0.0, ""velocity"": 0.0, ""snr"": 0.0}, {""x"": -0.15610456466674805, ""y"": 1.5681982040405273, ""z"": 0.0, ""velocity"": 0.0, ""snr"": 0.0}, {""x"": -0.1609325408935547, ""y"": 1.5714168548583984, ""z"": 0.0, ""velocity"": 0.0, ""snr"": 0.0}, {""x"": -0.12177228927612305, ""y"": 1.5923380851745605, ""z"": 0.0, ""velocity"": 0.0, ""snr"": 0.0}, {""x"": 1.1753439903259277, ""y"": 1.7745494842529297, ""z"": 0.0, ""velocity"": 0.0, ""snr"": 0.0}, {""x"": 1.1919736862182617, ""y"": 1.7455816268920898, ""z"": 0.0, ""velocity"": 0.0, ""snr"": 0.0}]","[144915.0, 215228.0, 147934.0, 45380.0, 9364.0, 4083.0, 12098.0, 16816.0, 15262.0, 12558.0, 6381.0, 6905.0, 9781.0, 7183.0, 6062.0, 5296.0, 12762.0, 20518.0, 23001.0, 27773.0, 28971.0, 23578.0, 11842.0, 4734.0, 5363.0, 4989.0, 4818.0, 6120.0, 6066.0, 6999.0, 5964.0, 6949.0, 11501.0, 61763.0, 159313.0, 152531.0, 55850.0, 14919.0, 12444.0, 14079.0, 19477.0, 35780.0, 34193.0, 17305.0, 9731.0, 28908.0, 47954.0, 39599.0, 17634.0, 9725.0, 12929.0, 14562.0, 10823.0, 7451.0, 6537.0, 6479.0, 6641.0, 6293.0, 6153.0, 6010.0, 5675.0, 5944.0, 5770.0, 6053.0, 9603.0, 9358.0, 7149.0, 5499.0, 5635.0, 5534.0, 3966.0, 3920.0, 3848.0, 4271.0, 3702.0, 3545.0, 3110.0, 4356.0, 4630.0, 4415.0, 3611.0, 2938.0, 3341.0, 3386.0, 3454.0, 5052.0, 7576.0, 9729.0, 6587.0, 3345.0, 3422.0, 3460.0, 4032.0, 4767.0, 3985.0, 3238.0, 2564.0, 2838.0, 2798.0, 2755.0, 2608.0, 2717.0, 2482.0, 3363.0, 4099.0, 5803.0, 7341.0, 6885.0, 8181.0, 8868.0, 3872.0, 4999.0, 5553.0, 3821.0, 3455.0, 3694.0, 3397.0, 3016.0, 2269.0, 2464.0, 2316.0, 1966.0, 1722.0, 1775.0, 1814.0, 1583.0, 1592.0, 1585.0]",8472236.695370112
9,0.8,11,"[{""x"": -1.085221767425537, ""y"": 1.5487074851989746, ""z"": 0.0, ""velocity"": 0.0, ""snr"": 0.0}, {""x"": -1.1487007141113281, ""y"": 1.5197396278381348, ""z"": 0.0, ""velocity"": 0.0, ""snr"": 0.0}, {""x"": -0.11551380157470703, ""y"": 1.5599727630615234, ""z"": 0.0, ""velocity"": 0.0, ""snr"": 0.0}, {""x"": -0.1621842384338379, ""y"": 1.5669465065002441, ""z"": 0.0, ""velocity"": 0.0, ""snr"": 0.0}, {""x"": -0.16683340072631836, ""y"": 1.569986343383789, ""z"": 0.0, ""velocity"": 0.0, ""snr"": 0.0}, {""x"": -0.1468062400817871, ""y"": 1.5894770622253418, ""z"": 0.0, ""velocity"": 0.0, ""snr"": 0.0}, {""x"": 0.21904706954956055, ""y"": 0.8604526519775391, ""z"": 0.0, ""velocity"": 0.0, ""snr"": 0.0}, {""x"": 0.20438432693481445, ""y"": 0.8849501609802246, ""z"": 0.0, ""velocity"": 0.0, ""snr"": 0.0}, {""x"": 1.0845065116882324, ""y"": 1.7906427383422852, ""z"": 0.0, ""velocity"": 0.0, ""snr"": 0.0}, {""x"": 1.1978745460510254, ""y"": 1.7396807670593262, ""z"": 0.0, ""velocity"": 0.0, ""snr"": 0.0}, {""x"": 1.2490153312683105, ""y"": 1.7203688621520996, ""z"": 0.0, ""velocity"": 0.0, ""snr"": 0.0}]","[145292.0, 215577.0, 148100.0, 45274.0, 9137.0, 4192.0, 15995.0, 25465.0, 20045.0, 16618.0, 10702.0, 9964.0, 9766.0, 7849.0, 6347.0, 4461.0, 10434.0, 14078.0, 20568.0, 31527.0, 36485.0, 23607.0, 10337.0, 5878.0, 7065.0, 5156.0, 5447.0, 6289.0, 6543.0, 7757.0, 7287.0, 7304.0, 10859.0, 64116.0, 161407.0, 153117.0, 54220.0, 14625.0, 13994.0, 16055.0, 21322.0, 36396.0, 34554.0, 17781.0, 11339.0, 32372.0, 50612.0, 40511.0, 16391.0, 9224.0, 12497.0, 13333.0, 9491.0, 7101.0, 6189.0, 6062.0, 5983.0, 6153.0, 6347.0, 6534.0, 5975.0, 5893.0, 4308.0, 5720.0, 9049.0, 8930.0, 8324.0, 5494.0, 5839.0, 5432.0, 4448.0, 3934.0, 3965.0, 4242.0, 3711.0, 3061.0, 3346.0, 3887.0, 3968.0, 3826.0, 3527.0, 2934.0, 3159.0, 2981.0, 2856.0, 4493.0, 7255.0, 9405.0, 6277.0, 2953.0, 2992.0, 3369.0, 4632.0, 5659.0, 5017.0, 4297.0, 3322.0, 3139.0, 2682.0, 2569.0, 2793.0, 3091.0, 2597.0, 3160.0, 4982.0, 6568.0, 7870.0, 6967.0, 7862.0, 8878.0, 4019.0, 5105.0, 5357.0, 3169.0, 3581.0, 3943.0, 3563.0, 2845.0, 2075.0, 2025.0, 2115.0, 2084.0, 2239.0, 1993.0, 1715.0, 1721.0, 1708.0, 1459.0]",8302788.828288576
10,0.8,14,"[{""x"": -1.1229515075683594, ""y"": 1.5385150909423828, ""z"": 0.0, ""velocity"": 0.0, ""snr"": 0.0}, {""x"": -0.4202127456665039, ""y"": 0.761568546295166, ""z"": 0.0, ""velocity"": 0.0, ""snr"": 0.0}, {""x"": -1.0567903518676758, ""y"": 1.5651583671569824, ""z"": 0.0, ""velocity"": 0.0, ""snr"": 0.0}, {""x"": -0.2771615982055664, ""y"": 0.7821321487426758, ""z"": 0.0, ""velocity"": 0.0, ""snr"": 0.0}, {""x"": -0.24443864822387695, ""y"": 0.7653236389160156, ""z"": 0.0, ""velocity"": 0.0, ""snr"": 0.0}, {""x"": -0.11748075485229492, ""y"": 1.5592575073242188, ""z"": 0.0, ""velocity"": 0.0, ""snr"": 0.0}, {""x"": -0.15360116958618164, ""y"": 1.5676617622375488, ""z"": 0.0, ""velocity"": 0.0, ""snr"": 0.0}, {""x"": -0.15753507614135742, ""y"": 1.5714168548583984, ""z"": 0.0, ""velocity"": 0.0, ""snr"": 0.0}, {""x"": -0.13589859008789062, ""y"": 1.5916228294372559, ""z"": 0.0, ""velocity"": 0.0, ""snr"": 0.0}, {""x"": 0.10406970977783203, ""y"": 0.9300112724304199, ""z"": 0.0, ""velocity"": 0.0, ""snr"": 0.0}, {""x"": 0.18650293350219727, ""y"": 0.8956789970397949, ""z"": 0.0, ""velocity"": 0.0, ""snr"": 0.0}, {""x"": 1.0862946510314941, ""y"": 1.7877817153930664, ""z"": 0.0, ""velocity"": 0.0, ""snr"": 0.0}, {""x"": 1.2018084526062012, ""y"": 1.7348527908325195, ""z"": 0.0, ""velocity"": 0.0, ""snr"": 0.0}, {""x"": 1.2606382369995117, ""y"": 1.7101764678955078, ""z"": 0.0, ""velocity"": 0.0, ""snr"": 0.0}]","[145176.0, 215434.0, 148174.0, 45443.0, 9394.0, 5839.0, 24607.0, 43262.0, 32430.0, 11508.0, 10547.0, 6497.0, 5296.0, 5120.0, 4961.0, 4687.0, 10308.0, 22140.0, 30587.0, 29209.0, 35264.0, 27846.0, 12524.0, 4562.0, 4165.0, 3451.0, 3663.0, 4638.0, 6502.0, 7517.0, 6401.0, 6891.0, 9962.0, 67442.0, 168884.0, 159805.0, 58114.0, 17261.0, 12584.0, 15373.0, 20325.0, 35897.0, 33746.0, 17005.0, 12859.0, 35224.0, 53207.0, 40981.0, 16135.0, 8068.0, 11094.0, 11945.0, 9163.0, 7822.0, 6627.0, 5772.0, 5893.0, 6937.0, 5988.0, 7106.0, 6568.0, 6371.0, 6412.0, 5877.0, 8859.0, 8486.0, 7774.0, 4879.0, 5942.0, 5164.0, 4048.0, 3701.0, 3708.0, 5003.0, 4703.0, 3372.0, 3607.0, 3993.0, 4131.0, 3692.0, 3451.0, 3758.0, 3906.0, 3502.0, 2960.0, 4119.0, 6853.0, 8852.0, 5546.0, 3238.0, 3109.0, 3571.0, 4633.0, 5639.0, 4184.0, 3698.0, 3849.0, 3612.0, 2732.0, 2611.0, 2498.0, 2922.0, 3061.0, 3159.0, 4905.0, 6769.0, 7724.0, 6408.0, 8555.0, 8830.0, 3836.0, 5345.0, 5644.0, 3230.0, 3091.0, 3481.0, 3363.0, 2778.0, 2215.0, 2197.0, 2270.0, 2109.0, 2103.0, 2052.0, 1780.0, 1703.0, 1555.0, 1438.0]",8136968.992981141
11,0.8,14,"[{""x"": -1.082003116607666, ""y"": 1.5690922737121582, ""z"": 0.0, ""velocity"": 0.0, ""snr"": 0.0}, {""x"": -0.41806697845458984, ""y"": 0.7596015930175781, ""z"": 0.0, ""velocity"": 0.0, ""snr"": 0.0}, {""x"": -1.0326504707336426, ""y"": 1.5821456909179688, ""z"": 0.0, ""velocity"": 0.0, ""snr"": 0.0}, {""x"": -0.2707242965698242, ""y"": 0.7481575012207031, ""z"": 0.0, ""velocity"": 0.0, ""snr"": 0.0}, {""x"": -0.2739429473876953, ""y"": 0.7756948471069336, ""z"": 0.0, ""velocity"": 0.0, ""snr"": 0.0}, {""x"": -0.12731552124023438, ""y"": 1.557469367980957, ""z"": 0.0, ""velocity"": 0.0, ""snr"": 0.0}, {""x"": -0.15431642532348633, ""y"": 1.5671253204345703, ""z"": 0.0, ""velocity"": 0.0, ""snr"": 0.0}, {""x"": -0.1634359359741211, ""y"": 1.5703439712524414, ""z"": 0.0, ""velocity"": 0.0, ""snr"": 0.0}, {""x"": -0.12874603271484375, ""y"": 1.592874526977539, ""z"": 0.0, ""velocity"": 0.0, ""snr"": 0.0}, {""x"": 0.17201900482177734, ""y"": 0.9135603904724121, ""z"": 0.0, ""velocity"": 0.0, ""snr"": 0.0}, {""x"": 0.11658668518066406, ""y"": 0.9402036666870117, ""z"": 0.0, ""velocity"": 0.0, ""snr"": 0.0}, {""x"": 1.1031031608581543, ""y"": 1.7777681350708008, ""z"": 0.0, ""velocity"": 0.0, ""snr"": 0.0}, {""x"": 1.1835694313049316, ""y"": 1.7454028129577637, ""z"": 0.0, ""velocity"": 0.0, ""snr"": 0.0}, {""x"": 1.1730194091796875, ""y"": 1.771688461303711, ""z"": 0.0, ""velocity"": 0.0, ""snr"": 0.0}]","[145190.0, 215598.0, 148130.0, 45359.0, 9498.0, 5678.0, 23483.0, 43267.0, 36498.0, 16128.0, 7332.0, 9247.0, 5994.0, 4375.0, 5020.0, 5984.0, 14880.0, 27491.0, 30912.0, 27178.0, 25221.0, 26347.0, 13875.0, 4371.0, 6550.0, 6543.0, 4454.0, 5125.0, 7341.0, 7781.0, 6086.0, 6564.0, 10375.0, 67655.0, 167743.0, 157477.0, 56674.0, 15965.0, 12267.0, 13466.0, 19925.0, 35424.0, 33304.0, 18328.0, 12434.0, 33797.0, 51218.0, 38756.0, 15976.0, 9296.0, 11773.0, 11694.0, 8800.0, 7827.0, 7348.0, 6172.0, 5636.0, 6215.0, 6038.0, 6342.0, 5739.0, 6253.0, 5362.0, 5634.0, 9149.0, 8980.0, 7802.0, 5236.0, 5778.0, 4938.0, 3805.0, 3864.0, 3772.0, 4893.0, 4541.0, 3443.0, 3638.0, 4277.0, 4293.0, 3768.0, 3454.0, 3693.0, 3709.0, 2969.0, 3519.0, 4541.0, 7167.0, 8762.0, 5544.0, 3240.0, 2934.0, 3309.0, 5008.0, 5370.0, 3965.0, 4044.0, 4302.0, 3777.0, 3284.0, 3100.0, 3173.0, 3054.0, 3031.0, 3451.0, 4968.0, 6465.0, 7604.0, 6835.0, 8405.0, 9222.0, 3632.0, 5202.0, 5303.0, 2983.0, 3431.0, 3938.0, 3623.0, 2931.0, 2162.0, 2424.0, 2258.0, 2076.0, 2058.0, 1859.0, 1762.0, 1666.0, 1851.0, 1724.0]",7974292.308312588
12,0.8,12,"[{""x"": -1.072525978088379, ""y"": 1.576066017150879, ""z"": 0.0, ""velocity"": 0.0, ""snr"": 0.0}, {""x"": -0.4375576972961426, ""y"": 0.7519125938415527, ""z"": 0.0, ""velocity"": 0.0, ""snr"": 0.0}, {""x"": -1.0287165641784668, ""y"": 1.5864372253417969, ""z"": 0.0, ""velocity"": 0.0, ""snr"": 0.0}, {""x"": -0.31435489654541016, ""y"": 0.7377862930297852, ""z"": 0.0, ""velocity"": 0.0, ""snr"": 0.0}, {""x"": -0.2803802490234375, ""y"": 0.7742643356323242, ""z"": 0.0, ""velocity"": 0.0, ""snr"": 0.0}, {""x"": -0.11551380157470703, ""y"": 1.559615135192871, ""z"": 0.0, ""velocity"": 0.0, ""snr"": 0.0}, {""x"": -0.1512765884399414, ""y"": 1.5676617622375488, ""z"": 0.0, ""velocity"": 0.0, ""snr"": 0.0}, {""x"": -0.1582503318786621, ""y"": 1.5705227851867676, ""z"": 0.0, ""velocity"": 0.0, ""snr"": 0.0}, {""x"": -0.13178586959838867, ""y"": 1.5912652015686035, ""z"": 0.0, ""velocity"": 0.0, ""snr"": 0.0}, {""x"": 1.100599765777588, ""y"": 1.783311367034912, ""z"": 0.0, ""velocity"": 0.0, ""snr"": 0.0}, {""x"": 1.1587142944335938, ""y"": 1.783132553100586, ""z"": 0.0, ""velocity"": 0.0, ""snr"": 0.0}, {""x"": 1.1889338493347168, ""y"": 1.7450451850891113, ""z"": 0.0, ""velocity"": 0.0, ""snr"": 0.0}]","[145515.0, 215563.0, 148240.0, 45260.0, 9301.0, 4831.0, 16861.0, 32199.0, 22466.0, 11235.0, 7462.0, 9971.0, 7763.0, 6387.0, 5033.0, 4249.0, 10499.0, 22534.0, 27464.0, 22999.0, 26068.0, 30033.0, 13706.0, 5000.0, 4958.0, 4653.0, 4912.0, 5713.0, 6576.0, 7883.0, 6927.0, 9154.0, 10980.0, 65398.0, 165006.0, 154248.0, 54318.0, 13755.0, 12248.0, 12604.0, 18816.0, 35454.0, 34094.0, 18496.0, 10336.0, 31357.0, 50431.0, 39406.0, 17229.0, 9635.0, 10834.0, 10829.0, 6867.0, 7222.0, 6635.0, 6330.0, 7363.0, 7216.0, 6743.0, 5881.0, 4896.0, 6148.0, 5710.0, 5965.0, 9844.0, 9490.0, 7006.0, 4890.0, 4985.0, 4629.0, 3591.0, 4294.0, 4032.0, 4594.0, 4422.0, 3398.0, 3847.0, 5664.0, 6181.0, 4549.0, 3671.0, 3610.0, 3661.0, 2855.0, 4368.0, 5546.0, 7760.0, 9173.0, 5656.0, 3616.0, 3497.0, 3238.0, 4013.0, 5306.0, 4210.0, 3618.0, 3469.0, 3304.0, 3070.0, 2944.0, 3004.0, 2886.0, 2820.0, 3335.0, 4363.0, 6107.0, 7502.0, 7224.0, 7911.0, 8820.0, 3411.0, 4759.0, 4762.0, 3007.0, 3069.0, 3474.0, 3356.0, 2714.0, 2439.0, 1837.0, 2095.0, 2023.0, 2079.0, 1875.0, 1893.0, 1919.0, 1665.0, 1771.0]",7814738.7071964545
13,0.8,14,"[{""x"": -1.1199116706848145, ""y"": 1.5403032302856445, ""z"": 0.0, ""velocity"": 0.0, ""snr"": 0.0}, {""x"": -1.0503530502319336, ""y"": 1.5690922737121582, ""z"": 0.0, ""velocity"": 0.0, ""snr"": 0.0}, {""x"": -0.18793344497680664, ""y"": 0.9201765060424805, ""z"": 0.0, ""velocity"": 0.0, ""snr"": 0.0}, {""x"": -0.20116567611694336, ""y"": 0.9267926216125488, ""z"": 0.0, ""velocity"": 0.0, ""snr"": 0.0}, {""x"": -0.03218650817871094, ""y"": 0.31632184982299805, ""z"": 0.0, ""velocity"": 0.0, ""snr"": 0.0}, {""x"": -0.02950429916381836, ""y"": 0.32973289489746094, ""z"": 0.0, ""velocity"": 0.0, ""snr"": 0.0}, {""x"": -0.03451108932495117, ""y"": 0.34117698669433594, ""z"": 0.0, ""velocity"": 0.0, ""snr"": 0.0}, {""x"": -0.11086463928222656, ""y"": 1.561582088470459, ""z"": 0.0, ""velocity"": 0.0, ""snr"": 0.0}, {""x"": -0.15270709991455078, ""y"": 1.567840576171875, ""z"": 0.0, ""velocity"": 0.0, ""snr"": 0.0}, {""x"": -0.16361474990844727, ""y"": 1.5705227851867676, ""z"": 0.0, ""velocity"": 0.0, ""snr"": 0.0}, {""x"": -0.1398324966430664, ""y"": 1.589655876159668, ""z"": 0.0, ""velocity"": 0.0, ""snr"": 0.0}, {""x"": 1.0973811149597168, ""y"": 1.7847418785095215, ""z"": 0.0, ""velocity"": 0.0, ""snr"": 0.0}, {""x"": 1.1785626411437988, ""y"": 1.7513036727905273, ""z"": 0.0, ""velocity"": 0.0, ""snr"": 0.0}, {""x"": 1.1619329452514648, ""y"": 1.781165599822998, ""z"": 0.0, ""velocity"": 0.0, ""snr"": 0.0}]","[144905.0, 215240.0, 148224.0, 45339.0, 9187.0, 6183.0, 29406.0, 55443.0, 46798.0, 20016.0, 8875.0, 4702.0, 4194.0, 5064.0, 4521.0, 4687.0, 9288.0, 15036.0, 12295.0, 22119.0, 25607.0, 31724.0, 14115.0, 4735.0, 4856.0, 3963.0, 5073.0, 6077.0, 6119.0, 6248.0, 7134.0, 7947.0, 9845.0, 64835.0, 165041.0, 155227.0, 56107.0, 13557.0, 11706.0, 13075.0, 20472.0, 36318.0, 34066.0, 16819.0, 11185.0, 32065.0, 51167.0, 40038.0, 17581.0, 10485.0, 12508.0, 12033.0, 8656.0, 7145.0, 6826.0, 6074.0, 5474.0, 7048.0, 8155.0, 6924.0, 5071.0, 6605.0, 5775.0, 5578.0, 9451.0, 9579.0, 7587.0, 4956.0, 5110.0, 3979.0, 3037.0, 3766.0, 4231.0, 3741.0, 4018.0, 3201.0, 3272.0, 3881.0, 4689.0, 3843.0, 3840.0, 3247.0, 3450.0, 3287.0, 3332.0, 4936.0, 7710.0, 9550.0, 5213.0, 3431.0, 3721.0, 3298.0, 3334.0, 4185.0, 3874.0, 3166.0, 3134.0, 2736.0, 2604.0, 2914.0, 2948.0, 2673.0, 2508.0, 3025.0, 4461.0, 6093.0, 7344.0, 6995.0, 8529.0, 9307.0, 4021.0, 5090.0, 5121.0, 2876.0, 3270.0, 3258.0, 2947.0, 2543.0, 2162.0, 2028.0, 2042.0, 1998.0, 2203.0, 1781.0, 1900.0, 1708.0, 1597.0, 1515.0]",7659124.691375541
14,0.8,15,"[{""x"": -1.1261701583862305, ""y"": 1.5361905097961426, ""z"": 0.0, ""velocity"": 0.0, ""snr"": 0.0}, {""x"": -1.0401606559753418, ""y"": 1.5749931335449219, ""z"": 0.0, ""velocity"": 0.0, ""snr"": 0.0}, {""x"": -0.020563602447509766, ""y"": 0.3159642219543457, ""z"": 0.0, ""velocity"": 0.0, ""snr"": 0.0}, {""x"": -0.030755996704101562, ""y"": 0.3254413604736328, ""z"": 0.0, ""velocity"": 0.0, ""snr"": 0.0}, {""x"": -0.04667043685913086, ""y"": 0.33348798751831055, ""z"": 0.0, ""velocity"": 0.0, ""snr"": 0.0}, {""x"": -0.11354684829711914, ""y"": 0.9409189224243164, ""z"": 0.0, ""velocity"": 0.0, ""snr"": 0.0}, {""x"": -0.11855363845825195, ""y"": 1.559436321258545, ""z"": 0.0, ""velocity"": 0.0, ""snr"": 0.0}, {""x"": -0.15467405319213867, ""y"": 1.5671253204345703, ""z"": 0.0, ""velocity"": 0.0, ""snr"": 0.0}, {""x"": -0.16736984252929688, ""y"": 1.5696287155151367, ""z"": 0.0, ""velocity"": 0.0, ""snr"": 0.0}, {""x"": -0.14448165893554688, ""y"": 1.588761806488037, ""z"": 0.0, ""velocity"": 0.0, ""snr"": 0.0}, {""x"": 0.3209710121154785, ""y"": 0.8305907249450684, ""z"": 0.0, ""velocity"": 0.0, ""snr"": 0.0}, {""x"": 0.3781914710998535, ""y"": 0.8193254470825195, ""z"": 0.0, ""velocity"": 0.0, ""snr"": 0.0}, {""x"": 1.1368989944458008, ""y"": 1.7577409744262695, ""z"": 0.0, ""velocity"": 0.0, ""snr"": 0.0}, {""x"": 1.1658668518066406, ""y"": 1.7595291137695312, ""z"": 0.0, ""velocity"": 0.0, ""snr"": 0.0}, {""x"": 1.1315345764160156, ""y"": 1.8010139465332031, ""z"": 0.0, ""velocity"": 0.0, ""snr"": 0.0}]","[145105.0, 215211.0, 148160.0, 45208.0, 9302.0, 6793.0, 33191.0, 58435.0, 44152.0, 16388.0, 6262.0, 4659.0, 4497.0, 4504.0, 4149.0, 3291.0, 6825.0, 16081.0, 16573.0, 31985.0, 34310.0, 29614.0, 12722.0, 3119.0, 4723.0, 3502.0, 5518.0, 6667.0, 6815.0, 6726.0, 5242.0, 6679.0, 9760.0, 65585.0, 164202.0, 153353.0, 54503.0, 12260.0, 12252.0, 14119.0, 20978.0, 36063.0, 33520.0, 16625.0, 12025.0, 32761.0, 51488.0, 40580.0, 17927.0, 10269.0, 12117.0, 13602.0, 10345.0, 8206.0, 6398.0, 5572.0, 5295.0, 6415.0, 7287.0, 7267.0, 5849.0, 6672.0, 5929.0, 5593.0, 8948.0, 9525.0, 7619.0, 5199.0, 4897.0, 4515.0, 3103.0, 3688.0, 4185.0, 4502.0, 4069.0, 3960.0, 3913.0, 3914.0, 4746.0, 4818.0, 4059.0, 3171.0, 3228.0, 3386.0, 3098.0, 4583.0, 8049.0, 9434.0, 5696.0, 3737.0, 3834.0, 3177.0, 2938.0, 3763.0, 3663.0, 3101.0, 2576.0, 2380.0, 3009.0, 2948.0, 3102.0, 2717.0, 2421.0, 3074.0, 4149.0, 6082.0, 7483.0, 7197.0, 8878.0, 9427.0, 4145.0, 4763.0, 5325.0, 3056.0, 3361.0, 3497.0, 2932.0, 2534.0, 2197.0, 2187.0, 2023.0, 1965.0, 1989.0, 1849.0, 1858.0, 1691.0, 1585.0, 1751.0]",7505844.365692934
0,0.8,13,"[{""x"": -1.096665859222412, ""y"": 1.5580058097839355, ""z"": 0.0, ""velocity"": 0.0, ""snr"": 0.0}, {""x"": -1.0301470756530762, ""y"": 1.5830397605895996, ""z"": 0.0, ""velocity"": 0.0, ""snr"": 0.0}, {""x"": -0.028789043426513672, ""y"": 0.32401084899902344, ""z"": 0.0, ""velocity"": 0.0, ""snr"": 0.0}, {""x"": -0.10854005813598633, ""y"": 1.5603303909301758, ""z"": 0.0, ""velocity"": 0.0, ""snr"": 0.0}, {""x"": -0.15270709991455078, ""y"": 1.5669465065002441, ""z"": 0.0, ""velocity"": 0.0, ""snr"": 0.0}, {""x"": -0.1704096794128418, ""y"": 1.5683770179748535, ""z"": 0.0, ""velocity"": 0.0, ""snr"": 0.0}, {""x"": -0.13214349746704102, ""y"": 1.588761806488037, ""z"": 0.0, ""velocity"": 0.0, ""snr"": 0.0}, {""x"": 0.009655952453613281, ""y"": 0.9387731552124023, ""z"": 0.0, ""velocity"": 0.0, ""snr"": 0.0}, {""x"": 0.11748075485229492, ""y"": 0.9130239486694336, ""z"": 0.0, ""velocity"": 0.0, ""snr"": 0.0}, {""x"": 0.23317337036132812, ""y"": 0.8692145347595215, ""z"": 0.0, ""velocity"": 0.0, ""snr"": 0.0}, {""x"": 1.1685490608215332, ""y"": 1.7600655555725098, ""z"": 0.0, ""velocity"": 0.0, ""snr"": 0.0}, {""x"": 1.1191964149475098, ""y"": 1.8074512481689453, ""z"": 0.0, ""velocity"": 0.0, ""snr"": 0.0}, {""x"": 1.1875033378601074, ""y"": 1.7278790473937988, ""z"": 0.0, ""velocity"": 0.0, ""snr"": 0.0}]","[145049.0, 215194.0, 147928.0, 45475.0, 9161.0, 5433.0, 26691.0, 48781.0, 33344.0, 16245.0, 7271.0, 7795.0, 6934.0, 4471.0, 4746.0, 3970.0, 7040.0, 14033.0, 15353.0, 38424.0, 56412.0, 47299.0, 19330.0, 4275.0, 5910.0, 6115.0, 5259.0, 5529.0, 6290.0, 5726.0, 5741.0, 7094.0, 8902.0, 67216.0, 166734.0, 154821.0, 52190.0, 11024.0, 10907.0, 13074.0, 20542.0, 34683.0, 32521.0, 16737.0, 9911.0, 30063.0, 50329.0, 40310.0, 16321.0, 8940.0, 12467.0, 13117.0, 10379.0, 7784.0, 6325.0, 5280.0, 4498.0, 6063.0, 6902.0, 7644.0, 6433.0, 5850.0, 5935.0, 5151.0, 8125.0, 9277.0, 9014.0, 5860.0, 4441.0, 5143.0, 3894.0, 4005.0, 4453.0, 4344.0, 3587.0, 4012.0, 3677.0, 3176.0, 3511.0, 4022.0, 3790.0, 2927.0, 3313.0, 3359.0, 3129.0, 4602.0, 7383.0, 8801.0, 5423.0, 3324.0, 3271.0, 3292.0, 3371.0, 3917.0, 3636.0, 2789.0, 2796.0, 2768.0, 2784.0, 2580.0, 2745.0, 3290.0, 2720.0, 3082.0, 4244.0, 6047.0, 7559.0, 6896.0, 8392.0, 9522.0, 4505.0, 4895.0, 5130.0, 3488.0, 3913.0, 3826.0, 3242.0, 2605.0, 2073.0, 2283.0, 2048.0, 2277.0, 2060.0, 1877.0, 1742.0, 1580.0, 1646.0, 1547.0]",7355211.453518018
1,0.8,14,"[{""x"": -1.1168718338012695, ""y"": 1.5431642532348633, ""z"": 0.0, ""velocity"": 0.0, ""snr"": 0.0}, {""x"": -1.050710678100586, ""y"": 1.5694499015808105, ""z"": 0.0, ""velocity"": 0.0, ""snr"": 0.0}, {""x"": -0.03898143768310547, ""y"": 0.3254413604736328, ""z"": 0.0, ""velocity"": 0.0, ""snr"": 0.0}, {""x"": -0.07867813110351562, ""y"": 0.8307695388793945, ""z"": 0.0, ""velocity"": 0.0, ""snr"": 0.0}, {""x"": -0.10585784912109375, ""y"": 1.560509204864502, ""z"": 0.0, ""velocity"": 0.0, ""snr"": 0.0}, {""x"": -0.15681982040405273, ""y"": 1.566767692565918, ""z"": 0.0, ""velocity"": 0.0, ""snr"": 0.0}, {""x"": -0.16182661056518555, ""y"": 1.569986343383789, ""z"": 0.0, ""velocity"": 0.0, ""snr"": 0.0}, {""x"": -0.14448165893554688, ""y"": 1.5905499458312988, ""z"": 0.0, ""velocity"": 0.0, ""snr"": 0.0}, {""x"": 0.0, ""y"": 0.9357333183288574, ""z"": 0.0, ""velocity"": 0.0, ""snr"": 0.0}, {""x"": 0.1112222671508789, ""y"": 0.9117722511291504, ""z"": 0.0, ""velocity"": 0.0, ""snr"": 0.0}, {""x"": 0.17023086547851562, ""y"": 0.8838772773742676, ""z"": 0.0, ""velocity"": 0.0, ""snr"": 0.0}, {""x"": 1.1218786239624023, ""y"": 1.7681121826171875, ""z"": 0.0, ""velocity"": 0.0, ""snr"": 0.0}, {""x"": 1.1889338493347168, ""y"": 1.7439723014831543, ""z"": 0.0, ""velocity"": 0.0, ""snr"": 0.0}, {""x"": 1.1976957321166992, ""y"": 1.7527341842651367, ""z"": 0.0, ""velocity"": 0.0, ""snr"": 0.0}]","[145283.0, 215364.0, 148207.0, 45276.0, 9125.0, 6119.0, 29233.0, 53956.0, 40667.0, 16374.0, 10135.0, 9852.0, 6876.0, 6502.0, 5982.0, 4585.0, 10835.0, 20797.0, 25283.0, 42113.0, 63528.0, 50999.0, 19238.0, 4214.0, 7691.0, 7530.0, 5239.0, 4717.0, 6021.0, 6093.0, 6356.0, 7894.0, 9646.0, 69097.0, 172265.0, 160080.0, 56334.0, 13850.0, 12838.0, 13013.0, 19250.0, 33057.0, 31175.0, 15632.0, 10753.0, 31544.0, 49996.0, 37933.0, 14279.0, 8984.0, 12858.0, 13009.0, 9999.0, 8279.0, 7252.0, 6697.0, 4635.0, 5664.0, 7157.0, 7532.0, 6204.0, 5639.0, 6242.0, 6450.0, 9318.0, 9802.0, 8401.0, 4136.0, 5133.0, 6349.0, 5431.0, 4228.0, 4270.0, 4246.0, 4076.0, 3846.0, 3266.0, 3056.0, 3634.0, 3535.0, 3384.0, 3127.0, 3544.0, 3066.0, 2889.0, 3958.0, 6757.0, 8738.0, 5240.0, 3565.0, 3775.0, 3343.0, 3772.0, 4527.0, 4082.0, 3063.0, 2758.0, 2727.0, 2697.0, 2732.0, 2730.0, 2620.0, 2661.0, 3326.0, 4478.0, 5825.0, 7414.0, 7111.0, 8705.0, 9612.0, 4261.0, 5456.0, 5530.0, 3381.0, 3641.0, 3380.0, 2861.0, 2807.0, 2241.0, 2509.0, 2444.0, 2286.0, 2138.0, 1821.0, 1905.0, 1671.0, 1722.0, 1588.0]",7207827.151834385
2,0.8,14,"[{""x"": -1.0714530944824219, ""y"": 1.5588998794555664, ""z"": 0.0, ""velocity"": 0.0, ""snr"": 0.0}, {""x"": -1.1268854141235352, ""y"": 1.535654067993164, ""z"": 0.0, ""velocity"": 0.0, ""snr"": 0.0}, {""x"": -0.24747848510742188, ""y"": 0.7866024971008301, ""z"": 0.0, ""velocity"": 0.0, ""snr"": 0.0}, {""x"": -0.22011995315551758, ""y"": 0.9024739265441895, ""z"": 0.0, ""velocity"": 0.0, ""snr"": 0.0}, {""x"": -0.23621320724487305, ""y"": 0.9128451347351074, ""z"": 0.0, ""velocity"": 0.0, ""snr"": 0.0}, {""x"": -0.12159347534179688, ""y"": 1.5588998794555664, ""z"": 0.0, ""velocity"": 0.0, ""snr"": 0.0}, {""x"": -0.1582503318786621, ""y"": 1.5664100646972656, ""z"": 0.0, ""velocity"": 0.0, ""snr"": 0.0}, {""x"": -0.1659393310546875, ""y"": 1.569807529449463, ""z"": 0.0, ""velocity"": 0.0, ""snr"": 0.0}, {""x"": -0.14162063598632812, ""y"": 1.5921592712402344, ""z"": 0.0, ""velocity"": 0.0, ""snr"": 0.0}, {""x"": -0.009834766387939453, ""y"": 0.31435489654541016, ""z"": 0.0, ""velocity"": 0.0, ""snr"": 0.0}, {""x"": -0.014662742614746094, ""y"": 0.32079219818115234, ""z"": 0.0, ""velocity"": 0.0, ""snr"": 0.0}, {""x"": 0.4207491874694824, ""y"": 0.783383846282959, ""z"": 0.0, ""velocity"": 0.0, ""snr"": 0.0}, {""x"": 1.187145709991455, ""y"": 1.7636418342590332, ""z"": 0.0, ""velocity"": 0.0, ""snr"": 0.0}, {""x"": 1.2003779411315918, ""y"": 1.737356185913086, ""z"": 0.0, ""velocity"": 0.0, ""snr"": 0.0}]","[144974.0, 215308.0, 148062.0, 45438.0, 9451.0, 8819.0, 40698.0, 66683.0, 42097.0, 15167.0, 8190.0, 9757.0, 8152.0, 7544.0, 6048.0, 3770.0, 11653.0, 24915.0, 24586.0, 36942.0, 43281.0, 44095.0, 18495.0, 4183.0, 7096.0, 6269.0, 5179.0, 5370.0, 5457.0, 5235.0, 6143.0, 8390.0, 10294.0, 69365.0, 171757.0, 158721.0, 57395.0, 15507.0, 12784.0, 11443.0, 18980.0, 32754.0, 30700.0, 15729.0, 9394.0, 30557.0, 50631.0, 39132.0, 16578.0, 11550.0, 14252.0, 14384.0, 10279.0, 7783.0, 8065.0, 6815.0, 4458.0, 6421.0, 7203.0, 6706.0, 5990.0, 5840.0, 5017.0, 6685.0, 10234.0, 11049.0, 9258.0, 4559.0, 4292.0, 5244.0, 4886.0, 3819.0, 3518.0, 4178.0, 4633.0, 4423.0, 3708.0, 3316.0, 3695.0, 3819.0, 3625.0, 3663.0, 3890.0, 3495.0, 3552.0, 4315.0, 7038.0, 8930.0, 5116.0, 3313.0, 3757.0, 3336.0, 3783.0, 4700.0, 3306.0, 2856.0, 2899.0, 2752.0, 2620.0, 2814.0, 2946.0, 2575.0, 2850.0, 3448.0, 4834.0, 6708.0, 8054.0, 7038.0, 8551.0, 9303.0, 3775.0, 5084.0, 5019.0, 3236.0, 3650.0, 3675.0, 2963.0, 2613.0, 2343.0, 2692.0, 2689.0, 2348.0, 2136.0, 1822.0, 1824.0, 1820.0, 1605.0, 1581.0]",7064079.040305392
3,0.8,14,"[{""x"": -1.1279582977294922, ""y"": 1.534581184387207, ""z"": 0.0, ""velocity"": 0.0, ""snr"": 0.0}, {""x"": -1.061081886291504, ""y"": 1.5612244606018066, ""z"": 0.0, ""velocity"": 0.0, ""snr"": 0.0}, {""x"": -0.31113624572753906, ""y"": 0.7649660110473633, ""z"": 0.0, ""velocity"": 0.0, ""snr"": 0.0}, {""x"": -0.3345608711242676, ""y"": 0.8695721626281738, ""z"": 0.0, ""velocity"": 0.0, ""snr"": 0.0}, {""x"": -0.337064266204834, ""y"": 0.8835196495056152, ""z"": 0.0, ""velocity"": 0.0, ""snr"": 0.0}, {""x"": -0.050067901611328125, ""y"": 0.3249049186706543, ""z"": 0.0, ""velocity"": 0.0, ""snr"": 0.0}, {""x"": -0.11551380157470703, ""y"": 1.5599727630615234, ""z"": 0.0, ""velocity"": 0.0, ""snr"": 0.0}, {""x"": -0.1552104949951172, ""y"": 1.5669465065002441, ""z"": 0.0, ""velocity"": 0.0, ""snr"": 0.0}, {""x"": -0.16361474990844727, ""y"": 1.5705227851867676, ""z"": 0.0, ""velocity"": 0.0, ""snr"": 0.0}, {""x"": -0.14787912368774414, ""y"": 1.591801643371582, ""z"": 0.0, ""velocity"": 0.0, ""snr"": 0.0}, {""x"": 0.38748979568481445, ""y"": 0.8005499839782715, ""z"": 0.0, ""velocity"": 0.0, ""snr"": 0.0}, {""x"": 0.3878474235534668, ""y"": 0.8207559585571289, ""z"": 0.0, ""velocity"": 0.0, ""snr"": 0.0}, {""x"": 1.1810660362243652, ""y"": 1.7491579055786133, ""z"": 0.0, ""velocity"": 0.0, ""snr"": 0.0}, {""x"": 1.1633634567260742, ""y"": 1.7804503440856934, ""z"": 0.0, ""velocity"": 0.0, ""snr"": 0.0}]","[145080.0, 215073.0, 147880.0, 45195.0, 9404.0, 4782.0, 25480.0, 49127.0, 37522.0, 13816.0, 5896.0, 7519.0, 8132.0, 7830.0, 5792.0, 4111.0, 10651.0, 21355.0, 25173.0, 31640.0, 39345.0, 44455.0, 19299.0, 4392.0, 6551.0, 5299.0, 4759.0, 5271.0, 4958.0, 4876.0, 6480.0, 7420.0, 9917.0, 68087.0, 169762.0, 157609.0, 58562.0, 15552.0, 12136.0, 14086.0, 19211.0, 32915.0, 30556.0, 15801.0, 10358.0, 32940.0, 52098.0, 40582.0, 18304.0, 12217.0, 14761.0, 15848.0, 12999.0, 9915.0, 8692.0, 7250.0, 4558.0, 6388.0, 7798.0, 6751.0, 5963.0, 6244.0, 6323.0, 6923.0, 10377.0, 10834.0, 8412.0, 4469.0, 3888.0, 4240.0, 4005.0, 3811.0, 3939.0, 3909.0, 3440.0, 3843.0, 3599.0, 3687.0, 3874.0, 3684.0, 3824.0, 3869.0, 3814.0, 3294.0, 4234.0, 5151.0, 7705.0, 9168.0, 5294.0, 3105.0, 3469.0, 2593.0, 4548.0, 5625.0, 4140.0, 2946.0, 3043.0, 3026.0, 3208.0, 2805.0, 2620.0, 2929.0, 2782.0, 3037.0, 4462.0, 6081.0, 7594.0, 7131.0, 8579.0, 9336.0, 4079.0, 5270.0, 5468.0, 3288.0, 3561.0, 3547.0, 2985.0, 2800.0, 2386.0, 2510.0, 2600.0, 2341.0, 1987.0, 1860.0, 1835.0, 1735.0, 1682.0, 1682.0]",6922463.07557301
4,0.8,12,"[{""x"": -1.0691285133361816, ""y"": 1.561582088470459, ""z"": 0.0, ""velocity"": 0.0, ""snr"": 0.0}, {""x"": -1.118302345275879, ""y"": 1.542806625366211, ""z"": 0.0, ""velocity"": 0.0, ""snr"": 0.0}, {""x"": -0.3975033760070801, ""y"": 0.6955862045288086, ""z"": 0.0, ""velocity"": 0.0, ""snr"": 0.0}, {""x"": -0.32973289489746094, ""y"": 0.8890628814697266, ""z"": 0.0, ""velocity"": 0.0, ""snr"": 0.0}, {""x"": -0.28967857360839844, ""y"": 0.9049773216247559, ""z"": 0.0, ""velocity"": 0.0, ""snr"": 0.0}, {""x"": -0.028967857360839844, ""y"": 0.32132863998413086, ""z"": 0.0, ""velocity"": 0.0, ""snr"": 0.0}, {""x"": -0.10281801223754883, ""y"": 1.5614032745361328, ""z"": 0.0, ""velocity"": 0.0, ""snr"": 0.0}, {""x"": -0.1589655876159668, ""y"": 1.566767692565918, ""z"": 0.0, ""velocity"": 0.0, ""snr"": 0.0}, {""x"": -0.16754865646362305, ""y"": 1.569807529449463, ""z"": 0.0, ""velocity"": 0.0, ""snr"": 0.0}, {""x"": -0.1671910285949707, ""y"": 1.5880465507507324, ""z"": 0.0, ""velocity"": 0.0, ""snr"": 0.0}, {""x"": 1.1715888977050781, ""y"": 1.7548799514770508, ""z"": 0.0, ""velocity"": 0.0, ""snr"": 0.0}, {""x"": 1.1633634567260742, ""y"": 1.780092716217041, ""z"": 0.0, ""velocity"": 0.0, ""snr"": 0.0}]","[145530.0, 215347.0, 148117.0, 45194.0, 9391.0, 6426.0, 25473.0, 42778.0, 27810.0, 11764.0, 6817.0, 7752.0, 6407.0, 4237.0, 4469.0, 4576.0, 13224.0, 24250.0, 25950.0, 13868.0, 43527.0, 53007.0, 23677.0, 4337.0, 6761.0, 5344.0, 4732.0, 5092.0, 5000.0, 5662.0, 6657.0, 7858.0, 10128.0, 65857.0, 166642.0, 155011.0, 55950.0, 12865.0, 9371.0, 12642.0, 18999.0, 32923.0, 31362.0, 16796.0, 11039.0, 33979.0, 53231.0, 40904.0, 18389.0, 12043.0, 14447.0, 15521.0, 11848.0, 9751.0, 8013.0, 6357.0, 4696.0, 5591.0, 7168.0, 6930.0, 5981.0, 6082.0, 6088.0, 6755.0, 10377.0, 11201.0, 8273.0, 4337.0, 4174.0, 4948.0, 3941.0, 3876.0, 4201.0, 4212.0, 3956.0, 4382.0, 3948.0, 3231.0, 3138.0, 3370.0, 3826.0, 3873.0, 3343.0, 3585.0, 4486.0, 5208.0, 7939.0, 9270.0, 5415.0, 3051.0, 3426.0, 2728.0, 4965.0, 5830.0, 3909.0, 3129.0, 3362.0, 3013.0, 3324.0, 3195.0, 2864.0, 2888.0, 2732.0, 3327.0, 4279.0, 5916.0, 7571.0, 7469.0, 8169.0, 9177.0, 4686.0, 5475.0, 5623.0, 3455.0, 3680.0, 3480.0, 3071.0, 2749.0, 2242.0, 2515.0, 2246.0, 2168.0, 1924.0, 1751.0, 1702.0, 1845.0, 1604.0, 1499.0]",6783950.2227664115
5,0.8,14,"[{""x"": -1.0744929313659668, ""y"": 1.5581846237182617, ""z"": 0.0, ""velocity"": 0.0, ""snr"": 0.0}, {""x"": -1.12992525100708, ""y"": 1.5349388122558594, ""z"": 0.0, ""velocity"": 0.0, ""snr"": 0.0}, {""x"": -0.2548098564147949, ""y"": 0.7547736167907715, ""z"": 0.0, ""velocity"": 0.0, ""snr"": 0.0}, {""x"": -0.3075599670410156, ""y"": 0.7477998733520508, ""z"": 0.0, ""velocity"": 0.0, ""snr"": 0.0}, {""x"": -0.1671910285949707, ""y"": 0.9294748306274414, ""z"": 0.0, ""velocity"": 0.0, ""snr"": 0.0}, {""x"": -0.10585784912109375, ""y"": 1.5608668327331543, ""z"": 0.0, ""velocity"": 0.0, ""snr"": 0.0}, {""x"": -0.15914440155029297, ""y"": 1.5665888786315918, ""z"": 0.0, ""velocity"": 0.0, ""snr"": 0.0}, {""x"": -0.17112493515014648, ""y"": 1.568913459777832, ""z"": 0.0, ""velocity"": 0.0, ""snr"": 0.0}, {""x"": -0.17970800399780273, ""y"": 1.5864372253417969, ""z"": 0.0, ""velocity"": 0.0, ""snr"": 0.0}, {""x"": -0.03826618194580078, ""y"": 0.9351968765258789, ""z"": 0.0, ""velocity"": 0.0, ""snr"": 0.0}, {""x"": 0.18650293350219727, ""y"": 0.873863697052002, ""z"": 0.0, ""velocity"": 0.0, ""snr"": 0.0}, {""x"": 1.0961294174194336, ""y"": 1.784205436706543, ""z"": 0.0, ""velocity"": 0.0, ""snr"": 0.0}, {""x"": 1.1549592018127441, ""y"": 1.766502857208252, ""z"": 0.0, ""velocity"": 0.0, ""snr"": 0.0}, {""x"": 1.1106133460998535, ""y"": 1.8131732940673828, ""z"": 0.0, ""velocity"": 0.0, ""snr"": 0.0}]","[145113.0, 215310.0, 148062.0, 45734.0, 9275.0, 3848.0, 12895.0, 16090.0, 12814.0, 10808.0, 8382.0, 7530.0, 7542.0, 6065.0, 4837.0, 4851.0, 13246.0, 26142.0, 28934.0, 17573.0, 38892.0, 41252.0, 18453.0, 3946.0, 5778.0, 5012.0, 4889.0, 5466.0, 5206.0, 5175.0, 6651.0, 7584.0, 9931.0, 63240.0, 160069.0, 148073.0, 52365.0, 12949.0, 10417.0, 14551.0, 18239.0, 32052.0, 30401.0, 16557.0, 11294.0, 33858.0, 53111.0, 41565.0, 18290.0, 11869.0, 14154.0, 14728.0, 10851.0, 7876.0, 7038.0, 6081.0, 4090.0, 5824.0, 7242.0, 6807.0, 5920.0, 5989.0, 5912.0, 7198.0, 10392.0, 10816.0, 7933.0, 4070.0, 4352.0, 4459.0, 3952.0, 4024.0, 4260.0, 4579.0, 4249.0, 4139.0, 3538.0, 3259.0, 3236.0, 3297.0, 3311.0, 3561.0, 3193.0, 3356.0, 4043.0, 5266.0, 7953.0, 9263.0, 5140.0, 2875.0, 3062.0, 2619.0, 4561.0, 5405.0, 3681.0, 3091.0, 2905.0, 2774.0, 3202.0, 3451.0, 3073.0, 2698.0, 3026.0, 3157.0, 4361.0, 6349.0, 7906.0, 7395.0, 8059.0, 9332.0, 4742.0, 5306.0, 5976.0, 3637.0, 3549.0, 3544.0, 3002.0, 2386.0, 2085.0, 2495.0, 1955.0, 2135.0, 1966.0, 1740.0, 1717.0, 1687.0, 1540.0, 1520.0]",6648057.524975149
6,0.8,10,"[{""x"": -1.0816454887390137, ""y"": 1.5676617622375488, ""z"": 0.0, ""velocity"": 0.0, ""snr"": 0.0}, {""x"": -1.0242462158203125, ""y"": 1.5873312950134277, ""z"": 0.0, ""velocity"": 0.0, ""snr"": 0.0}, {""x"": -0.2378225326538086, ""y"": 0.7554888725280762, ""z"": 0.0, ""velocity"": 0.0, ""snr"": 0.0}, {""x"": -0.23621320724487305, ""y"": 0.7640719413757324, ""z"": 0.0, ""velocity"": 0.0, ""snr"": 0.0}, {""x"": -0.11211633682250977, ""y"": 1.5592575073242188, ""z"": 0.0, ""velocity"": 0.0, ""snr"": 0.0}, {""x"": -0.16057491302490234, ""y"": 1.5660524368286133, ""z"": 0.0, ""velocity"": 0.0, ""snr"": 0.0}, {""x"": -0.16736984252929688, ""y"": 1.5696287155151367, ""z"": 0.0, ""velocity"": 0.0, ""snr"": 0.0}, {""x"": -0.16433000564575195, ""y"": 1.5894770622253418, ""z"": 0.0, ""velocity"": 0.0, ""snr"": 0.0}, {""x"": 1.1646151542663574, ""y"": 1.7614960670471191, ""z"": 0.0, ""velocity"": 0.0, ""snr"": 0.0}, {""x"": 1.1283159255981445, ""y"": 1.8033385276794434, ""z"": 0.0, ""velocity"": 0.0, ""snr"": 0.0}]","[145066.0, 215312.0, 148231.0, 45396.0, 9672.0, 3624.0, 11822.0, 21528.0, 17869.0, 12324.0, 6731.0, 5540.0, 5719.0, 5125.0, 4746.0, 5458.0, 16343.0, 31418.0, 29140.0, 17020.0, 1116864512.0, 1000865792.0, 635633664.0, 530644992.0, 405602304.0, 337707008.0, 361365504.0, 434831360.0, 484507648.0, 564527104.0, 456458240.0, 389545984.0, 384499712.0, 418643968.0, 488505344.0, 437125120.0, 394592256.0, 297533440.0, 442892288.0, 346095616.0, 212795392.0, 193855488.0, 243793920.0, 305594368.0, 262209536.0, 205389824.0, 233373696.0, 246087680.0, 253493248.0, 276037632.0, 303759360.0, 252444672.0, 188481536.0, 230883328.0, 277676032.0, 301072384.0, 462028800.0, 535232512.0, 289996800.0, 260767744.0, 282132480.0, 279183360.0, 244711424.0, 318701568.0, 286195712.0, 225443840.0, 212336640.0, 223150080.0, 224198656.0, 174063616.0, 164560896.0, 189857792.0, 196149248.0, 228065280.0, 337510400.0, 427098112.0, 499580928.0, 496369664.0, 435027968.0, 560857088.0, 430505984.0, 368050176.0, 336855040.0, 213450752.0, 273285120.0, 286851072.0, 235208704.0, 180944896.0, 143851520.0, 142540800.0, 142868480.0, 135397376.0, 114556928.0, 108724224.0, 140443648.0, 115998720.0, 106233856.0, 106233856.0, 0.0, 0.0, 50594050.0, 117966086.0, 84214528.0, 704.0, 681010.0, 404.0, 0.0, 10.0, 2.0, 4294967295.0, 301.0, 120.0, 960200704.0, 968808749.0, 1048576000.0, 1065353216.0, 10.0, 300086931.0, 0.0, 4136716889.0, 4648.0, 1247019008.0, 304871672.0, 0.0, 4222961745.0, 4323.0, 1261895680.0, 298056736.0]",349357612.8683446
7,0.8,9,"[{""x"": -0.32633543014526367, ""y"": 0.8425712585449219, ""z"": 0.0, ""velocity"": 0.0, ""snr"": 0.0}, {""x"": -0.39964914321899414, ""y"": 0.8370280265808105, ""z"": 0.0, ""velocity"": 0.0, ""snr"": 0.0}, {""x"": -0.38301944732666016, ""y"": 0.8563399314880371, ""z"": 0.0, ""velocity"": 0.0, ""snr"": 0.0}, {""x"": -0.10281801223754883, ""y"": 1.5592575073242188, ""z"": 0.0, ""velocity"": 0.0, ""snr"": 0.0}, {""x"": -0.15342235565185547, ""y"": 1.5671253204345703, ""z"": 0.0, ""velocity"": 0.0, ""snr"": 0.0}, {""x"": -0.1741647720336914, ""y"": 1.5701651573181152, ""z"": 0.0, ""velocity"": 0.0, ""snr"": 0.0}, {""x"": -0.15145540237426758, ""y"": 1.5921592712402344, ""z"": 0.0, ""velocity"": 0.0, ""snr"": 0.0}, {""x"": 0.014662742614746094, ""y"": 0.8320212364196777, ""z"": 0.0, ""velocity"": 0.0, ""snr"": 0.0}, {""x"": 1.2377500534057617, ""y"": 1.7053484916687012, ""z"": 0.0, ""velocity"": 0.0, ""snr"": 0.0}]","[145187.0, 215404.0, 148080.0, 45392.0, 9124.0, 4083.0, 17339.0, 26803.0, 18155.0, 14390.0, 9474.0, 10518.0, 7082.0, 5239.0, 3755.0, 4188.0, 11088.0, 21481.0, 19718.0, 34469.0, 65156.0, 58361.0, 22914.0, 9185.0, 5819.0, 4369.0, 4745.0, 4963.0, 6709.0, 6415.0, 9125.0, 6917.0, 12935.0, 51086.0, 124762.0, 117615.0, 44521.0, 11882.0, 9597.0, 9724.0, 19616.0, 30978.0, 28180.0, 14412.0, 9161.0, 27718.0, 43489.0, 28210.0, 11674.0, 12131.0, 18504.0, 17679.0, 12115.0, 9926.0, 8226.0, 6363.0, 4702.0, 6421.0, 8673.0, 9408.0, 6324.0, 5262.0, 5790.0, 7324.0, 8229.0, 7838.0, 4913.0, 4150.0, 5639.0, 5249.0, 4504.0, 3439.0, 3519.0, 3975.0, 3633.0, 3054.0, 3022.0, 3386.0, 5158.0, 5595.0, 4205.0, 3318.0, 2974.0, 3729.0, 4406.0, 5237.0, 7711.0, 8535.0, 4920.0, 3550.0, 3415.0, 3796.0, 3670.0, 3417.0, 3484.0, 3806.0, 3180.0, 2650.0, 3314.0, 2821.0, 2894.0, 3004.0, 2447.0, 3252.0, 4374.0, 5708.0, 7454.0, 7614.0, 7355.0, 9567.0, 6546.0, 5048.0, 5069.0, 2875.0, 3537.0, 3979.0, 3045.0, 2239.0, 2040.0, 2071.0, 1909.0, 1961.0, 1953.0, 1657.0, 1914.0, 1949.0, 1603.0, 1388.0]",13480230.313192073
8,0.8,7,"[{""x"": -0.530540943145752, ""y"": 0.7275938987731934, ""z"": 0.0, ""velocity"": 0.0, ""snr"": 0.0}, {""x"": -0.14770030975341797, ""y"": 1.566767692565918, ""z"": 0.0, ""velocity"": 0.0, ""snr"": 0.0}, {""x"": -0.16647577285766602, ""y"": 1.569986343383789, ""z"": 0.0, ""velocity"": 0.0, ""snr"": 0.0}, {""x"": -0.09387731552124023, ""y"": 1.5567541122436523, ""z"": 0.0, ""velocity"": 0.0, ""snr"": 0.0}, {""x"": -0.09191036224365234, ""y"": 1.5996694564819336, ""z"": 0.0, ""velocity"": 0.0, ""snr"": 0.0}, {""x"": 1.240074634552002, ""y"": 1.7048120498657227, ""z"": 0.0, ""velocity"": 0.0, ""snr"": 0.0}, {""x"": 1.3200044631958008, ""y"": 1.6647577285766602, ""z"": 0.0, ""velocity"": 0.0, ""snr"": 0.0}]","[145350.0, 215284.0, 147965.0, 45430.0, 9386.0, 3866.0, 13194.0, 18185.0, 10711.0, 9632.0, 16355.0, 25951.0, 19206.0, 8821.0, 5045.0, 3853.0, 10932.0, 15940.0, 25628.0, 28370.0, 80743.0, 89478.0, 38077.0, 8223.0, 5515.0, 3268.0, 4190.0, 4406.0, 5664.0, 7038.0, 9075.0, 6416.0, 11762.0, 52289.0, 124207.0, 114882.0, 42295.0, 14810.0, 10807.0, 10546.0, 20718.0, 33121.0, 1526757202.0, 2013265932.0, 2130706445.0, 218103824.0, 3388997647.0, 2751463444.0, 4127195151.0, 1040187405.0, 822083602.0, 1778384913.0, 905969683.0, 3372220432.0, 754974730.0, 2113929230.0, 352321552.0, 2600468496.0, 620757022.0, 3825205280.0, 1711276047.0, 167772174.0, 3036676112.0, 2130706446.0, 704643088.0, 3456106514.0, 4127195149.0, 452984845.0, 704643084.0, 889192460.0, 1124073486.0, 2181038091.0, 1040187402.0, 1241513994.0, 3019898889.0, 1543503883.0, 1895825426.0, 3355443223.0, 419430426.0, 2264924190.0, 3456106520.0, 251658273.0, 1560281115.0, 2147483670.0, 251658261.0, 3825205260.0, 3388997645.0, 2650800140.0, 3070230539.0, 2281701385.0, 2600468489.0, 2902458376.0, 3087007751.0, 184549383.0, 553648136.0, 1258291207.0, 134217735.0, 2332033031.0, 1392508934.0, 6.0, 0.0, 0.0, 0.0, 67174912.0, 134546947.0, 84082695.0, 172037.0, 174338560.0, 104192.0, 0.0, 1792.0, 512.0, 4294967040.0, 77311.0, 23040.0, 998244352.0, 3201903929.0, 2147483705.0, 2147483710.0, 1855.0, 2062874880.0, 16.0, 3981066496.0, 2226428.0, 922746880.0, 838631249.0, 34.0, 1179540992.0]",1010554586.6949575
9,0.8,6,"[{""x"": -0.11175870895385742, ""y"": 1.5576481819152832, ""z"": 0.0, ""velocity"": 0.0, ""snr"": 0.0}, {""x"": -0.1519918441772461, ""y"": 1.5655159950256348, ""z"": 0.0, ""velocity"": 0.0, ""snr"": 0.0}, {""x"": -0.1704096794128418, ""y"": 1.5671253204345703, ""z"": 0.0, ""velocity"": 0.0, ""snr"": 0.0}, {""x"": -0.1271367073059082, ""y"": 1.5944838523864746, ""z"": 0.0, ""velocity"": 0.0, ""snr"": 0.0}, {""x"": 1.2531280517578125, ""y"": 1.695692539215088, ""z"": 0.0, ""velocity"": 0.0, ""snr"": 0.0}, {""x"": 1.3335943222045898, ""y"": 1.6568899154663086, ""z"": 0.0, ""velocity"": 0.0, ""snr"": 0.0}]","[144826.0, 215326.0, 148156.0, 45176.0, 9293.0, 4918.0, 19406.0, 33452.0, 24775.0, 15802.0, 27754.0, 30945.0, 16699.0, 5419.0, 4150.0, 3501.0, 10039.0, 25151.0, 34482.0, 32718.0, 93230.0, 100099.0, 39228.0, 6298.0, 4285.0, 5361.0, 5378.0, 5621.0, 5132.0, 5857.0, 10474.0, 6206.0, 12337.0, 50617.0, 120098.0, 108252.0, 35252.0, 14431.0, 10841.0, 10485.0, 20637.0, 32377.0, 29563.0, 15781.0, 10595.0, 29492.0, 44742.0, 31879.0, 16243.0, 11395.0, 15442.0, 14671.0, 10777.0, 10583.0, 8060.0, 6129.0, 4943.0, 4416.0, 7481.0, 8916.0, 6905.0, 5615.0, 5066.0, 6486.0, 7745.0, 8360.0, 5687.0, 4683.0, 6232.0, 5789.0, 4581.0, 4187.0, 3712.0, 3924.0, 3324.0, 2786.0, 2630.0, 3917.0, 4891.0, 5351.0, 4368.0, 3415.0, 3093.0, 3231.0, 4625.0, 6688.0, 8983.0, 8942.0, 4702.0, 3325.0, 3320.0, 3144.0, 3874.0, 4313.0, 3712.0, 3669.0, 3144.0, 3166.0, 3738.0, 3494.0, 3214.0, 3062.0, 3075.0, 3424.0, 4686.0, 5824.0, 6959.0, 7503.0, 7162.0, 8552.0, 5847.0, 5163.0, 5373.0, 3388.0, 3547.0, 3602.0, 3150.0, 2659.0, 2017.0, 2144.0, 2061.0, 2007.0, 1924.0, 1670.0, 1742.0, 1752.0, 1608.0, 1613.0]",33161093.657950737
10,0.8,8,"[{""x"": -0.35011768341064453, ""y"": 0.8692145347595215, ""z"": 0.0, ""velocity"": 0.0, ""snr"": 0.0}, {""x"": -0.24908781051635742, ""y"": 0.8642077445983887, ""z"": 0.0, ""velocity"": 0.0, ""snr"": 0.0}, {""x"": -0.10478496551513672, ""y"": 1.558542251586914, ""z"": 0.0, ""velocity"": 0.0, ""snr"": 0.0}, {""x"": -0.15145540237426758, ""y"": 1.5655159950256348, ""z"": 0.0, ""velocity"": 0.0, ""snr"": 0.0}, {""x"": -0.1704096794128418, ""y"": 1.5655159950256348, ""z"": 0.0, ""velocity"": 0.0, ""snr"": 0.0}, {""x"": -0.17398595809936523, ""y"": 1.5848278999328613, ""z"": 0.0, ""velocity"": 0.0, ""snr"": 0.0}, {""x"": 1.245439052581787, ""y"": 1.701056957244873, ""z"": 0.0, ""velocity"": 0.0, ""snr"": 0.0}, {""x"": 1.3582706451416016, ""y"": 1.6361474990844727, ""z"": 0.0, ""velocity"": 0.0, ""snr"": 0.0}]","[145259.0, 215324.0, 148159.0, 45326.0, 9224.0, 3479.0, 8376.0, 10963.0, 11236.0, 14471.0, 26093.0, 22945.0, 12393.0, 4722.0, 3329.0, 4615.0, 9427.0, 25526.0, 33401.0, 32102.0, 86443.0, 86581.0, 38731.0, 9725.0, 5274.0, 5598.0, 5892.0, 5415.0, 5425.0, 6100.0, 10718.0, 6675.0, 12544.0, 52234.0, 124361.0, 111607.0, 32344.0, 10158.0, 10003.0, 10622.0, 20977.0, 31979.0, 29882.0, 15853.0, 11227.0, 30046.0, 45508.0, 32155.0, 16146.0, 11592.0, 16843.0, 15493.0, 10676.0, 10225.0, 8101.0, 6187.0, 5217.0, 5544.0, 6948.0, 7796.0, 6118.0, 5855.0, 5165.0, 6486.0, 7964.0, 7903.0, 5186.0, 4471.0, 5753.0, 5090.0, 4087.0, 3709.0, 3824.0, 4201.0, 3630.0, 2992.0, 3192.0, 3925.0, 4661.0, 4730.0, 4342.0, 3545.0, 3529.0, 3486.0, 4728.0, 6112.0, 8530.0, 8492.0, 4243.0, 3441.0, 3190.0, 3545.0, 3877.0, 4567.0, 3484.0, 3460.0, 3167.0, 3137.0, 3737.0, 3711.0, 3299.0, 3162.0, 3090.0, 3392.0, 4897.0, 5656.0, 6880.0, 7276.0, 6282.0, 8087.0, 5764.0, 5058.0, 5288.0, 3123.0, 3484.0, 3439.0, 2828.0, 2347.0, 2353.0, 2004.0, 2017.0, 2068.0, 1915.0, 1797.0, 1707.0, 1803.0, 1739.0, 1910.0]",32497754.48439321
11,0.8,10,"[{""x"": -0.3184676170349121, ""y"": 0.8829832077026367, ""z"": 0.0, ""velocity"": 0.0, ""snr"": 0.0}, {""x"": -0.3218650817871094, ""y"": 0.8856654167175293, ""z"": 0.0, ""velocity"": 0.0, ""snr"": 0.0}, {""x"": -0.21958351135253906, ""y"": 0.865638256072998, ""z"": 0.0, ""velocity"": 0.0, ""snr"": 0.0}, {""x"": -0.11801719665527344, ""y"": 0.8148550987243652, ""z"": 0.0, ""velocity"": 0.0, ""snr"": 0.0}, {""x"": -0.10067224502563477, ""y"": 1.5603303909301758, ""z"": 0.0, ""velocity"": 0.0, ""snr"": 0.0}, {""x"": -0.15503168106079102, ""y"": 1.5660524368286133, ""z"": 0.0, ""velocity"": 0.0, ""snr"": 0.0}, {""x"": -0.16111135482788086, ""y"": 1.5687346458435059, ""z"": 0.0, ""velocity"": 0.0, ""snr"": 0.0}, {""x"": -0.0997781753540039, ""y"": 1.5996694564819336, ""z"": 0.0, ""velocity"": 0.0, ""snr"": 0.0}, {""x"": 1.2295246124267578, ""y"": 1.714468002319336, ""z"": 0.0, ""velocity"": 0.0, ""snr"": 0.0}, {""x"": 1.3146400451660156, ""y"": 1.6731619834899902, ""z"": 0.0, ""velocity"": 0.0, ""snr"": 0.0}]","[145394.0, 215661.0, 148489.0, 45500.0, 9158.0, 5136.0, 22837.0, 42428.0, 30958.0, 17174.0, 26432.0, 23890.0, 9509.0, 9643.0, 5434.0, 3842.0, 12055.0, 31438.0, 41924.0, 31360.0, 87647.0, 87552.0, 39610.0, 10324.0, 4740.0, 6562.0, 5891.0, 4751.0, 6365.0, 7495.0, 10399.0, 7260.0, 13349.0, 52175.0, 127816.0, 115861.0, 38758.0, 16906.0, 13959.0, 11949.0, 20340.0, 31262.0, 28234.0, 13533.0, 10634.0, 29822.0, 46009.0, 33334.0, 17436.0, 12111.0, 16480.0, 15807.0, 12283.0, 10321.0, 7849.0, 6192.0, 5279.0, 5540.0, 6550.0, 8222.0, 6528.0, 6237.0, 6001.0, 6946.0, 8166.0, 7789.0, 5500.0, 4079.0, 4565.0, 4761.0, 3800.0, 3671.0, 3378.0, 4477.0, 4242.0, 3153.0, 3173.0, 4502.0, 5680.0, 5512.0, 3713.0, 3483.0, 3847.0, 3389.0, 4735.0, 5020.0, 7000.0, 8415.0, 4669.0, 3374.0, 3301.0, 3375.0, 4374.0, 4622.0, 3884.0, 4103.0, 3469.0, 3337.0, 3673.0, 3902.0, 3087.0, 2910.0, 2624.0, 2880.0, 4370.0, 5676.0, 7123.0, 7535.0, 5580.0, 7635.0, 5783.0, 5196.0, 5236.0, 3144.0, 3743.0, 3487.0, 2835.0, 2595.0, 2126.0, 1953.0, 2016.0, 1980.0, 1746.0, 1677.0, 1828.0, 1898.0, 1824.0, 1782.0]",31847747.132369727
12,0.8,12,"[{""x"": -1.1011362075805664, ""y"": 1.5344023704528809, ""z"": 0.0, ""velocity"": 0.0, ""snr"": 0.0}, {""x"": -1.1794567108154297, ""y"": 1.495957374572754, ""z"": 0.0, ""velocity"": 0.0, ""snr"": 0.0}, {""x"": -0.30881166458129883, ""y"": 0.8899569511413574, ""z"": 0.0, ""velocity"": 0.0, ""snr"": 0.0}, {""x"": -0.30684471130371094, ""y"": 0.8922815322875977, ""z"": 0.0, ""velocity"": 0.0, ""snr"": 0.0}, {""x"": -0.11479854583740234, ""y"": 0.8071660995483398, ""z"": 0.0, ""velocity"": 0.0, ""snr"": 0.0}, {""x"": -0.1552104949951172, ""y"": 1.5662312507629395, ""z"": 0.0, ""velocity"": 0.0, ""snr"": 0.0}, {""x"": -0.1723766326904297, ""y"": 1.5676617622375488, ""z"": 0.0, ""velocity"": 0.0, ""snr"": 0.0}, {""x"": -0.16254186630249023, ""y"": 1.5864372253417969, ""z"": 0.0, ""velocity"": 0.0, ""snr"": 0.0}, {""x"": -0.09208917617797852, ""y"": 1.558363437652588, ""z"": 0.0, ""velocity"": 0.0, ""snr"": 0.0}, {""x"": 0.4699230194091797, ""y"": 0.7613897323608398, ""z"": 0.0, ""velocity"": 0.0, ""snr"": 0.0}, {""x"": 1.1833906173706055, ""y"": 1.7445087432861328, ""z"": 0.0, ""velocity"": 0.0, ""snr"": 0.0}, {""x"": 1.208961009979248, ""y"": 1.750946044921875, ""z"": 0.0, ""velocity"": 0.0, ""snr"": 0.0}]","[145069.0, 215111.0, 148080.0, 45422.0, 9342.0, 4768.0, 20997.0, 37993.0, 27728.0, 14225.0, 16334.0, 12001.0, 6498.0, 4842.0, 3568.0, 4066.0, 14064.0, 36408.0, 44442.0, 34774.0, 84923.0, 90537.0, 37828.0, 8714.0, 5326.0, 5444.0, 5912.0, 4512.0, 6263.0, 7690.0, 10130.0, 7007.0, 12723.0, 53340.0, 130013.0, 118828.0, 39920.0, 10586.0, 11699.0, 10644.0, 19434.0, 31263.0, 29650.0, 14716.0, 10801.0, 30671.0, 46392.0, 33916.0, 18401.0, 14446.0, 17378.0, 15801.0, 11264.0, 8624.0, 7000.0, 6195.0, 5767.0, 5405.0, 8072.0, 8556.0, 6466.0, 6372.0, 5897.0, 6162.0, 7850.0, 8979.0, 7105.0, 4286.0, 5021.0, 4399.0, 3596.0, 3846.0, 3693.0, 3792.0, 3703.0, 2706.0, 2835.0, 3826.0, 3735.0, 3662.0, 3338.0, 3708.0, 3461.0, 3505.0, 4122.0, 5703.0, 7300.0, 7761.0, 4360.0, 3446.0, 3521.0, 3100.0, 3974.0, 4635.0, 4550.0, 4058.0, 3235.0, 2992.0, 3528.0, 3731.0, 2854.0, 2555.0, 2543.0, 3368.0, 4848.0, 6126.0, 7585.0, 7712.0, 5951.0, 7900.0, 6167.0, 5903.0, 5821.0, 3102.0, 3785.0, 3606.0, 3075.0, 2338.0, 2029.0, 1927.0, 1983.0, 1977.0, 1995.0, 2015.0, 1719.0, 1679.0, 1612.0, 1381.0]",31210568.66078897
13,0.8,12,"[{""x"": -1.0793209075927734, ""y"": 1.5508532524108887, ""z"": 0.0, ""velocity"": 0.0, ""snr"": 0.0}, {""x"": -1.1585354804992676, ""y"": 1.513838768005371, ""z"": 0.0, ""velocity"": 0.0, ""snr"": 0.0}, {""x"": -0.3304481506347656, ""y"": 0.880122184753418, ""z"": 0.0, ""velocity"": 0.0, ""snr"": 0.0}, {""x"": -0.3132820129394531, ""y"": 0.8956789970397949, ""z"": 0.0, ""velocity"": 0.0, ""snr"": 0.0}, {""x"": -0.10889768600463867, ""y"": 0.817716121673584, ""z"": 0.0, ""velocity"": 0.0, ""snr"": 0.0}, {""x"": -0.1532435417175293, ""y"": 1.5660524368286133, ""z"": 0.0, ""velocity"": 0.0, ""snr"": 0.0}, {""x"": -0.16772747039794922, ""y"": 1.5669465065002441, ""z"": 0.0, ""velocity"": 0.0, ""snr"": 0.0}, {""x"": -0.1589655876159668, ""y"": 1.5889406204223633, ""z"": 0.0, ""velocity"": 0.0, ""snr"": 0.0}, {""x"": -0.09369850158691406, ""y"": 1.5588998794555664, ""z"": 0.0, ""velocity"": 0.0, ""snr"": 0.0}, {""x"": 0.37175416946411133, ""y"": 0.8144974708557129, ""z"": 0.0, ""velocity"": 0.0, ""snr"": 0.0}, {""x"": 1.1698007583618164, ""y"": 1.7538070678710938, ""z"": 0.0, ""velocity"": 0.0, ""snr"": 0.0}, {""x"": 1.203596591949463, ""y"": 1.7547011375427246, ""z"": 0.0, ""velocity"": 0.0, ""snr"": 0.0}]","[145036.0, 215373.0, 147997.0, 45314.0, 9494.0, 3665.0, 16325.0, 30597.0, 23487.0, 9982.0, 14160.0, 12584.0, 10566.0, 7570.0, 5200.0, 3973.0, 13304.0, 30960.0, 39569.0, 39365.0, 62177.0, 77450.0, 35568.0, 8155.0, 6535.0, 8924.0, 9267.0, 6329.0, 4818.0, 5524.0, 9706.0, 6908.0, 12727.0, 53775.0, 131731.0, 118268.0, 37325.0, 12745.0, 9978.0, 8939.0, 19585.0, 31436.0, 30463.0, 15726.0, 11703.0, 30882.0, 46697.0, 34334.0, 17669.0, 12673.0, 17167.0, 15525.0, 11656.0, 9444.0, 7369.0, 5427.0, 4680.0, 5385.0, 7961.0, 8389.0, 6151.0, 5920.0, 6069.0, 6861.0, 7990.0, 8354.0, 5812.0, 6355.0, 7092.0, 5475.0, 3902.0, 3643.0, 4080.0, 3284.0, 3325.0, 3887.0, 3680.0, 3904.0, 4868.0, 4845.0, 3480.0, 3618.0, 4087.0, 3720.0, 4433.0, 4647.0, 6923.0, 8060.0, 4777.0, 3088.0, 3301.0, 3417.0, 4198.0, 5497.0, 5018.0, 3891.0, 2941.0, 2850.0, 3461.0, 3465.0, 2883.0, 2567.0, 2584.0, 3091.0, 4545.0, 5656.0, 7096.0, 7693.0, 6037.0, 7223.0, 5808.0, 5589.0, 5182.0, 2919.0, 3650.0, 3752.0, 3244.0, 2850.0, 2221.0, 2032.0, 2091.0, 2089.0, 2008.0, 1895.0, 2001.0, 1725.0, 1752.0, 1601.0]",30586449.426686615
14,0.8,11,"[{""x"": -1.1050701141357422, ""y"": 1.53350830078125, ""z"": 0.0, ""velocity"": 0.0, ""snr"": 0.0}, {""x"": -1.1925101280212402, ""y"": 1.4859437942504883, ""z"": 0.0, ""velocity"": 0.0, ""snr"": 0.0}, {""x"": -0.2617835998535156, ""y"": 0.9087324142456055, ""z"": 0.0, ""velocity"": 0.0, ""snr"": 0.0}, {""x"": -0.2843141555786133, ""y"": 0.9026527404785156, ""z"": 0.0, ""velocity"": 0.0, ""snr"": 0.0}, {""x"": -0.14913082122802734, ""y"": 1.5674829483032227, ""z"": 0.0, ""velocity"": 0.0, ""snr"": 0.0}, {""x"": -0.16236305236816406, ""y"": 1.5703439712524414, ""z"": 0.0, ""velocity"": 0.0, ""snr"": 0.0}, {""x"": -0.15395879745483398, ""y"": 1.5894770622253418, ""z"": 0.0, ""velocity"": 0.0, ""snr"": 0.0}, {""x"": -0.08207559585571289, ""y"": 1.5606880187988281, ""z"": 0.0, ""velocity"": 0.0, ""snr"": 0.0}, {""x"": 0.4602670669555664, ""y"": 0.7674694061279297, ""z"": 0.0, ""velocity"": 0.0, ""snr"": 0.0}, {""x"": 1.1626482009887695, ""y"": 1.758277416229248, ""z"": 0.0, ""velocity"": 0.0, ""snr"": 0.0}, {""x"": 1.2180805206298828, ""y"": 1.740574836730957, ""z"": 0.0, ""velocity"": 0.0, ""snr"": 0.0}]","[145508.0, 215391.0, 148173.0, 45331.0, 9210.0, 4653.0, 16127.0, 24467.0, 18597.0, 11718.0, 26268.0, 25378.0, 10085.0, 5231.0, 3857.0, 3638.0, 12618.0, 26968.0, 31525.0, 30851.0, 68363.0, 80200.0, 34683.0, 9915.0, 5782.0, 6465.0, 7150.0, 5917.0, 4081.0, 6059.0, 10376.0, 6493.0, 11739.0, 52709.0, 130314.0, 120655.0, 43975.0, 11561.0, 10565.0, 9221.0, 17769.0, 30306.0, 29171.0, 14379.0, 10310.0, 30612.0, 47786.0, 34094.0, 15215.0, 11154.0, 15643.0, 14793.0, 11514.0, 9810.0, 7286.0, 5210.0, 5117.0, 4892.0, 7279.0, 8476.0, 6328.0, 5516.0, 5234.0, 6325.0, 8071.0, 8180.0, 5091.0, 5468.0, 6436.0, 5318.0, 3686.0, 3649.0, 3812.0, 3822.0, 3608.0, 3976.0, 3738.0, 4095.0, 4487.0, 4260.0, 3437.0, 3587.0, 3329.0, 4164.0, 4770.0, 5586.0, 7015.0, 8136.0, 4791.0, 3051.0, 3472.0, 3698.0, 4583.0, 4754.0, 3794.0, 3483.0, 3200.0, 2330.0, 3357.0, 2746.0, 2508.0, 2496.0, 2550.0, 2943.0, 4626.0, 6266.0, 7474.0, 7602.0, 7182.0, 9191.0, 6648.0, 5316.0, 5222.0, 2883.0, 3603.0, 3946.0, 3511.0, 2690.0, 2439.0, 2268.0, 2149.0, 2124.0, 2224.0, 1862.0, 1742.0, 1874.0, 1860.0, 1612.0]",29975059.13880656
0,0.8,11,"[{""x"": -1.151740550994873, ""y"": 1.5186667442321777, ""z"": 0.0, ""velocity"": 0.0, ""snr"": 0.0}, {""x"": -1.050889492034912, ""y"": 1.5674829483032227, ""z"": 0.0, ""velocity"": 0.0, ""snr"": 0.0}, {""x"": -0.23853778839111328, ""y"": 0.9085536003112793, ""z"": 0.0, ""velocity"": 0.0, ""snr"": 0.0}, {""x"": -0.13124942779541016, ""y"": 0.816643238067627, ""z"": 0.0, ""velocity"": 0.0, ""snr"": 0.0}, {""x"": -0.11551380157470703, ""y"": 0.8786916732788086, ""z"": 0.0, ""velocity"": 0.0, ""snr"": 0.0}, {""x"": -0.09781122207641602, ""y"": 1.5590786933898926, ""z"": 0.0, ""velocity"": 0.0, ""snr"": 0.0}, {""x"": -0.15270709991455078, ""y"": 1.5662312507629395, ""z"": 0.0, ""velocity"": 0.0, ""snr"": 0.0}, {""x"": -0.16307830810546875, ""y"": 1.568913459777832, ""z"": 0.0, ""velocity"": 0.0, ""snr"": 0.0}, {""x"": -0.11962652206420898, ""y"": 1.596987247467041, ""z"": 0.0, ""velocity"": 0.0, ""snr"": 0.0}, {""x"": 1.1435151100158691, ""y"": 1.77079439163208, ""z"": 0.0, ""velocity"": 0.0, ""snr"": 0.0}, {""x"": 1.197516918182373, ""y"": 1.7559528350830078, ""z"": 0.0, ""velocity"": 0.0, ""snr"": 0.0}]","[145033.0, 215249.0, 147783.0, 45414.0, 9241.0, 3408.0, 8107.0, 8352.0, 9000.0, 14339.0, 21385.0, 20587.0, 9794.0, 5541.0, 3581.0, 3338.0, 8702.0, 26251.0, 39405.0, 30104.0, 71774.0, 83913.0, 38657.0, 8046.0, 4098.0, 5556.0, 4281.0, 5670.0, 5487.0, 6977.0, 10153.0, 6525.0, 12111.0, 52589.0, 127398.0, 116434.0, 39683.0, 17398.0, 12840.0, 10565.0, 17732.0, 29477.0, 28623.0, 14321.0, 10480.0, 30473.0, 47219.0, 33698.0, 16167.0, 12249.0, 16530.0, 15046.0, 9893.0, 8905.0, 8175.0, 6241.0, 5783.0, 5148.0, 8142.0, 8988.0, 6669.0, 6259.0, 6169.0, 6326.0, 7711.0, 7856.0, 5135.0, 5845.0, 6395.0, 4678.0, 4157.0, 4292.0, 4417.0, 4464.0, 3871.0, 3691.0, 3910.0, 4366.0, 4900.0, 4846.0, 3643.0, 3512.0, 3727.0, 3717.0, 4174.0, 3994.0, 7337.0, 8420.0, 4645.0, 3629.0, 3377.0, 3352.0, 3793.0, 3982.0, 3674.0, 3472.0, 3143.0, 2624.0, 3103.0, 2838.0, 2516.0, 2742.0, 2852.0, 2789.0, 4921.0, 6436.0, 7486.0, 7855.0, 7327.0, 9367.0, 6243.0, 5105.0, 5311.0, 3132.0, 3349.0, 4063.0, 3698.0, 3008.0, 2367.0, 2285.0, 2041.0, 2082.0, 1875.0, 1872.0, 1901.0, 1702.0, 1563.0, 1688.0]",29375395.440452248
1,0.8,10,"[{""x"": -1.1013150215148926, ""y"": 1.5340447425842285, ""z"": 0.0, ""velocity"": 0.0, ""snr"": 0.0}, {""x"": -1.1968016624450684, ""y"": 1.482546329498291, ""z"": 0.0, ""velocity"": 0.0, ""snr"": 0.0}, {""x"": -0.11819601058959961, ""y"": 0.8119940757751465, ""z"": 0.0, ""velocity"": 0.0, ""snr"": 0.0}, {""x"": -0.10961294174194336, ""y"": 1.5578269958496094, ""z"": 0.0, ""velocity"": 0.0, ""snr"": 0.0}, {""x"": -0.1569986343383789, ""y"": 1.5655159950256348, ""z"": 0.0, ""velocity"": 0.0, ""snr"": 0.0}, {""x"": -0.17005205154418945, ""y"": 1.5681982040405273, ""z"": 0.0, ""velocity"": 0.0, ""snr"": 0.0}, {""x"": -0.18972158432006836, ""y"": 1.5848278999328613, ""z"": 0.0, ""velocity"": 0.0, ""snr"": 0.0}, {""x"": 0.029861927032470703, ""y"": 0.8806586265563965, ""z"": 0.0, ""velocity"": 0.0, ""snr"": 0.0}, {""x"": 1.150667667388916, ""y"": 1.7681121826171875, ""z"": 0.0, ""velocity"": 0.0, ""snr"": 0.0}, {""x"": 1.168370246887207, ""y"": 1.7747282981872559, ""z"": 0.0, ""velocity"": 0.0, ""snr"": 0.0}]","[145140.0, 215203.0, 148018.0, 45421.0, 9392.0, 4106.0, 20563.0, 38983.0, 32695.0, 23440.0, 30709.0, 30093.0, 13460.0, 9364.0, 5453.0, 3993.0, 8510.0, 26961.0, 43637.0, 26679.0, 80340.0, 93326.0, 42382.0, 8096.0, 4093.0, 3427.0, 4183.0, 4706.0, 4949.0, 7466.0, 10596.0, 7049.0, 12724.0, 52945.0, 125819.0, 114975.0, 39414.0, 11531.0, 12233.0, 10085.0, 19087.0, 30667.0, 29049.0, 14662.0, 8269.0, 28909.0, 47316.0, 34322.0, 15093.0, 9990.0, 15391.0, 14107.0, 10590.0, 9748.0, 8830.0, 6274.0, 5217.0, 4796.0, 8153.0, 8919.0, 6391.0, 6025.0, 5734.0, 5691.0, 6869.0, 7312.0, 5302.0, 5700.0, 6529.0, 4521.0, 3550.0, 4187.0, 4814.0, 4459.0, 3333.0, 3583.0, 3312.0, 4039.0, 4024.0, 3958.0, 3263.0, 3443.0, 3512.0, 3933.0, 3530.0, 4764.0, 7652.0, 8706.0, 5103.0, 3105.0, 3756.0, 3812.0, 4761.0, 4489.0, 4241.0, 4170.0, 3647.0, 2427.0, 2716.0, 3014.0, 3030.0, 2843.0, 2882.0, 3594.0, 4875.0, 5831.0, 6792.0, 7624.0, 6808.0, 8801.0, 6288.0, 5563.0, 5297.0, 2882.0, 3689.0, 4074.0, 3264.0, 2925.0, 2302.0, 2142.0, 2214.0, 2172.0, 2049.0, 1904.0, 1709.0, 1660.0, 1615.0, 1415.0]",28788201.662416004
2,0.8,12,"[{""x"": -0.5927681922912598, ""y"": 0.6694793701171875, ""z"": 0.0, ""velocity"": 0.0, ""snr"": 0.0}, {""x"": -1.0703802108764648, ""y"": 1.5540719032287598, ""z"": 0.0, ""velocity"": 0.0, ""snr"": 0.0}, {""x"": -1.1723041534423828, ""y"": 1.5025734901428223, ""z"": 0.0, ""velocity"": 0.0, ""snr"": 0.0}, {""x"": -0.8997917175292969, ""y"": 1.6264915466308594, ""z"": 0.0, ""velocity"": 0.0, ""snr"": 0.0}, {""x"": -0.09369850158691406, ""y"": 0.8107423782348633, ""z"": 0.0, ""velocity"": 0.0, ""snr"": 0.0}, {""x"": -0.11479854583740234, ""y"": 1.5560388565063477, ""z"": 0.0, ""velocity"": 0.0, ""snr"": 0.0}, {""x"": -0.15807151794433594, ""y"": 1.5649795532226562, ""z"": 0.0, ""velocity"": 0.0, ""snr"": 0.0}, {""x"": -0.16450881958007812, ""y"": 1.5687346458435059, ""z"": 0.0, ""velocity"": 0.0, ""snr"": 0.0}, {""x"": -0.10836124420166016, ""y"": 1.5941262245178223, ""z"": 0.0, ""velocity"": 0.0, ""snr"": 0.0}, {""x"": 0.10603666305541992, ""y"": 0.8724331855773926, ""z"": 0.0, ""velocity"": 0.0, ""snr"": 0.0}, {""x"": 1.1504888534545898, ""y"": 1.767575740814209, ""z"": 0.0, ""velocity"": 0.0, ""snr"": 0.0}, {""x"": 1.1327862739562988, ""y"": 1.7990469932556152, ""z"": 0.0, ""velocity"": 0.0, ""snr"": 0.0}]","[145530.0, 215612.0, 148331.0, 45089.0, 9067.0, 4119.0, 21673.0, 41402.0, 34026.0, 22478.0, 29685.0, 30661.0, 15276.0, 5248.0, 4065.0, 6837.0, 10614.0, 27195.0, 48050.0, 26289.0, 81576.0, 95215.0, 43653.0, 9394.0, 7121.0, 4874.0, 4633.0, 5182.0, 5473.0, 7295.0, 11044.0, 7461.0, 12980.0, 54822.0, 128846.0, 116625.0, 40204.0, 11894.0, 11925.0, 12505.0, 20591.0, 30511.0, 28724.0, 14926.0, 9253.0, 29789.0, 47181.0, 34281.0, 16080.0, 11851.0, 15786.0, 14368.0, 11189.0, 10269.0, 8947.0, 7003.0, 5311.0, 5228.0, 8248.0, 8612.0, 6166.0, 6837.0, 5806.0, 6590.0, 7692.0, 7657.0, 6702.0, 7535.0, 7957.0, 4677.0, 3698.0, 3650.0, 4103.0, 4832.0, 3694.0, 2953.0, 3325.0, 4115.0, 4730.0, 3893.0, 3491.0, 3564.0, 3608.0, 4010.0, 4114.0, 4357.0, 7649.0, 8216.0, 4621.0, 3343.0, 3359.0, 2910.0, 3445.0, 3897.0, 3382.0, 3970.0, 3218.0, 2522.0, 2792.0, 2805.0, 2555.0, 2397.0, 2720.0, 3117.0, 4983.0, 6186.0, 7205.0, 7649.0, 6461.0, 8541.0, 6730.0, 5803.0, 5713.0, 3312.0, 4149.0, 4139.0, 3431.0, 2893.0, 2280.0, 2379.0, 2142.0, 2005.0, 1984.0, 1792.0, 1645.0, 1592.0, 1668.0, 1517.0]",28212154.195267733
3,0.8,10,"[{""x"": -1.086115837097168, ""y"": 1.5415549278259277, ""z"": 0.0, ""velocity"": 0.0, ""snr"": 0.0}, {""x"": -1.1420845985412598, ""y"": 1.5227794647216797, ""z"": 0.0, ""velocity"": 0.0, ""snr"": 0.0}, {""x"": -0.0788569450378418, ""y"": 0.8132457733154297, ""z"": 0.0, ""velocity"": 0.0, ""snr"": 0.0}, {""x"": -0.1112222671508789, ""y"": 1.557469367980957, ""z"": 0.0, ""velocity"": 0.0, ""snr"": 0.0}, {""x"": -0.15664100646972656, ""y"": 1.5651583671569824, ""z"": 0.0, ""velocity"": 0.0, ""snr"": 0.0}, {""x"": -0.16701221466064453, ""y"": 1.5669465065002441, ""z"": 0.0, ""velocity"": 0.0, ""snr"": 0.0}, {""x"": -0.16075372695922852, ""y"": 1.5898346900939941, ""z"": 0.0, ""velocity"": 0.0, ""snr"": 0.0}, {""x"": 0.0413060188293457, ""y"": 0.876009464263916, ""z"": 0.0, ""velocity"": 0.0, ""snr"": 0.0}, {""x"": 1.1515617370605469, ""y"": 1.7679333686828613, ""z"": 0.0, ""velocity"": 0.0, ""snr"": 0.0}, {""x"": 1.1524558067321777, ""y"": 1.7870664596557617, ""z"": 0.0, ""velocity"": 0.0, ""snr"": 0.0}]","[145402.0, 215163.0, 147915.0, 45524.0, 9147.0, 3587.0, 14663.0, 28097.0, 21368.0, 11808.0, 26966.0, 34607.0, 17271.0, 6961.0, 9960.0, 7257.0, 11920.0, 30009.0, 46342.0, 26064.0, 78263.0, 93187.0, 44405.0, 10559.0, 7930.0, 5170.0, 3196.0, 5226.0, 5012.0, 6805.0, 10861.0, 7256.0, 13029.0, 53960.0, 128791.0, 116153.0, 36448.0, 13289.0, 16378.0, 14071.0, 20700.0, 30786.0, 27999.0, 13498.0, 10260.0, 29710.0, 48255.0, 35703.0, 16761.0, 11133.0, 14766.0, 12250.0, 8378.0, 8278.0, 7602.0, 6957.0, 5265.0, 4799.0, 8069.0, 8795.0, 6422.0, 5963.0, 5720.0, 6145.0, 6948.0, 7701.0, 4899.0, 6815.0, 7887.0, 5363.0, 4052.0, 3823.0, 4213.0, 4101.0, 3351.0, 3084.0, 3261.0, 3894.0, 4187.0, 4042.0, 3795.0, 4407.0, 3814.0, 3060.0, 4406.0, 5607.0, 7479.0, 8437.0, 4821.0, 3724.0, 3290.0, 3528.0, 3809.0, 4335.0, 4285.0, 3955.0, 2898.0, 2858.0, 2926.0, 3073.0, 2621.0, 2681.0, 3119.0, 3298.0, 4889.0, 5512.0, 6905.0, 7827.0, 6438.0, 8101.0, 6389.0, 5711.0, 5765.0, 3193.0, 4004.0, 4301.0, 3394.0, 2832.0, 2382.0, 2262.0, 2295.0, 2295.0, 1903.0, 1745.0, 1734.0, 1672.0, 1568.0, 1665.0]",27647653.46227411
4,0.8,9,"[{""x"": -0.10657310485839844, ""y"": 0.8271932601928711, ""z"": 0.0, ""velocity"": 0.0, ""snr"": 0.0}, {""x"": -0.10675191879272461, ""y"": 0.9292960166931152, ""z"": 0.0, ""velocity"": 0.0, ""snr"": 0.0}, {""x"": -0.12248754501342773, ""y"": 1.5572905540466309, ""z"": 0.0, ""velocity"": 0.0, ""snr"": 0.0}, {""x"": -0.15753507614135742, ""y"": 1.5653371810913086, ""z"": 0.0, ""velocity"": 0.0, ""snr"": 0.0}, {""x"": -0.16647577285766602, ""y"": 1.5683770179748535, ""z"": 0.0, ""velocity"": 0.0, ""snr"": 0.0}, {""x"": -0.14609098434448242, ""y"": 1.5871524810791016, ""z"": 0.0, ""velocity"": 0.0, ""snr"": 0.0}, {""x"": -0.042557716369628906, ""y"": 0.8922815322875977, ""z"": 0.0, ""velocity"": 0.0, ""snr"": 0.0}, {""x"": 1.1603236198425293, ""y"": 1.7609596252441406, ""z"": 0.0, ""velocity"": 0.0, ""snr"": 0.0}, {""x"": 1.1846423149108887, ""y"": 1.7632842063903809, ""z"": 0.0, ""velocity"": 0.0, ""snr"": 0.0}]","[145634.0, 215478.0, 148228.0, 45427.0, 9199.0, 3704.0, 6639.0, 14821.0, 17267.0, 11272.0, 13738.0, 23479.0, 20520.0, 10297.0, 8093.0, 7731.0, 9443.0, 20933.0, 31914.0, 32079.0, 69950.0, 81711.0, 39166.0, 10953.0, 6911.0, 4992.0, 4703.0, 4879.0, 5304.0, 6954.0, 10565.0, 6476.0, 11871.0, 54649.0, 130729.0, 118876.0, 40112.0, 10675.0, 11245.0, 11367.0, 18290.0, 29582.0, 28553.0, 14238.0, 10346.0, 30648.0, 48713.0, 35245.0, 15059.0, 10338.0, 15730.0, 13976.0, 9677.0, 9202.0, 8656.0, 6688.0, 6217.0, 5586.0, 7817.0, 9712.0, 7431.0, 6050.0, 5716.0, 6267.0, 7409.0, 6997.0, 5051.0, 4354.0, 5646.0, 4954.0, 4211.0, 4590.0, 4960.0, 4625.0, 3469.0, 2876.0, 3001.0, 3808.0, 5143.0, 4891.0, 3749.0, 3285.0, 3524.0, 3084.0, 3837.0, 5045.0, 7486.0, 8087.0, 4159.0, 3723.0, 3361.0, 3397.0, 3682.0, 3670.0, 4131.0, 4409.0, 3673.0, 2638.0, 3336.0, 3056.0, 2749.0, 2759.0, 2715.0, 3202.0, 4580.0, 5793.0, 7068.0, 7353.0, 7208.0, 8734.0, 6121.0, 5360.0, 5593.0, 3413.0, 3918.0, 4336.0, 3656.0, 3305.0, 2460.0, 2287.0, 2115.0, 2099.0, 1949.0, 2007.0, 1767.0, 1560.0, 1671.0, 1569.0]",27094744.338813264
5,0.8,11,"[{""x"": -1.1213421821594238, ""y"": 1.542985439300537, ""z"": 0.0, ""velocity"": 0.0, ""snr"": 0.0}, {""x"": -1.0437369346618652, ""y"": 1.5683770179748535, ""z"": 0.0, ""velocity"": 0.0, ""snr"": 0.0}, {""x"": -0.2548098564147949, ""y"": 0.9121298789978027, ""z"": 0.0, ""velocity"": 0.0, ""snr"": 0.0}, {""x"": -0.1423358917236328, ""y"": 0.9316205978393555, ""z"": 0.0, ""velocity"": 0.0, ""snr"": 0.0}, {""x"": -0.12624263763427734, ""y"": 1.556396484375, ""z"": 0.0, ""velocity"": 0.0, ""snr"": 0.0}, {""x"": -0.15270709991455078, ""y"": 1.5653371810913086, ""z"": 0.0, ""velocity"": 0.0, ""snr"": 0.0}, {""x"": -0.16021728515625, ""y"": 1.5687346458435059, ""z"": 0.0, ""velocity"": 0.0, ""snr"": 0.0}, {""x"": -0.15217065811157227, ""y"": 1.5882253646850586, ""z"": 0.0, ""velocity"": 0.0, ""snr"": 0.0}, {""x"": 0.5089044570922852, ""y"": 0.7322430610656738, ""z"": 0.0, ""velocity"": 0.0, ""snr"": 0.0}, {""x"": 1.200556755065918, ""y"": 1.7361044883728027, ""z"": 0.0, ""velocity"": 0.0, ""snr"": 0.0}, {""x"": 1.2449026107788086, ""y"": 1.7214417457580566, ""z"": 0.0, ""velocity"": 0.0, ""snr"": 0.0}]","[145146.0, 215075.0, 147924.0, 45378.0, 9461.0, 5108.0, 16641.0, 23659.0, 18995.0, 13844.0, 32428.0, 33561.0, 18657.0, 12013.0, 8137.0, 4547.0, 7996.0, 18882.0, 31111.0, 25638.0, 62123.0, 69896.0, 33015.0, 6402.0, 6317.0, 5676.0, 6099.0, 5891.0, 4997.0, 7465.0, 10751.0, 7259.0, 12228.0, 56852.0, 134449.0, 120771.0, 41076.0, 11893.0, 11490.0, 12381.0, 22041.0, 32151.0, 30297.0, 16846.0, 11418.0, 30685.0, 48965.0, 36269.0, 15511.0, 10552.0, 15540.0, 13601.0, 9341.0, 11949.0, 9666.0, 7433.0, 5622.0, 5738.0, 8294.0, 9642.0, 8073.0, 6808.0, 6675.0, 7550.0, 8393.0, 8688.0, 5204.0, 4344.0, 5830.0, 4591.0, 3681.0, 3676.0, 3940.0, 4351.0, 4435.0, 3456.0, 3949.0, 4138.0, 5515.0, 6646.0, 5781.0, 4713.0, 3392.0, 3634.0, 3902.0, 3881.0, 6907.0, 7752.0, 4121.0, 3858.0, 3633.0, 3565.0, 4184.0, 4408.0, 5086.0, 4168.0, 3115.0, 2670.0, 3121.0, 2837.0, 2532.0, 2758.0, 3118.0, 3303.0, 4505.0, 5552.0, 7044.0, 7261.0, 7280.0, 9290.0, 6341.0, 5323.0, 5174.0, 3256.0, 4031.0, 4150.0, 3377.0, 2617.0, 2419.0, 2378.0, 2309.0, 2591.0, 2169.0, 1975.0, 1752.0, 1721.0, 1479.0, 1511.0]",26553118.40323188
6,0.8,11,"[{""x"": -1.048743724822998, ""y"": 1.5660524368286133, ""z"": 0.0, ""velocity"": 0.0, ""snr"": 0.0}, {""x"": -0.13715028762817383, ""y"": 0.8089542388916016, ""z"": 0.0, ""velocity"": 0.0, ""snr"": 0.0}, {""x"": -0.11855363845825195, ""y"": 0.9393095970153809, ""z"": 0.0, ""velocity"": 0.0, ""snr"": 0.0}, {""x"": -0.11068582534790039, ""y"": 1.5580058097839355, ""z"": 0.0, ""velocity"": 0.0, ""snr"": 0.0}, {""x"": -0.14895200729370117, ""y"": 1.5664100646972656, ""z"": 0.0, ""velocity"": 0.0, ""snr"": 0.0}, {""x"": -0.16164779663085938, ""y"": 1.5692710876464844, ""z"": 0.0, ""velocity"": 0.0, ""snr"": 0.0}, {""x"": -0.14537572860717773, ""y"": 1.591801643371582, ""z"": 0.0, ""velocity"": 0.0, ""snr"": 0.0}, {""x"": -0.021457672119140625, ""y"": 0.9405612945556641, ""z"": 0.0, ""velocity"": 0.0, ""snr"": 0.0}, {""x"": 0.45740604400634766, ""y"": 0.7671117782592773, ""z"": 0.0, ""velocity"": 0.0, ""snr"": 0.0}, {""x"": 1.208961009979248, ""y"": 1.7284154891967773, ""z"": 0.0, ""velocity"": 0.0, ""snr"": 0.0}, {""x"": 1.2395381927490234, ""y"": 1.7244815826416016, ""z"": 0.0, ""velocity"": 0.0, ""snr"": 0.0}]","[145446.0, 215399.0, 148090.0, 45501.0, 9389.0, 4976.0, 17306.0, 29661.0, 28687.0, 45380.0, 58789.0, 42375.0, 21700.0, 9534.0, 5156.0, 8471.0, 14074.0, 1134184.0, 1363968.0, 1344000.0, 917248.0, 838912.0, 877312.0, 1068288.0, 996352.0, 958464.0, 945920.0, 747520.0, 917760.0, 979456.0, 846848.0, 810752.0, 900608.0, 888576.0, 1023488.0, 1206272.0, 1697024.0, 1889280.0, 1089024.0, 968448.0, 795136.0, 776960.0, 1020160.0, 1101568.0, 1192448.0, 1125888.0, 866560.0, 726784.0, 793856.0, 654848.0, 712704.0, 698368.0, 672768.0, 825856.0, 1049344.0, 1391104.0, 1893120.0, 1980928.0, 1689856.0, 2240512.0, 1655552.0, 1335296.0, 1310208.0, 886016.0, 920064.0, 957184.0, 806144.0, 724992.0, 598528.0, 613120.0, 616960.0, 582144.0, 546560.0, 506624.0, 432640.0, 454144.0, 453888.0, 452352.0, 0.0, 0.0, 0.0, 0.0, 0.0, 0.0, 33554432.0, 100860929.0, 460805.0, 3221554435.0, 838860802.0, 3103787620.0, 1.0, 184549376.0, 33554432.0, 4278190080.0, 771751935.0, 2181038081.0, 0.0, 758725504.0, 3784409.0, 4096000.0, 188710912.0, 3858759680.0, 2276073.0, 805306368.0, 2818208846.0, 16.0, 3796777728.0, 1165304.0, 1191182336.0, 335184970.0, 17.0, 2387235328.0, 2230525.0, 1040187392.0, 905752401.0, 34.0, 609053952.0, 2243836.0, 1996488704.0, 2935756105.0, 34.0, 524898560.0, 2579991.0, 838860800.0, 3340386381.0, 37.0, 3041739008.0, 2377500.0]",374462722.13714576
7,0.8,9,"[{""x"": -1.0541081428527832, ""y"": 1.564621925354004, ""z"": 0.0, ""velocity"": 0.0, ""snr"": 0.0}, {""x"": -0.28574466705322266, ""y"": 0.7445812225341797, ""z"": 0.0, ""velocity"": 0.0, ""snr"": 0.0}, {""x"": -0.292360782623291, ""y"": 0.7560253143310547, ""z"": 0.0, ""velocity"": 0.0, ""snr"": 0.0}, {""x"": -0.0997781753540039, ""y"": 1.5599727630615234, ""z"": 0.0, ""velocity"": 0.0, ""snr"": 0.0}, {""x"": -0.15610456466674805, ""y"": 1.5664100646972656, ""z"": 0.0, ""velocity"": 0.0, ""snr"": 0.0}, {""x"": -0.17219781875610352, ""y"": 1.5676617622375488, ""z"": 0.0, ""velocity"": 0.0, ""snr"": 0.0}, {""x"": -0.18543004989624023, ""y"": 1.584470272064209, ""z"": 0.0, ""velocity"": 0.0, ""snr"": 0.0}, {""x"": 1.1715888977050781, ""y"": 1.745760440826416, ""z"": 0.0, ""velocity"": 0.0, ""snr"": 0.0}, {""x"": 1.264035701751709, ""y"": 1.6985535621643066, ""z"": 0.0, ""velocity"": 0.0, ""snr"": 0.0}]","[145261.0, 215511.0, 148246.0, 45257.0, 9182.0, 3438.0, 8288.0, 9534.0, 19415.0, 23364.0, 14414.0, 6027.0, 5881.0, 6695.0, 5047.0, 4559.0, 15105.0, 35443.0, 35889.0, 22787.0, 51320.0, 56975.0, 24249.0, 6814.0, 4171.0, 5325.0, 5955.0, 5613.0, 5888.0, 6841.0, 7924.0, 10264.0, 11658.0, 64306.0, 159010.0, 145962.0, 48529.0, 11484.0, 10472.0, 10620.0, 18906.0, 31927.0, 28647.0, 13375.0, 13137.0, 32671.0, 47088.0, 29558.0, 10326.0, 13026.0, 14336.0, 15293.0, 12129.0, 9216.0, 7101.0, 5287.0, 5491.0, 5821.0, 6503.0, 6475.0, 5751.0, 5694.0, 5533.0, 6472.0, 8136.0, 8124.0, 4413.0, 5317.0, 5618.0, 3719.0, 3267.0, 3674.0, 3671.0, 4185.0, 3521.0, 3327.0, 3384.0, 3995.0, 4889.0, 5188.0, 4588.0, 3825.0, 3334.0, 3108.0, 2903.0, 3280.0, 6204.0, 8005.0, 4524.0, 3178.0, 3472.0, 2995.0, 4158.0, 4856.0, 4607.0, 3722.0, 3093.0, 2920.0, 3461.0, 4111.0, 3671.0, 2799.0, 2299.0, 2966.0, 4781.0, 6099.0, 7053.0, 6636.0, 6500.0, 8632.0, 5602.0, 5075.0, 5348.0, 3308.0, 3744.0, 4029.0, 3517.0, 2890.0, 2241.0, 2251.0, 2192.0, 2053.0, 1865.0, 1708.0, 1877.0, 1769.0, 1712.0, 1650.0]",32720408.937560163
8,0.8,12,"[{""x"": -1.0859370231628418, ""y"": 1.5633702278137207, ""z"": 0.0, ""velocity"": 0.0, ""snr"": 0.0}, {""x"": -0.36263465881347656, ""y"": 0.7055997848510742, ""z"": 0.0, ""velocity"": 0.0, ""snr"": 0.0}, {""x"": -0.42182207107543945, ""y"": 0.6884336471557617, ""z"": 0.0, ""velocity"": 0.0, ""snr"": 0.0}, {""x"": -1.031041145324707, ""y"": 1.5778541564941406, ""z"": 0.0, ""velocity"": 0.0, ""snr"": 0.0}, {""x"": -0.02467632293701172, ""y"": 0.31685829162597656, ""z"": 0.0, ""velocity"": 0.0, ""snr"": 0.0}, {""x"": -0.10782480239868164, ""y"": 1.558542251586914, ""z"": 0.0, ""velocity"": 0.0, ""snr"": 0.0}, {""x"": -0.15968084335327148, ""y"": 1.565694808959961, ""z"": 0.0, ""velocity"": 0.0, ""snr"": 0.0}, {""x"": -0.1723766326904297, ""y"": 1.5671253204345703, ""z"": 0.0, ""velocity"": 0.0, ""snr"": 0.0}, {""x"": -0.17452239990234375, ""y"": 1.5867948532104492, ""z"": 0.0, ""velocity"": 0.0, ""snr"": 0.0}, {""x"": 0.2251267433166504, ""y"": 0.8500814437866211, ""z"": 0.0, ""velocity"": 0.0, ""snr"": 0.0}, {""x"": 1.169443130493164, ""y"": 1.747727394104004, ""z"": 0.0, ""velocity"": 0.0, ""snr"": 0.0}, {""x"": 1.2402534484863281, ""y"": 1.7150044441223145, ""z"": 0.0, ""velocity"": 0.0, ""snr"": 0.0}]","[145469.0, 215291.0, 147930.0, 45354.0, 9302.0, 5147.0, 22255.0, 37123.0, 23194.0, 22126.0, 12864.0, 10762.0, 4796.0, 6969.0, 4947.0, 4404.0, 16034.0, 31891.0, 31033.0, 17574.0, 40333.0, 49269.0, 22350.0, 5122.0, 6627.0, 5598.0, 5918.0, 5740.0, 5323.0, 5930.0, 8302.0, 10388.0, 10924.0, 63452.0, 155500.0, 141583.0, 46159.0, 12535.0, 10972.0, 11986.0, 19636.0, 31202.0, 27749.0, 13698.0, 11706.0, 32011.0, 46830.0, 29056.0, 9410.0, 11189.0, 14586.0, 14776.0, 11400.0, 9572.0, 7038.0, 5609.0, 6157.0, 6057.0, 7959.0, 7924.0, 5681.0, 6074.0, 5227.0, 6048.0, 7983.0, 7239.0, 3947.0, 4437.0, 5085.0, 4591.0, 3612.0, 3922.0, 3744.0, 3772.0, 3866.0, 3504.0, 3708.0, 4078.0, 4086.0, 3877.0, 4376.0, 4358.0, 3953.0, 3463.0, 3263.0, 3650.0, 6665.0, 8225.0, 4659.0, 3318.0, 3250.0, 3073.0, 3422.0, 3587.0, 3239.0, 3105.0, 2953.0, 2377.0, 3142.0, 3232.0, 3424.0, 2728.0, 2669.0, 2946.0, 4821.0, 6537.0, 7326.0, 6682.0, 6529.0, 9063.0, 5899.0, 5132.0, 5077.0, 3033.0, 3963.0, 3439.0, 2794.0, 2707.0, 2231.0, 2253.0, 2393.0, 2030.0, 2053.0, 1869.0, 1795.0, 1636.0, 1618.0, 1475.0]",32066593.278373845
9,0.8,11,"[{""x"": -1.0877251625061035, ""y"": 1.5635490417480469, ""z"": 0.0, ""velocity"": 0.0, ""snr"": 0.0}, {""x"": -0.3783702850341797, ""y"": 0.6996989250183105, ""z"": 0.0, ""velocity"": 0.0, ""snr"": 0.0}, {""x"": -0.4261136054992676, ""y"": 0.6873607635498047, ""z"": 0.0, ""velocity"": 0.0, ""snr"": 0.0}, {""x"": -1.0187029838562012, ""y"": 1.5851855278015137, ""z"": 0.0, ""velocity"": 0.0, ""snr"": 0.0}, {""x"": -0.10961294174194336, ""y"": 1.5576481819152832, ""z"": 0.0, ""velocity"": 0.0, ""snr"": 0.0}, {""x"": -0.1494884490966797, ""y"": 1.566767692565918, ""z"": 0.0, ""velocity"": 0.0, ""snr"": 0.0}, {""x"": -0.17148256301879883, ""y"": 1.5694499015808105, ""z"": 0.0, ""velocity"": 0.0, ""snr"": 0.0}, {""x"": -0.16236305236816406, ""y"": 1.5916228294372559, ""z"": 0.0, ""velocity"": 0.0, ""snr"": 0.0}, {""x"": 0.26357173919677734, ""y"": 0.840604305267334, ""z"": 0.0, ""velocity"": 0.0, ""snr"": 0.0}, {""x"": 1.1919736862182617, ""y"": 1.7369985580444336, ""z"": 0.0, ""velocity"": 0.0, ""snr"": 0.0}, {""x"": 1.2146830558776855, ""y"": 1.7357468605041504, ""z"": 0.0, ""velocity"": 0.0, ""snr"": 0.0}]","[145089.0, 215265.0, 148050.0, 45318.0, 9478.0, 6292.0, 22755.0, 33413.0, 38450.0, 30275.0, 13387.0, 10753.0, 5147.0, 5211.0, 4688.0, 4051.0, 16793.0, 35241.0, 35675.0, 20805.0, 40392.0, 45680.0, 21320.0, 6572.0, 7047.0, 3753.0, 3350.0, 4392.0, 5115.0, 5192.0, 9501.0, 9983.0, 10816.0, 64377.0, 155372.0, 143347.0, 52618.0, 16048.0, 12810.0, 12619.0, 20340.0, 31328.0, 27917.0, 14577.0, 11676.0, 30783.0, 46512.0, 30597.0, 10656.0, 12007.0, 14905.0, 14810.0, 10905.0, 8166.0, 7051.0, 6542.0, 5247.0, 6076.0, 7291.0, 7972.0, 5809.0, 5225.0, 5142.0, 7122.0, 8695.0, 8194.0, 4044.0, 4164.0, 4865.0, 4174.0, 3486.0, 3491.0, 3536.0, 4251.0, 3803.0, 3344.0, 4269.0, 4240.0, 4685.0, 3922.0, 2765.0, 2986.0, 3674.0, 3728.0, 4081.0, 4253.0, 7038.0, 7637.0, 4018.0, 3276.0, 3886.0, 4161.0, 4045.0, 4384.0, 3844.0, 3732.0, 3377.0, 2897.0, 3591.0, 3255.0, 2995.0, 2537.0, 2792.0, 3414.0, 5107.0, 6114.0, 7853.0, 7600.0, 6514.0, 8951.0, 6529.0, 5117.0, 5362.0, 3324.0, 3833.0, 3722.0, 3506.0, 3154.0, 2532.0, 2769.0, 2669.0, 2216.0, 1917.0, 1666.0, 1640.0, 1687.0, 1566.0, 1553.0]",31425206.291048277
10,0.8,11,"[{""x"": -0.4080533981323242, ""y"": 0.699162483215332, ""z"": 0.0, ""velocity"": 0.0, ""snr"": 0.0}, {""x"": -0.3451108932495117, ""y"": 0.7150769233703613, ""z"": 0.0, ""velocity"": 0.0, ""snr"": 0.0}, {""x"": -0.026106834411621094, ""y"": 0.3274083137512207, ""z"": 0.0, ""velocity"": 0.0, ""snr"": 0.0}, {""x"": -0.09924173355102539, ""y"": 1.558542251586914, ""z"": 0.0, ""velocity"": 0.0, ""snr"": 0.0}, {""x"": -0.14930963516235352, ""y"": 1.566767692565918, ""z"": 0.0, ""velocity"": 0.0, ""snr"": 0.0}, {""x"": -0.1736283302307129, ""y"": 1.5685558319091797, ""z"": 0.0, ""velocity"": 0.0, ""snr"": 0.0}, {""x"": -0.1696944236755371, ""y"": 1.5921592712402344, ""z"": 0.0, ""velocity"": 0.0, ""snr"": 0.0}, {""x"": 0.0016093254089355469, ""y"": 0.9316205978393555, ""z"": 0.0, ""velocity"": 0.0, ""snr"": 0.0}, {""x"": 0.125885009765625, ""y"": 0.8856654167175293, ""z"": 0.0, ""velocity"": 0.0, ""snr"": 0.0}, {""x"": 1.2198686599731445, ""y"": 1.7162561416625977, ""z"": 0.0, ""velocity"": 0.0, ""snr"": 0.0}, {""x"": 1.31911039352417, ""y"": 1.658320426940918, ""z"": 0.0, ""velocity"": 0.0, ""snr"": 0.0}]","[145268.0, 215470.0, 148170.0, 45384.0, 9198.0, 8059.0, 37774.0, 68630.0, 53610.0, 19274.0, 15336.0, 14850.0, 11219.0, 6826.0, 3830.0, 3589.0, 14837.0, 33741.0, 33380.0, 24727.0, 46588.0, 51813.0, 22627.0, 5477.0, 6102.0, 4828.0, 4344.0, 5602.0, 5473.0, 5707.0, 10072.0, 9225.0, 10644.0, 62283.0, 151138.0, 138882.0, 49544.0, 18359.0, 14862.0, 11550.0, 20239.0, 32379.0, 30485.0, 16338.0, 10491.0, 30164.0, 45052.0, 28725.0, 10733.0, 11554.0, 15457.0, 14688.0, 9865.0, 8708.0, 6972.0, 5793.0, 5742.0, 6903.0, 8120.0, 8738.0, 6126.0, 5512.0, 4927.0, 6593.0, 8366.0, 7504.0, 4383.0, 4561.0, 5612.0, 5024.0, 3619.0, 3074.0, 3363.0, 4796.0, 4943.0, 3810.0, 4206.0, 3746.0, 3622.0, 4488.0, 4880.0, 5187.0, 4258.0, 2742.0, 3252.0, 5397.0, 7390.0, 7818.0, 4756.0, 3545.0, 3956.0, 4242.0, 3710.0, 3783.0, 3526.0, 3696.0, 3883.0, 3123.0, 3040.0, 3275.0, 3190.0, 2895.0, 3004.0, 3576.0, 4744.0, 6521.0, 7994.0, 7465.0, 6704.0, 8592.0, 5926.0, 5423.0, 5730.0, 3521.0, 3748.0, 3913.0, 3710.0, 3093.0, 2312.0, 2670.0, 2588.0, 2326.0, 1914.0, 1872.0, 1748.0, 1662.0, 1831.0, 1748.0]",30796980.904495157
11,0.8,11,"[{""x"": -1.0512471199035645, ""y"": 1.565873622894287, ""z"": 0.0, ""velocity"": 0.0, ""snr"": 0.0}, {""x"": -0.2875328063964844, ""y"": 0.7444024085998535, ""z"": 0.0, ""velocity"": 0.0, ""snr"": 0.0}, {""x"": -0.2776980400085449, ""y"": 0.765681266784668, ""z"": 0.0, ""velocity"": 0.0, ""snr"": 0.0}, {""x"": -0.04023313522338867, ""y"": 0.326693058013916, ""z"": 0.0, ""velocity"": 0.0, ""snr"": 0.0}, {""x"": -0.14823675155639648, ""y"": 1.5671253204345703, ""z"": 0.0, ""velocity"": 0.0, ""snr"": 0.0}, {""x"": -0.16361474990844727, ""y"": 1.5692710876464844, ""z"": 0.0, ""velocity"": 0.0, ""snr"": 0.0}, {""x"": -0.1786351203918457, ""y"": 1.586616039276123, ""z"": 0.0, ""velocity"": 0.0, ""snr"": 0.0}, {""x"": -0.0960230827331543, ""y"": 1.5576481819152832, ""z"": 0.0, ""velocity"": 0.0, ""snr"": 0.0}, {""x"": 0.10031461715698242, ""y"": 0.8879899978637695, ""z"": 0.0, ""velocity"": 0.0, ""snr"": 0.0}, {""x"": 1.2375712394714355, ""y"": 1.703202724456787, ""z"": 0.0, ""velocity"": 0.0, ""snr"": 0.0}, {""x"": 1.3318061828613281, ""y"": 1.6466975212097168, ""z"": 0.0, ""velocity"": 0.0, ""snr"": 0.0}]","[145252.0, 215249.0, 147903.0, 45261.0, 9478.0, 6235.0, 32139.0, 61186.0, 47354.0, 17289.0, 12111.0, 8476.0, 7259.0, 5473.0, 3934.0, 4140.0, 15112.0, 36995.0, 37044.0, 29400.0, 52030.0, 53078.0, 22290.0, 5753.0, 4843.0, 4059.0, 5120.0, 5811.0, 5197.0, 5973.0, 10677.0, 7993.0, 10167.0, 62009.0, 152508.0, 140518.0, 48641.0, 12402.0, 11580.0, 11220.0, 18955.0, 31478.0, 28567.0, 14111.0, 11142.0, 30570.0, 46068.0, 28974.0, 10265.0, 11132.0, 15440.0, 13713.0, 9054.0, 8126.0, 6574.0, 6137.0, 5054.0, 6937.0, 7292.0, 8350.0, 6537.0, 6522.0, 5514.0, 6497.0, 7015.0, 7152.0, 4852.0, 5039.0, 5273.0, 5057.0, 3430.0, 3959.0, 3525.0, 4866.0, 5056.0, 2949.0, 3430.0, 2971.0, 3056.0, 3482.0, 3223.0, 4033.0, 3496.0, 2949.0, 3017.0, 4126.0, 7131.0, 8371.0, 4874.0, 4022.0, 4410.0, 3860.0, 3888.0, 3456.0, 3850.0, 3559.0, 3182.0, 2623.0, 3056.0, 3204.0, 2781.0, 2323.0, 2772.0, 3333.0, 5191.0, 6371.0, 7541.0, 7184.0, 7265.0, 9163.0, 6047.0, 5339.0, 5616.0, 3275.0, 3738.0, 4282.0, 3851.0, 3118.0, 2550.0, 2430.0, 2232.0, 2127.0, 1901.0, 1668.0, 1874.0, 1757.0, 1833.0, 1629.0]",30181013.29193383
12,0.8,9,"[{""x"": -0.25016069412231445, ""y"": 0.7588863372802734, ""z"": 0.0, ""velocity"": 0.0, ""snr"": 0.0}, {""x"": -0.20116567611694336, ""y"": 0.7848143577575684, ""z"": 0.0, ""velocity"": 0.0, ""snr"": 0.0}, {""x"": -0.11032819747924805, ""y"": 1.558363437652588, ""z"": 0.0, ""velocity"": 0.0, ""snr"": 0.0}, {""x"": -0.15288591384887695, ""y"": 1.5669465065002441, ""z"": 0.0, ""velocity"": 0.0, ""snr"": 0.0}, {""x"": -0.1639723777770996, ""y"": 1.569986343383789, ""z"": 0.0, ""velocity"": 0.0, ""snr"": 0.0}, {""x"": -0.16021728515625, ""y"": 1.5905499458312988, ""z"": 0.0, ""velocity"": 0.0, ""snr"": 0.0}, {""x"": 0.06204843521118164, ""y"": 0.8867383003234863, ""z"": 0.0, ""velocity"": 0.0, ""snr"": 0.0}, {""x"": 1.2341737747192383, ""y"": 1.7058849334716797, ""z"": 0.0, ""velocity"": 0.0, ""snr"": 0.0}, {""x"": 1.3834834098815918, ""y"": 1.6077160835266113, ""z"": 0.0, ""velocity"": 0.0, ""snr"": 0.0}]","[145348.0, 215494.0, 148293.0, 45383.0, 9255.0, 5670.0, 31525.0, 59256.0, 43531.0, 23047.0, 11279.0, 8152.0, 4859.0, 4586.0, 3683.0, 3574.0, 13931.0, 36680.0, 38892.0, 29988.0, 53273.0, 54125.0, 23442.0, 5604.0, 4386.0, 4329.0, 4232.0, 4471.0, 6090.0, 7114.0, 11280.0, 8279.0, 10760.0, 60116.0, 148191.0, 137392.0, 49452.0, 13854.0, 12240.0, 11475.0, 20521.0, 33452.0, 30504.0, 15576.0, 12357.0, 31534.0, 46270.0, 29726.0, 12945.0, 13570.0, 17727.0, 14420.0, 8765.0, 8236.0, 7967.0, 6421.0, 6203.0, 6476.0, 7876.0, 8860.0, 6914.0, 5896.0, 5615.0, 5728.0, 7177.0, 8118.0, 5976.0, 5116.0, 4781.0, 4469.0, 3635.0, 3729.0, 4011.0, 5015.0, 4942.0, 2737.0, 3186.0, 3830.0, 4222.0, 4245.0, 3822.0, 3161.0, 3024.0, 3000.0, 2829.0, 3784.0, 6995.0, 8434.0, 5452.0, 2982.0, 3507.0, 3191.0, 3389.0, 3918.0, 3429.0, 3739.0, 3424.0, 2938.0, 3004.0, 3588.0, 3475.0, 2534.0, 2561.0, 3733.0, 5625.0, 6818.0, 7642.0, 7062.0, 7030.0, 9028.0, 5849.0, 5196.0, 5390.0, 3138.0, 4000.0, 3940.0, 3321.0, 2866.0, 2367.0, 2364.0, 1981.0, 2034.0, 1938.0, 1929.0, 1793.0, 2001.0, 1709.0, 1633.0]",29577248.074942023
13,0.8,10,"[{""x"": -1.1388659477233887, ""y"": 1.52510404586792, ""z"": 0.0, ""velocity"": 0.0, ""snr"": 0.0}, {""x"": -0.24211406707763672, ""y"": 0.7658600807189941, ""z"": 0.0, ""velocity"": 0.0, ""snr"": 0.0}, {""x"": -0.15610456466674805, ""y"": 0.7989406585693359, ""z"": 0.0, ""velocity"": 0.0, ""snr"": 0.0}, {""x"": -0.10585784912109375, ""y"": 1.5590786933898926, ""z"": 0.0, ""velocity"": 0.0, ""snr"": 0.0}, {""x"": -0.15842914581298828, ""y"": 1.5664100646972656, ""z"": 0.0, ""velocity"": 0.0, ""snr"": 0.0}, {""x"": -0.17023086547851562, ""y"": 1.5687346458435059, ""z"": 0.0, ""velocity"": 0.0, ""snr"": 0.0}, {""x"": -0.17845630645751953, ""y"": 1.5873312950134277, ""z"": 0.0, ""velocity"": 0.0, ""snr"": 0.0}, {""x"": 0.05346536636352539, ""y"": 0.8731484413146973, ""z"": 0.0, ""velocity"": 0.0, ""snr"": 0.0}, {""x"": 1.2468695640563965, ""y"": 1.6971230506896973, ""z"": 0.0, ""velocity"": 0.0, ""snr"": 0.0}, {""x"": 1.3707876205444336, ""y"": 1.6182661056518555, ""z"": 0.0, ""velocity"": 0.0, ""snr"": 0.0}]","[145459.0, 215510.0, 148192.0, 45484.0, 9291.0, 6601.0, 35349.0, 64819.0, 52457.0, 40522.0, 21828.0, 5677.0, 8781.0, 6069.0, 3573.0, 3998.0, 13699.0, 36025.0, 40763.0, 34093.0, 56527.0, 54564.0, 22199.0, 7420.0, 6147.0, 4850.0, 6491.0, 6072.0, 5979.0, 7164.0, 11735.0, 8046.0, 9896.0, 59426.0, 147211.0, 136137.0, 46967.0, 12640.0, 12363.0, 11389.0, 20502.0, 34590.0, 31552.0, 15126.0, 10711.0, 29714.0, 44907.0, 29113.0, 11977.0, 12718.0, 16962.0, 14225.0, 9182.0, 8743.0, 7879.0, 6129.0, 4767.0, 7369.0, 8135.0, 8502.0, 6521.0, 7127.0, 5700.0, 7087.0, 7937.0, 7511.0, 4750.0, 4724.0, 5049.0, 4710.0, 3737.0, 4657.0, 4324.0, 4642.0, 4977.0, 2983.0, 3001.0, 3120.0, 3303.0, 3151.0, 3608.0, 4195.0, 3686.0, 3563.0, 3477.0, 3859.0, 7565.0, 8823.0, 5221.0, 3784.0, 4625.0, 4079.0, 4269.0, 4135.0, 3520.0, 3617.0, 3434.0, 3197.0, 2841.0, 3419.0, 3268.0, 2355.0, 2760.0, 3910.0, 5109.0, 6262.0, 7178.0, 6755.0, 6897.0, 8625.0, 5669.0, 5002.0, 5346.0, 3049.0, 3402.0, 3700.0, 3785.0, 3231.0, 2560.0, 2356.0, 2131.0, 2243.0, 2421.0, 1939.0, 1723.0, 1837.0, 1942.0, 1559.0]",28985937.567044973
14,0.8,7,"[{""x"": -0.24497509002685547, ""y"": 0.7628202438354492, ""z"": 0.0, ""velocity"": 0.0, ""snr"": 0.0}, {""x"": -0.1838207244873047, ""y"": 0.7928609848022461, ""z"": 0.0, ""velocity"": 0.0, ""snr"": 0.0}, {""x"": -0.10639429092407227, ""y"": 1.5571117401123047, ""z"": 0.0, ""velocity"": 0.0, ""snr"": 0.0}, {""x"": -0.15270709991455078, ""y"": 1.5664100646972656, ""z"": 0.0, ""velocity"": 0.0, ""snr"": 0.0}, {""x"": -0.1614689826965332, ""y"": 1.569986343383789, ""z"": 0.0, ""velocity"": 0.0, ""snr"": 0.0}, {""x"": -0.14269351959228516, ""y"": 1.5925168991088867, ""z"": 0.0, ""velocity"": 0.0, ""snr"": 0.0}, {""x"": 1.2398958206176758, ""y"": 1.701056957244873, ""z"": 0.0, ""velocity"": 0.0, ""snr"": 0.0}]","[145382.0, 215428.0, 148193.0, 45308.0, 9111.0, 6573.0, 33943.0, 60992.0, 40821.0, 40438.0, 31889.0, 8310.0, 4880.0, 4615.0, 3987.0, 4368.0, 16693.0, 41076.0, 44657.0, 34562.0, 70684.0, 69228.0, 28807.0, 6613.0, 6820.0, 5994.0, 5692.0, 6180.0, 5158.0, 6339.0, 9848.0, 6413.0, 11384.0, 61042.0, 147458.0, 136203.0, 48629.0, 14185.0, 11936.0, 10884.0, 19466.0, 33173.0, 30754.0, 14522.0, 8787.0, 28467.0, 43769.0, 26797.0, 10765.0, 11274.0, 15871.0, 14341.0, 10485.0, 8664.0, 6875.0, 6941.0, 6624.0, 6795.0, 8580.0, 8456.0, 6588.0, 7069.0, 5596.0, 6111.0, 7504.0, 7525.0, 4909.0, 3875.0, 4315.0, 4576.0, 4358.0, 4182.0, 3534.0, 4551.0, 3483.0, 3178.0, 3283.0, 3756.0, 3518.0, 3507.0, 3926.0, 4286.0, 4510.0, 3294.0, 2946.0, 3486.0, 7304.0, 9023.0, 5969.0, 4262.0, 4839.0, 3730.0, 4415.0, 5295.0, 3560.0, 2828.0, 2872.0, 3099.0, 3198.0, 3864.0, 3302.0, 2668.0, 2402.0, 3054.0, 4714.0, 6042.0, 7557.0, 7312.0, 7096.0, 8539.0, 5737.0, 4993.0, 5034.0, 2989.0, 3022.0, 3294.0, 3385.0, 3119.0, 2438.0, 2143.0, 2101.0, 2287.0, 2027.0, 1819.0, 1812.0, 1953.0, 1652.0, 1586.0]",28405927.37613486
0,0.8,9,"[{""x"": -1.126706600189209, ""y"": 1.535654067993164, ""z"": 0.0, ""velocity"": 0.0, ""snr"": 0.0}, {""x"": -1.0544657707214355, ""y"": 1.5642642974853516, ""z"": 0.0, ""velocity"": 0.0, ""snr"": 0.0}, {""x"": -0.23996829986572266, ""y"": 0.7621049880981445, ""z"": 0.0, ""velocity"": 0.0, ""snr"": 0.0}, {""x"": -0.1766681671142578, ""y"": 0.7869601249694824, ""z"": 0.0, ""velocity"": 0.0, ""snr"": 0.0}, {""x"": -0.1004934310913086, ""y"": 1.5590786933898926, ""z"": 0.0, ""velocity"": 0.0, ""snr"": 0.0}, {""x"": -0.15360116958618164, ""y"": 1.5665888786315918, ""z"": 0.0, ""velocity"": 0.0, ""snr"": 0.0}, {""x"": -0.16933679580688477, ""y"": 1.5685558319091797, ""z"": 0.0, ""velocity"": 0.0, ""snr"": 0.0}, {""x"": -0.17756223678588867, ""y"": 1.5859007835388184, ""z"": 0.0, ""velocity"": 0.0, ""snr"": 0.0}, {""x"": 1.1950135231018066, ""y"": 1.7336010932922363, ""z"": 0.0, ""velocity"": 0.0, ""snr"": 0.0}]","[145373.0, 215324.0, 148131.0, 45647.0, 9349.0, 5378.0, 27123.0, 49305.0, 58441.0, 60136.0, 37746.0, 12105.0, 4743.0, 4617.0, 3791.0, 4120.0, 20134.0, 49122.0, 50396.0, 31052.0, 72127.0, 70447.0, 30570.0, 7796.0, 5298.0, 6263.0, 5339.0, 5139.0, 4811.0, 5649.0, 9969.0, 7472.0, 9843.0, 60415.0, 147271.0, 136290.0, 46133.0, 10777.0, 9924.0, 10999.0, 20863.0, 34780.0, 32155.0, 16094.0, 9354.0, 29249.0, 43545.0, 27500.0, 9840.0, 10469.0, 15801.0, 14992.0, 11402.0, 9859.0, 8399.0, 7121.0, 5895.0, 6136.0, 8398.0, 9260.0, 8125.0, 7633.0, 5650.0, 6876.0, 7907.0, 7586.0, 4717.0, 5030.0, 5905.0, 5472.0, 4091.0, 3476.0, 3815.0, 4659.0, 4540.0, 3153.0, 4147.0, 4058.0, 3900.0, 3281.0, 3443.0, 4226.0, 3692.0, 3077.0, 3495.0, 4298.0, 7316.0, 8241.0, 4955.0, 4064.0, 4195.0, 3834.0, 5124.0, 5676.0, 4060.0, 3062.0, 2636.0, 2868.0, 3301.0, 3543.0, 3423.0, 2844.0, 2801.0, 3227.0, 4830.0, 5915.0, 7080.0, 6923.0, 7152.0, 8522.0, 5227.0, 5144.0, 5446.0, 3086.0, 3042.0, 2986.0, 3031.0, 2774.0, 2145.0, 2058.0, 2087.0, 2093.0, 2117.0, 1678.0, 1747.0, 1796.0, 1569.0, 1566.0]",27837801.48608679
1,0.8,9,"[{""x"": -1.066267490386963, ""y"": 1.5601515769958496, ""z"": 0.0, ""velocity"": 0.0, ""snr"": 0.0}, {""x"": -1.0980963706970215, ""y"": 1.5580058097839355, ""z"": 0.0, ""velocity"": 0.0, ""snr"": 0.0}, {""x"": -0.2542734146118164, ""y"": 0.7520914077758789, ""z"": 0.0, ""velocity"": 0.0, ""snr"": 0.0}, {""x"": -0.19598007202148438, ""y"": 0.7821321487426758, ""z"": 0.0, ""velocity"": 0.0, ""snr"": 0.0}, {""x"": -0.10228157043457031, ""y"": 1.5603303909301758, ""z"": 0.0, ""velocity"": 0.0, ""snr"": 0.0}, {""x"": -0.15091896057128906, ""y"": 1.5671253204345703, ""z"": 0.0, ""velocity"": 0.0, ""snr"": 0.0}, {""x"": -0.16057491302490234, ""y"": 1.5696287155151367, ""z"": 0.0, ""velocity"": 0.0, ""snr"": 0.0}, {""x"": -0.12052059173583984, ""y"": 1.592695713043213, ""z"": 0.0, ""velocity"": 0.0, ""snr"": 0.0}, {""x"": 1.1896491050720215, ""y"": 1.7387866973876953, ""z"": 0.0, ""velocity"": 0.0, ""snr"": 0.0}]","[145113.0, 215079.0, 147852.0, 45216.0, 9486.0, 6558.0, 35156.0, 65887.0, 67651.0, 62550.0, 36863.0, 10110.0, 5403.0, 4344.0, 3411.0, 4851.0, 21035.0, 48234.0, 46044.0, 31462.0, 75033.0, 71215.0, 27752.0, 4849.0, 5994.0, 5193.0, 5543.0, 6274.0, 4957.0, 6109.0, 9780.0, 8096.0, 10566.0, 62550.0, 154381.0, 143255.0, 48994.0, 13314.0, 12553.0, 11787.0, 19763.0, 34135.0, 32180.0, 17694.0, 9983.0, 29282.0, 44276.0, 29137.0, 12466.0, 10249.0, 15515.0, 15433.0, 12137.0, 10571.0, 8861.0, 7668.0, 5549.0, 5659.0, 7517.0, 9022.0, 7765.0, 6488.0, 6087.0, 6579.0, 7870.0, 7937.0, 5528.0, 6009.0, 6361.0, 5624.0, 3852.0, 3670.0, 3472.0, 4510.0, 4905.0, 3667.0, 3846.0, 4512.0, 4427.0, 3617.0, 3794.0, 3914.0, 4024.0, 3651.0, 2727.0, 3938.0, 7051.0, 8241.0, 4843.0, 4897.0, 4510.0, 4066.0, 4491.0, 4571.0, 4160.0, 3820.0, 3326.0, 2814.0, 2977.0, 3084.0, 3088.0, 2610.0, 2425.0, 3337.0, 5141.0, 6280.0, 7171.0, 6663.0, 7405.0, 8781.0, 5755.0, 5152.0, 5339.0, 3159.0, 3638.0, 3771.0, 3523.0, 2826.0, 2417.0, 2034.0, 1954.0, 1976.0, 1994.0, 1753.0, 1648.0, 1591.0, 1731.0, 1657.0]",27281086.99898351
2,0.8,8,"[{""x"": -0.26285648345947266, ""y"": 0.7504820823669434, ""z"": 0.0, ""velocity"": 0.0, ""snr"": 0.0}, {""x"": -0.21475553512573242, ""y"": 0.7832050323486328, ""z"": 0.0, ""velocity"": 0.0, ""snr"": 0.0}, {""x"": -0.11533498764038086, ""y"": 0.8677840232849121, ""z"": 0.0, ""velocity"": 0.0, ""snr"": 0.0}, {""x"": -0.10854005813598633, ""y"": 1.558542251586914, ""z"": 0.0, ""velocity"": 0.0, ""snr"": 0.0}, {""x"": -0.1569986343383789, ""y"": 1.5664100646972656, ""z"": 0.0, ""velocity"": 0.0, ""snr"": 0.0}, {""x"": -0.16862154006958008, ""y"": 1.5687346458435059, ""z"": 0.0, ""velocity"": 0.0, ""snr"": 0.0}, {""x"": -0.1659393310546875, ""y"": 1.586616039276123, ""z"": 0.0, ""velocity"": 0.0, ""snr"": 0.0}, {""x"": 1.1667609214782715, ""y"": 1.7507672309875488, ""z"": 0.0, ""velocity"": 0.0, ""snr"": 0.0}]","[145143.0, 215359.0, 148022.0, 45405.0, 9382.0, 5403.0, 34336.0, 71318.0, 63917.0, 50424.0, 30821.0, 9173.0, 5523.0, 5714.0, 4447.0, 4871.0, 21454.0, 49215.0, 48139.0, 32526.0, 74088.0, 69078.0, 27092.0, 6753.0, 7093.0, 6366.0, 6415.0, 5260.0, 4747.0, 5342.0, 10399.0, 8866.0, 11318.0, 64085.0, 157541.0, 146182.0, 49623.0, 10413.0, 10581.0, 11311.0, 20503.0, 34348.0, 32050.0, 16243.0, 9785.0, 29369.0, 45103.0, 29229.0, 11708.0, 11145.0, 15764.0, 15665.0, 12074.0, 9315.0, 8557.0, 6520.0, 5867.0, 5855.0, 8284.0, 9923.0, 8556.0, 7937.0, 6489.0, 6656.0, 8148.0, 8493.0, 5730.0, 6082.0, 7154.0, 6600.0, 4199.0, 4513.0, 4341.0, 5099.0, 5192.0, 3027.0, 3070.0, 3565.0, 4056.0, 3587.0, 3589.0, 3097.0, 4042.0, 3981.0, 3501.0, 3677.0, 6457.0, 7447.0, 4761.0, 3618.0, 3552.0, 4011.0, 4599.0, 5427.0, 4230.0, 3577.0, 3096.0, 2571.0, 2413.0, 2978.0, 2840.0, 2920.0, 2587.0, 3251.0, 4968.0, 6339.0, 7283.0, 7310.0, 6959.0, 8738.0, 5914.0, 5247.0, 5783.0, 3516.0, 3502.0, 3183.0, 3252.0, 3352.0, 2451.0, 2376.0, 2367.0, 2088.0, 2096.0, 1863.0, 1876.0, 1757.0, 1735.0, 1663.0]",26735200.84494134
3,0.8,8,"[{""x"": -1.0905861854553223, ""y"": 1.5404820442199707, ""z"": 0.0, ""velocity"": 0.0, ""snr"": 0.0}, {""x"": -0.2612471580505371, ""y"": 0.7519125938415527, ""z"": 0.0, ""velocity"": 0.0, ""snr"": 0.0}, {""x"": -0.21511316299438477, ""y"": 0.7871389389038086, ""z"": 0.0, ""velocity"": 0.0, ""snr"": 0.0}, {""x"": -0.12731552124023438, ""y"": 1.5572905540466309, ""z"": 0.0, ""velocity"": 0.0, ""snr"": 0.0}, {""x"": -0.15610456466674805, ""y"": 1.5662312507629395, ""z"": 0.0, ""velocity"": 0.0, ""snr"": 0.0}, {""x"": -0.1621842384338379, ""y"": 1.5701651573181152, ""z"": 0.0, ""velocity"": 0.0, ""snr"": 0.0}, {""x"": -0.1353621482849121, ""y"": 1.5935897827148438, ""z"": 0.0, ""velocity"": 0.0, ""snr"": 0.0}, {""x"": 1.219332218170166, ""y"": 1.7182230949401855, ""z"": 0.0, ""velocity"": 0.0, ""snr"": 0.0}]","[145225.0, 215482.0, 148139.0, 45532.0, 9398.0, 4845.0, 23354.0, 48897.0, 46253.0, 27133.0, 14411.0, 9653.0, 5829.0, 3880.0, 3844.0, 4832.0, 22031.0, 51602.0, 51641.0, 39057.0, 76353.0, 70095.0, 25241.0, 6411.0, 5783.0, 5269.0, 6109.0, 6849.0, 5411.0, 6378.0, 10255.0, 9107.0, 10678.0, 66578.0, 161162.0, 149020.0, 53825.0, 16298.0, 11956.0, 11355.0, 21312.0, 34219.0, 31771.0, 16938.0, 10168.0, 29766.0, 44986.0, 29727.0, 12473.0, 10941.0, 15283.0, 15669.0, 12975.0, 9658.0, 7163.0, 6169.0, 5737.0, 6146.0, 8843.0, 10791.0, 8307.0, 6532.0, 5459.0, 6313.0, 7863.0, 8145.0, 4563.0, 4931.0, 5568.0, 4821.0, 3879.0, 3698.0, 3696.0, 4449.0, 4700.0, 3320.0, 3747.0, 4153.0, 5925.0, 5811.0, 3559.0, 2839.0, 3351.0, 3245.0, 3031.0, 4941.0, 8009.0, 8179.0, 5230.0, 3927.0, 4291.0, 4455.0, 5277.0, 6133.0, 5320.0, 3938.0, 3820.0, 2841.0, 2525.0, 2509.0, 2934.0, 2720.0, 2810.0, 3454.0, 4998.0, 6256.0, 7422.0, 7069.0, 6768.0, 8638.0, 6005.0, 5791.0, 5611.0, 3332.0, 3805.0, 3596.0, 3039.0, 2880.0, 2657.0, 2101.0, 1832.0, 1825.0, 2182.0, 1918.0, 1721.0, 1799.0, 1586.0, 1620.0]",26199538.184629
4,0.8,7,"[{""x"": -0.26804208755493164, ""y"": 0.7513761520385742, ""z"": 0.0, ""velocity"": 0.0, ""snr"": 0.0}, {""x"": -0.2639293670654297, ""y"": 0.7796287536621094, ""z"": 0.0, ""velocity"": 0.0, ""snr"": 0.0}, {""x"": -0.12391805648803711, ""y"": 1.5571117401123047, ""z"": 0.0, ""velocity"": 0.0, ""snr"": 0.0}, {""x"": -0.15288591384887695, ""y"": 1.5664100646972656, ""z"": 0.0, ""velocity"": 0.0, ""snr"": 0.0}, {""x"": -0.16325712203979492, ""y"": 1.569807529449463, ""z"": 0.0, ""velocity"": 0.0, ""snr"": 0.0}, {""x"": -0.17720460891723633, ""y"": 1.5859007835388184, ""z"": 0.0, ""velocity"": 0.0, ""snr"": 0.0}, {""x"": 1.2064576148986816, ""y"": 1.7234086990356445, ""z"": 0.0, ""velocity"": 0.0, ""snr"": 0.0}]","[145253.0, 215238.0, 148064.0, 45222.0, 9395.0, 4659.0, 24756.0, 44588.0, 31740.0, 19171.0, 11023.0, 4878.0, 3630.0, 4937.0, 5317.0, 5016.0, 22133.0, 52589.0, 53544.0, 50797.0, 85471.0, 76150.0, 28344.0, 4398.0, 4783.0, 4771.0, 4308.0, 6243.0, 5519.0, 6647.0, 11198.0, 8779.0, 11285.0, 67059.0, 162189.0, 149773.0, 53171.0, 10926.0, 9270.0, 10517.0, 19441.0, 33128.0, 31451.0, 17240.0, 10818.0, 29668.0, 42691.0, 25917.0, 11011.0, 10001.0, 15672.0, 16552.0, 14103.0, 9871.0, 7057.0, 7688.0, 6069.0, 5522.0, 8052.0, 10242.0, 8429.0, 6974.0, 5863.0, 6358.0, 8519.0, 8690.0, 4708.0, 5616.0, 5815.0, 4796.0, 4239.0, 4032.0, 4648.0, 6096.0, 5260.0, 2933.0, 3007.0, 3508.0, 4641.0, 4841.0, 4430.0, 4451.0, 3641.0, 2884.0, 3671.0, 4665.0, 7175.0, 8050.0, 4465.0, 4419.0, 4741.0, 4243.0, 4626.0, 5169.0, 4634.0, 3510.0, 3119.0, 2814.0, 3028.0, 3316.0, 3321.0, 2991.0, 2576.0, 2956.0, 4569.0, 6254.0, 7609.0, 7183.0, 6841.0, 8548.0, 5693.0, 5558.0, 5650.0, 3580.0, 3894.0, 3690.0, 2788.0, 2473.0, 2313.0, 2071.0, 2220.0, 2321.0, 2226.0, 2093.0, 1877.0, 1815.0, 1788.0, 1686.0]",25675319.699911967
5,0.8,10,"[{""x"": -1.0761022567749023, ""y"": 1.569807529449463, ""z"": 0.0, ""velocity"": 0.0, ""snr"": 0.0}, {""x"": -1.0353326797485352, ""y"": 1.576244831085205, ""z"": 0.0, ""velocity"": 0.0, ""snr"": 0.0}, {""x"": -0.3139972686767578, ""y"": 0.7363557815551758, ""z"": 0.0, ""velocity"": 0.0, ""snr"": 0.0}, {""x"": -0.3122091293334961, ""y"": 0.7638931274414062, ""z"": 0.0, ""velocity"": 0.0, ""snr"": 0.0}, {""x"": -0.3268718719482422, ""y"": 0.8195042610168457, ""z"": 0.0, ""velocity"": 0.0, ""snr"": 0.0}, {""x"": -0.1074671745300293, ""y"": 1.558542251586914, ""z"": 0.0, ""velocity"": 0.0, ""snr"": 0.0}, {""x"": -0.15181303024291992, ""y"": 1.566767692565918, ""z"": 0.0, ""velocity"": 0.0, ""snr"": 0.0}, {""x"": -0.16289949417114258, ""y"": 1.5687346458435059, ""z"": 0.0, ""velocity"": 0.0, ""snr"": 0.0}, {""x"": -0.17845630645751953, ""y"": 1.5857219696044922, ""z"": 0.0, ""velocity"": 0.0, ""snr"": 0.0}, {""x"": 1.1535286903381348, ""y"": 1.7588138580322266, ""z"": 0.0, ""velocity"": 0.0, ""snr"": 0.0}]","[145307.0, 215404.0, 148088.0, 45452.0, 9361.0, 4459.0, 27705.0, 55973.0, 39776.0, 14534.0, 12014.0, 5941.0, 6861.0, 6496.0, 4718.0, 4322.0, 19523.0, 48274.0, 53307.0, 50721.0, 82436.0, 73106.0, 27338.0, 6034.0, 6576.0, 5234.0, 4185.0, 6347.0, 5849.0, 6862.0, 10344.0, 10596.0, 11722.0, 64262.0, 157272.0, 145316.0, 48121.0, 13442.0, 11652.0, 10836.0, 20789.0, 34466.0, 30545.0, 15338.0, 11901.0, 30839.0, 45578.0, 28692.0, 9507.0, 9321.0, 15327.0, 16480.0, 14283.0, 10053.0, 6255.0, 7121.0, 6406.0, 5761.0, 7356.0, 8755.0, 6622.0, 6223.0, 5406.0, 6850.0, 9198.0, 9164.0, 5637.0, 6440.0, 5552.0, 5277.0, 3987.0, 3429.0, 3634.0, 5098.0, 5089.0, 3604.0, 3358.0, 3171.0, 3859.0, 4288.0, 3464.0, 4046.0, 3391.0, 3255.0, 3733.0, 5036.0, 7561.0, 8625.0, 5136.0, 3829.0, 4566.0, 3802.0, 3822.0, 4887.0, 4285.0, 3789.0, 3427.0, 2685.0, 2422.0, 2556.0, 2789.0, 2680.0, 2399.0, 3076.0, 4679.0, 6604.0, 7846.0, 7209.0, 6830.0, 8653.0, 5974.0, 5066.0, 5193.0, 3070.0, 3875.0, 3711.0, 3115.0, 2619.0, 2301.0, 2541.0, 2135.0, 1876.0, 1923.0, 1805.0, 1577.0, 1641.0, 1641.0, 1582.0]",25162179.411800258
6,0.8,9,"[{""x"": -1.0811090469360352, ""y"": 1.5664100646972656, ""z"": 0.0, ""velocity"": 0.0, ""snr"": 0.0}, {""x"": -1.0349750518798828, ""y"": 1.5780329704284668, ""z"": 0.0, ""velocity"": 0.0, ""snr"": 0.0}, {""x"": -0.2948641777038574, ""y"": 0.7451176643371582, ""z"": 0.0, ""velocity"": 0.0, ""snr"": 0.0}, {""x"": -0.3084540367126465, ""y"": 0.7638931274414062, ""z"": 0.0, ""velocity"": 0.0, ""snr"": 0.0}, {""x"": -0.11819601058959961, ""y"": 1.5572905540466309, ""z"": 0.0, ""velocity"": 0.0, ""snr"": 0.0}, {""x"": -0.15503168106079102, ""y"": 1.5662312507629395, ""z"": 0.0, ""velocity"": 0.0, ""snr"": 0.0}, {""x"": -0.16433000564575195, ""y"": 1.568913459777832, ""z"": 0.0, ""velocity"": 0.0, ""snr"": 0.0}, {""x"": -0.1532435417175293, ""y"": 1.5909075736999512, ""z"": 0.0, ""velocity"": 0.0, ""snr"": 0.0}, {""x"": 1.1916160583496094, ""y"": 1.737534999847412, ""z"": 0.0, ""velocity"": 0.0, ""snr"": 0.0}]","[145279.0, 215458.0, 148125.0, 45271.0, 9118.0, 5726.0, 30883.0, 62036.0, 56847.0, 40643.0, 25721.0, 7928.0, 4726.0, 4996.0, 3813.0, 4298.0, 18485.0, 48612.0, 53182.0, 48219.0, 80291.0, 71108.0, 855665661.0, 2231369770.0, 3456106541.0, 4177526813.0, 2852126736.0, 973078546.0, 2298478656.0, 4043309206.0, 1694499009.0, 33554603.0, 4244635884.0, 1258291421.0, 1040187479.0, 3422552090.0, 3019898898.0, 4194304024.0, 2399141914.0, 2936012822.0, 3305111575.0, 117440539.0, 3758096432.0, 2097152036.0, 2600468514.0, 922747085.0, 3456106999.0, 2231370187.0, 1677721752.0, 1660944425.0, 3305111596.0, 2080374827.0, 2097152078.0, 4160749697.0, 2734686322.0, 1879048249.0, 1409286186.0, 1375731829.0, 2936012979.0, 2365587579.0, 1929379885.0, 3707764778.0, 905969733.0, 771752005.0, 1627390002.0, 1023410210.0, 822083612.0, 3103784986.0, 2734686229.0, 83886101.0, 1895825435.0, 922746913.0, 1744830488.0, 2600468501.0, 1610612757.0, 2214592541.0, 385876004.0, 3288334370.0, 2264924180.0, 3305111572.0, 3892314134.0, 33554451.0, 1426063375.0, 3741319183.0, 3120562193.0, 1207959569.0, 553648146.0, 2785017869.0, 2264924175.0, 4177526799.0, 2466250763.0, 4177526797.0, 788529165.0, 2147483660.0, 637534219.0, 1610612750.0, 838860814.0, 2885681170.0, 3573547034.0, 318767136.0, 3909091346.0, 2617245708.0, 3909091344.0, 2885681167.0, 1258291214.0, 3892314126.0, 4110417934.0, 3439329293.0, 2147483659.0, 2734686218.0, 1040187405.0, 3405774860.0, 83886091.0, 3976200204.0, 3003121674.0, 3456106507.0, 419430417.0, 486539289.0, 2382364700.0, 1040187419.0, 2013265948.0, 4060086306.0, 1191182359.0, 2516582422.0, 3238002708.0, 134217739.0, 4009754637.0, 3120562189.0]",1862567655.7646523
7,0.8,10,"[{""x"": -1.1191964149475098, ""y"": 1.540839672088623, ""z"": 0.0, ""velocity"": 0.0, ""snr"": 0.0}, {""x"": -1.0544657707214355, ""y"": 1.5633702278137207, ""z"": 0.0, ""velocity"": 0.0, ""snr"": 0.0}, {""x"": -0.20241737365722656, ""y"": 0.7769465446472168, ""z"": 0.0, ""velocity"": 0.0, ""snr"": 0.0}, {""x"": -0.17255544662475586, ""y"": 0.802159309387207, ""z"": 0.0, ""velocity"": 0.0, ""snr"": 0.0}, {""x"": -0.14394521713256836, ""y"": 0.8506178855895996, ""z"": 0.0, ""velocity"": 0.0, ""snr"": 0.0}, {""x"": -0.10764598846435547, ""y"": 1.5590786933898926, ""z"": 0.0, ""velocity"": 0.0, ""snr"": 0.0}, {""x"": -0.16897916793823242, ""y"": 1.5653371810913086, ""z"": 0.0, ""velocity"": 0.0, ""snr"": 0.0}, {""x"": -0.1780986785888672, ""y"": 1.5692710876464844, ""z"": 0.0, ""velocity"": 0.0, ""snr"": 0.0}, {""x"": -0.13554096221923828, ""y"": 1.5941262245178223, ""z"": 0.0, ""velocity"": 0.0, ""snr"": 0.0}, {""x"": 1.2300610542297363, ""y"": 1.7074942588806152, ""z"": 0.0, ""velocity"": 0.0, ""snr"": 0.0}]","[145182.0, 215276.0, 148094.0, 45320.0, 9216.0, 5743.0, 23420.0, 36687.0, 21048.0, 7986.0, 9212.0, 8943.0, 12019.0, 11130.0, 6039.0, 4620.0, 19398.0, 49244.0, 58551.0, 43249.0, 57582.0, 54111.0, 21238.0, 6864.0, 3641.0, 4143.0, 4483.0, 5822.0, 5831.0, 6806.0, 11269.0, 9015.0, 9663.0, 52740.0, 129596.0, 120923.0, 45528.0, 13055.0, 13055.0, 12016.0, 20565.0, 33994.0, 30767.0, 15673.0, 12640.0, 31954.0, 44873.0, 28565.0, 12290.0, 10925.0, 16685.0, 16329.0, 12274.0, 10307.0, 8338.0, 6878.0, 5750.0, 4964.0, 7481.0, 8233.0, 5300.0, 5140.0, 5318.0, 6702.0, 8034.0, 8767.0, 7530.0, 4248.0, 5052.0, 4902.0, 4027.0, 3664.0, 4378.0, 4940.0, 4289.0, 3237.0, 4084.0, 4376.0, 4247.0, 4118.0, 4360.0, 4098.0, 3580.0, 3979.0, 4466.0, 5470.0, 7521.0, 8336.0, 4466.0, 3360.0, 3832.0, 3980.0, 3955.0, 3913.0, 3600.0, 3232.0, 3022.0, 2488.0, 3117.0, 2839.0, 2989.0, 3028.0, 2955.0, 3100.0, 3661.0, 5077.0, 6840.0, 7386.0, 7000.0, 8377.0, 5858.0, 5824.0, 5820.0, 3347.0, 3021.0, 3344.0, 2942.0, 2796.0, 2226.0, 2236.0, 2082.0, 2002.0, 1927.0, 1911.0, 1862.0, 1722.0, 1669.0, 1730.0]",61880913.321357
8,0.8,11,"[{""x"": -1.0980963706970215, ""y"": 1.5556812286376953, ""z"": 0.0, ""velocity"": 0.0, ""snr"": 0.0}, {""x"": -1.0566115379333496, ""y"": 1.5633702278137207, ""z"": 0.0, ""velocity"": 0.0, ""snr"": 0.0}, {""x"": -0.19687414169311523, ""y"": 0.7781982421875, ""z"": 0.0, ""velocity"": 0.0, ""snr"": 0.0}, {""x"": -0.1564621925354004, ""y"": 0.8046627044677734, ""z"": 0.0, ""velocity"": 0.0, ""snr"": 0.0}, {""x"": -0.07992982864379883, ""y"": 0.8600950241088867, ""z"": 0.0, ""velocity"": 0.0, ""snr"": 0.0}, {""x"": -0.1062154769897461, ""y"": 1.5580058097839355, ""z"": 0.0, ""velocity"": 0.0, ""snr"": 0.0}, {""x"": -0.1544952392578125, ""y"": 1.565873622894287, ""z"": 0.0, ""velocity"": 0.0, ""snr"": 0.0}, {""x"": -0.17255544662475586, ""y"": 1.5674829483032227, ""z"": 0.0, ""velocity"": 0.0, ""snr"": 0.0}, {""x"": -0.13518333435058594, ""y"": 1.5884041786193848, ""z"": 0.0, ""velocity"": 0.0, ""snr"": 0.0}, {""x"": 1.2019872665405273, ""y"": 1.7298460006713867, ""z"": 0.0, ""velocity"": 0.0, ""snr"": 0.0}, {""x"": 1.259922981262207, ""y"": 1.7066001892089844, ""z"": 0.0, ""velocity"": 0.0, ""snr"": 0.0}]","[145068.0, 215366.0, 148132.0, 45456.0, 9115.0, 5296.0, 22143.0, 38475.0, 24585.0, 19335.0, 18921.0, 11018.0, 7951.0, 8657.0, 5950.0, 5315.0, 18664.0, 46765.0, 55385.0, 42796.0, 57699.0, 53427.0, 20887.0, 7145.0, 4849.0, 4971.0, 4801.0, 5133.0, 6463.0, 7893.0, 12437.0, 9049.0, 9569.0, 56824.0, 136111.0, 124689.0, 41276.0, 10238.0, 10051.0, 11212.0, 19066.0, 33174.0, 29845.0, 15606.0, 12569.0, 31708.0, 46298.0, 30763.0, 12782.0, 12879.0, 17691.0, 15939.0, 12024.0, 8640.0, 6819.0, 6075.0, 5161.0, 5070.0, 7071.0, 8149.0, 5469.0, 4910.0, 5368.0, 7499.0, 8481.0, 8303.0, 7169.0, 4445.0, 5016.0, 4625.0, 3819.0, 3767.0, 4407.0, 4307.0, 4078.0, 2888.0, 3492.0, 4732.0, 5060.0, 3580.0, 3465.0, 3735.0, 4400.0, 3510.0, 3523.0, 4287.0, 7670.0, 9078.0, 4894.0, 3417.0, 3962.0, 4246.0, 4097.0, 3895.0, 3838.0, 2950.0, 2907.0, 2262.0, 2888.0, 2592.0, 3031.0, 2992.0, 2663.0, 2680.0, 4148.0, 5709.0, 7086.0, 7237.0, 6984.0, 8587.0, 6149.0, 5838.0, 5988.0, 3125.0, 3250.0, 3366.0, 2790.0, 2541.0, 2110.0, 2245.0, 2162.0, 2088.0, 1911.0, 1949.0, 1816.0, 1797.0, 1843.0, 1718.0]",60643200.16705746
9,0.8,10,"[{""x"": -1.0980963706970215, ""y"": 1.5390515327453613, ""z"": 0.0, ""velocity"": 0.0, ""snr"": 0.0}, {""x"": -1.1501312255859375, ""y"": 1.5186667442321777, ""z"": 0.0, ""velocity"": 0.0, ""snr"": 0.0}, {""x"": -0.1965165138244629, ""y"": 0.7798075675964355, ""z"": 0.0, ""velocity"": 0.0, ""snr"": 0.0}, {""x"": -0.17970800399780273, ""y"": 0.7992982864379883, ""z"": 0.0, ""velocity"": 0.0, ""snr"": 0.0}, {""x"": -0.08922815322875977, ""y"": 0.8599162101745605, ""z"": 0.0, ""velocity"": 0.0, ""snr"": 0.0}, {""x"": -0.10800361633300781, ""y"": 1.5580058097839355, ""z"": 0.0, ""velocity"": 0.0, ""snr"": 0.0}, {""x"": -0.16361474990844727, ""y"": 1.5653371810913086, ""z"": 0.0, ""velocity"": 0.0, ""snr"": 0.0}, {""x"": -0.1704096794128418, ""y"": 1.569807529449463, ""z"": 0.0, ""velocity"": 0.0, ""snr"": 0.0}, {""x"": -0.12302398681640625, ""y"": 1.594841480255127, ""z"": 0.0, ""velocity"": 0.0, ""snr"": 0.0}, {""x"": 1.2500882148742676, ""y"": 1.6921162605285645, ""z"": 0.0, ""velocity"": 0.0, ""snr"": 0.0}]","[145340.0, 215402.0, 148136.0, 45286.0, 9386.0, 4458.0, 15605.0, 26817.0, 20659.0, 22347.0, 17257.0, 6570.0, 7278.0, 8930.0, 6205.0, 4975.0, 17392.0, 46774.0, 56416.0, 41771.0, 738197569.0, 352321555.0, 2046820366.0, 335544337.0, 201326607.0, 2986344468.0, 2516582422.0, 2181038107.0, 3154116652.0, 469762085.0, 167772201.0, 1140850910.0, 3942646295.0, 402653678.0, 3640656056.0, 3305111604.0, 536870959.0, 1862271019.0, 3372220488.0, 2936012927.0, 2130706551.0, 385876029.0, 2365587506.0, 184549499.0, 3019899055.0, 4177526893.0, 2667577392.0, 654311464.0, 251658306.0, 654311488.0, 3372220462.0, 3758096417.0, 1073741848.0, 3338666010.0, 2852126741.0, 2181038099.0, 4110417947.0, 1207959586.0, 2936012826.0, 3489660947.0, 1828716563.0, 536870936.0, 503316509.0, 4261412894.0, 1006632984.0, 3674210319.0, 3087007763.0, 67108884.0, 3053453328.0, 167772172.0, 1879048207.0, 3607101459.0, 637534228.0, 4211081230.0, 3154116621.0, 234881040.0, 3808428051.0, 956301330.0, 2885681169.0, 1711276046.0, 838860813.0, 2164260876.0, 3909091343.0, 2415919124.0, 2281701411.0, 3019898918.0, 3271557139.0, 2315255820.0, 2768240656.0, 1325400081.0, 3338666000.0, 3758096399.0, 1711276046.0, 385875982.0, 1895825420.0, 536870922.0, 3623878666.0, 402653194.0, 184549389.0, 83886093.0, 620757002.0, 2936012811.0, 4261412878.0, 1023410195.0, 2097152026.0, 3053453338.0, 3909091356.0, 134217762.0, 2952790041.0, 2936012822.0, 4177526807.0, 1409286157.0, 369098764.0, 16777228.0, 3120562187.0, 2566914057.0, 838860808.0, 3472883722.0, 956301320.0, 2248146952.0, 2013265927.0, 2315255815.0, 3942645767.0, 939524102.0, 33554439.0, 7.0, 0.0, 0.0]",1627213064.4539537
10,0.8,12,"[{""x"": -1.000821590423584, ""y"": 1.5998482704162598, ""z"": 0.0, ""velocity"": 0.0, ""snr"": 0.0}, {""x"": -1.0678768157958984, ""y"": 1.5776753425598145, ""z"": 0.0, ""velocity"": 0.0, ""snr"": 0.0}, {""x"": -0.3116726875305176, ""y"": 0.7401108741760254, ""z"": 0.0, ""velocity"": 0.0, ""snr"": 0.0}, {""x"": -0.3286600112915039, ""y"": 0.7628202438354492, ""z"": 0.0, ""velocity"": 0.0, ""snr"": 0.0}, {""x"": -0.3139972686767578, ""y"": 0.8214712142944336, ""z"": 0.0, ""velocity"": 0.0, ""snr"": 0.0}, {""x"": -0.30863285064697266, ""y"": 0.8636713027954102, ""z"": 0.0, ""velocity"": 0.0, ""snr"": 0.0}, {""x"": -0.3020167350769043, ""y"": 0.8829832077026367, ""z"": 0.0, ""velocity"": 0.0, ""snr"": 0.0}, {""x"": -0.1251697540283203, ""y"": 1.555323600769043, ""z"": 0.0, ""velocity"": 0.0, ""snr"": 0.0}, {""x"": -0.16325712203979492, ""y"": 1.564621925354004, ""z"": 0.0, ""velocity"": 0.0, ""snr"": 0.0}, {""x"": -0.18167495727539062, ""y"": 1.5665888786315918, ""z"": 0.0, ""velocity"": 0.0, ""snr"": 0.0}, {""x"": -0.16415119171142578, ""y"": 1.5905499458312988, ""z"": 0.0, ""velocity"": 0.0, ""snr"": 0.0}, {""x"": 1.2112855911254883, ""y"": 1.7209053039550781, ""z"": 0.0, ""velocity"": 0.0, ""snr"": 0.0}]","[145285.0, 215280.0, 148108.0, 45326.0, 9440.0, 5108.0, 19575.0, 30579.0, 17621.0, 37577.0, 33018.0, 15729.0, 9375.0, 7189.0, 5914.0, 369623040.0, 434503680.0, 527958016.0, 757071872.0, 695730176.0, 723189760.0, 3693608960.0, 155910144.0, 3656187906.0, 2684682241.0, 959447040.0, 928317440.0, 716439552.0, 1255407616.0, 2095579136.0, 1887305728.0, 1002766336.0, 729481216.0, 1934229504.0, 2852061184.0, 1750007808.0, 644677632.0, 662503424.0, 1039138816.0, 1058209792.0, 781647872.0, 619511808.0, 447545344.0, 396034048.0, 440008704.0, 390660096.0, 495058944.0, 526778368.0, 409272320.0, 369229824.0, 335282176.0, 468582400.0, 514654208.0, 501809152.0, 424869888.0, 299696128.0, 328400896.0, 307167232.0, 234487808.0, 205193216.0, 271581184.0, 344260608.0, 343867392.0, 262144000.0, 223150080.0, 252837888.0, 247332864.0, 281542656.0, 243662848.0, 214827008.0, 209911808.0, 202637312.0, 246022144.0, 266928128.0, 531562496.0, 602865664.0, 358350848.0, 230227968.0, 276692992.0, 317456384.0, 287178752.0, 299565056.0, 291373056.0, 240779264.0, 190840832.0, 168493056.0, 199294976.0, 226689024.0, 206897152.0, 197591040.0, 178454528.0, 196673536.0, 286523392.0, 400424960.0, 492503040.0, 487587840.0, 450953216.0, 530382848.0, 374865920.0, 357302272.0, 371392512.0, 215416832.0, 198311936.0, 219938816.0, 210501632.0, 185729024.0, 154992640.0, 134873088.0, 134283264.0, 136839168.0, 130285568.0, 119341056.0, 112721920.0, 105512960.0, 101122048.0, 107610112.0, 0.0, 0.0, 0.0, 0.0, 0.0, 0.0, 0.0, 16908288.0, 84280068.0, 50333448.0, 48235781.0, 1680998400.0]",381768837.16998947
11,0.8,10,"[{""x"": -1.12992525100708, ""y"": 1.5340447425842285, ""z"": 0.0, ""velocity"": 0.0, ""snr"": 0.0}, {""x"": -0.34564733505249023, ""y"": 0.7089972496032715, ""z"": 0.0, ""velocity"": 0.0, ""snr"": 0.0}, {""x"": -0.42879581451416016, ""y"": 0.6904006004333496, ""z"": 0.0, ""velocity"": 0.0, ""snr"": 0.0}, {""x"": -1.0342597961425781, ""y"": 1.5742778778076172, ""z"": 0.0, ""velocity"": 0.0, ""snr"": 0.0}, {""x"": -0.1316070556640625, ""y"": 1.5560388565063477, ""z"": 0.0, ""velocity"": 0.0, ""snr"": 0.0}, {""x"": -0.16254186630249023, ""y"": 1.5649795532226562, ""z"": 0.0, ""velocity"": 0.0, ""snr"": 0.0}, {""x"": -0.18256902694702148, ""y"": 1.566767692565918, ""z"": 0.0, ""velocity"": 0.0, ""snr"": 0.0}, {""x"": -0.18453598022460938, ""y"": 1.5839338302612305, ""z"": 0.0, ""velocity"": 0.0, ""snr"": 0.0}, {""x"": 1.186072826385498, ""y"": 1.7398595809936523, ""z"": 0.0, ""velocity"": 0.0, ""snr"": 0.0}, {""x"": 1.2486577033996582, ""y"": 1.7098188400268555, ""z"": 0.0, ""velocity"": 0.0, ""snr"": 0.0}]","[145335.0, 215446.0, 148217.0, 45384.0, 9262.0, 4251.0, 22006.0, 38494.0, 26347.0, 15206.0, 9927.0, 7727.0, 7639.0, 6934.0, 5863.0, 5093.0, 16769.0, 32950.0, 26596.0, 36996.0, 7793408.0, 4175104.0, 2920448.0, 7436544.0, 11061504.0, 6980096.0, 2574592.0, 2534656.0, 4123392.0, 4260864.0, 3286528.0, 2276864.0, 1893120.0, 1441792.0, 1369856.0, 1624576.0, 1826304.0, 1935104.0, 1601536.0, 1426944.0, 1406976.0, 1862656.0, 2199808.0, 2087680.0, 1503744.0, 1052416.0, 1210112.0, 1083392.0, 1022464.0, 868096.0, 1088256.0, 1412352.0, 1489408.0, 1048320.0, 921344.0, 1027072.0, 1017088.0, 875520.0, 840192.0, 919552.0, 804096.0, 825088.0, 912640.0, 1184768.0, 1920768.0, 2174208.0, 1369600.0, 1071104.0, 859392.0, 867840.0, 918016.0, 1006080.0, 926208.0, 1042176.0, 947712.0, 727552.0, 693504.0, 736256.0, 683520.0, 650752.0, 639232.0, 778240.0, 1222912.0, 1427200.0, 1837568.0, 1925120.0, 1516544.0, 2112000.0, 1601792.0, 1466624.0, 1405440.0, 837120.0, 943616.0, 918272.0, 760576.0, 661760.0, 569600.0, 538368.0, 527360.0, 519168.0, 535808.0, 478976.0, 500992.0, 450816.0, 385792.0, 410112.0, 0.0, 0.0, 0.0, 0.0, 67174912.0, 134546947.0, 84082695.0, 180229.0, 174338560.0, 124672.0, 0.0, 2816.0, 512.0, 4294967040.0, 77311.0, 33280.0, 998244352.0, 3201903929.0, 2147483705.0, 2147483710.0, 2879.0, 4058504192.0]",216888338.59063357
12,0.8,8,"[{""x"": -0.4343390464782715, ""y"": 0.7234811782836914, ""z"": 0.0, ""velocity"": 0.0, ""snr"": 0.0}, {""x"": -0.2440810203552246, ""y"": 0.864565372467041, ""z"": 0.0, ""velocity"": 0.0, ""snr"": 0.0}, {""x"": -0.28127431869506836, ""y"": 0.8776187896728516, ""z"": 0.0, ""velocity"": 0.0, ""snr"": 0.0}, {""x"": -0.14609098434448242, ""y"": 1.5546083450317383, ""z"": 0.0, ""velocity"": 0.0, ""snr"": 0.0}, {""x"": -0.16772747039794922, ""y"": 1.5649795532226562, ""z"": 0.0, ""velocity"": 0.0, ""snr"": 0.0}, {""x"": -0.18006563186645508, ""y"": 1.5673041343688965, ""z"": 0.0, ""velocity"": 0.0, ""snr"": 0.0}, {""x"": -0.20599365234375, ""y"": 1.5832185745239258, ""z"": 0.0, ""velocity"": 0.0, ""snr"": 0.0}, {""x"": 1.1322498321533203, ""y"": 1.772761344909668, ""z"": 0.0, ""velocity"": 0.0, ""snr"": 0.0}]","[145227.0, 215307.0, 148186.0, 45264.0, 9169.0, 5904.0, 22680.0, 33034.0, 30241.0, 38842.0, 29752.0, 23033.0, 16915.0, 7540.0, 6332.0, 4137.0, 6406.0, 18365.0, 29625.0, 47063.0, 75942.0, 61231.0, 23623.0, 6424.0, 4584.0, 4618.0, 6214.0, 5501.0, 5382.0, 5038.0, 5670.0, 10451.0, 13053.0, 52750.0, 128157.0, 118057.0, 40273.0, 12869.0, 12925.0, 9353.0, 18003.0, 30335.0, 27483.0, 15028.0, 11807.0, 30579.0, 44977.0, 27852.0, 11190.0, 9850.0, 16598.0, 17435.0, 13488.0, 9296.0, 7356.0, 6000.0, 4072.0, 5220.0, 8081.0, 8772.0, 6830.0, 8532.0, 7434.0, 5934.0, 7431.0, 8488.0, 5497.0, 3843.0, 4263.0, 4433.0, 3830.0, 4350.0, 4310.0, 5124.0, 4885.0, 5135.0, 4374.0, 4105.0, 4268.0, 3906.0, 4276.0, 4758.0, 4227.0, 3416.0, 3856.0, 4481.0, 7553.0, 8507.0, 4503.0, 3247.0, 3069.0, 3504.0, 4030.0, 3753.0, 2813.0, 3413.0, 3075.0, 2230.0, 3144.0, 2747.0, 3386.0, 2924.0, 2643.0, 3134.0, 4713.0, 5700.0, 6631.0, 6839.0, 8026.0, 9986.0, 6502.0, 4976.0, 4814.0, 3204.0, 3817.0, 3631.0, 3066.0, 2680.0, 2077.0, 2124.0, 1934.0, 2116.0, 2172.0, 1772.0, 1579.0, 1730.0, 1738.0, 1760.0]",99833450.76133198
13,0.8,9,"[{""x"": -1.009047031402588, ""y"": 1.5951991081237793, ""z"": 0.0, ""velocity"": 0.0, ""snr"": 0.0}, {""x"": -1.0582208633422852, ""y"": 1.5850067138671875, ""z"": 0.0, ""velocity"": 0.0, ""snr"": 0.0}, {""x"": -0.24318695068359375, ""y"": 0.8924603462219238, ""z"": 0.0, ""velocity"": 0.0, ""snr"": 0.0}, {""x"": -0.1360774040222168, ""y"": 0.8829832077026367, ""z"": 0.0, ""velocity"": 0.0, ""snr"": 0.0}, {""x"": -0.13339519500732422, ""y"": 1.5560388565063477, ""z"": 0.0, ""velocity"": 0.0, ""snr"": 0.0}, {""x"": -0.17327070236206055, ""y"": 1.5644431114196777, ""z"": 0.0, ""velocity"": 0.0, ""snr"": 0.0}, {""x"": -0.18131732940673828, ""y"": 1.5676617622375488, ""z"": 0.0, ""velocity"": 0.0, ""snr"": 0.0}, {""x"": -0.19061565399169922, ""y"": 1.585543155670166, ""z"": 0.0, ""velocity"": 0.0, ""snr"": 0.0}, {""x"": 1.1320710182189941, ""y"": 1.7720460891723633, ""z"": 0.0, ""velocity"": 0.0, ""snr"": 0.0}]","[145257.0, 215160.0, 147913.0, 45331.0, 9370.0, 5886.0, 27164.0, 49040.0, 35753.0, 16338.0, 9550.0, 6738.0, 7404.0, 6270.0, 4172.0, 4028.0, 8799.0, 19588.0, 33926.0, 44300.0, 72193.0, 65307.0, 24570.0, 6249.0, 4463.0, 5812.0, 5029.0, 6255.0, 5972.0, 5114.0, 6269.0, 10061.0, 13208.0, 51308.0, 124835.0, 115267.0, 40502.0, 10663.0, 10673.0, 10825.0, 18890.0, 31992.0, 29597.0, 15793.0, 12550.0, 32395.0, 46915.0, 28666.0, 12406.0, 9661.0, 15710.0, 15984.0, 12569.0, 10137.0, 8143.0, 5968.0, 5422.0, 4768.0, 7381.0, 9029.0, 7555.0, 7696.0, 6694.0, 5824.0, 7583.0, 7732.0, 4392.0, 3895.0, 5325.0, 5265.0, 4013.0, 3816.0, 4552.0, 4929.0, 3794.0, 4213.0, 3627.0, 3059.0, 3930.0, 3154.0, 3406.0, 3814.0, 3773.0, 3086.0, 3628.0, 4331.0, 7291.0, 8869.0, 5247.0, 2829.0, 3473.0, 3475.0, 3784.0, 4040.0, 3405.0, 3461.0, 2642.0, 2366.0, 2312.0, 2403.0, 2633.0, 2896.0, 2774.0, 3063.0, 4303.0, 5515.0, 6528.0, 6660.0, 7517.0, 8821.0, 5825.0, 5422.0, 5405.0, 3197.0, 3387.0, 3422.0, 2948.0, 2577.0, 2123.0, 2238.0, 2102.0, 2046.0, 2152.0, 1801.0, 1814.0, 1728.0, 1720.0, 1728.0]",97836934.61623976
14,0.8,9,"[{""x"": -1.07574462890625, ""y"": 1.5732049942016602, ""z"": 0.0, ""velocity"": 0.0, ""snr"": 0.0}, {""x"": -0.4507899284362793, ""y"": 0.6996989250183105, ""z"": 0.0, ""velocity"": 0.0, ""snr"": 0.0}, {""x"": -1.0158419609069824, ""y"": 1.5910863876342773, ""z"": 0.0, ""velocity"": 0.0, ""snr"": 0.0}, {""x"": -0.0286102294921875, ""y"": 0.33277273178100586, ""z"": 0.0, ""velocity"": 0.0, ""snr"": 0.0}, {""x"": -0.12105703353881836, ""y"": 1.5572905540466309, ""z"": 0.0, ""velocity"": 0.0, ""snr"": 0.0}, {""x"": -0.1709461212158203, ""y"": 1.56480073928833, ""z"": 0.0, ""velocity"": 0.0, ""snr"": 0.0}, {""x"": -0.18024444580078125, ""y"": 1.5673041343688965, ""z"": 0.0, ""velocity"": 0.0, ""snr"": 0.0}, {""x"": -0.16361474990844727, ""y"": 1.5878677368164062, ""z"": 0.0, ""velocity"": 0.0, ""snr"": 0.0}, {""x"": 1.1531710624694824, ""y"": 1.7579197883605957, ""z"": 0.0, ""velocity"": 0.0, ""snr"": 0.0}]","[145081.0, 215110.0, 148214.0, 45319.0, 9000.0, 6317.0, 26661.0, 47016.0, 47161.0, 51738.0, 32452.0, 8319.0, 4948.0, 5114.0, 4836.0, 4105.0, 8574.0, 21152.0, 30456.0, 37126.0, 65733.0, 62644.0, 25408.0, 6626.0, 3972.0, 3861.0, 4619.0, 4747.0, 5449.0, 5940.0, 6251.0, 9829.0, 12665.0, 52272.0, 128763.0, 118923.0, 40500.0, 11308.0, 12033.0, 11279.0, 18876.0, 32672.0, 29685.0, 16054.0, 10944.0, 30416.0, 44656.0, 26745.0, 11813.0, 8580.0, 14478.0, 16609.0, 12646.0, 9403.0, 7425.0, 6742.0, 6223.0, 6033.0, 7039.0, 8196.0, 7165.0, 7283.0, 6704.0, 6775.0, 7985.0, 7691.0, 4763.0, 3698.0, 5187.0, 4806.0, 3787.0, 3793.0, 4183.0, 3672.0, 4801.0, 4145.0, 3349.0, 3695.0, 3433.0, 3419.0, 3036.0, 3476.0, 3926.0, 3155.0, 3886.0, 5080.0, 8078.0, 9463.0, 5788.0, 2628.0, 2823.0, 3623.0, 3976.0, 4486.0, 3909.0, 3260.0, 2797.0, 2331.0, 2986.0, 2752.0, 2775.0, 3000.0, 2959.0, 3012.0, 4453.0, 5571.0, 6749.0, 6725.0, 7346.0, 9358.0, 6126.0, 5128.0, 5208.0, 3368.0, 3500.0, 3719.0, 3185.0, 2528.0, 2252.0, 2326.0, 2263.0, 2075.0, 1760.0, 1630.0, 1808.0, 1958.0, 1749.0, 1574.0]",95880656.30903876
0,0.8,10,"[{""x"": -0.4343390464782715, ""y"": 0.7104277610778809, ""z"": 0.0, ""velocity"": 0.0, ""snr"": 0.0}, {""x"": -1.007080078125, ""y"": 1.5971660614013672, ""z"": 0.0, ""velocity"": 0.0, ""snr"": 0.0}, {""x"": -1.0499954223632812, ""y"": 1.5892982482910156, ""z"": 0.0, ""velocity"": 0.0, ""snr"": 0.0}, {""x"": -0.14412403106689453, ""y"": 0.8779764175415039, ""z"": 0.0, ""velocity"": 0.0, ""snr"": 0.0}, {""x"": -0.11444091796875, ""y"": 1.558363437652588, ""z"": 0.0, ""velocity"": 0.0, ""snr"": 0.0}, {""x"": -0.16754865646362305, ""y"": 1.565873622894287, ""z"": 0.0, ""velocity"": 0.0, ""snr"": 0.0}, {""x"": -0.17917156219482422, ""y"": 1.5690922737121582, ""z"": 0.0, ""velocity"": 0.0, ""snr"": 0.0}, {""x"": -0.15503168106079102, ""y"": 1.590728759765625, ""z"": 0.0, ""velocity"": 0.0, ""snr"": 0.0}, {""x"": 1.1481642723083496, ""y"": 1.7631053924560547, ""z"": 0.0, ""velocity"": 0.0, ""snr"": 0.0}, {""x"": 1.2293457984924316, ""y"": 1.7230510711669922, ""z"": 0.0, ""velocity"": 0.0, ""snr"": 0.0}]","[145135.0, 215355.0, 147874.0, 45319.0, 9256.0, 6354.0, 30240.0, 55781.0, 49206.0, 45528.0, 32344.0, 15295.0, 7207.0, 6012.0, 5074.0, 5005.0, 11213.0, 24469.0, 34099.0, 42069.0, 66492.0, 63015.0, 23758.0, 4965.0, 4188.0, 6851.0, 7092.0, 5489.0, 6104.0, 5905.0, 6544.0, 8993.0, 11180.0, 50226.0, 124984.0, 117250.0, 43465.0, 10962.0, 9600.0, 10312.0, 16898.0, 30133.0, 27246.0, 14213.0, 11233.0, 31186.0, 46657.0, 29470.0, 12449.0, 8818.0, 15403.0, 15826.0, 11806.0, 8777.0, 7476.0, 7097.0, 4422.0, 5168.0, 6398.0, 8860.0, 7331.0, 7664.0, 6920.0, 5773.0, 7019.0, 7227.0, 5362.0, 4333.0, 5682.0, 4611.0, 3813.0, 3624.0, 4582.0, 4038.0, 4315.0, 3721.0, 3205.0, 3804.0, 4758.0, 4010.0, 3315.0, 3369.0, 3072.0, 3040.0, 3914.0, 4416.0, 8004.0, 9342.0, 5376.0, 2803.0, 3706.0, 3600.0, 3730.0, 4824.0, 3707.0, 3097.0, 3064.0, 2567.0, 2987.0, 2811.0, 2757.0, 2918.0, 2953.0, 3154.0, 4452.0, 5572.0, 6498.0, 6588.0, 7224.0, 9154.0, 5950.0, 5335.0, 5953.0, 3377.0, 3519.0, 3693.0, 3337.0, 2828.0, 1978.0, 2187.0, 2182.0, 2193.0, 2328.0, 1898.0, 1711.0, 1741.0, 1714.0, 1776.0]",93963038.61366895
1,0.8,12,"[{""x"": -1.1031031608581543, ""y"": 1.5510320663452148, ""z"": 0.0, ""velocity"": 0.0, ""snr"": 0.0}, {""x"": -1.016557216644287, ""y"": 1.588582992553711, ""z"": 0.0, ""velocity"": 0.0, ""snr"": 0.0}, {""x"": -0.3000497817993164, ""y"": 0.7481575012207031, ""z"": 0.0, ""velocity"": 0.0, ""snr"": 0.0}, {""x"": -0.31810998916625977, ""y"": 0.7749795913696289, ""z"": 0.0, ""velocity"": 0.0, ""snr"": 0.0}, {""x"": -0.25713443756103516, ""y"": 0.8481144905090332, ""z"": 0.0, ""velocity"": 0.0, ""snr"": 0.0}, {""x"": -0.2703666687011719, ""y"": 0.8795857429504395, ""z"": 0.0, ""velocity"": 0.0, ""snr"": 0.0}, {""x"": -0.10389089584350586, ""y"": 1.558542251586914, ""z"": 0.0, ""velocity"": 0.0, ""snr"": 0.0}, {""x"": -0.15431642532348633, ""y"": 1.5669465065002441, ""z"": 0.0, ""velocity"": 0.0, ""snr"": 0.0}, {""x"": -0.16486644744873047, ""y"": 1.5687346458435059, ""z"": 0.0, ""velocity"": 0.0, ""snr"": 0.0}, {""x"": -0.1494884490966797, ""y"": 1.586616039276123, ""z"": 0.0, ""velocity"": 0.0, ""snr"": 0.0}, {""x"": 1.1601448059082031, ""y"": 1.755058765411377, ""z"": 0.0, ""velocity"": 0.0, ""snr"": 0.0}, {""x"": 1.2550950050354004, ""y"": 1.7060637474060059, ""z"": 0.0, ""velocity"": 0.0, ""snr"": 0.0}]","[145467.0, 215385.0, 148300.0, 45322.0, 9385.0, 3582.0, 21022.0, 46209.0, 53957.0, 54060.0, 36090.0, 20558.0, 9262.0, 5430.0, 4167.0, 4379.0, 12825.0, 30447.0, 42692.0, 52988.0, 76189.0, 66809.0, 24652.0, 6306.0, 5171.0, 6954.0, 6124.0, 5443.0, 5984.0, 5887.0, 6170.0, 9409.0, 12020.0, 50020.0, 125029.0, 116262.0, 38601.0, 10844.0, 9167.0, 9768.0, 18887.0, 31882.0, 28329.0, 13694.0, 10905.0, 29728.0, 44391.0, 28499.0, 13778.0, 10702.0, 16660.0, 16716.0, 12156.0, 8449.0, 7377.0, 7276.0, 5864.0, 5907.0, 6420.0, 7765.0, 6218.0, 7045.0, 6425.0, 6055.0, 7512.0, 7831.0, 5148.0, 4444.0, 5853.0, 4565.0, 3345.0, 3620.0, 4570.0, 4497.0, 4133.0, 3650.0, 3526.0, 4278.0, 5424.0, 4459.0, 2748.0, 3529.0, 4047.0, 3430.0, 3183.0, 3407.0, 7548.0, 8688.0, 4603.0, 3248.0, 3731.0, 3397.0, 4077.0, 5152.0, 4347.0, 2862.0, 2588.0, 2653.0, 2887.0, 2821.0, 2777.0, 2780.0, 2637.0, 2736.0, 4007.0, 5398.0, 6572.0, 6737.0, 7832.0, 9316.0, 6061.0, 5539.0, 6004.0, 3899.0, 4015.0, 3700.0, 3177.0, 2748.0, 2079.0, 2247.0, 1827.0, 1934.0, 1970.0, 1873.0, 1729.0, 1887.0, 1612.0, 1731.0]",92083475.031223
2,0.8,12,"[{""x"": -1.113295555114746, ""y"": 1.5454888343811035, ""z"": 0.0, ""velocity"": 0.0, ""snr"": 0.0}, {""x"": -1.0401606559753418, ""y"": 1.5735626220703125, ""z"": 0.0, ""velocity"": 0.0, ""snr"": 0.0}, {""x"": -0.26857852935791016, ""y"": 0.7587075233459473, ""z"": 0.0, ""velocity"": 0.0, ""snr"": 0.0}, {""x"": -0.28002262115478516, ""y"": 0.7837414741516113, ""z"": 0.0, ""velocity"": 0.0, ""snr"": 0.0}, {""x"": -0.2612471580505371, ""y"": 0.8409619331359863, ""z"": 0.0, ""velocity"": 0.0, ""snr"": 0.0}, {""x"": -0.2682209014892578, ""y"": 0.8794069290161133, ""z"": 0.0, ""velocity"": 0.0, ""snr"": 0.0}, {""x"": -0.12195110321044922, ""y"": 1.5562176704406738, ""z"": 0.0, ""velocity"": 0.0, ""snr"": 0.0}, {""x"": -0.15753507614135742, ""y"": 1.5662312507629395, ""z"": 0.0, ""velocity"": 0.0, ""snr"": 0.0}, {""x"": -0.17273426055908203, ""y"": 1.5690922737121582, ""z"": 0.0, ""velocity"": 0.0, ""snr"": 0.0}, {""x"": -0.10442733764648438, ""y"": 1.596987247467041, ""z"": 0.0, ""velocity"": 0.0, ""snr"": 0.0}, {""x"": 1.165151596069336, ""y"": 1.7500519752502441, ""z"": 0.0, ""velocity"": 0.0, ""snr"": 0.0}, {""x"": 1.3064146041870117, ""y"": 1.6683340072631836, ""z"": 0.0, ""velocity"": 0.0, ""snr"": 0.0}]","[145467.0, 215341.0, 148148.0, 45492.0, 9236.0, 6106.0, 32374.0, 56894.0, 30604.0, 47750.0, 34563.0, 15428.0, 9564.0, 7900.0, 5241.0, 4323.0, 15688.0, 39054.0, 50843.0, 54732.0, 74310.0, 64812.0, 24039.0, 5636.0, 5382.0, 5759.0, 6728.0, 6871.0, 6038.0, 6452.0, 5729.0, 9386.0, 12553.0, 50780.0, 123479.0, 114514.0, 41068.0, 14607.0, 12349.0, 10703.0, 19143.0, 31442.0, 28925.0, 14462.0, 9273.0, 28602.0, 42640.0, 26422.0, 13914.0, 11393.0, 16619.0, 16326.0, 11225.0, 7943.0, 7836.0, 7237.0, 5300.0, 5793.0, 7375.0, 7426.0, 6022.0, 5698.0, 5600.0, 6560.0, 7871.0, 7805.0, 5226.0, 4832.0, 6045.0, 5488.0, 3514.0, 3621.0, 3957.0, 4030.0, 4164.0, 4232.0, 3004.0, 3235.0, 4493.0, 4670.0, 4067.0, 3882.0, 3633.0, 3135.0, 3300.0, 3970.0, 8434.0, 9899.0, 5856.0, 2639.0, 3224.0, 3385.0, 3719.0, 4981.0, 4411.0, 3164.0, 2818.0, 2637.0, 3413.0, 3190.0, 3022.0, 2602.0, 2703.0, 3096.0, 4085.0, 5068.0, 6626.0, 6811.0, 7567.0, 9192.0, 6319.0, 5511.0, 5666.0, 3399.0, 3325.0, 3379.0, 2708.0, 2430.0, 2362.0, 2156.0, 1916.0, 2274.0, 2158.0, 1935.0, 1884.0, 1713.0, 1858.0, 1596.0]",90241510.36443481
3,0.8,9,"[{""x"": -1.0430216789245605, ""y"": 1.571059226989746, ""z"": 0.0, ""velocity"": 0.0, ""snr"": 0.0}, {""x"": -0.34117698669433594, ""y"": 0.7245540618896484, ""z"": 0.0, ""velocity"": 0.0, ""snr"": 0.0}, {""x"": -0.3356337547302246, ""y"": 0.7519125938415527, ""z"": 0.0, ""velocity"": 0.0, ""snr"": 0.0}, {""x"": -0.09620189666748047, ""y"": 0.8797645568847656, ""z"": 0.0, ""velocity"": 0.0, ""snr"": 0.0}, {""x"": -0.16129016876220703, ""y"": 1.5651583671569824, ""z"": 0.0, ""velocity"": 0.0, ""snr"": 0.0}, {""x"": -0.17076730728149414, ""y"": 1.5665888786315918, ""z"": 0.0, ""velocity"": 0.0, ""snr"": 0.0}, {""x"": -0.15467405319213867, ""y"": 1.5916228294372559, ""z"": 0.0, ""velocity"": 0.0, ""snr"": 0.0}, {""x"": 1.2102127075195312, ""y"": 1.7243027687072754, ""z"": 0.0, ""velocity"": 0.0, ""snr"": 0.0}, {""x"": 1.3396739959716797, ""y"": 1.6440153121948242, ""z"": 0.0, ""velocity"": 0.0, ""snr"": 0.0}]","[145281.0, 215348.0, 148124.0, 45335.0, 9522.0, 5235.0, 27126.0, 50866.0, 34092.0, 37831.0, 20771.0, 15853.0, 10785.0, 5791.0, 4382.0, 4414.0, 16342.0, 37239.0, 43822.0, 43945.0, 71947.0, 67433.0, 25485.0, 6100.0, 5522.0, 6965.0, 4819.0, 6072.0, 6084.0, 5753.0, 6363.0, 9523.0, 12352.0, 49533.0, 118744.0, 108425.0, 33451.0, 14953.0, 15000.0, 11680.0, 19297.0, 31668.0, 28360.0, 13724.0, 8644.0, 28433.0, 44328.0, 28252.0, 12966.0, 12695.0, 18817.0, 16748.0, 11023.0, 7090.0, 7626.0, 7127.0, 4768.0, 4455.0, 5556.0, 6591.0, 6212.0, 6499.0, 6858.0, 6889.0, 7466.0, 8138.0, 8054.0, 6202.0, 5098.0, 4295.0, 3910.0, 3612.0, 3960.0, 4112.0, 3893.0, 4022.0, 4229.0, 3815.0, 3920.0, 3390.0, 4369.0, 4546.0, 3880.0, 3154.0, 3072.0, 4585.0, 7506.0, 9051.0, 5063.0, 3144.0, 4204.0, 4130.0, 4028.0, 4257.0, 3343.0, 3444.0, 3037.0, 2684.0, 3370.0, 3271.0, 2630.0, 2756.0, 2677.0, 3127.0, 3854.0, 5135.0, 6398.0, 6461.0, 8055.0, 9828.0, 6817.0, 5306.0, 5271.0, 2870.0, 3504.0, 3911.0, 3490.0, 2810.0, 2108.0, 2231.0, 1837.0, 1788.0, 1901.0, 1727.0, 1693.0, 1819.0, 1685.0, 1672.0]",88436678.87440702
4,0.8,9,"[{""x"": -0.30541419982910156, ""y"": 0.7461905479431152, ""z"": 0.0, ""velocity"": 0.0, ""snr"": 0.0}, {""x"": -0.28699636459350586, ""y"": 0.7692575454711914, ""z"": 0.0, ""velocity"": 0.0, ""snr"": 0.0}, {""x"": -0.1278519630432129, ""y"": 1.5560388565063477, ""z"": 0.0, ""velocity"": 0.0, ""snr"": 0.0}, {""x"": -0.1666545867919922, ""y"": 1.5644431114196777, ""z"": 0.0, ""velocity"": 0.0, ""snr"": 0.0}, {""x"": -0.18292665481567383, ""y"": 1.5649795532226562, ""z"": 0.0, ""velocity"": 0.0, ""snr"": 0.0}, {""x"": -0.18256902694702148, ""y"": 1.5873312950134277, ""z"": 0.0, ""velocity"": 0.0, ""snr"": 0.0}, {""x"": -0.045239925384521484, ""y"": 0.882267951965332, ""z"": 0.0, ""velocity"": 0.0, ""snr"": 0.0}, {""x"": 0.8050203323364258, ""y"": 4.924178123474121, ""z"": 0.0, ""velocity"": 0.0, ""snr"": 0.0}, {""x"": 1.2398958206176758, ""y"": 1.7014145851135254, ""z"": 0.0, ""velocity"": 0.0, ""snr"": 0.0}]","[145266.0, 215288.0, 148142.0, 45465.0, 9298.0, 4410.0, 20759.0, 46604.0, 55318.0, 48182.0, 23043.0, 16303.0, 12625.0, 10713.0, 7091.0, 3480.0, 11802.0, 33117.0, 42540.0, 41390.0, 71819.0, 71573.0, 27800.0, 5932.0, 6077.0, 6290.0, 4726.0, 6374.0, 6573.0, 7354.0, 5692.0, 8732.0, 12510.0, 46640.0, 112241.0, 101454.0, 31286.0, 11997.0, 12627.0, 9784.0, 18186.0, 30625.0, 27367.0, 14318.0, 9694.0, 26344.0, 40877.0, 24960.0, 12788.0, 11834.0, 16840.0, 16848.0, 12170.0, 7820.0, 8389.0, 8091.0, 5663.0, 5285.0, 6835.0, 8448.0, 6713.0, 6121.0, 5588.0, 5336.0, 6817.0, 7853.0, 7691.0, 4313.0, 4959.0, 5055.0, 4270.0, 4425.0, 3844.0, 3892.0, 3553.0, 2956.0, 3324.0, 3084.0, 3760.0, 3841.0, 3469.0, 3000.0, 2453.0, 3164.0, 3414.0, 4171.0, 7760.0, 9507.0, 5638.0, 2866.0, 3738.0, 4363.0, 4054.0, 3564.0, 2987.0, 3420.0, 3479.0, 3133.0, 3400.0, 3537.0, 3313.0, 2920.0, 2536.0, 3215.0, 3960.0, 4963.0, 6361.0, 6543.0, 8014.0, 9953.0, 6877.0, 5617.0, 5494.0, 3551.0, 3643.0, 3490.0, 2807.0, 2376.0, 2274.0, 2070.0, 1984.0, 1964.0, 2105.0, 1767.0, 1953.0, 1929.0, 1755.0, 1511.0]",86668406.33480085
5,0.8,8,"[{""x"": -0.29647350311279297, ""y"": 0.7495880126953125, ""z"": 0.0, ""velocity"": 0.0, ""snr"": 0.0}, {""x"": -0.27179718017578125, ""y"": 0.7683634757995605, ""z"": 0.0, ""velocity"": 0.0, ""snr"": 0.0}, {""x"": -0.1335740089416504, ""y"": 0.8752942085266113, ""z"": 0.0, ""velocity"": 0.0, ""snr"": 0.0}, {""x"": -0.17327070236206055, ""y"": 1.5640854835510254, ""z"": 0.0, ""velocity"": 0.0, ""snr"": 0.0}, {""x"": -0.18256902694702148, ""y"": 1.5633702278137207, ""z"": 0.0, ""velocity"": 0.0, ""snr"": 0.0}, {""x"": -0.17684698104858398, ""y"": 1.5880465507507324, ""z"": 0.0, ""velocity"": 0.0, ""snr"": 0.0}, {""x"": 1.2050271034240723, ""y"": 1.7294883728027344, ""z"": 0.0, ""velocity"": 0.0, ""snr"": 0.0}, {""x"": 1.275479793548584, ""y"": 1.6910433769226074, ""z"": 0.0, ""velocity"": 0.0, ""snr"": 0.0}]","[145342.0, 215704.0, 148223.0, 45376.0, 9041.0, 4162.0, 11209.0, 29405.0, 40495.0, 45586.0, 26655.0, 12718.0, 10817.0, 7463.0, 4796.0, 3671.0, 11742.0, 35483.0, 43370.0, 29122.0, 68373.0, 69762.0, 27101.0, 5718.0, 6382.0, 5396.0, 4923.0, 6342.0, 6188.0, 6846.0, 6356.0, 8399.0, 10833.0, 41256.0, 100926.0, 91295.0, 24649.0, 12600.0, 11832.0, 11569.0, 18842.0, 31383.0, 26707.0, 11847.0, 7797.0, 27214.0, 43338.0, 28746.0, 11055.0, 12631.0, 18111.0, 16292.0, 11497.0, 7819.0, 7330.0, 6679.0, 4914.0, 5664.0, 6933.0, 9142.0, 8004.0, 6224.0, 5503.0, 5586.0, 7550.0, 7766.0, 6415.0, 4473.0, 4966.0, 4928.0, 4184.0, 4024.0, 3630.0, 3225.0, 3426.0, 3691.0, 3234.0, 3040.0, 3957.0, 4745.0, 3707.0, 2911.0, 3405.0, 3747.0, 2940.0, 3308.0, 7865.0, 9144.0, 5622.0, 2359.0, 2526.0, 3254.0, 3879.0, 4243.0, 3049.0, 3506.0, 2864.0, 2582.0, 3151.0, 3084.0, 3255.0, 2873.0, 2774.0, 2924.0, 3322.0, 4382.0, 5990.0, 6252.0, 7565.0, 9142.0, 6109.0, 5376.0, 5955.0, 3140.0, 3728.0, 4215.0, 3254.0, 2439.0, 2117.0, 2422.0, 2003.0, 1856.0, 1872.0, 1798.0, 1890.0, 1725.0, 1740.0, 1656.0]",84935296.03869858
6,0.8,10,"[{""x"": -1.055002212524414, ""y"": 1.565694808959961, ""z"": 0.0, ""velocity"": 0.0, ""snr"": 0.0}, {""x"": -0.26607513427734375, ""y"": 0.7617473602294922, ""z"": 0.0, ""velocity"": 0.0, ""snr"": 0.0}, {""x"": -0.24783611297607422, ""y"": 0.773012638092041, ""z"": 0.0, ""velocity"": 0.0, ""snr"": 0.0}, {""x"": -0.23925304412841797, ""y"": 0.911414623260498, ""z"": 0.0, ""velocity"": 0.0, ""snr"": 0.0}, {""x"": -0.14126300811767578, ""y"": 1.5547871589660645, ""z"": 0.0, ""velocity"": 0.0, ""snr"": 0.0}, {""x"": -0.17702579498291016, ""y"": 1.562654972076416, ""z"": 0.0, ""velocity"": 0.0, ""snr"": 0.0}, {""x"": -0.18417835235595703, ""y"": 1.5630125999450684, ""z"": 0.0, ""velocity"": 0.0, ""snr"": 0.0}, {""x"": -0.1532435417175293, ""y"": 1.59376859664917, ""z"": 0.0, ""velocity"": 0.0, ""snr"": 0.0}, {""x"": 0.5952715873718262, ""y"": 0.6521344184875488, ""z"": 0.0, ""velocity"": 0.0, ""snr"": 0.0}, {""x"": 1.2431144714355469, ""y"": 1.6990900039672852, ""z"": 0.0, ""velocity"": 0.0, ""snr"": 0.0}]","[145427.0, 215307.0, 148121.0, 45089.0, 9351.0, 4990.0, 23363.0, 51899.0, 64780.0, 54117.0, 24964.0, 19419.0, 15544.0, 7367.0, 4589.0, 3975.0, 10475.0, 32283.0, 40061.0, 20399.0, 2684354610.0, 2936012945.0, 1442840744.0, 2382364782.0, 3405775080.0, 3087007947.0, 1509949516.0, 3925868568.0, 318767122.0, 3489660945.0, 3875536914.0, 4127195156.0, 3690987548.0, 3204448299.0, 2600468516.0, 2768240673.0, 2264924203.0, 318767268.0, 3271557523.0, 3741319528.0, 2415919202.0, 1627389998.0, 4009754662.0, 1778384938.0, 3942645824.0, 3221225592.0, 402653296.0, 3204448314.0, 1543503911.0, 1124073590.0, 4177526957.0, 2818572396.0, 436207660.0, 687865899.0, 318767180.0, 1392509000.0, 1711276081.0, 1627389986.0, 4194304033.0, 4244635678.0, 268435480.0, 805306391.0, 1442840602.0, 1694498849.0, 2818572317.0, 4043309083.0, 184549401.0, 2818572314.0, 637534240.0, 1426063392.0, 1493172249.0, 1442840596.0, 1660944401.0, 1342177296.0, 671088654.0, 184549391.0, 1560281104.0, 4278190098.0, 1107296274.0, 2382364689.0, 2298478604.0, 3590324236.0, 4211081232.0, 1358954512.0, 3472883725.0, 1191182348.0, 1577058317.0, 3741319180.0, 117440525.0, 738197519.0, 1509949465.0, 1090519073.0, 2197815316.0, 3405774859.0, 1644167181.0, 1442840591.0, 1677721613.0, 4194304016.0, 687865871.0, 2046820366.0, 3170893835.0, 2852126730.0, 83886091.0, 4076863500.0, 2281701387.0, 2298478604.0, 1308622858.0, 1426063370.0, 3758096397.0, 4093640721.0, 1291845654.0, 687865881.0, 1056964636.0, 3523215395.0, 2348810265.0, 452984852.0, 721420309.0, 13.0, 3305111566.0, 1308622861.0, 2315255818.0, 3439329288.0, 1929379847.0, 150994952.0, 805306376.0, 3187671048.0, 620756999.0, 1879048199.0]",1707132452.5035396
7,0.8,7,"[{""x"": -0.12034177780151367, ""y"": 0.7991194725036621, ""z"": 0.0, ""velocity"": 0.0, ""snr"": 0.0}, {""x"": -0.07903575897216797, ""y"": 0.8025169372558594, ""z"": 0.0, ""velocity"": 0.0, ""snr"": 0.0}, {""x"": -0.1385807991027832, ""y"": 1.5540719032287598, ""z"": 0.0, ""velocity"": 0.0, ""snr"": 0.0}, {""x"": -0.16862154006958008, ""y"": 1.5635490417480469, ""z"": 0.0, ""velocity"": 0.0, ""snr"": 0.0}, {""x"": -0.1773834228515625, ""y"": 1.5640854835510254, ""z"": 0.0, ""velocity"": 0.0, ""snr"": 0.0}, {""x"": -0.09799003601074219, ""y"": 1.5962719917297363, ""z"": 0.0, ""velocity"": 0.0, ""snr"": 0.0}, {""x"": 1.1959075927734375, ""y"": 1.73109769821167, ""z"": 0.0, ""velocity"": 0.0, ""snr"": 0.0}]","[144858.0, 215195.0, 148165.0, 45604.0, 9099.0, 3197.0, 14836.0, 35808.0, 34359.0, 35233.0, 43489.0, 21185.0, 13774.0, 6746.0, 4859.0, 3479.0, 12006.0, 40737.0, 50765.0, 32132.0, 65715.0, 56318.0, 18656.0, 5837.0, 4856.0, 4809.0, 4661.0, 6423.0, 7556.0, 11808.0, 10074.0, 8563.0, 11525.0, 43093.0, 101983.0, 90738.0, 25578.0, 11201.0, 10669.0, 10388.0, 17276.0, 31237.0, 29978.0, 16581.0, 10302.0, 27988.0, 41667.0, 25233.0, 11091.0, 10301.0, 18837.0, 17071.0, 12110.0, 9070.0, 8128.0, 7405.0, 5730.0, 5570.0, 6623.0, 7988.0, 7002.0, 6549.0, 6134.0, 6545.0, 8552.0, 8909.0, 6340.0, 5137.0, 4770.0, 4464.0, 3591.0, 3710.0, 3778.0, 4151.0, 4490.0, 3391.0, 2916.0, 4131.0, 4451.0, 4114.0, 3059.0, 2805.0, 3023.0, 3012.0, 3293.0, 4202.0, 6499.0, 8697.0, 5916.0, 3824.0, 3772.0, 3507.0, 3912.0, 4459.0, 4624.0, 3888.0, 2875.0, 2569.0, 2852.0, 2580.0, 2739.0, 3143.0, 2792.0, 3167.0, 3674.0, 4434.0, 5710.0, 6652.0, 6861.0, 9116.0, 6382.0, 5029.0, 5584.0, 3408.0, 3353.0, 3238.0, 2807.0, 2631.0, 2176.0, 2169.0, 2053.0, 1991.0, 1906.0, 1899.0, 1752.0, 1599.0, 1534.0, 1646.0]",117314994.79700431
8,0.8,7,"[{""x"": -0.09995698928833008, ""y"": 0.8035898208618164, ""z"": 0.0, ""velocity"": 0.0, ""snr"": 0.0}, {""x"": -0.0883340835571289, ""y"": 0.7933974266052246, ""z"": 0.0, ""velocity"": 0.0, ""snr"": 0.0}, {""x"": -0.15985965728759766, ""y"": 1.565694808959961, ""z"": 0.0, ""velocity"": 0.0, ""snr"": 0.0}, {""x"": -0.16021728515625, ""y"": 1.5696287155151367, ""z"": 0.0, ""velocity"": 0.0, ""snr"": 0.0}, {""x"": -0.07814168930053711, ""y"": 1.5950202941894531, ""z"": 0.0, ""velocity"": 0.0, ""snr"": 0.0}, {""x"": 1.1338591575622559, ""y"": 1.7732977867126465, ""z"": 0.0, ""velocity"": 0.0, ""snr"": 0.0}, {""x"": 1.2202262878417969, ""y"": 1.730024814605713, ""z"": 0.0, ""velocity"": 0.0, ""snr"": 0.0}]","[145302.0, 215352.0, 148257.0, 45374.0, 9392.0, 3383.0, 11518.0, 21787.0, 17608.0, 29743.0, 39253.0, 22781.0, 18066.0, 11219.0, 5229.0, 4510.0, 9973.0, 35943.0, 46370.0, 24261.0, 60400.0, 54720.0, 18649.0, 5864.0, 5355.0, 5136.0, 5345.0, 629873536.0, 535887872.0, 684457984.0, 2710700032.0, 2260926464.0, 1766064129.0, 2109865985.0, 534249472.0, 588906496.0, 884604928.0, 1112276992.0, 1948778496.0, 1815674880.0, 992542720.0, 670826496.0, 1855651840.0, 2903572480.0, 1807417344.0, 736690176.0, 729546752.0, 1271136256.0, 1143341056.0, 768671744.0, 519045120.0, 474021888.0, 430768128.0, 358744064.0, 427163648.0, 435879936.0, 509870080.0, 452263936.0, 486539264.0, 467468288.0, 397344768.0, 535691264.0, 549453824.0, 461570048.0, 409206784.0, 348389376.0, 306511872.0, 261685248.0, 254672896.0, 262930432.0, 348454912.0, 351207424.0, 335216640.0, 289865728.0, 272105472.0, 242221056.0, 216530944.0, 219611136.0, 208732160.0, 220266496.0, 223674368.0, 244056064.0, 282918912.0, 448135168.0, 637534208.0, 420151296.0, 215089152.0, 265748480.0, 265158656.0, 243662848.0, 282591232.0, 287899648.0, 240058368.0, 212795392.0, 180158464.0, 193724416.0, 190644224.0, 204668928.0, 197001216.0, 194772992.0, 178847744.0, 207552512.0, 271908864.0, 374472704.0, 406061056.0, 473497600.0, 616824832.0, 423821312.0, 339738624.0, 377356288.0, 216334336.0, 180944896.0, 224395264.0, 198180864.0, 167313408.0, 135397376.0, 148897792.0, 140967936.0, 142540800.0, 141492224.0, 113508352.0, 108724224.0, 114229248.0, 111476736.0, 119013376.0, 0.0, 0.0, 0.0]",324842275.09099305
9,0.8,4,"[{""x"": -0.1850724220275879, ""y"": 1.5610456466674805, ""z"": 0.0, ""velocity"": 0.0, ""snr"": 0.0}, {""x"": -0.20295381546020508, ""y"": 1.5580058097839355, ""z"": 0.0, ""velocity"": 0.0, ""snr"": 0.0}, {""x"": 1.1438727378845215, ""y"": 1.7670392990112305, ""z"": 0.0, ""velocity"": 0.0, ""snr"": 0.0}, {""x"": 1.2447237968444824, ""y"": 1.7130374908447266, ""z"": 0.0, ""velocity"": 0.0, ""snr"": 0.0}]","[144914.0, 215303.0, 147921.0, 45511.0, 9036.0, 3463.0, 16532.0, 30366.0, 23000.0, 15856.0, 16691.0, 18254.0, 14498.0, 6905.0, 4595.0, 4940.0, 13982.0, 16728.0, 19686.0, 29295.0, 56528.0, 51262.0, 17398.0, 5680.0, 4058.0, 4209.0, 4172.0, 5077.0, 6666.0, 10296.0, 8895.0, 8348.0, 11024.0, 42260.0, 101192.0, 86850.0, 20387.0, 13808.0, 9338.0, 12062976.0, 7666688.0, 3163648.0, 2870784.0, 4955904.0, 4420864.0, 2713600.0, 1815296.0, 1700352.0, 1288448.0, 1250816.0, 1302528.0, 1622528.0, 2194176.0, 2096384.0, 2138112.0, 2077184.0, 1695744.0, 2100480.0, 2173184.0, 2450176.0, 1694208.0, 1145856.0, 1072384.0, 1021440.0, 838656.0, 984320.0, 1301248.0, 1222400.0, 1018624.0, 987904.0, 919552.0, 836864.0, 789248.0, 722432.0, 838400.0, 759296.0, 816896.0, 994304.0, 1421568.0, 2163456.0, 2388224.0, 1122560.0, 896512.0, 955392.0, 868096.0, 869888.0, 1024000.0, 902912.0, 867328.0, 761344.0, 624896.0, 728576.0, 725504.0, 723456.0, 709632.0, 676096.0, 727808.0, 823296.0, 1125632.0, 1521408.0, 1622016.0, 1818880.0, 2321152.0, 1623040.0, 1342976.0, 1408256.0, 811008.0, 905984.0, 829952.0, 731648.0, 599040.0, 531200.0, 574720.0, 511488.0, 521472.0, 459776.0, 445440.0, 417280.0, 409344.0, 436736.0, 424192.0, 0.0, 0.0, 0.0, 67174912.0, 134546947.0, 84082695.0, 172037.0]",118212296.6909442
10,0.8,7,"[{""x"": -1.060187816619873, ""y"": 1.5603303909301758, ""z"": 0.0, ""velocity"": 0.0, ""snr"": 0.0}, {""x"": -0.16003847122192383, ""y"": 1.5649795532226562, ""z"": 0.0, ""velocity"": 0.0, ""snr"": 0.0}, {""x"": -0.1564621925354004, ""y"": 1.5694499015808105, ""z"": 0.0, ""velocity"": 0.0, ""snr"": 0.0}, {""x"": -0.09691715240478516, ""y"": 1.5966296195983887, ""z"": 0.0, ""velocity"": 0.0, ""snr"": 0.0}, {""x"": 0.2281665802001953, ""y"": 0.8497238159179688, ""z"": 0.0, ""velocity"": 0.0, ""snr"": 0.0}, {""x"": 1.134932041168213, ""y"": 1.772761344909668, ""z"": 0.0, ""velocity"": 0.0, ""snr"": 0.0}, {""x"": 1.2180805206298828, ""y"": 1.7305612564086914, ""z"": 0.0, ""velocity"": 0.0, ""snr"": 0.0}]","[145163.0, 215387.0, 148164.0, 45494.0, 9320.0, 3622.0, 13570.0, 23247.0, 15956.0, 8863.0, 12213.0, 10566.0, 10271.0, 5955.0, 5056.0, 4445.0, 14340.0, 21337.0, 28801.0, 26440.0, 67017.0, 66359.0, 25819.0, 7141.0, 5863.0, 4561.0, 4269.0, 6149.0, 5953.0, 8080.0, 8663.0, 8283.0, 11243.0, 42904.0, 101584.0, 92143.0, 31436.0, 11938.0, 8817.0, 12313.0, 18916.0, 31189.0, 28510.0, 14418.0, 10405.0, 31343.0, 47627.0, 30557.0, 10578.0, 10535.0, 17918.0, 16823.0, 11336.0, 6713.0, 5679.0, 5938.0, 5040.0, 6490.0, 7304.0, 7833.0, 6757.0, 5768.0, 5636.0, 5644.0, 8440.0, 9139.0, 6313.0, 4277.0, 4196.0, 4539.0, 3961.0, 4071.0, 4904.0, 4770.0, 4614.0, 3913.0, 3839.0, 3515.0, 3065.0, 3534.0, 3877.0, 3889.0, 3726.0, 3591.0, 3603.0, 4228.0, 8370.0, 8805.0, 4794.0, 3584.0, 3403.0, 3288.0, 4114.0, 5105.0, 4457.0, 3479.0, 2802.0, 2797.0, 3747.0, 3284.0, 2409.0, 2591.0, 3096.0, 2567.0, 2859.0, 4202.0, 5568.0, 6134.0, 6790.0, 8734.0, 5986.0, 5544.0, 5990.0, 3389.0, 3465.0, 3425.0, 3121.0, 2365.0, 2433.0, 2089.0, 2184.0, 2180.0, 1975.0, 1746.0, 1787.0, 1704.0, 1678.0, 1712.0]",118576833.91527662
11,0.8,10,"[{""x"": -1.0846853256225586, ""y"": 1.5499591827392578, ""z"": 0.0, ""velocity"": 0.0, ""snr"": 0.0}, {""x"": -1.1556744575500488, ""y"": 1.5170574188232422, ""z"": 0.0, ""velocity"": 0.0, ""snr"": 0.0}, {""x"": -0.14340877532958984, ""y"": 1.5546083450317383, ""z"": 0.0, ""velocity"": 0.0, ""snr"": 0.0}, {""x"": -0.1684427261352539, ""y"": 1.5644431114196777, ""z"": 0.0, ""velocity"": 0.0, ""snr"": 0.0}, {""x"": -0.17595291137695312, ""y"": 1.5669465065002441, ""z"": 0.0, ""velocity"": 0.0, ""snr"": 0.0}, {""x"": -0.15932321548461914, ""y"": 1.587510108947754, ""z"": 0.0, ""velocity"": 0.0, ""snr"": 0.0}, {""x"": 0.03808736801147461, ""y"": 0.8465051651000977, ""z"": 0.0, ""velocity"": 0.0, ""snr"": 0.0}, {""x"": 0.15056133270263672, ""y"": 0.8769035339355469, ""z"": 0.0, ""velocity"": 0.0, ""snr"": 0.0}, {""x"": 1.1907219886779785, ""y"": 1.7386078834533691, ""z"": 0.0, ""velocity"": 0.0, ""snr"": 0.0}, {""x"": 1.2894272804260254, ""y"": 1.6783475875854492, ""z"": 0.0, ""velocity"": 0.0, ""snr"": 0.0}]","[145070.0, 215036.0, 147984.0, 45599.0, 9231.0, 3509.0, 7728.0, 14310.0, 20267.0, 22748.0, 14596.0, 8096.0, 4950.0, 5454.0, 4467.0, 3720.0, 10621.0, 16379.0, 19614.0, 29127.0, 74009.0, 70242.0, 24253.0, 7948.0, 6969.0, 6199.0, 4392.0, 5259.0, 5035.0, 5159.0, 5859.0, 8751.0, 11234.0, 47528.0, 113905.0, 104019.0, 34288.0, 11561.0, 9066.0, 8586.0, 17976.0, 32282.0, 30563.0, 16857.0, 10931.0, 30819.0, 47942.0, 31576.0, 9265.0, 9702.0, 17283.0, 16946.0, 11264.0, 7103.0, 8252.0, 6978.0, 5452.0, 5218.0, 7192.0, 7801.0, 6701.0, 6777.0, 6250.0, 5937.0, 7959.0, 8252.0, 5192.0, 3787.0, 4890.0, 4143.0, 3927.0, 4133.0, 4134.0, 5233.0, 4977.0, 3938.0, 4313.0, 5008.0, 5233.0, 4766.0, 3850.0, 4134.0, 3517.0, 2914.0, 3508.0, 4380.0, 8128.0, 8706.0, 4607.0, 3732.0, 3395.0, 3495.0, 4610.0, 5503.0, 5104.0, 4420.0, 3448.0, 2722.0, 3259.0, 3201.0, 2768.0, 2844.0, 2995.0, 2994.0, 3376.0, 4423.0, 5691.0, 6264.0, 7036.0, 8398.0, 6195.0, 5806.0, 6301.0, 3836.0, 3278.0, 3514.0, 2852.0, 2153.0, 2314.0, 2244.0, 1997.0, 1889.0, 2221.0, 1984.0, 1648.0, 1765.0, 1691.0, 1794.0]",116205070.8132307
12,0.8,10,"[{""x"": -0.5158782005310059, ""y"": 0.6458759307861328, ""z"": 0.0, ""velocity"": 0.0, ""snr"": 0.0}, {""x"": -1.1127591133117676, ""y"": 1.54799222946167, ""z"": 0.0, ""velocity"": 0.0, ""snr"": 0.0}, {""x"": -1.0432004928588867, ""y"": 1.5732049942016602, ""z"": 0.0, ""velocity"": 0.0, ""snr"": 0.0}, {""x"": -0.20045042037963867, ""y"": 0.8928179740905762, ""z"": 0.0, ""velocity"": 0.0, ""snr"": 0.0}, {""x"": -0.14483928680419922, ""y"": 1.5555024147033691, ""z"": 0.0, ""velocity"": 0.0, ""snr"": 0.0}, {""x"": -0.17112493515014648, ""y"": 1.5649795532226562, ""z"": 0.0, ""velocity"": 0.0, ""snr"": 0.0}, {""x"": -0.1773834228515625, ""y"": 1.5685558319091797, ""z"": 0.0, ""velocity"": 0.0, ""snr"": 0.0}, {""x"": -0.15020370483398438, ""y"": 1.588761806488037, ""z"": 0.0, ""velocity"": 0.0, ""snr"": 0.0}, {""x"": 1.1960864067077637, ""y"": 1.7350316047668457, ""z"": 0.0, ""velocity"": 0.0, ""snr"": 0.0}, {""x"": 1.3049840927124023, ""y"": 1.668691635131836, ""z"": 0.0, ""velocity"": 0.0, ""snr"": 0.0}]","[145156.0, 215569.0, 148456.0, 45271.0, 9308.0, 3109.0, 10706.0, 22359.0, 36952.0, 58800.0, 40418.0, 13116.0, 12924.0, 9691.0, 5947.0, 4241.0, 9923.0, 19820.0, 18255.0, 21089.0, 68353.0, 71325.0, 26819.0, 5968.0, 5453.0, 4966.0, 4274.0, 5866.0, 5401.0, 5415.0, 6669.0, 9015.0, 10957.0, 49539.0, 121318.0, 112724.0, 40177.0, 11816.0, 9940.0, 12239.0, 18904.0, 31931.0, 29888.0, 16023.0, 10207.0, 31548.0, 48212.0, 32096.0, 10622.0, 10807.0, 17202.0, 14637.0, 10580.0, 8736.0, 7427.0, 6609.0, 5252.0, 5780.0, 5547.0, 7243.0, 6438.0, 7416.0, 7039.0, 7292.0, 9456.0, 9532.0, 5704.0, 4929.0, 5105.0, 3791.0, 3611.0, 4003.0, 4186.0, 4617.0, 4245.0, 3424.0, 3115.0, 3262.0, 4267.0, 4257.0, 3853.0, 3738.0, 3482.0, 2884.0, 3844.0, 4717.0, 7023.0, 8759.0, 6023.0, 3119.0, 3169.0, 4045.0, 4146.0, 4848.0, 4090.0, 4048.0, 3132.0, 2332.0, 2798.0, 3473.0, 3130.0, 2685.0, 2768.0, 3044.0, 3965.0, 5442.0, 6350.0, 6513.0, 7308.0, 8356.0, 5879.0, 5924.0, 6020.0, 3360.0, 3365.0, 3561.0, 2931.0, 2522.0, 2118.0, 2196.0, 2007.0, 1884.0, 1746.0, 1657.0, 1847.0, 1891.0, 1827.0, 1594.0]",113881010.43200158
13,0.8,9,"[{""x"": -0.4050135612487793, ""y"": 0.6850361824035645, ""z"": 0.0, ""velocity"": 0.0, ""snr"": 0.0}, {""x"": -1.028895378112793, ""y"": 1.583397388458252, ""z"": 0.0, ""velocity"": 0.0, ""snr"": 0.0}, {""x"": -0.12677907943725586, ""y"": 1.5572905540466309, ""z"": 0.0, ""velocity"": 0.0, ""snr"": 0.0}, {""x"": -0.1666545867919922, ""y"": 1.565873622894287, ""z"": 0.0, ""velocity"": 0.0, ""snr"": 0.0}, {""x"": -0.18095970153808594, ""y"": 1.5681982040405273, ""z"": 0.0, ""velocity"": 0.0, ""snr"": 0.0}, {""x"": -0.1627206802368164, ""y"": 1.5873312950134277, ""z"": 0.0, ""velocity"": 0.0, ""snr"": 0.0}, {""x"": 0.31489133834838867, ""y"": 0.8262991905212402, ""z"": 0.0, ""velocity"": 0.0, ""snr"": 0.0}, {""x"": 1.2159347534179688, ""y"": 1.7210841178894043, ""z"": 0.0, ""velocity"": 0.0, ""snr"": 0.0}, {""x"": 1.3310909271240234, ""y"": 1.6470551490783691, ""z"": 0.0, ""velocity"": 0.0, ""snr"": 0.0}]","[145271.0, 215442.0, 148252.0, 45439.0, 9486.0, 4119.0, 16876.0, 29930.0, 24773.0, 22316.0, 14630.0, 12525.0, 10860.0, 6888.0, 4482.0, 5016.0, 13244.0, 27980.0, 30405.0, 23468.0, 64248.0, 64615.0, 25192.0, 4959.0, 5135.0, 5253.0, 5228.0, 6382.0, 5743.0, 5261.0, 5646.0, 9797.0, 12587.0, 50734.0, 125926.0, 117801.0, 42048.0, 9848.0, 11531.0, 10657.0, 17684.0, 31003.0, 28248.0, 13967.0, 9251.0, 30311.0, 47644.0, 30951.0, 10210.0, 11037.0, 16254.0, 14375.0, 9583.0, 8483.0, 8366.0, 7342.0, 5643.0, 5915.0, 6424.0, 7157.0, 6616.0, 6375.0, 6823.0, 8193.0, 9847.0, 8748.0, 5668.0, 4822.0, 4659.0, 3180.0, 3269.0, 3986.0, 4327.0, 4072.0, 3623.0, 4156.0, 3806.0, 3849.0, 4254.0, 4412.0, 4173.0, 4911.0, 3853.0, 3633.0, 4135.0, 4945.0, 7389.0, 8997.0, 5442.0, 3087.0, 3495.0, 3599.0, 4249.0, 5079.0, 3846.0, 4011.0, 3277.0, 3178.0, 2938.0, 2704.0, 2629.0, 2264.0, 2735.0, 2834.0, 3848.0, 5590.0, 6681.0, 6306.0, 7028.0, 8269.0, 5712.0, 5590.0, 5613.0, 3316.0, 3740.0, 3787.0, 2890.0, 2187.0, 2052.0, 2280.0, 2070.0, 2275.0, 2207.0, 1736.0, 1546.0, 1758.0, 1614.0, 1505.0]",111602793.40431869
14,0.8,11,"[{""x"": -1.0744929313659668, ""y"": 1.5732049942016602, ""z"": 0.0, ""velocity"": 0.0, ""snr"": 0.0}, {""x"": -1.0099411010742188, ""y"": 1.5951991081237793, ""z"": 0.0, ""velocity"": 0.0, ""snr"": 0.0}, {""x"": -0.30434131622314453, ""y"": 0.7426142692565918, ""z"": 0.0, ""velocity"": 0.0, ""snr"": 0.0}, {""x"": -0.21010637283325195, ""y"": 0.7916092872619629, ""z"": 0.0, ""velocity"": 0.0, ""snr"": 0.0}, {""x"": -0.13643503189086914, ""y"": 1.5562176704406738, ""z"": 0.0, ""velocity"": 0.0, ""snr"": 0.0}, {""x"": -0.16576051712036133, ""y"": 1.565694808959961, ""z"": 0.0, ""velocity"": 0.0, ""snr"": 0.0}, {""x"": -0.17219781875610352, ""y"": 1.567840576171875, ""z"": 0.0, ""velocity"": 0.0, ""snr"": 0.0}, {""x"": -0.1405477523803711, ""y"": 1.5878677368164062, ""z"": 0.0, ""velocity"": 0.0, ""snr"": 0.0}, {""x"": 0.17720460891723633, ""y"": 0.8527636528015137, ""z"": 0.0, ""velocity"": 0.0, ""snr"": 0.0}, {""x"": 1.215040683746338, ""y"": 1.7209053039550781, ""z"": 0.0, ""velocity"": 0.0, ""snr"": 0.0}, {""x"": 1.3219714164733887, ""y"": 1.6558170318603516, ""z"": 0.0, ""velocity"": 0.0, ""snr"": 0.0}]","[145133.0, 215512.0, 148232.0, 45698.0, 9459.0, 3463.0, 18445.0, 41229.0, 48820.0, 32562.0, 19181.0, 14550.0, 10980.0, 6260.0, 4791.0, 3709.0, 16315.0, 41160.0, 48962.0, 33792.0, 70927.0, 64914.0, 21936.0, 5786.0, 3983.0, 4510.0, 6235.0, 7418.0, 6146.0, 5031.0, 5964.0, 9667.0, 11532.0, 53096.0, 131949.0, 122652.0, 40410.0, 10751.0, 12027.0, 13524.0, 18472.0, 31101.0, 28335.0, 14796.0, 8776.0, 30445.0, 47462.0, 30843.0, 11075.0, 9724.0, 16103.0, 15625.0, 10344.0, 8573.0, 8466.0, 8071.0, 5273.0, 5116.0, 6265.0, 7229.0, 6583.0, 6257.0, 6583.0, 7159.0, 9178.0, 8659.0, 4807.0, 6188.0, 6197.0, 4371.0, 3705.0, 4176.0, 4455.0, 3932.0, 4127.0, 3415.0, 3537.0, 3298.0, 3999.0, 5030.0, 3809.0, 3205.0, 3623.0, 3383.0, 3637.0, 4325.0, 7308.0, 9199.0, 5147.0, 3857.0, 4382.0, 4015.0, 5085.0, 5674.0, 4392.0, 4065.0, 3337.0, 2903.0, 2699.0, 2682.0, 2495.0, 2571.0, 3100.0, 3273.0, 4020.0, 5723.0, 6808.0, 6675.0, 6849.0, 8068.0, 6191.0, 5542.0, 5134.0, 3191.0, 3860.0, 3908.0, 3326.0, 2682.0, 2335.0, 2264.0, 2123.0, 2283.0, 2101.0, 1965.0, 1778.0, 1838.0, 1752.0, 1757.0]",109370425.90497646
0,0.8,11,"[{""x"": -1.0766386985778809, ""y"": 1.5735626220703125, ""z"": 0.0, ""velocity"": 0.0, ""snr"": 0.0}, {""x"": -1.0167360305786133, ""y"": 1.592695713043213, ""z"": 0.0, ""velocity"": 0.0, ""snr"": 0.0}, {""x"": -0.25981664657592773, ""y"": 0.7592439651489258, ""z"": 0.0, ""velocity"": 0.0, ""snr"": 0.0}, {""x"": -0.1634359359741211, ""y"": 0.8005499839782715, ""z"": 0.0, ""velocity"": 0.0, ""snr"": 0.0}, {""x"": -0.13107061386108398, ""y"": 1.556396484375, ""z"": 0.0, ""velocity"": 0.0, ""snr"": 0.0}, {""x"": -0.16325712203979492, ""y"": 1.565694808959961, ""z"": 0.0, ""velocity"": 0.0, ""snr"": 0.0}, {""x"": -0.1723766326904297, ""y"": 1.5685558319091797, ""z"": 0.0, ""velocity"": 0.0, ""snr"": 0.0}, {""x"": -0.1373291015625, ""y"": 1.5884041786193848, ""z"": 0.0, ""velocity"": 0.0, ""snr"": 0.0}, {""x"": 0.21922588348388672, ""y"": 0.8388161659240723, ""z"": 0.0, ""velocity"": 0.0, ""snr"": 0.0}, {""x"": 1.2361407279968262, ""y"": 1.704096794128418, ""z"": 0.0, ""velocity"": 0.0, ""snr"": 0.0}, {""x"": 1.3259053230285645, ""y"": 1.649022102355957, ""z"": 0.0, ""velocity"": 0.0, ""snr"": 0.0}]","[145149.0, 215314.0, 148152.0, 45262.0, 9076.0, 5274.0, 20868.0, 45907.0, 49338.0, 29816.0, 32031.0, 25163.0, 12572.0, 9295.0, 5341.0, 4639.0, 16013.0, 39550.0, 48642.0, 30387.0, 71981.0, 67909.0, 25534.0, 6083.0, 4528.0, 5457.0, 7330.0, 7350.0, 5557.0, 4573.0, 5592.0, 8690.0, 11479.0, 53192.0, 129896.0, 120347.0, 41676.0, 11464.0, 10657.0, 10001.0, 17530.0, 30445.0, 28521.0, 15667.0, 10702.0, 31851.0, 48119.0, 29990.0, 10027.0, 9485.0, 16882.0, 15916.0, 10248.0, 8315.0, 8202.0, 7805.0, 5102.0, 5178.0, 6975.0, 8195.0, 6948.0, 6272.0, 6091.0, 6728.0, 8788.0, 8934.0, 5858.0, 4359.0, 3370.0, 3071.0, 3401.0, 3912.0, 4293.0, 4550.0, 4567.0, 3472.0, 2756.0, 3904.0, 4587.0, 4085.0, 3542.0, 4008.0, 3638.0, 2879.0, 3085.0, 4479.0, 7793.0, 8893.0, 4951.0, 3087.0, 3587.0, 4186.0, 4648.0, 5597.0, 4754.0, 4325.0, 3777.0, 2713.0, 2986.0, 2796.0, 2811.0, 2300.0, 2715.0, 3198.0, 4147.0, 5467.0, 6639.0, 6626.0, 6714.0, 7799.0, 5744.0, 5256.0, 5064.0, 3005.0, 3526.0, 3573.0, 3206.0, 2589.0, 2310.0, 2186.0, 2161.0, 2042.0, 2138.0, 1777.0, 1768.0, 1688.0, 1699.0, 1592.0]",107183282.70635673
1,0.8,9,"[{""x"": -1.0405182838439941, ""y"": 1.5767812728881836, ""z"": 0.0, ""velocity"": 0.0, ""snr"": 0.0}, {""x"": -0.34421682357788086, ""y"": 0.722050666809082, ""z"": 0.0, ""velocity"": 0.0, ""snr"": 0.0}, {""x"": -0.12874603271484375, ""y"": 1.5558600425720215, ""z"": 0.0, ""velocity"": 0.0, ""snr"": 0.0}, {""x"": -0.1621842384338379, ""y"": 1.5649795532226562, ""z"": 0.0, ""velocity"": 0.0, ""snr"": 0.0}, {""x"": -0.16629695892333984, ""y"": 1.5673041343688965, ""z"": 0.0, ""velocity"": 0.0, ""snr"": 0.0}, {""x"": -0.10085105895996094, ""y"": 1.591801643371582, ""z"": 0.0, ""velocity"": 0.0, ""snr"": 0.0}, {""x"": 0.5049705505371094, ""y"": 0.7195472717285156, ""z"": 0.0, ""velocity"": 0.0, ""snr"": 0.0}, {""x"": 1.2361407279968262, ""y"": 1.704096794128418, ""z"": 0.0, ""velocity"": 0.0, ""snr"": 0.0}, {""x"": 1.3582706451416016, ""y"": 1.6211271286010742, ""z"": 0.0, ""velocity"": 0.0, ""snr"": 0.0}]","[145065.0, 215226.0, 148017.0, 45569.0, 9162.0, 3734.0, 12227.0, 27307.0, 36155.0, 22778.0, 15519.0, 7727.0, 6866.0, 8132.0, 5104.0, 4521.0, 13400.0, 29072.0, 34692.0, 20713.0, 62955.0, 67926.0, 27132.0, 6844.0, 4079.0, 4583.0, 6427.0, 7343.0, 6586.0, 4737.0, 5214.0, 8198.0, 10997.0, 50892.0, 122276.0, 111322.0, 34787.0, 10247.0, 11044.0, 9498.0, 18561.0, 32362.0, 30683.0, 17491.0, 10732.0, 30501.0, 46130.0, 29105.0, 11269.0, 9848.0, 16007.0, 14982.0, 9674.0, 8894.0, 7892.0, 6713.0, 5940.0, 5870.0, 7011.0, 7145.0, 5876.0, 5587.0, 5641.0, 7129.0, 9221.0, 8840.0, 5280.0, 5651.0, 5903.0, 3818.0, 3751.0, 4189.0, 4131.0, 3950.0, 3966.0, 3352.0, 3361.0, 4456.0, 5183.0, 4671.0, 3821.0, 3723.0, 3275.0, 3278.0, 3961.0, 4019.0, 6939.0, 8380.0, 4988.0, 3428.0, 3677.0, 3589.0, 3660.0, 4508.0, 4418.0, 4314.0, 3641.0, 2736.0, 3429.0, 3166.0, 2221.0, 2411.0, 2977.0, 3347.0, 4080.0, 5268.0, 6456.0, 6808.0, 6880.0, 8021.0, 6002.0, 5520.0, 5299.0, 3109.0, 4124.0, 3949.0, 3168.0, 2728.0, 2318.0, 2183.0, 2064.0, 2042.0, 1980.0, 1848.0, 1782.0, 1757.0, 1870.0, 1864.0]",105039887.18757272
2,0.8,9,"[{""x"": -1.0855793952941895, ""y"": 1.5653371810913086, ""z"": 0.0, ""velocity"": 0.0, ""snr"": 0.0}, {""x"": -1.0494589805603027, ""y"": 1.5687346458435059, ""z"": 0.0, ""velocity"": 0.0, ""snr"": 0.0}, {""x"": -0.07742643356323242, ""y"": 0.3324151039123535, ""z"": 0.0, ""velocity"": 0.0, ""snr"": 0.0}, {""x"": -0.1614689826965332, ""y"": 1.5653371810913086, ""z"": 0.0, ""velocity"": 0.0, ""snr"": 0.0}, {""x"": -0.16433000564575195, ""y"": 1.5671253204345703, ""z"": 0.0, ""velocity"": 0.0, ""snr"": 0.0}, {""x"": 0.0527501106262207, ""y"": 0.89263916015625, ""z"": 0.0, ""velocity"": 0.0, ""snr"": 0.0}, {""x"": -0.091552734375, ""y"": 1.5935897827148438, ""z"": 0.0, ""velocity"": 0.0, ""snr"": 0.0}, {""x"": 1.2159347534179688, ""y"": 1.719832420349121, ""z"": 0.0, ""velocity"": 0.0, ""snr"": 0.0}, {""x"": 1.330733299255371, ""y"": 1.6450881958007812, ""z"": 0.0, ""velocity"": 0.0, ""snr"": 0.0}]","[145350.0, 215294.0, 148041.0, 45471.0, 9309.0, 3418.0, 14289.0, 35384.0, 36839.0, 15572.0, 11964.0, 9246.0, 5689.0, 5363.0, 4232.0, 4746.0, 9808.0, 16193.0, 21229.0, 24468.0, 67818.0, 66474.0, 22351.0, 4729.0, 3185.0, 3677.0, 4649.0, 5894.0, 5782.0, 4358.0, 5432.0, 7476.0, 9973.0, 46098.0, 112387.0, 102375.0, 31197.0, 10790.0, 12284.0, 14063.0, 20633.0, 34237.0, 31397.0, 16708.0, 10189.0, 32211.0, 48067.0, 31228.0, 9106.0, 9426.0, 15313.0, 14789.0, 9675.0, 7162.0, 6230.0, 5444.0, 5610.0, 6574.0, 7109.0, 7426.0, 6111.0, 5775.0, 5938.0, 6230.0, 8824.0, 9041.0, 5194.0, 4985.0, 5660.0, 4625.0, 3866.0, 4541.0, 4607.0, 3603.0, 3293.0, 3367.0, 3671.0, 4353.0, 3564.0, 3113.0, 2598.0, 3018.0, 3294.0, 3131.0, 3776.0, 4034.0, 7412.0, 8876.0, 5195.0, 3167.0, 3958.0, 3840.0, 3931.0, 4150.0, 3973.0, 3830.0, 3260.0, 2527.0, 3357.0, 2842.0, 2565.0, 2643.0, 2682.0, 2883.0, 4030.0, 4808.0, 6329.0, 6705.0, 6663.0, 8320.0, 6167.0, 5526.0, 5381.0, 3111.0, 3293.0, 3661.0, 3113.0, 2453.0, 2407.0, 2098.0, 2038.0, 2035.0, 1987.0, 1694.0, 1743.0, 1733.0, 1821.0, 1794.0]",102939704.7995563
3,0.8,9,"[{""x"": -1.0887980461120605, ""y"": 1.5433430671691895, ""z"": 0.0, ""velocity"": 0.0, ""snr"": 0.0}, {""x"": -0.11390447616577148, ""y"": 0.7996559143066406, ""z"": 0.0, ""velocity"": 0.0, ""snr"": 0.0}, {""x"": -0.0883340835571289, ""y"": 0.8148550987243652, ""z"": 0.0, ""velocity"": 0.0, ""snr"": 0.0}, {""x"": -0.16611814498901367, ""y"": 1.56480073928833, ""z"": 0.0, ""velocity"": 0.0, ""snr"": 0.0}, {""x"": -0.16880035400390625, ""y"": 1.5676617622375488, ""z"": 0.0, ""velocity"": 0.0, ""snr"": 0.0}, {""x"": -0.10246038436889648, ""y"": 1.5909075736999512, ""z"": 0.0, ""velocity"": 0.0, ""snr"": 0.0}, {""x"": 0.0903010368347168, ""y"": 0.8758306503295898, ""z"": 0.0, ""velocity"": 0.0, ""snr"": 0.0}, {""x"": 1.1603236198425293, ""y"": 1.7534494400024414, ""z"": 0.0, ""velocity"": 0.0, ""snr"": 0.0}, {""x"": 1.2862086296081543, ""y"": 1.6787052154541016, ""z"": 0.0, ""velocity"": 0.0, ""snr"": 0.0}]","[145265.0, 215415.0, 148480.0, 45610.0, 9095.0, 6158.0, 27563.0, 51208.0, 40180.0, 16547.0, 8877.0, 5176.0, 2879.0, 6142.0, 5960.0, 3686.0, 10825.0, 31487.0, 41962.0, 33028.0, 72264.0, 69667.0, 24203.0, 5774.0, 3261.0, 4759.0, 7015.0, 7101.0, 6326.0, 4052.0, 4644.0, 8571.0, 11457.0, 44317.0, 108074.0, 98373.0, 32077.0, 11114.0, 10907.0, 13768.0, 19538.0, 33597.0, 30073.0, 16599.0, 11623.0, 29999.0, 44198.0, 27525.0, 9619.0, 10071.0, 15862.0, 15906.0, 10418.0, 7148.0, 6325.0, 5790.0, 5301.0, 6898.0, 7200.0, 7299.0, 6575.0, 7563.0, 6424.0, 6477.0, 8729.0, 8400.0, 5692.0, 4763.0, 4652.0, 3462.0, 4013.0, 3737.0, 4516.0, 4812.0, 4266.0, 4083.0, 3570.0, 3390.0, 4111.0, 3909.0, 4036.0, 4258.0, 3513.0, 2956.0, 3437.0, 3878.0, 7667.0, 9240.0, 5219.0, 3220.0, 2944.0, 3461.0, 4145.0, 5335.0, 5129.0, 3989.0, 3412.0, 2463.0, 3212.0, 3449.0, 2839.0, 2909.0, 2705.0, 2836.0, 3738.0, 4851.0, 6534.0, 6740.0, 6522.0, 8301.0, 6056.0, 5518.0, 5471.0, 3301.0, 3609.0, 3447.0, 2912.0, 2326.0, 2072.0, 2203.0, 2139.0, 2095.0, 1920.0, 1822.0, 1754.0, 1677.0, 1603.0, 1574.0]",100880790.49918336
4,0.8,8,"[{""x"": -0.1519918441772461, ""y"": 0.7807016372680664, ""z"": 0.0, ""velocity"": 0.0, ""snr"": 0.0}, {""x"": -0.1786351203918457, ""y"": 1.562654972076416, ""z"": 0.0, ""velocity"": 0.0, ""snr"": 0.0}, {""x"": -0.18221139907836914, ""y"": 1.5640854835510254, ""z"": 0.0, ""velocity"": 0.0, ""snr"": 0.0}, {""x"": -0.13178586959838867, ""y"": 1.5884041786193848, ""z"": 0.0, ""velocity"": 0.0, ""snr"": 0.0}, {""x"": -0.021457672119140625, ""y"": 0.8271932601928711, ""z"": 0.0, ""velocity"": 0.0, ""snr"": 0.0}, {""x"": 0.19687414169311523, ""y"": 0.8622407913208008, ""z"": 0.0, ""velocity"": 0.0, ""snr"": 0.0}, {""x"": 1.1365413665771484, ""y"": 1.7725825309753418, ""z"": 0.0, ""velocity"": 0.0, ""snr"": 0.0}, {""x"": 1.2272000312805176, ""y"": 1.7253756523132324, ""z"": 0.0, ""velocity"": 0.0, ""snr"": 0.0}]","[145124.0, 215167.0, 148103.0, 45641.0, 9312.0, 3621.0, 9993.0, 29707.0, 32776.0, 13704.0, 10629.0, 8014.0, 4892.0, 4937.0, 4735.0, 3823.0, 13065.0, 28601.0, 32943.0, 35599.0, 65719.0, 66243.0, 25180.0, 6112.0, 3606.0, 2983.0, 4406.0, 6574.0, 6177.0, 4325.0, 5955.0, 8839.0, 12110.0, 42378.0, 100742.0, 89968.0, 26332.0, 8582.0, 10597.0, 14569.0, 20184.0, 32954.0, 29823.0, 15325.0, 11053.0, 29119.0, 45859.0, 29740.0, 11968.0, 11838.0, 18157.0, 16841.0, 12016.0, 7668.0, 6324.0, 5775.0, 7384.0, 8669.0, 7664.0, 8520.0, 7892.0, 6873.0, 6532.0, 6234.0, 8648.0, 9054.0, 6517.0, 5475.0, 4896.0, 2752.0, 3336.0, 4054.0, 4248.0, 3370.0, 3896.0, 3521.0, 3468.0, 3858.0, 3093.0, 3519.0, 4162.0, 4561.0, 3810.0, 3626.0, 3379.0, 3937.0, 7560.0, 9753.0, 5971.0, 3022.0, 3557.0, 3445.0, 3687.0, 5210.0, 3953.0, 2933.0, 2913.0, 2427.0, 2888.0, 3037.0, 2809.0, 3070.0, 2770.0, 2700.0, 3507.0, 4795.0, 6419.0, 7025.0, 7239.0, 8996.0, 5888.0, 5105.0, 5316.0, 3380.0, 3799.0, 3676.0, 2867.0, 2548.0, 2177.0, 2010.0, 1963.0, 2158.0, 1869.0, 1662.0, 1757.0, 1746.0, 1747.0, 1728.0]",98863150.98694333
5,0.8,6,"[{""x"": -1.034080982208252, ""y"": 1.5783905982971191, ""z"": 0.0, ""velocity"": 0.0, ""snr"": 0.0}, {""x"": -0.17470121383666992, ""y"": 1.563727855682373, ""z"": 0.0, ""velocity"": 0.0, ""snr"": 0.0}, {""x"": -0.1850724220275879, ""y"": 1.5649795532226562, ""z"": 0.0, ""velocity"": 0.0, ""snr"": 0.0}, {""x"": -0.14573335647583008, ""y"": 1.58768892288208, ""z"": 0.0, ""velocity"": 0.0, ""snr"": 0.0}, {""x"": 0.2510547637939453, ""y"": 0.8409619331359863, ""z"": 0.0, ""velocity"": 0.0, ""snr"": 0.0}, {""x"": 1.19858980178833, ""y"": 1.7293095588684082, ""z"": 0.0, ""velocity"": 0.0, ""snr"": 0.0}]","[145141.0, 215260.0, 148220.0, 45478.0, 9054.0, 3799.0, 11638.0, 21601.0, 20497.0, 13091.0, 10149.0, 5861.0, 4640.0, 4960.0, 4319.0, 4037.0, 12944.0, 19304.0, 23335.0, 26649.0, 52071.0, 56837.0, 22381.0, 6092.0, 4060.0, 4162.0, 5353.0, 6044.0, 5714.0, 4440.0, 4631.0, 9440.0, 12462.0, 42773.0, 104649.0, 94531.0, 29611.0, 12241.0, 13478.0, 12572.0, 18759.0, 31253.0, 28651.0, 15457.0, 11258.0, 26479.0, 39799.0, 23941.0, 12341.0, 9852.0, 16769.0, 17052.0, 12297.0, 8985.0, 7133.0, 6760.0, 7208.0, 7089.0, 6619.0, 7062.0, 6667.0, 7926.0, 7750.0, 6532.0, 7974.0, 8352.0, 6403.0, 4897.0, 4768.0, 4314.0, 3216.0, 3592.0, 4623.0, 4843.0, 4608.0, 3513.0, 3726.0, 3448.0, 3481.0, 3619.0, 3684.0, 3487.0, 3568.0, 3282.0, 3083.0, 4086.0, 7368.0, 9105.0, 5411.0, 3026.0, 3117.0, 3090.0, 3543.0, 4029.0, 3606.0, 4022.0, 3346.0, 2663.0, 2587.0, 2774.0, 2605.0, 2593.0, 2871.0, 3457.0, 4021.0, 5178.0, 6569.0, 7066.0, 6769.0, 8733.0, 6199.0, 5190.0, 5424.0, 3207.0, 4048.0, 3944.0, 3061.0, 2341.0, 2143.0, 2207.0, 2021.0, 1900.0, 2072.0, 1741.0, 1728.0, 1840.0, 1680.0, 1539.0]",96886472.12596178
6,0.8,9,"[{""x"": -0.08404254913330078, ""y"": 0.8043050765991211, ""z"": 0.0, ""velocity"": 0.0, ""snr"": 0.0}, {""x"": -0.06526708602905273, ""y"": 0.8218288421630859, ""z"": 0.0, ""velocity"": 0.0, ""snr"": 0.0}, {""x"": -0.0833272933959961, ""y"": 0.864565372467041, ""z"": 0.0, ""velocity"": 0.0, ""snr"": 0.0}, {""x"": -0.1291036605834961, ""y"": 1.5576481819152832, ""z"": 0.0, ""velocity"": 0.0, ""snr"": 0.0}, {""x"": -0.1679062843322754, ""y"": 1.5653371810913086, ""z"": 0.0, ""velocity"": 0.0, ""snr"": 0.0}, {""x"": -0.17273426055908203, ""y"": 1.5665888786315918, ""z"": 0.0, ""velocity"": 0.0, ""snr"": 0.0}, {""x"": -0.11980533599853516, ""y"": 1.5919804573059082, ""z"": 0.0, ""velocity"": 0.0, ""snr"": 0.0}, {""x"": 1.2187957763671875, ""y"": 1.7173290252685547, ""z"": 0.0, ""velocity"": 0.0, ""snr"": 0.0}, {""x"": 1.3716816902160645, ""y"": 1.611471176147461, ""z"": 0.0, ""velocity"": 0.0, ""snr"": 0.0}]","[145428.0, 215309.0, 148124.0, 45287.0, 9360.0, 3355.0, 14909.0, 32722.0, 36540.0, 22647.0, 10050.0, 3698.0, 5720.0, 7539.0, 5688.0, 3825.0, 10596.0, 25297.0, 36888.0, 25836.0, 40626.0, 47576.0, 2991082918.0, 1111541.0, 1241513984.0, 1760901450.0, 17.0, 3125557248.0, 2271465.0, 872415232.0, 2531849549.0, 34.0, 1682714624.0, 1057017.0, 1442840576.0, 536377418.0, 16.0, 4199047168.0, 2227708.0, 1207959552.0, 687604555.0, 34.0, 3343414272.0, 2239739.0, 1912602624.0, 3556560200.0, 34.0, 21514240.0, 7034131.0, 822083584.0, 2937735748.0, 37.0, 776878592.0, 1.0, 788529154.0, 3120562743.0, 1342178120.0, 1577058881.0, 2097152177.0, 956301347.0, 3355443215.0, 2248147004.0, 1476395153.0, 2298478798.0, 4194304211.0, 1744830599.0, 2835349555.0, 1946157091.0, 3808428064.0, 2164260890.0, 4261412885.0, 1946157156.0, 3774873831.0, 1224737008.0, 2466250914.0, 4076863645.0, 117440634.0, 4110417976.0, 3456106526.0, 1677721618.0, 150994966.0, 486539283.0, 889192468.0, 3019898903.0, 4278190102.0, 4076863513.0, 1946157093.0, 4244635694.0, 1040187563.0, 3204448683.0, 1912603015.0, 1459617914.0, 83886143.0, 1006633018.0, 100663342.0, 3154116679.0, 2516582520.0, 1241514087.0, 1962934323.0, 1023410213.0, 3053453427.0, 989855910.0, 1912602723.0, 4244635690.0, 3422552099.0, 2768240700.0, 2583691324.0, 637534252.0, 1258291234.0, 3388997660.0, 4211081241.0, 3892314133.0, 520093721.0, 3690987548.0, 4227858461.0, 1157627928.0, 1627389982.0, 872415258.0, 134217751.0, 2197815324.0, 3556769820.0, 2818572310.0, 117440537.0, 2432696345.0, 218103830.0, 2449473555.0, 1694498835.0, 939524112.0]",1477492027.2194676
7,0.8,13,"[{""x"": -0.4550814628601074, ""y"": 0.7835626602172852, ""z"": 0.0, ""velocity"": 0.0, ""snr"": 0.0}, {""x"": -0.48154592514038086, ""y"": 0.7980465888977051, ""z"": 0.0, ""velocity"": 0.0, ""snr"": 0.0}, {""x"": -1.0024309158325195, ""y"": 1.5973448753356934, ""z"": 0.0, ""velocity"": 0.0, ""snr"": 0.0}, {""x"": -0.302731990814209, ""y"": 0.7177591323852539, ""z"": 0.0, ""velocity"": 0.0, ""snr"": 0.0}, {""x"": -0.2880692481994629, ""y"": 0.7444024085998535, ""z"": 0.0, ""velocity"": 0.0, ""snr"": 0.0}, {""x"": -0.291287899017334, ""y"": 0.7596015930175781, ""z"": 0.0, ""velocity"": 0.0, ""snr"": 0.0}, {""x"": -0.35566091537475586, ""y"": 0.7733702659606934, ""z"": 0.0, ""velocity"": 0.0, ""snr"": 0.0}, {""x"": -0.10156631469726562, ""y"": 1.5597939491271973, ""z"": 0.0, ""velocity"": 0.0, ""snr"": 0.0}, {""x"": -0.16415119171142578, ""y"": 1.565873622894287, ""z"": 0.0, ""velocity"": 0.0, ""snr"": 0.0}, {""x"": -0.17380714416503906, ""y"": 1.5673041343688965, ""z"": 0.0, ""velocity"": 0.0, ""snr"": 0.0}, {""x"": -0.0903010368347168, ""y"": 1.6030669212341309, ""z"": 0.0, ""velocity"": 0.0, ""snr"": 0.0}, {""x"": 1.162111759185791, ""y"": 1.7532706260681152, ""z"": 0.0, ""velocity"": 0.0, ""snr"": 0.0}, {""x"": 1.2377500534057617, ""y"": 1.7175078392028809, ""z"": 0.0, ""velocity"": 0.0, ""snr"": 0.0}]","[145733.0, 215683.0, 148362.0, 45319.0, 9162.0, 4452.0, 21281.0, 38178.0, 29538.0, 18105.0, 10882.0, 10910.0, 10597.0, 5211.0, 4273.0, 6985.0, 29778.0, 67218.0, 71749.0, 43626.0, 40159.0, 30916.0, 11033.0, 4499.0, 4202.0, 5559.0, 4353.0, 5934.0, 6147.0, 6493.0, 7027.0, 9741.0, 11848.0, 43105.0, 108111.0, 99456.0, 32547.0, 18741.0, 17302.0, 14178.0, 19486.0, 31866.0, 27743.0, 13339.0, 10478.0, 30252.0, 45116.0, 27989.0, 10706.0, 10223.0, 16870.0, 15505.0, 12143.0, 8811.0, 7042.0, 6154.0, 4192.0, 5641.0, 6878.0, 8887.0, 7043.0, 6760.0, 6395.0, 6196.0, 8096.0, 8097.0, 6185.0, 6890.0, 6703.0, 6178.0, 4874.0, 5066.0, 5139.0, 4660.0, 4322.0, 4838.0, 4206.0, 3104.0, 2751.0, 2786.0, 3303.0, 3667.0, 3504.0, 3407.0, 3011.0, 4483.0, 7939.0, 9451.0, 5482.0, 3284.0, 4014.0, 3910.0, 4612.0, 5083.0, 3789.0, 3219.0, 2644.0, 2805.0, 3237.0, 3040.0, 3271.0, 2583.0, 2668.0, 2985.0, 4041.0, 4844.0, 5744.0, 6423.0, 7683.0, 9554.0, 6200.0, 5295.0, 5571.0, 3190.0, 3491.0, 3734.0, 3109.0, 2594.0, 2147.0, 2313.0, 2062.0, 2301.0, 2270.0, 1770.0, 1855.0, 1987.0, 1932.0, 1876.0]",123915579.53882366
8,0.8,11,"[{""x"": -0.43255090713500977, ""y"": 0.7976889610290527, ""z"": 0.0, ""velocity"": 0.0, ""snr"": 0.0}, {""x"": -0.462949275970459, ""y"": 0.8098483085632324, ""z"": 0.0, ""velocity"": 0.0, ""snr"": 0.0}, {""x"": -0.29343366622924805, ""y"": 0.7444024085998535, ""z"": 0.0, ""velocity"": 0.0, ""snr"": 0.0}, {""x"": -0.27751922607421875, ""y"": 0.7680058479309082, ""z"": 0.0, ""velocity"": 0.0, ""snr"": 0.0}, {""x"": -0.34493207931518555, ""y"": 0.7830262184143066, ""z"": 0.0, ""velocity"": 0.0, ""snr"": 0.0}, {""x"": -0.12695789337158203, ""y"": 1.557469367980957, ""z"": 0.0, ""velocity"": 0.0, ""snr"": 0.0}, {""x"": -0.1582503318786621, ""y"": 1.5660524368286133, ""z"": 0.0, ""velocity"": 0.0, ""snr"": 0.0}, {""x"": -0.16486644744873047, ""y"": 1.5665888786315918, ""z"": 0.0, ""velocity"": 0.0, ""snr"": 0.0}, {""x"": -0.13875961303710938, ""y"": 1.587510108947754, ""z"": 0.0, ""velocity"": 0.0, ""snr"": 0.0}, {""x"": 0.925898551940918, ""y"": 4.902899265289307, ""z"": 0.0, ""velocity"": 0.0, ""snr"": 0.0}, {""x"": 1.180887222290039, ""y"": 1.7402172088623047, ""z"": 0.0, ""velocity"": 0.0, ""snr"": 0.0}]","[145242.0, 215267.0, 148069.0, 45496.0, 9206.0, 4467.0, 19630.0, 36296.0, 27810.0, 11264.0, 5211.0, 3519.0, 4056.0, 4739.0, 4499.0, 5884.0, 26988.0, 64668.0, 71881.0, 47872.0, 45482.0, 34288.0, 13577.0, 6307.0, 5784.0, 4349.0, 5060.0, 5683.0, 5451.0, 7257.0, 8161.0, 9388.0, 10821.0, 46235.0, 115007.0, 104758.0, 30602.0, 10986.0, 11610.0, 13899.0, 19663.0, 31988.0, 27434.0, 13274.0, 9883.0, 29930.0, 44270.0, 27404.0, 12557.0, 9506.0, 16846.0, 15743.0, 11876.0, 8617.0, 7755.0, 6642.0, 5364.0, 5741.0, 7198.0, 8835.0, 6881.0, 6162.0, 5851.0, 6113.0, 7931.0, 7884.0, 6328.0, 6936.0, 6728.0, 6154.0, 4555.0, 4338.0, 4809.0, 4493.0, 4458.0, 3978.0, 2710.0, 2874.0, 3328.0, 3259.0, 2931.0, 3217.0, 3192.0, 2972.0, 2887.0, 4370.0, 8714.0, 9990.0, 5725.0, 3196.0, 4018.0, 4561.0, 4988.0, 5515.0, 4147.0, 3314.0, 3153.0, 2649.0, 2928.0, 2940.0, 2557.0, 2636.0, 2837.0, 2544.0, 3460.0, 4551.0, 6097.0, 6765.0, 8336.0, 9797.0, 6656.0, 5135.0, 5137.0, 3161.0, 3742.0, 3460.0, 2892.0, 2415.0, 2083.0, 1940.0, 1849.0, 1952.0, 2035.0, 1748.0, 1591.0, 1781.0, 1613.0, 1862.0]",121437405.70955768
9,0.8,10,"[{""x"": -0.42003393173217773, ""y"": 0.805199146270752, ""z"": 0.0, ""velocity"": 0.0, ""snr"": 0.0}, {""x"": -0.4388093948364258, ""y"": 0.8236169815063477, ""z"": 0.0, ""velocity"": 0.0, ""snr"": 0.0}, {""x"": -0.27447938919067383, ""y"": 0.7515549659729004, ""z"": 0.0, ""velocity"": 0.0, ""snr"": 0.0}, {""x"": -0.2675056457519531, ""y"": 0.7710456848144531, ""z"": 0.0, ""velocity"": 0.0, ""snr"": 0.0}, {""x"": -0.3358125686645508, ""y"": 0.7873177528381348, ""z"": 0.0, ""velocity"": 0.0, ""snr"": 0.0}, {""x"": -0.12481212615966797, ""y"": 1.5565752983093262, ""z"": 0.0, ""velocity"": 0.0, ""snr"": 0.0}, {""x"": -0.16701221466064453, ""y"": 1.5651583671569824, ""z"": 0.0, ""velocity"": 0.0, ""snr"": 0.0}, {""x"": -0.17219781875610352, ""y"": 1.5685558319091797, ""z"": 0.0, ""velocity"": 0.0, ""snr"": 0.0}, {""x"": -0.11658668518066406, ""y"": 1.5935897827148438, ""z"": 0.0, ""velocity"": 0.0, ""snr"": 0.0}, {""x"": 1.1789202690124512, ""y"": 1.7391443252563477, ""z"": 0.0, ""velocity"": 0.0, ""snr"": 0.0}]","[145563.0, 215305.0, 148056.0, 45252.0, 9238.0, 6349.0, 31035.0, 54218.0, 38026.0, 14453.0, 11913.0, 10609.0, 7347.0, 5260.0, 4413.0, 5496.0, 27346.0, 65544.0, 72585.0, 47427.0, 45578.0, 33828.0, 13175.0, 3779.0, 3913.0, 4319.0, 5374.0, 5872.0, 5432.0, 8089.0, 8754.0, 8796.0, 10650.0, 45235.0, 110733.0, 102018.0, 35558.0, 10423.0, 10984.0, 10622.0, 18664.0, 29947.0, 26374.0, 13753.0, 10917.0, 30097.0, 42941.0, 25491.0, 12220.0, 9900.0, 16129.0, 15608.0, 11788.0, 10006.0, 8576.0, 7247.0, 4739.0, 4428.0, 6465.0, 8018.0, 7081.0, 6220.0, 5764.0, 5878.0, 8420.0, 8330.0, 5858.0, 5303.0, 5143.0, 4867.0, 4560.0, 3833.0, 3763.0, 4455.0, 4343.0, 4617.0, 4312.0, 3755.0, 3402.0, 4114.0, 4563.0, 4130.0, 3507.0, 3043.0, 3774.0, 5382.0, 7765.0, 9104.0, 4973.0, 3321.0, 3493.0, 3853.0, 4667.0, 5732.0, 4358.0, 3241.0, 3233.0, 3124.0, 3021.0, 2972.0, 2906.0, 2901.0, 3292.0, 2840.0, 3808.0, 4995.0, 6285.0, 7014.0, 7929.0, 9335.0, 6404.0, 5062.0, 5427.0, 3206.0, 3851.0, 4118.0, 3469.0, 2935.0, 2103.0, 1979.0, 1976.0, 2035.0, 2118.0, 1731.0, 1677.0, 1714.0, 1628.0, 1656.0]",119008899.66968313
10,0.8,13,"[{""x"": -0.4139542579650879, ""y"": 0.8080601692199707, ""z"": 0.0, ""velocity"": 0.0, ""snr"": 0.0}, {""x"": -0.4318356513977051, ""y"": 0.8254051208496094, ""z"": 0.0, ""velocity"": 0.0, ""snr"": 0.0}, {""x"": -0.9680986404418945, ""y"": 1.61665678024292, ""z"": 0.0, ""velocity"": 0.0, ""snr"": 0.0}, {""x"": -1.0201334953308105, ""y"": 1.604139804840088, ""z"": 0.0, ""velocity"": 0.0, ""snr"": 0.0}, {""x"": -0.32705068588256836, ""y"": 0.7901787757873535, ""z"": 0.0, ""velocity"": 0.0, ""snr"": 0.0}, {""x"": -0.2346038818359375, ""y"": 0.7655024528503418, ""z"": 0.0, ""velocity"": 0.0, ""snr"": 0.0}, {""x"": -0.23406744003295898, ""y"": 0.7783770561218262, ""z"": 0.0, ""velocity"": 0.0, ""snr"": 0.0}, {""x"": -0.14519691467285156, ""y"": 1.5546083450317383, ""z"": 0.0, ""velocity"": 0.0, ""snr"": 0.0}, {""x"": -0.17434358596801758, ""y"": 1.5635490417480469, ""z"": 0.0, ""velocity"": 0.0, ""snr"": 0.0}, {""x"": -0.1748800277709961, ""y"": 1.5662312507629395, ""z"": 0.0, ""velocity"": 0.0, ""snr"": 0.0}, {""x"": -0.14823675155639648, ""y"": 1.5857219696044922, ""z"": 0.0, ""velocity"": 0.0, ""snr"": 0.0}, {""x"": 1.1660456657409668, ""y"": 1.7507672309875488, ""z"": 0.0, ""velocity"": 0.0, ""snr"": 0.0}, {""x"": 1.2466907501220703, ""y"": 1.7110705375671387, ""z"": 0.0, ""velocity"": 0.0, ""snr"": 0.0}]","[145519.0, 215399.0, 148137.0, 45494.0, 9164.0, 4824.0, 21503.0, 41476.0, 28057.0, 13408.0, 8228.0, 7547.0, 8619.0, 5099.0, 4039.0, 5593.0, 28972.0, 71584.0, 77878.0, 48496.0, 46105.0, 33589.0, 11959.0, 4849.0, 4855.0, 4844.0, 4352.0, 5471.0, 5543.0, 7905.0, 10012.0, 9887.0, 11494.0, 45399.0, 108932.0, 98831.0, 30947.0, 9495.0, 10084.0, 13720.0, 20291.0, 31419.0, 26837.0, 12331.0, 10767.0, 31233.0, 46094.0, 29158.0, 9465.0, 9198.0, 15991.0, 15853.0, 11866.0, 8637.0, 7076.0, 6141.0, 5691.0, 5805.0, 7592.0, 8379.0, 6324.0, 5939.0, 5589.0, 7458.0, 9340.0, 8999.0, 6197.0, 7290.0, 5857.0, 5369.0, 4109.0, 4175.0, 4671.0, 5665.0, 4857.0, 3775.0, 3230.0, 4143.0, 3632.0, 4072.0, 4245.0, 3838.0, 3150.0, 3020.0, 3710.0, 5114.0, 7655.0, 9483.0, 5801.0, 3851.0, 4041.0, 4475.0, 4922.0, 5468.0, 4117.0, 3721.0, 3222.0, 2806.0, 3323.0, 2911.0, 2750.0, 2649.0, 2982.0, 2657.0, 3331.0, 4436.0, 5858.0, 6530.0, 8269.0, 9753.0, 6068.0, 5398.0, 5662.0, 3035.0, 3804.0, 3592.0, 3210.0, 3078.0, 2559.0, 2218.0, 2038.0, 2064.0, 1926.0, 1779.0, 1757.0, 1839.0, 1667.0, 1562.0]",116628367.43213898
11,0.8,11,"[{""x"": -0.37729740142822266, ""y"": 0.7735490798950195, ""z"": 0.0, ""velocity"": 0.0, ""snr"": 0.0}, {""x"": -0.4557967185974121, ""y"": 0.7830262184143066, ""z"": 0.0, ""velocity"": 0.0, ""snr"": 0.0}, {""x"": -0.4779696464538574, ""y"": 0.7980465888977051, ""z"": 0.0, ""velocity"": 0.0, ""snr"": 0.0}, {""x"": -0.9793639183044434, ""y"": 1.611471176147461, ""z"": 0.0, ""velocity"": 0.0, ""snr"": 0.0}, {""x"": -0.24247169494628906, ""y"": 0.7612109184265137, ""z"": 0.0, ""velocity"": 0.0, ""snr"": 0.0}, {""x"": -0.2505183219909668, ""y"": 0.7724761962890625, ""z"": 0.0, ""velocity"": 0.0, ""snr"": 0.0}, {""x"": -0.11730194091796875, ""y"": 1.5580058097839355, ""z"": 0.0, ""velocity"": 0.0, ""snr"": 0.0}, {""x"": -0.16486644744873047, ""y"": 1.564621925354004, ""z"": 0.0, ""velocity"": 0.0, ""snr"": 0.0}, {""x"": -0.17774105072021484, ""y"": 1.5651583671569824, ""z"": 0.0, ""velocity"": 0.0, ""snr"": 0.0}, {""x"": -0.16021728515625, ""y"": 1.5860795974731445, ""z"": 0.0, ""velocity"": 0.0, ""snr"": 0.0}, {""x"": 1.1698007583618164, ""y"": 1.7432570457458496, ""z"": 0.0, ""velocity"": 0.0, ""snr"": 0.0}]","[145252.0, 215260.0, 148097.0, 45546.0, 9343.0, 3581.0, 14079.0, 30197.0, 24606.0, 14558.0, 13753.0, 6947.0, 5967.0, 4781.0, 3035.0, 6306.0, 29072.0, 67417.0, 71809.0, 47363.0, 45745.0, 32451.0, 11130.0, 4496.0, 4742.0, 4899.0, 4106.0, 4881.0, 5024.0, 7797.0, 7653.0, 8353.0, 10679.0, 44064.0, 106959.0, 96261.0, 28829.0, 11649.0, 12041.0, 10171.0, 20025.0, 31548.0, 27578.0, 14279.0, 9801.0, 29422.0, 42045.0, 23806.0, 10370.0, 9988.0, 14429.0, 16268.0, 12150.0, 9386.0, 7889.0, 6427.0, 7289.0, 6310.0, 6959.0, 8571.0, 6970.0, 5721.0, 4731.0, 6102.0, 8765.0, 9508.0, 6723.0, 6244.0, 5188.0, 5254.0, 4680.0, 3806.0, 3667.0, 4934.0, 4849.0, 4037.0, 3353.0, 4487.0, 4426.0, 4711.0, 4508.0, 3263.0, 2771.0, 3011.0, 3329.0, 4161.0, 7670.0, 9468.0, 5398.0, 3346.0, 3528.0, 3729.0, 4533.0, 5270.0, 4075.0, 3607.0, 3640.0, 3023.0, 3128.0, 2942.0, 3239.0, 2693.0, 3045.0, 2811.0, 3733.0, 5131.0, 6461.0, 6674.0, 7650.0, 9311.0, 6299.0, 5350.0, 5262.0, 3322.0, 3441.0, 3663.0, 3206.0, 2480.0, 2101.0, 2185.0, 2218.0, 2277.0, 2063.0, 1765.0, 1678.0, 1574.0, 1501.0, 1549.0]",114296044.91426393
12,0.8,11,"[{""x"": -0.4833340644836426, ""y"": 0.7692575454711914, ""z"": 0.0, ""velocity"": 0.0, ""snr"": 0.0}, {""x"": -0.5019307136535645, ""y"": 0.7871389389038086, ""z"": 0.0, ""velocity"": 0.0, ""snr"": 0.0}, {""x"": -0.36263465881347656, ""y"": 0.7749795913696289, ""z"": 0.0, ""velocity"": 0.0, ""snr"": 0.0}, {""x"": -0.23066997528076172, ""y"": 0.7671117782592773, ""z"": 0.0, ""velocity"": 0.0, ""snr"": 0.0}, {""x"": -0.22852420806884766, ""y"": 0.7817745208740234, ""z"": 0.0, ""velocity"": 0.0, ""snr"": 0.0}, {""x"": -0.11712312698364258, ""y"": 1.5571117401123047, ""z"": 0.0, ""velocity"": 0.0, ""snr"": 0.0}, {""x"": -0.1659393310546875, ""y"": 1.56480073928833, ""z"": 0.0, ""velocity"": 0.0, ""snr"": 0.0}, {""x"": -0.1723766326904297, ""y"": 1.5664100646972656, ""z"": 0.0, ""velocity"": 0.0, ""snr"": 0.0}, {""x"": -0.13393163681030273, ""y"": 1.5871524810791016, ""z"": 0.0, ""velocity"": 0.0, ""snr"": 0.0}, {""x"": 1.1576414108276367, ""y"": 1.7563104629516602, ""z"": 0.0, ""velocity"": 0.0, ""snr"": 0.0}, {""x"": 1.2729763984680176, ""y"": 1.6946196556091309, ""z"": 0.0, ""velocity"": 0.0, ""snr"": 0.0}]","[145598.0, 215639.0, 148234.0, 45496.0, 9127.0, 4583.0, 22126.0, 40897.0, 30441.0, 19091.0, 16754.0, 6847.0, 5043.0, 4945.0, 4287.0, 5667.0, 26512.0, 63863.0, 71987.0, 48509.0, 47363.0, 36110.0, 13745.0, 7228.0, 4634.0, 5548.0, 5207.0, 5227.0, 6614.0, 8484.0, 8513.0, 9592.0, 11885.0, 44339.0, 107452.0, 97527.0, 30295.0, 10468.0, 10423.0, 10002.0, 20347.0, 31571.0, 26826.0, 12578.0, 10166.0, 29988.0, 44932.0, 28428.0, 10862.0, 7881.0, 14050.0, 14454.0, 11074.0, 8836.0, 7635.0, 6351.0, 5732.0, 5848.0, 7943.0, 8414.0, 5983.0, 6216.0, 5401.0, 6604.0, 8942.0, 9486.0, 6389.0, 6414.0, 6146.0, 5617.0, 4231.0, 3594.0, 3760.0, 5060.0, 5096.0, 4657.0, 3145.0, 4214.0, 4122.0, 3304.0, 3542.0, 3307.0, 3236.0, 3279.0, 2865.0, 4823.0, 8156.0, 9927.0, 5835.0, 2751.0, 2941.0, 3727.0, 4830.0, 5185.0, 4710.0, 3620.0, 3545.0, 2792.0, 2796.0, 3034.0, 2774.0, 2768.0, 3342.0, 2940.0, 3488.0, 4381.0, 5675.0, 6166.0, 7652.0, 9463.0, 6484.0, 5269.0, 5309.0, 3340.0, 3469.0, 3321.0, 2812.0, 2345.0, 2233.0, 2249.0, 2179.0, 2395.0, 2067.0, 1705.0, 1791.0, 1715.0, 1842.0, 1767.0]",112010008.20631894
13,0.8,11,"[{""x"": -0.5584359169006348, ""y"": 0.720977783203125, ""z"": 0.0, ""velocity"": 0.0, ""snr"": 0.0}, {""x"": -0.4799365997314453, ""y"": 0.7247328758239746, ""z"": 0.0, ""velocity"": 0.0, ""snr"": 0.0}, {""x"": -0.9702444076538086, ""y"": 1.615583896636963, ""z"": 0.0, ""velocity"": 0.0, ""snr"": 0.0}, {""x"": -0.25856494903564453, ""y"": 0.7513761520385742, ""z"": 0.0, ""velocity"": 0.0, ""snr"": 0.0}, {""x"": -0.240325927734375, ""y"": 0.7842779159545898, ""z"": 0.0, ""velocity"": 0.0, ""snr"": 0.0}, {""x"": -0.12087821960449219, ""y"": 1.557469367980957, ""z"": 0.0, ""velocity"": 0.0, ""snr"": 0.0}, {""x"": -0.16611814498901367, ""y"": 1.5655159950256348, ""z"": 0.0, ""velocity"": 0.0, ""snr"": 0.0}, {""x"": -0.1754164695739746, ""y"": 1.5676617622375488, ""z"": 0.0, ""velocity"": 0.0, ""snr"": 0.0}, {""x"": -0.1323223114013672, ""y"": 1.5882253646850586, ""z"": 0.0, ""velocity"": 0.0, ""snr"": 0.0}, {""x"": 0.9936690330505371, ""y"": 4.88966703414917, ""z"": 0.0, ""velocity"": 0.0, ""snr"": 0.0}, {""x"": 1.1535286903381348, ""y"": 1.7586350440979004, ""z"": 0.0, ""velocity"": 0.0, ""snr"": 0.0}]","[145137.0, 215127.0, 148097.0, 45692.0, 9157.0, 6663.0, 33833.0, 60060.0, 42851.0, 17609.0, 15184.0, 10822.0, 8862.0, 6938.0, 5186.0, 5512.0, 21519.0, 3925909011.0, 2785018008.0, 486539423.0, 687865988.0, 2533359669.0, 4043309078.0, 2533359634.0, 2281701393.0, 956301332.0, 352321561.0, 2785017880.0, 251658271.0, 2281701404.0, 637534246.0, 1795162158.0, 2600468653.0, 3254780333.0, 1560281483.0, 2801795205.0, 2801795120.0, 1677721648.0, 2214592555.0, 2332033103.0, 3942645881.0, 2919235687.0, 1845493813.0, 687865898.0, 3791650934.0, 3808428206.0, 2516582510.0, 3036676136.0, 3959423013.0, 3003121723.0, 385876031.0, 4244635697.0, 1912602659.0, 3640655902.0, 402653210.0, 2080374810.0, 2516582426.0, 1627389980.0, 2701131808.0, 2147483670.0, 318767125.0, 2432696337.0, 3925868567.0, 2080374818.0, 2365587492.0, 1979711510.0, 922746906.0, 1107296281.0, 2751463447.0, 1660944402.0, 2902458386.0, 4009754638.0, 3372220434.0, 3674210323.0, 3607101457.0, 905969677.0, 973078542.0, 134217740.0, 3892314126.0, 956301327.0, 2801795088.0, 3657433100.0, 1140850699.0, 2365587469.0, 1543503891.0, 3707764768.0, 1459617830.0, 3170893848.0, 3405774859.0, 2449473548.0, 2550136845.0, 117440526.0, 3288334355.0, 956301329.0, 335544333.0, 603979787.0, 1325400074.0, 3036676106.0, 3506438155.0, 889192458.0, 620757003.0, 2583691276.0, 1660944394.0, 3959422991.0, 2617245714.0, 2667577366.0, 3506438168.0, 3791650846.0, 1459617829.0, 1526726681.0, 922746900.0, 536870932.0, 704643085.0, 3405774862.0, 973078542.0, 2264924172.0, 3238002696.0, 3808428039.0, 7.0, 1694498825.0, 1358954504.0, 3992977416.0, 3875536902.0, 2667577350.0, 738197510.0, 4211081222.0, 6.0, 0.0]",1802192595.7609658
14,0.8,8,"[{""x"": -0.5241036415100098, ""y"": 0.6986260414123535, ""z"": 0.0, ""velocity"": 0.0, ""snr"": 0.0}, {""x"": -0.2646446228027344, ""y"": 0.7914304733276367, ""z"": 0.0, ""velocity"": 0.0, ""snr"": 0.0}, {""x"": -0.14573335647583008, ""y"": 1.5546083450317383, ""z"": 0.0, ""velocity"": 0.0, ""snr"": 0.0}, {""x"": -0.16754865646362305, ""y"": 1.5642642974853516, ""z"": 0.0, ""velocity"": 0.0, ""snr"": 0.0}, {""x"": -0.1709461212158203, ""y"": 1.566767692565918, ""z"": 0.0, ""velocity"": 0.0, ""snr"": 0.0}, {""x"": -0.1353621482849121, ""y"": 1.5901923179626465, ""z"": 0.0, ""velocity"": 0.0, ""snr"": 0.0}, {""x"": 1.1771321296691895, ""y"": 1.7452239990234375, ""z"": 0.0, ""velocity"": 0.0, ""snr"": 0.0}, {""x"": 1.322329044342041, ""y"": 1.6577839851379395, ""z"": 0.0, ""velocity"": 0.0, ""snr"": 0.0}]","[145239.0, 215060.0, 147856.0, 45368.0, 9032.0, 3699.0, 17731.0, 39213.0, 37142.0, 18557.0, 10649.0, 10371.0, 9622.0, 7954.0, 5722.0, 4568.0, 5838.0, 19373.0, 34725.0, 34976.0, 33445.0, 31276.0, 13971.0, 7688.0, 6397.0, 4970.0, 5596.0, 6302.0, 5652.0, 8031.0, 7987.0, 10727.0, 12645.0, 48190.0, 115818.0, 104626.0, 33039.0, 10819.0, 11312.0, 12812.0, 18157.0, 30563.0, 27316.0, 13454.0, 9257.0, 29232.0, 45861.0, 30646.0, 13802.0, 8644.0, 16609.0, 17320.0, 11907.0, 8726.0, 7342.0, 5979.0, 6016.0, 6830.0, 6914.0, 8513.0, 6270.0, 6504.0, 5777.0, 5029.0, 8097.0, 9356.0, 9844.0, 7781.0, 6504.0, 5811.0, 4600.0, 3786.0, 3885.0, 4336.0, 4257.0, 4006.0, 3061.0, 4254.0, 4068.0, 3075.0, 3616.0, 3633.0, 3121.0, 3102.0, 3416.0, 3867.0, 8115.0, 9455.0, 5839.0, 4955.0, 4489.0, 4065.0, 4206.0, 4765.0, 3964.0, 3612.0, 3270.0, 2992.0, 3025.0, 3065.0, 3168.0, 2779.0, 3231.0, 2797.0, 3709.0, 4933.0, 6121.0, 6164.0, 7612.0, 9218.0, 6419.0, 5396.0, 5481.0, 3264.0, 3640.0, 3611.0, 2915.0, 2503.0, 2109.0, 2142.0, 1996.0, 1922.0, 2083.0, 1847.0, 1788.0, 1869.0, 1707.0, 1496.0]",145672289.879607
0,0.8,7,"[{""x"": -0.6211996078491211, ""y"": 0.6233453750610352, ""z"": 0.0, ""velocity"": 0.0, ""snr"": 0.0}, {""x"": -0.1271367073059082, ""y"": 1.5555024147033691, ""z"": 0.0, ""velocity"": 0.0, ""snr"": 0.0}, {""x"": -0.16540288925170898, ""y"": 1.5649795532226562, ""z"": 0.0, ""velocity"": 0.0, ""snr"": 0.0}, {""x"": -0.17219781875610352, ""y"": 1.5685558319091797, ""z"": 0.0, ""velocity"": 0.0, ""snr"": 0.0}, {""x"": -0.11944770812988281, ""y"": 1.5921592712402344, ""z"": 0.0, ""velocity"": 0.0, ""snr"": 0.0}, {""x"": 1.1751651763916016, ""y"": 1.7470121383666992, ""z"": 0.0, ""velocity"": 0.0, ""snr"": 0.0}, {""x"": 1.3062357902526855, ""y"": 1.6701221466064453, ""z"": 0.0, ""velocity"": 0.0, ""snr"": 0.0}]","[145165.0, 215150.0, 148097.0, 45350.0, 9207.0, 3853.0, 19931.0, 44947.0, 39204.0, 15644.0, 11284.0, 10548.0, 11766.0, 10331.0, 5680.0, 4186.0, 11199.0, 25213.0, 32220.0, 29004.0, 37529.0, 37851.0, 18016.0, 6614.0, 5279.0, 5162.0, 6433.0, 7587.0, 6060.0, 7874.0, 7904.0, 10423.0, 12123.0, 50409.0, 120869.0, 111106.0, 39202.0, 9486.0, 11000.0, 11961.0, 19264.0, 31113.0, 27372.0, 15147.0, 10268.0, 30045.0, 46856.0, 31840.0, 13409.0, 9274.0, 15394.0, 16800.0, 12954.0, 10597.0, 7149.0, 5876.0, 5810.0, 6462.0, 7328.0, 6647.0, 5615.0, 6878.0, 5298.0, 5794.0, 8460.0, 9400.0, 9378.0, 8610.0, 6999.0, 6189.0, 4562.0, 3287.0, 3420.0, 4231.0, 4565.0, 3994.0, 3089.0, 4024.0, 3855.0, 4039.0, 3198.0, 3029.0, 3407.0, 3448.0, 3072.0, 4180.0, 8378.0, 9645.0, 5547.0, 4343.0, 4476.0, 4454.0, 4470.0, 4159.0, 3681.0, 3019.0, 3057.0, 2801.0, 2766.0, 2687.0, 2798.0, 2810.0, 2788.0, 2871.0, 3752.0, 4708.0, 6235.0, 6564.0, 7455.0, 9360.0, 6714.0, 5235.0, 5253.0, 2945.0, 3450.0, 3084.0, 2992.0, 2755.0, 2103.0, 2088.0, 2079.0, 2063.0, 1901.0, 1859.0, 1775.0, 1784.0, 1659.0, 1671.0]",142758603.01951486
1,0.8,9,"[{""x"": -0.6272792816162109, ""y"": 0.619053840637207, ""z"": 0.0, ""velocity"": 0.0, ""snr"": 0.0}, {""x"": -0.11014938354492188, ""y"": 1.558542251586914, ""z"": 0.0, ""velocity"": 0.0, ""snr"": 0.0}, {""x"": -0.1627206802368164, ""y"": 1.565694808959961, ""z"": 0.0, ""velocity"": 0.0, ""snr"": 0.0}, {""x"": -0.17452239990234375, ""y"": 1.5681982040405273, ""z"": 0.0, ""velocity"": 0.0, ""snr"": 0.0}, {""x"": -0.12105703353881836, ""y"": 1.5934109687805176, ""z"": 0.0, ""velocity"": 0.0, ""snr"": 0.0}, {""x"": 0.008404254913330078, ""y"": 0.8305907249450684, ""z"": 0.0, ""velocity"": 0.0, ""snr"": 0.0}, {""x"": 0.010728836059570312, ""y"": 0.8729696273803711, ""z"": 0.0, ""velocity"": 0.0, ""snr"": 0.0}, {""x"": 1.169443130493164, ""y"": 1.7486214637756348, ""z"": 0.0, ""velocity"": 0.0, ""snr"": 0.0}, {""x"": 1.270294189453125, ""y"": 1.6953349113464355, ""z"": 0.0, ""velocity"": 0.0, ""snr"": 0.0}]","[145121.0, 215210.0, 148083.0, 45262.0, 9054.0, 4367.0, 24517.0, 49680.0, 37659.0, 11849.0, 9492.0, 9144.0, 13755.0, 10501.0, 6116.0, 4029.0, 10665.0, 20913.0, 28296.0, 26955.0, 34249.0, 30699.0, 13063.0, 4132.0, 4288.0, 4861.0, 4890.0, 5216.0, 5689.0, 7839.0, 7261.0, 10604.0, 12107.0, 50477.0, 124110.0, 114777.0, 39414.0, 12540.0, 12549.0, 13280.0, 19372.0, 29427.0, 25811.0, 14344.0, 10829.0, 31116.0, 46346.0, 29725.0, 11379.0, 8770.0, 14218.0, 15381.0, 11595.0, 10293.0, 8643.0, 6856.0, 5794.0, 5887.0, 6700.0, 6485.0, 4803.0, 5761.0, 5753.0, 5886.0, 8439.0, 9221.0, 7392.0, 8009.0, 7121.0, 6057.0, 3961.0, 3618.0, 3633.0, 4366.0, 4895.0, 3843.0, 2874.0, 3584.0, 3668.0, 4266.0, 4138.0, 3277.0, 3227.0, 3371.0, 3476.0, 3930.0, 8100.0, 9572.0, 5281.0, 4476.0, 4225.0, 3521.0, 3745.0, 4174.0, 3556.0, 2934.0, 3005.0, 3046.0, 2728.0, 2867.0, 2673.0, 2519.0, 2711.0, 2850.0, 3679.0, 4827.0, 5699.0, 6056.0, 7573.0, 8976.0, 6815.0, 5652.0, 5620.0, 3050.0, 3255.0, 3395.0, 3085.0, 2628.0, 2112.0, 1987.0, 1992.0, 2087.0, 2143.0, 2010.0, 1801.0, 1823.0, 1757.0, 1662.0]",139903824.35756207
2,0.8,11,"[{""x"": -0.5532503128051758, ""y"": 0.6744861602783203, ""z"": 0.0, ""velocity"": 0.0, ""snr"": 0.0}, {""x"": -0.37676095962524414, ""y"": 0.7388591766357422, ""z"": 0.0, ""velocity"": 0.0, ""snr"": 0.0}, {""x"": -1.0094046592712402, ""y"": 1.592695713043213, ""z"": 0.0, ""velocity"": 0.0, ""snr"": 0.0}, {""x"": -0.258028507232666, ""y"": 0.7642507553100586, ""z"": 0.0, ""velocity"": 0.0, ""snr"": 0.0}, {""x"": -0.046312808990478516, ""y"": 0.3281235694885254, ""z"": 0.0, ""velocity"": 0.0, ""snr"": 0.0}, {""x"": -0.11461973190307617, ""y"": 1.5578269958496094, ""z"": 0.0, ""velocity"": 0.0, ""snr"": 0.0}, {""x"": -0.16325712203979492, ""y"": 1.5649795532226562, ""z"": 0.0, ""velocity"": 0.0, ""snr"": 0.0}, {""x"": -0.17881393432617188, ""y"": 1.5660524368286133, ""z"": 0.0, ""velocity"": 0.0, ""snr"": 0.0}, {""x"": -0.1856088638305664, ""y"": 1.5826821327209473, ""z"": 0.0, ""velocity"": 0.0, ""snr"": 0.0}, {""x"": 0.0445246696472168, ""y"": 0.9174942970275879, ""z"": 0.0, ""velocity"": 0.0, ""snr"": 0.0}, {""x"": 1.1513829231262207, ""y"": 1.7588138580322266, ""z"": 0.0, ""velocity"": 0.0, ""snr"": 0.0}]","[145061.0, 215206.0, 148051.0, 45317.0, 9002.0, 5154.0, 29075.0, 60555.0, 47900.0, 14980.0, 12353.0, 10793.0, 15870.0, 10845.0, 5421.0, 3679.0, 10315.0, 24519.0, 33580.0, 30074.0, 33022.0, 30247.0, 12862.0, 4782.0, 4774.0, 6251.0, 7432.0, 6889.0, 6291.0, 8881.0, 8025.0, 11263.0, 11980.0, 50616.0, 122885.0, 111718.0, 35574.0, 10473.0, 10102.0, 10664.0, 18343.0, 28971.0, 26186.0, 14368.0, 11203.0, 31570.0, 45837.0, 27744.0, 9361.0, 9398.0, 14393.0, 16513.0, 13224.0, 11313.0, 9765.0, 8149.0, 6956.0, 6212.0, 6437.0, 7419.0, 5798.0, 5904.0, 5602.0, 5148.0, 7687.0, 8480.0, 5439.0, 7088.0, 6309.0, 5593.0, 4459.0, 3457.0, 4079.0, 5075.0, 4978.0, 3815.0, 3057.0, 3608.0, 3556.0, 4326.0, 4813.0, 3839.0, 3750.0, 3580.0, 3051.0, 3891.0, 8283.0, 10117.0, 6260.0, 3827.0, 3937.0, 3359.0, 3761.0, 4315.0, 3091.0, 2963.0, 2944.0, 2708.0, 2941.0, 3132.0, 2873.0, 2987.0, 2561.0, 2799.0, 4301.0, 5588.0, 6191.0, 6255.0, 7478.0, 9014.0, 6546.0, 5458.0, 5339.0, 2952.0, 3134.0, 3382.0, 3062.0, 2583.0, 2426.0, 2230.0, 1986.0, 2222.0, 2047.0, 1877.0, 1763.0, 1747.0, 1788.0, 1569.0]",137105816.21278954
3,0.8,10,"[{""x"": -0.4928112030029297, ""y"": 0.7038116455078125, ""z"": 0.0, ""velocity"": 0.0, ""snr"": 0.0}, {""x"": -1.0212063789367676, ""y"": 1.5853643417358398, ""z"": 0.0, ""velocity"": 0.0, ""snr"": 0.0}, {""x"": -0.26929378509521484, ""y"": 0.7617473602294922, ""z"": 0.0, ""velocity"": 0.0, ""snr"": 0.0}, {""x"": -0.34046173095703125, ""y"": 0.7445812225341797, ""z"": 0.0, ""velocity"": 0.0, ""snr"": 0.0}, {""x"": -0.12052059173583984, ""y"": 1.5569329261779785, ""z"": 0.0, ""velocity"": 0.0, ""snr"": 0.0}, {""x"": -0.1709461212158203, ""y"": 1.564621925354004, ""z"": 0.0, ""velocity"": 0.0, ""snr"": 0.0}, {""x"": -0.18668174743652344, ""y"": 1.5664100646972656, ""z"": 0.0, ""velocity"": 0.0, ""snr"": 0.0}, {""x"": -0.1582503318786621, ""y"": 1.587510108947754, ""z"": 0.0, ""velocity"": 0.0, ""snr"": 0.0}, {""x"": 0.07420778274536133, ""y"": 0.9033679962158203, ""z"": 0.0, ""velocity"": 0.0, ""snr"": 0.0}, {""x"": 1.152634620666504, ""y"": 1.7589926719665527, ""z"": 0.0, ""velocity"": 0.0, ""snr"": 0.0}]","[145258.0, 215309.0, 148038.0, 45430.0, 9368.0, 4951.0, 25964.0, 47746.0, 33296.0, 14525.0, 13033.0, 14213.0, 14058.0, 8184.0, 3992.0, 3484.0, 14018.0, 39365.0, 51140.0, 37931.0, 38399.0, 29724.0, 13000.0, 7605.0, 5555.0, 4909.0, 5448.0, 6450.0, 5898.0, 8464.0, 8992.0, 12009.0, 12826.0, 48010.0, 117406.0, 107717.0, 36664.0, 9784.0, 10954.0, 10699.0, 18830.0, 30105.0, 27273.0, 15190.0, 11339.0, 32651.0, 47952.0, 29892.0, 10687.0, 7718.0, 13153.0, 15240.0, 12431.0, 10622.0, 8643.0, 7285.0, 7121.0, 5801.0, 7372.0, 8364.0, 6498.0, 5877.0, 5939.0, 5821.0, 8138.0, 9112.0, 5962.0, 7362.0, 5509.0, 5808.0, 4546.0, 3250.0, 4114.0, 4613.0, 4059.0, 3768.0, 3126.0, 3033.0, 3394.0, 4162.0, 3749.0, 3649.0, 4152.0, 3444.0, 3196.0, 4085.0, 7034.0, 9282.0, 6144.0, 4055.0, 4448.0, 3591.0, 3512.0, 3688.0, 3043.0, 2972.0, 2949.0, 2908.0, 3103.0, 2871.0, 2752.0, 2946.0, 2347.0, 3140.0, 3819.0, 4820.0, 6140.0, 6092.0, 7653.0, 9098.0, 6229.0, 5485.0, 5451.0, 3046.0, 3455.0, 3401.0, 3061.0, 2522.0, 2069.0, 2404.0, 2105.0, 2089.0, 1953.0, 1861.0, 1724.0, 1781.0, 1714.0, 1656.0]",134363200.71095765
4,0.8,9,"[{""x"": -0.3676414489746094, ""y"": 0.7383227348327637, ""z"": 0.0, ""velocity"": 0.0, ""snr"": 0.0}, {""x"": -0.4642009735107422, ""y"": 0.7222294807434082, ""z"": 0.0, ""velocity"": 0.0, ""snr"": 0.0}, {""x"": -0.30308961868286133, ""y"": 0.7467269897460938, ""z"": 0.0, ""velocity"": 0.0, ""snr"": 0.0}, {""x"": -0.1283884048461914, ""y"": 1.556396484375, ""z"": 0.0, ""velocity"": 0.0, ""snr"": 0.0}, {""x"": -0.17219781875610352, ""y"": 1.5644431114196777, ""z"": 0.0, ""velocity"": 0.0, ""snr"": 0.0}, {""x"": -0.1925826072692871, ""y"": 1.5655159950256348, ""z"": 0.0, ""velocity"": 0.0, ""snr"": 0.0}, {""x"": -0.16880035400390625, ""y"": 1.5882253646850586, ""z"": 0.0, ""velocity"": 0.0, ""snr"": 0.0}, {""x"": 0.10246038436889648, ""y"": 0.9078383445739746, ""z"": 0.0, ""velocity"": 0.0, ""snr"": 0.0}, {""x"": 1.179814338684082, ""y"": 1.7391443252563477, ""z"": 0.0, ""velocity"": 0.0, ""snr"": 0.0}]","[145699.0, 215231.0, 147967.0, 45319.0, 9084.0, 4766.0, 21813.0, 41132.0, 28718.0, 15218.0, 15618.0, 19295.0, 18065.0, 8706.0, 3353.0, 3600.0, 14252.0, 40304.0, 50642.0, 39456.0, 39299.0, 37367.0, 20669.0, 9109.0, 5541.0, 4845.0, 5279.0, 6336.0, 5825.0, 8695.0, 9237.0, 12344.0, 13410.0, 46390.0, 113615.0, 103947.0, 35115.0, 11438.0, 11718.0, 10751.0, 17984.0, 28714.0, 25543.0, 14044.0, 10782.0, 31137.0, 44941.0, 27689.0, 12803.0, 8949.0, 14262.0, 16978.0, 12629.0, 9639.0, 9056.0, 8812.0, 8301.0, 6076.0, 7585.0, 8071.0, 5839.0, 5774.0, 5737.0, 6072.0, 8373.0, 9421.0, 6990.0, 7099.0, 5894.0, 5168.0, 3965.0, 3294.0, 4146.0, 4888.0, 4668.0, 3616.0, 2757.0, 2868.0, 3376.0, 4155.0, 3133.0, 3386.0, 3865.0, 3512.0, 3975.0, 4505.0, 6986.0, 9067.0, 6114.0, 3416.0, 3555.0, 3355.0, 4089.0, 4133.0, 3182.0, 3171.0, 3179.0, 3097.0, 3374.0, 2846.0, 2643.0, 3170.0, 2855.0, 2847.0, 4025.0, 4914.0, 6189.0, 6354.0, 7373.0, 8726.0, 6415.0, 5488.0, 5359.0, 3405.0, 3743.0, 3545.0, 3362.0, 2984.0, 2327.0, 2108.0, 2003.0, 2088.0, 2297.0, 2091.0, 1633.0, 1879.0, 1725.0, 1517.0]",131675750.53012985
5,0.8,8,"[{""x"": -0.37801265716552734, ""y"": 0.7318854331970215, ""z"": 0.0, ""velocity"": 0.0, ""snr"": 0.0}, {""x"": -0.40662288665771484, ""y"": 0.767827033996582, ""z"": 0.0, ""velocity"": 0.0, ""snr"": 0.0}, {""x"": -0.31632184982299805, ""y"": 0.7352828979492188, ""z"": 0.0, ""velocity"": 0.0, ""snr"": 0.0}, {""x"": -0.13124942779541016, ""y"": 1.5576481819152832, ""z"": 0.0, ""velocity"": 0.0, ""snr"": 0.0}, {""x"": -0.17112493515014648, ""y"": 1.56480073928833, ""z"": 0.0, ""velocity"": 0.0, ""snr"": 0.0}, {""x"": -0.1895427703857422, ""y"": 1.565873622894287, ""z"": 0.0, ""velocity"": 0.0, ""snr"": 0.0}, {""x"": -0.17058849334716797, ""y"": 1.5882253646850586, ""z"": 0.0, ""velocity"": 0.0, ""snr"": 0.0}, {""x"": 1.1574625968933105, ""y"": 1.756131649017334, ""z"": 0.0, ""velocity"": 0.0, ""snr"": 0.0}]","[145401.0, 215241.0, 148170.0, 45664.0, 9312.0, 4222.0, 19294.0, 37682.0, 27528.0, 14986.0, 11148.0, 15563.0, 17670.0, 10044.0, 3403.0, 3552.0, 13870.0, 34839.0, 39204.0, 32811.0, 38866.0, 35456.0, 19811.0, 10339.0, 5179.0, 4254.0, 4073.0, 5362.0, 5762.0, 8513.0, 10283.0, 12539.0, 12880.0, 46084.0, 114260.0, 105136.0, 35018.0, 10564.0, 11392.0, 11942.0, 18535.0, 28917.0, 26144.0, 13931.0, 11053.0, 31730.0, 45963.0, 29567.0, 12399.0, 9782.0, 15319.0, 16591.0, 11693.0, 8990.0, 8000.0, 7370.0, 6892.0, 5563.0, 7965.0, 8447.0, 6269.0, 5885.0, 5759.0, 6261.0, 8190.0, 8913.0, 6291.0, 7530.0, 6559.0, 5783.0, 4407.0, 4498.0, 3989.0, 4568.0, 4577.0, 3240.0, 3560.0, 3152.0, 3759.0, 4063.0, 3027.0, 3609.0, 3822.0, 3684.0, 3860.0, 4053.0, 6080.0, 8466.0, 5354.0, 3639.0, 3393.0, 3796.0, 3690.0, 3820.0, 3163.0, 3031.0, 2968.0, 2672.0, 3542.0, 2677.0, 2548.0, 2716.0, 2636.0, 2832.0, 3975.0, 5144.0, 6354.0, 6686.0, 7655.0, 9089.0, 6115.0, 5249.0, 5081.0, 2860.0, 3125.0, 3457.0, 3165.0, 2806.0, 2336.0, 1962.0, 1972.0, 2215.0, 2067.0, 2041.0, 1657.0, 1701.0, 1668.0, 1565.0]",129042421.20164642
6,0.8,10,"[{""x"": -1.0555386543273926, ""y"": 1.561582088470459, ""z"": 0.0, ""velocity"": 0.0, ""snr"": 0.0}, {""x"": -0.2219080924987793, ""y"": 0.7669329643249512, ""z"": 0.0, ""velocity"": 0.0, ""snr"": 0.0}, {""x"": -0.19884109497070312, ""y"": 0.7774829864501953, ""z"": 0.0, ""velocity"": 0.0, ""snr"": 0.0}, {""x"": -0.25284290313720703, ""y"": 0.8849501609802246, ""z"": 0.0, ""velocity"": 0.0, ""snr"": 0.0}, {""x"": -0.13071298599243164, ""y"": 1.5576481819152832, ""z"": 0.0, ""velocity"": 0.0, ""snr"": 0.0}, {""x"": -0.17398595809936523, ""y"": 1.5640854835510254, ""z"": 0.0, ""velocity"": 0.0, ""snr"": 0.0}, {""x"": -0.1850724220275879, ""y"": 1.5664100646972656, ""z"": 0.0, ""velocity"": 0.0, ""snr"": 0.0}, {""x"": -0.18346309661865234, ""y"": 1.5859007835388184, ""z"": 0.0, ""velocity"": 0.0, ""snr"": 0.0}, {""x"": 0.440061092376709, ""y"": 0.754237174987793, ""z"": 0.0, ""velocity"": 0.0, ""snr"": 0.0}, {""x"": 1.146554946899414, ""y"": 1.7622113227844238, ""z"": 0.0, ""velocity"": 0.0, ""snr"": 0.0}]","[145459.0, 215546.0, 148168.0, 45229.0, 9042.0, 5085.0, 26930.0, 49088.0, 37783.0, 15881.0, 11988.0, 10254.0, 15166.0, 9218.0, 4264.0, 4717.0, 24070.0, 59373.0, 60120.0, 25744.0, 8864.0, 7044.0, 6492.0, 6058.0, 6452.0, 8306.0, 8722.0, 5950.0, 6162.0, 5498.0, 4121.0, 3898.0, 3909.0, 4064.0, 4745.0, 4765.0, 4559.0, 4058.0, 3936.0, 4433.0, 4546.0, 4674.0, 4862.0, 3716.0, 3806.0, 3404.0, 5006.0, 8578.0, 9432.0, 5028.0, 3707.0, 4446.0, 3497.0, 3576.0, 4379.0, 3325.0, 3160.0, 2979.0, 2490.0, 3159.0, 2987.0, 2642.0, 2601.0, 2825.0, 3029.0, 3838.0, 5415.0, 6692.0, 6504.0, 6649.0, 9309.0, 7022.0, 5267.0, 5268.0, 3402.0, 3604.0, 3706.0, 3226.0, 2404.0, 2051.0, 2234.0, 1889.0, 2118.0, 1942.0, 1889.0, 1768.0, 1544.0, 1773.0, 1698.0, 0.0, 0.0, 0.0, 0.0, 0.0, 0.0, 16908288.0, 84280068.0, 50333448.0, 46138629.0, 1680998400.0, 39059466.0, 0.0, 589824.0, 131072.0, 4294901760.0, 19791871.0, 7208960.0, 2147483648.0, 3643619643.0, 14782.0, 16000.0, 606080.0, 4122935296.0, 4573.0, 1245315072.0, 122814087.0, 0.0, 4273558068.0, 1846.0, 1362821120.0, 303627595.0, 0.0, 4247931454.0, 8705.0, 1230700544.0, 573832293.0, 0.0, 4227811705.0]",356251674.6274029
7,0.8,8,"[{""x"": -0.0502467155456543, ""y"": 0.3333091735839844, ""z"": 0.0, ""velocity"": 0.0, ""snr"": 0.0}, {""x"": -0.05060434341430664, ""y"": 0.33724308013916016, ""z"": 0.0, ""velocity"": 0.0, ""snr"": 0.0}, {""x"": -0.12373924255371094, ""y"": 1.557469367980957, ""z"": 0.0, ""velocity"": 0.0, ""snr"": 0.0}, {""x"": -0.16236305236816406, ""y"": 1.565873622894287, ""z"": 0.0, ""velocity"": 0.0, ""snr"": 0.0}, {""x"": -0.1818537712097168, ""y"": 1.5676617622375488, ""z"": 0.0, ""velocity"": 0.0, ""snr"": 0.0}, {""x"": -0.17845630645751953, ""y"": 1.5862584114074707, ""z"": 0.0, ""velocity"": 0.0, ""snr"": 0.0}, {""x"": -0.04684925079345703, ""y"": 0.8422136306762695, ""z"": 0.0, ""velocity"": 0.0, ""snr"": 0.0}, {""x"": 1.1993050575256348, ""y"": 1.7305612564086914, ""z"": 0.0, ""velocity"": 0.0, ""snr"": 0.0}]","[145064.0, 215413.0, 148176.0, 45576.0, 9359.0, 4230.0, 29473.0, 70062.0, 63209.0, 21329.0, 7744.0, 8402.0, 9351.0, 5987.0, 3729.0, 3652.0, 7445.0, 13822.0, 31516.0, 32844.0, 30466.0, 22638.0, 10509.0, 4528.0, 4028.0, 4565.0, 4541.0, 5407.0, 6065.0, 8955.0, 7957.0, 10425.0, 11937.0, 63300.0, 155039.0, 143808.0, 50608.0, 12006.0, 12265.0, 4668.0, 4038.0, 4400.0, 4607.0, 5289.0, 3748.0, 3720.0, 4084.0, 4452.0, 4781.0, 4895.0, 3970.0, 3826.0, 3816.0, 3538.0, 4912.0, 9072.0, 9374.0, 4383.0, 3866.0, 3877.0, 3429.0, 3633.0, 4792.0, 4052.0, 3708.0, 3700.0, 3017.0, 3156.0, 2780.0, 2927.0, 2548.0, 2523.0, 3420.0, 4251.0, 5603.0, 6933.0, 6898.0, 7139.0, 9596.0, 7056.0, 5032.0, 4692.0, 3479.0, 3668.0, 3603.0, 3283.0, 2468.0, 2331.0, 2659.0, 2244.0, 2232.0, 2127.0, 1844.0, 1967.0, 1791.0, 1608.0, 1538.0, 0.0, 50594050.0, 117966086.0, 84214528.0, 672.0, 681010.0, 598.0, 0.0, 7.0, 2.0, 4294967295.0, 301.0, 90.0, 960200704.0, 968808749.0, 1048576000.0, 1065353216.0, 7.0, 121110310.0, 0.0, 4247147058.0, 8702.0, 1247281152.0, 573766775.0, 0.0, 4228598138.0, 8764.0, 1232404480.0, 580320196.0, 0.0, 183323216.0]",255000190.5753067
8,0.8,10,"[{""x"": -0.03343820571899414, ""y"": 0.32150745391845703, ""z"": 0.0, ""velocity"": 0.0, ""snr"": 0.0}, {""x"": -0.03343820571899414, ""y"": 0.33098459243774414, ""z"": 0.0, ""velocity"": 0.0, ""snr"": 0.0}, {""x"": -0.034868717193603516, ""y"": 0.3358125686645508, ""z"": 0.0, ""velocity"": 0.0, ""snr"": 0.0}, {""x"": -0.14019012451171875, ""y"": 1.555323600769043, ""z"": 0.0, ""velocity"": 0.0, ""snr"": 0.0}, {""x"": -0.16361474990844727, ""y"": 1.5649795532226562, ""z"": 0.0, ""velocity"": 0.0, ""snr"": 0.0}, {""x"": -0.18149614334106445, ""y"": 1.5665888786315918, ""z"": 0.0, ""velocity"": 0.0, ""snr"": 0.0}, {""x"": -0.19741058349609375, ""y"": 1.582324504852295, ""z"": 0.0, ""velocity"": 0.0, ""snr"": 0.0}, {""x"": 0.48083066940307617, ""y"": 0.7540583610534668, ""z"": 0.0, ""velocity"": 0.0, ""snr"": 0.0}, {""x"": 1.1794567108154297, ""y"": 1.7430782318115234, ""z"": 0.0, ""velocity"": 0.0, ""snr"": 0.0}, {""x"": 0.5131959915161133, ""y"": 0.7526278495788574, ""z"": 0.0, ""velocity"": 0.0, ""snr"": 0.0}]","[145501.0, 215324.0, 147999.0, 45354.0, 9289.0, 5137.0, 35725.0, 75136.0, 62109.0, 19675.0, 9777.0, 9761.0, 8493.0, 4462.0, 3656.0, 4381.0, 11072.0, 11933.0, 24810.0, 24830.0, 28543.0, 22372.0, 10885.0, 5513.0, 4262.0, 3292.0, 4173.0, 5901.0, 6464.0, 8302.0, 8426.0, 11640.0, 12751.0, 61017.0, 147024.0, 134120.0, 45005.0, 10144.0, 11186.0, 11536.0, 17653.0, 28778.0, 25204.0, 13381.0, 9295.0, 26514.0, 41259.0, 26210.0, 12069.0, 9689.0, 17431.0, 18119.0, 13303.0, 9949.0, 7559.0, 6581.0, 6159.0, 5627.0, 7831.0, 8860.0, 7176.0, 5764.0, 4731.0, 5767.0, 7881.0, 8318.0, 7316.0, 6564.0, 5584.0, 5427.0, 4702.0, 4880.0, 5125.0, 4689.0, 4683.0, 4011.0, 3791.0, 4200.0, 4622.0, 4358.0, 4880.0, 5330.0, 3887.0, 3516.0, 3733.0, 4920.0, 8298.0, 9164.0, 4912.0, 4017.0, 4439.0, 3960.0, 3773.0, 3927.0, 3779.0, 3987.0, 3451.0, 2790.0, 3056.0, 3237.0, 3595.0, 3504.0, 3045.0, 2968.0, 4118.0, 5354.0, 6474.0, 6655.0, 7547.0, 9797.0, 7028.0, 5383.0, 5138.0, 3004.0, 3478.0, 3535.0, 3017.0, 2458.0, 2334.0, 2216.0, 2141.0, 2080.0, 1846.0, 1783.0, 1938.0, 1639.0, 1569.0, 1379.0]",129903259.41484097
9,0.8,13,"[{""x"": -0.5396604537963867, ""y"": 0.6900429725646973, ""z"": 0.0, ""velocity"": 0.0, ""snr"": 0.0}, {""x"": -0.6090402603149414, ""y"": 0.6737709045410156, ""z"": 0.0, ""velocity"": 0.0, ""snr"": 0.0}, {""x"": -0.44524669647216797, ""y"": 0.6930828094482422, ""z"": 0.0, ""velocity"": 0.0, ""snr"": 0.0}, {""x"": -1.0322928428649902, ""y"": 1.5776753425598145, ""z"": 0.0, ""velocity"": 0.0, ""snr"": 0.0}, {""x"": -0.25284290313720703, ""y"": 0.7266998291015625, ""z"": 0.0, ""velocity"": 0.0, ""snr"": 0.0}, {""x"": -0.2848505973815918, ""y"": 0.728309154510498, ""z"": 0.0, ""velocity"": 0.0, ""snr"": 0.0}, {""x"": -0.037729740142822266, ""y"": 0.3286600112915039, ""z"": 0.0, ""velocity"": 0.0, ""snr"": 0.0}, {""x"": -0.1341104507446289, ""y"": 1.5567541122436523, ""z"": 0.0, ""velocity"": 0.0, ""snr"": 0.0}, {""x"": -0.16450881958007812, ""y"": 1.5651583671569824, ""z"": 0.0, ""velocity"": 0.0, ""snr"": 0.0}, {""x"": -0.17648935317993164, ""y"": 1.5671253204345703, ""z"": 0.0, ""velocity"": 0.0, ""snr"": 0.0}, {""x"": -0.20009279251098633, ""y"": 1.582503318786621, ""z"": 0.0, ""velocity"": 0.0, ""snr"": 0.0}, {""x"": 1.1658668518066406, ""y"": 1.7513036727905273, ""z"": 0.0, ""velocity"": 0.0, ""snr"": 0.0}, {""x"": 1.7774105072021484, ""y"": 3.549814224243164, ""z"": 0.0, ""velocity"": 0.0, ""snr"": 0.0}]","[145082.0, 215183.0, 147981.0, 45361.0, 9349.0, 4354.0, 26400.0, 53524.0, 42182.0, 12540.0, 10279.0, 9499.0, 7357.0, 4782.0, 3939.0, 5211.0, 16061.0, 27189.0, 21429.0, 26322.0, 26706.0, 19669.0, 8304.0, 4242.0, 3441.0, 3272.0, 4759.0, 5931.0, 6615.0, 9049.0, 9007.0, 11265.0, 12631.0, 60358.0, 147540.0, 134752.0, 44640.0, 10968.0, 11263.0, 11559.0, 18132.0, 28701.0, 25888.0, 13299.0, 10074.0, 26291.0, 40114.0, 24998.0, 10734.0, 8956.0, 17031.0, 18655.0, 13872.0, 10575.0, 7874.0, 6485.0, 5291.0, 4772.0, 7703.0, 8225.0, 6557.0, 5397.0, 4680.0, 5568.0, 7624.0, 8740.0, 8175.0, 6750.0, 5854.0, 5293.0, 4604.0, 5475.0, 5185.0, 4889.0, 4260.0, 4663.0, 4063.0, 4206.0, 4314.0, 4594.0, 4620.0, 5008.0, 3997.0, 3718.0, 3484.0, 4881.0, 9017.0, 10098.0, 5203.0, 4197.0, 4234.0, 4006.0, 3923.0, 3997.0, 3828.0, 4046.0, 3359.0, 2822.0, 2831.0, 2962.0, 3482.0, 3205.0, 3016.0, 3133.0, 3740.0, 5296.0, 6613.0, 6786.0, 8000.0, 9822.0, 6849.0, 5554.0, 5401.0, 3283.0, 3728.0, 3734.0, 3198.0, 2520.0, 2341.0, 1993.0, 2208.0, 2417.0, 1790.0, 1838.0, 1727.0, 1583.0, 1768.0, 1543.0]",127304751.42722371
10,0.8,11,"[{""x"": -1.1009573936462402, ""y"": 1.553356647491455, ""z"": 0.0, ""velocity"": 0.0, ""snr"": 0.0}, {""x"": -0.3619194030761719, ""y"": 0.7358193397521973, ""z"": 0.0, ""velocity"": 0.0, ""snr"": 0.0}, {""x"": -0.4481077194213867, ""y"": 0.7417201995849609, ""z"": 0.0, ""velocity"": 0.0, ""snr"": 0.0}, {""x"": -1.049816608428955, ""y"": 1.565694808959961, ""z"": 0.0, ""velocity"": 0.0, ""snr"": 0.0}, {""x"": -0.27233362197875977, ""y"": 0.7263422012329102, ""z"": 0.0, ""velocity"": 0.0, ""snr"": 0.0}, {""x"": -0.2875328063964844, ""y"": 0.7352828979492188, ""z"": 0.0, ""velocity"": 0.0, ""snr"": 0.0}, {""x"": -0.13214349746704102, ""y"": 1.5567541122436523, ""z"": 0.0, ""velocity"": 0.0, ""snr"": 0.0}, {""x"": -0.16450881958007812, ""y"": 1.5649795532226562, ""z"": 0.0, ""velocity"": 0.0, ""snr"": 0.0}, {""x"": -0.1818537712097168, ""y"": 1.5662312507629395, ""z"": 0.0, ""velocity"": 0.0, ""snr"": 0.0}, {""x"": -0.2052783966064453, ""y"": 1.582324504852295, ""z"": 0.0, ""velocity"": 0.0, ""snr"": 0.0}, {""x"": 1.1748075485229492, ""y"": 1.7454028129577637, ""z"": 0.0, ""velocity"": 0.0, ""snr"": 0.0}]","[144889.0, 215180.0, 148030.0, 45362.0, 9062.0, 3429.0, 18257.0, 36079.0, 26710.0, 10576.0, 10109.0, 9110.0, 7773.0, 4265.0, 3960.0, 4918.0, 18830.0, 36819.0, 31128.0, 29807.0, 38047.0, 24827.0, 10935.0, 5314.0, 3872.0, 3418.0, 4055.0, 5504.0, 6777.0, 9828.0, 8495.0, 11245.0, 12590.0, 60976.0, 148317.0, 135100.0, 44250.0, 12182.0, 12420.0, 12692.0, 18599.0, 30185.0, 26847.0, 13763.0, 10483.0, 27192.0, 41844.0, 25789.0, 9311.0, 8038.0, 16344.0, 18075.0, 14368.0, 10204.0, 7557.0, 6193.0, 4897.0, 5088.0, 7108.0, 7452.0, 5686.0, 6283.0, 5069.0, 5792.0, 7961.0, 8572.0, 7770.0, 7791.0, 6375.0, 5206.0, 4455.0, 4724.0, 4519.0, 4613.0, 4433.0, 5124.0, 4497.0, 4031.0, 4355.0, 4279.0, 4137.0, 4762.0, 4127.0, 3703.0, 3706.0, 4960.0, 8620.0, 9596.0, 4885.0, 3520.0, 4007.0, 3962.0, 3845.0, 4530.0, 3588.0, 4274.0, 3686.0, 2852.0, 2663.0, 2463.0, 2561.0, 2907.0, 2891.0, 3107.0, 4346.0, 5278.0, 6423.0, 6594.0, 7533.0, 9509.0, 7004.0, 5703.0, 5386.0, 3380.0, 3617.0, 4064.0, 3297.0, 2546.0, 2010.0, 2079.0, 1932.0, 2177.0, 2176.0, 1898.0, 1616.0, 1405.0, 1508.0, 1584.0]",124758097.26266438
11,0.8,13,"[{""x"": -1.112043857574463, ""y"": 1.5467405319213867, ""z"": 0.0, ""velocity"": 0.0, ""snr"": 0.0}, {""x"": -0.4214644432067871, ""y"": 0.703275203704834, ""z"": 0.0, ""velocity"": 0.0, ""snr"": 0.0}, {""x"": -1.0228157043457031, ""y"": 1.5839338302612305, ""z"": 0.0, ""velocity"": 0.0, ""snr"": 0.0}, {""x"": -0.30863285064697266, ""y"": 0.7116794586181641, ""z"": 0.0, ""velocity"": 0.0, ""snr"": 0.0}, {""x"": -0.33849477767944336, ""y"": 0.7140040397644043, ""z"": 0.0, ""velocity"": 0.0, ""snr"": 0.0}, {""x"": -0.03147125244140625, ""y"": 0.32007694244384766, ""z"": 0.0, ""velocity"": 0.0, ""snr"": 0.0}, {""x"": -0.03647804260253906, ""y"": 0.3281235694885254, ""z"": 0.0, ""velocity"": 0.0, ""snr"": 0.0}, {""x"": -0.04416704177856445, ""y"": 0.3306269645690918, ""z"": 0.0, ""velocity"": 0.0, ""snr"": 0.0}, {""x"": -0.1430511474609375, ""y"": 1.555323600769043, ""z"": 0.0, ""velocity"": 0.0, ""snr"": 0.0}, {""x"": -0.17076730728149414, ""y"": 1.5642642974853516, ""z"": 0.0, ""velocity"": 0.0, ""snr"": 0.0}, {""x"": -0.18864870071411133, ""y"": 1.565694808959961, ""z"": 0.0, ""velocity"": 0.0, ""snr"": 0.0}, {""x"": -0.21564960479736328, ""y"": 1.5816092491149902, ""z"": 0.0, ""velocity"": 0.0, ""snr"": 0.0}, {""x"": 1.1782050132751465, ""y"": 1.7428994178771973, ""z"": 0.0, ""velocity"": 0.0, ""snr"": 0.0}]","[145059.0, 215362.0, 148146.0, 45438.0, 9357.0, 7013.0, 42310.0, 85610.0, 65816.0, 17686.0, 8967.0, 9125.0, 7092.0, 4009.0, 3618.0, 5022.0, 19173.0, 37445.0, 36692.0, 39107.0, 37845.0, 22325.0, 12134.0, 6198.0, 3454.0, 3136.0, 3950.0, 5744.0, 6938.0, 9885.0, 9491.0, 12091.0, 12648.0, 61996.0, 148391.0, 135962.0, 44774.0, 13259.0, 12902.0, 13191.0, 18990.0, 30073.0, 27149.0, 14467.0, 11090.0, 27679.0, 41630.0, 26335.0, 9555.0, 9057.0, 15298.0, 17056.0, 13975.0, 11388.0, 8939.0, 7233.0, 4867.0, 5578.0, 7363.0, 6717.0, 5021.0, 6343.0, 5529.0, 5572.0, 7446.0, 8112.0, 7698.0, 8131.0, 6052.0, 4656.0, 3815.0, 3822.0, 4342.0, 4710.0, 4486.0, 5035.0, 4467.0, 3836.0, 4010.0, 3690.0, 4598.0, 4642.0, 3985.0, 3849.0, 3653.0, 4718.0, 8507.0, 9285.0, 4821.0, 3003.0, 3639.0, 3250.0, 3876.0, 4284.0, 3747.0, 3813.0, 3340.0, 2832.0, 3047.0, 2744.0, 2477.0, 2836.0, 2634.0, 3175.0, 4108.0, 5306.0, 6690.0, 6796.0, 7867.0, 9619.0, 6768.0, 5933.0, 5629.0, 3470.0, 3554.0, 3753.0, 3263.0, 2837.0, 2350.0, 2462.0, 2484.0, 2248.0, 2038.0, 1711.0, 1726.0, 1791.0, 1719.0, 1504.0]",122263511.39676085
12,0.8,11,"[{""x"": -1.0095834732055664, ""y"": 1.5914440155029297, ""z"": 0.0, ""velocity"": 0.0, ""snr"": 0.0}, {""x"": -0.26214122772216797, ""y"": 0.750124454498291, ""z"": 0.0, ""velocity"": 0.0, ""snr"": 0.0}, {""x"": -0.2791285514831543, ""y"": 0.7631778717041016, ""z"": 0.0, ""velocity"": 0.0, ""snr"": 0.0}, {""x"": -0.11873245239257812, ""y"": 0.9348392486572266, ""z"": 0.0, ""velocity"": 0.0, ""snr"": 0.0}, {""x"": -0.1380443572998047, ""y"": 1.555323600769043, ""z"": 0.0, ""velocity"": 0.0, ""snr"": 0.0}, {""x"": -0.16808509826660156, ""y"": 1.5642642974853516, ""z"": 0.0, ""velocity"": 0.0, ""snr"": 0.0}, {""x"": -0.18578767776489258, ""y"": 1.5655159950256348, ""z"": 0.0, ""velocity"": 0.0, ""snr"": 0.0}, {""x"": -0.20778179168701172, ""y"": 1.5810728073120117, ""z"": 0.0, ""velocity"": 0.0, ""snr"": 0.0}, {""x"": -0.03522634506225586, ""y"": 0.9158849716186523, ""z"": 0.0, ""velocity"": 0.0, ""snr"": 0.0}, {""x"": 0.07957220077514648, ""y"": 0.8667111396789551, ""z"": 0.0, ""velocity"": 0.0, ""snr"": 0.0}, {""x"": 1.1892914772033691, ""y"": 1.7391443252563477, ""z"": 0.0, ""velocity"": 0.0, ""snr"": 0.0}]","[145330.0, 215283.0, 148216.0, 45460.0, 9349.0, 3330.0, 9427.0, 22216.0, 23878.0, 10710.0, 8813.0, 9198.0, 6484.0, 3382.0, 3646.0, 4934.0, 20761.0, 44882.0, 43025.0, 32944.0, 36850.0, 33491.0, 14926.0, 6233.0, 4567.0, 3796.0, 4944.0, 6752.0, 6924.0, 9081.0, 10137.0, 12036.0, 12601.0, 61603.0, 147770.0, 133927.0, 43773.0, 13401.0, 13137.0, 13523.0, 19728.0, 31142.0, 27368.0, 15219.0, 10082.0, 28201.0, 42772.0, 28159.0, 11188.0, 9384.0, 14132.0, 16511.0, 12848.0, 9858.0, 7738.0, 6249.0, 5052.0, 5466.0, 7509.0, 6827.0, 5483.0, 6270.0, 6169.0, 5718.0, 7219.0, 8314.0, 5764.0, 6474.0, 5609.0, 4575.0, 4084.0, 3994.0, 5112.0, 5156.0, 4828.0, 4737.0, 4176.0, 4170.0, 3763.0, 3914.0, 4309.0, 3867.0, 3348.0, 3617.0, 3529.0, 5197.0, 8601.0, 9499.0, 5178.0, 3183.0, 3601.0, 3336.0, 4163.0, 4791.0, 3903.0, 3641.0, 3190.0, 2786.0, 3497.0, 2997.0, 2584.0, 2802.0, 2677.0, 3116.0, 4422.0, 5618.0, 6488.0, 6949.0, 7644.0, 9397.0, 7322.0, 5929.0, 5318.0, 3298.0, 3740.0, 3766.0, 3343.0, 2453.0, 2004.0, 2138.0, 2238.0, 2015.0, 2078.0, 1912.0, 1653.0, 1678.0, 1795.0, 1741.0]",119817581.1387027
13,0.8,9,"[{""x"": -1.0998845100402832, ""y"": 1.5551447868347168, ""z"": 0.0, ""velocity"": 0.0, ""snr"": 0.0}, {""x"": -1.0582208633422852, ""y"": 1.5601515769958496, ""z"": 0.0, ""velocity"": 0.0, ""snr"": 0.0}, {""x"": -0.21511316299438477, ""y"": 0.7699728012084961, ""z"": 0.0, ""velocity"": 0.0, ""snr"": 0.0}, {""x"": -0.18990039825439453, ""y"": 0.7933974266052246, ""z"": 0.0, ""velocity"": 0.0, ""snr"": 0.0}, {""x"": -0.14859437942504883, ""y"": 1.5540719032287598, ""z"": 0.0, ""velocity"": 0.0, ""snr"": 0.0}, {""x"": -0.17130374908447266, ""y"": 1.5639066696166992, ""z"": 0.0, ""velocity"": 0.0, ""snr"": 0.0}, {""x"": -0.18721818923950195, ""y"": 1.5655159950256348, ""z"": 0.0, ""velocity"": 0.0, ""snr"": 0.0}, {""x"": -0.20545721054077148, ""y"": 1.5807151794433594, ""z"": 0.0, ""velocity"": 0.0, ""snr"": 0.0}, {""x"": 1.1769533157348633, ""y"": 1.7439723014831543, ""z"": 0.0, ""velocity"": 0.0, ""snr"": 0.0}]","[145215.0, 215394.0, 148120.0, 45538.0, 8972.0, 3412.0, 10058.0, 26212.0, 25768.0, 10953.0, 8792.0, 8997.0, 6481.0, 3440.0, 3606.0, 4740.0, 23482.0, 57689.0, 61043.0, 47087.0, 57165.0, 48658.0, 18809.0, 5897.0, 4876.0, 3963.0, 5425.0, 6682.0, 6416.0, 8801.0, 9720.0, 11701.0, 12164.0, 61978.0, 147752.0, 134212.0, 44049.0, 12853.0, 12539.0, 13074.0, 19857.0, 32161.0, 28763.0, 16050.0, 11406.0, 29542.0, 44442.0, 28312.0, 10309.0, 9241.0, 13513.0, 15848.0, 11792.0, 9281.0, 8061.0, 6330.0, 5223.0, 5605.0, 7980.0, 7680.0, 5931.0, 6848.0, 6315.0, 5690.0, 7266.0, 7855.0, 5704.0, 7242.0, 6321.0, 4832.0, 4647.0, 3961.0, 4805.0, 5521.0, 5084.0, 3931.0, 3530.0, 3538.0, 3428.0, 3884.0, 4088.0, 3854.0, 3611.0, 3314.0, 3399.0, 4638.0, 8332.0, 8994.0, 4621.0, 3073.0, 3506.0, 3452.0, 4244.0, 4548.0, 3253.0, 3033.0, 3168.0, 2843.0, 3372.0, 3042.0, 3258.0, 3218.0, 2735.0, 3348.0, 3893.0, 5373.0, 6649.0, 6750.0, 7286.0, 9290.0, 6989.0, 5852.0, 5455.0, 3606.0, 3841.0, 3837.0, 2933.0, 2591.0, 2268.0, 2265.0, 2152.0, 2073.0, 1917.0, 1760.0, 1820.0, 1806.0, 1645.0, 1787.0]",117420491.44356662
14,0.8,10,"[{""x"": -1.0669827461242676, ""y"": 1.5597939491271973, ""z"": 0.0, ""velocity"": 0.0, ""snr"": 0.0}, {""x"": -1.1336803436279297, ""y"": 1.5320777893066406, ""z"": 0.0, ""velocity"": 0.0, ""snr"": 0.0}, {""x"": -0.17648935317993164, ""y"": 0.7776618003845215, ""z"": 0.0, ""velocity"": 0.0, ""snr"": 0.0}, {""x"": -0.11157989501953125, ""y"": 0.8034110069274902, ""z"": 0.0, ""velocity"": 0.0, ""snr"": 0.0}, {""x"": -0.14412403106689453, ""y"": 1.554250717163086, ""z"": 0.0, ""velocity"": 0.0, ""snr"": 0.0}, {""x"": -0.17130374908447266, ""y"": 1.5639066696166992, ""z"": 0.0, ""velocity"": 0.0, ""snr"": 0.0}, {""x"": -0.18918514251708984, ""y"": 1.5655159950256348, ""z"": 0.0, ""velocity"": 0.0, ""snr"": 0.0}, {""x"": -0.20420551300048828, ""y"": 1.5816092491149902, ""z"": 0.0, ""velocity"": 0.0, ""snr"": 0.0}, {""x"": 0.05918741226196289, ""y"": 0.8608102798461914, ""z"": 0.0, ""velocity"": 0.0, ""snr"": 0.0}, {""x"": 1.1799931526184082, ""y"": 1.7403960227966309, ""z"": 0.0, ""velocity"": 0.0, ""snr"": 0.0}]","[145151.0, 215389.0, 148014.0, 45341.0, 9294.0, 5425.0, 29222.0, 56335.0, 43359.0, 15169.0, 9208.0, 10118.0, 7816.0, 4275.0, 3453.0, 5593.0, 24155.0, 58802.0, 60566.0, 38774.0, 44716.0, 36448.0, 13857.0, 5635.0, 4138.0, 4425.0, 4523.0, 6079.0, 6505.0, 9284.0, 9270.0, 11360.0, 11941.0, 61256.0, 145741.0, 133109.0, 44190.0, 12516.0, 12396.0, 13035.0, 17807.0, 30571.0, 28558.0, 15830.0, 11189.0, 29899.0, 43830.0, 27068.0, 9724.0, 9106.0, 14009.0, 16061.0, 11610.0, 9631.0, 8915.0, 7591.0, 5758.0, 6249.0, 8083.0, 7513.0, 5582.0, 7139.0, 6998.0, 6488.0, 7854.0, 8818.0, 6338.0, 7510.0, 6312.0, 5038.0, 4095.0, 3979.0, 4224.0, 5039.0, 4854.0, 3681.0, 3343.0, 3291.0, 3644.0, 4282.0, 4691.0, 3436.0, 3463.0, 3134.0, 3468.0, 4420.0, 8047.0, 9158.0, 5043.0, 2922.0, 3684.0, 3731.0, 4464.0, 4431.0, 3498.0, 3136.0, 2797.0, 2575.0, 2881.0, 2845.0, 3260.0, 3321.0, 2357.0, 3130.0, 3979.0, 5254.0, 6715.0, 6893.0, 7330.0, 9161.0, 6794.0, 5423.0, 5471.0, 3576.0, 3859.0, 3751.0, 2948.0, 2512.0, 2326.0, 2100.0, 1924.0, 1829.0, 1805.0, 1601.0, 1811.0, 1936.0, 1674.0, 1564.0]",115072479.88117388
0,0.8,9,"[{""x"": -1.0637640953063965, ""y"": 1.5606880187988281, ""z"": 0.0, ""velocity"": 0.0, ""snr"": 0.0}, {""x"": -1.1542439460754395, ""y"": 1.5145540237426758, ""z"": 0.0, ""velocity"": 0.0, ""snr"": 0.0}, {""x"": -0.1977682113647461, ""y"": 0.7637143135070801, ""z"": 0.0, ""velocity"": 0.0, ""snr"": 0.0}, {""x"": -0.18006563186645508, ""y"": 0.7746219635009766, ""z"": 0.0, ""velocity"": 0.0, ""snr"": 0.0}, {""x"": -0.13124942779541016, ""y"": 1.5565752983093262, ""z"": 0.0, ""velocity"": 0.0, ""snr"": 0.0}, {""x"": -0.1652240753173828, ""y"": 1.5651583671569824, ""z"": 0.0, ""velocity"": 0.0, ""snr"": 0.0}, {""x"": -0.1881122589111328, ""y"": 1.565873622894287, ""z"": 0.0, ""velocity"": 0.0, ""snr"": 0.0}, {""x"": -0.20116567611694336, ""y"": 1.5810728073120117, ""z"": 0.0, ""velocity"": 0.0, ""snr"": 0.0}, {""x"": 1.1706948280334473, ""y"": 1.7466545104980469, ""z"": 0.0, ""velocity"": 0.0, ""snr"": 0.0}]","[145219.0, 215255.0, 147883.0, 45302.0, 9405.0, 3975.0, 12912.0, 21579.0, 16503.0, 9531.0, 8828.0, 10401.0, 9314.0, 4296.0, 3509.0, 5252.0, 18050.0, 38327.0, 29487.0, 24961.0, 34898.0, 31514.0, 13272.0, 5606.0, 4092.0, 4450.0, 5163.0, 6606.0, 5910.0, 8267.0, 7637.0, 10188.0, 11905.0, 58599.0, 142550.0, 131353.0, 43407.0, 12516.0, 11497.0, 13170.0, 18726.0, 30330.0, 27542.0, 14155.0, 11122.0, 30635.0, 44453.0, 27309.0, 9622.0, 8996.0, 15230.0, 17311.0, 12277.0, 10074.0, 8765.0, 7498.0, 5849.0, 5932.0, 8098.0, 7533.0, 5901.0, 7427.0, 6068.0, 6051.0, 8369.0, 9583.0, 7477.0, 7664.0, 6176.0, 4927.0, 3543.0, 3829.0, 4222.0, 4614.0, 4499.0, 3973.0, 3230.0, 3079.0, 3452.0, 3512.0, 4305.0, 3587.0, 3582.0, 3145.0, 3486.0, 4547.0, 8328.0, 9473.0, 4814.0, 3134.0, 3519.0, 3417.0, 3661.0, 3627.0, 3425.0, 2898.0, 2885.0, 2361.0, 2884.0, 2870.0, 3533.0, 3654.0, 2638.0, 2978.0, 3907.0, 5335.0, 6865.0, 6986.0, 7022.0, 8913.0, 6397.0, 5411.0, 5265.0, 3279.0, 3907.0, 3831.0, 3196.0, 2559.0, 2169.0, 2149.0, 2130.0, 1974.0, 1776.0, 1724.0, 1701.0, 1777.0, 1762.0, 1856.0]",112771832.48730123
1,0.8,10,"[{""x"": -0.5487799644470215, ""y"": 0.6914734840393066, ""z"": 0.0, ""velocity"": 0.0, ""snr"": 0.0}, {""x"": -1.1394023895263672, ""y"": 1.5276074409484863, ""z"": 0.0, ""velocity"": 0.0, ""snr"": 0.0}, {""x"": -1.0439157485961914, ""y"": 1.569807529449463, ""z"": 0.0, ""velocity"": 0.0, ""snr"": 0.0}, {""x"": -0.14841556549072266, ""y"": 0.7728338241577148, ""z"": 0.0, ""velocity"": 0.0, ""snr"": 0.0}, {""x"": -0.1291036605834961, ""y"": 1.5571117401123047, ""z"": 0.0, ""velocity"": 0.0, ""snr"": 0.0}, {""x"": -0.17076730728149414, ""y"": 1.56480073928833, ""z"": 0.0, ""velocity"": 0.0, ""snr"": 0.0}, {""x"": -0.18650293350219727, ""y"": 1.5660524368286133, ""z"": 0.0, ""velocity"": 0.0, ""snr"": 0.0}, {""x"": -0.20903348922729492, ""y"": 1.5805363655090332, ""z"": 0.0, ""velocity"": 0.0, ""snr"": 0.0}, {""x"": -0.040590763092041016, ""y"": 0.8184313774108887, ""z"": 0.0, ""velocity"": 0.0, ""snr"": 0.0}, {""x"": 1.204848289489746, ""y"": 1.723945140838623, ""z"": 0.0, ""velocity"": 0.0, ""snr"": 0.0}]","[145119.0, 215508.0, 148093.0, 45435.0, 9109.0, 5771.0, 28233.0, 51432.0, 39272.0, 14881.0, 9328.0, 9261.0, 9391.0, 5370.0, 3591.0, 5288.0, 14787.0, 29512.0, 25322.0, 26885.0, 35566.0, 31131.0, 11714.0, 5730.0, 4266.0, 4391.0, 5388.0, 6546.0, 6151.0, 9121.0, 7843.0, 10002.0, 11787.0, 57937.0, 142206.0, 130644.0, 43181.0, 12234.0, 11194.0, 12096.0, 18114.0, 29508.0, 26806.0, 14691.0, 11040.0, 29530.0, 42974.0, 25608.0, 9086.0, 7940.0, 13651.0, 16495.0, 12805.0, 10766.0, 8768.0, 7302.0, 6713.0, 6259.0, 7640.0, 7481.0, 5929.0, 6035.0, 5503.0, 5782.0, 8478.0, 9412.0, 7008.0, 6921.0, 5595.0, 4329.0, 3350.0, 3977.0, 4267.0, 4615.0, 4307.0, 3800.0, 4249.0, 3693.0, 3202.0, 3891.0, 4448.0, 4148.0, 3658.0, 3156.0, 3498.0, 4799.0, 8587.0, 9498.0, 5167.0, 3168.0, 3302.0, 3338.0, 3782.0, 4045.0, 3629.0, 2933.0, 2439.0, 2246.0, 2959.0, 3029.0, 3481.0, 3312.0, 2429.0, 3068.0, 4446.0, 5647.0, 6529.0, 6739.0, 7195.0, 8952.0, 6527.0, 5408.0, 5572.0, 3410.0, 3392.0, 3602.0, 2975.0, 2682.0, 2055.0, 2236.0, 2221.0, 1932.0, 1767.0, 1849.0, 1961.0, 1718.0, 1685.0, 1615.0]",110516511.97082707
2,0.8,8,"[{""x"": -1.1240243911743164, ""y"": 1.5358328819274902, ""z"": 0.0, ""velocity"": 0.0, ""snr"": 0.0}, {""x"": -1.0555386543273926, ""y"": 1.562654972076416, ""z"": 0.0, ""velocity"": 0.0, ""snr"": 0.0}, {""x"": -0.13339519500732422, ""y"": 1.5558600425720215, ""z"": 0.0, ""velocity"": 0.0, ""snr"": 0.0}, {""x"": -0.16289949417114258, ""y"": 1.5651583671569824, ""z"": 0.0, ""velocity"": 0.0, ""snr"": 0.0}, {""x"": -0.1850724220275879, ""y"": 1.5662312507629395, ""z"": 0.0, ""velocity"": 0.0, ""snr"": 0.0}, {""x"": -0.20259618759155273, ""y"": 1.581430435180664, ""z"": 0.0, ""velocity"": 0.0, ""snr"": 0.0}, {""x"": -0.02002716064453125, ""y"": 0.8059144020080566, ""z"": 0.0, ""velocity"": 0.0, ""snr"": 0.0}, {""x"": 1.1900067329406738, ""y"": 1.7355680465698242, ""z"": 0.0, ""velocity"": 0.0, ""snr"": 0.0}]","[145221.0, 215161.0, 147915.0, 45378.0, 9185.0, 3936.0, 13508.0, 28623.0, 23778.0, 12587.0, 9529.0, 8615.0, 9200.0, 4676.0, 3623.0, 4837.0, 10606.0, 23562.0, 31369.0, 33497.0, 34456.0, 30876.0, 11370.0, 5615.0, 4445.0, 4013.0, 4501.0, 6019.0, 6072.0, 8780.0, 7947.0, 10373.0, 11550.0, 60646.0, 145898.0, 133861.0, 44665.0, 11747.0, 11042.0, 13040.0, 17416.0, 29087.0, 26175.0, 12943.0, 10802.0, 29818.0, 43785.0, 27129.0, 8855.0, 7234.0, 13851.0, 16472.0, 13043.0, 10693.0, 7938.0, 6210.0, 5015.0, 5478.0, 7482.0, 7891.0, 5860.0, 6934.0, 6865.0, 6823.0, 9151.0, 9049.0, 5717.0, 7468.0, 6323.0, 4814.0, 3652.0, 3484.0, 4367.0, 4666.0, 3853.0, 4181.0, 3944.0, 3195.0, 3580.0, 3465.0, 4197.0, 4422.0, 3742.0, 3301.0, 3414.0, 4193.0, 8021.0, 9886.0, 5368.0, 3056.0, 3236.0, 3768.0, 4940.0, 4840.0, 3409.0, 2887.0, 3085.0, 2638.0, 2662.0, 2763.0, 3087.0, 3463.0, 2758.0, 3205.0, 3996.0, 5189.0, 6163.0, 6397.0, 7285.0, 8950.0, 6499.0, 6001.0, 5817.0, 3454.0, 3653.0, 3682.0, 2946.0, 2699.0, 2059.0, 2101.0, 1995.0, 2053.0, 1796.0, 1835.0, 1931.0, 1810.0, 1741.0, 1743.0]",108306086.70753616
3,0.8,6,"[{""x"": -1.025855541229248, ""y"": 1.5837550163269043, ""z"": 0.0, ""velocity"": 0.0, ""snr"": 0.0}, {""x"": -0.12946128845214844, ""y"": 1.5558600425720215, ""z"": 0.0, ""velocity"": 0.0, ""snr"": 0.0}, {""x"": -0.1679062843322754, ""y"": 1.564621925354004, ""z"": 0.0, ""velocity"": 0.0, ""snr"": 0.0}, {""x"": -0.17952919006347656, ""y"": 1.566767692565918, ""z"": 0.0, ""velocity"": 0.0, ""snr"": 0.0}, {""x"": -0.19598007202148438, ""y"": 1.5821456909179688, ""z"": 0.0, ""velocity"": 0.0, ""snr"": 0.0}, {""x"": 1.203775405883789, ""y"": 1.7275214195251465, ""z"": 0.0, ""velocity"": 0.0, ""snr"": 0.0}]","[145461.0, 215324.0, 148004.0, 45449.0, 9277.0, 3813.0, 10604.0, 20251.0, 17798.0, 11113.0, 9653.0, 7645.0, 7604.0, 4279.0, 3315.0, 4450.0, 8878.0, 16105.0, 29191.0, 31528.0, 36264.0, 35496.0, 14124.0, 6327.0, 3757.0, 4514.0, 4569.0, 5992.0, 6662.0, 9112.0, 7802.0, 10340.0, 12082.0, 63081.0, 151681.0, 138847.0, 45867.0, 12475.0, 11237.0, 11266.0, 17308.0, 28816.0, 26316.0, 13509.0, 9778.0, 28192.0, 42456.0, 26881.0, 9617.0, 8483.0, 14632.0, 15549.0, 11918.0, 10218.0, 7540.0, 5468.0, 5187.0, 5922.0, 7701.0, 7690.0, 5568.0, 6457.0, 5578.0, 6346.0, 8902.0, 9055.0, 5810.0, 6200.0, 5176.0, 4579.0, 3497.0, 3755.0, 4657.0, 4742.0, 3889.0, 4720.0, 4671.0, 3877.0, 3284.0, 3997.0, 4246.0, 4561.0, 4300.0, 3245.0, 3286.0, 3850.0, 7822.0, 9393.0, 5472.0, 3086.0, 3745.0, 4111.0, 5440.0, 5250.0, 3898.0, 3503.0, 2899.0, 2435.0, 2815.0, 2642.0, 3009.0, 3030.0, 3025.0, 2998.0, 3772.0, 4952.0, 6244.0, 6596.0, 7073.0, 8993.0, 6504.0, 5762.0, 5632.0, 3743.0, 3816.0, 3587.0, 2758.0, 2449.0, 2190.0, 1956.0, 1873.0, 2013.0, 2008.0, 1901.0, 1753.0, 1730.0, 1830.0, 1625.0]",106140098.57233377
4,0.8,9,"[{""x"": -0.538945198059082, ""y"": 0.7025599479675293, ""z"": 0.0, ""velocity"": 0.0, ""snr"": 0.0}, {""x"": -0.03147125244140625, ""y"": 0.3274083137512207, ""z"": 0.0, ""velocity"": 0.0, ""snr"": 0.0}, {""x"": -0.09924173355102539, ""y"": 0.789642333984375, ""z"": 0.0, ""velocity"": 0.0, ""snr"": 0.0}, {""x"": -0.12874603271484375, ""y"": 1.5560388565063477, ""z"": 0.0, ""velocity"": 0.0, ""snr"": 0.0}, {""x"": -0.1639723777770996, ""y"": 1.5653371810913086, ""z"": 0.0, ""velocity"": 0.0, ""snr"": 0.0}, {""x"": -0.18203258514404297, ""y"": 1.5665888786315918, ""z"": 0.0, ""velocity"": 0.0, ""snr"": 0.0}, {""x"": -0.19615888595581055, ""y"": 1.582503318786621, ""z"": 0.0, ""velocity"": 0.0, ""snr"": 0.0}, {""x"": 1.2322068214416504, ""y"": 1.708388328552246, ""z"": 0.0, ""velocity"": 0.0, ""snr"": 0.0}, {""x"": 1.3530850410461426, ""y"": 1.6327500343322754, ""z"": 0.0, ""velocity"": 0.0, ""snr"": 0.0}]","[145488.0, 215549.0, 148293.0, 45238.0, 9034.0, 5443.0, 30772.0, 59480.0, 45245.0, 15303.0, 9933.0, 7252.0, 8664.0, 4169.0, 3596.0, 4868.0, 14412.0, 26073.0, 31230.0, 32946.0, 33832.0, 31428.0, 12423.0, 6216.0, 3333.0, 4087.0, 5383.0, 6758.0, 5865.0, 8792.0, 7954.0, 10852.0, 12017.0, 61442.0, 149027.0, 137572.0, 45539.0, 11958.0, 11312.0, 13780.0, 18289.0, 28918.0, 26001.0, 13416.0, 9849.0, 29042.0, 43882.0, 28587.0, 11435.0, 10173.0, 15678.0, 15761.0, 11909.0, 9820.0, 7887.0, 5812.0, 4885.0, 5720.0, 7660.0, 7430.0, 5921.0, 7085.0, 5790.0, 6578.0, 8876.0, 9434.0, 7182.0, 7839.0, 5855.0, 3911.0, 3257.0, 3250.0, 4645.0, 5139.0, 4115.0, 4507.0, 4271.0, 3303.0, 3342.0, 3955.0, 4267.0, 4855.0, 4121.0, 3315.0, 3309.0, 3924.0, 7343.0, 9606.0, 5972.0, 3406.0, 4013.0, 4119.0, 5015.0, 5010.0, 3724.0, 3371.0, 2891.0, 2513.0, 2893.0, 2760.0, 2990.0, 3046.0, 2667.0, 2862.0, 4044.0, 5439.0, 6516.0, 6589.0, 7376.0, 9379.0, 6484.0, 5647.0, 5669.0, 3861.0, 3786.0, 3471.0, 3034.0, 2962.0, 2334.0, 2396.0, 2262.0, 2143.0, 2248.0, 1991.0, 1940.0, 2095.0, 1779.0, 1590.0]",104017135.99658833
5,0.8,8,"[{""x"": -0.531613826751709, ""y"": 0.7202625274658203, ""z"": 0.0, ""velocity"": 0.0, ""snr"": 0.0}, {""x"": -0.17559528350830078, ""y"": 0.7562041282653809, ""z"": 0.0, ""velocity"": 0.0, ""snr"": 0.0}, {""x"": -0.037550926208496094, ""y"": 0.32830238342285156, ""z"": 0.0, ""velocity"": 0.0, ""snr"": 0.0}, {""x"": -0.125885009765625, ""y"": 1.556396484375, ""z"": 0.0, ""velocity"": 0.0, ""snr"": 0.0}, {""x"": -0.16254186630249023, ""y"": 1.5655159950256348, ""z"": 0.0, ""velocity"": 0.0, ""snr"": 0.0}, {""x"": -0.1811385154724121, ""y"": 1.5669465065002441, ""z"": 0.0, ""velocity"": 0.0, ""snr"": 0.0}, {""x"": -0.20009279251098633, ""y"": 1.582503318786621, ""z"": 0.0, ""velocity"": 0.0, ""snr"": 0.0}, {""x"": 1.2248754501342773, ""y"": 1.7137527465820312, ""z"": 0.0, ""velocity"": 0.0, ""snr"": 0.0}]","[145273.0, 215291.0, 148295.0, 45354.0, 9218.0, 4647.0, 25976.0, 51888.0, 40885.0, 15142.0, 10083.0, 7327.0, 9216.0, 4507.0, 3711.0, 5251.0, 15689.0, 22171.0, 20973.0, 29730.0, 39532.0, 36645.0, 14853.0, 6247.0, 3672.0, 3910.0, 5425.0, 6521.0, 5873.0, 8809.0, 7997.0, 10668.0, 12311.0, 61159.0, 147742.0, 136617.0, 45505.0, 11736.0, 11402.0, 12052.0, 18439.0, 28316.0, 25663.0, 12775.0, 9367.0, 28562.0, 43479.0, 28420.0, 11665.0, 10266.0, 16846.0, 16983.0, 12284.0, 10178.0, 8293.0, 6268.0, 4898.0, 5409.0, 7207.0, 7265.0, 5560.0, 6336.0, 5300.0, 5372.0, 8446.0, 9300.0, 8099.0, 7914.0, 6325.0, 4180.0, 3313.0, 3353.0, 4401.0, 4924.0, 4064.0, 4453.0, 4073.0, 3044.0, 3413.0, 3938.0, 4367.0, 4797.0, 4260.0, 3178.0, 3443.0, 4107.0, 7597.0, 9746.0, 6315.0, 3488.0, 3498.0, 3722.0, 4292.0, 4474.0, 3761.0, 3143.0, 3011.0, 2607.0, 2476.0, 2763.0, 2986.0, 3040.0, 2623.0, 2917.0, 4150.0, 5595.0, 6727.0, 6608.0, 7616.0, 9635.0, 6629.0, 5530.0, 5510.0, 3485.0, 4027.0, 4029.0, 3436.0, 2839.0, 2224.0, 2393.0, 2231.0, 2334.0, 2106.0, 1910.0, 1809.0, 1723.0, 1587.0, 1713.0]",101936715.32945783
6,0.8,9,"[{""x"": -0.5291104316711426, ""y"": 0.7091760635375977, ""z"": 0.0, ""velocity"": 0.0, ""snr"": 0.0}, {""x"": -1.0088682174682617, ""y"": 1.590728759765625, ""z"": 0.0, ""velocity"": 0.0, ""snr"": 0.0}, {""x"": -0.16486644744873047, ""y"": 0.7694363594055176, ""z"": 0.0, ""velocity"": 0.0, ""snr"": 0.0}, {""x"": -0.04202127456665039, ""y"": 0.32705068588256836, ""z"": 0.0, ""velocity"": 0.0, ""snr"": 0.0}, {""x"": -0.12123584747314453, ""y"": 1.5565752983093262, ""z"": 0.0, ""velocity"": 0.0, ""snr"": 0.0}, {""x"": -0.15842914581298828, ""y"": 1.565873622894287, ""z"": 0.0, ""velocity"": 0.0, ""snr"": 0.0}, {""x"": -0.18310546875, ""y"": 1.566767692565918, ""z"": 0.0, ""velocity"": 0.0, ""snr"": 0.0}, {""x"": -0.20116567611694336, ""y"": 1.582324504852295, ""z"": 0.0, ""velocity"": 0.0, ""snr"": 0.0}, {""x"": 1.2195110321044922, ""y"": 1.7175078392028809, ""z"": 0.0, ""velocity"": 0.0, ""snr"": 0.0}]","[145097.0, 215292.0, 147811.0, 45562.0, 9352.0, 6065.0, 34113.0, 67379.0, 51815.0, 16947.0, 10149.0, 9865.0, 9636.0, 5328.0, 4064.0, 5475.0, 16266.0, 27310.0, 29721.0, 31686.0, 37601.0, 34556.0, 33568855.0, 100860929.0, 460805.0, 3221554435.0, 838860802.0, 2298481252.0, 2.0, 150994944.0, 33554432.0, 4278190080.0, 771751935.0, 1845493761.0, 0.0, 758725504.0, 3784409.0, 4096000.0, 155156480.0, 2231369728.0, 2252008.0, 838860800.0, 2313782861.0, 34.0, 4081858304.0, 465662.0, 1006632960.0, 184374095.0, 34.0, 2320578816.0, 2242300.0, 1761607680.0, 1107041356.0, 34.0, 3611979520.0, 2271227.0, 1275068416.0, 169462346.0, 38.0, 3729604608.0, 2459930.0, 889192448.0, 77388.0, 131072.0, 37142528.0, 55078400.0, 37851648.0, 11614720.0, 2403072.0, 1391104.0, 6732032.0, 12680448.0, 9695488.0, 3940352.0, 3951872.0, 2971648.0, 2682624.0, 1950208.0, 979200.0, 1173760.0, 3369216.0, 5693440.0, 4787456.0, 6921472.0, 15266304.0, 14145024.0, 5134080.0, 1659904.0, 1434368.0, 1681408.0, 1643008.0, 1727488.0, 1604352.0, 1985536.0, 1742336.0, 2433280.0, 2856192.0, 13858560.0, 33713152.0, 31238656.0, 10859008.0, 2993664.0, 3212544.0, 3406592.0, 5014784.0, 7893504.0, 7267584.0, 3851776.0, 3101184.0, 8157440.0, 11922944.0, 7695360.0, 2300928.0, 1624576.0, 3045888.0, 3544576.0, 2728960.0, 2025984.0, 1657088.0, 1377280.0, 1307648.0, 1830144.0, 1719040.0, 2152704.0, 1777920.0, 1709824.0, 1683200.0, 1740800.0]",365935490.8426074
7,0.8,8,"[{""x"": -1.0254979133605957, ""y"": 1.5846490859985352, ""z"": 0.0, ""velocity"": 0.0, ""snr"": 0.0}, {""x"": -1.0669827461242676, ""y"": 1.5794634819030762, ""z"": 0.0, ""velocity"": 0.0, ""snr"": 0.0}, {""x"": -0.12499094009399414, ""y"": 1.5580058097839355, ""z"": 0.0, ""velocity"": 0.0, ""snr"": 0.0}, {""x"": -0.15753507614135742, ""y"": 1.5660524368286133, ""z"": 0.0, ""velocity"": 0.0, ""snr"": 0.0}, {""x"": -0.1659393310546875, ""y"": 1.5690922737121582, ""z"": 0.0, ""velocity"": 0.0, ""snr"": 0.0}, {""x"": -0.18578767776489258, ""y"": 1.5857219696044922, ""z"": 0.0, ""velocity"": 0.0, ""snr"": 0.0}, {""x"": 1.197516918182373, ""y"": 1.7334222793579102, ""z"": 0.0, ""velocity"": 0.0, ""snr"": 0.0}, {""x"": 1.2617111206054688, ""y"": 1.6983747482299805, ""z"": 0.0, ""velocity"": 0.0, ""snr"": 0.0}]","[145562.0, 215484.0, 148248.0, 45289.0, 9310.0, 3556.0, 18556.0, 37460.0, 30489.0, 14692.0, 15496.0, 12043.0, 11114.0, 6984.0, 4338.0, 4713.0, 13060.0, 23122.0, 20949.0, 27162.0, 52055.0, 47716.0, 18096.0, 6403.0, 5258.0, 4906.0, 4795.0, 5976.0, 6586.0, 8180.0, 6743.0, 9098.0, 10931.0, 55580.0, 135496.0, 125141.0, 43422.0, 11049.0, 11343.0, 12170.0, 18878.0, 30928.0, 28643.0, 15536.0, 11246.0, 31744.0, 46916.0, 30826.0, 9605.0, 6692.0, 13386.0, 16575.0, 12395.0, 7806.0, 6256.0, 5188.0, 5748.0, 7085.0, 6906.0, 9202.0, 7570.0, 7426.0, 6862.0, 6743.0, 8267.0, 7461.0, 5294.0, 6866.0, 6425.0, 4896.0, 4098.0, 4500.0, 4264.0, 4736.0, 4401.0, 3256.0, 3888.0, 3858.0, 3664.0, 3811.0, 4239.0, 4038.0, 2978.0, 2950.0, 3384.0, 3737.0, 7020.0, 8612.0, 5072.0, 3754.0, 3828.0, 3094.0, 3225.0, 3763.0, 3658.0, 3232.0, 2732.0, 2203.0, 2797.0, 3362.0, 2933.0, 2909.0, 2699.0, 3042.0, 3884.0, 5203.0, 6927.0, 6970.0, 6732.0, 8872.0, 5758.0, 4663.0, 5381.0, 3248.0, 3299.0, 3396.0, 2895.0, 2556.0, 2283.0, 2168.0, 2197.0, 2060.0, 1958.0, 1805.0, 1667.0, 1627.0, 1665.0, 1557.0]",104224634.48241748
8,0.8,11,"[{""x"": -0.525355339050293, ""y"": 0.6237030029296875, ""z"": 0.0, ""velocity"": 0.0, ""snr"": 0.0}, {""x"": -0.3991127014160156, ""y"": 0.6816387176513672, ""z"": 0.0, ""velocity"": 0.0, ""snr"": 0.0}, {""x"": -0.9927749633789062, ""y"": 1.6036033630371094, ""z"": 0.0, ""velocity"": 0.0, ""snr"": 0.0}, {""x"": -1.0453462600708008, ""y"": 1.591801643371582, ""z"": 0.0, ""velocity"": 0.0, ""snr"": 0.0}, {""x"": -0.042378902435302734, ""y"": 0.32061338424682617, ""z"": 0.0, ""velocity"": 0.0, ""snr"": 0.0}, {""x"": -0.13643503189086914, ""y"": 1.5565752983093262, ""z"": 0.0, ""velocity"": 0.0, ""snr"": 0.0}, {""x"": -0.15985965728759766, ""y"": 1.565694808959961, ""z"": 0.0, ""velocity"": 0.0, ""snr"": 0.0}, {""x"": -0.1696944236755371, ""y"": 1.5687346458435059, ""z"": 0.0, ""velocity"": 0.0, ""snr"": 0.0}, {""x"": -0.20188093185424805, ""y"": 1.5835762023925781, ""z"": 0.0, ""velocity"": 0.0, ""snr"": 0.0}, {""x"": 1.1917948722839355, ""y"": 1.737534999847412, ""z"": 0.0, ""velocity"": 0.0, ""snr"": 0.0}, {""x"": 1.2708306312561035, ""y"": 1.6940832138061523, ""z"": 0.0, ""velocity"": 0.0, ""snr"": 0.0}]","[145211.0, 215108.0, 148176.0, 45286.0, 9390.0, 6061.0, 28633.0, 49633.0, 32813.0, 16491.0, 16012.0, 11402.0, 9957.0, 6557.0, 4306.0, 4628.0, 15754.0, 30806.0, 28336.0, 24150.0, 46105.0, 45114.0, 16640.0, 5436.0, 5402.0, 4311.0, 5053.0, 6189.0, 6235.0, 7292.0, 5996.0, 9326.0, 10889.0, 57637.0, 140093.0, 128720.0, 44733.0, 11708.0, 10763.0, 13218.0, 20525.0, 32229.0, 28997.0, 14853.0, 11211.0, 31523.0, 46750.0, 30807.0, 11987.0, 6822.0, 15146.0, 18104.0, 14015.0, 8418.0, 6423.0, 6461.0, 5583.0, 7009.0, 6622.0, 8789.0, 7331.0, 7229.0, 7195.0, 7170.0, 8302.0, 7388.0, 4723.0, 6050.0, 6162.0, 5367.0, 4379.0, 3973.0, 3888.0, 3824.0, 3554.0, 3654.0, 3249.0, 2994.0, 4015.0, 4213.0, 5109.0, 4697.0, 3604.0, 2809.0, 3479.0, 3885.0, 7002.0, 8467.0, 5096.0, 4082.0, 3884.0, 3611.0, 3426.0, 3884.0, 3480.0, 3325.0, 2924.0, 2450.0, 3022.0, 2988.0, 2872.0, 3053.0, 2815.0, 2931.0, 3651.0, 5271.0, 7010.0, 6609.0, 6619.0, 8815.0, 6114.0, 4959.0, 5306.0, 3172.0, 2988.0, 3683.0, 3427.0, 2867.0, 2199.0, 2545.0, 2157.0, 2022.0, 2005.0, 1799.0, 1646.0, 1602.0, 1622.0, 1661.0]",102140065.9867663
9,0.8,11,"[{""x"": -0.9925961494445801, ""y"": 1.6034245491027832, ""z"": 0.0, ""velocity"": 0.0, ""snr"": 0.0}, {""x"": -1.0412335395812988, ""y"": 1.5943050384521484, ""z"": 0.0, ""velocity"": 0.0, ""snr"": 0.0}, {""x"": -0.3333091735839844, ""y"": 0.7218718528747559, ""z"": 0.0, ""velocity"": 0.0, ""snr"": 0.0}, {""x"": -0.32132863998413086, ""y"": 0.7367134094238281, ""z"": 0.0, ""velocity"": 0.0, ""snr"": 0.0}, {""x"": -0.036835670471191406, ""y"": 0.32275915145874023, ""z"": 0.0, ""velocity"": 0.0, ""snr"": 0.0}, {""x"": -0.13428926467895508, ""y"": 1.5567541122436523, ""z"": 0.0, ""velocity"": 0.0, ""snr"": 0.0}, {""x"": -0.16182661056518555, ""y"": 1.5655159950256348, ""z"": 0.0, ""velocity"": 0.0, ""snr"": 0.0}, {""x"": -0.18078088760375977, ""y"": 1.5669465065002441, ""z"": 0.0, ""velocity"": 0.0, ""snr"": 0.0}, {""x"": -0.18131732940673828, ""y"": 1.5846490859985352, ""z"": 0.0, ""velocity"": 0.0, ""snr"": 0.0}, {""x"": 1.1853575706481934, ""y"": 1.7421841621398926, ""z"": 0.0, ""velocity"": 0.0, ""snr"": 0.0}, {""x"": 1.2658238410949707, ""y"": 1.6974806785583496, ""z"": 0.0, ""velocity"": 0.0, ""snr"": 0.0}]","[145455.0, 215048.0, 147892.0, 45339.0, 9279.0, 7389.0, 39275.0, 70942.0, 47898.0, 15484.0, 16235.0, 12611.0, 8650.0, 5327.0, 4155.0, 4848.0, 19328.0, 41419.0, 39684.0, 20232.0, 41740.0, 43919.0, 17099.0, 4859.0, 4808.0, 3830.0, 5030.0, 6084.0, 6358.0, 7838.0, 6892.0, 9489.0, 10713.0, 59059.0, 143223.0, 131685.0, 44274.0, 11068.0, 10555.0, 12808.0, 20362.0, 32620.0, 28880.0, 15007.0, 10724.0, 30764.0, 46821.0, 30512.0, 12051.0, 6817.0, 15218.0, 17749.0, 14739.0, 9727.0, 6629.0, 6132.0, 5761.0, 6635.0, 6682.0, 8173.0, 7392.0, 6414.0, 6096.0, 7231.0, 8081.0, 7136.0, 4382.0, 6308.0, 5996.0, 5054.0, 4444.0, 4148.0, 3393.0, 4052.0, 4550.0, 4197.0, 3225.0, 3321.0, 4306.0, 4476.0, 4955.0, 4902.0, 3916.0, 2703.0, 2979.0, 3800.0, 7420.0, 8620.0, 5044.0, 4976.0, 4281.0, 4004.0, 4211.0, 4282.0, 3715.0, 3355.0, 2605.0, 2751.0, 3276.0, 3382.0, 2878.0, 3074.0, 2768.0, 2935.0, 3952.0, 5437.0, 6638.0, 6559.0, 6463.0, 8848.0, 6327.0, 4894.0, 5355.0, 3066.0, 3185.0, 3627.0, 3088.0, 2663.0, 2258.0, 2435.0, 2303.0, 2062.0, 2119.0, 1778.0, 1673.0, 1811.0, 1648.0, 1575.0]",100097482.98427787
10,0.8,10,"[{""x"": -0.9843707084655762, ""y"": 1.6089677810668945, ""z"": 0.0, ""velocity"": 0.0, ""snr"": 0.0}, {""x"": -1.0360479354858398, ""y"": 1.5968084335327148, ""z"": 0.0, ""velocity"": 0.0, ""snr"": 0.0}, {""x"": -0.30684471130371094, ""y"": 0.7359981536865234, ""z"": 0.0, ""velocity"": 0.0, ""snr"": 0.0}, {""x"": -0.29790401458740234, ""y"": 0.7483363151550293, ""z"": 0.0, ""velocity"": 0.0, ""snr"": 0.0}, {""x"": -0.25212764739990234, ""y"": 0.8157491683959961, ""z"": 0.0, ""velocity"": 0.0, ""snr"": 0.0}, {""x"": -0.1328587532043457, ""y"": 1.556396484375, ""z"": 0.0, ""velocity"": 0.0, ""snr"": 0.0}, {""x"": -0.1666545867919922, ""y"": 1.5651583671569824, ""z"": 0.0, ""velocity"": 0.0, ""snr"": 0.0}, {""x"": -0.18221139907836914, ""y"": 1.5674829483032227, ""z"": 0.0, ""velocity"": 0.0, ""snr"": 0.0}, {""x"": -0.19168853759765625, ""y"": 1.583397388458252, ""z"": 0.0, ""velocity"": 0.0, ""snr"": 0.0}, {""x"": 1.1628270149230957, ""y"": 1.755058765411377, ""z"": 0.0, ""velocity"": 0.0, ""snr"": 0.0}]","[145303.0, 215110.0, 147881.0, 45307.0, 9227.0, 5585.0, 27320.0, 49617.0, 35192.0, 14233.0, 18411.0, 16120.0, 12681.0, 7675.0, 3863.0, 4269.0, 19988.0, 46776.0, 47311.0, 20967.0, 36610.0, 41641.0, 17337.0, 5575.0, 4865.0, 3824.0, 4759.0, 6584.0, 6678.0, 8240.0, 7535.0, 10623.0, 11631.0, 59189.0, 143659.0, 133211.0, 46105.0, 12522.0, 10767.0, 11305.0, 19049.0, 31145.0, 27266.0, 13911.0, 10258.0, 28488.0, 45553.0, 28960.0, 9571.0, 7376.0, 14661.0, 18092.0, 15097.0, 10405.0, 6398.0, 5726.0, 5370.0, 6254.0, 7066.0, 8685.0, 7847.0, 6735.0, 5720.0, 6208.0, 7163.0, 7312.0, 4562.0, 6489.0, 6013.0, 4650.0, 4712.0, 4218.0, 3642.0, 4445.0, 4466.0, 4066.0, 3631.0, 3642.0, 3409.0, 3306.0, 3481.0, 3993.0, 3972.0, 3028.0, 2947.0, 3719.0, 7455.0, 8935.0, 5005.0, 4521.0, 4595.0, 4029.0, 4125.0, 4642.0, 3760.0, 3391.0, 2880.0, 3158.0, 3426.0, 3242.0, 3169.0, 3302.0, 3072.0, 2588.0, 3849.0, 5331.0, 6609.0, 6531.0, 7006.0, 9230.0, 6338.0, 4565.0, 5262.0, 3154.0, 3734.0, 3662.0, 3369.0, 3022.0, 2067.0, 2060.0, 1944.0, 1960.0, 2066.0, 1997.0, 1752.0, 1855.0, 1676.0, 1578.0]",98095157.97684765
11,0.8,9,"[{""x"": -0.26661157608032227, ""y"": 0.7540583610534668, ""z"": 0.0, ""velocity"": 0.0, ""snr"": 0.0}, {""x"": -0.28324127197265625, ""y"": 0.7533431053161621, ""z"": 0.0, ""velocity"": 0.0, ""snr"": 0.0}, {""x"": -0.2719759941101074, ""y"": 0.8028745651245117, ""z"": 0.0, ""velocity"": 0.0, ""snr"": 0.0}, {""x"": -0.12606382369995117, ""y"": 1.5580058097839355, ""z"": 0.0, ""velocity"": 0.0, ""snr"": 0.0}, {""x"": -0.15932321548461914, ""y"": 1.5662312507629395, ""z"": 0.0, ""velocity"": 0.0, ""snr"": 0.0}, {""x"": -0.16647577285766602, ""y"": 1.568913459777832, ""z"": 0.0, ""velocity"": 0.0, ""snr"": 0.0}, {""x"": -0.1634359359741211, ""y"": 1.5853643417358398, ""z"": 0.0, ""velocity"": 0.0, ""snr"": 0.0}, {""x"": 1.1383295059204102, ""y"": 1.771867275238037, ""z"": 0.0, ""velocity"": 0.0, ""snr"": 0.0}, {""x"": 1.1959075927734375, ""y"": 1.7439723014831543, ""z"": 0.0, ""velocity"": 0.0, ""snr"": 0.0}]","[145442.0, 215216.0, 147816.0, 45468.0, 9219.0, 5338.0, 25219.0, 46259.0, 32599.0, 16124.0, 17585.0, 14825.0, 13320.0, 8196.0, 3986.0, 3618.0, 20621.0, 51445.0, 54775.0, 21093.0, 31570.0, 37159.0, 15394.0, 6331.0, 4713.0, 4029.0, 4366.0, 5870.0, 7471.0, 7840.0, 6746.0, 10537.0, 11118.0, 59341.0, 146508.0, 135317.0, 46293.0, 10313.0, 9712.0, 12383.0, 17314.0, 29446.0, 25951.0, 12401.0, 10954.0, 30798.0, 48872.0, 31266.0, 8787.0, 8234.0, 13230.0, 15888.0, 13757.0, 9212.0, 5519.0, 7432.0, 5930.0, 5525.0, 6796.0, 7989.0, 7139.0, 6614.0, 6365.0, 6139.0, 7864.0, 8290.0, 5436.0, 7888.0, 6678.0, 4723.0, 3993.0, 3351.0, 3791.0, 3902.0, 4183.0, 4652.0, 3471.0, 3168.0, 3891.0, 4469.0, 3988.0, 4336.0, 3946.0, 3371.0, 3035.0, 3891.0, 7788.0, 9278.0, 4994.0, 4422.0, 4341.0, 3459.0, 3333.0, 4284.0, 3826.0, 4078.0, 3439.0, 3110.0, 3709.0, 3288.0, 2939.0, 3070.0, 2449.0, 2579.0, 4216.0, 5713.0, 6679.0, 6530.0, 7015.0, 9225.0, 6748.0, 5207.0, 5573.0, 3035.0, 3379.0, 4070.0, 3733.0, 3026.0, 2037.0, 2099.0, 1796.0, 1996.0, 2065.0, 1990.0, 1906.0, 1830.0, 1646.0, 1509.0]",96133118.88088593
12,0.8,9,"[{""x"": -0.27054548263549805, ""y"": 0.795900821685791, ""z"": 0.0, ""velocity"": 0.0, ""snr"": 0.0}, {""x"": -0.22137165069580078, ""y"": 0.7742643356323242, ""z"": 0.0, ""velocity"": 0.0, ""snr"": 0.0}, {""x"": -0.24300813674926758, ""y"": 0.7715821266174316, ""z"": 0.0, ""velocity"": 0.0, ""snr"": 0.0}, {""x"": -0.12123584747314453, ""y"": 1.5581846237182617, ""z"": 0.0, ""velocity"": 0.0, ""snr"": 0.0}, {""x"": -0.15753507614135742, ""y"": 1.5662312507629395, ""z"": 0.0, ""velocity"": 0.0, ""snr"": 0.0}, {""x"": -0.17309188842773438, ""y"": 1.5685558319091797, ""z"": 0.0, ""velocity"": 0.0, ""snr"": 0.0}, {""x"": -0.18489360809326172, ""y"": 1.5851855278015137, ""z"": 0.0, ""velocity"": 0.0, ""snr"": 0.0}, {""x"": 1.1313557624816895, ""y"": 1.7750859260559082, ""z"": 0.0, ""velocity"": 0.0, ""snr"": 0.0}, {""x"": 1.1565685272216797, ""y"": 1.7690062522888184, ""z"": 0.0, ""velocity"": 0.0, ""snr"": 0.0}]","[145221.0, 215184.0, 148105.0, 45472.0, 9376.0, 3603.0, 20634.0, 40974.0, 32700.0, 19273.0, 18524.0, 11403.0, 12553.0, 7639.0, 3570.0, 4204.0, 17240.0, 51697.0, 61298.0, 26060.0, 27413.0, 32187.0, 12523.0, 5961.0, 5127.0, 3914.0, 5138.0, 5687.0, 6586.0, 7697.0, 7219.0, 11068.0, 11630.0, 57682.0, 141907.0, 130666.0, 46013.0, 11472.0, 9940.0, 12152.0, 14673.0, 26777.0, 24325.0, 11870.0, 9636.0, 29137.0, 45705.0, 28309.0, 8434.0, 8442.0, 13027.0, 15548.0, 12680.0, 9020.0, 5659.0, 6541.0, 5433.0, 5323.0, 7022.0, 8981.0, 7422.0, 6757.0, 6650.0, 6779.0, 8246.0, 8305.0, 5217.0, 6904.0, 6652.0, 5094.0, 4599.0, 4613.0, 5040.0, 4669.0, 4345.0, 4657.0, 3906.0, 3940.0, 5192.0, 5290.0, 4431.0, 3500.0, 2774.0, 3092.0, 2783.0, 3361.0, 7959.0, 9652.0, 5424.0, 3940.0, 4238.0, 3371.0, 3626.0, 4410.0, 3481.0, 4583.0, 4210.0, 2882.0, 3358.0, 3230.0, 3022.0, 2703.0, 2505.0, 2701.0, 3964.0, 5607.0, 6885.0, 6866.0, 6638.0, 8919.0, 6257.0, 5403.0, 5402.0, 2873.0, 3057.0, 3398.0, 3023.0, 2597.0, 2179.0, 2265.0, 2101.0, 1947.0, 1794.0, 1671.0, 1645.0, 1799.0, 1666.0, 1511.0]",94210565.5493334
13,0.8,11,"[{""x"": -0.469207763671875, ""y"": 0.8227229118347168, ""z"": 0.0, ""velocity"": 0.0, ""snr"": 0.0}, {""x"": -0.25981664657592773, ""y"": 0.7705092430114746, ""z"": 0.0, ""velocity"": 0.0, ""snr"": 0.0}, {""x"": -0.26535987854003906, ""y"": 0.7998347282409668, ""z"": 0.0, ""velocity"": 0.0, ""snr"": 0.0}, {""x"": -0.24622678756713867, ""y"": 0.7672905921936035, ""z"": 0.0, ""velocity"": 0.0, ""snr"": 0.0}, {""x"": -0.11783838272094727, ""y"": 1.5569329261779785, ""z"": 0.0, ""velocity"": 0.0, ""snr"": 0.0}, {""x"": -0.15413761138916016, ""y"": 1.565694808959961, ""z"": 0.0, ""velocity"": 0.0, ""snr"": 0.0}, {""x"": -0.16933679580688477, ""y"": 1.5680193901062012, ""z"": 0.0, ""velocity"": 0.0, ""snr"": 0.0}, {""x"": -0.13750791549682617, ""y"": 1.5898346900939941, ""z"": 0.0, ""velocity"": 0.0, ""snr"": 0.0}, {""x"": 1.0385513305664062, ""y"": 1.8190741539001465, ""z"": 0.0, ""velocity"": 0.0, ""snr"": 0.0}, {""x"": 1.1324286460876465, ""y"": 1.7763376235961914, ""z"": 0.0, ""velocity"": 0.0, ""snr"": 0.0}, {""x"": 1.1385083198547363, ""y"": 1.7840266227722168, ""z"": 0.0, ""velocity"": 0.0, ""snr"": 0.0}]","[145385.0, 215090.0, 148114.0, 45127.0, 9268.0, 7177.0, 37100.0, 66935.0, 44590.0, 20237.0, 18678.0, 11842.0, 13521.0, 7983.0, 3388.0, 4482.0, 16094.0, 46966.0, 58464.0, 28608.0, 28154.0, 33426.0, 13545.0, 5538.0, 5592.0, 3838.0, 5096.0, 6564.0, 6577.0, 7297.0, 6657.0, 10045.0, 11348.0, 58650.0, 139645.0, 127397.0, 42808.0, 10353.0, 14092.0, 16562.0, 18318.0, 27744.0, 24686.0, 11515.0, 10758.0, 30421.0, 47827.0, 31495.0, 9115.0, 9005.0, 12318.0, 13424.0, 11162.0, 8390.0, 5070.0, 6274.0, 4666.0, 4401.0, 6408.0, 8672.0, 7169.0, 6649.0, 6787.0, 7270.0, 9156.0, 9001.0, 5670.0, 6111.0, 7030.0, 4977.0, 4292.0, 4133.0, 4199.0, 4243.0, 4414.0, 4084.0, 3660.0, 3223.0, 3705.0, 3770.0, 3188.0, 2944.0, 2944.0, 3228.0, 3212.0, 4214.0, 7299.0, 8529.0, 4880.0, 3878.0, 3601.0, 3425.0, 3857.0, 3745.0, 4068.0, 3995.0, 3732.0, 3006.0, 3396.0, 2488.0, 2517.0, 2441.0, 2431.0, 2968.0, 4194.0, 5369.0, 6937.0, 6607.0, 6342.0, 8461.0, 5868.0, 4729.0, 5385.0, 3094.0, 3589.0, 3253.0, 3081.0, 2888.0, 2292.0, 2380.0, 2178.0, 1927.0, 1829.0, 1936.0, 1875.0, 1764.0, 1672.0, 1434.0]",92326855.8243865
14,0.8,11,"[{""x"": -0.4820823669433594, ""y"": 0.8195042610168457, ""z"": 0.0, ""velocity"": 0.0, ""snr"": 0.0}, {""x"": -1.0190606117248535, ""y"": 1.5869736671447754, ""z"": 0.0, ""velocity"": 0.0, ""snr"": 0.0}, {""x"": -1.0668039321899414, ""y"": 1.5805363655090332, ""z"": 0.0, ""velocity"": 0.0, ""snr"": 0.0}, {""x"": -0.337064266204834, ""y"": 0.7265210151672363, ""z"": 0.0, ""velocity"": 0.0, ""snr"": 0.0}, {""x"": -0.2980828285217285, ""y"": 0.7547736167907715, ""z"": 0.0, ""velocity"": 0.0, ""snr"": 0.0}, {""x"": -0.24908781051635742, ""y"": 0.8071660995483398, ""z"": 0.0, ""velocity"": 0.0, ""snr"": 0.0}, {""x"": -0.10979175567626953, ""y"": 1.5587210655212402, ""z"": 0.0, ""velocity"": 0.0, ""snr"": 0.0}, {""x"": -0.16701221466064453, ""y"": 1.5653371810913086, ""z"": 0.0, ""velocity"": 0.0, ""snr"": 0.0}, {""x"": -0.17702579498291016, ""y"": 1.5674829483032227, ""z"": 0.0, ""velocity"": 0.0, ""snr"": 0.0}, {""x"": -0.15109777450561523, ""y"": 1.5882253646850586, ""z"": 0.0, ""velocity"": 0.0, ""snr"": 0.0}, {""x"": 1.169443130493164, ""y"": 1.7482638359069824, ""z"": 0.0, ""velocity"": 0.0, ""snr"": 0.0}]","[145162.0, 215150.0, 147811.0, 45364.0, 9488.0, 6285.0, 29036.0, 52889.0, 39357.0, 19209.0, 18845.0, 11238.0, 13319.0, 7499.0, 4165.0, 5028.0, 19298.0, 43043.0, 49541.0, 25352.0, 26855.0, 35444.0, 16124.0, 7601.0, 5716.0, 3336.0, 4249.0, 5247.0, 6749.0, 9320.0, 9616.0, 10073.0, 11625.0, 56314.0, 139371.0, 128144.0, 43355.0, 9510.0, 11380.0, 12888.0, 18249.0, 28229.0, 26405.0, 14639.0, 10243.0, 28136.0, 42887.0, 25414.0, 9889.0, 8584.0, 14255.0, 16124.0, 13551.0, 10103.0, 7191.0, 5932.0, 5524.0, 5424.0, 8106.0, 9707.0, 7528.0, 6576.0, 6531.0, 6897.0, 8693.0, 8585.0, 5799.0, 5148.0, 6343.0, 5108.0, 4710.0, 4436.0, 4673.0, 5036.0, 4381.0, 4165.0, 3440.0, 3474.0, 3708.0, 3288.0, 3310.0, 2760.0, 2855.0, 3278.0, 4184.0, 5115.0, 7687.0, 8886.0, 4667.0, 4647.0, 4540.0, 3248.0, 4729.0, 6309.0, 5398.0, 3902.0, 3145.0, 2761.0, 3114.0, 3014.0, 2531.0, 2637.0, 2805.0, 3076.0, 4154.0, 5936.0, 6759.0, 6221.0, 6683.0, 8370.0, 5925.0, 4973.0, 5267.0, 3208.0, 3967.0, 3549.0, 3270.0, 3228.0, 2158.0, 2321.0, 2329.0, 2170.0, 1895.0, 1756.0, 1791.0, 1726.0, 1745.0, 1568.0]",90480068.63173474
0,0.8,12,"[{""x"": -0.3579854965209961, ""y"": 0.7152557373046875, ""z"": 0.0, ""velocity"": 0.0, ""snr"": 0.0}, {""x"": -0.33974647521972656, ""y"": 0.7050633430480957, ""z"": 0.0, ""velocity"": 0.0, ""snr"": 0.0}, {""x"": -0.28270483016967773, ""y"": 0.886380672454834, ""z"": 0.0, ""velocity"": 0.0, ""snr"": 0.0}, {""x"": -0.28896331787109375, ""y"": 0.8892416954040527, ""z"": 0.0, ""velocity"": 0.0, ""snr"": 0.0}, {""x"": -0.21010637283325195, ""y"": 1.5560388565063477, ""z"": 0.0, ""velocity"": 0.0, ""snr"": 0.0}, {""x"": -0.23066997528076172, ""y"": 1.558363437652588, ""z"": 0.0, ""velocity"": 0.0, ""snr"": 0.0}, {""x"": 0.8339881896972656, ""y"": 4.9193501472473145, ""z"": 0.0, ""velocity"": 0.0, ""snr"": 0.0}, {""x"": 1.037299633026123, ""y"": 4.86445426940918, ""z"": 0.0, ""velocity"": 0.0, ""snr"": 0.0}, {""x"": 1.0825395584106445, ""y"": 1.791536808013916, ""z"": 0.0, ""velocity"": 0.0, ""snr"": 0.0}, {""x"": 1.1930465698242188, ""y"": 1.735389232635498, ""z"": 0.0, ""velocity"": 0.0, ""snr"": 0.0}, {""x"": 1.262962818145752, ""y"": 1.6992688179016113, ""z"": 0.0, ""velocity"": 0.0, ""snr"": 0.0}, {""x"": 0.6809234619140625, ""y"": 0.5671977996826172, ""z"": 0.0, ""velocity"": 0.0, ""snr"": 0.0}]","[145057.0, 215186.0, 148138.0, 45232.0, 9424.0, 9915.0, 18538.0, 14667.0, 22472.0, 13831.0, 13797.0, 13351.0, 10434.0, 8159.0, 4804.0, 4289.0, 22599.0, 43739.0, 28162.0, 20276.0, 37313.0, 33544.0, 11782.0, 5864.0, 5637.0, 5302.0, 4604.0, 5368.0, 7354.0, 9341.0, 9154.0, 11297.0, 14172.0, 24783.0, 55223.0, 46528.0, 16395.0, 11505.0, 12259.0, 9614.0, 14161.0, 25556.0, 26046.0, 16802.0, 13031.0, 30300.0, 44971.0, 28850.0, 10934.0, 8813.0, 12271.0, 13785.0, 11116.0, 8664.0, 8188.0, 6117.0, 6485.0, 5135.0, 7155.0, 8306.0, 6018.0, 5712.0, 6291.0, 7136.0, 7685.0, 7427.0, 4126.0, 3488.0, 4293.0, 4618.0, 3987.0, 3483.0, 3420.0, 4078.0, 3928.0, 3860.0, 3401.0, 4072.0, 4737.0, 4040.0, 3117.0, 3011.0, 3930.0, 2905.0, 3294.0, 4952.0, 7028.0, 8437.0, 4572.0, 3295.0, 3563.0, 2858.0, 3852.0, 4208.0, 2975.0, 3691.0, 3792.0, 2841.0, 3418.0, 3135.0, 2812.0, 2547.0, 2042.0, 3210.0, 4416.0, 4483.0, 5524.0, 6537.0, 15635.0, 20141.0, 10919.0, 4532.0, 5408.0, 3569.0, 3248.0, 3353.0, 2923.0, 2604.0, 1981.0, 2075.0, 2226.0, 2075.0, 1839.0, 1746.0, 1735.0, 1664.0, 1456.0, 1711.0]",104481422.52352017
1,0.8,8,"[{""x"": -1.0521411895751953, ""y"": 1.5673041343688965, ""z"": 0.0, ""velocity"": 0.0, ""snr"": 0.0}, {""x"": -1.055002212524414, ""y"": 1.588582992553711, ""z"": 0.0, ""velocity"": 0.0, ""snr"": 0.0}, {""x"": -0.18328428268432617, ""y"": 1.558542251586914, ""z"": 0.0, ""velocity"": 0.0, ""snr"": 0.0}, {""x"": -0.20331144332885742, ""y"": 1.5614032745361328, ""z"": 0.0, ""velocity"": 0.0, ""snr"": 0.0}, {""x"": 0.7064938545227051, ""y"": 4.923105239868164, ""z"": 0.0, ""velocity"": 0.0, ""snr"": 0.0}, {""x"": 0.6553530693054199, ""y"": 4.946351051330566, ""z"": 0.0, ""velocity"": 0.0, ""snr"": 0.0}, {""x"": 1.2014508247375488, ""y"": 1.7318129539489746, ""z"": 0.0, ""velocity"": 0.0, ""snr"": 0.0}, {""x"": 1.2440085411071777, ""y"": 1.7153620719909668, ""z"": 0.0, ""velocity"": 0.0, ""snr"": 0.0}]","[144970.0, 215001.0, 147927.0, 45405.0, 9050.0, 10234.0, 28862.0, 28799.0, 23853.0, 19928.0, 23029.0, 24166.0, 13380.0, 9329.0, 7412.0, 3781.0, 11541.0, 19160.0, 23835.0, 17412.0, 37100.0, 33592.0, 13607.0, 5313.0, 5746.0, 5737.0, 5404.0, 6762.0, 6914.0, 9064.0, 8708.0, 11088.0, 14331.0, 31620.0, 68137.0, 56687.0, 18808.0, 17153.0, 11893.0, 8878.0, 16886.0, 28348.0, 26661.0, 14722.0, 10106.0, 29377.0, 45273.0, 30500.0, 10412.0, 7669.0, 12679.0, 14299.0, 11711.0, 7877.0, 6419.0, 5626.0, 5454.0, 5096.0, 6883.0, 7349.0, 6002.0, 6790.0, 5163.0, 6794.0, 7709.0, 8075.0, 4482.0, 3884.0, 4871.0, 4924.0, 3965.0, 3778.0, 4791.0, 5407.0, 4886.0, 3693.0, 3651.0, 3337.0, 3343.0, 3680.0, 3620.0, 3600.0, 3123.0, 3758.0, 4002.0, 5057.0, 7012.0, 8607.0, 5513.0, 4163.0, 4110.0, 3379.0, 4152.0, 4580.0, 3508.0, 4094.0, 3431.0, 3028.0, 2849.0, 3243.0, 3081.0, 2711.0, 2499.0, 3233.0, 4098.0, 4581.0, 5583.0, 6485.0, 12349.0, 17035.0, 11778.0, 6933.0, 5948.0, 3624.0, 3368.0, 3460.0, 2680.0, 2249.0, 2184.0, 2341.0, 2204.0, 1977.0, 1883.0, 1869.0, 1823.0, 1651.0, 1577.0, 1529.0]",102391704.05411299
2,0.8,9,"[{""x"": -0.17523765563964844, ""y"": 0.7715821266174316, ""z"": 0.0, ""velocity"": 0.0, ""snr"": 0.0}, {""x"": -0.13893842697143555, ""y"": 0.7984042167663574, ""z"": 0.0, ""velocity"": 0.0, ""snr"": 0.0}, {""x"": -0.102996826171875, ""y"": 0.8481144905090332, ""z"": 0.0, ""velocity"": 0.0, ""snr"": 0.0}, {""x"": -0.20062923431396484, ""y"": 1.5590786933898926, ""z"": 0.0, ""velocity"": 0.0, ""snr"": 0.0}, {""x"": -0.20760297775268555, ""y"": 1.558542251586914, ""z"": 0.0, ""velocity"": 0.0, ""snr"": 0.0}, {""x"": 0.8515119552612305, ""y"": 4.901111125946045, ""z"": 0.0, ""velocity"": 0.0, ""snr"": 0.0}, {""x"": 0.5496740341186523, ""y"": 4.959225654602051, ""z"": 0.0, ""velocity"": 0.0, ""snr"": 0.0}, {""x"": 1.1635422706604004, ""y"": 1.7573833465576172, ""z"": 0.0, ""velocity"": 0.0, ""snr"": 0.0}, {""x"": 1.2270212173461914, ""y"": 1.733243465423584, ""z"": 0.0, ""velocity"": 0.0, ""snr"": 0.0}]","[145506.0, 215258.0, 148054.0, 45413.0, 9549.0, 17114.0, 51709.0, 58520.0, 28453.0, 12519.0, 17164.0, 20444.0, 17589.0, 6247.0, 7830.0, 8258.0, 37334.0, 75408.0, 67368.0, 41654.0, 43904.0, 39006.0, 14292.0, 7680.0, 7642.0, 7236.0, 7301.0, 6493.0, 7952.0, 10770.0, 9075.0, 10376.0, 12890.0, 35568.0, 84569.0, 73208.0, 18903.0, 19149.0, 15310.0, 12878.0, 19964.0, 29102.0, 26095.0, 13318.0, 11083.0, 30508.0, 47229.0, 33872.0, 17161.0, 11309.0, 14853.0, 14698.0, 10021.0, 8281.0, 7466.0, 5112.0, 6094.0, 5921.0, 6555.0, 6976.0, 6783.0, 7744.0, 6121.0, 6267.0, 7099.0, 7762.0, 4953.0, 4004.0, 5075.0, 5286.0, 3749.0, 3246.0, 3631.0, 5767.0, 5650.0, 4023.0, 4111.0, 4265.0, 3446.0, 3621.0, 3398.0, 3400.0, 2946.0, 3444.0, 3710.0, 5701.0, 8775.0, 9011.0, 4752.0, 3662.0, 3691.0, 3148.0, 3583.0, 3926.0, 3743.0, 3762.0, 2883.0, 3065.0, 3312.0, 3293.0, 2942.0, 2707.0, 2429.0, 3320.0, 4460.0, 5384.0, 6517.0, 6620.0, 11089.0, 14705.0, 9247.0, 4985.0, 5277.0, 3345.0, 3553.0, 3342.0, 3344.0, 2844.0, 2119.0, 2176.0, 2301.0, 2301.0, 2107.0, 1784.0, 1744.0, 1963.0, 1591.0, 1677.0]",100342180.69862601
3,0.8,11,"[{""x"": -1.1274218559265137, ""y"": 1.53350830078125, ""z"": 0.0, ""velocity"": 0.0, ""snr"": 0.0}, {""x"": -0.20384788513183594, ""y"": 0.7524490356445312, ""z"": 0.0, ""velocity"": 0.0, ""snr"": 0.0}, {""x"": -0.18399953842163086, ""y"": 0.7688999176025391, ""z"": 0.0, ""velocity"": 0.0, ""snr"": 0.0}, {""x"": -0.15109777450561523, ""y"": 0.7860660552978516, ""z"": 0.0, ""velocity"": 0.0, ""snr"": 0.0}, {""x"": -0.12606382369995117, ""y"": 1.5565752983093262, ""z"": 0.0, ""velocity"": 0.0, ""snr"": 0.0}, {""x"": -0.17899274826049805, ""y"": 1.5621185302734375, ""z"": 0.0, ""velocity"": 0.0, ""snr"": 0.0}, {""x"": -0.18900632858276367, ""y"": 1.5621185302734375, ""z"": 0.0, ""velocity"": 0.0, ""snr"": 0.0}, {""x"": -0.1609325408935547, ""y"": 1.5878677368164062, ""z"": 0.0, ""velocity"": 0.0, ""snr"": 0.0}, {""x"": 0.653386116027832, ""y"": 4.946708679199219, ""z"": 0.0, ""velocity"": 0.0, ""snr"": 0.0}, {""x"": 1.1326074600219727, ""y"": 1.779019832611084, ""z"": 0.0, ""velocity"": 0.0, ""snr"": 0.0}, {""x"": 1.1383295059204102, ""y"": 1.7917156219482422, ""z"": 0.0, ""velocity"": 0.0, ""snr"": 0.0}]","[145317.0, 215109.0, 147827.0, 45137.0, 9106.0, 5692.0, 25362.0, 43291.0, 25741.0, 8629.0, 14193.0, 17671.0, 13649.0, 7998.0, 7019.0, 9479.0, 53133.0, 112570.0, 93595.0, 40265.0, 45939.0, 40285.0, 13017.0, 5387.0, 5995.0, 6795.0, 6689.0, 8061.0, 7295.0, 8763.0, 9079.0, 10815.0, 12772.0, 41919.0, 99741.0, 87231.0, 24121.0, 11657.0, 12612.0, 12354.0, 21024.0, 30915.0, 27779.0, 13503.0, 10597.0, 29794.0, 47963.0, 34291.0, 17238.0, 12828.0, 15555.0, 14380.0, 10974.0, 7437.0, 6765.0, 5941.0, 4844.0, 4828.0, 7554.0, 8577.0, 6403.0, 7792.0, 6327.0, 6046.0, 6847.0, 6951.0, 4963.0, 4684.0, 5947.0, 5584.0, 3963.0, 4079.0, 3990.0, 5233.0, 5673.0, 4972.0, 4048.0, 3551.0, 3340.0, 4059.0, 3723.0, 3425.0, 3418.0, 2776.0, 3383.0, 4906.0, 7405.0, 9296.0, 4965.0, 3344.0, 3291.0, 3040.0, 3305.0, 3650.0, 3395.0, 3243.0, 2815.0, 2934.0, 2995.0, 2844.0, 3148.0, 3000.0, 2621.0, 3673.0, 5387.0, 6073.0, 6794.0, 7058.0, 9811.0, 12388.0, 7385.0, 4585.0, 5153.0, 3078.0, 3310.0, 3546.0, 3465.0, 2522.0, 2055.0, 2154.0, 2025.0, 2052.0, 1873.0, 1821.0, 1545.0, 1751.0, 1549.0, 1559.0]",98334183.62165223
4,0.8,12,"[{""x"": -1.0762810707092285, ""y"": 1.5692710876464844, ""z"": 0.0, ""velocity"": 0.0, ""snr"": 0.0}, {""x"": -1.0406970977783203, ""y"": 1.5694499015808105, ""z"": 0.0, ""velocity"": 0.0, ""snr"": 0.0}, {""x"": -0.19437074661254883, ""y"": 0.7572770118713379, ""z"": 0.0, ""velocity"": 0.0, ""snr"": 0.0}, {""x"": -0.18203258514404297, ""y"": 0.7706880569458008, ""z"": 0.0, ""velocity"": 0.0, ""snr"": 0.0}, {""x"": -0.15306472778320312, ""y"": 0.7871389389038086, ""z"": 0.0, ""velocity"": 0.0, ""snr"": 0.0}, {""x"": -0.12302398681640625, ""y"": 1.5578269958496094, ""z"": 0.0, ""velocity"": 0.0, ""snr"": 0.0}, {""x"": -0.18256902694702148, ""y"": 1.5614032745361328, ""z"": 0.0, ""velocity"": 0.0, ""snr"": 0.0}, {""x"": -0.19812583923339844, ""y"": 1.558363437652588, ""z"": 0.0, ""velocity"": 0.0, ""snr"": 0.0}, {""x"": -0.2460479736328125, ""y"": 1.5801787376403809, ""z"": 0.0, ""velocity"": 0.0, ""snr"": 0.0}, {""x"": 0.761568546295166, ""y"": 4.931151866912842, ""z"": 0.0, ""velocity"": 0.0, ""snr"": 0.0}, {""x"": 1.1168718338012695, ""y"": 1.788496971130371, ""z"": 0.0, ""velocity"": 0.0, ""snr"": 0.0}, {""x"": 1.1367201805114746, ""y"": 1.788496971130371, ""z"": 0.0, ""velocity"": 0.0, ""snr"": 0.0}]","[145339.0, 215014.0, 147953.0, 45221.0, 9182.0, 3445.0, 8784.0, 13131.0, 6585.0, 7062.0, 19526.0, 28286.0, 24544.0, 14776.0, 6307.0, 6655.0, 45124.0, 100681.0, 84137.0, 38800.0, 52683.0, 44548.0, 16403.0, 4802.0, 5028.0, 4878.0, 6080.0, 7158.0, 7116.0, 6559.0, 8370.0, 10116.0, 12408.0, 44451.0, 106490.0, 91599.0, 20861.0, 14660.0, 12049.0, 11620.0, 20792.0, 31612.0, 27139.0, 13675.0, 11067.0, 30198.0, 49022.0, 34242.0, 14086.0, 8711.0, 13175.0, 13788.0, 9981.0, 7356.0, 7991.0, 6245.0, 5224.0, 4880.0, 6997.0, 7105.0, 5764.0, 5753.0, 5822.0, 6502.0, 7187.0, 7591.0, 5432.0, 4184.0, 4758.0, 4114.0, 3334.0, 3430.0, 3148.0, 4233.0, 3924.0, 3992.0, 4060.0, 3061.0, 5353.0, 5638.0, 4203.0, 3895.0, 3711.0, 3580.0, 3336.0, 4102.0, 6801.0, 7465.0, 4506.0, 3939.0, 3739.0, 3016.0, 4100.0, 4410.0, 3740.0, 3413.0, 3352.0, 2487.0, 3013.0, 2526.0, 2779.0, 3083.0, 2846.0, 3666.0, 5679.0, 6136.0, 6087.0, 6708.0, 8963.0, 10989.0, 6168.0, 4539.0, 5221.0, 3283.0, 2964.0, 3634.0, 3531.0, 2551.0, 2137.0, 2064.0, 1930.0, 1999.0, 1975.0, 1784.0, 1611.0, 1740.0, 1725.0, 1491.0]",96368206.23803411
5,0.8,12,"[{""x"": -1.1188387870788574, ""y"": 1.5399456024169922, ""z"": 0.0, ""velocity"": 0.0, ""snr"": 0.0}, {""x"": -1.0389089584350586, ""y"": 1.5726685523986816, ""z"": 0.0, ""velocity"": 0.0, ""snr"": 0.0}, {""x"": -0.17774105072021484, ""y"": 0.7624626159667969, ""z"": 0.0, ""velocity"": 0.0, ""snr"": 0.0}, {""x"": -0.17076730728149414, ""y"": 0.7744431495666504, ""z"": 0.0, ""velocity"": 0.0, ""snr"": 0.0}, {""x"": -0.14144182205200195, ""y"": 0.7917881011962891, ""z"": 0.0, ""velocity"": 0.0, ""snr"": 0.0}, {""x"": -0.15985965728759766, ""y"": 1.5526413917541504, ""z"": 0.0, ""velocity"": 0.0, ""snr"": 0.0}, {""x"": -0.19562244415283203, ""y"": 1.559436321258545, ""z"": 0.0, ""velocity"": 0.0, ""snr"": 0.0}, {""x"": -0.21117925643920898, ""y"": 1.558542251586914, ""z"": 0.0, ""velocity"": 0.0, ""snr"": 0.0}, {""x"": -0.2751946449279785, ""y"": 1.5705227851867676, ""z"": 0.0, ""velocity"": 0.0, ""snr"": 0.0}, {""x"": 0.7932186126708984, ""y"": 4.926145076751709, ""z"": 0.0, ""velocity"": 0.0, ""snr"": 0.0}, {""x"": 1.1419057846069336, ""y"": 1.7724037170410156, ""z"": 0.0, ""velocity"": 0.0, ""snr"": 0.0}, {""x"": 1.1556744575500488, ""y"": 1.77687406539917, ""z"": 0.0, ""velocity"": 0.0, ""snr"": 0.0}]","[145164.0, 215102.0, 148099.0, 45317.0, 9310.0, 4367.0, 13095.0, 23917.0, 18269.0, 14536.0, 20190.0, 23824.0, 18408.0, 10744.0, 4614.0, 5690.0, 41388.0, 95224.0, 83136.0, 43202.0, 52887.0, 43422.0, 14826.0, 5519.0, 6334.0, 6383.0, 6991.0, 6727.0, 6134.0, 7783.0, 8490.0, 10822.0, 12800.0, 44259.0, 102247.0, 89159.0, 23522.0, 13328.0, 12054.0, 10064.0, 19191.0, 31460.0, 27665.0, 13806.0, 11103.0, 29961.0, 47715.0, 33720.0, 12557.0, 8561.0, 14375.0, 14461.0, 9849.0, 8393.0, 7693.0, 6623.0, 4799.0, 4675.0, 6859.0, 7145.0, 6093.0, 7525.0, 6001.0, 6134.0, 8197.0, 9205.0, 5363.0, 4024.0, 4098.0, 3513.0, 3929.0, 3652.0, 3863.0, 4431.0, 4001.0, 3568.0, 3963.0, 3472.0, 3097.0, 3658.0, 3422.0, 2942.0, 2788.0, 3022.0, 3984.0, 3882.0, 5822.0, 7185.0, 5132.0, 5653.0, 5096.0, 2951.0, 4540.0, 4780.0, 3240.0, 3215.0, 3459.0, 3166.0, 3563.0, 3020.0, 2565.0, 2869.0, 2681.0, 3284.0, 5409.0, 5960.0, 6270.0, 6683.0, 9142.0, 10850.0, 6036.0, 4365.0, 5299.0, 2922.0, 3191.0, 3529.0, 3044.0, 2611.0, 1993.0, 2396.0, 2210.0, 1914.0, 1793.0, 1652.0, 1637.0, 1709.0, 1465.0, 1523.0]",94440735.37826008
6,0.8,10,"[{""x"": -0.15556812286376953, ""y"": 0.7651448249816895, ""z"": 0.0, ""velocity"": 0.0, ""snr"": 0.0}, {""x"": -0.1595020294189453, ""y"": 0.7758736610412598, ""z"": 0.0, ""velocity"": 0.0, ""snr"": 0.0}, {""x"": -0.13947486877441406, ""y"": 0.7903575897216797, ""z"": 0.0, ""velocity"": 0.0, ""snr"": 0.0}, {""x"": -0.13250112533569336, ""y"": 1.554250717163086, ""z"": 0.0, ""velocity"": 0.0, ""snr"": 0.0}, {""x"": -0.1907944679260254, ""y"": 1.5587210655212402, ""z"": 0.0, ""velocity"": 0.0, ""snr"": 0.0}, {""x"": -0.20813941955566406, ""y"": 1.5578269958496094, ""z"": 0.0, ""velocity"": 0.0, ""snr"": 0.0}, {""x"": -0.171661376953125, ""y"": 1.589655876159668, ""z"": 0.0, ""velocity"": 0.0, ""snr"": 0.0}, {""x"": 0.6176233291625977, ""y"": 4.951179027557373, ""z"": 0.0, ""velocity"": 0.0, ""snr"": 0.0}, {""x"": 1.1615753173828125, ""y"": 1.7600655555725098, ""z"": 0.0, ""velocity"": 0.0, ""snr"": 0.0}, {""x"": 1.1719465255737305, ""y"": 1.7681121826171875, ""z"": 0.0, ""velocity"": 0.0, ""snr"": 0.0}]","[145185.0, 214928.0, 147877.0, 45596.0, 9168.0, 2990.0, 4812.0, 7315.0, 4260.0, 8569.0, 9830.0, 12853.0, 12108.0, 8933.0, 4859.0, 8853.0, 54366.0, 118921.0, 103376.0, 46345.0, 1884110336.0, 2393372.0, 872415232.0, 77389.0, 131072.0, 37180672.0, 55045888.0, 37859328.0, 11633408.0, 2375936.0, 866816.0, 3118080.0, 7518208.0, 7654912.0, 4112896.0, 2353664.0, 3577088.0, 3318784.0, 1753088.0, 1306624.0, 1135104.0, 5459968.0, 16065536.0, 19383040.0, 12661760.0, 9195264.0, 6855680.0, 2680576.0, 2263552.0, 1956096.0, 1373184.0, 1409792.0, 1536256.0, 1711360.0, 2842880.0, 2456832.0, 2125312.0, 3117824.0, 3577088.0, 8376832.0, 7473920.0, 3357440.0, 3114496.0, 2052608.0, 2238208.0, 3878656.0, 7001600.0, 6648832.0, 3347200.0, 2357760.0, 7280128.0, 11473152.0, 7896064.0, 2714624.0, 2101248.0, 2731776.0, 3157248.0, 2816768.0, 2113792.0, 1886464.0, 1750784.0, 1415936.0, 1474816.0, 1545472.0, 1995776.0, 1882368.0, 1732864.0, 1655040.0, 1682176.0, 2003968.0, 2257152.0, 1420544.0, 915456.0, 1344512.0, 1539840.0, 962816.0, 831232.0, 1048064.0, 1252096.0, 1155328.0, 1069056.0, 851456.0, 1024256.0, 1007872.0, 908288.0, 753408.0, 808704.0, 936192.0, 835072.0, 859648.0, 1105408.0, 2061312.0, 2286080.0, 1326080.0, 764160.0, 961536.0, 996864.0, 934144.0, 902656.0, 1162240.0, 1001984.0, 860416.0, 729344.0, 752128.0, 849920.0, 837888.0, 668160.0, 598784.0]",108477693.76594707
7,0.8,13,"[{""x"": -1.1497735977172852, ""y"": 1.5004277229309082, ""z"": 0.0, ""velocity"": 0.0, ""snr"": 0.0}, {""x"": -1.1844635009765625, ""y"": 1.4920234680175781, ""z"": 0.0, ""velocity"": 0.0, ""snr"": 0.0}, {""x"": -0.3590583801269531, ""y"": 0.8230805397033691, ""z"": 0.0, ""velocity"": 0.0, ""snr"": 0.0}, {""x"": -0.38105249404907227, ""y"": 0.8525848388671875, ""z"": 0.0, ""velocity"": 0.0, ""snr"": 0.0}, {""x"": -0.1609325408935547, ""y"": 0.7944703102111816, ""z"": 0.0, ""velocity"": 0.0, ""snr"": 0.0}, {""x"": -0.1696944236755371, ""y"": 0.8039474487304688, ""z"": 0.0, ""velocity"": 0.0, ""snr"": 0.0}, {""x"": -0.23299455642700195, ""y"": 0.8141398429870605, ""z"": 0.0, ""velocity"": 0.0, ""snr"": 0.0}, {""x"": -0.1920461654663086, ""y"": 1.5610456466674805, ""z"": 0.0, ""velocity"": 0.0, ""snr"": 0.0}, {""x"": -0.2353191375732422, ""y"": 1.5653371810913086, ""z"": 0.0, ""velocity"": 0.0, ""snr"": 0.0}, {""x"": 0.6852149963378906, ""y"": 4.942417144775391, ""z"": 0.0, ""velocity"": 0.0, ""snr"": 0.0}, {""x"": 1.0807514190673828, ""y"": 4.844963550567627, ""z"": 0.0, ""velocity"": 0.0, ""snr"": 0.0}, {""x"": 1.240074634552002, ""y"": 1.7060637474060059, ""z"": 0.0, ""velocity"": 0.0, ""snr"": 0.0}, {""x"": 1.282811164855957, ""y"": 1.6865730285644531, ""z"": 0.0, ""velocity"": 0.0, ""snr"": 0.0}]","[145392.0, 215299.0, 148382.0, 45270.0, 9138.0, 3537.0, 11791.0, 29160.0, 30499.0, 17148.0, 20875.0, 16876.0, 13897.0, 10462.0, 6912.0, 5342.0, 15734.0, 55127.0, 73004.0, 49834.0, 32813.0, 24905.0, 9769.0, 8049.0, 7131.0, 6000.0, 5863.0, 6382.0, 7247.0, 11690.0, 9455.0, 8139.0, 12371.0, 13666.0, 32791.0, 29223.0, 14411.0, 14900.0, 11116.0, 8131.0, 16301.0, 29593.0, 28028.0, 13821.0, 8076.0, 28060.0, 45320.0, 32062.0, 10354.0, 7815.0, 11048.0, 12088.0, 9727.0, 7770.0, 6988.0, 5821.0, 5738.0, 5802.0, 6978.0, 7613.0, 6247.0, 5313.0, 4930.0, 6368.0, 7800.0, 8410.0, 5375.0, 3886.0, 4127.0, 5477.0, 4477.0, 3878.0, 3615.0, 3905.0, 4549.0, 4379.0, 3483.0, 4250.0, 4001.0, 3383.0, 3411.0, 3250.0, 3626.0, 2897.0, 3418.0, 5497.0, 6727.0, 8231.0, 5056.0, 2956.0, 3023.0, 3596.0, 4331.0, 4849.0, 4152.0, 3650.0, 3071.0, 2565.0, 2329.0, 3087.0, 3434.0, 2791.0, 2751.0, 3395.0, 3435.0, 3521.0, 5229.0, 6837.0, 8797.0, 10813.0, 6827.0, 5448.0, 5109.0, 2888.0, 2805.0, 2999.0, 2597.0, 2092.0, 1963.0, 2027.0, 2001.0, 1883.0, 1773.0, 1628.0, 1506.0, 1700.0, 1662.0, 1599.0]",91201131.64368142
8,0.8,10,"[{""x"": -1.1086463928222656, ""y"": 1.5299320220947266, ""z"": 0.0, ""velocity"": 0.0, ""snr"": 0.0}, {""x"": -1.1554956436157227, ""y"": 1.5150904655456543, ""z"": 0.0, ""velocity"": 0.0, ""snr"": 0.0}, {""x"": -0.17827749252319336, ""y"": 0.7901787757873535, ""z"": 0.0, ""velocity"": 0.0, ""snr"": 0.0}, {""x"": -0.1952648162841797, ""y"": 0.7971525192260742, ""z"": 0.0, ""velocity"": 0.0, ""snr"": 0.0}, {""x"": -0.2607107162475586, ""y"": 0.8048415184020996, ""z"": 0.0, ""velocity"": 0.0, ""snr"": 0.0}, {""x"": -0.2110004425048828, ""y"": 1.5608668327331543, ""z"": 0.0, ""velocity"": 0.0, ""snr"": 0.0}, {""x"": -0.2117156982421875, ""y"": 1.5744566917419434, ""z"": 0.0, ""velocity"": 0.0, ""snr"": 0.0}, {""x"": 0.7191896438598633, ""y"": 4.937589168548584, ""z"": 0.0, ""velocity"": 0.0, ""snr"": 0.0}, {""x"": 1.2393593788146973, ""y"": 1.7078518867492676, ""z"": 0.0, ""velocity"": 0.0, ""snr"": 0.0}, {""x"": 1.2649297714233398, ""y"": 1.7017722129821777, ""z"": 0.0, ""velocity"": 0.0, ""snr"": 0.0}]","[145346.0, 215309.0, 148316.0, 45385.0, 9417.0, 3588.0, 11510.0, 28796.0, 28790.0, 19944.0, 22424.0, 16488.0, 16084.0, 10745.0, 5802.0, 4167.0, 14823.0, 49066.0, 65498.0, 42571.0, 29891.0, 26860.0, 13961.0, 7849.0, 8060.0, 5681.0, 6109.0, 6422.0, 7341.0, 11310.0, 9763.0, 9175.0, 12388.0, 12925.0, 31773.0, 30447.0, 18113.0, 13659.0, 8962.0, 9060.0, 17475.0, 30625.0, 28859.0, 14728.0, 8974.0, 28555.0, 47027.0, 33688.0, 11837.0, 9101.0, 12379.0, 13661.0, 10565.0, 7363.0, 6593.0, 6208.0, 6209.0, 6312.0, 7896.0, 7922.0, 6562.0, 6144.0, 6390.0, 6836.0, 8442.0, 8583.0, 4737.0, 3911.0, 4105.0, 5278.0, 4585.0, 3512.0, 3242.0, 3920.0, 5375.0, 4431.0, 3459.0, 4044.0, 4206.0, 3948.0, 4002.0, 3386.0, 3710.0, 3359.0, 3375.0, 4285.0, 7904.0, 9188.0, 5619.0, 4026.0, 4277.0, 3396.0, 4307.0, 4271.0, 3074.0, 3331.0, 2979.0, 2681.0, 2756.0, 3067.0, 2855.0, 2988.0, 2985.0, 3668.0, 3820.0, 3783.0, 5154.0, 6726.0, 8471.0, 10538.0, 6519.0, 5192.0, 5087.0, 3112.0, 2518.0, 2945.0, 2678.0, 2395.0, 2089.0, 2064.0, 2009.0, 2011.0, 1917.0, 1744.0, 1626.0, 1711.0, 1557.0, 1735.0]",89377046.02247643
9,0.8,10,"[{""x"": -1.1313557624816895, ""y"": 1.5340447425842285, ""z"": 0.0, ""velocity"": 0.0, ""snr"": 0.0}, {""x"": -1.0458827018737793, ""y"": 1.5705227851867676, ""z"": 0.0, ""velocity"": 0.0, ""snr"": 0.0}, {""x"": -0.21082162857055664, ""y"": 0.7803440093994141, ""z"": 0.0, ""velocity"": 0.0, ""snr"": 0.0}, {""x"": -0.19294023513793945, ""y"": 0.7991194725036621, ""z"": 0.0, ""velocity"": 0.0, ""snr"": 0.0}, {""x"": -0.2034902572631836, ""y"": 0.8275508880615234, ""z"": 0.0, ""velocity"": 0.0, ""snr"": 0.0}, {""x"": -0.217437744140625, ""y"": 1.559615135192871, ""z"": 0.0, ""velocity"": 0.0, ""snr"": 0.0}, {""x"": -0.22137165069580078, ""y"": 1.5753507614135742, ""z"": 0.0, ""velocity"": 0.0, ""snr"": 0.0}, {""x"": 0.6859302520751953, ""y"": 4.9422383308410645, ""z"": 0.0, ""velocity"": 0.0, ""snr"": 0.0}, {""x"": 1.217186450958252, ""y"": 1.723945140838623, ""z"": 0.0, ""velocity"": 0.0, ""snr"": 0.0}, {""x"": 1.2356042861938477, ""y"": 1.7251968383789062, ""z"": 0.0, ""velocity"": 0.0, ""snr"": 0.0}]","[145313.0, 215335.0, 148097.0, 45654.0, 9219.0, 3201.0, 11598.0, 29648.0, 29952.0, 14301.0, 16692.0, 19434.0, 13325.0, 10103.0, 7204.0, 4816.0, 14896.0, 43884.0, 59516.0, 40608.0, 33200.0, 29455.0, 14295.0, 7821.0, 7901.0, 5937.0, 5936.0, 6201.0, 6683.0, 11272.0, 10827.0, 8647.0, 12401.0, 14504.0, 33711.0, 33130.0, 21306.0, 14151.0, 10901.0, 10160.0, 17793.0, 29713.0, 28039.0, 14579.0, 9952.0, 29245.0, 47224.0, 34681.0, 13599.0, 9178.0, 12953.0, 15092.0, 11475.0, 7846.0, 6271.0, 6619.0, 6484.0, 6372.0, 8649.0, 9553.0, 7306.0, 7004.0, 6999.0, 6137.0, 7883.0, 8490.0, 4918.0, 4656.0, 4387.0, 4357.0, 4538.0, 3850.0, 4352.0, 4403.0, 4297.0, 3547.0, 3255.0, 3652.0, 3694.0, 3964.0, 3374.0, 2706.0, 3165.0, 3324.0, 4029.0, 4683.0, 6920.0, 8244.0, 4372.0, 3399.0, 3682.0, 2961.0, 3879.0, 4338.0, 3504.0, 3546.0, 2849.0, 2656.0, 2918.0, 3224.0, 3199.0, 2794.0, 2718.0, 3399.0, 3628.0, 3710.0, 5305.0, 6641.0, 7901.0, 10345.0, 6850.0, 5899.0, 5409.0, 3146.0, 2975.0, 3103.0, 2717.0, 2283.0, 2125.0, 2181.0, 2250.0, 2073.0, 2233.0, 1801.0, 1857.0, 1716.0, 1663.0, 1584.0]",87589447.63583244
10,0.8,10,"[{""x"": -1.0192394256591797, ""y"": 1.5857219696044922, ""z"": 0.0, ""velocity"": 0.0, ""snr"": 0.0}, {""x"": -0.2498030662536621, ""y"": 0.7688999176025391, ""z"": 0.0, ""velocity"": 0.0, ""snr"": 0.0}, {""x"": -0.19240379333496094, ""y"": 0.8041262626647949, ""z"": 0.0, ""velocity"": 0.0, ""snr"": 0.0}, {""x"": -0.23353099822998047, ""y"": 0.8230805397033691, ""z"": 0.0, ""velocity"": 0.0, ""snr"": 0.0}, {""x"": -0.21028518676757812, ""y"": 1.560509204864502, ""z"": 0.0, ""velocity"": 0.0, ""snr"": 0.0}, {""x"": -0.2104640007019043, ""y"": 1.5766024589538574, ""z"": 0.0, ""velocity"": 0.0, ""snr"": 0.0}, {""x"": 0.7547736167907715, ""y"": 4.932224750518799, ""z"": 0.0, ""velocity"": 0.0, ""snr"": 0.0}, {""x"": 1.107931137084961, ""y"": 1.780092716217041, ""z"": 0.0, ""velocity"": 0.0, ""snr"": 0.0}, {""x"": 1.2180805206298828, ""y"": 1.7237663269042969, ""z"": 0.0, ""velocity"": 0.0, ""snr"": 0.0}, {""x"": 1.2472271919250488, ""y"": 1.7175078392028809, ""z"": 0.0, ""velocity"": 0.0, ""snr"": 0.0}]","[145084.0, 214934.0, 147864.0, 45292.0, 9236.0, 3273.0, 11827.0, 30220.0, 32228.0, 19614.0, 25608.0, 38052.0, 28103.0, 8510.0, 4944.0, 4745.0, 13628.0, 38169.0, 53267.0, 42870.0, 33876.0, 27229.0, 12372.0, 7132.0, 8295.0, 4989.0, 5445.0, 6424.0, 7763.0, 11244.0, 11288.0, 9463.0, 12796.0, 12948.0, 29997.0, 29300.0, 18660.0, 14512.0, 9073.0, 11851.0, 19825.0, 30946.0, 28107.0, 13808.0, 9852.0, 29602.0, 47866.0, 35330.0, 13607.0, 8642.0, 10694.0, 12738.0, 10107.0, 7382.0, 6608.0, 5967.0, 5245.0, 6523.0, 8340.0, 8005.0, 5792.0, 5546.0, 5921.0, 6927.0, 8109.0, 8165.0, 4854.0, 4809.0, 3908.0, 4002.0, 3737.0, 3700.0, 4495.0, 5020.0, 5273.0, 4489.0, 3505.0, 3639.0, 3686.0, 3421.0, 2952.0, 3093.0, 3467.0, 3485.0, 4315.0, 4345.0, 7554.0, 9274.0, 5345.0, 2908.0, 2822.0, 2943.0, 4535.0, 4911.0, 3056.0, 3155.0, 2882.0, 2731.0, 3361.0, 3456.0, 3351.0, 2644.0, 2517.0, 2973.0, 3484.0, 3386.0, 4572.0, 6725.0, 8530.0, 10362.0, 6113.0, 5154.0, 5219.0, 2947.0, 3100.0, 3143.0, 2988.0, 2275.0, 2203.0, 1990.0, 2005.0, 2193.0, 1859.0, 1734.0, 1641.0, 1699.0, 1649.0, 1652.0]",85837980.70412445
11,0.8,9,"[{""x"": -1.0952353477478027, ""y"": 1.5590786933898926, ""z"": 0.0, ""velocity"": 0.0, ""snr"": 0.0}, {""x"": -1.009047031402588, ""y"": 1.5932321548461914, ""z"": 0.0, ""velocity"": 0.0, ""snr"": 0.0}, {""x"": -0.21761655807495117, ""y"": 0.7807016372680664, ""z"": 0.0, ""velocity"": 0.0, ""snr"": 0.0}, {""x"": -0.12981891632080078, ""y"": 0.8170008659362793, ""z"": 0.0, ""velocity"": 0.0, ""snr"": 0.0}, {""x"": -0.24890899658203125, ""y"": 1.5528202056884766, ""z"": 0.0, ""velocity"": 0.0, ""snr"": 0.0}, {""x"": -0.23746490478515625, ""y"": 1.5690922737121582, ""z"": 0.0, ""velocity"": 0.0, ""snr"": 0.0}, {""x"": 0.6769895553588867, ""y"": 4.943490028381348, ""z"": 0.0, ""velocity"": 0.0, ""snr"": 0.0}, {""x"": 1.219332218170166, ""y"": 1.7212629318237305, ""z"": 0.0, ""velocity"": 0.0, ""snr"": 0.0}, {""x"": 1.277625560760498, ""y"": 1.6940832138061523, ""z"": 0.0, ""velocity"": 0.0, ""snr"": 0.0}]","[145611.0, 215812.0, 148482.0, 45418.0, 9185.0, 3109.0, 8441.0, 23227.0, 24267.0, 14901.0, 23536.0, 37217.0, 32164.0, 13093.0, 5086.0, 5155.0, 13133.0, 37512.0, 55062.0, 41936.0, 38305.0, 29206.0, 332476345.0, 308346880.0, 310509568.0, 454557696.0, 759037952.0, 656539648.0, 613875712.0, 828768256.0, 1055195136.0, 2360475648.0, 2194538496.0, 1261633536.0, 957939712.0, 756088832.0, 857800704.0, 1275068416.0, 2005794816.0, 1831075840.0, 982908928.0, 712179712.0, 2062352384.0, 3222732800.0, 2319777792.0, 852951040.0, 611450880.0, 826015744.0, 1041891328.0, 748683264.0, 509673472.0, 422838272.0, 328990720.0, 346816512.0, 444923904.0, 500105216.0, 533397504.0, 444923904.0, 442761216.0, 459341824.0, 443416576.0, 537526272.0, 573374464.0, 329449472.0, 233832448.0, 280166400.0, 274857984.0, 262930432.0, 231276544.0, 236584960.0, 266731520.0, 344129536.0, 321191936.0, 206241792.0, 265748480.0, 262275072.0, 269090816.0, 264306688.0, 212729856.0, 227606528.0, 249888768.0, 265420800.0, 284426240.0, 497614848.0, 569966592.0, 307625984.0, 208666624.0, 233963520.0, 201654272.0, 314245120.0, 341508096.0, 243335168.0, 217907200.0, 195624960.0, 189726720.0, 200212480.0, 235601920.0, 209190912.0, 201392128.0, 173408256.0, 216006656.0, 242483200.0, 266272768.0, 385286144.0, 469827584.0, 546832384.0, 719060992.0, 466092032.0, 341770240.0, 356777984.0, 185008128.0, 200015872.0, 199753728.0, 167510016.0, 171900928.0, 146145280.0, 134348800.0, 136642560.0, 125173760.0, 139722752.0, 113246208.0, 119078912.0, 110559232.0, 115146752.0, 102498304.0, 0.0, 0.0, 0.0]",349231819.3336718
12,0.8,9,"[{""x"": -0.4114508628845215, ""y"": 0.7998347282409668, ""z"": 0.0, ""velocity"": 0.0, ""snr"": 0.0}, {""x"": -0.3000497817993164, ""y"": 0.7930397987365723, ""z"": 0.0, ""velocity"": 0.0, ""snr"": 0.0}, {""x"": -0.20992755889892578, ""y"": 0.7769465446472168, ""z"": 0.0, ""velocity"": 0.0, ""snr"": 0.0}, {""x"": -0.2295970916748047, ""y"": 0.7837414741516113, ""z"": 0.0, ""velocity"": 0.0, ""snr"": 0.0}, {""x"": -0.22977590560913086, ""y"": 1.5571117401123047, ""z"": 0.0, ""velocity"": 0.0, ""snr"": 0.0}, {""x"": -0.21779537200927734, ""y"": 1.56480073928833, ""z"": 0.0, ""velocity"": 0.0, ""snr"": 0.0}, {""x"": 1.0791420936584473, ""y"": 1.7961859703063965, ""z"": 0.0, ""velocity"": 0.0, ""snr"": 0.0}, {""x"": 1.1449456214904785, ""y"": 1.771867275238037, ""z"": 0.0, ""velocity"": 0.0, ""snr"": 0.0}, {""x"": 1.1036396026611328, ""y"": 1.816391944885254, ""z"": 0.0, ""velocity"": 0.0, ""snr"": 0.0}]","[145391.0, 215142.0, 148161.0, 45472.0, 9425.0, 8000.0, 12516.0, 24742.0, 30821.0, 18294.0, 28543.0, 41327.0, 30957.0, 11120.0, 3927.0, 4639.0, 18494.0, 54187.0, 64050.0, 41480.0, 27318.0, 20884.0, 2332041751.0, 1610612842.0, 3305111605.0, 167772201.0, 2046820478.0, 3036676294.0, 1040187540.0, 3506438208.0, 2483028011.0, 1744830509.0, 2516582451.0, 43.0, 3959423010.0, 838860823.0, 134217749.0, 4261412887.0, 939524118.0, 2684354594.0, 3590324260.0, 2399141916.0, 2147483675.0, 100663323.0, 3003121688.0, 4110417950.0, 1895825443.0, 973078548.0, 1845493776.0, 956301328.0, 1073741840.0, 2516582414.0, 2483027982.0, 3422552081.0, 2264924179.0, 1342177297.0, 3170893840.0, 1442840588.0, 50331659.0, 4278190093.0, 3724541965.0, 2684354572.0, 3556769803.0, 2113929227.0, 1879048203.0, 1526726671.0, 2113929233.0, 3003121690.0, 3254779936.0, 3992977425.0, 1342177293.0, 620757004.0, 2902458379.0, 1996488718.0, 721420302.0, 2281701390.0, 3154116621.0, 1996488715.0, 3808428041.0, 452984841.0, 2231369739.0, 2986344458.0, 3103784970.0, 3942645769.0, 234881035.0, 2231369744.0, 3170893842.0, 3154116630.0, 1778384920.0, 1174405138.0, 4160749582.0, 570425356.0, 872415254.0, 83886102.0, 1023410188.0, 10.0, 2097152009.0, 2097152009.0, 251658249.0, 3187671048.0, 2634022919.0, 3841982471.0, 3456106503.0, 2969567238.0, 3640655878.0, 3523215366.0, 2449473542.0, 838860806.0, 6.0, 0.0, 0.0, 0.0, 0.0, 0.0, 0.0, 67174912.0, 134546947.0, 84082695.0, 180229.0, 174338560.0, 195072.0, 0.0, 2560.0, 512.0, 4294967040.0, 77311.0, 30720.0, 998244352.0]",1460417369.3419247
13,0.8,9,"[{""x"": -0.3923177719116211, ""y"": 0.8463263511657715, ""z"": 0.0, ""velocity"": 0.0, ""snr"": 0.0}, {""x"": -0.19419193267822266, ""y"": 0.7674694061279297, ""z"": 0.0, ""velocity"": 0.0, ""snr"": 0.0}, {""x"": -0.269472599029541, ""y"": 1.5458464622497559, ""z"": 0.0, ""velocity"": 0.0, ""snr"": 0.0}, {""x"": -0.26428699493408203, ""y"": 1.5478134155273438, ""z"": 0.0, ""velocity"": 0.0, ""snr"": 0.0}, {""x"": -0.02664327621459961, ""y"": 0.8286237716674805, ""z"": 0.0, ""velocity"": 0.0, ""snr"": 0.0}, {""x"": 0.06079673767089844, ""y"": 0.8499026298522949, ""z"": 0.0, ""velocity"": 0.0, ""snr"": 0.0}, {""x"": 1.071631908416748, ""y"": 1.7992258071899414, ""z"": 0.0, ""velocity"": 0.0, ""snr"": 0.0}, {""x"": 1.1946558952331543, ""y"": 1.757204532623291, ""z"": 0.0, ""velocity"": 0.0, ""snr"": 0.0}, {""x"": 1.1919736862182617, ""y"": 1.738429069519043, ""z"": 0.0, ""velocity"": 0.0, ""snr"": 0.0}]","[145508.0, 215086.0, 148194.0, 45451.0, 11025.0, 29321.0, 45601.0, 37072.0, 26287.0, 15950.0, 20027.0, 27728.0, 21142.0, 8090.0, 4562.0, 6592.0, 27839.0, 50703.0, 58302.0, 51294.0, 37502.0, 25754.0, 10849.0, 5127.0, 6652.0, 4610.0, 5412.0, 7177.0, 7712.0, 11374.0, 10242.0, 11095.0, 13858.0, 15206.0, 32420.0, 27186.0, 10911.0, 11668.0, 11318.0, 11585.0, 17685.0, 28573.0, 26997.0, 14926.0, 10568.0, 30021.0, 45939.0, 31161.0, 16219.0, 11983.0, 11372.0, 13197.0, 9870.0, 7714.0, 6942.0, 5362.0, 4641.0, 5356.0, 7532.0, 9757.0, 7978.0, 6448.0, 6274.0, 6771.0, 7570.0, 8045.0, 4727.0, 4266.0, 4624.0, 5231.0, 3687.0, 3738.0, 4604.0, 5526.0, 5689.0, 4030.0, 3415.0, 2802.0, 2952.0, 3741.0, 3715.0, 3727.0, 3333.0, 2665.0, 3481.0, 4725.0, 7134.0, 9113.0, 4997.0, 3521.0, 3615.0, 2847.0, 2848.0, 3615.0, 3934.0, 3134.0, 3123.0, 2415.0, 2680.0, 2830.0, 3379.0, 3064.0, 2577.0, 3580.0, 4888.0, 4666.0, 5328.0, 6531.0, 8442.0, 10211.0, 7037.0, 5314.0, 4937.0, 3164.0, 3219.0, 3500.0, 3267.0, 2954.0, 2266.0, 2352.0, 1998.0, 1836.0, 1771.0, 1799.0, 1595.0, 1800.0, 1817.0, 1693.0]",119442105.15714759
14,0.8,8,"[{""x"": -0.1621842384338379, ""y"": 0.8093118667602539, ""z"": 0.0, ""velocity"": 0.0, ""snr"": 0.0}, {""x"": -0.26732683181762695, ""y"": 0.8161067962646484, ""z"": 0.0, ""velocity"": 0.0, ""snr"": 0.0}, {""x"": -0.14340877532958984, ""y"": 0.7966160774230957, ""z"": 0.0, ""velocity"": 0.0, ""snr"": 0.0}, {""x"": -0.20062923431396484, ""y"": 1.5590786933898926, ""z"": 0.0, ""velocity"": 0.0, ""snr"": 0.0}, {""x"": -0.1875758171081543, ""y"": 1.5640854835510254, ""z"": 0.0, ""velocity"": 0.0, ""snr"": 0.0}, {""x"": 0.6185173988342285, ""y"": 4.951179027557373, ""z"": 0.0, ""velocity"": 0.0, ""snr"": 0.0}, {""x"": 1.195371150970459, ""y"": 1.7346739768981934, ""z"": 0.0, ""velocity"": 0.0, ""snr"": 0.0}, {""x"": 1.2075304985046387, ""y"": 1.744687557220459, ""z"": 0.0, ""velocity"": 0.0, ""snr"": 0.0}]","[145087.0, 215068.0, 148079.0, 45228.0, 9368.0, 3489.0, 13477.0, 28045.0, 22880.0, 10780.0, 18729.0, 25565.0, 19338.0, 9312.0, 5440.0, 6522.0, 17304.0, 51511.0, 70041.0, 54266.0, 48714.0, 37144.0, 16714.0, 7411.0, 6021.0, 4450.0, 4247.0, 5691.0, 8501.0, 11689.0, 10089.0, 11482.0, 13875.0, 32020.0, 73645.0, 65184.0, 21366.0, 11118.0, 11890.0, 8520.0, 16260.0, 26879.0, 24505.0, 12501.0, 11785.0, 31868.0, 46751.0, 31083.0, 14806.0, 11860.0, 13730.0, 15075.0, 10869.0, 8621.0, 6346.0, 5643.0, 4431.0, 5182.0, 7541.0, 9235.0, 7495.0, 7101.0, 6454.0, 7184.0, 8091.0, 8053.0, 4916.0, 3930.0, 5054.0, 5759.0, 4462.0, 3635.0, 4554.0, 5074.0, 4737.0, 4521.0, 3401.0, 3033.0, 3021.0, 3318.0, 2821.0, 3445.0, 3503.0, 2692.0, 3776.0, 5031.0, 7675.0, 8873.0, 4853.0, 3309.0, 3417.0, 3041.0, 3578.0, 4494.0, 3880.0, 3334.0, 3395.0, 2848.0, 3110.0, 3308.0, 3418.0, 3052.0, 2673.0, 3391.0, 4909.0, 5460.0, 5976.0, 6935.0, 8841.0, 11839.0, 8189.0, 4937.0, 5122.0, 3003.0, 3172.0, 3406.0, 2977.0, 2610.0, 2319.0, 2228.0, 2161.0, 1754.0, 1885.0, 1794.0, 1707.0, 1766.0, 1676.0, 1716.0]",117051930.10001998
0,0.8,13,"[{""x"": -0.3045201301574707, ""y"": 0.8026957511901855, ""z"": 0.0, ""velocity"": 0.0, ""snr"": 0.0}, {""x"": -0.38248300552368164, ""y"": 0.8216500282287598, ""z"": 0.0, ""velocity"": 0.0, ""snr"": 0.0}, {""x"": -0.36138296127319336, ""y"": 0.8613467216491699, ""z"": 0.0, ""velocity"": 0.0, ""snr"": 0.0}, {""x"": -0.16003847122192383, ""y"": 0.7903575897216797, ""z"": 0.0, ""velocity"": 0.0, ""snr"": 0.0}, {""x"": -0.18489360809326172, ""y"": 0.7953643798828125, ""z"": 0.0, ""velocity"": 0.0, ""snr"": 0.0}, {""x"": -0.15056133270263672, ""y"": 1.5535354614257812, ""z"": 0.0, ""velocity"": 0.0, ""snr"": 0.0}, {""x"": -0.18900632858276367, ""y"": 1.5610456466674805, ""z"": 0.0, ""velocity"": 0.0, ""snr"": 0.0}, {""x"": -0.1863241195678711, ""y"": 1.5649795532226562, ""z"": 0.0, ""velocity"": 0.0, ""snr"": 0.0}, {""x"": -0.03737211227416992, ""y"": 1.5984177589416504, ""z"": 0.0, ""velocity"": 0.0, ""snr"": 0.0}, {""x"": 0.5947351455688477, ""y"": 4.954040050506592, ""z"": 0.0, ""velocity"": 0.0, ""snr"": 0.0}, {""x"": 1.1243820190429688, ""y"": 1.7681121826171875, ""z"": 0.0, ""velocity"": 0.0, ""snr"": 0.0}, {""x"": 1.2268424034118652, ""y"": 1.7148256301879883, ""z"": 0.0, ""velocity"": 0.0, ""snr"": 0.0}, {""x"": 1.2500882148742676, ""y"": 1.7148256301879883, ""z"": 0.0, ""velocity"": 0.0, ""snr"": 0.0}]","[144988.0, 215038.0, 147778.0, 45490.0, 9440.0, 3059.0, 4150.0, 10250.0, 10570.0, 7643.0, 17815.0, 22601.0, 16849.0, 9147.0, 4462.0, 4695.0, 19646.0, 63464.0, 74132.0, 47833.0, 44971.0, 33344.0, 13633.0, 7212.0, 6007.0, 5461.0, 5322.0, 4995.0, 6866.0, 10937.0, 9810.0, 11936.0, 13252.0, 36047.0, 84763.0, 75490.0, 25560.0, 10106.0, 9911.0, 10044.0, 16972.0, 24465.0, 21876.0, 10141.0, 9287.0, 31032.0, 48669.0, 34019.0, 13848.0, 10410.0, 12131.0, 12442.0, 9302.0, 8701.0, 7088.0, 5745.0, 4490.0, 4320.0, 6861.0, 8085.0, 6660.0, 7625.0, 6819.0, 7834.0, 7843.0, 7191.0, 4184.0, 4358.0, 4515.0, 4827.0, 3575.0, 3629.0, 4369.0, 4643.0, 4425.0, 4418.0, 3430.0, 3695.0, 3291.0, 3554.0, 2866.0, 2586.0, 3436.0, 3226.0, 3223.0, 4743.0, 7822.0, 9299.0, 4949.0, 4057.0, 3841.0, 3074.0, 3616.0, 4787.0, 4160.0, 3932.0, 3717.0, 2517.0, 3208.0, 3562.0, 3346.0, 3268.0, 3172.0, 3524.0, 4783.0, 4958.0, 5746.0, 6320.0, 9617.0, 12672.0, 7938.0, 4780.0, 5389.0, 3431.0, 2975.0, 3420.0, 3036.0, 2554.0, 2149.0, 2023.0, 2186.0, 1862.0, 1625.0, 1701.0, 1785.0, 1770.0, 1734.0, 1737.0]",114711147.81350058
1,0.8,13,"[{""x"": -0.6095767021179199, ""y"": 0.624239444732666, ""z"": 0.0, ""velocity"": 0.0, ""snr"": 0.0}, {""x"": -0.35369396209716797, ""y"": 0.852048397064209, ""z"": 0.0, ""velocity"": 0.0, ""snr"": 0.0}, {""x"": -0.2346038818359375, ""y"": 0.7385015487670898, ""z"": 0.0, ""velocity"": 0.0, ""snr"": 0.0}, {""x"": -0.1995563507080078, ""y"": 0.7587075233459473, ""z"": 0.0, ""velocity"": 0.0, ""snr"": 0.0}, {""x"": -0.16754865646362305, ""y"": 0.785529613494873, ""z"": 0.0, ""velocity"": 0.0, ""snr"": 0.0}, {""x"": -0.16057491302490234, ""y"": 1.553356647491455, ""z"": 0.0, ""velocity"": 0.0, ""snr"": 0.0}, {""x"": -0.18578767776489258, ""y"": 1.5624761581420898, ""z"": 0.0, ""velocity"": 0.0, ""snr"": 0.0}, {""x"": -0.18543004989624023, ""y"": 1.5676617622375488, ""z"": 0.0, ""velocity"": 0.0, ""snr"": 0.0}, {""x"": -0.08744001388549805, ""y"": 1.5994906425476074, ""z"": 0.0, ""velocity"": 0.0, ""snr"": 0.0}, {""x"": 0.5959868431091309, ""y"": 4.953861236572266, ""z"": 0.0, ""velocity"": 0.0, ""snr"": 0.0}, {""x"": 1.0272860527038574, ""y"": 1.8192529678344727, ""z"": 0.0, ""velocity"": 0.0, ""snr"": 0.0}, {""x"": 1.2295246124267578, ""y"": 1.7094612121582031, ""z"": 0.0, ""velocity"": 0.0, ""snr"": 0.0}, {""x"": 1.3922452926635742, ""y"": 1.5987753868103027, ""z"": 0.0, ""velocity"": 0.0, ""snr"": 0.0}]","[145335.0, 215269.0, 147802.0, 45463.0, 9100.0, 2982.0, 2243.0, 3452.0, 5210.0, 8415.0, 20397.0, 25799.0, 17093.0, 8459.0, 4937.0, 7082.0, 29589.0, 54509.0, 39182.0, 24051.0, 38042.0, 29119.0, 10091.0, 7543.0, 6455.0, 4353.0, 3749.0, 4769.0, 6214.0, 10266.0, 9943.0, 11497.0, 13073.0, 39740.0, 94873.0, 87032.0, 32309.0, 12874.0, 14727.0, 12097.0, 18380.0, 25870.0, 23264.0, 10552.0, 14496.0, 33739.0, 47604.0, 31058.0, 12713.0, 9280.0, 14115.0, 15100.0, 10707.0, 7629.0, 5981.0, 5978.0, 4714.0, 4814.0, 6507.0, 7854.0, 6461.0, 6854.0, 6820.0, 7797.0, 7962.0, 7117.0, 3909.0, 4311.0, 4469.0, 3619.0, 3153.0, 3146.0, 3731.0, 4358.0, 3596.0, 3838.0, 3115.0, 4007.0, 5142.0, 4710.0, 4209.0, 3644.0, 2899.0, 3161.0, 3709.0, 4454.0, 7641.0, 9351.0, 5075.0, 3765.0, 3330.0, 3410.0, 4959.0, 5449.0, 4569.0, 3249.0, 3679.0, 3025.0, 3276.0, 3270.0, 3271.0, 3266.0, 2610.0, 3272.0, 4519.0, 4833.0, 5574.0, 6155.0, 10186.0, 13129.0, 7943.0, 5408.0, 5292.0, 3008.0, 3685.0, 3471.0, 3036.0, 2744.0, 2088.0, 2462.0, 2277.0, 2243.0, 1909.0, 1866.0, 1735.0, 1614.0, 1538.0, 1636.0]",112417222.41783747
2,0.8,14,"[{""x"": -0.5164146423339844, ""y"": 0.7186532020568848, ""z"": 0.0, ""velocity"": 0.0, ""snr"": 0.0}, {""x"": -0.5085468292236328, ""y"": 0.7549524307250977, ""z"": 0.0, ""velocity"": 0.0, ""snr"": 0.0}, {""x"": -0.2646446228027344, ""y"": 0.7688999176025391, ""z"": 0.0, ""velocity"": 0.0, ""snr"": 0.0}, {""x"": -0.16880035400390625, ""y"": 0.762641429901123, ""z"": 0.0, ""velocity"": 0.0, ""snr"": 0.0}, {""x"": -0.14287233352661133, ""y"": 0.7588863372802734, ""z"": 0.0, ""velocity"": 0.0, ""snr"": 0.0}, {""x"": -0.1512765884399414, ""y"": 1.5540719032287598, ""z"": 0.0, ""velocity"": 0.0, ""snr"": 0.0}, {""x"": -0.19186735153198242, ""y"": 1.5621185302734375, ""z"": 0.0, ""velocity"": 0.0, ""snr"": 0.0}, {""x"": -0.18364191055297852, ""y"": 1.5683770179748535, ""z"": 0.0, ""velocity"": 0.0, ""snr"": 0.0}, {""x"": -0.09191036224365234, ""y"": 1.599133014678955, ""z"": 0.0, ""velocity"": 0.0, ""snr"": 0.0}, {""x"": 0.8736848831176758, ""y"": 4.895389080047607, ""z"": 0.0, ""velocity"": 0.0, ""snr"": 0.0}, {""x"": 0.5761384963989258, ""y"": 4.956185817718506, ""z"": 0.0, ""velocity"": 0.0, ""snr"": 0.0}, {""x"": 1.059114933013916, ""y"": 1.8001198768615723, ""z"": 0.0, ""velocity"": 0.0, ""snr"": 0.0}, {""x"": 1.2499094009399414, ""y"": 1.6924738883972168, ""z"": 0.0, ""velocity"": 0.0, ""snr"": 0.0}, {""x"": 1.4820098876953125, ""y"": 1.5202760696411133, ""z"": 0.0, ""velocity"": 0.0, ""snr"": 0.0}]","[145199.0, 215159.0, 148033.0, 45203.0, 9085.0, 2898.0, 2821.0, 5084.0, 6239.0, 11668.0, 22150.0, 27779.0, 17523.0, 7303.0, 4701.0, 5763.0, 24316.0, 41403.0, 28050.0, 29962.0, 34825.0, 23558.0, 7287.0, 5347.0, 5376.0, 4159.0, 4844.0, 5080.0, 5648.0, 9786.0, 9607.0, 12171.0, 13414.0, 38976.0, 94177.0, 87151.0, 32816.0, 12533.0, 15916.0, 13392.0, 18531.0, 27292.0, 24284.0, 10987.0, 13745.0, 33884.0, 46835.0, 29510.0, 13148.0, 7015.0, 12121.0, 13833.0, 10899.0, 7468.0, 6117.0, 5263.0, 4232.0, 5423.0, 6505.0, 7923.0, 6379.0, 5876.0, 6545.0, 7296.0, 7341.0, 7054.0, 3786.0, 4190.0, 4217.0, 4055.0, 3835.0, 4431.0, 4414.0, 4366.0, 4051.0, 3624.0, 3079.0, 2909.0, 2944.0, 3256.0, 4405.0, 4327.0, 3708.0, 2716.0, 3433.0, 4084.0, 7471.0, 9089.0, 4814.0, 3803.0, 3811.0, 3934.0, 5269.0, 6422.0, 4791.0, 3439.0, 3013.0, 2721.0, 3382.0, 3602.0, 3359.0, 3198.0, 2390.0, 2859.0, 4684.0, 5427.0, 6065.0, 6386.0, 10476.0, 13605.0, 8275.0, 5125.0, 4944.0, 2639.0, 3500.0, 3538.0, 2913.0, 2564.0, 2031.0, 2091.0, 2104.0, 1945.0, 1882.0, 1736.0, 1605.0, 1863.0, 1711.0, 1763.0]",110169219.46963535
3,0.8,13,"[{""x"": -0.47028064727783203, ""y"": 0.7116794586181641, ""z"": 0.0, ""velocity"": 0.0, ""snr"": 0.0}, {""x"": -0.457763671875, ""y"": 0.7849931716918945, ""z"": 0.0, ""velocity"": 0.0, ""snr"": 0.0}, {""x"": -0.2875328063964844, ""y"": 0.7504820823669434, ""z"": 0.0, ""velocity"": 0.0, ""snr"": 0.0}, {""x"": -0.18203258514404297, ""y"": 0.7597804069519043, ""z"": 0.0, ""velocity"": 0.0, ""snr"": 0.0}, {""x"": -0.21654367446899414, ""y"": 0.7596015930175781, ""z"": 0.0, ""velocity"": 0.0, ""snr"": 0.0}, {""x"": -0.16736984252929688, ""y"": 1.5528202056884766, ""z"": 0.0, ""velocity"": 0.0, ""snr"": 0.0}, {""x"": -0.19419193267822266, ""y"": 1.5612244606018066, ""z"": 0.0, ""velocity"": 0.0, ""snr"": 0.0}, {""x"": -0.1838207244873047, ""y"": 1.567840576171875, ""z"": 0.0, ""velocity"": 0.0, ""snr"": 0.0}, {""x"": -0.0960230827331543, ""y"": 1.601099967956543, ""z"": 0.0, ""velocity"": 0.0, ""snr"": 0.0}, {""x"": 0.9253621101379395, ""y"": 4.885375499725342, ""z"": 0.0, ""velocity"": 0.0, ""snr"": 0.0}, {""x"": 0.6206631660461426, ""y"": 4.950821399688721, ""z"": 0.0, ""velocity"": 0.0, ""snr"": 0.0}, {""x"": 1.2694001197814941, ""y"": 1.680314540863037, ""z"": 0.0, ""velocity"": 0.0, ""snr"": 0.0}, {""x"": 1.5181303024291992, ""y"": 1.4859437942504883, ""z"": 0.0, ""velocity"": 0.0, ""snr"": 0.0}]","[145478.0, 215344.0, 148379.0, 45309.0, 9344.0, 3173.0, 3259.0, 5493.0, 7107.0, 15333.0, 23577.0, 31858.0, 17290.0, 5634.0, 5117.0, 3875.0, 29744.0, 62063.0, 52852.0, 27497.0, 27062.0, 21293.0, 7409.0, 4105.0, 4695.0, 6128.0, 6324.0, 5567.0, 8392.0, 9890.0, 8527.0, 12260.0, 13352.0, 38818.0, 92731.0, 84234.0, 31418.0, 13540.0, 16322.0, 15415.0, 19844.0, 28202.0, 26130.0, 12599.0, 12473.0, 31355.0, 45380.0, 30099.0, 14560.0, 8096.0, 15973.0, 17291.0, 13101.0, 7732.0, 6455.0, 6082.0, 4337.0, 5353.0, 6582.0, 7068.0, 5404.0, 6913.0, 6403.0, 7047.0, 7345.0, 7067.0, 5451.0, 4610.0, 5227.0, 5379.0, 4543.0, 4780.0, 5552.0, 4429.0, 3652.0, 3378.0, 3450.0, 4080.0, 4587.0, 4552.0, 3589.0, 2852.0, 2778.0, 2748.0, 3770.0, 4809.0, 7414.0, 8476.0, 4745.0, 3438.0, 4334.0, 4235.0, 5111.0, 6674.0, 5690.0, 4598.0, 4211.0, 3382.0, 3619.0, 3260.0, 3438.0, 2844.0, 2361.0, 3365.0, 4789.0, 5677.0, 6605.0, 6672.0, 10801.0, 13879.0, 8282.0, 4489.0, 5440.0, 3437.0, 3207.0, 3090.0, 2916.0, 2529.0, 2069.0, 2464.0, 2130.0, 2179.0, 1993.0, 1637.0, 1583.0, 1654.0, 1590.0, 1598.0]",107965334.889105
4,0.8,11,"[{""x"": -0.2555251121520996, ""y"": 0.7520914077758789, ""z"": 0.0, ""velocity"": 0.0, ""snr"": 0.0}, {""x"": -0.24247169494628906, ""y"": 0.7408261299133301, ""z"": 0.0, ""velocity"": 0.0, ""snr"": 0.0}, {""x"": -0.23192167282104492, ""y"": 0.7522702217102051, ""z"": 0.0, ""velocity"": 0.0, ""snr"": 0.0}, {""x"": -0.2734065055847168, ""y"": 0.8761882781982422, ""z"": 0.0, ""velocity"": 0.0, ""snr"": 0.0}, {""x"": -0.1410841941833496, ""y"": 1.556396484375, ""z"": 0.0, ""velocity"": 0.0, ""snr"": 0.0}, {""x"": -0.18256902694702148, ""y"": 1.5624761581420898, ""z"": 0.0, ""velocity"": 0.0, ""snr"": 0.0}, {""x"": -0.18829107284545898, ""y"": 1.5673041343688965, ""z"": 0.0, ""velocity"": 0.0, ""snr"": 0.0}, {""x"": -0.13786554336547852, ""y"": 1.6034245491027832, ""z"": 0.0, ""velocity"": 0.0, ""snr"": 0.0}, {""x"": 0.5453824996948242, ""y"": 4.959762096405029, ""z"": 0.0, ""velocity"": 0.0, ""snr"": 0.0}, {""x"": 1.274406909942627, ""y"": 1.6767382621765137, ""z"": 0.0, ""velocity"": 0.0, ""snr"": 0.0}, {""x"": 1.480400562286377, ""y"": 1.5233159065246582, ""z"": 0.0, ""velocity"": 0.0, ""snr"": 0.0}]","[145163.0, 215092.0, 147907.0, 45220.0, 9092.0, 3030.0, 3486.0, 6993.0, 7811.0, 16965.0, 28828.0, 40385.0, 23107.0, 9334.0, 6286.0, 6409.0, 37630.0, 75933.0, 57154.0, 23035.0, 25472.0, 21542.0, 9303.0, 5696.0, 5729.0, 5677.0, 4891.0, 5850.0, 8443.0, 10815.0, 8674.0, 12285.0, 12678.0, 36225.0, 86855.0, 78156.0, 29524.0, 18041.0, 16823.0, 16126.0, 20672.0, 28510.0, 25678.0, 12745.0, 10149.0, 29558.0, 44214.0, 28543.0, 14654.0, 9175.0, 16231.0, 17912.0, 13816.0, 8167.0, 6248.0, 6128.0, 4503.0, 4965.0, 6496.0, 7106.0, 5355.0, 6855.0, 6786.0, 7080.0, 7455.0, 7093.0, 5708.0, 4951.0, 5309.0, 5656.0, 4429.0, 4597.0, 4730.0, 4711.0, 4357.0, 4099.0, 3350.0, 3703.0, 3733.0, 4256.0, 3612.0, 2854.0, 2809.0, 2710.0, 3974.0, 5656.0, 7368.0, 8085.0, 4442.0, 4167.0, 4619.0, 3069.0, 3650.0, 4544.0, 4173.0, 4519.0, 3858.0, 2886.0, 2924.0, 3052.0, 3475.0, 3129.0, 2610.0, 3613.0, 5483.0, 6296.0, 6757.0, 7129.0, 10280.0, 13904.0, 8538.0, 5186.0, 5303.0, 3137.0, 2917.0, 3106.0, 2931.0, 2436.0, 2189.0, 2327.0, 1992.0, 2063.0, 1706.0, 1560.0, 1589.0, 1666.0, 1657.0, 1519.0]",105805963.94598153
5,0.8,11,"[{""x"": -0.1888275146484375, ""y"": 0.756382942199707, ""z"": 0.0, ""velocity"": 0.0, ""snr"": 0.0}, {""x"": -0.20599365234375, ""y"": 0.7601380348205566, ""z"": 0.0, ""velocity"": 0.0, ""snr"": 0.0}, {""x"": -0.20188093185424805, ""y"": 0.7728338241577148, ""z"": 0.0, ""velocity"": 0.0, ""snr"": 0.0}, {""x"": -0.15288591384887695, ""y"": 1.5549659729003906, ""z"": 0.0, ""velocity"": 0.0, ""snr"": 0.0}, {""x"": -0.18525123596191406, ""y"": 1.5619397163391113, ""z"": 0.0, ""velocity"": 0.0, ""snr"": 0.0}, {""x"": -0.20009279251098633, ""y"": 1.564621925354004, ""z"": 0.0, ""velocity"": 0.0, ""snr"": 0.0}, {""x"": -0.17255544662475586, ""y"": 1.6023516654968262, ""z"": 0.0, ""velocity"": 0.0, ""snr"": 0.0}, {""x"": -0.22155046463012695, ""y"": 1.6699433326721191, ""z"": 0.0, ""velocity"": 0.0, ""snr"": 0.0}, {""x"": 0.5800724029541016, ""y"": 4.9558281898498535, ""z"": 0.0, ""velocity"": 0.0, ""snr"": 0.0}, {""x"": 1.2701153755187988, ""y"": 1.679062843322754, ""z"": 0.0, ""velocity"": 0.0, ""snr"": 0.0}, {""x"": 1.4736056327819824, ""y"": 1.530468463897705, ""z"": 0.0, ""velocity"": 0.0, ""snr"": 0.0}]","[145045.0, 215110.0, 147767.0, 45232.0, 9287.0, 2994.0, 3545.0, 7449.0, 8329.0, 16275.0, 26943.0, 38089.0, 23792.0, 8876.0, 4945.0, 6107.0, 37023.0, 76294.0, 56934.0, 29729.0, 29913.0, 21914.0, 9418.0, 5594.0, 4791.0, 5213.0, 4039.0, 6113.0, 7369.0, 10493.0, 8076.0, 11788.0, 12793.0, 36938.0, 88495.0, 78767.0, 28078.0, 20914.0, 20136.0, 19209.0, 21686.0, 28605.0, 24217.0, 11129.0, 10510.0, 29443.0, 43845.0, 27642.0, 15778.0, 8818.0, 16220.0, 18385.0, 14196.0, 8195.0, 6886.0, 6158.0, 4697.0, 5642.0, 6959.0, 7736.0, 6831.0, 6840.0, 5217.0, 6138.0, 7367.0, 7315.0, 6421.0, 5487.0, 5486.0, 6082.0, 5346.0, 3691.0, 4378.0, 4306.0, 3558.0, 3502.0, 2961.0, 3158.0, 3743.0, 4263.0, 3553.0, 2950.0, 3445.0, 2965.0, 3620.0, 5021.0, 7424.0, 8333.0, 4830.0, 4524.0, 4421.0, 3598.0, 4824.0, 4920.0, 3754.0, 3609.0, 3203.0, 2695.0, 3077.0, 2913.0, 3026.0, 2828.0, 2488.0, 3549.0, 4764.0, 5324.0, 6172.0, 6587.0, 10190.0, 13723.0, 8663.0, 4724.0, 5226.0, 2959.0, 2920.0, 3362.0, 3090.0, 2482.0, 2314.0, 2139.0, 2147.0, 1840.0, 1917.0, 1811.0, 1526.0, 1659.0, 1472.0, 1559.0]",103689717.02643691
6,0.8,11,"[{""x"": -0.17344951629638672, ""y"": 0.7583498954772949, ""z"": 0.0, ""velocity"": 0.0, ""snr"": 0.0}, {""x"": -0.20188093185424805, ""y"": 0.7578134536743164, ""z"": 0.0, ""velocity"": 0.0, ""snr"": 0.0}, {""x"": -0.22619962692260742, ""y"": 0.7613897323608398, ""z"": 0.0, ""velocity"": 0.0, ""snr"": 0.0}, {""x"": -0.16450881958007812, ""y"": 1.5549659729003906, ""z"": 0.0, ""velocity"": 0.0, ""snr"": 0.0}, {""x"": -0.19150972366333008, ""y"": 1.5612244606018066, ""z"": 0.0, ""velocity"": 0.0, ""snr"": 0.0}, {""x"": -0.20313262939453125, ""y"": 1.561582088470459, ""z"": 0.0, ""velocity"": 0.0, ""snr"": 0.0}, {""x"": -0.23478269577026367, ""y"": 1.5901923179626465, ""z"": 0.0, ""velocity"": 0.0, ""snr"": 0.0}, {""x"": 0.8575916290283203, ""y"": 4.899322986602783, ""z"": 0.0, ""velocity"": 0.0, ""snr"": 0.0}, {""x"": 0.5477070808410645, ""y"": 4.959404468536377, ""z"": 0.0, ""velocity"": 0.0, ""snr"": 0.0}, {""x"": 1.2654662132263184, ""y"": 1.6821026802062988, ""z"": 0.0, ""velocity"": 0.0, ""snr"": 0.0}, {""x"": 1.4508962631225586, ""y"": 1.550137996673584, ""z"": 0.0, ""velocity"": 0.0, ""snr"": 0.0}]","[145372.0, 215062.0, 148000.0, 45307.0, 9157.0, 2742.0, 3159.0, 6313.0, 6714.0, 11615.0, 25367.0, 37659.0, 23500.0, 10496.0, 5956.0, 6886.0, 38050.0, 33561867.0, 100860929.0, 460805.0, 3221554435.0, 838860802.0, 419433060.0, 3.0, 184549376.0, 33554432.0, 4278190080.0, 771751935.0, 2181038081.0, 0.0, 758725504.0, 3784409.0, 4096000.0, 188710912.0, 3187671040.0, 2213095.0, 855638016.0, 871926347.0, 15.0, 1816807424.0, 2222332.0, 1191182336.0, 586961227.0, 34.0, 2706072832.0, 2245372.0, 1577058304.0, 50240587.0, 35.0, 2353804288.0, 7079438.0, 838860800.0, 3490005828.0, 18.0, 3981131776.0, 1256196.0, 1174405120.0, 4128912715.0, 37.0, 1833779712.0, 2497562.0, 989855744.0, 77388.0, 131072.0, 37225728.0, 55061504.0, 37839872.0, 11585536.0, 2364928.0, 712448.0, 971264.0, 1679616.0, 1898496.0, 2139904.0, 3607040.0, 4088320.0, 2812928.0, 1466624.0, 1243136.0, 1625600.0, 6025216.0, 10694144.0, 5151232.0, 9069056.0, 10895360.0, 5968128.0, 2461696.0, 1121536.0, 1538048.0, 1696768.0, 1925632.0, 1749760.0, 1943040.0, 2830080.0, 2496768.0, 2069248.0, 2896384.0, 11097600.0, 25308416.0, 22206720.0, 7470592.0, 3713024.0, 2736384.0, 2772224.0, 3836672.0, 6313472.0, 5927680.0, 2859264.0, 2729216.0, 7665408.0, 12284160.0, 9222400.0, 3722240.0, 3000064.0, 3572480.0, 3333888.0, 2282496.0, 1945344.0, 1819904.0, 1766400.0, 1337600.0, 1563392.0, 2166784.0, 2175488.0, 1516544.0, 1565696.0, 1673216.0, 1878272.0]",393445416.34102166
7,0.8,12,"[{""x"": -0.6086826324462891, ""y"": 0.7240176200866699, ""z"": 0.0, ""velocity"": 0.0, ""snr"": 0.0}, {""x"": -1.0374784469604492, ""y"": 1.5739202499389648, ""z"": 0.0, ""velocity"": 0.0, ""snr"": 0.0}, {""x"": -0.1684427261352539, ""y"": 0.8043050765991211, ""z"": 0.0, ""velocity"": 0.0, ""snr"": 0.0}, {""x"": -0.25016069412231445, ""y"": 0.8007287979125977, ""z"": 0.0, ""velocity"": 0.0, ""snr"": 0.0}, {""x"": -0.11605024337768555, ""y"": 0.7987618446350098, ""z"": 0.0, ""velocity"": 0.0, ""snr"": 0.0}, {""x"": -0.13428926467895508, ""y"": 1.5567541122436523, ""z"": 0.0, ""velocity"": 0.0, ""snr"": 0.0}, {""x"": -0.16808509826660156, ""y"": 1.5651583671569824, ""z"": 0.0, ""velocity"": 0.0, ""snr"": 0.0}, {""x"": -0.16450881958007812, ""y"": 1.5701651573181152, ""z"": 0.0, ""velocity"": 0.0, ""snr"": 0.0}, {""x"": -0.06937980651855469, ""y"": 1.604139804840088, ""z"": 0.0, ""velocity"": 0.0, ""snr"": 0.0}, {""x"": 0.20688772201538086, ""y"": 0.8820891380310059, ""z"": 0.0, ""velocity"": 0.0, ""snr"": 0.0}, {""x"": 1.1835694313049316, ""y"": 1.7450451850891113, ""z"": 0.0, ""velocity"": 0.0, ""snr"": 0.0}, {""x"": 1.2239813804626465, ""y"": 1.7334222793579102, ""z"": 0.0, ""velocity"": 0.0, ""snr"": 0.0}]","[145673.0, 215323.0, 148064.0, 45200.0, 9154.0, 2864.0, 4841.0, 11480.0, 11768.0, 8570.0, 15952.0, 27459.0, 19117.0, 7163.0, 5598.0, 4233.0, 16597.0, 50038.0, 64964.0, 43309.0, 44466.0, 28277.0, 14317.0, 6087.0, 5717.0, 5138.0, 5605.0, 6530.0, 8408.0, 11787.0, 10066.0, 8091.0, 11125.0, 40763.0, 100051.0, 92160.0, 34799.0, 15327.0, 11072.0, 10188.0, 16324.0, 25634.0, 23045.0, 12492.0, 10419.0, 29698.0, 46467.0, 34292.0, 13112.0, 11443.0, 15814.0, 15198.0, 9873.0, 6810.0, 7109.0, 7481.0, 5707.0, 4786.0, 7810.0, 7411.0, 5718.0, 6153.0, 6333.0, 6458.0, 7821.0, 8650.0, 5381.0, 4626.0, 5775.0, 5153.0, 4167.0, 3755.0, 4080.0, 4201.0, 3652.0, 4508.0, 3766.0, 3879.0, 3116.0, 3434.0, 3285.0, 3348.0, 3529.0, 3351.0, 3622.0, 5019.0, 6873.0, 8787.0, 4935.0, 4613.0, 4086.0, 3836.0, 3884.0, 4252.0, 3002.0, 2649.0, 2519.0, 3178.0, 3270.0, 2831.0, 2677.0, 2752.0, 2581.0, 2913.0, 4400.0, 5133.0, 6455.0, 7619.0, 7396.0, 10161.0, 7926.0, 5406.0, 4743.0, 3255.0, 3483.0, 3567.0, 3328.0, 2770.0, 2203.0, 2234.0, 2181.0, 2040.0, 2003.0, 1731.0, 1583.0, 1761.0, 1625.0, 1688.0]",106625450.96688029
8,0.8,13,"[{""x"": -0.24139881134033203, ""y"": 0.7440447807312012, ""z"": 0.0, ""velocity"": 0.0, ""snr"": 0.0}, {""x"": -0.2110004425048828, ""y"": 0.7706880569458008, ""z"": 0.0, ""velocity"": 0.0, ""snr"": 0.0}, {""x"": -0.17559528350830078, ""y"": 0.790715217590332, ""z"": 0.0, ""velocity"": 0.0, ""snr"": 0.0}, {""x"": -0.14609098434448242, ""y"": 1.556396484375, ""z"": 0.0, ""velocity"": 0.0, ""snr"": 0.0}, {""x"": -0.16701221466064453, ""y"": 1.5653371810913086, ""z"": 0.0, ""velocity"": 0.0, ""snr"": 0.0}, {""x"": -0.15628337860107422, ""y"": 1.571059226989746, ""z"": 0.0, ""velocity"": 0.0, ""snr"": 0.0}, {""x"": -0.06204843521118164, ""y"": 1.6034245491027832, ""z"": 0.0, ""velocity"": 0.0, ""snr"": 0.0}, {""x"": 0.05543231964111328, ""y"": 0.8674263954162598, ""z"": 0.0, ""velocity"": 0.0, ""snr"": 0.0}, {""x"": 0.6800293922424316, ""y"": 4.943132400512695, ""z"": 0.0, ""velocity"": 0.0, ""snr"": 0.0}, {""x"": 0.22083520889282227, ""y"": 0.8820891380310059, ""z"": 0.0, ""velocity"": 0.0, ""snr"": 0.0}, {""x"": 0.20509958267211914, ""y"": 0.9026527404785156, ""z"": 0.0, ""velocity"": 0.0, ""snr"": 0.0}, {""x"": 1.2012720108032227, ""y"": 1.7377138137817383, ""z"": 0.0, ""velocity"": 0.0, ""snr"": 0.0}, {""x"": 1.268327236175537, ""y"": 1.7026662826538086, ""z"": 0.0, ""velocity"": 0.0, ""snr"": 0.0}]","[145159.0, 215179.0, 148259.0, 45308.0, 9106.0, 2961.0, 3974.0, 9000.0, 9578.0, 7804.0, 17840.0, 31647.0, 22496.0, 7167.0, 4248.0, 6106.0, 30577.0, 74552.0, 78136.0, 48935.0, 53306.0, 34549.0, 9860.0, 6092.0, 6328.0, 6490.0, 6163.0, 5852.0, 6673.0, 10952.0, 10495.0, 8341.0, 10808.0, 42546.0, 105099.0, 97095.0, 36659.0, 15230.0, 10350.0, 9334.0, 16015.0, 25474.0, 22696.0, 10768.0, 11079.0, 29260.0, 48050.0, 36916.0, 13731.0, 9775.0, 13587.0, 14181.0, 9668.0, 7081.0, 6457.0, 5879.0, 5044.0, 5320.0, 5721.0, 5690.0, 5433.0, 6945.0, 6575.0, 6847.0, 7547.0, 8114.0, 4258.0, 4461.0, 5207.0, 4847.0, 4260.0, 3650.0, 4087.0, 4139.0, 4112.0, 4002.0, 3452.0, 3158.0, 3151.0, 4060.0, 4040.0, 3963.0, 4077.0, 3827.0, 3690.0, 5263.0, 6780.0, 8720.0, 4872.0, 4908.0, 4322.0, 3991.0, 3445.0, 3540.0, 3706.0, 3096.0, 2594.0, 3289.0, 3012.0, 2662.0, 2529.0, 2378.0, 2306.0, 2883.0, 4489.0, 5237.0, 6229.0, 6951.0, 7527.0, 11033.0, 8255.0, 4949.0, 5136.0, 3008.0, 3507.0, 3572.0, 3269.0, 2854.0, 2452.0, 2159.0, 1960.0, 2275.0, 2125.0, 1868.0, 1795.0, 1667.0, 1840.0, 1655.0]",104492415.0017597
9,0.8,8,"[{""x"": -0.1169443130493164, ""y"": 0.7837414741516113, ""z"": 0.0, ""velocity"": 0.0, ""snr"": 0.0}, {""x"": -0.15914440155029297, ""y"": 1.554250717163086, ""z"": 0.0, ""velocity"": 0.0, ""snr"": 0.0}, {""x"": -0.1646876335144043, ""y"": 1.564621925354004, ""z"": 0.0, ""velocity"": 0.0, ""snr"": 0.0}, {""x"": -0.15628337860107422, ""y"": 1.5703439712524414, ""z"": 0.0, ""velocity"": 0.0, ""snr"": 0.0}, {""x"": -0.0674128532409668, ""y"": 1.6009211540222168, ""z"": 0.0, ""velocity"": 0.0, ""snr"": 0.0}, {""x"": 0.5843639373779297, ""y"": 4.955291748046875, ""z"": 0.0, ""velocity"": 0.0, ""snr"": 0.0}, {""x"": 1.1427998542785645, ""y"": 1.7752647399902344, ""z"": 0.0, ""velocity"": 0.0, ""snr"": 0.0}, {""x"": 1.118481159210205, ""y"": 1.8063783645629883, ""z"": 0.0, ""velocity"": 0.0, ""snr"": 0.0}]","[145542.0, 215370.0, 148122.0, 45171.0, 9403.0, 11519.0, 23973.0, 35208.0, 46971.0, 35518.0, 25159.0, 31701.0, 21637.0, 6804.0, 5481.0, 4859.0, 14503.0, 28770.0, 26016.0, 37252.0, 48552.0, 35162.0, 14813.0, 6279.0, 6454.0, 6910.0, 6707.0, 6644.0, 10092.0, 12759.0, 10230.0, 7592.0, 11458.0, 45819.0, 110302.0, 99499.0, 37136.0, 12968.0, 10868.0, 12665.0, 17153.0, 24157.0, 21842.0, 10546.0, 10898.0, 29365.0, 48812.0, 37471.0, 16312.0, 14891.0, 18988.0, 17113.0, 10891.0, 7308.0, 8003.0, 6352.0, 4638.0, 5216.0, 6876.0, 7402.0, 6043.0, 6846.0, 6191.0, 6761.0, 7823.0, 8223.0, 5521.0, 5089.0, 5603.0, 4681.0, 4441.0, 3738.0, 4518.0, 5505.0, 4949.0, 4603.0, 4948.0, 3668.0, 2798.0, 3699.0, 3392.0, 3552.0, 3543.0, 3233.0, 3476.0, 4916.0, 7450.0, 9443.0, 5780.0, 5165.0, 3672.0, 3424.0, 3773.0, 4324.0, 3277.0, 2868.0, 2569.0, 2638.0, 2783.0, 2643.0, 2879.0, 2963.0, 2371.0, 2795.0, 4192.0, 5056.0, 6376.0, 7142.0, 8217.0, 11656.0, 8168.0, 4942.0, 4979.0, 3284.0, 4028.0, 3676.0, 3249.0, 2823.0, 2200.0, 2190.0, 2086.0, 2082.0, 1795.0, 1761.0, 1519.0, 1543.0, 1649.0, 1719.0]",102403043.21397723
10,0.8,12,"[{""x"": -0.1577138900756836, ""y"": 0.7857084274291992, ""z"": 0.0, ""velocity"": 0.0, ""snr"": 0.0}, {""x"": -0.18918514251708984, ""y"": 0.7910728454589844, ""z"": 0.0, ""velocity"": 0.0, ""snr"": 0.0}, {""x"": -0.10085105895996094, ""y"": 1.5590786933898926, ""z"": 0.0, ""velocity"": 0.0, ""snr"": 0.0}, {""x"": -0.1353621482849121, ""y"": 1.5671253204345703, ""z"": 0.0, ""velocity"": 0.0, ""snr"": 0.0}, {""x"": -0.1323223114013672, ""y"": 1.5726685523986816, ""z"": 0.0, ""velocity"": 0.0, ""snr"": 0.0}, {""x"": 0.01430511474609375, ""y"": 1.6080737113952637, ""z"": 0.0, ""velocity"": 0.0, ""snr"": 0.0}, {""x"": 0.668942928314209, ""y"": 4.944562911987305, ""z"": 0.0, ""velocity"": 0.0, ""snr"": 0.0}, {""x"": 0.18668174743652344, ""y"": 0.8584856986999512, ""z"": 0.0, ""velocity"": 0.0, ""snr"": 0.0}, {""x"": 0.38945674896240234, ""y"": 0.8227229118347168, ""z"": 0.0, ""velocity"": 0.0, ""snr"": 0.0}, {""x"": 1.0337233543395996, ""y"": 1.8221139907836914, ""z"": 0.0, ""velocity"": 0.0, ""snr"": 0.0}, {""x"": 1.179814338684082, ""y"": 1.7486214637756348, ""z"": 0.0, ""velocity"": 0.0, ""snr"": 0.0}, {""x"": 1.237034797668457, ""y"": 1.7257332801818848, ""z"": 0.0, ""velocity"": 0.0, ""snr"": 0.0}]","[145157.0, 214643.0, 147765.0, 45401.0, 9254.0, 6990.0, 15546.0, 20387.0, 22131.0, 19892.0, 17951.0, 23296.0, 15675.0, 7146.0, 4574.0, 3799.0, 18432.0, 45404.0, 51674.0, 32270.0, 38478.0, 28973.0, 13384.0, 6113.0, 5846.0, 7549.0, 7537.0, 8247.0, 8358.0, 9419.0, 10284.0, 8491.0, 11262.0, 48961.0, 117320.0, 105348.0, 42099.0, 22576.0, 15577.0, 14744.0, 18239.0, 23303.0, 21826.0, 10954.0, 11963.0, 31924.0, 51000.0, 38389.0, 15458.0, 11939.0, 13785.0, 13189.0, 9841.0, 7000.0, 6605.0, 5499.0, 4815.0, 5224.0, 7999.0, 7969.0, 6579.0, 6670.0, 6359.0, 5935.0, 7029.0, 8377.0, 4939.0, 4638.0, 5141.0, 4212.0, 4052.0, 3743.0, 4055.0, 4469.0, 4765.0, 4029.0, 4256.0, 3769.0, 4209.0, 4713.0, 4063.0, 3202.0, 2972.0, 2910.0, 3194.0, 4265.0, 6633.0, 8821.0, 5030.0, 4390.0, 3563.0, 3529.0, 4393.0, 4921.0, 3774.0, 2850.0, 2758.0, 2732.0, 2823.0, 2446.0, 2544.0, 2735.0, 2521.0, 3278.0, 4379.0, 4967.0, 6232.0, 7694.0, 7998.0, 11326.0, 9194.0, 5645.0, 4981.0, 2966.0, 3011.0, 3354.0, 2748.0, 2523.0, 2110.0, 2113.0, 2305.0, 1969.0, 2039.0, 1890.0, 1940.0, 1809.0, 1648.0, 1644.0]",100354414.85549417
11,0.8,13,"[{""x"": -1.0410547256469727, ""y"": 1.5978813171386719, ""z"": 0.0, ""velocity"": 0.0, ""snr"": 0.0}, {""x"": -0.2167224884033203, ""y"": 0.7680058479309082, ""z"": 0.0, ""velocity"": 0.0, ""snr"": 0.0}, {""x"": -0.23871660232543945, ""y"": 0.7688999176025391, ""z"": 0.0, ""velocity"": 0.0, ""snr"": 0.0}, {""x"": -0.11086463928222656, ""y"": 1.5592575073242188, ""z"": 0.0, ""velocity"": 0.0, ""snr"": 0.0}, {""x"": -0.14394521713256836, ""y"": 1.5673041343688965, ""z"": 0.0, ""velocity"": 0.0, ""snr"": 0.0}, {""x"": -0.1398324966430664, ""y"": 1.574099063873291, ""z"": 0.0, ""velocity"": 0.0, ""snr"": 0.0}, {""x"": -0.06222724914550781, ""y"": 1.6066431999206543, ""z"": 0.0, ""velocity"": 0.0, ""snr"": 0.0}, {""x"": 0.5741715431213379, ""y"": 4.956543445587158, ""z"": 0.0, ""velocity"": 0.0, ""snr"": 0.0}, {""x"": 0.36013126373291016, ""y"": 0.8159279823303223, ""z"": 0.0, ""velocity"": 0.0, ""snr"": 0.0}, {""x"": 0.3962516784667969, ""y"": 0.8212924003601074, ""z"": 0.0, ""velocity"": 0.0, ""snr"": 0.0}, {""x"": 0.46813488006591797, ""y"": 0.8025169372558594, ""z"": 0.0, ""velocity"": 0.0, ""snr"": 0.0}, {""x"": 1.1689066886901855, ""y"": 1.7566680908203125, ""z"": 0.0, ""velocity"": 0.0, ""snr"": 0.0}, {""x"": 1.177668571472168, ""y"": 1.770615577697754, ""z"": 0.0, ""velocity"": 0.0, ""snr"": 0.0}]","[145495.0, 215342.0, 147987.0, 45432.0, 9219.0, 2623.0, 15801.0, 42906.0, 45222.0, 21063.0, 14969.0, 22116.0, 15083.0, 7043.0, 4049.0, 3678.0, 21947.0, 56384.0, 54725.0, 32409.0, 42138.0, 29741.0, 11366.0, 4600.0, 5825.0, 7725.0, 6887.0, 6577.0, 8144.0, 9918.0, 10418.0, 8731.0, 11651.0, 52575.0, 128194.0, 117490.0, 49402.0, 21682.0, 13367.0, 15067.0, 18202.0, 25630.0, 25217.0, 13200.0, 11989.0, 30688.0, 48582.0, 37036.0, 16684.0, 12855.0, 15035.0, 14836.0, 10239.0, 7494.0, 7426.0, 6032.0, 5686.0, 4912.0, 6540.0, 6882.0, 5560.0, 5959.0, 6569.0, 6103.0, 6779.0, 7888.0, 7132.0, 5668.0, 5325.0, 4695.0, 4184.0, 3673.0, 3873.0, 4212.0, 4194.0, 3839.0, 3804.0, 4196.0, 3803.0, 3837.0, 3151.0, 2959.0, 3085.0, 3120.0, 3477.0, 3783.0, 7369.0, 8786.0, 5172.0, 3540.0, 3468.0, 4274.0, 4959.0, 5095.0, 3442.0, 2722.0, 2529.0, 2678.0, 3143.0, 3120.0, 3084.0, 2653.0, 2785.0, 3116.0, 4531.0, 5052.0, 6885.0, 8245.0, 7933.0, 9873.0, 7519.0, 5537.0, 5124.0, 3073.0, 3235.0, 3556.0, 2718.0, 2303.0, 1999.0, 2116.0, 2316.0, 2110.0, 1752.0, 1792.0, 1795.0, 1705.0, 1509.0, 1414.0]",98346972.04584478
12,0.8,13,"[{""x"": -0.9782910346984863, ""y"": 1.616835594177246, ""z"": 0.0, ""velocity"": 0.0, ""snr"": 0.0}, {""x"": -1.0276436805725098, ""y"": 1.606285572052002, ""z"": 0.0, ""velocity"": 0.0, ""snr"": 0.0}, {""x"": -0.20045042037963867, ""y"": 0.7647871971130371, ""z"": 0.0, ""velocity"": 0.0, ""snr"": 0.0}, {""x"": -0.12284517288208008, ""y"": 0.7984042167663574, ""z"": 0.0, ""velocity"": 0.0, ""snr"": 0.0}, {""x"": -0.10371208190917969, ""y"": 1.558542251586914, ""z"": 0.0, ""velocity"": 0.0, ""snr"": 0.0}, {""x"": -0.12946128845214844, ""y"": 1.5680193901062012, ""z"": 0.0, ""velocity"": 0.0, ""snr"": 0.0}, {""x"": -0.14340877532958984, ""y"": 1.573026180267334, ""z"": 0.0, ""velocity"": 0.0, ""snr"": 0.0}, {""x"": -0.060439109802246094, ""y"": 1.6044974327087402, ""z"": 0.0, ""velocity"": 0.0, ""snr"": 0.0}, {""x"": 0.5959868431091309, ""y"": 4.953861236572266, ""z"": 0.0, ""velocity"": 0.0, ""snr"": 0.0}, {""x"": 0.43398141860961914, ""y"": 0.7819533348083496, ""z"": 0.0, ""velocity"": 0.0, ""snr"": 0.0}, {""x"": 0.4527568817138672, ""y"": 0.7989406585693359, ""z"": 0.0, ""velocity"": 0.0, ""snr"": 0.0}, {""x"": 1.208961009979248, ""y"": 1.73109769821167, ""z"": 0.0, ""velocity"": 0.0, ""snr"": 0.0}, {""x"": 1.2384653091430664, ""y"": 1.726090908050537, ""z"": 0.0, ""velocity"": 0.0, ""snr"": 0.0}]","[145232.0, 215281.0, 148067.0, 45283.0, 9257.0, 2943.0, 9855.0, 17877.0, 20446.0, 17664.0, 15028.0, 21997.0, 16019.0, 7863.0, 5371.0, 4051.0, 13797.0, 32583.0, 25816.0, 25774.0, 40448.0, 29003.0, 11942.0, 5290.0, 5027.0, 8019.0, 7724.0, 5841.0, 8594.0, 10401.0, 10448.0, 8874.0, 10492.0, 58594.0, 137715.0, 126919.0, 50572.0, 21080.0, 12149.0, 12441.0, 15909.0, 26635.0, 26072.0, 13598.0, 12043.0, 31248.0, 49136.0, 37558.0, 16541.0, 13009.0, 14553.0, 15082.0, 11143.0, 7281.0, 6782.0, 5538.0, 4418.0, 4507.0, 5356.0, 6361.0, 5021.0, 6100.0, 6170.0, 5887.0, 7706.0, 8091.0, 6663.0, 5811.0, 5554.0, 5041.0, 3939.0, 3769.0, 4202.0, 4053.0, 4098.0, 3971.0, 3566.0, 4081.0, 4375.0, 4046.0, 3333.0, 2869.0, 4146.0, 4218.0, 3959.0, 3868.0, 8115.0, 8858.0, 5652.0, 3922.0, 3273.0, 3530.0, 4079.0, 4677.0, 3978.0, 2766.0, 2884.0, 2529.0, 3148.0, 2765.0, 2431.0, 2512.0, 2595.0, 3003.0, 4037.0, 4943.0, 6360.0, 7816.0, 7683.0, 9992.0, 8248.0, 5945.0, 5086.0, 3177.0, 3245.0, 3478.0, 2977.0, 2813.0, 2339.0, 2213.0, 2112.0, 2124.0, 2138.0, 2007.0, 1805.0, 1523.0, 1471.0, 1601.0]",96380396.93588942
13,0.8,11,"[{""x"": -0.2657175064086914, ""y"": 0.8858442306518555, ""z"": 0.0, ""velocity"": 0.0, ""snr"": 0.0}, {""x"": -0.10782480239868164, ""y"": 0.7880330085754395, ""z"": 0.0, ""velocity"": 0.0, ""snr"": 0.0}, {""x"": -0.1475214958190918, ""y"": 0.8023381233215332, ""z"": 0.0, ""velocity"": 0.0, ""snr"": 0.0}, {""x"": -0.1341104507446289, ""y"": 1.567840576171875, ""z"": 0.0, ""velocity"": 0.0, ""snr"": 0.0}, {""x"": -0.14322996139526367, ""y"": 1.5732049942016602, ""z"": 0.0, ""velocity"": 0.0, ""snr"": 0.0}, {""x"": -0.09298324584960938, ""y"": 1.557469367980957, ""z"": 0.0, ""velocity"": 0.0, ""snr"": 0.0}, {""x"": -0.07653236389160156, ""y"": 1.6037821769714355, ""z"": 0.0, ""velocity"": 0.0, ""snr"": 0.0}, {""x"": 0.47600269317626953, ""y"": 0.7835626602172852, ""z"": 0.0, ""velocity"": 0.0, ""snr"": 0.0}, {""x"": 1.0755658149719238, ""y"": 1.7942190170288086, ""z"": 0.0, ""velocity"": 0.0, ""snr"": 0.0}, {""x"": 1.2288093566894531, ""y"": 1.714646816253662, ""z"": 0.0, ""velocity"": 0.0, ""snr"": 0.0}, {""x"": 1.2956857681274414, ""y"": 1.6815662384033203, ""z"": 0.0, ""velocity"": 0.0, ""snr"": 0.0}]","[144999.0, 215022.0, 148005.0, 45289.0, 9270.0, 5700.0, 14916.0, 39333.0, 44089.0, 23988.0, 14070.0, 21873.0, 17503.0, 10458.0, 4878.0, 4440.0, 15055.0, 30953.0, 31672.0, 22220.0, 32964.0, 31000.0, 11554.0, 6462.0, 6672.0, 8087.0, 6949.0, 5680.0, 8719.0, 11021.0, 9601.0, 10002.0, 12771.0, 59914.0, 141567.0, 130878.0, 51656.0, 20964.0, 13118.0, 11685.0, 15767.0, 24009.0, 23459.0, 12323.0, 13129.0, 32927.0, 50318.0, 36624.0, 14619.0, 11746.0, 14448.0, 14505.0, 10638.0, 7017.0, 7310.0, 6163.0, 5336.0, 5322.0, 6496.0, 7323.0, 5843.0, 6707.0, 5973.0, 5165.0, 7019.0, 8504.0, 6054.0, 5278.0, 5273.0, 4866.0, 4236.0, 4292.0, 3667.0, 4332.0, 4488.0, 4325.0, 3803.0, 3840.0, 3293.0, 3644.0, 3337.0, 3355.0, 4079.0, 3818.0, 3560.0, 3568.0, 7382.0, 7968.0, 4689.0, 3828.0, 3464.0, 3094.0, 3411.0, 4409.0, 3623.0, 2538.0, 2490.0, 2466.0, 3377.0, 3140.0, 2709.0, 2804.0, 2910.0, 3563.0, 3650.0, 4214.0, 6354.0, 7874.0, 6464.0, 8176.0, 7561.0, 5087.0, 4406.0, 3134.0, 3068.0, 3446.0, 2813.0, 2446.0, 2160.0, 2339.0, 2162.0, 2007.0, 2206.0, 2044.0, 1667.0, 1639.0, 1613.0, 1438.0]",94452748.40646562
14,0.8,10,"[{""x"": -0.16361474990844727, ""y"": 0.7774829864501953, ""z"": 0.0, ""velocity"": 0.0, ""snr"": 0.0}, {""x"": -0.2052783966064453, ""y"": 0.779271125793457, ""z"": 0.0, ""velocity"": 0.0, ""snr"": 0.0}, {""x"": -0.19186735153198242, ""y"": 0.9015798568725586, ""z"": 0.0, ""velocity"": 0.0, ""snr"": 0.0}, {""x"": -0.11444091796875, ""y"": 1.569986343383789, ""z"": 0.0, ""velocity"": 0.0, ""snr"": 0.0}, {""x"": -0.11587142944335938, ""y"": 1.5742778778076172, ""z"": 0.0, ""velocity"": 0.0, ""snr"": 0.0}, {""x"": -0.0743865966796875, ""y"": 1.560509204864502, ""z"": 0.0, ""velocity"": 0.0, ""snr"": 0.0}, {""x"": -0.05829334259033203, ""y"": 1.6016364097595215, ""z"": 0.0, ""velocity"": 0.0, ""snr"": 0.0}, {""x"": 0.3165006637573242, ""y"": 0.8270144462585449, ""z"": 0.0, ""velocity"": 0.0, ""snr"": 0.0}, {""x"": 1.256883144378662, ""y"": 1.695871353149414, ""z"": 0.0, ""velocity"": 0.0, ""snr"": 0.0}, {""x"": 1.312851905822754, ""y"": 1.6694068908691406, ""z"": 0.0, ""velocity"": 0.0, ""snr"": 0.0}]","[145345.0, 215304.0, 148308.0, 45468.0, 9705.0, 21855.0, 48641.0, 38721.0, 23351.0, 16669.0, 16259.0, 22521.0, 20772.0, 12486.0, 5656.0, 4989.0, 23267.0, 52579.0, 48512.0, 30646.0, 40700.0, 31715.0, 12090.0, 5753.0, 5964.0, 5544.0, 5335.0, 6950.0, 7863.0, 11420.0, 10146.0, 11367.0, 11962.0, 69161.0, 168595.0, 154990.0, 58061.0, 21676.0, 15348.0, 13117.0, 17456.0, 24636.0, 23075.0, 11770.0, 11019.0, 28104.0, 46018.0, 33727.0, 14650.0, 11935.0, 15572.0, 16180.0, 11382.0, 7206.0, 7015.0, 5829.0, 5339.0, 5243.0, 7917.0, 8545.0, 6860.0, 7207.0, 6085.0, 6266.0, 8060.0, 8763.0, 6090.0, 6020.0, 6129.0, 5045.0, 3823.0, 4049.0, 4303.0, 4083.0, 4473.0, 4202.0, 3631.0, 4294.0, 3688.0, 4273.0, 3535.0, 3441.0, 4155.0, 3690.0, 3403.0, 4200.0, 8212.0, 9482.0, 5164.0, 3733.0, 3960.0, 3160.0, 3394.0, 3714.0, 2834.0, 3101.0, 3028.0, 2887.0, 2970.0, 3268.0, 3319.0, 2816.0, 3222.0, 3046.0, 3762.0, 4717.0, 6938.0, 7789.0, 5285.0, 6421.0, 6009.0, 5039.0, 5154.0, 3103.0, 2955.0, 2913.0, 2691.0, 2666.0, 2362.0, 2296.0, 2206.0, 1948.0, 1829.0, 1970.0, 1768.0, 1855.0, 1679.0, 1661.0]",92562845.94493045
0,0.8,13,"[{""x"": -0.15717744827270508, ""y"": 0.7712244987487793, ""z"": 0.0, ""velocity"": 0.0, ""snr"": 0.0}, {""x"": -0.22727251052856445, ""y"": 0.7665753364562988, ""z"": 0.0, ""velocity"": 0.0, ""snr"": 0.0}, {""x"": -0.10102987289428711, ""y"": 1.5578269958496094, ""z"": 0.0, ""velocity"": 0.0, ""snr"": 0.0}, {""x"": -0.14144182205200195, ""y"": 1.5669465065002441, ""z"": 0.0, ""velocity"": 0.0, ""snr"": 0.0}, {""x"": -0.16361474990844727, ""y"": 1.5707015991210938, ""z"": 0.0, ""velocity"": 0.0, ""snr"": 0.0}, {""x"": 0.01341104507446289, ""y"": 0.3333091735839844, ""z"": 0.0, ""velocity"": 0.0, ""snr"": 0.0}, {""x"": 0.013768672943115234, ""y"": 0.3388524055480957, ""z"": 0.0, ""velocity"": 0.0, ""snr"": 0.0}, {""x"": -0.027358531951904297, ""y"": 0.9208917617797852, ""z"": 0.0, ""velocity"": 0.0, ""snr"": 0.0}, {""x"": -0.09083747863769531, ""y"": 1.6030669212341309, ""z"": 0.0, ""velocity"": 0.0, ""snr"": 0.0}, {""x"": 0.7073879241943359, ""y"": 4.9391984939575195, ""z"": 0.0, ""velocity"": 0.0, ""snr"": 0.0}, {""x"": 0.2067089080810547, ""y"": 0.8525848388671875, ""z"": 0.0, ""velocity"": 0.0, ""snr"": 0.0}, {""x"": 1.2334585189819336, ""y"": 1.708388328552246, ""z"": 0.0, ""velocity"": 0.0, ""snr"": 0.0}, {""x"": 1.3718605041503906, ""y"": 1.6127228736877441, ""z"": 0.0, ""velocity"": 0.0, ""snr"": 0.0}]","[145551.0, 215128.0, 148101.0, 45417.0, 9148.0, 8674.0, 59843.0, 128633.0, 108614.0, 36149.0, 18839.0, 26626.0, 22763.0, 11441.0, 5137.0, 6548.0, 27294.0, 51908.0, 38891.0, 29169.0, 38407.0, 31519.0, 13011.0, 7180.0, 6627.0, 5622.0, 5096.0, 6641.0, 8706.0, 10478.0, 10494.0, 11631.0, 11999.0, 60967.0, 144032.0, 132591.0, 50513.0, 21375.0, 16904.0, 15507.0, 19337.0, 27786.0, 25057.0, 12333.0, 11380.0, 29635.0, 45857.0, 29914.0, 12912.0, 10887.0, 14403.0, 16157.0, 12995.0, 9273.0, 7637.0, 6869.0, 4231.0, 5111.0, 7168.0, 8726.0, 6817.0, 5871.0, 5063.0, 5814.0, 7100.0, 7423.0, 5503.0, 5094.0, 4610.0, 4384.0, 4212.0, 3871.0, 4098.0, 5396.0, 5369.0, 4133.0, 3495.0, 3856.0, 4199.0, 3857.0, 3629.0, 4182.0, 4684.0, 4457.0, 3493.0, 4258.0, 7233.0, 10013.0, 5657.0, 3233.0, 3703.0, 3210.0, 3442.0, 4006.0, 3866.0, 3865.0, 3420.0, 3153.0, 3275.0, 2983.0, 3751.0, 2960.0, 2528.0, 3157.0, 3758.0, 4340.0, 6144.0, 7020.0, 8239.0, 11819.0, 8169.0, 4451.0, 4889.0, 3367.0, 3460.0, 3653.0, 3102.0, 2658.0, 2266.0, 2350.0, 2304.0, 1891.0, 1961.0, 1952.0, 1667.0, 1614.0, 1814.0, 1822.0]",90713388.14156318
1,0.8,10,"[{""x"": -0.06097555160522461, ""y"": 0.91552734375, ""z"": 0.0, ""velocity"": 0.0, ""snr"": 0.0}, {""x"": -0.1348257064819336, ""y"": 1.5555024147033691, ""z"": 0.0, ""velocity"": 0.0, ""snr"": 0.0}, {""x"": -0.15610456466674805, ""y"": 1.5653371810913086, ""z"": 0.0, ""velocity"": 0.0, ""snr"": 0.0}, {""x"": -0.1582503318786621, ""y"": 1.5717744827270508, ""z"": 0.0, ""velocity"": 0.0, ""snr"": 0.0}, {""x"": -0.11283159255981445, ""y"": 1.6005635261535645, ""z"": 0.0, ""velocity"": 0.0, ""snr"": 0.0}, {""x"": 0.07992982864379883, ""y"": 0.8370280265808105, ""z"": 0.0, ""velocity"": 0.0, ""snr"": 0.0}, {""x"": 0.07474422454833984, ""y"": 0.8769035339355469, ""z"": 0.0, ""velocity"": 0.0, ""snr"": 0.0}, {""x"": 0.7068514823913574, ""y"": 4.939377307891846, ""z"": 0.0, ""velocity"": 0.0, ""snr"": 0.0}, {""x"": 1.2425780296325684, ""y"": 1.701056957244873, ""z"": 0.0, ""velocity"": 0.0, ""snr"": 0.0}, {""x"": 1.3666749000549316, ""y"": 1.6195178031921387, ""z"": 0.0, ""velocity"": 0.0, ""snr"": 0.0}]","[145317.0, 215414.0, 148093.0, 45421.0, 9212.0, 3501.0, 22540.0, 54913.0, 51652.0, 19427.0, 21179.0, 30826.0, 24427.0, 12587.0, 5681.0, 6404.0, 11797.0, 19377.0, 24421.0, 34126.0, 41301.0, 33251.0, 13868.0, 5646.0, 5656.0, 4060.0, 3614.0, 4613.0, 8104.0, 11555.0, 10528.0, 13296.0, 13409.0, 59162.0, 139864.0, 127434.0, 50676.0, 21212.0, 16086.0, 12918.0, 15313.0, 25515.0, 24315.0, 13332.0, 11611.0, 29426.0, 45044.0, 29170.0, 12768.0, 11043.0, 14436.0, 16904.0, 13231.0, 8812.0, 7465.0, 6360.0, 4919.0, 4611.0, 6753.0, 7766.0, 6163.0, 5537.0, 5113.0, 5885.0, 6703.0, 6979.0, 4295.0, 3675.0, 4439.0, 4621.0, 4367.0, 3873.0, 5024.0, 6118.0, 4852.0, 4240.0, 3804.0, 4150.0, 3982.0, 3066.0, 3198.0, 3141.0, 3930.0, 4131.0, 3646.0, 4308.0, 6737.0, 9220.0, 5191.0, 3572.0, 3460.0, 3260.0, 3760.0, 4026.0, 3678.0, 3797.0, 3493.0, 3141.0, 3066.0, 3071.0, 3973.0, 3502.0, 2624.0, 2867.0, 4036.0, 4466.0, 6037.0, 6957.0, 8381.0, 11571.0, 8149.0, 4444.0, 4361.0, 2804.0, 3558.0, 3627.0, 3052.0, 2739.0, 2267.0, 2347.0, 2406.0, 2188.0, 2029.0, 1734.0, 1567.0, 1672.0, 1579.0, 1682.0]",88898376.65230627
2,0.8,13,"[{""x"": -0.5171298980712891, ""y"": 0.5630850791931152, ""z"": 0.0, ""velocity"": 0.0, ""snr"": 0.0}, {""x"": -0.4667043685913086, ""y"": 0.6124377250671387, ""z"": 0.0, ""velocity"": 0.0, ""snr"": 0.0}, {""x"": -0.1443028450012207, ""y"": 0.7846355438232422, ""z"": 0.0, ""velocity"": 0.0, ""snr"": 0.0}, {""x"": -0.06008148193359375, ""y"": 0.8202195167541504, ""z"": 0.0, ""velocity"": 0.0, ""snr"": 0.0}, {""x"": -0.1055002212524414, ""y"": 0.905156135559082, ""z"": 0.0, ""velocity"": 0.0, ""snr"": 0.0}, {""x"": -0.1156926155090332, ""y"": 1.556396484375, ""z"": 0.0, ""velocity"": 0.0, ""snr"": 0.0}, {""x"": -0.148773193359375, ""y"": 1.5660524368286133, ""z"": 0.0, ""velocity"": 0.0, ""snr"": 0.0}, {""x"": -0.16307830810546875, ""y"": 1.5705227851867676, ""z"": 0.0, ""velocity"": 0.0, ""snr"": 0.0}, {""x"": -0.022351741790771484, ""y"": 0.8638501167297363, ""z"": 0.0, ""velocity"": 0.0, ""snr"": 0.0}, {""x"": -0.07653236389160156, ""y"": 1.6028881072998047, ""z"": 0.0, ""velocity"": 0.0, ""snr"": 0.0}, {""x"": 0.6521344184875488, ""y"": 4.946887493133545, ""z"": 0.0, ""velocity"": 0.0, ""snr"": 0.0}, {""x"": 1.2423992156982422, ""y"": 1.70212984085083, ""z"": 0.0, ""velocity"": 0.0, ""snr"": 0.0}, {""x"": 1.3718605041503906, ""y"": 1.6162991523742676, ""z"": 0.0, ""velocity"": 0.0, ""snr"": 0.0}]","[145025.0, 215238.0, 148131.0, 45443.0, 9362.0, 2993.0, 7048.0, 16484.0, 15243.0, 8868.0, 14942.0, 21409.0, 20728.0, 14377.0, 7218.0, 8990.0, 27297.0, 38427.0, 42742.0, 37271.0, 36296.0, 30596.0, 13026.0, 4585.0, 5563.0, 5549.0, 3959.0, 6033.0, 7008.0, 10002.0, 9572.0, 12177.0, 13433.0, 57340.0, 134146.0, 123014.0, 47109.0, 18806.0, 14210.0, 12914.0, 16767.0, 26372.0, 26155.0, 14731.0, 11998.0, 30018.0, 45674.0, 30470.0, 12096.0, 10931.0, 15642.0, 16455.0, 13605.0, 9372.0, 7652.0, 6173.0, 5752.0, 5726.0, 7537.0, 8778.0, 6714.0, 5967.0, 5276.0, 6138.0, 6969.0, 7153.0, 4341.0, 5114.0, 4950.0, 3776.0, 4078.0, 4349.0, 5908.0, 6118.0, 4665.0, 4472.0, 4615.0, 4180.0, 3826.0, 3653.0, 3331.0, 3196.0, 3660.0, 4031.0, 4365.0, 5381.0, 6554.0, 8978.0, 5090.0, 4241.0, 3736.0, 3448.0, 3501.0, 3100.0, 3288.0, 3475.0, 3030.0, 2862.0, 3316.0, 3222.0, 3196.0, 2899.0, 2392.0, 3264.0, 4117.0, 5099.0, 6577.0, 6980.0, 8207.0, 11571.0, 8007.0, 4501.0, 4830.0, 2997.0, 2960.0, 3323.0, 3174.0, 2663.0, 2224.0, 2467.0, 2468.0, 1990.0, 1790.0, 1906.0, 1656.0, 1694.0, 1490.0, 1607.0]",87120116.66354868
3,0.8,11,"[{""x"": -0.1995563507080078, ""y"": 0.7665753364562988, ""z"": 0.0, ""velocity"": 0.0, ""snr"": 0.0}, {""x"": -0.12534856796264648, ""y"": 0.8018016815185547, ""z"": 0.0, ""velocity"": 0.0, ""snr"": 0.0}, {""x"": -0.1112222671508789, ""y"": 0.9073019027709961, ""z"": 0.0, ""velocity"": 0.0, ""snr"": 0.0}, {""x"": -0.12570619583129883, ""y"": 1.555323600769043, ""z"": 0.0, ""velocity"": 0.0, ""snr"": 0.0}, {""x"": -0.16361474990844727, ""y"": 1.5639066696166992, ""z"": 0.0, ""velocity"": 0.0, ""snr"": 0.0}, {""x"": -0.15932321548461914, ""y"": 1.571059226989746, ""z"": 0.0, ""velocity"": 0.0, ""snr"": 0.0}, {""x"": -0.12159347534179688, ""y"": 1.6003847122192383, ""z"": 0.0, ""velocity"": 0.0, ""snr"": 0.0}, {""x"": -0.037729740142822266, ""y"": 0.859379768371582, ""z"": 0.0, ""velocity"": 0.0, ""snr"": 0.0}, {""x"": 0.5734562873840332, ""y"": 4.956543445587158, ""z"": 0.0, ""velocity"": 0.0, ""snr"": 0.0}, {""x"": 1.2679696083068848, ""y"": 1.6819238662719727, ""z"": 0.0, ""velocity"": 0.0, ""snr"": 0.0}, {""x"": 1.379549503326416, ""y"": 1.6141533851623535, ""z"": 0.0, ""velocity"": 0.0, ""snr"": 0.0}]","[145058.0, 215319.0, 147990.0, 45257.0, 9345.0, 2984.0, 8736.0, 22386.0, 21816.0, 11736.0, 17511.0, 18914.0, 15111.0, 9811.0, 5250.0, 6346.0, 27224.0, 60208.0, 53176.0, 34959.0, 37745.0, 33846.0, 14803.0, 6100.0, 4620.0, 4798.0, 6055.0, 6883.0, 7263.0, 9091.0, 9205.0, 10658.0, 12537.0, 57728.0, 133552.0, 120340.0, 47023.0, 20343.0, 13225.0, 9961.0, 16531.0, 27319.0, 26258.0, 14084.0, 9468.0, 29044.0, 44218.0, 29294.0, 13823.0, 12240.0, 13330.0, 14622.0, 11821.0, 8973.0, 7282.0, 6356.0, 6033.0, 5808.0, 7542.0, 8672.0, 6796.0, 5666.0, 5235.0, 6291.0, 6693.0, 7972.0, 5370.0, 4924.0, 5878.0, 4986.0, 3890.0, 3937.0, 4478.0, 4582.0, 3981.0, 4057.0, 4523.0, 3650.0, 3343.0, 3764.0, 3435.0, 3587.0, 3206.0, 3265.0, 4596.0, 5676.0, 7205.0, 8849.0, 5383.0, 3697.0, 3628.0, 3133.0, 3206.0, 3662.0, 3583.0, 3647.0, 3087.0, 2907.0, 3044.0, 3226.0, 3391.0, 2900.0, 2498.0, 3217.0, 3895.0, 5001.0, 6222.0, 7067.0, 8715.0, 11726.0, 7922.0, 4213.0, 4729.0, 3133.0, 3249.0, 3541.0, 2949.0, 2498.0, 2305.0, 2532.0, 2348.0, 2012.0, 1840.0, 1687.0, 1771.0, 1716.0, 1683.0, 1736.0]",85377511.3522898
4,0.8,9,"[{""x"": -0.21708011627197266, ""y"": 0.7578134536743164, ""z"": 0.0, ""velocity"": 0.0, ""snr"": 0.0}, {""x"": -0.2326369285583496, ""y"": 0.7554888725280762, ""z"": 0.0, ""velocity"": 0.0, ""snr"": 0.0}, {""x"": -0.14001131057739258, ""y"": 1.554429531097412, ""z"": 0.0, ""velocity"": 0.0, ""snr"": 0.0}, {""x"": -0.16236305236816406, ""y"": 1.5640854835510254, ""z"": 0.0, ""velocity"": 0.0, ""snr"": 0.0}, {""x"": -0.17470121383666992, ""y"": 1.5671253204345703, ""z"": 0.0, ""velocity"": 0.0, ""snr"": 0.0}, {""x"": -0.1537799835205078, ""y"": 1.592695713043213, ""z"": 0.0, ""velocity"": 0.0, ""snr"": 0.0}, {""x"": 0.6902217864990234, ""y"": 4.941701889038086, ""z"": 0.0, ""velocity"": 0.0, ""snr"": 0.0}, {""x"": 1.2155771255493164, ""y"": 1.7243027687072754, ""z"": 0.0, ""velocity"": 0.0, ""snr"": 0.0}, {""x"": 1.255810260772705, ""y"": 1.714468002319336, ""z"": 0.0, ""velocity"": 0.0, ""snr"": 0.0}]","[145195.0, 215339.0, 148176.0, 45446.0, 9174.0, 3103.0, 3994.0, 7213.0, 8831.0, 10347.0, 19956.0, 31451.0, 22874.0, 8156.0, 4956.0, 5576.0, 29340.0, 63144.0, 46836.0, 24653.0, 37969.0, 30549.0, 12173.0, 6961.0, 5799.0, 4197.0, 4947.0, 5720.0, 7669.0, 11083.0, 9975.0, 11678.0, 13227.0, 55440.0, 129961.0, 116356.0, 39391.0, 15175.0, 13507.0, 11689.0, 14757.0, 26491.0, 27481.0, 14934.0, 11333.0, 30987.0, 49182.0, 35475.0, 17175.0, 13225.0, 15559.0, 17485.0, 13253.0, 8899.0, 6989.0, 6053.0, 5480.0, 5246.0, 6694.0, 7712.0, 6841.0, 6056.0, 5966.0, 6204.0, 7260.0, 7956.0, 4978.0, 4848.0, 5874.0, 5212.0, 3842.0, 4222.0, 5481.0, 5511.0, 4226.0, 4287.0, 4341.0, 4175.0, 3732.0, 4704.0, 4151.0, 3675.0, 3534.0, 3388.0, 4265.0, 4490.0, 8240.0, 9188.0, 4749.0, 3016.0, 3258.0, 3475.0, 4047.0, 4321.0, 3657.0, 3205.0, 2944.0, 2852.0, 3034.0, 2775.0, 3031.0, 2881.0, 2828.0, 3413.0, 4438.0, 5471.0, 6896.0, 8044.0, 8095.0, 11487.0, 7785.0, 4657.0, 4710.0, 3133.0, 3630.0, 3861.0, 3356.0, 2862.0, 2507.0, 2448.0, 2167.0, 1974.0, 2069.0, 1877.0, 1655.0, 1637.0, 1510.0, 1618.0]",83670305.80765915
5,0.8,10,"[{""x"": -0.27483701705932617, ""y"": 0.7519125938415527, ""z"": 0.0, ""velocity"": 0.0, ""snr"": 0.0}, {""x"": -0.20706653594970703, ""y"": 0.7603168487548828, ""z"": 0.0, ""velocity"": 0.0, ""snr"": 0.0}, {""x"": -0.14019012451171875, ""y"": 1.5671253204345703, ""z"": 0.0, ""velocity"": 0.0, ""snr"": 0.0}, {""x"": -0.16307830810546875, ""y"": 1.5676617622375488, ""z"": 0.0, ""velocity"": 0.0, ""snr"": 0.0}, {""x"": -0.15753507614135742, ""y"": 1.5898346900939941, ""z"": 0.0, ""velocity"": 0.0, ""snr"": 0.0}, {""x"": -0.09191036224365234, ""y"": 1.558363437652588, ""z"": 0.0, ""velocity"": 0.0, ""snr"": 0.0}, {""x"": 0.7340312004089355, ""y"": 4.935264587402344, ""z"": 0.0, ""velocity"": 0.0, ""snr"": 0.0}, {""x"": 0.4958510398864746, ""y"": 0.7383227348327637, ""z"": 0.0, ""velocity"": 0.0, ""snr"": 0.0}, {""x"": 1.1864304542541504, ""y"": 1.7681121826171875, ""z"": 0.0, ""velocity"": 0.0, ""snr"": 0.0}, {""x"": 1.202702522277832, ""y"": 1.7350316047668457, ""z"": 0.0, ""velocity"": 0.0, ""snr"": 0.0}]","[145358.0, 215353.0, 148076.0, 45210.0, 9190.0, 3166.0, 3642.0, 8705.0, 12343.0, 12100.0, 21572.0, 32954.0, 23533.0, 9524.0, 4744.0, 5546.0, 27380.0, 59301.0, 44576.0, 24246.0, 32336.0, 29910.0, 12890.0, 6701.0, 5022.0, 3498.0, 4176.0, 5775.0, 8766.0, 10767.0, 9395.0, 8552.0, 11278.0, 54157.0, 130152.0, 117660.0, 37281.0, 12443.0, 13028.0, 11104.0, 18248.0, 27550.0, 24287.0, 11504.0, 11924.0, 32833.0, 51995.0, 39551.0, 20527.0, 14503.0, 15148.0, 14540.0, 11046.0, 7809.0, 7836.0, 6003.0, 5880.0, 5759.0, 7254.0, 8314.0, 7124.0, 6429.0, 5809.0, 5899.0, 6785.0, 8229.0, 5029.0, 6913.0, 7117.0, 3677.0, 4055.0, 4566.0, 5123.0, 5125.0, 4708.0, 4145.0, 3290.0, 3989.0, 4322.0, 3994.0, 2937.0, 3397.0, 3399.0, 3845.0, 4077.0, 4862.0, 6794.0, 9208.0, 5883.0, 3250.0, 3763.0, 2867.0, 3389.0, 3658.0, 3717.0, 3297.0, 2684.0, 3020.0, 2768.0, 3251.0, 3243.0, 2894.0, 2511.0, 3027.0, 3500.0, 4689.0, 6687.0, 7959.0, 7446.0, 10706.0, 8112.0, 5126.0, 4543.0, 2994.0, 3286.0, 3369.0, 2861.0, 2370.0, 2121.0, 2184.0, 1954.0, 1818.0, 1655.0, 1722.0, 1527.0, 1563.0, 1661.0, 1630.0]",81997073.60423541
6,0.8,11,"[{""x"": -1.0001063346862793, ""y"": 1.5946626663208008, ""z"": 0.0, ""velocity"": 0.0, ""snr"": 0.0}, {""x"": -0.25838613510131836, ""y"": 0.7635354995727539, ""z"": 0.0, ""velocity"": 0.0, ""snr"": 0.0}, {""x"": -0.2034902572631836, ""y"": 0.7681846618652344, ""z"": 0.0, ""velocity"": 0.0, ""snr"": 0.0}, {""x"": -0.1303553581237793, ""y"": 1.5546083450317383, ""z"": 0.0, ""velocity"": 0.0, ""snr"": 0.0}, {""x"": -0.1609325408935547, ""y"": 1.563727855682373, ""z"": 0.0, ""velocity"": 0.0, ""snr"": 0.0}, {""x"": -0.17273426055908203, ""y"": 1.565694808959961, ""z"": 0.0, ""velocity"": 0.0, ""snr"": 0.0}, {""x"": -0.1410841941833496, ""y"": 1.590728759765625, ""z"": 0.0, ""velocity"": 0.0, ""snr"": 0.0}, {""x"": 0.2651810646057129, ""y"": 0.8765459060668945, ""z"": 0.0, ""velocity"": 0.0, ""snr"": 0.0}, {""x"": 0.31006336212158203, ""y"": 0.8330941200256348, ""z"": 0.0, ""velocity"": 0.0, ""snr"": 0.0}, {""x"": 1.2202262878417969, ""y"": 1.719832420349121, ""z"": 0.0, ""velocity"": 0.0, ""snr"": 0.0}, {""x"": 1.2175440788269043, ""y"": 1.7421841621398926, ""z"": 0.0, ""velocity"": 0.0, ""snr"": 0.0}]","[145415.0, 214985.0, 147908.0, 45315.0, 9325.0, 3121.0, 3250.0, 7840.0, 11655.0, 14929.0, 18680.0, 17051.0, 11796.0, 5295.0, 4664.0, 5691.0, 20752.0, 33602906.0, 100860929.0, 460805.0, 3221554435.0, 838860802.0, 1090521700.0, 3.0, 184549376.0, 33554432.0, 4278190080.0, 771751935.0, 2181038081.0, 0.0, 758725504.0, 3784409.0, 4096000.0, 188710912.0, 1392508928.0, 1096700.0, 1358954496.0, 2298372683.0, 17.0, 3276425472.0, 2225148.0, 939524096.0, 586929998.0, 34.0, 3393937920.0, 2243835.0, 1660944384.0, 4210896202.0, 34.0, 1414151936.0, 7052561.0, 922746880.0, 856006978.0, 18.0, 3628811264.0, 2558231.0, 822083584.0, 3206171725.0, 37.0, 3477946624.0, 2317597.0, 838860800.0, 77389.0, 131072.0, 37243904.0, 55181312.0, 37968128.0, 11569408.0, 2414336.0, 716032.0, 2069504.0, 5041920.0, 5145600.0, 2273536.0, 5604352.0, 9415168.0, 7521024.0, 2947328.0, 1367552.0, 1232128.0, 7686656.0, 15417600.0, 10681856.0, 9746432.0, 11342848.0, 10072064.0, 4315904.0, 1519872.0, 1108736.0, 1040384.0, 1109248.0, 1604608.0, 1734656.0, 2337280.0, 2454784.0, 2021376.0, 2719488.0, 10057472.0, 24261888.0, 22632192.0, 8307968.0, 4492544.0, 4661248.0, 4091904.0, 5052416.0, 7094272.0, 6636544.0, 3570176.0, 2658560.0, 7705856.0, 11628800.0, 7354368.0, 3576064.0, 2435072.0, 3036672.0, 3109888.0, 2185984.0, 2171648.0, 1942272.0, 1536768.0, 1239296.0, 1684480.0, 2192896.0, 2551808.0, 2007552.0, 1509376.0, 1208832.0, 1736960.0]",400336203.2667142
7,0.8,11,"[{""x"": -0.21350383758544922, ""y"": 0.7495880126953125, ""z"": 0.0, ""velocity"": 0.0, ""snr"": 0.0}, {""x"": -0.21404027938842773, ""y"": 0.7545948028564453, ""z"": 0.0, ""velocity"": 0.0, ""snr"": 0.0}, {""x"": -0.22655725479125977, ""y"": 0.7624626159667969, ""z"": 0.0, ""velocity"": 0.0, ""snr"": 0.0}, {""x"": -0.15413761138916016, ""y"": 1.553356647491455, ""z"": 0.0, ""velocity"": 0.0, ""snr"": 0.0}, {""x"": -0.17505884170532227, ""y"": 1.5644431114196777, ""z"": 0.0, ""velocity"": 0.0, ""snr"": 0.0}, {""x"": -0.17827749252319336, ""y"": 1.5687346458435059, ""z"": 0.0, ""velocity"": 0.0, ""snr"": 0.0}, {""x"": -0.16236305236816406, ""y"": 1.5957355499267578, ""z"": 0.0, ""velocity"": 0.0, ""snr"": 0.0}, {""x"": 0.16254186630249023, ""y"": 0.9035468101501465, ""z"": 0.0, ""velocity"": 0.0, ""snr"": 0.0}, {""x"": 0.8865594863891602, ""y"": 4.91023063659668, ""z"": 0.0, ""velocity"": 0.0, ""snr"": 0.0}, {""x"": 0.3179311752319336, ""y"": 0.8245110511779785, ""z"": 0.0, ""velocity"": 0.0, ""snr"": 0.0}, {""x"": 1.1605024337768555, ""y"": 1.754164695739746, ""z"": 0.0, ""velocity"": 0.0, ""snr"": 0.0}]","[145170.0, 215108.0, 148201.0, 45664.0, 9298.0, 3123.0, 7886.0, 15324.0, 11468.0, 6599.0, 22807.0, 31470.0, 24070.0, 10051.0, 5035.0, 5300.0, 40320.0, 77451.0, 53386.0, 36351.0, 47491.0, 36502.0, 14211.0, 5813.0, 4465.0, 4297.0, 5186.0, 5375.0, 6491.0, 9601.0, 8425.0, 6948.0, 10360.0, 41317.0, 99375.0, 93166.0, 33488.0, 15766.0, 16332.0, 15416.0, 20123.0, 28483.0, 26102.0, 12840.0, 9512.0, 29184.0, 44662.0, 28153.0, 15260.0, 9188.0, 14418.0, 13926.0, 10782.0, 8539.0, 7697.0, 6229.0, 5394.0, 6009.0, 8360.0, 10433.0, 7544.0, 6732.0, 5318.0, 6776.0, 8323.0, 7442.0, 4441.0, 4772.0, 4881.0, 5177.0, 5347.0, 4541.0, 4581.0, 5331.0, 5664.0, 4071.0, 3427.0, 3567.0, 3656.0, 3567.0, 3485.0, 3262.0, 4039.0, 3837.0, 3330.0, 4842.0, 6524.0, 8456.0, 5094.0, 3293.0, 4505.0, 4044.0, 3638.0, 3986.0, 3906.0, 3539.0, 3025.0, 3213.0, 3656.0, 2722.0, 3172.0, 2736.0, 2701.0, 3469.0, 4580.0, 4788.0, 6166.0, 7291.0, 7979.0, 9968.0, 6788.0, 4334.0, 5058.0, 3285.0, 3079.0, 2847.0, 2322.0, 1984.0, 2145.0, 2205.0, 2250.0, 1862.0, 1948.0, 1761.0, 1581.0, 1776.0, 1807.0, 1499.0]",86317437.02531768
8,0.8,10,"[{""x"": -0.25266408920288086, ""y"": 0.7352828979492188, ""z"": 0.0, ""velocity"": 0.0, ""snr"": 0.0}, {""x"": -0.2719759941101074, ""y"": 0.7370710372924805, ""z"": 0.0, ""velocity"": 0.0, ""snr"": 0.0}, {""x"": -0.286102294921875, ""y"": 0.7404685020446777, ""z"": 0.0, ""velocity"": 0.0, ""snr"": 0.0}, {""x"": -0.15020370483398438, ""y"": 1.5538930892944336, ""z"": 0.0, ""velocity"": 0.0, ""snr"": 0.0}, {""x"": -0.17756223678588867, ""y"": 1.5635490417480469, ""z"": 0.0, ""velocity"": 0.0, ""snr"": 0.0}, {""x"": -0.1754164695739746, ""y"": 1.568913459777832, ""z"": 0.0, ""velocity"": 0.0, ""snr"": 0.0}, {""x"": -0.1392960548400879, ""y"": 1.5982389450073242, ""z"": 0.0, ""velocity"": 0.0, ""snr"": 0.0}, {""x"": 0.7799863815307617, ""y"": 4.928290843963623, ""z"": 0.0, ""velocity"": 0.0, ""snr"": 0.0}, {""x"": 0.21511316299438477, ""y"": 0.8844137191772461, ""z"": 0.0, ""velocity"": 0.0, ""snr"": 0.0}, {""x"": 1.1737346649169922, ""y"": 1.7462968826293945, ""z"": 0.0, ""velocity"": 0.0, ""snr"": 0.0}]","[145179.0, 215288.0, 148071.0, 45476.0, 9196.0, 4337.0, 32183.0, 69933.0, 57446.0, 21240.0, 22355.0, 29187.0, 21229.0, 9347.0, 6060.0, 6643.0, 39499.0, 73126.0, 55157.0, 38086.0, 51926.0, 37673.0, 11914.0, 4631.0, 3688.0, 3450.0, 5506.0, 5621.0, 7000.0, 9169.0, 8237.0, 7167.0, 10186.0, 41905.0, 99168.0, 91822.0, 33250.0, 15654.0, 17062.0, 16867.0, 20797.0, 30062.0, 26220.0, 12936.0, 9933.0, 29205.0, 44973.0, 29081.0, 14414.0, 7226.0, 11223.0, 12634.0, 9297.0, 9238.0, 8934.0, 6672.0, 5628.0, 6407.0, 7930.0, 9593.0, 7190.0, 6106.0, 4703.0, 7374.0, 8345.0, 6519.0, 4673.0, 4897.0, 5196.0, 5410.0, 5107.0, 4120.0, 4806.0, 6348.0, 5920.0, 4221.0, 3805.0, 3667.0, 3461.0, 3574.0, 3318.0, 3769.0, 3356.0, 3456.0, 3270.0, 4584.0, 6706.0, 8493.0, 4801.0, 3245.0, 4274.0, 4197.0, 3665.0, 4600.0, 4415.0, 3912.0, 3198.0, 2882.0, 3341.0, 2985.0, 3009.0, 2571.0, 2622.0, 3519.0, 4505.0, 5024.0, 6363.0, 7458.0, 8784.0, 11485.0, 7569.0, 4227.0, 4771.0, 2933.0, 2652.0, 2682.0, 2810.0, 2341.0, 2106.0, 2268.0, 2014.0, 2032.0, 1786.0, 1716.0, 1544.0, 1579.0, 1639.0, 1555.0]",84591258.50684968
9,0.8,10,"[{""x"": -0.24962425231933594, ""y"": 0.7358193397521973, ""z"": 0.0, ""velocity"": 0.0, ""snr"": 0.0}, {""x"": -0.26786327362060547, ""y"": 0.7395744323730469, ""z"": 0.0, ""velocity"": 0.0, ""snr"": 0.0}, {""x"": -0.2878904342651367, ""y"": 0.7385015487670898, ""z"": 0.0, ""velocity"": 0.0, ""snr"": 0.0}, {""x"": -0.15395879745483398, ""y"": 1.5517473220825195, ""z"": 0.0, ""velocity"": 0.0, ""snr"": 0.0}, {""x"": -0.1786351203918457, ""y"": 1.5621185302734375, ""z"": 0.0, ""velocity"": 0.0, ""snr"": 0.0}, {""x"": -0.1818537712097168, ""y"": 1.5660524368286133, ""z"": 0.0, ""velocity"": 0.0, ""snr"": 0.0}, {""x"": -0.12981891632080078, ""y"": 1.594841480255127, ""z"": 0.0, ""velocity"": 0.0, ""snr"": 0.0}, {""x"": 0.5578994750976562, ""y"": 4.95833158493042, ""z"": 0.0, ""velocity"": 0.0, ""snr"": 0.0}, {""x"": 1.1438727378845215, ""y"": 1.7695426940917969, ""z"": 0.0, ""velocity"": 0.0, ""snr"": 0.0}, {""x"": 1.182854175567627, ""y"": 1.75398588180542, ""z"": 0.0, ""velocity"": 0.0, ""snr"": 0.0}]","[145070.0, 215106.0, 148010.0, 45274.0, 9492.0, 15541.0, 35510.0, 30060.0, 20628.0, 18588.0, 27337.0, 37258.0, 22641.0, 9004.0, 4846.0, 8145.0, 47116.0, 87518.0, 68461.0, 38944.0, 50955.0, 38837.0, 12616.0, 4629.0, 3863.0, 2736.0, 3925.0, 4764.0, 7619.0, 9540.0, 8178.0, 7385.0, 10947.0, 44792.0, 101980.0, 92198.0, 30354.0, 12870.0, 17863.0, 18143.0, 19242.0, 28188.0, 26050.0, 13353.0, 7527.0, 27389.0, 44774.0, 29132.0, 13908.0, 7835.0, 13941.0, 14769.0, 10402.0, 8410.0, 6719.0, 5781.0, 5762.0, 6012.0, 6862.0, 8920.0, 7067.0, 6582.0, 5210.0, 6560.0, 8639.0, 8629.0, 4513.0, 4403.0, 4793.0, 5514.0, 5020.0, 4644.0, 5142.0, 6304.0, 5474.0, 4277.0, 4240.0, 4195.0, 3746.0, 3922.0, 3870.0, 3574.0, 3442.0, 3060.0, 3111.0, 4905.0, 7081.0, 8234.0, 4781.0, 2888.0, 4069.0, 4083.0, 4273.0, 5006.0, 4472.0, 3736.0, 3434.0, 2951.0, 3261.0, 2910.0, 2735.0, 2629.0, 2899.0, 3735.0, 5057.0, 5014.0, 6140.0, 7398.0, 9421.0, 12191.0, 7454.0, 4574.0, 5167.0, 2814.0, 3250.0, 3478.0, 2886.0, 2371.0, 2049.0, 2461.0, 2542.0, 2180.0, 1849.0, 1857.0, 1681.0, 1854.0, 1765.0, 1523.0]",82898898.3909361
10,0.8,8,"[{""x"": -0.25087594985961914, ""y"": 0.7504820823669434, ""z"": 0.0, ""velocity"": 0.0, ""snr"": 0.0}, {""x"": -0.21475553512573242, ""y"": 0.7483363151550293, ""z"": 0.0, ""velocity"": 0.0, ""snr"": 0.0}, {""x"": -0.22852420806884766, ""y"": 0.7524490356445312, ""z"": 0.0, ""velocity"": 0.0, ""snr"": 0.0}, {""x"": -0.12159347534179688, ""y"": 1.5558600425720215, ""z"": 0.0, ""velocity"": 0.0, ""snr"": 0.0}, {""x"": -0.1868605613708496, ""y"": 1.5603303909301758, ""z"": 0.0, ""velocity"": 0.0, ""snr"": 0.0}, {""x"": -0.2117156982421875, ""y"": 1.5572905540466309, ""z"": 0.0, ""velocity"": 0.0, ""snr"": 0.0}, {""x"": 1.2261271476745605, ""y"": 1.7148256301879883, ""z"": 0.0, ""velocity"": 0.0, ""snr"": 0.0}, {""x"": 1.3611316680908203, ""y"": 1.6252398490905762, ""z"": 0.0, ""velocity"": 0.0, ""snr"": 0.0}]","[145401.0, 215336.0, 148155.0, 45475.0, 9305.0, 14043.0, 38545.0, 52516.0, 52002.0, 28435.0, 22320.0, 29465.0, 16964.0, 8196.0, 5814.0, 7994.0, 52118.0, 100179.0, 75519.0, 23022.0, 42391.0, 36330.0, 12766.0, 4227.0, 3856.0, 2817.0, 4351.0, 5387.0, 7687.0, 9550.0, 8944.0, 7812.0, 10370.0, 40503.0, 94491.0, 80969.0, 20025.0, 13462.0, 15862.0, 16595.0, 18731.0, 26115.0, 23781.0, 11473.0, 7645.0, 28585.0, 46077.0, 31277.0, 12108.0, 8416.0, 13265.0, 12937.0, 9286.0, 8146.0, 7366.0, 6066.0, 5660.0, 4756.0, 6457.0, 9194.0, 8351.0, 7697.0, 5873.0, 6918.0, 8369.0, 7714.0, 3523.0, 4789.0, 4593.0, 4977.0, 4447.0, 3990.0, 4038.0, 5379.0, 4626.0, 3763.0, 3473.0, 3384.0, 2904.0, 3786.0, 3367.0, 3879.0, 3060.0, 2899.0, 2657.0, 4501.0, 7115.0, 8271.0, 5045.0, 3240.0, 3397.0, 3524.0, 3853.0, 4606.0, 3985.0, 3501.0, 3163.0, 3452.0, 3670.0, 2865.0, 3048.0, 2742.0, 2784.0, 3398.0, 4802.0, 5328.0, 6401.0, 6927.0, 4430.0, 3451.0, 4290.0, 6017.0, 5044.0, 2859.0, 3036.0, 2790.0, 2199.0, 2401.0, 2369.0, 2326.0, 1881.0, 1782.0, 1769.0, 1967.0, 1672.0, 1747.0, 1812.0, 1542.0]",81241729.85440499
11,0.8,10,"[{""x"": -1.0564327239990234, ""y"": 1.5578269958496094, ""z"": 0.0, ""velocity"": 0.0, ""snr"": 0.0}, {""x"": -0.19115209579467773, ""y"": 0.7556676864624023, ""z"": 0.0, ""velocity"": 0.0, ""snr"": 0.0}, {""x"": -0.20188093185424805, ""y"": 0.7612109184265137, ""z"": 0.0, ""velocity"": 0.0, ""snr"": 0.0}, {""x"": -0.21082162857055664, ""y"": 0.7640719413757324, ""z"": 0.0, ""velocity"": 0.0, ""snr"": 0.0}, {""x"": -0.3522634506225586, ""y"": 1.5664100646972656, ""z"": 0.0, ""velocity"": 0.0, ""snr"": 0.0}, {""x"": -0.16611814498901367, ""y"": 1.552283763885498, ""z"": 0.0, ""velocity"": 0.0, ""snr"": 0.0}, {""x"": -0.1925826072692871, ""y"": 1.559436321258545, ""z"": 0.0, ""velocity"": 0.0, ""snr"": 0.0}, {""x"": -0.21332502365112305, ""y"": 1.5560388565063477, ""z"": 0.0, ""velocity"": 0.0, ""snr"": 0.0}, {""x"": 1.1937618255615234, ""y"": 1.7387866973876953, ""z"": 0.0, ""velocity"": 0.0, ""snr"": 0.0}, {""x"": 1.2749433517456055, ""y"": 1.695692539215088, ""z"": 0.0, ""velocity"": 0.0, ""snr"": 0.0}]","[145220.0, 215083.0, 148040.0, 45558.0, 9058.0, 5832.0, 18537.0, 35566.0, 36498.0, 19188.0, 18193.0, 24143.0, 17011.0, 9821.0, 5837.0, 6567.0, 43559.0, 87413.0, 66606.0, 21547.0, 34920.0, 30577.0, 11063.0, 3889.0, 4849.0, 4247.0, 3851.0, 5871.0, 7318.0, 8902.0, 8061.0, 7087.0, 10914.0, 40435.0, 95434.0, 80606.0, 19390.0, 17462.0, 18098.0, 18546.0, 19610.0, 27258.0, 24790.0, 12378.0, 7954.0, 27056.0, 44064.0, 30853.0, 11690.0, 9604.0, 13215.0, 13767.0, 9986.0, 7842.0, 7046.0, 6155.0, 5474.0, 5219.0, 7429.0, 8746.0, 7428.0, 7630.0, 5737.0, 7540.0, 8377.0, 7284.0, 3810.0, 4275.0, 4206.0, 4687.0, 4506.0, 4017.0, 4483.0, 5351.0, 4551.0, 3943.0, 3590.0, 2724.0, 2663.0, 3223.0, 2995.0, 2962.0, 3336.0, 3713.0, 3123.0, 3690.0, 6990.0, 9116.0, 5304.0, 3982.0, 3852.0, 3794.0, 4566.0, 5304.0, 4437.0, 3756.0, 3342.0, 3348.0, 3243.0, 2925.0, 2969.0, 2748.0, 2613.0, 3485.0, 4312.0, 4823.0, 5894.0, 7176.0, 5979.0, 5468.0, 5185.0, 5424.0, 4708.0, 2833.0, 2837.0, 2852.0, 2444.0, 2582.0, 2437.0, 2072.0, 2163.0, 2234.0, 1736.0, 1632.0, 1778.0, 1834.0, 1584.0, 1549.0]",79616543.44837388
12,0.8,12,"[{""x"": -0.33545494079589844, ""y"": 0.8622407913208008, ""z"": 0.0, ""velocity"": 0.0, ""snr"": 0.0}, {""x"": -0.16701221466064453, ""y"": 0.7603168487548828, ""z"": 0.0, ""velocity"": 0.0, ""snr"": 0.0}, {""x"": -0.17148256301879883, ""y"": 0.7683634757995605, ""z"": 0.0, ""velocity"": 0.0, ""snr"": 0.0}, {""x"": -0.15985965728759766, ""y"": 0.7796287536621094, ""z"": 0.0, ""velocity"": 0.0, ""snr"": 0.0}, {""x"": -0.13571977615356445, ""y"": 1.5560388565063477, ""z"": 0.0, ""velocity"": 0.0, ""snr"": 0.0}, {""x"": -0.17023086547851562, ""y"": 1.563727855682373, ""z"": 0.0, ""velocity"": 0.0, ""snr"": 0.0}, {""x"": -0.17791986465454102, ""y"": 1.5655159950256348, ""z"": 0.0, ""velocity"": 0.0, ""snr"": 0.0}, {""x"": -0.17684698104858398, ""y"": 1.5951991081237793, ""z"": 0.0, ""velocity"": 0.0, ""snr"": 0.0}, {""x"": 0.361025333404541, ""y"": 0.80108642578125, ""z"": 0.0, ""velocity"": 0.0, ""snr"": 0.0}, {""x"": 0.4960298538208008, ""y"": 0.7538795471191406, ""z"": 0.0, ""velocity"": 0.0, ""snr"": 0.0}, {""x"": 1.1783838272094727, ""y"": 1.7448663711547852, ""z"": 0.0, ""velocity"": 0.0, ""snr"": 0.0}, {""x"": 1.247406005859375, ""y"": 1.7119646072387695, ""z"": 0.0, ""velocity"": 0.0, ""snr"": 0.0}]","[144981.0, 215150.0, 148063.0, 45320.0, 9017.0, 5685.0, 17501.0, 32220.0, 25709.0, 11136.0, 17384.0, 26142.0, 17518.0, 7601.0, 3591.0, 5965.0, 33954.0, 67691.0, 51099.0, 30813.0, 35302.0, 29930.0, 11447.0, 5599.0, 5934.0, 3647.0, 4636.0, 6127.0, 7234.0, 8724.0, 8376.0, 6950.0, 10170.0, 43530.0, 104519.0, 93455.0, 29173.0, 18251.0, 18082.0, 18039.0, 18427.0, 28433.0, 25834.0, 12924.0, 9364.0, 27974.0, 43080.0, 28607.0, 10041.0, 9949.0, 12821.0, 14410.0, 11630.0, 8445.0, 7841.0, 6842.0, 5155.0, 4822.0, 6242.0, 7779.0, 6801.0, 8072.0, 5900.0, 7244.0, 8656.0, 7716.0, 5229.0, 4602.0, 4687.0, 4682.0, 4066.0, 3715.0, 3837.0, 5037.0, 4944.0, 3245.0, 2742.0, 2913.0, 3017.0, 3486.0, 3059.0, 2853.0, 2901.0, 3545.0, 3661.0, 3281.0, 7261.0, 8631.0, 5256.0, 3356.0, 3391.0, 3399.0, 4585.0, 5384.0, 4482.0, 3809.0, 3633.0, 2999.0, 3235.0, 2783.0, 2519.0, 2498.0, 2812.0, 3605.0, 4291.0, 4693.0, 5944.0, 7220.0, 6544.0, 7316.0, 5704.0, 4540.0, 4232.0, 2804.0, 3186.0, 3235.0, 2735.0, 2555.0, 2360.0, 2126.0, 2070.0, 2072.0, 1808.0, 1687.0, 1755.0, 1635.0, 1687.0, 1504.0]",78024304.49028102
13,0.8,12,"[{""x"": -0.38748979568481445, ""y"": 0.8329153060913086, ""z"": 0.0, ""velocity"": 0.0, ""snr"": 0.0}, {""x"": -0.48065185546875, ""y"": 1.6102194786071777, ""z"": 0.0, ""velocity"": 0.0, ""snr"": 0.0}, {""x"": -0.08672475814819336, ""y"": 0.782310962677002, ""z"": 0.0, ""velocity"": 0.0, ""snr"": 0.0}, {""x"": -0.09244680404663086, ""y"": 0.7980465888977051, ""z"": 0.0, ""velocity"": 0.0, ""snr"": 0.0}, {""x"": -0.12284517288208008, ""y"": 1.5565752983093262, ""z"": 0.0, ""velocity"": 0.0, ""snr"": 0.0}, {""x"": -0.1671910285949707, ""y"": 1.5644431114196777, ""z"": 0.0, ""velocity"": 0.0, ""snr"": 0.0}, {""x"": -0.1639723777770996, ""y"": 1.5680193901062012, ""z"": 0.0, ""velocity"": 0.0, ""snr"": 0.0}, {""x"": -0.12695789337158203, ""y"": 1.5978813171386719, ""z"": 0.0, ""velocity"": 0.0, ""snr"": 0.0}, {""x"": 0.5371570587158203, ""y"": 4.96065616607666, ""z"": 0.0, ""velocity"": 0.0, ""snr"": 0.0}, {""x"": 0.47260522842407227, ""y"": 0.7458329200744629, ""z"": 0.0, ""velocity"": 0.0, ""snr"": 0.0}, {""x"": 1.1728405952453613, ""y"": 1.7518401145935059, ""z"": 0.0, ""velocity"": 0.0, ""snr"": 0.0}, {""x"": 1.2071728706359863, ""y"": 1.7454028129577637, ""z"": 0.0, ""velocity"": 0.0, ""snr"": 0.0}]","[144972.0, 214909.0, 147971.0, 45291.0, 9170.0, 5570.0, 18441.0, 34968.0, 47676.0, 30008.0, 23733.0, 26010.0, 14153.0, 7269.0, 5082.0, 4703.0, 20296.0, 39421.0, 30187.0, 25100.0, 34362.0, 30150.0, 11270.0, 5308.0, 4418.0, 3392.0, 4151.0, 5943.0, 6723.0, 7792.0, 9547.0, 7614.0, 10618.0, 43928.0, 106649.0, 96375.0, 31557.0, 17061.0, 17944.0, 16685.0, 18594.0, 28329.0, 25380.0, 12342.0, 7743.0, 27455.0, 44196.0, 30915.0, 12114.0, 9497.0, 12556.0, 14607.0, 11656.0, 8356.0, 8885.0, 7854.0, 4891.0, 4613.0, 6854.0, 8342.0, 6352.0, 7303.0, 6242.0, 6953.0, 8773.0, 8799.0, 4778.0, 4392.0, 4477.0, 4684.0, 3705.0, 3927.0, 4299.0, 5412.0, 5046.0, 3325.0, 3017.0, 3454.0, 3826.0, 4222.0, 3337.0, 2812.0, 3198.0, 3021.0, 3449.0, 3969.0, 7834.0, 8600.0, 4711.0, 3681.0, 2673.0, 3183.0, 3412.0, 3995.0, 3726.0, 3710.0, 3619.0, 2907.0, 2808.0, 2583.0, 2307.0, 2300.0, 2775.0, 2942.0, 3688.0, 4537.0, 5989.0, 7339.0, 7965.0, 11155.0, 8690.0, 5598.0, 5065.0, 3142.0, 3160.0, 3299.0, 2774.0, 2493.0, 2266.0, 2136.0, 2079.0, 1870.0, 1731.0, 1738.0, 1736.0, 1539.0, 1692.0, 1676.0]",76464419.55957249
14,0.8,10,"[{""x"": -0.3075599670410156, ""y"": 0.8191466331481934, ""z"": 0.0, ""velocity"": 0.0, ""snr"": 0.0}, {""x"": -0.15878677368164062, ""y"": 0.8102059364318848, ""z"": 0.0, ""velocity"": 0.0, ""snr"": 0.0}, {""x"": -0.07957220077514648, ""y"": 0.7926821708679199, ""z"": 0.0, ""velocity"": 0.0, ""snr"": 0.0}, {""x"": -0.12624263763427734, ""y"": 1.5683770179748535, ""z"": 0.0, ""velocity"": 0.0, ""snr"": 0.0}, {""x"": -0.1405477523803711, ""y"": 1.569986343383789, ""z"": 0.0, ""velocity"": 0.0, ""snr"": 0.0}, {""x"": -0.11408329010009766, ""y"": 1.5964508056640625, ""z"": 0.0, ""velocity"": 0.0, ""snr"": 0.0}, {""x"": -0.08565187454223633, ""y"": 1.5580058097839355, ""z"": 0.0, ""velocity"": 0.0, ""snr"": 0.0}, {""x"": 0.3840923309326172, ""y"": 4.974782466888428, ""z"": 0.0, ""velocity"": 0.0, ""snr"": 0.0}, {""x"": 1.193404197692871, ""y"": 1.7389655113220215, ""z"": 0.0, ""velocity"": 0.0, ""snr"": 0.0}, {""x"": 1.2354254722595215, ""y"": 1.7296671867370605, ""z"": 0.0, ""velocity"": 0.0, ""snr"": 0.0}]","[145311.0, 215275.0, 148160.0, 45515.0, 9495.0, 8721.0, 14629.0, 29855.0, 36552.0, 22197.0, 21318.0, 26950.0, 17116.0, 7010.0, 5228.0, 3928.0, 14185.0, 32614.0, 32179.0, 31988.0, 37619.0, 31977.0, 12352.0, 4946.0, 6090.0, 6276.0, 5533.0, 8002.0, 8831.0, 8934.0, 9661.0, 7409.0, 9565.0, 55004.0, 131068.0, 119105.0, 37855.0, 16957.0, 15506.0, 11932.0, 16105.0, 28020.0, 26109.0, 13080.0, 9841.0, 29170.0, 44937.0, 32467.0, 15218.0, 10548.0, 12548.0, 14197.0, 12125.0, 8988.0, 10012.0, 8343.0, 5275.0, 5017.0, 6744.0, 9220.0, 7206.0, 5858.0, 5378.0, 6535.0, 8690.0, 8734.0, 4463.0, 3805.0, 4435.0, 4593.0, 3934.0, 3250.0, 3582.0, 4619.0, 4388.0, 3900.0, 2810.0, 3999.0, 3934.0, 3842.0, 3499.0, 3105.0, 3445.0, 3280.0, 3372.0, 4059.0, 7822.0, 9220.0, 4846.0, 3617.0, 3644.0, 3941.0, 3299.0, 3052.0, 3505.0, 4109.0, 3970.0, 3642.0, 3331.0, 2577.0, 2590.0, 2747.0, 2765.0, 3189.0, 3987.0, 4655.0, 5902.0, 7273.0, 7695.0, 10478.0, 9044.0, 6505.0, 5493.0, 3217.0, 3094.0, 2760.0, 2702.0, 2415.0, 2413.0, 2345.0, 2148.0, 2118.0, 2029.0, 1768.0, 1669.0, 1812.0, 1886.0, 1634.0]",74934379.99216148
0,0.8,12,"[{""x"": -0.3014802932739258, ""y"": 0.8720755577087402, ""z"": 0.0, ""velocity"": 0.0, ""snr"": 0.0}, {""x"": -0.16576051712036133, ""y"": 0.7587075233459473, ""z"": 0.0, ""velocity"": 0.0, ""snr"": 0.0}, {""x"": -0.274658203125, ""y"": 0.8482933044433594, ""z"": 0.0, ""velocity"": 0.0, ""snr"": 0.0}, {""x"": -0.12177228927612305, ""y"": 0.8005499839782715, ""z"": 0.0, ""velocity"": 0.0, ""snr"": 0.0}, {""x"": -0.1405477523803711, ""y"": 1.5567541122436523, ""z"": 0.0, ""velocity"": 0.0, ""snr"": 0.0}, {""x"": -0.15860795974731445, ""y"": 1.565873622894287, ""z"": 0.0, ""velocity"": 0.0, ""snr"": 0.0}, {""x"": -0.1696944236755371, ""y"": 1.5707015991210938, ""z"": 0.0, ""velocity"": 0.0, ""snr"": 0.0}, {""x"": -0.13071298599243164, ""y"": 1.5985965728759766, ""z"": 0.0, ""velocity"": 0.0, ""snr"": 0.0}, {""x"": 0.9006857872009277, ""y"": 4.887521266937256, ""z"": 0.0, ""velocity"": 0.0, ""snr"": 0.0}, {""x"": 0.6081461906433105, ""y"": 4.952430725097656, ""z"": 0.0, ""velocity"": 0.0, ""snr"": 0.0}, {""x"": 1.197516918182373, ""y"": 1.734316349029541, ""z"": 0.0, ""velocity"": 0.0, ""snr"": 0.0}, {""x"": 1.2822747230529785, ""y"": 1.6908645629882812, ""z"": 0.0, ""velocity"": 0.0, ""snr"": 0.0}]","[145464.0, 215138.0, 147855.0, 45275.0, 9380.0, 5951.0, 21630.0, 38914.0, 28059.0, 8555.0, 11764.0, 17485.0, 24941.0, 17920.0, 5539.0, 7226.0, 22799.0, 34544.0, 22273.0, 24832.0, 47729.0, 34461.0, 12833.0, 10501.0, 7293.0, 6605.0, 6652.0, 6841.0, 6458.0, 8360.0, 8863.0, 5755.0, 10058.0, 50964.0, 122846.0, 113750.0, 44255.0, 17511.0, 17366.0, 15018.0, 18408.0, 30742.0, 28456.0, 13179.0, 9147.0, 27949.0, 43828.0, 29299.0, 12483.0, 8501.0, 13244.0, 13420.0, 8378.0, 7350.0, 7036.0, 6040.0, 5389.0, 6372.0, 7997.0, 8269.0, 6443.0, 5325.0, 5713.0, 7273.0, 8449.0, 8689.0, 5702.0, 5111.0, 5882.0, 6108.0, 5447.0, 4598.0, 4752.0, 5306.0, 5220.0, 4916.0, 3510.0, 3349.0, 3864.0, 3770.0, 3514.0, 3318.0, 3825.0, 3136.0, 3137.0, 5250.0, 8980.0, 10069.0, 5441.0, 4253.0, 4801.0, 3914.0, 4909.0, 5202.0, 3991.0, 3820.0, 3663.0, 2777.0, 3124.0, 3975.0, 4340.0, 3856.0, 3271.0, 3391.0, 4986.0, 5648.0, 6440.0, 7254.0, 9892.0, 12542.0, 7822.0, 4594.0, 5128.0, 2829.0, 2910.0, 3040.0, 2615.0, 2430.0, 2084.0, 2435.0, 2038.0, 1895.0, 1895.0, 1984.0, 1757.0, 1889.0, 1671.0, 1630.0]",78950516.84250818
1,0.8,12,"[{""x"": -1.0775327682495117, ""y"": 1.567840576171875, ""z"": 0.0, ""velocity"": 0.0, ""snr"": 0.0}, {""x"": -1.0312199592590332, ""y"": 1.5787482261657715, ""z"": 0.0, ""velocity"": 0.0, ""snr"": 0.0}, {""x"": -0.10818243026733398, ""y"": 1.5597939491271973, ""z"": 0.0, ""velocity"": 0.0, ""snr"": 0.0}, {""x"": -0.14519691467285156, ""y"": 1.5665888786315918, ""z"": 0.0, ""velocity"": 0.0, ""snr"": 0.0}, {""x"": -0.1494884490966797, ""y"": 1.5680193901062012, ""z"": 0.0, ""velocity"": 0.0, ""snr"": 0.0}, {""x"": -0.15091896057128906, ""y"": 1.6731619834899902, ""z"": 0.0, ""velocity"": 0.0, ""snr"": 0.0}, {""x"": -0.0947713851928711, ""y"": 1.6030669212341309, ""z"": 0.0, ""velocity"": 0.0, ""snr"": 0.0}, {""x"": 0.7059574127197266, ""y"": 4.939377307891846, ""z"": 0.0, ""velocity"": 0.0, ""snr"": 0.0}, {""x"": 0.07331371307373047, ""y"": 0.2732276916503906, ""z"": 0.0, ""velocity"": 0.0, ""snr"": 0.0}, {""x"": 0.43487548828125, ""y"": 0.7928609848022461, ""z"": 0.0, ""velocity"": 0.0, ""snr"": 0.0}, {""x"": 1.169443130493164, ""y"": 1.7543435096740723, ""z"": 0.0, ""velocity"": 0.0, ""snr"": 0.0}, {""x"": 1.2137889862060547, ""y"": 1.7403960227966309, ""z"": 0.0, ""velocity"": 0.0, ""snr"": 0.0}]","[145145.0, 215201.0, 148135.0, 45249.0, 9680.0, 23378.0, 41894.0, 33560.0, 26154.0, 10949.0, 13724.0, 19210.0, 23464.0, 15391.0, 5614.0, 4727.0, 13039.0, 19308.0, 11800.0, 20770.0, 35119.0, 27736.0, 12296.0, 7897.0, 5754.0, 5195.0, 5387.0, 5232.0, 5973.0, 8403.0, 9644.0, 7037.0, 10257.0, 47707.0, 117463.0, 104389.0, 31906.0, 20773.0, 19403.0, 15651.0, 17828.0, 28193.0, 25001.0, 12377.0, 8734.0, 27829.0, 44717.0, 31781.0, 11716.0, 11633.0, 15926.0, 14711.0, 11295.0, 8080.0, 7703.0, 7269.0, 5291.0, 5197.0, 7301.0, 8272.0, 6201.0, 4504.0, 4023.0, 6016.0, 8286.0, 8509.0, 4116.0, 4875.0, 4468.0, 5337.0, 4598.0, 4082.0, 5194.0, 5617.0, 4910.0, 4828.0, 3578.0, 4150.0, 3871.0, 3733.0, 3431.0, 3826.0, 4098.0, 3461.0, 3500.0, 3505.0, 7495.0, 9411.0, 5276.0, 2770.0, 3175.0, 3193.0, 3246.0, 4248.0, 3467.0, 3664.0, 3682.0, 2895.0, 3172.0, 3527.0, 3889.0, 3283.0, 2779.0, 3382.0, 4164.0, 4960.0, 6158.0, 6682.0, 7943.0, 11613.0, 8718.0, 5870.0, 5625.0, 3123.0, 2959.0, 3402.0, 3183.0, 2756.0, 2122.0, 2342.0, 2086.0, 1974.0, 1832.0, 1750.0, 1917.0, 1784.0, 1803.0, 1605.0]",77372606.1410181
2,0.8,13,"[{""x"": -1.0228157043457031, ""y"": 1.5892982482910156, ""z"": 0.0, ""velocity"": 0.0, ""snr"": 0.0}, {""x"": -1.0471343994140625, ""y"": 1.5921592712402344, ""z"": 0.0, ""velocity"": 0.0, ""snr"": 0.0}, {""x"": -0.33277273178100586, ""y"": 0.8631348609924316, ""z"": 0.0, ""velocity"": 0.0, ""snr"": 0.0}, {""x"": -0.2948641777038574, ""y"": 0.8835196495056152, ""z"": 0.0, ""velocity"": 0.0, ""snr"": 0.0}, {""x"": -0.13178586959838867, ""y"": 1.555323600769043, ""z"": 0.0, ""velocity"": 0.0, ""snr"": 0.0}, {""x"": -0.15860795974731445, ""y"": 1.5644431114196777, ""z"": 0.0, ""velocity"": 0.0, ""snr"": 0.0}, {""x"": -0.171661376953125, ""y"": 1.5662312507629395, ""z"": 0.0, ""velocity"": 0.0, ""snr"": 0.0}, {""x"": -0.017523765563964844, ""y"": 0.3418922424316406, ""z"": 0.0, ""velocity"": 0.0, ""snr"": 0.0}, {""x"": -0.09781122207641602, ""y"": 1.5914440155029297, ""z"": 0.0, ""velocity"": 0.0, ""snr"": 0.0}, {""x"": 0.882267951965332, ""y"": 4.910945892333984, ""z"": 0.0, ""velocity"": 0.0, ""snr"": 0.0}, {""x"": 1.0020732879638672, ""y"": 4.8705339431762695, ""z"": 0.0, ""velocity"": 0.0, ""snr"": 0.0}, {""x"": 1.1867880821228027, ""y"": 1.7434358596801758, ""z"": 0.0, ""velocity"": 0.0, ""snr"": 0.0}, {""x"": 1.2252330780029297, ""y"": 1.7341375350952148, ""z"": 0.0, ""velocity"": 0.0, ""snr"": 0.0}]","[144907.0, 215320.0, 148259.0, 45494.0, 9364.0, 15703.0, 32728.0, 47980.0, 43268.0, 17090.0, 13599.0, 23963.0, 32754.0, 22097.0, 5788.0, 5052.0, 14036.0, 21041.0, 12871.0, 20948.0, 42251.0, 32358.0, 11475.0, 6060.0, 5772.0, 5556.0, 4298.0, 5787.0, 7178.0, 8317.0, 8667.0, 5791.0, 9994.0, 44894.0, 106224.0, 94378.0, 29768.0, 9961.0, 11994.0, 14051.0, 17198.0, 29988.0, 27491.0, 14701.0, 10861.0, 28777.0, 44528.0, 31984.0, 13262.0, 9663.0, 13632.0, 14964.0, 11382.0, 8724.0, 6239.0, 6799.0, 5431.0, 5081.0, 6836.0, 9008.0, 7138.0, 4847.0, 4779.0, 5829.0, 7910.0, 7429.0, 3774.0, 4854.0, 5588.0, 6255.0, 5249.0, 4783.0, 4530.0, 4387.0, 4249.0, 4330.0, 3524.0, 3897.0, 3929.0, 4109.0, 3641.0, 3152.0, 3369.0, 2701.0, 3409.0, 3917.0, 7741.0, 9261.0, 4727.0, 3184.0, 3628.0, 3811.0, 4477.0, 4665.0, 4420.0, 4573.0, 4334.0, 3309.0, 2991.0, 3124.0, 3536.0, 2904.0, 2522.0, 3117.0, 4438.0, 5067.0, 5685.0, 6839.0, 12952.0, 17227.0, 9910.0, 5142.0, 5557.0, 3299.0, 3121.0, 3007.0, 2594.0, 2623.0, 2143.0, 2341.0, 2145.0, 1969.0, 1808.0, 1851.0, 1713.0, 1720.0, 1611.0, 1574.0]",75825151.68653966
3,0.8,11,"[{""x"": -0.2886056900024414, ""y"": 0.722050666809082, ""z"": 0.0, ""velocity"": 0.0, ""snr"": 0.0}, {""x"": -0.16057491302490234, ""y"": 0.7976889610290527, ""z"": 0.0, ""velocity"": 0.0, ""snr"": 0.0}, {""x"": -0.12302398681640625, ""y"": 1.5547871589660645, ""z"": 0.0, ""velocity"": 0.0, ""snr"": 0.0}, {""x"": -0.16021728515625, ""y"": 1.56480073928833, ""z"": 0.0, ""velocity"": 0.0, ""snr"": 0.0}, {""x"": -0.16450881958007812, ""y"": 1.571059226989746, ""z"": 0.0, ""velocity"": 0.0, ""snr"": 0.0}, {""x"": -0.06580352783203125, ""y"": 1.6019940376281738, ""z"": 0.0, ""velocity"": 0.0, ""snr"": 0.0}, {""x"": 0.920712947845459, ""y"": 4.903972148895264, ""z"": 0.0, ""velocity"": 0.0, ""snr"": 0.0}, {""x"": 1.0551810264587402, ""y"": 4.8569440841674805, ""z"": 0.0, ""velocity"": 0.0, ""snr"": 0.0}, {""x"": 0.3275871276855469, ""y"": 0.8352398872375488, ""z"": 0.0, ""velocity"": 0.0, ""snr"": 0.0}, {""x"": 1.1567473411560059, ""y"": 1.7632842063903809, ""z"": 0.0, ""velocity"": 0.0, ""snr"": 0.0}, {""x"": 1.1762380599975586, ""y"": 1.7652511596679688, ""z"": 0.0, ""velocity"": 0.0, ""snr"": 0.0}]","[145197.0, 215094.0, 147707.0, 45325.0, 9435.0, 9031.0, 15209.0, 35584.0, 47805.0, 23519.0, 21969.0, 33989.0, 38753.0, 19981.0, 4106.0, 6419.0, 17531.0, 26483.0, 18520.0, 22145.0, 37725.0, 30383.0, 10133.0, 7368.0, 6288.0, 4894.0, 3895.0, 5009.0, 7132.0, 8194.0, 8899.0, 6725.0, 10236.0, 46505.0, 108084.0, 98728.0, 39901.0, 15097.0, 10601.0, 10873.0, 16692.0, 28598.0, 26850.0, 14142.0, 10112.0, 28610.0, 45685.0, 32876.0, 11661.0, 7711.0, 12450.0, 13587.0, 10877.0, 8751.0, 6933.0, 6879.0, 5181.0, 4258.0, 7653.0, 8663.0, 5865.0, 4745.0, 4324.0, 6062.0, 7672.0, 7427.0, 4441.0, 5599.0, 5870.0, 5371.0, 4330.0, 4758.0, 5124.0, 5960.0, 5477.0, 4564.0, 3938.0, 3356.0, 4319.0, 4963.0, 3646.0, 2972.0, 3477.0, 3424.0, 3352.0, 4668.0, 6877.0, 8294.0, 4932.0, 3733.0, 3263.0, 4381.0, 5164.0, 5417.0, 4608.0, 4171.0, 3892.0, 3007.0, 2941.0, 3140.0, 3471.0, 3029.0, 2745.0, 3298.0, 4241.0, 4781.0, 5819.0, 6827.0, 12414.0, 15572.0, 8623.0, 4576.0, 5207.0, 3141.0, 2964.0, 3182.0, 2498.0, 2514.0, 2305.0, 2644.0, 2120.0, 1714.0, 1773.0, 1757.0, 1796.0, 1923.0, 1514.0, 1536.0]",74308378.03023496
4,0.8,13,"[{""x"": -1.096487045288086, ""y"": 1.5538930892944336, ""z"": 0.0, ""velocity"": 0.0, ""snr"": 0.0}, {""x"": -1.055896282196045, ""y"": 1.5680193901062012, ""z"": 0.0, ""velocity"": 0.0, ""snr"": 0.0}, {""x"": -0.3401041030883789, ""y"": 0.8649230003356934, ""z"": 0.0, ""velocity"": 0.0, ""snr"": 0.0}, {""x"": -0.11229515075683594, ""y"": 0.7819533348083496, ""z"": 0.0, ""velocity"": 0.0, ""snr"": 0.0}, {""x"": -0.12302398681640625, ""y"": 1.554429531097412, ""z"": 0.0, ""velocity"": 0.0, ""snr"": 0.0}, {""x"": -0.15091896057128906, ""y"": 1.565694808959961, ""z"": 0.0, ""velocity"": 0.0, ""snr"": 0.0}, {""x"": -0.16003847122192383, ""y"": 1.5723109245300293, ""z"": 0.0, ""velocity"": 0.0, ""snr"": 0.0}, {""x"": -0.0457763671875, ""y"": 0.8044838905334473, ""z"": 0.0, ""velocity"": 0.0, ""snr"": 0.0}, {""x"": -0.05078315734863281, ""y"": 1.6064643859863281, ""z"": 0.0, ""velocity"": 0.0, ""snr"": 0.0}, {""x"": 0.8742213249206543, ""y"": 4.912376403808594, ""z"": 0.0, ""velocity"": 0.0, ""snr"": 0.0}, {""x"": 1.1780261993408203, ""y"": 1.7507672309875488, ""z"": 0.0, ""velocity"": 0.0, ""snr"": 0.0}, {""x"": 1.1782050132751465, ""y"": 1.7693638801574707, ""z"": 0.0, ""velocity"": 0.0, ""snr"": 0.0}, {""x"": 0.584721565246582, ""y"": 0.7172226905822754, ""z"": 0.0, ""velocity"": 0.0, ""snr"": 0.0}]","[145031.0, 215221.0, 147972.0, 45356.0, 9236.0, 9079.0, 25973.0, 38985.0, 43191.0, 21344.0, 15213.0, 31945.0, 34217.0, 13416.0, 5298.0, 7308.0, 12656.0, 21520.0, 19748.0, 17541.0, 31372.0, 26246.0, 11365.0, 4597.0, 4390.0, 5642.0, 4833.0, 5476.0, 7367.0, 8195.0, 8655.0, 6984.0, 10954.0, 48230.0, 111086.0, 102564.0, 43090.0, 18952.0, 12905.0, 12923.0, 16056.0, 28214.0, 25199.0, 11840.0, 8750.0, 27625.0, 44407.0, 33538.0, 14691.0, 10990.0, 13605.0, 13573.0, 10848.0, 7742.0, 6152.0, 6819.0, 5747.0, 5487.0, 7387.0, 9429.0, 7384.0, 4985.0, 5124.0, 6145.0, 7543.0, 7354.0, 4185.0, 4556.0, 6069.0, 6061.0, 4529.0, 4123.0, 4762.0, 4961.0, 4158.0, 4181.0, 3558.0, 2988.0, 3094.0, 3543.0, 3490.0, 3276.0, 4372.0, 3391.0, 3410.0, 4625.0, 7613.0, 8239.0, 4500.0, 3671.0, 3194.0, 2908.0, 4338.0, 4646.0, 4035.0, 3445.0, 2996.0, 2711.0, 2954.0, 3229.0, 3516.0, 2918.0, 2581.0, 3557.0, 4398.0, 4882.0, 6104.0, 6864.0, 9806.0, 13325.0, 9456.0, 6181.0, 5578.0, 3147.0, 3426.0, 3620.0, 2981.0, 2713.0, 2064.0, 2204.0, 2037.0, 1910.0, 1978.0, 1793.0, 1675.0, 1835.0, 1558.0, 1655.0]",72822389.6453901
5,0.8,14,"[{""x"": -1.0866522789001465, ""y"": 1.5458464622497559, ""z"": 0.0, ""velocity"": 0.0, ""snr"": 0.0}, {""x"": -0.37658214569091797, ""y"": 0.692903995513916, ""z"": 0.0, ""velocity"": 0.0, ""snr"": 0.0}, {""x"": -0.45615434646606445, ""y"": 0.6737709045410156, ""z"": 0.0, ""velocity"": 0.0, ""snr"": 0.0}, {""x"": -0.2532005310058594, ""y"": 0.8491873741149902, ""z"": 0.0, ""velocity"": 0.0, ""snr"": 0.0}, {""x"": -0.2378225326538086, ""y"": 0.8876323699951172, ""z"": 0.0, ""velocity"": 0.0, ""snr"": 0.0}, {""x"": -0.13071298599243164, ""y"": 1.5538930892944336, ""z"": 0.0, ""velocity"": 0.0, ""snr"": 0.0}, {""x"": -0.15181303024291992, ""y"": 1.5655159950256348, ""z"": 0.0, ""velocity"": 0.0, ""snr"": 0.0}, {""x"": -0.14984607696533203, ""y"": 1.5724897384643555, ""z"": 0.0, ""velocity"": 0.0, ""snr"": 0.0}, {""x"": -0.0388026237487793, ""y"": 1.6075372695922852, ""z"": 0.0, ""velocity"": 0.0, ""snr"": 0.0}, {""x"": 0.05060434341430664, ""y"": 0.29772520065307617, ""z"": 0.0, ""velocity"": 0.0, ""snr"": 0.0}, {""x"": 0.028967857360839844, ""y"": 0.3116726875305176, ""z"": 0.0, ""velocity"": 0.0, ""snr"": 0.0}, {""x"": 0.2557039260864258, ""y"": 1.6433000564575195, ""z"": 0.0, ""velocity"": 0.0, ""snr"": 0.0}, {""x"": 1.2177228927612305, ""y"": 1.7214417457580566, ""z"": 0.0, ""velocity"": 0.0, ""snr"": 0.0}, {""x"": 1.2810230255126953, ""y"": 1.6928315162658691, ""z"": 0.0, ""velocity"": 0.0, ""snr"": 0.0}]","[145134.0, 215515.0, 148404.0, 45277.0, 9575.0, 20356.0, 56702.0, 70025.0, 43538.0, 11011.0, 11020.0, 21375.0, 20174.0, 11729.0, 8212.0, 6728.0, 17089.0, 28890.0, 26050.0, 22095.0, 34980.0, 26798.0, 9835.0, 3705.0, 4180.0, 4305.0, 4357.0, 6421.0, 7963.0, 8165.0, 8506.0, 7288.0, 10742.0, 48561.0, 113152.0, 102887.0, 42113.0, 20476.0, 14048.0, 13327.0, 15993.0, 30577.0, 27232.0, 14480.0, 9919.0, 26762.0, 41573.0, 28852.0, 12080.0, 10976.0, 13724.0, 14305.0, 10760.0, 8371.0, 9344.0, 8405.0, 4891.0, 4179.0, 6812.0, 8856.0, 7462.0, 6679.0, 6014.0, 6249.0, 7241.0, 6755.0, 4269.0, 4683.0, 5772.0, 5891.0, 4161.0, 3601.0, 4569.0, 5455.0, 4139.0, 3965.0, 3559.0, 2984.0, 3902.0, 4296.0, 3766.0, 2839.0, 3747.0, 3619.0, 4332.0, 5234.0, 7710.0, 8200.0, 4800.0, 3555.0, 3315.0, 3089.0, 3249.0, 3334.0, 3746.0, 3407.0, 2615.0, 2612.0, 3125.0, 3155.0, 3222.0, 3141.0, 2770.0, 3505.0, 4295.0, 4644.0, 5814.0, 6660.0, 5874.0, 7542.0, 7510.0, 6942.0, 5794.0, 3229.0, 2654.0, 3254.0, 2802.0, 2541.0, 2467.0, 2363.0, 1949.0, 1948.0, 1758.0, 1804.0, 1762.0, 1854.0, 1609.0, 1578.0]",71366500.96319088
6,0.8,11,"[{""x"": -1.0918378829956055, ""y"": 1.5420913696289062, ""z"": 0.0, ""velocity"": 0.0, ""snr"": 0.0}, {""x"": -0.22011995315551758, ""y"": 0.7567405700683594, ""z"": 0.0, ""velocity"": 0.0, ""snr"": 0.0}, {""x"": -0.24247169494628906, ""y"": 0.7565617561340332, ""z"": 0.0, ""velocity"": 0.0, ""snr"": 0.0}, {""x"": -0.15842914581298828, ""y"": 1.5529990196228027, ""z"": 0.0, ""velocity"": 0.0, ""snr"": 0.0}, {""x"": -0.1900792121887207, ""y"": 1.5614032745361328, ""z"": 0.0, ""velocity"": 0.0, ""snr"": 0.0}, {""x"": -0.20760297775268555, ""y"": 1.5614032745361328, ""z"": 0.0, ""velocity"": 0.0, ""snr"": 0.0}, {""x"": -0.22906064987182617, ""y"": 1.5826821327209473, ""z"": 0.0, ""velocity"": 0.0, ""snr"": 0.0}, {""x"": 0.48547983169555664, ""y"": 4.966020584106445, ""z"": 0.0, ""velocity"": 0.0, ""snr"": 0.0}, {""x"": 1.177668571472168, ""y"": 1.7473697662353516, ""z"": 0.0, ""velocity"": 0.0, ""snr"": 0.0}, {""x"": 0.5164146423339844, ""y"": 0.7329583168029785, ""z"": 0.0, ""velocity"": 0.0, ""snr"": 0.0}, {""x"": 1.2563467025756836, ""y"": 1.7098188400268555, ""z"": 0.0, ""velocity"": 0.0, ""snr"": 0.0}]","[145506.0, 215318.0, 148244.0, 45446.0, 9280.0, 11039.0, 31389.0, 47271.0, 44166.0, 23158.0, 14967.0, 27391.0, 26708.0, 11974.0, 5930.0, 4730.0, 22988.0, 2984431735.0, 604504064.0, 222822400.0, 674496512.0, 1591148544.0, 1429143552.0, 1014562816.0, 1826029568.0, 1486946304.0, 997064704.0, 613351424.0, 219217920.0, 428212224.0, 1850408960.0, 3457351680.0, 2514944000.0, 2035089408.0, 3425107968.0, 2539388928.0, 927465472.0, 379191296.0, 334364672.0, 281804800.0, 317652992.0, 428933120.0, 506527744.0, 727973888.0, 589627392.0, 547356672.0, 661061632.0, 3610574848.0, 251592704.0, 3745316866.0, 2810511361.0, 1112866816.0, 1346437120.0, 1174536192.0, 1274937344.0, 2020409344.0, 1791754240.0, 799932416.0, 740818944.0, 2016804864.0, 2990342144.0, 1996816384.0, 835452928.0, 730005504.0, 1085276160.0, 1042481152.0, 728236032.0, 493027328.0, 524615680.0, 447217664.0, 399179776.0, 348585984.0, 498335744.0, 625934336.0, 497549312.0, 430768128.0, 352190464.0, 412221440.0, 569769984.0, 539230208.0, 261947392.0, 362348544.0, 337838080.0, 318439424.0, 337444864.0, 282001408.0, 247005184.0, 299302912.0, 281018368.0, 271843328.0, 217382912.0, 200540160.0, 210567168.0, 236519424.0, 228327424.0, 198836224.0, 223543296.0, 200015872.0, 223739904.0, 297598976.0, 600047616.0, 628948992.0, 292945920.0, 223477760.0, 228261888.0, 206372864.0, 337379328.0, 373751808.0, 224526336.0, 197328896.0, 203882496.0, 175243264.0, 229703680.0, 235339776.0, 207093760.0, 198049792.0, 217579520.0, 203161600.0, 243662848.0, 304545792.0, 415629312.0, 456327168.0, 501350400.0, 660013056.0, 434962432.0, 357302272.0, 373096448.0, 207355904.0]",618688084.3193078
7,0.8,12,"[{""x"": -1.0748505592346191, ""y"": 1.551210880279541, ""z"": 0.0, ""velocity"": 0.0, ""snr"": 0.0}, {""x"": -0.3781914710998535, ""y"": 0.8522272109985352, ""z"": 0.0, ""velocity"": 0.0, ""snr"": 0.0}, {""x"": -0.37658214569091797, ""y"": 0.8568763732910156, ""z"": 0.0, ""velocity"": 0.0, ""snr"": 0.0}, {""x"": -0.20688772201538086, ""y"": 0.7570981979370117, ""z"": 0.0, ""velocity"": 0.0, ""snr"": 0.0}, {""x"": -0.1283884048461914, ""y"": 0.7815957069396973, ""z"": 0.0, ""velocity"": 0.0, ""snr"": 0.0}, {""x"": -0.14001131057739258, ""y"": 1.5549659729003906, ""z"": 0.0, ""velocity"": 0.0, ""snr"": 0.0}, {""x"": -0.16862154006958008, ""y"": 1.5633702278137207, ""z"": 0.0, ""velocity"": 0.0, ""snr"": 0.0}, {""x"": -0.17577409744262695, ""y"": 1.566767692565918, ""z"": 0.0, ""velocity"": 0.0, ""snr"": 0.0}, {""x"": -0.1806020736694336, ""y"": 1.5925168991088867, ""z"": 0.0, ""velocity"": 0.0, ""snr"": 0.0}, {""x"": 0.8130669593811035, ""y"": 4.922926425933838, ""z"": 0.0, ""velocity"": 0.0, ""snr"": 0.0}, {""x"": 1.1982321739196777, ""y"": 1.7319917678833008, ""z"": 0.0, ""velocity"": 0.0, ""snr"": 0.0}, {""x"": 1.3155341148376465, ""y"": 1.6663670539855957, ""z"": 0.0, ""velocity"": 0.0, ""snr"": 0.0}]","[145188.0, 215165.0, 147852.0, 45300.0, 9220.0, 2837.0, 9657.0, 25482.0, 25781.0, 22099.0, 29712.0, 30113.0, 19362.0, 10208.0, 5755.0, 6109.0, 27041.0, 52855.0, 37683.0, 25861.0, 57426.0, 48384.0, 18178.0, 6475.0, 5226.0, 4824.0, 3964.0, 5522.0, 7269.0, 10612.0, 8779.0, 8339.0, 10361.0, 60182.0, 141607.0, 125697.0, 42607.0, 19651.0, 20811.0, 16493.0, 18535.0, 30270.0, 26959.0, 12156.0, 11355.0, 30651.0, 45297.0, 29970.0, 13709.0, 10758.0, 16444.0, 16122.0, 11013.0, 7367.0, 7588.0, 5679.0, 4933.0, 5797.0, 8554.0, 10001.0, 7535.0, 5463.0, 4799.0, 7045.0, 9182.0, 8943.0, 4778.0, 5586.0, 6026.0, 4443.0, 5089.0, 4431.0, 4016.0, 4648.0, 4642.0, 3838.0, 3256.0, 2908.0, 3356.0, 4183.0, 3598.0, 3657.0, 3450.0, 3442.0, 3205.0, 4042.0, 7785.0, 9190.0, 5374.0, 3007.0, 3531.0, 2885.0, 3653.0, 4076.0, 3183.0, 3826.0, 3488.0, 2995.0, 2776.0, 3856.0, 3730.0, 3199.0, 2976.0, 2972.0, 3872.0, 5160.0, 6427.0, 6808.0, 8139.0, 10387.0, 6665.0, 5524.0, 5742.0, 3307.0, 3293.0, 3352.0, 2642.0, 2636.0, 2228.0, 2237.0, 2213.0, 2109.0, 1961.0, 1713.0, 1865.0, 1930.0, 1599.0, 1455.0]",82293366.34720957
8,0.8,13,"[{""x"": -1.0837912559509277, ""y"": 1.542806625366211, ""z"": 0.0, ""velocity"": 0.0, ""snr"": 0.0}, {""x"": -1.139223575592041, ""y"": 1.5218853950500488, ""z"": 0.0, ""velocity"": 0.0, ""snr"": 0.0}, {""x"": -0.4563331604003906, ""y"": 0.7583498954772949, ""z"": 0.0, ""velocity"": 0.0, ""snr"": 0.0}, {""x"": -0.31310319900512695, ""y"": 0.8777976036071777, ""z"": 0.0, ""velocity"": 0.0, ""snr"": 0.0}, {""x"": -0.20831823348999023, ""y"": 0.7565617561340332, ""z"": 0.0, ""velocity"": 0.0, ""snr"": 0.0}, {""x"": -0.18078088760375977, ""y"": 0.7767677307128906, ""z"": 0.0, ""velocity"": 0.0, ""snr"": 0.0}, {""x"": -0.13375282287597656, ""y"": 1.5555024147033691, ""z"": 0.0, ""velocity"": 0.0, ""snr"": 0.0}, {""x"": -0.16611814498901367, ""y"": 1.5649795532226562, ""z"": 0.0, ""velocity"": 0.0, ""snr"": 0.0}, {""x"": -0.16576051712036133, ""y"": 1.5705227851867676, ""z"": 0.0, ""velocity"": 0.0, ""snr"": 0.0}, {""x"": -0.10693073272705078, ""y"": 1.601099967956543, ""z"": 0.0, ""velocity"": 0.0, ""snr"": 0.0}, {""x"": 0.7120370864868164, ""y"": 4.938483238220215, ""z"": 0.0, ""velocity"": 0.0, ""snr"": 0.0}, {""x"": 1.2279152870178223, ""y"": 1.712501049041748, ""z"": 0.0, ""velocity"": 0.0, ""snr"": 0.0}, {""x"": 1.3554096221923828, ""y"": 1.6336441040039062, ""z"": 0.0, ""velocity"": 0.0, ""snr"": 0.0}]","[145400.0, 215108.0, 147670.0, 45567.0, 9416.0, 2763.0, 9226.0, 25255.0, 26344.0, 16780.0, 22963.0, 28177.0, 610101045.0, 343867392.0, 379584512.0, 1753481216.0, 3417374720.0, 2372861952.0, 1482227712.0, 3491954688.0, 2968190976.0, 1121320960.0, 351076352.0, 317849600.0, 294780928.0, 280166400.0, 348389376.0, 470876160.0, 684982272.0, 561512448.0, 577961984.0, 713424896.0, 3806134272.0, 525664256.0, 4120641538.0, 3180265473.0, 1447165952.0, 1338703872.0, 1163722752.0, 1319829504.0, 2000027648.0, 1760624640.0, 781320192.0, 870187008.0, 2000158720.0, 3007709184.0, 2016477184.0, 882966528.0, 780271616.0, 1162477568.0, 1141899264.0, 857407488.0, 542703616.0, 450428928.0, 372375552.0, 346947584.0, 415105024.0, 582352896.0, 592379904.0, 447152128.0, 420151296.0, 382402560.0, 480968704.0, 613679104.0, 576716800.0, 272171008.0, 404291584.0, 397279232.0, 362217472.0, 331546624.0, 244776960.0, 292028416.0, 295108608.0, 274137088.0, 237305856.0, 234815488.0, 229900288.0, 233177088.0, 258277376.0, 270008320.0, 258605056.0, 303235072.0, 260243456.0, 215089152.0, 319750144.0, 400162816.0, 450691072.0, 308871168.0, 254345216.0, 262275072.0, 214171648.0, 224657408.0, 257359872.0, 223281152.0, 262995968.0, 227278848.0, 203358208.0, 191299584.0, 222560256.0, 204079104.0, 184811520.0, 161808384.0, 172687360.0, 254214144.0, 307691520.0, 417005568.0, 444792832.0, 491978752.0, 678559744.0, 459472896.0, 311623680.0, 370999296.0, 203030528.0, 196018176.0, 197394432.0, 160563200.0, 158007296.0, 144834560.0, 148570112.0, 128974848.0, 128319488.0, 123731968.0, 107151360.0, 120848384.0, 125698048.0, 113377280.0, 95420416.0, 0.0]",536603853.6967794
9,0.8,12,"[{""x"": -1.1322498321533203, ""y"": 1.5326142311096191, ""z"": 0.0, ""velocity"": 0.0, ""snr"": 0.0}, {""x"": -1.054823398590088, ""y"": 1.5603303909301758, ""z"": 0.0, ""velocity"": 0.0, ""snr"": 0.0}, {""x"": -0.37604570388793945, ""y"": 0.8515119552612305, ""z"": 0.0, ""velocity"": 0.0, ""snr"": 0.0}, {""x"": -0.37479400634765625, ""y"": 0.8566975593566895, ""z"": 0.0, ""velocity"": 0.0, ""snr"": 0.0}, {""x"": -0.19866228103637695, ""y"": 0.759422779083252, ""z"": 0.0, ""velocity"": 0.0, ""snr"": 0.0}, {""x"": -0.14090538024902344, ""y"": 0.7835626602172852, ""z"": 0.0, ""velocity"": 0.0, ""snr"": 0.0}, {""x"": -0.12803077697753906, ""y"": 1.5567541122436523, ""z"": 0.0, ""velocity"": 0.0, ""snr"": 0.0}, {""x"": -0.14930963516235352, ""y"": 1.5653371810913086, ""z"": 0.0, ""velocity"": 0.0, ""snr"": 0.0}, {""x"": -0.15968084335327148, ""y"": 1.5681982040405273, ""z"": 0.0, ""velocity"": 0.0, ""snr"": 0.0}, {""x"": -0.1316070556640625, ""y"": 1.5955567359924316, ""z"": 0.0, ""velocity"": 0.0, ""snr"": 0.0}, {""x"": 0.6507039070129395, ""y"": 4.947066307067871, ""z"": 0.0, ""velocity"": 0.0, ""snr"": 0.0}, {""x"": 1.2431144714355469, ""y"": 1.7003417015075684, ""z"": 0.0, ""velocity"": 0.0, ""snr"": 0.0}]","[145361.0, 215075.0, 147841.0, 45456.0, 9437.0, 2845.0, 6701.0, 15163.0, 14366.0, 13667.0, 19941.0, 37321.0, 42169.0, 22814.0, 5777.0, 318767128.0, 4211081235.0, 1962934290.0, 1358954516.0, 2533359638.0, 3120562209.0, 3774873643.0, 3556769827.0, 2365587489.0, 1610612771.0, 1442840805.0, 2650800669.0, 3808428511.0, 3523215520.0, 2348810305.0, 3976200267.0, 1124073542.0, 1409286228.0, 2080374907.0, 1459617906.0, 654311483.0, 4177526826.0, 838860910.0, 2936012969.0, 3187671149.0, 4211081260.0, 3170893865.0, 1778384964.0, 2030043205.0, 939524146.0, 771751966.0, 318767138.0, 3942645790.0, 4244635667.0, 1258291221.0, 100663325.0, 4060086307.0, 419430426.0, 1895825432.0, 3204448278.0, 3590324249.0, 3019898913.0, 83886112.0, 3976200209.0, 2751463444.0, 1811939347.0, 2231369748.0, 3489660947.0, 4194304016.0, 335544335.0, 3288334355.0, 318767123.0, 2533359633.0, 822083597.0, 2449473547.0, 1275068429.0, 1191182353.0, 1644167184.0, 4127195149.0, 1224736780.0, 2113929226.0, 2818572302.0, 989855764.0, 3959423003.0, 83886110.0, 4278190102.0, 4194304019.0, 1056964625.0, 3556769804.0, 2634022927.0, 1157627924.0, 150994956.0, 2248146958.0, 268435468.0, 83886091.0, 1778384909.0, 402653198.0, 4060086284.0, 2231369737.0, 889192458.0, 3942645771.0, 2181038094.0, 3808428050.0, 3388997656.0, 1560281115.0, 3992977437.0, 3120562216.0, 2499805211.0, 1493172242.0, 1275068436.0, 520093707.0, 2566914060.0, 3338665995.0, 805306377.0, 1560281098.0, 2030043144.0, 3271557128.0, 1207959559.0, 1728053256.0, 2030043143.0, 1409286150.0, 1828716550.0, 1358954502.0, 1476395014.0, 6.0, 0.0, 0.0, 0.0, 0.0, 0.0, 0.0, 33554432.0, 100860929.0]",1703530834.9557188
10,0.8,14,"[{""x"": -1.06734037399292, ""y"": 1.5551447868347168, ""z"": 0.0, ""velocity"": 0.0, ""snr"": 0.0}, {""x"": -1.1562108993530273, ""y"": 1.5107989311218262, ""z"": 0.0, ""velocity"": 0.0, ""snr"": 0.0}, {""x"": -0.41681528091430664, ""y"": 0.8327364921569824, ""z"": 0.0, ""velocity"": 0.0, ""snr"": 0.0}, {""x"": -0.41037797927856445, ""y"": 0.8411407470703125, ""z"": 0.0, ""velocity"": 0.0, ""snr"": 0.0}, {""x"": -0.2878904342651367, ""y"": 0.7347464561462402, ""z"": 0.0, ""velocity"": 0.0, ""snr"": 0.0}, {""x"": -0.2911090850830078, ""y"": 0.7420778274536133, ""z"": 0.0, ""velocity"": 0.0, ""snr"": 0.0}, {""x"": -0.11676549911499023, ""y"": 1.5578269958496094, ""z"": 0.0, ""velocity"": 0.0, ""snr"": 0.0}, {""x"": -0.14859437942504883, ""y"": 1.5669465065002441, ""z"": 0.0, ""velocity"": 0.0, ""snr"": 0.0}, {""x"": -0.16361474990844727, ""y"": 1.569986343383789, ""z"": 0.0, ""velocity"": 0.0, ""snr"": 0.0}, {""x"": -0.12123584747314453, ""y"": 1.5982389450073242, ""z"": 0.0, ""velocity"": 0.0, ""snr"": 0.0}, {""x"": 0.04309415817260742, ""y"": 0.31507015228271484, ""z"": 0.0, ""velocity"": 0.0, ""snr"": 0.0}, {""x"": 0.8293390274047852, ""y"": 4.920244216918945, ""z"": 0.0, ""velocity"": 0.0, ""snr"": 0.0}, {""x"": 1.1991262435913086, ""y"": 1.7339587211608887, ""z"": 0.0, ""velocity"": 0.0, ""snr"": 0.0}, {""x"": 1.2665390968322754, ""y"": 1.7053484916687012, ""z"": 0.0, ""velocity"": 0.0, ""snr"": 0.0}]","[145357.0, 215236.0, 147924.0, 45540.0, 9415.0, 14892.0, 41552.0, 49694.0, 38641.0, 23243.0, 6104.0, 7641.0, 11140.0, 8988.0, 7580.0, 10335.0, 57259.0, 139324.0, 128977.0, 46100.0, 19564.0, 20358.0, 18122.0, 21107.0, 32125.0, 28383.0, 13583.0, 10889.0, 29106.0, 44380.0, 30864.0, 14042.0, 12093.0, 17745.0, 16981.0, 11254.0, 8225.0, 9045.0, 8126.0, 6135.0, 6799.0, 6831.0, 7353.0, 5707.0, 6447.0, 5044.0, 6436.0, 8256.0, 7862.0, 4273.0, 4509.0, 5283.0, 5956.0, 5710.0, 4415.0, 4709.0, 4871.0, 4118.0, 3925.0, 4131.0, 3511.0, 3922.0, 4142.0, 3791.0, 3479.0, 3411.0, 3317.0, 4133.0, 4162.0, 6315.0, 7319.0, 5633.0, 5092.0, 4403.0, 3111.0, 5302.0, 6261.0, 4300.0, 2957.0, 2722.0, 3068.0, 3903.0, 3876.0, 3355.0, 2904.0, 2398.0, 2646.0, 3731.0, 4680.0, 6607.0, 7036.0, 8913.0, 12199.0, 7897.0, 4855.0, 5612.0, 3028.0, 2683.0, 2762.0, 2266.0, 2268.0, 2166.0, 2425.0, 2089.0, 2186.0, 1835.0, 1803.0, 1728.0, 1823.0, 1612.0, 1681.0, 0.0, 0.0, 50594050.0, 117966086.0, 84214528.0, 736.0, 681010.0, 938.0, 0.0, 12.0, 2.0, 4294967295.0, 301.0, 140.0, 960200704.0, 968808749.0, 1048576000.0]",177521117.550865
11,0.8,9,"[{""x"": -0.25069713592529297, ""y"": 0.7513761520385742, ""z"": 0.0, ""velocity"": 0.0, ""snr"": 0.0}, {""x"": -0.39446353912353516, ""y"": 0.8413195610046387, ""z"": 0.0, ""velocity"": 0.0, ""snr"": 0.0}, {""x"": -0.22584199905395508, ""y"": 0.7705092430114746, ""z"": 0.0, ""velocity"": 0.0, ""snr"": 0.0}, {""x"": -0.1537799835205078, ""y"": 1.553177833557129, ""z"": 0.0, ""velocity"": 0.0, ""snr"": 0.0}, {""x"": -0.1679062843322754, ""y"": 1.5630125999450684, ""z"": 0.0, ""velocity"": 0.0, ""snr"": 0.0}, {""x"": -0.1868605613708496, ""y"": 1.5635490417480469, ""z"": 0.0, ""velocity"": 0.0, ""snr"": 0.0}, {""x"": -0.17112493515014648, ""y"": 1.5880465507507324, ""z"": 0.0, ""velocity"": 0.0, ""snr"": 0.0}, {""x"": 1.2143254280090332, ""y"": 1.7210841178894043, ""z"": 0.0, ""velocity"": 0.0, ""snr"": 0.0}, {""x"": 1.3114213943481445, ""y"": 1.6690492630004883, ""z"": 0.0, ""velocity"": 0.0, ""snr"": 0.0}]","[145373.0, 215365.0, 148247.0, 45517.0, 9389.0, 5370.0, 23255.0, 39972.0, 33908.0, 20743.0, 25515.0, 33416.0, 23618.0, 7885.0, 3877.0, 5259.0, 16734.0, 37205.0, 32592.0, 18828.0, 42074.0, 34094.0, 2567913.0, 2082304.0, 1726464.0, 1323776.0, 1526784.0, 1775872.0, 1166592.0, 1320704.0, 1427456.0, 2030336.0, 2314752.0, 2368000.0, 1383168.0, 1366016.0, 1348096.0, 1385472.0, 1179136.0, 1057024.0, 1176064.0, 1400064.0, 1163776.0, 922880.0, 777216.0, 886272.0, 882176.0, 1003776.0, 962560.0, 805888.0, 1044992.0, 1223168.0, 1006592.0, 1178368.0, 1643776.0, 1967360.0, 1156864.0, 1027840.0, 922624.0, 756480.0, 1285376.0, 1560320.0, 1317376.0, 908800.0, 751104.0, 748288.0, 717824.0, 834816.0, 865536.0, 728832.0, 643840.0, 830208.0, 1035264.0, 1232896.0, 1710336.0, 1952000.0, 1442304.0, 1285120.0, 1458432.0, 1686272.0, 1675520.0, 1056000.0, 680704.0, 628224.0, 594176.0, 597760.0, 541440.0, 551168.0, 539392.0, 504064.0, 486400.0, 411136.0, 420864.0, 428800.0, 408832.0, 383744.0, 0.0, 0.0, 0.0, 0.0, 0.0, 0.0, 33554432.0, 100860929.0, 460805.0, 3221554435.0, 838860802.0, 2885683812.0, 3.0, 167772160.0, 33554432.0, 4278190080.0, 771751935.0, 2013265921.0, 0.0, 758725504.0, 3784409.0, 4096000.0, 171933696.0, 234881024.0, 2201320.0, 872415232.0, 2582080845.0, 33.0, 3159110400.0, 1112053.0, 1023410176.0, 4042700104.0]",312773804.26174736
12,0.8,8,"[{""x"": -0.12212991714477539, ""y"": 1.5562176704406738, ""z"": 0.0, ""velocity"": 0.0, ""snr"": 0.0}, {""x"": -0.14287233352661133, ""y"": 1.5660524368286133, ""z"": 0.0, ""velocity"": 0.0, ""snr"": 0.0}, {""x"": -0.13893842697143555, ""y"": 1.57088041305542, ""z"": 0.0, ""velocity"": 0.0, ""snr"": 0.0}, {""x"": -0.007867813110351562, ""y"": 0.34546852111816406, ""z"": 0.0, ""velocity"": 0.0, ""snr"": 0.0}, {""x"": -0.08511543273925781, ""y"": 1.6014575958251953, ""z"": 0.0, ""velocity"": 0.0, ""snr"": 0.0}, {""x"": 0.038623809814453125, ""y"": 0.31685829162597656, ""z"": 0.0, ""velocity"": 0.0, ""snr"": 0.0}, {""x"": 0.07510185241699219, ""y"": 0.29021501541137695, ""z"": 0.0, ""velocity"": 0.0, ""snr"": 0.0}, {""x"": 1.1699795722961426, ""y"": 1.7514824867248535, ""z"": 0.0, ""velocity"": 0.0, ""snr"": 0.0}]","[145661.0, 215532.0, 148150.0, 45175.0, 9470.0, 15789.0, 42954.0, 52332.0, 41603.0, 22775.0, 17101.0, 20121.0, 15267.0, 7262.0, 5086.0, 5190.0, 11295.0, 12760.0, 11732.0, 27548.0, 45557.0, 36169.0, 13436.0, 6673.0, 4459.0, 4855.0, 4275.0, 5513.0, 8415.0, 11901.0, 10033.0, 7619.0, 10208.0, 63891.0, 151209.0, 134340.0, 47370.0, 21283.0, 14765.0, 13244.0, 17942.0, 28394.0, 24794.0, 12570.0, 9391.0, 28427.0, 44466.0, 29737.0, 11474.0, 9309.0, 17063.0, 17589.0, 12255.0, 9319.0, 7330.0, 5351.0, 5282.0, 5355.0, 7468.0, 8066.0, 5901.0, 7486.0, 6420.0, 6540.0, 7712.0, 9104.0, 5778.0, 4087.0, 4651.0, 4673.0, 4730.0, 3875.0, 4211.0, 4750.0, 4882.0, 4042.0, 3334.0, 3105.0, 3248.0, 3662.0, 3979.0, 3563.0, 3672.0, 3316.0, 3923.0, 5262.0, 8610.0, 8946.0, 4926.0, 3701.0, 4347.0, 4068.0, 3684.0, 3910.0, 4130.0, 4093.0, 3465.0, 3257.0, 3586.0, 3627.0, 3158.0, 3270.0, 2950.0, 3639.0, 4620.0, 4691.0, 6168.0, 7076.0, 4516.0, 3521.0, 3559.0, 6033.0, 6013.0, 3384.0, 3022.0, 3270.0, 2461.0, 2378.0, 1916.0, 2333.0, 2242.0, 2338.0, 2211.0, 1771.0, 1851.0, 1856.0, 1666.0, 1717.0]",125719554.87874779
13,0.8,8,"[{""x"": -0.07206201553344727, ""y"": 0.49996376037597656, ""z"": 0.0, ""velocity"": 0.0, ""snr"": 0.0}, {""x"": -0.12481212615966797, ""y"": 1.5576481819152832, ""z"": 0.0, ""velocity"": 0.0, ""snr"": 0.0}, {""x"": -0.17344951629638672, ""y"": 1.5639066696166992, ""z"": 0.0, ""velocity"": 0.0, ""snr"": 0.0}, {""x"": -0.17899274826049805, ""y"": 1.5676617622375488, ""z"": 0.0, ""velocity"": 0.0, ""snr"": 0.0}, {""x"": -0.12481212615966797, ""y"": 1.596987247467041, ""z"": 0.0, ""velocity"": 0.0, ""snr"": 0.0}, {""x"": 0.17112493515014648, ""y"": 0.8692145347595215, ""z"": 0.0, ""velocity"": 0.0, ""snr"": 0.0}, {""x"": 1.177668571472168, ""y"": 1.7464756965637207, ""z"": 0.0, ""velocity"": 0.0, ""snr"": 0.0}, {""x"": 1.2933611869812012, ""y"": 1.6821026802062988, ""z"": 0.0, ""velocity"": 0.0, ""snr"": 0.0}]","[145076.0, 215120.0, 147752.0, 45421.0, 9563.0, 12572.0, 20050.0, 14514.0, 7397.0, 14960.0, 47106.0, 76347.0, 51277.0, 15086.0, 5915.0, 7696.0, 11190.0, 13590.0, 23508.0, 38343.0, 51084.0, 38104.0, 13401.0, 6485.0, 6836.0, 6936.0, 5991.0, 5750.0, 7933.0, 10724.0, 11849.0, 9370.0, 9945.0, 53706.0, 131374.0, 118898.0, 42532.0, 17333.0, 15164.0, 17992.0, 21556.0, 29394.0, 27914.0, 13611.0, 8609.0, 29593.0, 46646.0, 32391.0, 13287.0, 10417.0, 15876.0, 18022.0, 14932.0, 9914.0, 6693.0, 6140.0, 4716.0, 4703.0, 7128.0, 8750.0, 6995.0, 6208.0, 5606.0, 6284.0, 9127.0, 10050.0, 6124.0, 5342.0, 5038.0, 4907.0, 4705.0, 4393.0, 5616.0, 5819.0, 4193.0, 3957.0, 3506.0, 4130.0, 4516.0, 4029.0, 3435.0, 2989.0, 3961.0, 3869.0, 3713.0, 3656.0, 7258.0, 8979.0, 4867.0, 3966.0, 4584.0, 4564.0, 4252.0, 3834.0, 3277.0, 3724.0, 3368.0, 2966.0, 3177.0, 3718.0, 3526.0, 2812.0, 2775.0, 3700.0, 4446.0, 5112.0, 6605.0, 7678.0, 8139.0, 10004.0, 6394.0, 5291.0, 5484.0, 3032.0, 3350.0, 3254.0, 2812.0, 2520.0, 2278.0, 2260.0, 2345.0, 2289.0, 1869.0, 1759.0, 1713.0, 1781.0, 1666.0, 1628.0]",123205048.9887563
14,0.8,9,"[{""x"": -0.16880035400390625, ""y"": 0.7724761962890625, ""z"": 0.0, ""velocity"": 0.0, ""snr"": 0.0}, {""x"": -0.22172927856445312, ""y"": 0.7817745208740234, ""z"": 0.0, ""velocity"": 0.0, ""snr"": 0.0}, {""x"": -0.1169443130493164, ""y"": 1.558363437652588, ""z"": 0.0, ""velocity"": 0.0, ""snr"": 0.0}, {""x"": -0.15610456466674805, ""y"": 1.5664100646972656, ""z"": 0.0, ""velocity"": 0.0, ""snr"": 0.0}, {""x"": -0.1671910285949707, ""y"": 1.5717744827270508, ""z"": 0.0, ""velocity"": 0.0, ""snr"": 0.0}, {""x"": -0.12230873107910156, ""y"": 1.600205898284912, ""z"": 0.0, ""velocity"": 0.0, ""snr"": 0.0}, {""x"": 0.2567768096923828, ""y"": 0.8375644683837891, ""z"": 0.0, ""velocity"": 0.0, ""snr"": 0.0}, {""x"": 1.1512041091918945, ""y"": 1.7638206481933594, ""z"": 0.0, ""velocity"": 0.0, ""snr"": 0.0}, {""x"": 1.2511610984802246, ""y"": 1.7112493515014648, ""z"": 0.0, ""velocity"": 0.0, ""snr"": 0.0}]","[145085.0, 215198.0, 147866.0, 45155.0, 9235.0, 5776.0, 32370.0, 55496.0, 36680.0, 15096.0, 28932.0, 38859.0, 25492.0, 11435.0, 8409.0, 5744.0, 20131.0, 39450.0, 34911.0, 34349.0, 42926.0, 28366.0, 12712.0, 9618.0, 6045.0, 6915.0, 6596.0, 5726.0, 6766.0, 8603.0, 10530.0, 8161.0, 10053.0, 59680.0, 146125.0, 135490.0, 55642.0, 22593.0, 14309.0, 13734.0, 18639.0, 30353.0, 28179.0, 13243.0, 9081.0, 28117.0, 43974.0, 29619.0, 10971.0, 9948.0, 15808.0, 17398.0, 14697.0, 8900.0, 10196.0, 8038.0, 4786.0, 3840.0, 5708.0, 7836.0, 5985.0, 6395.0, 5407.0, 5618.0, 7154.0, 7062.0, 4697.0, 5598.0, 5221.0, 4649.0, 4440.0, 4109.0, 4717.0, 5742.0, 5428.0, 4754.0, 4631.0, 4645.0, 4684.0, 5486.0, 4912.0, 3159.0, 3700.0, 4707.0, 5041.0, 5869.0, 9269.0, 9794.0, 5958.0, 3770.0, 3263.0, 3353.0, 4135.0, 4728.0, 2913.0, 3284.0, 3259.0, 3059.0, 3501.0, 3567.0, 2941.0, 3023.0, 2603.0, 2791.0, 4190.0, 5433.0, 6967.0, 7138.0, 7505.0, 10161.0, 6626.0, 5080.0, 5633.0, 3060.0, 3237.0, 3672.0, 3284.0, 2651.0, 2224.0, 2356.0, 2207.0, 2082.0, 1786.0, 1615.0, 1663.0, 1750.0, 1594.0, 1689.0]",120740206.14156835
