frame_index,timestamp,gesture,trial,elapsed,dataset_source,collector,imu_confidence,imu_accel_x,imu_accel_y,imu_accel_z,imu_gyro_x,imu_gyro_y,imu_gyro_z,imu_quat,imu_trajectory
0,2026-07-30T22:37:23.475092+00:00,pull,0,0.0,session_20260730_223706,student03,0.95,0.789,-0.059,0.564,7.57,-11.72,-1.1,,
1,2026-07-30T22:37:23.599226+00:00,pull,0,0.125,session_20260730_223706,student03,0.95,0.795,-0.042,0.551,6.99,-14.5,-1.19,,
2,2026-07-30T22:37:23.710489+00:00,pull,0,0.235,session_20260730_223706,student03,0.95,0.83,-0.032,0.561,-7.05,-0.67,2.04,,
3,2026-07-30T22:37:23.809605+00:00,pull,0,0.329,session_20260730_223706,student03,0.95,0.839,-0.011,0.554,-4.67,1.74,6.35,,
4,2026-07-30T22:37:23.906749+00:00,pull,0,0.438,session_20260730_223706,student03,0.95,0.911,-0.011,0.535,-5.31,-13.73,18.19,,
5,2026-07-30T22:37:24.006984+00:00,pull,0,0.532,session_20260730_223706,student03,0.95,0.915,-0.07,0.476,5.49,-15.38,5.04,,
6,2026-07-30T22:37:24.121312+00:00,pull,0,0.641,session_20260730_223706,student03,0.95,0.913,-0.09,0.487,11.41,-7.48,1.71,,
7,2026-07-30T22:37:24.219379+00:00,pull,0,0.75,session_20260730_223706,student03,0.95,0.85,-0.013,0.464,21.24,-15.41,-7.08,,
8,2026-07-30T22:37:24.330508+00:00,pull,0,0.86,session_20260730_223706,student03,0.95,0.876,-0.066,0.365,19.26,-14.71,1.53,,
9,2026-07-30T22:37:24.440906+00:00,pull,0,0.969,session_20260730_223706,student03,0.95,0.944,0.052,0.471,15.38,-10.8,-10.19,,
10,2026-07-30T22:37:24.539478+00:00,pull,0,1.063,session_20260730_223706,student03,0.95,0.949,0.028,0.281,3.05,-33.57,9.95,,
11,2026-07-30T22:37:24.635418+00:00,pull,0,1.157,session_20260730_223706,student03,0.95,0.911,0.03,0.262,8.39,-27.44,12.94,,
12,2026-07-30T22:37:24.741733+00:00,pull,0,1.266,session_20260730_223706,student03,0.95,0.966,-0.058,0.163,0.82,-15.35,5.98,,
13,2026-07-30T22:37:24.840112+00:00,pull,0,1.36,session_20260730_223706,student03,0.95,1.001,0.046,0.259,-5.07,-17.37,-6.62,,
14,2026-07-30T22:37:24.936518+00:00,pull,0,1.469,session_20260730_223706,student03,0.95,0.954,0.038,0.172,-3.2,-24.78,1.53,,
15,2026-07-30T22:37:25.045448+00:00,pull,0,1.579,session_20260730_223706,student03,0.95,1.038,0.023,0.121,-7.39,-19.23,1.92,,
16,2026-07-30T22:37:25.151021+00:00,pull,0,1.672,session_20260730_223706,student03,0.95,1.029,-0.025,0.015,-8.82,-16.11,-1.28,,
17,2026-07-30T22:37:25.245483+00:00,pull,0,1.766,session_20260730_223706,student03,0.95,0.997,0.015,0.074,-8.85,-0.61,-5.04,,
18,2026-07-30T22:37:25.351106+00:00,pull,0,1.875,session_20260730_223706,student03,0.95,0.978,0.03,0.083,-3.39,-10.47,-1.22,,
19,2026-07-30T22:37:25.461440+00:00,pull,0,1.985,session_20260730_223706,student03,0.95,1.015,0.029,0.098,-1.8,0.98,-3.48,,
20,2026-07-30T22:37:34.347041+00:00,push,0,0.0,session_20260730_223706,student03,0.95,0.997,0.101,-0.037,6.38,0.79,-1.59,,
21,2026-07-30T22:37:34.461322+00:00,push,0,0.11,session_20260730_223706,student03,0.95,1.033,0.038,-0.055,10.99,-6.16,3.42,,
22,2026-07-30T22:37:34.560401+00:00,push,0,0.219,session_20260730_223706,student03,0.95,1.025,0.046,-0.092,11.35,-5.65,5.74,,
23,2026-07-30T22:37:34.671814+00:00,push,0,0.329,session_20260730_223706,student03,0.95,0.978,0.101,0.047,16.85,5.74,-3.6,,
24,2026-07-30T22:37:34.780445+00:00,push,0,0.438,session_20260730_223706,student03,0.95,0.974,0.029,0.05,11.51,24.87,5.68,,
25,2026-07-30T22:37:34.892914+00:00,push,0,0.547,session_20260730_223706,student03,0.95,0.973,0.011,0.127,8.12,12.21,-2.2,,
26,2026-07-30T22:37:35.006032+00:00,push,0,0.657,session_20260730_223706,student03,0.95,0.969,0.025,0.072,5.8,8.97,-2.01,,
27,2026-07-30T22:37:35.116340+00:00,push,0,0.766,session_20260730_223706,student03,0.95,0.995,0.03,0.083,1.62,-2.17,5.74,,
28,2026-07-30T22:37:35.225344+00:00,push,0,0.875,session_20260730_223706,student03,0.95,0.992,0.006,0.135,-4.85,12.3,0.03,,
29,2026-07-30T22:37:35.319266+00:00,push,0,0.969,session_20260730_223706,student03,0.95,0.99,0.036,0.137,-3.05,8.36,-2.56,,
30,2026-07-30T22:37:35.418830+00:00,push,0,1.063,session_20260730_223706,student03,0.95,1.013,0.002,0.106,-11.81,20.78,4.15,,
31,2026-07-30T22:37:35.518556+00:00,push,0,1.172,session_20260730_223706,student03,0.95,1.01,0.006,0.14,-10.01,5.55,-2.78,,
32,2026-07-30T22:37:35.635000+00:00,push,0,1.282,session_20260730_223706,student03,0.95,0.968,0.048,0.162,-6.47,6.71,-5.49,,
33,2026-07-30T22:37:35.735430+00:00,push,0,1.391,session_20260730_223706,student03,0.95,0.958,0.051,0.163,-9.58,21.15,-0.85,,
34,2026-07-30T22:37:35.845270+00:00,push,0,1.5,session_20260730_223706,student03,0.95,0.993,0.04,0.259,-9.31,18.95,6.07,,
35,2026-07-30T22:37:35.950763+00:00,push,0,1.594,session_20260730_223706,student03,0.95,0.968,-0.047,0.25,-12.94,19.9,0.4,,
36,2026-07-30T22:37:36.046774+00:00,push,0,1.704,session_20260730_223706,student03,0.95,0.949,-0.023,0.35,-9.34,16.79,-5.58,,
37,2026-07-30T22:37:36.161523+00:00,push,0,1.813,session_20260730_223706,student03,0.95,0.977,-0.023,0.344,-7.51,16.21,-8.0,,
38,2026-07-30T22:37:36.271840+00:00,push,0,1.922,session_20260730_223706,student03,0.95,0.899,0.008,0.332,-17.7,25.03,1.89,,
39,2026-07-30T22:37:43.535869+00:00,pull,1,0.0,session_20260730_223706,student03,0.95,0.896,0.044,0.458,0.0,-2.75,1.31,,
40,2026-07-30T22:37:43.644746+00:00,pull,1,0.109,session_20260730_223706,student03,0.95,0.874,0.053,0.512,1.71,0.12,1.37,,
41,2026-07-30T22:37:43.752716+00:00,pull,1,0.219,session_20260730_223706,student03,0.95,0.85,0.047,0.448,-9.09,-1.8,8.42,,
42,2026-07-30T22:37:43.851247+00:00,pull,1,0.312,session_20260730_223706,student03,0.95,0.935,-0.039,0.429,-11.32,-0.92,19.41,,
43,2026-07-30T22:37:43.945995+00:00,pull,1,0.406,session_20260730_223706,student03,0.95,0.837,0.005,0.431,-13.92,-13.37,17.03,,
44,2026-07-30T22:37:44.045464+00:00,pull,1,0.516,session_20260730_223706,student03,0.95,0.926,-0.069,0.397,-0.76,1.68,-2.17,,
45,2026-07-30T22:37:44.151589+00:00,pull,1,0.609,session_20260730_223706,student03,0.95,0.86,-0.05,0.537,2.47,8.15,-4.7,,
46,2026-07-30T22:37:44.245910+00:00,pull,1,0.703,session_20260730_223706,student03,0.95,0.876,-0.04,0.54,10.77,-0.85,-6.04,,
47,2026-07-30T22:37:44.335226+00:00,pull,1,0.797,session_20260730_223706,student03,0.95,0.861,-0.034,0.438,19.14,-10.77,-5.07,,
48,2026-07-30T22:37:44.441726+00:00,pull,1,0.906,session_20260730_223706,student03,0.95,0.927,-0.015,0.4,19.23,-23.71,1.77,,
49,2026-07-30T22:37:44.552606+00:00,pull,1,1.016,session_20260730_223706,student03,0.95,0.936,0.029,0.325,13.58,-19.84,2.87,,
50,2026-07-30T22:37:44.650921+00:00,pull,1,1.109,session_20260730_223706,student03,0.95,0.943,-0.024,0.292,7.51,-14.74,2.29,,
51,2026-07-30T22:37:44.747730+00:00,pull,1,1.203,session_20260730_223706,student03,0.95,0.955,-0.019,0.313,2.78,-17.12,-1.4,,
52,2026-07-30T22:37:44.844858+00:00,pull,1,1.312,session_20260730_223706,student03,0.95,1.014,0.019,0.178,1.19,-27.38,2.32,,
53,2026-07-30T22:37:44.945927+00:00,pull,1,1.406,session_20260730_223706,student03,0.95,0.97,0.037,0.209,4.24,-19.32,4.7,,
54,2026-07-30T22:37:45.052626+00:00,pull,1,1.516,session_20260730_223706,student03,0.95,1.016,-0.047,0.199,-5.74,-8.91,6.1,,
55,2026-07-30T22:37:45.147518+00:00,pull,1,1.609,session_20260730_223706,student03,0.95,1.02,0.0,0.146,-11.51,-16.63,-2.87,,
56,2026-07-30T22:37:45.250829+00:00,pull,1,1.719,session_20260730_223706,student03,0.95,1.027,-0.026,0.068,-3.57,-15.23,-7.02,,
57,2026-07-30T22:37:45.362999+00:00,pull,1,1.828,session_20260730_223706,student03,0.95,1.002,-0.013,0.063,-13.92,0.73,2.41,,
58,2026-07-30T22:37:45.472390+00:00,pull,1,1.937,session_20260730_223706,student03,0.95,0.989,0.035,0.123,2.56,5.19,-7.45,,
59,2026-07-30T22:37:49.382590+00:00,push,1,0.0,session_20260730_223706,student03,0.95,1.005,0.02,0.021,-1.74,0.73,-2.47,,
60,2026-07-30T22:37:49.486662+00:00,push,1,0.109,session_20260730_223706,student03,0.95,1.004,0.02,0.007,0.98,1.28,-3.69,,
61,2026-07-30T22:37:49.592880+00:00,push,1,0.218,session_20260730_223706,student03,0.95,1.009,0.003,-0.095,4.91,-14.25,8.27,,
62,2026-07-30T22:37:49.702501+00:00,push,1,0.328,session_20260730_223706,student03,0.95,1.014,-0.004,-0.042,1.74,5.25,7.26,,
63,2026-07-30T22:37:49.812492+00:00,push,1,0.437,session_20260730_223706,student03,0.95,1.008,-0.027,0.059,2.66,5.74,3.02,,
64,2026-07-30T22:37:49.922772+00:00,push,1,0.547,session_20260730_223706,student03,0.95,0.986,-0.003,0.062,4.3,1.74,-0.95,,
65,2026-07-30T22:37:50.032713+00:00,push,1,0.656,session_20260730_223706,student03,0.95,0.98,-0.021,0.029,-0.43,-16.48,5.55,,
66,2026-07-30T22:37:50.142219+00:00,push,1,0.765,session_20260730_223706,student03,0.95,0.991,-0.073,0.032,0.82,-21.39,7.23,,
67,2026-07-30T22:37:50.252225+00:00,push,1,0.875,session_20260730_223706,student03,0.95,1.017,0.002,-0.051,4.06,-4.39,-8.88,,
68,2026-07-30T22:37:50.362229+00:00,push,1,0.984,session_20260730_223706,student03,0.95,1.017,0.007,0.041,-5.49,13.55,-6.01,,
69,2026-07-30T22:37:50.472698+00:00,push,1,1.093,session_20260730_223706,student03,0.95,1.001,0.04,0.064,-0.03,9.64,-1.62,,
70,2026-07-30T22:37:50.581122+00:00,push,1,1.203,session_20260730_223706,student03,0.95,0.975,0.011,0.076,-7.17,24.2,4.03,,
71,2026-07-30T22:37:50.692891+00:00,push,1,1.312,session_20260730_223706,student03,0.95,0.978,0.018,0.153,-1.62,24.75,0.34,,
72,2026-07-30T22:37:50.806025+00:00,push,1,1.422,session_20260730_223706,student03,0.95,1.028,-0.023,0.159,-3.91,7.2,4.09,,
73,2026-07-30T22:37:50.906325+00:00,push,1,1.531,session_20260730_223706,student03,0.95,0.951,-0.051,0.186,-7.45,12.12,9.19,,
74,2026-07-30T22:37:51.005679+00:00,push,1,1.625,session_20260730_223706,student03,0.95,0.992,-0.078,0.143,-14.59,22.95,1.04,,
75,2026-07-30T22:37:51.112361+00:00,push,1,1.734,session_20260730_223706,student03,0.95,0.968,-0.02,0.382,-22.61,37.51,-2.29,,
76,2026-07-30T22:37:51.222413+00:00,push,1,1.843,session_20260730_223706,student03,0.95,0.949,0.034,0.459,-12.76,20.42,-1.22,,
77,2026-07-30T22:37:51.320298+00:00,push,1,1.937,session_20260730_223706,student03,0.95,0.925,-0.123,0.379,-15.05,20.54,6.07,,
78,2026-07-30T22:37:58.814225+00:00,pull,2,0.0,session_20260730_223706,student03,0.95,0.862,-0.089,0.541,-2.17,3.02,3.72,,
79,2026-07-30T22:37:58.921547+00:00,pull,2,0.11,session_20260730_223706,student03,0.95,0.843,-0.107,0.606,2.01,-11.11,10.1,,
80,2026-07-30T22:37:59.032025+00:00,pull,2,0.219,session_20260730_223706,student03,0.95,0.742,-0.118,0.657,3.14,-4.94,-6.26,,
81,2026-07-30T22:37:59.143123+00:00,pull,2,0.328,session_20260730_223706,student03,0.95,0.794,-0.143,0.551,7.81,-13.43,-0.06,,
82,2026-07-30T22:37:59.240425+00:00,pull,2,0.422,session_20260730_223706,student03,0.95,0.823,-0.15,0.592,16.48,12.21,-3.27,,
83,2026-07-30T22:37:59.356673+00:00,pull,2,0.531,session_20260730_223706,student03,0.95,0.859,-0.089,0.545,28.29,-3.88,-7.08,,
84,2026-07-30T22:37:59.446129+00:00,pull,2,0.625,session_20260730_223706,student03,0.95,0.903,-0.025,0.451,18.62,-14.83,1.04,,
85,2026-07-30T22:37:59.537536+00:00,pull,2,0.719,session_20260730_223706,student03,0.95,0.965,-0.008,0.365,12.91,-25.76,4.06,,
86,2026-07-30T22:37:59.645894+00:00,pull,2,0.828,session_20260730_223706,student03,0.95,0.905,-0.031,0.286,4.52,-26.43,0.4,,
87,2026-07-30T22:37:59.745671+00:00,pull,2,0.922,session_20260730_223706,student03,0.95,0.935,-0.047,0.276,-0.55,-22.49,0.73,,
88,2026-07-30T22:37:59.851851+00:00,pull,2,1.031,session_20260730_223706,student03,0.95,0.979,-0.003,0.229,7.75,-27.41,5.58,,
89,2026-07-30T22:37:59.946458+00:00,pull,2,1.125,session_20260730_223706,student03,0.95,1.065,-0.114,0.071,6.26,-34.85,12.82,,
90,2026-07-30T22:38:00.040079+00:00,pull,2,1.219,session_20260730_223706,student03,0.95,0.981,-0.012,0.003,1.01,-23.01,-7.29,,
91,2026-07-30T22:38:00.135772+00:00,pull,2,1.313,session_20260730_223706,student03,0.95,1.006,-0.046,0.111,-7.81,1.28,-10.65,,
92,2026-07-30T22:38:00.231492+00:00,pull,2,1.406,session_20260730_223706,student03,0.95,0.996,-0.032,0.167,-1.28,-8.12,-8.61,,
93,2026-07-30T22:38:00.330247+00:00,pull,2,1.516,session_20260730_223706,student03,0.95,0.988,-0.027,0.156,3.97,0.03,-2.17,,
94,2026-07-30T22:38:00.427802+00:00,pull,2,1.61,session_20260730_223706,student03,0.95,0.994,-0.031,0.156,-3.17,-4.64,0.98,,
95,2026-07-30T22:38:00.526948+00:00,pull,2,1.703,session_20260730_223706,student03,0.95,0.987,-0.024,0.136,4.12,-4.27,-3.02,,
96,2026-07-30T22:38:00.620036+00:00,pull,2,1.797,session_20260730_223706,student03,0.95,0.98,-0.022,0.101,9.03,7.87,-1.53,,
97,2026-07-30T22:38:00.716732+00:00,pull,2,1.906,session_20260730_223706,student03,0.95,1.005,-0.006,0.15,3.51,11.96,-5.13,,
98,2026-07-30T22:38:04.859404+00:00,push,2,0.0,session_20260730_223706,student03,0.95,1.002,0.039,0.023,5.37,1.19,2.78,,
99,2026-07-30T22:38:04.973953+00:00,push,2,0.109,session_20260730_223706,student03,0.95,1.035,0.029,-0.092,8.36,-15.08,1.65,,
100,2026-07-30T22:38:05.083565+00:00,push,2,0.219,session_20260730_223706,student03,0.95,1.028,-0.013,-0.163,7.08,-21.67,-4.18,,
101,2026-07-30T22:38:05.192256+00:00,push,2,0.328,session_20260730_223706,student03,0.95,0.982,0.055,-0.066,-1.83,17.46,-3.48,,
102,2026-07-30T22:38:05.301517+00:00,push,2,0.438,session_20260730_223706,student03,0.95,1.0,0.043,0.179,6.93,50.51,2.5,,
103,2026-07-30T22:38:05.401416+00:00,push,2,0.531,session_20260730_223706,student03,0.95,1.0,0.035,0.178,9.34,18.31,6.23,,
104,2026-07-30T22:38:05.500510+00:00,push,2,0.641,session_20260730_223706,student03,0.95,0.983,0.001,0.081,2.96,4.91,9.43,,
105,2026-07-30T22:38:05.601963+00:00,push,2,0.734,session_20260730_223706,student03,0.95,0.949,-0.031,0.158,-7.45,26.31,9.06,,
106,2026-07-30T22:38:05.697105+00:00,push,2,0.828,session_20260730_223706,student03,0.95,0.968,-0.072,0.365,-14.04,40.47,4.76,,
107,2026-07-30T22:38:05.802809+00:00,push,2,0.938,session_20260730_223706,student03,0.95,0.965,-0.097,0.285,-8.82,11.47,0.73,,
108,2026-07-30T22:38:05.901311+00:00,push,2,1.031,session_20260730_223706,student03,0.95,0.887,-0.049,0.282,-28.9,43.64,5.83,,
109,2026-07-30T22:38:05.995955+00:00,push,2,1.125,session_20260730_223706,student03,0.95,0.921,-0.198,0.415,-36.47,61.34,0.85,,
110,2026-07-30T22:38:06.086483+00:00,push,2,1.219,session_20260730_223706,student03,0.95,0.8,-0.116,0.507,-25.67,50.45,-11.87,,
111,2026-07-30T22:38:06.188426+00:00,push,2,1.328,session_20260730_223706,student03,0.95,0.806,-0.191,0.621,-24.6,45.01,-3.94,,
112,2026-07-30T22:38:06.286986+00:00,push,2,1.422,session_20260730_223706,student03,0.95,0.761,-0.077,0.699,-10.35,33.17,-16.63,,
113,2026-07-30T22:38:06.393858+00:00,push,2,1.531,session_20260730_223706,student03,0.95,0.765,-0.122,0.599,1.25,-3.39,6.47,,
114,2026-07-30T22:38:06.491046+00:00,push,2,1.625,session_20260730_223706,student03,0.95,0.799,-0.149,0.574,7.48,-6.2,3.66,,
115,2026-07-30T22:38:06.586558+00:00,push,2,1.719,session_20260730_223706,student03,0.95,0.821,-0.141,0.549,7.17,0.31,-3.97,,
116,2026-07-30T22:38:06.693049+00:00,push,2,1.828,session_20260730_223706,student03,0.95,0.766,-0.08,0.589,-3.02,-10.07,13.76,,
117,2026-07-30T22:38:06.787128+00:00,push,2,1.922,session_20260730_223706,student03,0.95,0.838,-0.191,0.554,-1.28,1.46,10.16,,
118,2026-07-30T22:38:09.874803+00:00,pull,3,0.0,session_20260730_223706,student03,0.95,0.744,-0.086,0.695,4.0,-12.33,0.61,,
119,2026-07-30T22:38:09.981527+00:00,pull,3,0.093,session_20260730_223706,student03,0.95,0.676,-0.097,0.731,34.03,-36.59,-3.45,,
120,2026-07-30T22:38:10.080401+00:00,pull,3,0.203,session_20260730_223706,student03,0.95,0.726,-0.062,0.571,9.16,-44.56,31.5,,
121,2026-07-30T22:38:10.193090+00:00,pull,3,0.312,session_20260730_223706,student03,0.95,0.859,-0.174,0.591,10.22,-6.84,1.28,,
122,2026-07-30T22:38:10.302991+00:00,pull,3,0.422,session_20260730_223706,student03,0.95,0.831,-0.009,0.521,30.49,-18.16,-10.5,,
123,2026-07-30T22:38:10.402190+00:00,pull,3,0.515,session_20260730_223706,student03,0.95,0.856,-0.022,0.472,22.61,-21.82,-0.31,,
124,2026-07-30T22:38:10.512328+00:00,pull,3,0.625,session_20260730_223706,student03,0.95,0.916,-0.026,0.455,21.94,-25.94,3.42,,
125,2026-07-30T22:38:10.608078+00:00,pull,3,0.734,session_20260730_223706,student03,0.95,0.908,-0.013,0.351,4.91,-33.78,1.28,,
126,2026-07-30T22:38:10.722450+00:00,pull,3,0.843,session_20260730_223706,student03,0.95,0.93,-0.063,0.325,-8.7,-21.36,1.83,,
127,2026-07-30T22:38:10.821124+00:00,pull,3,0.937,session_20260730_223706,student03,0.95,0.927,-0.015,0.349,-8.91,-21.12,-2.23,,
128,2026-07-30T22:38:10.916676+00:00,pull,3,1.031,session_20260730_223706,student03,0.95,0.942,-0.018,0.26,-7.26,-38.54,5.52,,
129,2026-07-30T22:38:11.016725+00:00,pull,3,1.14,session_20260730_223706,student03,0.95,0.997,-0.015,0.244,-8.48,-22.86,2.01,,
130,2026-07-30T22:38:11.116589+00:00,pull,3,1.234,session_20260730_223706,student03,0.95,0.954,-0.004,0.18,0.03,-26.8,-1.95,,
131,2026-07-30T22:38:11.221916+00:00,pull,3,1.343,session_20260730_223706,student03,0.95,1.108,-0.136,-0.004,-6.56,-3.78,1.43,,
132,2026-07-30T22:38:11.334424+00:00,pull,3,1.453,session_20260730_223706,student03,0.95,0.959,0.045,0.173,-1.43,-9.19,2.99,,
133,2026-07-30T22:38:11.446132+00:00,pull,3,1.562,session_20260730_223706,student03,0.95,0.987,-0.039,0.126,-1.68,4.09,-3.27,,
134,2026-07-30T22:38:11.540577+00:00,pull,3,1.656,session_20260730_223706,student03,0.95,0.997,-0.0,0.172,9.8,-5.83,3.94,,
135,2026-07-30T22:38:11.637167+00:00,pull,3,1.75,session_20260730_223706,student03,0.95,0.991,-0.041,0.174,7.08,-2.66,2.26,,
136,2026-07-30T22:38:11.726616+00:00,pull,3,1.843,session_20260730_223706,student03,0.95,0.975,-0.03,0.152,3.69,-1.8,2.2,,
137,2026-07-30T22:38:11.833970+00:00,pull,3,1.953,session_20260730_223706,student03,0.95,0.989,-0.038,0.165,2.9,-0.06,-0.64,,
138,2026-07-30T22:38:14.553847+00:00,push,3,0.0,session_20260730_223706,student03,0.95,0.997,0.042,0.129,1.37,-2.41,-1.22,,
139,2026-07-30T22:38:14.658005+00:00,push,3,0.109,session_20260730_223706,student03,0.95,1.019,0.057,0.111,4.88,-3.51,4.33,,
140,2026-07-30T22:38:14.773696+00:00,push,3,0.218,session_20260730_223706,student03,0.95,0.991,0.03,0.041,0.12,-8.61,13.95,,
141,2026-07-30T22:38:14.866560+00:00,push,3,0.312,session_20260730_223706,student03,0.95,1.003,0.006,0.057,8.33,-5.1,6.59,,
142,2026-07-30T22:38:14.971824+00:00,push,3,0.421,session_20260730_223706,student03,0.95,1.013,-0.036,0.034,1.07,-0.24,-1.77,,
143,2026-07-30T22:38:15.067334+00:00,push,3,0.515,session_20260730_223706,student03,0.95,0.979,0.027,0.029,-5.04,-3.57,-4.58,,
144,2026-07-30T22:38:15.172608+00:00,push,3,0.625,session_20260730_223706,student03,0.95,0.962,0.014,0.109,12.12,28.44,-7.51,,
145,2026-07-30T22:38:15.284170+00:00,push,3,0.734,session_20260730_223706,student03,0.95,1.009,-0.015,0.16,6.41,10.71,-3.94,,
146,2026-07-30T22:38:15.393051+00:00,push,3,0.843,session_20260730_223706,student03,0.95,0.988,-0.033,0.158,-6.07,9.37,4.12,,
147,2026-07-30T22:38:15.506459+00:00,push,3,0.953,session_20260730_223706,student03,0.95,0.928,-0.081,0.225,-11.14,40.89,0.64,,
148,2026-07-30T22:38:15.612597+00:00,push,3,1.062,session_20260730_223706,student03,0.95,0.98,-0.043,0.407,-9.03,27.19,7.63,,
149,2026-07-30T22:38:15.723234+00:00,push,3,1.171,session_20260730_223706,student03,0.95,0.975,-0.089,0.27,-7.39,0.34,-6.41,,
150,2026-07-30T22:38:15.818111+00:00,push,3,1.265,session_20260730_223706,student03,0.95,0.917,0.001,0.282,-10.62,15.56,-6.5,,
151,2026-07-30T22:38:15.918284+00:00,push,3,1.359,session_20260730_223706,student03,0.95,0.982,-0.163,0.266,-25.15,26.83,5.52,,
152,2026-07-30T22:38:16.010923+00:00,push,3,1.453,session_20260730_223706,student03,0.95,0.914,-0.123,0.462,-27.95,45.99,-20.57,,
153,2026-07-30T22:38:16.109842+00:00,push,3,1.562,session_20260730_223706,student03,0.95,0.809,0.018,0.496,-21.3,28.35,-10.5,,
154,2026-07-30T22:38:16.223070+00:00,push,3,1.671,session_20260730_223706,student03,0.95,0.862,-0.104,0.568,-14.56,31.07,-7.97,,
155,2026-07-30T22:38:16.333252+00:00,push,3,1.781,session_20260730_223706,student03,0.95,0.811,-0.091,0.528,-5.95,5.22,10.28,,
156,2026-07-30T22:38:16.431435+00:00,push,3,1.875,session_20260730_223706,student03,0.95,0.825,-0.098,0.498,1.71,7.54,1.71,,
157,2026-07-30T22:38:16.527648+00:00,push,3,1.968,session_20260730_223706,student03,0.95,0.859,-0.145,0.558,2.08,2.75,3.33,,
158,2026-07-30T22:38:19.074335+00:00,pull,4,0.0,session_20260730_223706,student03,0.95,0.848,-0.079,0.468,-12.48,-17.4,29.51,,
159,2026-07-30T22:38:19.167129+00:00,pull,4,0.094,session_20260730_223706,student03,0.95,0.952,-0.116,0.528,-1.37,16.3,3.33,,
160,2026-07-30T22:38:19.277357+00:00,pull,4,0.203,session_20260730_223706,student03,0.95,0.634,-0.088,0.829,3.81,16.85,5.95,,
161,2026-07-30T22:38:19.376482+00:00,pull,4,0.313,session_20260730_223706,student03,0.95,0.597,-0.116,0.824,23.59,-18.8,17.76,,
162,2026-07-30T22:38:19.482630+00:00,pull,4,0.422,session_20260730_223706,student03,0.95,0.808,-0.202,0.564,32.41,-28.78,14.8,,
163,2026-07-30T22:38:19.592994+00:00,pull,4,0.531,session_20260730_223706,student03,0.95,0.894,-0.103,0.399,31.86,-31.5,-6.04,,
164,2026-07-30T22:38:19.702674+00:00,pull,4,0.641,session_20260730_223706,student03,0.95,0.898,-0.008,0.396,15.29,-21.82,-5.34,,
165,2026-07-30T22:38:19.813801+00:00,pull,4,0.75,session_20260730_223706,student03,0.95,0.911,-0.032,0.418,8.45,-17.61,-2.2,,
166,2026-07-30T22:38:19.923768+00:00,pull,4,0.86,session_20260730_223706,student03,0.95,0.917,-0.036,0.407,1.43,-21.49,2.32,,
167,2026-07-30T22:38:20.037027+00:00,pull,4,0.969,session_20260730_223706,student03,0.95,0.949,-0.038,0.36,6.1,-23.26,-5.65,,
168,2026-07-30T22:38:20.137182+00:00,pull,4,1.063,session_20260730_223706,student03,0.95,0.938,-0.036,0.288,-5.58,-23.96,-1.07,,
169,2026-07-30T22:38:20.242906+00:00,pull,4,1.172,session_20260730_223706,student03,0.95,0.957,0.014,0.298,-4.27,-13.43,-9.61,,
170,2026-07-30T22:38:20.336778+00:00,pull,4,1.266,session_20260730_223706,student03,0.95,0.973,-0.011,0.224,-5.31,-19.41,-5.37,,
171,2026-07-30T22:38:20.428086+00:00,pull,4,1.36,session_20260730_223706,student03,0.95,1.004,-0.016,0.205,-13.7,-15.63,-2.14,,
172,2026-07-30T22:38:20.537429+00:00,pull,4,1.469,session_20260730_223706,student03,0.95,1.005,-0.054,0.182,-16.48,-5.98,7.9,,
173,2026-07-30T22:38:20.635911+00:00,pull,4,1.563,session_20260730_223706,student03,0.95,0.961,-0.045,0.241,-4.82,-6.93,-0.27,,
174,2026-07-30T22:38:20.737020+00:00,pull,4,1.672,session_20260730_223706,student03,0.95,0.979,-0.08,0.168,-4.88,-10.9,-3.36,,
175,2026-07-30T22:38:20.836912+00:00,pull,4,1.766,session_20260730_223706,student03,0.95,0.968,-0.033,0.189,-0.03,-8.76,1.22,,
176,2026-07-30T22:38:20.932237+00:00,pull,4,1.86,session_20260730_223706,student03,0.95,0.978,-0.036,0.159,4.46,-14.53,-6.59,,
177,2026-07-30T22:38:21.028095+00:00,pull,4,1.953,session_20260730_223706,student03,0.95,0.983,-0.03,0.136,4.49,-2.26,-2.35,,
178,2026-07-30T22:38:23.369240+00:00,push,4,0.0,session_20260730_223706,student03,0.95,1.019,0.035,0.122,0.21,5.01,-0.7,,
179,2026-07-30T22:38:23.467970+00:00,push,4,0.109,session_20260730_223706,student03,0.95,1.027,0.051,0.06,5.07,-14.16,1.8,,
180,2026-07-30T22:38:23.573751+00:00,push,4,0.203,session_20260730_223706,student03,0.95,1.006,0.004,-0.039,3.11,-19.41,18.04,,
181,2026-07-30T22:38:23.667695+00:00,push,4,0.297,session_20260730_223706,student03,0.95,1.026,-0.056,0.019,5.19,3.08,6.93,,
182,2026-07-30T22:38:23.757037+00:00,push,4,0.391,session_20260730_223706,student03,0.95,0.973,0.013,0.105,-0.98,-7.32,-2.17,,
183,2026-07-30T22:38:23.852585+00:00,push,4,0.484,session_20260730_223706,student03,0.95,0.942,0.025,0.141,17.49,26.7,-13.0,,
184,2026-07-30T22:38:23.948005+00:00,push,4,0.578,session_20260730_223706,student03,0.95,1.003,-0.05,0.166,-1.46,12.97,0.52,,
185,2026-07-30T22:38:24.047317+00:00,push,4,0.688,session_20260730_223706,student03,0.95,0.968,-0.039,0.213,3.17,16.27,-6.26,,
186,2026-07-30T22:38:24.152259+00:00,push,4,0.781,session_20260730_223706,student03,0.95,0.967,-0.01,0.211,-5.31,13.46,2.9,,
187,2026-07-30T22:38:24.246619+00:00,push,4,0.875,session_20260730_223706,student03,0.95,0.993,-0.064,0.268,-11.72,28.5,8.45,,
188,2026-07-30T22:38:24.337006+00:00,push,4,0.969,session_20260730_223706,student03,0.95,0.961,-0.059,0.315,-17.24,17.21,7.32,,
189,2026-07-30T22:38:24.432819+00:00,push,4,1.063,session_20260730_223706,student03,0.95,0.974,-0.1,0.253,-19.75,6.81,8.15,,
190,2026-07-30T22:38:24.528430+00:00,push,4,1.156,session_20260730_223706,student03,0.95,0.936,-0.061,0.294,-12.91,19.71,2.53,,
191,2026-07-30T22:38:24.627287+00:00,push,4,1.266,session_20260730_223706,student03,0.95,0.939,-0.131,0.294,-13.4,30.85,-6.96,,
192,2026-07-30T22:38:24.732871+00:00,push,4,1.375,session_20260730_223706,student03,0.95,0.87,-0.104,0.403,-32.62,50.08,9.49,,
193,2026-07-30T22:38:24.843516+00:00,push,4,1.484,session_20260730_223706,student03,0.95,0.831,-0.166,0.576,-23.41,51.24,-6.2,,
194,2026-07-30T22:38:24.953666+00:00,push,4,1.594,session_20260730_223706,student03,0.95,0.792,-0.09,0.582,-2.99,16.21,-6.84,,
195,2026-07-30T22:38:25.067766+00:00,push,4,1.703,session_20260730_223706,student03,0.95,0.828,-0.161,0.479,7.93,-0.73,-1.31,,
196,2026-07-30T22:38:25.177478+00:00,push,4,1.813,session_20260730_223706,student03,0.95,0.851,-0.144,0.531,1.5,0.12,-0.49,,
197,2026-07-30T22:38:25.287621+00:00,push,4,1.922,session_20260730_223706,student03,0.95,0.825,-0.115,0.523,-2.26,-1.71,7.69,,
198,2026-07-30T22:38:27.110986+00:00,pull,5,0.0,session_20260730_223706,student03,0.95,0.836,-0.119,0.564,6.96,4.33,-10.35,,
199,2026-07-30T22:38:27.223804+00:00,pull,5,0.109,session_20260730_223706,student03,0.95,0.767,-0.042,0.741,20.6,-12.21,-4.79,,
200,2026-07-30T22:38:27.333261+00:00,pull,5,0.219,session_20260730_223706,student03,0.95,0.737,-0.125,0.602,-0.79,-37.26,15.47,,
201,2026-07-30T22:38:27.442978+00:00,pull,5,0.328,session_20260730_223706,student03,0.95,0.883,-0.174,0.546,3.66,-14.13,12.57,,
202,2026-07-30T22:38:27.537465+00:00,pull,5,0.422,session_20260730_223706,student03,0.95,0.892,-0.116,0.58,11.75,-2.29,2.04,,
203,2026-07-30T22:38:27.647258+00:00,pull,5,0.531,session_20260730_223706,student03,0.95,0.777,-0.145,0.642,31.04,4.61,-8.36,,
204,2026-07-30T22:38:27.753367+00:00,pull,5,0.641,session_20260730_223706,student03,0.95,0.875,-0.085,0.411,25.82,-23.47,11.63,,
205,2026-07-30T22:38:27.864437+00:00,pull,5,0.75,session_20260730_223706,student03,0.95,0.918,-0.086,0.479,6.71,-0.34,-0.43,,
206,2026-07-30T22:38:27.975264+00:00,pull,5,0.859,session_20260730_223706,student03,0.95,0.885,-0.061,0.407,8.82,-27.68,5.16,,
207,2026-07-30T22:38:28.077486+00:00,pull,5,0.969,session_20260730_223706,student03,0.95,0.913,-0.051,0.353,4.52,-23.53,7.69,,
208,2026-07-30T22:38:28.184096+00:00,pull,5,1.063,session_20260730_223706,student03,0.95,0.995,-0.056,0.361,17.91,-6.35,-8.06,,
209,2026-07-30T22:38:28.282367+00:00,pull,5,1.172,session_20260730_223706,student03,0.95,0.983,0.001,0.293,11.41,-17.67,-12.76,,
210,2026-07-30T22:38:28.393817+00:00,pull,5,1.281,session_20260730_223706,student03,0.95,1.04,-0.113,0.141,6.1,-20.97,6.71,,
211,2026-07-30T22:38:28.507823+00:00,pull,5,1.391,session_20260730_223706,student03,0.95,0.936,0.014,0.238,-11.6,2.35,-29.45,,
212,2026-07-30T22:38:28.609223+00:00,pull,5,1.5,session_20260730_223706,student03,0.95,0.979,0.009,0.274,-7.39,-12.12,0.15,,
213,2026-07-30T22:38:28.724367+00:00,pull,5,1.609,session_20260730_223706,student03,0.95,0.981,0.001,0.236,-1.62,-6.78,-2.78,,
214,2026-07-30T22:38:28.833022+00:00,pull,5,1.719,session_20260730_223706,student03,0.95,0.975,0.006,0.235,0.92,-5.8,-3.75,,
215,2026-07-30T22:38:28.943400+00:00,pull,5,1.828,session_20260730_223706,student03,0.95,0.971,0.01,0.226,4.79,-5.43,4.43,,
216,2026-07-30T22:38:29.038208+00:00,pull,5,1.922,session_20260730_223706,student03,0.95,0.965,-0.002,0.245,7.29,0.46,-0.55,,
217,2026-07-30T22:38:31.506328+00:00,push,5,0.0,session_20260730_223706,student03,0.95,0.997,0.088,0.095,5.49,-4.85,-3.85,,
218,2026-07-30T22:38:31.608810+00:00,push,5,0.109,session_20260730_223706,student03,0.95,1.02,0.087,0.064,12.45,-12.15,5.22,,
219,2026-07-30T22:38:31.717474+00:00,push,5,0.218,session_20260730_223706,student03,0.95,1.0,0.002,-0.055,3.39,-20.26,6.2,,
220,2026-07-30T22:38:31.822920+00:00,push,5,0.312,session_20260730_223706,student03,0.95,0.976,0.077,-0.008,-4.76,4.82,5.77,,
221,2026-07-30T22:38:31.918194+00:00,push,5,0.406,session_20260730_223706,student03,0.95,0.939,0.079,0.13,-7.57,12.42,12.85,,
222,2026-07-30T22:38:32.008018+00:00,push,5,0.5,session_20260730_223706,student03,0.95,0.993,0.01,0.25,-2.72,20.51,-1.83,,
223,2026-07-30T22:38:32.113925+00:00,push,5,0.609,session_20260730_223706,student03,0.95,1.048,0.001,0.2,-6.35,-12.97,1.43,,
224,2026-07-30T22:38:32.211565+00:00,push,5,0.703,session_20260730_223706,student03,0.95,0.969,0.024,0.121,-4.36,-10.59,5.22,,
225,2026-07-30T22:38:32.309149+00:00,push,5,0.797,session_20260730_223706,student03,0.95,0.898,0.025,0.064,-10.8,13.95,11.63,,
226,2026-07-30T22:38:32.409317+00:00,push,5,0.906,session_20260730_223706,student03,0.95,1.018,-0.025,0.269,-17.73,54.57,8.33,,
227,2026-07-30T22:38:32.507631+00:00,push,5,1.0,session_20260730_223706,student03,0.95,1.012,-0.05,0.425,-20.45,29.79,6.35,,
228,2026-07-30T22:38:32.613695+00:00,push,5,1.109,session_20260730_223706,student03,0.95,0.928,-0.041,0.361,-11.66,15.75,-0.7,,
229,2026-07-30T22:38:32.723239+00:00,push,5,1.218,session_20260730_223706,student03,0.95,0.876,-0.011,0.433,6.35,3.85,-13.21,,
230,2026-07-30T22:38:32.817403+00:00,push,5,1.312,session_20260730_223706,student03,0.95,0.924,-0.07,0.339,2.78,6.84,-5.58,,
231,2026-07-30T22:38:32.916622+00:00,push,5,1.406,session_20260730_223706,student03,0.95,0.894,-0.012,0.413,-9.8,38.91,-12.27,,
232,2026-07-30T22:38:33.018323+00:00,push,5,1.515,session_20260730_223706,student03,0.95,0.883,0.001,0.544,-18.83,18.8,14.77,,
233,2026-07-30T22:38:33.127368+00:00,push,5,1.625,session_20260730_223706,student03,0.95,0.845,-0.059,0.444,-10.96,13.73,4.12,,
234,2026-07-30T22:38:33.233831+00:00,push,5,1.734,session_20260730_223706,student03,0.95,0.801,0.015,0.58,2.17,8.79,-7.14,,
235,2026-07-30T22:38:33.344059+00:00,push,5,1.843,session_20260730_223706,student03,0.95,0.85,-0.075,0.49,0.34,8.15,-5.4,,
236,2026-07-30T22:38:33.453692+00:00,push,5,1.953,session_20260730_223706,student03,0.95,0.842,-0.052,0.478,3.72,-4.03,3.33,,
237,2026-07-30T22:38:35.898334+00:00,pull,6,0.0,session_20260730_223706,student03,0.95,0.852,-0.006,0.542,-2.47,2.32,-1.65,,
238,2026-07-30T22:38:35.996819+00:00,pull,6,0.094,session_20260730_223706,student03,0.95,0.828,0.012,0.689,0.61,-3.6,4.24,,
239,2026-07-30T22:38:36.087714+00:00,pull,6,0.188,session_20260730_223706,student03,0.95,0.804,-0.011,0.51,-7.08,-7.54,18.4,,
240,2026-07-30T22:38:36.194584+00:00,pull,6,0.297,session_20260730_223706,student03,0.95,0.822,-0.064,0.528,2.23,-13.58,12.82,,
241,2026-07-30T22:38:36.287186+00:00,pull,6,0.391,session_20260730_223706,student03,0.95,0.861,-0.101,0.567,0.24,3.23,10.04,,
242,2026-07-30T22:38:36.393202+00:00,pull,6,0.5,session_20260730_223706,student03,0.95,0.767,-0.148,0.649,11.66,6.23,5.37,,
243,2026-07-30T22:38:36.507901+00:00,pull,6,0.61,session_20260730_223706,student03,0.95,0.842,0.022,0.514,25.97,-13.58,-2.08,,
244,2026-07-30T22:38:36.612976+00:00,pull,6,0.719,session_20260730_223706,student03,0.95,0.885,-0.007,0.476,15.29,-15.2,8.0,,
245,2026-07-30T22:38:36.710956+00:00,pull,6,0.813,session_20260730_223706,student03,0.95,0.896,-0.012,0.491,14.77,-21.12,8.76,,
246,2026-07-30T22:38:36.808772+00:00,pull,6,0.907,session_20260730_223706,student03,0.95,0.878,-0.068,0.443,3.72,-17.94,11.35,,
247,2026-07-30T22:38:36.908297+00:00,pull,6,1.016,session_20260730_223706,student03,0.95,0.87,-0.023,0.423,2.59,-19.1,2.72,,
248,2026-07-30T22:38:37.006726+00:00,pull,6,1.11,session_20260730_223706,student03,0.95,0.904,-0.057,0.412,-0.49,-19.9,3.81,,
249,2026-07-30T22:38:37.113276+00:00,pull,6,1.219,session_20260730_223706,student03,0.95,0.911,-0.028,0.401,-1.98,-21.58,-7.93,,
250,2026-07-30T22:38:37.223258+00:00,pull,6,1.328,session_20260730_223706,student03,0.95,0.938,0.007,0.38,-9.89,-16.51,-3.97,,
251,2026-07-30T22:38:37.321703+00:00,pull,6,1.422,session_20260730_223706,student03,0.95,0.907,0.013,0.328,-6.38,-13.55,2.08,,
252,2026-07-30T22:38:37.421798+00:00,pull,6,1.532,session_20260730_223706,student03,0.95,0.97,-0.069,0.332,-7.26,-12.42,-5.01,,
253,2026-07-30T22:38:37.522573+00:00,pull,6,1.625,session_20260730_223706,student03,0.95,0.971,-0.006,0.212,-6.87,-13.64,-5.62,,
254,2026-07-30T22:38:37.621764+00:00,pull,6,1.719,session_20260730_223706,student03,0.95,0.99,0.023,0.289,-6.35,-3.94,-2.35,,
255,2026-07-30T22:38:37.721661+00:00,pull,6,1.828,session_20260730_223706,student03,0.95,0.966,0.007,0.281,-3.91,-1.31,5.74,,
256,2026-07-30T22:38:37.818780+00:00,pull,6,1.922,session_20260730_223706,student03,0.95,0.981,-0.025,0.239,4.58,0.55,0.85,,
257,2026-07-30T22:38:39.909220+00:00,push,6,0.0,session_20260730_223706,student03,0.95,0.996,0.05,0.188,5.37,-0.49,-1.74,,
258,2026-07-30T22:38:40.008065+00:00,push,6,0.094,session_20260730_223706,student03,0.95,1.032,0.083,0.13,17.46,-8.12,0.61,,
259,2026-07-30T22:38:40.107840+00:00,push,6,0.203,session_20260730_223706,student03,0.95,0.991,0.03,0.012,9.64,-14.4,16.94,,
260,2026-07-30T22:38:40.214094+00:00,push,6,0.297,session_20260730_223706,student03,0.95,1.004,-0.024,0.143,-2.69,2.17,-2.47,,
261,2026-07-30T22:38:40.311676+00:00,push,6,0.406,session_20260730_223706,student03,0.95,1.019,-0.006,0.122,-12.45,-3.42,-0.67,,
262,2026-07-30T22:38:40.424523+00:00,push,6,0.516,session_20260730_223706,student03,0.95,1.003,0.021,0.091,-6.53,-8.73,3.3,,
263,2026-07-30T22:38:40.522782+00:00,push,6,0.609,session_20260730_223706,student03,0.95,1.023,-0.006,0.128,-7.48,6.44,4.12,,
264,2026-07-30T22:38:40.618602+00:00,push,6,0.703,session_20260730_223706,student03,0.95,0.97,0.015,0.143,-5.34,-7.08,6.38,,
265,2026-07-30T22:38:40.724366+00:00,push,6,0.812,session_20260730_223706,student03,0.95,0.979,-0.007,0.235,0.34,11.57,-1.04,,
266,2026-07-30T22:38:40.817629+00:00,push,6,0.906,session_20260730_223706,student03,0.95,0.998,-0.089,0.194,-11.81,-1.16,-7.63,,
267,2026-07-30T22:38:40.923816+00:00,push,6,1.016,session_20260730_223706,student03,0.95,1.022,-0.026,0.116,-15.41,5.19,-4.61,,
268,2026-07-30T22:38:41.033816+00:00,push,6,1.125,session_20260730_223706,student03,0.95,0.979,0.028,0.188,-8.45,9.55,5.95,,
269,2026-07-30T22:38:41.143808+00:00,push,6,1.234,session_20260730_223706,student03,0.95,0.965,-0.007,0.213,-6.32,26.73,1.89,,
270,2026-07-30T22:38:41.253210+00:00,push,6,1.344,session_20260730_223706,student03,0.95,0.961,0.039,0.288,-11.08,27.86,6.96,,
271,2026-07-30T22:38:41.352308+00:00,push,6,1.437,session_20260730_223706,student03,0.95,0.986,-0.109,0.336,-13.03,16.69,7.42,,
272,2026-07-30T22:38:41.447859+00:00,push,6,1.531,session_20260730_223706,student03,0.95,0.917,-0.047,0.391,-8.7,19.59,-10.22,,
273,2026-07-30T22:38:41.541834+00:00,push,6,1.625,session_20260730_223706,student03,0.95,0.852,0.01,0.397,-8.12,9.13,6.47,,
274,2026-07-30T22:38:41.638039+00:00,push,6,1.719,session_20260730_223706,student03,0.95,0.892,-0.102,0.327,-9.89,21.67,5.01,,
275,2026-07-30T22:38:41.732516+00:00,push,6,1.828,session_20260730_223706,student03,0.95,0.903,-0.1,0.449,-17.24,37.63,1.56,,
276,2026-07-30T22:38:41.843382+00:00,push,6,1.937,session_20260730_223706,student03,0.95,0.878,-0.105,0.588,-14.5,30.88,-6.04,,
277,2026-07-30T22:38:43.904015+00:00,pull,7,0.0,session_20260730_223706,student03,0.95,0.818,-0.036,0.585,4.36,-5.83,3.51,,
278,2026-07-30T22:38:44.000618+00:00,pull,7,0.11,session_20260730_223706,student03,0.95,0.778,-0.072,0.639,12.42,-10.32,8.94,,
279,2026-07-30T22:38:44.114813+00:00,pull,7,0.219,session_20260730_223706,student03,0.95,0.798,-0.097,0.502,19.17,-25.97,9.95,,
280,2026-07-30T22:38:44.212015+00:00,pull,7,0.313,session_20260730_223706,student03,0.95,0.87,-0.081,0.518,0.15,-8.36,16.88,,
281,2026-07-30T22:38:44.308853+00:00,pull,7,0.407,session_20260730_223706,student03,0.95,0.917,-0.081,0.503,3.48,-7.2,7.14,,
282,2026-07-30T22:38:44.409822+00:00,pull,7,0.516,session_20260730_223706,student03,0.95,0.829,-0.109,0.629,11.29,14.71,7.81,,
283,2026-07-30T22:38:44.507560+00:00,pull,7,0.61,session_20260730_223706,student03,0.95,0.886,-0.085,0.521,21.91,-11.26,3.78,,
284,2026-07-30T22:38:44.602995+00:00,pull,7,0.703,session_20260730_223706,student03,0.95,0.906,-0.021,0.427,18.19,-5.74,-0.95,,
285,2026-07-30T22:38:44.698214+00:00,pull,7,0.797,session_20260730_223706,student03,0.95,0.924,-0.004,0.362,8.48,-7.54,-0.89,,
286,2026-07-30T22:38:44.797543+00:00,pull,7,0.907,session_20260730_223706,student03,0.95,0.95,0.026,0.333,8.42,-20.29,9.46,,
287,2026-07-30T22:38:44.902940+00:00,pull,7,1.0,session_20260730_223706,student03,0.95,0.95,-0.082,0.419,-10.96,-5.62,16.17,,
288,2026-07-30T22:38:45.001548+00:00,pull,7,1.11,session_20260730_223706,student03,0.95,0.925,-0.098,0.396,-7.97,-18.74,8.48,,
289,2026-07-30T22:38:45.114120+00:00,pull,7,1.219,session_20260730_223706,student03,0.95,0.944,-0.124,0.341,-14.25,-23.62,3.2,,
290,2026-07-30T22:38:45.208696+00:00,pull,7,1.313,session_20260730_223706,student03,0.95,0.938,-0.092,0.309,-12.6,-27.65,-1.83,,
291,2026-07-30T22:38:45.314251+00:00,pull,7,1.422,session_20260730_223706,student03,0.95,0.994,-0.109,0.238,-15.08,-23.19,1.71,,
292,2026-07-30T22:38:45.424231+00:00,pull,7,1.532,session_20260730_223706,student03,0.95,1.001,-0.088,0.245,-5.55,-24.72,0.27,,
293,2026-07-30T22:38:45.534110+00:00,pull,7,1.641,session_20260730_223706,student03,0.95,1.023,-0.108,0.151,-7.54,-18.01,-0.67,,
294,2026-07-30T22:38:45.629707+00:00,pull,7,1.735,session_20260730_223706,student03,0.95,0.965,-0.081,0.095,-6.16,-12.24,-6.35,,
295,2026-07-30T22:38:45.729575+00:00,pull,7,1.828,session_20260730_223706,student03,0.95,1.0,-0.099,0.124,-11.57,-0.76,-0.49,,
296,2026-07-30T22:38:45.827803+00:00,pull,7,1.938,session_20260730_223706,student03,0.95,0.993,-0.032,0.193,-1.07,-10.28,-5.28,,
297,2026-07-30T22:38:48.175219+00:00,push,7,0.0,session_20260730_223706,student03,0.95,0.993,-0.007,0.107,-0.76,1.01,0.55,,
298,2026-07-30T22:38:48.282631+00:00,push,7,0.109,session_20260730_223706,student03,0.95,1.0,0.031,0.019,1.25,-3.14,-0.85,,
299,2026-07-30T22:38:48.392661+00:00,push,7,0.218,session_20260730_223706,student03,0.95,1.025,-0.03,-0.04,-12.15,-5.92,-0.18,,
300,2026-07-30T22:38:48.502837+00:00,push,7,0.328,session_20260730_223706,student03,0.95,0.986,0.003,0.082,-2.93,13.98,-5.37,,
301,2026-07-30T22:38:48.617961+00:00,push,7,0.437,session_20260730_223706,student03,0.95,0.982,0.003,0.084,2.44,10.47,4.7,,
302,2026-07-30T22:38:48.724596+00:00,push,7,0.546,session_20260730_223706,student03,0.95,0.973,-0.015,0.152,3.23,15.78,8.18,,
303,2026-07-30T22:38:48.835455+00:00,push,7,0.656,session_20260730_223706,student03,0.95,0.957,-0.054,0.097,4.0,-2.38,3.2,,
304,2026-07-30T22:38:48.944811+00:00,push,7,0.765,session_20260730_223706,student03,0.95,0.985,-0.027,0.145,-4.0,14.07,-5.1,,
305,2026-07-30T22:38:49.057682+00:00,push,7,0.875,session_20260730_223706,student03,0.95,1.042,-0.034,0.167,-5.43,5.68,2.69,,
306,2026-07-30T22:38:49.159297+00:00,push,7,0.984,session_20260730_223706,student03,0.95,1.009,-0.046,0.169,-10.5,17.15,2.14,,
307,2026-07-30T22:38:49.257597+00:00,push,7,1.078,session_20260730_223706,student03,0.95,0.959,-0.054,0.228,-18.25,26.7,7.87,,
308,2026-07-30T22:38:49.349289+00:00,push,7,1.171,session_20260730_223706,student03,0.95,0.983,-0.062,0.322,-17.7,30.24,5.19,,
309,2026-07-30T22:38:49.452211+00:00,push,7,1.281,session_20260730_223706,student03,0.95,0.919,-0.041,0.393,-13.21,36.01,-11.47,,
310,2026-07-30T22:38:49.563975+00:00,push,7,1.39,session_20260730_223706,student03,0.95,0.88,-0.102,0.421,-17.55,22.16,6.99,,
311,2026-07-30T22:38:49.673726+00:00,push,7,1.5,session_20260730_223706,student03,0.95,0.841,-0.124,0.43,-10.5,24.05,-7.72,,
312,2026-07-30T22:38:49.788377+00:00,push,7,1.609,session_20260730_223706,student03,0.95,0.875,-0.105,0.458,-11.93,35.22,-7.72,,
313,2026-07-30T22:38:49.895243+00:00,push,7,1.718,session_20260730_223706,student03,0.95,0.823,-0.047,0.625,12.63,12.45,-22.25,,
314,2026-07-30T22:38:50.005554+00:00,push,7,1.828,session_20260730_223706,student03,0.95,0.875,-0.112,0.524,-7.2,18.74,-10.65,,
315,2026-07-30T22:38:50.118233+00:00,push,7,1.937,session_20260730_223706,student03,0.95,0.845,-0.052,0.654,-12.91,17.18,-9.31,,
316,2026-07-30T22:38:52.140437+00:00,pull,8,0.0,session_20260730_223706,student03,0.95,0.778,-0.053,0.605,4.94,3.57,-6.96,,
317,2026-07-30T22:38:52.258085+00:00,pull,8,0.11,session_20260730_223706,student03,0.95,0.707,0.001,0.755,11.99,-15.5,10.62,,
318,2026-07-30T22:38:52.353411+00:00,pull,8,0.203,session_20260730_223706,student03,0.95,0.673,-0.108,0.681,5.62,-28.72,28.6,,
319,2026-07-30T22:38:52.447856+00:00,pull,8,0.297,session_20260730_223706,student03,0.95,0.849,-0.203,0.597,0.58,-13.18,22.19,,
320,2026-07-30T22:38:52.541215+00:00,pull,8,0.391,session_20260730_223706,student03,0.95,0.815,-0.061,0.603,15.08,-1.86,-2.17,,
321,2026-07-30T22:38:52.642248+00:00,pull,8,0.5,session_20260730_223706,student03,0.95,0.823,-0.077,0.548,13.28,-16.42,6.68,,
322,2026-07-30T22:38:52.742338+00:00,pull,8,0.594,session_20260730_223706,student03,0.95,0.843,-0.08,0.589,12.7,-12.85,3.05,,
323,2026-07-30T22:38:52.838143+00:00,pull,8,0.688,session_20260730_223706,student03,0.95,0.791,-0.036,0.438,10.5,-17.15,-0.89,,
324,2026-07-30T22:38:52.939159+00:00,pull,8,0.797,session_20260730_223706,student03,0.95,0.911,-0.065,0.494,0.52,-7.6,12.45,,
325,2026-07-30T22:38:53.041576+00:00,pull,8,0.891,session_20260730_223706,student03,0.95,0.879,-0.05,0.517,6.35,-8.21,8.51,,
326,2026-07-30T22:38:53.142448+00:00,pull,8,1.0,session_20260730_223706,student03,0.95,0.897,-0.067,0.414,0.4,-16.6,14.04,,
327,2026-07-30T22:38:53.254548+00:00,pull,8,1.11,session_20260730_223706,student03,0.95,0.89,-0.132,0.436,-5.95,-11.78,-4.36,,
328,2026-07-30T22:38:53.364201+00:00,pull,8,1.219,session_20260730_223706,student03,0.95,0.879,0.031,0.386,-3.05,-8.12,-2.93,,
329,2026-07-30T22:38:53.472688+00:00,pull,8,1.328,session_20260730_223706,student03,0.95,0.92,-0.067,0.465,7.6,-30.24,17.49,,
330,2026-07-30T22:38:53.568063+00:00,pull,8,1.422,session_20260730_223706,student03,0.95,0.937,-0.054,0.322,14.04,-21.91,2.62,,
331,2026-07-30T22:38:53.678093+00:00,pull,8,1.532,session_20260730_223706,student03,0.95,0.97,-0.081,0.253,9.83,-23.38,-5.58,,
332,2026-07-30T22:38:53.783429+00:00,pull,8,1.641,session_20260730_223706,student03,0.95,0.966,-0.036,0.19,-5.89,-8.58,-14.71,,
333,2026-07-30T22:38:53.896944+00:00,pull,8,1.75,session_20260730_223706,student03,0.95,0.97,0.043,0.242,3.51,-9.06,6.2,,
334,2026-07-30T22:38:53.997068+00:00,pull,8,1.844,session_20260730_223706,student03,0.95,0.984,-0.038,0.219,6.78,-13.98,3.97,,
335,2026-07-30T22:38:54.092374+00:00,pull,8,1.953,session_20260730_223706,student03,0.95,0.955,-0.008,0.228,3.2,2.23,-2.29,,
336,2026-07-30T22:38:56.237473+00:00,push,8,0.0,session_20260730_223706,student03,0.95,0.992,0.046,0.159,4.49,0.55,-1.53,,
337,2026-07-30T22:38:56.344153+00:00,push,8,0.109,session_20260730_223706,student03,0.95,1.02,-0.002,0.1,7.08,-14.5,4.36,,
338,2026-07-30T22:38:56.458250+00:00,push,8,0.219,session_20260730_223706,student03,0.95,0.996,-0.042,0.049,-3.72,-12.67,15.2,,
339,2026-07-30T22:38:56.564356+00:00,push,8,0.328,session_20260730_223706,student03,0.95,0.957,-0.062,0.063,-15.5,-9.61,-2.62,,
340,2026-07-30T22:38:56.662658+00:00,push,8,0.422,session_20260730_223706,student03,0.95,0.937,-0.042,0.1,-17.27,-11.44,-5.71,,
341,2026-07-30T22:38:56.773562+00:00,push,8,0.531,session_20260730_223706,student03,0.95,0.944,0.005,0.207,-3.39,25.64,-8.79,,
342,2026-07-30T22:38:56.872474+00:00,push,8,0.625,session_20260730_223706,student03,0.95,1.005,0.006,0.182,3.94,21.27,-10.47,,
343,2026-07-30T22:38:56.967428+00:00,push,8,0.734,session_20260730_223706,student03,0.95,1.011,0.0,0.222,0.82,12.73,-10.35,,
344,2026-07-30T22:38:57.078378+00:00,push,8,0.844,session_20260730_223706,student03,0.95,0.966,0.024,0.239,-0.09,10.47,-1.59,,
345,2026-07-30T22:38:57.187153+00:00,push,8,0.953,session_20260730_223706,student03,0.95,0.948,-0.016,0.231,-4.36,20.23,3.69,,
346,2026-07-30T22:38:57.298520+00:00,push,8,1.063,session_20260730_223706,student03,0.95,1.011,-0.07,0.152,-5.68,13.43,14.37,,
347,2026-07-30T22:38:57.404597+00:00,push,8,1.172,session_20260730_223706,student03,0.95,1.008,-0.138,0.184,-12.05,12.51,4.43,,
348,2026-07-30T22:38:57.514624+00:00,push,8,1.281,session_20260730_223706,student03,0.95,0.937,-0.078,0.253,-17.61,28.5,4.82,,
349,2026-07-30T22:38:57.624221+00:00,push,8,1.391,session_20260730_223706,student03,0.95,0.968,-0.141,0.331,-25.94,38.24,-0.03,,
350,2026-07-30T22:38:57.735073+00:00,push,8,1.5,session_20260730_223706,student03,0.95,0.841,-0.072,0.449,-23.74,54.78,-20.33,,
351,2026-07-30T22:38:57.844457+00:00,push,8,1.609,session_20260730_223706,student03,0.95,0.79,-0.099,0.57,-24.11,45.17,-10.59,,
352,2026-07-30T22:38:57.954404+00:00,push,8,1.719,session_20260730_223706,student03,0.95,0.829,-0.096,0.588,-13.34,25.06,-16.02,,
353,2026-07-30T22:38:58.064074+00:00,push,8,1.828,session_20260730_223706,student03,0.95,0.777,-0.074,0.6,-1.56,3.54,-5.31,,
354,2026-07-30T22:38:58.173447+00:00,push,8,1.938,session_20260730_223706,student03,0.95,0.821,-0.167,0.545,-9.0,-1.31,17.33,,
355,2026-07-30T22:39:00.214440+00:00,pull,9,0.0,session_20260730_223706,student03,0.95,0.769,-0.126,0.622,4.88,-1.8,4.33,,
356,2026-07-30T22:39:00.309086+00:00,pull,9,0.094,session_20260730_223706,student03,0.95,0.827,-0.131,0.604,3.42,4.39,0.7,,
357,2026-07-30T22:39:00.408585+00:00,pull,9,0.203,session_20260730_223706,student03,0.95,0.759,-0.095,0.631,4.3,-24.35,21.06,,
358,2026-07-30T22:39:00.524589+00:00,pull,9,0.312,session_20260730_223706,student03,0.95,0.769,-0.093,0.573,6.96,-18.01,18.89,,
359,2026-07-30T22:39:00.618585+00:00,pull,9,0.406,session_20260730_223706,student03,0.95,0.865,-0.191,0.551,19.5,-11.84,-7.93,,
360,2026-07-30T22:39:00.723498+00:00,pull,9,0.515,session_20260730_223706,student03,0.95,0.799,-0.071,0.584,22.89,0.73,-11.87,,
361,2026-07-30T22:39:00.821476+00:00,pull,9,0.609,session_20260730_223706,student03,0.95,0.757,-0.061,0.53,21.61,-12.05,8.3,,
362,2026-07-30T22:39:00.918341+00:00,pull,9,0.703,session_20260730_223706,student03,0.95,0.86,-0.102,0.516,22.52,-16.3,8.03,,
363,2026-07-30T22:39:01.008055+00:00,pull,9,0.797,session_20260730_223706,student03,0.95,0.891,-0.071,0.526,24.29,-16.97,4.73,,
364,2026-07-30T22:39:01.114507+00:00,pull,9,0.906,session_20260730_223706,student03,0.95,0.918,-0.067,0.569,13.73,-32.99,5.4,,
365,2026-07-30T22:39:01.223870+00:00,pull,9,1.015,session_20260730_223706,student03,0.95,0.901,-0.075,0.333,5.58,-27.68,7.9,,
366,2026-07-30T22:39:01.333608+00:00,pull,9,1.125,session_20260730_223706,student03,0.95,0.944,-0.082,0.345,2.84,-11.75,4.61,,
367,2026-07-30T22:39:01.433080+00:00,pull,9,1.219,session_20260730_223706,student03,0.95,0.934,-0.022,0.351,8.12,-23.04,1.68,,
368,2026-07-30T22:39:01.529117+00:00,pull,9,1.328,session_20260730_223706,student03,0.95,1.001,-0.094,0.248,2.38,-23.99,4.73,,
369,2026-07-30T22:39:01.638842+00:00,pull,9,1.437,session_20260730_223706,student03,0.95,0.997,-0.13,0.194,0.89,-20.29,-3.78,,
370,2026-07-30T22:39:01.744554+00:00,pull,9,1.531,session_20260730_223706,student03,0.95,0.979,-0.031,0.188,-1.43,-16.14,-21.45,,
371,2026-07-30T22:39:01.842744+00:00,pull,9,1.64,session_20260730_223706,student03,0.95,0.991,-0.049,0.11,-1.07,-13.7,-5.28,,
372,2026-07-30T22:39:01.953428+00:00,pull,9,1.75,session_20260730_223706,student03,0.95,0.978,-0.0,0.222,-1.16,2.26,-1.86,,
373,2026-07-30T22:39:02.063368+00:00,pull,9,1.859,session_20260730_223706,student03,0.95,0.977,-0.022,0.189,2.38,1.68,-2.9,,
374,2026-07-30T22:39:02.174059+00:00,pull,9,1.969,session_20260730_223706,student03,0.95,0.978,-0.021,0.226,5.71,1.59,-1.89,,
375,2026-07-30T22:39:03.978053+00:00,push,9,0.0,session_20260730_223706,student03,0.95,0.972,-0.01,0.142,-5.55,-2.87,-0.7,,
376,2026-07-30T22:39:04.077945+00:00,push,9,0.11,session_20260730_223706,student03,0.95,1.015,0.045,0.075,-11.14,-6.01,1.16,,
377,2026-07-30T22:39:04.184270+00:00,push,9,0.204,session_20260730_223706,student03,0.95,1.05,-0.031,0.011,-16.33,-22.61,-1.92,,
378,2026-07-30T22:39:04.279203+00:00,push,9,0.313,session_20260730_223706,student03,0.95,0.996,-0.003,-0.037,-12.88,-11.47,8.61,,
379,2026-07-30T22:39:04.385105+00:00,push,9,0.407,session_20260730_223706,student03,0.95,0.987,0.005,0.163,-10.86,12.79,9.46,,
380,2026-07-30T22:39:04.482645+00:00,push,9,0.516,session_20260730_223706,student03,0.95,0.957,-0.044,0.207,-3.23,11.72,7.87,,
381,2026-07-30T22:39:04.597731+00:00,push,9,0.625,session_20260730_223706,student03,0.95,0.947,-0.022,0.245,-6.26,3.63,5.77,,
382,2026-07-30T22:39:04.699470+00:00,push,9,0.719,session_20260730_223706,student03,0.95,0.926,-0.023,0.285,1.13,8.7,-1.56,,
383,2026-07-30T22:39:04.797891+00:00,push,9,0.829,session_20260730_223706,student03,0.95,0.978,-0.038,0.287,-7.05,2.53,6.1,,
384,2026-07-30T22:39:04.898818+00:00,push,9,0.922,session_20260730_223706,student03,0.95,0.962,-0.054,0.22,-7.29,8.0,7.32,,
385,2026-07-30T22:39:04.989676+00:00,push,9,1.016,session_20260730_223706,student03,0.95,0.975,-0.032,0.357,-9.16,22.64,-4.03,,
386,2026-07-30T22:39:05.094405+00:00,push,9,1.125,session_20260730_223706,student03,0.95,0.981,-0.048,0.334,-14.86,10.01,13.76,,
387,2026-07-30T22:39:05.205008+00:00,push,9,1.235,session_20260730_223706,student03,0.95,0.918,-0.079,0.277,-9.89,26.64,-9.7,,
388,2026-07-30T22:39:05.314085+00:00,push,9,1.344,session_20260730_223706,student03,0.95,0.833,-0.08,0.418,-30.55,52.19,-2.75,,
389,2026-07-30T22:39:05.424364+00:00,push,9,1.454,session_20260730_223706,student03,0.95,0.808,-0.15,0.599,-24.69,55.91,-9.37,,
390,2026-07-30T22:39:05.523656+00:00,push,9,1.547,session_20260730_223706,student03,0.95,0.827,-0.162,0.683,-14.59,22.03,-3.72,,
391,2026-07-30T22:39:05.618578+00:00,push,9,1.641,session_20260730_223706,student03,0.95,0.777,-0.159,0.638,-3.57,9.7,-10.44,,
392,2026-07-30T22:39:05.723748+00:00,push,9,1.75,session_20260730_223706,student03,0.95,0.775,-0.058,0.597,1.13,-12.76,-2.26,,
393,2026-07-30T22:39:05.822609+00:00,push,9,1.844,session_20260730_223706,student03,0.95,0.81,-0.086,0.566,2.59,-11.11,-5.89,,
394,2026-07-30T22:39:05.923071+00:00,push,9,1.954,session_20260730_223706,student03,0.95,0.837,-0.058,0.541,10.93,-15.63,-15.5,,
395,2026-07-30T22:39:07.949003+00:00,pull,10,0.0,session_20260730_223706,student03,0.95,0.803,-0.034,0.557,-0.4,8.18,0.95,,
396,2026-07-30T22:39:08.048279+00:00,pull,10,0.11,session_20260730_223706,student03,0.95,0.798,-0.059,0.667,5.31,-0.4,-0.15,,
397,2026-07-30T22:39:08.153759+00:00,pull,10,0.203,session_20260730_223706,student03,0.95,0.76,-0.07,0.551,-33.72,-19.47,48.77,,
398,2026-07-30T22:39:08.248841+00:00,pull,10,0.313,session_20260730_223706,student03,0.95,0.882,-0.186,0.525,-3.66,9.7,14.92,,
399,2026-07-30T22:39:08.364038+00:00,pull,10,0.422,session_20260730_223706,student03,0.95,0.803,-0.129,0.683,13.09,3.85,-0.55,,
400,2026-07-30T22:39:08.474594+00:00,pull,10,0.531,session_20260730_223706,student03,0.95,0.764,-0.103,0.661,15.53,-6.38,6.2,,
401,2026-07-30T22:39:08.585191+00:00,pull,10,0.641,session_20260730_223706,student03,0.95,0.864,-0.119,0.517,22.22,-13.49,14.25,,
402,2026-07-30T22:39:08.682776+00:00,pull,10,0.735,session_20260730_223706,student03,0.95,0.853,-0.097,0.475,21.7,-8.76,7.29,,
403,2026-07-30T22:39:08.780579+00:00,pull,10,0.844,session_20260730_223706,student03,0.95,0.861,-0.071,0.473,10.65,-16.94,7.45,,
404,2026-07-30T22:39:08.894924+00:00,pull,10,0.953,session_20260730_223706,student03,0.95,0.881,-0.116,0.49,-3.78,-12.79,7.9,,
405,2026-07-30T22:39:09.008959+00:00,pull,10,1.063,session_20260730_223706,student03,0.95,0.871,-0.108,0.457,0.98,-10.59,-2.41,,
406,2026-07-30T22:39:09.113823+00:00,pull,10,1.172,session_20260730_223706,student03,0.95,0.891,-0.055,0.499,6.68,-21.49,-3.72,,
407,2026-07-30T22:39:09.208856+00:00,pull,10,1.266,session_20260730_223706,student03,0.95,0.907,-0.073,0.37,5.25,-31.5,3.42,,
408,2026-07-30T22:39:09.313951+00:00,pull,10,1.375,session_20260730_223706,student03,0.95,0.927,-0.06,0.392,-4.88,-21.61,1.28,,
409,2026-07-30T22:39:09.412447+00:00,pull,10,1.469,session_20260730_223706,student03,0.95,0.978,-0.115,0.272,-7.78,-26.22,1.86,,
410,2026-07-30T22:39:09.512619+00:00,pull,10,1.563,session_20260730_223706,student03,0.95,0.941,-0.083,0.262,-4.58,-18.16,-6.84,,
411,2026-07-30T22:39:09.610004+00:00,pull,10,1.672,session_20260730_223706,student03,0.95,0.966,-0.112,0.202,-4.85,-6.13,-2.78,,
412,2026-07-30T22:39:09.714814+00:00,pull,10,1.766,session_20260730_223706,student03,0.95,0.979,-0.062,0.288,-4.7,2.11,-6.23,,
413,2026-07-30T22:39:09.809585+00:00,pull,10,1.86,session_20260730_223706,student03,0.95,0.958,-0.069,0.233,9.49,-5.4,-2.29,,
414,2026-07-30T22:39:09.909482+00:00,pull,10,1.969,session_20260730_223706,student03,0.95,0.964,-0.049,0.309,5.49,-1.37,1.13,,
415,2026-07-30T22:39:11.874471+00:00,push,10,0.0,session_20260730_223706,student03,0.95,0.973,-0.043,0.196,3.63,-2.38,-0.46,,
416,2026-07-30T22:39:11.983040+00:00,push,10,0.109,session_20260730_223706,student03,0.95,0.996,-0.047,0.116,-4.91,-10.25,6.23,,
417,2026-07-30T22:39:12.094488+00:00,push,10,0.218,session_20260730_223706,student03,0.95,0.991,-0.069,0.11,-4.67,3.63,2.41,,
418,2026-07-30T22:39:12.203651+00:00,push,10,0.328,session_20260730_223706,student03,0.95,0.969,-0.049,0.175,-1.5,9.16,1.46,,
419,2026-07-30T22:39:12.314784+00:00,push,10,0.437,session_20260730_223706,student03,0.95,0.931,-0.006,0.287,-9.28,3.85,3.78,,
420,2026-07-30T22:39:12.424601+00:00,push,10,0.547,session_20260730_223706,student03,0.95,0.941,-0.034,0.359,1.68,-2.17,3.69,,
421,2026-07-30T22:39:12.524112+00:00,push,10,0.64,session_20260730_223706,student03,0.95,0.951,-0.04,0.251,3.63,-6.1,-1.07,,
422,2026-07-30T22:39:12.618879+00:00,push,10,0.734,session_20260730_223706,student03,0.95,0.958,-0.069,0.261,1.5,-5.86,-2.2,,
423,2026-07-30T22:39:12.708679+00:00,push,10,0.828,session_20260730_223706,student03,0.95,0.962,-0.04,0.25,-1.92,-16.75,-2.04,,
424,2026-07-30T22:39:12.818722+00:00,push,10,0.937,session_20260730_223706,student03,0.95,0.987,-0.055,0.214,-4.91,2.2,-4.39,,
425,2026-07-30T22:39:12.917553+00:00,push,10,1.031,session_20260730_223706,student03,0.95,0.983,-0.052,0.243,-13.31,0.64,-0.95,,
426,2026-07-30T22:39:13.011841+00:00,push,10,1.125,session_20260730_223706,student03,0.95,0.968,-0.034,0.288,-11.6,9.34,3.48,,
427,2026-07-30T22:39:13.114006+00:00,push,10,1.234,session_20260730_223706,student03,0.95,0.955,-0.081,0.309,-16.3,8.51,-0.21,,
428,2026-07-30T22:39:13.209482+00:00,push,10,1.328,session_20260730_223706,student03,0.95,0.907,-0.084,0.261,-13.92,24.35,-5.74,,
429,2026-07-30T22:39:13.310396+00:00,push,10,1.437,session_20260730_223706,student03,0.95,0.93,-0.114,0.33,-32.32,38.36,5.49,,
430,2026-07-30T22:39:13.419172+00:00,push,10,1.531,session_20260730_223706,student03,0.95,0.922,-0.11,0.478,-35.4,38.73,-9.86,,
431,2026-07-30T22:39:13.510097+00:00,push,10,1.625,session_20260730_223706,student03,0.95,0.792,-0.019,0.548,-24.48,41.14,-20.48,,
432,2026-07-30T22:39:13.610372+00:00,push,10,1.734,session_20260730_223706,student03,0.95,0.83,-0.118,0.539,-26.89,23.8,7.2,,
433,2026-07-30T22:39:13.718095+00:00,push,10,1.843,session_20260730_223706,student03,0.95,0.806,-0.043,0.635,-2.9,12.91,-5.31,,
434,2026-07-30T22:39:13.824862+00:00,push,10,1.937,session_20260730_223706,student03,0.95,0.875,-0.161,0.503,12.76,-6.2,0.18,,
435,2026-07-30T22:39:15.793496+00:00,pull,11,0.0,session_20260730_223706,student03,0.95,0.806,-0.024,0.626,14.4,1.95,-5.86,,
436,2026-07-30T22:39:15.888441+00:00,pull,11,0.109,session_20260730_223706,student03,0.95,0.838,-0.087,0.627,8.64,-8.61,6.07,,
437,2026-07-30T22:39:15.994259+00:00,pull,11,0.203,session_20260730_223706,student03,0.95,0.668,-0.046,0.715,5.1,-1.1,27.95,,
438,2026-07-30T22:39:16.092877+00:00,pull,11,0.312,session_20260730_223706,student03,0.95,0.788,-0.142,0.559,-10.01,-7.2,22.8,,
439,2026-07-30T22:39:16.205663+00:00,pull,11,0.422,session_20260730_223706,student03,0.95,0.827,-0.15,0.73,17.64,16.66,-3.63,,
440,2026-07-30T22:39:16.315167+00:00,pull,11,0.531,session_20260730_223706,student03,0.95,0.832,-0.035,0.574,21.88,-15.17,5.25,,
441,2026-07-30T22:39:16.425442+00:00,pull,11,0.641,session_20260730_223706,student03,0.95,0.856,-0.053,0.494,21.94,-19.41,5.46,,
442,2026-07-30T22:39:16.538261+00:00,pull,11,0.75,session_20260730_223706,student03,0.95,0.836,-0.075,0.464,9.61,-17.21,5.68,,
443,2026-07-30T22:39:16.645316+00:00,pull,11,0.859,session_20260730_223706,student03,0.95,0.882,-0.082,0.424,4.88,-15.81,6.93,,
444,2026-07-30T22:39:16.754206+00:00,pull,11,0.969,session_20260730_223706,student03,0.95,0.9,-0.04,0.44,5.98,-10.38,5.16,,
445,2026-07-30T22:39:16.864303+00:00,pull,11,1.078,session_20260730_223706,student03,0.95,0.906,-0.081,0.409,4.49,-8.55,7.97,,
446,2026-07-30T22:39:16.974552+00:00,pull,11,1.187,session_20260730_223706,student03,0.95,0.884,-0.072,0.407,-3.33,-19.26,7.78,,
447,2026-07-30T22:39:17.089024+00:00,pull,11,1.297,session_20260730_223706,student03,0.95,0.898,-0.083,0.377,-0.09,-17.33,1.34,,
448,2026-07-30T22:39:17.189951+00:00,pull,11,1.406,session_20260730_223706,student03,0.95,0.952,-0.108,0.368,-2.41,-3.48,4.36,,
449,2026-07-30T22:39:17.305891+00:00,pull,11,1.516,session_20260730_223706,student03,0.95,0.907,-0.07,0.354,1.01,-17.64,-5.74,,
450,2026-07-30T22:39:17.399288+00:00,pull,11,1.609,session_20260730_223706,student03,0.95,0.995,-0.138,0.303,-1.92,-7.39,-1.77,,
451,2026-07-30T22:39:17.504762+00:00,pull,11,1.719,session_20260730_223706,student03,0.95,0.955,-0.072,0.301,9.31,-11.81,-11.2,,
452,2026-07-30T22:39:17.600280+00:00,pull,11,1.812,session_20260730_223706,student03,0.95,0.96,-0.06,0.267,14.68,-6.38,-9.13,,
453,2026-07-30T22:39:17.706344+00:00,pull,11,1.922,session_20260730_223706,student03,0.95,0.957,-0.02,0.257,13.58,1.16,-16.69,,
454,2026-07-30T22:39:19.421095+00:00,push,11,0.0,session_20260730_223706,student03,0.95,0.969,0.043,0.245,-1.8,-2.11,-0.64,,
455,2026-07-30T22:39:19.534354+00:00,push,11,0.109,session_20260730_223706,student03,0.95,1.042,-0.009,0.001,-14.95,-35.28,23.47,,
456,2026-07-30T22:39:19.645137+00:00,push,11,0.218,session_20260730_223706,student03,0.95,0.986,0.02,0.199,-23.04,-13.79,8.42,,
457,2026-07-30T22:39:19.754117+00:00,push,11,0.328,session_20260730_223706,student03,0.95,0.938,0.005,0.197,1.07,-30.67,-6.84,,
458,2026-07-30T22:39:19.850491+00:00,push,11,0.421,session_20260730_223706,student03,0.95,0.941,0.018,0.205,-6.84,-4.46,4.24,,
459,2026-07-30T22:39:19.948975+00:00,push,11,0.515,session_20260730_223706,student03,0.95,0.942,0.002,0.201,-2.2,9.03,3.39,,
460,2026-07-30T22:39:20.055093+00:00,push,11,0.625,session_20260730_223706,student03,0.95,1.002,-0.002,0.206,-0.52,-1.86,-5.86,,
461,2026-07-30T22:39:20.149450+00:00,push,11,0.718,session_20260730_223706,student03,0.95,1.018,-0.014,0.134,-9.95,4.43,1.65,,
462,2026-07-30T22:39:20.243458+00:00,push,11,0.812,session_20260730_223706,student03,0.95,1.04,0.018,0.173,-10.96,9.55,-4.21,,
463,2026-07-30T22:39:20.338647+00:00,push,11,0.906,session_20260730_223706,student03,0.95,1.012,-0.029,0.218,-7.72,18.04,-7.84,,
464,2026-07-30T22:39:20.439959+00:00,push,11,1.015,session_20260730_223706,student03,0.95,0.928,0.066,0.276,-15.53,19.68,-1.25,,
465,2026-07-30T22:39:20.544942+00:00,push,11,1.125,session_20260730_223706,student03,0.95,0.941,-0.014,0.326,-17.88,14.65,14.95,,
466,2026-07-30T22:39:20.655370+00:00,push,11,1.234,session_20260730_223706,student03,0.95,0.946,-0.081,0.272,-21.42,20.69,4.52,,
467,2026-07-30T22:39:20.765246+00:00,push,11,1.343,session_20260730_223706,student03,0.95,0.909,-0.106,0.381,-27.22,44.56,-8.76,,
468,2026-07-30T22:39:20.875618+00:00,push,11,1.453,session_20260730_223706,student03,0.95,0.856,-0.132,0.478,-24.14,59.82,-17.27,,
469,2026-07-30T22:39:20.985994+00:00,push,11,1.562,session_20260730_223706,student03,0.95,0.831,-0.169,0.658,-35.13,40.1,-2.53,,
470,2026-07-30T22:39:21.095506+00:00,push,11,1.671,session_20260730_223706,student03,0.95,0.752,0.003,0.667,-5.77,9.13,-8.91,,
471,2026-07-30T22:39:21.205405+00:00,push,11,1.781,session_20260730_223706,student03,0.95,0.813,-0.069,0.632,2.66,1.89,-1.07,,
472,2026-07-30T22:39:21.314282+00:00,push,11,1.89,session_20260730_223706,student03,0.95,0.818,-0.066,0.606,2.72,-6.1,2.41,,
473,2026-07-30T22:39:23.106379+00:00,pull,12,0.0,session_20260730_223706,student03,0.95,0.787,-0.096,0.658,-3.17,13.28,6.99,,
474,2026-07-30T22:39:23.209155+00:00,pull,12,0.11,session_20260730_223706,student03,0.95,0.737,-0.049,0.692,2.69,-1.28,6.23,,
475,2026-07-30T22:39:23.314997+00:00,pull,12,0.219,session_20260730_223706,student03,0.95,0.636,-0.198,0.735,-42.94,-4.0,20.72,,
476,2026-07-30T22:39:23.412484+00:00,pull,12,0.313,session_20260730_223706,student03,0.95,0.711,-0.193,0.764,4.46,-1.31,3.69,,
477,2026-07-30T22:39:23.525646+00:00,pull,12,0.422,session_20260730_223706,student03,0.95,0.696,-0.102,0.765,30.49,-8.76,11.23,,
478,2026-07-30T22:39:23.618788+00:00,pull,12,0.516,session_20260730_223706,student03,0.95,0.768,-0.106,0.642,30.7,-14.07,18.95,,
479,2026-07-30T22:39:23.713219+00:00,pull,12,0.61,session_20260730_223706,student03,0.95,0.879,-0.117,0.57,21.94,-31.56,14.19,,
480,2026-07-30T22:39:23.811379+00:00,pull,12,0.719,session_20260730_223706,student03,0.95,0.891,-0.11,0.441,7.08,-44.1,8.79,,
481,2026-07-30T22:39:23.924944+00:00,pull,12,0.829,session_20260730_223706,student03,0.95,0.913,-0.117,0.401,-7.51,-32.78,2.5,,
482,2026-07-30T22:39:24.035427+00:00,pull,12,0.938,session_20260730_223706,student03,0.95,0.884,-0.062,0.451,-5.1,-22.06,-7.66,,
483,2026-07-30T22:39:24.145603+00:00,pull,12,1.047,session_20260730_223706,student03,0.95,0.922,-0.081,0.345,-0.18,-26.34,8.48,,
484,2026-07-30T22:39:24.255399+00:00,pull,12,1.157,session_20260730_223706,student03,0.95,0.932,-0.109,0.206,17.67,-18.77,-9.77,,
485,2026-07-30T22:39:24.350005+00:00,pull,12,1.25,session_20260730_223706,student03,0.95,0.984,-0.03,0.343,12.45,-5.98,-11.05,,
486,2026-07-30T22:39:24.449287+00:00,pull,12,1.344,session_20260730_223706,student03,0.95,0.963,-0.071,0.25,9.7,-19.65,5.19,,
487,2026-07-30T22:39:24.554996+00:00,pull,12,1.454,session_20260730_223706,student03,0.95,0.989,-0.076,0.291,6.38,-1.92,-2.69,,
488,2026-07-30T22:39:24.650498+00:00,pull,12,1.547,session_20260730_223706,student03,0.95,0.987,-0.104,0.256,-0.55,-24.75,-2.96,,
489,2026-07-30T22:39:24.749133+00:00,pull,12,1.657,session_20260730_223706,student03,0.95,0.954,-0.04,0.195,1.31,-10.53,-1.71,,
490,2026-07-30T22:39:24.855416+00:00,pull,12,1.75,session_20260730_223706,student03,0.95,0.982,-0.072,0.23,5.46,-2.99,0.21,,
491,2026-07-30T22:39:24.949179+00:00,pull,12,1.844,session_20260730_223706,student03,0.95,0.971,-0.06,0.203,4.85,-6.29,1.68,,
492,2026-07-30T22:39:25.048089+00:00,pull,12,1.954,session_20260730_223706,student03,0.95,0.979,-0.051,0.231,-0.98,-0.49,-2.62,,
493,2026-07-30T22:39:26.618993+00:00,push,12,0.0,session_20260730_223706,student03,0.95,0.991,0.012,0.136,1.53,-1.98,-1.89,,
494,2026-07-30T22:39:26.725673+00:00,push,12,0.109,session_20260730_223706,student03,0.95,1.05,-0.001,-0.019,-5.13,-18.1,11.6,,
495,2026-07-30T22:39:26.820304+00:00,push,12,0.203,session_20260730_223706,student03,0.95,0.995,-0.027,-0.033,-8.76,0.03,-2.59,,
496,2026-07-30T22:39:26.919254+00:00,push,12,0.297,session_20260730_223706,student03,0.95,0.962,-0.028,0.066,-12.88,16.88,-6.23,,
497,2026-07-30T22:39:27.019650+00:00,push,12,0.406,session_20260730_223706,student03,0.95,0.967,0.054,0.123,-12.02,3.78,0.27,,
498,2026-07-30T22:39:27.124656+00:00,push,12,0.516,session_20260730_223706,student03,0.95,0.929,0.037,0.229,3.2,21.27,-3.14,,
499,2026-07-30T22:39:27.235702+00:00,push,12,0.625,session_20260730_223706,student03,0.95,0.95,-0.039,0.249,0.52,6.68,-1.4,,
500,2026-07-30T22:39:27.344786+00:00,push,12,0.734,session_20260730_223706,student03,0.95,0.969,-0.005,0.236,-3.85,30.03,-6.99,,
501,2026-07-30T22:39:27.454939+00:00,push,12,0.844,session_20260730_223706,student03,0.95,0.979,-0.02,0.355,-8.85,33.94,1.8,,
502,2026-07-30T22:39:27.565322+00:00,push,12,0.953,session_20260730_223706,student03,0.95,0.959,-0.066,0.367,-8.67,15.59,12.51,,
503,2026-07-30T22:39:27.675041+00:00,push,12,1.063,session_20260730_223706,student03,0.95,0.903,-0.133,0.358,-6.38,17.52,-0.58,,
504,2026-07-30T22:39:27.784038+00:00,push,12,1.172,session_20260730_223706,student03,0.95,0.832,-0.097,0.409,-24.2,43.82,1.1,,
505,2026-07-30T22:39:27.896858+00:00,push,12,1.281,session_20260730_223706,student03,0.95,0.813,-0.153,0.52,-20.11,46.27,-13.49,,
506,2026-07-30T22:39:27.990700+00:00,push,12,1.375,session_20260730_223706,student03,0.95,0.912,-0.105,0.666,-2.78,9.43,-17.76,,
507,2026-07-30T22:39:28.089781+00:00,push,12,1.469,session_20260730_223706,student03,0.95,0.816,-0.103,0.541,2.11,2.35,-3.2,,
508,2026-07-30T22:39:28.189848+00:00,push,12,1.578,session_20260730_223706,student03,0.95,0.863,-0.086,0.528,2.08,1.1,1.34,,
509,2026-07-30T22:39:28.297118+00:00,push,12,1.688,session_20260730_223706,student03,0.95,0.859,-0.053,0.503,4.03,-5.95,-0.76,,
510,2026-07-30T22:39:28.406495+00:00,push,12,1.797,session_20260730_223706,student03,0.95,0.85,-0.063,0.504,1.04,1.71,-0.89,,
511,2026-07-30T22:39:28.514901+00:00,push,12,1.906,session_20260730_223706,student03,0.95,0.836,-0.06,0.495,4.06,5.07,-4.52,,
512,2026-07-30T22:39:30.013741+00:00,pull,13,0.0,session_20260730_223706,student03,0.95,0.816,-0.019,0.559,-1.01,6.2,-1.86,,
513,2026-07-30T22:39:30.123981+00:00,pull,13,0.11,session_20260730_223706,student03,0.95,0.801,-0.069,0.778,9.49,-0.92,1.04,,
514,2026-07-30T22:39:30.234192+00:00,pull,13,0.219,session_20260730_223706,student03,0.95,0.694,-0.003,0.573,6.56,-24.69,33.97,,
515,2026-07-30T22:39:30.349331+00:00,pull,13,0.328,session_20260730_223706,student03,0.95,0.854,-0.118,0.624,10.5,-5.37,27.68,,
516,2026-07-30T22:39:30.457091+00:00,pull,13,0.438,session_20260730_223706,student03,0.95,0.837,0.03,0.543,29.85,5.01,-12.91,,
517,2026-07-30T22:39:30.564459+00:00,pull,13,0.547,session_20260730_223706,student03,0.95,0.819,0.024,0.541,16.6,-5.58,11.51,,
518,2026-07-30T22:39:30.678830+00:00,pull,13,0.657,session_20260730_223706,student03,0.95,0.868,-0.069,0.423,-5.62,-28.26,28.08,,
519,2026-07-30T22:39:30.786988+00:00,pull,13,0.766,session_20260730_223706,student03,0.95,0.961,-0.069,0.351,-3.72,-24.78,11.08,,
520,2026-07-30T22:39:30.895937+00:00,pull,13,0.875,session_20260730_223706,student03,0.95,0.909,-0.035,0.432,7.51,-12.94,-5.1,,
521,2026-07-30T22:39:30.990006+00:00,pull,13,0.969,session_20260730_223706,student03,0.95,0.887,-0.023,0.415,7.45,-14.4,-8.27,,
522,2026-07-30T22:39:31.095687+00:00,pull,13,1.078,session_20260730_223706,student03,0.95,0.958,-0.001,0.418,7.45,-19.41,1.37,,
523,2026-07-30T22:39:31.204331+00:00,pull,13,1.188,session_20260730_223706,student03,0.95,0.976,-0.088,0.338,8.73,-28.75,14.47,,
524,2026-07-30T22:39:31.319515+00:00,pull,13,1.297,session_20260730_223706,student03,0.95,1.011,-0.143,0.316,26.18,-7.54,-8.48,,
525,2026-07-30T22:39:31.426143+00:00,pull,13,1.407,session_20260730_223706,student03,0.95,0.957,-0.043,0.301,-16.11,0.06,-4.36,,
526,2026-07-30T22:39:31.535881+00:00,pull,13,1.516,session_20260730_223706,student03,0.95,0.947,0.015,0.318,-4.79,-12.82,-2.04,,
527,2026-07-30T22:39:31.644691+00:00,pull,13,1.625,session_20260730_223706,student03,0.95,0.953,-0.015,0.265,1.37,-5.71,-6.5,,
528,2026-07-30T22:39:31.755224+00:00,pull,13,1.735,session_20260730_223706,student03,0.95,0.944,0.001,0.335,9.86,-1.92,-2.53,,
529,2026-07-30T22:39:31.864458+00:00,pull,13,1.844,session_20260730_223706,student03,0.95,0.959,-0.005,0.342,6.9,0.37,1.98,,
530,2026-07-30T22:39:31.975514+00:00,pull,13,1.953,session_20260730_223706,student03,0.95,0.933,0.016,0.329,3.88,-5.46,2.99,,
531,2026-07-30T22:39:33.297918+00:00,push,13,0.0,session_20260730_223706,student03,0.95,0.975,0.035,0.193,12.85,4.79,6.87,,
532,2026-07-30T22:39:33.419427+00:00,push,13,0.109,session_20260730_223706,student03,0.95,1.019,0.053,0.133,18.43,-6.68,15.41,,
533,2026-07-30T22:39:33.518992+00:00,push,13,0.218,session_20260730_223706,student03,0.95,1.053,-0.077,-0.007,-0.31,-4.7,20.42,,
534,2026-07-30T22:39:33.629594+00:00,push,13,0.328,session_20260730_223706,student03,0.95,0.972,-0.09,0.115,-9.43,-1.25,15.26,,
535,2026-07-30T22:39:33.729820+00:00,push,13,0.421,session_20260730_223706,student03,0.95,0.939,-0.039,0.17,-14.56,19.99,2.53,,
536,2026-07-30T22:39:33.835354+00:00,push,13,0.531,session_20260730_223706,student03,0.95,0.896,0.036,0.269,-0.43,6.35,-16.97,,
537,2026-07-30T22:39:33.930535+00:00,push,13,0.625,session_20260730_223706,student03,0.95,0.985,0.009,0.276,-1.74,-18.77,-5.86,,
538,2026-07-30T22:39:34.031049+00:00,push,13,0.734,session_20260730_223706,student03,0.95,0.979,-0.086,0.147,-10.41,-2.72,-5.68,,
539,2026-07-30T22:39:34.148642+00:00,push,13,0.843,session_20260730_223706,student03,0.95,1.001,-0.048,0.199,-14.62,21.27,3.85,,
540,2026-07-30T22:39:34.249127+00:00,push,13,0.953,session_20260730_223706,student03,0.95,0.933,0.003,0.286,-13.31,33.48,-7.84,,
541,2026-07-30T22:39:34.359718+00:00,push,13,1.062,session_20260730_223706,student03,0.95,0.833,-0.075,0.423,-34.7,68.94,-5.43,,
542,2026-07-30T22:39:34.466042+00:00,push,13,1.156,session_20260730_223706,student03,0.95,0.883,-0.178,0.556,-33.75,54.51,-0.09,,
543,2026-07-30T22:39:34.561232+00:00,push,13,1.265,session_20260730_223706,student03,0.95,0.791,-0.107,0.529,-17.98,38.0,-17.37,,
544,2026-07-30T22:39:34.669674+00:00,push,13,1.359,session_20260730_223706,student03,0.95,0.788,-0.089,0.635,-16.54,30.15,-9.16,,
545,2026-07-30T22:39:34.769116+00:00,push,13,1.468,session_20260730_223706,student03,0.95,0.805,-0.127,0.564,0.31,3.97,2.41,,
546,2026-07-30T22:39:34.875130+00:00,push,13,1.578,session_20260730_223706,student03,0.95,0.825,-0.114,0.623,2.78,12.05,-1.25,,
547,2026-07-30T22:39:34.984796+00:00,push,13,1.687,session_20260730_223706,student03,0.95,0.814,-0.086,0.609,1.31,0.98,-0.15,,
548,2026-07-30T22:39:35.094916+00:00,push,13,1.796,session_20260730_223706,student03,0.95,0.803,-0.057,0.606,4.76,-3.6,-1.28,,
549,2026-07-30T22:39:35.205785+00:00,push,13,1.906,session_20260730_223706,student03,0.95,0.788,-0.073,0.579,6.35,0.52,-0.52,,
550,2026-07-30T22:39:37.976839+00:00,pull,14,0.0,session_20260730_223706,student03,0.95,0.744,-0.106,0.706,7.42,-1.13,-3.05,,
551,2026-07-30T22:39:38.084679+00:00,pull,14,0.11,session_20260730_223706,student03,0.95,0.653,-0.127,0.842,37.26,-38.7,7.17,,
552,2026-07-30T22:39:38.183942+00:00,pull,14,0.204,session_20260730_223706,student03,0.95,0.713,-0.106,0.585,1.31,-42.42,23.19,,
553,2026-07-30T22:39:38.281922+00:00,pull,14,0.313,session_20260730_223706,student03,0.95,0.784,-0.164,0.662,6.29,-19.47,16.97,,
554,2026-07-30T22:39:38.399450+00:00,pull,14,0.422,session_20260730_223706,student03,0.95,0.805,-0.025,0.614,25.88,-6.16,-0.73,,
555,2026-07-30T22:39:38.505440+00:00,pull,14,0.532,session_20260730_223706,student03,0.95,0.843,-0.031,0.593,19.2,-12.91,0.89,,
556,2026-07-30T22:39:38.600250+00:00,pull,14,0.625,session_20260730_223706,student03,0.95,0.849,-0.027,0.489,13.7,-31.77,10.59,,
557,2026-07-30T22:39:38.699368+00:00,pull,14,0.719,session_20260730_223706,student03,0.95,0.889,-0.032,0.384,7.54,-25.33,12.79,,
558,2026-07-30T22:39:38.793424+00:00,pull,14,0.813,session_20260730_223706,student03,0.95,0.904,-0.038,0.415,6.5,-19.2,5.25,,
559,2026-07-30T22:39:38.888853+00:00,pull,14,0.922,session_20260730_223706,student03,0.95,0.895,-0.002,0.442,-1.46,-16.63,6.26,,
560,2026-07-30T22:39:39.004961+00:00,pull,14,1.032,session_20260730_223706,student03,0.95,0.906,-0.052,0.388,-6.62,-23.68,7.26,,
561,2026-07-30T22:39:39.115167+00:00,pull,14,1.141,session_20260730_223706,student03,0.95,0.928,-0.06,0.385,-5.52,-25.09,9.31,,
562,2026-07-30T22:39:39.213881+00:00,pull,14,1.235,session_20260730_223706,student03,0.95,0.955,-0.087,0.232,10.13,-25.18,2.17,,
563,2026-07-30T22:39:39.310674+00:00,pull,14,1.344,session_20260730_223706,student03,0.95,0.977,-0.126,0.139,5.4,-9.92,-6.32,,
564,2026-07-30T22:39:39.424883+00:00,pull,14,1.454,session_20260730_223706,student03,0.95,0.984,-0.057,0.234,0.49,3.39,-9.43,,
565,2026-07-30T22:39:39.534401+00:00,pull,14,1.563,session_20260730_223706,student03,0.95,0.981,-0.037,0.243,5.01,-2.04,-6.04,,
566,2026-07-30T22:39:39.629828+00:00,pull,14,1.657,session_20260730_223706,student03,0.95,0.968,-0.04,0.279,7.32,-6.81,2.62,,
567,2026-07-30T22:39:39.735149+00:00,pull,14,1.766,session_20260730_223706,student03,0.95,0.952,-0.056,0.247,8.3,-3.33,1.59,,
568,2026-07-30T22:39:39.845086+00:00,pull,14,1.875,session_20260730_223706,student03,0.95,0.967,-0.051,0.281,8.61,-1.28,2.29,,
569,2026-07-30T22:39:39.955440+00:00,pull,14,1.985,session_20260730_223706,student03,0.95,0.961,-0.069,0.272,5.28,-6.04,3.3,,
570,2026-07-30T22:39:41.476391+00:00,push,14,0.0,session_20260730_223706,student03,0.95,0.974,-0.015,0.214,1.62,-0.76,-1.28,,
571,2026-07-30T22:39:41.585400+00:00,push,14,0.11,session_20260730_223706,student03,0.95,1.023,-0.01,0.114,-2.9,-12.21,5.25,,
572,2026-07-30T22:39:41.680377+00:00,push,14,0.204,session_20260730_223706,student03,0.95,1.033,-0.068,0.027,-6.93,-9.34,1.37,,
573,2026-07-30T22:39:41.771633+00:00,push,14,0.297,session_20260730_223706,student03,0.95,1.003,-0.058,0.084,-2.66,12.39,-3.6,,
574,2026-07-30T22:39:41.871835+00:00,push,14,0.391,session_20260730_223706,student03,0.95,0.989,-0.005,0.157,-11.96,20.72,4.27,,
575,2026-07-30T22:39:41.973870+00:00,push,14,0.5,session_20260730_223706,student03,0.95,0.95,-0.057,0.322,-7.35,16.27,-0.64,,
576,2026-07-30T22:39:42.086044+00:00,push,14,0.61,session_20260730_223706,student03,0.95,0.943,-0.051,0.307,1.77,2.81,-11.44,,
577,2026-07-30T22:39:42.194664+00:00,push,14,0.719,session_20260730_223706,student03,0.95,0.975,0.001,0.239,-2.75,1.46,-10.01,,
578,2026-07-30T22:39:42.305244+00:00,push,14,0.829,session_20260730_223706,student03,0.95,0.952,-0.003,0.319,-13.61,26.22,-3.05,,
579,2026-07-30T22:39:42.404132+00:00,push,14,0.938,session_20260730_223706,student03,0.95,0.936,-0.013,0.353,-23.83,44.77,-4.91,,
580,2026-07-30T22:39:42.515194+00:00,push,14,1.047,session_20260730_223706,student03,0.95,0.929,-0.073,0.391,-33.91,44.65,9.98,,
581,2026-07-30T22:39:42.625295+00:00,push,14,1.157,session_20260730_223706,student03,0.95,0.825,-0.16,0.628,-35.89,49.93,-11.51,,
582,2026-07-30T22:39:42.740021+00:00,push,14,1.266,session_20260730_223706,student03,0.95,0.787,-0.045,0.636,-23.29,30.03,-3.85,,
583,2026-07-30T22:39:42.840388+00:00,push,14,1.36,session_20260730_223706,student03,0.95,0.835,-0.107,0.668,-14.13,5.34,7.02,,
584,2026-07-30T22:39:42.931102+00:00,push,14,1.454,session_20260730_223706,student03,0.95,0.813,-0.137,0.498,-12.51,-5.1,11.32,,
585,2026-07-30T22:39:43.031796+00:00,push,14,1.563,session_20260730_223706,student03,0.95,0.784,-0.107,0.62,0.55,3.14,-5.62,,
586,2026-07-30T22:39:43.146376+00:00,push,14,1.672,session_20260730_223706,student03,0.95,0.836,-0.163,0.56,2.35,-8.33,-0.37,,
587,2026-07-30T22:39:43.239270+00:00,push,14,1.766,session_20260730_223706,student03,0.95,0.818,-0.119,0.533,4.06,-8.94,-3.45,,
588,2026-07-30T22:39:43.333073+00:00,push,14,1.86,session_20260730_223706,student03,0.95,0.827,-0.111,0.533,6.16,-6.23,-5.28,,
589,2026-07-30T22:39:43.431193+00:00,push,14,1.954,session_20260730_223706,student03,0.95,0.837,-0.073,0.532,11.78,-4.49,-7.11,,
590,2026-07-30T22:40:02.161053+00:00,clockwise,0,0.0,session_20260730_223706,student03,0.95,0.966,-0.064,0.192,1.68,-3.2,-1.74,,
591,2026-07-30T22:40:02.259697+00:00,clockwise,0,0.094,session_20260730_223706,student03,0.95,0.964,-0.095,0.174,-10.71,-1.19,1.74,,
592,2026-07-30T22:40:02.352087+00:00,clockwise,0,0.187,session_20260730_223706,student03,0.95,0.922,-0.188,0.181,-21.18,-0.61,4.76,,
593,2026-07-30T22:40:02.454746+00:00,clockwise,0,0.297,session_20260730_223706,student03,0.95,0.922,-0.374,0.144,-49.9,3.45,-5.07,,
594,2026-07-30T22:40:02.570734+00:00,clockwise,0,0.406,session_20260730_223706,student03,0.95,0.866,-0.433,0.065,-126.1,-0.95,-31.34,,
595,2026-07-30T22:40:02.680529+00:00,clockwise,0,0.516,session_20260730_223706,student03,0.95,0.59,-0.113,0.126,-163.03,-0.55,-38.67,,
596,2026-07-30T22:40:02.781676+00:00,clockwise,0,0.625,session_20260730_223706,student03,0.95,0.606,-0.023,0.267,-151.46,31.4,0.27,,
597,2026-07-30T22:40:02.896732+00:00,clockwise,0,0.734,session_20260730_223706,student03,0.95,0.671,0.019,0.473,-104.31,69.28,34.73,,
598,2026-07-30T22:40:02.990699+00:00,clockwise,0,0.828,session_20260730_223706,student03,0.95,0.758,-0.194,0.657,-56.79,62.29,81.36,,
599,2026-07-30T22:40:03.100003+00:00,clockwise,0,0.937,session_20260730_223706,student03,0.95,0.783,-0.395,0.681,7.78,103.18,51.18,,
600,2026-07-30T22:40:03.209448+00:00,clockwise,0,1.047,session_20260730_223706,student03,0.95,0.506,-0.324,1.092,34.15,113.93,50.63,,
601,2026-07-30T22:40:03.311163+00:00,clockwise,0,1.156,session_20260730_223706,student03,0.95,0.392,-0.169,1.292,57.56,96.99,85.48,,
602,2026-07-30T22:40:03.417392+00:00,clockwise,0,1.25,session_20260730_223706,student03,0.95,0.349,-0.34,1.315,73.0,54.29,139.13,,
603,2026-07-30T22:40:03.515543+00:00,clockwise,0,1.359,session_20260730_223706,student03,0.95,0.163,-0.164,1.299,81.73,37.78,122.35,,
604,2026-07-30T22:40:03.626662+00:00,clockwise,0,1.469,session_20260730_223706,student03,0.95,-0.03,-0.115,1.465,46.48,1.13,193.24,,
605,2026-07-30T22:40:03.737765+00:00,clockwise,0,1.578,session_20260730_223706,student03,0.95,-0.16,-0.036,1.402,31.22,-71.63,215.25,,
606,2026-07-30T22:40:03.841324+00:00,clockwise,0,1.672,session_20260730_223706,student03,0.95,0.091,-0.102,1.323,51.85,-107.21,163.76,,
607,2026-07-30T22:40:03.932283+00:00,clockwise,0,1.766,session_20260730_223706,student03,0.95,0.281,0.026,1.27,47.09,-123.72,144.51,,
608,2026-07-30T22:40:04.025767+00:00,clockwise,0,1.859,session_20260730_223706,student03,0.95,0.356,-0.187,1.214,18.25,-118.96,110.45,,
609,2026-07-30T22:40:04.120555+00:00,clockwise,0,1.953,session_20260730_223706,student03,0.95,0.402,-0.299,0.97,-11.84,-74.59,62.75,,
610,2026-07-30T22:40:14.341003+00:00,anticlockwise,0,0.0,session_20260730_223706,student03,0.95,0.998,-0.074,0.233,-5.55,5.68,-10.74,,
611,2026-07-30T22:40:14.441757+00:00,anticlockwise,0,0.109,session_20260730_223706,student03,0.95,1.002,-0.027,0.24,-2.62,2.99,-12.27,,
612,2026-07-30T22:40:14.540456+00:00,anticlockwise,0,0.203,session_20260730_223706,student03,0.95,1.168,0.612,0.183,55.24,-6.65,-35.04,,
613,2026-07-30T22:40:14.634587+00:00,anticlockwise,0,0.297,session_20260730_223706,student03,0.95,-0.113,1.16,-0.084,136.02,36.9,61.89,,
614,2026-07-30T22:40:14.732710+00:00,anticlockwise,0,0.406,session_20260730_223706,student03,0.95,0.194,-0.504,0.302,87.37,-24.69,172.73,,
615,2026-07-30T22:40:14.834870+00:00,anticlockwise,0,0.5,session_20260730_223706,student03,0.95,0.26,-0.658,0.531,111.39,42.33,158.09,,
616,2026-07-30T22:40:14.936782+00:00,anticlockwise,0,0.609,session_20260730_223706,student03,0.95,0.485,-0.916,0.778,165.65,107.43,80.75,,
617,2026-07-30T22:40:15.047145+00:00,anticlockwise,0,0.719,session_20260730_223706,student03,0.95,0.304,-1.171,1.232,93.81,92.59,7.42,,
618,2026-07-30T22:40:15.156994+00:00,anticlockwise,0,0.828,session_20260730_223706,student03,0.95,0.236,-0.806,1.003,48.31,106.81,-113.62,,
619,2026-07-30T22:40:15.270056+00:00,anticlockwise,0,0.937,session_20260730_223706,student03,0.95,-0.167,-0.416,1.277,1.34,127.63,-205.24,,
620,2026-07-30T22:40:15.380686+00:00,anticlockwise,0,1.047,session_20260730_223706,student03,0.95,-0.258,-0.45,1.725,-34.88,102.11,-301.83,,
621,2026-07-30T22:40:15.486920+00:00,anticlockwise,0,1.156,session_20260730_223706,student03,0.95,0.062,-0.181,1.783,-63.23,-30.67,-284.52,,
622,2026-07-30T22:40:15.597170+00:00,anticlockwise,0,1.265,session_20260730_223706,student03,0.95,0.282,0.404,1.986,-35.07,-141.54,-172.7,,
623,2026-07-30T22:40:15.711047+00:00,anticlockwise,0,1.375,session_20260730_223706,student03,0.95,0.207,0.613,1.309,28.47,-195.17,-36.71,,
624,2026-07-30T22:40:15.804771+00:00,anticlockwise,0,1.469,session_20260730_223706,student03,0.95,0.288,0.246,0.831,71.66,-116.76,23.68,,
625,2026-07-30T22:40:15.906220+00:00,anticlockwise,0,1.578,session_20260730_223706,student03,0.95,0.251,0.068,0.476,112.7,-38.51,40.04,,
626,2026-07-30T22:40:16.020342+00:00,anticlockwise,0,1.687,session_20260730_223706,student03,0.95,0.313,-0.1,0.285,148.59,-13.55,87.04,,
627,2026-07-30T22:40:16.127360+00:00,anticlockwise,0,1.797,session_20260730_223706,student03,0.95,0.59,-0.547,0.154,87.77,-26.12,91.01,,
628,2026-07-30T22:40:16.225773+00:00,anticlockwise,0,1.89,session_20260730_223706,student03,0.95,0.822,-0.726,0.327,33.11,-6.65,57.04,,
629,2026-07-30T22:40:19.023941+00:00,clockwise,1,0.0,session_20260730_223706,student03,0.95,0.94,-0.648,0.032,-107.27,-27.5,22.19,,
630,2026-07-30T22:40:19.115283+00:00,clockwise,1,0.094,session_20260730_223706,student03,0.95,1.017,-0.503,0.344,-72.54,25.94,-60.76,,
631,2026-07-30T22:40:19.230813+00:00,clockwise,1,0.203,session_20260730_223706,student03,0.95,0.439,-0.499,-0.032,-114.47,-4.61,-18.34,,
632,2026-07-30T22:40:19.324110+00:00,clockwise,1,0.297,session_20260730_223706,student03,0.95,0.26,-0.385,-0.189,-185.83,24.08,1.13,,
633,2026-07-30T22:40:19.423744+00:00,clockwise,1,0.407,session_20260730_223706,student03,0.95,-0.013,0.041,0.288,-168.31,149.17,39.03,,
634,2026-07-30T22:40:19.540987+00:00,clockwise,1,0.516,session_20260730_223706,student03,0.95,0.336,-0.238,1.52,-41.44,196.87,83.86,,
635,2026-07-30T22:40:19.634671+00:00,clockwise,1,0.61,session_20260730_223706,student03,0.95,0.317,0.027,1.534,61.31,150.76,72.02,,
636,2026-07-30T22:40:19.732713+00:00,clockwise,1,0.719,session_20260730_223706,student03,0.95,0.275,-0.283,1.718,94.79,130.59,172.61,,
637,2026-07-30T22:40:19.847430+00:00,clockwise,1,0.828,session_20260730_223706,student03,0.95,0.05,-0.246,1.767,109.78,48.13,186.04,,
638,2026-07-30T22:40:19.956990+00:00,clockwise,1,0.938,session_20260730_223706,student03,0.95,-0.494,-0.101,1.826,57.53,-51.42,273.51,,
639,2026-07-30T22:40:20.066653+00:00,clockwise,1,1.047,session_20260730_223706,student03,0.95,-0.305,-0.306,1.568,22.52,-130.86,265.39,,
640,2026-07-30T22:40:20.164194+00:00,clockwise,1,1.141,session_20260730_223706,student03,0.95,-0.174,-0.22,1.499,-8.3,-142.06,162.05,,
641,2026-07-30T22:40:20.261603+00:00,clockwise,1,1.235,session_20260730_223706,student03,0.95,-0.054,-0.404,1.004,-41.69,-107.94,90.43,,
642,2026-07-30T22:40:20.352001+00:00,clockwise,1,1.328,session_20260730_223706,student03,0.95,0.179,-0.498,0.759,-101.6,-77.61,28.38,,
643,2026-07-30T22:40:20.453092+00:00,clockwise,1,1.438,session_20260730_223706,student03,0.95,0.322,-0.458,0.526,-110.84,-41.02,-40.22,,
644,2026-07-30T22:40:20.568754+00:00,clockwise,1,1.547,session_20260730_223706,student03,0.95,0.394,-0.469,0.476,-143.22,-27.71,-79.68,,
645,2026-07-30T22:40:20.671558+00:00,clockwise,1,1.657,session_20260730_223706,student03,0.95,0.574,-0.401,0.403,-130.74,8.3,-114.47,,
646,2026-07-30T22:40:20.777600+00:00,clockwise,1,1.75,session_20260730_223706,student03,0.95,0.59,0.045,0.384,-74.56,30.34,-116.34,,
647,2026-07-30T22:40:20.871894+00:00,clockwise,1,1.844,session_20260730_223706,student03,0.95,0.779,0.323,0.433,-23.47,7.26,-71.2,,
648,2026-07-30T22:40:20.970831+00:00,clockwise,1,1.953,session_20260730_223706,student03,0.95,0.892,0.266,0.364,-9.34,-4.21,-21.0,,
649,2026-07-30T22:40:23.266503+00:00,anticlockwise,1,0.0,session_20260730_223706,student03,0.95,0.937,-0.01,0.326,-4.61,-1.53,-10.41,,
650,2026-07-30T22:40:23.370204+00:00,anticlockwise,1,0.094,session_20260730_223706,student03,0.95,0.955,0.047,0.349,-0.43,0.98,-5.49,,
651,2026-07-30T22:40:23.464234+00:00,anticlockwise,1,0.188,session_20260730_223706,student03,0.95,0.988,0.316,0.324,12.3,-3.08,9.46,,
652,2026-07-30T22:40:23.562189+00:00,anticlockwise,1,0.297,session_20260730_223706,student03,0.95,0.881,0.371,0.393,41.72,-9.28,39.34,,
653,2026-07-30T22:40:23.671317+00:00,anticlockwise,1,0.407,session_20260730_223706,student03,0.95,0.731,0.168,0.405,88.44,-8.79,72.88,,
654,2026-07-30T22:40:23.781345+00:00,anticlockwise,1,0.516,session_20260730_223706,student03,0.95,0.383,0.109,0.17,97.69,-3.14,102.97,,
655,2026-07-30T22:40:23.881881+00:00,anticlockwise,1,0.61,session_20260730_223706,student03,0.95,0.125,-0.07,0.298,75.29,10.71,133.52,,
656,2026-07-30T22:40:23.991081+00:00,anticlockwise,1,0.719,session_20260730_223706,student03,0.95,0.046,-0.77,0.632,81.21,32.44,180.73,,
657,2026-07-30T22:40:24.096682+00:00,anticlockwise,1,0.828,session_20260730_223706,student03,0.95,0.132,-1.047,0.785,143.41,116.03,54.99,,
658,2026-07-30T22:40:24.206764+00:00,anticlockwise,1,0.938,session_20260730_223706,student03,0.95,0.021,-1.213,1.291,98.18,133.52,-47.7,,
659,2026-07-30T22:40:24.321962+00:00,anticlockwise,1,1.047,session_20260730_223706,student03,0.95,-0.467,-0.749,1.127,70.41,187.44,-204.63,,
660,2026-07-30T22:40:24.422554+00:00,anticlockwise,1,1.157,session_20260730_223706,student03,0.95,-1.019,-0.404,1.6,42.33,207.56,-336.65,,
661,2026-07-30T22:40:24.530982+00:00,anticlockwise,1,1.266,session_20260730_223706,student03,0.95,-0.903,-0.133,1.785,66.44,18.04,-359.23,,
662,2026-07-30T22:40:24.640745+00:00,anticlockwise,1,1.375,session_20260730_223706,student03,0.95,-0.383,0.527,1.861,63.84,-165.38,-221.35,,
663,2026-07-30T22:40:24.747175+00:00,anticlockwise,1,1.469,session_20260730_223706,student03,0.95,-0.18,0.83,1.403,50.87,-222.69,-29.24,,
664,2026-07-30T22:40:24.858004+00:00,anticlockwise,1,1.594,session_20260730_223706,student03,0.95,0.051,0.622,0.84,92.01,-168.37,68.85,,
665,2026-07-30T22:40:24.971419+00:00,anticlockwise,1,1.703,session_20260730_223706,student03,0.95,0.11,0.104,0.557,127.11,-72.15,83.25,,
666,2026-07-30T22:40:25.080688+00:00,anticlockwise,1,1.813,session_20260730_223706,student03,0.95,0.279,-0.492,0.28,99.77,-32.84,100.01,,
667,2026-07-30T22:40:25.182506+00:00,anticlockwise,1,1.907,session_20260730_223706,student03,0.95,0.643,-0.602,0.183,63.97,-5.37,76.51,,
668,2026-07-30T22:40:28.253528+00:00,clockwise,2,0.0,session_20260730_223706,student03,0.95,0.912,-0.196,0.403,-0.27,-9.4,1.53,,
669,2026-07-30T22:40:28.365702+00:00,clockwise,2,0.109,session_20260730_223706,student03,0.95,0.896,-0.209,0.341,5.86,-8.73,1.68,,
670,2026-07-30T22:40:28.476350+00:00,clockwise,2,0.218,session_20260730_223706,student03,0.95,0.887,-0.417,0.265,-20.39,-2.5,5.07,,
671,2026-07-30T22:40:28.571409+00:00,clockwise,2,0.312,session_20260730_223706,student03,0.95,0.779,-0.835,-0.013,-122.87,-15.47,-1.8,,
672,2026-07-30T22:40:28.671783+00:00,clockwise,2,0.422,session_20260730_223706,student03,0.95,0.388,-0.751,-0.163,-183.57,32.69,-58.2,,
673,2026-07-30T22:40:28.772668+00:00,clockwise,2,0.515,session_20260730_223706,student03,0.95,0.112,-0.474,0.12,-232.61,65.46,-7.11,,
674,2026-07-30T22:40:28.875343+00:00,clockwise,2,0.625,session_20260730_223706,student03,0.95,-0.045,-0.113,0.629,-145.09,155.58,72.54,,
675,2026-07-30T22:40:28.986885+00:00,clockwise,2,0.734,session_20260730_223706,student03,0.95,0.16,-0.492,1.561,-35.77,206.06,127.87,,
676,2026-07-30T22:40:29.098372+00:00,clockwise,2,0.843,session_20260730_223706,student03,0.95,0.291,-0.225,1.83,89.94,116.46,138.58,,
677,2026-07-30T22:40:29.207148+00:00,clockwise,2,0.953,session_20260730_223706,student03,0.95,0.258,-0.314,1.887,150.36,58.38,176.0,,
678,2026-07-30T22:40:29.302920+00:00,clockwise,2,1.047,session_20260730_223706,student03,0.95,-0.399,-0.031,2.166,125.37,-42.66,275.64,,
679,2026-07-30T22:40:29.406447+00:00,clockwise,2,1.156,session_20260730_223706,student03,0.95,-0.831,-0.32,2.077,59.14,-158.91,345.74,,
680,2026-07-30T22:40:29.518412+00:00,clockwise,2,1.265,session_20260730_223706,student03,0.95,-0.426,-0.31,1.506,22.31,-205.73,208.14,,
681,2026-07-30T22:40:29.627797+00:00,clockwise,2,1.375,session_20260730_223706,student03,0.95,0.076,-0.444,0.965,-53.53,-134.13,111.21,,
682,2026-07-30T22:40:29.738191+00:00,clockwise,2,1.484,session_20260730_223706,student03,0.95,0.175,-0.596,0.73,-113.38,-67.05,25.88,,
683,2026-07-30T22:40:29.835660+00:00,clockwise,2,1.578,session_20260730_223706,student03,0.95,0.28,-0.519,0.451,-137.67,8.12,-72.7,,
684,2026-07-30T22:40:29.936134+00:00,clockwise,2,1.687,session_20260730_223706,student03,0.95,0.413,-0.372,0.345,-272.16,-12.67,-81.39,,
685,2026-07-30T22:40:30.047158+00:00,clockwise,2,1.797,session_20260730_223706,student03,0.95,0.571,-0.131,0.279,-103.4,35.0,-115.12,,
686,2026-07-30T22:40:30.161692+00:00,clockwise,2,1.906,session_20260730_223706,student03,0.95,0.785,0.073,0.26,-24.87,55.94,-86.09,,
687,2026-07-30T22:40:33.311532+00:00,anticlockwise,2,0.0,session_20260730_223706,student03,0.95,0.912,-0.029,0.409,-2.93,1.4,-0.76,,
688,2026-07-30T22:40:33.416674+00:00,anticlockwise,2,0.094,session_20260730_223706,student03,0.95,0.949,0.011,0.438,4.06,-0.95,-6.62,,
689,2026-07-30T22:40:33.526586+00:00,anticlockwise,2,0.203,session_20260730_223706,student03,0.95,1.048,0.547,0.495,35.07,-10.86,-7.75,,
690,2026-07-30T22:40:33.625926+00:00,anticlockwise,2,0.313,session_20260730_223706,student03,0.95,0.712,0.759,0.37,111.09,-20.66,42.63,,
691,2026-07-30T22:40:33.740349+00:00,anticlockwise,2,0.422,session_20260730_223706,student03,0.95,0.146,0.333,0.221,131.14,-5.68,156.04,,
692,2026-07-30T22:40:33.846893+00:00,anticlockwise,2,0.531,session_20260730_223706,student03,0.95,0.05,-0.379,0.326,84.29,-8.12,172.06,,
693,2026-07-30T22:40:33.958332+00:00,anticlockwise,2,0.641,session_20260730_223706,student03,0.95,0.046,-0.702,0.633,95.68,28.66,136.66,,
694,2026-07-30T22:40:34.066802+00:00,anticlockwise,2,0.75,session_20260730_223706,student03,0.95,0.132,-0.934,0.875,128.57,131.72,51.55,,
695,2026-07-30T22:40:34.165093+00:00,anticlockwise,2,0.844,session_20260730_223706,student03,0.95,-0.129,-0.896,1.36,95.58,200.14,-29.88,,
696,2026-07-30T22:40:34.261444+00:00,anticlockwise,2,0.938,session_20260730_223706,student03,0.95,-0.441,-0.74,1.433,101.38,214.27,-152.2,,
697,2026-07-30T22:40:34.353639+00:00,anticlockwise,2,1.031,session_20260730_223706,student03,0.95,-0.648,-0.607,1.759,90.21,177.98,-276.5,,
698,2026-07-30T22:40:34.451517+00:00,anticlockwise,2,1.141,session_20260730_223706,student03,0.95,-0.746,-0.47,1.824,81.42,30.55,-361.64,,
699,2026-07-30T22:40:34.557159+00:00,anticlockwise,2,1.235,session_20260730_223706,student03,0.95,-0.649,0.287,1.652,56.83,-134.77,-284.55,,
700,2026-07-30T22:40:34.651814+00:00,anticlockwise,2,1.328,session_20260730_223706,student03,0.95,-0.128,0.732,1.57,22.03,-174.47,-118.93,,
701,2026-07-30T22:40:34.758347+00:00,anticlockwise,2,1.438,session_20260730_223706,student03,0.95,0.07,0.729,1.035,26.25,-190.86,21.97,,
702,2026-07-30T22:40:34.856611+00:00,anticlockwise,2,1.531,session_20260730_223706,student03,0.95,0.309,0.398,0.539,33.97,-113.9,93.54,,
703,2026-07-30T22:40:34.951473+00:00,anticlockwise,2,1.641,session_20260730_223706,student03,0.95,0.393,0.038,0.437,59.6,-53.65,85.39,,
704,2026-07-30T22:40:35.067928+00:00,anticlockwise,2,1.75,session_20260730_223706,student03,0.95,0.414,-0.017,0.292,107.97,-25.7,83.74,,
705,2026-07-30T22:40:35.177729+00:00,anticlockwise,2,1.86,session_20260730_223706,student03,0.95,0.49,-0.428,0.363,60.64,-27.34,89.05,,
706,2026-07-30T22:40:35.286954+00:00,anticlockwise,2,1.969,session_20260730_223706,student03,0.95,0.612,-0.736,0.296,36.87,-20.26,61.16,,
707,2026-07-30T22:40:46.035348+00:00,clockwise,3,0.0,session_20260730_223706,student03,0.95,0.939,-0.193,0.286,-14.1,-5.86,-3.02,,
708,2026-07-30T22:40:46.147652+00:00,clockwise,3,0.109,session_20260730_223706,student03,0.95,0.922,-0.223,0.328,-15.9,-0.37,-6.04,,
709,2026-07-30T22:40:46.257793+00:00,clockwise,3,0.219,session_20260730_223706,student03,0.95,0.518,-0.646,-0.002,-96.07,-23.53,8.09,,
710,2026-07-30T22:40:46.353716+00:00,clockwise,3,0.312,session_20260730_223706,student03,0.95,0.403,-0.63,-0.155,-168.8,35.95,-33.05,,
711,2026-07-30T22:40:46.452338+00:00,clockwise,3,0.422,session_20260730_223706,student03,0.95,0.251,-0.276,0.146,-193.64,104.8,-27.22,,
712,2026-07-30T22:40:46.558829+00:00,clockwise,3,0.516,session_20260730_223706,student03,0.95,-0.036,0.087,1.088,-146.76,176.46,95.71,,
713,2026-07-30T22:40:46.653297+00:00,clockwise,3,0.609,session_20260730_223706,student03,0.95,0.301,0.154,1.571,54.38,182.01,107.27,,
714,2026-07-30T22:40:46.752482+00:00,clockwise,3,0.719,session_20260730_223706,student03,0.95,0.383,-0.06,1.915,117.04,164.37,181.8,,
715,2026-07-30T22:40:46.859350+00:00,clockwise,3,0.828,session_20260730_223706,student03,0.95,0.224,-0.264,2.27,159.06,46.08,197.33,,
716,2026-07-30T22:40:46.971719+00:00,clockwise,3,0.937,session_20260730_223706,student03,0.95,-0.476,-0.186,2.193,101.41,-106.91,309.82,,
717,2026-07-30T22:40:47.081561+00:00,clockwise,3,1.047,session_20260730_223706,student03,0.95,-0.117,-0.427,1.831,34.58,-152.26,253.98,,
718,2026-07-30T22:40:47.192390+00:00,clockwise,3,1.156,session_20260730_223706,student03,0.95,-0.357,-0.407,1.379,-37.51,-86.09,154.82,,
719,2026-07-30T22:40:47.301837+00:00,clockwise,3,1.266,session_20260730_223706,student03,0.95,-0.188,-0.799,0.775,-85.88,-55.48,-34.94,,
720,2026-07-30T22:40:47.403472+00:00,clockwise,3,1.359,session_20260730_223706,student03,0.95,-0.167,-0.199,0.351,-151.37,-21.49,-139.68,,
721,2026-07-30T22:40:47.505588+00:00,clockwise,3,1.469,session_20260730_223706,student03,0.95,0.25,-0.01,0.393,-194.68,11.32,-154.18,,
722,2026-07-30T22:40:47.602956+00:00,clockwise,3,1.562,session_20260730_223706,student03,0.95,0.601,0.298,0.401,-30.21,-10.53,-95.61,,
723,2026-07-30T22:40:47.702035+00:00,clockwise,3,1.672,session_20260730_223706,student03,0.95,0.955,0.177,0.283,-7.39,1.34,-52.89,,
724,2026-07-30T22:40:47.812421+00:00,clockwise,3,1.781,session_20260730_223706,student03,0.95,0.905,-0.072,0.47,-2.59,6.84,-5.95,,
725,2026-07-30T22:40:47.918930+00:00,clockwise,3,1.875,session_20260730_223706,student03,0.95,0.881,-0.149,0.453,-0.98,2.23,-6.62,,
726,2026-07-30T22:40:48.012333+00:00,clockwise,3,1.969,session_20260730_223706,student03,0.95,0.86,-0.153,0.451,-1.68,3.88,-0.55,,
727,2026-07-30T22:40:50.815036+00:00,anticlockwise,3,0.0,session_20260730_223706,student03,0.95,0.858,-0.146,0.481,5.55,-6.2,13.73,,
728,2026-07-30T22:40:50.931004+00:00,anticlockwise,3,0.11,session_20260730_223706,student03,0.95,0.878,-0.135,0.458,7.72,-2.38,-2.35,,
729,2026-07-30T22:40:51.027436+00:00,anticlockwise,3,0.203,session_20260730_223706,student03,0.95,0.938,0.426,0.356,27.31,-12.85,-1.53,,
730,2026-07-30T22:40:51.126764+00:00,anticlockwise,3,0.313,session_20260730_223706,student03,0.95,0.628,0.608,0.131,80.36,-14.5,63.3,,
731,2026-07-30T22:40:51.238715+00:00,anticlockwise,3,0.422,session_20260730_223706,student03,0.95,0.245,0.351,0.215,124.76,37.69,116.4,,
732,2026-07-30T22:40:51.336619+00:00,anticlockwise,3,0.516,session_20260730_223706,student03,0.95,-0.042,-0.238,0.7,91.19,76.82,151.25,,
733,2026-07-30T22:40:51.433996+00:00,anticlockwise,3,0.61,session_20260730_223706,student03,0.95,-0.095,-0.637,1.085,39.7,42.42,135.35,,
734,2026-07-30T22:40:51.533366+00:00,anticlockwise,3,0.719,session_20260730_223706,student03,0.95,-0.003,-0.998,1.308,77.03,104.89,58.57,,
735,2026-07-30T22:40:51.635748+00:00,anticlockwise,3,0.813,session_20260730_223706,student03,0.95,0.069,-1.121,1.421,77.18,102.94,-87.31,,
736,2026-07-30T22:40:51.733761+00:00,anticlockwise,3,0.922,session_20260730_223706,student03,0.95,-0.189,-0.565,1.681,27.59,123.05,-265.76,,
737,2026-07-30T22:40:51.848851+00:00,anticlockwise,3,1.031,session_20260730_223706,student03,0.95,-0.414,-0.088,1.992,-45.14,35.62,-323.25,,
738,2026-07-30T22:40:51.945933+00:00,anticlockwise,3,1.125,session_20260730_223706,student03,0.95,-0.155,0.116,1.885,-31.28,-74.34,-279.37,,
739,2026-07-30T22:40:52.042787+00:00,anticlockwise,3,1.219,session_20260730_223706,student03,0.95,0.163,0.628,1.491,-19.35,-131.87,-166.05,,
740,2026-07-30T22:40:52.133018+00:00,anticlockwise,3,1.313,session_20260730_223706,student03,0.95,0.229,0.785,1.286,-33.11,-150.15,-26.8,,
741,2026-07-30T22:40:52.237327+00:00,anticlockwise,3,1.422,session_20260730_223706,student03,0.95,0.223,0.509,0.873,-2.38,-128.45,29.76,,
742,2026-07-30T22:40:52.335608+00:00,anticlockwise,3,1.516,session_20260730_223706,student03,0.95,0.232,0.301,0.671,81.39,-119.54,48.68,,
743,2026-07-30T22:40:52.436842+00:00,anticlockwise,3,1.625,session_20260730_223706,student03,0.95,0.331,0.104,0.272,120.03,-95.68,67.69,,
744,2026-07-30T22:40:52.548480+00:00,anticlockwise,3,1.735,session_20260730_223706,student03,0.95,0.443,-0.158,0.227,153.02,12.7,96.84,,
745,2026-07-30T22:40:52.646407+00:00,anticlockwise,3,1.828,session_20260730_223706,student03,0.95,0.717,-0.695,0.371,70.38,9.19,88.75,,
746,2026-07-30T22:40:52.743205+00:00,anticlockwise,3,1.922,session_20260730_223706,student03,0.95,0.847,-0.633,0.494,53.16,13.21,27.99,,
747,2026-07-30T22:40:56.115480+00:00,clockwise,4,0.0,session_20260730_223706,student03,0.95,0.912,-0.122,0.311,-8.55,-6.23,-8.12,,
748,2026-07-30T22:40:56.212387+00:00,clockwise,4,0.094,session_20260730_223706,student03,0.95,0.851,-0.251,0.231,-69.25,-19.01,-3.78,,
749,2026-07-30T22:40:56.317151+00:00,clockwise,4,0.203,session_20260730_223706,student03,0.95,0.513,-0.84,0.05,-193.49,-41.93,3.02,,
750,2026-07-30T22:40:56.415753+00:00,clockwise,4,0.297,session_20260730_223706,student03,0.95,0.194,-0.33,-0.258,-178.53,-2.78,-39.06,,
751,2026-07-30T22:40:56.516291+00:00,clockwise,4,0.406,session_20260730_223706,student03,0.95,0.137,0.067,0.409,-169.93,124.36,34.85,,
752,2026-07-30T22:40:56.627999+00:00,clockwise,4,0.516,session_20260730_223706,student03,0.95,0.249,0.062,1.265,-51.15,208.47,100.83,,
753,2026-07-30T22:40:56.727619+00:00,clockwise,4,0.609,session_20260730_223706,student03,0.95,0.389,-0.107,1.864,64.06,202.95,125.68,,
754,2026-07-30T22:40:56.839238+00:00,clockwise,4,0.719,session_20260730_223706,student03,0.95,0.303,-0.037,2.119,142.09,115.85,170.93,,
755,2026-07-30T22:40:56.937398+00:00,clockwise,4,0.828,session_20260730_223706,student03,0.95,-0.312,-0.005,2.169,128.39,6.16,270.09,,
756,2026-07-30T22:40:57.049032+00:00,clockwise,4,0.938,session_20260730_223706,student03,0.95,-0.677,-0.085,1.974,74.77,-90.98,323.53,,
757,2026-07-30T22:40:57.159159+00:00,clockwise,4,1.047,session_20260730_223706,student03,0.95,-0.425,-0.362,1.613,16.82,-136.97,201.3,,
758,2026-07-30T22:40:57.269622+00:00,clockwise,4,1.156,session_20260730_223706,student03,0.95,-0.147,-0.284,1.043,-56.58,-55.6,93.26,,
759,2026-07-30T22:40:57.371452+00:00,clockwise,4,1.25,session_20260730_223706,student03,0.95,0.038,-0.277,0.739,-68.54,-18.8,7.75,,
760,2026-07-30T22:40:57.471291+00:00,clockwise,4,1.359,session_20260730_223706,student03,0.95,0.109,-0.386,0.729,-103.24,-44.25,-70.19,,
761,2026-07-30T22:40:57.581905+00:00,clockwise,4,1.469,session_20260730_223706,student03,0.95,0.227,-0.28,0.536,-106.69,-48.95,-137.24,,
762,2026-07-30T22:40:57.692309+00:00,clockwise,4,1.578,session_20260730_223706,student03,0.95,0.411,0.03,0.468,-58.14,-33.17,-151.71,,
763,2026-07-30T22:40:57.799007+00:00,clockwise,4,1.688,session_20260730_223706,student03,0.95,0.681,0.345,0.217,0.79,-44.53,-90.46,,
764,2026-07-30T22:40:57.908695+00:00,clockwise,4,1.797,session_20260730_223706,student03,0.95,0.924,0.25,0.254,-27.68,-10.32,-36.04,,
765,2026-07-30T22:40:58.019080+00:00,clockwise,4,1.906,session_20260730_223706,student03,0.95,0.938,0.115,0.371,-0.03,8.64,-12.79,,
766,2026-07-30T22:41:00.485478+00:00,anticlockwise,4,0.0,session_20260730_223706,student03,0.95,0.878,0.141,0.446,5.07,-4.52,-0.79,,
767,2026-07-30T22:41:00.602299+00:00,anticlockwise,4,0.109,session_20260730_223706,student03,0.95,0.887,0.185,0.412,-0.31,-3.05,-6.32,,
768,2026-07-30T22:41:00.708278+00:00,anticlockwise,4,0.219,session_20260730_223706,student03,0.95,0.904,0.729,0.248,18.4,-11.11,-3.57,,
769,2026-07-30T22:41:00.822277+00:00,anticlockwise,4,0.328,session_20260730_223706,student03,0.95,0.663,0.833,0.192,69.67,-5.07,70.04,,
770,2026-07-30T22:41:00.928578+00:00,anticlockwise,4,0.438,session_20260730_223706,student03,0.95,0.057,0.553,0.013,101.66,15.93,141.61,,
771,2026-07-30T22:41:01.027465+00:00,anticlockwise,4,0.531,session_20260730_223706,student03,0.95,-0.225,-0.121,0.482,47.18,45.75,211.98,,
772,2026-07-30T22:41:01.123058+00:00,anticlockwise,4,0.641,session_20260730_223706,student03,0.95,0.035,-0.952,1.029,17.88,21.12,194.95,,
773,2026-07-30T22:41:01.231655+00:00,anticlockwise,4,0.734,session_20260730_223706,student03,0.95,0.104,-1.117,1.279,96.5,105.2,79.35,,
774,2026-07-30T22:41:01.325942+00:00,anticlockwise,4,0.844,session_20260730_223706,student03,0.95,0.056,-1.149,1.22,73.21,90.18,3.75,,
775,2026-07-30T22:41:01.438960+00:00,anticlockwise,4,0.953,session_20260730_223706,student03,0.95,-0.286,-0.724,0.973,92.53,148.38,-194.59,,
776,2026-07-30T22:41:01.552167+00:00,anticlockwise,4,1.063,session_20260730_223706,student03,0.95,-0.942,-0.252,1.404,83.07,192.08,-361.03,,
777,2026-07-30T22:41:01.647290+00:00,anticlockwise,4,1.156,session_20260730_223706,student03,0.95,-0.899,-0.066,1.75,107.67,50.54,-371.07,,
778,2026-07-30T22:41:01.743399+00:00,anticlockwise,4,1.25,session_20260730_223706,student03,0.95,-0.779,0.423,1.612,95.77,-95.89,-269.88,,
779,2026-07-30T22:41:01.852662+00:00,anticlockwise,4,1.359,session_20260730_223706,student03,0.95,-0.445,0.751,1.586,56.83,-184.21,-57.37,,
780,2026-07-30T22:41:01.945787+00:00,anticlockwise,4,1.453,session_20260730_223706,student03,0.95,-0.216,0.685,1.148,75.69,-185.92,52.25,,
781,2026-07-30T22:41:02.046373+00:00,anticlockwise,4,1.563,session_20260730_223706,student03,0.95,0.03,0.6,0.655,51.7,-129.52,118.26,,
782,2026-07-30T22:41:02.159044+00:00,anticlockwise,4,1.672,session_20260730_223706,student03,0.95,0.233,0.118,0.425,65.61,-67.2,108.4,,
783,2026-07-30T22:41:02.268925+00:00,anticlockwise,4,1.781,session_20260730_223706,student03,0.95,0.447,-0.14,0.096,82.61,-101.72,93.33,,
784,2026-07-30T22:41:02.365915+00:00,anticlockwise,4,1.875,session_20260730_223706,student03,0.95,0.619,-0.403,0.27,40.83,-21.27,74.04,,
785,2026-07-30T22:41:02.463442+00:00,anticlockwise,4,1.969,session_20260730_223706,student03,0.95,0.65,-0.61,0.395,61.83,-8.18,47.36,,
786,2026-07-30T22:41:05.666571+00:00,clockwise,5,0.0,session_20260730_223706,student03,0.95,0.886,-0.183,0.392,7.6,6.5,-6.2,,
787,2026-07-30T22:41:05.761929+00:00,clockwise,5,0.094,session_20260730_223706,student03,0.95,0.884,-0.348,0.468,0.43,-0.64,-12.09,,
788,2026-07-30T22:41:05.862531+00:00,clockwise,5,0.203,session_20260730_223706,student03,0.95,0.749,-0.549,0.254,-69.43,-18.07,-21.97,,
789,2026-07-30T22:41:05.968705+00:00,clockwise,5,0.312,session_20260730_223706,student03,0.95,0.41,-0.686,-0.044,-112.64,18.46,-71.32,,
790,2026-07-30T22:41:06.081886+00:00,clockwise,5,0.422,session_20260730_223706,student03,0.95,0.074,-0.211,0.163,-166.81,96.71,-69.0,,
791,2026-07-30T22:41:06.189201+00:00,clockwise,5,0.531,session_20260730_223706,student03,0.95,-0.025,0.061,0.779,-153.48,138.04,-6.47,,
792,2026-07-30T22:41:06.298823+00:00,clockwise,5,0.641,session_20260730_223706,student03,0.95,0.276,0.03,1.865,-45.84,164.62,99.15,,
793,2026-07-30T22:41:06.398056+00:00,clockwise,5,0.734,session_20260730_223706,student03,0.95,0.464,-0.008,1.785,95.77,127.63,118.32,,
794,2026-07-30T22:41:06.509320+00:00,clockwise,5,0.844,session_20260730_223706,student03,0.95,0.343,-0.156,1.857,138.46,77.3,178.53,,
795,2026-07-30T22:41:06.606330+00:00,clockwise,5,0.937,session_20260730_223706,student03,0.95,-0.32,0.125,1.832,102.42,19.93,246.01,,
796,2026-07-30T22:41:06.703684+00:00,clockwise,5,1.047,session_20260730_223706,student03,0.95,-0.598,0.073,1.845,78.13,-53.53,272.93,,
797,2026-07-30T22:41:06.822639+00:00,clockwise,5,1.156,session_20260730_223706,student03,0.95,-0.078,-0.306,1.546,20.39,-89.42,209.51,,
798,2026-07-30T22:41:06.929774+00:00,clockwise,5,1.266,session_20260730_223706,student03,0.95,-0.101,-0.149,1.177,1.65,-71.9,108.68,,
799,2026-07-30T22:41:07.023586+00:00,clockwise,5,1.359,session_20260730_223706,student03,0.95,0.124,-0.236,0.927,26.31,-61.68,44.8,,
800,2026-07-30T22:41:07.129174+00:00,clockwise,5,1.469,session_20260730_223706,student03,0.95,0.207,-0.21,0.88,-84.6,-39.25,-45.84,,
801,2026-07-30T22:41:07.240016+00:00,clockwise,5,1.578,session_20260730_223706,student03,0.95,0.173,0.022,0.756,-58.84,-70.65,-104.19,,
802,2026-07-30T22:41:07.336447+00:00,clockwise,5,1.672,session_20260730_223706,student03,0.95,0.459,0.072,0.333,-135.69,-99.22,-127.81,,
803,2026-07-30T22:41:07.433959+00:00,clockwise,5,1.766,session_20260730_223706,student03,0.95,0.501,0.403,0.314,-52.13,-14.8,-114.11,,
804,2026-07-30T22:41:07.522080+00:00,clockwise,5,1.859,session_20260730_223706,student03,0.95,0.694,0.496,0.293,-37.72,-44.16,-70.07,,
805,2026-07-30T22:41:07.629310+00:00,clockwise,5,1.969,session_20260730_223706,student03,0.95,0.878,0.397,0.286,-35.71,-15.32,-10.28,,
806,2026-07-30T22:41:09.425144+00:00,anticlockwise,5,0.0,session_20260730_223706,student03,0.95,0.849,0.168,0.508,-0.43,1.19,-3.85,,
807,2026-07-30T22:41:09.527069+00:00,anticlockwise,5,0.093,session_20260730_223706,student03,0.95,0.863,0.187,0.497,0.18,-2.59,-6.1,,
808,2026-07-30T22:41:09.622718+00:00,anticlockwise,5,0.187,session_20260730_223706,student03,0.95,0.912,0.573,0.374,-4.15,-29.76,-11.05,,
809,2026-07-30T22:41:09.712137+00:00,anticlockwise,5,0.281,session_20260730_223706,student03,0.95,0.739,0.75,0.357,38.64,-3.97,44.07,,
810,2026-07-30T22:41:09.822308+00:00,anticlockwise,5,0.39,session_20260730_223706,student03,0.95,0.567,0.481,0.21,80.84,3.63,106.2,,
811,2026-07-30T22:41:09.912732+00:00,anticlockwise,5,0.484,session_20260730_223706,student03,0.95,0.176,0.248,0.034,50.9,39.8,143.16,,
812,2026-07-30T22:41:10.018665+00:00,anticlockwise,5,0.593,session_20260730_223706,student03,0.95,-0.084,-0.225,0.478,-15.41,41.26,177.71,,
813,2026-07-30T22:41:10.116913+00:00,anticlockwise,5,0.687,session_20260730_223706,student03,0.95,-0.132,-0.75,0.934,21.79,84.2,178.26,,
814,2026-07-30T22:41:10.217037+00:00,anticlockwise,5,0.796,session_20260730_223706,student03,0.95,-0.064,-1.035,1.266,105.2,108.8,100.38,,
815,2026-07-30T22:41:10.329497+00:00,anticlockwise,5,0.906,session_20260730_223706,student03,0.95,-0.102,-1.19,1.212,152.1,109.26,-64.58,,
816,2026-07-30T22:41:10.438607+00:00,anticlockwise,5,1.015,session_20260730_223706,student03,0.95,-0.524,-0.665,1.195,97.48,143.89,-220.5,,
817,2026-07-30T22:41:10.552182+00:00,anticlockwise,5,1.125,session_20260730_223706,student03,0.95,-0.964,-0.151,1.716,51.91,101.54,-330.45,,
818,2026-07-30T22:41:10.647944+00:00,anticlockwise,5,1.218,session_20260730_223706,student03,0.95,-0.801,0.122,1.741,85.15,-63.91,-318.8,,
819,2026-07-30T22:41:10.743246+00:00,anticlockwise,5,1.312,session_20260730_223706,student03,0.95,-0.448,0.327,1.583,56.83,-174.6,-243.26,,
820,2026-07-30T22:41:10.849173+00:00,anticlockwise,5,1.421,session_20260730_223706,student03,0.95,-0.021,0.812,1.191,14.59,-205.48,-66.41,,
821,2026-07-30T22:41:10.958421+00:00,anticlockwise,5,1.531,session_20260730_223706,student03,0.95,0.181,0.636,0.833,8.97,-168.74,36.32,,
822,2026-07-30T22:41:11.069947+00:00,anticlockwise,5,1.64,session_20260730_223706,student03,0.95,0.473,0.274,0.475,38.06,-93.51,68.03,,
823,2026-07-30T22:41:11.173418+00:00,anticlockwise,5,1.75,session_20260730_223706,student03,0.95,0.484,0.11,0.587,62.47,-66.38,59.14,,
824,2026-07-30T22:41:11.282513+00:00,anticlockwise,5,1.859,session_20260730_223706,student03,0.95,0.445,-0.032,0.21,108.62,5.1,84.72,,
825,2026-07-30T22:41:11.383342+00:00,anticlockwise,5,1.953,session_20260730_223706,student03,0.95,0.484,-0.506,0.439,38.03,33.33,100.8,,
826,2026-07-30T22:41:30.646238+00:00,clockwise,6,0.0,session_20260730_223706,student03,0.95,0.908,-0.041,0.406,1.98,-7.26,-8.48,,
827,2026-07-30T22:41:30.760085+00:00,clockwise,6,0.11,session_20260730_223706,student03,0.95,0.906,-0.099,0.35,-20.2,-3.66,-0.95,,
828,2026-07-30T22:41:30.854341+00:00,clockwise,6,0.203,session_20260730_223706,student03,0.95,0.761,-0.365,0.129,-107.39,-13.86,12.02,,
829,2026-07-30T22:41:30.952875+00:00,clockwise,6,0.313,session_20260730_223706,student03,0.95,0.609,-0.967,0.027,-230.48,1.31,-6.81,,
830,2026-07-30T22:41:31.059675+00:00,clockwise,6,0.407,session_20260730_223706,student03,0.95,0.288,-0.322,0.16,-151.4,41.26,-66.19,,
831,2026-07-30T22:41:31.157840+00:00,clockwise,6,0.516,session_20260730_223706,student03,0.95,0.073,0.273,0.306,-122.53,93.2,-7.54,,
832,2026-07-30T22:41:31.269367+00:00,clockwise,6,0.625,session_20260730_223706,student03,0.95,0.227,0.043,1.108,-26.73,198.28,80.26,,
833,2026-07-30T22:41:31.366993+00:00,clockwise,6,0.719,session_20260730_223706,student03,0.95,0.29,0.098,1.64,48.62,176.31,126.01,,
834,2026-07-30T22:41:31.462928+00:00,clockwise,6,0.813,session_20260730_223706,student03,0.95,0.143,0.075,1.833,110.81,131.93,171.09,,
835,2026-07-30T22:41:31.554814+00:00,clockwise,6,0.907,session_20260730_223706,student03,0.95,-0.051,-0.172,2.101,118.99,73.18,223.98,,
836,2026-07-30T22:41:31.655426+00:00,clockwise,6,1.016,session_20260730_223706,student03,0.95,-0.736,0.032,2.225,57.95,-42.51,337.23,,
837,2026-07-30T22:41:31.756874+00:00,clockwise,6,1.11,session_20260730_223706,student03,0.95,-0.569,-0.267,1.861,-11.2,-147.53,311.66,,
838,2026-07-30T22:41:31.854989+00:00,clockwise,6,1.203,session_20260730_223706,student03,0.95,-0.452,-0.183,1.288,-50.14,-147.1,192.36,,
839,2026-07-30T22:41:31.957671+00:00,clockwise,6,1.313,session_20260730_223706,student03,0.95,-0.089,-0.495,0.852,-64.46,-38.61,68.73,,
840,2026-07-30T22:41:32.054968+00:00,clockwise,6,1.407,session_20260730_223706,student03,0.95,0.17,-0.649,0.721,-152.41,-104.71,-49.65,,
841,2026-07-30T22:41:32.147888+00:00,clockwise,6,1.5,session_20260730_223706,student03,0.95,0.123,-0.145,0.587,-108.49,-48.04,-125.13,,
842,2026-07-30T22:41:32.244183+00:00,clockwise,6,1.594,session_20260730_223706,student03,0.95,0.246,-0.152,0.385,-110.29,-29.02,-145.73,,
843,2026-07-30T22:41:32.333406+00:00,clockwise,6,1.688,session_20260730_223706,student03,0.95,0.473,0.016,0.3,-102.63,-9.7,-137.39,,
844,2026-07-30T22:41:32.443435+00:00,clockwise,6,1.797,session_20260730_223706,student03,0.95,0.722,0.291,0.458,-57.62,-1.13,-78.92,,
845,2026-07-30T22:41:32.559964+00:00,clockwise,6,1.907,session_20260730_223706,student03,0.95,0.933,0.075,0.348,-39.98,-5.25,-27.56,,
846,2026-07-30T22:41:36.463465+00:00,anticlockwise,6,0.0,session_20260730_223706,student03,0.95,0.924,0.046,0.456,6.81,-9.0,-21.09,,
847,2026-07-30T22:41:36.564658+00:00,anticlockwise,6,0.109,session_20260730_223706,student03,0.95,0.871,0.138,0.353,13.28,-0.76,-18.77,,
848,2026-07-30T22:41:36.673619+00:00,anticlockwise,6,0.219,session_20260730_223706,student03,0.95,0.872,0.177,0.302,1.83,-9.25,-17.12,,
849,2026-07-30T22:41:36.778409+00:00,anticlockwise,6,0.312,session_20260730_223706,student03,0.95,0.888,0.792,0.339,34.15,-8.58,-10.74,,
850,2026-07-30T22:41:36.877621+00:00,anticlockwise,6,0.422,session_20260730_223706,student03,0.95,0.647,0.759,0.453,79.41,-21.85,57.71,,
851,2026-07-30T22:41:36.990027+00:00,anticlockwise,6,0.531,session_20260730_223706,student03,0.95,0.516,0.202,0.278,110.35,-4.61,142.95,,
852,2026-07-30T22:41:37.083949+00:00,anticlockwise,6,0.625,session_20260730_223706,student03,0.95,0.283,-0.172,0.285,86.43,20.23,143.16,,
853,2026-07-30T22:41:37.184493+00:00,anticlockwise,6,0.719,session_20260730_223706,student03,0.95,0.31,-0.507,0.352,55.3,20.11,128.39,,
854,2026-07-30T22:41:37.275020+00:00,anticlockwise,6,0.812,session_20260730_223706,student03,0.95,0.135,-0.651,0.36,13.98,50.48,108.8,,
855,2026-07-30T22:41:37.376566+00:00,anticlockwise,6,0.922,session_20260730_223706,student03,0.95,-0.049,-0.896,0.899,38.94,102.88,109.93,,
856,2026-07-30T22:41:37.474650+00:00,anticlockwise,6,1.015,session_20260730_223706,student03,0.95,0.181,-1.005,1.26,102.39,146.21,30.49,,
857,2026-07-30T22:41:37.590456+00:00,anticlockwise,6,1.125,session_20260730_223706,student03,0.95,-0.158,-0.914,1.15,117.89,139.53,-91.98,,
858,2026-07-30T22:41:37.684837+00:00,anticlockwise,6,1.219,session_20260730_223706,student03,0.95,-0.48,-0.636,1.267,101.78,153.17,-189.64,,
859,2026-07-30T22:41:37.778424+00:00,anticlockwise,6,1.312,session_20260730_223706,student03,0.95,-0.853,-0.162,1.57,94.24,105.38,-286.57,,
860,2026-07-30T22:41:37.877775+00:00,anticlockwise,6,1.422,session_20260730_223706,student03,0.95,-0.848,0.003,1.648,126.5,-48.16,-328.23,,
861,2026-07-30T22:41:37.975110+00:00,anticlockwise,6,1.515,session_20260730_223706,student03,0.95,-0.472,0.518,1.618,49.71,-177.01,-195.84,,
862,2026-07-30T22:41:38.077386+00:00,anticlockwise,6,1.625,session_20260730_223706,student03,0.95,-0.222,1.169,1.533,31.34,-217.9,-66.23,,
863,2026-07-30T22:41:38.190345+00:00,anticlockwise,6,1.734,session_20260730_223706,student03,0.95,-0.099,0.975,0.805,18.52,-193.7,99.15,,
864,2026-07-30T22:41:38.303432+00:00,anticlockwise,6,1.844,session_20260730_223706,student03,0.95,0.212,0.223,0.48,-6.78,-123.63,114.02,,
865,2026-07-30T22:41:38.413754+00:00,anticlockwise,6,1.953,session_20260730_223706,student03,0.95,0.36,-0.086,0.342,156.56,-53.19,89.24,,
866,2026-07-30T22:41:41.273402+00:00,clockwise,7,0.0,session_20260730_223706,student03,0.95,0.88,-0.033,0.473,-4.15,-1.65,-4.85,,
867,2026-07-30T22:41:41.379281+00:00,clockwise,7,0.11,session_20260730_223706,student03,0.95,0.772,-0.295,0.435,-60.52,-14.07,-1.95,,
868,2026-07-30T22:41:41.478199+00:00,clockwise,7,0.203,session_20260730_223706,student03,0.95,0.705,-0.541,0.24,-84.35,-2.41,-34.94,,
869,2026-07-30T22:41:41.574331+00:00,clockwise,7,0.297,session_20260730_223706,student03,0.95,0.462,-0.686,0.258,-160.44,17.7,-70.28,,
870,2026-07-30T22:41:41.667824+00:00,clockwise,7,0.391,session_20260730_223706,student03,0.95,0.043,-0.055,0.201,-170.38,45.99,-92.41,,
871,2026-07-30T22:41:41.763800+00:00,clockwise,7,0.5,session_20260730_223706,student03,0.95,-0.29,0.324,0.681,-179.6,174.02,35.19,,
872,2026-07-30T22:41:41.881288+00:00,clockwise,7,0.61,session_20260730_223706,student03,0.95,-0.169,0.501,2.043,-43.09,204.35,145.12,,
873,2026-07-30T22:41:41.975374+00:00,clockwise,7,0.703,session_20260730_223706,student03,0.95,-0.151,0.4,2.358,92.17,145.48,264.47,,
874,2026-07-30T22:41:42.083595+00:00,clockwise,7,0.813,session_20260730_223706,student03,0.95,-0.649,-0.214,2.365,116.15,16.36,331.1,,
875,2026-07-30T22:41:42.184757+00:00,clockwise,7,0.907,session_20260730_223706,student03,0.95,-0.85,-0.408,2.359,-3.66,-91.46,348.67,,
876,2026-07-30T22:41:42.273275+00:00,clockwise,7,1.0,session_20260730_223706,student03,0.95,-0.773,-0.316,1.709,-5.58,-176.52,190.31,,
877,2026-07-30T22:41:42.364604+00:00,clockwise,7,1.094,session_20260730_223706,student03,0.95,-0.477,-0.429,1.463,-98.61,-97.81,89.75,,
878,2026-07-30T22:41:42.473928+00:00,clockwise,7,1.203,session_20260730_223706,student03,0.95,-0.356,-0.126,0.802,-146.0,-130.59,-32.41,,
879,2026-07-30T22:41:42.579691+00:00,clockwise,7,1.313,session_20260730_223706,student03,0.95,0.177,-0.243,0.233,-173.77,-69.03,-92.41,,
880,2026-07-30T22:41:42.689377+00:00,clockwise,7,1.422,session_20260730_223706,student03,0.95,0.472,-0.186,0.188,-176.73,16.36,-110.69,,
881,2026-07-30T22:41:42.800030+00:00,clockwise,7,1.532,session_20260730_223706,student03,0.95,0.693,-0.005,0.383,-66.84,37.29,-95.86,,
882,2026-07-30T22:41:42.910253+00:00,clockwise,7,1.641,session_20260730_223706,student03,0.95,0.854,0.056,0.341,-22.4,11.57,-51.52,,
883,2026-07-30T22:41:43.019759+00:00,clockwise,7,1.75,session_20260730_223706,student03,0.95,0.912,-0.088,0.355,-20.72,7.9,-9.34,,
884,2026-07-30T22:41:43.128934+00:00,clockwise,7,1.86,session_20260730_223706,student03,0.95,0.907,-0.154,0.402,5.89,18.71,-6.32,,
885,2026-07-30T22:41:43.241325+00:00,clockwise,7,1.969,session_20260730_223706,student03,0.95,0.913,-0.23,0.4,-5.07,9.46,-3.05,,
886,2026-07-30T22:41:45.454510+00:00,anticlockwise,7,0.0,session_20260730_223706,student03,0.95,0.894,-0.021,0.436,6.99,-5.68,4.24,,
887,2026-07-30T22:41:45.558214+00:00,anticlockwise,7,0.094,session_20260730_223706,student03,0.95,0.926,-0.092,0.398,5.68,-12.12,13.95,,
888,2026-07-30T22:41:45.655252+00:00,anticlockwise,7,0.203,session_20260730_223706,student03,0.95,1.023,0.025,0.426,10.62,-18.22,9.28,,
889,2026-07-30T22:41:45.754726+00:00,anticlockwise,7,0.297,session_20260730_223706,student03,0.95,1.014,0.307,0.436,52.1,-28.35,7.32,,
890,2026-07-30T22:41:45.864696+00:00,anticlockwise,7,0.406,session_20260730_223706,student03,0.95,0.262,0.704,0.004,154.0,-22.95,36.23,,
891,2026-07-30T22:41:45.964406+00:00,anticlockwise,7,0.5,session_20260730_223706,student03,0.95,-0.258,0.198,0.111,97.02,35.83,170.35,,
892,2026-07-30T22:41:46.070370+00:00,anticlockwise,7,0.609,session_20260730_223706,student03,0.95,-0.292,-0.431,0.73,81.7,130.22,202.89,,
893,2026-07-30T22:41:46.163372+00:00,anticlockwise,7,0.703,session_20260730_223706,student03,0.95,-0.257,-0.924,1.365,150.06,181.1,125.46,,
894,2026-07-30T22:41:46.273762+00:00,anticlockwise,7,0.812,session_20260730_223706,student03,0.95,-0.588,-1.352,1.539,132.27,167.52,-27.31,,
895,2026-07-30T22:41:46.374000+00:00,anticlockwise,7,0.922,session_20260730_223706,student03,0.95,-0.716,-0.847,1.182,94.24,163.0,-161.78,,
896,2026-07-30T22:41:46.483464+00:00,anticlockwise,7,1.031,session_20260730_223706,student03,0.95,-1.483,-0.166,1.836,124.42,126.83,-383.47,,
897,2026-07-30T22:41:46.584133+00:00,anticlockwise,7,1.125,session_20260730_223706,student03,0.95,-1.119,0.127,1.691,127.87,-76.72,-358.99,,
898,2026-07-30T22:41:46.679146+00:00,anticlockwise,7,1.219,session_20260730_223706,student03,0.95,-0.562,0.961,1.815,71.63,-197.03,-180.33,,
899,2026-07-30T22:41:46.778273+00:00,anticlockwise,7,1.312,session_20260730_223706,student03,0.95,-0.551,1.085,1.395,76.91,-230.81,0.85,,
900,2026-07-30T22:41:46.874800+00:00,anticlockwise,7,1.422,session_20260730_223706,student03,0.95,-0.294,0.576,0.699,26.4,-199.87,132.97,,
901,2026-07-30T22:41:46.990338+00:00,anticlockwise,7,1.531,session_20260730_223706,student03,0.95,0.113,-0.033,0.243,110.42,-126.22,114.41,,
902,2026-07-30T22:41:47.083978+00:00,anticlockwise,7,1.625,session_20260730_223706,student03,0.95,0.295,-0.333,0.219,117.25,-59.08,102.02,,
903,2026-07-30T22:41:47.193980+00:00,anticlockwise,7,1.734,session_20260730_223706,student03,0.95,0.539,-0.631,0.268,22.64,-32.2,69.12,,
904,2026-07-30T22:41:47.294164+00:00,anticlockwise,7,1.828,session_20260730_223706,student03,0.95,0.619,-0.645,0.344,-0.79,-25.94,28.81,,
905,2026-07-30T22:41:47.384727+00:00,anticlockwise,7,1.922,session_20260730_223706,student03,0.95,0.781,-0.558,0.252,10.56,-0.09,15.29,,
906,2026-07-30T22:41:50.322918+00:00,clockwise,8,0.0,session_20260730_223706,student03,0.95,0.9,-0.252,0.384,1.4,1.37,-1.1,,
907,2026-07-30T22:41:50.423179+00:00,clockwise,8,0.11,session_20260730_223706,student03,0.95,0.897,-0.215,0.402,2.62,-0.85,-0.03,,
908,2026-07-30T22:41:50.533981+00:00,clockwise,8,0.219,session_20260730_223706,student03,0.95,0.797,-0.374,0.356,-20.23,-2.84,3.94,,
909,2026-07-30T22:41:50.643873+00:00,clockwise,8,0.328,session_20260730_223706,student03,0.95,0.611,-0.935,-0.019,-116.7,4.79,-11.75,,
910,2026-07-30T22:41:50.749614+00:00,clockwise,8,0.438,session_20260730_223706,student03,0.95,0.22,-0.597,0.078,-173.5,51.88,-65.83,,
911,2026-07-30T22:41:50.864154+00:00,clockwise,8,0.547,session_20260730_223706,student03,0.95,-0.17,-0.042,0.164,-172.06,156.22,-17.43,,
912,2026-07-30T22:41:50.972982+00:00,clockwise,8,0.656,session_20260730_223706,student03,0.95,-0.299,-0.163,1.311,-95.13,273.54,108.22,,
913,2026-07-30T22:41:51.082738+00:00,clockwise,8,0.766,session_20260730_223706,student03,0.95,-0.151,0.038,1.991,67.23,227.33,131.23,,
914,2026-07-30T22:41:51.193774+00:00,clockwise,8,0.875,session_20260730_223706,student03,0.95,-0.415,-0.158,2.416,93.51,96.22,267.13,,
915,2026-07-30T22:41:51.287966+00:00,clockwise,8,0.969,session_20260730_223706,student03,0.95,-1.095,-0.238,2.362,75.9,-60.64,352.09,,
916,2026-07-30T22:41:51.383530+00:00,clockwise,8,1.063,session_20260730_223706,student03,0.95,-1.409,-0.203,1.96,11.44,-163.3,372.72,,
917,2026-07-30T22:41:51.477765+00:00,clockwise,8,1.156,session_20260730_223706,student03,0.95,-0.996,-0.193,1.7,-10.04,-181.19,226.54,,
918,2026-07-30T22:41:51.573709+00:00,clockwise,8,1.25,session_20260730_223706,student03,0.95,-0.411,-0.421,0.986,-85.97,-172.03,101.57,,
919,2026-07-30T22:41:51.663604+00:00,clockwise,8,1.344,session_20260730_223706,student03,0.95,-0.197,-0.249,0.802,-119.54,-80.75,-10.93,,
920,2026-07-30T22:41:51.770818+00:00,clockwise,8,1.453,session_20260730_223706,student03,0.95,0.132,-0.322,0.439,-124.03,-65.55,-102.39,,
921,2026-07-30T22:41:51.867982+00:00,clockwise,8,1.547,session_20260730_223706,student03,0.95,0.223,-0.155,0.251,-120.21,-9.19,-154.52,,
922,2026-07-30T22:41:51.964245+00:00,clockwise,8,1.641,session_20260730_223706,student03,0.95,0.457,0.08,0.328,-99.0,17.4,-143.89,,
923,2026-07-30T22:41:52.056043+00:00,clockwise,8,1.735,session_20260730_223706,student03,0.95,0.745,0.328,0.478,-33.17,10.74,-88.93,,
924,2026-07-30T22:41:52.159506+00:00,clockwise,8,1.844,session_20260730_223706,student03,0.95,0.919,0.228,0.386,-30.3,-0.95,-29.69,,
925,2026-07-30T22:41:52.270065+00:00,clockwise,8,1.953,session_20260730_223706,student03,0.95,0.911,0.009,0.502,-23.87,12.05,-5.46,,
926,2026-07-30T22:41:55.016726+00:00,anticlockwise,8,0.0,session_20260730_223706,student03,0.95,0.854,-0.012,0.493,0.92,-1.89,0.58,,
927,2026-07-30T22:41:55.130383+00:00,anticlockwise,8,0.11,session_20260730_223706,student03,0.95,0.88,-0.003,0.5,4.33,-0.61,-2.53,,
928,2026-07-30T22:41:55.240567+00:00,anticlockwise,8,0.219,session_20260730_223706,student03,0.95,1.023,0.362,0.527,21.24,-9.19,-6.59,,
929,2026-07-30T22:41:55.333960+00:00,anticlockwise,8,0.313,session_20260730_223706,student03,0.95,0.802,0.626,0.444,69.43,-32.29,30.85,,
930,2026-07-30T22:41:55.428721+00:00,anticlockwise,8,0.407,session_20260730_223706,student03,0.95,0.534,0.502,0.112,120.37,-19.44,80.84,,
931,2026-07-30T22:41:55.529102+00:00,anticlockwise,8,0.516,session_20260730_223706,student03,0.95,-0.185,0.36,-0.002,73.7,68.97,158.76,,
932,2026-07-30T22:41:55.640342+00:00,anticlockwise,8,0.625,session_20260730_223706,student03,0.95,-0.528,-0.289,0.725,49.26,126.77,216.83,,
933,2026-07-30T22:41:55.750219+00:00,anticlockwise,8,0.735,session_20260730_223706,student03,0.95,-0.392,-1.106,1.444,130.1,122.87,133.82,,
934,2026-07-30T22:41:55.860351+00:00,anticlockwise,8,0.844,session_20260730_223706,student03,0.95,-0.712,-1.15,1.397,122.32,182.74,-28.26,,
935,2026-07-30T22:41:55.971169+00:00,anticlockwise,8,0.953,session_20260730_223706,student03,0.95,-1.02,-0.534,1.308,139.65,187.17,-239.51,,
936,2026-07-30T22:41:56.081121+00:00,anticlockwise,8,1.063,session_20260730_223706,student03,0.95,-1.704,-0.062,1.609,195.62,103.34,-414.81,,
937,2026-07-30T22:41:56.178754+00:00,anticlockwise,8,1.157,session_20260730_223706,student03,0.95,-1.148,0.29,1.585,148.11,-93.57,-313.36,,
938,2026-07-30T22:41:56.293727+00:00,anticlockwise,8,1.266,session_20260730_223706,student03,0.95,-0.621,0.792,1.63,83.59,-249.55,-95.95,,
939,2026-07-30T22:41:56.395310+00:00,anticlockwise,8,1.375,session_20260730_223706,student03,0.95,-0.398,0.851,1.039,72.05,-237.01,45.14,,
940,2026-07-30T22:41:56.510812+00:00,anticlockwise,8,1.485,session_20260730_223706,student03,0.95,-0.017,0.41,0.473,32.14,-133.55,137.79,,
941,2026-07-30T22:41:56.605801+00:00,anticlockwise,8,1.578,session_20260730_223706,student03,0.95,0.291,-0.063,0.484,56.76,-81.67,111.7,,
942,2026-07-30T22:41:56.704533+00:00,anticlockwise,8,1.688,session_20260730_223706,student03,0.95,0.368,-0.09,0.271,93.39,-44.13,100.86,,
943,2026-07-30T22:41:56.814857+00:00,anticlockwise,8,1.797,session_20260730_223706,student03,0.95,0.479,-0.509,0.256,-5.16,-21.64,102.91,,
944,2026-07-30T22:41:56.921288+00:00,anticlockwise,8,1.907,session_20260730_223706,student03,0.95,0.673,-0.811,0.415,5.37,-35.62,49.47,,
945,2026-07-30T22:42:07.182149+00:00,clockwise,9,0.0,session_20260730_223706,student03,0.95,0.955,-0.143,0.271,5.95,-1.19,-2.99,,
946,2026-07-30T22:42:07.276018+00:00,clockwise,9,0.093,session_20260730_223706,student03,0.95,0.92,-0.154,0.284,2.62,0.27,1.19,,
947,2026-07-30T22:42:07.373457+00:00,clockwise,9,0.203,session_20260730_223706,student03,0.95,0.917,-0.382,0.28,-24.96,1.71,2.72,,
948,2026-07-30T22:42:07.485139+00:00,clockwise,9,0.312,session_20260730_223706,student03,0.95,0.617,-0.932,-0.129,-139.13,27.34,-14.1,,
949,2026-07-30T22:42:07.591094+00:00,clockwise,9,0.406,session_20260730_223706,student03,0.95,0.211,-0.547,0.032,-160.41,45.75,-77.27,,
950,2026-07-30T22:42:07.685665+00:00,clockwise,9,0.515,session_20260730_223706,student03,0.95,0.019,-0.0,0.288,-169.07,102.3,-60.88,,
951,2026-07-30T22:42:07.800119+00:00,clockwise,9,0.625,session_20260730_223706,student03,0.95,-0.107,0.271,1.107,-102.88,198.64,61.16,,
952,2026-07-30T22:42:07.896009+00:00,clockwise,9,0.718,session_20260730_223706,student03,0.95,-0.222,0.078,1.576,-17.46,231.27,158.18,,
953,2026-07-30T22:42:07.998484+00:00,clockwise,9,0.828,session_20260730_223706,student03,0.95,-0.206,-0.027,2.077,65.68,189.46,226.54,,
954,2026-07-30T22:42:08.111063+00:00,clockwise,9,0.937,session_20260730_223706,student03,0.95,-0.901,0.238,2.583,85.21,47.61,321.67,,
955,2026-07-30T22:42:08.222292+00:00,clockwise,9,1.046,session_20260730_223706,student03,0.95,-1.268,-0.429,2.132,-56.18,-172.4,427.17,,
956,2026-07-30T22:42:08.325091+00:00,clockwise,9,1.14,session_20260730_223706,student03,0.95,-0.976,-0.092,1.556,-75.59,-216.22,270.33,,
957,2026-07-30T22:42:08.417731+00:00,clockwise,9,1.234,session_20260730_223706,student03,0.95,-0.443,-0.339,0.933,-148.56,-176.21,120.52,,
958,2026-07-30T22:42:08.517241+00:00,clockwise,9,1.343,session_20260730_223706,student03,0.95,0.101,-0.599,0.717,-148.78,-72.21,-27.25,,
959,2026-07-30T22:42:08.614170+00:00,clockwise,9,1.437,session_20260730_223706,student03,0.95,-0.003,-0.37,0.482,-98.48,-11.96,-135.26,,
960,2026-07-30T22:42:08.717727+00:00,clockwise,9,1.546,session_20260730_223706,student03,0.95,0.301,-0.153,0.167,-141.97,1.31,-146.09,,
961,2026-07-30T22:42:08.831014+00:00,clockwise,9,1.656,session_20260730_223706,student03,0.95,0.582,0.111,0.295,-87.13,37.05,-119.91,,
962,2026-07-30T22:42:08.940855+00:00,clockwise,9,1.765,session_20260730_223706,student03,0.95,0.799,0.223,0.379,-34.18,18.8,-67.05,,
963,2026-07-30T22:42:09.050323+00:00,clockwise,9,1.875,session_20260730_223706,student03,0.95,0.953,0.116,0.327,-9.13,20.66,-12.67,,
964,2026-07-30T22:42:09.161384+00:00,clockwise,9,1.984,session_20260730_223706,student03,0.95,0.864,-0.021,0.554,-13.21,12.51,2.23,,
965,2026-07-30T22:42:12.274371+00:00,anticlockwise,9,0.0,session_20260730_223706,student03,0.95,0.869,-0.025,0.454,2.81,1.19,-3.75,,
966,2026-07-30T22:42:12.390554+00:00,anticlockwise,9,0.125,session_20260730_223706,student03,0.95,0.888,-0.039,0.477,-0.82,1.98,-1.62,,
967,2026-07-30T22:42:12.500165+00:00,anticlockwise,9,0.235,session_20260730_223706,student03,0.95,0.898,0.021,0.495,5.95,0.7,-0.31,,
968,2026-07-30T22:42:12.610506+00:00,anticlockwise,9,0.344,session_20260730_223706,student03,0.95,0.973,0.162,0.481,17.33,-2.41,0.4,,
969,2026-07-30T22:42:12.720160+00:00,anticlockwise,9,0.453,session_20260730_223706,student03,0.95,0.906,0.387,0.483,44.01,-22.61,12.88,,
970,2026-07-30T22:42:12.830225+00:00,anticlockwise,9,0.563,session_20260730_223706,student03,0.95,0.604,0.452,0.316,112.98,-18.8,58.05,,
971,2026-07-30T22:42:12.940770+00:00,anticlockwise,9,0.672,session_20260730_223706,student03,0.95,0.38,0.114,0.199,105.17,23.04,119.24,,
972,2026-07-30T22:42:13.054556+00:00,anticlockwise,9,0.782,session_20260730_223706,student03,0.95,0.076,-0.11,0.348,108.04,82.55,127.11,,
973,2026-07-30T22:42:13.150097+00:00,anticlockwise,9,0.875,session_20260730_223706,student03,0.95,-0.032,-0.387,0.778,50.2,135.5,127.75,,
974,2026-07-30T22:42:13.263436+00:00,anticlockwise,9,1.0,session_20260730_223706,student03,0.95,-0.241,-0.729,1.244,91.28,147.04,41.17,,
975,2026-07-30T22:42:13.371465+00:00,anticlockwise,9,1.094,session_20260730_223706,student03,0.95,-0.479,-0.801,1.267,79.32,182.56,-81.82,,
976,2026-07-30T22:42:13.465298+00:00,anticlockwise,9,1.188,session_20260730_223706,student03,0.95,-0.831,-0.521,1.58,85.27,205.11,-184.7,,
977,2026-07-30T22:42:13.556344+00:00,anticlockwise,9,1.282,session_20260730_223706,student03,0.95,-1.176,-0.251,1.572,137.46,138.22,-323.19,,
978,2026-07-30T22:42:13.649211+00:00,anticlockwise,9,1.375,session_20260730_223706,student03,0.95,-1.2,0.154,1.466,143.8,-42.15,-320.69,,
979,2026-07-30T22:42:13.748932+00:00,anticlockwise,9,1.485,session_20260730_223706,student03,0.95,-0.794,0.419,1.464,106.02,-155.22,-204.29,,
980,2026-07-30T22:42:13.861925+00:00,anticlockwise,9,1.594,session_20260730_223706,student03,0.95,-0.398,0.735,1.39,62.23,-218.54,-45.72,,
981,2026-07-30T22:42:13.970736+00:00,anticlockwise,9,1.703,session_20260730_223706,student03,0.95,-0.121,0.603,0.925,52.67,-228.55,49.38,,
982,2026-07-30T22:42:14.081042+00:00,anticlockwise,9,1.813,session_20260730_223706,student03,0.95,0.28,0.303,0.564,31.59,-146.7,97.75,,
983,2026-07-30T22:42:14.192135+00:00,anticlockwise,9,1.922,session_20260730_223706,student03,0.95,0.39,0.103,0.401,52.86,-89.08,82.13,,
984,2026-07-30T22:42:20.603846+00:00,clockwise,10,0.0,session_20260730_223706,student03,0.95,0.906,-0.003,0.428,2.62,-0.06,-2.56,,
985,2026-07-30T22:42:20.704319+00:00,clockwise,10,0.11,session_20260730_223706,student03,0.95,0.902,-0.014,0.422,-4.39,1.71,4.3,,
986,2026-07-30T22:42:20.804753+00:00,clockwise,10,0.204,session_20260730_223706,student03,0.95,0.913,-0.078,0.414,-4.39,1.07,2.72,,
987,2026-07-30T22:42:20.897366+00:00,clockwise,10,0.297,session_20260730_223706,student03,0.95,0.892,-0.149,0.445,-15.17,7.69,-7.63,,
988,2026-07-30T22:42:20.996374+00:00,clockwise,10,0.391,session_20260730_223706,student03,0.95,0.836,-0.218,0.396,-25.64,-0.85,-12.48,,
989,2026-07-30T22:42:21.089255+00:00,clockwise,10,0.485,session_20260730_223706,student03,0.95,0.632,-0.593,0.055,-132.91,-17.49,-11.38,,
990,2026-07-30T22:42:21.185401+00:00,clockwise,10,0.594,session_20260730_223706,student03,0.95,0.3,-0.271,-0.112,-139.04,-2.53,-52.95,,
991,2026-07-30T22:42:21.301471+00:00,clockwise,10,0.704,session_20260730_223706,student03,0.95,-0.209,0.138,0.298,-164.13,125.0,65.16,,
992,2026-07-30T22:42:21.396102+00:00,clockwise,10,0.797,session_20260730_223706,student03,0.95,-0.236,0.584,1.459,14.25,261.21,106.05,,
993,2026-07-30T22:42:21.499674+00:00,clockwise,10,0.907,session_20260730_223706,student03,0.95,-0.61,0.686,2.372,95.68,237.77,253.52,,
994,2026-07-30T22:42:21.611057+00:00,clockwise,10,1.016,session_20260730_223706,student03,0.95,-1.038,-0.339,3.319,60.03,46.02,441.72,,
995,2026-07-30T22:42:21.724329+00:00,clockwise,10,1.125,session_20260730_223706,student03,0.95,-1.306,-0.443,2.094,-83.56,-182.07,353.22,,
996,2026-07-30T22:42:21.832117+00:00,clockwise,10,1.235,session_20260730_223706,student03,0.95,-0.617,-0.312,1.029,-97.75,-202.0,172.43,,
997,2026-07-30T22:42:21.941809+00:00,clockwise,10,1.344,session_20260730_223706,student03,0.95,-0.093,-0.403,0.843,-110.54,-109.68,-1.5,,
998,2026-07-30T22:42:22.038582+00:00,clockwise,10,1.438,session_20260730_223706,student03,0.95,0.123,-0.256,0.605,-113.59,-65.89,-81.82,,
999,2026-07-30T22:42:22.134127+00:00,clockwise,10,1.532,session_20260730_223706,student03,0.95,0.235,-0.149,0.385,-165.84,-58.81,-125.25,,
1000,2026-07-30T22:42:22.239776+00:00,clockwise,10,1.641,session_20260730_223706,student03,0.95,0.49,-0.186,0.283,-123.02,-10.96,-122.44,,
1001,2026-07-30T22:42:22.334987+00:00,clockwise,10,1.735,session_20260730_223706,student03,0.95,0.717,0.064,0.302,-56.92,19.23,-100.22,,
1002,2026-07-30T22:42:22.437567+00:00,clockwise,10,1.844,session_20260730_223706,student03,0.95,0.825,0.134,0.377,-26.18,18.77,-56.09,,
1003,2026-07-30T22:42:22.552045+00:00,clockwise,10,1.954,session_20260730_223706,student03,0.95,0.884,0.062,0.398,-25.39,6.84,-18.49,,
1004,2026-07-30T22:42:27.741578+00:00,anticlockwise,10,0.0,session_20260730_223706,student03,0.95,0.949,0.12,0.286,0.79,2.9,-2.72,,
1005,2026-07-30T22:42:27.850289+00:00,anticlockwise,10,0.109,session_20260730_223706,student03,0.95,0.96,0.157,0.325,1.53,4.21,-4.7,,
1006,2026-07-30T22:42:27.945853+00:00,anticlockwise,10,0.203,session_20260730_223706,student03,0.95,0.953,0.155,0.292,0.34,-1.4,2.62,,
1007,2026-07-30T22:42:28.050885+00:00,anticlockwise,10,0.313,session_20260730_223706,student03,0.95,0.97,0.419,0.335,20.81,-7.26,4.94,,
1008,2026-07-30T22:42:28.150079+00:00,anticlockwise,10,0.406,session_20260730_223706,student03,0.95,0.828,0.787,0.147,74.5,2.69,27.71,,
1009,2026-07-30T22:42:28.246942+00:00,anticlockwise,10,0.5,session_20260730_223706,student03,0.95,0.277,0.783,0.049,118.41,17.82,108.34,,
1010,2026-07-30T22:42:28.346056+00:00,anticlockwise,10,0.609,session_20260730_223706,student03,0.95,-0.07,-0.059,0.399,129.03,75.53,199.47,,
1011,2026-07-30T22:42:28.449173+00:00,anticlockwise,10,0.703,session_20260730_223706,student03,0.95,-0.13,-0.506,0.555,120.27,61.71,153.48,,
1012,2026-07-30T22:42:28.545993+00:00,anticlockwise,10,0.813,session_20260730_223706,student03,0.95,-0.242,-0.674,1.145,120.33,161.9,113.59,,
1013,2026-07-30T22:42:28.661662+00:00,anticlockwise,10,0.922,session_20260730_223706,student03,0.95,-0.257,-0.98,1.428,103.67,172.95,-7.35,,
1014,2026-07-30T22:42:28.771470+00:00,anticlockwise,10,1.031,session_20260730_223706,student03,0.95,-0.584,-0.821,1.566,72.73,224.43,-154.33,,
1015,2026-07-30T22:42:28.864449+00:00,anticlockwise,10,1.125,session_20260730_223706,student03,0.95,-0.975,-0.433,1.429,66.29,175.3,-269.54,,
1016,2026-07-30T22:42:28.972228+00:00,anticlockwise,10,1.234,session_20260730_223706,student03,0.95,-1.177,-0.14,1.559,135.01,49.87,-370.31,,
1017,2026-07-30T22:42:29.068465+00:00,anticlockwise,10,1.328,session_20260730_223706,student03,0.95,-0.698,0.068,1.543,81.82,-116.4,-271.83,,
1018,2026-07-30T22:42:29.166164+00:00,anticlockwise,10,1.422,session_20260730_223706,student03,0.95,-0.388,0.388,1.63,51.79,-186.13,-122.75,,
1019,2026-07-30T22:42:29.268776+00:00,anticlockwise,10,1.531,session_20260730_223706,student03,0.95,-0.004,0.453,1.334,37.66,-217.66,-17.15,,
1020,2026-07-30T22:42:29.366621+00:00,anticlockwise,10,1.625,session_20260730_223706,student03,0.95,0.09,0.441,0.983,22.77,-188.7,64.27,,
1021,2026-07-30T22:42:29.466020+00:00,anticlockwise,10,1.719,session_20260730_223706,student03,0.95,0.148,0.163,0.61,49.78,-152.65,71.11,,
1022,2026-07-30T22:42:29.571532+00:00,anticlockwise,10,1.828,session_20260730_223706,student03,0.95,0.331,-0.11,0.174,118.35,-126.96,56.4,,
1023,2026-07-30T22:42:29.664500+00:00,anticlockwise,10,1.922,session_20260730_223706,student03,0.95,0.472,-0.508,0.068,58.35,-74.16,75.05,,
1024,2026-07-30T22:42:32.348152+00:00,clockwise,11,0.0,session_20260730_223706,student03,0.95,0.942,-0.099,0.276,-0.7,0.24,-4.15,,
1025,2026-07-30T22:42:32.462665+00:00,clockwise,11,0.11,session_20260730_223706,student03,0.95,0.943,-0.144,0.301,-13.12,0.27,-4.88,,
1026,2026-07-30T22:42:32.556542+00:00,clockwise,11,0.204,session_20260730_223706,student03,0.95,0.785,-0.62,0.068,-109.38,-30.55,19.38,,
1027,2026-07-30T22:42:32.660992+00:00,clockwise,11,0.313,session_20260730_223706,student03,0.95,0.552,-0.779,-0.072,-158.6,16.02,-39.49,,
1028,2026-07-30T22:42:32.771312+00:00,clockwise,11,0.422,session_20260730_223706,student03,0.95,0.096,-0.276,-0.045,-182.32,102.94,-54.66,,
1029,2026-07-30T22:42:32.868343+00:00,clockwise,11,0.516,session_20260730_223706,student03,0.95,-0.212,0.014,0.703,-210.55,172.92,59.24,,
1030,2026-07-30T22:42:32.965979+00:00,clockwise,11,0.61,session_20260730_223706,student03,0.95,-0.038,-0.075,1.416,-25.27,198.07,53.25,,
1031,2026-07-30T22:42:33.056832+00:00,clockwise,11,0.704,session_20260730_223706,student03,0.95,-0.208,0.17,1.909,61.68,211.83,110.32,,
1032,2026-07-30T22:42:33.159873+00:00,clockwise,11,0.813,session_20260730_223706,student03,0.95,-0.229,-0.078,2.303,72.6,137.7,249.4,,
1033,2026-07-30T22:42:33.271315+00:00,clockwise,11,0.922,session_20260730_223706,student03,0.95,-0.829,-0.255,2.296,49.13,-30.06,346.63,,
1034,2026-07-30T22:42:33.365500+00:00,clockwise,11,1.016,session_20260730_223706,student03,0.95,-0.913,-0.512,1.592,-88.29,-213.26,456.34,,
1035,2026-07-30T22:42:33.468415+00:00,clockwise,11,1.125,session_20260730_223706,student03,0.95,-0.467,0.047,1.743,-23.35,-185.37,206.61,,
1036,2026-07-30T22:42:33.581797+00:00,clockwise,11,1.235,session_20260730_223706,student03,0.95,-0.128,-0.332,1.236,-76.82,-191.02,121.25,,
1037,2026-07-30T22:42:33.691191+00:00,clockwise,11,1.344,session_20260730_223706,student03,0.95,0.168,-0.74,0.614,-113.5,-107.73,-15.69,,
1038,2026-07-30T22:42:33.789637+00:00,clockwise,11,1.438,session_20260730_223706,student03,0.95,0.141,-0.327,0.525,-129.58,-14.34,-126.38,,
1039,2026-07-30T22:42:33.885608+00:00,clockwise,11,1.532,session_20260730_223706,student03,0.95,0.324,-0.201,0.364,-219.49,-6.16,-106.02,,
1040,2026-07-30T22:42:33.976301+00:00,clockwise,11,1.625,session_20260730_223706,student03,0.95,0.497,0.027,0.347,-130.65,15.66,-119.39,,
1041,2026-07-30T22:42:34.081668+00:00,clockwise,11,1.735,session_20260730_223706,student03,0.95,0.73,0.208,0.243,-75.38,-5.52,-87.34,,
1042,2026-07-30T22:42:34.195808+00:00,clockwise,11,1.844,session_20260730_223706,student03,0.95,0.805,0.306,0.241,-63.45,4.49,-43.21,,
1043,2026-07-30T22:42:34.305403+00:00,clockwise,11,1.954,session_20260730_223706,student03,0.95,1.016,0.003,0.204,-26.06,-9.37,-5.83,,
1044,2026-07-30T22:42:36.678951+00:00,anticlockwise,11,0.0,session_20260730_223706,student03,0.95,0.96,0.049,0.288,-1.53,-0.46,-1.62,,
1045,2026-07-30T22:42:36.777248+00:00,anticlockwise,11,0.093,session_20260730_223706,student03,0.95,0.968,0.108,0.274,3.57,1.83,-6.87,,
1046,2026-07-30T22:42:36.876554+00:00,anticlockwise,11,0.203,session_20260730_223706,student03,0.95,0.956,0.29,0.342,19.75,1.92,-3.81,,
1047,2026-07-30T22:42:36.976908+00:00,anticlockwise,11,0.296,session_20260730_223706,student03,0.95,0.885,0.697,0.245,41.63,6.41,18.37,,
1048,2026-07-30T22:42:37.092718+00:00,anticlockwise,11,0.421,session_20260730_223706,student03,0.95,0.604,0.592,0.191,102.21,-14.74,85.39,,
1049,2026-07-30T22:42:37.200962+00:00,anticlockwise,11,0.531,session_20260730_223706,student03,0.95,0.337,0.076,0.201,138.25,35.98,114.44,,
1050,2026-07-30T22:42:37.315041+00:00,anticlockwise,11,0.64,session_20260730_223706,student03,0.95,0.084,-0.211,0.293,116.92,80.36,131.23,,
1051,2026-07-30T22:42:37.426043+00:00,anticlockwise,11,0.75,session_20260730_223706,student03,0.95,-0.159,-0.506,1.009,94.45,165.81,106.78,,
1052,2026-07-30T22:42:37.527499+00:00,anticlockwise,11,0.843,session_20260730_223706,student03,0.95,-0.136,-0.86,1.479,71.02,131.26,93.69,,
1053,2026-07-30T22:42:37.625471+00:00,anticlockwise,11,0.953,session_20260730_223706,student03,0.95,-0.051,-1.072,1.486,84.96,158.48,-54.11,,
1054,2026-07-30T22:42:37.727006+00:00,anticlockwise,11,1.046,session_20260730_223706,student03,0.95,-0.618,-0.567,1.371,27.68,159.22,-135.11,,
1055,2026-07-30T22:42:37.829870+00:00,anticlockwise,11,1.156,session_20260730_223706,student03,0.95,-0.977,-0.432,1.507,53.68,164.68,-282.72,,
1056,2026-07-30T22:42:37.927411+00:00,anticlockwise,11,1.25,session_20260730_223706,student03,0.95,-1.129,-0.212,1.605,156.16,44.07,-404.83,,
1057,2026-07-30T22:42:38.035999+00:00,anticlockwise,11,1.359,session_20260730_223706,student03,0.95,-0.595,0.348,1.579,73.73,-122.87,-253.24,,
1058,2026-07-30T22:42:38.135933+00:00,anticlockwise,11,1.453,session_20260730_223706,student03,0.95,-0.261,0.436,1.698,44.47,-191.26,-104.74,,
1059,2026-07-30T22:42:38.230939+00:00,anticlockwise,11,1.546,session_20260730_223706,student03,0.95,-0.074,0.429,1.217,59.05,-191.08,-13.09,,
1060,2026-07-30T22:42:38.325551+00:00,anticlockwise,11,1.64,session_20260730_223706,student03,0.95,-0.042,0.394,0.901,37.48,-105.75,46.24,,
1061,2026-07-30T22:42:38.418890+00:00,anticlockwise,11,1.734,session_20260730_223706,student03,0.95,0.143,0.162,0.585,61.92,-104.68,64.88,,
1062,2026-07-30T22:42:38.519543+00:00,anticlockwise,11,1.843,session_20260730_223706,student03,0.95,0.422,0.037,0.207,93.33,-65.16,80.39,,
1063,2026-07-30T22:42:38.619268+00:00,anticlockwise,11,1.937,session_20260730_223706,student03,0.95,0.534,-0.218,0.266,99.73,-42.94,88.32,,
1064,2026-07-30T22:42:41.443797+00:00,clockwise,12,0.0,session_20260730_223706,student03,0.95,0.926,-0.097,0.365,-1.92,4.7,-5.77,,
1065,2026-07-30T22:42:41.550805+00:00,clockwise,12,0.11,session_20260730_223706,student03,0.95,0.922,-0.081,0.378,-7.6,2.75,-7.48,,
1066,2026-07-30T22:42:41.661871+00:00,clockwise,12,0.219,session_20260730_223706,student03,0.95,0.795,-0.269,0.238,-75.01,-10.44,7.39,,
1067,2026-07-30T22:42:41.755919+00:00,clockwise,12,0.313,session_20260730_223706,student03,0.95,0.686,-0.756,0.092,-187.29,9.92,-13.58,,
1068,2026-07-30T22:42:41.857342+00:00,clockwise,12,0.422,session_20260730_223706,student03,0.95,0.223,-0.342,-0.256,-135.81,54.78,-66.26,,
1069,2026-07-30T22:42:41.959811+00:00,clockwise,12,0.516,session_20260730_223706,student03,0.95,-0.151,-0.293,0.236,-208.01,119.97,35.62,,
1070,2026-07-30T22:42:42.056762+00:00,clockwise,12,0.61,session_20260730_223706,student03,0.95,-0.329,0.095,0.958,-41.05,231.82,37.08,,
1071,2026-07-30T22:42:42.158041+00:00,clockwise,12,0.719,session_20260730_223706,student03,0.95,-0.573,0.353,2.016,6.07,262.76,167.55,,
1072,2026-07-30T22:42:42.271722+00:00,clockwise,12,0.828,session_20260730_223706,student03,0.95,-0.5,-0.238,2.391,94.27,113.83,243.2,,
1073,2026-07-30T22:42:42.365779+00:00,clockwise,12,0.922,session_20260730_223706,student03,0.95,-1.141,-0.517,2.257,-8.06,-74.74,387.62,,
1074,2026-07-30T22:42:42.466991+00:00,clockwise,12,1.031,session_20260730_223706,student03,0.95,-1.289,-0.451,1.531,-45.5,-202.4,359.08,,
1075,2026-07-30T22:42:42.569660+00:00,clockwise,12,1.125,session_20260730_223706,student03,0.95,-0.445,-0.117,1.527,-99.25,-189.86,250.16,,
1076,2026-07-30T22:42:42.683563+00:00,clockwise,12,1.235,session_20260730_223706,student03,0.95,-0.328,-0.593,1.136,-87.53,-153.78,63.23,,
1077,2026-07-30T22:42:42.780898+00:00,clockwise,12,1.344,session_20260730_223706,student03,0.95,-0.267,-0.493,0.77,-91.59,-43.89,-54.75,,
1078,2026-07-30T22:42:42.891573+00:00,clockwise,12,1.453,session_20260730_223706,student03,0.95,0.103,-0.555,0.578,-139.74,-15.23,-116.58,,
1079,2026-07-30T22:42:43.002054+00:00,clockwise,12,1.563,session_20260730_223706,student03,0.95,0.247,-0.296,0.436,-196.26,-0.31,-143.35,,
1080,2026-07-30T22:42:43.111790+00:00,clockwise,12,1.672,session_20260730_223706,student03,0.95,0.507,-0.07,0.284,-142.7,11.57,-126.93,,
1081,2026-07-30T22:42:43.222246+00:00,clockwise,12,1.781,session_20260730_223706,student03,0.95,0.776,0.055,0.261,-82.4,15.72,-97.78,,
1082,2026-07-30T22:42:43.331974+00:00,clockwise,12,1.891,session_20260730_223706,student03,0.95,0.895,0.226,0.251,-41.26,21.88,-55.21,,
1083,2026-07-30T22:42:45.693020+00:00,anticlockwise,12,0.0,session_20260730_223706,student03,0.95,0.943,-0.08,0.347,-2.47,-0.73,1.83,,
1084,2026-07-30T22:42:45.800758+00:00,anticlockwise,12,0.11,session_20260730_223706,student03,0.95,0.974,0.023,0.394,16.14,-3.2,-0.61,,
1085,2026-07-30T22:42:45.911071+00:00,anticlockwise,12,0.219,session_20260730_223706,student03,0.95,1.02,0.407,0.421,69.19,-3.27,-0.58,,
1086,2026-07-30T22:42:46.007381+00:00,anticlockwise,12,0.313,session_20260730_223706,student03,0.95,0.893,0.461,0.384,127.38,-7.6,6.23,,
1087,2026-07-30T22:42:46.115958+00:00,anticlockwise,12,0.422,session_20260730_223706,student03,0.95,0.486,0.396,0.287,174.96,6.93,78.16,,
1088,2026-07-30T22:42:46.215596+00:00,anticlockwise,12,0.516,session_20260730_223706,student03,0.95,0.137,0.166,0.263,148.63,58.75,132.82,,
1089,2026-07-30T22:42:46.304213+00:00,anticlockwise,12,0.61,session_20260730_223706,student03,0.95,0.009,-0.191,0.442,52.52,67.84,190.47,,
1090,2026-07-30T22:42:46.413165+00:00,anticlockwise,12,0.719,session_20260730_223706,student03,0.95,-0.013,-0.443,0.713,94.61,103.03,108.77,,
1091,2026-07-30T22:42:46.516119+00:00,anticlockwise,12,0.828,session_20260730_223706,student03,0.95,-0.093,-0.617,1.224,124.64,166.48,37.57,,
1092,2026-07-30T22:42:46.625177+00:00,anticlockwise,12,0.938,session_20260730_223706,student03,0.95,-0.599,-0.691,1.417,78.68,215.52,-13.98,,
1093,2026-07-30T22:42:46.732565+00:00,anticlockwise,12,1.047,session_20260730_223706,student03,0.95,-0.73,-0.757,1.288,101.47,200.23,-135.11,,
1094,2026-07-30T22:42:46.841259+00:00,anticlockwise,12,1.141,session_20260730_223706,student03,0.95,-1.557,-0.225,1.241,206.85,190.28,-363.69,,
1095,2026-07-30T22:42:46.938534+00:00,anticlockwise,12,1.25,session_20260730_223706,student03,0.95,-1.429,0.222,1.231,152.01,-43.4,-278.97,,
1096,2026-07-30T22:42:47.052486+00:00,anticlockwise,12,1.36,session_20260730_223706,student03,0.95,-1.033,0.334,1.098,186.41,-190.34,-202.49,,
1097,2026-07-30T22:42:47.151124+00:00,anticlockwise,12,1.453,session_20260730_223706,student03,0.95,-0.604,0.51,1.363,84.66,-208.81,-61.98,,
1098,2026-07-30T22:42:47.245843+00:00,anticlockwise,12,1.547,session_20260730_223706,student03,0.95,-0.297,0.691,1.098,49.01,-216.83,53.96,,
1099,2026-07-30T22:42:47.346889+00:00,anticlockwise,12,1.656,session_20260730_223706,student03,0.95,-0.112,0.48,0.844,23.9,-178.87,128.15,,
1100,2026-07-30T22:42:47.449953+00:00,anticlockwise,12,1.75,session_20260730_223706,student03,0.95,0.118,0.052,0.454,66.96,-133.3,134.4,,
1101,2026-07-30T22:42:47.546963+00:00,anticlockwise,12,1.86,session_20260730_223706,student03,0.95,0.406,-0.192,0.353,121.95,-112.0,84.75,,
1102,2026-07-30T22:42:47.656165+00:00,anticlockwise,12,1.969,session_20260730_223706,student03,0.95,0.517,-0.375,0.191,67.08,-35.31,89.48,,
1103,2026-07-30T22:42:50.659251+00:00,clockwise,13,0.0,session_20260730_223706,student03,0.95,0.901,-0.156,0.325,-13.25,3.78,-0.46,,
1104,2026-07-30T22:42:50.772105+00:00,clockwise,13,0.109,session_20260730_223706,student03,0.95,0.912,-0.245,0.368,-38.18,1.92,0.0,,
1105,2026-07-30T22:42:50.865386+00:00,clockwise,13,0.203,session_20260730_223706,student03,0.95,0.659,-0.539,0.363,-134.8,-6.81,31.46,,
1106,2026-07-30T22:42:50.965906+00:00,clockwise,13,0.297,session_20260730_223706,student03,0.95,0.52,-0.967,0.07,-133.7,51.06,-40.07,,
1107,2026-07-30T22:42:51.052319+00:00,clockwise,13,0.391,session_20260730_223706,student03,0.95,0.11,-0.578,0.023,-164.92,66.5,-73.12,,
1108,2026-07-30T22:42:51.147113+00:00,clockwise,13,0.484,session_20260730_223706,student03,0.95,-0.41,-0.025,0.132,-219.28,206.61,1.34,,
1109,2026-07-30T22:42:51.246143+00:00,clockwise,13,0.578,session_20260730_223706,student03,0.95,-0.538,0.298,1.225,-94.67,297.43,62.78,,
1110,2026-07-30T22:42:51.340452+00:00,clockwise,13,0.672,session_20260730_223706,student03,0.95,-0.663,0.496,2.364,32.84,217.29,193.64,,
1111,2026-07-30T22:42:51.437448+00:00,clockwise,13,0.781,session_20260730_223706,student03,0.95,-0.637,0.125,2.663,114.84,106.11,282.36,,
1112,2026-07-30T22:42:51.545655+00:00,clockwise,13,0.891,session_20260730_223706,student03,0.95,-1.696,-0.297,2.512,-15.75,-82.0,474.04,,
1113,2026-07-30T22:42:51.653487+00:00,clockwise,13,0.984,session_20260730_223706,student03,0.95,-0.992,-0.615,1.886,-60.7,-220.31,318.58,,
1114,2026-07-30T22:42:51.746243+00:00,clockwise,13,1.078,session_20260730_223706,student03,0.95,-0.678,-0.388,1.35,-131.41,-192.11,189.43,,
1115,2026-07-30T22:42:51.839938+00:00,clockwise,13,1.172,session_20260730_223706,student03,0.95,-0.34,-0.425,0.882,-128.45,-125.61,-15.59,,
1116,2026-07-30T22:42:51.940839+00:00,clockwise,13,1.281,session_20260730_223706,student03,0.95,-0.081,-0.466,0.68,-189.55,-45.96,-102.94,,
1117,2026-07-30T22:42:52.040494+00:00,clockwise,13,1.375,session_20260730_223706,student03,0.95,0.026,-0.302,0.384,-211.71,2.84,-153.45,,
1118,2026-07-30T22:42:52.136826+00:00,clockwise,13,1.469,session_20260730_223706,student03,0.95,0.246,-0.11,0.512,-141.36,35.55,-164.89,,
1119,2026-07-30T22:42:52.231679+00:00,clockwise,13,1.562,session_20260730_223706,student03,0.95,0.604,0.232,0.22,-56.31,6.35,-129.18,,
1120,2026-07-30T22:42:52.342518+00:00,clockwise,13,1.687,session_20260730_223706,student03,0.95,0.872,0.368,0.236,-49.35,23.56,-55.21,,
1121,2026-07-30T22:42:52.453728+00:00,clockwise,13,1.797,session_20260730_223706,student03,0.95,0.979,0.09,0.281,-31.71,13.25,-13.55,,
1122,2026-07-30T22:42:52.565608+00:00,clockwise,13,1.906,session_20260730_223706,student03,0.95,0.946,-0.073,0.478,-10.68,24.9,-5.65,,
1123,2026-07-30T22:42:54.860114+00:00,anticlockwise,13,0.0,session_20260730_223706,student03,0.95,0.934,-0.022,0.388,-5.28,2.32,-2.87,,
1124,2026-07-30T22:42:54.971656+00:00,anticlockwise,13,0.109,session_20260730_223706,student03,0.95,0.928,-0.009,0.398,-2.29,1.74,-3.05,,
1125,2026-07-30T22:42:55.082153+00:00,anticlockwise,13,0.219,session_20260730_223706,student03,0.95,0.992,0.234,0.47,11.66,-3.23,-1.56,,
1126,2026-07-30T22:42:55.192085+00:00,anticlockwise,13,0.328,session_20260730_223706,student03,0.95,0.728,1.099,0.5,97.81,-9.16,43.86,,
1127,2026-07-30T22:42:55.301950+00:00,anticlockwise,13,0.438,session_20260730_223706,student03,0.95,0.323,0.417,0.032,151.74,-29.63,167.06,,
1128,2026-07-30T22:42:55.397603+00:00,anticlockwise,13,0.531,session_20260730_223706,student03,0.95,-0.495,0.159,0.129,117.65,86.43,201.15,,
1129,2026-07-30T22:42:55.500324+00:00,anticlockwise,13,0.641,session_20260730_223706,student03,0.95,-0.778,-0.476,0.885,126.56,119.3,185.58,,
1130,2026-07-30T22:42:55.613567+00:00,anticlockwise,13,0.75,session_20260730_223706,student03,0.95,-0.763,-1.203,1.252,143.5,167.61,93.26,,
1131,2026-07-30T22:42:55.725925+00:00,anticlockwise,13,0.859,session_20260730_223706,student03,0.95,-1.38,-1.047,1.545,141.79,345.96,-137.36,,
1132,2026-07-30T22:42:55.820881+00:00,anticlockwise,13,0.953,session_20260730_223706,student03,0.95,-1.865,-0.461,1.558,256.63,249.46,-355.85,,
1133,2026-07-30T22:42:55.921026+00:00,anticlockwise,13,1.063,session_20260730_223706,student03,0.95,-1.966,-0.222,1.339,256.2,-10.07,-369.7,,
1134,2026-07-30T22:42:56.036089+00:00,anticlockwise,13,1.172,session_20260730_223706,student03,0.95,-1.05,0.615,1.466,132.76,-215.98,-188.73,,
1135,2026-07-30T22:42:56.139515+00:00,anticlockwise,13,1.281,session_20260730_223706,student03,0.95,-0.661,0.713,1.432,99.46,-285.13,-22.8,,
1136,2026-07-30T22:42:56.252451+00:00,anticlockwise,13,1.391,session_20260730_223706,student03,0.95,-0.147,0.58,0.689,80.11,-225.99,94.42,,
1137,2026-07-30T22:42:56.362857+00:00,anticlockwise,13,1.5,session_20260730_223706,student03,0.95,0.185,0.142,0.4,64.64,-137.76,112.09,,
1138,2026-07-30T22:42:56.472747+00:00,anticlockwise,13,1.609,session_20260730_223706,student03,0.95,0.419,-0.115,0.296,91.22,-72.66,93.87,,
1139,2026-07-30T22:42:56.582289+00:00,anticlockwise,13,1.719,session_20260730_223706,student03,0.95,0.554,-0.488,0.242,48.1,-41.47,92.14,,
1140,2026-07-30T22:42:56.678028+00:00,anticlockwise,13,1.813,session_20260730_223706,student03,0.95,0.641,-0.56,0.212,44.13,-24.75,70.59,,
1141,2026-07-30T22:42:56.777730+00:00,anticlockwise,13,1.906,session_20260730_223706,student03,0.95,0.814,-0.626,0.2,64.3,-5.01,22.43,,
1142,2026-07-30T22:42:59.031910+00:00,clockwise,14,0.0,session_20260730_223706,student03,0.95,0.903,-0.199,0.365,-2.56,-1.13,2.62,,
1143,2026-07-30T22:42:59.141997+00:00,clockwise,14,0.109,session_20260730_223706,student03,0.95,0.884,-0.267,0.36,-7.29,3.05,-3.3,,
1144,2026-07-30T22:42:59.251300+00:00,clockwise,14,0.219,session_20260730_223706,student03,0.95,0.627,-0.598,0.165,-78.92,-5.19,2.53,,
1145,2026-07-30T22:42:59.361449+00:00,clockwise,14,0.328,session_20260730_223706,student03,0.95,0.479,-0.947,0.077,-180.15,50.51,-27.04,,
1146,2026-07-30T22:42:59.472724+00:00,clockwise,14,0.437,session_20260730_223706,student03,0.95,0.008,-0.21,0.183,-123.05,90.3,-82.71,,
1147,2026-07-30T22:42:59.570079+00:00,clockwise,14,0.531,session_20260730_223706,student03,0.95,-0.267,-0.06,0.538,-180.36,191.2,5.13,,
1148,2026-07-30T22:42:59.666229+00:00,clockwise,14,0.625,session_20260730_223706,student03,0.95,-0.405,0.16,1.567,-71.72,281.04,61.95,,
1149,2026-07-30T22:42:59.773413+00:00,clockwise,14,0.734,session_20260730_223706,student03,0.95,-0.451,0.485,2.194,31.92,188.21,183.81,,
1150,2026-07-30T22:42:59.867237+00:00,clockwise,14,0.828,session_20260730_223706,student03,0.95,-0.586,0.02,2.299,78.59,109.74,287.55,,
1151,2026-07-30T22:42:59.973715+00:00,clockwise,14,0.937,session_20260730_223706,student03,0.95,-1.591,-0.141,2.067,-30.03,-75.44,413.1,,
1152,2026-07-30T22:43:00.077337+00:00,clockwise,14,1.047,session_20260730_223706,student03,0.95,-1.112,-0.481,1.838,-78.4,-171.0,334.48,,
1153,2026-07-30T22:43:00.185528+00:00,clockwise,14,1.156,session_20260730_223706,student03,0.95,-0.813,-0.504,1.292,-159.7,-201.21,148.72,,
1154,2026-07-30T22:43:00.296129+00:00,clockwise,14,1.266,session_20260730_223706,student03,0.95,-0.298,-0.575,1.016,-167.49,-141.3,-40.68,,
1155,2026-07-30T22:43:00.406440+00:00,clockwise,14,1.375,session_20260730_223706,student03,0.95,-0.114,-0.19,0.615,-93.42,-58.41,-142.49,,
1156,2026-07-30T22:43:00.516388+00:00,clockwise,14,1.484,session_20260730_223706,student03,0.95,0.288,-0.122,0.291,-143.99,-23.8,-132.21,,
1157,2026-07-30T22:43:00.626454+00:00,clockwise,14,1.594,session_20260730_223706,student03,0.95,0.559,0.134,0.248,-82.16,0.52,-125.8,,
1158,2026-07-30T22:43:00.732318+00:00,clockwise,14,1.703,session_20260730_223706,student03,0.95,0.82,0.324,0.115,-35.49,-3.48,-76.88,,
1159,2026-07-30T22:43:00.842946+00:00,clockwise,14,1.812,session_20260730_223706,student03,0.95,0.924,0.179,0.26,-37.97,15.38,-26.95,,
1160,2026-07-30T22:43:00.952683+00:00,clockwise,14,1.922,session_20260730_223706,student03,0.95,0.989,-0.005,0.27,-23.26,8.09,-5.31,,
1161,2026-07-30T22:43:02.777096+00:00,anticlockwise,14,0.0,session_20260730_223706,student03,0.95,0.904,-0.086,0.39,-4.91,2.29,4.61,,
1162,2026-07-30T22:43:02.864014+00:00,anticlockwise,14,0.094,session_20260730_223706,student03,0.95,0.927,-0.087,0.407,-3.88,0.55,-1.43,,
1163,2026-07-30T22:43:02.972219+00:00,anticlockwise,14,0.203,session_20260730_223706,student03,0.95,1.004,0.217,0.422,23.5,2.9,-15.93,,
1164,2026-07-30T22:43:03.082361+00:00,anticlockwise,14,0.313,session_20260730_223706,student03,0.95,0.753,0.898,0.372,91.74,-1.68,34.39,,
1165,2026-07-30T22:43:03.192856+00:00,anticlockwise,14,0.422,session_20260730_223706,student03,0.95,0.553,0.237,0.115,128.7,-14.68,135.62,,
1166,2026-07-30T22:43:03.289857+00:00,anticlockwise,14,0.516,session_20260730_223706,student03,0.95,0.234,0.138,0.17,157.35,67.08,138.22,,
1167,2026-07-30T22:43:03.386599+00:00,anticlockwise,14,0.61,session_20260730_223706,student03,0.95,-0.111,0.064,0.505,78.77,101.5,136.05,,
1168,2026-07-30T22:43:03.477242+00:00,anticlockwise,14,0.703,session_20260730_223706,student03,0.95,-0.27,-0.571,1.053,-15.26,92.84,163.49,,
1169,2026-07-30T22:43:03.582957+00:00,anticlockwise,14,0.813,session_20260730_223706,student03,0.95,-0.449,-1.052,1.122,68.3,125.06,95.03,,
1170,2026-07-30T22:43:03.692406+00:00,anticlockwise,14,0.922,session_20260730_223706,student03,0.95,-0.536,-1.082,1.134,118.02,163.46,-82.19,,
1171,2026-07-30T22:43:03.786702+00:00,anticlockwise,14,1.016,session_20260730_223706,student03,0.95,-0.899,-0.668,1.246,133.79,243.75,-265.82,,
1172,2026-07-30T22:43:03.895211+00:00,anticlockwise,14,1.125,session_20260730_223706,student03,0.95,-1.498,-0.165,1.725,130.01,128.79,-371.59,,
1173,2026-07-30T22:43:03.996563+00:00,anticlockwise,14,1.219,session_20260730_223706,student03,0.95,-0.964,0.014,1.461,125.95,-66.29,-355.3,,
1174,2026-07-30T22:43:04.106934+00:00,anticlockwise,14,1.328,session_20260730_223706,student03,0.95,-0.498,0.529,1.643,89.88,-182.04,-183.42,,
1175,2026-07-30T22:43:04.207500+00:00,anticlockwise,14,1.438,session_20260730_223706,student03,0.95,-0.156,0.651,1.377,60.34,-229.35,-32.41,,
1176,2026-07-30T22:43:04.312516+00:00,anticlockwise,14,1.547,session_20260730_223706,student03,0.95,0.117,0.44,0.815,58.84,-181.83,75.17,,
1177,2026-07-30T22:43:04.422557+00:00,anticlockwise,14,1.657,session_20260730_223706,student03,0.95,0.358,0.009,0.576,84.26,-113.68,82.03,,
1178,2026-07-30T22:43:04.536423+00:00,anticlockwise,14,1.766,session_20260730_223706,student03,0.95,0.453,-0.174,0.271,136.91,-77.18,52.83,,
1179,2026-07-30T22:43:04.646270+00:00,anticlockwise,14,1.875,session_20260730_223706,student03,0.95,0.494,-0.221,0.17,165.32,64.0,47.21,,
1180,2026-07-30T22:43:04.747233+00:00,anticlockwise,14,1.969,session_20260730_223706,student03,0.95,0.773,-0.571,0.379,69.37,18.65,59.91,,
1181,2026-07-30T22:43:10.815431+00:00,right,0,0.0,session_20260730_223706,student03,0.95,0.818,0.036,0.515,16.51,4.46,-10.22,,
1182,2026-07-30T22:43:10.917732+00:00,right,0,0.094,session_20260730_223706,student03,0.95,0.854,-0.011,0.538,7.48,-0.82,10.44,,
1183,2026-07-30T22:43:11.016245+00:00,right,0,0.203,session_20260730_223706,student03,0.95,0.885,-0.22,0.465,-5.4,-10.44,8.58,,
1184,2026-07-30T22:43:11.116112+00:00,right,0,0.297,session_20260730_223706,student03,0.95,0.946,-0.66,0.482,-73.09,0.64,0.24,,
1185,2026-07-30T22:43:11.223960+00:00,right,0,0.406,session_20260730_223706,student03,0.95,0.72,-0.847,0.579,-139.99,17.94,-49.84,,
1186,2026-07-30T22:43:11.333052+00:00,right,0,0.516,session_20260730_223706,student03,0.95,0.493,-0.513,0.849,-175.54,41.17,-88.87,,
1187,2026-07-30T22:43:11.442295+00:00,right,0,0.625,session_20260730_223706,student03,0.95,0.44,-0.313,1.016,-176.21,55.36,-95.92,,
1188,2026-07-30T22:43:11.540546+00:00,right,0,0.719,session_20260730_223706,student03,0.95,0.577,-0.113,0.978,-134.98,42.7,-102.63,,
1189,2026-07-30T22:43:11.636631+00:00,right,0,0.813,session_20260730_223706,student03,0.95,0.632,-0.099,1.008,-124.33,48.52,-94.42,,
1190,2026-07-30T22:43:11.737662+00:00,right,0,0.922,session_20260730_223706,student03,0.95,0.613,0.084,0.794,-89.21,19.96,-83.93,,
1191,2026-07-30T22:43:11.839516+00:00,right,0,1.016,session_20260730_223706,student03,0.95,0.72,0.097,0.731,-82.83,22.64,-51.39,,
1192,2026-07-30T22:43:11.938161+00:00,right,0,1.125,session_20260730_223706,student03,0.95,0.76,0.106,0.624,-56.25,18.71,-35.16,,
1193,2026-07-30T22:43:12.053990+00:00,right,0,1.235,session_20260730_223706,student03,0.95,0.777,0.08,0.644,-43.28,21.33,-22.92,,
1194,2026-07-30T22:43:12.151096+00:00,right,0,1.328,session_20260730_223706,student03,0.95,0.788,0.061,0.635,-19.93,15.87,-13.49,,
1195,2026-07-30T22:43:12.263180+00:00,right,0,1.438,session_20260730_223706,student03,0.95,0.837,-0.049,0.64,-9.77,13.49,-1.37,,
1196,2026-07-30T22:43:12.357379+00:00,right,0,1.547,session_20260730_223706,student03,0.95,0.814,-0.118,0.651,-3.42,5.98,6.38,,
1197,2026-07-30T22:43:12.472108+00:00,right,0,1.656,session_20260730_223706,student03,0.95,0.782,-0.131,0.634,1.8,-1.4,9.83,,
1198,2026-07-30T22:43:12.581930+00:00,right,0,1.766,session_20260730_223706,student03,0.95,0.774,-0.184,0.601,9.92,-0.31,-1.16,,
1199,2026-07-30T22:43:12.677679+00:00,right,0,1.86,session_20260730_223706,student03,0.95,0.766,-0.181,0.609,4.55,0.85,2.66,,
1200,2026-07-30T22:43:12.778080+00:00,right,0,1.953,session_20260730_223706,student03,0.95,0.769,-0.19,0.608,2.08,1.31,2.23,,
1201,2026-07-30T22:43:16.538734+00:00,left,0,0.0,session_20260730_223706,student03,0.95,0.745,-0.094,0.68,-2.35,2.66,1.98,,
1202,2026-07-30T22:43:16.637705+00:00,left,0,0.094,session_20260730_223706,student03,0.95,0.726,-0.078,0.688,-1.04,2.17,-0.37,,
1203,2026-07-30T22:43:16.737646+00:00,left,0,0.203,session_20260730_223706,student03,0.95,0.743,-0.066,0.714,3.91,0.76,-1.68,,
1204,2026-07-30T22:43:16.847183+00:00,left,0,0.312,session_20260730_223706,student03,0.95,0.819,0.193,0.881,29.66,10.38,-14.34,,
1205,2026-07-30T22:43:16.947954+00:00,left,0,0.406,session_20260730_223706,student03,0.95,0.617,0.6,0.955,77.58,-18.56,17.15,,
1206,2026-07-30T22:43:17.040864+00:00,left,0,0.5,session_20260730_223706,student03,0.95,0.598,0.254,0.793,80.39,-50.57,93.11,,
1207,2026-07-30T22:43:17.138496+00:00,left,0,0.609,session_20260730_223706,student03,0.95,0.61,-0.006,0.681,103.09,-28.2,78.52,,
1208,2026-07-30T22:43:17.254145+00:00,left,0,0.719,session_20260730_223706,student03,0.95,0.52,0.073,0.72,116.4,-11.6,84.35,,
1209,2026-07-30T22:43:17.358974+00:00,left,0,0.828,session_20260730_223706,student03,0.95,0.556,-0.075,0.774,105.29,-6.1,112.98,,
1210,2026-07-30T22:43:17.472788+00:00,left,0,0.937,session_20260730_223706,student03,0.95,0.628,-0.25,0.786,119.88,-0.15,93.3,,
1211,2026-07-30T22:43:17.583544+00:00,left,0,1.047,session_20260730_223706,student03,0.95,0.576,-0.19,0.696,109.99,4.97,94.18,,
1212,2026-07-30T22:43:17.678091+00:00,left,0,1.141,session_20260730_223706,student03,0.95,0.686,-0.257,0.768,118.02,19.9,54.45,,
1213,2026-07-30T22:43:17.786960+00:00,left,0,1.25,session_20260730_223706,student03,0.95,0.636,-0.152,0.801,89.42,12.94,67.81,,
1214,2026-07-30T22:43:17.892684+00:00,left,0,1.359,session_20260730_223706,student03,0.95,0.7,-0.286,0.761,82.46,-0.24,76.85,,
1215,2026-07-30T22:43:18.002934+00:00,left,0,1.469,session_20260730_223706,student03,0.95,0.772,-0.352,0.627,58.29,-1.71,39.74,,
1216,2026-07-30T22:43:18.101471+00:00,left,0,1.562,session_20260730_223706,student03,0.95,0.843,-0.345,0.64,21.12,7.51,6.35,,
1217,2026-07-30T22:43:18.196246+00:00,left,0,1.656,session_20260730_223706,student03,0.95,0.763,-0.12,0.719,-5.31,5.83,0.37,,
1218,2026-07-30T22:43:18.302479+00:00,left,0,1.766,session_20260730_223706,student03,0.95,0.668,-0.009,0.687,-3.02,2.2,-12.3,,
1219,2026-07-30T22:43:18.398442+00:00,left,0,1.859,session_20260730_223706,student03,0.95,0.694,-0.004,0.648,-4.21,-0.31,-4.27,,
1220,2026-07-30T22:43:18.496959+00:00,left,0,1.953,session_20260730_223706,student03,0.95,0.775,-0.095,0.702,-17.18,4.09,7.08,,
1221,2026-07-30T22:43:20.359930+00:00,right,1,0.0,session_20260730_223706,student03,0.95,0.695,0.018,0.761,5.77,7.81,0.27,,
1222,2026-07-30T22:43:20.472478+00:00,right,1,0.109,session_20260730_223706,student03,0.95,0.677,0.002,0.741,4.24,-0.34,1.31,,
1223,2026-07-30T22:43:20.582689+00:00,right,1,0.219,session_20260730_223706,student03,0.95,0.748,-0.117,0.755,-14.65,-1.95,4.12,,
1224,2026-07-30T22:43:20.693876+00:00,right,1,0.328,session_20260730_223706,student03,0.95,0.774,-0.162,0.795,-31.65,-7.02,-7.9,,
1225,2026-07-30T22:43:20.804388+00:00,right,1,0.438,session_20260730_223706,student03,0.95,0.709,-0.6,0.724,-89.75,-10.5,-15.84,,
1226,2026-07-30T22:43:20.898430+00:00,right,1,0.531,session_20260730_223706,student03,0.95,0.472,-0.48,0.731,-112.49,-2.99,-60.18,,
1227,2026-07-30T22:43:21.001313+00:00,right,1,0.641,session_20260730_223706,student03,0.95,0.512,-0.485,0.833,-123.36,18.31,-88.26,,
1228,2026-07-30T22:43:21.113145+00:00,right,1,0.75,session_20260730_223706,student03,0.95,0.476,-0.382,0.92,-120.85,18.74,-101.11,,
1229,2026-07-30T22:43:21.226766+00:00,right,1,0.859,session_20260730_223706,student03,0.95,0.459,-0.257,0.868,-117.59,24.41,-99.8,,
1230,2026-07-30T22:43:21.321012+00:00,right,1,0.953,session_20260730_223706,student03,0.95,0.512,-0.214,0.846,-126.74,25.85,-81.33,,
1231,2026-07-30T22:43:21.421570+00:00,right,1,1.063,session_20260730_223706,student03,0.95,0.566,-0.154,0.877,-96.56,31.1,-82.83,,
1232,2026-07-30T22:43:21.533671+00:00,right,1,1.172,session_20260730_223706,student03,0.95,0.633,-0.153,0.731,-82.4,19.96,-67.11,,
1233,2026-07-30T22:43:21.643450+00:00,right,1,1.281,session_20260730_223706,student03,0.95,0.625,-0.02,0.661,-61.37,19.99,-69.31,,
1234,2026-07-30T22:43:21.753894+00:00,right,1,1.391,session_20260730_223706,student03,0.95,0.794,-0.078,0.756,-57.89,24.84,-67.45,,
1235,2026-07-30T22:43:21.851482+00:00,right,1,1.484,session_20260730_223706,student03,0.95,0.727,0.059,0.756,-53.44,11.05,-49.01,,
1236,2026-07-30T22:43:21.947789+00:00,right,1,1.578,session_20260730_223706,student03,0.95,0.719,0.112,0.665,-20.08,4.09,-39.95,,
1237,2026-07-30T22:43:22.041213+00:00,right,1,1.672,session_20260730_223706,student03,0.95,0.778,0.088,0.603,-15.26,6.65,-18.92,,
1238,2026-07-30T22:43:22.137260+00:00,right,1,1.766,session_20260730_223706,student03,0.95,0.785,0.045,0.631,-8.21,4.73,-6.87,,
1239,2026-07-30T22:43:22.227930+00:00,right,1,1.859,session_20260730_223706,student03,0.95,0.794,-0.013,0.634,-3.85,1.86,2.41,,
1240,2026-07-30T22:43:22.326394+00:00,right,1,1.969,session_20260730_223706,student03,0.95,0.797,-0.072,0.651,-3.33,-1.77,8.91,,
1241,2026-07-30T22:43:23.866203+00:00,left,1,0.0,session_20260730_223706,student03,0.95,0.762,-0.058,0.611,-1.43,1.98,3.33,,
1242,2026-07-30T22:43:23.966795+00:00,left,1,0.109,session_20260730_223706,student03,0.95,0.778,-0.058,0.638,-1.74,2.14,4.43,,
1243,2026-07-30T22:43:24.081993+00:00,left,1,0.219,session_20260730_223706,student03,0.95,0.808,0.094,0.725,11.54,0.24,5.22,,
1244,2026-07-30T22:43:24.192431+00:00,left,1,0.328,session_20260730_223706,student03,0.95,0.711,0.415,0.793,55.27,-6.78,17.0,,
1245,2026-07-30T22:43:24.304148+00:00,left,1,0.438,session_20260730_223706,student03,0.95,0.578,0.387,0.791,85.57,-15.29,63.26,,
1246,2026-07-30T22:43:24.413160+00:00,left,1,0.547,session_20260730_223706,student03,0.95,0.558,0.051,1.037,88.72,-28.6,120.3,,
1247,2026-07-30T22:43:24.511491+00:00,left,1,0.641,session_20260730_223706,student03,0.95,0.45,-0.217,0.834,124.64,-46.3,117.4,,
1248,2026-07-30T22:43:24.608502+00:00,left,1,0.75,session_20260730_223706,student03,0.95,0.436,-0.297,0.855,119.08,-35.1,141.24,,
1249,2026-07-30T22:43:24.716403+00:00,left,1,0.844,session_20260730_223706,student03,0.95,0.542,-0.622,0.848,129.52,-41.44,104.62,,
1250,2026-07-30T22:43:24.812104+00:00,left,1,0.953,session_20260730_223706,student03,0.95,0.535,-0.466,0.866,105.44,-11.29,80.78,,
1251,2026-07-30T22:43:24.927690+00:00,left,1,1.063,session_20260730_223706,student03,0.95,0.439,-0.342,0.906,94.0,-15.63,120.94,,
1252,2026-07-30T22:43:25.043490+00:00,left,1,1.172,session_20260730_223706,student03,0.95,0.638,-0.685,0.721,92.96,-37.39,99.09,,
1253,2026-07-30T22:43:25.138424+00:00,left,1,1.266,session_20260730_223706,student03,0.95,0.732,-0.54,0.662,73.7,-4.21,38.79,,
1254,2026-07-30T22:43:25.238859+00:00,left,1,1.375,session_20260730_223706,student03,0.95,0.618,-0.245,0.743,85.63,17.98,-1.46,,
1255,2026-07-30T22:43:25.340392+00:00,left,1,1.469,session_20260730_223706,student03,0.95,0.797,-0.348,0.755,38.03,-0.52,19.26,,
1256,2026-07-30T22:43:25.438947+00:00,left,1,1.578,session_20260730_223706,student03,0.95,0.711,-0.145,0.715,27.92,11.41,-14.68,,
1257,2026-07-30T22:43:25.540906+00:00,left,1,1.672,session_20260730_223706,student03,0.95,0.712,-0.069,0.746,0.09,4.0,-4.79,,
1258,2026-07-30T22:43:25.638825+00:00,left,1,1.781,session_20260730_223706,student03,0.95,0.585,0.068,0.737,-2.38,4.79,-0.49,,
1259,2026-07-30T22:43:25.754547+00:00,left,1,1.891,session_20260730_223706,student03,0.95,0.693,-0.107,0.721,-6.78,3.2,5.71,,
1260,2026-07-30T22:43:27.137240+00:00,right,2,0.0,session_20260730_223706,student03,0.95,0.664,-0.085,0.703,5.28,-0.24,1.31,,
1261,2026-07-30T22:43:27.226259+00:00,right,2,0.093,session_20260730_223706,student03,0.95,0.663,-0.131,0.759,-2.23,5.13,0.46,,
1262,2026-07-30T22:43:27.332399+00:00,right,2,0.203,session_20260730_223706,student03,0.95,0.751,-0.334,0.765,-23.77,-1.1,-4.21,,
1263,2026-07-30T22:43:27.443852+00:00,right,2,0.312,session_20260730_223706,student03,0.95,0.701,-0.424,0.836,-69.0,-9.4,-12.88,,
1264,2026-07-30T22:43:27.536573+00:00,right,2,0.406,session_20260730_223706,student03,0.95,0.621,-0.696,0.704,-89.45,5.28,-57.71,,
1265,2026-07-30T22:43:27.644198+00:00,right,2,0.515,session_20260730_223706,student03,0.95,0.385,-0.439,0.814,-120.98,40.04,-103.12,,
1266,2026-07-30T22:43:27.757379+00:00,right,2,0.625,session_20260730_223706,student03,0.95,0.344,-0.296,0.892,-115.6,37.9,-117.16,,
1267,2026-07-30T22:43:27.852365+00:00,right,2,0.718,session_20260730_223706,student03,0.95,0.402,-0.296,0.899,-114.54,33.33,-106.08,,
1268,2026-07-30T22:43:27.947614+00:00,right,2,0.812,session_20260730_223706,student03,0.95,0.432,-0.235,0.889,-104.86,26.22,-93.84,,
1269,2026-07-30T22:43:28.053936+00:00,right,2,0.922,session_20260730_223706,student03,0.95,0.546,-0.298,0.803,-106.88,24.17,-70.31,,
1270,2026-07-30T22:43:28.148935+00:00,right,2,1.015,session_20260730_223706,student03,0.95,0.566,-0.326,0.836,-91.95,32.11,-77.52,,
1271,2026-07-30T22:43:28.247492+00:00,right,2,1.109,session_20260730_223706,student03,0.95,0.617,-0.269,0.803,-86.58,25.79,-71.66,,
1272,2026-07-30T22:43:28.341211+00:00,right,2,1.203,session_20260730_223706,student03,0.95,0.647,-0.267,0.778,-72.42,17.82,-60.98,,
1273,2026-07-30T22:43:28.442202+00:00,right,2,1.312,session_20260730_223706,student03,0.95,0.673,-0.193,0.71,-43.15,22.83,-75.05,,
1274,2026-07-30T22:43:28.538312+00:00,right,2,1.406,session_20260730_223706,student03,0.95,0.686,-0.115,0.709,-33.3,13.98,-60.73,,
1275,2026-07-30T22:43:28.638440+00:00,right,2,1.515,session_20260730_223706,student03,0.95,0.735,-0.072,0.646,-26.31,5.37,-57.22,,
1276,2026-07-30T22:43:28.747670+00:00,right,2,1.609,session_20260730_223706,student03,0.95,0.742,-0.025,0.647,-34.58,8.85,-41.02,,
1277,2026-07-30T22:43:28.837082+00:00,right,2,1.703,session_20260730_223706,student03,0.95,0.762,-0.058,0.649,-41.05,11.11,-11.72,,
1278,2026-07-30T22:43:28.932313+00:00,right,2,1.797,session_20260730_223706,student03,0.95,0.79,-0.068,0.652,-12.63,11.14,-14.77,,
1279,2026-07-30T22:43:29.031752+00:00,right,2,1.906,session_20260730_223706,student03,0.95,0.818,-0.134,0.656,-8.09,3.14,-5.86,,
1280,2026-07-30T22:43:30.351124+00:00,left,2,0.0,session_20260730_223706,student03,0.95,0.774,-0.124,0.598,-4.0,-2.14,-3.75,,
1281,2026-07-30T22:43:30.463280+00:00,left,2,0.11,session_20260730_223706,student03,0.95,0.778,-0.125,0.621,-4.7,-7.69,-4.88,,
1282,2026-07-30T22:43:30.558415+00:00,left,2,0.204,session_20260730_223706,student03,0.95,0.801,-0.109,0.621,-1.25,-7.42,-9.7,,
1283,2026-07-30T22:43:30.648004+00:00,left,2,0.297,session_20260730_223706,student03,0.95,0.81,0.033,0.652,12.67,2.29,-11.2,,
1284,2026-07-30T22:43:30.754442+00:00,left,2,0.407,session_20260730_223706,student03,0.95,0.775,0.297,0.774,43.37,-6.71,7.32,,
1285,2026-07-30T22:43:30.863427+00:00,left,2,0.516,session_20260730_223706,student03,0.95,0.694,0.43,0.852,86.92,-17.24,49.07,,
1286,2026-07-30T22:43:30.977587+00:00,left,2,0.625,session_20260730_223706,student03,0.95,0.615,0.187,0.791,123.66,-21.18,84.44,,
1287,2026-07-30T22:43:31.083205+00:00,left,2,0.735,session_20260730_223706,student03,0.95,0.595,-0.059,0.863,131.93,-12.12,90.95,,
1288,2026-07-30T22:43:31.197603+00:00,left,2,0.844,session_20260730_223706,student03,0.95,0.602,-0.197,0.813,133.27,-9.98,86.52,,
1289,2026-07-30T22:43:31.287570+00:00,left,2,0.938,session_20260730_223706,student03,0.95,0.595,-0.173,0.813,119.08,-2.66,90.43,,
1290,2026-07-30T22:43:31.388511+00:00,left,2,1.047,session_20260730_223706,student03,0.95,0.646,-0.199,0.813,120.03,7.54,78.4,,
1291,2026-07-30T22:43:31.502979+00:00,left,2,1.157,session_20260730_223706,student03,0.95,0.63,-0.1,0.779,113.65,2.69,85.18,,
1292,2026-07-30T22:43:31.614193+00:00,left,2,1.266,session_20260730_223706,student03,0.95,0.623,-0.123,0.746,108.86,6.59,68.67,,
1293,2026-07-30T22:43:31.712047+00:00,left,2,1.36,session_20260730_223706,student03,0.95,0.696,-0.294,0.769,95.61,-8.3,74.19,,
1294,2026-07-30T22:43:31.808117+00:00,left,2,1.454,session_20260730_223706,student03,0.95,0.757,-0.397,0.752,94.97,-9.37,58.57,,
1295,2026-07-30T22:43:31.901581+00:00,left,2,1.547,session_20260730_223706,student03,0.95,0.841,-0.299,0.519,57.89,-9.67,34.49,,
1296,2026-07-30T22:43:31.998287+00:00,left,2,1.657,session_20260730_223706,student03,0.95,0.85,-0.267,0.533,19.32,19.5,6.29,,
1297,2026-07-30T22:43:32.107740+00:00,left,2,1.766,session_20260730_223706,student03,0.95,0.751,-0.108,0.664,-1.5,1.28,8.91,,
1298,2026-07-30T22:43:32.213591+00:00,left,2,1.86,session_20260730_223706,student03,0.95,0.789,-0.061,0.615,-0.73,8.73,-8.88,,
1299,2026-07-30T22:43:32.307899+00:00,left,2,1.954,session_20260730_223706,student03,0.95,0.786,-0.047,0.657,-12.3,6.9,-3.14,,
1300,2026-07-30T22:43:34.011859+00:00,right,3,0.0,session_20260730_223706,student03,0.95,0.752,-0.037,0.67,-0.98,-3.69,3.6,,
1301,2026-07-30T22:43:34.105625+00:00,right,3,0.093,session_20260730_223706,student03,0.95,0.727,-0.014,0.666,-2.32,-0.7,-2.08,,
1302,2026-07-30T22:43:34.211866+00:00,right,3,0.203,session_20260730_223706,student03,0.95,0.764,-0.095,0.66,-11.75,-5.19,5.07,,
1303,2026-07-30T22:43:34.308710+00:00,right,3,0.297,session_20260730_223706,student03,0.95,0.847,-0.408,0.681,-51.12,-10.59,9.7,,
1304,2026-07-30T22:43:34.409738+00:00,right,3,0.406,session_20260730_223706,student03,0.95,0.723,-0.448,0.624,-68.51,1.95,-35.34,,
1305,2026-07-30T22:43:34.508342+00:00,right,3,0.5,session_20260730_223706,student03,0.95,0.648,-0.527,0.651,-103.34,12.7,-50.02,,
1306,2026-07-30T22:43:34.599024+00:00,right,3,0.593,session_20260730_223706,student03,0.95,0.571,-0.528,0.743,-124.12,25.18,-70.53,,
1307,2026-07-30T22:43:34.717661+00:00,right,3,0.718,session_20260730_223706,student03,0.95,0.494,-0.384,0.787,-129.06,37.02,-84.14,,
1308,2026-07-30T22:43:34.823540+00:00,right,3,0.812,session_20260730_223706,student03,0.95,0.533,-0.273,0.839,-113.74,39.46,-90.18,,
1309,2026-07-30T22:43:34.917964+00:00,right,3,0.906,session_20260730_223706,student03,0.95,0.551,-0.276,0.753,-122.99,37.02,-65.68,,
1310,2026-07-30T22:43:35.017597+00:00,right,3,1.015,session_20260730_223706,student03,0.95,0.603,-0.269,0.809,-102.36,31.62,-62.99,,
1311,2026-07-30T22:43:35.118102+00:00,right,3,1.109,session_20260730_223706,student03,0.95,0.666,-0.329,0.747,-96.71,31.8,-56.95,,
1312,2026-07-30T22:43:35.223442+00:00,right,3,1.218,session_20260730_223706,student03,0.95,0.693,-0.246,0.746,-70.56,35.52,-63.91,,
1313,2026-07-30T22:43:35.333541+00:00,right,3,1.328,session_20260730_223706,student03,0.95,0.697,-0.185,0.689,-60.46,26.55,-54.78,,
1314,2026-07-30T22:43:35.432170+00:00,right,3,1.422,session_20260730_223706,student03,0.95,0.732,-0.191,0.697,-52.34,24.69,-52.06,,
1315,2026-07-30T22:43:35.544472+00:00,right,3,1.531,session_20260730_223706,student03,0.95,0.729,-0.086,0.662,-45.35,20.51,-41.75,,
1316,2026-07-30T22:43:35.641753+00:00,right,3,1.64,session_20260730_223706,student03,0.95,0.759,-0.094,0.662,-33.81,15.78,-26.18,,
1317,2026-07-30T22:43:35.757312+00:00,right,3,1.75,session_20260730_223706,student03,0.95,0.768,-0.056,0.631,-16.79,14.07,-17.27,,
1318,2026-07-30T22:43:35.852310+00:00,right,3,1.843,session_20260730_223706,student03,0.95,0.761,-0.103,0.635,-11.6,12.82,-3.57,,
1319,2026-07-30T22:43:35.947560+00:00,right,3,1.937,session_20260730_223706,student03,0.95,0.796,-0.162,0.666,-0.21,9.7,-0.49,,
1320,2026-07-30T22:43:37.432917+00:00,left,3,0.0,session_20260730_223706,student03,0.95,0.734,-0.202,0.642,-1.43,3.51,-0.82,,
1321,2026-07-30T22:43:37.543665+00:00,left,3,0.109,session_20260730_223706,student03,0.95,0.732,-0.176,0.67,-0.09,1.25,0.27,,
1322,2026-07-30T22:43:37.636996+00:00,left,3,0.203,session_20260730_223706,student03,0.95,0.732,-0.177,0.639,3.36,1.1,3.51,,
1323,2026-07-30T22:43:37.732571+00:00,left,3,0.312,session_20260730_223706,student03,0.95,0.77,0.106,0.814,28.78,-0.34,-0.12,,
1324,2026-07-30T22:43:37.847548+00:00,left,3,0.421,session_20260730_223706,student03,0.95,0.734,0.193,0.89,64.76,-29.36,37.05,,
1325,2026-07-30T22:43:37.954226+00:00,left,3,0.531,session_20260730_223706,student03,0.95,0.578,0.128,0.781,94.21,-30.12,60.49,,
1326,2026-07-30T22:43:38.067568+00:00,left,3,0.64,session_20260730_223706,student03,0.95,0.509,0.007,0.841,104.86,-19.87,87.1,,
1327,2026-07-30T22:43:38.167416+00:00,left,3,0.734,session_20260730_223706,student03,0.95,0.588,-0.217,0.859,96.19,-23.47,101.6,,
1328,2026-07-30T22:43:38.257421+00:00,left,3,0.828,session_20260730_223706,student03,0.95,0.558,-0.245,0.867,104.34,-19.71,88.05,,
1329,2026-07-30T22:43:38.363486+00:00,left,3,0.937,session_20260730_223706,student03,0.95,0.572,-0.28,0.811,100.38,-18.04,88.47,,
1330,2026-07-30T22:43:38.461508+00:00,left,3,1.031,session_20260730_223706,student03,0.95,0.636,-0.313,0.838,93.36,-13.95,83.56,,
1331,2026-07-30T22:43:38.562584+00:00,left,3,1.14,session_20260730_223706,student03,0.95,0.667,-0.332,0.823,90.06,-21.64,76.08,,
1332,2026-07-30T22:43:38.677653+00:00,left,3,1.25,session_20260730_223706,student03,0.95,0.721,-0.315,0.701,83.47,-22.58,63.51,,
1333,2026-07-30T22:43:38.787242+00:00,left,3,1.359,session_20260730_223706,student03,0.95,0.687,-0.212,0.681,71.08,-11.69,45.63,,
1334,2026-07-30T22:43:38.887788+00:00,left,3,1.453,session_20260730_223706,student03,0.95,0.641,-0.181,0.649,66.9,-10.16,53.53,,
1335,2026-07-30T22:43:38.982336+00:00,left,3,1.562,session_20260730_223706,student03,0.95,0.689,-0.193,0.652,63.08,-5.52,55.85,,
1336,2026-07-30T22:43:39.093984+00:00,left,3,1.671,session_20260730_223706,student03,0.95,0.838,-0.358,0.578,55.76,3.2,25.76,,
1337,2026-07-30T22:43:39.204886+00:00,left,3,1.781,session_20260730_223706,student03,0.95,0.793,-0.26,0.628,9.86,8.61,18.71,,
1338,2026-07-30T22:43:39.313390+00:00,left,3,1.89,session_20260730_223706,student03,0.95,0.757,-0.201,0.696,-0.79,-0.67,7.69,,
1339,2026-07-30T22:43:40.861537+00:00,right,4,0.0,session_20260730_223706,student03,0.95,0.734,-0.114,0.683,-2.32,-2.29,-1.04,,
1340,2026-07-30T22:43:40.972674+00:00,right,4,0.109,session_20260730_223706,student03,0.95,0.724,-0.115,0.669,-0.4,1.25,-3.69,,
1341,2026-07-30T22:43:41.082647+00:00,right,4,0.219,session_20260730_223706,student03,0.95,0.782,-0.37,0.686,-27.34,-8.09,3.05,,
1342,2026-07-30T22:43:41.178144+00:00,right,4,0.313,session_20260730_223706,student03,0.95,0.75,-0.632,0.602,-60.37,-12.09,-19.59,,
1343,2026-07-30T22:43:41.283374+00:00,right,4,0.422,session_20260730_223706,student03,0.95,0.58,-0.542,0.681,-93.42,21.97,-57.31,,
1344,2026-07-30T22:43:41.393139+00:00,right,4,0.531,session_20260730_223706,student03,0.95,0.483,-0.471,0.728,-114.75,29.45,-71.93,,
1345,2026-07-30T22:43:41.507372+00:00,right,4,0.641,session_20260730_223706,student03,0.95,0.518,-0.34,0.846,-112.89,49.87,-84.23,,
1346,2026-07-30T22:43:41.613726+00:00,right,4,0.75,session_20260730_223706,student03,0.95,0.545,-0.317,0.804,-99.64,34.15,-79.26,,
1347,2026-07-30T22:43:41.722874+00:00,right,4,0.859,session_20260730_223706,student03,0.95,0.568,-0.302,0.791,-96.99,42.57,-73.92,,
1348,2026-07-30T22:43:41.833356+00:00,right,4,0.969,session_20260730_223706,student03,0.95,0.584,-0.35,0.75,-99.86,43.58,-60.64,,
1349,2026-07-30T22:43:41.928143+00:00,right,4,1.063,session_20260730_223706,student03,0.95,0.621,-0.353,0.813,-75.78,48.8,-75.29,,
1350,2026-07-30T22:43:42.037435+00:00,right,4,1.172,session_20260730_223706,student03,0.95,0.631,-0.224,0.729,-60.09,35.83,-71.9,,
1351,2026-07-30T22:43:42.131762+00:00,right,4,1.266,session_20260730_223706,student03,0.95,0.658,-0.179,0.751,-60.64,31.68,-59.14,,
1352,2026-07-30T22:43:42.232693+00:00,right,4,1.375,session_20260730_223706,student03,0.95,0.705,-0.17,0.707,-44.89,21.42,-54.78,,
1353,2026-07-30T22:43:42.347313+00:00,right,4,1.484,session_20260730_223706,student03,0.95,0.701,-0.124,0.672,-37.05,19.04,-40.99,,
1354,2026-07-30T22:43:42.457910+00:00,right,4,1.594,session_20260730_223706,student03,0.95,0.731,-0.138,0.649,-31.62,13.12,-24.29,,
1355,2026-07-30T22:43:42.572779+00:00,right,4,1.703,session_20260730_223706,student03,0.95,0.743,-0.179,0.649,-20.2,10.8,-13.18,,
1356,2026-07-30T22:43:42.668003+00:00,right,4,1.797,session_20260730_223706,student03,0.95,0.739,-0.183,0.619,-10.19,10.22,-9.09,,
1357,2026-07-30T22:43:42.767121+00:00,right,4,1.906,session_20260730_223706,student03,0.95,0.742,-0.211,0.609,-12.09,11.47,-3.72,,
1358,2026-07-30T22:43:44.715197+00:00,left,4,0.0,session_20260730_223706,student03,0.95,0.771,-0.098,0.605,2.59,9.77,5.74,,
1359,2026-07-30T22:43:44.807835+00:00,left,4,0.094,session_20260730_223706,student03,0.95,0.792,-0.132,0.639,3.45,10.13,5.04,,
1360,2026-07-30T22:43:44.900440+00:00,left,4,0.187,session_20260730_223706,student03,0.95,0.787,0.047,0.705,16.94,6.81,-1.8,,
1361,2026-07-30T22:43:44.997835+00:00,left,4,0.297,session_20260730_223706,student03,0.95,0.769,0.29,0.914,40.01,-3.81,11.66,,
1362,2026-07-30T22:43:45.104469+00:00,left,4,0.39,session_20260730_223706,student03,0.95,0.661,0.241,0.848,75.78,-28.81,48.4,,
1363,2026-07-30T22:43:45.201626+00:00,left,4,0.5,session_20260730_223706,student03,0.95,0.53,0.137,0.778,100.16,-32.72,79.17,,
1364,2026-07-30T22:43:45.317042+00:00,left,4,0.609,session_20260730_223706,student03,0.95,0.551,-0.097,0.777,118.26,-24.63,95.1,,
1365,2026-07-30T22:43:45.424664+00:00,left,4,0.719,session_20260730_223706,student03,0.95,0.563,-0.199,0.818,127.72,-15.47,85.94,,
1366,2026-07-30T22:43:45.523040+00:00,left,4,0.812,session_20260730_223706,student03,0.95,0.564,-0.236,0.817,118.02,-9.98,92.29,,
1367,2026-07-30T22:43:45.618369+00:00,left,4,0.906,session_20260730_223706,student03,0.95,0.64,-0.263,0.844,116.98,-2.17,86.21,,
1368,2026-07-30T22:43:45.711710+00:00,left,4,1.0,session_20260730_223706,student03,0.95,0.616,-0.161,0.818,108.83,-4.64,81.39,,
1369,2026-07-30T22:43:45.812303+00:00,left,4,1.109,session_20260730_223706,student03,0.95,0.634,-0.298,0.747,96.87,-16.69,85.79,,
1370,2026-07-30T22:43:45.927694+00:00,left,4,1.219,session_20260730_223706,student03,0.95,0.71,-0.304,0.704,74.07,-5.52,76.05,,
1371,2026-07-30T22:43:46.022777+00:00,left,4,1.312,session_20260730_223706,student03,0.95,0.71,-0.3,0.705,74.89,0.82,52.0,,
1372,2026-07-30T22:43:46.117270+00:00,left,4,1.406,session_20260730_223706,student03,0.95,0.793,-0.453,0.618,43.73,-18.68,58.53,,
1373,2026-07-30T22:43:46.211830+00:00,left,4,1.5,session_20260730_223706,student03,0.95,0.819,-0.359,0.569,26.98,-2.75,19.23,,
1374,2026-07-30T22:43:46.309193+00:00,left,4,1.594,session_20260730_223706,student03,0.95,0.785,-0.229,0.598,5.83,9.4,3.08,,
1375,2026-07-30T22:43:46.409211+00:00,left,4,1.703,session_20260730_223706,student03,0.95,0.78,-0.153,0.645,-1.04,10.77,-7.08,,
1376,2026-07-30T22:43:46.523985+00:00,left,4,1.812,session_20260730_223706,student03,0.95,0.76,-0.116,0.675,-7.51,5.65,-1.95,,
1377,2026-07-30T22:43:46.617918+00:00,left,4,1.906,session_20260730_223706,student03,0.95,0.751,-0.09,0.656,-5.52,3.08,-4.97,,
1378,2026-07-30T22:44:16.802286+00:00,right,5,0.0,session_20260730_223706,student03,0.95,0.733,-0.104,0.711,-0.34,-2.17,2.11,,
1379,2026-07-30T22:44:16.903470+00:00,right,5,0.093,session_20260730_223706,student03,0.95,0.726,-0.099,0.677,2.23,-4.21,0.06,,
1380,2026-07-30T22:44:16.999560+00:00,right,5,0.203,session_20260730_223706,student03,0.95,0.751,-0.108,0.669,-2.11,-5.31,1.28,,
1381,2026-07-30T22:44:17.114713+00:00,right,5,0.312,session_20260730_223706,student03,0.95,0.809,-0.594,0.699,-40.41,-47.15,20.11,,
1382,2026-07-30T22:44:17.212443+00:00,right,5,0.406,session_20260730_223706,student03,0.95,0.757,-0.968,0.441,-112.95,16.79,-40.71,,
1383,2026-07-30T22:44:17.314376+00:00,right,5,0.515,session_20260730_223706,student03,0.95,0.413,-0.2,0.811,-102.73,54.69,-133.24,,
1384,2026-07-30T22:44:17.424876+00:00,right,5,0.625,session_20260730_223706,student03,0.95,0.55,-0.293,0.76,-123.81,10.04,-62.81,,
1385,2026-07-30T22:44:17.535120+00:00,right,5,0.734,session_20260730_223706,student03,0.95,0.547,-0.438,0.795,-129.61,32.62,-75.41,,
1386,2026-07-30T22:44:17.644919+00:00,right,5,0.843,session_20260730_223706,student03,0.95,0.494,-0.326,0.84,-136.51,54.11,-82.06,,
1387,2026-07-30T22:44:17.741830+00:00,right,5,0.937,session_20260730_223706,student03,0.95,0.569,-0.239,0.932,-115.94,52.0,-75.2,,
1388,2026-07-30T22:44:17.838953+00:00,right,5,1.031,session_20260730_223706,student03,0.95,0.649,-0.213,0.865,-106.2,31.53,-60.46,,
1389,2026-07-30T22:44:17.939238+00:00,right,5,1.14,session_20260730_223706,student03,0.95,0.692,-0.196,0.766,-82.77,27.13,-60.88,,
1390,2026-07-30T22:44:18.039649+00:00,right,5,1.234,session_20260730_223706,student03,0.95,0.678,-0.071,0.789,-54.66,28.26,-55.57,,
1391,2026-07-30T22:44:18.139221+00:00,right,5,1.343,session_20260730_223706,student03,0.95,0.747,-0.126,0.697,-41.54,10.41,-33.39,,
1392,2026-07-30T22:44:18.248785+00:00,right,5,1.453,session_20260730_223706,student03,0.95,0.713,-0.145,0.649,-26.31,18.59,-28.38,,
1393,2026-07-30T22:44:18.359189+00:00,right,5,1.562,session_20260730_223706,student03,0.95,0.76,-0.181,0.615,-21.52,14.65,-12.6,,
1394,2026-07-30T22:44:18.458703+00:00,right,5,1.656,session_20260730_223706,student03,0.95,0.774,-0.237,0.665,-12.91,12.24,-7.08,,
1395,2026-07-30T22:44:18.568494+00:00,right,5,1.765,session_20260730_223706,student03,0.95,0.768,-0.257,0.615,-3.51,4.88,-1.37,,
1396,2026-07-30T22:44:18.663113+00:00,right,5,1.859,session_20260730_223706,student03,0.95,0.741,-0.251,0.587,1.71,9.49,-8.18,,
1397,2026-07-30T22:44:18.774714+00:00,right,5,1.968,session_20260730_223706,student03,0.95,0.727,-0.26,0.614,-2.23,9.31,-1.25,,
1398,2026-07-30T22:44:21.100916+00:00,left,5,0.0,session_20260730_223706,student03,0.95,0.689,-0.289,0.654,-0.76,1.25,-2.84,,
1399,2026-07-30T22:44:21.198127+00:00,left,5,0.094,session_20260730_223706,student03,0.95,0.696,-0.199,0.676,-2.2,1.19,-4.94,,
1400,2026-07-30T22:44:21.293289+00:00,left,5,0.188,session_20260730_223706,student03,0.95,0.682,0.159,0.929,31.07,6.96,-4.36,,
1401,2026-07-30T22:44:21.389347+00:00,left,5,0.297,session_20260730_223706,student03,0.95,0.563,0.346,1.025,83.56,-30.52,44.07,,
1402,2026-07-30T22:44:21.505279+00:00,left,5,0.407,session_20260730_223706,student03,0.95,0.48,0.056,0.921,97.14,-48.59,97.32,,
1403,2026-07-30T22:44:21.618719+00:00,left,5,0.516,session_20260730_223706,student03,0.95,0.393,-0.153,0.898,112.74,-33.3,113.65,,
1404,2026-07-30T22:44:21.725797+00:00,left,5,0.625,session_20260730_223706,student03,0.95,0.421,-0.243,0.881,124.39,-19.78,102.6,,
1405,2026-07-30T22:44:21.819318+00:00,left,5,0.719,session_20260730_223706,student03,0.95,0.477,-0.352,0.958,108.31,-21.33,119.24,,
1406,2026-07-30T22:44:21.913240+00:00,left,5,0.813,session_20260730_223706,student03,0.95,0.472,-0.291,0.916,103.52,-26.52,105.14,,
1407,2026-07-30T22:44:22.009908+00:00,left,5,0.907,session_20260730_223706,student03,0.95,0.578,-0.407,0.85,101.66,-34.85,96.53,,
1408,2026-07-30T22:44:22.113627+00:00,left,5,1.016,session_20260730_223706,student03,0.95,0.646,-0.418,0.848,89.72,-23.22,71.17,,
1409,2026-07-30T22:44:22.228809+00:00,left,5,1.125,session_20260730_223706,student03,0.95,0.668,-0.334,0.714,69.77,-31.53,71.11,,
1410,2026-07-30T22:44:22.323192+00:00,left,5,1.219,session_20260730_223706,student03,0.95,0.777,-0.45,0.624,67.66,-47.79,41.84,,
1411,2026-07-30T22:44:22.422340+00:00,left,5,1.329,session_20260730_223706,student03,0.95,0.779,-0.349,0.473,57.16,-39.7,17.94,,
1412,2026-07-30T22:44:22.523736+00:00,left,5,1.422,session_20260730_223706,student03,0.95,0.794,-0.272,0.463,18.31,-7.45,17.43,,
1413,2026-07-30T22:44:22.618955+00:00,left,5,1.516,session_20260730_223706,student03,0.95,0.819,-0.169,0.505,8.94,-0.73,2.29,,
1414,2026-07-30T22:44:22.708995+00:00,left,5,1.61,session_20260730_223706,student03,0.95,0.874,-0.142,0.514,8.88,2.04,0.0,,
1415,2026-07-30T22:44:22.813917+00:00,left,5,1.719,session_20260730_223706,student03,0.95,0.844,-0.038,0.533,15.78,-5.55,-7.57,,
1416,2026-07-30T22:44:22.912529+00:00,left,5,1.813,session_20260730_223706,student03,0.95,0.839,-0.064,0.511,13.31,-3.36,-5.25,,
1417,2026-07-30T22:44:23.025276+00:00,left,5,1.922,session_20260730_223706,student03,0.95,0.845,-0.061,0.523,5.49,-2.23,-4.09,,
1418,2026-07-30T22:44:24.541413+00:00,right,6,0.016,session_20260730_223706,student03,0.95,0.824,0.04,0.542,0.31,-1.77,0.89,,
1419,2026-07-30T22:44:24.658842+00:00,right,6,0.125,session_20260730_223706,student03,0.95,0.815,0.033,0.533,-3.36,2.84,-0.27,,
1420,2026-07-30T22:44:24.768953+00:00,right,6,0.234,session_20260730_223706,student03,0.95,0.883,-0.174,0.542,-33.91,2.23,7.05,,
1421,2026-07-30T22:44:24.868220+00:00,right,6,0.328,session_20260730_223706,student03,0.95,0.948,-0.425,0.601,-63.63,2.93,-10.59,,
1422,2026-07-30T22:44:24.968421+00:00,right,6,0.437,session_20260730_223706,student03,0.95,0.791,-0.568,0.653,-95.16,-6.13,-40.41,,
1423,2026-07-30T22:44:25.076224+00:00,right,6,0.547,session_20260730_223706,student03,0.95,0.678,-0.403,0.767,-122.23,6.26,-75.56,,
1424,2026-07-30T22:44:25.185426+00:00,right,6,0.656,session_20260730_223706,student03,0.95,0.579,-0.193,0.757,-129.73,-13.43,-81.03,,
1425,2026-07-30T22:44:25.299412+00:00,right,6,0.766,session_20260730_223706,student03,0.95,0.667,-0.141,0.792,-130.99,16.42,-80.14,,
1426,2026-07-30T22:44:25.400768+00:00,right,6,0.859,session_20260730_223706,student03,0.95,0.661,-0.11,0.724,-135.65,8.0,-57.13,,
1427,2026-07-30T22:44:25.500325+00:00,right,6,0.969,session_20260730_223706,student03,0.95,0.72,-0.152,0.682,-130.28,21.85,-51.21,,
1428,2026-07-30T22:44:25.601726+00:00,right,6,1.062,session_20260730_223706,student03,0.95,0.724,-0.164,0.687,-133.92,30.15,-36.65,,
1429,2026-07-30T22:44:25.703845+00:00,right,6,1.172,session_20260730_223706,student03,0.95,0.733,-0.131,0.72,-95.25,41.41,-60.67,,
1430,2026-07-30T22:44:25.815645+00:00,right,6,1.281,session_20260730_223706,student03,0.95,0.765,-0.182,0.628,-89.48,27.04,-32.53,,
1431,2026-07-30T22:44:25.925956+00:00,right,6,1.391,session_20260730_223706,student03,0.95,0.76,-0.1,0.736,-62.07,38.76,-47.21,,
1432,2026-07-30T22:44:26.034824+00:00,right,6,1.5,session_20260730_223706,student03,0.95,0.821,-0.069,0.614,-40.62,4.09,-24.81,,
1433,2026-07-30T22:44:26.145573+00:00,right,6,1.609,session_20260730_223706,student03,0.95,0.822,-0.118,0.645,-24.93,13.73,-26.18,,
1434,2026-07-30T22:44:26.256655+00:00,right,6,1.719,session_20260730_223706,student03,0.95,0.806,-0.056,0.629,-11.87,7.2,-21.97,,
1435,2026-07-30T22:44:26.366258+00:00,right,6,1.828,session_20260730_223706,student03,0.95,0.813,-0.061,0.595,-3.51,3.08,-10.65,,
1436,2026-07-30T22:44:26.459362+00:00,right,6,1.922,session_20260730_223706,student03,0.95,0.823,-0.102,0.617,-3.6,3.27,-1.65,,
1437,2026-07-30T22:44:27.884794+00:00,left,6,0.0,session_20260730_223706,student03,0.95,0.766,-0.131,0.618,-0.4,2.47,-5.55,,
1438,2026-07-30T22:44:27.989654+00:00,left,6,0.109,session_20260730_223706,student03,0.95,0.779,-0.113,0.66,-0.27,3.3,-3.3,,
1439,2026-07-30T22:44:28.083844+00:00,left,6,0.203,session_20260730_223706,student03,0.95,0.768,0.126,0.726,18.19,-1.4,-5.74,,
1440,2026-07-30T22:44:28.196131+00:00,left,6,0.312,session_20260730_223706,student03,0.95,0.721,0.364,0.853,50.23,-18.01,33.2,,
1441,2026-07-30T22:44:28.306093+00:00,left,6,0.422,session_20260730_223706,student03,0.95,0.665,0.165,0.765,86.37,-43.37,62.81,,
1442,2026-07-30T22:44:28.402414+00:00,left,6,0.515,session_20260730_223706,student03,0.95,0.61,0.02,0.794,101.08,-33.48,84.57,,
1443,2026-07-30T22:44:28.499471+00:00,left,6,0.625,session_20260730_223706,student03,0.95,0.628,-0.105,0.809,112.74,-37.54,89.27,,
1444,2026-07-30T22:44:28.605250+00:00,left,6,0.718,session_20260730_223706,student03,0.95,0.712,-0.287,0.802,126.8,-46.63,66.32,,
1445,2026-07-30T22:44:28.699822+00:00,left,6,0.812,session_20260730_223706,student03,0.95,0.692,-0.273,0.764,156.25,-43.31,31.59,,
1446,2026-07-30T22:44:28.799504+00:00,left,6,0.922,session_20260730_223706,student03,0.95,0.774,-0.194,0.66,140.08,-11.29,40.31,,
1447,2026-07-30T22:44:28.901715+00:00,left,6,1.015,session_20260730_223706,student03,0.95,0.812,-0.049,0.645,124.06,3.63,50.23,,
1448,2026-07-30T22:44:28.999633+00:00,left,6,1.125,session_20260730_223706,student03,0.95,0.796,-0.049,0.671,106.45,11.2,55.97,,
1449,2026-07-30T22:44:29.102280+00:00,left,6,1.218,session_20260730_223706,student03,0.95,0.839,-0.152,0.655,89.51,9.37,59.05,,
1450,2026-07-30T22:44:29.199008+00:00,left,6,1.312,session_20260730_223706,student03,0.95,0.842,-0.146,0.635,91.65,-2.38,48.19,,
1451,2026-07-30T22:44:29.293308+00:00,left,6,1.406,session_20260730_223706,student03,0.95,0.787,-0.056,0.519,75.93,0.06,51.3,,
1452,2026-07-30T22:44:29.389082+00:00,left,6,1.515,session_20260730_223706,student03,0.95,0.874,-0.254,0.528,60.73,-1.83,50.72,,
1453,2026-07-30T22:44:29.495973+00:00,left,6,1.609,session_20260730_223706,student03,0.95,0.895,-0.261,0.48,50.11,3.75,33.05,,
1454,2026-07-30T22:44:29.590083+00:00,left,6,1.703,session_20260730_223706,student03,0.95,0.888,-0.246,0.4,32.93,-10.83,22.28,,
1455,2026-07-30T22:44:29.680585+00:00,left,6,1.797,session_20260730_223706,student03,0.95,0.899,-0.266,0.389,6.87,-2.66,13.37,,
1456,2026-07-30T22:44:29.779551+00:00,left,6,1.906,session_20260730_223706,student03,0.95,0.859,-0.104,0.426,-2.56,8.39,1.59,,
1457,2026-07-30T22:44:40.291301+00:00,right,7,0.0,session_20260730_223706,student03,0.95,0.785,-0.114,0.547,0.73,8.94,2.53,,
1458,2026-07-30T22:44:40.404555+00:00,right,7,0.125,session_20260730_223706,student03,0.95,0.825,-0.143,0.56,2.69,8.79,-3.81,,
1459,2026-07-30T22:44:40.519811+00:00,right,7,0.234,session_20260730_223706,student03,0.95,0.854,-0.266,0.607,-16.24,-0.64,8.67,,
1460,2026-07-30T22:44:40.629773+00:00,right,7,0.344,session_20260730_223706,student03,0.95,0.802,-0.708,0.478,-71.08,-39.55,21.76,,
1461,2026-07-30T22:44:40.736126+00:00,right,7,0.453,session_20260730_223706,student03,0.95,0.625,-0.84,0.49,-125.52,37.97,-56.67,,
1462,2026-07-30T22:44:40.848879+00:00,right,7,0.562,session_20260730_223706,student03,0.95,0.551,-0.486,0.817,-153.26,53.38,-78.83,,
1463,2026-07-30T22:44:40.956767+00:00,right,7,0.672,session_20260730_223706,student03,0.95,0.534,-0.463,0.863,-142.86,55.97,-79.68,,
1464,2026-07-30T22:44:41.055482+00:00,right,7,0.766,session_20260730_223706,student03,0.95,0.496,-0.379,0.896,-142.0,67.96,-76.85,,
1465,2026-07-30T22:44:41.151225+00:00,right,7,0.859,session_20260730_223706,student03,0.95,0.576,-0.29,0.826,-125.22,52.19,-68.58,,
1466,2026-07-30T22:44:41.251042+00:00,right,7,0.969,session_20260730_223706,student03,0.95,0.671,-0.294,0.874,-105.23,54.38,-66.44,,
1467,2026-07-30T22:44:41.368787+00:00,right,7,1.078,session_20260730_223706,student03,0.95,0.693,-0.181,0.751,-84.48,35.89,-67.11,,
1468,2026-07-30T22:44:41.469351+00:00,right,7,1.187,session_20260730_223706,student03,0.95,0.738,-0.214,0.774,-69.52,30.34,-65.43,,
1469,2026-07-30T22:44:41.579928+00:00,right,7,1.297,session_20260730_223706,student03,0.95,0.74,-0.041,0.619,-60.3,24.54,-50.84,,
1470,2026-07-30T22:44:41.695689+00:00,right,7,1.406,session_20260730_223706,student03,0.95,0.78,-0.117,0.658,-40.35,15.96,-34.49,,
1471,2026-07-30T22:44:41.805373+00:00,right,7,1.516,session_20260730_223706,student03,0.95,0.766,-0.049,0.605,-20.97,18.4,-25.51,,
1472,2026-07-30T22:44:41.918959+00:00,right,7,1.625,session_20260730_223706,student03,0.95,0.832,-0.159,0.596,-16.6,6.59,-5.25,,
1473,2026-07-30T22:44:42.010885+00:00,right,7,1.719,session_20260730_223706,student03,0.95,0.821,-0.208,0.617,-9.64,5.07,-6.5,,
1474,2026-07-30T22:44:42.101325+00:00,right,7,1.812,session_20260730_223706,student03,0.95,0.801,-0.219,0.578,-3.3,-1.37,-4.12,,
1475,2026-07-30T22:44:42.200536+00:00,right,7,1.906,session_20260730_223706,student03,0.95,0.803,-0.21,0.562,0.18,-1.53,-5.31,,
1476,2026-07-30T22:44:43.931790+00:00,left,7,0.0,session_20260730_223706,student03,0.95,0.765,-0.132,0.653,5.22,-0.95,3.02,,
1477,2026-07-30T22:44:44.034133+00:00,left,7,0.109,session_20260730_223706,student03,0.95,0.754,-0.16,0.649,2.08,1.8,3.11,,
1478,2026-07-30T22:44:44.146685+00:00,left,7,0.218,session_20260730_223706,student03,0.95,0.75,0.126,0.763,30.49,0.64,-1.01,,
1479,2026-07-30T22:44:44.255889+00:00,left,7,0.328,session_20260730_223706,student03,0.95,0.708,0.282,0.82,52.46,-15.2,37.66,,
1480,2026-07-30T22:44:44.366884+00:00,left,7,0.437,session_20260730_223706,student03,0.95,0.654,0.135,0.843,76.39,-35.49,73.15,,
1481,2026-07-30T22:44:44.476252+00:00,left,7,0.546,session_20260730_223706,student03,0.95,0.504,0.06,0.883,107.24,-26.18,92.75,,
1482,2026-07-30T22:44:44.569734+00:00,left,7,0.64,session_20260730_223706,student03,0.95,0.525,-0.181,0.948,127.78,-27.34,105.56,,
1483,2026-07-30T22:44:44.670046+00:00,left,7,0.75,session_20260730_223706,student03,0.95,0.636,-0.336,0.884,147.25,-23.44,76.33,,
1484,2026-07-30T22:44:44.779147+00:00,left,7,0.859,session_20260730_223706,student03,0.95,0.585,-0.273,0.923,122.9,-24.93,92.07,,
1485,2026-07-30T22:44:44.885255+00:00,left,7,0.953,session_20260730_223706,student03,0.95,0.674,-0.34,0.801,143.01,-34.3,53.9,,
1486,2026-07-30T22:44:44.985433+00:00,left,7,1.062,session_20260730_223706,student03,0.95,0.73,-0.178,0.667,104.34,-10.32,55.39,,
1487,2026-07-30T22:44:45.095308+00:00,left,7,1.171,session_20260730_223706,student03,0.95,0.707,-0.096,0.65,82.19,-9.22,58.63,,
1488,2026-07-30T22:44:45.205666+00:00,left,7,1.281,session_20260730_223706,student03,0.95,0.807,-0.101,0.612,85.45,-0.64,50.51,,
1489,2026-07-30T22:44:45.315598+00:00,left,7,1.39,session_20260730_223706,student03,0.95,0.861,-0.218,0.526,66.65,-6.78,46.91,,
1490,2026-07-30T22:44:45.413665+00:00,left,7,1.484,session_20260730_223706,student03,0.95,0.888,-0.277,0.465,38.03,-9.8,30.37,,
1491,2026-07-30T22:44:45.526934+00:00,left,7,1.593,session_20260730_223706,student03,0.95,0.883,-0.157,0.433,0.95,5.71,10.65,,
1492,2026-07-30T22:44:45.620583+00:00,left,7,1.687,session_20260730_223706,student03,0.95,0.829,-0.003,0.518,-3.27,16.6,-3.63,,
1493,2026-07-30T22:44:45.713983+00:00,left,7,1.781,session_20260730_223706,student03,0.95,0.848,0.02,0.57,-2.59,12.45,-4.0,,
1494,2026-07-30T22:44:45.814657+00:00,left,7,1.89,session_20260730_223706,student03,0.95,0.846,0.041,0.585,11.41,13.67,-27.77,,
1495,2026-07-30T22:44:47.200331+00:00,right,8,0.0,session_20260730_223706,student03,0.95,0.773,0.052,0.594,1.71,0.43,1.53,,
1496,2026-07-30T22:44:47.300397+00:00,right,8,0.11,session_20260730_223706,student03,0.95,0.783,0.007,0.61,-0.92,1.46,3.63,,
1497,2026-07-30T22:44:47.401639+00:00,right,8,0.203,session_20260730_223706,student03,0.95,0.886,-0.28,0.615,-31.37,0.37,7.17,,
1498,2026-07-30T22:44:47.500442+00:00,right,8,0.313,session_20260730_223706,student03,0.95,0.825,-0.499,0.662,-72.24,-8.42,-18.83,,
1499,2026-07-30T22:44:47.601690+00:00,right,8,0.406,session_20260730_223706,student03,0.95,0.685,-0.549,0.608,-115.51,1.04,-49.47,,
1500,2026-07-30T22:44:47.699183+00:00,right,8,0.5,session_20260730_223706,student03,0.95,0.572,-0.449,0.78,-137.64,24.75,-79.99,,
1501,2026-07-30T22:44:47.809931+00:00,right,8,0.61,session_20260730_223706,student03,0.95,0.511,-0.279,0.89,-149.72,20.08,-85.79,,
1502,2026-07-30T22:44:47.901591+00:00,right,8,0.703,session_20260730_223706,student03,0.95,0.576,-0.239,0.857,-140.08,15.84,-81.15,,
1503,2026-07-30T22:44:48.003266+00:00,right,8,0.813,session_20260730_223706,student03,0.95,0.596,-0.154,0.843,-132.33,17.85,-69.98,,
1504,2026-07-30T22:44:48.101452+00:00,right,8,0.906,session_20260730_223706,student03,0.95,0.645,-0.18,0.831,-141.39,29.66,-45.78,,
1505,2026-07-30T22:44:48.199954+00:00,right,8,1.0,session_20260730_223706,student03,0.95,0.667,-0.221,0.756,-117.65,19.75,-36.04,,
1506,2026-07-30T22:44:48.289165+00:00,right,8,1.094,session_20260730_223706,student03,0.95,0.711,-0.203,0.61,-77.82,28.32,-49.23,,
1507,2026-07-30T22:44:48.390078+00:00,right,8,1.203,session_20260730_223706,student03,0.95,0.76,-0.233,0.653,-69.58,40.56,-44.22,,
1508,2026-07-30T22:44:48.500460+00:00,right,8,1.313,session_20260730_223706,student03,0.95,0.794,-0.132,0.619,-35.25,32.17,-59.63,,
1509,2026-07-30T22:44:48.616956+00:00,right,8,1.422,session_20260730_223706,student03,0.95,0.765,-0.134,0.674,-39.67,23.5,-32.78,,
1510,2026-07-30T22:44:48.709788+00:00,right,8,1.516,session_20260730_223706,student03,0.95,0.781,-0.116,0.57,-36.07,12.24,-12.67,,
1511,2026-07-30T22:44:48.811234+00:00,right,8,1.625,session_20260730_223706,student03,0.95,0.776,-0.173,0.584,-20.2,16.85,-9.67,,
1512,2026-07-30T22:44:48.926014+00:00,right,8,1.735,session_20260730_223706,student03,0.95,0.787,-0.168,0.632,-7.84,21.94,-6.26,,
1513,2026-07-30T22:44:49.035077+00:00,right,8,1.844,session_20260730_223706,student03,0.95,0.797,-0.264,0.671,-2.32,5.92,2.26,,
1514,2026-07-30T22:44:49.145719+00:00,right,8,1.953,session_20260730_223706,student03,0.95,0.788,-0.285,0.611,5.34,-3.02,-1.53,,
1515,2026-07-30T22:44:50.535812+00:00,left,8,0.0,session_20260730_223706,student03,0.95,0.75,-0.176,0.63,-1.98,-1.62,5.49,,
1516,2026-07-30T22:44:50.645207+00:00,left,8,0.109,session_20260730_223706,student03,0.95,0.746,-0.179,0.629,1.31,-0.18,3.94,,
1517,2026-07-30T22:44:50.739103+00:00,left,8,0.203,session_20260730_223706,student03,0.95,0.782,0.022,0.722,18.04,-1.5,-0.21,,
1518,2026-07-30T22:44:50.838973+00:00,left,8,0.297,session_20260730_223706,student03,0.95,0.749,0.209,0.862,41.44,-18.77,29.51,,
1519,2026-07-30T22:44:50.930982+00:00,left,8,0.391,session_20260730_223706,student03,0.95,0.696,0.158,0.807,84.72,-34.0,50.11,,
1520,2026-07-30T22:44:51.030867+00:00,left,8,0.5,session_20260730_223706,student03,0.95,0.553,0.143,0.894,116.25,-30.85,67.75,,
1521,2026-07-30T22:44:51.130972+00:00,left,8,0.594,session_20260730_223706,student03,0.95,0.518,-0.047,0.912,130.59,-48.95,100.56,,
1522,2026-07-30T22:44:51.235910+00:00,left,8,0.703,session_20260730_223706,student03,0.95,0.64,-0.513,0.976,118.78,-70.16,119.69,,
1523,2026-07-30T22:44:51.347702+00:00,left,8,0.812,session_20260730_223706,student03,0.95,0.639,-0.325,0.761,161.2,-28.96,37.97,,
1524,2026-07-30T22:44:51.449548+00:00,left,8,0.906,session_20260730_223706,student03,0.95,0.711,-0.307,0.795,126.41,-25.67,66.74,,
1525,2026-07-30T22:44:51.540801+00:00,left,8,1.0,session_20260730_223706,student03,0.95,0.669,-0.206,0.706,132.11,-17.43,53.99,,
1526,2026-07-30T22:44:51.642664+00:00,left,8,1.109,session_20260730_223706,student03,0.95,0.683,-0.179,0.617,109.53,-9.52,77.76,,
1527,2026-07-30T22:44:51.759739+00:00,left,8,1.219,session_20260730_223706,student03,0.95,0.779,-0.273,0.639,105.78,6.29,46.39,,
1528,2026-07-30T22:44:51.854238+00:00,left,8,1.312,session_20260730_223706,student03,0.95,0.838,-0.393,0.624,65.1,-17.09,66.84,,
1529,2026-07-30T22:44:51.951010+00:00,left,8,1.422,session_20260730_223706,student03,0.95,0.831,-0.368,0.522,64.09,-20.72,24.87,,
1530,2026-07-30T22:44:52.066437+00:00,left,8,1.531,session_20260730_223706,student03,0.95,0.916,-0.259,0.371,38.51,-13.67,15.14,,
1531,2026-07-30T22:44:52.176081+00:00,left,8,1.641,session_20260730_223706,student03,0.95,0.869,-0.178,0.501,3.3,5.92,-0.58,,
1532,2026-07-30T22:44:52.286021+00:00,left,8,1.75,session_20260730_223706,student03,0.95,0.837,-0.099,0.429,-6.07,4.73,-4.33,,
1533,2026-07-30T22:44:52.395643+00:00,left,8,1.859,session_20260730_223706,student03,0.95,0.859,-0.078,0.49,-8.03,2.26,-0.98,,
1534,2026-07-30T22:44:52.506927+00:00,left,8,1.969,session_20260730_223706,student03,0.95,0.872,-0.006,0.506,-7.35,12.57,-1.1,,
1535,2026-07-30T22:44:54.317855+00:00,right,9,0.0,session_20260730_223706,student03,0.95,0.756,0.006,0.678,1.98,-2.38,0.55,,
1536,2026-07-30T22:44:54.418949+00:00,right,9,0.094,session_20260730_223706,student03,0.95,0.779,-0.049,0.676,-2.14,-6.62,7.2,,
1537,2026-07-30T22:44:54.510051+00:00,right,9,0.188,session_20260730_223706,student03,0.95,0.783,-0.188,0.594,-12.24,-8.48,-0.09,,
1538,2026-07-30T22:44:54.610008+00:00,right,9,0.297,session_20260730_223706,student03,0.95,0.846,-0.487,0.638,-42.79,-7.32,-17.24,,
1539,2026-07-30T22:44:54.716839+00:00,right,9,0.406,session_20260730_223706,student03,0.95,0.712,-0.558,0.66,-98.12,-5.1,-38.82,,
1540,2026-07-30T22:44:54.825790+00:00,right,9,0.5,session_20260730_223706,student03,0.95,0.566,-0.419,0.734,-114.2,11.14,-75.96,,
1541,2026-07-30T22:44:54.919928+00:00,right,9,0.61,session_20260730_223706,student03,0.95,0.612,-0.282,0.858,-122.75,11.2,-83.74,,
1542,2026-07-30T22:44:55.035630+00:00,right,9,0.719,session_20260730_223706,student03,0.95,0.616,-0.21,0.781,-116.31,-0.03,-81.03,,
1543,2026-07-30T22:44:55.130793+00:00,right,9,0.813,session_20260730_223706,student03,0.95,0.685,-0.192,0.77,-116.12,27.34,-87.25,,
1544,2026-07-30T22:44:55.231492+00:00,right,9,0.906,session_20260730_223706,student03,0.95,0.661,-0.125,0.758,-118.99,9.98,-58.41,,
1545,2026-07-30T22:44:55.334565+00:00,right,9,1.016,session_20260730_223706,student03,0.95,0.702,-0.136,0.687,-98.33,20.29,-53.44,,
1546,2026-07-30T22:44:55.431312+00:00,right,9,1.11,session_20260730_223706,student03,0.95,0.776,-0.192,0.715,-95.43,22.49,-51.67,,
1547,2026-07-30T22:44:55.522426+00:00,right,9,1.203,session_20260730_223706,student03,0.95,0.771,-0.089,0.641,-80.9,25.54,-55.73,,
1548,2026-07-30T22:44:55.619912+00:00,right,9,1.297,session_20260730_223706,student03,0.95,0.803,-0.11,0.716,-75.81,19.9,-39.86,,
1549,2026-07-30T22:44:55.720106+00:00,right,9,1.406,session_20260730_223706,student03,0.95,0.785,-0.078,0.571,-61.68,8.7,-35.07,,
1550,2026-07-30T22:44:55.830054+00:00,right,9,1.516,session_20260730_223706,student03,0.95,0.774,-0.097,0.585,-52.58,14.59,-28.17,,
1551,2026-07-30T22:44:55.940209+00:00,right,9,1.625,session_20260730_223706,student03,0.95,0.792,-0.119,0.58,-45.63,15.47,-6.1,,
1552,2026-07-30T22:44:56.056359+00:00,right,9,1.735,session_20260730_223706,student03,0.95,0.818,-0.109,0.498,-18.49,11.75,-14.98,,
1553,2026-07-30T22:44:56.151765+00:00,right,9,1.828,session_20260730_223706,student03,0.95,0.847,-0.136,0.56,-10.56,15.87,-8.88,,
1554,2026-07-30T22:44:56.254302+00:00,right,9,1.938,session_20260730_223706,student03,0.95,0.823,-0.166,0.578,0.46,4.21,-1.95,,
1555,2026-07-30T22:44:57.497480+00:00,left,9,0.0,session_20260730_223706,student03,0.95,0.773,-0.208,0.61,1.25,1.4,4.67,,
1556,2026-07-30T22:44:57.593415+00:00,left,9,0.109,session_20260730_223706,student03,0.95,0.761,-0.195,0.584,2.47,2.69,2.81,,
1557,2026-07-30T22:44:57.705679+00:00,left,9,0.219,session_20260730_223706,student03,0.95,0.782,-0.057,0.662,14.65,1.28,-5.4,,
1558,2026-07-30T22:44:57.817677+00:00,left,9,0.328,session_20260730_223706,student03,0.95,0.817,0.088,0.736,30.79,-16.57,20.33,,
1559,2026-07-30T22:44:57.926984+00:00,left,9,0.438,session_20260730_223706,student03,0.95,0.71,0.25,0.825,76.85,-22.13,38.39,,
1560,2026-07-30T22:44:58.035845+00:00,left,9,0.547,session_20260730_223706,student03,0.95,0.714,0.029,0.92,97.42,-33.23,66.13,,
1561,2026-07-30T22:44:58.147707+00:00,left,9,0.656,session_20260730_223706,student03,0.95,0.505,-0.11,0.888,102.48,-55.02,117.65,,
1562,2026-07-30T22:44:58.251932+00:00,left,9,0.766,session_20260730_223706,student03,0.95,0.568,-0.315,0.811,130.07,-53.13,95.34,,
1563,2026-07-30T22:44:58.359767+00:00,left,9,0.875,session_20260730_223706,student03,0.95,0.624,-0.375,0.692,128.82,-40.77,74.83,,
1564,2026-07-30T22:44:58.465360+00:00,left,9,0.969,session_20260730_223706,student03,0.95,0.725,-0.431,0.677,124.39,-27.92,55.67,,
1565,2026-07-30T22:44:58.565076+00:00,left,9,1.078,session_20260730_223706,student03,0.95,0.677,-0.199,0.643,122.14,-3.85,43.64,,
1566,2026-07-30T22:44:58.675717+00:00,left,9,1.188,session_20260730_223706,student03,0.95,0.621,-0.18,0.82,99.92,5.62,66.96,,
1567,2026-07-30T22:44:58.785756+00:00,left,9,1.297,session_20260730_223706,student03,0.95,0.692,-0.174,0.721,97.84,-4.03,56.03,,
1568,2026-07-30T22:44:58.895665+00:00,left,9,1.406,session_20260730_223706,student03,0.95,0.719,-0.332,0.626,84.23,-12.63,66.35,,
1569,2026-07-30T22:44:58.990697+00:00,left,9,1.5,session_20260730_223706,student03,0.95,0.802,-0.455,0.509,58.84,-4.73,48.77,,
1570,2026-07-30T22:44:59.096268+00:00,left,9,1.609,session_20260730_223706,student03,0.95,0.845,-0.429,0.521,31.5,-5.46,25.12,,
1571,2026-07-30T22:44:59.207545+00:00,left,9,1.719,session_20260730_223706,student03,0.95,0.818,-0.265,0.507,5.31,-6.01,11.96,,
1572,2026-07-30T22:44:59.317295+00:00,left,9,1.828,session_20260730_223706,student03,0.95,0.799,-0.155,0.559,3.33,-0.49,-1.59,,
1573,2026-07-30T22:44:59.426097+00:00,left,9,1.938,session_20260730_223706,student03,0.95,0.798,-0.104,0.581,3.39,4.67,-7.2,,
1574,2026-07-30T22:45:03.321374+00:00,right,10,0.0,session_20260730_223706,student03,0.95,0.761,-0.045,0.694,-9.37,6.29,-6.84,,
1575,2026-07-30T22:45:03.420697+00:00,right,10,0.11,session_20260730_223706,student03,0.95,0.753,0.0,0.626,0.12,1.16,-4.18,,
1576,2026-07-30T22:45:03.525338+00:00,right,10,0.203,session_20260730_223706,student03,0.95,0.824,-0.245,0.636,-17.7,0.03,-0.06,,
1577,2026-07-30T22:45:03.619737+00:00,right,10,0.297,session_20260730_223706,student03,0.95,0.84,-0.401,0.616,-42.57,-6.68,-11.66,,
1578,2026-07-30T22:45:03.710438+00:00,right,10,0.391,session_20260730_223706,student03,0.95,0.797,-0.417,0.671,-74.86,-5.22,-28.23,,
1579,2026-07-30T22:45:03.816825+00:00,right,10,0.5,session_20260730_223706,student03,0.95,0.709,-0.353,0.666,-91.62,-8.27,-50.54,,
1580,2026-07-30T22:45:03.926981+00:00,right,10,0.61,session_20260730_223706,student03,0.95,0.659,-0.478,0.657,-132.08,7.57,-55.6,,
1581,2026-07-30T22:45:04.036842+00:00,right,10,0.719,session_20260730_223706,student03,0.95,0.58,-0.261,0.741,-133.34,28.05,-78.74,,
1582,2026-07-30T22:45:04.146376+00:00,right,10,0.828,session_20260730_223706,student03,0.95,0.678,-0.35,0.772,-123.72,12.36,-51.73,,
1583,2026-07-30T22:45:04.256735+00:00,right,10,0.938,session_20260730_223706,student03,0.95,0.622,-0.227,0.577,-116.03,39.37,-63.94,,
1584,2026-07-30T22:45:04.351843+00:00,right,10,1.031,session_20260730_223706,student03,0.95,0.727,-0.342,0.761,-123.84,47.7,-40.83,,
1585,2026-07-30T22:45:04.450066+00:00,right,10,1.125,session_20260730_223706,student03,0.95,0.705,-0.267,0.682,-98.33,34.06,-43.98,,
1586,2026-07-30T22:45:04.539695+00:00,right,10,1.219,session_20260730_223706,student03,0.95,0.758,-0.339,0.606,-64.7,34.91,-60.4,,
1587,2026-07-30T22:45:04.634589+00:00,right,10,1.313,session_20260730_223706,student03,0.95,0.757,-0.227,0.67,-68.82,31.37,-49.59,,
1588,2026-07-30T22:45:04.736679+00:00,right,10,1.422,session_20260730_223706,student03,0.95,0.781,-0.182,0.548,-60.24,20.72,-47.24,,
1589,2026-07-30T22:45:04.850503+00:00,right,10,1.531,session_20260730_223706,student03,0.95,0.84,-0.139,0.491,-22.92,36.16,-64.91,,
1590,2026-07-30T22:45:04.943795+00:00,right,10,1.625,session_20260730_223706,student03,0.95,0.794,-0.126,0.614,-56.55,21.42,-7.78,,
1591,2026-07-30T22:45:05.044001+00:00,right,10,1.719,session_20260730_223706,student03,0.95,0.806,-0.108,0.582,-32.2,17.24,-27.65,,
1592,2026-07-30T22:45:05.142085+00:00,right,10,1.828,session_20260730_223706,student03,0.95,0.784,-0.043,0.583,-21.3,11.87,-9.0,,
1593,2026-07-30T22:45:05.239994+00:00,right,10,1.922,session_20260730_223706,student03,0.95,0.849,-0.182,0.571,-8.3,9.95,-0.34,,
1594,2026-07-30T22:45:06.618270+00:00,left,10,0.0,session_20260730_223706,student03,0.95,0.791,-0.123,0.664,23.68,-17.12,16.3,,
1595,2026-07-30T22:45:06.726466+00:00,left,10,0.109,session_20260730_223706,student03,0.95,0.775,-0.055,0.686,45.29,-13.55,14.28,,
1596,2026-07-30T22:45:06.824671+00:00,left,10,0.203,session_20260730_223706,student03,0.95,0.719,0.06,0.77,62.62,-28.41,46.94,,
1597,2026-07-30T22:45:06.920852+00:00,left,10,0.313,session_20260730_223706,student03,0.95,0.707,-0.038,0.721,94.73,-31.34,46.97,,
1598,2026-07-30T22:45:07.036628+00:00,left,10,0.422,session_20260730_223706,student03,0.95,0.651,-0.066,0.798,105.08,-29.3,73.52,,
1599,2026-07-30T22:45:07.134690+00:00,left,10,0.516,session_20260730_223706,student03,0.95,0.647,-0.22,0.772,128.24,-27.92,61.56,,
1600,2026-07-30T22:45:07.231497+00:00,left,10,0.609,session_20260730_223706,student03,0.95,0.631,-0.23,0.745,123.91,-18.71,65.0,,
1601,2026-07-30T22:45:07.330526+00:00,left,10,0.719,session_20260730_223706,student03,0.95,0.628,-0.181,0.691,125.28,-9.61,57.95,,
1602,2026-07-30T22:45:07.435798+00:00,left,10,0.828,session_20260730_223706,student03,0.95,0.683,-0.309,0.704,93.2,-11.32,75.9,,
1603,2026-07-30T22:45:07.549428+00:00,left,10,0.938,session_20260730_223706,student03,0.95,0.717,-0.279,0.725,87.8,-2.35,62.78,,
1604,2026-07-30T22:45:07.656370+00:00,left,10,1.047,session_20260730_223706,student03,0.95,0.676,-0.215,0.7,90.03,-1.83,51.3,,
1605,2026-07-30T22:45:07.766717+00:00,left,10,1.156,session_20260730_223706,student03,0.95,0.667,-0.127,0.623,79.29,-0.58,50.54,,
1606,2026-07-30T22:45:07.877030+00:00,left,10,1.266,session_20260730_223706,student03,0.95,0.578,-0.147,0.659,42.7,-6.41,93.26,,
1607,2026-07-30T22:45:07.985738+00:00,left,10,1.375,session_20260730_223706,student03,0.95,0.768,-0.434,0.58,48.34,-10.41,55.02,,
1608,2026-07-30T22:45:08.097488+00:00,left,10,1.484,session_20260730_223706,student03,0.95,0.777,-0.4,0.574,45.41,0.09,3.54,,
1609,2026-07-30T22:45:08.210831+00:00,left,10,1.594,session_20260730_223706,student03,0.95,0.756,-0.314,0.648,23.68,16.69,-10.47,,
1610,2026-07-30T22:45:08.302440+00:00,left,10,1.688,session_20260730_223706,student03,0.95,0.756,-0.178,0.667,6.53,7.26,-9.16,,
1611,2026-07-30T22:45:08.401540+00:00,left,10,1.781,session_20260730_223706,student03,0.95,0.722,-0.109,0.673,2.56,3.42,-8.82,,
1612,2026-07-30T22:45:08.491257+00:00,left,10,1.875,session_20260730_223706,student03,0.95,0.723,-0.114,0.634,-3.6,2.81,-4.7,,
1613,2026-07-30T22:45:08.590404+00:00,left,10,1.969,session_20260730_223706,student03,0.95,0.711,-0.114,0.652,-7.66,5.86,-3.85,,
1614,2026-07-30T22:45:09.456133+00:00,right,11,0.0,session_20260730_223706,student03,0.95,0.699,-0.116,0.721,-1.34,5.83,-2.08,,
1615,2026-07-30T22:45:09.565718+00:00,right,11,0.109,session_20260730_223706,student03,0.95,0.707,-0.122,0.737,-1.89,1.86,-2.08,,
1616,2026-07-30T22:45:09.675941+00:00,right,11,0.219,session_20260730_223706,student03,0.95,0.718,-0.189,0.733,-5.95,2.75,-6.56,,
1617,2026-07-30T22:45:09.786068+00:00,right,11,0.328,session_20260730_223706,student03,0.95,0.833,-0.454,0.776,-33.23,-15.93,-4.33,,
1618,2026-07-30T22:45:09.881531+00:00,right,11,0.422,session_20260730_223706,student03,0.95,0.698,-0.685,0.65,-76.63,-26.06,-37.93,,
1619,2026-07-30T22:45:09.996919+00:00,right,11,0.531,session_20260730_223706,student03,0.95,0.557,-0.612,0.725,-121.04,4.73,-70.89,,
1620,2026-07-30T22:45:10.106808+00:00,right,11,0.64,session_20260730_223706,student03,0.95,0.495,-0.527,0.871,-152.84,21.24,-81.15,,
1621,2026-07-30T22:45:10.203827+00:00,right,11,0.75,session_20260730_223706,student03,0.95,0.477,-0.323,0.896,-137.33,30.88,-100.99,,
1622,2026-07-30T22:45:10.317072+00:00,right,11,0.859,session_20260730_223706,student03,0.95,0.557,-0.226,0.856,-131.5,31.04,-86.7,,
1623,2026-07-30T22:45:10.415197+00:00,right,11,0.953,session_20260730_223706,student03,0.95,0.641,-0.223,0.829,-133.12,28.29,-64.97,,
1624,2026-07-30T22:45:10.510374+00:00,right,11,1.047,session_20260730_223706,student03,0.95,0.614,-0.182,0.751,-118.69,27.34,-60.82,,
1625,2026-07-30T22:45:10.612328+00:00,right,11,1.156,session_20260730_223706,student03,0.95,0.668,-0.228,0.682,-97.69,43.43,-58.41,,
1626,2026-07-30T22:45:10.714222+00:00,right,11,1.25,session_20260730_223706,student03,0.95,0.753,-0.291,0.691,-92.96,39.43,-45.66,,
1627,2026-07-30T22:45:10.828506+00:00,right,11,1.375,session_20260730_223706,student03,0.95,0.738,-0.183,0.644,-77.0,40.47,-41.35,,
1628,2026-07-30T22:45:10.939842+00:00,right,11,1.484,session_20260730_223706,student03,0.95,0.764,-0.123,0.667,-52.43,28.96,-33.94,,
1629,2026-07-30T22:45:11.051104+00:00,right,11,1.594,session_20260730_223706,student03,0.95,0.809,-0.121,0.627,-26.34,17.67,-22.4,,
1630,2026-07-30T22:45:11.151777+00:00,right,11,1.687,session_20260730_223706,student03,0.95,0.815,-0.164,0.603,-13.28,5.68,-11.32,,
1631,2026-07-30T22:45:11.250149+00:00,right,11,1.797,session_20260730_223706,student03,0.95,0.806,-0.212,0.547,-7.9,3.23,-2.32,,
1632,2026-07-30T22:45:11.365451+00:00,right,11,1.906,session_20260730_223706,student03,0.95,0.814,-0.292,0.581,-8.91,5.07,5.4,,
1633,2026-07-30T22:45:12.449953+00:00,left,11,0.0,session_20260730_223706,student03,0.95,0.751,-0.289,0.572,-2.56,1.1,-3.51,,
1634,2026-07-30T22:45:12.550398+00:00,left,11,0.11,session_20260730_223706,student03,0.95,0.772,-0.201,0.622,5.31,2.35,-7.51,,
1635,2026-07-30T22:45:12.655167+00:00,left,11,0.219,session_20260730_223706,student03,0.95,0.823,0.004,0.75,26.15,-22.03,8.82,,
1636,2026-07-30T22:45:12.766860+00:00,left,11,0.328,session_20260730_223706,student03,0.95,0.77,0.098,0.741,65.16,-36.68,24.45,,
1637,2026-07-30T22:45:12.880498+00:00,left,11,0.438,session_20260730_223706,student03,0.95,0.559,0.073,0.721,110.84,-41.41,36.65,,
1638,2026-07-30T22:45:12.990452+00:00,left,11,0.547,session_20260730_223706,student03,0.95,0.708,0.019,0.749,127.26,-26.86,55.91,,
1639,2026-07-30T22:45:13.097379+00:00,left,11,0.656,session_20260730_223706,student03,0.95,0.677,-0.138,0.774,122.75,-11.84,66.32,,
1640,2026-07-30T22:45:13.207204+00:00,left,11,0.766,session_20260730_223706,student03,0.95,0.622,-0.174,0.757,121.04,-12.45,77.61,,
1641,2026-07-30T22:45:13.303069+00:00,left,11,0.86,session_20260730_223706,student03,0.95,0.665,-0.271,0.779,104.07,-9.0,94.39,,
1642,2026-07-30T22:45:13.404559+00:00,left,11,0.969,session_20260730_223706,student03,0.95,0.674,-0.176,0.818,115.88,-3.81,65.37,,
1643,2026-07-30T22:45:13.517046+00:00,left,11,1.078,session_20260730_223706,student03,0.95,0.616,-0.01,0.782,118.41,13.06,60.7,,
1644,2026-07-30T22:45:13.630810+00:00,left,11,1.188,session_20260730_223706,student03,0.95,0.702,-0.229,0.714,113.47,-4.0,72.3,,
1645,2026-07-30T22:45:13.732871+00:00,left,11,1.297,session_20260730_223706,student03,0.95,0.712,-0.203,0.878,84.9,-6.81,94.21,,
1646,2026-07-30T22:45:13.847565+00:00,left,11,1.406,session_20260730_223706,student03,0.95,0.754,-0.374,0.614,86.92,-29.45,81.82,,
1647,2026-07-30T22:45:13.961076+00:00,left,11,1.516,session_20260730_223706,student03,0.95,0.785,-0.327,0.548,81.03,11.72,4.79,,
1648,2026-07-30T22:45:14.068409+00:00,left,11,1.625,session_20260730_223706,student03,0.95,0.785,-0.146,0.662,38.94,16.91,2.38,,
1649,2026-07-30T22:45:14.176342+00:00,left,11,1.735,session_20260730_223706,student03,0.95,0.802,-0.144,0.581,0.73,6.53,5.8,,
1650,2026-07-30T22:45:14.290935+00:00,left,11,1.844,session_20260730_223706,student03,0.95,0.758,0.102,0.661,0.95,12.91,-16.17,,
1651,2026-07-30T22:45:14.396894+00:00,left,11,1.953,session_20260730_223706,student03,0.95,0.744,0.113,0.652,-1.13,7.23,-5.77,,
1652,2026-07-30T22:45:15.710397+00:00,right,12,0.0,session_20260730_223706,student03,0.95,0.671,0.139,0.742,1.22,0.55,3.05,,
1653,2026-07-30T22:45:15.815357+00:00,right,12,0.109,session_20260730_223706,student03,0.95,0.669,0.109,0.738,1.56,-3.6,7.17,,
1654,2026-07-30T22:45:15.926592+00:00,right,12,0.219,session_20260730_223706,student03,0.95,0.792,-0.235,0.739,-35.34,-13.7,15.11,,
1655,2026-07-30T22:45:16.022316+00:00,right,12,0.312,session_20260730_223706,student03,0.95,0.696,-0.226,0.77,-53.71,-5.04,-32.38,,
1656,2026-07-30T22:45:16.125055+00:00,right,12,0.422,session_20260730_223706,student03,0.95,0.695,-0.407,0.829,-82.25,-25.85,-44.4,,
1657,2026-07-30T22:45:16.236887+00:00,right,12,0.531,session_20260730_223706,student03,0.95,0.519,-0.315,0.682,-115.24,-6.41,-77.21,,
1658,2026-07-30T22:45:16.334867+00:00,right,12,0.625,session_20260730_223706,student03,0.95,0.619,-0.307,0.802,-130.07,6.35,-70.01,,
1659,2026-07-30T22:45:16.431087+00:00,right,12,0.719,session_20260730_223706,student03,0.95,0.588,-0.23,0.855,-123.51,11.84,-73.73,,
1660,2026-07-30T22:45:16.525035+00:00,right,12,0.812,session_20260730_223706,student03,0.95,0.581,-0.264,0.819,-106.11,16.14,-93.23,,
1661,2026-07-30T22:45:16.620240+00:00,right,12,0.906,session_20260730_223706,student03,0.95,0.603,-0.265,0.892,-119.72,28.75,-89.11,,
1662,2026-07-30T22:45:16.730969+00:00,right,12,1.015,session_20260730_223706,student03,0.95,0.617,-0.224,0.805,-113.93,20.11,-78.71,,
1663,2026-07-30T22:45:16.820597+00:00,right,12,1.109,session_20260730_223706,student03,0.95,0.61,-0.244,0.776,-129.52,18.07,-50.6,,
1664,2026-07-30T22:45:16.926743+00:00,right,12,1.219,session_20260730_223706,student03,0.95,0.638,-0.192,0.753,-96.77,31.56,-73.73,,
1665,2026-07-30T22:45:17.036663+00:00,right,12,1.328,session_20260730_223706,student03,0.95,0.657,-0.17,0.724,-79.68,30.09,-60.09,,
1666,2026-07-30T22:45:17.131241+00:00,right,12,1.422,session_20260730_223706,student03,0.95,0.718,-0.161,0.728,-73.18,29.63,-41.96,,
1667,2026-07-30T22:45:17.225708+00:00,right,12,1.515,session_20260730_223706,student03,0.95,0.767,-0.167,0.694,-52.61,20.2,-39.46,,
1668,2026-07-30T22:45:17.320863+00:00,right,12,1.609,session_20260730_223706,student03,0.95,0.772,-0.104,0.62,-41.75,12.27,-28.26,,
1669,2026-07-30T22:45:17.422681+00:00,right,12,1.719,session_20260730_223706,student03,0.95,0.762,-0.118,0.621,-30.34,16.75,-26.18,,
1670,2026-07-30T22:45:17.522448+00:00,right,12,1.812,session_20260730_223706,student03,0.95,0.749,-0.125,0.643,-22.1,15.87,-9.09,,
1671,2026-07-30T22:45:17.620197+00:00,right,12,1.906,session_20260730_223706,student03,0.95,0.766,-0.177,0.621,-6.62,13.31,-7.26,,
1672,2026-07-30T22:45:19.061029+00:00,left,12,0.0,session_20260730_223706,student03,0.95,0.735,-0.22,0.641,1.37,2.56,-2.96,,
1673,2026-07-30T22:45:19.170504+00:00,left,12,0.11,session_20260730_223706,student03,0.95,0.732,-0.227,0.656,0.12,0.49,-2.66,,
1674,2026-07-30T22:45:19.277025+00:00,left,12,0.203,session_20260730_223706,student03,0.95,0.747,-0.114,0.72,8.09,1.34,-4.61,,
1675,2026-07-30T22:45:19.372416+00:00,left,12,0.297,session_20260730_223706,student03,0.95,0.741,0.111,0.8,25.03,-9.16,7.14,,
1676,2026-07-30T22:45:19.471211+00:00,left,12,0.406,session_20260730_223706,student03,0.95,0.653,0.149,0.816,53.56,-26.43,32.65,,
1677,2026-07-30T22:45:19.570863+00:00,left,12,0.5,session_20260730_223706,student03,0.95,0.645,0.126,0.827,86.4,-29.82,50.66,,
1678,2026-07-30T22:45:19.670275+00:00,left,12,0.61,session_20260730_223706,student03,0.95,0.631,0.041,0.851,102.21,-39.86,72.15,,
1679,2026-07-30T22:45:19.772311+00:00,left,12,0.703,session_20260730_223706,student03,0.95,0.556,-0.046,0.831,128.45,-34.21,76.63,,
1680,2026-07-30T22:45:19.874626+00:00,left,12,0.813,session_20260730_223706,student03,0.95,0.546,-0.116,0.748,136.02,-13.95,68.27,,
1681,2026-07-30T22:45:19.976595+00:00,left,12,0.906,session_20260730_223706,student03,0.95,0.622,-0.138,0.813,117.19,0.55,82.86,,
1682,2026-07-30T22:45:20.075150+00:00,left,12,1.0,session_20260730_223706,student03,0.95,0.604,-0.096,0.851,121.71,2.23,82.25,,
1683,2026-07-30T22:45:20.174269+00:00,left,12,1.11,session_20260730_223706,student03,0.95,0.662,-0.186,0.803,119.02,-1.4,84.48,,
1684,2026-07-30T22:45:20.275509+00:00,left,12,1.203,session_20260730_223706,student03,0.95,0.701,-0.207,0.778,110.97,7.23,71.99,,
1685,2026-07-30T22:45:20.371415+00:00,left,12,1.297,session_20260730_223706,student03,0.95,0.696,-0.148,0.812,90.64,4.15,79.29,,
1686,2026-07-30T22:45:20.470360+00:00,left,12,1.406,session_20260730_223706,student03,0.95,0.741,-0.232,0.878,90.15,-5.37,74.74,,
1687,2026-07-30T22:45:20.577270+00:00,left,12,1.516,session_20260730_223706,student03,0.95,0.727,-0.282,0.71,116.67,-19.5,31.53,,
1688,2026-07-30T22:45:20.687133+00:00,left,12,1.625,session_20260730_223706,student03,0.95,0.804,-0.214,0.539,70.8,-15.11,46.57,,
1689,2026-07-30T22:45:20.797219+00:00,left,12,1.735,session_20260730_223706,student03,0.95,0.828,-0.161,0.521,28.23,4.33,27.44,,
1690,2026-07-30T22:45:20.910862+00:00,left,12,1.844,session_20260730_223706,student03,0.95,0.826,-0.1,0.581,6.38,12.27,9.25,,
1691,2026-07-30T22:45:21.017088+00:00,left,12,1.953,session_20260730_223706,student03,0.95,0.812,-0.007,0.646,-5.49,10.71,-0.12,,
1692,2026-07-30T22:45:22.086612+00:00,right,13,0.0,session_20260730_223706,student03,0.95,0.739,0.146,0.707,-6.13,3.51,-2.87,,
1693,2026-07-30T22:45:22.195913+00:00,right,13,0.109,session_20260730_223706,student03,0.95,0.757,0.068,0.661,-1.92,-2.41,-0.03,,
1694,2026-07-30T22:45:22.291314+00:00,right,13,0.203,session_20260730_223706,student03,0.95,0.784,-0.068,0.711,-13.7,-1.1,-2.66,,
1695,2026-07-30T22:45:22.385018+00:00,right,13,0.297,session_20260730_223706,student03,0.95,0.819,-0.222,0.682,-38.91,-11.29,-4.67,,
1696,2026-07-30T22:45:22.482303+00:00,right,13,0.406,session_20260730_223706,student03,0.95,0.736,-0.331,0.687,-69.8,-14.65,-28.53,,
1697,2026-07-30T22:45:22.598337+00:00,right,13,0.515,session_20260730_223706,student03,0.95,0.659,-0.302,0.742,-101.81,-0.46,-58.32,,
1698,2026-07-30T22:45:22.710771+00:00,right,13,0.625,session_20260730_223706,student03,0.95,0.571,-0.277,0.822,-123.36,-0.55,-69.86,,
1699,2026-07-30T22:45:22.806536+00:00,right,13,0.719,session_20260730_223706,student03,0.95,0.555,-0.184,0.852,-138.52,14.01,-70.19,,
1700,2026-07-30T22:45:22.905776+00:00,right,13,0.828,session_20260730_223706,student03,0.95,0.621,-0.177,0.837,-124.79,11.35,-70.16,,
1701,2026-07-30T22:45:23.016639+00:00,right,13,0.937,session_20260730_223706,student03,0.95,0.658,-0.27,0.838,-114.38,14.8,-71.14,,
1702,2026-07-30T22:45:23.130250+00:00,right,13,1.047,session_20260730_223706,student03,0.95,0.702,-0.305,0.813,-127.32,20.66,-48.13,,
1703,2026-07-30T22:45:23.237229+00:00,right,13,1.156,session_20260730_223706,student03,0.95,0.649,-0.236,0.704,-114.93,18.95,-58.53,,
1704,2026-07-30T22:45:23.347072+00:00,right,13,1.265,session_20260730_223706,student03,0.95,0.625,-0.197,0.673,-101.02,30.15,-55.73,,
1705,2026-07-30T22:45:23.457358+00:00,right,13,1.375,session_20260730_223706,student03,0.95,0.709,-0.165,0.652,-86.95,39.64,-44.98,,
1706,2026-07-30T22:45:23.555764+00:00,right,13,1.469,session_20260730_223706,student03,0.95,0.817,-0.181,0.633,-56.46,32.23,-46.36,,
1707,2026-07-30T22:45:23.655442+00:00,right,13,1.578,session_20260730_223706,student03,0.95,0.758,-0.121,0.663,-42.88,29.18,-36.9,,
1708,2026-07-30T22:45:23.770711+00:00,right,13,1.687,session_20260730_223706,student03,0.95,0.799,-0.124,0.652,-23.53,18.1,-25.7,,
1709,2026-07-30T22:45:23.880692+00:00,right,13,1.797,session_20260730_223706,student03,0.95,0.788,-0.163,0.605,-7.97,9.95,-18.77,,
1710,2026-07-30T22:45:23.982076+00:00,right,13,1.89,session_20260730_223706,student03,0.95,0.814,-0.214,0.606,-5.25,6.35,-12.15,,
1711,2026-07-30T22:45:25.325754+00:00,left,13,0.0,session_20260730_223706,student03,0.95,0.748,-0.187,0.605,3.33,-0.15,-4.82,,
1712,2026-07-30T22:45:25.420961+00:00,left,13,0.11,session_20260730_223706,student03,0.95,0.754,-0.169,0.618,-1.98,2.14,-0.4,,
1713,2026-07-30T22:45:25.526196+00:00,left,13,0.203,session_20260730_223706,student03,0.95,0.77,-0.117,0.646,3.17,2.08,-0.4,,
1714,2026-07-30T22:45:25.620586+00:00,left,13,0.297,session_20260730_223706,student03,0.95,0.783,0.103,0.764,24.66,-6.47,2.56,,
1715,2026-07-30T22:45:25.714880+00:00,left,13,0.391,session_20260730_223706,student03,0.95,0.795,0.141,0.724,47.61,-25.42,22.1,,
1716,2026-07-30T22:45:25.813633+00:00,left,13,0.5,session_20260730_223706,student03,0.95,0.618,0.203,0.665,66.16,-19.14,41.78,,
1717,2026-07-30T22:45:25.927877+00:00,left,13,0.61,session_20260730_223706,student03,0.95,0.67,0.074,0.807,87.53,-13.18,59.76,,
1718,2026-07-30T22:45:26.041122+00:00,left,13,0.719,session_20260730_223706,student03,0.95,0.576,0.047,0.916,110.6,-14.71,83.53,,
1719,2026-07-30T22:45:26.141198+00:00,left,13,0.828,session_20260730_223706,student03,0.95,0.609,-0.124,0.868,119.05,-26.8,99.31,,
1720,2026-07-30T22:45:26.248177+00:00,left,13,0.938,session_20260730_223706,student03,0.95,0.623,-0.22,0.797,121.43,-17.4,94.0,,
1721,2026-07-30T22:45:26.367029+00:00,left,13,1.047,session_20260730_223706,student03,0.95,0.598,-0.155,0.939,120.09,-0.34,85.02,,
1722,2026-07-30T22:45:26.463708+00:00,left,13,1.141,session_20260730_223706,student03,0.95,0.617,-0.306,0.865,129.73,-23.44,81.18,,
1723,2026-07-30T22:45:26.566174+00:00,left,13,1.25,session_20260730_223706,student03,0.95,0.695,-0.287,0.725,105.93,-9.77,80.39,,
1724,2026-07-30T22:45:26.677766+00:00,left,13,1.36,session_20260730_223706,student03,0.95,0.656,-0.141,0.811,90.43,23.35,58.87,,
1725,2026-07-30T22:45:26.772351+00:00,left,13,1.453,session_20260730_223706,student03,0.95,0.678,-0.237,0.805,83.71,-6.53,78.83,,
1726,2026-07-30T22:45:26.881074+00:00,left,13,1.563,session_20260730_223706,student03,0.95,0.732,-0.311,0.687,84.75,-14.31,60.52,,
1727,2026-07-30T22:45:26.975866+00:00,left,13,1.656,session_20260730_223706,student03,0.95,0.785,-0.368,0.461,45.2,-24.87,56.34,,
1728,2026-07-30T22:45:27.071084+00:00,left,13,1.75,session_20260730_223706,student03,0.95,0.714,-0.142,0.617,26.52,21.49,-22.77,,
1729,2026-07-30T22:45:27.170650+00:00,left,13,1.86,session_20260730_223706,student03,0.95,0.77,-0.085,0.595,4.43,-3.14,3.33,,
1730,2026-07-30T22:45:27.276209+00:00,left,13,1.953,session_20260730_223706,student03,0.95,0.76,0.026,0.64,6.78,4.73,-0.98,,
1731,2026-07-30T22:45:28.442205+00:00,right,14,0.0,session_20260730_223706,student03,0.95,0.724,0.01,0.67,3.72,1.43,-3.39,,
1732,2026-07-30T22:45:28.557360+00:00,right,14,0.11,session_20260730_223706,student03,0.95,0.743,-0.016,0.694,-0.64,0.31,4.85,,
1733,2026-07-30T22:45:28.666778+00:00,right,14,0.219,session_20260730_223706,student03,0.95,0.774,-0.11,0.695,-5.19,-2.04,2.78,,
1734,2026-07-30T22:45:28.776685+00:00,right,14,0.328,session_20260730_223706,student03,0.95,0.779,-0.331,0.67,-33.91,-7.32,-1.5,,
1735,2026-07-30T22:45:28.872342+00:00,right,14,0.422,session_20260730_223706,student03,0.95,0.736,-0.548,0.676,-69.86,-17.55,-17.52,,
1736,2026-07-30T22:45:28.978318+00:00,right,14,0.531,session_20260730_223706,student03,0.95,0.613,-0.51,0.704,-97.96,1.07,-61.01,,
1737,2026-07-30T22:45:29.071197+00:00,right,14,0.625,session_20260730_223706,student03,0.95,0.539,-0.297,0.802,-100.92,11.69,-104.01,,
1738,2026-07-30T22:45:29.170995+00:00,right,14,0.735,session_20260730_223706,student03,0.95,0.596,-0.317,0.859,-130.77,13.4,-84.69,,
1739,2026-07-30T22:45:29.273394+00:00,right,14,0.828,session_20260730_223706,student03,0.95,0.547,-0.158,0.858,-131.02,20.42,-87.1,,
1740,2026-07-30T22:45:29.374678+00:00,right,14,0.938,session_20260730_223706,student03,0.95,0.604,-0.192,0.897,-134.53,18.22,-69.49,,
1741,2026-07-30T22:45:29.488121+00:00,right,14,1.047,session_20260730_223706,student03,0.95,0.621,-0.197,0.865,-114.57,21.49,-72.12,,
1742,2026-07-30T22:45:29.584502+00:00,right,14,1.141,session_20260730_223706,student03,0.95,0.675,-0.224,0.777,-108.55,20.48,-61.49,,
1743,2026-07-30T22:45:29.682629+00:00,right,14,1.235,session_20260730_223706,student03,0.95,0.699,-0.247,0.645,-108.52,27.13,-48.4,,
1744,2026-07-30T22:45:29.782197+00:00,right,14,1.344,session_20260730_223706,student03,0.95,0.667,-0.099,0.722,-88.93,36.81,-59.24,,
1745,2026-07-30T22:45:29.880568+00:00,right,14,1.438,session_20260730_223706,student03,0.95,0.712,-0.205,0.643,-87.07,25.09,-26.15,,
1746,2026-07-30T22:45:29.997464+00:00,right,14,1.547,session_20260730_223706,student03,0.95,0.742,-0.119,0.655,-54.6,30.43,-47.58,,
1747,2026-07-30T22:45:30.092370+00:00,right,14,1.656,session_20260730_223706,student03,0.95,0.817,-0.195,0.65,-33.88,22.13,-40.71,,
1748,2026-07-30T22:45:30.207604+00:00,right,14,1.766,session_20260730_223706,student03,0.95,0.701,-0.072,0.617,-22.8,12.42,-24.14,,
1749,2026-07-30T22:45:30.318611+00:00,right,14,1.875,session_20260730_223706,student03,0.95,0.826,-0.211,0.522,-14.59,5.8,-4.21,,
1750,2026-07-30T22:45:30.421466+00:00,right,14,1.985,session_20260730_223706,student03,0.95,0.786,-0.242,0.542,-11.14,11.02,0.37,,
1751,2026-07-30T22:45:32.416213+00:00,left,14,0.0,session_20260730_223706,student03,0.95,0.739,-0.256,0.634,-1.25,6.68,-3.54,,
1752,2026-07-30T22:45:32.527199+00:00,left,14,0.109,session_20260730_223706,student03,0.95,0.739,-0.208,0.649,3.33,4.33,-4.3,,
1753,2026-07-30T22:45:32.621829+00:00,left,14,0.203,session_20260730_223706,student03,0.95,0.771,-0.044,0.739,23.62,-1.34,-8.18,,
1754,2026-07-30T22:45:32.727687+00:00,left,14,0.312,session_20260730_223706,student03,0.95,0.807,-0.005,0.748,38.61,-18.83,10.44,,
1755,2026-07-30T22:45:32.821344+00:00,left,14,0.406,session_20260730_223706,student03,0.95,0.702,0.122,0.729,63.36,-22.19,26.64,,
1756,2026-07-30T22:45:32.928434+00:00,left,14,0.516,session_20260730_223706,student03,0.95,0.65,0.048,0.809,90.67,-24.17,43.37,,
1757,2026-07-30T22:45:33.041682+00:00,left,14,0.625,session_20260730_223706,student03,0.95,0.595,0.055,0.881,114.63,-25.85,65.71,,
1758,2026-07-30T22:45:33.142199+00:00,left,14,0.734,session_20260730_223706,student03,0.95,0.603,-0.049,0.887,128.82,-34.88,76.6,,
1759,2026-07-30T22:45:33.247898+00:00,left,14,0.844,session_20260730_223706,student03,0.95,0.577,-0.107,0.874,139.23,-16.82,80.87,,
1760,2026-07-30T22:45:33.356766+00:00,left,14,0.937,session_20260730_223706,student03,0.95,0.599,0.019,0.815,125.49,10.32,97.87,,
1761,2026-07-30T22:45:33.451640+00:00,left,14,1.047,session_20260730_223706,student03,0.95,0.574,-0.139,0.97,134.74,-2.66,96.35,,
1762,2026-07-30T22:45:33.556738+00:00,left,14,1.141,session_20260730_223706,student03,0.95,0.639,-0.206,0.856,137.76,5.52,70.07,,
1763,2026-07-30T22:45:33.652564+00:00,left,14,1.234,session_20260730_223706,student03,0.95,0.595,-0.062,0.762,125.52,3.05,74.43,,
1764,2026-07-30T22:45:33.751914+00:00,left,14,1.344,session_20260730_223706,student03,0.95,0.792,-0.377,0.807,88.53,-5.77,82.89,,
1765,2026-07-30T22:45:33.851670+00:00,left,14,1.437,session_20260730_223706,student03,0.95,0.761,-0.283,0.633,68.76,-11.81,55.06,,
1766,2026-07-30T22:45:33.945530+00:00,left,14,1.531,session_20260730_223706,student03,0.95,0.759,-0.164,0.506,69.12,9.03,8.85,,
1767,2026-07-30T22:45:34.041253+00:00,left,14,1.625,session_20260730_223706,student03,0.95,0.767,-0.214,0.577,27.13,-1.22,45.01,,
1768,2026-07-30T22:45:34.134884+00:00,left,14,1.719,session_20260730_223706,student03,0.95,0.853,-0.099,0.523,20.63,22.55,2.44,,
1769,2026-07-30T22:45:34.232745+00:00,left,14,1.828,session_20260730_223706,student03,0.95,0.838,0.002,0.781,-1.92,7.2,12.27,,
1770,2026-07-30T22:45:34.348645+00:00,left,14,1.937,session_20260730_223706,student03,0.95,0.755,0.08,0.599,-0.55,-2.08,-0.37,,
1771,2026-07-30T22:45:43.696462+00:00,bye-bye,0,0.0,session_20260730_223706,student03,0.95,1.401,-3.553,0.249,35.13,-140.72,167.85,,
1772,2026-07-30T22:45:43.791288+00:00,bye-bye,0,0.094,session_20260730_223706,student03,0.95,0.431,-0.748,0.462,-115.85,112.03,-381.08,,
1773,2026-07-30T22:45:43.892103+00:00,bye-bye,0,0.203,session_20260730_223706,student03,0.95,-0.506,2.873,0.203,80.6,-36.74,-274.27,,
1774,2026-07-30T22:45:43.998452+00:00,bye-bye,0,0.313,session_20260730_223706,student03,0.95,-0.024,0.32,0.341,136.66,53.62,397.44,,
1775,2026-07-30T22:45:44.111505+00:00,bye-bye,0,0.422,session_20260730_223706,student03,0.95,1.814,-3.078,-0.49,81.94,-58.26,-69.28,,
1776,2026-07-30T22:45:44.221699+00:00,bye-bye,0,0.531,session_20260730_223706,student03,0.95,-0.003,0.313,0.414,-57.71,140.57,-480.09,,
1777,2026-07-30T22:45:44.331237+00:00,bye-bye,0,0.641,session_20260730_223706,student03,0.95,-0.415,2.361,0.153,18.92,-49.04,133.61,,
1778,2026-07-30T22:45:44.438770+00:00,bye-bye,0,0.75,session_20260730_223706,student03,0.95,0.031,-0.698,0.447,-2.04,50.14,527.6,,
1779,2026-07-30T22:45:44.546902+00:00,bye-bye,0,0.86,session_20260730_223706,student03,0.95,1.184,-2.123,-0.176,-75.05,49.59,-160.71,,
1780,2026-07-30T22:45:44.661714+00:00,bye-bye,0,0.969,session_20260730_223706,student03,0.95,-0.155,0.473,0.884,-18.04,52.77,-482.68,,
1781,2026-07-30T22:45:44.755171+00:00,bye-bye,0,1.063,session_20260730_223706,student03,0.95,-0.495,2.598,-0.234,75.11,-71.75,-30.58,,
1782,2026-07-30T22:45:44.853102+00:00,bye-bye,0,1.156,session_20260730_223706,student03,0.95,-0.178,0.544,0.417,121.71,87.01,416.39,,
1783,2026-07-30T22:45:44.952482+00:00,bye-bye,0,1.266,session_20260730_223706,student03,0.95,1.215,-3.484,0.72,-84.35,-136.33,337.29,,
1784,2026-07-30T22:45:45.058883+00:00,bye-bye,0,1.36,session_20260730_223706,student03,0.95,0.522,-0.778,0.612,-137.21,106.54,-397.47,,
1785,2026-07-30T22:45:45.148097+00:00,bye-bye,0,1.453,session_20260730_223706,student03,0.95,-0.637,1.328,0.789,98.67,-15.08,-413.89,,
1786,2026-07-30T22:45:45.257154+00:00,bye-bye,0,1.563,session_20260730_223706,student03,0.95,-0.23,1.469,0.032,141.03,42.94,269.39,,
1787,2026-07-30T22:45:45.357948+00:00,bye-bye,0,1.672,session_20260730_223706,student03,0.95,-0.075,-1.129,0.681,-39.12,87.86,579.76,,
1788,2026-07-30T22:45:45.468329+00:00,bye-bye,0,1.781,session_20260730_223706,student03,0.95,0.99,-1.871,0.016,-137.27,83.5,-266.24,,
1789,2026-07-30T22:45:45.578252+00:00,bye-bye,0,1.891,session_20260730_223706,student03,0.95,-1.06,0.832,0.726,61.04,134.86,-633.44,,
1790,2026-07-30T22:46:23.884612+00:00,one-arm-boxing,0,0.0,session_20260730_223706,student03,0.95,0.544,0.587,0.596,-0.61,0.49,-2.11,,
1791,2026-07-30T22:46:23.987541+00:00,one-arm-boxing,0,0.109,session_20260730_223706,student03,0.95,0.563,0.609,0.571,-2.17,-5.8,2.5,,
1792,2026-07-30T22:46:24.098766+00:00,one-arm-boxing,0,0.218,session_20260730_223706,student03,0.95,0.763,0.461,0.55,-5.65,-1.07,-18.92,,
1793,2026-07-30T22:46:24.209034+00:00,one-arm-boxing,0,0.328,session_20260730_223706,student03,0.95,1.52,0.228,0.514,-65.77,29.6,24.29,,
1794,2026-07-30T22:46:24.318613+00:00,one-arm-boxing,0,0.437,session_20260730_223706,student03,0.95,1.518,-0.043,0.321,-87.83,100.74,-3.6,,
1795,2026-07-30T22:46:24.414236+00:00,one-arm-boxing,0,0.531,session_20260730_223706,student03,0.95,-1.839,-0.159,0.519,-50.57,100.77,-174.6,,
1796,2026-07-30T22:46:24.513447+00:00,one-arm-boxing,0,0.64,session_20260730_223706,student03,0.95,-1.313,1.794,1.945,-36.62,16.6,-24.54,,
1797,2026-07-30T22:46:24.620295+00:00,one-arm-boxing,0,0.734,session_20260730_223706,student03,0.95,-0.967,0.101,0.754,32.56,-120.46,77.61,,
1798,2026-07-30T22:46:24.713069+00:00,one-arm-boxing,0,0.828,session_20260730_223706,student03,0.95,0.292,0.292,0.624,60.82,-56.31,46.14,,
1799,2026-07-30T22:46:24.807292+00:00,one-arm-boxing,0,0.922,session_20260730_223706,student03,0.95,1.338,0.621,0.195,61.8,3.63,-42.48,,
1800,2026-07-30T22:46:24.904395+00:00,one-arm-boxing,0,1.031,session_20260730_223706,student03,0.95,1.398,0.369,0.251,91.95,39.43,-54.17,,
1801,2026-07-30T22:46:25.018968+00:00,one-arm-boxing,0,1.14,session_20260730_223706,student03,0.95,1.326,0.559,0.619,-68.82,-46.94,79.71,,
1802,2026-07-30T22:46:25.130043+00:00,one-arm-boxing,0,1.25,session_20260730_223706,student03,0.95,1.65,-0.135,0.005,-86.55,29.39,-24.35,,
1803,2026-07-30T22:46:25.233495+00:00,one-arm-boxing,0,1.359,session_20260730_223706,student03,0.95,-2.495,0.111,0.687,-26.22,234.02,-134.89,,
1804,2026-07-30T22:46:25.333824+00:00,one-arm-boxing,0,1.453,session_20260730_223706,student03,0.95,-1.257,1.123,1.982,6.26,-5.22,23.65,,
1805,2026-07-30T22:46:25.439812+00:00,one-arm-boxing,0,1.562,session_20260730_223706,student03,0.95,-1.054,0.371,0.704,51.76,-135.53,122.2,,
1806,2026-07-30T22:46:25.549275+00:00,one-arm-boxing,0,1.672,session_20260730_223706,student03,0.95,0.87,0.245,0.498,25.15,-42.51,96.35,,
1807,2026-07-30T22:46:25.647768+00:00,one-arm-boxing,0,1.765,session_20260730_223706,student03,0.95,1.71,-0.403,0.371,76.69,-3.88,34.85,,
1808,2026-07-30T22:46:25.763378+00:00,one-arm-boxing,0,1.875,session_20260730_223706,student03,0.95,0.516,1.107,0.705,36.56,35.28,-10.71,,
1809,2026-07-30T22:46:25.858658+00:00,one-arm-boxing,0,1.984,session_20260730_223706,student03,0.95,0.567,0.516,0.792,3.94,-17.18,-13.95,,
1810,2026-07-30T22:46:28.863891+00:00,bye-bye,1,0.0,session_20260730_223706,student03,0.95,-0.563,1.113,0.346,73.89,40.41,377.42,,
1811,2026-07-30T22:46:28.966261+00:00,bye-bye,1,0.094,session_20260730_223706,student03,0.95,1.76,-3.987,0.323,-138.92,-201.45,224.68,,
1812,2026-07-30T22:46:29.064479+00:00,bye-bye,1,0.203,session_20260730_223706,student03,0.95,-0.099,-0.241,0.513,2.93,97.14,-510.15,,
1813,2026-07-30T22:46:29.183263+00:00,bye-bye,1,0.313,session_20260730_223706,student03,0.95,-0.55,1.999,0.059,14.86,-16.27,310.59,,
1814,2026-07-30T22:46:29.283938+00:00,bye-bye,1,0.422,session_20260730_223706,student03,0.95,0.743,-4.0,1.03,-239.05,-14.07,560.53,,
1815,2026-07-30T22:46:29.387959+00:00,bye-bye,1,0.516,session_20260730_223706,student03,0.95,0.234,-0.805,0.434,-80.78,66.77,-526.57,,
1816,2026-07-30T22:46:29.483927+00:00,bye-bye,1,0.625,session_20260730_223706,student03,0.95,-1.259,3.919,0.034,11.29,-99.77,65.46,,
1817,2026-07-30T22:46:29.584177+00:00,bye-bye,1,0.719,session_20260730_223706,student03,0.95,-0.338,-0.252,0.324,137.82,88.6,534.26,,
1818,2026-07-30T22:46:29.689954+00:00,bye-bye,1,0.828,session_20260730_223706,student03,0.95,1.288,-2.31,-0.376,0.12,68.24,-299.81,,
1819,2026-07-30T22:46:29.799061+00:00,bye-bye,1,0.938,session_20260730_223706,student03,0.95,-1.343,2.858,0.604,12.18,-24.6,-368.97,,
1820,2026-07-30T22:46:29.909465+00:00,bye-bye,1,1.047,session_20260730_223706,student03,0.95,-0.506,0.578,0.327,165.9,59.66,473.56,,
1821,2026-07-30T22:46:30.022305+00:00,bye-bye,1,1.156,session_20260730_223706,student03,0.95,1.793,-3.888,-0.405,155.1,-74.53,-157.96,,
1822,2026-07-30T22:46:30.116404+00:00,bye-bye,1,1.25,session_20260730_223706,student03,0.95,-0.99,1.273,0.456,42.6,129.09,-611.26,,
1823,2026-07-30T22:46:30.213244+00:00,bye-bye,1,1.344,session_20260730_223706,student03,0.95,-0.618,1.687,0.021,76.48,26.09,373.21,,
1824,2026-07-30T22:46:30.313926+00:00,bye-bye,1,1.453,session_20260730_223706,student03,0.95,-0.034,-3.327,1.008,-250.1,148.23,658.99,,
1825,2026-07-30T22:46:30.423124+00:00,bye-bye,1,1.563,session_20260730_223706,student03,0.95,0.132,-1.084,0.565,-120.64,101.29,-512.1,,
1826,2026-07-30T22:46:30.530344+00:00,bye-bye,1,1.672,session_20260730_223706,student03,0.95,-1.362,4.0,-0.11,38.36,-101.72,57.25,,
1827,2026-07-30T22:46:30.640154+00:00,bye-bye,1,1.781,session_20260730_223706,student03,0.95,-0.347,-1.679,0.68,-149.94,136.51,719.57,,
1828,2026-07-30T22:46:30.749589+00:00,bye-bye,1,1.891,session_20260730_223706,student03,0.95,0.38,-1.232,0.503,-116.34,75.44,-510.24,,
1829,2026-07-30T22:46:33.267721+00:00,one-arm-boxing,1,0.0,session_20260730_223706,student03,0.95,0.584,0.643,0.538,-2.9,8.39,-0.52,,
1830,2026-07-30T22:46:33.378906+00:00,one-arm-boxing,1,0.11,session_20260730_223706,student03,0.95,0.594,0.581,0.527,-5.83,0.7,-2.2,,
1831,2026-07-30T22:46:33.478172+00:00,one-arm-boxing,1,0.203,session_20260730_223706,student03,0.95,0.621,0.542,0.521,-6.07,0.55,-8.09,,
1832,2026-07-30T22:46:33.573300+00:00,one-arm-boxing,1,0.297,session_20260730_223706,student03,0.95,1.169,0.687,0.543,-53.38,4.33,-31.22,,
1833,2026-07-30T22:46:33.673903+00:00,one-arm-boxing,1,0.407,session_20260730_223706,student03,0.95,1.946,0.212,-0.159,-54.26,0.24,65.13,,
1834,2026-07-30T22:46:33.779380+00:00,one-arm-boxing,1,0.516,session_20260730_223706,student03,0.95,0.072,0.186,0.409,-37.48,98.03,-76.82,,
1835,2026-07-30T22:46:33.888706+00:00,one-arm-boxing,1,0.625,session_20260730_223706,student03,0.95,-1.801,1.448,2.254,62.53,72.6,-173.07,,
1836,2026-07-30T22:46:34.003414+00:00,one-arm-boxing,1,0.735,session_20260730_223706,student03,0.95,-0.858,-0.212,0.866,-63.2,-104.77,102.48,,
1837,2026-07-30T22:46:34.108122+00:00,one-arm-boxing,1,0.844,session_20260730_223706,student03,0.95,0.363,0.455,0.704,2.93,-1.28,20.36,,
1838,2026-07-30T22:46:34.218532+00:00,one-arm-boxing,1,0.953,session_20260730_223706,student03,0.95,1.437,0.333,0.64,-7.66,-11.47,-48.98,,
1839,2026-07-30T22:46:34.333699+00:00,one-arm-boxing,1,1.063,session_20260730_223706,student03,0.95,1.092,0.673,0.351,76.78,-13.76,-12.76,,
1840,2026-07-30T22:46:34.449649+00:00,one-arm-boxing,1,1.172,session_20260730_223706,student03,0.95,1.798,0.208,0.697,-109.68,-31.92,60.09,,
1841,2026-07-30T22:46:34.547508+00:00,one-arm-boxing,1,1.282,session_20260730_223706,student03,0.95,1.515,-0.463,0.196,-128.57,93.72,-84.57,,
1842,2026-07-30T22:46:34.660021+00:00,one-arm-boxing,1,1.391,session_20260730_223706,student03,0.95,-3.809,0.551,2.024,-135.04,298.44,-266.49,,
1843,2026-07-30T22:46:34.770246+00:00,one-arm-boxing,1,1.5,session_20260730_223706,student03,0.95,-1.091,0.088,0.563,1.37,-151.43,142.34,,
1844,2026-07-30T22:46:34.874120+00:00,one-arm-boxing,1,1.61,session_20260730_223706,student03,0.95,-0.341,-0.159,0.84,-39.92,-38.09,88.69,,
1845,2026-07-30T22:46:34.989772+00:00,one-arm-boxing,1,1.719,session_20260730_223706,student03,0.95,1.198,-0.024,0.89,-8.79,36.04,40.16,,
1846,2026-07-30T22:46:35.099798+00:00,one-arm-boxing,1,1.828,session_20260730_223706,student03,0.95,1.172,-0.215,0.01,188.42,-49.35,-24.2,,
1847,2026-07-30T22:46:35.214001+00:00,one-arm-boxing,1,1.938,session_20260730_223706,student03,0.95,0.549,0.265,0.897,43.12,-1.65,29.27,,
1848,2026-07-30T22:46:37.419029+00:00,bye-bye,2,0.0,session_20260730_223706,student03,0.95,-0.417,-0.918,0.691,-76.14,155.49,-564.84,,
1849,2026-07-30T22:46:37.529568+00:00,bye-bye,2,0.125,session_20260730_223706,student03,0.95,-0.991,3.168,0.04,-30.12,3.2,140.05,,
1850,2026-07-30T22:46:37.639897+00:00,bye-bye,2,0.234,session_20260730_223706,student03,0.95,0.172,-2.061,0.887,-198.8,17.76,602.98,,
1851,2026-07-30T22:46:37.752790+00:00,bye-bye,2,0.344,session_20260730_223706,student03,0.95,0.39,-1.23,0.321,-39.09,83.71,-470.29,,
1852,2026-07-30T22:46:37.863074+00:00,bye-bye,2,0.453,session_20260730_223706,student03,0.95,-1.148,3.764,-0.468,-19.71,-76.85,101.5,,
1853,2026-07-30T22:46:37.969401+00:00,bye-bye,2,0.562,session_20260730_223706,student03,0.95,-0.175,-1.925,0.656,-189.92,71.47,693.56,,
1854,2026-07-30T22:46:38.084022+00:00,bye-bye,2,0.672,session_20260730_223706,student03,0.95,0.123,-1.141,0.736,-83.68,122.07,-554.67,,
1855,2026-07-30T22:46:38.199670+00:00,bye-bye,2,0.781,session_20260730_223706,student03,0.95,-1.246,3.757,-0.491,-62.07,-118.11,124.21,,
1856,2026-07-30T22:46:38.294152+00:00,bye-bye,2,0.875,session_20260730_223706,student03,0.95,-0.558,-0.103,0.361,93.23,125.77,571.31,,
1857,2026-07-30T22:46:38.386324+00:00,bye-bye,2,0.969,session_20260730_223706,student03,0.95,1.737,-3.173,-0.35,131.96,8.45,-260.9,,
1858,2026-07-30T22:46:38.485787+00:00,bye-bye,2,1.078,session_20260730_223706,student03,0.95,-2.077,1.305,-0.322,232.92,40.47,-762.08,,
1859,2026-07-30T22:46:38.586418+00:00,bye-bye,2,1.172,session_20260730_223706,student03,0.95,-0.755,0.876,0.162,89.82,55.09,511.49,,
1860,2026-07-30T22:46:38.685056+00:00,bye-bye,2,1.266,session_20260730_223706,student03,0.95,1.736,-3.98,0.301,-238.81,-290.96,182.53,,
1861,2026-07-30T22:46:38.788306+00:00,bye-bye,2,1.375,session_20260730_223706,student03,0.95,-0.607,-0.474,0.603,124.79,94.85,-683.92,,
1862,2026-07-30T22:46:38.884443+00:00,bye-bye,2,1.469,session_20260730_223706,student03,0.95,-0.98,3.208,-0.431,-103.55,-99.4,173.68,,
1863,2026-07-30T22:46:38.978361+00:00,bye-bye,2,1.562,session_20260730_223706,student03,0.95,-0.41,-1.114,0.674,-168.25,109.93,691.92,,
1864,2026-07-30T22:46:39.074625+00:00,bye-bye,2,1.656,session_20260730_223706,student03,0.95,0.863,-2.147,-0.042,-21.94,109.9,-432.54,,
1865,2026-07-30T22:46:39.177377+00:00,bye-bye,2,1.766,session_20260730_223706,student03,0.95,-2.04,4.0,-0.194,165.07,-108.68,-279.58,,
1866,2026-07-30T22:46:39.277895+00:00,bye-bye,2,1.859,session_20260730_223706,student03,0.95,-0.546,0.063,0.089,167.85,71.84,552.72,,
1867,2026-07-30T22:46:39.373682+00:00,bye-bye,2,1.969,session_20260730_223706,student03,0.95,2.018,-4.0,-0.371,171.18,-34.7,-170.72,,
1868,2026-07-30T22:46:41.572818+00:00,one-arm-boxing,2,0.0,session_20260730_223706,student03,0.95,0.484,0.631,0.604,-7.72,-6.07,-4.09,,
1869,2026-07-30T22:46:41.667401+00:00,one-arm-boxing,2,0.094,session_20260730_223706,student03,0.95,0.468,0.654,0.578,-6.47,-2.9,-6.9,,
1870,2026-07-30T22:46:41.764253+00:00,one-arm-boxing,2,0.203,session_20260730_223706,student03,0.95,0.456,0.673,0.581,-1.16,4.58,-6.84,,
1871,2026-07-30T22:46:41.880369+00:00,one-arm-boxing,2,0.313,session_20260730_223706,student03,0.95,0.904,0.63,0.715,-11.14,15.41,-20.26,,
1872,2026-07-30T22:46:41.974868+00:00,one-arm-boxing,2,0.406,session_20260730_223706,student03,0.95,2.022,0.422,0.154,-71.14,-26.0,60.09,,
1873,2026-07-30T22:46:42.077163+00:00,one-arm-boxing,2,0.516,session_20260730_223706,student03,0.95,1.186,-0.134,-0.471,-101.17,143.59,-103.06,,
1874,2026-07-30T22:46:42.178678+00:00,one-arm-boxing,2,0.61,session_20260730_223706,student03,0.95,-3.319,2.237,1.935,-33.69,218.24,-386.15,,
1875,2026-07-30T22:46:42.275811+00:00,one-arm-boxing,2,0.703,session_20260730_223706,student03,0.95,-1.122,-0.323,0.714,94.09,-112.55,152.84,,
1876,2026-07-30T22:46:42.378308+00:00,one-arm-boxing,2,0.813,session_20260730_223706,student03,0.95,-0.333,0.233,0.68,-13.73,0.89,69.12,,
1877,2026-07-30T22:46:42.474178+00:00,one-arm-boxing,2,0.906,session_20260730_223706,student03,0.95,0.929,0.488,0.67,-3.78,-32.99,27.92,,
1878,2026-07-30T22:46:42.575014+00:00,one-arm-boxing,2,1.0,session_20260730_223706,student03,0.95,1.568,0.158,1.11,92.99,-58.44,-25.67,,
1879,2026-07-30T22:46:42.667119+00:00,one-arm-boxing,2,1.094,session_20260730_223706,student03,0.95,1.405,0.426,0.641,-93.84,-32.93,-37.57,,
1880,2026-07-30T22:46:42.767612+00:00,one-arm-boxing,2,1.203,session_20260730_223706,student03,0.95,2.753,-0.406,-0.028,-57.22,-49.75,64.91,,
1881,2026-07-30T22:46:42.868230+00:00,one-arm-boxing,2,1.297,session_20260730_223706,student03,0.95,-2.842,-0.903,-0.063,1.34,196.2,-141.82,,
1882,2026-07-30T22:46:42.963826+00:00,one-arm-boxing,2,1.391,session_20260730_223706,student03,0.95,-1.764,-1.126,1.505,150.09,-245.74,308.18,,
1883,2026-07-30T22:46:43.054923+00:00,one-arm-boxing,2,1.485,session_20260730_223706,student03,0.95,-1.084,-0.232,0.369,9.4,-110.72,134.19,,
1884,2026-07-30T22:46:43.148616+00:00,one-arm-boxing,2,1.578,session_20260730_223706,student03,0.95,1.1,-0.112,0.785,-23.68,-13.15,57.89,,
1885,2026-07-30T22:46:43.248024+00:00,one-arm-boxing,2,1.688,session_20260730_223706,student03,0.95,1.693,-0.077,0.647,187.75,-41.11,58.26,,
1886,2026-07-30T22:46:43.363610+00:00,one-arm-boxing,2,1.797,session_20260730_223706,student03,0.95,0.511,1.046,0.676,-2.01,7.08,-27.5,,
1887,2026-07-30T22:46:43.474177+00:00,one-arm-boxing,2,1.906,session_20260730_223706,student03,0.95,0.437,0.36,0.806,18.52,26.46,0.03,,
1888,2026-07-30T22:46:45.506239+00:00,bye-bye,3,0.0,session_20260730_223706,student03,0.95,-0.968,2.864,0.256,-33.08,-27.1,118.5,,
1889,2026-07-30T22:46:45.605092+00:00,bye-bye,3,0.093,session_20260730_223706,student03,0.95,0.324,-1.106,0.422,-71.75,19.1,539.26,,
1890,2026-07-30T22:46:45.703864+00:00,bye-bye,3,0.203,session_20260730_223706,student03,0.95,1.329,-2.022,-0.323,96.47,23.83,-291.79,,
1891,2026-07-30T22:46:45.814025+00:00,bye-bye,3,0.312,session_20260730_223706,student03,0.95,-0.89,1.794,0.266,-52.52,153.66,-491.81,,
1892,2026-07-30T22:46:45.919835+00:00,bye-bye,3,0.422,session_20260730_223706,student03,0.95,-0.422,1.04,0.322,100.28,2.81,376.32,,
1893,2026-07-30T22:46:46.033731+00:00,bye-bye,3,0.531,session_20260730_223706,student03,0.95,1.161,-3.911,0.834,-228.22,-165.17,373.15,,
1894,2026-07-30T22:46:46.143801+00:00,bye-bye,3,0.64,session_20260730_223706,student03,0.95,0.239,-0.506,0.241,-76.3,65.37,-520.13,,
1895,2026-07-30T22:46:46.252817+00:00,bye-bye,3,0.75,session_20260730_223706,student03,0.95,-1.217,3.575,-0.02,38.09,-2.26,102.51,,
1896,2026-07-30T22:46:46.359851+00:00,bye-bye,3,0.859,session_20260730_223706,student03,0.95,0.334,-1.991,0.533,-226.54,-2.14,609.21,,
1897,2026-07-30T22:46:46.473452+00:00,bye-bye,3,0.968,session_20260730_223706,student03,0.95,0.756,-1.469,-0.027,-114.96,169.07,-409.34,,
1898,2026-07-30T22:46:46.582766+00:00,bye-bye,3,1.078,session_20260730_223706,student03,0.95,-2.119,3.442,-0.01,227.73,-37.14,-69.52,,
1899,2026-07-30T22:46:46.694093+00:00,bye-bye,3,1.187,session_20260730_223706,student03,0.95,0.092,-0.702,0.189,26.15,-48.31,625.57,,
1900,2026-07-30T22:46:46.787213+00:00,bye-bye,3,1.281,session_20260730_223706,student03,0.95,1.406,-2.563,-0.649,86.67,101.26,-256.72,,
1901,2026-07-30T22:46:46.885516+00:00,bye-bye,3,1.375,session_20260730_223706,student03,0.95,-1.119,0.259,0.764,150.52,271.22,-673.21,,
1902,2026-07-30T22:46:46.993744+00:00,bye-bye,3,1.484,session_20260730_223706,student03,0.95,-0.637,1.856,-0.223,-15.63,-113.22,290.81,,
1903,2026-07-30T22:46:47.087237+00:00,bye-bye,3,1.578,session_20260730_223706,student03,0.95,-0.009,-1.889,0.745,-356.24,34.79,725.88,,
1904,2026-07-30T22:46:47.185301+00:00,bye-bye,3,1.672,session_20260730_223706,student03,0.95,1.109,-2.181,0.012,-75.29,52.43,-334.39,,
1905,2026-07-30T22:46:47.272612+00:00,bye-bye,3,1.765,session_20260730_223706,student03,0.95,-1.425,0.881,0.137,112.43,261.24,-708.09,,
1906,2026-07-30T22:46:47.367438+00:00,bye-bye,3,1.859,session_20260730_223706,student03,0.95,-0.686,1.555,-0.001,-38.15,-66.59,336.83,,
1907,2026-07-30T22:46:47.464616+00:00,bye-bye,3,1.953,session_20260730_223706,student03,0.95,0.284,-3.179,0.967,-345.13,-4.24,731.19,,
1908,2026-07-30T22:46:50.896322+00:00,one-arm-boxing,3,0.0,session_20260730_223706,student03,0.95,0.543,0.605,0.591,-3.81,0.79,-1.25,,
1909,2026-07-30T22:46:51.009099+00:00,one-arm-boxing,3,0.11,session_20260730_223706,student03,0.95,0.536,0.612,0.577,-1.31,-1.34,0.21,,
1910,2026-07-30T22:46:51.104485+00:00,one-arm-boxing,3,0.203,session_20260730_223706,student03,0.95,0.608,0.493,0.584,1.89,0.06,-4.91,,
1911,2026-07-30T22:46:51.193962+00:00,one-arm-boxing,3,0.297,session_20260730_223706,student03,0.95,1.33,0.61,0.553,-103.4,-20.6,-18.77,,
1912,2026-07-30T22:46:51.303711+00:00,one-arm-boxing,3,0.407,session_20260730_223706,student03,0.95,2.19,-0.362,-0.487,-99.7,57.22,-21.7,,
1913,2026-07-30T22:46:51.404255+00:00,one-arm-boxing,3,0.516,session_20260730_223706,student03,0.95,-2.225,-0.403,0.613,-9.92,125.8,-110.69,,
1914,2026-07-30T22:46:51.510333+00:00,one-arm-boxing,3,0.61,session_20260730_223706,student03,0.95,-1.442,0.519,1.556,52.03,-135.01,158.36,,
1915,2026-07-30T22:46:51.605406+00:00,one-arm-boxing,3,0.703,session_20260730_223706,student03,0.95,-0.839,0.32,0.374,-42.45,-87.83,86.79,,
1916,2026-07-30T22:46:51.707697+00:00,one-arm-boxing,3,0.813,session_20260730_223706,student03,0.95,1.014,0.318,0.832,80.9,30.18,31.8,,
1917,2026-07-30T22:46:51.805016+00:00,one-arm-boxing,3,0.907,session_20260730_223706,student03,0.95,1.993,-0.402,1.078,181.16,-3.57,19.1,,
1918,2026-07-30T22:46:51.899018+00:00,one-arm-boxing,3,1.0,session_20260730_223706,student03,0.95,1.878,0.81,0.468,-66.99,-64.94,40.35,,
1919,2026-07-30T22:46:51.993042+00:00,one-arm-boxing,3,1.094,session_20260730_223706,student03,0.95,2.058,-0.454,0.018,-49.32,55.06,-46.57,,
1920,2026-07-30T22:46:52.084831+00:00,one-arm-boxing,3,1.188,session_20260730_223706,student03,0.95,-4.0,-0.509,0.705,165.14,370.4,-199.41,,
1921,2026-07-30T22:46:52.178775+00:00,one-arm-boxing,3,1.282,session_20260730_223706,student03,0.95,-2.167,-0.364,0.674,-23.35,-246.93,216.65,,
1922,2026-07-30T22:46:52.276196+00:00,one-arm-boxing,3,1.375,session_20260730_223706,student03,0.95,0.11,0.086,0.439,-58.9,-3.39,161.81,,
1923,2026-07-30T22:46:52.374338+00:00,one-arm-boxing,3,1.485,session_20260730_223706,student03,0.95,1.845,0.142,1.019,20.66,12.88,26.7,,
1924,2026-07-30T22:46:52.480430+00:00,one-arm-boxing,3,1.578,session_20260730_223706,student03,0.95,0.82,0.451,0.487,3.23,-20.02,-85.7,,
1925,2026-07-30T22:46:52.574161+00:00,one-arm-boxing,3,1.672,session_20260730_223706,student03,0.95,0.58,0.408,0.632,35.74,-31.62,60.88,,
1926,2026-07-30T22:46:52.664616+00:00,one-arm-boxing,3,1.766,session_20260730_223706,student03,0.95,0.367,0.521,0.827,-18.22,-41.23,-5.4,,
1927,2026-07-30T22:46:52.779757+00:00,one-arm-boxing,3,1.891,session_20260730_223706,student03,0.95,0.561,0.48,0.651,-0.95,-29.3,13.12,,
1928,2026-07-30T22:46:54.636495+00:00,bye-bye,4,0.0,session_20260730_223706,student03,0.95,2.514,-4.0,-0.837,159.25,-96.87,-154.58,,
1929,2026-07-30T22:46:54.738046+00:00,bye-bye,4,0.109,session_20260730_223706,student03,0.95,-1.73,1.755,-0.139,332.65,119.75,-648.82,,
1930,2026-07-30T22:46:54.837303+00:00,bye-bye,4,0.203,session_20260730_223706,student03,0.95,-0.653,0.998,0.196,56.46,44.89,443.56,,
1931,2026-07-30T22:46:54.935307+00:00,bye-bye,4,0.312,session_20260730_223706,student03,0.95,2.112,-3.992,0.111,-216.38,-232.18,67.87,,
1932,2026-07-30T22:46:55.037829+00:00,bye-bye,4,0.406,session_20260730_223706,student03,0.95,-0.786,-0.014,0.482,229.9,90.3,-660.39,,
1933,2026-07-30T22:46:55.134892+00:00,bye-bye,4,0.5,session_20260730_223706,student03,0.95,-1.205,2.83,-0.244,-102.76,-132.02,174.54,,
1934,2026-07-30T22:46:55.244071+00:00,bye-bye,4,0.609,session_20260730_223706,student03,0.95,-0.211,-0.921,0.454,-199.22,101.69,661.12,,
1935,2026-07-30T22:46:55.335786+00:00,bye-bye,4,0.703,session_20260730_223706,student03,0.95,1.354,-2.957,-0.418,202.67,101.32,-188.54,,
1936,2026-07-30T22:46:55.443496+00:00,bye-bye,4,0.812,session_20260730_223706,student03,0.95,-1.006,0.625,0.446,128.15,125.25,-606.83,,
1937,2026-07-30T22:46:55.553615+00:00,bye-bye,4,0.922,session_20260730_223706,student03,0.95,-0.71,1.542,0.219,79.87,-4.88,377.27,,
1938,2026-07-30T22:46:55.661132+00:00,bye-bye,4,1.031,session_20260730_223706,student03,0.95,0.938,-4.0,1.696,-328.17,-16.08,499.28,,
1939,2026-07-30T22:46:55.773523+00:00,bye-bye,4,1.14,session_20260730_223706,student03,0.95,-0.106,-0.686,0.517,33.2,-38.58,-583.27,,
1940,2026-07-30T22:46:55.867769+00:00,bye-bye,4,1.234,session_20260730_223706,student03,0.95,-1.519,3.429,-0.429,-103.76,-58.32,9.31,,
1941,2026-07-30T22:46:55.964000+00:00,bye-bye,4,1.328,session_20260730_223706,student03,0.95,-0.509,0.112,0.442,54.54,98.21,533.68,,
1942,2026-07-30T22:46:56.064812+00:00,bye-bye,4,1.437,session_20260730_223706,student03,0.95,1.241,-4.0,0.563,230.02,-44.16,-86.21,,
1943,2026-07-30T22:46:56.173764+00:00,bye-bye,4,1.547,session_20260730_223706,student03,0.95,-1.097,0.785,-0.102,165.2,22.68,-685.54,,
1944,2026-07-30T22:46:56.279639+00:00,bye-bye,4,1.656,session_20260730_223706,student03,0.95,-0.843,1.637,-0.068,-5.22,-36.74,419.57,,
1945,2026-07-30T22:46:56.390514+00:00,bye-bye,4,1.765,session_20260730_223706,student03,0.95,1.341,-3.976,1.314,-434.13,-184.85,355.91,,
1946,2026-07-30T22:46:56.500648+00:00,bye-bye,4,1.875,session_20260730_223706,student03,0.95,-0.638,-0.175,0.47,85.88,23.96,-648.06,,
1947,2026-07-30T22:46:56.610157+00:00,bye-bye,4,1.984,session_20260730_223706,student03,0.95,-0.769,2.395,-0.13,24.23,-43.86,307.93,,
1948,2026-07-30T22:46:58.809502+00:00,one-arm-boxing,4,0.0,session_20260730_223706,student03,0.95,0.531,0.62,0.567,1.74,1.89,1.1,,
1949,2026-07-30T22:46:58.904317+00:00,one-arm-boxing,4,0.109,session_20260730_223706,student03,0.95,0.52,0.615,0.59,0.64,1.4,1.01,,
1950,2026-07-30T22:46:59.010989+00:00,one-arm-boxing,4,0.203,session_20260730_223706,student03,0.95,1.058,0.581,0.62,-50.81,2.96,-5.19,,
1951,2026-07-30T22:46:59.105963+00:00,one-arm-boxing,4,0.296,session_20260730_223706,student03,0.95,1.845,0.141,0.28,-89.42,-11.08,42.6,,
1952,2026-07-30T22:46:59.203802+00:00,one-arm-boxing,4,0.406,session_20260730_223706,student03,0.95,0.834,-0.178,0.162,-92.62,179.27,-123.81,,
1953,2026-07-30T22:46:59.308713+00:00,one-arm-boxing,4,0.5,session_20260730_223706,student03,0.95,-3.381,0.659,1.222,-64.88,231.94,-313.03,,
1954,2026-07-30T22:46:59.404919+00:00,one-arm-boxing,4,0.609,session_20260730_223706,student03,0.95,-1.683,-0.123,1.019,26.25,-141.0,136.81,,
1955,2026-07-30T22:46:59.507500+00:00,one-arm-boxing,4,0.703,session_20260730_223706,student03,0.95,-0.452,0.104,0.631,-6.26,-32.84,123.81,,
1956,2026-07-30T22:46:59.605987+00:00,one-arm-boxing,4,0.796,session_20260730_223706,student03,0.95,1.341,0.319,0.876,15.05,26.83,11.11,,
1957,2026-07-30T22:46:59.704307+00:00,one-arm-boxing,4,0.906,session_20260730_223706,student03,0.95,1.593,-0.224,0.914,148.81,-53.01,12.42,,
1958,2026-07-30T22:46:59.810623+00:00,one-arm-boxing,4,1.015,session_20260730_223706,student03,0.95,1.178,0.601,0.7,-70.89,-17.3,4.39,,
1959,2026-07-30T22:46:59.920458+00:00,one-arm-boxing,4,1.125,session_20260730_223706,student03,0.95,2.261,-0.096,0.327,-111.58,44.62,-45.59,,
1960,2026-07-30T22:47:00.034770+00:00,one-arm-boxing,4,1.234,session_20260730_223706,student03,0.95,-3.634,-1.095,-0.309,6.68,125.22,-109.5,,
1961,2026-07-30T22:47:00.143364+00:00,one-arm-boxing,4,1.343,session_20260730_223706,student03,0.95,-1.686,0.193,0.372,151.01,-168.77,265.51,,
1962,2026-07-30T22:47:00.253205+00:00,one-arm-boxing,4,1.453,session_20260730_223706,student03,0.95,-0.527,0.2,0.547,37.75,-29.3,168.95,,
1963,2026-07-30T22:47:00.364520+00:00,one-arm-boxing,4,1.562,session_20260730_223706,student03,0.95,1.287,0.029,0.911,73.95,-32.59,67.96,,
1964,2026-07-30T22:47:00.465236+00:00,one-arm-boxing,4,1.656,session_20260730_223706,student03,0.95,1.116,-0.169,0.691,147.77,-87.89,45.35,,
1965,2026-07-30T22:47:00.565046+00:00,one-arm-boxing,4,1.765,session_20260730_223706,student03,0.95,0.731,0.494,0.784,-7.75,-47.12,-6.32,,
1966,2026-07-30T22:47:00.663580+00:00,one-arm-boxing,4,1.859,session_20260730_223706,student03,0.95,0.629,0.46,0.658,-13.34,-46.14,13.92,,
1967,2026-07-30T22:47:00.757419+00:00,one-arm-boxing,4,1.953,session_20260730_223706,student03,0.95,0.701,0.301,0.602,-7.02,-13.89,3.27,,
1968,2026-07-30T22:47:02.361999+00:00,bye-bye,5,0.0,session_20260730_223706,student03,0.95,-1.508,3.921,-0.166,-26.0,-6.78,-62.81,,
1969,2026-07-30T22:47:02.471383+00:00,bye-bye,5,0.109,session_20260730_223706,student03,0.95,0.184,-0.802,0.348,-3.08,65.49,594.16,,
1970,2026-07-30T22:47:02.580821+00:00,bye-bye,5,0.219,session_20260730_223706,student03,0.95,0.885,-1.477,-0.196,-0.15,45.69,-410.35,,
1971,2026-07-30T22:47:02.691194+00:00,bye-bye,5,0.328,session_20260730_223706,student03,0.95,-1.114,3.85,-1.236,-69.64,66.26,-82.92,,
1972,2026-07-30T22:47:02.799705+00:00,bye-bye,5,0.438,session_20260730_223706,student03,0.95,0.151,-0.95,0.525,-128.73,149.75,547.17,,
1973,2026-07-30T22:47:02.899393+00:00,bye-bye,5,0.531,session_20260730_223706,student03,0.95,1.409,-1.995,-0.303,35.98,50.08,-379.19,,
1974,2026-07-30T22:47:02.994894+00:00,bye-bye,5,0.625,session_20260730_223706,student03,0.95,-1.731,2.618,-0.096,197.91,90.09,-566.7,,
1975,2026-07-30T22:47:03.104173+00:00,bye-bye,5,0.734,session_20260730_223706,student03,0.95,-0.434,0.725,0.27,98.09,30.21,442.67,,
1976,2026-07-30T22:47:03.213958+00:00,bye-bye,5,0.844,session_20260730_223706,student03,0.95,2.043,-3.997,-0.113,-36.47,-178.26,31.37,,
1977,2026-07-30T22:47:03.309659+00:00,bye-bye,5,0.938,session_20260730_223706,student03,0.95,-0.322,-0.274,0.478,40.74,68.09,-573.78,,
1978,2026-07-30T22:47:03.405710+00:00,bye-bye,5,1.047,session_20260730_223706,student03,0.95,-0.805,3.302,-0.112,-31.34,-55.88,205.57,,
1979,2026-07-30T22:47:03.520512+00:00,bye-bye,5,1.156,session_20260730_223706,student03,0.95,0.109,-2.204,0.792,-223.88,52.55,632.1,,
1980,2026-07-30T22:47:03.614733+00:00,bye-bye,5,1.25,session_20260730_223706,student03,0.95,0.878,-1.812,0.027,-10.1,87.25,-347.58,,
1981,2026-07-30T22:47:03.720973+00:00,bye-bye,5,1.359,session_20260730_223706,student03,0.95,-1.168,3.146,0.442,-37.97,-54.9,-354.69,,
1982,2026-07-30T22:47:03.829701+00:00,bye-bye,5,1.469,session_20260730_223706,student03,0.95,-0.268,0.506,0.279,85.39,83.8,423.99,,
1983,2026-07-30T22:47:03.940809+00:00,bye-bye,5,1.578,session_20260730_223706,student03,0.95,1.623,-3.655,-0.049,106.36,-24.93,-147.31,,
1984,2026-07-30T22:47:04.050677+00:00,bye-bye,5,1.688,session_20260730_223706,student03,0.95,-1.073,1.103,1.316,127.26,54.11,-500.23,,
1985,2026-07-30T22:47:04.160404+00:00,bye-bye,5,1.797,session_20260730_223706,student03,0.95,-0.531,1.642,0.088,24.14,0.15,353.86,,
1986,2026-07-30T22:47:04.257823+00:00,bye-bye,5,1.891,session_20260730_223706,student03,0.95,0.082,-3.142,1.132,-204.38,33.14,574.94,,
1987,2026-07-30T22:47:06.042568+00:00,one-arm-boxing,5,0.0,session_20260730_223706,student03,0.95,0.545,0.643,0.544,-3.66,3.78,-9.06,,
1988,2026-07-30T22:47:06.144429+00:00,one-arm-boxing,5,0.109,session_20260730_223706,student03,0.95,0.528,0.576,0.602,-6.23,3.36,-7.81,,
1989,2026-07-30T22:47:06.243499+00:00,one-arm-boxing,5,0.203,session_20260730_223706,student03,0.95,0.778,0.526,0.66,-28.87,-8.51,-31.59,,
1990,2026-07-30T22:47:06.351249+00:00,one-arm-boxing,5,0.312,session_20260730_223706,student03,0.95,1.873,0.326,0.179,-162.36,-50.45,4.3,,
1991,2026-07-30T22:47:06.445208+00:00,one-arm-boxing,5,0.406,session_20260730_223706,student03,0.95,1.567,-0.211,-0.423,-110.72,140.29,-61.25,,
1992,2026-07-30T22:47:06.545998+00:00,one-arm-boxing,5,0.516,session_20260730_223706,student03,0.95,-4.0,0.794,1.213,2.69,311.5,-233.16,,
1993,2026-07-30T22:47:06.653701+00:00,one-arm-boxing,5,0.609,session_20260730_223706,student03,0.95,-1.562,-0.233,1.041,-8.97,-139.13,124.49,,
1994,2026-07-30T22:47:06.745040+00:00,one-arm-boxing,5,0.703,session_20260730_223706,student03,0.95,-0.659,0.526,0.353,31.46,-28.2,140.02,,
1995,2026-07-30T22:47:06.837908+00:00,one-arm-boxing,5,0.797,session_20260730_223706,student03,0.95,1.17,-0.052,0.851,51.58,5.16,14.77,,
1996,2026-07-30T22:47:06.936232+00:00,one-arm-boxing,5,0.906,session_20260730_223706,student03,0.95,1.745,-0.474,0.836,190.13,-146.79,-44.16,,
1997,2026-07-30T22:47:07.053734+00:00,one-arm-boxing,5,1.016,session_20260730_223706,student03,0.95,1.015,1.068,0.463,0.92,-1.71,52.58,,
1998,2026-07-30T22:47:07.159973+00:00,one-arm-boxing,5,1.125,session_20260730_223706,student03,0.95,2.013,0.002,0.437,-102.11,-28.02,58.02,,
1999,2026-07-30T22:47:07.254854+00:00,one-arm-boxing,5,1.219,session_20260730_223706,student03,0.95,0.37,-0.498,0.297,-192.02,100.92,-136.78,,
2000,2026-07-30T22:47:07.361231+00:00,one-arm-boxing,5,1.328,session_20260730_223706,student03,0.95,-1.883,2.736,4.0,-184.51,169.26,-125.1,,
2001,2026-07-30T22:47:07.471186+00:00,one-arm-boxing,5,1.437,session_20260730_223706,student03,0.95,-1.037,0.17,0.219,102.82,-132.82,148.01,,
2002,2026-07-30T22:47:07.581165+00:00,one-arm-boxing,5,1.547,session_20260730_223706,student03,0.95,0.768,0.174,0.833,77.58,-6.74,120.76,,
2003,2026-07-30T22:47:07.690510+00:00,one-arm-boxing,5,1.656,session_20260730_223706,student03,0.95,1.171,0.024,0.652,-6.9,-93.81,-49.56,,
2004,2026-07-30T22:47:07.800810+00:00,one-arm-boxing,5,1.766,session_20260730_223706,student03,0.95,0.476,0.69,0.823,-51.64,2.47,-94.18,,
2005,2026-07-30T22:47:07.911090+00:00,one-arm-boxing,5,1.875,session_20260730_223706,student03,0.95,0.511,0.234,0.853,2.62,-18.95,1.28,,
2006,2026-07-30T22:47:08.019948+00:00,one-arm-boxing,5,1.984,session_20260730_223706,student03,0.95,0.505,0.365,0.76,10.68,-2.14,10.19,,
2007,2026-07-30T22:47:09.757252+00:00,bye-bye,6,0.0,session_20260730_223706,student03,0.95,-0.983,2.58,-0.159,-65.55,-66.87,41.78,,
2008,2026-07-30T22:47:09.859488+00:00,bye-bye,6,0.109,session_20260730_223706,student03,0.95,0.398,-0.562,0.388,59.88,102.15,461.87,,
2009,2026-07-30T22:47:09.970876+00:00,bye-bye,6,0.218,session_20260730_223706,student03,0.95,1.147,-1.154,0.266,160.56,-0.67,-339.09,,
2010,2026-07-30T22:47:10.080336+00:00,bye-bye,6,0.328,session_20260730_223706,student03,0.95,-0.589,2.975,-0.438,-161.93,-126.5,81.48,,
2011,2026-07-30T22:47:10.179841+00:00,bye-bye,6,0.422,session_20260730_223706,student03,0.95,0.368,-0.984,0.442,-32.99,79.1,538.99,,
2012,2026-07-30T22:47:10.291437+00:00,bye-bye,6,0.531,session_20260730_223706,student03,0.95,0.435,-0.792,-0.181,-102.11,36.71,-419.02,,
2013,2026-07-30T22:47:10.384088+00:00,bye-bye,6,0.625,session_20260730_223706,student03,0.95,-0.783,2.736,0.653,-84.2,186.77,-259.25,,
2014,2026-07-30T22:47:10.479028+00:00,bye-bye,6,0.718,session_20260730_223706,student03,0.95,-0.171,0.446,0.553,110.42,21.52,427.02,,
2015,2026-07-30T22:47:10.578270+00:00,bye-bye,6,0.828,session_20260730_223706,student03,0.95,1.721,-3.711,0.422,86.15,-96.01,-66.29,,
2016,2026-07-30T22:47:10.689812+00:00,bye-bye,6,0.937,session_20260730_223706,student03,0.95,-0.235,1.015,0.692,11.29,8.42,-427.99,,
2017,2026-07-30T22:47:10.787884+00:00,bye-bye,6,1.031,session_20260730_223706,student03,0.95,-0.219,1.595,0.068,45.23,-30.43,285.35,,
2018,2026-07-30T22:47:10.885097+00:00,bye-bye,6,1.125,session_20260730_223706,student03,0.95,0.621,-3.528,1.326,-198.68,7.9,460.25,,
2019,2026-07-30T22:47:10.989747+00:00,bye-bye,6,1.234,session_20260730_223706,student03,0.95,0.393,-0.832,0.204,-127.14,-25.48,-408.67,,
2020,2026-07-30T22:47:11.084578+00:00,bye-bye,6,1.328,session_20260730_223706,student03,0.95,-1.074,3.109,0.617,-34.49,186.13,-243.42,,
2021,2026-07-30T22:47:11.188741+00:00,bye-bye,6,1.437,session_20260730_223706,student03,0.95,-0.136,0.147,0.533,122.2,41.63,482.86,,
2022,2026-07-30T22:47:11.288205+00:00,bye-bye,6,1.531,session_20260730_223706,student03,0.95,1.387,-3.257,0.308,102.91,-35.31,-136.66,,
2023,2026-07-30T22:47:11.385072+00:00,bye-bye,6,1.625,session_20260730_223706,student03,0.95,-0.084,0.754,0.496,-24.78,7.45,-478.68,,
2024,2026-07-30T22:47:11.486667+00:00,bye-bye,6,1.734,session_20260730_223706,student03,0.95,-0.329,1.704,-0.005,-45.93,18.28,309.03,,
2025,2026-07-30T22:47:11.604116+00:00,bye-bye,6,1.843,session_20260730_223706,student03,0.95,0.845,-4.0,1.486,-174.57,30.82,398.82,,
2026,2026-07-30T22:47:11.714622+00:00,bye-bye,6,1.953,session_20260730_223706,student03,0.95,0.217,-0.736,0.708,-132.3,51.64,-511.89,,
2027,2026-07-30T22:47:13.587541+00:00,one-arm-boxing,6,0.0,session_20260730_223706,student03,0.95,0.537,0.609,0.582,-14.95,-1.56,-14.95,,
2028,2026-07-30T22:47:13.688734+00:00,one-arm-boxing,6,0.109,session_20260730_223706,student03,0.95,0.514,0.542,0.612,-13.86,-13.79,-15.59,,
2029,2026-07-30T22:47:13.788556+00:00,one-arm-boxing,6,0.203,session_20260730_223706,student03,0.95,0.879,0.649,0.577,-8.09,-17.06,-34.94,,
2030,2026-07-30T22:47:13.884260+00:00,one-arm-boxing,6,0.297,session_20260730_223706,student03,0.95,1.792,0.25,0.358,-138.68,-1.19,34.61,,
2031,2026-07-30T22:47:13.978762+00:00,one-arm-boxing,6,0.39,session_20260730_223706,student03,0.95,2.151,-0.741,-0.232,-106.78,59.18,-74.74,,
2032,2026-07-30T22:47:14.078025+00:00,one-arm-boxing,6,0.5,session_20260730_223706,student03,0.95,-3.992,0.626,2.397,-36.13,284.49,-312.97,,
2033,2026-07-30T22:47:14.190774+00:00,one-arm-boxing,6,0.609,session_20260730_223706,student03,0.95,-1.444,-0.596,0.409,-33.91,-179.72,178.62,,
2034,2026-07-30T22:47:14.301048+00:00,one-arm-boxing,6,0.719,session_20260730_223706,student03,0.95,0.043,-0.095,0.834,-28.75,12.88,102.3,,
2035,2026-07-30T22:47:14.399569+00:00,one-arm-boxing,6,0.812,session_20260730_223706,student03,0.95,1.504,0.129,0.665,89.91,3.33,-22.68,,
2036,2026-07-30T22:47:14.494140+00:00,one-arm-boxing,6,0.906,session_20260730_223706,student03,0.95,1.743,-0.097,0.469,172.67,-83.38,-41.38,,
2037,2026-07-30T22:47:14.594566+00:00,one-arm-boxing,6,1.015,session_20260730_223706,student03,0.95,1.952,0.341,0.558,-115.54,-50.02,57.5,,
2038,2026-07-30T22:47:14.694780+00:00,one-arm-boxing,6,1.109,session_20260730_223706,student03,0.95,1.544,-0.685,-0.452,-73.79,131.32,-105.29,,
2039,2026-07-30T22:47:14.795705+00:00,one-arm-boxing,6,1.219,session_20260730_223706,student03,0.95,-3.991,1.758,0.869,78.43,440.53,-311.01,,
2040,2026-07-30T22:47:14.904634+00:00,one-arm-boxing,6,1.328,session_20260730_223706,student03,0.95,-1.482,-0.361,0.365,14.1,-158.79,152.5,,
2041,2026-07-30T22:47:15.020586+00:00,one-arm-boxing,6,1.437,session_20260730_223706,student03,0.95,1.205,-0.085,0.779,42.3,-23.68,94.52,,
2042,2026-07-30T22:47:15.115149+00:00,one-arm-boxing,6,1.531,session_20260730_223706,student03,0.95,1.618,-0.045,0.671,150.15,-31.4,38.06,,
2043,2026-07-30T22:47:15.223825+00:00,one-arm-boxing,6,1.64,session_20260730_223706,student03,0.95,0.836,0.467,0.396,55.24,-90.55,-50.02,,
2044,2026-07-30T22:47:15.331286+00:00,one-arm-boxing,6,1.75,session_20260730_223706,student03,0.95,0.684,0.487,0.779,-7.57,-9.4,0.64,,
2045,2026-07-30T22:47:15.440459+00:00,one-arm-boxing,6,1.859,session_20260730_223706,student03,0.95,0.678,0.393,0.61,-10.28,-39.28,2.66,,
2046,2026-07-30T22:47:15.550821+00:00,one-arm-boxing,6,1.969,session_20260730_223706,student03,0.95,0.739,0.455,0.52,-5.68,-11.2,-5.34,,
2047,2026-07-30T22:47:16.809828+00:00,bye-bye,7,0.0,session_20260730_223706,student03,0.95,-0.825,2.732,-0.079,14.13,32.62,244.94,,
2048,2026-07-30T22:47:16.905926+00:00,bye-bye,7,0.109,session_20260730_223706,student03,0.95,-0.092,-2.266,0.799,-257.3,123.05,655.08,,
2049,2026-07-30T22:47:17.025228+00:00,bye-bye,7,0.218,session_20260730_223706,student03,0.95,0.333,-1.261,0.595,-65.03,49.23,-470.29,,
2050,2026-07-30T22:47:17.130555+00:00,bye-bye,7,0.328,session_20260730_223706,student03,0.95,-0.692,3.534,-0.307,1.25,-81.48,-38.79,,
2051,2026-07-30T22:47:17.241311+00:00,bye-bye,7,0.437,session_20260730_223706,student03,0.95,-0.039,-0.722,0.506,-24.99,134.43,564.87,,
2052,2026-07-30T22:47:17.354371+00:00,bye-bye,7,0.546,session_20260730_223706,student03,0.95,0.861,-1.459,0.218,-37.08,-5.65,-425.03,,
2053,2026-07-30T22:47:17.465020+00:00,bye-bye,7,0.656,session_20260730_223706,student03,0.95,-1.312,3.734,-0.21,-99.43,-61.56,-62.56,,
2054,2026-07-30T22:47:17.555771+00:00,bye-bye,7,0.75,session_20260730_223706,student03,0.95,-0.411,0.164,0.325,132.3,59.57,490.46,,
2055,2026-07-30T22:47:17.661517+00:00,bye-bye,7,0.859,session_20260730_223706,student03,0.95,1.392,-2.742,-0.137,89.3,-12.24,-231.3,,
2056,2026-07-30T22:47:17.770062+00:00,bye-bye,7,0.968,session_20260730_223706,student03,0.95,-1.014,1.979,0.56,39.28,17.09,-490.13,,
2057,2026-07-30T22:47:17.868669+00:00,bye-bye,7,1.062,session_20260730_223706,student03,0.95,-0.456,1.008,0.166,71.96,33.39,416.97,,
2058,2026-07-30T22:47:17.969247+00:00,bye-bye,7,1.171,session_20260730_223706,student03,0.95,1.518,-3.983,1.061,-172.49,-77.85,175.57,,
2059,2026-07-30T22:47:18.081845+00:00,bye-bye,7,1.281,session_20260730_223706,student03,0.95,-0.059,-0.065,0.334,-56.12,131.93,-551.32,,
2060,2026-07-30T22:47:18.191234+00:00,bye-bye,7,1.39,session_20260730_223706,student03,0.95,-0.588,2.35,0.199,-51.94,-42.36,220.77,,
2061,2026-07-30T22:47:18.286902+00:00,bye-bye,7,1.484,session_20260730_223706,student03,0.95,0.151,-1.469,0.609,-148.17,61.1,574.69,,
2062,2026-07-30T22:47:18.385315+00:00,bye-bye,7,1.578,session_20260730_223706,student03,0.95,1.007,-1.858,-0.006,-35.04,3.42,-306.38,,
2063,2026-07-30T22:47:18.491865+00:00,bye-bye,7,1.687,session_20260730_223706,student03,0.95,-1.104,1.602,1.293,38.42,-75.56,-387.13,,
2064,2026-07-30T22:47:18.601921+00:00,bye-bye,7,1.796,session_20260730_223706,student03,0.95,-0.223,0.881,0.213,166.2,-0.64,384.17,,
2065,2026-07-30T22:47:18.695259+00:00,bye-bye,7,1.89,session_20260730_223706,student03,0.95,1.233,-3.96,0.769,-273.6,0.55,418.04,,
2066,2026-07-30T22:47:20.737262+00:00,one-arm-boxing,7,0.0,session_20260730_223706,student03,0.95,0.589,0.638,0.521,1.22,11.38,-9.25,,
2067,2026-07-30T22:47:20.834086+00:00,one-arm-boxing,7,0.094,session_20260730_223706,student03,0.95,0.582,0.616,0.558,2.04,6.65,-0.37,,
2068,2026-07-30T22:47:20.940817+00:00,one-arm-boxing,7,0.203,session_20260730_223706,student03,0.95,0.614,0.553,0.55,-4.79,-1.65,-9.52,,
2069,2026-07-30T22:47:21.051328+00:00,one-arm-boxing,7,0.313,session_20260730_223706,student03,0.95,1.55,0.602,0.265,-133.12,-40.71,8.67,,
2070,2026-07-30T22:47:21.162075+00:00,one-arm-boxing,7,0.422,session_20260730_223706,student03,0.95,2.407,-0.489,-0.658,-131.08,14.77,32.35,,
2071,2026-07-30T22:47:21.275344+00:00,one-arm-boxing,7,0.531,session_20260730_223706,student03,0.95,-3.735,-0.057,0.9,-39.12,293.5,-162.24,,
2072,2026-07-30T22:47:21.368610+00:00,one-arm-boxing,7,0.625,session_20260730_223706,student03,0.95,-1.101,0.145,0.896,53.87,-137.24,197.82,,
2073,2026-07-30T22:47:21.465750+00:00,one-arm-boxing,7,0.719,session_20260730_223706,student03,0.95,-0.593,0.129,0.544,-5.62,-87.31,85.97,,
2074,2026-07-30T22:47:21.560214+00:00,one-arm-boxing,7,0.813,session_20260730_223706,student03,0.95,0.95,0.21,0.9,46.02,27.99,25.88,,
2075,2026-07-30T22:47:21.656070+00:00,one-arm-boxing,7,0.922,session_20260730_223706,student03,0.95,1.311,0.191,0.93,133.43,0.21,-45.87,,
2076,2026-07-30T22:47:21.770908+00:00,one-arm-boxing,7,1.031,session_20260730_223706,student03,0.95,1.325,0.764,0.48,-8.55,-86.18,14.1,,
2077,2026-07-30T22:47:21.883720+00:00,one-arm-boxing,7,1.141,session_20260730_223706,student03,0.95,2.212,-0.123,0.203,-64.82,-59.85,90.4,,
2078,2026-07-30T22:47:21.987567+00:00,one-arm-boxing,7,1.25,session_20260730_223706,student03,0.95,-2.035,-0.583,-0.214,-6.65,151.74,-74.74,,
2079,2026-07-30T22:47:22.085449+00:00,one-arm-boxing,7,1.344,session_20260730_223706,student03,0.95,-1.471,0.616,1.821,255.56,-173.92,97.6,,
2080,2026-07-30T22:47:22.186784+00:00,one-arm-boxing,7,1.453,session_20260730_223706,student03,0.95,-0.606,0.159,0.196,26.73,-107.82,115.79,,
2081,2026-07-30T22:47:22.301407+00:00,one-arm-boxing,7,1.563,session_20260730_223706,student03,0.95,0.914,0.09,0.988,26.4,30.7,64.46,,
2082,2026-07-30T22:47:22.411785+00:00,one-arm-boxing,7,1.672,session_20260730_223706,student03,0.95,1.141,-0.257,0.986,96.35,-72.54,-23.9,,
2083,2026-07-30T22:47:22.520462+00:00,one-arm-boxing,7,1.781,session_20260730_223706,student03,0.95,0.623,0.49,0.627,19.07,-4.52,-45.2,,
2084,2026-07-30T22:47:22.615868+00:00,one-arm-boxing,7,1.875,session_20260730_223706,student03,0.95,0.397,0.537,0.976,0.64,7.72,11.44,,
2085,2026-07-30T22:47:22.725474+00:00,one-arm-boxing,7,1.984,session_20260730_223706,student03,0.95,0.381,0.386,0.805,4.88,-25.64,7.17,,
2086,2026-07-30T22:47:24.585389+00:00,bye-bye,8,0.0,session_20260730_223706,student03,0.95,-0.291,-0.652,0.344,48.83,28.81,577.44,,
2087,2026-07-30T22:47:24.684859+00:00,bye-bye,8,0.094,session_20260730_223706,student03,0.95,1.616,-2.337,-0.34,55.97,68.85,-202.12,,
2088,2026-07-30T22:47:24.771687+00:00,bye-bye,8,0.187,session_20260730_223706,student03,0.95,-0.611,0.529,0.858,99.95,130.92,-520.77,,
2089,2026-07-30T22:47:24.865804+00:00,bye-bye,8,0.281,session_20260730_223706,student03,0.95,-0.229,1.939,-0.012,25.06,-22.03,232.12,,
2090,2026-07-30T22:47:24.968640+00:00,bye-bye,8,0.39,session_20260730_223706,student03,0.95,1.229,-2.943,0.789,-263.71,5.52,315.2,,
2091,2026-07-30T22:47:25.081062+00:00,bye-bye,8,0.5,session_20260730_223706,student03,0.95,0.452,-0.404,0.46,12.3,39.77,-402.91,,
2092,2026-07-30T22:47:25.192412+00:00,bye-bye,8,0.609,session_20260730_223706,student03,0.95,-0.655,3.022,-0.1,7.66,22.77,81.21,,
2093,2026-07-30T22:47:25.288916+00:00,bye-bye,8,0.703,session_20260730_223706,student03,0.95,-0.276,-0.199,0.343,-34.49,98.79,522.63,,
2094,2026-07-30T22:47:25.401711+00:00,bye-bye,8,0.812,session_20260730_223706,student03,0.95,1.343,-2.373,0.1,-41.11,19.07,-285.78,,
2095,2026-07-30T22:47:25.514893+00:00,bye-bye,8,0.937,session_20260730_223706,student03,0.95,-1.276,2.189,0.504,189.37,-32.32,-397.99,,
2096,2026-07-30T22:47:25.624428+00:00,bye-bye,8,1.047,session_20260730_223706,student03,0.95,-0.321,0.589,0.3,85.39,-19.96,453.26,,
2097,2026-07-30T22:47:25.726500+00:00,bye-bye,8,1.14,session_20260730_223706,student03,0.95,1.84,-3.827,0.126,-61.16,-184.94,69.49,,
2098,2026-07-30T22:47:25.819104+00:00,bye-bye,8,1.234,session_20260730_223706,student03,0.95,-0.135,-0.296,0.744,-39.8,173.89,-549.88,,
2099,2026-07-30T22:47:25.931837+00:00,bye-bye,8,1.344,session_20260730_223706,student03,0.95,-0.985,2.905,0.036,-82.43,-50.48,99.67,,
2100,2026-07-30T22:47:26.026449+00:00,bye-bye,8,1.437,session_20260730_223706,student03,0.95,-0.502,0.153,0.287,65.0,104.68,525.35,,
2101,2026-07-30T22:47:26.129005+00:00,bye-bye,8,1.547,session_20260730_223706,student03,0.95,1.507,-3.41,-0.233,94.33,25.12,-94.94,,
2102,2026-07-30T22:47:26.225862+00:00,bye-bye,8,1.64,session_20260730_223706,student03,0.95,-0.856,0.082,1.368,86.06,182.1,-571.61,,
2103,2026-07-30T22:47:26.328753+00:00,bye-bye,8,1.75,session_20260730_223706,student03,0.95,-0.853,2.667,-0.038,31.68,-101.41,-137.49,,
2104,2026-07-30T22:47:26.440918+00:00,bye-bye,8,1.859,session_20260730_223706,student03,0.95,-0.358,0.328,0.266,108.8,86.43,520.1,,
2105,2026-07-30T22:47:26.551155+00:00,bye-bye,8,1.969,session_20260730_223706,student03,0.95,1.661,-2.708,0.069,75.72,16.45,-173.99,,
2106,2026-07-30T22:47:28.696679+00:00,one-arm-boxing,8,0.0,session_20260730_223706,student03,0.95,0.473,0.617,0.667,2.72,7.05,6.01,,
2107,2026-07-30T22:47:28.810494+00:00,one-arm-boxing,8,0.125,session_20260730_223706,student03,0.95,0.519,0.547,0.623,0.76,-2.17,-1.1,,
2108,2026-07-30T22:47:28.920392+00:00,one-arm-boxing,8,0.235,session_20260730_223706,student03,0.95,1.333,0.638,0.449,-58.53,3.94,7.02,,
2109,2026-07-30T22:47:29.032569+00:00,one-arm-boxing,8,0.344,session_20260730_223706,student03,0.95,2.335,-0.058,-0.013,-85.09,64.79,-2.5,,
2110,2026-07-30T22:47:29.145120+00:00,one-arm-boxing,8,0.453,session_20260730_223706,student03,0.95,-3.644,-0.678,0.492,22.61,249.34,-212.01,,
2111,2026-07-30T22:47:29.246386+00:00,one-arm-boxing,8,0.547,session_20260730_223706,student03,0.95,-1.174,-0.5,1.401,63.08,-214.58,160.99,,
2112,2026-07-30T22:47:29.338573+00:00,one-arm-boxing,8,0.641,session_20260730_223706,student03,0.95,-0.665,0.334,0.449,-71.41,-93.84,85.73,,
2113,2026-07-30T22:47:29.436703+00:00,one-arm-boxing,8,0.75,session_20260730_223706,student03,0.95,0.744,0.055,0.956,20.63,13.31,12.51,,
2114,2026-07-30T22:47:29.535611+00:00,one-arm-boxing,8,0.844,session_20260730_223706,student03,0.95,1.116,0.511,0.894,73.31,-3.02,-51.15,,
2115,2026-07-30T22:47:29.645358+00:00,one-arm-boxing,8,0.953,session_20260730_223706,student03,0.95,1.663,0.643,0.747,-71.99,-83.65,42.12,,
2116,2026-07-30T22:47:29.762526+00:00,one-arm-boxing,8,1.063,session_20260730_223706,student03,0.95,2.336,-0.624,-0.045,-19.35,-9.77,-16.66,,
2117,2026-07-30T22:47:29.858025+00:00,one-arm-boxing,8,1.172,session_20260730_223706,student03,0.95,-4.0,-0.703,-0.176,130.47,336.19,-122.17,,
2118,2026-07-30T22:47:29.970567+00:00,one-arm-boxing,8,1.281,session_20260730_223706,student03,0.95,-1.62,0.027,0.481,-15.29,-162.18,218.02,,
2119,2026-07-30T22:47:30.081777+00:00,one-arm-boxing,8,1.391,session_20260730_223706,student03,0.95,-0.1,0.132,0.768,-62.99,-20.6,119.57,,
2120,2026-07-30T22:47:30.191499+00:00,one-arm-boxing,8,1.5,session_20260730_223706,student03,0.95,1.077,0.28,1.119,21.61,24.78,37.26,,
2121,2026-07-30T22:47:30.301903+00:00,one-arm-boxing,8,1.61,session_20260730_223706,student03,0.95,0.96,-0.079,0.784,91.86,-103.37,20.39,,
2122,2026-07-30T22:47:30.411923+00:00,one-arm-boxing,8,1.719,session_20260730_223706,student03,0.95,0.625,0.555,0.561,9.31,-30.98,-9.4,,
2123,2026-07-30T22:47:30.521948+00:00,one-arm-boxing,8,1.828,session_20260730_223706,student03,0.95,0.439,0.473,0.91,23.47,10.77,17.06,,
2124,2026-07-30T22:47:30.615761+00:00,one-arm-boxing,8,1.922,session_20260730_223706,student03,0.95,0.49,0.43,0.72,14.31,-3.14,1.71,,
2125,2026-07-30T22:47:32.388480+00:00,bye-bye,9,0.0,session_20260730_223706,student03,0.95,0.494,-2.5,0.385,-154.85,-40.35,520.98,,
2126,2026-07-30T22:47:32.501719+00:00,bye-bye,9,0.11,session_20260730_223706,student03,0.95,0.457,-1.231,0.286,-101.81,118.2,-458.14,,
2127,2026-07-30T22:47:32.612026+00:00,bye-bye,9,0.219,session_20260730_223706,student03,0.95,-1.349,3.59,0.442,-6.32,-10.96,-173.28,,
2128,2026-07-30T22:47:32.720940+00:00,bye-bye,9,0.328,session_20260730_223706,student03,0.95,-0.622,0.285,0.204,20.78,49.13,518.91,,
2129,2026-07-30T22:47:32.832137+00:00,bye-bye,9,0.438,session_20260730_223706,student03,0.95,1.558,-2.886,0.208,67.9,54.41,-180.73,,
2130,2026-07-30T22:47:32.941784+00:00,bye-bye,9,0.547,session_20260730_223706,student03,0.95,-1.478,0.944,1.049,205.6,-83.62,-629.63,,
2131,2026-07-30T22:47:33.051747+00:00,bye-bye,9,0.657,session_20260730_223706,student03,0.95,-0.645,1.647,-0.239,98.15,10.96,374.92,,
2132,2026-07-30T22:47:33.161797+00:00,bye-bye,9,0.766,session_20260730_223706,student03,0.95,0.024,-2.912,0.795,-246.59,82.09,565.14,,
2133,2026-07-30T22:47:33.255299+00:00,bye-bye,9,0.86,session_20260730_223706,student03,0.95,0.81,-1.875,0.748,-74.92,182.23,-398.21,,
2134,2026-07-30T22:47:33.359926+00:00,bye-bye,9,0.969,session_20260730_223706,student03,0.95,-1.303,2.561,0.032,161.2,-6.1,-369.7,,
2135,2026-07-30T22:47:33.470771+00:00,bye-bye,9,1.078,session_20260730_223706,student03,0.95,-0.913,0.924,0.144,21.64,-11.2,514.39,,
2136,2026-07-30T22:47:33.568488+00:00,bye-bye,9,1.172,session_20260730_223706,student03,0.95,2.181,-3.99,0.35,-77.12,-124.18,32.87,,
2137,2026-07-30T22:47:33.666031+00:00,bye-bye,9,1.266,session_20260730_223706,student03,0.95,-0.576,-0.487,0.522,73.89,155.03,-595.66,,
2138,2026-07-30T22:47:33.768998+00:00,bye-bye,9,1.375,session_20260730_223706,student03,0.95,-1.115,3.02,0.069,-90.95,-97.32,164.62,,
2139,2026-07-30T22:47:33.865333+00:00,bye-bye,9,1.469,session_20260730_223706,student03,0.95,0.46,-2.241,0.37,-235.33,11.6,543.08,,
2140,2026-07-30T22:47:33.969275+00:00,bye-bye,9,1.578,session_20260730_223706,student03,0.95,0.787,-1.218,0.913,98.24,70.41,-382.24,,
2141,2026-07-30T22:47:34.081703+00:00,bye-bye,9,1.688,session_20260730_223706,student03,0.95,-0.936,3.295,-0.264,-21.0,-116.18,-66.65,,
2142,2026-07-30T22:47:34.191144+00:00,bye-bye,9,1.797,session_20260730_223706,student03,0.95,-0.329,-0.464,-0.047,-36.32,61.46,525.99,,
2143,2026-07-30T22:47:34.288078+00:00,bye-bye,9,1.891,session_20260730_223706,student03,0.95,2.196,-2.066,-0.594,-24.81,96.77,-195.01,,
2144,2026-07-30T22:47:36.622406+00:00,one-arm-boxing,9,0.0,session_20260730_223706,student03,0.95,0.465,0.589,0.661,6.26,1.04,4.36,,
2145,2026-07-30T22:47:36.714645+00:00,one-arm-boxing,9,0.094,session_20260730_223706,student03,0.95,0.471,0.557,0.648,9.0,-1.92,2.11,,
2146,2026-07-30T22:47:36.810771+00:00,one-arm-boxing,9,0.203,session_20260730_223706,student03,0.95,1.1,0.778,0.481,-75.35,-31.25,-8.91,,
2147,2026-07-30T22:47:36.921488+00:00,one-arm-boxing,9,0.313,session_20260730_223706,student03,0.95,1.957,0.15,0.221,-97.17,-5.8,53.47,,
2148,2026-07-30T22:47:37.031610+00:00,one-arm-boxing,9,0.422,session_20260730_223706,student03,0.95,-0.819,-0.323,-0.009,-115.24,196.17,-123.2,,
2149,2026-07-30T22:47:37.145221+00:00,one-arm-boxing,9,0.531,session_20260730_223706,student03,0.95,-1.349,0.409,1.973,82.19,-131.47,238.01,,
2150,2026-07-30T22:47:37.255212+00:00,one-arm-boxing,9,0.641,session_20260730_223706,student03,0.95,-0.552,-0.079,0.52,-24.87,-86.92,83.04,,
2151,2026-07-30T22:47:37.349781+00:00,one-arm-boxing,9,0.734,session_20260730_223706,student03,0.95,0.45,0.292,0.905,37.81,47.79,71.75,,
2152,2026-07-30T22:47:37.446686+00:00,one-arm-boxing,9,0.828,session_20260730_223706,student03,0.95,0.897,0.353,1.063,90.21,2.9,-11.54,,
2153,2026-07-30T22:47:37.545143+00:00,one-arm-boxing,9,0.938,session_20260730_223706,student03,0.95,1.26,0.024,1.002,231.57,-19.59,-16.08,,
2154,2026-07-30T22:47:37.654924+00:00,one-arm-boxing,9,1.047,session_20260730_223706,student03,0.95,1.555,0.476,1.152,-143.93,-42.21,44.31,,
2155,2026-07-30T22:47:37.755787+00:00,one-arm-boxing,9,1.141,session_20260730_223706,student03,0.95,1.621,-0.177,0.287,-61.92,-59.91,-45.66,,
2156,2026-07-30T22:47:37.862267+00:00,one-arm-boxing,9,1.25,session_20260730_223706,student03,0.95,-4.0,0.557,0.423,-4.85,399.85,-214.03,,
2157,2026-07-30T22:47:37.971692+00:00,one-arm-boxing,9,1.359,session_20260730_223706,student03,0.95,-1.512,0.035,0.114,-105.23,-178.66,172.92,,
2158,2026-07-30T22:47:38.081718+00:00,one-arm-boxing,9,1.469,session_20260730_223706,student03,0.95,-0.076,0.072,0.914,-37.29,-20.29,86.79,,
2159,2026-07-30T22:47:38.191395+00:00,one-arm-boxing,9,1.578,session_20260730_223706,student03,0.95,0.721,0.17,1.193,26.37,-27.53,56.37,,
2160,2026-07-30T22:47:38.301690+00:00,one-arm-boxing,9,1.688,session_20260730_223706,student03,0.95,0.887,0.16,0.769,43.76,-88.08,1.13,,
2161,2026-07-30T22:47:38.397050+00:00,one-arm-boxing,9,1.781,session_20260730_223706,student03,0.95,0.731,0.341,0.523,14.92,-106.45,-16.45,,
2162,2026-07-30T22:47:38.499595+00:00,one-arm-boxing,9,1.891,session_20260730_223706,student03,0.95,0.599,0.318,0.833,17.82,-34.27,28.69,,
2163,2026-07-30T22:47:40.875120+00:00,bye-bye,10,0.0,session_20260730_223706,student03,0.95,0.934,-1.772,0.042,-135.9,77.91,-373.21,,
2164,2026-07-30T22:47:40.984859+00:00,bye-bye,10,0.109,session_20260730_223706,student03,0.95,-1.016,1.852,0.255,71.63,-52.19,-411.94,,
2165,2026-07-30T22:47:41.093120+00:00,bye-bye,10,0.218,session_20260730_223706,student03,0.95,-0.559,0.999,0.234,41.05,57.62,413.22,,
2166,2026-07-30T22:47:41.212834+00:00,bye-bye,10,0.328,session_20260730_223706,student03,0.95,1.608,-3.983,0.903,-103.24,-146.18,202.95,,
2167,2026-07-30T22:47:41.317079+00:00,bye-bye,10,0.437,session_20260730_223706,student03,0.95,-0.143,-0.782,0.863,-7.08,126.35,-562.67,,
2168,2026-07-30T22:47:41.419583+00:00,bye-bye,10,0.531,session_20260730_223706,student03,0.95,-1.237,2.667,-0.481,87.8,-159.55,-282.6,,
2169,2026-07-30T22:47:41.516388+00:00,bye-bye,10,0.64,session_20260730_223706,student03,0.95,-0.471,1.234,-0.361,84.41,47.79,408.92,,
2170,2026-07-30T22:47:41.622888+00:00,bye-bye,10,0.75,session_20260730_223706,student03,0.95,0.442,-3.929,1.173,-277.14,65.1,613.33,,
2171,2026-07-30T22:47:41.733010+00:00,bye-bye,10,0.859,session_20260730_223706,student03,0.95,0.128,-0.934,0.659,16.82,148.96,-509.99,,
2172,2026-07-30T22:47:41.842150+00:00,bye-bye,10,0.968,session_20260730_223706,student03,0.95,-0.963,3.078,0.026,-8.79,-68.82,-180.3,,
2173,2026-07-30T22:47:41.953195+00:00,bye-bye,10,1.078,session_20260730_223706,student03,0.95,-0.468,0.065,0.305,-3.08,19.01,510.36,,
2174,2026-07-30T22:47:42.064934+00:00,bye-bye,10,1.187,session_20260730_223706,student03,0.95,1.776,-2.615,-0.002,62.26,63.57,-231.51,,
2175,2026-07-30T22:47:42.171140+00:00,bye-bye,10,1.297,session_20260730_223706,student03,0.95,-1.893,1.83,0.495,146.24,128.54,-562.21,,
2176,2026-07-30T22:47:42.281830+00:00,bye-bye,10,1.406,session_20260730_223706,student03,0.95,-0.535,1.238,0.236,86.28,-44.16,382.09,,
2177,2026-07-30T22:47:42.380143+00:00,bye-bye,10,1.5,session_20260730_223706,student03,0.95,-0.117,-2.232,0.51,-206.52,27.71,715.57,,
2178,2026-07-30T22:47:42.492125+00:00,bye-bye,10,1.609,session_20260730_223706,student03,0.95,0.668,-1.835,0.584,-49.47,79.32,-396.95,,
2179,2026-07-30T22:47:42.585928+00:00,bye-bye,10,1.703,session_20260730_223706,student03,0.95,-1.024,1.49,0.423,175.7,-87.74,-476.12,,
2180,2026-07-30T22:47:42.687137+00:00,bye-bye,10,1.812,session_20260730_223706,student03,0.95,-0.452,1.847,-0.024,74.71,6.1,258.58,,
2181,2026-07-30T22:47:42.788945+00:00,bye-bye,10,1.906,session_20260730_223706,student03,0.95,-0.32,-0.972,0.592,-137.67,57.56,584.7,,
2182,2026-07-30T22:47:46.794655+00:00,one-arm-boxing,10,0.0,session_20260730_223706,student03,0.95,0.595,0.607,0.521,1.19,11.66,-9.55,,
2183,2026-07-30T22:47:46.894947+00:00,one-arm-boxing,10,0.109,session_20260730_223706,student03,0.95,1.192,0.629,0.7,-154.27,-29.11,-37.9,,
2184,2026-07-30T22:47:47.003054+00:00,one-arm-boxing,10,0.219,session_20260730_223706,student03,0.95,2.185,0.058,-0.116,-109.99,25.3,8.64,,
2185,2026-07-30T22:47:47.106069+00:00,one-arm-boxing,10,0.312,session_20260730_223706,student03,0.95,-2.583,-0.561,0.426,105.59,135.38,-94.15,,
2186,2026-07-30T22:47:47.206644+00:00,one-arm-boxing,10,0.422,session_20260730_223706,student03,0.95,-1.554,1.534,1.807,6.99,-18.8,69.15,,
2187,2026-07-30T22:47:47.315737+00:00,one-arm-boxing,10,0.531,session_20260730_223706,student03,0.95,-0.72,0.239,0.257,-13.86,-31.07,147.25,,
2188,2026-07-30T22:47:47.423134+00:00,one-arm-boxing,10,0.641,session_20260730_223706,student03,0.95,0.733,0.324,1.064,-4.52,76.6,76.51,,
2189,2026-07-30T22:47:47.536111+00:00,one-arm-boxing,10,0.75,session_20260730_223706,student03,0.95,1.077,0.218,1.081,82.19,-45.63,7.26,,
2190,2026-07-30T22:47:47.642495+00:00,one-arm-boxing,10,0.859,session_20260730_223706,student03,0.95,1.539,0.41,0.772,-92.04,-104.1,1.71,,
2191,2026-07-30T22:47:47.752762+00:00,one-arm-boxing,10,0.969,session_20260730_223706,student03,0.95,1.763,-0.58,0.413,-69.92,-4.18,-48.13,,
2192,2026-07-30T22:47:47.861773+00:00,one-arm-boxing,10,1.078,session_20260730_223706,student03,0.95,-4.0,-0.167,1.233,-1.04,485.34,-307.96,,
2193,2026-07-30T22:47:47.960091+00:00,one-arm-boxing,10,1.172,session_20260730_223706,student03,0.95,-1.713,-0.129,0.679,51.67,-193.98,182.1,,
2194,2026-07-30T22:47:48.057986+00:00,one-arm-boxing,10,1.266,session_20260730_223706,student03,0.95,-0.105,0.22,0.518,-64.46,49.59,127.51,,
2195,2026-07-30T22:47:48.161504+00:00,one-arm-boxing,10,1.375,session_20260730_223706,student03,0.95,0.792,0.141,1.126,50.2,80.26,79.47,,
2196,2026-07-30T22:47:48.272046+00:00,one-arm-boxing,10,1.484,session_20260730_223706,student03,0.95,0.892,-0.147,1.149,67.2,-111.88,27.71,,
2197,2026-07-30T22:47:48.366164+00:00,one-arm-boxing,10,1.578,session_20260730_223706,student03,0.95,0.814,0.339,0.357,7.14,-120.7,-24.96,,
2198,2026-07-30T22:47:48.482360+00:00,one-arm-boxing,10,1.703,session_20260730_223706,student03,0.95,0.559,0.585,0.701,25.06,26.18,26.28,,
2199,2026-07-30T22:47:48.592356+00:00,one-arm-boxing,10,1.812,session_20260730_223706,student03,0.95,0.515,0.481,0.661,16.97,11.6,1.95,,
2200,2026-07-30T22:47:48.705633+00:00,one-arm-boxing,10,1.922,session_20260730_223706,student03,0.95,0.561,0.491,0.664,12.02,2.93,1.37,,
2201,2026-07-30T22:47:49.977657+00:00,bye-bye,11,0.0,session_20260730_223706,student03,0.95,-0.958,2.717,0.067,1.92,14.13,72.05,,
2202,2026-07-30T22:47:50.079638+00:00,bye-bye,11,0.11,session_20260730_223706,student03,0.95,-0.677,0.349,0.472,-62.23,46.91,511.61,,
2203,2026-07-30T22:47:50.196270+00:00,bye-bye,11,0.219,session_20260730_223706,student03,0.95,2.146,-3.26,-0.212,51.58,65.43,-112.7,,
2204,2026-07-30T22:47:50.288617+00:00,bye-bye,11,0.313,session_20260730_223706,student03,0.95,-0.492,-0.163,1.006,129.37,58.41,-497.02,,
2205,2026-07-30T22:47:50.387246+00:00,bye-bye,11,0.407,session_20260730_223706,student03,0.95,-1.14,3.189,-0.085,22.16,-3.33,9.43,,
2206,2026-07-30T22:47:50.488381+00:00,bye-bye,11,0.516,session_20260730_223706,student03,0.95,-0.586,0.295,0.133,-43.28,35.1,549.39,,
2207,2026-07-30T22:47:50.585783+00:00,bye-bye,11,0.61,session_20260730_223706,student03,0.95,2.095,-3.752,0.039,66.13,75.26,0.46,,
2208,2026-07-30T22:47:50.692543+00:00,bye-bye,11,0.719,session_20260730_223706,student03,0.95,-0.585,-0.487,0.771,155.25,123.02,-568.99,,
2209,2026-07-30T22:47:50.802086+00:00,bye-bye,11,0.829,session_20260730_223706,student03,0.95,-1.11,2.974,-0.115,-10.1,-21.94,-13.82,,
2210,2026-07-30T22:47:50.911782+00:00,bye-bye,11,0.938,session_20260730_223706,student03,0.95,-0.646,0.657,0.218,-57.1,38.33,506.45,,
2211,2026-07-30T22:47:51.008893+00:00,bye-bye,11,1.032,session_20260730_223706,student03,0.95,1.848,-3.947,0.419,8.27,-76.27,103.92,,
2212,2026-07-30T22:47:51.106563+00:00,bye-bye,11,1.125,session_20260730_223706,student03,0.95,0.317,-0.999,1.019,83.56,88.87,-459.85,,
2213,2026-07-30T22:47:51.206039+00:00,bye-bye,11,1.235,session_20260730_223706,student03,0.95,-0.832,1.995,-0.121,68.58,-71.44,-294.35,,
2214,2026-07-30T22:47:51.315527+00:00,bye-bye,11,1.344,session_20260730_223706,student03,0.95,-0.673,1.229,0.108,29.05,91.71,430.13,,
2215,2026-07-30T22:47:51.431595+00:00,bye-bye,11,1.454,session_20260730_223706,student03,0.95,0.991,-4.0,1.314,-203.28,-5.16,417.74,,
2216,2026-07-30T22:47:51.527457+00:00,bye-bye,11,1.547,session_20260730_223706,student03,0.95,0.386,-1.586,0.531,-6.59,94.27,-463.33,,
2217,2026-07-30T22:47:51.614378+00:00,bye-bye,11,1.641,session_20260730_223706,student03,0.95,-1.35,0.778,0.683,193.95,25.15,-597.09,,
2218,2026-07-30T22:47:51.725380+00:00,bye-bye,11,1.75,session_20260730_223706,student03,0.95,-0.817,1.752,0.111,18.68,9.64,310.62,,
2219,2026-07-30T22:47:51.826641+00:00,bye-bye,11,1.86,session_20260730_223706,student03,0.95,-0.686,-0.706,0.556,-86.43,5.55,678.03,,
2220,2026-07-30T22:47:51.936020+00:00,bye-bye,11,1.969,session_20260730_223706,student03,0.95,1.086,-2.774,0.093,-69.64,41.23,-259.65,,
2221,2026-07-30T22:47:54.196301+00:00,one-arm-boxing,11,0.0,session_20260730_223706,student03,0.95,0.296,0.231,0.689,23.26,24.75,48.31,,
2222,2026-07-30T22:47:54.305897+00:00,one-arm-boxing,11,0.11,session_20260730_223706,student03,0.95,0.487,0.605,0.737,28.17,-31.62,-20.02,,
2223,2026-07-30T22:47:54.401046+00:00,one-arm-boxing,11,0.203,session_20260730_223706,student03,0.95,1.556,0.021,0.927,-112.92,-54.96,-59.42,,
2224,2026-07-30T22:47:54.496921+00:00,one-arm-boxing,11,0.297,session_20260730_223706,student03,0.95,2.934,-1.019,0.279,-48.65,21.09,-65.07,,
2225,2026-07-30T22:47:54.587235+00:00,one-arm-boxing,11,0.391,session_20260730_223706,student03,0.95,-3.908,-0.934,0.024,2.04,76.14,-223.33,,
2226,2026-07-30T22:47:54.680142+00:00,one-arm-boxing,11,0.485,session_20260730_223706,student03,0.95,-1.775,-0.667,0.695,183.42,-261.67,259.22,,
2227,2026-07-30T22:47:54.778083+00:00,one-arm-boxing,11,0.578,session_20260730_223706,student03,0.95,-0.495,-0.17,0.335,-4.0,-29.6,153.05,,
2228,2026-07-30T22:47:54.880555+00:00,one-arm-boxing,11,0.688,session_20260730_223706,student03,0.95,1.128,0.032,0.899,25.36,72.27,54.87,,
2229,2026-07-30T22:47:54.995977+00:00,one-arm-boxing,11,0.797,session_20260730_223706,student03,0.95,0.919,0.249,1.468,122.84,69.86,-43.55,,
2230,2026-07-30T22:47:55.090624+00:00,one-arm-boxing,11,0.891,session_20260730_223706,student03,0.95,1.084,0.385,1.225,-42.24,-78.74,-28.44,,
2231,2026-07-30T22:47:55.190899+00:00,one-arm-boxing,11,1.0,session_20260730_223706,student03,0.95,2.134,-0.001,0.977,-107.76,-47.76,36.81,,
2232,2026-07-30T22:47:55.289991+00:00,one-arm-boxing,11,1.094,session_20260730_223706,student03,0.95,-1.249,-0.087,-0.073,-10.74,86.64,-144.87,,
2233,2026-07-30T22:47:55.389557+00:00,one-arm-boxing,11,1.203,session_20260730_223706,student03,0.95,-2.083,2.345,3.288,-155.0,43.31,-74.34,,
2234,2026-07-30T22:47:55.502262+00:00,one-arm-boxing,11,1.313,session_20260730_223706,student03,0.95,-0.99,-0.136,0.073,-20.6,-146.18,153.75,,
2235,2026-07-30T22:47:55.613657+00:00,one-arm-boxing,11,1.422,session_20260730_223706,student03,0.95,0.846,-0.149,0.975,72.27,53.99,117.95,,
2236,2026-07-30T22:47:55.716913+00:00,one-arm-boxing,11,1.531,session_20260730_223706,student03,0.95,0.98,-0.205,1.402,27.25,-23.35,-10.99,,
2237,2026-07-30T22:47:55.826129+00:00,one-arm-boxing,11,1.641,session_20260730_223706,student03,0.95,0.674,0.341,0.587,34.7,-85.24,-60.46,,
2238,2026-07-30T22:47:55.942898+00:00,one-arm-boxing,11,1.75,session_20260730_223706,student03,0.95,0.486,0.429,0.886,12.73,-69.73,9.83,,
2239,2026-07-30T22:47:56.037163+00:00,one-arm-boxing,11,1.844,session_20260730_223706,student03,0.95,0.517,0.371,0.701,2.78,-64.82,-4.36,,
2240,2026-07-30T22:47:56.136070+00:00,one-arm-boxing,11,1.938,session_20260730_223706,student03,0.95,0.533,0.404,0.675,26.58,6.65,14.28,,
2241,2026-07-30T22:47:57.630870+00:00,bye-bye,12,0.0,session_20260730_223706,student03,0.95,-0.351,-0.284,0.677,-57.65,28.78,516.89,,
2242,2026-07-30T22:47:57.746716+00:00,bye-bye,12,0.109,session_20260730_223706,student03,0.95,1.393,-2.862,0.35,26.37,57.22,-158.97,,
2243,2026-07-30T22:47:57.837631+00:00,bye-bye,12,0.203,session_20260730_223706,student03,0.95,-0.644,0.786,0.88,66.38,6.78,-475.94,,
2244,2026-07-30T22:47:57.941550+00:00,bye-bye,12,0.312,session_20260730_223706,student03,0.95,-0.578,2.571,-0.018,-25.85,-33.3,74.25,,
2245,2026-07-30T22:47:58.052141+00:00,bye-bye,12,0.422,session_20260730_223706,student03,0.95,-0.673,-0.163,0.539,-45.32,70.93,512.89,,
2246,2026-07-30T22:47:58.162496+00:00,bye-bye,12,0.531,session_20260730_223706,student03,0.95,1.286,-3.471,0.616,29.54,19.53,-90.85,,
2247,2026-07-30T22:47:58.260543+00:00,bye-bye,12,0.625,session_20260730_223706,student03,0.95,-0.473,-0.051,0.899,90.79,-4.49,-513.87,,
2248,2026-07-30T22:47:58.356540+00:00,bye-bye,12,0.718,session_20260730_223706,student03,0.95,-0.577,3.006,0.073,42.45,-52.67,48.74,,
2249,2026-07-30T22:47:58.455279+00:00,bye-bye,12,0.828,session_20260730_223706,student03,0.95,-0.298,-0.5,0.302,-24.2,7.81,519.21,,
2250,2026-07-30T22:47:58.556786+00:00,bye-bye,12,0.922,session_20260730_223706,student03,0.95,1.345,-2.764,0.299,2.5,28.66,-214.36,,
2251,2026-07-30T22:47:58.657717+00:00,bye-bye,12,1.031,session_20260730_223706,student03,0.95,-0.626,0.985,0.758,55.09,-157.26,-480.79,,
2252,2026-07-30T22:47:58.758816+00:00,bye-bye,12,1.125,session_20260730_223706,student03,0.95,-0.648,2.573,-0.437,8.79,1.46,155.74,,
2253,2026-07-30T22:47:58.856121+00:00,bye-bye,12,1.218,session_20260730_223706,student03,0.95,-0.452,0.311,0.407,24.32,149.88,464.34,,
2254,2026-07-30T22:47:58.949990+00:00,bye-bye,12,1.312,session_20260730_223706,student03,0.95,1.979,-3.391,-0.144,119.66,5.01,-97.99,,
2255,2026-07-30T22:47:59.046899+00:00,bye-bye,12,1.422,session_20260730_223706,student03,0.95,-0.435,-0.244,1.054,87.95,121.1,-558.67,,
2256,2026-07-30T22:47:59.153117+00:00,bye-bye,12,1.515,session_20260730_223706,student03,0.95,-0.972,3.079,-0.32,35.13,-82.61,33.85,,
2257,2026-07-30T22:47:59.262871+00:00,bye-bye,12,1.625,session_20260730_223706,student03,0.95,-0.646,-0.22,0.485,-40.04,146.82,579.49,,
2258,2026-07-30T22:47:59.356802+00:00,bye-bye,12,1.718,session_20260730_223706,student03,0.95,1.839,-3.301,-0.171,84.2,-9.06,-126.65,,
2259,2026-07-30T22:47:59.446226+00:00,bye-bye,12,1.812,session_20260730_223706,student03,0.95,-0.487,0.352,1.262,60.37,35.04,-490.89,,
2260,2026-07-30T22:47:59.546877+00:00,bye-bye,12,1.922,session_20260730_223706,student03,0.95,-0.541,2.547,-0.651,83.01,-159.98,-121.77,,
2261,2026-07-30T22:48:01.358166+00:00,one-arm-boxing,12,0.0,session_20260730_223706,student03,0.95,0.583,0.6,0.581,-32.96,8.33,-3.88,,
2262,2026-07-30T22:48:01.476538+00:00,one-arm-boxing,12,0.109,session_20260730_223706,student03,0.95,0.818,0.588,0.557,3.3,14.04,10.5,,
2263,2026-07-30T22:48:01.575594+00:00,one-arm-boxing,12,0.203,session_20260730_223706,student03,0.95,1.436,0.261,0.554,-94.49,-16.75,22.46,,
2264,2026-07-30T22:48:01.670329+00:00,one-arm-boxing,12,0.313,session_20260730_223706,student03,0.95,2.084,-0.132,-0.412,-66.87,45.08,29.36,,
2265,2026-07-30T22:48:01.786434+00:00,one-arm-boxing,12,0.422,session_20260730_223706,student03,0.95,-2.916,-1.259,0.989,-67.51,267.1,-4.39,,
2266,2026-07-30T22:48:01.893221+00:00,one-arm-boxing,12,0.531,session_20260730_223706,student03,0.95,-0.835,-0.538,0.936,51.36,-186.41,150.36,,
2267,2026-07-30T22:48:02.004189+00:00,one-arm-boxing,12,0.641,session_20260730_223706,student03,0.95,-0.461,-0.103,0.711,-49.1,-29.94,38.7,,
2268,2026-07-30T22:48:02.116482+00:00,one-arm-boxing,12,0.75,session_20260730_223706,student03,0.95,0.73,0.218,1.021,58.57,77.24,13.55,,
2269,2026-07-30T22:48:02.210871+00:00,one-arm-boxing,12,0.844,session_20260730_223706,student03,0.95,0.837,0.239,1.32,93.63,33.91,2.96,,
2270,2026-07-30T22:48:02.311002+00:00,one-arm-boxing,12,0.953,session_20260730_223706,student03,0.95,0.837,0.358,0.842,67.63,-46.85,3.54,,
2271,2026-07-30T22:48:02.426152+00:00,one-arm-boxing,12,1.063,session_20260730_223706,student03,0.95,1.207,0.27,1.074,-102.24,-60.06,20.91,,
2272,2026-07-30T22:48:02.536282+00:00,one-arm-boxing,12,1.172,session_20260730_223706,student03,0.95,1.272,0.121,0.622,-163.88,43.67,-73.15,,
2273,2026-07-30T22:48:02.636236+00:00,one-arm-boxing,12,1.266,session_20260730_223706,student03,0.95,-3.839,-0.494,0.731,6.78,305.98,-205.24,,
2274,2026-07-30T22:48:02.737876+00:00,one-arm-boxing,12,1.375,session_20260730_223706,student03,0.95,-0.988,0.02,0.613,68.73,-165.14,107.52,,
2275,2026-07-30T22:48:02.846311+00:00,one-arm-boxing,12,1.484,session_20260730_223706,student03,0.95,-0.545,-0.124,0.645,54.72,-50.08,76.48,,
2276,2026-07-30T22:48:02.952199+00:00,one-arm-boxing,12,1.594,session_20260730_223706,student03,0.95,0.477,0.154,1.109,90.7,27.41,90.55,,
2277,2026-07-30T22:48:03.062771+00:00,one-arm-boxing,12,1.703,session_20260730_223706,student03,0.95,0.875,0.155,1.009,72.51,-48.22,3.02,,
2278,2026-07-30T22:48:03.171945+00:00,one-arm-boxing,12,1.813,session_20260730_223706,student03,0.95,0.652,0.346,0.796,40.28,-129.61,-59.72,,
2279,2026-07-30T22:48:03.284111+00:00,one-arm-boxing,12,1.922,session_20260730_223706,student03,0.95,0.473,0.555,0.625,37.2,-86.43,25.03,,
2280,2026-07-30T22:48:05.374672+00:00,bye-bye,13,0.0,session_20260730_223706,student03,0.95,-0.792,2.697,0.003,38.7,-82.22,-72.57,,
2281,2026-07-30T22:48:05.486211+00:00,bye-bye,13,0.109,session_20260730_223706,student03,0.95,-0.034,0.196,0.457,34.91,180.58,436.87,,
2282,2026-07-30T22:48:05.593377+00:00,bye-bye,13,0.218,session_20260730_223706,student03,0.95,1.478,-2.192,0.224,6.04,25.45,-197.0,,
2283,2026-07-30T22:48:05.703375+00:00,bye-bye,13,0.328,session_20260730_223706,student03,0.95,-0.51,1.384,0.504,22.92,-19.26,-392.41,,
2284,2026-07-30T22:48:05.816225+00:00,bye-bye,13,0.437,session_20260730_223706,student03,0.95,-0.527,1.305,0.053,44.86,69.83,348.58,,
2285,2026-07-30T22:48:05.917485+00:00,bye-bye,13,0.531,session_20260730_223706,student03,0.95,0.6,-3.332,1.314,-247.38,96.93,576.37,,
2286,2026-07-30T22:48:06.010536+00:00,bye-bye,13,0.625,session_20260730_223706,student03,0.95,0.485,-1.204,0.971,35.98,44.53,-429.4,,
2287,2026-07-30T22:48:06.107183+00:00,bye-bye,13,0.734,session_20260730_223706,student03,0.95,-0.937,1.926,-0.026,195.87,-228.06,-341.75,,
2288,2026-07-30T22:48:06.212954+00:00,bye-bye,13,0.828,session_20260730_223706,student03,0.95,-0.349,0.895,-0.067,70.65,28.26,362.9,,
2289,2026-07-30T22:48:06.308646+00:00,bye-bye,13,0.922,session_20260730_223706,student03,0.95,0.88,-3.46,1.214,-306.59,127.26,435.56,,
2290,2026-07-30T22:48:06.411180+00:00,bye-bye,13,1.031,session_20260730_223706,student03,0.95,0.595,-1.344,0.683,0.58,0.15,-398.91,,
2291,2026-07-30T22:48:06.509573+00:00,bye-bye,13,1.125,session_20260730_223706,student03,0.95,-0.999,2.762,-0.323,66.87,-32.01,-316.84,,
2292,2026-07-30T22:48:06.607090+00:00,bye-bye,13,1.218,session_20260730_223706,student03,0.95,-0.663,1.187,0.118,-21.7,86.25,410.54,,
2293,2026-07-30T22:48:06.700239+00:00,bye-bye,13,1.312,session_20260730_223706,student03,0.95,1.384,-4.0,1.049,-216.83,-8.76,271.86,,
2294,2026-07-30T22:48:06.795867+00:00,bye-bye,13,1.422,session_20260730_223706,student03,0.95,0.161,-1.048,0.717,31.31,101.29,-470.26,,
2295,2026-07-30T22:48:06.897681+00:00,bye-bye,13,1.515,session_20260730_223706,student03,0.95,-1.11,2.429,-0.13,109.07,-84.11,-365.09,,
2296,2026-07-30T22:48:06.990221+00:00,bye-bye,13,1.609,session_20260730_223706,student03,0.95,-0.542,0.956,0.369,35.83,8.88,373.67,,
2297,2026-07-30T22:48:07.090767+00:00,bye-bye,13,1.703,session_20260730_223706,student03,0.95,1.083,-3.054,0.622,-216.68,-41.47,438.28,,
2298,2026-07-30T22:48:07.188171+00:00,bye-bye,13,1.812,session_20260730_223706,student03,0.95,0.819,-1.586,0.563,-2.14,80.66,-333.84,,
2299,2026-07-30T22:48:07.287309+00:00,bye-bye,13,1.906,session_20260730_223706,student03,0.95,-0.928,1.024,0.56,230.11,-90.0,-399.58,,
2300,2026-07-30T22:48:09.735179+00:00,one-arm-boxing,13,0.0,session_20260730_223706,student03,0.95,0.534,0.676,0.536,-7.02,-0.31,-10.35,,
2301,2026-07-30T22:48:09.846867+00:00,one-arm-boxing,13,0.109,session_20260730_223706,student03,0.95,0.572,0.595,0.535,-1.59,-2.32,-2.38,,
2302,2026-07-30T22:48:09.957154+00:00,one-arm-boxing,13,0.219,session_20260730_223706,student03,0.95,1.088,0.671,0.284,-84.14,-23.62,-64.52,,
2303,2026-07-30T22:48:10.057767+00:00,one-arm-boxing,13,0.313,session_20260730_223706,student03,0.95,1.821,0.617,0.274,-164.16,22.77,11.84,,
2304,2026-07-30T22:48:10.158656+00:00,one-arm-boxing,13,0.422,session_20260730_223706,student03,0.95,0.875,-0.415,0.089,-86.64,93.48,-42.24,,
2305,2026-07-30T22:48:10.272949+00:00,one-arm-boxing,13,0.531,session_20260730_223706,student03,0.95,-2.296,1.687,2.189,-126.01,272.99,-251.26,,
2306,2026-07-30T22:48:10.367372+00:00,one-arm-boxing,13,0.625,session_20260730_223706,student03,0.95,-1.389,-0.244,0.515,-18.89,-179.45,134.89,,
2307,2026-07-30T22:48:10.476625+00:00,one-arm-boxing,13,0.734,session_20260730_223706,student03,0.95,0.078,0.049,0.868,38.67,5.77,79.68,,
2308,2026-07-30T22:48:10.576618+00:00,one-arm-boxing,13,0.844,session_20260730_223706,student03,0.95,0.849,0.376,0.987,100.04,59.88,-11.14,,
2309,2026-07-30T22:48:10.677943+00:00,one-arm-boxing,13,0.938,session_20260730_223706,student03,0.95,1.104,0.605,1.147,134.77,34.24,-11.02,,
2310,2026-07-30T22:48:10.787421+00:00,one-arm-boxing,13,1.047,session_20260730_223706,student03,0.95,2.051,0.343,0.585,-73.58,-91.53,68.85,,
2311,2026-07-30T22:48:10.886315+00:00,one-arm-boxing,13,1.141,session_20260730_223706,student03,0.95,0.938,-0.315,0.243,-85.27,84.78,-71.75,,
2312,2026-07-30T22:48:10.988244+00:00,one-arm-boxing,13,1.25,session_20260730_223706,student03,0.95,-3.96,1.093,1.72,-71.57,362.35,-312.51,,
2313,2026-07-30T22:48:11.087362+00:00,one-arm-boxing,13,1.344,session_20260730_223706,student03,0.95,-1.929,0.203,0.25,-5.43,-199.62,169.5,,
2314,2026-07-30T22:48:11.181927+00:00,one-arm-boxing,13,1.438,session_20260730_223706,student03,0.95,0.082,0.059,0.67,-51.24,-33.2,101.38,,
2315,2026-07-30T22:48:11.277823+00:00,one-arm-boxing,13,1.531,session_20260730_223706,student03,0.95,1.294,0.112,1.087,82.31,28.96,24.84,,
2316,2026-07-30T22:48:11.386409+00:00,one-arm-boxing,13,1.641,session_20260730_223706,student03,0.95,0.879,0.104,0.586,82.77,-105.23,-43.82,,
2317,2026-07-30T22:48:11.487898+00:00,one-arm-boxing,13,1.75,session_20260730_223706,student03,0.95,0.58,0.485,0.638,14.28,-17.03,-23.04,,
2318,2026-07-30T22:48:11.586571+00:00,one-arm-boxing,13,1.844,session_20260730_223706,student03,0.95,0.468,0.433,0.819,17.49,-6.62,4.27,,
2319,2026-07-30T22:48:11.691507+00:00,one-arm-boxing,13,1.953,session_20260730_223706,student03,0.95,0.459,0.408,0.792,7.6,-12.73,9.98,,
2320,2026-07-30T22:48:13.594395+00:00,bye-bye,14,0.0,session_20260730_223706,student03,0.95,-0.251,1.15,0.13,21.45,59.85,328.93,,
2321,2026-07-30T22:48:13.706731+00:00,bye-bye,14,0.11,session_20260730_223706,student03,0.95,0.979,-3.597,1.692,-120.88,84.99,242.77,,
2322,2026-07-30T22:48:13.816637+00:00,bye-bye,14,0.219,session_20260730_223706,student03,0.95,0.06,-0.112,0.874,55.21,-18.92,-405.26,,
2323,2026-07-30T22:48:13.917470+00:00,bye-bye,14,0.313,session_20260730_223706,student03,0.95,-0.555,2.406,-0.017,28.23,-89.45,-228.03,,
2324,2026-07-30T22:48:14.026709+00:00,bye-bye,14,0.422,session_20260730_223706,student03,0.95,-0.395,0.661,0.292,68.0,105.75,408.4,,
2325,2026-07-30T22:48:14.127013+00:00,bye-bye,14,0.532,session_20260730_223706,student03,0.95,1.193,-3.688,1.59,-66.65,-25.54,172.0,,
2326,2026-07-30T22:48:14.236449+00:00,bye-bye,14,0.641,session_20260730_223706,student03,0.95,0.231,-0.373,0.736,-44.07,-2.23,-384.44,,
2327,2026-07-30T22:48:14.347117+00:00,bye-bye,14,0.75,session_20260730_223706,student03,0.95,-0.515,2.591,0.193,-12.39,-7.75,-181.22,,
2328,2026-07-30T22:48:14.453222+00:00,bye-bye,14,0.86,session_20260730_223706,student03,0.95,-0.355,0.592,0.517,45.32,60.43,401.72,,
2329,2026-07-30T22:48:14.566718+00:00,bye-bye,14,0.969,session_20260730_223706,student03,0.95,1.507,-2.947,0.578,59.72,-54.54,-95.25,,
2330,2026-07-30T22:48:14.672957+00:00,bye-bye,14,1.079,session_20260730_223706,student03,0.95,-0.228,0.9,0.697,6.01,-42.57,-386.18,,
2331,2026-07-30T22:48:14.786938+00:00,bye-bye,14,1.188,session_20260730_223706,student03,0.95,-0.333,2.022,-0.018,29.05,37.26,237.43,,
2332,2026-07-30T22:48:14.887304+00:00,bye-bye,14,1.282,session_20260730_223706,student03,0.95,-0.532,-0.285,0.781,4.03,137.39,499.74,,
2333,2026-07-30T22:48:14.977848+00:00,bye-bye,14,1.375,session_20260730_223706,student03,0.95,1.442,-3.045,0.736,40.07,-30.03,-95.98,,
2334,2026-07-30T22:48:15.083261+00:00,bye-bye,14,1.485,session_20260730_223706,student03,0.95,-0.392,0.512,0.968,-4.76,-18.89,-440.17,,
2335,2026-07-30T22:48:15.193122+00:00,bye-bye,14,1.594,session_20260730_223706,student03,0.95,-0.359,2.448,-0.058,12.63,-18.1,126.74,,
2336,2026-07-30T22:48:15.290323+00:00,bye-bye,14,1.688,session_20260730_223706,student03,0.95,-0.078,-0.821,0.547,-6.62,76.2,487.26,,
2337,2026-07-30T22:48:15.387928+00:00,bye-bye,14,1.782,session_20260730_223706,student03,0.95,1.451,-2.312,0.53,18.1,-49.04,-197.33,,
2338,2026-07-30T22:48:15.482776+00:00,bye-bye,14,1.891,session_20260730_223706,student03,0.95,-0.224,0.908,0.776,-83.29,54.41,-407.82,,
2339,2026-07-30T22:48:17.452054+00:00,one-arm-boxing,14,0.0,session_20260730_223706,student03,0.95,0.538,0.644,0.526,-3.51,1.25,-7.29,,
2340,2026-07-30T22:48:17.567103+00:00,one-arm-boxing,14,0.109,session_20260730_223706,student03,0.95,0.526,0.652,0.553,-1.86,-2.04,-4.12,,
2341,2026-07-30T22:48:17.676839+00:00,one-arm-boxing,14,0.219,session_20260730_223706,student03,0.95,0.97,0.776,0.395,-42.33,-20.63,-25.27,,
2342,2026-07-30T22:48:17.786328+00:00,one-arm-boxing,14,0.328,session_20260730_223706,student03,0.95,2.018,0.223,0.075,-122.5,12.02,52.4,,
2343,2026-07-30T22:48:17.888255+00:00,one-arm-boxing,14,0.422,session_20260730_223706,student03,0.95,0.205,-0.393,0.15,-130.56,154.3,-136.42,,
2344,2026-07-30T22:48:17.992208+00:00,one-arm-boxing,14,0.531,session_20260730_223706,student03,0.95,-2.716,1.185,2.03,-86.0,282.82,-271.61,,
2345,2026-07-30T22:48:18.088103+00:00,one-arm-boxing,14,0.625,session_20260730_223706,student03,0.95,-1.57,0.069,0.62,-37.72,-163.95,152.32,,
2346,2026-07-30T22:48:18.181890+00:00,one-arm-boxing,14,0.719,session_20260730_223706,student03,0.95,-0.069,0.055,0.714,-54.87,-12.63,105.9,,
2347,2026-07-30T22:48:18.278574+00:00,one-arm-boxing,14,0.812,session_20260730_223706,student03,0.95,0.835,0.163,1.022,71.5,17.91,28.2,,
2348,2026-07-30T22:48:18.380402+00:00,one-arm-boxing,14,0.922,session_20260730_223706,student03,0.95,1.431,-0.229,0.944,171.42,-59.88,30.4,,
2349,2026-07-30T22:48:18.478543+00:00,one-arm-boxing,14,1.015,session_20260730_223706,student03,0.95,1.453,0.613,0.79,-55.33,-84.41,-13.49,,
2350,2026-07-30T22:48:18.576977+00:00,one-arm-boxing,14,1.125,session_20260730_223706,student03,0.95,2.003,-0.168,0.3,-51.48,-31.19,4.09,,
2351,2026-07-30T22:48:18.692381+00:00,one-arm-boxing,14,1.234,session_20260730_223706,student03,0.95,-4.0,-0.248,0.461,58.29,395.98,-184.94,,
2352,2026-07-30T22:48:18.790373+00:00,one-arm-boxing,14,1.328,session_20260730_223706,student03,0.95,-1.614,0.027,0.57,47.21,-179.57,226.2,,
2353,2026-07-30T22:48:18.887442+00:00,one-arm-boxing,14,1.422,session_20260730_223706,student03,0.95,-0.12,0.111,0.405,-33.85,-67.75,86.25,,
2354,2026-07-30T22:48:18.981593+00:00,one-arm-boxing,14,1.515,session_20260730_223706,student03,0.95,0.801,0.155,1.023,52.1,18.16,67.38,,
2355,2026-07-30T22:48:19.076575+00:00,one-arm-boxing,14,1.625,session_20260730_223706,student03,0.95,0.895,0.032,1.097,48.07,-33.23,-7.39,,
2356,2026-07-30T22:48:19.186558+00:00,one-arm-boxing,14,1.734,session_20260730_223706,student03,0.95,0.805,0.128,0.574,18.77,-63.23,-36.84,,
2357,2026-07-30T22:48:19.297397+00:00,one-arm-boxing,14,1.844,session_20260730_223706,student03,0.95,0.466,0.612,0.882,-8.21,3.05,-13.73,,
2358,2026-07-30T22:48:19.406611+00:00,one-arm-boxing,14,1.953,session_20260730_223706,student03,0.95,0.48,0.366,0.736,-7.02,-10.56,13.28,,
2359,2026-07-30T22:48:26.057047+00:00,two-arm-boxing,0,0.0,session_20260730_223706,student03,0.95,0.34,0.605,0.695,-5.01,-5.49,-0.03,,
2360,2026-07-30T22:48:26.163524+00:00,two-arm-boxing,0,0.109,session_20260730_223706,student03,0.95,0.329,0.626,0.718,-5.22,-9.74,-3.36,,
2361,2026-07-30T22:48:26.256849+00:00,two-arm-boxing,0,0.203,session_20260730_223706,student03,0.95,0.73,0.659,0.814,27.89,-0.79,-3.02,,
2362,2026-07-30T22:48:26.357463+00:00,two-arm-boxing,0,0.312,session_20260730_223706,student03,0.95,1.664,0.144,0.847,-145.36,-106.63,31.71,,
2363,2026-07-30T22:48:26.467367+00:00,two-arm-boxing,0,0.421,session_20260730_223706,student03,0.95,0.796,-0.354,-0.327,-71.66,206.73,-171.73,,
2364,2026-07-30T22:48:26.570655+00:00,two-arm-boxing,0,0.515,session_20260730_223706,student03,0.95,-3.456,1.998,2.052,-232.76,316.14,-377.67,,
2365,2026-07-30T22:48:26.667734+00:00,two-arm-boxing,0,0.609,session_20260730_223706,student03,0.95,-1.488,0.014,0.316,-4.61,-172.12,214.55,,
2366,2026-07-30T22:48:26.761524+00:00,two-arm-boxing,0,0.703,session_20260730_223706,student03,0.95,-0.292,0.074,0.655,-28.69,-11.47,105.35,,
2367,2026-07-30T22:48:26.857923+00:00,two-arm-boxing,0,0.812,session_20260730_223706,student03,0.95,0.395,0.12,0.812,37.63,25.51,50.36,,
2368,2026-07-30T22:48:26.963904+00:00,two-arm-boxing,0,0.906,session_20260730_223706,student03,0.95,1.203,0.218,1.289,118.35,82.92,9.61,,
2369,2026-07-30T22:48:27.062287+00:00,two-arm-boxing,0,1.015,session_20260730_223706,student03,0.95,0.737,0.127,0.97,56.55,-98.24,-39.55,,
2370,2026-07-30T22:48:27.176515+00:00,two-arm-boxing,0,1.125,session_20260730_223706,student03,0.95,0.5,0.69,0.574,20.84,-54.23,26.73,,
2371,2026-07-30T22:48:27.278875+00:00,two-arm-boxing,0,1.218,session_20260730_223706,student03,0.95,0.422,0.619,0.708,15.02,-4.73,32.29,,
2372,2026-07-30T22:48:27.371360+00:00,two-arm-boxing,0,1.312,session_20260730_223706,student03,0.95,0.374,0.798,0.685,19.53,-4.97,31.77,,
2373,2026-07-30T22:48:27.468112+00:00,two-arm-boxing,0,1.421,session_20260730_223706,student03,0.95,0.425,0.569,0.593,13.89,-15.47,37.57,,
2374,2026-07-30T22:48:27.577406+00:00,two-arm-boxing,0,1.531,session_20260730_223706,student03,0.95,0.462,0.6,0.61,26.03,0.21,2.81,,
2375,2026-07-30T22:48:27.682647+00:00,two-arm-boxing,0,1.625,session_20260730_223706,student03,0.95,0.464,0.643,0.653,10.83,7.32,-4.64,,
2376,2026-07-30T22:48:27.778825+00:00,two-arm-boxing,0,1.718,session_20260730_223706,student03,0.95,0.488,0.636,0.588,1.5,-2.84,-7.75,,
2377,2026-07-30T22:48:27.877352+00:00,two-arm-boxing,0,1.828,session_20260730_223706,student03,0.95,0.479,0.629,0.619,1.74,0.4,-0.4,,
2378,2026-07-30T22:48:27.984700+00:00,two-arm-boxing,0,1.937,session_20260730_223706,student03,0.95,0.469,0.625,0.633,-3.08,5.49,-2.17,,
2379,2026-07-30T22:48:34.520014+00:00,raise-arms,0,0.0,session_20260730_223706,student03,0.95,-0.932,-0.172,0.269,-1.74,-0.37,1.37,,
2380,2026-07-30T22:48:34.617516+00:00,raise-arms,0,0.094,session_20260730_223706,student03,0.95,-0.914,-0.16,0.289,-4.76,1.01,2.2,,
2381,2026-07-30T22:48:34.722848+00:00,raise-arms,0,0.203,session_20260730_223706,student03,0.95,-0.888,-0.011,0.806,-13.03,-38.91,4.7,,
2382,2026-07-30T22:48:34.837537+00:00,raise-arms,0,0.313,session_20260730_223706,student03,0.95,-1.018,0.074,1.061,-19.23,-113.07,37.78,,
2383,2026-07-30T22:48:34.947994+00:00,raise-arms,0,0.422,session_20260730_223706,student03,0.95,-1.175,-0.056,0.695,-10.35,-154.91,44.07,,
2384,2026-07-30T22:48:35.053573+00:00,raise-arms,0,0.532,session_20260730_223706,student03,0.95,-0.861,-0.208,0.629,-24.51,-122.84,27.19,,
2385,2026-07-30T22:48:35.148544+00:00,raise-arms,0,0.625,session_20260730_223706,student03,0.95,-0.667,-0.121,0.667,8.03,-94.76,9.4,,
2386,2026-07-30T22:48:35.253586+00:00,raise-arms,0,0.735,session_20260730_223706,student03,0.95,-0.436,-0.129,0.731,-10.65,-63.75,8.0,,
2387,2026-07-30T22:48:35.362764+00:00,raise-arms,0,0.844,session_20260730_223706,student03,0.95,-0.276,-0.149,0.819,-2.69,-45.53,-4.0,,
2388,2026-07-30T22:48:35.461531+00:00,raise-arms,0,0.938,session_20260730_223706,student03,0.95,-0.167,-0.095,0.838,-0.15,-45.2,-4.58,,
2389,2026-07-30T22:48:35.557560+00:00,raise-arms,0,1.032,session_20260730_223706,student03,0.95,-0.099,-0.102,0.878,-10.47,-33.57,-2.14,,
2390,2026-07-30T22:48:35.651623+00:00,raise-arms,0,1.125,session_20260730_223706,student03,0.95,-0.056,-0.048,0.907,-3.27,-19.1,-2.35,,
2391,2026-07-30T22:48:35.747114+00:00,raise-arms,0,1.219,session_20260730_223706,student03,0.95,-0.025,-0.111,0.927,-5.19,-18.22,5.31,,
2392,2026-07-30T22:48:35.846375+00:00,raise-arms,0,1.328,session_20260730_223706,student03,0.95,0.018,-0.126,0.897,-5.28,-9.25,1.04,,
2393,2026-07-30T22:48:35.947731+00:00,raise-arms,0,1.422,session_20260730_223706,student03,0.95,0.049,-0.145,0.93,2.44,-10.96,1.65,,
2394,2026-07-30T22:48:36.040669+00:00,raise-arms,0,1.516,session_20260730_223706,student03,0.95,0.056,-0.097,0.919,1.83,0.79,-3.54,,
2395,2026-07-30T22:48:36.137679+00:00,raise-arms,0,1.61,session_20260730_223706,student03,0.95,0.044,-0.099,0.982,1.4,0.7,-0.37,,
2396,2026-07-30T22:48:36.228180+00:00,raise-arms,0,1.703,session_20260730_223706,student03,0.95,0.049,-0.111,0.996,3.27,-1.25,2.04,,
2397,2026-07-30T22:48:36.318460+00:00,raise-arms,0,1.797,session_20260730_223706,student03,0.95,0.048,-0.102,0.98,3.75,1.59,0.55,,
2398,2026-07-30T22:48:36.416755+00:00,raise-arms,0,1.891,session_20260730_223706,student03,0.95,0.039,-0.113,1.009,1.16,0.58,0.76,,
2399,2026-07-30T22:48:39.152924+00:00,two-arm-boxing,1,0.0,session_20260730_223706,student03,0.95,0.664,0.598,0.444,-1.5,0.61,-1.31,,
2400,2026-07-30T22:48:39.247126+00:00,two-arm-boxing,1,0.094,session_20260730_223706,student03,0.95,0.806,0.573,0.4,-12.18,21.12,2.78,,
2401,2026-07-30T22:48:39.346894+00:00,two-arm-boxing,1,0.203,session_20260730_223706,student03,0.95,1.366,0.039,0.738,-129.25,35.58,-25.79,,
2402,2026-07-30T22:48:39.457977+00:00,two-arm-boxing,1,0.313,session_20260730_223706,student03,0.95,1.967,-0.379,-0.062,-119.05,102.66,-87.07,,
2403,2026-07-30T22:48:39.562143+00:00,two-arm-boxing,1,0.422,session_20260730_223706,student03,0.95,-2.809,-0.093,0.064,124.64,78.95,-196.81,,
2404,2026-07-30T22:48:39.674146+00:00,two-arm-boxing,1,0.532,session_20260730_223706,student03,0.95,-1.225,0.619,0.929,-13.95,-120.7,206.27,,
2405,2026-07-30T22:48:39.782788+00:00,two-arm-boxing,1,0.641,session_20260730_223706,student03,0.95,-0.546,0.188,0.644,-30.76,-19.01,157.81,,
2406,2026-07-30T22:48:39.881404+00:00,two-arm-boxing,1,0.735,session_20260730_223706,student03,0.95,0.539,0.381,0.568,18.52,6.04,110.63,,
2407,2026-07-30T22:48:39.982149+00:00,two-arm-boxing,1,0.828,session_20260730_223706,student03,0.95,1.218,0.247,0.942,138.77,20.42,60.49,,
2408,2026-07-30T22:48:40.081656+00:00,two-arm-boxing,1,0.938,session_20260730_223706,student03,0.95,0.845,-0.41,1.219,67.6,-100.74,-15.72,,
2409,2026-07-30T22:48:40.179590+00:00,two-arm-boxing,1,1.032,session_20260730_223706,student03,0.95,0.684,0.837,0.324,-11.32,-61.56,-21.7,,
2410,2026-07-30T22:48:40.279036+00:00,two-arm-boxing,1,1.125,session_20260730_223706,student03,0.95,0.544,0.462,0.696,6.29,-2.14,37.17,,
2411,2026-07-30T22:48:40.371405+00:00,two-arm-boxing,1,1.219,session_20260730_223706,student03,0.95,0.58,0.633,0.461,33.14,-34.3,-6.32,,
2412,2026-07-30T22:48:40.467981+00:00,two-arm-boxing,1,1.328,session_20260730_223706,student03,0.95,0.598,0.724,0.449,24.11,-0.09,-4.55,,
2413,2026-07-30T22:48:40.574292+00:00,two-arm-boxing,1,1.422,session_20260730_223706,student03,0.95,0.572,0.636,0.555,9.58,19.87,3.48,,
2414,2026-07-30T22:48:40.671416+00:00,two-arm-boxing,1,1.532,session_20260730_223706,student03,0.95,0.578,0.631,0.554,10.35,7.66,6.68,,
2415,2026-07-30T22:48:40.771771+00:00,two-arm-boxing,1,1.625,session_20260730_223706,student03,0.95,0.568,0.559,0.58,-2.47,-5.16,6.16,,
2416,2026-07-30T22:48:40.868758+00:00,two-arm-boxing,1,1.719,session_20260730_223706,student03,0.95,0.612,0.608,0.498,0.67,-1.92,-2.38,,
2417,2026-07-30T22:48:40.968668+00:00,two-arm-boxing,1,1.828,session_20260730_223706,student03,0.95,0.613,0.603,0.496,-6.53,10.5,-1.22,,
2418,2026-07-30T22:48:41.083926+00:00,two-arm-boxing,1,1.938,session_20260730_223706,student03,0.95,0.585,0.565,0.591,1.83,5.13,5.68,,
2419,2026-07-30T22:48:43.159934+00:00,raise-arms,1,0.0,session_20260730_223706,student03,0.95,-0.918,-0.247,0.105,11.02,1.25,4.49,,
2420,2026-07-30T22:48:43.256941+00:00,raise-arms,1,0.094,session_20260730_223706,student03,0.95,-0.918,-0.278,0.478,9.89,-26.76,-3.23,,
2421,2026-07-30T22:48:43.352276+00:00,raise-arms,1,0.187,session_20260730_223706,student03,0.95,-0.916,-0.167,0.616,-4.61,-93.33,-4.85,,
2422,2026-07-30T22:48:43.448126+00:00,raise-arms,1,0.281,session_20260730_223706,student03,0.95,-0.914,-0.203,0.787,-8.03,-95.16,20.78,,
2423,2026-07-30T22:48:43.548056+00:00,raise-arms,1,0.391,session_20260730_223706,student03,0.95,-0.971,-0.237,0.702,-4.21,-114.23,27.25,,
2424,2026-07-30T22:48:43.649711+00:00,raise-arms,1,0.484,session_20260730_223706,student03,0.95,-0.864,-0.288,0.651,6.35,-105.72,25.39,,
2425,2026-07-30T22:48:43.747278+00:00,raise-arms,1,0.578,session_20260730_223706,student03,0.95,-0.759,-0.241,0.683,2.01,-97.29,14.98,,
2426,2026-07-30T22:48:43.837987+00:00,raise-arms,1,0.672,session_20260730_223706,student03,0.95,-0.627,-0.174,0.823,16.08,-79.78,9.67,,
2427,2026-07-30T22:48:43.932830+00:00,raise-arms,1,0.766,session_20260730_223706,student03,0.95,-0.458,-0.2,0.852,6.35,-73.61,6.81,,
2428,2026-07-30T22:48:44.029249+00:00,raise-arms,1,0.875,session_20260730_223706,student03,0.95,-0.361,-0.129,0.928,-4.94,-70.71,3.85,,
2429,2026-07-30T22:48:44.143844+00:00,raise-arms,1,0.984,session_20260730_223706,student03,0.95,-0.199,-0.15,0.867,6.32,-64.06,0.89,,
2430,2026-07-30T22:48:44.254292+00:00,raise-arms,1,1.094,session_20260730_223706,student03,0.95,-0.056,-0.115,0.853,10.8,-57.5,-4.82,,
2431,2026-07-30T22:48:44.363191+00:00,raise-arms,1,1.203,session_20260730_223706,student03,0.95,0.054,-0.081,0.81,6.81,-27.44,1.43,,
2432,2026-07-30T22:48:44.462086+00:00,raise-arms,1,1.297,session_20260730_223706,student03,0.95,0.092,-0.106,0.694,9.31,-8.51,3.57,,
2433,2026-07-30T22:48:44.563860+00:00,raise-arms,1,1.406,session_20260730_223706,student03,0.95,0.1,-0.092,0.817,9.92,17.98,1.83,,
2434,2026-07-30T22:48:44.678210+00:00,raise-arms,1,1.516,session_20260730_223706,student03,0.95,0.09,-0.13,0.99,-2.9,12.36,-2.66,,
2435,2026-07-30T22:48:44.792430+00:00,raise-arms,1,1.625,session_20260730_223706,student03,0.95,0.038,-0.084,0.997,-2.32,4.43,-0.09,,
2436,2026-07-30T22:48:44.886685+00:00,raise-arms,1,1.719,session_20260730_223706,student03,0.95,0.036,-0.131,1.032,0.18,1.68,0.76,,
2437,2026-07-30T22:48:44.998106+00:00,raise-arms,1,1.844,session_20260730_223706,student03,0.95,0.042,-0.099,0.997,1.83,-3.66,-1.68,,
2438,2026-07-30T22:48:45.104230+00:00,raise-arms,1,1.937,session_20260730_223706,student03,0.95,0.065,-0.108,0.977,0.06,-2.87,-1.16,,
2439,2026-07-30T22:48:48.448987+00:00,two-arm-boxing,2,0.0,session_20260730_223706,student03,0.95,0.588,0.537,0.571,-6.81,-4.58,2.08,,
2440,2026-07-30T22:48:48.546686+00:00,two-arm-boxing,2,0.11,session_20260730_223706,student03,0.95,0.605,0.493,0.591,-3.66,-7.02,-4.33,,
2441,2026-07-30T22:48:48.657974+00:00,two-arm-boxing,2,0.219,session_20260730_223706,student03,0.95,1.301,0.279,0.784,-122.32,-33.48,-54.26,,
2442,2026-07-30T22:48:48.764599+00:00,two-arm-boxing,2,0.328,session_20260730_223706,student03,0.95,1.954,-0.246,-0.141,-111.79,29.42,-19.9,,
2443,2026-07-30T22:48:48.875332+00:00,two-arm-boxing,2,0.438,session_20260730_223706,student03,0.95,-1.408,-0.093,0.399,-11.29,97.38,-160.19,,
2444,2026-07-30T22:48:48.984688+00:00,two-arm-boxing,2,0.547,session_20260730_223706,student03,0.95,-0.595,-1.519,1.338,105.35,-174.57,411.76,,
2445,2026-07-30T22:48:49.097722+00:00,two-arm-boxing,2,0.656,session_20260730_223706,student03,0.95,-0.588,-0.115,1.09,4.58,-20.91,82.83,,
2446,2026-07-30T22:48:49.203585+00:00,two-arm-boxing,2,0.766,session_20260730_223706,student03,0.95,-0.176,0.257,0.745,50.97,-26.52,103.24,,
2447,2026-07-30T22:48:49.315737+00:00,two-arm-boxing,2,0.875,session_20260730_223706,student03,0.95,0.812,0.237,0.758,109.62,19.5,79.78,,
2448,2026-07-30T22:48:49.412207+00:00,two-arm-boxing,2,0.969,session_20260730_223706,student03,0.95,1.129,-0.084,1.102,43.28,2.96,60.98,,
2449,2026-07-30T22:48:49.525486+00:00,two-arm-boxing,2,1.078,session_20260730_223706,student03,0.95,0.851,0.271,0.533,26.95,-133.43,-61.04,,
2450,2026-07-30T22:48:49.621327+00:00,two-arm-boxing,2,1.172,session_20260730_223706,student03,0.95,0.596,0.725,0.575,-3.91,6.29,30.95,,
2451,2026-07-30T22:48:49.717913+00:00,two-arm-boxing,2,1.281,session_20260730_223706,student03,0.95,0.609,0.341,0.596,24.48,5.71,17.88,,
2452,2026-07-30T22:48:49.828418+00:00,two-arm-boxing,2,1.391,session_20260730_223706,student03,0.95,0.54,0.745,0.573,0.31,19.47,-9.95,,
2453,2026-07-30T22:48:49.932985+00:00,two-arm-boxing,2,1.485,session_20260730_223706,student03,0.95,0.505,0.587,0.651,-0.49,8.09,16.27,,
2454,2026-07-30T22:48:50.032631+00:00,two-arm-boxing,2,1.594,session_20260730_223706,student03,0.95,0.532,0.586,0.598,6.74,-2.2,7.48,,
2455,2026-07-30T22:48:50.143995+00:00,two-arm-boxing,2,1.703,session_20260730_223706,student03,0.95,0.547,0.55,0.604,14.34,0.85,16.48,,
2456,2026-07-30T22:48:50.241221+00:00,two-arm-boxing,2,1.797,session_20260730_223706,student03,0.95,0.572,0.527,0.588,1.68,-1.25,0.64,,
2457,2026-07-30T22:48:50.341107+00:00,two-arm-boxing,2,1.891,session_20260730_223706,student03,0.95,0.566,0.558,0.601,-6.59,3.63,-4.49,,
2458,2026-07-30T22:48:52.419351+00:00,raise-arms,2,0.0,session_20260730_223706,student03,0.95,-0.924,-0.189,0.251,-4.64,-14.77,1.65,,
2459,2026-07-30T22:48:52.517349+00:00,raise-arms,2,0.109,session_20260730_223706,student03,0.95,-0.897,-0.189,0.236,-30.03,-27.25,-10.53,,
2460,2026-07-30T22:48:52.624215+00:00,raise-arms,2,0.219,session_20260730_223706,student03,0.95,-0.894,-0.239,0.458,-28.38,-38.15,1.74,,
2461,2026-07-30T22:48:52.734813+00:00,raise-arms,2,0.328,session_20260730_223706,student03,0.95,-0.893,-0.252,0.694,-9.43,-61.37,5.07,,
2462,2026-07-30T22:48:52.848488+00:00,raise-arms,2,0.437,session_20260730_223706,student03,0.95,-0.924,-0.191,0.692,11.44,-94.52,9.16,,
2463,2026-07-30T22:48:52.953826+00:00,raise-arms,2,0.547,session_20260730_223706,student03,0.95,-0.867,-0.19,0.652,-16.11,-100.01,13.86,,
2464,2026-07-30T22:48:53.063770+00:00,raise-arms,2,0.656,session_20260730_223706,student03,0.95,-0.744,-0.226,0.767,13.52,-81.58,1.56,,
2465,2026-07-30T22:48:53.175126+00:00,raise-arms,2,0.766,session_20260730_223706,student03,0.95,-0.682,-0.252,0.902,5.25,-79.78,10.04,,
2466,2026-07-30T22:48:53.284482+00:00,raise-arms,2,0.875,session_20260730_223706,student03,0.95,-0.484,-0.239,0.814,3.81,-87.74,-2.81,,
2467,2026-07-30T22:48:53.393514+00:00,raise-arms,2,0.984,session_20260730_223706,student03,0.95,-0.303,-0.243,0.854,3.57,-58.96,-0.55,,
2468,2026-07-30T22:48:53.508049+00:00,raise-arms,2,1.094,session_20260730_223706,student03,0.95,-0.207,-0.218,0.868,18.1,-46.6,-4.24,,
2469,2026-07-30T22:48:53.614042+00:00,raise-arms,2,1.203,session_20260730_223706,student03,0.95,-0.095,-0.187,0.838,18.86,-46.27,-3.33,,
2470,2026-07-30T22:48:53.709001+00:00,raise-arms,2,1.297,session_20260730_223706,student03,0.95,-0.01,-0.171,0.759,6.1,-33.85,-3.81,,
2471,2026-07-30T22:48:53.815719+00:00,raise-arms,2,1.406,session_20260730_223706,student03,0.95,0.055,-0.137,0.819,-10.41,-2.2,-4.03,,
2472,2026-07-30T22:48:53.912581+00:00,raise-arms,2,1.5,session_20260730_223706,student03,0.95,0.062,-0.138,0.921,-9.22,3.33,-2.81,,
2473,2026-07-30T22:48:54.009378+00:00,raise-arms,2,1.594,session_20260730_223706,student03,0.95,0.078,-0.215,0.949,3.72,0.24,2.35,,
2474,2026-07-30T22:48:54.109211+00:00,raise-arms,2,1.703,session_20260730_223706,student03,0.95,0.057,-0.191,0.99,1.68,5.68,-1.22,,
2475,2026-07-30T22:48:54.222683+00:00,raise-arms,2,1.812,session_20260730_223706,student03,0.95,0.067,-0.192,0.982,-0.03,-4.43,0.64,,
2476,2026-07-30T22:48:54.333409+00:00,raise-arms,2,1.922,session_20260730_223706,student03,0.95,0.056,-0.134,0.973,2.72,0.61,-1.16,,
2477,2026-07-30T22:48:56.486108+00:00,two-arm-boxing,3,0.0,session_20260730_223706,student03,0.95,0.602,0.627,0.512,-8.18,-4.61,0.31,,
2478,2026-07-30T22:48:56.593138+00:00,two-arm-boxing,3,0.109,session_20260730_223706,student03,0.95,0.644,0.531,0.503,1.16,-5.68,6.32,,
2479,2026-07-30T22:48:56.704339+00:00,two-arm-boxing,3,0.219,session_20260730_223706,student03,0.95,1.46,0.243,0.676,-122.53,-9.58,-26.49,,
2480,2026-07-30T22:48:56.814821+00:00,two-arm-boxing,3,0.328,session_20260730_223706,student03,0.95,2.05,-0.38,-0.042,-182.96,36.26,-35.43,,
2481,2026-07-30T22:48:56.927682+00:00,two-arm-boxing,3,0.438,session_20260730_223706,student03,0.95,-2.427,-0.381,0.324,8.76,18.46,-117.37,,
2482,2026-07-30T22:48:57.037919+00:00,two-arm-boxing,3,0.547,session_20260730_223706,student03,0.95,-0.793,-0.214,0.403,5.04,-234.78,156.99,,
2483,2026-07-30T22:48:57.148241+00:00,two-arm-boxing,3,0.656,session_20260730_223706,student03,0.95,-0.309,0.035,0.917,52.46,-6.9,99.8,,
2484,2026-07-30T22:48:57.254106+00:00,two-arm-boxing,3,0.766,session_20260730_223706,student03,0.95,0.117,0.291,0.681,61.37,-26.61,112.49,,
2485,2026-07-30T22:48:57.352826+00:00,two-arm-boxing,3,0.859,session_20260730_223706,student03,0.95,0.726,0.299,0.579,59.76,-19.71,55.06,,
2486,2026-07-30T22:48:57.451405+00:00,two-arm-boxing,3,0.969,session_20260730_223706,student03,0.95,0.792,0.094,0.961,46.24,-21.64,18.07,,
2487,2026-07-30T22:48:57.565138+00:00,two-arm-boxing,3,1.078,session_20260730_223706,student03,0.95,0.904,0.207,0.769,12.63,-70.19,-33.88,,
2488,2026-07-30T22:48:57.675171+00:00,two-arm-boxing,3,1.188,session_20260730_223706,student03,0.95,0.661,0.671,0.497,-0.55,-17.06,7.11,,
2489,2026-07-30T22:48:57.785516+00:00,two-arm-boxing,3,1.297,session_20260730_223706,student03,0.95,0.617,0.533,0.563,15.11,26.31,23.38,,
2490,2026-07-30T22:48:57.894558+00:00,two-arm-boxing,3,1.406,session_20260730_223706,student03,0.95,0.491,0.664,0.617,-6.62,34.85,16.91,,
2491,2026-07-30T22:48:58.003391+00:00,two-arm-boxing,3,1.516,session_20260730_223706,student03,0.95,0.541,0.542,0.618,15.78,13.25,23.38,,
2492,2026-07-30T22:48:58.099233+00:00,two-arm-boxing,3,1.609,session_20260730_223706,student03,0.95,0.537,0.531,0.625,14.28,4.55,1.53,,
2493,2026-07-30T22:48:58.198135+00:00,two-arm-boxing,3,1.703,session_20260730_223706,student03,0.95,0.565,0.511,0.561,7.81,3.14,-8.73,,
2494,2026-07-30T22:48:58.297461+00:00,two-arm-boxing,3,1.813,session_20260730_223706,student03,0.95,0.499,0.653,0.599,0.21,18.37,-4.58,,
2495,2026-07-30T22:48:58.403222+00:00,two-arm-boxing,3,1.906,session_20260730_223706,student03,0.95,0.481,0.634,0.694,-9.06,13.4,-3.81,,
2496,2026-07-30T22:49:00.258246+00:00,raise-arms,3,0.0,session_20260730_223706,student03,0.95,-0.925,-0.224,0.144,-6.87,-2.23,4.03,,
2497,2026-07-30T22:49:00.360036+00:00,raise-arms,3,0.109,session_20260730_223706,student03,0.95,-0.887,-0.245,0.207,1.4,-4.18,-2.53,,
2498,2026-07-30T22:49:00.473494+00:00,raise-arms,3,0.218,session_20260730_223706,student03,0.95,-0.959,-0.248,0.417,-17.46,-38.33,-13.58,,
2499,2026-07-30T22:49:00.571855+00:00,raise-arms,3,0.312,session_20260730_223706,student03,0.95,-0.987,-0.151,0.648,3.42,-59.05,-3.14,,
2500,2026-07-30T22:49:00.668194+00:00,raise-arms,3,0.406,session_20260730_223706,student03,0.95,-1.003,-0.121,0.636,6.35,-122.68,21.36,,
2501,2026-07-30T22:49:00.758864+00:00,raise-arms,3,0.5,session_20260730_223706,student03,0.95,-0.927,-0.276,0.741,-17.91,-120.58,30.4,,
2502,2026-07-30T22:49:00.859623+00:00,raise-arms,3,0.609,session_20260730_223706,student03,0.95,-0.895,-0.244,0.785,-7.72,-123.45,20.26,,
2503,2026-07-30T22:49:00.961951+00:00,raise-arms,3,0.703,session_20260730_223706,student03,0.95,-0.741,-0.231,0.821,16.79,-102.48,5.98,,
2504,2026-07-30T22:49:01.060184+00:00,raise-arms,3,0.797,session_20260730_223706,student03,0.95,-0.586,-0.264,0.837,-16.57,-111.58,4.82,,
2505,2026-07-30T22:49:01.159867+00:00,raise-arms,3,0.906,session_20260730_223706,student03,0.95,-0.356,-0.198,0.763,3.02,-80.32,-1.25,,
2506,2026-07-30T22:49:01.258929+00:00,raise-arms,3,1.0,session_20260730_223706,student03,0.95,-0.213,-0.175,0.81,2.44,-65.4,-5.37,,
2507,2026-07-30T22:49:01.364515+00:00,raise-arms,3,1.109,session_20260730_223706,student03,0.95,-0.081,-0.147,0.815,-2.32,-49.13,-9.13,,
2508,2026-07-30T22:49:01.458102+00:00,raise-arms,3,1.203,session_20260730_223706,student03,0.95,0.054,-0.203,0.819,7.54,-34.12,-8.97,,
2509,2026-07-30T22:49:01.558508+00:00,raise-arms,3,1.297,session_20260730_223706,student03,0.95,0.096,-0.17,0.827,-7.32,-6.26,-9.7,,
2510,2026-07-30T22:49:01.663957+00:00,raise-arms,3,1.406,session_20260730_223706,student03,0.95,0.08,-0.11,0.843,0.61,-6.35,1.68,,
2511,2026-07-30T22:49:01.758312+00:00,raise-arms,3,1.5,session_20260730_223706,student03,0.95,0.131,-0.174,0.884,-2.44,0.89,2.17,,
2512,2026-07-30T22:49:01.868021+00:00,raise-arms,3,1.609,session_20260730_223706,student03,0.95,0.08,-0.118,0.929,14.13,9.61,-4.03,,
2513,2026-07-30T22:49:01.967008+00:00,raise-arms,3,1.718,session_20260730_223706,student03,0.95,0.065,-0.128,0.991,7.97,10.93,0.61,,
2514,2026-07-30T22:49:02.068224+00:00,raise-arms,3,1.812,session_20260730_223706,student03,0.95,0.047,-0.11,1.01,10.74,9.67,-0.73,,
2515,2026-07-30T22:49:02.168191+00:00,raise-arms,3,1.906,session_20260730_223706,student03,0.95,0.035,-0.1,0.991,10.62,4.39,3.36,,
2516,2026-07-30T22:49:04.741587+00:00,two-arm-boxing,4,0.0,session_20260730_223706,student03,0.95,0.641,0.552,0.485,-8.0,-0.21,0.67,,
2517,2026-07-30T22:49:04.842072+00:00,two-arm-boxing,4,0.109,session_20260730_223706,student03,0.95,1.118,0.415,0.767,-83.53,31.86,-33.54,,
2518,2026-07-30T22:49:04.955190+00:00,two-arm-boxing,4,0.219,session_20260730_223706,student03,0.95,1.805,-0.46,0.176,-156.68,-4.09,-20.42,,
2519,2026-07-30T22:49:05.068243+00:00,two-arm-boxing,4,0.328,session_20260730_223706,student03,0.95,-0.254,-0.194,0.435,-108.98,96.19,-226.69,,
2520,2026-07-30T22:49:05.161956+00:00,two-arm-boxing,4,0.422,session_20260730_223706,student03,0.95,-1.959,4.0,2.213,-71.9,148.63,-384.41,,
2521,2026-07-30T22:49:05.259010+00:00,two-arm-boxing,4,0.516,session_20260730_223706,student03,0.95,-0.408,-0.215,0.437,156.35,-64.15,80.14,,
2522,2026-07-30T22:49:05.365767+00:00,two-arm-boxing,4,0.625,session_20260730_223706,student03,0.95,-0.68,0.088,1.177,100.38,-45.44,91.56,,
2523,2026-07-30T22:49:05.478223+00:00,two-arm-boxing,4,0.734,session_20260730_223706,student03,0.95,0.321,0.389,0.601,39.0,-35.62,80.17,,
2524,2026-07-30T22:49:05.583512+00:00,two-arm-boxing,4,0.844,session_20260730_223706,student03,0.95,0.986,0.43,0.936,52.74,25.73,57.25,,
2525,2026-07-30T22:49:05.679373+00:00,two-arm-boxing,4,0.938,session_20260730_223706,student03,0.95,1.312,-0.576,0.646,182.81,-95.16,51.27,,
2526,2026-07-30T22:49:05.780518+00:00,two-arm-boxing,4,1.047,session_20260730_223706,student03,0.95,0.567,0.785,0.631,17.94,-32.53,-29.33,,
2527,2026-07-30T22:49:05.894530+00:00,two-arm-boxing,4,1.156,session_20260730_223706,student03,0.95,0.525,0.481,0.695,4.97,-3.45,29.36,,
2528,2026-07-30T22:49:06.003540+00:00,two-arm-boxing,4,1.266,session_20260730_223706,student03,0.95,0.532,0.585,0.611,49.44,-10.16,21.91,,
2529,2026-07-30T22:49:06.103721+00:00,two-arm-boxing,4,1.359,session_20260730_223706,student03,0.95,0.558,0.656,0.595,6.44,5.55,8.18,,
2530,2026-07-30T22:49:06.214783+00:00,two-arm-boxing,4,1.469,session_20260730_223706,student03,0.95,0.546,0.567,0.601,7.66,6.96,7.45,,
2531,2026-07-30T22:49:06.310184+00:00,two-arm-boxing,4,1.563,session_20260730_223706,student03,0.95,0.555,0.561,0.586,-10.38,-0.09,-10.74,,
2532,2026-07-30T22:49:06.410362+00:00,two-arm-boxing,4,1.672,session_20260730_223706,student03,0.95,0.511,0.607,0.633,-4.27,3.3,-2.2,,
2533,2026-07-30T22:49:06.508456+00:00,two-arm-boxing,4,1.766,session_20260730_223706,student03,0.95,0.533,0.568,0.603,-11.63,4.12,-6.59,,
2534,2026-07-30T22:49:06.599732+00:00,two-arm-boxing,4,1.859,session_20260730_223706,student03,0.95,0.528,0.545,0.611,2.81,1.01,-5.22,,
2535,2026-07-30T22:49:06.699739+00:00,two-arm-boxing,4,1.953,session_20260730_223706,student03,0.95,0.523,0.586,0.644,1.68,1.68,-1.89,,
2536,2026-07-30T22:49:08.898604+00:00,raise-arms,4,0.0,session_20260730_223706,student03,0.95,-0.897,-0.169,0.34,-5.8,0.58,3.69,,
2537,2026-07-30T22:49:08.998903+00:00,raise-arms,4,0.11,session_20260730_223706,student03,0.95,-0.929,-0.139,0.403,-13.28,-18.49,2.5,,
2538,2026-07-30T22:49:09.108511+00:00,raise-arms,4,0.219,session_20260730_223706,student03,0.95,-0.989,0.027,0.753,-34.52,-54.11,23.01,,
2539,2026-07-30T22:49:09.218104+00:00,raise-arms,4,0.328,session_20260730_223706,student03,0.95,-1.114,-0.157,0.79,-4.49,-147.56,27.38,,
2540,2026-07-30T22:49:09.319858+00:00,raise-arms,4,0.422,session_20260730_223706,student03,0.95,-0.972,-0.176,0.622,-4.06,-134.43,32.47,,
2541,2026-07-30T22:49:09.418087+00:00,raise-arms,4,0.516,session_20260730_223706,student03,0.95,-0.819,-0.189,0.66,-26.46,-96.16,24.38,,
2542,2026-07-30T22:49:09.518759+00:00,raise-arms,4,0.625,session_20260730_223706,student03,0.95,-0.651,-0.185,0.724,-1.74,-87.44,7.78,,
2543,2026-07-30T22:49:09.625619+00:00,raise-arms,4,0.735,session_20260730_223706,student03,0.95,-0.444,-0.116,0.734,-6.78,-66.99,8.06,,
2544,2026-07-30T22:49:09.734141+00:00,raise-arms,4,0.844,session_20260730_223706,student03,0.95,-0.327,-0.145,0.885,-0.79,-50.17,3.57,,
2545,2026-07-30T22:49:09.843984+00:00,raise-arms,4,0.953,session_20260730_223706,student03,0.95,-0.22,-0.116,0.906,-0.46,-41.51,0.31,,
2546,2026-07-30T22:49:09.954753+00:00,raise-arms,4,1.063,session_20260730_223706,student03,0.95,-0.139,-0.101,0.872,0.24,-26.98,5.13,,
2547,2026-07-30T22:49:10.065002+00:00,raise-arms,4,1.172,session_20260730_223706,student03,0.95,-0.077,-0.12,0.916,-8.85,-18.46,1.46,,
2548,2026-07-30T22:49:10.175026+00:00,raise-arms,4,1.282,session_20260730_223706,student03,0.95,-0.042,-0.114,0.89,-1.16,-17.88,-0.52,,
2549,2026-07-30T22:49:10.273469+00:00,raise-arms,4,1.375,session_20260730_223706,student03,0.95,-0.007,-0.099,0.903,-1.34,-9.74,-1.77,,
2550,2026-07-30T22:49:10.371903+00:00,raise-arms,4,1.469,session_20260730_223706,student03,0.95,0.014,-0.109,0.967,-5.77,-4.24,-2.08,,
2551,2026-07-30T22:49:10.468324+00:00,raise-arms,4,1.578,session_20260730_223706,student03,0.95,0.008,-0.1,0.999,7.93,-11.02,0.03,,
2552,2026-07-30T22:49:10.574769+00:00,raise-arms,4,1.672,session_20260730_223706,student03,0.95,0.02,-0.102,0.979,1.8,-10.35,-2.56,,
2553,2026-07-30T22:49:10.667698+00:00,raise-arms,4,1.766,session_20260730_223706,student03,0.95,0.049,-0.12,0.92,2.35,-13.7,0.15,,
2554,2026-07-30T22:49:10.758570+00:00,raise-arms,4,1.86,session_20260730_223706,student03,0.95,0.066,-0.11,0.912,-1.22,-5.49,-1.83,,
2555,2026-07-30T22:49:10.859900+00:00,raise-arms,4,1.969,session_20260730_223706,student03,0.95,0.068,-0.108,0.969,-3.94,1.83,-2.11,,
2556,2026-07-30T22:49:12.743158+00:00,two-arm-boxing,5,0.0,session_20260730_223706,student03,0.95,0.545,0.654,0.578,-7.54,10.83,2.96,,
2557,2026-07-30T22:49:12.853204+00:00,two-arm-boxing,5,0.109,session_20260730_223706,student03,0.95,0.549,0.57,0.584,8.64,7.26,11.2,,
2558,2026-07-30T22:49:12.964275+00:00,two-arm-boxing,5,0.219,session_20260730_223706,student03,0.95,1.283,0.026,1.218,-198.77,-40.01,-65.25,,
2559,2026-07-30T22:49:13.060158+00:00,two-arm-boxing,5,0.313,session_20260730_223706,student03,0.95,2.016,-0.664,0.093,-190.56,-12.6,-90.46,,
2560,2026-07-30T22:49:13.160538+00:00,two-arm-boxing,5,0.422,session_20260730_223706,student03,0.95,-2.12,-0.235,0.779,-1.28,86.46,-164.95,,
2561,2026-07-30T22:49:13.259538+00:00,two-arm-boxing,5,0.516,session_20260730_223706,student03,0.95,-2.34,3.998,2.912,-225.68,43.09,-73.37,,
2562,2026-07-30T22:49:13.368204+00:00,two-arm-boxing,5,0.625,session_20260730_223706,student03,0.95,-0.648,-0.02,0.737,102.88,-38.15,141.15,,
2563,2026-07-30T22:49:13.462534+00:00,two-arm-boxing,5,0.719,session_20260730_223706,student03,0.95,-0.093,0.391,0.773,68.64,-1.13,131.35,,
2564,2026-07-30T22:49:13.560451+00:00,two-arm-boxing,5,0.828,session_20260730_223706,student03,0.95,0.857,0.491,0.467,88.08,20.72,88.6,,
2565,2026-07-30T22:49:13.674512+00:00,two-arm-boxing,5,0.938,session_20260730_223706,student03,0.95,0.782,0.048,1.091,17.18,6.16,29.18,,
2566,2026-07-30T22:49:13.785398+00:00,two-arm-boxing,5,1.047,session_20260730_223706,student03,0.95,0.756,0.303,0.775,58.02,-72.6,-4.7,,
2567,2026-07-30T22:49:13.895234+00:00,two-arm-boxing,5,1.156,session_20260730_223706,student03,0.95,0.535,0.659,0.56,-11.29,-20.51,2.29,,
2568,2026-07-30T22:49:14.008265+00:00,two-arm-boxing,5,1.266,session_20260730_223706,student03,0.95,0.56,0.626,0.52,37.14,11.41,11.99,,
2569,2026-07-30T22:49:14.115483+00:00,two-arm-boxing,5,1.375,session_20260730_223706,student03,0.95,0.516,0.703,0.543,17.46,15.99,22.13,,
2570,2026-07-30T22:49:14.210088+00:00,two-arm-boxing,5,1.469,session_20260730_223706,student03,0.95,0.478,0.553,0.596,15.96,15.08,18.56,,
2571,2026-07-30T22:49:14.313682+00:00,two-arm-boxing,5,1.578,session_20260730_223706,student03,0.95,0.472,0.628,0.577,25.57,9.98,-0.12,,
2572,2026-07-30T22:49:14.424138+00:00,two-arm-boxing,5,1.688,session_20260730_223706,student03,0.95,0.479,0.611,0.602,11.23,9.28,-3.11,,
2573,2026-07-30T22:49:14.534998+00:00,two-arm-boxing,5,1.797,session_20260730_223706,student03,0.95,0.451,0.696,0.569,-0.73,-12.21,-21.58,,
2574,2026-07-30T22:49:14.644949+00:00,two-arm-boxing,5,1.906,session_20260730_223706,student03,0.95,0.463,0.678,0.626,-8.76,1.98,8.0,,
2575,2026-07-30T22:49:16.093191+00:00,raise-arms,5,0.0,session_20260730_223706,student03,0.95,-0.906,-0.216,0.225,13.86,1.68,2.59,,
2576,2026-07-30T22:49:16.207941+00:00,raise-arms,5,0.11,session_20260730_223706,student03,0.95,-0.89,-0.212,0.255,1.28,-0.06,-1.86,,
2577,2026-07-30T22:49:16.319024+00:00,raise-arms,5,0.219,session_20260730_223706,student03,0.95,-0.939,-0.129,0.317,-12.05,-7.17,-2.32,,
2578,2026-07-30T22:49:16.426282+00:00,raise-arms,5,0.329,session_20260730_223706,student03,0.95,-0.953,-0.135,0.492,-31.16,-51.7,-0.92,,
2579,2026-07-30T22:49:16.535364+00:00,raise-arms,5,0.438,session_20260730_223706,student03,0.95,-0.977,-0.117,0.544,-5.46,-61.65,34.64,,
2580,2026-07-30T22:49:16.644672+00:00,raise-arms,5,0.547,session_20260730_223706,student03,0.95,-0.904,-0.167,0.615,-9.06,-91.13,41.14,,
2581,2026-07-30T22:49:16.754235+00:00,raise-arms,5,0.657,session_20260730_223706,student03,0.95,-0.892,-0.062,0.641,-10.5,-85.42,28.81,,
2582,2026-07-30T22:49:16.865255+00:00,raise-arms,5,0.766,session_20260730_223706,student03,0.95,-0.754,-0.128,0.777,-19.01,-74.71,30.18,,
2583,2026-07-30T22:49:16.959240+00:00,raise-arms,5,0.86,session_20260730_223706,student03,0.95,-0.729,-0.157,0.823,-5.62,-85.33,19.65,,
2584,2026-07-30T22:49:17.053254+00:00,raise-arms,5,0.954,session_20260730_223706,student03,0.95,-0.613,-0.171,0.9,-8.12,-81.21,8.51,,
2585,2026-07-30T22:49:17.150612+00:00,raise-arms,5,1.047,session_20260730_223706,student03,0.95,-0.447,-0.086,0.833,3.02,-71.17,3.51,,
2586,2026-07-30T22:49:17.249322+00:00,raise-arms,5,1.157,session_20260730_223706,student03,0.95,-0.356,-0.106,0.885,-8.45,-72.97,-0.49,,
2587,2026-07-30T22:49:17.358718+00:00,raise-arms,5,1.266,session_20260730_223706,student03,0.95,-0.208,-0.088,0.897,-4.55,-55.42,-1.25,,
2588,2026-07-30T22:49:17.459307+00:00,raise-arms,5,1.36,session_20260730_223706,student03,0.95,-0.075,-0.102,0.834,5.04,-46.45,1.56,,
2589,2026-07-30T22:49:17.560323+00:00,raise-arms,5,1.469,session_20260730_223706,student03,0.95,-0.0,-0.097,0.834,-11.99,-20.08,2.72,,
2590,2026-07-30T22:49:17.676365+00:00,raise-arms,5,1.579,session_20260730_223706,student03,0.95,0.028,-0.091,0.836,-14.83,2.38,-1.65,,
2591,2026-07-30T22:49:17.773067+00:00,raise-arms,5,1.672,session_20260730_223706,student03,0.95,0.033,-0.107,0.94,-5.89,4.27,-2.53,,
2592,2026-07-30T22:49:17.869136+00:00,raise-arms,5,1.766,session_20260730_223706,student03,0.95,0.028,-0.106,0.92,-3.94,-5.1,-1.07,,
2593,2026-07-30T22:49:17.975149+00:00,raise-arms,5,1.875,session_20260730_223706,student03,0.95,0.033,-0.114,0.949,-1.22,2.11,-0.46,,
2594,2026-07-30T22:49:18.068190+00:00,raise-arms,5,1.969,session_20260730_223706,student03,0.95,0.028,-0.112,0.949,3.23,3.63,1.19,,
2595,2026-07-30T22:49:19.504102+00:00,two-arm-boxing,6,0.0,session_20260730_223706,student03,0.95,0.552,0.558,0.499,8.58,28.2,16.05,,
2596,2026-07-30T22:49:19.614134+00:00,two-arm-boxing,6,0.109,session_20260730_223706,student03,0.95,0.571,0.57,0.608,9.8,13.28,0.03,,
2597,2026-07-30T22:49:19.725275+00:00,two-arm-boxing,6,0.218,session_20260730_223706,student03,0.95,1.206,0.03,0.986,-197.67,-15.23,-109.87,,
2598,2026-07-30T22:49:19.835222+00:00,two-arm-boxing,6,0.328,session_20260730_223706,student03,0.95,1.793,-0.536,0.424,-173.77,-39.92,-140.2,,
2599,2026-07-30T22:49:19.944887+00:00,two-arm-boxing,6,0.437,session_20260730_223706,student03,0.95,-2.699,0.221,-0.032,-3.57,144.32,-219.46,,
2600,2026-07-30T22:49:20.039616+00:00,two-arm-boxing,6,0.531,session_20260730_223706,student03,0.95,-0.671,-0.604,1.167,131.5,-134.01,341.72,,
2601,2026-07-30T22:49:20.145932+00:00,two-arm-boxing,6,0.64,session_20260730_223706,student03,0.95,-0.675,0.354,0.657,12.51,25.51,101.05,,
2602,2026-07-30T22:49:20.255009+00:00,two-arm-boxing,6,0.75,session_20260730_223706,student03,0.95,-0.137,0.539,0.691,58.05,0.58,115.02,,
2603,2026-07-30T22:49:20.353994+00:00,two-arm-boxing,6,0.843,session_20260730_223706,student03,0.95,0.584,0.321,0.773,77.55,17.21,85.3,,
2604,2026-07-30T22:49:20.449695+00:00,two-arm-boxing,6,0.937,session_20260730_223706,student03,0.95,0.937,0.188,0.921,-4.09,-60.64,5.89,,
2605,2026-07-30T22:49:20.548677+00:00,two-arm-boxing,6,1.047,session_20260730_223706,student03,0.95,0.869,0.151,0.873,82.46,-64.88,17.61,,
2606,2026-07-30T22:49:20.657837+00:00,two-arm-boxing,6,1.156,session_20260730_223706,student03,0.95,0.674,0.69,0.436,29.33,-33.17,6.78,,
2607,2026-07-30T22:49:20.766346+00:00,two-arm-boxing,6,1.265,session_20260730_223706,student03,0.95,0.593,0.618,0.485,39.74,22.83,25.67,,
2608,2026-07-30T22:49:20.874609+00:00,two-arm-boxing,6,1.375,session_20260730_223706,student03,0.95,0.513,0.783,0.452,4.61,45.53,3.14,,
2609,2026-07-30T22:49:20.986123+00:00,two-arm-boxing,6,1.484,session_20260730_223706,student03,0.95,0.417,0.711,0.566,2.96,45.41,19.56,,
2610,2026-07-30T22:49:21.094102+00:00,two-arm-boxing,6,1.593,session_20260730_223706,student03,0.95,0.431,0.562,0.599,-0.03,1.37,13.67,,
2611,2026-07-30T22:49:21.209006+00:00,two-arm-boxing,6,1.703,session_20260730_223706,student03,0.95,0.414,0.668,0.622,-9.58,8.94,0.37,,
2612,2026-07-30T22:49:21.310170+00:00,two-arm-boxing,6,1.797,session_20260730_223706,student03,0.95,0.467,0.597,0.634,7.75,-0.27,0.92,,
2613,2026-07-30T22:49:21.400661+00:00,two-arm-boxing,6,1.89,session_20260730_223706,student03,0.95,0.447,0.699,0.623,-11.87,-1.8,-2.9,,
2614,2026-07-30T22:49:22.876917+00:00,raise-arms,6,0.0,session_20260730_223706,student03,0.95,-0.919,-0.272,0.209,-4.09,-7.17,0.7,,
2615,2026-07-30T22:49:22.984884+00:00,raise-arms,6,0.109,session_20260730_223706,student03,0.95,-0.907,-0.227,0.299,-16.27,-9.37,7.32,,
2616,2026-07-30T22:49:23.099303+00:00,raise-arms,6,0.218,session_20260730_223706,student03,0.95,-0.921,-0.229,0.508,-20.66,-43.06,-1.59,,
2617,2026-07-30T22:49:23.204641+00:00,raise-arms,6,0.328,session_20260730_223706,student03,0.95,-0.922,-0.264,0.64,2.62,-68.09,-6.56,,
2618,2026-07-30T22:49:23.315037+00:00,raise-arms,6,0.437,session_20260730_223706,student03,0.95,-0.893,-0.274,0.634,15.26,-102.57,13.21,,
2619,2026-07-30T22:49:23.424381+00:00,raise-arms,6,0.547,session_20260730_223706,student03,0.95,-0.84,-0.26,0.704,-1.98,-86.46,19.56,,
2620,2026-07-30T22:49:23.535307+00:00,raise-arms,6,0.656,session_20260730_223706,student03,0.95,-0.766,-0.252,0.856,-1.95,-78.62,4.49,,
2621,2026-07-30T22:49:23.645300+00:00,raise-arms,6,0.765,session_20260730_223706,student03,0.95,-0.671,-0.238,0.835,3.63,-91.4,5.58,,
2622,2026-07-30T22:49:23.755084+00:00,raise-arms,6,0.875,session_20260730_223706,student03,0.95,-0.56,-0.206,0.887,4.03,-77.43,-1.1,,
2623,2026-07-30T22:49:23.868785+00:00,raise-arms,6,0.984,session_20260730_223706,student03,0.95,-0.341,-0.231,0.848,8.61,-73.95,-2.04,,
2624,2026-07-30T22:49:23.968450+00:00,raise-arms,6,1.093,session_20260730_223706,student03,0.95,-0.224,-0.216,0.829,24.54,-50.57,-7.6,,
2625,2026-07-30T22:49:24.075024+00:00,raise-arms,6,1.187,session_20260730_223706,student03,0.95,-0.133,-0.203,0.912,-5.49,-41.38,-6.53,,
2626,2026-07-30T22:49:24.172136+00:00,raise-arms,6,1.297,session_20260730_223706,student03,0.95,-0.029,-0.209,0.818,5.1,-31.28,-9.58,,
2627,2026-07-30T22:49:24.274062+00:00,raise-arms,6,1.39,session_20260730_223706,student03,0.95,0.034,-0.126,0.819,-5.13,-19.04,-3.17,,
2628,2026-07-30T22:49:24.369213+00:00,raise-arms,6,1.484,session_20260730_223706,student03,0.95,0.083,-0.165,0.867,1.5,-0.67,2.66,,
2629,2026-07-30T22:49:24.469299+00:00,raise-arms,6,1.593,session_20260730_223706,student03,0.95,0.079,-0.162,0.976,2.53,-2.5,2.56,,
2630,2026-07-30T22:49:24.575020+00:00,raise-arms,6,1.687,session_20260730_223706,student03,0.95,0.087,-0.167,1.044,10.38,1.1,0.09,,
2631,2026-07-30T22:49:24.669553+00:00,raise-arms,6,1.781,session_20260730_223706,student03,0.95,0.078,-0.141,0.984,9.16,-13.64,2.44,,
2632,2026-07-30T22:49:24.775735+00:00,raise-arms,6,1.89,session_20260730_223706,student03,0.95,0.106,-0.15,0.979,3.39,-11.11,-1.34,,
2633,2026-07-30T22:49:26.503912+00:00,two-arm-boxing,7,0.0,session_20260730_223706,student03,0.95,0.598,0.634,0.541,-6.47,-2.23,-1.53,,
2634,2026-07-30T22:49:26.603075+00:00,two-arm-boxing,7,0.093,session_20260730_223706,student03,0.95,0.67,0.576,0.462,6.26,-6.41,4.27,,
2635,2026-07-30T22:49:26.715925+00:00,two-arm-boxing,7,0.203,session_20260730_223706,student03,0.95,1.245,0.5,0.82,-143.47,12.09,-45.2,,
2636,2026-07-30T22:49:26.810596+00:00,two-arm-boxing,7,0.312,session_20260730_223706,student03,0.95,2.034,-0.575,0.165,-143.44,-8.3,8.94,,
2637,2026-07-30T22:49:26.925807+00:00,two-arm-boxing,7,0.422,session_20260730_223706,student03,0.95,-1.292,-0.351,0.521,-50.78,40.89,-186.35,,
2638,2026-07-30T22:49:27.035640+00:00,two-arm-boxing,7,0.531,session_20260730_223706,student03,0.95,-1.432,3.421,2.047,-82.86,5.34,55.51,,
2639,2026-07-30T22:49:27.145294+00:00,two-arm-boxing,7,0.64,session_20260730_223706,student03,0.95,-0.46,0.186,0.975,-12.85,2.2,66.29,,
2640,2026-07-30T22:49:27.255715+00:00,two-arm-boxing,7,0.75,session_20260730_223706,student03,0.95,-0.659,0.416,0.795,92.65,-45.56,124.52,,
2641,2026-07-30T22:49:27.349904+00:00,two-arm-boxing,7,0.843,session_20260730_223706,student03,0.95,0.472,0.178,0.704,40.74,33.51,117.53,,
2642,2026-07-30T22:49:27.450578+00:00,two-arm-boxing,7,0.937,session_20260730_223706,student03,0.95,1.028,0.271,0.887,78.49,19.62,64.85,,
2643,2026-07-30T22:49:27.549487+00:00,two-arm-boxing,7,1.047,session_20260730_223706,student03,0.95,1.036,0.032,0.99,19.81,-52.28,-2.75,,
2644,2026-07-30T22:49:27.658714+00:00,two-arm-boxing,7,1.156,session_20260730_223706,student03,0.95,0.759,0.508,0.6,42.91,-46.17,19.9,,
2645,2026-07-30T22:49:27.766930+00:00,two-arm-boxing,7,1.265,session_20260730_223706,student03,0.95,0.621,0.559,0.586,16.05,1.95,15.05,,
2646,2026-07-30T22:49:27.874802+00:00,two-arm-boxing,7,1.375,session_20260730_223706,student03,0.95,0.637,0.683,0.441,43.79,21.39,11.54,,
2647,2026-07-30T22:49:27.989045+00:00,two-arm-boxing,7,1.484,session_20260730_223706,student03,0.95,0.498,0.71,0.59,-2.14,38.54,17.91,,
2648,2026-07-30T22:49:28.099494+00:00,two-arm-boxing,7,1.593,session_20260730_223706,student03,0.95,0.497,0.569,0.577,17.09,6.07,17.82,,
2649,2026-07-30T22:49:28.205499+00:00,two-arm-boxing,7,1.703,session_20260730_223706,student03,0.95,0.501,0.65,0.554,3.11,8.0,3.11,,
2650,2026-07-30T22:49:28.315022+00:00,two-arm-boxing,7,1.812,session_20260730_223706,student03,0.95,0.485,0.589,0.612,-22.68,18.46,-23.99,,
2651,2026-07-30T22:49:28.425880+00:00,two-arm-boxing,7,1.922,session_20260730_223706,student03,0.95,0.458,0.658,0.702,-5.22,8.12,6.47,,
2652,2026-07-30T22:49:30.496935+00:00,raise-arms,7,0.0,session_20260730_223706,student03,0.95,-0.895,-0.201,0.314,3.85,-3.08,5.68,,
2653,2026-07-30T22:49:30.588459+00:00,raise-arms,7,0.094,session_20260730_223706,student03,0.95,-0.906,-0.151,0.476,9.92,-4.85,12.02,,
2654,2026-07-30T22:49:30.698836+00:00,raise-arms,7,0.203,session_20260730_223706,student03,0.95,-0.935,-0.037,0.565,-4.7,-56.64,16.02,,
2655,2026-07-30T22:49:30.789048+00:00,raise-arms,7,0.297,session_20260730_223706,student03,0.95,-0.976,-0.137,0.463,-1.56,-87.5,21.21,,
2656,2026-07-30T22:49:30.883597+00:00,raise-arms,7,0.391,session_20260730_223706,student03,0.95,-0.925,-0.181,0.572,-21.67,-73.24,20.57,,
2657,2026-07-30T22:49:30.983680+00:00,raise-arms,7,0.5,session_20260730_223706,student03,0.95,-0.836,-0.164,0.638,11.44,-72.05,14.34,,
2658,2026-07-30T22:49:31.095117+00:00,raise-arms,7,0.609,session_20260730_223706,student03,0.95,-0.756,-0.171,0.696,-10.8,-66.26,3.94,,
2659,2026-07-30T22:49:31.205106+00:00,raise-arms,7,0.719,session_20260730_223706,student03,0.95,-0.656,-0.156,0.801,3.14,-61.56,5.92,,
2660,2026-07-30T22:49:31.315666+00:00,raise-arms,7,0.828,session_20260730_223706,student03,0.95,-0.585,-0.091,0.829,10.28,-56.25,1.95,,
2661,2026-07-30T22:49:31.425184+00:00,raise-arms,7,0.938,session_20260730_223706,student03,0.95,-0.45,-0.099,0.864,-3.27,-60.76,7.02,,
2662,2026-07-30T22:49:31.535137+00:00,raise-arms,7,1.047,session_20260730_223706,student03,0.95,-0.357,-0.104,0.908,-0.79,-60.24,6.26,,
2663,2026-07-30T22:49:31.645089+00:00,raise-arms,7,1.156,session_20260730_223706,student03,0.95,-0.263,-0.136,0.897,-14.53,-49.1,3.27,,
2664,2026-07-30T22:49:31.755125+00:00,raise-arms,7,1.266,session_20260730_223706,student03,0.95,-0.157,-0.12,0.902,-7.14,-37.35,4.43,,
2665,2026-07-30T22:49:31.854475+00:00,raise-arms,7,1.359,session_20260730_223706,student03,0.95,-0.101,-0.126,0.901,-6.47,-33.27,3.81,,
2666,2026-07-30T22:49:31.953448+00:00,raise-arms,7,1.469,session_20260730_223706,student03,0.95,-0.079,-0.15,0.924,-8.67,-20.39,2.53,,
2667,2026-07-30T22:49:32.066548+00:00,raise-arms,7,1.578,session_20260730_223706,student03,0.95,-0.003,-0.172,0.932,-2.14,-15.99,-2.53,,
2668,2026-07-30T22:49:32.175456+00:00,raise-arms,7,1.688,session_20260730_223706,student03,0.95,0.025,-0.127,0.933,6.81,-9.28,-2.62,,
2669,2026-07-30T22:49:32.273758+00:00,raise-arms,7,1.781,session_20260730_223706,student03,0.95,0.063,-0.125,0.921,9.83,-8.85,-0.37,,
2670,2026-07-30T22:49:32.368675+00:00,raise-arms,7,1.875,session_20260730_223706,student03,0.95,0.069,-0.133,0.912,-8.45,-11.99,-1.95,,
2671,2026-07-30T22:49:32.460228+00:00,raise-arms,7,1.969,session_20260730_223706,student03,0.95,0.074,-0.181,0.988,1.68,-5.22,-1.89,,
2672,2026-07-30T22:49:34.773850+00:00,two-arm-boxing,8,0.0,session_20260730_223706,student03,0.95,0.583,0.522,0.638,6.68,10.83,1.86,,
2673,2026-07-30T22:49:34.868811+00:00,two-arm-boxing,8,0.094,session_20260730_223706,student03,0.95,0.72,0.405,0.717,12.36,40.59,12.39,,
2674,2026-07-30T22:49:34.975211+00:00,two-arm-boxing,8,0.203,session_20260730_223706,student03,0.95,1.241,-0.394,0.94,-160.59,35.25,-59.79,,
2675,2026-07-30T22:49:35.071108+00:00,two-arm-boxing,8,0.297,session_20260730_223706,student03,0.95,1.498,-0.411,0.553,-93.36,0.4,-138.55,,
2676,2026-07-30T22:49:35.186164+00:00,two-arm-boxing,8,0.422,session_20260730_223706,student03,0.95,-2.517,0.072,0.098,-45.38,72.6,-201.09,,
2677,2026-07-30T22:49:35.295608+00:00,two-arm-boxing,8,0.532,session_20260730_223706,student03,0.95,-0.776,0.097,0.986,-81.15,-128.67,196.33,,
2678,2026-07-30T22:49:35.404908+00:00,two-arm-boxing,8,0.641,session_20260730_223706,student03,0.95,-0.534,0.005,1.095,35.92,-14.8,130.07,,
2679,2026-07-30T22:49:35.519908+00:00,two-arm-boxing,8,0.75,session_20260730_223706,student03,0.95,0.427,0.4,0.54,76.57,-1.5,120.88,,
2680,2026-07-30T22:49:35.620899+00:00,two-arm-boxing,8,0.844,session_20260730_223706,student03,0.95,1.111,0.099,0.888,71.63,-0.73,75.72,,
2681,2026-07-30T22:49:35.718591+00:00,two-arm-boxing,8,0.953,session_20260730_223706,student03,0.95,0.831,-0.217,1.092,7.93,-96.96,-10.68,,
2682,2026-07-30T22:49:35.834436+00:00,two-arm-boxing,8,1.063,session_20260730_223706,student03,0.95,0.851,0.442,0.48,6.29,-92.04,-23.65,,
2683,2026-07-30T22:49:35.929954+00:00,two-arm-boxing,8,1.157,session_20260730_223706,student03,0.95,0.651,0.456,0.518,16.02,15.2,3.51,,
2684,2026-07-30T22:49:36.035413+00:00,two-arm-boxing,8,1.266,session_20260730_223706,student03,0.95,0.594,0.732,0.571,51.12,55.64,-8.06,,
2685,2026-07-30T22:49:36.145707+00:00,two-arm-boxing,8,1.375,session_20260730_223706,student03,0.95,0.539,0.64,0.638,16.3,45.14,21.42,,
2686,2026-07-30T22:49:36.255225+00:00,two-arm-boxing,8,1.485,session_20260730_223706,student03,0.95,0.487,0.484,0.669,22.16,19.17,29.82,,
2687,2026-07-30T22:49:36.350674+00:00,two-arm-boxing,8,1.578,session_20260730_223706,student03,0.95,0.559,0.609,0.557,26.25,1.95,11.9,,
2688,2026-07-30T22:49:36.459107+00:00,two-arm-boxing,8,1.688,session_20260730_223706,student03,0.95,0.512,0.549,0.637,8.64,5.77,7.29,,
2689,2026-07-30T22:49:36.560501+00:00,two-arm-boxing,8,1.797,session_20260730_223706,student03,0.95,0.556,0.614,0.589,-0.55,1.04,-2.41,,
2690,2026-07-30T22:49:36.669123+00:00,two-arm-boxing,8,1.891,session_20260730_223706,student03,0.95,0.521,0.555,0.581,-17.03,-4.46,-12.67,,
2691,2026-07-30T22:49:38.839155+00:00,raise-arms,8,0.0,session_20260730_223706,student03,0.95,-0.892,-0.237,0.401,4.0,-5.8,3.08,,
2692,2026-07-30T22:49:38.944428+00:00,raise-arms,8,0.109,session_20260730_223706,student03,0.95,-0.897,-0.193,0.393,-17.76,-30.95,17.98,,
2693,2026-07-30T22:49:39.043648+00:00,raise-arms,8,0.203,session_20260730_223706,student03,0.95,-0.885,-0.188,0.453,-0.15,-33.85,15.72,,
2694,2026-07-30T22:49:39.139302+00:00,raise-arms,8,0.312,session_20260730_223706,student03,0.95,-0.882,-0.204,0.601,-14.83,-47.03,24.63,,
2695,2026-07-30T22:49:39.249849+00:00,raise-arms,8,0.422,session_20260730_223706,student03,0.95,-0.878,-0.153,0.611,9.58,-67.66,21.97,,
2696,2026-07-30T22:49:39.359009+00:00,raise-arms,8,0.531,session_20260730_223706,student03,0.95,-0.84,-0.156,0.632,-2.17,-73.18,19.35,,
2697,2026-07-30T22:49:39.465181+00:00,raise-arms,8,0.625,session_20260730_223706,student03,0.95,-0.76,-0.142,0.738,-9.31,-66.71,20.08,,
2698,2026-07-30T22:49:39.560894+00:00,raise-arms,8,0.734,session_20260730_223706,student03,0.95,-0.678,-0.162,0.799,-2.41,-66.29,10.99,,
2699,2026-07-30T22:49:39.669316+00:00,raise-arms,8,0.828,session_20260730_223706,student03,0.95,-0.562,-0.119,0.812,-2.59,-68.45,10.96,,
2700,2026-07-30T22:49:39.759039+00:00,raise-arms,8,0.922,session_20260730_223706,student03,0.95,-0.488,-0.105,0.787,-2.9,-62.07,9.25,,
2701,2026-07-30T22:49:39.865636+00:00,raise-arms,8,1.031,session_20260730_223706,student03,0.95,-0.384,-0.121,0.848,-7.57,-47.12,8.76,,
2702,2026-07-30T22:49:39.960375+00:00,raise-arms,8,1.125,session_20260730_223706,student03,0.95,-0.283,-0.107,0.899,-3.66,-33.51,6.68,,
2703,2026-07-30T22:49:40.069613+00:00,raise-arms,8,1.234,session_20260730_223706,student03,0.95,-0.239,-0.141,0.951,3.05,-33.69,4.21,,
2704,2026-07-30T22:49:40.175457+00:00,raise-arms,8,1.344,session_20260730_223706,student03,0.95,-0.166,-0.179,0.961,-15.02,-29.36,4.03,,
2705,2026-07-30T22:49:40.286290+00:00,raise-arms,8,1.453,session_20260730_223706,student03,0.95,-0.124,-0.182,1.012,2.26,-27.13,-3.97,,
2706,2026-07-30T22:49:40.395858+00:00,raise-arms,8,1.562,session_20260730_223706,student03,0.95,-0.085,-0.144,0.979,4.67,-25.67,-3.17,,
2707,2026-07-30T22:49:40.489368+00:00,raise-arms,8,1.656,session_20260730_223706,student03,0.95,-0.03,-0.134,0.965,-5.28,-27.77,-1.07,,
2708,2026-07-30T22:49:40.595804+00:00,raise-arms,8,1.765,session_20260730_223706,student03,0.95,0.021,-0.115,0.924,4.12,-28.6,-3.27,,
2709,2026-07-30T22:49:40.693858+00:00,raise-arms,8,1.859,session_20260730_223706,student03,0.95,0.087,-0.136,0.893,0.67,-24.87,1.34,,
2710,2026-07-30T22:49:40.790169+00:00,raise-arms,8,1.953,session_20260730_223706,student03,0.95,0.12,-0.157,0.922,-0.64,-10.41,-3.33,,
2711,2026-07-30T22:49:42.714299+00:00,two-arm-boxing,9,0.0,session_20260730_223706,student03,0.95,0.556,0.541,0.554,-22.98,1.8,-12.12,,
2712,2026-07-30T22:49:42.809950+00:00,two-arm-boxing,9,0.094,session_20260730_223706,student03,0.95,0.512,0.617,0.613,-10.35,2.5,-12.09,,
2713,2026-07-30T22:49:42.900515+00:00,two-arm-boxing,9,0.187,session_20260730_223706,student03,0.95,0.801,0.539,0.698,-8.76,-3.54,-15.23,,
2714,2026-07-30T22:49:42.999560+00:00,two-arm-boxing,9,0.297,session_20260730_223706,student03,0.95,1.409,-0.19,0.904,-187.32,-52.28,-58.69,,
2715,2026-07-30T22:49:43.109718+00:00,two-arm-boxing,9,0.406,session_20260730_223706,student03,0.95,1.609,-0.657,0.391,-77.21,-10.86,-189.31,,
2716,2026-07-30T22:49:43.217165+00:00,two-arm-boxing,9,0.515,session_20260730_223706,student03,0.95,-4.0,1.003,1.056,179.48,357.16,-440.96,,
2717,2026-07-30T22:49:43.326362+00:00,two-arm-boxing,9,0.625,session_20260730_223706,student03,0.95,-0.747,0.022,0.593,102.73,-119.08,136.69,,
2718,2026-07-30T22:49:43.437248+00:00,two-arm-boxing,9,0.734,session_20260730_223706,student03,0.95,-0.432,0.51,0.917,-1.92,19.07,108.28,,
2719,2026-07-30T22:49:43.539714+00:00,two-arm-boxing,9,0.828,session_20260730_223706,student03,0.95,0.298,0.33,0.733,42.24,72.79,134.34,,
2720,2026-07-30T22:49:43.644871+00:00,two-arm-boxing,9,0.937,session_20260730_223706,student03,0.95,0.853,0.177,1.101,104.22,75.11,93.66,,
2721,2026-07-30T22:49:43.743644+00:00,two-arm-boxing,9,1.031,session_20260730_223706,student03,0.95,0.877,0.095,1.033,53.13,-85.82,-0.58,,
2722,2026-07-30T22:49:43.842538+00:00,two-arm-boxing,9,1.14,session_20260730_223706,student03,0.95,0.608,0.6,0.693,11.32,-41.26,13.7,,
2723,2026-07-30T22:49:43.956302+00:00,two-arm-boxing,9,1.25,session_20260730_223706,student03,0.95,0.491,0.579,0.661,9.16,10.99,27.1,,
2724,2026-07-30T22:49:44.065993+00:00,two-arm-boxing,9,1.359,session_20260730_223706,student03,0.95,0.51,0.622,0.589,8.15,28.47,15.2,,
2725,2026-07-30T22:49:44.176041+00:00,two-arm-boxing,9,1.469,session_20260730_223706,student03,0.95,0.417,0.59,0.642,4.88,15.26,19.14,,
2726,2026-07-30T22:49:44.285303+00:00,two-arm-boxing,9,1.578,session_20260730_223706,student03,0.95,0.474,0.597,0.595,18.83,4.24,11.51,,
2727,2026-07-30T22:49:44.396275+00:00,two-arm-boxing,9,1.687,session_20260730_223706,student03,0.95,0.442,0.607,0.638,3.48,8.97,0.98,,
2728,2026-07-30T22:49:44.504912+00:00,two-arm-boxing,9,1.797,session_20260730_223706,student03,0.95,0.456,0.601,0.615,9.98,4.88,1.01,,
2729,2026-07-30T22:49:44.614678+00:00,two-arm-boxing,9,1.906,session_20260730_223706,student03,0.95,0.435,0.593,0.639,-4.24,0.79,-17.3,,
2730,2026-07-30T22:49:46.317385+00:00,raise-arms,9,0.0,session_20260730_223706,student03,0.95,-0.881,-0.311,0.232,-0.52,7.97,1.62,,
2731,2026-07-30T22:49:46.412805+00:00,raise-arms,9,0.094,session_20260730_223706,student03,0.95,-0.901,-0.284,0.349,8.15,6.38,-3.69,,
2732,2026-07-30T22:49:46.514251+00:00,raise-arms,9,0.203,session_20260730_223706,student03,0.95,-0.877,-0.259,0.451,-11.72,-13.89,7.75,,
2733,2026-07-30T22:49:46.628895+00:00,raise-arms,9,0.313,session_20260730_223706,student03,0.95,-0.928,-0.183,0.507,-7.39,-48.86,16.88,,
2734,2026-07-30T22:49:46.746618+00:00,raise-arms,9,0.422,session_20260730_223706,student03,0.95,-0.883,-0.161,0.501,17.82,-73.92,29.08,,
2735,2026-07-30T22:49:46.839639+00:00,raise-arms,9,0.516,session_20260730_223706,student03,0.95,-0.875,-0.156,0.647,1.8,-57.62,19.9,,
2736,2026-07-30T22:49:46.934428+00:00,raise-arms,9,0.61,session_20260730_223706,student03,0.95,-0.843,-0.179,0.701,-0.18,-83.44,20.39,,
2737,2026-07-30T22:49:47.030295+00:00,raise-arms,9,0.719,session_20260730_223706,student03,0.95,-0.789,-0.151,0.78,-6.47,-79.59,17.4,,
2738,2026-07-30T22:49:47.135671+00:00,raise-arms,9,0.813,session_20260730_223706,student03,0.95,-0.714,-0.157,0.85,-0.82,-89.57,14.44,,
2739,2026-07-30T22:49:47.230553+00:00,raise-arms,9,0.906,session_20260730_223706,student03,0.95,-0.615,-0.131,0.892,-2.32,-86.4,9.03,,
2740,2026-07-30T22:49:47.320799+00:00,raise-arms,9,1.0,session_20260730_223706,student03,0.95,-0.496,-0.157,0.84,7.29,-93.17,12.33,,
2741,2026-07-30T22:49:47.429300+00:00,raise-arms,9,1.11,session_20260730_223706,student03,0.95,-0.311,-0.096,0.793,2.41,-67.63,4.46,,
2742,2026-07-30T22:49:47.521533+00:00,raise-arms,9,1.203,session_20260730_223706,student03,0.95,-0.198,-0.098,0.894,-21.7,-49.13,6.5,,
2743,2026-07-30T22:49:47.624385+00:00,raise-arms,9,1.313,session_20260730_223706,student03,0.95,-0.101,-0.112,0.875,5.46,-38.73,5.07,,
2744,2026-07-30T22:49:47.735915+00:00,raise-arms,9,1.422,session_20260730_223706,student03,0.95,-0.011,-0.13,0.91,1.83,-20.75,2.99,,
2745,2026-07-30T22:49:47.844836+00:00,raise-arms,9,1.531,session_20260730_223706,student03,0.95,0.012,-0.125,0.924,-14.5,-9.64,-1.62,,
2746,2026-07-30T22:49:47.955881+00:00,raise-arms,9,1.641,session_20260730_223706,student03,0.95,0.015,-0.108,0.984,-0.31,-0.37,-6.2,,
2747,2026-07-30T22:49:48.066451+00:00,raise-arms,9,1.75,session_20260730_223706,student03,0.95,0.042,-0.104,0.945,5.74,-10.1,-6.81,,
2748,2026-07-30T22:49:48.175734+00:00,raise-arms,9,1.86,session_20260730_223706,student03,0.95,0.023,-0.034,0.88,4.94,-11.08,-3.91,,
2749,2026-07-30T22:49:48.271275+00:00,raise-arms,9,1.953,session_20260730_223706,student03,0.95,0.105,-0.03,0.914,7.75,5.98,-7.48,,
2750,2026-07-30T22:49:50.200850+00:00,two-arm-boxing,10,0.0,session_20260730_223706,student03,0.95,0.539,0.626,0.573,4.85,4.27,0.21,,
2751,2026-07-30T22:49:50.314678+00:00,two-arm-boxing,10,0.125,session_20260730_223706,student03,0.95,0.586,0.651,0.574,-2.75,7.87,0.49,,
2752,2026-07-30T22:49:50.425463+00:00,two-arm-boxing,10,0.235,session_20260730_223706,student03,0.95,0.805,0.332,0.814,-53.07,43.52,-36.19,,
2753,2026-07-30T22:49:50.535352+00:00,two-arm-boxing,10,0.344,session_20260730_223706,student03,0.95,2.011,-0.688,0.674,-232.76,-73.49,-123.42,,
2754,2026-07-30T22:49:50.629728+00:00,two-arm-boxing,10,0.438,session_20260730_223706,student03,0.95,0.619,-0.347,0.054,-137.91,99.61,-279.18,,
2755,2026-07-30T22:49:50.737251+00:00,two-arm-boxing,10,0.547,session_20260730_223706,student03,0.95,-2.353,3.929,3.503,-299.05,157.99,-312.91,,
2756,2026-07-30T22:49:50.846933+00:00,two-arm-boxing,10,0.656,session_20260730_223706,student03,0.95,-0.58,-0.312,0.512,27.74,-74.5,124.45,,
2757,2026-07-30T22:49:50.943582+00:00,two-arm-boxing,10,0.75,session_20260730_223706,student03,0.95,-0.384,0.387,0.83,97.69,32.56,119.3,,
2758,2026-07-30T22:49:51.040007+00:00,two-arm-boxing,10,0.844,session_20260730_223706,student03,0.95,0.701,0.529,0.874,123.33,63.75,132.02,,
2759,2026-07-30T22:49:51.143962+00:00,two-arm-boxing,10,0.953,session_20260730_223706,student03,0.95,0.984,0.025,0.946,-3.45,-64.42,-4.18,,
2760,2026-07-30T22:49:51.255514+00:00,two-arm-boxing,10,1.063,session_20260730_223706,student03,0.95,0.66,0.264,0.76,80.14,-20.02,41.26,,
2761,2026-07-30T22:49:51.351363+00:00,two-arm-boxing,10,1.156,session_20260730_223706,student03,0.95,0.442,0.665,0.697,-20.94,-13.12,6.2,,
2762,2026-07-30T22:49:51.454040+00:00,two-arm-boxing,10,1.266,session_20260730_223706,student03,0.95,0.459,0.62,0.652,57.13,-9.89,31.5,,
2763,2026-07-30T22:49:51.566146+00:00,two-arm-boxing,10,1.375,session_20260730_223706,student03,0.95,0.546,0.671,0.535,40.07,24.14,35.34,,
2764,2026-07-30T22:49:51.675965+00:00,two-arm-boxing,10,1.485,session_20260730_223706,student03,0.95,0.479,0.649,0.568,26.25,29.63,32.53,,
2765,2026-07-30T22:49:51.786505+00:00,two-arm-boxing,10,1.594,session_20260730_223706,student03,0.95,0.465,0.672,0.572,11.02,20.33,25.88,,
2766,2026-07-30T22:49:51.896944+00:00,two-arm-boxing,10,1.703,session_20260730_223706,student03,0.95,0.442,0.624,0.579,3.85,13.52,5.8,,
2767,2026-07-30T22:49:52.005196+00:00,two-arm-boxing,10,1.813,session_20260730_223706,student03,0.95,0.448,0.707,0.592,4.27,9.31,1.92,,
2768,2026-07-30T22:49:52.104441+00:00,two-arm-boxing,10,1.906,session_20260730_223706,student03,0.95,0.443,0.661,0.584,-6.2,1.68,-2.23,,
2769,2026-07-30T22:49:54.247362+00:00,raise-arms,10,0.0,session_20260730_223706,student03,0.95,-0.928,-0.247,0.166,3.3,1.92,-0.58,,
2770,2026-07-30T22:49:54.338884+00:00,raise-arms,10,0.094,session_20260730_223706,student03,0.95,-0.925,-0.267,0.18,1.25,-0.43,-0.64,,
2771,2026-07-30T22:49:54.432384+00:00,raise-arms,10,0.188,session_20260730_223706,student03,0.95,-0.911,-0.268,0.321,-7.66,-6.35,6.07,,
2772,2026-07-30T22:49:54.530205+00:00,raise-arms,10,0.297,session_20260730_223706,student03,0.95,-0.949,-0.171,0.484,-17.4,-15.23,3.91,,
2773,2026-07-30T22:49:54.636378+00:00,raise-arms,10,0.391,session_20260730_223706,student03,0.95,-0.968,-0.144,0.515,-4.21,-67.51,18.25,,
2774,2026-07-30T22:49:54.731066+00:00,raise-arms,10,0.484,session_20260730_223706,student03,0.95,-0.993,-0.173,0.509,-3.05,-94.61,20.78,,
2775,2026-07-30T22:49:54.821661+00:00,raise-arms,10,0.578,session_20260730_223706,student03,0.95,-0.946,-0.185,0.565,14.25,-92.47,21.06,,
2776,2026-07-30T22:49:54.935406+00:00,raise-arms,10,0.703,session_20260730_223706,student03,0.95,-0.814,-0.223,0.657,-4.94,-79.13,21.88,,
2777,2026-07-30T22:49:55.046672+00:00,raise-arms,10,0.813,session_20260730_223706,student03,0.95,-0.73,-0.164,0.73,12.36,-76.78,9.67,,
2778,2026-07-30T22:49:55.160432+00:00,raise-arms,10,0.922,session_20260730_223706,student03,0.95,-0.579,-0.115,0.78,9.34,-74.31,6.81,,
2779,2026-07-30T22:49:55.261425+00:00,raise-arms,10,1.016,session_20260730_223706,student03,0.95,-0.457,-0.096,0.826,2.2,-59.66,6.99,,
2780,2026-07-30T22:49:55.361654+00:00,raise-arms,10,1.125,session_20260730_223706,student03,0.95,-0.373,-0.121,0.851,-11.11,-55.12,5.49,,
2781,2026-07-30T22:49:55.464224+00:00,raise-arms,10,1.219,session_20260730_223706,student03,0.95,-0.275,-0.128,0.919,-8.09,-40.38,5.22,,
2782,2026-07-30T22:49:55.561834+00:00,raise-arms,10,1.328,session_20260730_223706,student03,0.95,-0.221,-0.1,0.898,1.01,-35.62,2.72,,
2783,2026-07-30T22:49:55.676125+00:00,raise-arms,10,1.438,session_20260730_223706,student03,0.95,-0.137,-0.141,0.923,-9.77,-22.95,2.35,,
2784,2026-07-30T22:49:55.785944+00:00,raise-arms,10,1.547,session_20260730_223706,student03,0.95,-0.096,-0.124,0.993,3.14,-16.51,-0.34,,
2785,2026-07-30T22:49:55.896441+00:00,raise-arms,10,1.656,session_20260730_223706,student03,0.95,-0.046,-0.155,0.964,-4.97,-18.59,-1.65,,
2786,2026-07-30T22:49:56.005472+00:00,raise-arms,10,1.766,session_20260730_223706,student03,0.95,-0.002,-0.128,0.929,2.5,-16.91,-2.53,,
2787,2026-07-30T22:49:56.105277+00:00,raise-arms,10,1.859,session_20260730_223706,student03,0.95,0.002,-0.122,0.944,-6.78,-9.46,-1.77,,
2788,2026-07-30T22:49:56.204074+00:00,raise-arms,10,1.969,session_20260730_223706,student03,0.95,0.04,-0.089,0.895,24.6,-9.0,-1.4,,
2789,2026-07-30T22:49:57.390800+00:00,two-arm-boxing,11,0.0,session_20260730_223706,student03,0.95,0.552,0.652,0.58,-2.38,4.39,-6.74,,
2790,2026-07-30T22:49:57.505012+00:00,two-arm-boxing,11,0.11,session_20260730_223706,student03,0.95,0.53,0.695,0.52,0.61,-2.62,-7.48,,
2791,2026-07-30T22:49:57.615125+00:00,two-arm-boxing,11,0.219,session_20260730_223706,student03,0.95,0.555,0.556,0.593,-7.87,-3.14,-2.87,,
2792,2026-07-30T22:49:57.709074+00:00,two-arm-boxing,11,0.313,session_20260730_223706,student03,0.95,1.04,0.486,0.771,-98.61,-42.66,-72.15,,
2793,2026-07-30T22:49:57.817459+00:00,two-arm-boxing,11,0.422,session_20260730_223706,student03,0.95,1.969,-0.379,0.137,-160.13,-69.31,-25.06,,
2794,2026-07-30T22:49:57.925632+00:00,two-arm-boxing,11,0.532,session_20260730_223706,student03,0.95,-0.72,-0.213,0.445,-10.62,66.71,-176.4,,
2795,2026-07-30T22:49:58.035444+00:00,two-arm-boxing,11,0.641,session_20260730_223706,student03,0.95,-2.072,3.916,1.659,-34.24,-5.04,-54.63,,
2796,2026-07-30T22:49:58.146788+00:00,two-arm-boxing,11,0.75,session_20260730_223706,student03,0.95,-0.826,0.016,0.847,42.57,-51.18,150.73,,
2797,2026-07-30T22:49:58.240090+00:00,two-arm-boxing,11,0.844,session_20260730_223706,student03,0.95,-0.155,0.464,0.573,101.14,33.63,163.85,,
2798,2026-07-30T22:49:58.340102+00:00,two-arm-boxing,11,0.938,session_20260730_223706,student03,0.95,0.683,0.303,0.663,76.27,30.3,114.6,,
2799,2026-07-30T22:49:58.431219+00:00,two-arm-boxing,11,1.032,session_20260730_223706,student03,0.95,0.829,-0.079,1.197,-22.58,-23.96,26.73,,
2800,2026-07-30T22:49:58.530367+00:00,two-arm-boxing,11,1.141,session_20260730_223706,student03,0.95,0.887,0.148,0.595,71.11,-80.36,48.55,,
2801,2026-07-30T22:49:58.640459+00:00,two-arm-boxing,11,1.25,session_20260730_223706,student03,0.95,0.625,0.494,0.681,26.25,25.7,28.93,,
2802,2026-07-30T22:49:58.739708+00:00,two-arm-boxing,11,1.344,session_20260730_223706,student03,0.95,0.575,0.511,0.563,43.28,9.64,27.77,,
2803,2026-07-30T22:49:58.850234+00:00,two-arm-boxing,11,1.453,session_20260730_223706,student03,0.95,0.488,0.604,0.591,14.98,30.24,14.65,,
2804,2026-07-30T22:49:58.944147+00:00,two-arm-boxing,11,1.547,session_20260730_223706,student03,0.95,0.455,0.509,0.669,25.97,5.8,11.23,,
2805,2026-07-30T22:49:59.039589+00:00,two-arm-boxing,11,1.641,session_20260730_223706,student03,0.95,0.485,0.619,0.637,7.93,2.5,-8.64,,
2806,2026-07-30T22:49:59.145153+00:00,two-arm-boxing,11,1.75,session_20260730_223706,student03,0.95,0.49,0.629,0.616,0.89,5.83,-9.37,,
2807,2026-07-30T22:49:59.255737+00:00,two-arm-boxing,11,1.86,session_20260730_223706,student03,0.95,0.466,0.608,0.631,-0.18,6.26,-4.39,,
2808,2026-07-30T22:49:59.350871+00:00,two-arm-boxing,11,1.953,session_20260730_223706,student03,0.95,0.447,0.621,0.647,-11.23,-0.61,-8.97,,
2809,2026-07-30T22:50:00.931790+00:00,raise-arms,11,0.0,session_20260730_223706,student03,0.95,-0.918,-0.249,0.211,-21.0,4.55,8.06,,
2810,2026-07-30T22:50:01.031048+00:00,raise-arms,11,0.109,session_20260730_223706,student03,0.95,-0.931,-0.245,0.32,7.72,0.46,-1.07,,
2811,2026-07-30T22:50:01.135364+00:00,raise-arms,11,0.203,session_20260730_223706,student03,0.95,-0.957,-0.059,0.514,-21.7,-27.95,5.83,,
2812,2026-07-30T22:50:01.231393+00:00,raise-arms,11,0.296,session_20260730_223706,student03,0.95,-0.986,-0.151,0.429,-10.47,-68.24,15.84,,
2813,2026-07-30T22:50:01.324552+00:00,raise-arms,11,0.39,session_20260730_223706,student03,0.95,-0.932,-0.195,0.509,-25.97,-86.31,4.03,,
2814,2026-07-30T22:50:01.424761+00:00,raise-arms,11,0.5,session_20260730_223706,student03,0.95,-0.905,-0.208,0.543,-2.56,-64.03,21.12,,
2815,2026-07-30T22:50:01.535939+00:00,raise-arms,11,0.609,session_20260730_223706,student03,0.95,-0.82,-0.17,0.633,-17.4,-70.89,13.28,,
2816,2026-07-30T22:50:01.646174+00:00,raise-arms,11,0.718,session_20260730_223706,student03,0.95,-0.797,-0.166,0.758,-4.67,-76.27,8.91,,
2817,2026-07-30T22:50:01.739940+00:00,raise-arms,11,0.812,session_20260730_223706,student03,0.95,-0.678,-0.173,0.794,3.81,-75.84,9.55,,
2818,2026-07-30T22:50:01.839430+00:00,raise-arms,11,0.906,session_20260730_223706,student03,0.95,-0.58,-0.168,0.795,-13.79,-80.45,7.14,,
2819,2026-07-30T22:50:01.931848+00:00,raise-arms,11,1.0,session_20260730_223706,student03,0.95,-0.501,-0.168,0.829,-10.44,-69.83,3.81,,
2820,2026-07-30T22:50:02.031660+00:00,raise-arms,11,1.109,session_20260730_223706,student03,0.95,-0.36,-0.205,0.869,0.95,-59.33,-4.24,,
2821,2026-07-30T22:50:02.133675+00:00,raise-arms,11,1.203,session_20260730_223706,student03,0.95,-0.25,-0.192,0.867,1.8,-56.4,-5.77,,
2822,2026-07-30T22:50:02.235859+00:00,raise-arms,11,1.312,session_20260730_223706,student03,0.95,-0.156,-0.201,0.887,0.06,-45.78,-9.25,,
2823,2026-07-30T22:50:02.346732+00:00,raise-arms,11,1.421,session_20260730_223706,student03,0.95,-0.064,-0.145,0.862,2.9,-34.94,-3.69,,
2824,2026-07-30T22:50:02.456190+00:00,raise-arms,11,1.531,session_20260730_223706,student03,0.95,0.01,-0.168,0.892,3.17,-17.76,2.96,,
2825,2026-07-30T22:50:02.566976+00:00,raise-arms,11,1.64,session_20260730_223706,student03,0.95,0.025,-0.176,0.979,21.27,-4.39,-2.35,,
2826,2026-07-30T22:50:02.677696+00:00,raise-arms,11,1.75,session_20260730_223706,student03,0.95,0.03,-0.135,0.97,7.57,-12.21,-3.69,,
2827,2026-07-30T22:50:02.775703+00:00,raise-arms,11,1.843,session_20260730_223706,student03,0.95,0.054,-0.112,0.914,-10.19,-10.62,0.49,,
2828,2026-07-30T22:50:02.874883+00:00,raise-arms,11,1.953,session_20260730_223706,student03,0.95,0.075,-0.104,0.953,-1.98,-1.13,-2.41,,
2829,2026-07-30T22:50:04.411953+00:00,two-arm-boxing,12,0.0,session_20260730_223706,student03,0.95,0.545,0.582,0.593,1.5,-3.57,-1.04,,
2830,2026-07-30T22:50:04.509695+00:00,two-arm-boxing,12,0.094,session_20260730_223706,student03,0.95,0.613,0.531,0.568,8.61,-6.2,-17.21,,
2831,2026-07-30T22:50:04.610754+00:00,two-arm-boxing,12,0.203,session_20260730_223706,student03,0.95,0.903,0.439,0.608,-25.03,-0.49,-87.74,,
2832,2026-07-30T22:50:04.716850+00:00,two-arm-boxing,12,0.312,session_20260730_223706,student03,0.95,1.699,0.336,0.391,-127.72,-11.02,-4.39,,
2833,2026-07-30T22:50:04.829961+00:00,two-arm-boxing,12,0.422,session_20260730_223706,student03,0.95,0.187,-0.252,0.399,-84.81,105.93,-170.63,,
2834,2026-07-30T22:50:04.949984+00:00,two-arm-boxing,12,0.531,session_20260730_223706,student03,0.95,-2.489,4.0,1.11,185.58,44.07,-260.2,,
2835,2026-07-30T22:50:05.043996+00:00,two-arm-boxing,12,0.625,session_20260730_223706,student03,0.95,-0.705,-0.221,0.306,99.89,5.22,195.99,,
2836,2026-07-30T22:50:05.140512+00:00,two-arm-boxing,12,0.734,session_20260730_223706,student03,0.95,-0.325,0.146,0.813,7.23,29.88,107.18,,
2837,2026-07-30T22:50:05.250546+00:00,two-arm-boxing,12,0.844,session_20260730_223706,student03,0.95,0.242,0.504,0.685,3.85,16.39,83.41,,
2838,2026-07-30T22:50:05.350548+00:00,two-arm-boxing,12,0.937,session_20260730_223706,student03,0.95,0.98,0.121,1.049,50.23,26.8,74.04,,
2839,2026-07-30T22:50:05.460310+00:00,two-arm-boxing,12,1.047,session_20260730_223706,student03,0.95,0.737,0.134,1.057,142.19,-56.61,35.65,,
2840,2026-07-30T22:50:05.555678+00:00,two-arm-boxing,12,1.141,session_20260730_223706,student03,0.95,0.395,0.538,0.799,5.46,-53.96,3.91,,
2841,2026-07-30T22:50:05.651323+00:00,two-arm-boxing,12,1.234,session_20260730_223706,student03,0.95,0.415,0.644,0.683,20.08,-2.17,1.16,,
2842,2026-07-30T22:50:05.760501+00:00,two-arm-boxing,12,1.344,session_20260730_223706,student03,0.95,0.402,0.721,0.653,34.12,7.39,25.61,,
2843,2026-07-30T22:50:05.851268+00:00,two-arm-boxing,12,1.437,session_20260730_223706,student03,0.95,0.461,0.75,0.569,13.82,13.28,44.47,,
2844,2026-07-30T22:50:05.960587+00:00,two-arm-boxing,12,1.547,session_20260730_223706,student03,0.95,0.45,0.526,0.607,27.01,15.93,37.42,,
2845,2026-07-30T22:50:06.070305+00:00,two-arm-boxing,12,1.656,session_20260730_223706,student03,0.95,0.41,0.674,0.592,-1.34,9.06,-2.56,,
2846,2026-07-30T22:50:06.170016+00:00,two-arm-boxing,12,1.766,session_20260730_223706,student03,0.95,0.377,0.636,0.692,10.01,9.95,-0.55,,
2847,2026-07-30T22:50:06.276677+00:00,two-arm-boxing,12,1.859,session_20260730_223706,student03,0.95,0.42,0.681,0.626,6.99,-0.03,0.15,,
2848,2026-07-30T22:50:06.368992+00:00,two-arm-boxing,12,1.953,session_20260730_223706,student03,0.95,0.407,0.642,0.649,-1.16,2.2,5.55,,
2849,2026-07-30T22:50:07.749827+00:00,raise-arms,12,0.0,session_20260730_223706,student03,0.95,-0.942,-0.19,0.219,-7.66,-5.92,-0.09,,
2850,2026-07-30T22:50:07.851582+00:00,raise-arms,12,0.093,session_20260730_223706,student03,0.95,-0.92,-0.151,0.189,-6.71,-11.44,-0.43,,
2851,2026-07-30T22:50:07.959978+00:00,raise-arms,12,0.203,session_20260730_223706,student03,0.95,-0.96,-0.173,0.327,24.96,-8.97,-1.16,,
2852,2026-07-30T22:50:08.066676+00:00,raise-arms,12,0.312,session_20260730_223706,student03,0.95,-0.955,-0.109,0.404,-9.77,-53.59,9.7,,
2853,2026-07-30T22:50:08.164465+00:00,raise-arms,12,0.406,session_20260730_223706,student03,0.95,-0.939,-0.1,0.444,-10.32,-56.64,25.85,,
2854,2026-07-30T22:50:08.261844+00:00,raise-arms,12,0.5,session_20260730_223706,student03,0.95,-0.99,-0.111,0.511,-29.18,-53.99,32.17,,
2855,2026-07-30T22:50:08.355739+00:00,raise-arms,12,0.593,session_20260730_223706,student03,0.95,-0.952,-0.156,0.624,-30.03,-67.78,21.73,,
2856,2026-07-30T22:50:08.454775+00:00,raise-arms,12,0.703,session_20260730_223706,student03,0.95,-0.899,-0.158,0.768,-12.67,-82.4,12.67,,
2857,2026-07-30T22:50:08.555507+00:00,raise-arms,12,0.797,session_20260730_223706,student03,0.95,-0.864,-0.135,0.778,-1.98,-105.59,11.44,,
2858,2026-07-30T22:50:08.652447+00:00,raise-arms,12,0.89,session_20260730_223706,student03,0.95,-0.716,-0.113,0.72,-7.17,-103.55,12.6,,
2859,2026-07-30T22:50:08.750045+00:00,raise-arms,12,1.0,session_20260730_223706,student03,0.95,-0.581,-0.099,0.801,-8.27,-89.45,3.27,,
2860,2026-07-30T22:50:08.855741+00:00,raise-arms,12,1.093,session_20260730_223706,student03,0.95,-0.4,-0.095,0.762,-12.36,-79.35,1.89,,
2861,2026-07-30T22:50:08.954652+00:00,raise-arms,12,1.203,session_20260730_223706,student03,0.95,-0.27,-0.077,0.808,6.65,-57.01,2.47,,
2862,2026-07-30T22:50:09.066411+00:00,raise-arms,12,1.312,session_20260730_223706,student03,0.95,-0.128,-0.113,0.823,0.09,-37.39,3.75,,
2863,2026-07-30T22:50:09.176897+00:00,raise-arms,12,1.422,session_20260730_223706,student03,0.95,-0.064,-0.178,0.914,-9.43,-20.72,3.11,,
2864,2026-07-30T22:50:09.274772+00:00,raise-arms,12,1.515,session_20260730_223706,student03,0.95,-0.013,-0.193,0.972,-8.64,-7.29,-2.23,,
2865,2026-07-30T22:50:09.373694+00:00,raise-arms,12,1.625,session_20260730_223706,student03,0.95,-0.012,-0.12,0.947,0.37,-15.38,-5.65,,
2866,2026-07-30T22:50:09.475787+00:00,raise-arms,12,1.718,session_20260730_223706,student03,0.95,0.027,-0.114,0.863,-1.74,-15.02,0.03,,
2867,2026-07-30T22:50:09.570631+00:00,raise-arms,12,1.812,session_20260730_223706,student03,0.95,0.044,-0.13,0.917,-7.54,1.71,-1.62,,
2868,2026-07-30T22:50:09.677018+00:00,raise-arms,12,1.922,session_20260730_223706,student03,0.95,0.039,-0.105,0.99,1.4,-2.72,-1.56,,
2869,2026-07-30T22:50:11.551211+00:00,two-arm-boxing,13,0.0,session_20260730_223706,student03,0.95,0.626,0.676,0.438,18.43,10.8,6.68,,
2870,2026-07-30T22:50:11.661424+00:00,two-arm-boxing,13,0.109,session_20260730_223706,student03,0.95,0.711,0.506,0.591,-7.93,29.85,13.12,,
2871,2026-07-30T22:50:11.760609+00:00,two-arm-boxing,13,0.203,session_20260730_223706,student03,0.95,1.399,-0.384,0.838,-141.61,-18.86,-31.83,,
2872,2026-07-30T22:50:11.862449+00:00,two-arm-boxing,13,0.312,session_20260730_223706,student03,0.95,1.794,-0.818,0.54,-160.41,33.36,-147.62,,
2873,2026-07-30T22:50:11.964232+00:00,two-arm-boxing,13,0.406,session_20260730_223706,student03,0.95,-3.919,0.272,0.793,12.15,190.07,-287.24,,
2874,2026-07-30T22:50:12.080936+00:00,two-arm-boxing,13,0.531,session_20260730_223706,student03,0.95,-0.463,-0.516,0.631,-45.05,-103.55,178.32,,
2875,2026-07-30T22:50:12.190711+00:00,two-arm-boxing,13,0.64,session_20260730_223706,student03,0.95,-0.544,0.388,1.132,4.12,-8.03,96.62,,
2876,2026-07-30T22:50:12.300524+00:00,two-arm-boxing,13,0.75,session_20260730_223706,student03,0.95,0.172,0.33,0.754,36.84,-6.26,103.12,,
2877,2026-07-30T22:50:12.401644+00:00,two-arm-boxing,13,0.843,session_20260730_223706,student03,0.95,1.008,0.373,0.711,81.79,61.83,92.23,,
2878,2026-07-30T22:50:12.493985+00:00,two-arm-boxing,13,0.937,session_20260730_223706,student03,0.95,0.782,-0.017,1.115,-42.6,-25.54,13.4,,
2879,2026-07-30T22:50:12.594077+00:00,two-arm-boxing,13,1.046,session_20260730_223706,student03,0.95,0.799,0.298,0.771,34.0,-58.26,1.43,,
2880,2026-07-30T22:50:12.706709+00:00,two-arm-boxing,13,1.156,session_20260730_223706,student03,0.95,0.623,0.54,0.582,15.23,8.27,18.37,,
2881,2026-07-30T22:50:12.816877+00:00,two-arm-boxing,13,1.265,session_20260730_223706,student03,0.95,0.513,0.661,0.6,31.71,25.42,7.81,,
2882,2026-07-30T22:50:12.911145+00:00,two-arm-boxing,13,1.359,session_20260730_223706,student03,0.95,0.532,0.631,0.584,32.23,13.95,6.99,,
2883,2026-07-30T22:50:13.016778+00:00,two-arm-boxing,13,1.468,session_20260730_223706,student03,0.95,0.53,0.657,0.565,29.76,17.06,3.81,,
2884,2026-07-30T22:50:13.130491+00:00,two-arm-boxing,13,1.578,session_20260730_223706,student03,0.95,0.523,0.677,0.534,3.05,11.05,4.15,,
2885,2026-07-30T22:50:13.236792+00:00,two-arm-boxing,13,1.687,session_20260730_223706,student03,0.95,0.474,0.615,0.588,1.77,9.25,7.45,,
2886,2026-07-30T22:50:13.347112+00:00,two-arm-boxing,13,1.796,session_20260730_223706,student03,0.95,0.487,0.653,0.582,-3.27,3.14,-0.76,,
2887,2026-07-30T22:50:13.456204+00:00,two-arm-boxing,13,1.906,session_20260730_223706,student03,0.95,0.484,0.642,0.623,1.19,-0.89,2.17,,
2888,2026-07-30T22:50:15.111473+00:00,raise-arms,13,0.0,session_20260730_223706,student03,0.95,-0.873,-0.228,0.381,18.1,-25.21,-2.08,,
2889,2026-07-30T22:50:15.221338+00:00,raise-arms,13,0.109,session_20260730_223706,student03,0.95,-0.878,-0.253,0.426,-6.04,-18.07,7.66,,
2890,2026-07-30T22:50:15.327384+00:00,raise-arms,13,0.219,session_20260730_223706,student03,0.95,-0.842,-0.165,0.536,-12.51,-23.29,25.64,,
2891,2026-07-30T22:50:15.436856+00:00,raise-arms,13,0.328,session_20260730_223706,student03,0.95,-0.892,-0.095,0.757,-21.18,-49.53,23.16,,
2892,2026-07-30T22:50:15.547104+00:00,raise-arms,13,0.438,session_20260730_223706,student03,0.95,-0.931,-0.138,0.844,1.07,-82.74,38.39,,
2893,2026-07-30T22:50:15.656076+00:00,raise-arms,13,0.547,session_20260730_223706,student03,0.95,-0.874,-0.174,0.754,1.83,-117.04,33.11,,
2894,2026-07-30T22:50:15.767160+00:00,raise-arms,13,0.656,session_20260730_223706,student03,0.95,-0.713,-0.104,0.734,0.27,-91.83,21.94,,
2895,2026-07-30T22:50:15.877591+00:00,raise-arms,13,0.766,session_20260730_223706,student03,0.95,-0.54,-0.113,0.736,7.2,-74.83,24.51,,
2896,2026-07-30T22:50:15.987886+00:00,raise-arms,13,0.875,session_20260730_223706,student03,0.95,-0.387,-0.087,0.825,-2.35,-49.56,19.71,,
2897,2026-07-30T22:50:16.084918+00:00,raise-arms,13,0.969,session_20260730_223706,student03,0.95,-0.287,-0.12,0.912,-6.62,-41.05,16.05,,
2898,2026-07-30T22:50:16.182583+00:00,raise-arms,13,1.063,session_20260730_223706,student03,0.95,-0.192,-0.136,0.925,-13.12,-48.19,-0.49,,
2899,2026-07-30T22:50:16.285829+00:00,raise-arms,13,1.172,session_20260730_223706,student03,0.95,-0.139,-0.063,0.946,15.05,-32.78,-0.34,,
2900,2026-07-30T22:50:16.380627+00:00,raise-arms,13,1.266,session_20260730_223706,student03,0.95,-0.071,-0.07,0.892,-19.9,-37.39,7.87,,
2901,2026-07-30T22:50:16.487129+00:00,raise-arms,13,1.375,session_20260730_223706,student03,0.95,0.008,-0.054,0.952,6.41,-22.13,-2.26,,
2902,2026-07-30T22:50:16.601526+00:00,raise-arms,13,1.484,session_20260730_223706,student03,0.95,0.043,-0.09,0.899,13.46,-16.11,-3.08,,
2903,2026-07-30T22:50:16.700571+00:00,raise-arms,13,1.578,session_20260730_223706,student03,0.95,0.063,-0.09,0.957,0.43,-5.07,2.81,,
2904,2026-07-30T22:50:16.790479+00:00,raise-arms,13,1.672,session_20260730_223706,student03,0.95,0.08,-0.068,0.919,5.07,-13.28,0.06,,
2905,2026-07-30T22:50:16.889960+00:00,raise-arms,13,1.781,session_20260730_223706,student03,0.95,0.113,-0.063,0.887,10.25,-6.29,-1.83,,
2906,2026-07-30T22:50:16.995888+00:00,raise-arms,13,1.875,session_20260730_223706,student03,0.95,0.104,-0.037,0.948,11.23,3.48,-2.96,,
2907,2026-07-30T22:50:17.089673+00:00,raise-arms,13,1.969,session_20260730_223706,student03,0.95,0.115,-0.062,0.964,7.66,3.6,-1.8,,
2908,2026-07-30T22:50:18.579154+00:00,two-arm-boxing,14,0.0,session_20260730_223706,student03,0.95,0.617,0.636,0.473,-8.12,2.53,-11.02,,
2909,2026-07-30T22:50:18.680803+00:00,two-arm-boxing,14,0.094,session_20260730_223706,student03,0.95,0.604,0.626,0.514,-0.15,-0.52,-2.41,,
2910,2026-07-30T22:50:18.785391+00:00,two-arm-boxing,14,0.203,session_20260730_223706,student03,0.95,0.956,0.602,0.47,15.02,7.11,-6.74,,
2911,2026-07-30T22:50:18.896934+00:00,two-arm-boxing,14,0.312,session_20260730_223706,student03,0.95,1.542,-0.296,0.391,-143.93,-21.97,18.22,,
2912,2026-07-30T22:50:18.990761+00:00,two-arm-boxing,14,0.406,session_20260730_223706,student03,0.95,1.408,-0.578,0.202,-171.76,108.52,-148.59,,
2913,2026-07-30T22:50:19.091074+00:00,two-arm-boxing,14,0.5,session_20260730_223706,student03,0.95,-3.27,-0.274,0.879,-5.1,168.07,-259.68,,
2914,2026-07-30T22:50:19.200753+00:00,two-arm-boxing,14,0.609,session_20260730_223706,student03,0.95,-0.657,0.319,0.937,-41.47,-116.21,208.38,,
2915,2026-07-30T22:50:19.291011+00:00,two-arm-boxing,14,0.703,session_20260730_223706,student03,0.95,-0.514,0.101,0.84,-36.74,1.77,142.03,,
2916,2026-07-30T22:50:19.381946+00:00,two-arm-boxing,14,0.797,session_20260730_223706,student03,0.95,0.113,0.25,0.814,54.87,44.65,123.63,,
2917,2026-07-30T22:50:19.481910+00:00,two-arm-boxing,14,0.89,session_20260730_223706,student03,0.95,0.65,0.228,0.793,62.72,40.86,76.63,,
2918,2026-07-30T22:50:19.581720+00:00,two-arm-boxing,14,1.0,session_20260730_223706,student03,0.95,0.702,0.117,1.052,41.81,27.13,45.84,,
2919,2026-07-30T22:50:19.682141+00:00,two-arm-boxing,14,1.094,session_20260730_223706,student03,0.95,0.726,0.262,0.828,60.55,-62.01,6.53,,
2920,2026-07-30T22:50:19.785891+00:00,two-arm-boxing,14,1.203,session_20260730_223706,student03,0.95,0.606,0.489,0.599,30.3,-45.56,14.92,,
2921,2026-07-30T22:50:19.897486+00:00,two-arm-boxing,14,1.312,session_20260730_223706,student03,0.95,0.57,0.677,0.644,38.7,-11.9,13.18,,
2922,2026-07-30T22:50:19.991387+00:00,two-arm-boxing,14,1.406,session_20260730_223706,student03,0.95,0.629,0.669,0.444,53.32,2.66,35.04,,
2923,2026-07-30T22:50:20.097293+00:00,two-arm-boxing,14,1.515,session_20260730_223706,student03,0.95,0.516,0.423,0.659,11.41,16.6,14.62,,
2924,2026-07-30T22:50:20.194169+00:00,two-arm-boxing,14,1.609,session_20260730_223706,student03,0.95,0.495,0.618,0.566,12.67,10.22,-7.69,,
2925,2026-07-30T22:50:20.290153+00:00,two-arm-boxing,14,1.703,session_20260730_223706,student03,0.95,0.505,0.619,0.58,9.0,15.26,-0.03,,
2926,2026-07-30T22:50:20.381275+00:00,two-arm-boxing,14,1.797,session_20260730_223706,student03,0.95,0.475,0.637,0.626,2.26,17.37,0.85,,
2927,2026-07-30T22:50:20.482059+00:00,two-arm-boxing,14,1.89,session_20260730_223706,student03,0.95,0.453,0.63,0.617,-15.99,7.6,-12.45,,
2928,2026-07-30T22:50:23.138576+00:00,raise-arms,14,0.0,session_20260730_223706,student03,0.95,-0.947,-0.219,0.091,2.32,2.23,-1.71,,
2929,2026-07-30T22:50:23.240508+00:00,raise-arms,14,0.094,session_20260730_223706,student03,0.95,-0.937,-0.207,0.128,-3.48,0.24,0.85,,
2930,2026-07-30T22:50:23.340545+00:00,raise-arms,14,0.188,session_20260730_223706,student03,0.95,-0.953,-0.095,0.343,-30.15,-23.8,-1.74,,
2931,2026-07-30T22:50:23.441475+00:00,raise-arms,14,0.297,session_20260730_223706,student03,0.95,-0.984,-0.073,0.543,-33.51,-93.45,14.86,,
2932,2026-07-30T22:50:23.547568+00:00,raise-arms,14,0.407,session_20260730_223706,student03,0.95,-1.033,-0.174,0.645,-8.27,-111.67,21.91,,
2933,2026-07-30T22:50:23.656953+00:00,raise-arms,14,0.516,session_20260730_223706,student03,0.95,-1.013,-0.19,0.709,8.12,-135.2,19.53,,
2934,2026-07-30T22:50:23.766930+00:00,raise-arms,14,0.625,session_20260730_223706,student03,0.95,-0.854,-0.17,0.692,2.53,-113.19,23.07,,
2935,2026-07-30T22:50:23.878279+00:00,raise-arms,14,0.735,session_20260730_223706,student03,0.95,-0.704,-0.196,0.781,-4.06,-106.94,19.81,,
2936,2026-07-30T22:50:23.976025+00:00,raise-arms,14,0.828,session_20260730_223706,student03,0.95,-0.502,-0.153,0.771,-7.84,-84.9,11.72,,
2937,2026-07-30T22:50:24.071654+00:00,raise-arms,14,0.922,session_20260730_223706,student03,0.95,-0.319,-0.152,0.815,-4.67,-66.38,4.58,,
2938,2026-07-30T22:50:24.170972+00:00,raise-arms,14,1.032,session_20260730_223706,student03,0.95,-0.228,-0.091,0.834,8.94,-54.78,-5.71,,
2939,2026-07-30T22:50:24.276617+00:00,raise-arms,14,1.125,session_20260730_223706,student03,0.95,-0.123,-0.069,0.843,0.43,-41.32,-0.95,,
2940,2026-07-30T22:50:24.374374+00:00,raise-arms,14,1.235,session_20260730_223706,student03,0.95,-0.039,-0.096,0.839,-10.71,-21.03,1.68,,
2941,2026-07-30T22:50:24.476354+00:00,raise-arms,14,1.328,session_20260730_223706,student03,0.95,-0.001,-0.137,0.944,1.07,-10.47,-1.19,,
2942,2026-07-30T22:50:24.571662+00:00,raise-arms,14,1.422,session_20260730_223706,student03,0.95,0.012,-0.116,0.931,1.74,-4.52,-2.47,,
2943,2026-07-30T22:50:24.665490+00:00,raise-arms,14,1.516,session_20260730_223706,student03,0.95,0.028,-0.128,0.967,1.07,-3.51,-0.7,,
2944,2026-07-30T22:50:24.776812+00:00,raise-arms,14,1.625,session_20260730_223706,student03,0.95,0.026,-0.102,0.949,0.89,-3.17,-1.8,,
2945,2026-07-30T22:50:24.870986+00:00,raise-arms,14,1.719,session_20260730_223706,student03,0.95,0.026,-0.091,0.954,1.22,3.51,-2.99,,
2946,2026-07-30T22:50:24.971102+00:00,raise-arms,14,1.828,session_20260730_223706,student03,0.95,0.031,-0.051,0.969,-0.49,1.1,-4.49,,
2947,2026-07-30T22:50:25.078680+00:00,raise-arms,14,1.938,session_20260730_223706,student03,0.95,0.041,-0.082,0.964,1.01,-3.66,2.47,,
2948,2026-07-30T22:50:34.989626+00:00,making-fist-open,0,0.0,session_20260730_223706,student03,0.95,0.294,0.197,1.006,-15.96,1.77,-1.07,,
2949,2026-07-30T22:50:35.090694+00:00,making-fist-open,0,0.094,session_20260730_223706,student03,0.95,0.315,-0.026,0.488,76.36,-149.36,-42.09,,
2950,2026-07-30T22:50:35.186541+00:00,making-fist-open,0,0.203,session_20260730_223706,student03,0.95,0.341,0.378,0.844,1.34,58.26,-16.69,,
2951,2026-07-30T22:50:35.301492+00:00,making-fist-open,0,0.313,session_20260730_223706,student03,0.95,0.674,0.293,0.268,-19.41,124.39,17.43,,
2952,2026-07-30T22:50:35.411299+00:00,making-fist-open,0,0.422,session_20260730_223706,student03,0.95,0.363,0.183,0.993,-19.1,22.64,8.88,,
2953,2026-07-30T22:50:35.526878+00:00,making-fist-open,0,0.531,session_20260730_223706,student03,0.95,0.652,0.013,0.541,86.95,-231.42,-45.56,,
2954,2026-07-30T22:50:35.621284+00:00,making-fist-open,0,0.625,session_20260730_223706,student03,0.95,0.808,-0.036,0.266,62.07,33.2,-0.06,,
2955,2026-07-30T22:50:35.712624+00:00,making-fist-open,0,0.719,session_20260730_223706,student03,0.95,0.731,0.215,0.624,-31.25,-61.71,-18.86,,
2956,2026-07-30T22:50:35.813326+00:00,making-fist-open,0,0.828,session_20260730_223706,student03,0.95,0.503,0.039,1.191,-9.95,176.4,40.56,,
2957,2026-07-30T22:50:35.910815+00:00,making-fist-open,0,0.922,session_20260730_223706,student03,0.95,0.429,0.232,0.851,-21.7,56.58,3.11,,
2958,2026-07-30T22:50:36.021290+00:00,making-fist-open,0,1.031,session_20260730_223706,student03,0.95,0.201,0.256,0.444,71.96,-96.77,-21.39,,
2959,2026-07-30T22:50:36.114832+00:00,making-fist-open,0,1.125,session_20260730_223706,student03,0.95,0.324,0.417,0.783,23.29,53.13,-13.55,,
2960,2026-07-30T22:50:36.228948+00:00,making-fist-open,0,1.234,session_20260730_223706,student03,0.95,0.619,0.255,0.639,-76.63,21.15,-4.94,,
2961,2026-07-30T22:50:36.321476+00:00,making-fist-open,0,1.328,session_20260730_223706,student03,0.95,0.457,-0.049,1.331,11.66,80.9,28.66,,
2962,2026-07-30T22:50:36.421283+00:00,making-fist-open,0,1.438,session_20260730_223706,student03,0.95,0.392,0.192,0.903,-6.01,-10.77,3.48,,
2963,2026-07-30T22:50:36.527954+00:00,making-fist-open,0,1.531,session_20260730_223706,student03,0.95,0.096,0.512,0.506,101.23,-115.88,39.03,,
2964,2026-07-30T22:50:36.622471+00:00,making-fist-open,0,1.625,session_20260730_223706,student03,0.95,0.501,0.371,0.689,3.97,13.92,-2.17,,
2965,2026-07-30T22:50:36.721548+00:00,making-fist-open,0,1.734,session_20260730_223706,student03,0.95,0.731,0.278,0.413,-68.67,-3.51,-19.56,,
2966,2026-07-30T22:50:36.830412+00:00,making-fist-open,0,1.844,session_20260730_223706,student03,0.95,0.407,0.28,1.007,14.31,53.07,-10.99,,
2967,2026-07-30T22:50:36.932254+00:00,making-fist-open,0,1.938,session_20260730_223706,student03,0.95,0.418,0.191,0.874,-9.8,32.5,13.4,,
2968,2026-07-30T22:50:53.413699+00:00,palm-up-down,0,0.0,session_20260730_223706,student03,0.95,0.806,0.195,0.565,-0.89,2.93,0.55,,
2969,2026-07-30T22:50:53.510521+00:00,palm-up-down,0,0.094,session_20260730_223706,student03,0.95,0.813,0.195,0.586,-0.76,0.15,-0.61,,
2970,2026-07-30T22:50:53.607138+00:00,palm-up-down,0,0.187,session_20260730_223706,student03,0.95,0.787,0.183,0.573,-2.87,1.34,-0.92,,
2971,2026-07-30T22:50:53.702382+00:00,palm-up-down,0,0.297,session_20260730_223706,student03,0.95,0.8,0.202,0.384,-11.41,104.31,-0.79,,
2972,2026-07-30T22:50:53.818635+00:00,palm-up-down,0,0.406,session_20260730_223706,student03,0.95,-0.627,-0.093,0.073,-93.72,770.71,17.46,,
2973,2026-07-30T22:50:53.912434+00:00,palm-up-down,0,0.5,session_20260730_223706,student03,0.95,-1.167,0.129,1.449,-6.23,86.15,61.1,,
2974,2026-07-30T22:50:54.022014+00:00,palm-up-down,0,0.609,session_20260730_223706,student03,0.95,-0.825,-0.01,0.893,-4.79,-53.83,-28.23,,
2975,2026-07-30T22:50:54.122040+00:00,palm-up-down,0,0.703,session_20260730_223706,student03,0.95,-0.93,0.179,1.15,19.5,-331.4,-27.1,,
2976,2026-07-30T22:50:54.221719+00:00,palm-up-down,0,0.812,session_20260730_223706,student03,0.95,-0.569,-0.032,1.206,29.48,-700.71,-70.62,,
2977,2026-07-30T22:50:54.322593+00:00,palm-up-down,0,0.906,session_20260730_223706,student03,0.95,0.687,0.243,-0.351,14.56,-142.7,32.59,,
2978,2026-07-30T22:50:54.425344+00:00,palm-up-down,0,1.016,session_20260730_223706,student03,0.95,0.751,0.107,0.108,-23.99,222.63,-12.24,,
2979,2026-07-30T22:50:54.538414+00:00,palm-up-down,0,1.125,session_20260730_223706,student03,0.95,-1.707,-0.139,-0.048,-197.61,989.44,34.97,,
2980,2026-07-30T22:50:54.636065+00:00,palm-up-down,0,1.219,session_20260730_223706,student03,0.95,-0.869,-0.311,0.401,29.05,71.81,31.34,,
2981,2026-07-30T22:50:54.733199+00:00,palm-up-down,0,1.328,session_20260730_223706,student03,0.95,-0.6,-0.017,0.657,-9.52,2.78,-13.79,,
2982,2026-07-30T22:50:54.836023+00:00,palm-up-down,0,1.422,session_20260730_223706,student03,0.95,-0.683,0.114,0.679,-6.04,-7.42,-1.34,,
2983,2026-07-30T22:50:54.936930+00:00,palm-up-down,0,1.531,session_20260730_223706,student03,0.95,-0.618,0.005,0.736,1.16,1.62,7.72,,
2984,2026-07-30T22:50:55.052072+00:00,palm-up-down,0,1.641,session_20260730_223706,student03,0.95,-0.678,0.102,0.756,0.49,-1.68,-2.2,,
2985,2026-07-30T22:50:55.159507+00:00,palm-up-down,0,1.75,session_20260730_223706,student03,0.95,-0.647,0.06,0.775,-1.59,-11.96,-0.79,,
2986,2026-07-30T22:50:55.268060+00:00,palm-up-down,0,1.859,session_20260730_223706,student03,0.95,-0.606,0.05,0.76,0.64,-16.85,-1.68,,
2987,2026-07-30T22:50:55.378555+00:00,palm-up-down,0,1.969,session_20260730_223706,student03,0.95,-0.598,0.058,0.769,-4.06,-8.85,-6.35,,
2988,2026-07-30T22:50:58.415917+00:00,making-fist-open,1,0.0,session_20260730_223706,student03,0.95,0.363,0.089,1.212,-6.99,-112.19,-21.88,,
2989,2026-07-30T22:50:58.515574+00:00,making-fist-open,1,0.109,session_20260730_223706,student03,0.95,0.144,0.157,0.984,28.02,-175.63,-4.3,,
2990,2026-07-30T22:50:58.616374+00:00,making-fist-open,1,0.203,session_20260730_223706,student03,0.95,0.56,0.128,0.863,-22.28,-19.23,-6.35,,
2991,2026-07-30T22:50:58.713315+00:00,making-fist-open,1,0.297,session_20260730_223706,student03,0.95,0.5,0.104,0.729,-14.89,85.45,-10.5,,
2992,2026-07-30T22:50:58.829354+00:00,making-fist-open,1,0.422,session_20260730_223706,student03,0.95,0.292,0.206,1.183,7.17,54.08,-1.86,,
2993,2026-07-30T22:50:58.937786+00:00,making-fist-open,1,0.531,session_20260730_223706,student03,0.95,0.316,0.182,1.256,11.57,-50.6,8.67,,
2994,2026-07-30T22:50:59.051873+00:00,making-fist-open,1,0.641,session_20260730_223706,student03,0.95,0.865,0.12,0.35,41.11,-33.57,-16.39,,
2995,2026-07-30T22:50:59.153841+00:00,making-fist-open,1,0.734,session_20260730_223706,student03,0.95,0.591,0.143,0.802,-47.67,-40.01,-15.87,,
2996,2026-07-30T22:50:59.262032+00:00,making-fist-open,1,0.844,session_20260730_223706,student03,0.95,0.476,0.31,0.826,-48.74,167.49,12.6,,
2997,2026-07-30T22:50:59.356193+00:00,making-fist-open,1,0.937,session_20260730_223706,student03,0.95,0.223,0.214,1.002,2.72,22.77,8.39,,
2998,2026-07-30T22:50:59.455936+00:00,making-fist-open,1,1.047,session_20260730_223706,student03,0.95,0.305,0.18,0.688,65.71,-73.92,23.83,,
2999,2026-07-30T22:50:59.552830+00:00,making-fist-open,1,1.141,session_20260730_223706,student03,0.95,0.682,0.136,0.554,99.06,19.26,-0.03,,
3000,2026-07-30T22:50:59.653308+00:00,making-fist-open,1,1.234,session_20260730_223706,student03,0.95,0.608,0.129,0.729,-24.17,-53.59,-6.16,,
3001,2026-07-30T22:50:59.743102+00:00,making-fist-open,1,1.328,session_20260730_223706,student03,0.95,0.439,0.319,0.552,-54.23,131.53,-14.92,,
3002,2026-07-30T22:50:59.843560+00:00,making-fist-open,1,1.437,session_20260730_223706,student03,0.95,0.215,0.251,1.01,6.68,31.95,-22.83,,
3003,2026-07-30T22:50:59.958919+00:00,making-fist-open,1,1.547,session_20260730_223706,student03,0.95,0.293,0.172,1.263,17.79,-91.53,10.32,,
3004,2026-07-30T22:51:00.053238+00:00,making-fist-open,1,1.641,session_20260730_223706,student03,0.95,0.318,0.313,1.049,62.9,-115.39,75.96,,
3005,2026-07-30T22:51:00.161522+00:00,making-fist-open,1,1.75,session_20260730_223706,student03,0.95,0.459,0.225,0.811,-33.51,-23.07,-3.17,,
3006,2026-07-30T22:51:00.271698+00:00,making-fist-open,1,1.859,session_20260730_223706,student03,0.95,0.422,0.21,0.699,-35.92,75.81,-28.02,,
3007,2026-07-30T22:51:00.365648+00:00,making-fist-open,1,1.953,session_20260730_223706,student03,0.95,0.216,0.061,1.329,-6.87,43.34,15.63,,
3008,2026-07-30T22:51:02.277680+00:00,palm-up-down,1,0.0,session_20260730_223706,student03,0.95,0.809,0.209,0.547,-0.49,0.06,0.06,,
3009,2026-07-30T22:51:02.371727+00:00,palm-up-down,1,0.094,session_20260730_223706,student03,0.95,0.827,0.207,0.553,0.18,2.23,-1.04,,
3010,2026-07-30T22:51:02.461710+00:00,palm-up-down,1,0.188,session_20260730_223706,student03,0.95,0.816,0.226,0.57,-3.23,3.88,-1.07,,
3011,2026-07-30T22:51:02.557062+00:00,palm-up-down,1,0.282,session_20260730_223706,student03,0.95,0.834,0.218,0.437,-11.02,63.78,-2.04,,
3012,2026-07-30T22:51:02.654695+00:00,palm-up-down,1,0.391,session_20260730_223706,student03,0.95,-0.542,-0.098,-0.283,-96.41,792.14,4.52,,
3013,2026-07-30T22:51:02.755881+00:00,palm-up-down,1,0.485,session_20260730_223706,student03,0.95,-1.147,0.283,1.104,22.43,55.15,94.49,,
3014,2026-07-30T22:51:02.856934+00:00,palm-up-down,1,0.578,session_20260730_223706,student03,0.95,-0.782,0.079,0.834,24.14,-15.69,13.06,,
3015,2026-07-30T22:51:02.955966+00:00,palm-up-down,1,0.688,session_20260730_223706,student03,0.95,-0.872,0.207,0.921,3.02,-109.07,-26.12,,
3016,2026-07-30T22:51:03.053362+00:00,palm-up-down,1,0.782,session_20260730_223706,student03,0.95,-0.791,0.203,1.201,14.68,-474.23,-26.03,,
3017,2026-07-30T22:51:03.153631+00:00,palm-up-down,1,0.875,session_20260730_223706,student03,0.95,0.228,0.191,0.434,83.96,-636.25,-38.18,,
3018,2026-07-30T22:51:03.240056+00:00,palm-up-down,1,0.969,session_20260730_223706,student03,0.95,0.706,0.031,-0.103,4.97,-55.48,22.1,,
3019,2026-07-30T22:51:03.342818+00:00,palm-up-down,1,1.078,session_20260730_223706,student03,0.95,0.885,0.154,0.123,-39.89,212.1,-22.71,,
3020,2026-07-30T22:51:03.452663+00:00,palm-up-down,1,1.188,session_20260730_223706,student03,0.95,-1.622,0.05,0.43,-196.33,980.01,29.48,,
3021,2026-07-30T22:51:03.559347+00:00,palm-up-down,1,1.282,session_20260730_223706,student03,0.95,-0.884,0.014,1.254,19.56,114.81,59.36,,
3022,2026-07-30T22:51:03.657121+00:00,palm-up-down,1,1.391,session_20260730_223706,student03,0.95,-0.622,-0.002,0.81,0.46,-3.27,-11.08,,
3023,2026-07-30T22:51:03.768286+00:00,palm-up-down,1,1.5,session_20260730_223706,student03,0.95,-0.642,0.083,0.749,-3.75,-4.15,3.69,,
3024,2026-07-30T22:51:03.866388+00:00,palm-up-down,1,1.594,session_20260730_223706,student03,0.95,-0.615,0.011,0.756,-0.4,-3.81,-2.08,,
3025,2026-07-30T22:51:03.978750+00:00,palm-up-down,1,1.703,session_20260730_223706,student03,0.95,-0.614,0.053,0.78,2.2,-9.03,0.98,,
3026,2026-07-30T22:51:04.072657+00:00,palm-up-down,1,1.797,session_20260730_223706,student03,0.95,-0.619,0.046,0.832,-1.25,-39.64,0.92,,
3027,2026-07-30T22:51:04.161550+00:00,palm-up-down,1,1.891,session_20260730_223706,student03,0.95,-0.548,0.055,0.765,2.84,-22.77,-0.03,,
3028,2026-07-30T22:51:05.894053+00:00,making-fist-open,2,0.0,session_20260730_223706,student03,0.95,0.475,0.286,0.731,53.44,76.27,-4.3,,
3029,2026-07-30T22:51:05.996403+00:00,making-fist-open,2,0.094,session_20260730_223706,student03,0.95,0.688,0.232,0.7,-4.33,12.12,8.91,,
3030,2026-07-30T22:51:06.091435+00:00,making-fist-open,2,0.188,session_20260730_223706,student03,0.95,0.582,0.267,0.678,-29.69,68.51,-1.8,,
3031,2026-07-30T22:51:06.182870+00:00,making-fist-open,2,0.282,session_20260730_223706,student03,0.95,0.332,0.162,1.21,79.9,-130.31,-1.1,,
3032,2026-07-30T22:51:06.276936+00:00,making-fist-open,2,0.375,session_20260730_223706,student03,0.95,0.465,0.368,0.584,53.68,-9.67,3.69,,
3033,2026-07-30T22:51:06.373241+00:00,making-fist-open,2,0.485,session_20260730_223706,student03,0.95,0.676,0.276,0.26,-61.07,115.94,5.71,,
3034,2026-07-30T22:51:06.487670+00:00,making-fist-open,2,0.594,session_20260730_223706,student03,0.95,0.502,0.261,0.832,-11.78,57.13,-8.88,,
3035,2026-07-30T22:51:06.599050+00:00,making-fist-open,2,0.703,session_20260730_223706,student03,0.95,0.456,0.169,1.171,-1.83,-24.11,9.67,,
3036,2026-07-30T22:51:06.692506+00:00,making-fist-open,2,0.797,session_20260730_223706,student03,0.95,0.083,0.283,0.651,87.22,-123.81,46.45,,
3037,2026-07-30T22:51:06.802397+00:00,making-fist-open,2,0.907,session_20260730_223706,student03,0.95,0.85,0.209,0.397,-34.73,-39.09,-18.25,,
3038,2026-07-30T22:51:06.903718+00:00,making-fist-open,2,1.0,session_20260730_223706,student03,0.95,0.558,0.229,0.839,-14.8,216.53,43.82,,
3039,2026-07-30T22:51:06.996738+00:00,making-fist-open,2,1.094,session_20260730_223706,student03,0.95,0.4,0.224,1.178,-21.49,24.2,0.92,,
3040,2026-07-30T22:51:07.092969+00:00,making-fist-open,2,1.203,session_20260730_223706,student03,0.95,0.239,0.127,0.802,26.34,-144.6,16.91,,
3041,2026-07-30T22:51:07.209841+00:00,making-fist-open,2,1.313,session_20260730_223706,student03,0.95,0.75,0.258,0.678,-53.99,-26.46,-35.37,,
3042,2026-07-30T22:51:07.306602+00:00,making-fist-open,2,1.407,session_20260730_223706,student03,0.95,0.091,0.286,1.327,-41.84,195.96,40.65,,
3043,2026-07-30T22:51:07.406357+00:00,making-fist-open,2,1.516,session_20260730_223706,student03,0.95,0.368,0.153,1.129,-14.07,-23.13,12.33,,
3044,2026-07-30T22:51:07.517439+00:00,making-fist-open,2,1.625,session_20260730_223706,student03,0.95,0.185,0.076,0.853,20.84,-131.14,8.97,,
3045,2026-07-30T22:51:07.629090+00:00,making-fist-open,2,1.735,session_20260730_223706,student03,0.95,0.69,0.205,0.661,-18.68,-22.92,-4.88,,
3046,2026-07-30T22:51:07.738287+00:00,making-fist-open,2,1.844,session_20260730_223706,student03,0.95,0.253,0.248,1.262,-53.87,177.34,29.94,,
3047,2026-07-30T22:51:07.851850+00:00,making-fist-open,2,1.953,session_20260730_223706,student03,0.95,0.29,0.121,1.538,-7.97,-108.34,15.26,,
3048,2026-07-30T22:51:11.105929+00:00,palm-up-down,2,0.0,session_20260730_223706,student03,0.95,0.687,0.208,0.698,-0.06,-1.62,0.7,,
3049,2026-07-30T22:51:11.202073+00:00,palm-up-down,2,0.11,session_20260730_223706,student03,0.95,0.676,0.221,0.702,-0.15,-0.64,0.34,,
3050,2026-07-30T22:51:11.317386+00:00,palm-up-down,2,0.219,session_20260730_223706,student03,0.95,0.692,0.198,0.642,0.98,3.75,-0.89,,
3051,2026-07-30T22:51:11.427350+00:00,palm-up-down,2,0.329,session_20260730_223706,student03,0.95,0.206,0.039,-0.076,-136.51,537.55,18.49,,
3052,2026-07-30T22:51:11.537714+00:00,palm-up-down,2,0.438,session_20260730_223706,student03,0.95,-1.227,0.222,1.215,40.83,124.58,92.5,,
3053,2026-07-30T22:51:11.635689+00:00,palm-up-down,2,0.532,session_20260730_223706,student03,0.95,-0.758,0.036,0.802,26.46,7.66,39.03,,
3054,2026-07-30T22:51:11.732157+00:00,palm-up-down,2,0.625,session_20260730_223706,student03,0.95,-0.868,0.138,0.945,-2.75,-108.52,-49.65,,
3055,2026-07-30T22:51:11.831841+00:00,palm-up-down,2,0.735,session_20260730_223706,student03,0.95,-0.961,0.13,1.39,22.13,-569.2,-26.12,,
3056,2026-07-30T22:51:11.932770+00:00,palm-up-down,2,0.829,session_20260730_223706,student03,0.95,0.531,0.336,0.134,122.38,-630.6,-69.8,,
3057,2026-07-30T22:51:12.023050+00:00,palm-up-down,2,0.922,session_20260730_223706,student03,0.95,0.696,-0.014,-0.322,3.3,-1.28,7.39,,
3058,2026-07-30T22:51:12.127822+00:00,palm-up-down,2,1.032,session_20260730_223706,student03,0.95,0.819,0.173,0.052,-63.94,465.68,-4.06,,
3059,2026-07-30T22:51:12.237422+00:00,palm-up-down,2,1.141,session_20260730_223706,student03,0.95,-1.535,-0.07,2.838,-75.35,451.03,49.65,,
3060,2026-07-30T22:51:12.347920+00:00,palm-up-down,2,1.25,session_20260730_223706,student03,0.95,-0.677,-0.017,0.897,47.33,-49.04,29.33,,
3061,2026-07-30T22:51:12.458827+00:00,palm-up-down,2,1.36,session_20260730_223706,student03,0.95,-0.695,0.077,0.689,7.97,-23.87,-0.67,,
3062,2026-07-30T22:51:12.553649+00:00,palm-up-down,2,1.454,session_20260730_223706,student03,0.95,-0.633,0.053,0.714,3.48,-8.94,13.12,,
3063,2026-07-30T22:51:12.663093+00:00,palm-up-down,2,1.563,session_20260730_223706,student03,0.95,-0.655,0.094,0.74,4.24,-2.81,-5.31,,
3064,2026-07-30T22:51:12.773173+00:00,palm-up-down,2,1.672,session_20260730_223706,student03,0.95,-0.641,0.069,0.838,-2.08,-26.15,2.44,,
3065,2026-07-30T22:51:12.882518+00:00,palm-up-down,2,1.782,session_20260730_223706,student03,0.95,-0.557,0.067,0.753,-1.43,-26.67,-1.43,,
3066,2026-07-30T22:51:12.988165+00:00,palm-up-down,2,1.891,session_20260730_223706,student03,0.95,-0.545,0.07,0.767,-8.18,10.13,-2.01,,
3067,2026-07-30T22:51:14.984357+00:00,making-fist-open,3,0.0,session_20260730_223706,student03,0.95,0.417,0.18,1.141,22.95,-126.65,-6.96,,
3068,2026-07-30T22:51:15.085845+00:00,making-fist-open,3,0.094,session_20260730_223706,student03,0.95,0.545,0.165,0.951,28.75,-145.66,6.16,,
3069,2026-07-30T22:51:15.202661+00:00,making-fist-open,3,0.219,session_20260730_223706,student03,0.95,0.563,0.248,0.733,-43.06,-30.0,-4.12,,
3070,2026-07-30T22:51:15.312602+00:00,making-fist-open,3,0.328,session_20260730_223706,student03,0.95,0.525,0.335,0.58,-52.71,129.89,-1.46,,
3071,2026-07-30T22:51:15.422812+00:00,making-fist-open,3,0.438,session_20260730_223706,student03,0.95,0.343,0.236,0.908,-4.33,36.99,-0.73,,
3072,2026-07-30T22:51:15.529179+00:00,making-fist-open,3,0.547,session_20260730_223706,student03,0.95,0.51,0.008,0.744,74.19,-161.5,-29.08,,
3073,2026-07-30T22:51:15.638661+00:00,making-fist-open,3,0.656,session_20260730_223706,student03,0.95,0.825,0.148,0.404,25.27,-2.9,-5.37,,
3074,2026-07-30T22:51:15.751926+00:00,making-fist-open,3,0.766,session_20260730_223706,student03,0.95,0.54,0.22,0.5,-45.47,131.9,5.31,,
3075,2026-07-30T22:51:15.861959+00:00,making-fist-open,3,0.875,session_20260730_223706,student03,0.95,0.326,0.25,1.111,11.2,2.59,13.86,,
3076,2026-07-30T22:51:15.962150+00:00,making-fist-open,3,0.969,session_20260730_223706,student03,0.95,0.409,0.189,0.714,78.8,-132.08,-5.62,,
3077,2026-07-30T22:51:16.072053+00:00,making-fist-open,3,1.078,session_20260730_223706,student03,0.95,0.396,0.232,0.832,-24.02,1.13,-6.84,,
3078,2026-07-30T22:51:16.165954+00:00,making-fist-open,3,1.172,session_20260730_223706,student03,0.95,0.506,0.249,0.486,-2.26,152.87,22.22,,
3079,2026-07-30T22:51:16.265426+00:00,making-fist-open,3,1.281,session_20260730_223706,student03,0.95,0.338,0.313,0.99,6.99,43.0,-4.73,,
3080,2026-07-30T22:51:16.378527+00:00,making-fist-open,3,1.391,session_20260730_223706,student03,0.95,0.596,0.029,0.505,74.01,-222.11,-40.74,,
3081,2026-07-30T22:51:16.488545+00:00,making-fist-open,3,1.5,session_20260730_223706,student03,0.95,0.372,0.295,0.769,21.64,101.54,-9.09,,
3082,2026-07-30T22:51:16.586372+00:00,making-fist-open,3,1.594,session_20260730_223706,student03,0.95,0.53,0.376,0.568,-52.95,58.41,-6.41,,
3083,2026-07-30T22:51:16.683690+00:00,making-fist-open,3,1.688,session_20260730_223706,student03,0.95,0.375,0.146,1.104,-32.5,102.94,17.79,,
3084,2026-07-30T22:51:16.787370+00:00,making-fist-open,3,1.797,session_20260730_223706,student03,0.95,0.242,0.264,1.394,17.7,-180.39,-5.55,,
3085,2026-07-30T22:51:16.898715+00:00,making-fist-open,3,1.906,session_20260730_223706,student03,0.95,1.075,0.107,0.442,17.27,-100.89,-1.86,,
3086,2026-07-30T22:51:18.933030+00:00,palm-up-down,3,0.0,session_20260730_223706,student03,0.95,0.707,0.194,0.665,-1.1,-29.91,0.76,,
3087,2026-07-30T22:51:19.033174+00:00,palm-up-down,3,0.109,session_20260730_223706,student03,0.95,0.661,0.217,0.65,0.98,-25.91,-6.07,,
3088,2026-07-30T22:51:19.138134+00:00,palm-up-down,3,0.203,session_20260730_223706,student03,0.95,0.743,0.234,0.588,2.87,-35.07,-11.69,,
3089,2026-07-30T22:51:19.237732+00:00,palm-up-down,3,0.312,session_20260730_223706,student03,0.95,0.783,0.22,0.428,-7.14,47.03,2.99,,
3090,2026-07-30T22:51:19.337264+00:00,palm-up-down,3,0.406,session_20260730_223706,student03,0.95,0.384,0.074,-0.074,-93.87,528.06,-4.58,,
3091,2026-07-30T22:51:19.436604+00:00,palm-up-down,3,0.515,session_20260730_223706,student03,0.95,-1.377,0.208,1.98,-77.06,396.07,-3.11,,
3092,2026-07-30T22:51:19.549049+00:00,palm-up-down,3,0.625,session_20260730_223706,student03,0.95,-0.859,0.021,1.088,12.27,-16.33,-7.69,,
3093,2026-07-30T22:51:19.659236+00:00,palm-up-down,3,0.734,session_20260730_223706,student03,0.95,-0.878,0.054,1.206,23.96,-273.66,-28.14,,
3094,2026-07-30T22:51:19.769291+00:00,palm-up-down,3,0.843,session_20260730_223706,student03,0.95,-0.301,0.012,1.061,106.23,-608.45,-25.94,,
3095,2026-07-30T22:51:19.866222+00:00,palm-up-down,3,0.937,session_20260730_223706,student03,0.95,0.672,0.192,-0.177,54.02,-185.4,33.85,,
3096,2026-07-30T22:51:19.962959+00:00,palm-up-down,3,1.031,session_20260730_223706,student03,0.95,0.8,0.118,0.063,-24.17,41.54,4.7,,
3097,2026-07-30T22:51:20.069051+00:00,palm-up-down,3,1.14,session_20260730_223706,student03,0.95,1.033,0.229,0.201,-65.46,332.13,-8.51,,
3098,2026-07-30T22:51:20.165865+00:00,palm-up-down,3,1.234,session_20260730_223706,student03,0.95,-1.611,0.014,1.082,-242.07,852.78,15.78,,
3099,2026-07-30T22:51:20.262765+00:00,palm-up-down,3,1.328,session_20260730_223706,student03,0.95,-0.698,-0.117,0.704,27.65,45.66,35.86,,
3100,2026-07-30T22:51:20.357778+00:00,palm-up-down,3,1.437,session_20260730_223706,student03,0.95,-0.554,-0.058,0.714,-10.9,-13.7,-15.05,,
3101,2026-07-30T22:51:20.469166+00:00,palm-up-down,3,1.546,session_20260730_223706,student03,0.95,-0.597,0.013,0.74,-8.42,4.85,2.2,,
3102,2026-07-30T22:51:20.582115+00:00,palm-up-down,3,1.656,session_20260730_223706,student03,0.95,-0.579,-0.04,0.781,-0.82,1.13,-3.23,,
3103,2026-07-30T22:51:20.693169+00:00,palm-up-down,3,1.765,session_20260730_223706,student03,0.95,-0.601,-0.013,0.804,1.01,-1.71,1.13,,
3104,2026-07-30T22:51:20.799039+00:00,palm-up-down,3,1.875,session_20260730_223706,student03,0.95,-0.578,-0.034,0.797,-5.58,-9.52,-11.69,,
3105,2026-07-30T22:51:20.909996+00:00,palm-up-down,3,1.984,session_20260730_223706,student03,0.95,-0.581,-0.023,0.779,0.24,-3.36,-7.08,,
3106,2026-07-30T22:51:22.513168+00:00,making-fist-open,4,0.0,session_20260730_223706,student03,0.95,0.527,0.111,1.103,-66.62,172.0,29.15,,
3107,2026-07-30T22:51:22.613462+00:00,making-fist-open,4,0.109,session_20260730_223706,student03,0.95,0.397,0.216,0.942,-31.1,74.13,0.27,,
3108,2026-07-30T22:51:22.719490+00:00,making-fist-open,4,0.218,session_20260730_223706,student03,0.95,0.108,0.524,0.483,98.91,-148.14,62.99,,
3109,2026-07-30T22:51:22.833486+00:00,making-fist-open,4,0.328,session_20260730_223706,student03,0.95,0.758,0.172,0.518,-50.97,-55.94,-18.71,,
3110,2026-07-30T22:51:22.933046+00:00,making-fist-open,4,0.422,session_20260730_223706,student03,0.95,0.568,0.427,0.464,-23.41,164.13,25.21,,
3111,2026-07-30T22:51:23.027852+00:00,making-fist-open,4,0.515,session_20260730_223706,student03,0.95,0.447,0.234,0.94,4.7,27.65,-4.15,,
3112,2026-07-30T22:51:23.126813+00:00,making-fist-open,4,0.625,session_20260730_223706,student03,0.95,0.695,0.079,0.735,69.0,-148.41,-57.31,,
3113,2026-07-30T22:51:23.238758+00:00,making-fist-open,4,0.734,session_20260730_223706,student03,0.95,0.517,0.253,0.637,11.44,51.97,-4.67,,
3114,2026-07-30T22:51:23.336770+00:00,making-fist-open,4,0.828,session_20260730_223706,student03,0.95,0.566,0.239,0.503,-33.11,104.04,9.89,,
3115,2026-07-30T22:51:23.433602+00:00,making-fist-open,4,0.922,session_20260730_223706,student03,0.95,0.476,0.12,1.094,0.58,39.58,10.35,,
3116,2026-07-30T22:51:23.534002+00:00,making-fist-open,4,1.031,session_20260730_223706,student03,0.95,0.303,0.072,1.34,-31.83,-57.31,10.59,,
3117,2026-07-30T22:51:23.642620+00:00,making-fist-open,4,1.14,session_20260730_223706,student03,0.95,1.078,0.196,0.654,6.47,-152.75,-25.97,,
3118,2026-07-30T22:51:23.744114+00:00,making-fist-open,4,1.234,session_20260730_223706,student03,0.95,0.679,0.287,0.561,-52.46,-7.57,-16.69,,
3119,2026-07-30T22:51:23.837152+00:00,making-fist-open,4,1.328,session_20260730_223706,student03,0.95,0.369,0.215,1.052,-72.45,184.06,29.73,,
3120,2026-07-30T22:51:23.938249+00:00,making-fist-open,4,1.437,session_20260730_223706,student03,0.95,0.459,0.459,0.779,92.23,-203.65,-18.31,,
3121,2026-07-30T22:51:24.036503+00:00,making-fist-open,4,1.531,session_20260730_223706,student03,0.95,0.516,0.223,0.572,44.01,121.25,-10.5,,
3122,2026-07-30T22:51:24.136480+00:00,making-fist-open,4,1.625,session_20260730_223706,student03,0.95,0.503,0.362,0.568,-42.94,102.54,-0.92,,
3123,2026-07-30T22:51:24.237394+00:00,making-fist-open,4,1.734,session_20260730_223706,student03,0.95,0.305,0.141,1.683,29.33,-74.83,11.93,,
3124,2026-07-30T22:51:24.336527+00:00,making-fist-open,4,1.828,session_20260730_223706,student03,0.95,1.466,0.344,-0.013,44.65,-155.83,-41.72,,
3125,2026-07-30T22:51:24.434075+00:00,making-fist-open,4,1.922,session_20260730_223706,student03,0.95,0.714,0.196,0.545,-63.33,-4.73,-13.34,,
3126,2026-07-30T22:51:31.230372+00:00,palm-up-down,4,0.0,session_20260730_223706,student03,0.95,0.82,0.234,0.528,0.79,2.38,-1.19,,
3127,2026-07-30T22:51:31.322560+00:00,palm-up-down,4,0.094,session_20260730_223706,student03,0.95,0.823,0.221,0.515,1.77,3.48,-1.62,,
3128,2026-07-30T22:51:31.422110+00:00,palm-up-down,4,0.204,session_20260730_223706,student03,0.95,0.82,0.242,0.562,-0.31,-0.4,0.79,,
3129,2026-07-30T22:51:31.533681+00:00,palm-up-down,4,0.313,session_20260730_223706,student03,0.95,0.825,0.203,0.444,-2.44,-7.11,2.17,,
3130,2026-07-30T22:51:31.639566+00:00,palm-up-down,4,0.422,session_20260730_223706,student03,0.95,0.029,-0.154,-0.762,-117.92,682.7,-4.3,,
3131,2026-07-30T22:51:31.753552+00:00,palm-up-down,4,0.532,session_20260730_223706,student03,0.95,-1.745,0.109,1.333,25.06,51.0,69.8,,
3132,2026-07-30T22:51:31.860069+00:00,palm-up-down,4,0.641,session_20260730_223706,student03,0.95,-0.796,0.017,0.852,17.0,-84.23,-16.3,,
3133,2026-07-30T22:51:31.970009+00:00,palm-up-down,4,0.75,session_20260730_223706,student03,0.95,-0.835,0.104,1.208,50.36,-443.19,-1.13,,
3134,2026-07-30T22:51:32.082949+00:00,palm-up-down,4,0.86,session_20260730_223706,student03,0.95,0.435,0.252,0.349,77.52,-490.19,-30.49,,
3135,2026-07-30T22:51:32.184687+00:00,palm-up-down,4,0.954,session_20260730_223706,student03,0.95,0.748,0.113,0.267,9.86,-28.08,8.09,,
3136,2026-07-30T22:51:32.283742+00:00,palm-up-down,4,1.063,session_20260730_223706,student03,0.95,0.895,0.128,0.483,-7.57,88.63,-12.12,,
3137,2026-07-30T22:51:32.388802+00:00,palm-up-down,4,1.172,session_20260730_223706,student03,0.95,-1.074,-0.076,-0.376,-157.32,912.75,-25.88,,
3138,2026-07-30T22:51:32.499201+00:00,palm-up-down,4,1.282,session_20260730_223706,student03,0.95,-0.622,-0.352,0.621,19.71,-125.06,39.19,,
3139,2026-07-30T22:51:32.612806+00:00,palm-up-down,4,1.391,session_20260730_223706,student03,0.95,-0.404,0.008,0.664,-1.43,-37.14,-12.94,,
3140,2026-07-30T22:51:32.722365+00:00,palm-up-down,4,1.5,session_20260730_223706,student03,0.95,-0.542,0.053,0.8,-10.71,1.77,0.49,,
3141,2026-07-30T22:51:32.828724+00:00,palm-up-down,4,1.61,session_20260730_223706,student03,0.95,-0.506,-0.034,0.869,0.06,0.24,2.35,,
3142,2026-07-30T22:51:32.938857+00:00,palm-up-down,4,1.719,session_20260730_223706,student03,0.95,-0.518,0.033,0.866,0.73,-5.86,3.94,,
3143,2026-07-30T22:51:33.048533+00:00,palm-up-down,4,1.829,session_20260730_223706,student03,0.95,-0.501,0.029,0.831,-0.61,-7.2,0.27,,
3144,2026-07-30T22:51:33.157974+00:00,palm-up-down,4,1.938,session_20260730_223706,student03,0.95,-0.499,0.04,0.83,-1.83,0.21,-1.34,,
3145,2026-07-30T22:51:34.205144+00:00,making-fist-open,5,0.0,session_20260730_223706,student03,0.95,0.402,0.122,1.099,-59.33,224.49,44.92,,
3146,2026-07-30T22:51:34.322269+00:00,making-fist-open,5,0.109,session_20260730_223706,student03,0.95,0.329,0.2,1.103,-8.79,20.63,10.28,,
3147,2026-07-30T22:51:34.416208+00:00,making-fist-open,5,0.203,session_20260730_223706,student03,0.95,-0.007,0.376,0.516,118.41,-139.23,-15.26,,
3148,2026-07-30T22:51:34.517922+00:00,making-fist-open,5,0.312,session_20260730_223706,student03,0.95,0.444,0.163,0.769,0.92,71.75,-12.24,,
3149,2026-07-30T22:51:34.633214+00:00,making-fist-open,5,0.422,session_20260730_223706,student03,0.95,0.511,0.324,0.607,-19.65,182.74,34.09,,
3150,2026-07-30T22:51:34.742439+00:00,making-fist-open,5,0.531,session_20260730_223706,student03,0.95,0.307,0.206,1.046,21.36,4.67,14.95,,
3151,2026-07-30T22:51:34.843848+00:00,making-fist-open,5,0.64,session_20260730_223706,student03,0.95,0.55,0.062,0.738,70.35,-156.59,-8.24,,
3152,2026-07-30T22:51:34.953142+00:00,making-fist-open,5,0.75,session_20260730_223706,student03,0.95,0.73,0.102,0.427,35.71,60.82,4.64,,
3153,2026-07-30T22:51:35.059304+00:00,making-fist-open,5,0.844,session_20260730_223706,student03,0.95,0.53,0.266,0.659,-38.27,94.7,-0.76,,
3154,2026-07-30T22:51:35.154677+00:00,making-fist-open,5,0.953,session_20260730_223706,student03,0.95,0.312,0.164,1.192,-28.93,60.91,16.08,,
3155,2026-07-30T22:51:35.269499+00:00,making-fist-open,5,1.062,session_20260730_223706,student03,0.95,0.508,0.251,0.947,44.04,-122.2,-4.94,,
3156,2026-07-30T22:51:35.379858+00:00,making-fist-open,5,1.172,session_20260730_223706,student03,0.95,1.189,0.277,0.088,53.53,-63.05,-17.64,,
3157,2026-07-30T22:51:35.489737+00:00,making-fist-open,5,1.281,session_20260730_223706,student03,0.95,0.81,0.374,0.432,-79.23,19.26,-19.71,,
3158,2026-07-30T22:51:35.584108+00:00,making-fist-open,5,1.375,session_20260730_223706,student03,0.95,0.403,0.08,1.144,-76.78,116.46,18.34,,
3159,2026-07-30T22:51:35.685285+00:00,making-fist-open,5,1.469,session_20260730_223706,student03,0.95,0.511,0.257,1.441,26.95,-172.7,-17.3,,
3160,2026-07-30T22:51:35.784475+00:00,making-fist-open,5,1.578,session_20260730_223706,student03,0.95,1.32,0.326,0.138,31.19,-148.05,-53.71,,
3161,2026-07-30T22:51:35.884787+00:00,making-fist-open,5,1.672,session_20260730_223706,student03,0.95,0.847,0.343,0.4,-58.32,26.09,-17.73,,
3162,2026-07-30T22:51:35.978000+00:00,making-fist-open,5,1.765,session_20260730_223706,student03,0.95,0.413,0.248,1.008,-89.21,202.64,22.13,,
3163,2026-07-30T22:51:36.077284+00:00,making-fist-open,5,1.875,session_20260730_223706,student03,0.95,0.349,0.24,1.105,-23.22,51.12,6.74,,
3164,2026-07-30T22:51:36.189192+00:00,making-fist-open,5,1.984,session_20260730_223706,student03,0.95,0.054,0.12,0.972,52.19,-169.01,12.51,,
3165,2026-07-30T22:51:37.875548+00:00,palm-up-down,5,0.0,session_20260730_223706,student03,0.95,0.76,0.215,0.605,-1.37,1.22,-0.89,,
3166,2026-07-30T22:51:37.988385+00:00,palm-up-down,5,0.109,session_20260730_223706,student03,0.95,0.77,0.204,0.624,-0.34,5.86,-0.92,,
3167,2026-07-30T22:51:38.099249+00:00,palm-up-down,5,0.218,session_20260730_223706,student03,0.95,0.925,0.212,0.394,-33.63,153.45,-5.4,,
3168,2026-07-30T22:51:38.194505+00:00,palm-up-down,5,0.312,session_20260730_223706,student03,0.95,-1.002,-0.042,0.474,-144.69,808.89,-21.42,,
3169,2026-07-30T22:51:38.297720+00:00,palm-up-down,5,0.422,session_20260730_223706,student03,0.95,-0.651,-0.073,0.777,-16.91,61.89,-9.74,,
3170,2026-07-30T22:51:38.398217+00:00,palm-up-down,5,0.515,session_20260730_223706,student03,0.95,-0.526,-0.002,0.944,-3.91,-7.93,-14.86,,
3171,2026-07-30T22:51:38.494076+00:00,palm-up-down,5,0.609,session_20260730_223706,student03,0.95,-0.567,0.028,1.253,19.17,-234.5,25.67,,
3172,2026-07-30T22:51:38.593568+00:00,palm-up-down,5,0.718,session_20260730_223706,student03,0.95,-0.238,0.037,0.98,59.18,-597.92,-44.5,,
3173,2026-07-30T22:51:38.699218+00:00,palm-up-down,5,0.812,session_20260730_223706,student03,0.95,0.938,0.146,-0.419,-5.55,-182.59,34.94,,
3174,2026-07-30T22:51:38.792806+00:00,palm-up-down,5,0.906,session_20260730_223706,student03,0.95,0.756,0.117,0.343,-24.38,154.7,-19.32,,
3175,2026-07-30T22:51:38.885486+00:00,palm-up-down,5,1.0,session_20260730_223706,student03,0.95,0.729,0.225,0.246,-104.28,410.17,-6.1,,
3176,2026-07-30T22:51:38.989401+00:00,palm-up-down,5,1.109,session_20260730_223706,student03,0.95,-0.73,-0.145,2.508,-116.34,483.14,31.1,,
3177,2026-07-30T22:51:39.084212+00:00,palm-up-down,5,1.203,session_20260730_223706,student03,0.95,-0.518,-0.066,1.276,43.4,26.92,51.42,,
3178,2026-07-30T22:51:39.185671+00:00,palm-up-down,5,1.312,session_20260730_223706,student03,0.95,-0.497,-0.026,0.877,13.76,-3.36,3.45,,
3179,2026-07-30T22:51:39.288155+00:00,palm-up-down,5,1.406,session_20260730_223706,student03,0.95,-0.48,0.009,0.849,5.01,3.27,14.16,,
3180,2026-07-30T22:51:39.383516+00:00,palm-up-down,5,1.5,session_20260730_223706,student03,0.95,-0.468,-0.018,0.862,4.03,5.1,0.85,,
3181,2026-07-30T22:51:39.488514+00:00,palm-up-down,5,1.609,session_20260730_223706,student03,0.95,-0.509,0.014,0.876,2.38,5.22,8.88,,
3182,2026-07-30T22:51:39.598243+00:00,palm-up-down,5,1.718,session_20260730_223706,student03,0.95,-0.486,0.004,0.848,2.66,-5.16,1.16,,
3183,2026-07-30T22:51:39.708458+00:00,palm-up-down,5,1.828,session_20260730_223706,student03,0.95,-0.478,0.021,0.851,-0.67,-2.23,-0.61,,
3184,2026-07-30T22:51:39.804387+00:00,palm-up-down,5,1.922,session_20260730_223706,student03,0.95,-0.47,0.008,0.853,0.58,0.03,2.72,,
3185,2026-07-30T22:51:41.120954+00:00,making-fist-open,6,0.0,session_20260730_223706,student03,0.95,0.665,0.288,0.541,-18.13,126.19,8.67,,
3186,2026-07-30T22:51:41.217053+00:00,making-fist-open,6,0.109,session_20260730_223706,student03,0.95,0.431,0.157,1.067,-20.72,74.56,-4.24,,
3187,2026-07-30T22:51:41.329098+00:00,making-fist-open,6,0.219,session_20260730_223706,student03,0.95,0.629,0.076,0.869,66.26,-198.46,0.0,,
3188,2026-07-30T22:51:41.439921+00:00,making-fist-open,6,0.328,session_20260730_223706,student03,0.95,0.826,0.087,0.298,25.54,78.95,-0.64,,
3189,2026-07-30T22:51:41.549169+00:00,making-fist-open,6,0.438,session_20260730_223706,student03,0.95,0.652,0.297,0.429,-47.55,173.99,23.38,,
3190,2026-07-30T22:51:41.659593+00:00,making-fist-open,6,0.547,session_20260730_223706,student03,0.95,0.321,0.228,1.093,8.33,41.29,0.79,,
3191,2026-07-30T22:51:41.769557+00:00,making-fist-open,6,0.656,session_20260730_223706,student03,0.95,0.225,0.314,0.364,124.18,-178.72,4.58,,
3192,2026-07-30T22:51:41.863547+00:00,making-fist-open,6,0.75,session_20260730_223706,student03,0.95,0.729,0.202,0.375,26.4,90.98,-5.92,,
3193,2026-07-30T22:51:41.968512+00:00,making-fist-open,6,0.859,session_20260730_223706,student03,0.95,0.603,0.31,0.541,-27.59,171.97,20.26,,
3194,2026-07-30T22:51:42.079395+00:00,making-fist-open,6,0.969,session_20260730_223706,student03,0.95,0.337,0.14,1.41,40.74,-22.37,29.66,,
3195,2026-07-30T22:51:42.192645+00:00,making-fist-open,6,1.078,session_20260730_223706,student03,0.95,0.94,0.319,0.425,92.93,-201.42,-49.68,,
3196,2026-07-30T22:51:42.294776+00:00,making-fist-open,6,1.188,session_20260730_223706,student03,0.95,0.674,0.369,0.551,-61.28,-15.78,-14.95,,
3197,2026-07-30T22:51:42.410279+00:00,making-fist-open,6,1.297,session_20260730_223706,student03,0.95,0.631,0.299,0.821,-110.93,184.79,24.11,,
3198,2026-07-30T22:51:42.520253+00:00,making-fist-open,6,1.406,session_20260730_223706,student03,0.95,0.294,0.136,1.312,-12.42,-34.52,-1.13,,
3199,2026-07-30T22:51:42.629800+00:00,making-fist-open,6,1.516,session_20260730_223706,student03,0.95,0.523,0.263,0.581,155.71,-138.71,-5.16,,
3200,2026-07-30T22:51:42.725002+00:00,making-fist-open,6,1.609,session_20260730_223706,student03,0.95,0.643,0.236,0.576,-40.77,20.97,-26.4,,
3201,2026-07-30T22:51:42.833164+00:00,making-fist-open,6,1.719,session_20260730_223706,student03,0.95,0.506,0.178,0.859,-70.25,187.38,28.57,,
3202,2026-07-30T22:51:42.935550+00:00,making-fist-open,6,1.828,session_20260730_223706,student03,0.95,0.422,0.151,1.299,10.9,-64.21,10.59,,
3203,2026-07-30T22:51:43.050351+00:00,making-fist-open,6,1.938,session_20260730_223706,student03,0.95,1.031,0.14,0.656,27.95,-198.52,-41.63,,
3204,2026-07-30T22:51:46.651031+00:00,palm-up-down,6,0.0,session_20260730_223706,student03,0.95,0.813,0.258,0.538,0.49,-2.2,0.92,,
3205,2026-07-30T22:51:46.743337+00:00,palm-up-down,6,0.094,session_20260730_223706,student03,0.95,0.804,0.246,0.511,-0.12,-0.95,-0.43,,
3206,2026-07-30T22:51:46.842613+00:00,palm-up-down,6,0.203,session_20260730_223706,student03,0.95,0.83,0.247,0.447,-2.08,1.46,-1.53,,
3207,2026-07-30T22:51:46.950023+00:00,palm-up-down,6,0.297,session_20260730_223706,student03,0.95,0.381,0.025,-0.318,-135.44,570.67,-9.22,,
3208,2026-07-30T22:51:47.047639+00:00,palm-up-down,6,0.407,session_20260730_223706,student03,0.95,-1.363,0.282,1.844,23.35,143.93,37.87,,
3209,2026-07-30T22:51:47.161395+00:00,palm-up-down,6,0.516,session_20260730_223706,student03,0.95,-0.501,0.013,0.946,32.32,-42.18,32.29,,
3210,2026-07-30T22:51:47.269539+00:00,palm-up-down,6,0.625,session_20260730_223706,student03,0.95,-0.642,0.18,1.238,-8.73,-191.2,9.92,,
3211,2026-07-30T22:51:47.379480+00:00,palm-up-down,6,0.735,session_20260730_223706,student03,0.95,-0.085,-0.046,1.072,-13.46,-589.56,-28.57,,
3212,2026-07-30T22:51:47.489851+00:00,palm-up-down,6,0.844,session_20260730_223706,student03,0.95,0.891,0.212,-0.548,0.52,-160.59,7.32,,
3213,2026-07-30T22:51:47.584240+00:00,palm-up-down,6,0.938,session_20260730_223706,student03,0.95,0.818,0.18,0.374,-37.78,123.94,-15.47,,
3214,2026-07-30T22:51:47.684721+00:00,palm-up-down,6,1.032,session_20260730_223706,student03,0.95,0.207,-0.019,-0.165,-116.61,642.75,-4.33,,
3215,2026-07-30T22:51:47.785222+00:00,palm-up-down,6,1.141,session_20260730_223706,student03,0.95,-1.154,-0.071,2.325,-32.2,165.23,16.33,,
3216,2026-07-30T22:51:47.894146+00:00,palm-up-down,6,1.25,session_20260730_223706,student03,0.95,-0.412,-0.133,0.896,14.86,-41.02,13.86,,
3217,2026-07-30T22:51:48.004177+00:00,palm-up-down,6,1.36,session_20260730_223706,student03,0.95,-0.574,0.032,0.814,1.77,-19.41,-7.05,,
3218,2026-07-30T22:51:48.109571+00:00,palm-up-down,6,1.469,session_20260730_223706,student03,0.95,-0.482,-0.028,0.804,0.49,-10.96,5.58,,
3219,2026-07-30T22:51:48.220642+00:00,palm-up-down,6,1.578,session_20260730_223706,student03,0.95,-0.533,0.052,0.852,2.69,-4.36,1.46,,
3220,2026-07-30T22:51:48.331312+00:00,palm-up-down,6,1.688,session_20260730_223706,student03,0.95,-0.482,0.02,0.872,-0.15,-20.39,8.73,,
3221,2026-07-30T22:51:48.440423+00:00,palm-up-down,6,1.797,session_20260730_223706,student03,0.95,-0.444,0.011,0.866,1.59,-15.08,8.85,,
3222,2026-07-30T22:51:48.549084+00:00,palm-up-down,6,1.907,session_20260730_223706,student03,0.95,-0.449,0.037,0.881,1.16,-8.55,-5.55,,
3223,2026-07-30T22:51:50.218879+00:00,making-fist-open,7,0.0,session_20260730_223706,student03,0.95,1.095,0.193,-0.019,31.74,-4.0,-7.72,,
3224,2026-07-30T22:51:50.329769+00:00,making-fist-open,7,0.11,session_20260730_223706,student03,0.95,0.586,0.368,0.295,-63.97,122.14,-3.36,,
3225,2026-07-30T22:51:50.439980+00:00,making-fist-open,7,0.219,session_20260730_223706,student03,0.95,0.31,0.063,1.13,-14.56,64.06,-4.55,,
3226,2026-07-30T22:51:50.549781+00:00,making-fist-open,7,0.329,session_20260730_223706,student03,0.95,0.069,0.308,0.599,100.68,-121.37,22.8,,
3227,2026-07-30T22:51:50.659354+00:00,making-fist-open,7,0.438,session_20260730_223706,student03,0.95,0.419,0.22,0.771,-0.58,32.72,-22.1,,
3228,2026-07-30T22:51:50.770149+00:00,making-fist-open,7,0.547,session_20260730_223706,student03,0.95,0.459,0.334,0.682,-13.03,162.45,15.26,,
3229,2026-07-30T22:51:50.865320+00:00,making-fist-open,7,0.641,session_20260730_223706,student03,0.95,0.265,0.21,1.056,3.94,36.23,7.84,,
3230,2026-07-30T22:51:50.980769+00:00,making-fist-open,7,0.75,session_20260730_223706,student03,0.95,0.491,0.191,0.718,43.49,-144.29,14.13,,
3231,2026-07-30T22:51:51.073724+00:00,making-fist-open,7,0.844,session_20260730_223706,student03,0.95,0.722,0.033,0.583,29.36,9.86,30.06,,
3232,2026-07-30T22:51:51.173209+00:00,making-fist-open,7,0.954,session_20260730_223706,student03,0.95,0.74,0.266,0.633,-93.69,-40.59,-36.23,,
3233,2026-07-30T22:51:51.284193+00:00,making-fist-open,7,1.063,session_20260730_223706,student03,0.95,0.306,0.099,0.997,-85.45,164.46,6.93,,
3234,2026-07-30T22:51:51.384288+00:00,making-fist-open,7,1.157,session_20260730_223706,student03,0.95,0.154,0.222,1.197,-42.3,11.9,-4.18,,
3235,2026-07-30T22:51:51.478926+00:00,making-fist-open,7,1.25,session_20260730_223706,student03,0.95,0.204,0.194,0.94,116.86,-179.02,67.75,,
3236,2026-07-30T22:51:51.577902+00:00,making-fist-open,7,1.36,session_20260730_223706,student03,0.95,0.402,0.244,0.688,-19.84,40.47,-17.06,,
3237,2026-07-30T22:51:51.694511+00:00,making-fist-open,7,1.469,session_20260730_223706,student03,0.95,0.532,0.312,0.697,-33.88,141.42,6.71,,
3238,2026-07-30T22:51:51.793712+00:00,making-fist-open,7,1.563,session_20260730_223706,student03,0.95,0.187,0.125,1.568,17.43,-28.08,24.38,,
3239,2026-07-30T22:51:51.887993+00:00,making-fist-open,7,1.657,session_20260730_223706,student03,0.95,0.601,0.178,0.7,127.84,-136.97,82.89,,
3240,2026-07-30T22:51:51.985593+00:00,making-fist-open,7,1.766,session_20260730_223706,student03,0.95,0.571,0.302,0.636,-0.15,10.9,7.2,,
3241,2026-07-30T22:51:52.083516+00:00,making-fist-open,7,1.86,session_20260730_223706,student03,0.95,0.756,0.273,0.563,-64.24,50.63,-28.72,,
3242,2026-07-30T22:51:52.190047+00:00,making-fist-open,7,1.969,session_20260730_223706,student03,0.95,0.543,0.196,1.056,-20.78,51.97,7.57,,
3243,2026-07-30T22:51:53.938386+00:00,palm-up-down,7,0.0,session_20260730_223706,student03,0.95,0.744,0.226,0.61,-0.4,-5.19,-0.18,,
3244,2026-07-30T22:51:54.042462+00:00,palm-up-down,7,0.094,session_20260730_223706,student03,0.95,0.743,0.213,0.629,-0.98,-0.58,0.98,,
3245,2026-07-30T22:51:54.133947+00:00,palm-up-down,7,0.188,session_20260730_223706,student03,0.95,0.958,0.199,0.468,-10.25,71.93,-24.02,,
3246,2026-07-30T22:51:54.224797+00:00,palm-up-down,7,0.281,session_20260730_223706,student03,0.95,-0.991,-0.029,0.216,-188.24,819.7,-40.68,,
3247,2026-07-30T22:51:54.327801+00:00,palm-up-down,7,0.391,session_20260730_223706,student03,0.95,-0.741,-0.046,0.65,11.75,-11.2,46.05,,
3248,2026-07-30T22:51:54.440522+00:00,palm-up-down,7,0.5,session_20260730_223706,student03,0.95,-0.484,0.007,0.82,-8.94,-21.27,-15.9,,
3249,2026-07-30T22:51:54.549051+00:00,palm-up-down,7,0.61,session_20260730_223706,student03,0.95,-0.605,0.112,1.266,11.11,-241.37,33.91,,
3250,2026-07-30T22:51:54.663677+00:00,palm-up-down,7,0.719,session_20260730_223706,student03,0.95,0.208,-0.074,0.632,73.85,-592.58,-42.51,,
3251,2026-07-30T22:51:54.765162+00:00,palm-up-down,7,0.828,session_20260730_223706,student03,0.95,0.756,0.144,0.049,-13.52,5.07,-4.24,,
3252,2026-07-30T22:51:54.880139+00:00,palm-up-down,7,0.938,session_20260730_223706,student03,0.95,0.898,0.228,0.461,-42.7,234.57,-20.05,,
3253,2026-07-30T22:51:54.990039+00:00,palm-up-down,7,1.047,session_20260730_223706,student03,0.95,-1.024,0.003,0.89,-164.46,772.39,35.65,,
3254,2026-07-30T22:51:55.084232+00:00,palm-up-down,7,1.141,session_20260730_223706,student03,0.95,-0.705,-0.247,0.724,-32.59,-35.25,-15.99,,
3255,2026-07-30T22:51:55.179834+00:00,palm-up-down,7,1.235,session_20260730_223706,student03,0.95,-0.504,-0.068,0.791,-11.78,-29.73,-11.81,,
3256,2026-07-30T22:51:55.275303+00:00,palm-up-down,7,1.328,session_20260730_223706,student03,0.95,-0.58,0.046,0.803,0.34,-21.36,-10.13,,
3257,2026-07-30T22:51:55.383651+00:00,palm-up-down,7,1.438,session_20260730_223706,student03,0.95,-0.493,-0.023,0.81,-0.46,-9.64,-5.07,,
3258,2026-07-30T22:51:55.479081+00:00,palm-up-down,7,1.531,session_20260730_223706,student03,0.95,-0.516,0.043,0.837,-0.52,3.39,0.85,,
3259,2026-07-30T22:51:55.573888+00:00,palm-up-down,7,1.625,session_20260730_223706,student03,0.95,-0.511,-0.01,0.85,1.53,0.4,2.23,,
3260,2026-07-30T22:51:55.680765+00:00,palm-up-down,7,1.735,session_20260730_223706,student03,0.95,-0.506,0.001,0.832,6.93,-12.94,7.78,,
3261,2026-07-30T22:51:55.788960+00:00,palm-up-down,7,1.844,session_20260730_223706,student03,0.95,-0.494,0.006,0.85,1.22,3.69,1.68,,
3262,2026-07-30T22:51:55.883027+00:00,palm-up-down,7,1.938,session_20260730_223706,student03,0.95,-0.504,0.005,0.863,0.85,2.35,-0.76,,
3263,2026-07-30T22:51:57.277372+00:00,making-fist-open,8,0.0,session_20260730_223706,student03,0.95,0.205,0.193,1.427,26.89,-179.45,14.56,,
3264,2026-07-30T22:51:57.370913+00:00,making-fist-open,8,0.094,session_20260730_223706,student03,0.95,0.44,0.229,0.958,117.77,-184.45,59.3,,
3265,2026-07-30T22:51:57.464414+00:00,making-fist-open,8,0.188,session_20260730_223706,student03,0.95,0.534,0.215,0.662,-21.85,-17.27,-18.25,,
3266,2026-07-30T22:51:57.558501+00:00,making-fist-open,8,0.282,session_20260730_223706,student03,0.95,0.592,0.393,0.509,-35.92,148.99,7.63,,
3267,2026-07-30T22:51:57.654916+00:00,making-fist-open,8,0.391,session_20260730_223706,student03,0.95,0.42,0.177,1.021,-24.17,92.47,6.62,,
3268,2026-07-30T22:51:57.760862+00:00,making-fist-open,8,0.485,session_20260730_223706,student03,0.95,0.715,0.26,0.581,67.63,-176.12,-35.83,,
3269,2026-07-30T22:51:57.856910+00:00,making-fist-open,8,0.578,session_20260730_223706,student03,0.95,0.53,0.162,0.714,1.62,97.45,-12.33,,
3270,2026-07-30T22:51:57.953969+00:00,making-fist-open,8,0.688,session_20260730_223706,student03,0.95,0.515,0.402,0.433,-34.0,108.37,6.35,,
3271,2026-07-30T22:51:58.064231+00:00,making-fist-open,8,0.797,session_20260730_223706,student03,0.95,0.267,0.191,1.244,-15.35,39.67,2.9,,
3272,2026-07-30T22:51:58.169621+00:00,making-fist-open,8,0.891,session_20260730_223706,student03,0.95,0.287,0.175,0.723,88.5,-142.34,7.9,,
3273,2026-07-30T22:51:58.263464+00:00,making-fist-open,8,1.0,session_20260730_223706,student03,0.95,0.46,0.342,0.761,-8.67,13.15,-24.6,,
3274,2026-07-30T22:51:58.379506+00:00,making-fist-open,8,1.11,session_20260730_223706,student03,0.95,0.388,0.242,0.799,-57.16,241.86,25.39,,
3275,2026-07-30T22:51:58.489755+00:00,making-fist-open,8,1.219,session_20260730_223706,student03,0.95,0.219,0.29,1.275,23.13,-169.44,-24.63,,
3276,2026-07-30T22:51:58.601713+00:00,making-fist-open,8,1.328,session_20260730_223706,student03,0.95,0.962,0.304,0.112,38.0,-17.76,1.19,,
3277,2026-07-30T22:51:58.703934+00:00,making-fist-open,8,1.438,session_20260730_223706,student03,0.95,0.609,0.306,0.651,-84.05,51.94,-14.65,,
3278,2026-07-30T22:51:58.814531+00:00,making-fist-open,8,1.547,session_20260730_223706,student03,0.95,0.309,0.107,1.138,-86.95,127.57,10.65,,
3279,2026-07-30T22:51:58.930428+00:00,making-fist-open,8,1.657,session_20260730_223706,student03,0.95,0.289,0.299,0.949,45.96,-161.02,4.15,,
3280,2026-07-30T22:51:59.024741+00:00,making-fist-open,8,1.75,session_20260730_223706,student03,0.95,0.789,0.303,0.663,70.5,-175.24,-9.28,,
3281,2026-07-30T22:51:59.131064+00:00,making-fist-open,8,1.86,session_20260730_223706,student03,0.95,0.732,0.276,0.511,-81.12,-38.21,-14.37,,
3282,2026-07-30T22:51:59.225176+00:00,making-fist-open,8,1.953,session_20260730_223706,student03,0.95,0.415,0.269,0.924,-95.68,156.25,2.44,,
3283,2026-07-30T22:52:02.873316+00:00,palm-up-down,8,0.0,session_20260730_223706,student03,0.95,0.828,0.24,0.495,0.82,1.01,0.73,,
3284,2026-07-30T22:52:02.984792+00:00,palm-up-down,8,0.109,session_20260730_223706,student03,0.95,0.83,0.238,0.494,-0.27,4.67,-0.55,,
3285,2026-07-30T22:52:03.090860+00:00,palm-up-down,8,0.203,session_20260730_223706,student03,0.95,0.287,0.183,-0.312,-101.96,601.15,-17.52,,
3286,2026-07-30T22:52:03.189149+00:00,palm-up-down,8,0.312,session_20260730_223706,student03,0.95,-1.212,0.048,1.967,-2.35,188.02,10.9,,
3287,2026-07-30T22:52:03.300302+00:00,palm-up-down,8,0.422,session_20260730_223706,student03,0.95,-0.534,-0.023,1.027,36.53,-20.6,34.27,,
3288,2026-07-30T22:52:03.410419+00:00,palm-up-down,8,0.531,session_20260730_223706,student03,0.95,-0.646,0.187,1.219,-2.44,-133.55,13.61,,
3289,2026-07-30T22:52:03.521255+00:00,palm-up-down,8,0.64,session_20260730_223706,student03,0.95,-0.265,0.001,1.153,15.08,-550.95,-11.6,,
3290,2026-07-30T22:52:03.615741+00:00,palm-up-down,8,0.734,session_20260730_223706,student03,0.95,0.831,0.198,-0.304,52.16,-295.63,-13.86,,
3291,2026-07-30T22:52:03.718274+00:00,palm-up-down,8,0.843,session_20260730_223706,student03,0.95,0.794,0.166,0.189,-20.08,63.11,-10.13,,
3292,2026-07-30T22:52:03.830600+00:00,palm-up-down,8,0.953,session_20260730_223706,student03,0.95,0.948,0.235,0.501,-16.39,68.24,-20.14,,
3293,2026-07-30T22:52:03.944179+00:00,palm-up-down,8,1.062,session_20260730_223706,student03,0.95,-0.049,0.07,-0.043,-103.31,642.2,-11.75,,
3294,2026-07-30T22:52:04.045276+00:00,palm-up-down,8,1.172,session_20260730_223706,student03,0.95,-0.963,0.001,2.058,-16.91,164.83,11.11,,
3295,2026-07-30T22:52:04.150722+00:00,palm-up-down,8,1.265,session_20260730_223706,student03,0.95,-0.484,0.006,0.923,40.1,-17.4,36.44,,
3296,2026-07-30T22:52:04.245179+00:00,palm-up-down,8,1.359,session_20260730_223706,student03,0.95,-0.557,0.012,0.866,11.6,-1.1,7.84,,
3297,2026-07-30T22:52:04.334160+00:00,palm-up-down,8,1.453,session_20260730_223706,student03,0.95,-0.527,0.022,0.85,2.96,-1.43,10.28,,
3298,2026-07-30T22:52:04.439288+00:00,palm-up-down,8,1.562,session_20260730_223706,student03,0.95,-0.516,0.044,0.819,1.04,-5.92,0.64,,
3299,2026-07-30T22:52:04.549371+00:00,palm-up-down,8,1.672,session_20260730_223706,student03,0.95,-0.507,0.045,0.864,-0.21,-10.35,9.13,,
3300,2026-07-30T22:52:04.659389+00:00,palm-up-down,8,1.781,session_20260730_223706,student03,0.95,-0.495,0.059,0.867,-1.16,-28.17,6.29,,
3301,2026-07-30T22:52:04.769678+00:00,palm-up-down,8,1.89,session_20260730_223706,student03,0.95,-0.432,0.045,0.858,2.84,1.43,4.97,,
3302,2026-07-30T22:52:06.211248+00:00,making-fist-open,9,0.0,session_20260730_223706,student03,0.95,0.487,0.295,1.053,54.9,-194.71,-2.72,,
3303,2026-07-30T22:52:06.304404+00:00,making-fist-open,9,0.094,session_20260730_223706,student03,0.95,0.658,0.292,0.388,69.92,81.42,21.91,,
3304,2026-07-30T22:52:06.404461+00:00,making-fist-open,9,0.203,session_20260730_223706,student03,0.95,0.571,0.301,0.687,-83.47,70.1,-25.06,,
3305,2026-07-30T22:52:06.514016+00:00,making-fist-open,9,0.312,session_20260730_223706,student03,0.95,0.202,0.218,1.303,-62.5,70.47,25.88,,
3306,2026-07-30T22:52:06.624052+00:00,making-fist-open,9,0.422,session_20260730_223706,student03,0.95,0.383,0.181,0.978,82.37,-160.44,26.58,,
3307,2026-07-30T22:52:06.725075+00:00,making-fist-open,9,0.515,session_20260730_223706,student03,0.95,0.45,0.288,0.786,-51.33,-8.73,-1.04,,
3308,2026-07-30T22:52:06.824217+00:00,making-fist-open,9,0.609,session_20260730_223706,student03,0.95,0.551,0.354,0.655,-23.04,102.21,7.08,,
3309,2026-07-30T22:52:06.914634+00:00,making-fist-open,9,0.703,session_20260730_223706,student03,0.95,0.424,0.27,1.128,9.0,-45.66,11.02,,
3310,2026-07-30T22:52:07.014290+00:00,making-fist-open,9,0.812,session_20260730_223706,student03,0.95,0.45,0.329,0.977,112.4,-90.7,24.17,,
3311,2026-07-30T22:52:07.123651+00:00,making-fist-open,9,0.922,session_20260730_223706,student03,0.95,0.558,0.259,0.741,-56.34,-24.54,-14.86,,
3312,2026-07-30T22:52:07.233875+00:00,making-fist-open,9,1.031,session_20260730_223706,student03,0.95,0.442,0.304,0.735,-71.63,169.96,-7.45,,
3313,2026-07-30T22:52:07.334637+00:00,making-fist-open,9,1.125,session_20260730_223706,student03,0.95,0.251,0.411,1.005,51.76,-176.79,-14.25,,
3314,2026-07-30T22:52:07.450908+00:00,making-fist-open,9,1.234,session_20260730_223706,student03,0.95,0.602,0.216,0.506,62.81,62.65,7.14,,
3315,2026-07-30T22:52:07.548586+00:00,making-fist-open,9,1.344,session_20260730_223706,student03,0.95,0.58,0.391,0.669,-88.75,35.58,-23.77,,
3316,2026-07-30T22:52:07.661046+00:00,making-fist-open,9,1.453,session_20260730_223706,student03,0.95,0.337,0.156,1.042,-60.85,65.95,3.54,,
3317,2026-07-30T22:52:07.774074+00:00,making-fist-open,9,1.562,session_20260730_223706,student03,0.95,0.36,0.243,1.262,16.33,-151.46,-6.62,,
3318,2026-07-30T22:52:07.881243+00:00,making-fist-open,9,1.672,session_20260730_223706,student03,0.95,0.641,0.164,0.406,41.75,59.69,30.09,,
3319,2026-07-30T22:52:07.979957+00:00,making-fist-open,9,1.765,session_20260730_223706,student03,0.95,0.67,0.391,0.591,-66.29,43.09,-21.58,,
3320,2026-07-30T22:52:08.074230+00:00,making-fist-open,9,1.859,session_20260730_223706,student03,0.95,0.349,0.238,1.073,-84.38,137.61,16.82,,
3321,2026-07-30T22:52:08.173814+00:00,making-fist-open,9,1.969,session_20260730_223706,student03,0.95,0.572,0.332,0.791,54.32,-190.16,-20.72,,
3322,2026-07-30T22:52:10.167880+00:00,palm-up-down,9,0.0,session_20260730_223706,student03,0.95,0.787,0.27,0.558,5.49,-12.05,0.46,,
3323,2026-07-30T22:52:10.279753+00:00,palm-up-down,9,0.125,session_20260730_223706,student03,0.95,0.795,0.272,0.526,2.75,-7.87,0.31,,
3324,2026-07-30T22:52:10.389739+00:00,palm-up-down,9,0.234,session_20260730_223706,student03,0.95,0.791,0.278,0.486,-2.26,6.71,-2.14,,
3325,2026-07-30T22:52:10.499420+00:00,palm-up-down,9,0.344,session_20260730_223706,student03,0.95,1.043,0.218,0.329,-17.7,185.58,-13.28,,
3326,2026-07-30T22:52:10.614233+00:00,palm-up-down,9,0.453,session_20260730_223706,student03,0.95,-1.019,0.049,0.693,-160.37,743.16,-12.02,,
3327,2026-07-30T22:52:10.721967+00:00,palm-up-down,9,0.562,session_20260730_223706,student03,0.95,-0.701,0.075,0.833,15.72,90.91,46.85,,
3328,2026-07-30T22:52:10.832186+00:00,palm-up-down,9,0.672,session_20260730_223706,student03,0.95,-0.676,0.064,0.85,-22.22,-13.03,-50.87,,
3329,2026-07-30T22:52:10.930270+00:00,palm-up-down,9,0.766,session_20260730_223706,student03,0.95,-0.71,0.215,1.155,5.8,-216.65,21.45,,
3330,2026-07-30T22:52:11.025153+00:00,palm-up-down,9,0.859,session_20260730_223706,student03,0.95,-0.448,0.048,1.012,-52.16,-759.24,7.23,,
3331,2026-07-30T22:52:11.124174+00:00,palm-up-down,9,0.969,session_20260730_223706,student03,0.95,0.835,0.211,-0.571,42.6,-190.16,0.15,,
3332,2026-07-30T22:52:11.230392+00:00,palm-up-down,9,1.062,session_20260730_223706,student03,0.95,0.801,0.157,0.322,-52.77,112.95,-18.13,,
3333,2026-07-30T22:52:11.324402+00:00,palm-up-down,9,1.156,session_20260730_223706,student03,0.95,0.866,0.304,0.568,-31.34,134.1,-25.82,,
3334,2026-07-30T22:52:11.415106+00:00,palm-up-down,9,1.25,session_20260730_223706,student03,0.95,-0.373,0.038,-0.413,-62.35,785.12,-10.07,,
3335,2026-07-30T22:52:11.521190+00:00,palm-up-down,9,1.359,session_20260730_223706,student03,0.95,-1.006,0.05,0.847,-45.29,-67.81,1.53,,
3336,2026-07-30T22:52:11.614218+00:00,palm-up-down,9,1.453,session_20260730_223706,student03,0.95,-0.61,0.033,0.932,37.45,-41.69,24.87,,
3337,2026-07-30T22:52:11.720229+00:00,palm-up-down,9,1.562,session_20260730_223706,student03,0.95,-0.642,0.136,0.756,8.48,-24.93,-6.47,,
3338,2026-07-30T22:52:11.831198+00:00,palm-up-down,9,1.672,session_20260730_223706,student03,0.95,-0.539,0.037,0.787,6.93,-14.71,10.32,,
3339,2026-07-30T22:52:11.941270+00:00,palm-up-down,9,1.781,session_20260730_223706,student03,0.95,-0.555,0.116,0.888,-6.81,-40.99,4.73,,
3340,2026-07-30T22:52:12.050621+00:00,palm-up-down,9,1.891,session_20260730_223706,student03,0.95,-0.455,0.046,0.906,1.8,-35.25,16.57,,
3341,2026-07-30T22:52:13.506645+00:00,making-fist-open,10,0.0,session_20260730_223706,student03,0.95,0.272,0.417,0.765,89.85,-157.35,47.36,,
3342,2026-07-30T22:52:13.614764+00:00,making-fist-open,10,0.109,session_20260730_223706,student03,0.95,0.518,0.394,0.488,30.55,0.58,42.91,,
3343,2026-07-30T22:52:13.713896+00:00,making-fist-open,10,0.203,session_20260730_223706,student03,0.95,0.643,0.441,0.458,-74.68,-42.39,-21.03,,
3344,2026-07-30T22:52:13.806129+00:00,making-fist-open,10,0.297,session_20260730_223706,student03,0.95,0.389,0.496,0.809,-52.1,135.65,-18.19,,
3345,2026-07-30T22:52:13.908396+00:00,making-fist-open,10,0.406,session_20260730_223706,student03,0.95,0.44,0.525,0.816,54.05,-151.1,17.18,,
3346,2026-07-30T22:52:14.021826+00:00,making-fist-open,10,0.515,session_20260730_223706,student03,0.95,0.578,0.391,0.473,50.54,19.01,7.81,,
3347,2026-07-30T22:52:14.118609+00:00,making-fist-open,10,0.609,session_20260730_223706,student03,0.95,0.659,0.466,0.506,-58.93,32.81,-25.88,,
3348,2026-07-30T22:52:14.214465+00:00,making-fist-open,10,0.703,session_20260730_223706,student03,0.95,0.506,0.52,0.789,3.57,64.39,-25.54,,
3349,2026-07-30T22:52:14.315493+00:00,making-fist-open,10,0.812,session_20260730_223706,student03,0.95,0.492,0.542,1.151,32.59,-65.77,-7.72,,
3350,2026-07-30T22:52:14.421991+00:00,making-fist-open,10,0.922,session_20260730_223706,student03,0.95,0.917,0.491,0.101,23.5,-29.82,6.81,,
3351,2026-07-30T22:52:14.531848+00:00,making-fist-open,10,1.031,session_20260730_223706,student03,0.95,0.754,0.442,0.489,-85.09,8.91,-14.07,,
3352,2026-07-30T22:52:14.640430+00:00,making-fist-open,10,1.14,session_20260730_223706,student03,0.95,0.475,0.438,0.801,-85.76,93.42,-0.27,,
3353,2026-07-30T22:52:14.751089+00:00,making-fist-open,10,1.25,session_20260730_223706,student03,0.95,0.548,0.432,0.91,48.86,-171.73,-17.27,,
3354,2026-07-30T22:52:14.860771+00:00,making-fist-open,10,1.359,session_20260730_223706,student03,0.95,0.63,0.292,0.496,2.32,64.67,0.31,,
3355,2026-07-30T22:52:14.970558+00:00,making-fist-open,10,1.468,session_20260730_223706,student03,0.95,0.484,0.428,0.539,-32.14,116.31,-15.44,,
3356,2026-07-30T22:52:15.068614+00:00,making-fist-open,10,1.562,session_20260730_223706,student03,0.95,0.392,0.34,1.11,-8.42,23.32,5.98,,
3357,2026-07-30T22:52:15.181747+00:00,making-fist-open,10,1.672,session_20260730_223706,student03,0.95,0.506,0.207,0.867,116.03,-87.89,29.66,,
3358,2026-07-30T22:52:15.279663+00:00,making-fist-open,10,1.781,session_20260730_223706,student03,0.95,0.549,0.416,0.632,-18.37,13.7,-13.86,,
3359,2026-07-30T22:52:15.394374+00:00,making-fist-open,10,1.89,session_20260730_223706,student03,0.95,0.561,0.448,0.556,-31.56,106.78,-12.94,,
3360,2026-07-30T22:52:17.308607+00:00,palm-up-down,10,0.0,session_20260730_223706,student03,0.95,0.762,0.245,0.581,0.67,-1.46,-5.13,,
3361,2026-07-30T22:52:17.405384+00:00,palm-up-down,10,0.109,session_20260730_223706,student03,0.95,0.757,0.24,0.576,4.64,1.16,-0.67,,
3362,2026-07-30T22:52:17.514417+00:00,palm-up-down,10,0.218,session_20260730_223706,student03,0.95,0.777,0.246,0.595,0.92,-1.16,-0.52,,
3363,2026-07-30T22:52:17.622237+00:00,palm-up-down,10,0.312,session_20260730_223706,student03,0.95,0.772,0.246,0.596,-0.79,-0.67,0.43,,
3364,2026-07-30T22:52:17.716036+00:00,palm-up-down,10,0.406,session_20260730_223706,student03,0.95,0.781,0.24,0.576,0.06,-8.79,-0.03,,
3365,2026-07-30T22:52:17.816083+00:00,palm-up-down,10,0.515,session_20260730_223706,student03,0.95,0.762,0.24,0.547,-3.63,7.17,-1.34,,
3366,2026-07-30T22:52:17.924884+00:00,palm-up-down,10,0.625,session_20260730_223706,student03,0.95,0.942,0.223,0.334,-25.51,171.3,12.51,,
3367,2026-07-30T22:52:18.031469+00:00,palm-up-down,10,0.734,session_20260730_223706,student03,0.95,-0.986,-0.136,0.653,-167.03,786.61,-67.57,,
3368,2026-07-30T22:52:18.140465+00:00,palm-up-down,10,0.843,session_20260730_223706,student03,0.95,-0.788,0.052,1.017,13.67,108.19,37.35,,
3369,2026-07-30T22:52:18.250970+00:00,palm-up-down,10,0.953,session_20260730_223706,student03,0.95,-0.651,-0.046,0.945,1.4,-18.28,-11.02,,
3370,2026-07-30T22:52:18.361077+00:00,palm-up-down,10,1.062,session_20260730_223706,student03,0.95,-0.578,0.012,1.133,48.01,-336.59,26.89,,
3371,2026-07-30T22:52:18.470473+00:00,palm-up-down,10,1.171,session_20260730_223706,student03,0.95,0.138,-0.047,0.845,72.97,-457.72,-109.53,,
3372,2026-07-30T22:52:18.585146+00:00,palm-up-down,10,1.281,session_20260730_223706,student03,0.95,0.78,0.138,0.184,10.44,-85.02,42.51,,
3373,2026-07-30T22:52:18.690897+00:00,palm-up-down,10,1.39,session_20260730_223706,student03,0.95,0.931,0.164,0.441,-24.57,67.84,-1.8,,
3374,2026-07-30T22:52:18.801029+00:00,palm-up-down,10,1.5,session_20260730_223706,student03,0.95,0.695,0.153,0.136,-67.35,429.0,32.62,,
3375,2026-07-30T22:52:18.899677+00:00,palm-up-down,10,1.593,session_20260730_223706,student03,0.95,-0.999,-0.123,1.683,-117.07,635.24,-37.66,,
3376,2026-07-30T22:52:18.994965+00:00,palm-up-down,10,1.687,session_20260730_223706,student03,0.95,-0.712,0.092,0.667,61.1,66.77,49.04,,
3377,2026-07-30T22:52:19.088843+00:00,palm-up-down,10,1.781,session_20260730_223706,student03,0.95,-0.597,-0.092,0.822,0.27,10.68,2.44,,
3378,2026-07-30T22:52:19.186120+00:00,palm-up-down,10,1.89,session_20260730_223706,student03,0.95,-0.594,-0.029,0.782,-6.41,-1.71,-1.77,,
3379,2026-07-30T22:52:20.554053+00:00,making-fist-open,11,0.0,session_20260730_223706,student03,0.95,0.451,0.288,0.622,-33.42,-7.45,-40.07,,
3380,2026-07-30T22:52:20.658758+00:00,making-fist-open,11,0.109,session_20260730_223706,student03,0.95,0.384,0.263,0.719,-42.18,133.88,-15.78,,
3381,2026-07-30T22:52:20.755856+00:00,making-fist-open,11,0.203,session_20260730_223706,student03,0.95,0.121,0.276,1.133,-36.81,30.06,-17.64,,
3382,2026-07-30T22:52:20.858811+00:00,making-fist-open,11,0.312,session_20260730_223706,student03,0.95,0.107,0.252,1.105,90.12,-90.76,58.5,,
3383,2026-07-30T22:52:20.971173+00:00,making-fist-open,11,0.421,session_20260730_223706,student03,0.95,0.291,0.316,0.873,29.08,32.2,-4.67,,
3384,2026-07-30T22:52:21.081462+00:00,making-fist-open,11,0.531,session_20260730_223706,student03,0.95,0.33,0.334,0.731,-19.07,68.0,-22.86,,
3385,2026-07-30T22:52:21.190341+00:00,making-fist-open,11,0.64,session_20260730_223706,student03,0.95,0.188,0.197,1.028,-60.03,22.0,-22.64,,
3386,2026-07-30T22:52:21.300648+00:00,making-fist-open,11,0.75,session_20260730_223706,student03,0.95,0.231,0.208,1.119,36.19,-201.51,-0.34,,
3387,2026-07-30T22:52:21.411213+00:00,making-fist-open,11,0.859,session_20260730_223706,student03,0.95,0.673,0.225,0.65,48.01,19.56,18.16,,
3388,2026-07-30T22:52:21.520716+00:00,making-fist-open,11,0.968,session_20260730_223706,student03,0.95,0.624,0.246,0.71,-35.74,6.29,-19.87,,
3389,2026-07-30T22:52:21.630823+00:00,making-fist-open,11,1.078,session_20260730_223706,student03,0.95,0.448,0.254,0.844,-21.52,76.63,2.93,,
3390,2026-07-30T22:52:21.725317+00:00,making-fist-open,11,1.171,session_20260730_223706,student03,0.95,0.332,0.255,1.05,8.67,-8.73,7.2,,
3391,2026-07-30T22:52:21.830220+00:00,making-fist-open,11,1.281,session_20260730_223706,student03,0.95,0.331,0.293,1.031,53.41,-66.01,26.98,,
3392,2026-07-30T22:52:21.940751+00:00,making-fist-open,11,1.39,session_20260730_223706,student03,0.95,0.429,0.3,0.858,1.59,-27.8,1.59,,
3393,2026-07-30T22:52:22.038805+00:00,making-fist-open,11,1.484,session_20260730_223706,student03,0.95,0.502,0.322,0.73,-17.43,-1.31,-7.93,,
3394,2026-07-30T22:52:22.135641+00:00,making-fist-open,11,1.578,session_20260730_223706,student03,0.95,0.412,0.202,0.849,-30.82,68.94,-16.08,,
3395,2026-07-30T22:52:22.225530+00:00,making-fist-open,11,1.671,session_20260730_223706,student03,0.95,0.275,0.278,1.03,-8.88,11.05,-2.17,,
3396,2026-07-30T22:52:22.324605+00:00,making-fist-open,11,1.765,session_20260730_223706,student03,0.95,0.344,0.21,0.671,45.35,-103.52,53.25,,
3397,2026-07-30T22:52:22.419164+00:00,making-fist-open,11,1.859,session_20260730_223706,student03,0.95,0.441,0.186,0.832,-8.39,4.0,-29.02,,
3398,2026-07-30T22:52:22.519157+00:00,making-fist-open,11,1.968,session_20260730_223706,student03,0.95,0.558,0.323,0.517,-26.15,130.68,-2.26,,
3399,2026-07-30T22:52:24.143065+00:00,palm-up-down,11,0.0,session_20260730_223706,student03,0.95,0.865,0.243,0.416,2.87,-0.64,-0.82,,
3400,2026-07-30T22:52:24.255480+00:00,palm-up-down,11,0.11,session_20260730_223706,student03,0.95,0.863,0.255,0.428,1.31,5.4,-2.04,,
3401,2026-07-30T22:52:24.365504+00:00,palm-up-down,11,0.219,session_20260730_223706,student03,0.95,0.87,0.235,0.462,3.57,3.08,-3.69,,
3402,2026-07-30T22:52:24.471527+00:00,palm-up-down,11,0.328,session_20260730_223706,student03,0.95,0.88,0.26,0.45,-1.04,-4.79,2.5,,
3403,2026-07-30T22:52:24.580922+00:00,palm-up-down,11,0.438,session_20260730_223706,student03,0.95,0.942,0.209,0.226,-34.64,94.06,-18.86,,
3404,2026-07-30T22:52:24.693953+00:00,palm-up-down,11,0.547,session_20260730_223706,student03,0.95,-0.216,-0.049,-0.259,-154.3,787.44,-56.09,,
3405,2026-07-30T22:52:24.801941+00:00,palm-up-down,11,0.657,session_20260730_223706,student03,0.95,-1.057,0.108,1.089,-33.88,-70.04,9.43,,
3406,2026-07-30T22:52:24.896790+00:00,palm-up-down,11,0.75,session_20260730_223706,student03,0.95,-0.555,0.033,0.961,9.28,-59.02,-9.83,,
3407,2026-07-30T22:52:24.998704+00:00,palm-up-down,11,0.86,session_20260730_223706,student03,0.95,-0.679,0.172,1.265,27.71,-262.46,32.9,,
3408,2026-07-30T22:52:25.111942+00:00,palm-up-down,11,0.969,session_20260730_223706,student03,0.95,-0.176,0.032,0.743,149.6,-681.6,-45.72,,
3409,2026-07-30T22:52:25.220909+00:00,palm-up-down,11,1.078,session_20260730_223706,student03,0.95,0.735,0.125,-0.087,9.22,-47.73,28.84,,
3410,2026-07-30T22:52:25.319044+00:00,palm-up-down,11,1.172,session_20260730_223706,student03,0.95,0.934,0.241,0.392,-40.13,71.93,-15.69,,
3411,2026-07-30T22:52:25.414908+00:00,palm-up-down,11,1.266,session_20260730_223706,student03,0.95,1.002,0.208,0.394,-53.99,140.81,-19.38,,
3412,2026-07-30T22:52:25.514409+00:00,palm-up-down,11,1.375,session_20260730_223706,student03,0.95,0.166,0.323,-0.097,-98.21,652.85,-66.84,,
3413,2026-07-30T22:52:25.616162+00:00,palm-up-down,11,1.469,session_20260730_223706,student03,0.95,-0.812,-0.049,2.366,-48.28,166.08,-18.68,,
3414,2026-07-30T22:52:25.724335+00:00,palm-up-down,11,1.578,session_20260730_223706,student03,0.95,-0.477,0.032,0.978,19.84,-28.99,20.11,,
3415,2026-07-30T22:52:25.824789+00:00,palm-up-down,11,1.672,session_20260730_223706,student03,0.95,-0.573,0.044,0.889,8.91,-18.13,-0.27,,
3416,2026-07-30T22:52:25.914865+00:00,palm-up-down,11,1.766,session_20260730_223706,student03,0.95,-0.492,0.046,0.834,2.04,-5.86,4.85,,
3417,2026-07-30T22:52:26.020203+00:00,palm-up-down,11,1.875,session_20260730_223706,student03,0.95,-0.483,0.077,0.819,-1.4,9.98,-1.16,,
3418,2026-07-30T22:52:26.131470+00:00,palm-up-down,11,1.985,session_20260730_223706,student03,0.95,-0.523,0.064,0.876,-0.85,-1.28,0.15,,
3419,2026-07-30T22:52:27.046470+00:00,making-fist-open,12,0.0,session_20260730_223706,student03,0.95,0.424,0.292,0.664,13.18,-113.19,-37.02,,
3420,2026-07-30T22:52:27.148598+00:00,making-fist-open,12,0.093,session_20260730_223706,student03,0.95,0.255,0.372,0.919,-56.73,59.27,-8.79,,
3421,2026-07-30T22:52:27.245846+00:00,making-fist-open,12,0.187,session_20260730_223706,student03,0.95,0.331,0.346,0.752,-18.34,154.27,12.73,,
3422,2026-07-30T22:52:27.337969+00:00,making-fist-open,12,0.281,session_20260730_223706,student03,0.95,0.041,0.197,1.286,21.79,-43.89,19.68,,
3423,2026-07-30T22:52:27.436113+00:00,making-fist-open,12,0.39,session_20260730_223706,student03,0.95,0.207,0.298,0.589,105.66,-126.41,31.98,,
3424,2026-07-30T22:52:27.538641+00:00,making-fist-open,12,0.484,session_20260730_223706,student03,0.95,0.355,0.32,0.774,14.53,26.7,-14.13,,
3425,2026-07-30T22:52:27.652248+00:00,making-fist-open,12,0.593,session_20260730_223706,student03,0.95,0.437,0.386,0.693,-20.14,118.66,5.62,,
3426,2026-07-30T22:52:27.745079+00:00,making-fist-open,12,0.687,session_20260730_223706,student03,0.95,0.475,0.253,1.108,32.14,-103.89,-5.52,,
3427,2026-07-30T22:52:27.844160+00:00,making-fist-open,12,0.796,session_20260730_223706,student03,0.95,1.059,0.392,0.307,21.85,-150.3,-14.1,,
3428,2026-07-30T22:52:27.961499+00:00,making-fist-open,12,0.906,session_20260730_223706,student03,0.95,0.712,0.301,0.59,-51.06,-12.67,-16.97,,
3429,2026-07-30T22:52:28.056170+00:00,making-fist-open,12,1.0,session_20260730_223706,student03,0.95,0.45,0.414,0.676,-18.62,110.87,4.0,,
3430,2026-07-30T22:52:28.149439+00:00,making-fist-open,12,1.093,session_20260730_223706,student03,0.95,0.349,0.335,1.047,11.84,-9.31,-1.83,,
3431,2026-07-30T22:52:28.246229+00:00,making-fist-open,12,1.187,session_20260730_223706,student03,0.95,0.248,0.296,0.638,82.83,-63.54,24.78,,
3432,2026-07-30T22:52:28.335551+00:00,making-fist-open,12,1.281,session_20260730_223706,student03,0.95,0.482,0.303,0.753,17.43,5.55,-23.74,,
3433,2026-07-30T22:52:28.436426+00:00,making-fist-open,12,1.39,session_20260730_223706,student03,0.95,0.535,0.377,0.571,-36.07,84.14,-6.71,,
3434,2026-07-30T22:52:28.545955+00:00,making-fist-open,12,1.5,session_20260730_223706,student03,0.95,0.341,0.284,1.203,11.99,-19.14,9.67,,
3435,2026-07-30T22:52:28.660280+00:00,making-fist-open,12,1.609,session_20260730_223706,student03,0.95,0.521,0.335,0.683,43.24,-152.87,-4.15,,
3436,2026-07-30T22:52:28.755716+00:00,making-fist-open,12,1.703,session_20260730_223706,student03,0.95,0.557,0.322,0.757,-27.65,-42.51,-9.49,,
3437,2026-07-30T22:52:28.861503+00:00,making-fist-open,12,1.812,session_20260730_223706,student03,0.95,0.471,0.412,0.6,-34.67,106.45,4.58,,
3438,2026-07-30T22:52:28.971962+00:00,making-fist-open,12,1.921,session_20260730_223706,student03,0.95,0.569,0.32,1.044,36.84,-140.11,-3.72,,
3439,2026-07-30T22:53:02.003785+00:00,palm-up-down,12,0.0,session_20260730_223706,student03,0.95,0.939,0.074,0.32,-2.26,2.84,1.68,,
3440,2026-07-30T22:53:02.112418+00:00,palm-up-down,12,0.109,session_20260730_223706,student03,0.95,0.939,0.074,0.339,0.18,-0.34,1.13,,
3441,2026-07-30T22:53:02.221918+00:00,palm-up-down,12,0.218,session_20260730_223706,student03,0.95,0.928,0.063,0.278,2.04,9.28,-0.7,,
3442,2026-07-30T22:53:02.332111+00:00,palm-up-down,12,0.328,session_20260730_223706,student03,0.95,0.97,0.122,0.046,-10.86,253.52,36.93,,
3443,2026-07-30T22:53:02.441862+00:00,palm-up-down,12,0.437,session_20260730_223706,student03,0.95,-0.77,0.136,0.728,-4.91,755.94,39.09,,
3444,2026-07-30T22:53:02.551900+00:00,palm-up-down,12,0.547,session_20260730_223706,student03,0.95,-0.739,0.146,0.762,50.2,159.43,79.32,,
3445,2026-07-30T22:53:02.651538+00:00,palm-up-down,12,0.64,session_20260730_223706,student03,0.95,-0.683,0.101,0.923,-1.31,34.61,-13.4,,
3446,2026-07-30T22:53:02.749817+00:00,palm-up-down,12,0.75,session_20260730_223706,student03,0.95,-0.654,0.168,0.917,6.26,-79.5,-49.17,,
3447,2026-07-30T22:53:02.862774+00:00,palm-up-down,12,0.859,session_20260730_223706,student03,0.95,-0.482,0.0,1.192,0.73,-526.44,-93.69,,
3448,2026-07-30T22:53:02.972486+00:00,palm-up-down,12,0.968,session_20260730_223706,student03,0.95,0.735,0.386,0.078,37.11,-437.12,12.33,,
3449,2026-07-30T22:53:03.082631+00:00,palm-up-down,12,1.078,session_20260730_223706,student03,0.95,0.912,-0.023,-0.031,10.5,-32.29,20.94,,
3450,2026-07-30T22:53:03.196473+00:00,palm-up-down,12,1.187,session_20260730_223706,student03,0.95,0.998,0.078,0.259,-15.17,89.79,-3.85,,
3451,2026-07-30T22:53:03.302077+00:00,palm-up-down,12,1.297,session_20260730_223706,student03,0.95,0.243,-0.142,-0.144,-6.2,710.93,-6.13,,
3452,2026-07-30T22:53:03.398278+00:00,palm-up-down,12,1.39,session_20260730_223706,student03,0.95,-0.893,-0.09,1.58,-15.05,-89.27,-25.15,,
3453,2026-07-30T22:53:03.497716+00:00,palm-up-down,12,1.484,session_20260730_223706,student03,0.95,-0.297,0.011,0.757,19.47,-34.46,35.0,,
3454,2026-07-30T22:53:03.597338+00:00,palm-up-down,12,1.593,session_20260730_223706,student03,0.95,-0.409,-0.072,0.856,12.54,18.74,39.95,,
3455,2026-07-30T22:53:03.706282+00:00,palm-up-down,12,1.703,session_20260730_223706,student03,0.95,-0.456,-0.005,0.915,3.39,0.09,4.67,,
3456,2026-07-30T22:53:03.810816+00:00,palm-up-down,12,1.812,session_20260730_223706,student03,0.95,-0.449,0.04,0.878,0.85,5.01,4.55,,
3457,2026-07-30T22:53:03.921097+00:00,palm-up-down,12,1.922,session_20260730_223706,student03,0.95,-0.438,-0.019,0.891,3.42,4.52,8.3,,
3458,2026-07-30T22:53:06.632748+00:00,making-fist-open,13,0.0,session_20260730_223706,student03,0.95,0.736,-0.023,0.419,19.53,66.26,23.65,,
3459,2026-07-30T22:53:06.737581+00:00,making-fist-open,13,0.109,session_20260730_223706,student03,0.95,0.553,0.179,0.734,-77.76,43.12,-17.55,,
3460,2026-07-30T22:53:06.837373+00:00,making-fist-open,13,0.203,session_20260730_223706,student03,0.95,0.442,0.012,1.185,-59.24,61.1,11.81,,
3461,2026-07-30T22:53:06.936806+00:00,making-fist-open,13,0.312,session_20260730_223706,student03,0.95,0.551,0.066,1.095,70.8,-154.52,12.79,,
3462,2026-07-30T22:53:07.044941+00:00,making-fist-open,13,0.422,session_20260730_223706,student03,0.95,0.548,0.033,0.712,19.53,64.12,-14.98,,
3463,2026-07-30T22:53:07.148567+00:00,making-fist-open,13,0.515,session_20260730_223706,student03,0.95,0.622,0.215,0.515,-29.63,124.91,-4.06,,
3464,2026-07-30T22:53:07.246865+00:00,making-fist-open,13,0.609,session_20260730_223706,student03,0.95,0.412,0.094,1.103,16.11,44.19,1.4,,
3465,2026-07-30T22:53:07.345405+00:00,making-fist-open,13,0.718,session_20260730_223706,student03,0.95,0.599,0.059,0.417,62.23,-166.42,10.47,,
3466,2026-07-30T22:53:07.456258+00:00,making-fist-open,13,0.828,session_20260730_223706,student03,0.95,0.54,0.201,0.616,-2.87,31.28,-26.83,,
3467,2026-07-30T22:53:07.557517+00:00,making-fist-open,13,0.922,session_20260730_223706,student03,0.95,0.641,0.246,0.561,-22.77,95.31,-6.68,,
3468,2026-07-30T22:53:07.666533+00:00,making-fist-open,13,1.031,session_20260730_223706,student03,0.95,0.434,0.203,0.931,5.43,54.26,5.89,,
3469,2026-07-30T22:53:07.766547+00:00,making-fist-open,13,1.14,session_20260730_223706,student03,0.95,0.63,0.006,0.963,48.31,-182.78,5.89,,
3470,2026-07-30T22:53:07.872397+00:00,making-fist-open,13,1.234,session_20260730_223706,student03,0.95,0.479,0.159,0.737,30.67,87.16,-35.07,,
3471,2026-07-30T22:53:07.966496+00:00,making-fist-open,13,1.328,session_20260730_223706,student03,0.95,0.753,0.33,0.512,-33.48,-0.09,-27.8,,
3472,2026-07-30T22:53:08.057982+00:00,making-fist-open,13,1.422,session_20260730_223706,student03,0.95,0.441,0.094,1.179,-45.11,82.52,23.65,,
3473,2026-07-30T22:53:08.160718+00:00,making-fist-open,13,1.531,session_20260730_223706,student03,0.95,0.704,0.076,0.848,42.21,-193.91,-26.73,,
3474,2026-07-30T22:53:08.256824+00:00,making-fist-open,13,1.625,session_20260730_223706,student03,0.95,0.902,-0.101,0.262,14.53,62.96,37.63,,
3475,2026-07-30T22:53:08.363286+00:00,making-fist-open,13,1.734,session_20260730_223706,student03,0.95,0.635,0.348,0.456,-60.67,71.08,2.84,,
3476,2026-07-30T22:53:08.473397+00:00,making-fist-open,13,1.843,session_20260730_223706,student03,0.95,0.386,0.082,1.28,-0.92,31.34,11.11,,
3477,2026-07-30T22:53:08.586326+00:00,making-fist-open,13,1.953,session_20260730_223706,student03,0.95,0.822,0.821,0.576,47.79,-251.32,-48.16,,
3478,2026-07-30T22:53:10.254125+00:00,palm-up-down,13,0.0,session_20260730_223706,student03,0.95,0.936,0.121,0.294,-0.76,0.27,-2.14,,
3479,2026-07-30T22:53:10.356393+00:00,palm-up-down,13,0.093,session_20260730_223706,student03,0.95,0.946,0.118,0.315,-0.55,2.44,0.89,,
3480,2026-07-30T22:53:10.446472+00:00,palm-up-down,13,0.187,session_20260730_223706,student03,0.95,0.939,0.123,0.342,1.31,1.28,-2.69,,
3481,2026-07-30T22:53:10.551645+00:00,palm-up-down,13,0.297,session_20260730_223706,student03,0.95,1.019,0.127,0.201,-5.19,75.44,1.1,,
3482,2026-07-30T22:53:10.662004+00:00,palm-up-down,13,0.406,session_20260730_223706,student03,0.95,-0.315,0.023,-0.049,-97.45,736.47,3.75,,
3483,2026-07-30T22:53:10.772422+00:00,palm-up-down,13,0.515,session_20260730_223706,student03,0.95,-0.85,-0.066,1.05,-13.15,8.48,41.63,,
3484,2026-07-30T22:53:10.881879+00:00,palm-up-down,13,0.625,session_20260730_223706,student03,0.95,-0.589,-0.008,0.96,14.31,-21.76,0.43,,
3485,2026-07-30T22:53:10.977447+00:00,palm-up-down,13,0.718,session_20260730_223706,student03,0.95,-0.622,0.076,1.205,13.0,-189.34,-33.11,,
3486,2026-07-30T22:53:11.066769+00:00,palm-up-down,13,0.812,session_20260730_223706,student03,0.95,-0.463,-0.05,1.064,10.96,-702.14,-82.0,,
3487,2026-07-30T22:53:11.166755+00:00,palm-up-down,13,0.906,session_20260730_223706,student03,0.95,0.901,0.316,-0.482,80.14,-339.55,3.97,,
3488,2026-07-30T22:53:11.256936+00:00,palm-up-down,13,1.0,session_20260730_223706,student03,0.95,0.872,0.021,-0.333,7.57,15.02,26.22,,
3489,2026-07-30T22:53:11.362167+00:00,palm-up-down,13,1.109,session_20260730_223706,student03,0.95,0.725,-0.069,-0.194,-56.79,562.18,-3.94,,
3490,2026-07-30T22:53:11.459432+00:00,palm-up-down,13,1.203,session_20260730_223706,student03,0.95,-1.016,-0.015,2.514,-59.36,478.32,17.12,,
3491,2026-07-30T22:53:11.557495+00:00,palm-up-down,13,1.297,session_20260730_223706,student03,0.95,-0.452,-0.045,0.957,44.74,68.82,32.41,,
3492,2026-07-30T22:53:11.650861+00:00,palm-up-down,13,1.39,session_20260730_223706,student03,0.95,-0.4,-0.104,0.875,-3.33,5.62,-3.94,,
3493,2026-07-30T22:53:11.746607+00:00,palm-up-down,13,1.484,session_20260730_223706,student03,0.95,-0.42,-0.047,0.868,-2.38,-9.34,2.44,,
3494,2026-07-30T22:53:11.836001+00:00,palm-up-down,13,1.578,session_20260730_223706,student03,0.95,-0.412,-0.059,0.901,6.2,-3.51,3.85,,
3495,2026-07-30T22:53:11.931189+00:00,palm-up-down,13,1.672,session_20260730_223706,student03,0.95,-0.429,-0.008,0.904,2.87,-0.18,4.43,,
3496,2026-07-30T22:53:12.027451+00:00,palm-up-down,13,1.765,session_20260730_223706,student03,0.95,-0.41,-0.041,0.894,0.85,-2.47,1.01,,
3497,2026-07-30T22:53:12.125611+00:00,palm-up-down,13,1.875,session_20260730_223706,student03,0.95,-0.409,-0.047,0.892,-2.93,-0.34,-0.03,,
3498,2026-07-30T22:53:12.235781+00:00,palm-up-down,13,1.984,session_20260730_223706,student03,0.95,-0.415,-0.043,0.896,-1.83,3.14,-0.15,,
3499,2026-07-30T22:53:13.395830+00:00,making-fist-open,14,0.0,session_20260730_223706,student03,0.95,0.653,0.408,0.654,-76.88,32.96,-20.66,,
3500,2026-07-30T22:53:13.495861+00:00,making-fist-open,14,0.094,session_20260730_223706,student03,0.95,0.436,0.282,1.167,-56.37,129.03,14.47,,
3501,2026-07-30T22:53:13.596558+00:00,making-fist-open,14,0.203,session_20260730_223706,student03,0.95,0.525,0.281,1.35,20.08,-191.81,2.84,,
3502,2026-07-30T22:53:13.696024+00:00,making-fist-open,14,0.297,session_20260730_223706,student03,0.95,1.284,0.188,-0.213,-7.69,-5.98,14.19,,
3503,2026-07-30T22:53:13.798066+00:00,making-fist-open,14,0.407,session_20260730_223706,student03,0.95,0.747,0.307,0.551,-92.1,49.84,1.04,,
3504,2026-07-30T22:53:13.897907+00:00,making-fist-open,14,0.5,session_20260730_223706,student03,0.95,0.503,0.237,1.185,-78.07,104.37,23.38,,
3505,2026-07-30T22:53:14.006773+00:00,making-fist-open,14,0.61,session_20260730_223706,student03,0.95,0.575,0.24,0.492,75.84,-116.21,16.39,,
3506,2026-07-30T22:53:14.101886+00:00,making-fist-open,14,0.703,session_20260730_223706,student03,0.95,0.508,0.192,0.618,14.44,43.58,-15.23,,
3507,2026-07-30T22:53:14.200069+00:00,making-fist-open,14,0.797,session_20260730_223706,student03,0.95,0.744,0.248,0.36,-48.49,121.13,4.76,,
3508,2026-07-30T22:53:14.297080+00:00,making-fist-open,14,0.907,session_20260730_223706,student03,0.95,0.587,0.184,1.076,-14.71,59.6,11.57,,
3509,2026-07-30T22:53:14.402124+00:00,making-fist-open,14,1.0,session_20260730_223706,student03,0.95,0.739,0.068,0.372,83.99,-193.67,-33.66,,
3510,2026-07-30T22:53:14.495357+00:00,making-fist-open,14,1.094,session_20260730_223706,student03,0.95,0.501,0.077,0.683,27.74,38.0,-26.73,,
3511,2026-07-30T22:53:14.596808+00:00,making-fist-open,14,1.203,session_20260730_223706,student03,0.95,0.793,0.262,0.36,-44.13,197.61,13.06,,
3512,2026-07-30T22:53:14.706279+00:00,making-fist-open,14,1.313,session_20260730_223706,student03,0.95,0.523,0.194,0.961,-8.61,59.97,2.62,,
3513,2026-07-30T22:53:14.807538+00:00,making-fist-open,14,1.407,session_20260730_223706,student03,0.95,0.074,0.392,0.01,127.35,-150.7,-1.83,,
3514,2026-07-30T22:53:14.901512+00:00,making-fist-open,14,1.5,session_20260730_223706,student03,0.95,0.446,0.143,0.665,-1.1,33.48,-18.77,,
3515,2026-07-30T22:53:15.000598+00:00,making-fist-open,14,1.61,session_20260730_223706,student03,0.95,0.8,0.211,0.395,-64.33,133.21,4.88,,
3516,2026-07-30T22:53:15.101575+00:00,making-fist-open,14,1.703,session_20260730_223706,student03,0.95,0.475,-0.005,1.113,8.36,46.33,9.8,,
3517,2026-07-30T22:53:15.196806+00:00,making-fist-open,14,1.797,session_20260730_223706,student03,0.95,0.602,0.115,1.307,92.53,-302.62,-7.42,,
3518,2026-07-30T22:53:15.303551+00:00,making-fist-open,14,1.907,session_20260730_223706,student03,0.95,0.741,0.058,0.308,36.35,49.78,-22.83,,
3519,2026-07-30T22:53:16.806202+00:00,palm-up-down,14,0.0,session_20260730_223706,student03,0.95,0.9,0.112,0.407,1.28,-4.52,1.01,,
3520,2026-07-30T22:53:16.907269+00:00,palm-up-down,14,0.109,session_20260730_223706,student03,0.95,0.906,0.113,0.394,1.25,0.0,-2.04,,
3521,2026-07-30T22:53:17.021123+00:00,palm-up-down,14,0.218,session_20260730_223706,student03,0.95,0.898,0.114,0.388,-0.46,4.73,-1.22,,
3522,2026-07-30T22:53:17.117037+00:00,palm-up-down,14,0.312,session_20260730_223706,student03,0.95,1.05,0.11,-0.048,-40.86,321.27,-6.99,,
3523,2026-07-30T22:53:17.217642+00:00,palm-up-down,14,0.421,session_20260730_223706,student03,0.95,-0.742,-0.077,0.6,-125.49,758.75,46.05,,
3524,2026-07-30T22:53:17.322942+00:00,palm-up-down,14,0.515,session_20260730_223706,student03,0.95,-0.629,-0.092,0.876,4.67,54.81,31.95,,
3525,2026-07-30T22:53:17.420559+00:00,palm-up-down,14,0.625,session_20260730_223706,student03,0.95,-0.52,-0.018,0.908,-4.52,-18.71,-24.38,,
3526,2026-07-30T22:53:17.532629+00:00,palm-up-down,14,0.734,session_20260730_223706,student03,0.95,-0.598,0.114,1.229,9.09,-228.19,3.17,,
3527,2026-07-30T22:53:17.642037+00:00,palm-up-down,14,0.843,session_20260730_223706,student03,0.95,-0.044,-0.037,0.867,-19.53,-638.33,-35.98,,
3528,2026-07-30T22:53:17.752948+00:00,palm-up-down,14,0.953,session_20260730_223706,student03,0.95,0.853,0.157,-0.305,-13.67,-127.35,25.97,,
3529,2026-07-30T22:53:17.862693+00:00,palm-up-down,14,1.062,session_20260730_223706,student03,0.95,0.854,-0.023,0.225,-33.39,129.49,-6.71,,
3530,2026-07-30T22:53:17.972865+00:00,palm-up-down,14,1.171,session_20260730_223706,student03,0.95,0.145,-0.056,-0.012,-67.02,625.78,-12.02,,
3531,2026-07-30T22:53:18.082845+00:00,palm-up-down,14,1.281,session_20260730_223706,student03,0.95,-1.002,0.196,1.421,28.87,36.99,36.74,,
3532,2026-07-30T22:53:18.192055+00:00,palm-up-down,14,1.39,session_20260730_223706,student03,0.95,-0.391,0.038,0.966,14.4,27.07,15.35,,
3533,2026-07-30T22:53:18.301747+00:00,palm-up-down,14,1.5,session_20260730_223706,student03,0.95,-0.51,0.006,0.92,2.29,12.88,-4.85,,
3534,2026-07-30T22:53:18.401337+00:00,palm-up-down,14,1.593,session_20260730_223706,student03,0.95,-0.444,-0.021,0.892,1.83,6.2,3.63,,
3535,2026-07-30T22:53:18.496954+00:00,palm-up-down,14,1.687,session_20260730_223706,student03,0.95,-0.477,0.037,0.887,-1.04,2.01,-3.3,,
3536,2026-07-30T22:53:18.596557+00:00,palm-up-down,14,1.796,session_20260730_223706,student03,0.95,-0.457,-0.014,0.89,-0.37,4.52,3.2,,
3537,2026-07-30T22:53:18.706201+00:00,palm-up-down,14,1.906,session_20260730_223706,student03,0.95,-0.457,0.011,0.865,-2.26,3.14,-2.29,,
3538,2026-07-30T22:53:37.793246+00:00,t-arm,0,0.0,session_20260730_225331,student03,0.95,0.951,-0.282,0.076,-1.22,0.95,-0.73,,
3539,2026-07-30T22:53:37.901896+00:00,t-arm,0,0.109,session_20260730_225331,student03,0.95,0.951,-0.288,0.08,-1.68,0.55,-1.22,,
3540,2026-07-30T22:53:38.001786+00:00,t-arm,0,0.219,session_20260730_225331,student03,0.95,0.964,-0.388,0.035,-13.25,6.01,-17.85,,
3541,2026-07-30T22:53:38.114307+00:00,t-arm,0,0.328,session_20260730_225331,student03,0.95,0.963,-0.405,0.013,-22.19,20.26,-51.61,,
3542,2026-07-30T22:53:38.211643+00:00,t-arm,0,0.422,session_20260730_225331,student03,0.95,0.961,-0.32,0.065,-35.07,37.35,-93.84,,
3543,2026-07-30T22:53:38.323849+00:00,t-arm,0,0.531,session_20260730_225331,student03,0.95,0.829,0.037,0.243,-36.65,58.84,-135.17,,
3544,2026-07-30T22:53:38.417992+00:00,t-arm,0,0.625,session_20260730_225331,student03,0.95,0.666,0.391,0.413,-3.48,50.75,-139.53,,
3545,2026-07-30T22:53:38.517913+00:00,t-arm,0,0.734,session_20260730_225331,student03,0.95,0.677,0.635,0.455,-16.42,31.8,-90.52,,
3546,2026-07-30T22:53:38.633099+00:00,t-arm,0,0.844,session_20260730_225331,student03,0.95,0.579,0.539,0.429,12.36,31.16,-106.94,,
3547,2026-07-30T22:53:38.728061+00:00,t-arm,0,0.937,session_20260730_225331,student03,0.95,0.266,0.722,0.486,10.5,28.29,-128.12,,
3548,2026-07-30T22:53:38.827808+00:00,t-arm,0,1.047,session_20260730_225331,student03,0.95,0.203,0.642,0.337,7.02,11.47,-113.93,,
3549,2026-07-30T22:53:38.933142+00:00,t-arm,0,1.141,session_20260730_225331,student03,0.95,-0.093,1.523,0.227,169.44,-4.21,-87.89,,
3550,2026-07-30T22:53:39.032582+00:00,t-arm,0,1.25,session_20260730_225331,student03,0.95,-0.0,1.105,0.458,1.86,5.34,-19.99,,
3551,2026-07-30T22:53:39.144275+00:00,t-arm,0,1.359,session_20260730_225331,student03,0.95,-0.013,0.993,0.343,-6.07,-5.89,-1.4,,
3552,2026-07-30T22:53:39.253418+00:00,t-arm,0,1.469,session_20260730_225331,student03,0.95,-0.02,0.888,0.386,-6.78,0.7,-0.61,,
3553,2026-07-30T22:53:39.349726+00:00,t-arm,0,1.562,session_20260730_225331,student03,0.95,-0.009,0.916,0.388,-10.9,2.2,1.92,,
3554,2026-07-30T22:53:39.448347+00:00,t-arm,0,1.656,session_20260730_225331,student03,0.95,0.003,0.899,0.404,-4.49,0.46,-1.46,,
3555,2026-07-30T22:53:39.547956+00:00,t-arm,0,1.766,session_20260730_225331,student03,0.95,-0.011,0.913,0.4,-2.08,-2.44,-0.03,,
3556,2026-07-30T22:53:39.657184+00:00,t-arm,0,1.875,session_20260730_225331,student03,0.95,-0.01,0.893,0.408,-1.68,-1.34,0.4,,
3557,2026-07-30T22:53:39.767808+00:00,t-arm,0,1.984,session_20260730_225331,student03,0.95,-0.006,0.901,0.398,-2.84,-1.5,0.09,,
3558,2026-07-30T22:53:50.174868+00:00,t-arm,1,0.0,session_20260730_225331,student03,0.95,0.929,-0.339,0.09,-2.47,0.03,-0.82,,
3559,2026-07-30T22:53:50.284584+00:00,t-arm,1,0.109,session_20260730_225331,student03,0.95,0.931,-0.4,0.076,-2.14,-0.58,-0.03,,
3560,2026-07-30T22:53:50.393029+00:00,t-arm,1,0.218,session_20260730_225331,student03,0.95,0.894,-0.879,-0.181,-18.92,4.58,-36.71,,
3561,2026-07-30T22:53:50.503720+00:00,t-arm,1,0.328,session_20260730_225331,student03,0.95,0.617,-0.42,0.014,-83.83,138.13,-165.2,,
3562,2026-07-30T22:53:50.603119+00:00,t-arm,1,0.421,session_20260730_225331,student03,0.95,0.626,-0.063,0.408,-23.83,171.24,-184.94,,
3563,2026-07-30T22:53:50.697842+00:00,t-arm,1,0.515,session_20260730_225331,student03,0.95,0.208,0.476,0.7,9.8,101.75,-201.94,,
3564,2026-07-30T22:53:50.806949+00:00,t-arm,1,0.625,session_20260730_225331,student03,0.95,-0.11,0.596,0.683,55.09,85.67,-222.88,,
3565,2026-07-30T22:53:50.899229+00:00,t-arm,1,0.718,session_20260730_225331,student03,0.95,-0.329,1.184,0.874,50.39,70.44,-186.44,,
3566,2026-07-30T22:53:50.998782+00:00,t-arm,1,0.828,session_20260730_225331,student03,0.95,-0.084,1.183,0.843,-24.72,20.81,-2.93,,
3567,2026-07-30T22:53:51.113906+00:00,t-arm,1,0.937,session_20260730_225331,student03,0.95,-0.112,0.916,0.664,39.52,-13.82,13.92,,
3568,2026-07-30T22:53:51.208599+00:00,t-arm,1,1.031,session_20260730_225331,student03,0.95,-0.031,0.678,0.518,0.73,-8.09,27.13,,
3569,2026-07-30T22:53:51.314011+00:00,t-arm,1,1.14,session_20260730_225331,student03,0.95,-0.01,0.754,0.534,14.92,-0.49,-3.3,,
3570,2026-07-30T22:53:51.412310+00:00,t-arm,1,1.234,session_20260730_225331,student03,0.95,-0.024,0.781,0.558,-2.29,5.86,-2.01,,
3571,2026-07-30T22:53:51.507975+00:00,t-arm,1,1.328,session_20260730_225331,student03,0.95,-0.041,0.79,0.61,-5.16,4.27,-2.14,,
3572,2026-07-30T22:53:51.613543+00:00,t-arm,1,1.437,session_20260730_225331,student03,0.95,-0.034,0.799,0.595,0.12,3.42,1.5,,
3573,2026-07-30T22:53:51.708301+00:00,t-arm,1,1.531,session_20260730_225331,student03,0.95,-0.043,0.787,0.59,-0.37,2.96,-1.37,,
3574,2026-07-30T22:53:51.814710+00:00,t-arm,1,1.64,session_20260730_225331,student03,0.95,-0.038,0.767,0.602,-1.43,-0.89,-1.56,,
3575,2026-07-30T22:53:51.923996+00:00,t-arm,1,1.75,session_20260730_225331,student03,0.95,-0.052,0.793,0.591,3.36,2.01,-2.72,,
3576,2026-07-30T22:53:52.033548+00:00,t-arm,1,1.859,session_20260730_225331,student03,0.95,-0.056,0.818,0.609,0.89,-0.92,-1.16,,
3577,2026-07-30T22:53:52.143130+00:00,t-arm,1,1.968,session_20260730_225331,student03,0.95,-0.056,0.82,0.603,4.09,-0.15,2.17,,
3578,2026-07-30T22:53:53.873480+00:00,t-arm,2,0.0,session_20260730_225331,student03,0.95,0.923,-0.327,0.182,0.49,-3.2,0.15,,
3579,2026-07-30T22:53:53.982896+00:00,t-arm,2,0.109,session_20260730_225331,student03,0.95,0.92,-0.326,0.169,0.79,-0.98,-0.55,,
3580,2026-07-30T22:53:54.093515+00:00,t-arm,2,0.218,session_20260730_225331,student03,0.95,0.934,-0.335,0.192,-0.27,0.79,-0.95,,
3581,2026-07-30T22:53:54.207678+00:00,t-arm,2,0.328,session_20260730_225331,student03,0.95,0.952,-0.665,0.114,3.42,3.69,-14.01,,
3582,2026-07-30T22:53:54.318142+00:00,t-arm,2,0.437,session_20260730_225331,student03,0.95,0.815,-0.794,-0.026,-47.94,40.16,-120.49,,
3583,2026-07-30T22:53:54.424513+00:00,t-arm,2,0.547,session_20260730_225331,student03,0.95,0.543,-0.051,0.399,-40.25,111.73,-204.02,,
3584,2026-07-30T22:53:54.534528+00:00,t-arm,2,0.656,session_20260730_225331,student03,0.95,0.263,0.545,0.653,38.33,107.0,-227.7,,
3585,2026-07-30T22:53:54.645051+00:00,t-arm,2,0.765,session_20260730_225331,student03,0.95,0.344,0.408,0.547,8.24,47.12,-154.48,,
3586,2026-07-30T22:53:54.741929+00:00,t-arm,2,0.859,session_20260730_225331,student03,0.95,-0.127,0.574,0.497,-28.6,51.03,-196.51,,
3587,2026-07-30T22:53:54.838092+00:00,t-arm,2,0.953,session_20260730_225331,student03,0.95,-0.472,1.952,1.122,18.04,64.91,-148.38,,
3588,2026-07-30T22:53:54.939416+00:00,t-arm,2,1.062,session_20260730_225331,student03,0.95,-0.114,0.941,0.955,-40.07,3.88,3.14,,
3589,2026-07-30T22:53:55.045336+00:00,t-arm,2,1.172,session_20260730_225331,student03,0.95,-0.072,0.705,0.66,4.97,-12.57,23.1,,
3590,2026-07-30T22:53:55.153795+00:00,t-arm,2,1.265,session_20260730_225331,student03,0.95,-0.035,0.659,0.614,8.58,6.29,1.16,,
3591,2026-07-30T22:53:55.248518+00:00,t-arm,2,1.375,session_20260730_225331,student03,0.95,-0.029,0.727,0.656,1.98,-0.85,-1.71,,
3592,2026-07-30T22:53:55.357849+00:00,t-arm,2,1.484,session_20260730_225331,student03,0.95,-0.044,0.773,0.663,6.41,0.43,-0.21,,
3593,2026-07-30T22:53:55.463890+00:00,t-arm,2,1.578,session_20260730_225331,student03,0.95,-0.052,0.746,0.631,2.9,-0.24,-0.52,,
3594,2026-07-30T22:53:55.559466+00:00,t-arm,2,1.672,session_20260730_225331,student03,0.95,-0.044,0.746,0.617,0.21,3.39,-0.95,,
3595,2026-07-30T22:53:55.658404+00:00,t-arm,2,1.781,session_20260730_225331,student03,0.95,-0.038,0.732,0.606,3.57,3.51,-1.77,,
3596,2026-07-30T22:53:55.768311+00:00,t-arm,2,1.89,session_20260730_225331,student03,0.95,-0.047,0.789,0.648,3.08,-1.16,-1.65,,
3597,2026-07-30T22:53:57.031985+00:00,t-arm,3,0.0,session_20260730_225331,student03,0.95,0.947,-0.33,0.19,5.65,-0.21,5.62,,
3598,2026-07-30T22:53:57.138312+00:00,t-arm,3,0.094,session_20260730_225331,student03,0.95,0.936,-0.282,0.19,0.49,-1.07,0.46,,
3599,2026-07-30T22:53:57.239631+00:00,t-arm,3,0.203,session_20260730_225331,student03,0.95,0.942,-0.296,0.21,-3.54,4.12,-0.55,,
3600,2026-07-30T22:53:57.348639+00:00,t-arm,3,0.312,session_20260730_225331,student03,0.95,0.927,-0.424,0.175,-6.56,0.4,-20.26,,
3601,2026-07-30T22:53:57.457214+00:00,t-arm,3,0.422,session_20260730_225331,student03,0.95,0.951,-0.622,0.01,-49.44,13.25,-79.78,,
3602,2026-07-30T22:53:57.565142+00:00,t-arm,3,0.531,session_20260730_225331,student03,0.95,0.696,-0.091,0.323,-29.42,92.78,-177.83,,
3603,2026-07-30T22:53:57.668991+00:00,t-arm,3,0.625,session_20260730_225331,student03,0.95,0.54,0.19,0.428,25.24,82.8,-187.05,,
3604,2026-07-30T22:53:57.768542+00:00,t-arm,3,0.734,session_20260730_225331,student03,0.95,0.363,0.477,0.46,-39.43,38.64,-171.97,,
3605,2026-07-30T22:53:57.874447+00:00,t-arm,3,0.844,session_20260730_225331,student03,0.95,0.055,0.51,0.451,-52.34,72.18,-196.14,,
3606,2026-07-30T22:53:57.983826+00:00,t-arm,3,0.953,session_20260730_225331,student03,0.95,-0.391,1.864,1.213,-48.98,103.67,-222.63,,
3607,2026-07-30T22:53:58.098169+00:00,t-arm,3,1.062,session_20260730_225331,student03,0.95,-0.148,0.866,1.087,-11.9,9.46,-5.95,,
3608,2026-07-30T22:53:58.197439+00:00,t-arm,3,1.156,session_20260730_225331,student03,0.95,-0.118,0.744,0.745,10.53,-23.16,24.05,,
3609,2026-07-30T22:53:58.288795+00:00,t-arm,3,1.25,session_20260730_225331,student03,0.95,-0.06,0.575,0.537,-6.71,1.8,7.08,,
3610,2026-07-30T22:53:58.398415+00:00,t-arm,3,1.359,session_20260730_225331,student03,0.95,-0.059,0.634,0.721,-1.28,1.13,-1.5,,
3611,2026-07-30T22:53:58.498920+00:00,t-arm,3,1.469,session_20260730_225331,student03,0.95,-0.098,0.717,0.746,-4.21,3.78,-0.4,,
3612,2026-07-30T22:53:58.607238+00:00,t-arm,3,1.578,session_20260730_225331,student03,0.95,-0.084,0.668,0.727,4.76,-4.21,1.92,,
3613,2026-07-30T22:53:58.716080+00:00,t-arm,3,1.672,session_20260730_225331,student03,0.95,-0.084,0.662,0.696,7.48,-1.8,-0.95,,
3614,2026-07-30T22:53:58.809570+00:00,t-arm,3,1.766,session_20260730_225331,student03,0.95,-0.087,0.673,0.689,8.67,2.2,-3.42,,
3615,2026-07-30T22:53:58.908690+00:00,t-arm,3,1.875,session_20260730_225331,student03,0.95,-0.083,0.692,0.692,6.65,2.35,-3.66,,
3616,2026-07-30T22:53:59.018475+00:00,t-arm,3,1.984,session_20260730_225331,student03,0.95,-0.103,0.708,0.71,2.84,0.89,-2.9,,
3617,2026-07-30T22:54:00.289380+00:00,t-arm,4,0.0,session_20260730_225331,student03,0.95,0.911,-0.299,0.25,28.47,0.55,7.29,,
3618,2026-07-30T22:54:00.388144+00:00,t-arm,4,0.094,session_20260730_225331,student03,0.95,0.946,-0.25,0.247,9.64,-0.73,5.8,,
3619,2026-07-30T22:54:00.478920+00:00,t-arm,4,0.187,session_20260730_225331,student03,0.95,0.965,-0.278,0.238,29.36,-11.96,0.89,,
3620,2026-07-30T22:54:00.579404+00:00,t-arm,4,0.297,session_20260730_225331,student03,0.95,0.933,-0.221,0.244,18.95,-2.04,-2.99,,
3621,2026-07-30T22:54:00.679905+00:00,t-arm,4,0.391,session_20260730_225331,student03,0.95,0.945,-0.337,0.284,7.57,8.58,-12.05,,
3622,2026-07-30T22:54:00.783010+00:00,t-arm,4,0.5,session_20260730_225331,student03,0.95,0.942,-0.413,0.268,-11.05,1.95,-46.54,,
3623,2026-07-30T22:54:00.881806+00:00,t-arm,4,0.594,session_20260730_225331,student03,0.95,0.847,-0.386,0.251,-31.5,21.88,-111.48,,
3624,2026-07-30T22:54:00.979030+00:00,t-arm,4,0.687,session_20260730_225331,student03,0.95,0.707,-0.077,0.298,-29.27,27.56,-150.67,,
3625,2026-07-30T22:54:01.083625+00:00,t-arm,4,0.797,session_20260730_225331,student03,0.95,0.515,0.179,0.345,0.4,16.24,-199.22,,
3626,2026-07-30T22:54:01.193169+00:00,t-arm,4,0.906,session_20260730_225331,student03,0.95,0.069,0.526,0.386,-68.27,17.73,-237.16,,
3627,2026-07-30T22:54:01.303437+00:00,t-arm,4,1.016,session_20260730_225331,student03,0.95,-0.383,1.363,0.471,30.12,44.1,-263.59,,
3628,2026-07-30T22:54:01.402662+00:00,t-arm,4,1.109,session_20260730_225331,student03,0.95,0.031,1.279,0.555,-73.31,-1.1,-16.72,,
3629,2026-07-30T22:54:01.499750+00:00,t-arm,4,1.219,session_20260730_225331,student03,0.95,-0.035,1.1,0.417,-3.33,-5.89,13.15,,
3630,2026-07-30T22:54:01.618479+00:00,t-arm,4,1.328,session_20260730_225331,student03,0.95,0.006,0.783,0.354,-5.16,0.89,8.45,,
3631,2026-07-30T22:54:01.724493+00:00,t-arm,4,1.437,session_20260730_225331,student03,0.95,-0.006,0.874,0.434,5.89,4.12,-4.21,,
3632,2026-07-30T22:54:01.818618+00:00,t-arm,4,1.531,session_20260730_225331,student03,0.95,-0.02,0.922,0.462,-5.37,5.89,-2.56,,
3633,2026-07-30T22:54:01.928467+00:00,t-arm,4,1.641,session_20260730_225331,student03,0.95,-0.009,0.896,0.424,1.83,-1.34,2.38,,
3634,2026-07-30T22:54:02.035124+00:00,t-arm,4,1.75,session_20260730_225331,student03,0.95,-0.018,0.855,0.418,-1.01,-5.83,2.01,,
3635,2026-07-30T22:54:02.143943+00:00,t-arm,4,1.859,session_20260730_225331,student03,0.95,-0.004,0.883,0.411,-4.39,-5.89,-3.42,,
3636,2026-07-30T22:54:02.255488+00:00,t-arm,4,1.969,session_20260730_225331,student03,0.95,-0.015,0.909,0.457,-3.27,5.74,-5.16,,
3637,2026-07-30T22:54:11.149267+00:00,t-arm,5,0.0,session_20260730_225331,student03,0.95,0.944,-0.327,0.11,-1.43,-0.98,-3.69,,
3638,2026-07-30T22:54:11.251777+00:00,t-arm,5,0.11,session_20260730_225331,student03,0.95,0.96,-0.284,0.086,1.04,-2.69,-6.04,,
3639,2026-07-30T22:54:11.365434+00:00,t-arm,5,0.219,session_20260730_225331,student03,0.95,0.938,-0.35,0.076,-1.22,2.72,-4.39,,
3640,2026-07-30T22:54:11.458166+00:00,t-arm,5,0.313,session_20260730_225331,student03,0.95,0.96,-0.826,-0.198,-15.35,20.17,-44.98,,
3641,2026-07-30T22:54:11.559772+00:00,t-arm,5,0.407,session_20260730_225331,student03,0.95,0.689,-0.347,0.109,-44.1,93.3,-149.94,,
3642,2026-07-30T22:54:11.659915+00:00,t-arm,5,0.516,session_20260730_225331,student03,0.95,0.575,0.145,0.397,-2.78,115.7,-187.41,,
3643,2026-07-30T22:54:11.762427+00:00,t-arm,5,0.61,session_20260730_225331,student03,0.95,0.438,0.554,0.511,29.15,89.85,-168.61,,
3644,2026-07-30T22:54:11.859871+00:00,t-arm,5,0.719,session_20260730_225331,student03,0.95,0.206,0.541,0.526,39.98,99.77,-175.33,,
3645,2026-07-30T22:54:11.974395+00:00,t-arm,5,0.828,session_20260730_225331,student03,0.95,-0.329,1.247,0.756,8.27,96.59,-204.93,,
3646,2026-07-30T22:54:12.068595+00:00,t-arm,5,0.922,session_20260730_225331,student03,0.95,0.032,1.044,0.801,-86.83,7.97,4.82,,
3647,2026-07-30T22:54:12.178256+00:00,t-arm,5,1.032,session_20260730_225331,student03,0.95,-0.054,0.942,0.708,2.32,-10.07,11.35,,
3648,2026-07-30T22:54:12.284286+00:00,t-arm,5,1.141,session_20260730_225331,student03,0.95,0.012,0.643,0.543,-7.78,-1.89,17.79,,
3649,2026-07-30T22:54:12.394215+00:00,t-arm,5,1.25,session_20260730_225331,student03,0.95,-0.012,0.689,0.645,10.59,3.2,-0.79,,
3650,2026-07-30T22:54:12.504277+00:00,t-arm,5,1.36,session_20260730_225331,student03,0.95,-0.031,0.758,0.683,1.43,6.16,-3.78,,
3651,2026-07-30T22:54:12.614468+00:00,t-arm,5,1.469,session_20260730_225331,student03,0.95,-0.025,0.758,0.665,1.53,-1.68,-1.4,,
3652,2026-07-30T22:54:12.707800+00:00,t-arm,5,1.563,session_20260730_225331,student03,0.95,-0.019,0.751,0.629,0.58,-0.85,1.8,,
3653,2026-07-30T22:54:12.803016+00:00,t-arm,5,1.657,session_20260730_225331,student03,0.95,-0.013,0.728,0.637,-1.5,1.77,-1.4,,
3654,2026-07-30T22:54:12.899997+00:00,t-arm,5,1.75,session_20260730_225331,student03,0.95,-0.021,0.75,0.67,-1.19,2.59,-1.86,,
3655,2026-07-30T22:54:12.998166+00:00,t-arm,5,1.86,session_20260730_225331,student03,0.95,-0.022,0.75,0.665,-0.06,-0.43,-2.2,,
3656,2026-07-30T22:54:13.105063+00:00,t-arm,5,1.953,session_20260730_225331,student03,0.95,-0.021,0.741,0.66,-0.61,-4.21,0.15,,
3657,2026-07-30T22:54:18.917240+00:00,t-arm,6,0.0,session_20260730_225331,student03,0.95,0.944,-0.279,0.181,1.04,0.52,2.04,,
3658,2026-07-30T22:54:19.018388+00:00,t-arm,6,0.109,session_20260730_225331,student03,0.95,0.942,-0.293,0.183,0.64,0.43,2.32,,
3659,2026-07-30T22:54:19.118838+00:00,t-arm,6,0.203,session_20260730_225331,student03,0.95,0.956,-0.444,0.134,-4.73,3.91,-5.46,,
3660,2026-07-30T22:54:19.212674+00:00,t-arm,6,0.297,session_20260730_225331,student03,0.95,0.944,-0.62,0.037,-36.77,17.27,-45.32,,
3661,2026-07-30T22:54:19.324832+00:00,t-arm,6,0.406,session_20260730_225331,student03,0.95,0.813,-0.481,0.13,-33.91,73.27,-126.1,,
3662,2026-07-30T22:54:19.435898+00:00,t-arm,6,0.531,session_20260730_225331,student03,0.95,0.481,-0.166,0.248,-33.33,120.06,-202.98,,
3663,2026-07-30T22:54:19.545515+00:00,t-arm,6,0.641,session_20260730_225331,student03,0.95,-0.264,0.266,0.379,102.27,159.92,-304.03,,
3664,2026-07-30T22:54:19.654305+00:00,t-arm,6,0.75,session_20260730_225331,student03,0.95,-0.561,1.604,0.841,66.32,96.62,-263.71,,
3665,2026-07-30T22:54:19.764152+00:00,t-arm,6,0.859,session_20260730_225331,student03,0.95,-0.127,1.067,0.948,-44.56,1.83,-21.61,,
3666,2026-07-30T22:54:19.873940+00:00,t-arm,6,0.969,session_20260730_225331,student03,0.95,-0.132,0.951,0.601,3.27,-18.37,26.31,,
3667,2026-07-30T22:54:19.989534+00:00,t-arm,6,1.078,session_20260730_225331,student03,0.95,-0.038,0.71,0.5,1.01,7.84,14.28,,
3668,2026-07-30T22:54:20.091619+00:00,t-arm,6,1.187,session_20260730_225331,student03,0.95,-0.03,0.734,0.57,-1.89,2.53,0.58,,
3669,2026-07-30T22:54:20.205231+00:00,t-arm,6,1.297,session_20260730_225331,student03,0.95,-0.047,0.78,0.609,-10.28,7.32,1.98,,
3670,2026-07-30T22:54:20.316439+00:00,t-arm,6,1.406,session_20260730_225331,student03,0.95,-0.044,0.781,0.585,0.09,-3.75,-2.01,,
3671,2026-07-30T22:54:20.424460+00:00,t-arm,6,1.516,session_20260730_225331,student03,0.95,-0.052,0.79,0.583,-1.43,0.34,-2.9,,
3672,2026-07-30T22:54:20.535254+00:00,t-arm,6,1.625,session_20260730_225331,student03,0.95,-0.051,0.794,0.562,-0.34,0.27,-2.35,,
3673,2026-07-30T22:54:20.645242+00:00,t-arm,6,1.734,session_20260730_225331,student03,0.95,-0.057,0.79,0.578,1.74,1.62,-4.73,,
3674,2026-07-30T22:54:20.753900+00:00,t-arm,6,1.844,session_20260730_225331,student03,0.95,-0.073,0.818,0.585,-0.34,0.27,-3.69,,
3675,2026-07-30T22:54:20.863876+00:00,t-arm,6,1.953,session_20260730_225331,student03,0.95,-0.081,0.832,0.576,-6.38,1.43,-1.16,,
3676,2026-07-30T22:54:23.350900+00:00,t-arm,7,0.0,session_20260730_225331,student03,0.95,0.93,-0.239,0.266,-1.68,-0.34,-3.51,,
3677,2026-07-30T22:54:23.448874+00:00,t-arm,7,0.094,session_20260730_225331,student03,0.95,0.927,-0.252,0.268,-3.36,1.77,-2.41,,
3678,2026-07-30T22:54:23.542289+00:00,t-arm,7,0.188,session_20260730_225331,student03,0.95,0.965,-0.606,0.181,-5.04,-0.12,-14.98,,
3679,2026-07-30T22:54:23.639211+00:00,t-arm,7,0.297,session_20260730_225331,student03,0.95,0.883,-0.773,0.123,-43.82,22.19,-101.5,,
3680,2026-07-30T22:54:23.749071+00:00,t-arm,7,0.407,session_20260730_225331,student03,0.95,0.5,-0.149,0.303,-94.67,92.99,-217.2,,
3681,2026-07-30T22:54:23.854879+00:00,t-arm,7,0.5,session_20260730_225331,student03,0.95,0.176,-0.045,0.428,13.21,134.71,-242.04,,
3682,2026-07-30T22:54:23.952593+00:00,t-arm,7,0.61,session_20260730_225331,student03,0.95,-0.631,0.995,0.638,54.51,88.08,-263.71,,
3683,2026-07-30T22:54:24.065499+00:00,t-arm,7,0.719,session_20260730_225331,student03,0.95,-0.478,1.917,1.011,9.67,93.02,-151.55,,
3684,2026-07-30T22:54:24.174473+00:00,t-arm,7,0.829,session_20260730_225331,student03,0.95,-0.231,1.092,0.822,-8.18,-7.17,7.35,,
3685,2026-07-30T22:54:24.284619+00:00,t-arm,7,0.938,session_20260730_225331,student03,0.95,-0.141,0.692,0.589,-4.0,-14.22,39.37,,
3686,2026-07-30T22:54:24.394854+00:00,t-arm,7,1.047,session_20260730_225331,student03,0.95,-0.098,0.62,0.587,2.9,10.74,4.67,,
3687,2026-07-30T22:54:24.505200+00:00,t-arm,7,1.157,session_20260730_225331,student03,0.95,-0.109,0.702,0.632,-2.08,7.05,-1.4,,
3688,2026-07-30T22:54:24.614627+00:00,t-arm,7,1.266,session_20260730_225331,student03,0.95,-0.138,0.76,0.693,-2.41,5.98,-7.6,,
3689,2026-07-30T22:54:24.709471+00:00,t-arm,7,1.36,session_20260730_225331,student03,0.95,-0.136,0.75,0.671,-0.58,-1.89,0.55,,
3690,2026-07-30T22:54:24.816007+00:00,t-arm,7,1.469,session_20260730_225331,student03,0.95,-0.127,0.723,0.64,5.07,-5.4,1.43,,
3691,2026-07-30T22:54:24.924201+00:00,t-arm,7,1.579,session_20260730_225331,student03,0.95,-0.125,0.719,0.625,-4.03,-0.18,-1.74,,
3692,2026-07-30T22:54:25.033963+00:00,t-arm,7,1.688,session_20260730_225331,student03,0.95,-0.13,0.735,0.632,-0.03,2.26,-1.74,,
3693,2026-07-30T22:54:25.144285+00:00,t-arm,7,1.797,session_20260730_225331,student03,0.95,-0.139,0.757,0.656,2.29,0.92,-0.82,,
3694,2026-07-30T22:54:25.239132+00:00,t-arm,7,1.891,session_20260730_225331,student03,0.95,-0.145,0.746,0.637,-0.7,-1.77,0.64,,
3695,2026-07-30T22:54:27.747430+00:00,t-arm,8,0.0,session_20260730_225331,student03,0.95,0.952,-0.165,0.248,1.28,-1.01,0.27,,
3696,2026-07-30T22:54:27.847913+00:00,t-arm,8,0.109,session_20260730_225331,student03,0.95,0.949,-0.168,0.24,1.31,-0.27,-0.24,,
3697,2026-07-30T22:54:27.955625+00:00,t-arm,8,0.219,session_20260730_225331,student03,0.95,0.971,-0.228,0.235,-3.51,-0.06,-3.02,,
3698,2026-07-30T22:54:28.064968+00:00,t-arm,8,0.328,session_20260730_225331,student03,0.95,1.002,-0.533,0.168,1.62,2.75,-24.54,,
3699,2026-07-30T22:54:28.162748+00:00,t-arm,8,0.422,session_20260730_225331,student03,0.95,0.87,-0.375,0.174,-60.7,28.17,-106.27,,
3700,2026-07-30T22:54:28.258626+00:00,t-arm,8,0.516,session_20260730_225331,student03,0.95,0.681,-0.02,0.3,-46.36,64.67,-147.04,,
3701,2026-07-30T22:54:28.365521+00:00,t-arm,8,0.625,session_20260730_225331,student03,0.95,0.506,0.065,0.179,-72.08,93.69,-161.05,,
3702,2026-07-30T22:54:28.462994+00:00,t-arm,8,0.719,session_20260730_225331,student03,0.95,-0.167,-0.079,0.465,41.51,192.05,-249.37,,
3703,2026-07-30T22:54:28.563747+00:00,t-arm,8,0.828,session_20260730_225331,student03,0.95,-0.718,2.518,1.634,122.01,209.75,-364.7,,
3704,2026-07-30T22:54:28.675006+00:00,t-arm,8,0.938,session_20260730_225331,student03,0.95,-0.195,1.1,0.955,44.19,-8.42,-28.63,,
3705,2026-07-30T22:54:28.785237+00:00,t-arm,8,1.047,session_20260730_225331,student03,0.95,-0.156,0.803,0.594,5.95,-29.85,36.74,,
3706,2026-07-30T22:54:28.895145+00:00,t-arm,8,1.156,session_20260730_225331,student03,0.95,-0.048,0.648,0.449,-14.07,7.26,2.17,,
3707,2026-07-30T22:54:29.004155+00:00,t-arm,8,1.266,session_20260730_225331,student03,0.95,-0.079,0.746,0.608,-0.64,0.92,-6.5,,
3708,2026-07-30T22:54:29.104047+00:00,t-arm,8,1.359,session_20260730_225331,student03,0.95,-0.101,0.839,0.604,-7.81,4.18,-2.78,,
3709,2026-07-30T22:54:29.200261+00:00,t-arm,8,1.453,session_20260730_225331,student03,0.95,-0.093,0.808,0.572,2.47,-4.52,1.62,,
3710,2026-07-30T22:54:29.297893+00:00,t-arm,8,1.563,session_20260730_225331,student03,0.95,-0.09,0.771,0.549,1.4,-1.59,-0.98,,
3711,2026-07-30T22:54:29.408639+00:00,t-arm,8,1.672,session_20260730_225331,student03,0.95,-0.101,0.79,0.569,3.14,-0.46,-2.04,,
3712,2026-07-30T22:54:29.515433+00:00,t-arm,8,1.781,session_20260730_225331,student03,0.95,-0.103,0.817,0.584,-4.36,2.32,-1.31,,
3713,2026-07-30T22:54:29.625001+00:00,t-arm,8,1.891,session_20260730_225331,student03,0.95,-0.11,0.81,0.579,0.89,-1.53,-0.58,,
3714,2026-07-30T22:54:32.189644+00:00,t-arm,9,0.0,session_20260730_225331,student03,0.95,0.957,-0.17,0.21,0.09,-1.5,-1.01,,
3715,2026-07-30T22:54:32.288460+00:00,t-arm,9,0.094,session_20260730_225331,student03,0.95,0.962,-0.166,0.234,0.92,1.31,-0.49,,
3716,2026-07-30T22:54:32.383296+00:00,t-arm,9,0.188,session_20260730_225331,student03,0.95,1.023,-0.473,0.178,4.61,2.23,-12.88,,
3717,2026-07-30T22:54:32.479905+00:00,t-arm,9,0.281,session_20260730_225331,student03,0.95,0.909,-0.571,0.104,-47.7,11.35,-86.09,,
3718,2026-07-30T22:54:32.569308+00:00,t-arm,9,0.375,session_20260730_225331,student03,0.95,0.652,-0.27,0.134,-64.09,41.99,-159.79,,
3719,2026-07-30T22:54:32.675378+00:00,t-arm,9,0.485,session_20260730_225331,student03,0.95,0.447,0.045,0.347,-31.1,95.31,-225.2,,
3720,2026-07-30T22:54:32.785182+00:00,t-arm,9,0.594,session_20260730_225331,student03,0.95,-0.252,0.339,0.598,-52.61,137.18,-259.87,,
3721,2026-07-30T22:54:32.879638+00:00,t-arm,9,0.688,session_20260730_225331,student03,0.95,-0.637,1.435,0.826,17.49,87.44,-290.51,,
3722,2026-07-30T22:54:32.986052+00:00,t-arm,9,0.797,session_20260730_225331,student03,0.95,-0.114,1.005,0.949,-49.75,1.77,-24.78,,
3723,2026-07-30T22:54:33.098762+00:00,t-arm,9,0.906,session_20260730_225331,student03,0.95,-0.156,0.91,0.604,9.77,-21.73,22.4,,
3724,2026-07-30T22:54:33.206030+00:00,t-arm,9,1.016,session_20260730_225331,student03,0.95,-0.038,0.69,0.396,0.09,2.87,2.93,,
3725,2026-07-30T22:54:33.314709+00:00,t-arm,9,1.125,session_20260730_225331,student03,0.95,-0.081,0.801,0.587,4.39,1.92,-1.01,,
3726,2026-07-30T22:54:33.413149+00:00,t-arm,9,1.219,session_20260730_225331,student03,0.95,-0.096,0.861,0.585,-5.31,3.33,2.44,,
3727,2026-07-30T22:54:33.509338+00:00,t-arm,9,1.313,session_20260730_225331,student03,0.95,-0.083,0.793,0.575,-2.78,-2.78,10.01,,
3728,2026-07-30T22:54:33.614869+00:00,t-arm,9,1.422,session_20260730_225331,student03,0.95,-0.081,0.779,0.561,-4.76,0.67,2.29,,
3729,2026-07-30T22:54:33.709157+00:00,t-arm,9,1.516,session_20260730_225331,student03,0.95,-0.096,0.777,0.569,-0.95,0.89,-1.34,,
3730,2026-07-30T22:54:33.816373+00:00,t-arm,9,1.625,session_20260730_225331,student03,0.95,-0.072,0.792,0.594,-0.09,-1.62,-2.29,,
3731,2026-07-30T22:54:33.925796+00:00,t-arm,9,1.735,session_20260730_225331,student03,0.95,-0.082,0.822,0.599,-0.67,-2.72,-1.5,,
3732,2026-07-30T22:54:34.036344+00:00,t-arm,9,1.844,session_20260730_225331,student03,0.95,-0.078,0.789,0.571,-0.52,-0.64,-0.67,,
3733,2026-07-30T22:54:34.145060+00:00,t-arm,9,1.953,session_20260730_225331,student03,0.95,-0.083,0.787,0.562,1.07,0.79,-0.82,,
3734,2026-07-30T22:54:36.538693+00:00,t-arm,10,0.0,session_20260730_225331,student03,0.95,0.944,-0.238,0.284,-0.76,1.04,0.58,,
3735,2026-07-30T22:54:36.639259+00:00,t-arm,10,0.109,session_20260730_225331,student03,0.95,0.949,-0.361,0.241,2.08,-2.66,-8.33,,
3736,2026-07-30T22:54:36.755425+00:00,t-arm,10,0.219,session_20260730_225331,student03,0.95,0.958,-0.631,0.137,-21.58,2.2,-63.11,,
3737,2026-07-30T22:54:36.851118+00:00,t-arm,10,0.312,session_20260730_225331,student03,0.95,0.739,-0.344,0.185,-40.96,42.02,-152.38,,
3738,2026-07-30T22:54:36.952966+00:00,t-arm,10,0.422,session_20260730_225331,student03,0.95,0.562,-0.014,0.345,-91.07,89.45,-183.08,,
3739,2026-07-30T22:54:37.064807+00:00,t-arm,10,0.531,session_20260730_225331,student03,0.95,0.074,0.561,0.703,-37.66,88.2,-209.57,,
3740,2026-07-30T22:54:37.178710+00:00,t-arm,10,0.641,session_20260730_225331,student03,0.95,-0.121,0.53,0.487,54.05,83.41,-215.37,,
3741,2026-07-30T22:54:37.286490+00:00,t-arm,10,0.75,session_20260730_225331,student03,0.95,-0.516,2.004,1.145,48.95,120.3,-192.33,,
3742,2026-07-30T22:54:37.383674+00:00,t-arm,10,0.844,session_20260730_225331,student03,0.95,-0.202,1.09,0.811,-9.7,-4.7,7.05,,
3743,2026-07-30T22:54:37.480442+00:00,t-arm,10,0.937,session_20260730_225331,student03,0.95,-0.137,0.798,0.639,-4.61,-9.64,30.06,,
3744,2026-07-30T22:54:37.573982+00:00,t-arm,10,1.031,session_20260730_225331,student03,0.95,-0.072,0.635,0.535,0.24,-6.93,10.65,,
3745,2026-07-30T22:54:37.668031+00:00,t-arm,10,1.125,session_20260730_225331,student03,0.95,-0.097,0.72,0.669,1.59,4.43,4.03,,
3746,2026-07-30T22:54:37.759781+00:00,t-arm,10,1.219,session_20260730_225331,student03,0.95,-0.086,0.748,0.628,-5.62,-1.53,0.34,,
3747,2026-07-30T22:54:37.860642+00:00,t-arm,10,1.328,session_20260730_225331,student03,0.95,-0.088,0.77,0.64,2.56,-3.48,2.35,,
3748,2026-07-30T22:54:37.974257+00:00,t-arm,10,1.437,session_20260730_225331,student03,0.95,-0.082,0.749,0.609,5.25,-3.36,1.34,,
3749,2026-07-30T22:54:38.085469+00:00,t-arm,10,1.547,session_20260730_225331,student03,0.95,-0.074,0.731,0.603,0.76,3.81,-1.68,,
3750,2026-07-30T22:54:38.179638+00:00,t-arm,10,1.641,session_20260730_225331,student03,0.95,-0.082,0.781,0.621,1.37,1.46,-1.5,,
3751,2026-07-30T22:54:38.285769+00:00,t-arm,10,1.75,session_20260730_225331,student03,0.95,-0.09,0.799,0.606,0.64,1.89,-0.34,,
3752,2026-07-30T22:54:38.395373+00:00,t-arm,10,1.859,session_20260730_225331,student03,0.95,-0.086,0.767,0.601,1.5,-0.12,0.37,,
3753,2026-07-30T22:54:38.505167+00:00,t-arm,10,1.969,session_20260730_225331,student03,0.95,-0.093,0.773,0.616,-0.89,-0.52,-0.18,,
3754,2026-07-30T22:54:40.702559+00:00,t-arm,11,0.0,session_20260730_225331,student03,0.95,0.931,-0.295,0.149,2.62,-0.64,-3.2,,
3755,2026-07-30T22:54:40.815440+00:00,t-arm,11,0.109,session_20260730_225331,student03,0.95,0.954,-0.346,0.143,-3.42,2.66,-5.83,,
3756,2026-07-30T22:54:40.925351+00:00,t-arm,11,0.219,session_20260730_225331,student03,0.95,0.941,-0.405,0.12,-6.81,11.41,-31.89,,
3757,2026-07-30T22:54:41.025968+00:00,t-arm,11,0.312,session_20260730_225331,student03,0.95,0.96,-0.434,0.09,-10.56,23.35,-69.0,,
3758,2026-07-30T22:54:41.120169+00:00,t-arm,11,0.406,session_20260730_225331,student03,0.95,0.862,-0.249,0.202,-59.91,40.44,-115.15,,
3759,2026-07-30T22:54:41.220054+00:00,t-arm,11,0.515,session_20260730_225331,student03,0.95,0.673,0.085,0.365,-2.14,66.71,-141.67,,
3760,2026-07-30T22:54:41.324469+00:00,t-arm,11,0.609,session_20260730_225331,student03,0.95,0.558,0.214,0.274,4.61,54.93,-158.02,,
3761,2026-07-30T22:54:41.420874+00:00,t-arm,11,0.719,session_20260730_225331,student03,0.95,0.216,0.305,0.403,24.75,106.63,-207.65,,
3762,2026-07-30T22:54:41.524452+00:00,t-arm,11,0.812,session_20260730_225331,student03,0.95,-0.548,0.664,0.559,-64.27,108.8,-256.75,,
3763,2026-07-30T22:54:41.619795+00:00,t-arm,11,0.906,session_20260730_225331,student03,0.95,-0.274,1.993,0.832,42.6,37.84,-3.27,,
3764,2026-07-30T22:54:41.710653+00:00,t-arm,11,1.0,session_20260730_225331,student03,0.95,-0.166,1.112,0.948,42.51,12.21,1.43,,
3765,2026-07-30T22:54:41.804713+00:00,t-arm,11,1.094,session_20260730_225331,student03,0.95,-0.092,0.699,0.531,13.49,-24.45,29.42,,
3766,2026-07-30T22:54:41.900777+00:00,t-arm,11,1.187,session_20260730_225331,student03,0.95,-0.053,0.659,0.561,-6.1,8.94,2.04,,
3767,2026-07-30T22:54:41.992474+00:00,t-arm,11,1.281,session_20260730_225331,student03,0.95,-0.051,0.735,0.597,2.9,2.14,-2.69,,
3768,2026-07-30T22:54:42.105220+00:00,t-arm,11,1.39,session_20260730_225331,student03,0.95,-0.063,0.777,0.686,-14.95,4.52,0.89,,
3769,2026-07-30T22:54:42.215202+00:00,t-arm,11,1.5,session_20260730_225331,student03,0.95,-0.067,0.773,0.62,-0.49,-4.03,1.31,,
3770,2026-07-30T22:54:42.310331+00:00,t-arm,11,1.609,session_20260730_225331,student03,0.95,-0.061,0.739,0.625,-3.69,0.24,-2.44,,
3771,2026-07-30T22:54:42.424864+00:00,t-arm,11,1.719,session_20260730_225331,student03,0.95,-0.073,0.784,0.589,39.19,-0.95,-6.2,,
3772,2026-07-30T22:54:42.534972+00:00,t-arm,11,1.828,session_20260730_225331,student03,0.95,-0.076,0.795,0.566,7.9,-3.94,0.55,,
3773,2026-07-30T22:54:42.632836+00:00,t-arm,11,1.922,session_20260730_225331,student03,0.95,-0.073,0.778,0.568,0.67,-0.4,-1.28,,
3774,2026-07-30T22:54:47.711989+00:00,t-arm,12,0.0,session_20260730_225331,student03,0.95,0.957,-0.305,0.11,-0.85,2.84,-0.37,,
3775,2026-07-30T22:54:47.810845+00:00,t-arm,12,0.109,session_20260730_225331,student03,0.95,0.954,-0.318,0.142,-3.14,4.24,-0.06,,
3776,2026-07-30T22:54:47.916044+00:00,t-arm,12,0.203,session_20260730_225331,student03,0.95,0.983,-0.628,-0.006,-15.5,3.48,-15.78,,
3777,2026-07-30T22:54:48.009664+00:00,t-arm,12,0.297,session_20260730_225331,student03,0.95,0.886,-0.664,-0.037,-31.31,46.24,-105.47,,
3778,2026-07-30T22:54:48.110453+00:00,t-arm,12,0.406,session_20260730_225331,student03,0.95,0.626,-0.156,0.247,-76.39,53.68,-159.79,,
3779,2026-07-30T22:54:48.213736+00:00,t-arm,12,0.5,session_20260730_225331,student03,0.95,0.556,0.093,0.403,28.26,98.76,-210.0,,
3780,2026-07-30T22:54:48.314037+00:00,t-arm,12,0.609,session_20260730_225331,student03,0.95,0.241,0.443,0.431,17.09,96.16,-207.89,,
3781,2026-07-30T22:54:48.425489+00:00,t-arm,12,0.719,session_20260730_225331,student03,0.95,-0.408,0.595,0.552,-9.34,105.14,-238.11,,
3782,2026-07-30T22:54:48.525415+00:00,t-arm,12,0.812,session_20260730_225331,student03,0.95,-0.283,1.835,0.91,143.96,21.15,-106.78,,
3783,2026-07-30T22:54:48.619488+00:00,t-arm,12,0.906,session_20260730_225331,student03,0.95,-0.117,1.13,0.902,-0.49,1.53,7.57,,
3784,2026-07-30T22:54:48.709604+00:00,t-arm,12,1.0,session_20260730_225331,student03,0.95,-0.126,0.858,0.578,3.81,-22.16,30.76,,
3785,2026-07-30T22:54:48.803888+00:00,t-arm,12,1.094,session_20260730_225331,student03,0.95,-0.038,0.653,0.462,-4.79,-2.81,14.74,,
3786,2026-07-30T22:54:48.901402+00:00,t-arm,12,1.187,session_20260730_225331,student03,0.95,-0.037,0.738,0.583,1.01,1.19,1.95,,
3787,2026-07-30T22:54:49.009950+00:00,t-arm,12,1.297,session_20260730_225331,student03,0.95,-0.05,0.815,0.615,-0.06,3.3,-0.37,,
3788,2026-07-30T22:54:49.119765+00:00,t-arm,12,1.406,session_20260730_225331,student03,0.95,-0.034,0.78,0.615,0.89,-1.01,0.15,,
3789,2026-07-30T22:54:49.210096+00:00,t-arm,12,1.5,session_20260730_225331,student03,0.95,-0.041,0.776,0.604,1.04,-2.01,2.2,,
3790,2026-07-30T22:54:49.315858+00:00,t-arm,12,1.609,session_20260730_225331,student03,0.95,-0.041,0.763,0.571,3.72,1.86,-0.58,,
3791,2026-07-30T22:54:49.425374+00:00,t-arm,12,1.719,session_20260730_225331,student03,0.95,-0.046,0.777,0.617,-2.93,4.64,-3.27,,
3792,2026-07-30T22:54:49.535645+00:00,t-arm,12,1.828,session_20260730_225331,student03,0.95,-0.053,0.784,0.611,0.95,1.07,-0.55,,
3793,2026-07-30T22:54:49.633898+00:00,t-arm,12,1.922,session_20260730_225331,student03,0.95,-0.062,0.787,0.602,-2.11,-0.06,-2.75,,
3794,2026-07-30T22:54:51.457353+00:00,t-arm,13,0.0,session_20260730_225331,student03,0.95,0.925,-0.362,0.122,-4.27,1.13,-0.24,,
3795,2026-07-30T22:54:51.565092+00:00,t-arm,13,0.109,session_20260730_225331,student03,0.95,0.923,-0.385,0.141,-3.97,0.34,-1.53,,
3796,2026-07-30T22:54:51.675428+00:00,t-arm,13,0.219,session_20260730_225331,student03,0.95,0.966,-0.628,0.01,-7.63,-3.14,-15.59,,
3797,2026-07-30T22:54:51.785023+00:00,t-arm,13,0.328,session_20260730_225331,student03,0.95,0.878,-0.584,0.035,-36.65,34.39,-91.83,,
3798,2026-07-30T22:54:51.880133+00:00,t-arm,13,0.422,session_20260730_225331,student03,0.95,0.732,-0.242,0.105,-34.3,61.1,-146.18,,
3799,2026-07-30T22:54:51.981581+00:00,t-arm,13,0.515,session_20260730_225331,student03,0.95,0.683,0.083,0.269,26.34,99.31,-165.68,,
3800,2026-07-30T22:54:52.080773+00:00,t-arm,13,0.625,session_20260730_225331,student03,0.95,0.581,0.25,0.412,-27.34,81.3,-157.44,,
3801,2026-07-30T22:54:52.186549+00:00,t-arm,13,0.734,session_20260730_225331,student03,0.95,0.015,0.41,0.548,34.12,145.82,-228.95,,
3802,2026-07-30T22:54:52.295775+00:00,t-arm,13,0.844,session_20260730_225331,student03,0.95,-0.547,0.545,0.649,-43.21,75.29,-225.81,,
3803,2026-07-30T22:54:52.409517+00:00,t-arm,13,0.953,session_20260730_225331,student03,0.95,-0.23,1.376,0.782,-96.1,-28.35,38.03,,
3804,2026-07-30T22:54:52.516366+00:00,t-arm,13,1.062,session_20260730_225331,student03,0.95,-0.171,0.939,0.584,9.16,-25.73,29.73,,
3805,2026-07-30T22:54:52.625100+00:00,t-arm,13,1.172,session_20260730_225331,student03,0.95,-0.045,0.576,0.432,1.95,-2.11,23.44,,
3806,2026-07-30T22:54:52.735842+00:00,t-arm,13,1.281,session_20260730_225331,student03,0.95,-0.087,0.737,0.625,-2.44,13.4,-0.58,,
3807,2026-07-30T22:54:52.846600+00:00,t-arm,13,1.39,session_20260730_225331,student03,0.95,-0.102,0.807,0.665,-2.08,6.59,-4.12,,
3808,2026-07-30T22:54:52.954922+00:00,t-arm,13,1.5,session_20260730_225331,student03,0.95,-0.104,0.78,0.621,2.84,-4.33,2.44,,
3809,2026-07-30T22:54:53.066053+00:00,t-arm,13,1.609,session_20260730_225331,student03,0.95,-0.099,0.749,0.578,1.4,-0.49,1.62,,
3810,2026-07-30T22:54:53.175364+00:00,t-arm,13,1.719,session_20260730_225331,student03,0.95,-0.103,0.751,0.59,2.26,3.6,-3.6,,
3811,2026-07-30T22:54:53.284844+00:00,t-arm,13,1.828,session_20260730_225331,student03,0.95,-0.11,0.781,0.61,-1.71,3.36,-5.1,,
3812,2026-07-30T22:54:53.395590+00:00,t-arm,13,1.937,session_20260730_225331,student03,0.95,-0.125,0.794,0.609,1.86,0.55,-0.98,,
3813,2026-07-30T22:54:55.362386+00:00,t-arm,14,0.0,session_20260730_225331,student03,0.95,0.939,-0.274,0.212,3.48,-2.9,6.29,,
3814,2026-07-30T22:54:55.463070+00:00,t-arm,14,0.094,session_20260730_225331,student03,0.95,0.953,-0.309,0.205,3.69,6.2,-10.96,,
3815,2026-07-30T22:54:55.561226+00:00,t-arm,14,0.203,session_20260730_225331,student03,0.95,0.953,-0.415,0.203,-10.83,3.3,-21.94,,
3816,2026-07-30T22:54:55.663808+00:00,t-arm,14,0.297,session_20260730_225331,student03,0.95,0.913,-0.566,0.052,-64.91,17.24,-84.11,,
3817,2026-07-30T22:54:55.759713+00:00,t-arm,14,0.391,session_20260730_225331,student03,0.95,0.696,-0.101,0.248,-16.02,84.32,-148.59,,
3818,2026-07-30T22:54:55.860949+00:00,t-arm,14,0.5,session_20260730_225331,student03,0.95,0.58,0.177,0.313,41.26,84.48,-174.69,,
3819,2026-07-30T22:54:55.963199+00:00,t-arm,14,0.594,session_20260730_225331,student03,0.95,0.355,0.323,0.461,7.93,81.76,-193.52,,
3820,2026-07-30T22:54:56.064861+00:00,t-arm,14,0.703,session_20260730_225331,student03,0.95,-0.456,0.686,0.493,11.29,90.21,-266.37,,
3821,2026-07-30T22:54:56.176279+00:00,t-arm,14,0.813,session_20260730_225331,student03,0.95,-0.523,2.19,1.059,21.21,84.63,-126.65,,
3822,2026-07-30T22:54:56.275255+00:00,t-arm,14,0.906,session_20260730_225331,student03,0.95,-0.232,1.021,0.896,9.16,-4.43,-3.3,,
3823,2026-07-30T22:54:56.369771+00:00,t-arm,14,1.0,session_20260730_225331,student03,0.95,-0.154,0.73,0.66,1.37,-26.22,25.21,,
3824,2026-07-30T22:54:56.460391+00:00,t-arm,14,1.094,session_20260730_225331,student03,0.95,-0.093,0.631,0.48,5.25,1.34,7.29,,
3825,2026-07-30T22:54:56.560511+00:00,t-arm,14,1.203,session_20260730_225331,student03,0.95,-0.124,0.682,0.651,-9.19,9.7,-1.62,,
3826,2026-07-30T22:54:56.675910+00:00,t-arm,14,1.313,session_20260730_225331,student03,0.95,-0.148,0.767,0.7,-6.1,6.53,-2.2,,
3827,2026-07-30T22:54:56.785346+00:00,t-arm,14,1.422,session_20260730_225331,student03,0.95,-0.148,0.726,0.676,-2.04,-3.3,0.18,,
3828,2026-07-30T22:54:56.896961+00:00,t-arm,14,1.531,session_20260730_225331,student03,0.95,-0.127,0.685,0.606,0.82,-2.04,0.09,,
3829,2026-07-30T22:54:57.005224+00:00,t-arm,14,1.641,session_20260730_225331,student03,0.95,-0.155,0.739,0.64,2.66,4.21,-4.27,,
3830,2026-07-30T22:54:57.100066+00:00,t-arm,14,1.734,session_20260730_225331,student03,0.95,-0.16,0.762,0.657,3.27,0.55,-1.13,,
3831,2026-07-30T22:54:57.205968+00:00,t-arm,14,1.844,session_20260730_225331,student03,0.95,-0.152,0.749,0.646,2.14,-2.01,2.2,,
3832,2026-07-30T22:54:57.315876+00:00,t-arm,14,1.953,session_20260730_225331,student03,0.95,-0.143,0.728,0.602,3.51,0.37,-0.58,,
3833,2026-07-30T22:55:01.154838+00:00,clapping,0,0.0,session_20260730_225331,student03,0.95,1.061,-0.51,1.156,336.41,-44.71,42.94,,
3834,2026-07-30T22:55:01.265334+00:00,clapping,0,0.109,session_20260730_225331,student03,0.95,0.38,0.606,1.267,-0.7,-32.41,-17.4,,
3835,2026-07-30T22:55:01.376814+00:00,clapping,0,0.219,session_20260730_225331,student03,0.95,0.568,0.753,-0.896,27.01,-95.28,-34.88,,
3836,2026-07-30T22:55:01.486638+00:00,clapping,0,0.328,session_20260730_225331,student03,0.95,3.003,-1.495,-3.28,407.09,-277.69,-36.01,,
3837,2026-07-30T22:55:01.596693+00:00,clapping,0,0.437,session_20260730_225331,student03,0.95,0.323,0.618,1.126,-37.02,-53.99,-8.39,,
3838,2026-07-30T22:55:01.706389+00:00,clapping,0,0.547,session_20260730_225331,student03,0.95,0.66,0.749,-1.081,20.23,-67.32,-28.08,,
3839,2026-07-30T22:55:01.816463+00:00,clapping,0,0.656,session_20260730_225331,student03,0.95,1.444,2.163,-0.618,-216.53,83.53,19.78,,
3840,2026-07-30T22:55:01.926606+00:00,clapping,0,0.766,session_20260730_225331,student03,0.95,0.541,0.416,0.96,-12.79,-123.57,-10.9,,
3841,2026-07-30T22:55:02.036875+00:00,clapping,0,0.875,session_20260730_225331,student03,0.95,0.606,0.816,-1.34,13.76,114.14,-8.79,,
3842,2026-07-30T22:55:02.146137+00:00,clapping,0,0.984,session_20260730_225331,student03,0.95,0.072,-0.031,1.241,-232.61,142.31,71.2,,
3843,2026-07-30T22:55:02.240804+00:00,clapping,0,1.078,session_20260730_225331,student03,0.95,0.482,0.502,0.896,-6.9,-212.68,-53.65,,
3844,2026-07-30T22:55:02.346112+00:00,clapping,0,1.187,session_20260730_225331,student03,0.95,0.394,0.806,-1.587,-11.69,145.79,10.59,,
3845,2026-07-30T22:55:02.443094+00:00,clapping,0,1.281,session_20260730_225331,student03,0.95,0.384,2.242,0.485,-247.63,126.32,-64.33,,
3846,2026-07-30T22:55:02.543675+00:00,clapping,0,1.375,session_20260730_225331,student03,0.95,0.502,0.532,0.847,-39.37,-166.45,-21.39,,
3847,2026-07-30T22:55:02.640490+00:00,clapping,0,1.484,session_20260730_225331,student03,0.95,0.648,0.911,-1.962,6.26,-17.15,12.54,,
3848,2026-07-30T22:55:02.739091+00:00,clapping,0,1.578,session_20260730_225331,student03,0.95,2.092,-1.499,-1.391,123.78,-30.88,139.62,,
3849,2026-07-30T22:55:02.839976+00:00,clapping,0,1.672,session_20260730_225331,student03,0.95,0.497,0.543,0.994,9.28,-134.77,-29.02,,
3850,2026-07-30T22:55:02.931399+00:00,clapping,0,1.766,session_20260730_225331,student03,0.95,0.429,1.086,-1.568,27.01,-153.05,-37.45,,
3851,2026-07-30T22:55:03.031548+00:00,clapping,0,1.875,session_20260730_225331,student03,0.95,0.202,0.943,-0.039,11.93,410.54,27.74,,
3852,2026-07-30T22:55:03.146330+00:00,clapping,0,1.984,session_20260730_225331,student03,0.95,0.562,0.627,1.116,3.05,-138.95,-37.08,,
3853,2026-07-30T22:55:04.750609+00:00,clapping,1,0.0,session_20260730_225331,student03,0.95,0.515,0.701,0.343,-8.76,-266.43,-64.18,,
3854,2026-07-30T22:55:04.854749+00:00,clapping,1,0.093,session_20260730_225331,student03,0.95,0.245,0.461,-1.886,-22.61,141.12,57.77,,
3855,2026-07-30T22:55:04.954909+00:00,clapping,1,0.203,session_20260730_225331,student03,0.95,3.128,-2.259,-1.691,98.48,-212.81,44.01,,
3856,2026-07-30T22:55:05.066921+00:00,clapping,1,0.312,session_20260730_225331,student03,0.95,0.609,0.688,0.307,-53.35,-232.58,-28.93,,
3857,2026-07-30T22:55:05.163797+00:00,clapping,1,0.406,session_20260730_225331,student03,0.95,0.461,0.362,-1.802,5.07,121.83,55.7,,
3858,2026-07-30T22:55:05.260055+00:00,clapping,1,0.5,session_20260730_225331,student03,0.95,3.49,-3.933,-2.331,336.77,-235.54,80.97,,
3859,2026-07-30T22:55:05.355373+00:00,clapping,1,0.593,session_20260730_225331,student03,0.95,0.724,0.806,0.699,-34.73,-209.42,-50.87,,
3860,2026-07-30T22:55:05.449830+00:00,clapping,1,0.687,session_20260730_225331,student03,0.95,0.417,0.695,-1.807,46.11,-84.41,18.46,,
3861,2026-07-30T22:55:05.550857+00:00,clapping,1,0.797,session_20260730_225331,student03,0.95,-0.164,0.696,1.912,-82.89,599.51,13.64,,
3862,2026-07-30T22:55:05.651594+00:00,clapping,1,0.89,session_20260730_225331,student03,0.95,0.684,0.562,0.966,2.99,-173.13,-30.88,,
3863,2026-07-30T22:55:05.753372+00:00,clapping,1,1.0,session_20260730_225331,student03,0.95,0.371,0.842,-1.788,72.45,-195.5,-1.04,,
3864,2026-07-30T22:55:05.870703+00:00,clapping,1,1.109,session_20260730_225331,student03,0.95,-0.495,1.016,2.067,-52.92,534.41,-16.75,,
3865,2026-07-30T22:55:05.960114+00:00,clapping,1,1.203,session_20260730_225331,student03,0.95,0.449,0.532,1.535,14.62,-77.18,-39.46,,
3866,2026-07-30T22:55:06.066898+00:00,clapping,1,1.312,session_20260730_225331,student03,0.95,0.437,0.757,-1.937,107.09,-252.97,-8.45,,
3867,2026-07-30T22:55:06.180799+00:00,clapping,1,1.422,session_20260730_225331,student03,0.95,-1.777,2.372,3.785,-131.81,487.78,-41.26,,
3868,2026-07-30T22:55:06.272529+00:00,clapping,1,1.515,session_20260730_225331,student03,0.95,0.568,0.754,0.793,26.43,-198.43,-10.07,,
3869,2026-07-30T22:55:06.370620+00:00,clapping,1,1.609,session_20260730_225331,student03,0.95,0.546,0.351,-2.065,-11.2,-105.99,40.83,,
3870,2026-07-30T22:55:06.470857+00:00,clapping,1,1.718,session_20260730_225331,student03,0.95,-0.003,0.391,0.177,-80.02,521.62,5.92,,
3871,2026-07-30T22:55:06.575713+00:00,clapping,1,1.812,session_20260730_225331,student03,0.95,0.688,0.528,0.865,66.96,-126.74,-41.05,,
3872,2026-07-30T22:55:06.675704+00:00,clapping,1,1.922,session_20260730_225331,student03,0.95,0.519,0.782,-1.895,41.35,-144.57,-3.85,,
3873,2026-07-30T22:55:07.228256+00:00,clapping,2,0.0,session_20260730_225331,student03,0.95,0.295,0.395,-0.675,84.41,-331.55,-75.96,,
3874,2026-07-30T22:55:07.330204+00:00,clapping,2,0.11,session_20260730_225331,student03,0.95,0.284,0.118,-1.132,-18.43,391.49,-14.16,,
3875,2026-07-30T22:55:07.431442+00:00,clapping,2,0.204,session_20260730_225331,student03,0.95,-0.049,-0.607,1.688,-207.56,138.92,89.42,,
3876,2026-07-30T22:55:07.524201+00:00,clapping,2,0.297,session_20260730_225331,student03,0.95,0.434,0.509,-0.133,56.03,-264.44,-48.16,,
3877,2026-07-30T22:55:07.624449+00:00,clapping,2,0.407,session_20260730_225331,student03,0.95,0.413,-0.042,-1.29,-42.02,334.97,27.16,,
3878,2026-07-30T22:55:07.725927+00:00,clapping,2,0.5,session_20260730_225331,student03,0.95,-0.053,-0.193,1.619,-152.32,160.89,54.41,,
3879,2026-07-30T22:55:07.837349+00:00,clapping,2,0.61,session_20260730_225331,student03,0.95,0.529,0.366,-0.238,72.3,-256.23,-27.92,,
3880,2026-07-30T22:55:07.950721+00:00,clapping,2,0.719,session_20260730_225331,student03,0.95,-0.126,0.327,1.814,-94.52,447.89,-4.82,,
3881,2026-07-30T22:55:08.050851+00:00,clapping,2,0.829,session_20260730_225331,student03,0.95,0.683,0.306,1.77,26.46,-16.3,-7.57,,
3882,2026-07-30T22:55:08.156920+00:00,clapping,2,0.938,session_20260730_225331,student03,0.95,0.801,0.297,-1.969,64.12,-147.71,16.79,,
3883,2026-07-30T22:55:08.269468+00:00,clapping,2,1.047,session_20260730_225331,student03,0.95,2.069,3.209,-0.151,-293.47,78.55,-80.23,,
3884,2026-07-30T22:55:08.376378+00:00,clapping,2,1.157,session_20260730_225331,student03,0.95,0.67,0.121,0.496,-53.19,-216.59,-14.59,,
3885,2026-07-30T22:55:08.487359+00:00,clapping,2,1.266,session_20260730_225331,student03,0.95,0.585,0.01,-1.456,-51.24,295.82,20.63,,
3886,2026-07-30T22:55:08.596238+00:00,clapping,2,1.375,session_20260730_225331,student03,0.95,0.63,-0.443,1.638,-146.98,167.61,-6.44,,
3887,2026-07-30T22:55:08.707038+00:00,clapping,2,1.485,session_20260730_225331,student03,0.95,0.353,0.733,-0.886,127.48,-310.19,-58.29,,
3888,2026-07-30T22:55:08.805625+00:00,clapping,2,1.579,session_20260730_225331,student03,0.95,-0.219,1.631,2.617,136.72,57.56,43.95,,
3889,2026-07-30T22:55:08.901628+00:00,clapping,2,1.672,session_20260730_225331,student03,0.95,0.253,0.209,1.741,28.99,-46.14,-8.21,,
3890,2026-07-30T22:55:09.000642+00:00,clapping,2,1.782,session_20260730_225331,student03,0.95,0.592,0.589,-1.658,88.23,-223.94,-5.4,,
3891,2026-07-30T22:55:09.102572+00:00,clapping,2,1.875,session_20260730_225331,student03,0.95,2.025,-0.959,-2.212,451.22,-328.87,76.24,,
3892,2026-07-30T22:55:09.203949+00:00,clapping,2,1.985,session_20260730_225331,student03,0.95,0.425,0.409,1.549,47.85,-98.21,-43.61,,
3893,2026-07-30T22:55:09.827165+00:00,clapping,3,0.0,session_20260730_225331,student03,0.95,0.664,0.451,0.436,17.7,-259.53,-21.0,,
3894,2026-07-30T22:55:09.936322+00:00,clapping,3,0.109,session_20260730_225331,student03,0.95,0.57,-0.204,-1.55,-103.34,251.63,17.91,,
3895,2026-07-30T22:55:10.047524+00:00,clapping,3,0.219,session_20260730_225331,student03,0.95,0.374,0.512,2.22,12.09,129.76,12.27,,
3896,2026-07-30T22:55:10.156650+00:00,clapping,3,0.328,session_20260730_225331,student03,0.95,0.726,0.167,-0.997,96.65,-237.22,-2.72,,
3897,2026-07-30T22:55:10.269970+00:00,clapping,3,0.437,session_20260730_225331,student03,0.95,2.556,2.028,-1.2,-211.83,163.21,-50.39,,
3898,2026-07-30T22:55:10.371806+00:00,clapping,3,0.531,session_20260730_225331,student03,0.95,0.442,0.442,0.99,39.28,-181.16,-33.08,,
3899,2026-07-30T22:55:10.460009+00:00,clapping,3,0.625,session_20260730_225331,student03,0.95,0.542,0.327,-1.429,146.73,-249.03,-17.18,,
3900,2026-07-30T22:55:10.567111+00:00,clapping,3,0.734,session_20260730_225331,student03,0.95,3.521,-1.87,-3.453,635.33,-212.84,-4.39,,
3901,2026-07-30T22:55:10.664578+00:00,clapping,3,0.828,session_20260730_225331,student03,0.95,0.539,0.512,1.184,72.57,-157.93,-49.23,,
3902,2026-07-30T22:55:10.760852+00:00,clapping,3,0.922,session_20260730_225331,student03,0.95,0.553,0.809,-2.021,32.59,-175.42,-7.05,,
3903,2026-07-30T22:55:10.861059+00:00,clapping,3,1.031,session_20260730_225331,student03,0.95,1.435,-0.393,1.055,253.21,-99.61,83.77,,
3904,2026-07-30T22:55:10.960405+00:00,clapping,3,1.125,session_20260730_225331,student03,0.95,0.331,0.123,1.714,85.09,-27.56,-15.96,,
3905,2026-07-30T22:55:11.067890+00:00,clapping,3,1.234,session_20260730_225331,student03,0.95,0.76,0.729,-2.116,95.71,-133.27,5.22,,
3906,2026-07-30T22:55:11.171575+00:00,clapping,3,1.344,session_20260730_225331,student03,0.95,2.508,-1.562,-1.672,441.21,-231.7,27.99,,
3907,2026-07-30T22:55:11.287258+00:00,clapping,3,1.453,session_20260730_225331,student03,0.95,0.598,0.637,0.851,5.92,-163.06,-33.11,,
3908,2026-07-30T22:55:11.383886+00:00,clapping,3,1.547,session_20260730_225331,student03,0.95,0.668,0.714,-1.784,53.07,-93.81,-4.18,,
3909,2026-07-30T22:55:11.481966+00:00,clapping,3,1.64,session_20260730_225331,student03,0.95,-0.343,1.862,3.129,21.85,179.14,-20.02,,
3910,2026-07-30T22:55:11.574915+00:00,clapping,3,1.734,session_20260730_225331,student03,0.95,0.463,0.516,1.243,85.06,-63.81,-23.83,,
3911,2026-07-30T22:55:11.671572+00:00,clapping,3,1.844,session_20260730_225331,student03,0.95,0.587,0.721,-1.223,77.67,-197.61,-21.67,,
3912,2026-07-30T22:55:11.786709+00:00,clapping,3,1.953,session_20260730_225331,student03,0.95,0.566,0.666,1.364,98.97,-134.28,48.16,,
3913,2026-07-30T22:55:12.762845+00:00,clapping,4,0.0,session_20260730_225331,student03,0.95,-0.058,-0.343,1.843,-85.94,78.46,76.05,,
3914,2026-07-30T22:55:12.855503+00:00,clapping,4,0.093,session_20260730_225331,student03,0.95,0.679,0.284,0.459,-29.45,-263.83,-23.04,,
3915,2026-07-30T22:55:12.950725+00:00,clapping,4,0.187,session_20260730_225331,student03,0.95,0.645,0.066,-1.868,-50.69,92.62,34.64,,
3916,2026-07-30T22:55:13.043593+00:00,clapping,4,0.281,session_20260730_225331,student03,0.95,1.82,2.601,0.851,-277.47,267.13,-151.4,,
3917,2026-07-30T22:55:13.140960+00:00,clapping,4,0.39,session_20260730_225331,student03,0.95,0.721,0.412,0.402,1.5,-222.14,-51.3,,
3918,2026-07-30T22:55:13.257482+00:00,clapping,4,0.5,session_20260730_225331,student03,0.95,0.589,-0.149,-1.364,-49.56,226.26,23.5,,
3919,2026-07-30T22:55:13.355646+00:00,clapping,4,0.593,session_20260730_225331,student03,0.95,-0.118,-0.146,1.833,-177.98,108.65,19.23,,
3920,2026-07-30T22:55:13.450825+00:00,clapping,4,0.687,session_20260730_225331,student03,0.95,0.544,0.598,-0.05,46.08,-243.29,-44.31,,
3921,2026-07-30T22:55:13.551250+00:00,clapping,4,0.797,session_20260730_225331,student03,0.95,0.56,-0.032,-1.467,-19.68,192.18,25.76,,
3922,2026-07-30T22:55:13.657321+00:00,clapping,4,0.906,session_20260730_225331,student03,0.95,0.121,-0.627,1.455,-91.68,107.58,69.34,,
3923,2026-07-30T22:55:13.766444+00:00,clapping,4,1.015,session_20260730_225331,student03,0.95,0.482,0.627,-0.199,59.88,-235.63,-50.94,,
3924,2026-07-30T22:55:13.876555+00:00,clapping,4,1.125,session_20260730_225331,student03,0.95,0.346,-0.018,-1.324,-9.98,345.1,58.75,,
3925,2026-07-30T22:55:13.976113+00:00,clapping,4,1.218,session_20260730_225331,student03,0.95,0.112,-0.275,2.094,-131.2,127.99,48.16,,
3926,2026-07-30T22:55:14.071919+00:00,clapping,4,1.312,session_20260730_225331,student03,0.95,0.454,0.533,-0.117,56.03,-289.28,-78.77,,
3927,2026-07-30T22:55:14.172174+00:00,clapping,4,1.422,session_20260730_225331,student03,0.95,0.427,-0.144,-1.223,-37.32,290.05,38.06,,
3928,2026-07-30T22:55:14.275485+00:00,clapping,4,1.515,session_20260730_225331,student03,0.95,0.194,-0.42,2.481,-73.85,91.46,27.77,,
3929,2026-07-30T22:55:14.370280+00:00,clapping,4,1.609,session_20260730_225331,student03,0.95,0.619,0.563,0.209,61.86,-214.64,-64.79,,
3930,2026-07-30T22:55:14.464742+00:00,clapping,4,1.703,session_20260730_225331,student03,0.95,0.577,0.067,-1.537,-5.8,184.24,62.26,,
3931,2026-07-30T22:55:14.565645+00:00,clapping,4,1.812,session_20260730_225331,student03,0.95,0.112,0.108,1.792,-216.71,225.59,8.42,,
3932,2026-07-30T22:55:14.675805+00:00,clapping,4,1.922,session_20260730_225331,student03,0.95,0.566,0.412,0.132,32.47,-262.89,-57.19,,
3933,2026-07-30T22:55:15.249601+00:00,clapping,5,0.0,session_20260730_225331,student03,0.95,0.616,0.676,1.162,89.33,-98.18,-46.3,,
3934,2026-07-30T22:55:15.367504+00:00,clapping,5,0.109,session_20260730_225331,student03,0.95,0.644,0.589,-1.51,2.99,-38.45,27.89,,
3935,2026-07-30T22:55:15.463482+00:00,clapping,5,0.203,session_20260730_225331,student03,0.95,3.689,-1.646,-3.756,298.04,-320.66,125.31,,
3936,2026-07-30T22:55:15.566016+00:00,clapping,5,0.312,session_20260730_225331,student03,0.95,0.572,0.569,1.181,34.15,-70.65,-26.49,,
3937,2026-07-30T22:55:15.676745+00:00,clapping,5,0.422,session_20260730_225331,student03,0.95,0.696,0.505,-1.237,9.49,-126.93,18.49,,
3938,2026-07-30T22:55:15.773172+00:00,clapping,5,0.515,session_20260730_225331,student03,0.95,-1.701,0.51,3.216,309.67,179.69,62.44,,
3939,2026-07-30T22:55:15.871813+00:00,clapping,5,0.609,session_20260730_225331,student03,0.95,0.646,0.139,1.468,37.11,-34.73,5.07,,
3940,2026-07-30T22:55:15.960677+00:00,clapping,5,0.703,session_20260730_225331,student03,0.95,0.531,0.346,-0.302,54.2,-272.68,-51.18,,
3941,2026-07-30T22:55:16.066412+00:00,clapping,5,0.812,session_20260730_225331,student03,0.95,0.343,0.028,-0.602,-33.42,402.05,13.25,,
3942,2026-07-30T22:55:16.163894+00:00,clapping,5,0.906,session_20260730_225331,student03,0.95,0.654,0.184,1.545,-22.28,102.39,27.5,,
3943,2026-07-30T22:55:16.260463+00:00,clapping,5,1.0,session_20260730_225331,student03,0.95,0.626,0.297,-0.299,66.81,-267.31,-64.88,,
3944,2026-07-30T22:55:16.361371+00:00,clapping,5,1.109,session_20260730_225331,student03,0.95,0.425,-0.078,-0.822,-39.64,335.52,26.34,,
3945,2026-07-30T22:55:16.460671+00:00,clapping,5,1.203,session_20260730_225331,student03,0.95,0.291,-0.21,2.076,-107.64,79.41,55.06,,
3946,2026-07-30T22:55:16.553259+00:00,clapping,5,1.297,session_20260730_225331,student03,0.95,0.477,0.5,-0.861,125.83,-257.0,-73.79,,
3947,2026-07-30T22:55:16.670626+00:00,clapping,5,1.422,session_20260730_225331,student03,0.95,2.919,-0.746,-2.956,497.45,-201.61,-27.59,,
3948,2026-07-30T22:55:16.772174+00:00,clapping,5,1.515,session_20260730_225331,student03,0.95,0.428,0.441,1.076,96.99,-139.56,-48.19,,
3949,2026-07-30T22:55:16.874783+00:00,clapping,5,1.625,session_20260730_225331,student03,0.95,0.799,0.793,-1.806,5.58,-155.77,32.41,,
3950,2026-07-30T22:55:16.987127+00:00,clapping,5,1.734,session_20260730_225331,student03,0.95,2.568,-0.909,-1.889,217.57,-29.69,27.19,,
3951,2026-07-30T22:55:17.097872+00:00,clapping,5,1.843,session_20260730_225331,student03,0.95,0.776,0.766,0.891,52.98,-226.11,-75.05,,
3952,2026-07-30T22:55:17.208191+00:00,clapping,5,1.953,session_20260730_225331,student03,0.95,0.578,0.075,-1.798,-73.43,53.29,83.44,,
3953,2026-07-30T22:55:17.844647+00:00,clapping,6,0.0,session_20260730_225331,student03,0.95,0.65,-0.081,-1.772,-52.83,135.5,31.5,,
3954,2026-07-30T22:55:17.956437+00:00,clapping,6,0.11,session_20260730_225331,student03,0.95,-0.14,0.158,1.423,-148.41,243.35,-18.95,,
3955,2026-07-30T22:55:18.070060+00:00,clapping,6,0.219,session_20260730_225331,student03,0.95,0.533,0.607,-0.163,91.86,-249.52,-27.25,,
3956,2026-07-30T22:55:18.176720+00:00,clapping,6,0.329,session_20260730_225331,student03,0.95,0.433,-0.197,-0.914,-71.41,337.29,11.41,,
3957,2026-07-30T22:55:18.276186+00:00,clapping,6,0.422,session_20260730_225331,student03,0.95,0.427,0.509,1.695,19.35,10.5,-36.81,,
3958,2026-07-30T22:55:18.370933+00:00,clapping,6,0.516,session_20260730_225331,student03,0.95,0.47,0.553,-0.219,79.9,-245.0,1.16,,
3959,2026-07-30T22:55:18.464546+00:00,clapping,6,0.61,session_20260730_225331,student03,0.95,0.382,-0.061,-1.044,-62.81,312.85,29.91,,
3960,2026-07-30T22:55:18.566155+00:00,clapping,6,0.719,session_20260730_225331,student03,0.95,0.07,-0.12,1.713,-70.38,176.82,10.13,,
3961,2026-07-30T22:55:18.660548+00:00,clapping,6,0.813,session_20260730_225331,student03,0.95,0.533,0.695,-0.341,49.1,-187.51,-23.99,,
3962,2026-07-30T22:55:18.760694+00:00,clapping,6,0.907,session_20260730_225331,student03,0.95,0.42,0.202,-1.087,-32.99,326.27,25.54,,
3963,2026-07-30T22:55:18.861680+00:00,clapping,6,1.016,session_20260730_225331,student03,0.95,0.099,0.098,1.027,-73.73,215.0,-28.9,,
3964,2026-07-30T22:55:18.969556+00:00,clapping,6,1.125,session_20260730_225331,student03,0.95,0.58,0.467,-0.026,38.64,-258.43,-0.46,,
3965,2026-07-30T22:55:19.069997+00:00,clapping,6,1.219,session_20260730_225331,student03,0.95,0.507,0.133,-1.074,-59.33,267.49,20.33,,
3966,2026-07-30T22:55:19.171255+00:00,clapping,6,1.329,session_20260730_225331,student03,0.95,0.066,-0.217,1.173,-38.18,248.94,20.54,,
3967,2026-07-30T22:55:19.276687+00:00,clapping,6,1.422,session_20260730_225331,student03,0.95,0.554,0.487,-0.216,89.54,-244.18,13.98,,
3968,2026-07-30T22:55:19.375509+00:00,clapping,6,1.532,session_20260730_225331,student03,0.95,0.465,-0.119,-1.049,-82.06,329.14,-13.86,,
3969,2026-07-30T22:55:19.490706+00:00,clapping,6,1.641,session_20260730_225331,student03,0.95,0.303,0.291,1.485,28.29,30.27,-33.42,,
3970,2026-07-30T22:55:19.596601+00:00,clapping,6,1.75,session_20260730_225331,student03,0.95,0.547,0.428,-0.711,86.31,-249.92,24.75,,
3971,2026-07-30T22:55:19.710174+00:00,clapping,6,1.86,session_20260730_225331,student03,0.95,3.137,-0.393,-1.641,-41.35,137.36,28.47,,
3972,2026-07-30T22:55:19.812271+00:00,clapping,6,1.969,session_20260730_225331,student03,0.95,0.352,0.411,1.408,43.67,-114.41,-48.59,,
3973,2026-07-30T22:55:20.406970+00:00,clapping,7,0.0,session_20260730_225331,student03,0.95,0.238,0.559,1.58,12.18,-34.39,-15.93,,
3974,2026-07-30T22:55:20.518729+00:00,clapping,7,0.109,session_20260730_225331,student03,0.95,0.702,0.501,-1.304,40.07,-150.67,8.12,,
3975,2026-07-30T22:55:20.620720+00:00,clapping,7,0.203,session_20260730_225331,student03,0.95,-1.564,2.46,2.649,74.86,-162.97,87.13,,
3976,2026-07-30T22:55:20.721713+00:00,clapping,7,0.312,session_20260730_225331,student03,0.95,0.315,0.561,1.45,7.45,31.98,8.67,,
3977,2026-07-30T22:55:20.827802+00:00,clapping,7,0.422,session_20260730_225331,student03,0.95,0.758,0.503,-1.011,39.16,-153.81,8.67,,
3978,2026-07-30T22:55:20.940300+00:00,clapping,7,0.531,session_20260730_225331,student03,0.95,3.121,0.178,-1.331,-179.94,70.89,-68.33,,
3979,2026-07-30T22:55:21.043921+00:00,clapping,7,0.625,session_20260730_225331,student03,0.95,0.549,0.483,0.92,4.94,-191.05,-12.3,,
3980,2026-07-30T22:55:21.144889+00:00,clapping,7,0.734,session_20260730_225331,student03,0.95,0.776,0.26,-1.692,-35.46,11.66,28.14,,
3981,2026-07-30T22:55:21.244194+00:00,clapping,7,0.828,session_20260730_225331,student03,0.95,2.157,-0.027,-1.012,-130.19,99.34,-54.2,,
3982,2026-07-30T22:55:21.340991+00:00,clapping,7,0.922,session_20260730_225331,student03,0.95,0.453,0.408,1.272,24.05,-108.58,-14.62,,
3983,2026-07-30T22:55:21.450438+00:00,clapping,7,1.031,session_20260730_225331,student03,0.95,0.684,0.524,-1.541,78.13,-217.29,8.58,,
3984,2026-07-30T22:55:21.540249+00:00,clapping,7,1.125,session_20260730_225331,student03,0.95,-0.041,2.18,2.895,-150.24,95.95,8.48,,
3985,2026-07-30T22:55:21.641960+00:00,clapping,7,1.234,session_20260730_225331,student03,0.95,0.507,0.46,1.067,29.02,-139.59,-3.02,,
3986,2026-07-30T22:55:21.741027+00:00,clapping,7,1.328,session_20260730_225331,student03,0.95,0.776,0.319,-1.773,7.6,-148.41,39.58,,
3987,2026-07-30T22:55:21.842459+00:00,clapping,7,1.437,session_20260730_225331,student03,0.95,-0.721,2.431,2.532,-7.35,0.79,-19.35,,
3988,2026-07-30T22:55:21.957270+00:00,clapping,7,1.547,session_20260730_225331,student03,0.95,0.648,0.589,1.108,18.43,-117.25,-15.96,,
3989,2026-07-30T22:55:22.071154+00:00,clapping,7,1.656,session_20260730_225331,student03,0.95,0.657,0.491,-1.469,0.67,-187.29,-9.92,,
3990,2026-07-30T22:55:22.176599+00:00,clapping,7,1.766,session_20260730_225331,student03,0.95,2.364,0.046,-2.342,169.84,-253.06,16.79,,
3991,2026-07-30T22:55:22.271491+00:00,clapping,7,1.859,session_20260730_225331,student03,0.95,0.334,0.86,1.36,46.05,-103.61,-30.34,,
3992,2026-07-30T22:55:22.380252+00:00,clapping,7,1.969,session_20260730_225331,student03,0.95,0.638,0.469,-1.601,78.55,-237.98,59.51,,
3993,2026-07-30T22:55:22.958352+00:00,clapping,8,0.0,session_20260730_225331,student03,0.95,0.568,0.343,0.173,56.79,-250.01,-32.38,,
3994,2026-07-30T22:55:23.067078+00:00,clapping,8,0.109,session_20260730_225331,student03,0.95,0.622,-0.048,-1.338,-50.29,228.68,3.94,,
3995,2026-07-30T22:55:23.176429+00:00,clapping,8,0.219,session_20260730_225331,student03,0.95,-0.192,-0.022,1.43,-6.41,205.18,44.98,,
3996,2026-07-30T22:55:23.286220+00:00,clapping,8,0.328,session_20260730_225331,student03,0.95,0.618,0.357,-0.285,72.36,-227.3,-12.73,,
3997,2026-07-30T22:55:23.385096+00:00,clapping,8,0.422,session_20260730_225331,student03,0.95,0.535,-0.171,-0.834,-62.5,315.65,11.99,,
3998,2026-07-30T22:55:23.500633+00:00,clapping,8,0.547,session_20260730_225331,student03,0.95,0.43,0.543,1.309,48.34,-116.06,-19.78,,
3999,2026-07-30T22:55:23.617815+00:00,clapping,8,0.656,session_20260730_225331,student03,0.95,0.861,0.503,-1.774,15.9,-73.79,29.18,,
4000,2026-07-30T22:55:23.721845+00:00,clapping,8,0.765,session_20260730_225331,student03,0.95,3.018,-2.558,-2.798,268.59,-152.99,92.62,,
4001,2026-07-30T22:55:23.837514+00:00,clapping,8,0.875,session_20260730_225331,student03,0.95,0.611,0.492,0.932,39.89,-232.34,-23.44,,
4002,2026-07-30T22:55:23.935747+00:00,clapping,8,0.984,session_20260730_225331,student03,0.95,0.929,-0.146,-1.456,-32.84,-64.91,41.02,,
4003,2026-07-30T22:55:24.046196+00:00,clapping,8,1.094,session_20260730_225331,student03,0.95,3.581,0.658,-0.62,-98.21,138.1,-103.82,,
4004,2026-07-30T22:55:24.158952+00:00,clapping,8,1.203,session_20260730_225331,student03,0.95,0.77,0.254,0.299,2.5,-258.64,-26.83,,
4005,2026-07-30T22:55:24.260423+00:00,clapping,8,1.297,session_20260730_225331,student03,0.95,0.74,0.155,-1.625,26.25,101.26,30.88,,
4006,2026-07-30T22:55:24.362401+00:00,clapping,8,1.406,session_20260730_225331,student03,0.95,1.014,2.341,0.249,-255.99,206.27,-111.06,,
4007,2026-07-30T22:55:24.462189+00:00,clapping,8,1.5,session_20260730_225331,student03,0.95,0.741,0.452,0.841,-3.36,-176.46,-34.94,,
4008,2026-07-30T22:55:24.561898+00:00,clapping,8,1.609,session_20260730_225331,student03,0.95,0.973,0.264,-1.924,-4.24,-40.25,41.87,,
4009,2026-07-30T22:55:24.665090+00:00,clapping,8,1.703,session_20260730_225331,student03,0.95,3.212,-2.664,-1.327,57.65,28.32,-35.0,,
4010,2026-07-30T22:55:24.765072+00:00,clapping,8,1.812,session_20260730_225331,student03,0.95,0.664,0.508,0.866,-2.26,-218.12,-35.43,,
4011,2026-07-30T22:55:24.865136+00:00,clapping,8,1.906,session_20260730_225331,student03,0.95,0.877,0.175,-1.606,11.44,-132.05,42.94,,
4012,2026-07-30T22:55:25.464208+00:00,clapping,9,0.0,session_20260730_225331,student03,0.95,0.479,0.443,-0.491,94.52,-266.12,-33.27,,
4013,2026-07-30T22:55:25.565602+00:00,clapping,9,0.109,session_20260730_225331,student03,0.95,0.526,0.326,-0.585,6.87,329.05,11.32,,
4014,2026-07-30T22:55:25.676309+00:00,clapping,9,0.219,session_20260730_225331,student03,0.95,0.578,0.485,1.128,-17.52,-102.11,-43.37,,
4015,2026-07-30T22:55:25.773076+00:00,clapping,9,0.312,session_20260730_225331,student03,0.95,0.529,0.793,-1.979,65.07,-137.18,-15.9,,
4016,2026-07-30T22:55:25.876536+00:00,clapping,9,0.422,session_20260730_225331,student03,0.95,-0.155,0.276,1.256,-16.82,432.08,-26.34,,
4017,2026-07-30T22:55:25.975940+00:00,clapping,9,0.515,session_20260730_225331,student03,0.95,0.697,0.317,1.558,34.03,-15.87,-16.69,,
4018,2026-07-30T22:55:26.075169+00:00,clapping,9,0.609,session_20260730_225331,student03,0.95,0.349,0.664,-0.703,107.21,-313.49,-89.21,,
4019,2026-07-30T22:55:26.171393+00:00,clapping,9,0.719,session_20260730_225331,student03,0.95,0.286,0.334,-1.065,35.83,312.85,28.53,,
4020,2026-07-30T22:55:26.281316+00:00,clapping,9,0.828,session_20260730_225331,student03,0.95,0.618,-0.189,1.686,-16.42,57.56,-6.68,,
4021,2026-07-30T22:55:26.387692+00:00,clapping,9,0.922,session_20260730_225331,student03,0.95,0.446,0.913,-1.557,39.58,-196.39,-48.83,,
4022,2026-07-30T22:55:26.482531+00:00,clapping,9,1.031,session_20260730_225331,student03,0.95,-0.025,0.346,1.084,-46.66,408.52,18.07,,
4023,2026-07-30T22:55:26.596640+00:00,clapping,9,1.14,session_20260730_225331,student03,0.95,0.442,0.689,1.309,77.39,-119.3,-60.67,,
4024,2026-07-30T22:55:26.707989+00:00,clapping,9,1.25,session_20260730_225331,student03,0.95,0.363,0.949,-1.573,40.19,-215.67,-39.55,,
4025,2026-07-30T22:55:26.821031+00:00,clapping,9,1.359,session_20260730_225331,student03,0.95,1.226,0.076,1.117,271.03,-136.33,38.48,,
4026,2026-07-30T22:55:26.921483+00:00,clapping,9,1.469,session_20260730_225331,student03,0.95,0.574,0.455,1.346,3.17,-125.71,-9.09,,
4027,2026-07-30T22:55:27.027827+00:00,clapping,9,1.562,session_20260730_225331,student03,0.95,0.308,1.314,-1.915,12.02,-186.59,-45.56,,
4028,2026-07-30T22:55:27.125942+00:00,clapping,9,1.672,session_20260730_225331,student03,0.95,0.149,0.41,-0.466,39.09,432.02,48.19,,
4029,2026-07-30T22:55:27.237000+00:00,clapping,9,1.781,session_20260730_225331,student03,0.95,0.722,0.225,1.411,29.94,-75.78,-33.2,,
4030,2026-07-30T22:55:27.350956+00:00,clapping,9,1.89,session_20260730_225331,student03,0.95,0.251,1.388,-1.137,-37.87,-228.28,-24.75,,
4031,2026-07-30T22:55:27.938087+00:00,clapping,10,0.0,session_20260730_225331,student03,0.95,0.628,0.541,0.937,24.96,-142.74,-66.87,,
4032,2026-07-30T22:55:28.051342+00:00,clapping,10,0.11,session_20260730_225331,student03,0.95,0.55,0.827,-1.375,11.26,-103.67,2.01,,
4033,2026-07-30T22:55:28.158744+00:00,clapping,10,0.219,session_20260730_225331,student03,0.95,-1.428,1.535,3.275,-51.3,393.66,18.65,,
4034,2026-07-30T22:55:28.260844+00:00,clapping,10,0.313,session_20260730_225331,student03,0.95,0.967,0.243,1.386,78.07,-46.17,-33.14,,
4035,2026-07-30T22:55:28.366401+00:00,clapping,10,0.422,session_20260730_225331,student03,0.95,0.571,0.84,-1.412,45.56,-198.34,-17.7,,
4036,2026-07-30T22:55:28.465307+00:00,clapping,10,0.516,session_20260730_225331,student03,0.95,0.319,0.22,-0.438,-40.22,402.2,7.9,,
4037,2026-07-30T22:55:28.561824+00:00,clapping,10,0.625,session_20260730_225331,student03,0.95,0.598,-0.295,1.952,-106.36,-81.24,-34.91,,
4038,2026-07-30T22:55:28.671443+00:00,clapping,10,0.735,session_20260730_225331,student03,0.95,0.452,0.796,-0.997,-11.57,-227.52,-30.61,,
4039,2026-07-30T22:55:28.778097+00:00,clapping,10,0.828,session_20260730_225331,student03,0.95,0.33,0.357,-0.977,64.88,327.31,17.03,,
4040,2026-07-30T22:55:28.873869+00:00,clapping,10,0.938,session_20260730_225331,student03,0.95,0.129,-0.776,1.601,22.61,23.9,79.35,,
4041,2026-07-30T22:55:28.986654+00:00,clapping,10,1.047,session_20260730_225331,student03,0.95,0.47,0.673,-0.344,32.81,-243.81,-22.95,,
4042,2026-07-30T22:55:29.097444+00:00,clapping,10,1.156,session_20260730_225331,student03,0.95,0.46,0.291,-1.347,13.12,258.95,25.27,,
4043,2026-07-30T22:55:29.192191+00:00,clapping,10,1.25,session_20260730_225331,student03,0.95,0.713,1.065,1.131,-128.94,164.07,-94.88,,
4044,2026-07-30T22:55:29.301114+00:00,clapping,10,1.36,session_20260730_225331,student03,0.95,0.535,0.71,-0.034,-15.41,-202.61,-48.31,,
4045,2026-07-30T22:55:29.403133+00:00,clapping,10,1.453,session_20260730_225331,student03,0.95,0.545,0.697,-1.522,87.19,107.3,44.25,,
4046,2026-07-30T22:55:29.501763+00:00,clapping,10,1.563,session_20260730_225331,student03,0.95,3.305,-3.927,-2.473,-151.55,-52.98,12.24,,
4047,2026-07-30T22:55:29.606018+00:00,clapping,10,1.656,session_20260730_225331,student03,0.95,0.801,0.652,0.744,-39.43,-152.01,-49.96,,
4048,2026-07-30T22:55:29.704715+00:00,clapping,10,1.766,session_20260730_225331,student03,0.95,0.634,0.577,-1.231,61.74,-94.45,-22.98,,
4049,2026-07-30T22:55:29.817190+00:00,clapping,10,1.875,session_20260730_225331,student03,0.95,0.248,0.449,-0.218,4.55,464.67,1.65,,
4050,2026-07-30T22:55:29.926534+00:00,clapping,10,1.985,session_20260730_225331,student03,0.95,0.681,0.08,1.221,98.79,-212.32,-72.54,,
4051,2026-07-30T22:55:30.472328+00:00,clapping,11,0.0,session_20260730_225331,student03,0.95,-0.044,0.237,-0.605,4.73,507.61,-69.95,,
4052,2026-07-30T22:55:30.572758+00:00,clapping,11,0.094,session_20260730_225331,student03,0.95,0.316,0.096,1.616,31.34,-80.23,-22.31,,
4053,2026-07-30T22:55:30.675302+00:00,clapping,11,0.204,session_20260730_225331,student03,0.95,0.333,1.174,-0.804,-67.11,-152.78,-21.55,,
4054,2026-07-30T22:55:30.772664+00:00,clapping,11,0.297,session_20260730_225331,student03,0.95,0.243,0.499,-1.079,-75.66,305.55,70.07,,
4055,2026-07-30T22:55:30.881604+00:00,clapping,11,0.407,session_20260730_225331,student03,0.95,0.33,0.05,1.715,21.67,-143.74,-17.73,,
4056,2026-07-30T22:55:30.976231+00:00,clapping,11,0.5,session_20260730_225331,student03,0.95,0.447,0.327,-0.179,180.82,-287.64,-53.8,,
4057,2026-07-30T22:55:31.070932+00:00,clapping,11,0.594,session_20260730_225331,student03,0.95,0.209,0.986,-1.83,64.0,208.29,47.06,,
4058,2026-07-30T22:55:31.161036+00:00,clapping,11,0.688,session_20260730_225331,student03,0.95,0.665,0.274,-1.761,-234.66,31.62,66.77,,
4059,2026-07-30T22:55:31.270082+00:00,clapping,11,0.797,session_20260730_225331,student03,0.95,0.707,0.297,0.325,4.39,-203.5,84.78,,
4060,2026-07-30T22:55:31.376771+00:00,clapping,11,0.907,session_20260730_225331,student03,0.95,0.713,-0.091,-1.548,95.49,200.17,34.03,,
4061,2026-07-30T22:55:31.476308+00:00,clapping,11,1.0,session_20260730_225331,student03,0.95,0.439,0.421,1.653,-49.81,-46.21,19.17,,
4062,2026-07-30T22:55:31.574455+00:00,clapping,11,1.094,session_20260730_225331,student03,0.95,0.874,0.299,-0.199,-21.09,-171.82,-66.47,,
4063,2026-07-30T22:55:31.675951+00:00,clapping,11,1.204,session_20260730_225331,student03,0.95,0.724,0.773,-1.652,114.78,217.78,31.31,,
4064,2026-07-30T22:55:31.787159+00:00,clapping,11,1.313,session_20260730_225331,student03,0.95,0.549,-0.822,1.075,-132.79,-1.68,28.87,,
4065,2026-07-30T22:55:31.882628+00:00,clapping,11,1.407,session_20260730_225331,student03,0.95,0.756,0.681,-0.213,-34.27,-192.97,-74.74,,
4066,2026-07-30T22:55:31.984260+00:00,clapping,11,1.516,session_20260730_225331,student03,0.95,0.622,0.638,-1.707,89.91,224.95,23.01,,
4067,2026-07-30T22:55:32.085154+00:00,clapping,11,1.61,session_20260730_225331,student03,0.95,0.708,0.918,0.867,-176.61,31.19,9.98,,
4068,2026-07-30T22:55:32.182103+00:00,clapping,11,1.704,session_20260730_225331,student03,0.95,0.896,0.548,0.469,17.3,-186.44,-82.71,,
4069,2026-07-30T22:55:32.275842+00:00,clapping,11,1.797,session_20260730_225331,student03,0.95,0.674,0.822,-2.159,80.84,91.83,21.15,,
4070,2026-07-30T22:55:32.375274+00:00,clapping,11,1.907,session_20260730_225331,student03,0.95,1.218,-0.714,0.1,9.64,-157.93,120.4,,
4071,2026-07-30T22:55:33.218742+00:00,clapping,12,0.0,session_20260730_225331,student03,0.95,0.465,0.371,-0.798,57.01,291.6,19.07,,
4072,2026-07-30T22:55:33.326714+00:00,clapping,12,0.11,session_20260730_225331,student03,0.95,0.82,-0.135,1.106,-61.4,-44.59,-4.94,,
4073,2026-07-30T22:55:33.441162+00:00,clapping,12,0.219,session_20260730_225331,student03,0.95,0.498,1.111,-1.944,2.32,-131.9,-33.17,,
4074,2026-07-30T22:55:33.542200+00:00,clapping,12,0.313,session_20260730_225331,student03,0.95,0.101,0.677,0.135,97.99,374.16,12.02,,
4075,2026-07-30T22:55:33.642489+00:00,clapping,12,0.422,session_20260730_225331,student03,0.95,0.786,-0.262,0.666,-89.94,-62.01,-10.1,,
4076,2026-07-30T22:55:33.751222+00:00,clapping,12,0.532,session_20260730_225331,student03,0.95,0.588,0.941,-1.305,-6.65,-90.91,-33.63,,
4077,2026-07-30T22:55:33.867129+00:00,clapping,12,0.641,session_20260730_225331,student03,0.95,0.235,0.708,3.553,56.06,406.57,29.54,,
4078,2026-07-30T22:55:33.962458+00:00,clapping,12,0.735,session_20260730_225331,student03,0.95,0.853,0.178,1.058,-95.61,-79.32,10.83,,
4079,2026-07-30T22:55:34.066123+00:00,clapping,12,0.844,session_20260730_225331,student03,0.95,0.408,0.975,-1.566,-23.26,-170.48,-22.46,,
4080,2026-07-30T22:55:34.165278+00:00,clapping,12,0.938,session_20260730_225331,student03,0.95,0.346,0.188,-0.776,32.32,328.71,43.06,,
4081,2026-07-30T22:55:34.265369+00:00,clapping,12,1.047,session_20260730_225331,student03,0.95,0.684,-0.688,0.92,-124.67,-0.06,-11.14,,
4082,2026-07-30T22:55:34.377159+00:00,clapping,12,1.157,session_20260730_225331,student03,0.95,0.338,0.822,-0.763,168.46,-184.45,-166.3,,
4083,2026-07-30T22:55:34.475962+00:00,clapping,12,1.25,session_20260730_225331,student03,0.95,0.181,0.634,-1.034,59.66,358.5,-33.2,,
4084,2026-07-30T22:55:34.571968+00:00,clapping,12,1.344,session_20260730_225331,student03,0.95,0.417,0.269,1.236,-195.99,31.4,34.52,,
4085,2026-07-30T22:55:34.662204+00:00,clapping,12,1.438,session_20260730_225331,student03,0.95,0.501,0.597,-0.038,105.2,-198.64,-78.59,,
4086,2026-07-30T22:55:34.772103+00:00,clapping,12,1.547,session_20260730_225331,student03,0.95,-0.087,1.16,-0.071,53.8,302.41,9.83,,
4087,2026-07-30T22:55:34.875285+00:00,clapping,12,1.657,session_20260730_225331,student03,0.95,0.698,0.432,1.168,-89.05,19.47,69.64,,
4088,2026-07-30T22:55:34.976558+00:00,clapping,12,1.75,session_20260730_225331,student03,0.95,0.323,0.798,-1.121,83.8,-180.73,-80.78,,
4089,2026-07-30T22:55:35.071762+00:00,clapping,12,1.844,session_20260730_225331,student03,0.95,0.248,0.723,-1.185,67.29,279.06,-6.81,,
4090,2026-07-30T22:55:35.164897+00:00,clapping,12,1.938,session_20260730_225331,student03,0.95,0.528,0.247,0.861,-38.18,52.16,2.08,,
4091,2026-07-30T22:55:35.796001+00:00,clapping,13,0.0,session_20260730_225331,student03,0.95,0.421,0.22,1.039,-77.27,37.57,44.65,,
4092,2026-07-30T22:55:35.902392+00:00,clapping,13,0.093,session_20260730_225331,student03,0.95,0.497,0.788,0.068,92.75,-198.89,-72.79,,
4093,2026-07-30T22:55:35.995082+00:00,clapping,13,0.187,session_20260730_225331,student03,0.95,0.295,1.158,-2.086,32.04,117.25,27.13,,
4094,2026-07-30T22:55:36.095641+00:00,clapping,13,0.296,session_20260730_225331,student03,0.95,1.606,1.905,-1.729,-127.08,-129.7,66.35,,
4095,2026-07-30T22:55:36.208442+00:00,clapping,13,0.406,session_20260730_225331,student03,0.95,0.598,0.569,0.418,68.12,-154.06,-86.76,,
4096,2026-07-30T22:55:36.321144+00:00,clapping,13,0.515,session_20260730_225331,student03,0.95,0.222,0.967,-1.605,54.45,229.93,63.14,,
4097,2026-07-30T22:55:36.421174+00:00,clapping,13,0.625,session_20260730_225331,student03,0.95,0.569,1.473,0.039,-105.35,-5.07,28.6,,
4098,2026-07-30T22:55:36.527677+00:00,clapping,13,0.718,session_20260730_225331,student03,0.95,0.369,0.479,-0.215,157.84,-171.73,-180.67,,
4099,2026-07-30T22:55:36.625556+00:00,clapping,13,0.828,session_20260730_225331,student03,0.95,0.132,0.899,-1.785,-14.77,241.71,-10.44,,
4100,2026-07-30T22:55:36.736583+00:00,clapping,13,0.937,session_20260730_225331,student03,0.95,0.414,0.531,0.65,-98.48,51.42,61.25,,
4101,2026-07-30T22:55:36.835401+00:00,clapping,13,1.031,session_20260730_225331,student03,0.95,0.267,0.934,-0.729,45.75,-168.74,-45.59,,
4102,2026-07-30T22:55:36.936542+00:00,clapping,13,1.14,session_20260730_225331,student03,0.95,0.091,0.93,-1.046,36.84,272.38,20.6,,
4103,2026-07-30T22:55:37.047076+00:00,clapping,13,1.25,session_20260730_225331,student03,0.95,0.417,0.421,1.263,-99.31,41.87,52.8,,
4104,2026-07-30T22:55:37.158700+00:00,clapping,13,1.359,session_20260730_225331,student03,0.95,0.309,1.467,-1.206,1.4,-181.25,-28.9,,
4105,2026-07-30T22:55:37.255676+00:00,clapping,13,1.453,session_20260730_225331,student03,0.95,0.122,0.657,-0.393,3.94,309.85,68.39,,
4106,2026-07-30T22:55:37.367442+00:00,clapping,13,1.562,session_20260730_225331,student03,0.95,0.323,0.916,1.025,21.12,-26.52,41.78,,
4107,2026-07-30T22:55:37.462970+00:00,clapping,13,1.656,session_20260730_225331,student03,0.95,0.581,0.617,-1.185,-33.36,-195.53,28.17,,
4108,2026-07-30T22:55:37.566299+00:00,clapping,13,1.765,session_20260730_225331,student03,0.95,0.199,0.276,-0.514,-107.24,368.72,47.03,,
4109,2026-07-30T22:55:37.665646+00:00,clapping,13,1.859,session_20260730_225331,student03,0.95,0.461,0.671,1.416,-29.6,-72.3,-9.46,,
4110,2026-07-30T22:55:37.776707+00:00,clapping,13,1.968,session_20260730_225331,student03,0.95,0.653,0.547,-1.137,-4.21,-144.99,73.43,,
4111,2026-07-30T22:55:38.354310+00:00,clapping,14,0.0,session_20260730_225331,student03,0.95,0.679,0.339,0.764,-46.97,-189.95,-28.84,,
4112,2026-07-30T22:55:38.454910+00:00,clapping,14,0.11,session_20260730_225331,student03,0.95,0.547,0.593,-0.555,-2.2,-181.49,-30.18,,
4113,2026-07-30T22:55:38.552524+00:00,clapping,14,0.204,session_20260730_225331,student03,0.95,0.361,0.34,-1.935,103.49,226.23,12.3,,
4114,2026-07-30T22:55:38.652921+00:00,clapping,14,0.297,session_20260730_225331,student03,0.95,2.743,-2.733,-2.111,252.3,-347.48,142.95,,
4115,2026-07-30T22:55:38.755365+00:00,clapping,14,0.407,session_20260730_225331,student03,0.95,0.697,0.534,0.122,-33.48,-216.1,-51.21,,
4116,2026-07-30T22:55:38.852405+00:00,clapping,14,0.5,session_20260730_225331,student03,0.95,0.402,0.827,-2.091,41.87,-55.94,-13.89,,
4117,2026-07-30T22:55:38.950876+00:00,clapping,14,0.594,session_20260730_225331,student03,0.95,0.128,0.359,0.023,12.94,478.35,11.44,,
4118,2026-07-30T22:55:39.052093+00:00,clapping,14,0.704,session_20260730_225331,student03,0.95,0.95,-0.091,0.918,-28.87,-113.35,-36.07,,
4119,2026-07-30T22:55:39.158294+00:00,clapping,14,0.813,session_20260730_225331,student03,0.95,0.381,0.947,-1.659,62.69,-177.62,-59.54,,
4120,2026-07-30T22:55:39.271577+00:00,clapping,14,0.922,session_20260730_225331,student03,0.95,0.222,0.175,-0.424,64.7,433.21,-15.23,,
4121,2026-07-30T22:55:39.378024+00:00,clapping,14,1.032,session_20260730_225331,student03,0.95,0.844,0.102,0.885,-7.75,-79.87,-15.14,,
4122,2026-07-30T22:55:39.490472+00:00,clapping,14,1.141,session_20260730_225331,student03,0.95,0.462,1.039,-2.022,22.34,-68.73,-57.71,,
4123,2026-07-30T22:55:39.591607+00:00,clapping,14,1.25,session_20260730_225331,student03,0.95,-0.676,1.039,3.185,106.69,412.0,-5.92,,
4124,2026-07-30T22:55:39.692077+00:00,clapping,14,1.344,session_20260730_225331,student03,0.95,0.918,0.151,1.08,-83.01,-31.28,21.94,,
4125,2026-07-30T22:55:39.797778+00:00,clapping,14,1.454,session_20260730_225331,student03,0.95,0.529,0.615,-0.653,40.68,-215.46,-40.65,,
4126,2026-07-30T22:55:39.911454+00:00,clapping,14,1.563,session_20260730_225331,student03,0.95,0.305,0.361,-0.697,27.86,347.3,19.93,,
4127,2026-07-30T22:55:40.012953+00:00,clapping,14,1.657,session_20260730_225331,student03,0.95,0.67,0.025,1.147,-228.8,-35.34,31.86,,
4128,2026-07-30T22:55:40.100344+00:00,clapping,14,1.75,session_20260730_225331,student03,0.95,0.602,0.652,0.134,95.37,-193.61,-66.84,,
4129,2026-07-30T22:55:40.202495+00:00,clapping,14,1.86,session_20260730_225331,student03,0.95,0.496,0.743,-1.816,30.61,72.57,12.33,,
4130,2026-07-30T22:55:40.318612+00:00,clapping,14,1.969,session_20260730_225331,student03,0.95,0.811,0.47,-0.032,171.24,-95.58,-4.79,,
4131,2026-07-30T22:56:02.279137+00:00,soli,0,0.0,session_20260730_225331,student03,0.95,-0.248,0.94,0.154,-19.62,-3.66,10.1,,
4132,2026-07-30T22:56:02.388248+00:00,soli,0,0.094,session_20260730_225331,student03,0.95,-0.253,0.919,0.172,29.51,-8.0,-1.4,,
4133,2026-07-30T22:56:02.487246+00:00,soli,0,0.203,session_20260730_225331,student03,0.95,-0.216,0.977,0.002,56.73,-31.59,-7.08,,
4134,2026-07-30T22:56:02.598494+00:00,soli,0,0.312,session_20260730_225331,student03,0.95,-0.175,1.02,-0.098,-60.12,1.59,11.41,,
4135,2026-07-30T22:56:02.692616+00:00,soli,0,0.406,session_20260730_225331,student03,0.95,-0.245,0.942,0.133,-34.39,28.44,33.2,,
4136,2026-07-30T22:56:02.798390+00:00,soli,0,0.516,session_20260730_225331,student03,0.95,-0.197,0.906,0.116,61.65,3.33,-9.0,,
4137,2026-07-30T22:56:02.908664+00:00,soli,0,0.625,session_20260730_225331,student03,0.95,-0.245,1.088,-0.163,45.93,-0.27,0.49,,
4138,2026-07-30T22:56:03.019536+00:00,soli,0,0.734,session_20260730_225331,student03,0.95,-0.199,1.011,-0.082,6.41,-10.19,5.16,,
4139,2026-07-30T22:56:03.127879+00:00,soli,0,0.844,session_20260730_225331,student03,0.95,-0.302,0.969,-0.022,-69.61,20.05,-11.2,,
4140,2026-07-30T22:56:03.238916+00:00,soli,0,0.953,session_20260730_225331,student03,0.95,-0.214,0.927,0.071,-12.3,15.5,18.46,,
4141,2026-07-30T22:56:03.336291+00:00,soli,0,1.047,session_20260730_225331,student03,0.95,-0.223,0.919,0.144,39.8,-23.59,-9.0,,
4142,2026-07-30T22:56:03.433532+00:00,soli,0,1.141,session_20260730_225331,student03,0.95,-0.232,1.004,-0.119,36.04,1.86,0.76,,
4143,2026-07-30T22:56:03.521732+00:00,soli,0,1.234,session_20260730_225331,student03,0.95,-0.221,0.996,-0.064,23.99,7.48,9.64,,
4144,2026-07-30T22:56:03.629710+00:00,soli,0,1.344,session_20260730_225331,student03,0.95,-0.263,0.931,-0.022,-73.61,-0.76,-0.82,,
4145,2026-07-30T22:56:03.738885+00:00,soli,0,1.453,session_20260730_225331,student03,0.95,-0.185,0.953,0.083,-35.16,3.54,14.22,,
4146,2026-07-30T22:56:03.852271+00:00,soli,0,1.562,session_20260730_225331,student03,0.95,-0.206,0.921,0.161,20.26,-17.61,-12.97,,
4147,2026-07-30T22:56:03.952637+00:00,soli,0,1.672,session_20260730_225331,student03,0.95,-0.247,0.98,-0.022,74.47,-17.85,-15.69,,
4148,2026-07-30T22:56:04.053080+00:00,soli,0,1.766,session_20260730_225331,student03,0.95,-0.192,0.98,-0.145,18.01,11.87,10.74,,
4149,2026-07-30T22:56:04.158465+00:00,soli,0,1.875,session_20260730_225331,student03,0.95,-0.19,0.99,-0.106,-98.27,16.27,-8.55,,
4150,2026-07-30T22:56:04.272762+00:00,soli,0,1.984,session_20260730_225331,student03,0.95,-0.195,0.946,0.145,-48.04,9.74,13.06,,
4151,2026-07-30T22:56:06.521510+00:00,soli,1,0.0,session_20260730_225331,student03,0.95,-0.115,0.892,0.13,-7.32,25.94,12.18,,
4152,2026-07-30T22:56:06.622569+00:00,soli,1,0.094,session_20260730_225331,student03,0.95,-0.15,0.935,0.058,47.58,-13.82,-21.82,,
4153,2026-07-30T22:56:06.722538+00:00,soli,1,0.203,session_20260730_225331,student03,0.95,-0.203,0.986,-0.067,52.19,-0.43,-6.29,,
4154,2026-07-30T22:56:06.830016+00:00,soli,1,0.313,session_20260730_225331,student03,0.95,-0.214,0.985,-0.091,-10.56,2.93,-3.02,,
4155,2026-07-30T22:56:06.938026+00:00,soli,1,0.422,session_20260730_225331,student03,0.95,-0.204,0.908,0.096,-60.49,-16.33,0.67,,
4156,2026-07-30T22:56:07.051461+00:00,soli,1,0.532,session_20260730_225331,student03,0.95,-0.153,0.922,0.132,-27.5,0.73,4.09,,
4157,2026-07-30T22:56:07.158396+00:00,soli,1,0.641,session_20260730_225331,student03,0.95,-0.211,0.914,0.212,49.32,-27.95,-22.52,,
4158,2026-07-30T22:56:07.256579+00:00,soli,1,0.735,session_20260730_225331,student03,0.95,-0.272,1.02,-0.004,61.25,-7.66,-9.61,,
4159,2026-07-30T22:56:07.371944+00:00,soli,1,0.844,session_20260730_225331,student03,0.95,-0.225,0.979,-0.04,17.61,-11.11,8.03,,
4160,2026-07-30T22:56:07.461984+00:00,soli,1,0.938,session_20260730_225331,student03,0.95,-0.182,0.998,-0.073,-41.84,-3.39,0.82,,
4161,2026-07-30T22:56:07.567400+00:00,soli,1,1.047,session_20260730_225331,student03,0.95,-0.203,0.946,0.129,-40.31,4.24,8.7,,
4162,2026-07-30T22:56:07.665556+00:00,soli,1,1.141,session_20260730_225331,student03,0.95,-0.213,0.928,0.148,-4.18,-9.06,0.0,,
4163,2026-07-30T22:56:07.761188+00:00,soli,1,1.235,session_20260730_225331,student03,0.95,-0.224,0.938,0.15,33.14,-1.25,-5.16,,
4164,2026-07-30T22:56:07.853433+00:00,soli,1,1.328,session_20260730_225331,student03,0.95,-0.246,0.993,0.007,59.33,16.54,-9.77,,
4165,2026-07-30T22:56:07.946864+00:00,soli,1,1.422,session_20260730_225331,student03,0.95,-0.204,0.979,-0.028,30.58,-9.03,11.47,,
4166,2026-07-30T22:56:08.042325+00:00,soli,1,1.516,session_20260730_225331,student03,0.95,-0.172,0.952,-0.043,-11.47,-2.53,1.77,,
4167,2026-07-30T22:56:08.132015+00:00,soli,1,1.61,session_20260730_225331,student03,0.95,-0.234,0.953,0.095,-64.76,25.3,5.65,,
4168,2026-07-30T22:56:08.238757+00:00,soli,1,1.719,session_20260730_225331,student03,0.95,-0.195,0.929,0.12,-21.42,42.42,9.67,,
4169,2026-07-30T22:56:08.349771+00:00,soli,1,1.828,session_20260730_225331,student03,0.95,-0.18,0.89,0.205,40.5,-6.81,-9.58,,
4170,2026-07-30T22:56:08.443359+00:00,soli,1,1.922,session_20260730_225331,student03,0.95,-0.243,1.025,-0.045,74.47,-3.17,-9.67,,
4171,2026-07-30T22:56:09.006691+00:00,soli,2,0.0,session_20260730_225331,student03,0.95,-0.229,0.978,-0.039,68.24,-15.93,-25.51,,
4172,2026-07-30T22:56:09.118497+00:00,soli,2,0.109,session_20260730_225331,student03,0.95,-0.261,0.995,-0.078,25.3,13.0,1.13,,
4173,2026-07-30T22:56:09.212210+00:00,soli,2,0.203,session_20260730_225331,student03,0.95,-0.234,0.986,-0.095,-12.73,2.87,-0.31,,
4174,2026-07-30T22:56:09.313712+00:00,soli,2,0.312,session_20260730_225331,student03,0.95,-0.286,0.974,-0.017,-81.3,8.39,5.55,,
4175,2026-07-30T22:56:09.412323+00:00,soli,2,0.406,session_20260730_225331,student03,0.95,-0.221,0.923,0.138,-39.61,20.45,17.0,,
4176,2026-07-30T22:56:09.512364+00:00,soli,2,0.5,session_20260730_225331,student03,0.95,-0.187,0.914,0.187,9.37,-15.26,-5.43,,
4177,2026-07-30T22:56:09.603419+00:00,soli,2,0.593,session_20260730_225331,student03,0.95,-0.241,0.973,0.068,70.31,-14.86,-17.4,,
4178,2026-07-30T22:56:09.696629+00:00,soli,2,0.687,session_20260730_225331,student03,0.95,-0.249,1.026,-0.019,75.38,-44.4,5.8,,
4179,2026-07-30T22:56:09.808836+00:00,soli,2,0.797,session_20260730_225331,student03,0.95,-0.218,0.986,-0.152,1.07,-16.88,-3.72,,
4180,2026-07-30T22:56:09.903084+00:00,soli,2,0.89,session_20260730_225331,student03,0.95,-0.293,0.933,-0.031,-73.0,42.76,-0.95,,
4181,2026-07-30T22:56:10.008303+00:00,soli,2,1.0,session_20260730_225331,student03,0.95,-0.208,0.922,0.097,-37.32,32.75,4.85,,
4182,2026-07-30T22:56:10.118374+00:00,soli,2,1.109,session_20260730_225331,student03,0.95,-0.219,0.902,0.21,-5.4,15.59,4.49,,
4183,2026-07-30T22:56:10.228095+00:00,soli,2,1.218,session_20260730_225331,student03,0.95,-0.232,0.947,0.059,81.33,-47.12,-32.69,,
4184,2026-07-30T22:56:10.325525+00:00,soli,2,1.312,session_20260730_225331,student03,0.95,-0.272,0.976,-0.093,37.54,-18.8,-1.95,,
4185,2026-07-30T22:56:10.423022+00:00,soli,2,1.422,session_20260730_225331,student03,0.95,-0.247,0.986,-0.144,-5.07,6.93,4.27,,
4186,2026-07-30T22:56:10.529407+00:00,soli,2,1.531,session_20260730_225331,student03,0.95,-0.275,0.957,0.063,-74.34,23.19,13.31,,
4187,2026-07-30T22:56:10.638712+00:00,soli,2,1.64,session_20260730_225331,student03,0.95,-0.259,0.9,0.145,-44.59,63.94,-9.03,,
4188,2026-07-30T22:56:10.749142+00:00,soli,2,1.75,session_20260730_225331,student03,0.95,-0.263,0.868,0.166,57.95,-25.39,-9.64,,
4189,2026-07-30T22:56:10.862722+00:00,soli,2,1.859,session_20260730_225331,student03,0.95,-0.298,1.002,-0.039,72.42,-21.18,12.57,,
4190,2026-07-30T22:56:10.972828+00:00,soli,2,1.968,session_20260730_225331,student03,0.95,-0.209,0.975,-0.128,15.63,-1.77,7.05,,
4191,2026-07-30T22:56:11.537361+00:00,soli,3,0.0,session_20260730_225331,student03,0.95,-0.256,0.991,-0.153,19.81,14.25,8.91,,
4192,2026-07-30T22:56:11.649137+00:00,soli,3,0.109,session_20260730_225331,student03,0.95,-0.26,0.936,-0.096,-76.2,17.82,0.12,,
4193,2026-07-30T22:56:11.743187+00:00,soli,3,0.203,session_20260730_225331,student03,0.95,-0.214,0.944,-0.002,-30.85,13.12,18.74,,
4194,2026-07-30T22:56:11.842883+00:00,soli,3,0.312,session_20260730_225331,student03,0.95,-0.192,0.926,0.132,-4.0,-6.53,-2.72,,
4195,2026-07-30T22:56:11.952928+00:00,soli,3,0.422,session_20260730_225331,student03,0.95,-0.256,1.018,-0.084,76.05,-44.04,-32.99,,
4196,2026-07-30T22:56:12.061642+00:00,soli,3,0.531,session_20260730_225331,student03,0.95,-0.234,0.994,-0.154,27.19,14.95,-0.21,,
4197,2026-07-30T22:56:12.169686+00:00,soli,3,0.641,session_20260730_225331,student03,0.95,-0.247,0.99,-0.123,-63.57,8.51,-4.52,,
4198,2026-07-30T22:56:12.282674+00:00,soli,3,0.75,session_20260730_225331,student03,0.95,-0.23,0.959,0.022,-71.9,7.35,14.86,,
4199,2026-07-30T22:56:12.388806+00:00,soli,3,0.859,session_20260730_225331,student03,0.95,-0.217,0.894,0.189,7.6,-10.53,6.56,,
4200,2026-07-30T22:56:12.498217+00:00,soli,3,0.969,session_20260730_225331,student03,0.95,-0.23,1.03,-0.08,96.77,1.19,7.6,,
4201,2026-07-30T22:56:12.609925+00:00,soli,3,1.078,session_20260730_225331,student03,0.95,-0.195,0.967,-0.135,1.1,38.03,-2.44,,
4202,2026-07-30T22:56:12.719743+00:00,soli,3,1.187,session_20260730_225331,student03,0.95,-0.224,0.939,-0.032,-91.98,-0.37,-14.71,,
4203,2026-07-30T22:56:12.828073+00:00,soli,3,1.297,session_20260730_225331,student03,0.95,-0.21,0.916,0.055,-43.61,9.43,9.34,,
4204,2026-07-30T22:56:12.938854+00:00,soli,3,1.406,session_20260730_225331,student03,0.95,-0.193,0.935,0.095,68.21,4.03,10.5,,
4205,2026-07-30T22:56:13.049593+00:00,soli,3,1.516,session_20260730_225331,student03,0.95,-0.233,1.0,-0.061,47.27,32.41,6.07,,
4206,2026-07-30T22:56:13.163492+00:00,soli,3,1.625,session_20260730_225331,student03,0.95,-0.192,0.995,-0.098,-31.13,-25.97,-28.69,,
4207,2026-07-30T22:56:13.265765+00:00,soli,3,1.734,session_20260730_225331,student03,0.95,-0.296,1.047,-0.028,-39.58,-4.61,-17.91,,
4208,2026-07-30T22:56:13.380298+00:00,soli,3,1.844,session_20260730_225331,student03,0.95,-0.247,0.899,0.121,-12.42,3.42,15.05,,
4209,2026-07-30T22:56:13.499491+00:00,soli,3,1.969,session_20260730_225331,student03,0.95,-0.272,0.969,0.042,70.1,-27.31,-9.06,,
4210,2026-07-30T22:56:14.115542+00:00,soli,4,0.0,session_20260730_225331,student03,0.95,-0.247,0.949,0.003,42.18,-6.68,-9.77,,
4211,2026-07-30T22:56:14.233092+00:00,soli,4,0.125,session_20260730_225331,student03,0.95,-0.311,1.04,-0.02,-9.77,-2.01,-4.58,,
4212,2026-07-30T22:56:14.338590+00:00,soli,4,0.219,session_20260730_225331,student03,0.95,-0.245,0.947,0.151,-66.74,-3.27,7.35,,
4213,2026-07-30T22:56:14.437590+00:00,soli,4,0.328,session_20260730_225331,student03,0.95,-0.267,0.883,0.232,18.04,-18.8,-4.82,,
4214,2026-07-30T22:56:14.552986+00:00,soli,4,0.438,session_20260730_225331,student03,0.95,-0.296,0.981,-0.009,48.4,10.5,1.59,,
4215,2026-07-30T22:56:14.658779+00:00,soli,4,0.547,session_20260730_225331,student03,0.95,-0.217,0.957,0.001,12.51,-17.24,11.05,,
4216,2026-07-30T22:56:14.768454+00:00,soli,4,0.656,session_20260730_225331,student03,0.95,-0.197,1.003,-0.083,-43.09,-10.13,8.82,,
4217,2026-07-30T22:56:14.866242+00:00,soli,4,0.75,session_20260730_225331,student03,0.95,-0.201,0.97,0.082,-57.77,5.13,13.79,,
4218,2026-07-30T22:56:14.962801+00:00,soli,4,0.844,session_20260730_225331,student03,0.95,-0.24,0.9,0.227,-0.89,11.17,3.39,,
4219,2026-07-30T22:56:15.053100+00:00,soli,4,0.938,session_20260730_225331,student03,0.95,-0.275,0.997,0.064,47.43,0.12,-11.11,,
4220,2026-07-30T22:56:15.158901+00:00,soli,4,1.047,session_20260730_225331,student03,0.95,-0.2,1.039,-0.101,32.14,16.48,16.08,,
4221,2026-07-30T22:56:15.268414+00:00,soli,4,1.156,session_20260730_225331,student03,0.95,-0.212,0.953,0.01,-16.05,-20.75,6.13,,
4222,2026-07-30T22:56:15.379086+00:00,soli,4,1.266,session_20260730_225331,student03,0.95,-0.256,0.993,0.064,-55.6,-6.93,-3.11,,
4223,2026-07-30T22:56:15.477597+00:00,soli,4,1.359,session_20260730_225331,student03,0.95,-0.254,0.926,0.181,10.25,-20.05,0.73,,
4224,2026-07-30T22:56:15.576640+00:00,soli,4,1.469,session_20260730_225331,student03,0.95,-0.205,1.069,-0.098,45.47,17.43,1.8,,
4225,2026-07-30T22:56:15.688490+00:00,soli,4,1.578,session_20260730_225331,student03,0.95,-0.203,0.933,-0.039,12.09,47.55,4.85,,
4226,2026-07-30T22:56:15.799684+00:00,soli,4,1.688,session_20260730_225331,student03,0.95,-0.168,0.974,-0.049,-15.17,-16.42,-11.29,,
4227,2026-07-30T22:56:15.897158+00:00,soli,4,1.781,session_20260730_225331,student03,0.95,-0.262,0.965,0.029,-48.25,-5.01,-5.43,,
4228,2026-07-30T22:56:15.992153+00:00,soli,4,1.875,session_20260730_225331,student03,0.95,-0.225,0.931,0.141,-39.77,-16.79,3.17,,
4229,2026-07-30T22:56:16.099724+00:00,soli,4,1.984,session_20260730_225331,student03,0.95,-0.268,0.893,0.231,26.18,-4.43,0.24,,
4230,2026-07-30T22:56:21.033163+00:00,soli,5,0.0,session_20260730_225331,student03,0.95,-0.307,0.949,0.007,-40.44,-25.85,-19.81,,
4231,2026-07-30T22:56:21.134084+00:00,soli,5,0.094,session_20260730_225331,student03,0.95,-0.393,0.984,0.11,-48.8,4.94,5.86,,
4232,2026-07-30T22:56:21.239192+00:00,soli,5,0.203,session_20260730_225331,student03,0.95,-0.272,0.883,0.244,3.69,20.75,26.46,,
4233,2026-07-30T22:56:21.347912+00:00,soli,5,0.312,session_20260730_225331,student03,0.95,-0.244,0.939,0.006,58.69,8.51,10.56,,
4234,2026-07-30T22:56:21.458020+00:00,soli,5,0.422,session_20260730_225331,student03,0.95,-0.253,0.981,-0.066,13.18,15.93,3.72,,
4235,2026-07-30T22:56:21.568137+00:00,soli,5,0.531,session_20260730_225331,student03,0.95,-0.256,0.972,-0.068,-59.45,17.64,1.28,,
4236,2026-07-30T22:56:21.677583+00:00,soli,5,0.641,session_20260730_225331,student03,0.95,-0.221,0.937,0.082,-34.58,0.49,0.67,,
4237,2026-07-30T22:56:21.777123+00:00,soli,5,0.734,session_20260730_225331,student03,0.95,-0.235,0.947,0.118,-8.09,2.26,-2.72,,
4238,2026-07-30T22:56:21.876276+00:00,soli,5,0.844,session_20260730_225331,student03,0.95,-0.274,0.929,0.146,11.26,-10.59,-3.6,,
4239,2026-07-30T22:56:21.988669+00:00,soli,5,0.953,session_20260730_225331,student03,0.95,-0.243,0.981,-0.006,61.83,-24.05,-9.37,,
4240,2026-07-30T22:56:22.098508+00:00,soli,5,1.062,session_20260730_225331,student03,0.95,-0.255,0.989,-0.005,-14.71,5.28,12.27,,
4241,2026-07-30T22:56:22.195730+00:00,soli,5,1.156,session_20260730_225331,student03,0.95,-0.245,0.934,0.102,-64.3,11.47,11.2,,
4242,2026-07-30T22:56:22.292445+00:00,soli,5,1.25,session_20260730_225331,student03,0.95,-0.223,0.939,0.165,-18.86,3.23,1.74,,
4243,2026-07-30T22:56:22.382272+00:00,soli,5,1.344,session_20260730_225331,student03,0.95,-0.221,0.998,0.129,62.04,-0.52,-1.46,,
4244,2026-07-30T22:56:22.489802+00:00,soli,5,1.453,session_20260730_225331,student03,0.95,-0.214,0.945,-0.01,30.88,15.02,5.07,,
4245,2026-07-30T22:56:22.587130+00:00,soli,5,1.547,session_20260730_225331,student03,0.95,-0.194,0.991,-0.046,-33.78,-1.28,-8.61,,
4246,2026-07-30T22:56:22.684158+00:00,soli,5,1.641,session_20260730_225331,student03,0.95,-0.249,0.985,0.08,-56.0,7.57,0.61,,
4247,2026-07-30T22:56:22.783902+00:00,soli,5,1.75,session_20260730_225331,student03,0.95,-0.281,0.941,0.207,0.06,8.97,9.34,,
4248,2026-07-30T22:56:22.888496+00:00,soli,5,1.859,session_20260730_225331,student03,0.95,-0.233,0.939,0.105,55.3,-25.27,-12.91,,
4249,2026-07-30T22:56:22.999171+00:00,soli,5,1.969,session_20260730_225331,student03,0.95,-0.254,1.016,-0.069,47.79,-2.14,1.62,,
4250,2026-07-30T22:56:23.012883+00:00,soli,6,0.0,session_20260730_225331,student03,0.95,-0.233,0.987,-0.062,35.95,2.38,5.4,,
4251,2026-07-30T22:56:23.112463+00:00,soli,6,0.109,session_20260730_225331,student03,0.95,-0.264,0.993,-0.062,-7.93,2.75,0.98,,
4252,2026-07-30T22:56:23.211812+00:00,soli,6,0.203,session_20260730_225331,student03,0.95,-0.279,0.951,0.06,-72.57,4.91,-0.24,,
4253,2026-07-30T22:56:23.312845+00:00,soli,6,0.312,session_20260730_225331,student03,0.95,-0.202,0.912,0.159,-53.1,9.06,11.32,,
4254,2026-07-30T22:56:23.418454+00:00,soli,6,0.406,session_20260730_225331,student03,0.95,-0.218,0.914,0.23,18.56,-7.6,-6.65,,
4255,2026-07-30T22:56:23.529034+00:00,soli,6,0.515,session_20260730_225331,student03,0.95,-0.257,0.966,0.092,70.31,-18.13,-14.53,,
4256,2026-07-30T22:56:23.626443+00:00,soli,6,0.625,session_20260730_225331,student03,0.95,-0.274,0.992,-0.02,33.02,3.17,-6.9,,
4257,2026-07-30T22:56:23.738641+00:00,soli,6,0.734,session_20260730_225331,student03,0.95,-0.256,0.988,-0.003,3.6,-22.06,0.34,,
4258,2026-07-30T22:56:23.848833+00:00,soli,6,0.843,session_20260730_225331,student03,0.95,-0.312,0.955,0.126,-63.75,27.62,29.94,,
4259,2026-07-30T22:56:23.942237+00:00,soli,6,0.937,session_20260730_225331,student03,0.95,-0.193,0.88,0.166,-27.68,11.14,13.31,,
4260,2026-07-30T22:56:24.048655+00:00,soli,6,1.047,session_20260730_225331,student03,0.95,-0.252,0.926,0.221,11.35,-13.79,-12.12,,
4261,2026-07-30T22:56:24.147620+00:00,soli,6,1.14,session_20260730_225331,student03,0.95,-0.271,0.929,0.138,50.66,-22.37,-21.58,,
4262,2026-07-30T22:56:24.246148+00:00,soli,6,1.234,session_20260730_225331,student03,0.95,-0.272,0.967,-0.035,62.23,-1.98,-5.19,,
4263,2026-07-30T22:56:24.342896+00:00,soli,6,1.343,session_20260730_225331,student03,0.95,-0.293,0.997,-0.061,13.92,13.18,11.72,,
4264,2026-07-30T22:56:24.453126+00:00,soli,6,1.453,session_20260730_225331,student03,0.95,-0.305,0.958,0.028,-55.48,29.73,15.5,,
4265,2026-07-30T22:56:24.559002+00:00,soli,6,1.547,session_20260730_225331,student03,0.95,-0.182,0.965,0.105,-40.56,21.03,21.24,,
4266,2026-07-30T22:56:24.656889+00:00,soli,6,1.656,session_20260730_225331,student03,0.95,-0.194,0.91,0.193,15.72,-11.87,-0.98,,
4267,2026-07-30T22:56:24.768532+00:00,soli,6,1.765,session_20260730_225331,student03,0.95,-0.24,0.99,-0.019,56.58,-1.62,-12.63,,
4268,2026-07-30T22:56:24.878132+00:00,soli,6,1.875,session_20260730_225331,student03,0.95,-0.212,0.991,-0.077,26.61,5.34,-0.09,,
4269,2026-07-30T22:56:24.988976+00:00,soli,6,1.984,session_20260730_225331,student03,0.95,-0.178,1.01,-0.127,-44.83,1.92,-2.11,,
4270,2026-07-30T22:56:25.003791+00:00,soli,7,0.0,session_20260730_225331,student03,0.95,-0.226,0.958,-0.083,-76.72,6.2,-7.84,,
4271,2026-07-30T22:56:25.103691+00:00,soli,7,0.093,session_20260730_225331,student03,0.95,-0.178,0.957,0.041,-62.47,-6.53,13.92,,
4272,2026-07-30T22:56:25.192309+00:00,soli,7,0.187,session_20260730_225331,student03,0.95,-0.302,0.947,0.277,-22.43,3.23,8.42,,
4273,2026-07-30T22:56:25.299141+00:00,soli,7,0.297,session_20260730_225331,student03,0.95,-0.198,0.969,0.046,62.5,-40.16,-24.99,,
4274,2026-07-30T22:56:25.408730+00:00,soli,7,0.406,session_20260730_225331,student03,0.95,-0.243,0.987,-0.047,48.37,10.44,4.55,,
4275,2026-07-30T22:56:25.517840+00:00,soli,7,0.515,session_20260730_225331,student03,0.95,-0.249,0.991,-0.078,-15.66,2.99,-0.61,,
4276,2026-07-30T22:56:25.628998+00:00,soli,7,0.625,session_20260730_225331,student03,0.95,-0.25,0.967,0.049,-71.05,6.38,5.46,,
4277,2026-07-30T22:56:25.738032+00:00,soli,7,0.734,session_20260730_225331,student03,0.95,-0.223,0.915,0.195,-22.98,24.72,7.97,,
4278,2026-07-30T22:56:25.848296+00:00,soli,7,0.843,session_20260730_225331,student03,0.95,-0.232,0.914,0.203,41.44,-19.44,-8.55,,
4279,2026-07-30T22:56:25.957949+00:00,soli,7,0.953,session_20260730_225331,student03,0.95,-0.292,0.981,-0.037,72.3,-15.17,-7.26,,
4280,2026-07-30T22:56:26.068624+00:00,soli,7,1.062,session_20260730_225331,student03,0.95,-0.26,1.0,-0.069,14.86,7.29,4.55,,
4281,2026-07-30T22:56:26.166172+00:00,soli,7,1.156,session_20260730_225331,student03,0.95,-0.257,0.955,-0.04,-57.41,12.45,1.19,,
4282,2026-07-30T22:56:26.266266+00:00,soli,7,1.265,session_20260730_225331,student03,0.95,-0.234,0.931,0.104,-54.14,20.94,10.07,,
4283,2026-07-30T22:56:26.378711+00:00,soli,7,1.375,session_20260730_225331,student03,0.95,-0.21,0.918,0.196,14.4,-12.63,-1.92,,
4284,2026-07-30T22:56:26.489025+00:00,soli,7,1.484,session_20260730_225331,student03,0.95,-0.242,0.99,0.026,52.1,-9.13,-5.4,,
4285,2026-07-30T22:56:26.585702+00:00,soli,7,1.578,session_20260730_225331,student03,0.95,-0.219,0.98,-0.028,23.32,2.81,7.17,,
4286,2026-07-30T22:56:26.687101+00:00,soli,7,1.687,session_20260730_225331,student03,0.95,-0.208,1.007,-0.111,-25.06,-9.34,-8.51,,
4287,2026-07-30T22:56:26.802100+00:00,soli,7,1.797,session_20260730_225331,student03,0.95,-0.258,0.979,0.093,-47.4,11.17,6.01,,
4288,2026-07-30T22:56:26.909031+00:00,soli,7,1.906,session_20260730_225331,student03,0.95,-0.249,0.923,0.204,-10.04,-0.61,11.57,,
4289,2026-07-30T22:56:28.123578+00:00,soli,8,0.0,session_20260730_225331,student03,0.95,-0.195,0.93,0.143,32.11,-14.01,2.5,,
4290,2026-07-30T22:56:28.229239+00:00,soli,8,0.093,session_20260730_225331,student03,0.95,-0.253,0.971,0.025,57.16,-19.35,-10.86,,
4291,2026-07-30T22:56:28.326112+00:00,soli,8,0.203,session_20260730_225331,student03,0.95,-0.23,0.989,-0.058,32.75,1.34,6.71,,
4292,2026-07-30T22:56:28.437718+00:00,soli,8,0.312,session_20260730_225331,student03,0.95,-0.171,1.003,-0.125,-33.08,-12.05,6.68,,
4293,2026-07-30T22:56:28.548985+00:00,soli,8,0.422,session_20260730_225331,student03,0.95,-0.19,0.941,0.065,-68.27,20.84,12.82,,
4294,2026-07-30T22:56:28.659616+00:00,soli,8,0.531,session_20260730_225331,student03,0.95,-0.207,0.871,0.254,-36.19,19.44,12.33,,
4295,2026-07-30T22:56:28.768262+00:00,soli,8,0.64,session_20260730_225331,student03,0.95,-0.179,0.939,0.182,25.97,-7.93,-12.82,,
4296,2026-07-30T22:56:28.867239+00:00,soli,8,0.734,session_20260730_225331,student03,0.95,-0.249,0.981,0.082,54.26,15.38,-12.39,,
4297,2026-07-30T22:56:28.979781+00:00,soli,8,0.843,session_20260730_225331,student03,0.95,-0.254,0.993,0.097,12.73,34.55,8.91,,
4298,2026-07-30T22:56:29.089494+00:00,soli,8,0.953,session_20260730_225331,student03,0.95,-0.205,0.95,0.004,-51.55,-0.15,-4.03,,
4299,2026-07-30T22:56:29.187938+00:00,soli,8,1.062,session_20260730_225331,student03,0.95,-0.207,0.922,0.142,-78.55,-1.31,5.46,,
4300,2026-07-30T22:56:29.299676+00:00,soli,8,1.172,session_20260730_225331,student03,0.95,-0.132,0.855,0.23,-57.59,2.78,28.99,,
4301,2026-07-30T22:56:29.408744+00:00,soli,8,1.281,session_20260730_225331,student03,0.95,-0.132,0.848,0.377,59.51,-25.73,-18.28,,
4302,2026-07-30T22:56:29.506672+00:00,soli,8,1.375,session_20260730_225331,student03,0.95,-0.204,0.962,0.116,88.44,-21.64,-27.01,,
4303,2026-07-30T22:56:29.604011+00:00,soli,8,1.468,session_20260730_225331,student03,0.95,-0.196,0.986,-0.029,43.58,27.59,1.71,,
4304,2026-07-30T22:56:29.696750+00:00,soli,8,1.562,session_20260730_225331,student03,0.95,-0.218,0.979,0.043,16.05,-6.47,11.6,,
4305,2026-07-30T22:56:29.792776+00:00,soli,8,1.656,session_20260730_225331,student03,0.95,-0.224,1.046,-0.098,-17.79,8.21,-12.73,,
4306,2026-07-30T22:56:29.883316+00:00,soli,8,1.75,session_20260730_225331,student03,0.95,-0.185,0.951,0.048,-53.32,12.42,6.5,,
4307,2026-07-30T22:56:29.991329+00:00,soli,8,1.859,session_20260730_225331,student03,0.95,-0.176,0.932,0.126,-39.7,8.48,7.93,,
4308,2026-07-30T22:56:30.097847+00:00,soli,8,1.968,session_20260730_225331,student03,0.95,-0.18,0.897,0.28,37.9,-46.21,-10.65,,
4309,2026-07-30T22:56:30.769152+00:00,soli,9,0.0,session_20260730_225331,student03,0.95,-0.102,0.916,0.187,55.06,-45.56,-16.45,,
4310,2026-07-30T22:56:30.883061+00:00,soli,9,0.11,session_20260730_225331,student03,0.95,-0.17,1.021,-0.101,76.24,35.46,-7.72,,
4311,2026-07-30T22:56:30.983235+00:00,soli,9,0.219,session_20260730_225331,student03,0.95,-0.164,0.982,-0.122,18.34,44.22,5.19,,
4312,2026-07-30T22:56:31.089295+00:00,soli,9,0.313,session_20260730_225331,student03,0.95,-0.121,0.949,-0.094,-25.85,-37.81,-14.77,,
4313,2026-07-30T22:56:31.199305+00:00,soli,9,0.422,session_20260730_225331,student03,0.95,-0.197,0.996,0.024,-71.63,5.68,13.76,,
4314,2026-07-30T22:56:31.293641+00:00,soli,9,0.516,session_20260730_225331,student03,0.95,-0.159,0.901,0.183,-24.45,-12.33,2.84,,
4315,2026-07-30T22:56:31.393321+00:00,soli,9,0.625,session_20260730_225331,student03,0.95,-0.198,0.85,0.254,29.88,-56.7,-22.8,,
4316,2026-07-30T22:56:31.498887+00:00,soli,9,0.735,session_20260730_225331,student03,0.95,-0.224,1.027,-0.096,37.35,23.74,-2.29,,
4317,2026-07-30T22:56:31.609418+00:00,soli,9,0.844,session_20260730_225331,student03,0.95,-0.24,0.982,-0.028,6.5,40.31,5.68,,
4318,2026-07-30T22:56:31.718460+00:00,soli,9,0.953,session_20260730_225331,student03,0.95,-0.184,1.006,-0.084,-18.8,-14.89,-3.02,,
4319,2026-07-30T22:56:31.829363+00:00,soli,9,1.063,session_20260730_225331,student03,0.95,-0.176,0.92,0.022,-91.13,38.18,18.62,,
4320,2026-07-30T22:56:31.939106+00:00,soli,9,1.172,session_20260730_225331,student03,0.95,-0.153,0.899,0.19,-5.89,-10.56,0.37,,
4321,2026-07-30T22:56:32.049431+00:00,soli,9,1.282,session_20260730_225331,student03,0.95,-0.222,0.943,0.178,67.2,-12.51,-15.2,,
4322,2026-07-30T22:56:32.163287+00:00,soli,9,1.391,session_20260730_225331,student03,0.95,-0.173,0.975,-0.066,50.48,6.68,5.65,,
4323,2026-07-30T22:56:32.268593+00:00,soli,9,1.5,session_20260730_225331,student03,0.95,-0.177,0.974,-0.064,13.4,-1.53,0.24,,
4324,2026-07-30T22:56:32.378469+00:00,soli,9,1.61,session_20260730_225331,student03,0.95,-0.207,0.978,-0.054,-39.22,-11.75,-15.53,,
4325,2026-07-30T22:56:32.492679+00:00,soli,9,1.719,session_20260730_225331,student03,0.95,-0.221,0.992,0.011,-37.78,16.27,5.46,,
4326,2026-07-30T22:56:32.599031+00:00,soli,9,1.828,session_20260730_225331,student03,0.95,-0.215,0.997,0.103,-40.62,16.66,1.46,,
4327,2026-07-30T22:56:32.693981+00:00,soli,9,1.922,session_20260730_225331,student03,0.95,-0.166,0.901,0.251,-9.61,-10.13,1.37,,
4328,2026-07-30T22:57:42.399087+00:00,soli,10,0.0,session_20260730_225331,student03,0.95,-0.293,0.966,0.115,-49.47,-6.23,49.07,,
4329,2026-07-30T22:57:42.494221+00:00,soli,10,0.094,session_20260730_225331,student03,0.95,-0.068,0.776,0.297,13.12,-5.86,14.34,,
4330,2026-07-30T22:57:42.605826+00:00,soli,10,0.203,session_20260730_225331,student03,0.95,-0.196,1.007,0.104,60.55,23.41,-18.52,,
4331,2026-07-30T22:57:42.696070+00:00,soli,10,0.297,session_20260730_225331,student03,0.95,-0.179,0.96,0.066,8.09,-4.43,-5.86,,
4332,2026-07-30T22:57:42.794152+00:00,soli,10,0.391,session_20260730_225331,student03,0.95,-0.229,0.986,0.021,1.62,-3.57,-9.61,,
4333,2026-07-30T22:57:42.895105+00:00,soli,10,0.5,session_20260730_225331,student03,0.95,-0.252,0.949,0.032,18.83,-10.1,-13.73,,
4334,2026-07-30T22:57:42.994870+00:00,soli,10,0.594,session_20260730_225331,student03,0.95,-0.301,1.041,-0.027,-2.32,-0.15,-2.35,,
4335,2026-07-30T22:57:43.088506+00:00,soli,10,0.688,session_20260730_225331,student03,0.95,-0.288,1.002,0.08,-121.86,6.59,43.82,,
4336,2026-07-30T22:57:43.185937+00:00,soli,10,0.797,session_20260730_225331,student03,0.95,-0.12,0.852,0.261,-12.76,14.19,16.3,,
4337,2026-07-30T22:57:43.294716+00:00,soli,10,0.907,session_20260730_225331,student03,0.95,-0.141,0.962,0.101,104.59,32.29,-9.31,,
4338,2026-07-30T22:57:43.402110+00:00,soli,10,1.0,session_20260730_225331,student03,0.95,-0.189,1.009,0.025,26.98,15.75,17.55,,
4339,2026-07-30T22:57:43.494797+00:00,soli,10,1.094,session_20260730_225331,student03,0.95,-0.177,0.949,0.026,-54.32,-6.2,-5.86,,
4340,2026-07-30T22:57:43.600714+00:00,soli,10,1.203,session_20260730_225331,student03,0.95,-0.206,0.996,0.095,-70.38,-7.14,16.97,,
4341,2026-07-30T22:57:43.699828+00:00,soli,10,1.297,session_20260730_225331,student03,0.95,-0.104,0.824,0.305,-12.85,4.91,5.98,,
4342,2026-07-30T22:57:43.795932+00:00,soli,10,1.407,session_20260730_225331,student03,0.95,-0.172,0.988,0.124,53.44,-14.74,-15.08,,
4343,2026-07-30T22:57:43.911086+00:00,soli,10,1.516,session_20260730_225331,student03,0.95,-0.212,1.045,-0.025,65.4,36.32,2.96,,
4344,2026-07-30T22:57:44.021949+00:00,soli,10,1.625,session_20260730_225331,student03,0.95,-0.17,1.02,-0.151,-37.9,-14.86,4.52,,
4345,2026-07-30T22:57:44.131701+00:00,soli,10,1.735,session_20260730_225331,student03,0.95,-0.214,1.048,0.046,-159.55,-56.95,16.94,,
4346,2026-07-30T22:57:44.230598+00:00,soli,10,1.828,session_20260730_225331,student03,0.95,-0.085,0.858,0.318,-40.71,11.29,20.11,,
4347,2026-07-30T22:57:44.328889+00:00,soli,10,1.938,session_20260730_225331,student03,0.95,-0.113,0.826,0.289,115.51,-3.63,-43.49,,
4348,2026-07-30T22:57:46.225664+00:00,soli,11,0.0,session_20260730_225331,student03,0.95,-0.28,0.937,0.022,-68.91,-10.16,-7.51,,
4349,2026-07-30T22:57:46.325193+00:00,soli,11,0.094,session_20260730_225331,student03,0.95,-0.2,0.976,0.045,-73.92,-3.2,26.09,,
4350,2026-07-30T22:57:46.415178+00:00,soli,11,0.188,session_20260730_225331,student03,0.95,-0.147,0.901,0.173,-28.02,25.7,25.57,,
4351,2026-07-30T22:57:46.526320+00:00,soli,11,0.297,session_20260730_225331,student03,0.95,-0.115,0.924,0.06,119.97,-1.07,-37.93,,
4352,2026-07-30T22:57:46.619164+00:00,soli,11,0.391,session_20260730_225331,student03,0.95,-0.294,1.095,-0.17,55.88,-6.74,-14.47,,
4353,2026-07-30T22:57:46.717352+00:00,soli,11,0.5,session_20260730_225331,student03,0.95,-0.257,0.998,-0.166,-81.06,38.51,18.01,,
4354,2026-07-30T22:57:46.825897+00:00,soli,11,0.594,session_20260730_225331,student03,0.95,-0.206,0.911,0.081,-43.28,1.25,20.54,,
4355,2026-07-30T22:57:46.919572+00:00,soli,11,0.688,session_20260730_225331,student03,0.95,-0.176,0.92,0.19,-18.71,11.14,10.74,,
4356,2026-07-30T22:57:47.015528+00:00,soli,11,0.797,session_20260730_225331,student03,0.95,-0.109,0.88,0.183,45.5,-14.19,-24.87,,
4357,2026-07-30T22:57:47.125844+00:00,soli,11,0.907,session_20260730_225331,student03,0.95,-0.231,1.041,0.013,43.86,-3.33,-17.94,,
4358,2026-07-30T22:57:47.231467+00:00,soli,11,1.0,session_20260730_225331,student03,0.95,-0.16,0.961,-0.074,5.65,13.0,20.17,,
4359,2026-07-30T22:57:47.325325+00:00,soli,11,1.094,session_20260730_225331,student03,0.95,-0.145,0.989,-0.086,-57.28,7.57,-0.12,,
4360,2026-07-30T22:57:47.415350+00:00,soli,11,1.188,session_20260730_225331,student03,0.95,-0.15,0.983,0.069,-66.07,-8.21,18.56,,
4361,2026-07-30T22:57:47.509568+00:00,soli,11,1.282,session_20260730_225331,student03,0.95,-0.149,0.917,0.223,-22.28,4.24,11.54,,
4362,2026-07-30T22:57:47.606607+00:00,soli,11,1.375,session_20260730_225331,student03,0.95,-0.132,0.913,0.231,46.11,-19.44,-10.01,,
4363,2026-07-30T22:57:47.706165+00:00,soli,11,1.485,session_20260730_225331,student03,0.95,-0.157,0.932,0.091,66.62,49.68,-8.21,,
4364,2026-07-30T22:57:47.812127+00:00,soli,11,1.594,session_20260730_225331,student03,0.95,-0.14,0.955,0.017,11.69,1.62,1.22,,
4365,2026-07-30T22:57:47.922227+00:00,soli,11,1.704,session_20260730_225331,student03,0.95,-0.252,0.998,0.073,-70.89,-55.12,-10.62,,
4366,2026-07-30T22:57:48.033930+00:00,soli,11,1.813,session_20260730_225331,student03,0.95,-0.062,0.907,0.243,-55.57,-56.18,4.0,,
4367,2026-07-30T22:57:48.141549+00:00,soli,11,1.922,session_20260730_225331,student03,0.95,-0.112,0.932,0.0,196.05,6.1,-57.16,,
4368,2026-07-30T22:57:50.905471+00:00,soli,12,0.0,session_20260730_225331,student03,0.95,-0.232,0.991,0.058,-65.65,-31.31,-1.16,,
4369,2026-07-30T22:57:51.015267+00:00,soli,12,0.109,session_20260730_225331,student03,0.95,-0.159,0.997,0.074,-51.94,-24.35,11.51,,
4370,2026-07-30T22:57:51.126093+00:00,soli,12,0.219,session_20260730_225331,student03,0.95,-0.136,0.841,0.234,-10.71,4.94,9.46,,
4371,2026-07-30T22:57:51.231791+00:00,soli,12,0.312,session_20260730_225331,student03,0.95,-0.157,0.984,0.048,84.38,-5.43,-32.65,,
4372,2026-07-30T22:57:51.325898+00:00,soli,12,0.406,session_20260730_225331,student03,0.95,-0.223,1.053,-0.118,72.02,37.66,-23.74,,
4373,2026-07-30T22:57:51.417565+00:00,soli,12,0.5,session_20260730_225331,student03,0.95,-0.214,0.98,-0.089,6.07,17.24,2.93,,
4374,2026-07-30T22:57:51.514744+00:00,soli,12,0.609,session_20260730_225331,student03,0.95,-0.304,1.022,-0.043,-87.31,-4.12,6.59,,
4375,2026-07-30T22:57:51.631869+00:00,soli,12,0.719,session_20260730_225331,student03,0.95,-0.124,0.845,0.292,-179.75,-9.74,80.51,,
4376,2026-07-30T22:57:51.729998+00:00,soli,12,0.812,session_20260730_225331,student03,0.95,0.042,0.72,0.398,22.74,-11.2,-7.05,,
4377,2026-07-30T22:57:51.825545+00:00,soli,12,0.906,session_20260730_225331,student03,0.95,-0.158,0.949,0.212,127.11,46.88,-34.61,,
4378,2026-07-30T22:57:51.920180+00:00,soli,12,1.016,session_20260730_225331,student03,0.95,-0.116,1.056,0.062,12.39,80.57,23.35,,
4379,2026-07-30T22:57:52.036042+00:00,soli,12,1.125,session_20260730_225331,student03,0.95,-0.097,0.938,0.208,-85.57,-42.51,5.65,,
4380,2026-07-30T22:57:52.145262+00:00,soli,12,1.234,session_20260730_225331,student03,0.95,-0.077,0.885,0.324,-1.19,-3.78,13.55,,
4381,2026-07-30T22:57:52.252490+00:00,soli,12,1.344,session_20260730_225331,student03,0.95,-0.055,0.881,0.139,139.23,-32.23,-48.86,,
4382,2026-07-30T22:57:52.362592+00:00,soli,12,1.453,session_20260730_225331,student03,0.95,-0.228,1.085,-0.155,127.17,46.6,-27.07,,
4383,2026-07-30T22:57:52.472504+00:00,soli,12,1.562,session_20260730_225331,student03,0.95,-0.157,0.98,-0.221,43.37,-0.06,3.3,,
4384,2026-07-30T22:57:52.570138+00:00,soli,12,1.656,session_20260730_225331,student03,0.95,-0.259,0.997,-0.182,-86.31,-10.16,-2.17,,
4385,2026-07-30T22:57:52.666209+00:00,soli,12,1.75,session_20260730_225331,student03,0.95,-0.285,1.068,0.075,-101.38,-29.76,24.93,,
4386,2026-07-30T22:57:52.775458+00:00,soli,12,1.859,session_20260730_225331,student03,0.95,-0.062,0.847,0.286,-6.56,-45.96,-0.46,,
4387,2026-07-30T22:57:52.875238+00:00,soli,12,1.969,session_20260730_225331,student03,0.95,-0.147,1.099,-0.004,75.9,-18.59,-35.68,,
4388,2026-07-30T22:57:55.064741+00:00,soli,13,0.0,session_20260730_225331,student03,0.95,-0.284,0.962,-0.031,-0.49,4.09,-2.99,,
4389,2026-07-30T22:57:55.165983+00:00,soli,13,0.094,session_20260730_225331,student03,0.95,-0.303,1.02,-0.089,-49.56,9.64,2.17,,
4390,2026-07-30T22:57:55.255615+00:00,soli,13,0.188,session_20260730_225331,student03,0.95,-0.298,0.839,0.211,-83.01,-15.5,18.83,,
4391,2026-07-30T22:57:55.362013+00:00,soli,13,0.297,session_20260730_225331,student03,0.95,-0.161,0.861,0.186,43.55,33.45,-12.97,,
4392,2026-07-30T22:57:55.471690+00:00,soli,13,0.406,session_20260730_225331,student03,0.95,-0.348,1.003,0.001,46.78,40.83,-6.81,,
4393,2026-07-30T22:57:55.581929+00:00,soli,13,0.516,session_20260730_225331,student03,0.95,-0.312,0.991,-0.015,38.39,-15.78,1.4,,
4394,2026-07-30T22:57:55.692075+00:00,soli,13,0.625,session_20260730_225331,student03,0.95,-0.29,0.947,-0.116,-71.44,17.03,15.02,,
4395,2026-07-30T22:57:55.802059+00:00,soli,13,0.735,session_20260730_225331,student03,0.95,-0.209,0.944,0.012,-63.63,-11.32,7.93,,
4396,2026-07-30T22:57:55.915706+00:00,soli,13,0.844,session_20260730_225331,student03,0.95,-0.251,0.817,0.184,22.28,-23.29,-25.36,,
4397,2026-07-30T22:57:56.005216+00:00,soli,13,0.938,session_20260730_225331,student03,0.95,-0.362,1.016,-0.087,71.2,9.16,-20.05,,
4398,2026-07-30T22:57:56.116141+00:00,soli,13,1.047,session_20260730_225331,student03,0.95,-0.315,0.966,-0.156,15.96,30.95,13.4,,
4399,2026-07-30T22:57:56.209362+00:00,soli,13,1.141,session_20260730_225331,student03,0.95,-0.234,0.971,-0.18,-14.16,-23.59,-1.5,,
4400,2026-07-30T22:57:56.306638+00:00,soli,13,1.235,session_20260730_225331,student03,0.95,-0.321,0.925,-0.011,-88.44,-7.11,22.55,,
4401,2026-07-30T22:57:56.406904+00:00,soli,13,1.344,session_20260730_225331,student03,0.95,-0.223,0.837,0.123,-56.09,-9.46,10.47,,
4402,2026-07-30T22:57:56.516369+00:00,soli,13,1.453,session_20260730_225331,student03,0.95,-0.276,0.931,0.085,74.07,-29.85,-39.0,,
4403,2026-07-30T22:57:56.625924+00:00,soli,13,1.563,session_20260730_225331,student03,0.95,-0.356,1.01,-0.087,42.09,15.2,-7.26,,
4404,2026-07-30T22:57:56.736450+00:00,soli,13,1.672,session_20260730_225331,student03,0.95,-0.319,0.983,-0.099,5.83,12.27,24.93,,
4405,2026-07-30T22:57:56.846176+00:00,soli,13,1.781,session_20260730_225331,student03,0.95,-0.275,0.952,0.005,-71.69,-11.78,17.98,,
4406,2026-07-30T22:57:56.956446+00:00,soli,13,1.891,session_20260730_225331,student03,0.95,-0.188,0.807,0.219,-37.54,-2.9,12.94,,
4407,2026-07-30T22:57:59.439731+00:00,soli,14,0.0,session_20260730_225331,student03,0.95,-0.339,0.932,-0.001,-19.9,10.86,-2.32,,
4408,2026-07-30T22:57:59.545133+00:00,soli,14,0.11,session_20260730_225331,student03,0.95,-0.261,0.921,-0.068,-38.79,3.33,5.62,,
4409,2026-07-30T22:57:59.661073+00:00,soli,14,0.219,session_20260730_225331,student03,0.95,-0.302,0.947,0.035,-38.97,13.21,20.42,,
4410,2026-07-30T22:57:59.760416+00:00,soli,14,0.313,session_20260730_225331,student03,0.95,-0.222,0.878,0.099,9.28,12.18,-6.07,,
4411,2026-07-30T22:57:59.857664+00:00,soli,14,0.422,session_20260730_225331,student03,0.95,-0.223,0.993,-0.063,25.73,62.44,28.5,,
4412,2026-07-30T22:57:59.960467+00:00,soli,14,0.516,session_20260730_225331,student03,0.95,-0.239,0.945,-0.02,19.71,27.86,7.32,,
4413,2026-07-30T22:58:00.056730+00:00,soli,14,0.61,session_20260730_225331,student03,0.95,-0.155,1.03,-0.177,-47.85,1.37,-5.04,,
4414,2026-07-30T22:58:00.146848+00:00,soli,14,0.703,session_20260730_225331,student03,0.95,-0.229,0.971,0.04,-78.22,-5.01,-1.07,,
4415,2026-07-30T22:58:00.253189+00:00,soli,14,0.813,session_20260730_225331,student03,0.95,-0.192,0.863,0.167,-14.65,1.62,11.26,,
4416,2026-07-30T22:58:00.362012+00:00,soli,14,0.922,session_20260730_225331,student03,0.95,-0.208,0.951,-0.023,115.09,-57.22,-40.71,,
4417,2026-07-30T22:58:00.471366+00:00,soli,14,1.031,session_20260730_225331,student03,0.95,-0.287,1.077,-0.251,58.81,24.41,-5.58,,
4418,2026-07-30T22:58:00.582277+00:00,soli,14,1.141,session_20260730_225331,student03,0.95,-0.241,0.966,-0.186,12.88,23.59,-5.1,,
4419,2026-07-30T22:58:00.680907+00:00,soli,14,1.235,session_20260730_225331,student03,0.95,-0.294,0.911,-0.094,-72.3,15.96,3.2,,
4420,2026-07-30T22:58:00.777118+00:00,soli,14,1.328,session_20260730_225331,student03,0.95,-0.223,0.896,0.048,-41.29,-9.67,14.4,,
4421,2026-07-30T22:58:00.875732+00:00,soli,14,1.438,session_20260730_225331,student03,0.95,-0.206,0.884,0.1,-0.18,7.35,3.57,,
4422,2026-07-30T22:58:00.981741+00:00,soli,14,1.531,session_20260730_225331,student03,0.95,-0.223,1.044,-0.21,88.75,-13.73,-24.23,,
4423,2026-07-30T22:58:01.093251+00:00,soli,14,1.656,session_20260730_225331,student03,0.95,-0.256,0.952,-0.249,21.64,61.92,22.0,,
4424,2026-07-30T22:58:01.202811+00:00,soli,14,1.766,session_20260730_225331,student03,0.95,-0.211,0.925,-0.159,-0.73,23.53,11.26,,
4425,2026-07-30T22:58:01.311421+00:00,soli,14,1.875,session_20260730_225331,student03,0.95,-0.235,0.981,-0.215,-70.28,-20.17,-18.92,,
4426,2026-07-30T22:58:01.425520+00:00,soli,14,1.985,session_20260730_225331,student03,0.95,-0.277,1.026,0.031,-63.75,-13.31,2.53,,
