frame_index,confidence,num_points,points,range_profile,motion_score
0,0.8,10,"[{""x"": -0.36585330963134766, ""y"": 0.634610652923584, ""z"": 0.0, ""velocity"": 0.0, ""snr"": 0.0}, {""x"": -0.3542304039001465, ""y"": 0.6587505340576172, ""z"": 0.0, ""velocity"": 0.0, ""snr"": 0.0}, {""x"": -0.06490945816040039, ""y"": 0.5734562873840332, ""z"": 0.0, ""velocity"": 0.0, ""snr"": 0.0}, {""x"": 0.033795833587646484, ""y"": 0.5575418472290039, ""z"": 0.0, ""velocity"": 0.0, ""snr"": 0.0}, {""x"": -0.010728836059570312, ""y"": 0.5697011947631836, ""z"": 0.0, ""velocity"": 0.0, ""snr"": 0.0}, {""x"": 0.10389089584350586, ""y"": 1.5451312065124512, ""z"": 0.0, ""velocity"": 0.0, ""snr"": 0.0}, {""x"": 0.3756880760192871, ""y"": 0.510871410369873, ""z"": 0.0, ""velocity"": 0.0, ""snr"": 0.0}, {""x"": 0.40161609649658203, ""y"": 0.5140900611877441, ""z"": 0.0, ""velocity"": 0.0, ""snr"": 0.0}, {""x"": 1.2792348861694336, ""y"": 1.6815662384033203, ""z"": 0.0, ""velocity"": 0.0, ""snr"": 0.0}, {""x"": 1.4192461967468262, ""y"": 1.5873312950134277, ""z"": 0.0, ""velocity"": 0.0, ""snr"": 0.0}]","[139502.0, 211442.0, 146062.0, 44689.0, 9260.0, 3168.0, 2078.0, 1783.0, 1880.0, 1893.0, 12883.0, 103764.0, 281537.0, 285908.0, 187962.0, 130633.0, 50536.0, 37798.0, 12410.0, 5861.0, 6684.0, 4468.0, 4981.0, 13702.0, 19146.0, 13508.0, 6402.0, 8071.0, 16255.0, 15798.0, 6974.0, 9074.0, 15545.0, 31418.0, 35160.0, 21610.0, 19066.0, 26979.0, 23033.0, 11505.0, 12606.0, 18576.0, 20429.0, 13711.0, 12282.0, 29923.0, 45737.0, 38992.0, 17428.0, 12550.0, 11697.0, 13956.0, 10147.0, 7625.0, 11672.0, 11734.0, 7633.0, 7496.0, 9264.0, 8316.0, 5306.0, 5909.0, 6431.0, 8108.0, 7671.0, 9252.0, 11110.0, 5734.0, 6990.0, 6512.0, 5687.0, 5667.0, 6514.0, 6955.0, 6434.0, 5789.0, 6402.0, 6891.0, 6228.0, 5693.0, 4977.0, 4224.0, 4687.0, 4612.0, 5181.0, 5329.0, 7015.0, 7344.0, 3686.0, 3474.0, 4497.0, 5429.0, 3875.0, 2509.0, 3155.0, 3409.0, 3096.0, 3148.0, 3370.0, 3895.0, 3851.0, 3514.0, 3789.0, 3164.0, 2590.0, 2930.0, 3069.0, 3201.0, 3858.0, 3384.0, 3250.0, 3035.0, 2631.0, 2876.0, 2749.0, 2446.0, 2034.0, 2202.0, 2527.0, 2306.0, 2498.0, 2297.0, 2018.0, 1952.0, 1722.0, 1656.0, 1666.0, 1477.0]",0.0
1,0.8,6,"[{""x"": -0.3592371940612793, ""y"": 0.5695223808288574, ""z"": 0.0, ""velocity"": 0.0, ""snr"": 0.0}, {""x"": -0.33992528915405273, ""y"": 0.5967020988464355, ""z"": 0.0, ""velocity"": 0.0, ""snr"": 0.0}, {""x"": -0.3376007080078125, ""y"": 0.61798095703125, ""z"": 0.0, ""velocity"": 0.0, ""snr"": 0.0}, {""x"": -0.3281235694885254, ""y"": 0.6598234176635742, ""z"": 0.0, ""velocity"": 0.0, ""snr"": 0.0}, {""x"": 0.03594160079956055, ""y"": 0.6237030029296875, ""z"": 0.0, ""velocity"": 0.0, ""snr"": 0.0}, {""x"": 1.2779831886291504, ""y"": 0.914454460144043, ""z"": 0.0, ""velocity"": 0.0, ""snr"": 0.0}]","[139777.0, 211579.0, 146176.0, 44792.0, 9133.0, 3040.0, 1958.0, 1734.0, 1789.0, 1858.0, 2038.0, 2321.0, 19950.0, 65702.0, 139510.0, 197888.0, 140393.0, 58050.0, 26702.0, 9192.0, 5720.0, 4476.0, 2428.0, 2863.0, 3437.0, 4570.0, 11190.0, 15491.0, 13681.0, 12498.0, 9528.0, 9778.0, 13291.0, 17886.0, 27314.0, 24470.0, 23314.0, 24438.0, 19427.0, 12045.0, 14173.0, 17023.0, 17991.0, 12574.0, 12050.0, 23807.0, 29854.0, 21418.0, 11335.0, 11993.0, 17535.0, 19319.0, 13985.0, 9887.0, 10760.0, 8396.0, 8189.0, 8479.0, 6718.0, 7344.0, 6004.0, 5526.0, 9224.0, 9722.0, 8561.0, 7044.0, 7063.0, 6799.0, 5824.0, 6400.0, 10075.0, 11210.0, 7706.0, 8011.0, 7442.0, 6338.0, 8052.0, 8137.0, 8193.0, 6809.0, 4853.0, 4448.0, 4834.0, 5061.0, 4290.0, 4298.0, 6511.0, 8018.0, 5464.0, 3355.0, 4080.0, 3899.0, 2789.0, 3349.0, 3949.0, 4050.0, 3878.0, 3570.0, 4116.0, 3884.0, 3836.0, 3529.0, 3762.0, 3612.0, 2935.0, 3163.0, 2692.0, 2680.0, 2589.0, 2528.0, 2792.0, 2725.0, 2785.0, 3365.0, 3314.0, 2540.0, 2357.0, 2250.0, 2144.0, 1982.0, 2177.0, 1947.0, 1793.0, 1778.0, 1740.0, 1780.0, 1776.0, 1706.0]",0.0
2,0.8,9,"[{""x"": -0.541985034942627, ""y"": 0.510871410369873, ""z"": 0.0, ""velocity"": 0.0, ""snr"": 0.0}, {""x"": -0.4836916923522949, ""y"": 0.6215572357177734, ""z"": 0.0, ""velocity"": 0.0, ""snr"": 0.0}, {""x"": -0.4820823669433594, ""y"": 0.6410479545593262, ""z"": 0.0, ""velocity"": 0.0, ""snr"": 0.0}, {""x"": -0.5146265029907227, ""y"": 0.6392598152160645, ""z"": 0.0, ""velocity"": 0.0, ""snr"": 0.0}, {""x"": -0.07259845733642578, ""y"": 0.6687641143798828, ""z"": 0.0, ""velocity"": 0.0, ""snr"": 0.0}, {""x"": -0.03254413604736328, ""y"": 0.6657242774963379, ""z"": 0.0, ""velocity"": 0.0, ""snr"": 0.0}, {""x"": 0.1958012580871582, ""y"": 1.5617609024047852, ""z"": 0.0, ""velocity"": 0.0, ""snr"": 0.0}, {""x"": 0.3873109817504883, ""y"": 0.6063580513000488, ""z"": 0.0, ""velocity"": 0.0, ""snr"": 0.0}, {""x"": 1.259922981262207, ""y"": 1.686394214630127, ""z"": 0.0, ""velocity"": 0.0, ""snr"": 0.0}]","[139781.0, 211535.0, 146022.0, 44933.0, 9307.0, 3182.0, 2300.0, 1977.0, 1891.0, 1770.0, 1952.0, 1689.0, 4174.0, 53334.0, 167637.0, 194093.0, 110194.0, 169941.0, 150803.0, 64793.0, 16506.0, 8235.0, 3186.0, 4863.0, 6765.0, 5960.0, 4610.0, 5934.0, 8040.0, 12863.0, 9164.0, 8806.0, 13505.0, 10788.0, 18605.0, 21609.0, 21334.0, 24066.0, 22803.0, 17185.0, 17496.0, 17281.0, 16411.0, 10382.0, 16339.0, 36370.0, 50738.0, 34868.0, 12868.0, 13725.0, 15904.0, 13628.0, 10726.0, 11520.0, 12602.0, 8734.0, 9630.0, 8488.0, 8759.0, 6664.0, 4831.0, 5560.0, 6198.0, 6118.0, 7182.0, 7894.0, 7238.0, 6545.0, 5410.0, 6816.0, 5717.0, 5025.0, 7697.0, 8859.0, 6733.0, 6274.0, 7115.0, 5756.0, 5795.0, 5999.0, 5554.0, 3974.0, 3998.0, 3978.0, 4486.0, 5017.0, 8787.0, 10655.0, 7933.0, 4212.0, 4039.0, 3878.0, 3464.0, 4216.0, 4510.0, 4977.0, 4532.0, 3785.0, 4601.0, 4501.0, 5008.0, 4574.0, 3686.0, 2973.0, 3094.0, 4040.0, 4052.0, 2996.0, 2893.0, 2833.0, 2860.0, 2983.0, 2866.0, 3000.0, 2757.0, 2692.0, 2834.0, 2489.0, 2522.0, 2360.0, 2035.0, 2144.0, 1985.0, 1897.0, 1791.0, 1787.0, 1682.0, 1609.0]",0.0
3,0.8,13,"[{""x"": -0.46706199645996094, ""y"": 0.6541013717651367, ""z"": 0.0, ""velocity"": 0.0, ""snr"": 0.0}, {""x"": -0.5176663398742676, ""y"": 0.6784200668334961, ""z"": 0.0, ""velocity"": 0.0, ""snr"": 0.0}, {""x"": -0.5006790161132812, ""y"": 0.7166862487792969, ""z"": 0.0, ""velocity"": 0.0, ""snr"": 0.0}, {""x"": -0.2605319023132324, ""y"": 0.6955862045288086, ""z"": 0.0, ""velocity"": 0.0, ""snr"": 0.0}, {""x"": -0.3229379653930664, ""y"": 0.6805658340454102, ""z"": 0.0, ""velocity"": 0.0, ""snr"": 0.0}, {""x"": -0.13267993927001953, ""y"": 0.7063150405883789, ""z"": 0.0, ""velocity"": 0.0, ""snr"": 0.0}, {""x"": -0.03504753112792969, ""y"": 0.6964802742004395, ""z"": 0.0, ""velocity"": 0.0, ""snr"": 0.0}, {""x"": -0.0021457672119140625, ""y"": 1.593947410583496, ""z"": 0.0, ""velocity"": 0.0, ""snr"": 0.0}, {""x"": -0.03504753112792969, ""y"": 1.6134381294250488, ""z"": 0.0, ""velocity"": 0.0, ""snr"": 0.0}, {""x"": -0.07778406143188477, ""y"": 1.635432243347168, ""z"": 0.0, ""velocity"": 0.0, ""snr"": 0.0}, {""x"": 1.1410117149353027, ""y"": 1.7454028129577637, ""z"": 0.0, ""velocity"": 0.0, ""snr"": 0.0}, {""x"": 1.2191534042358398, ""y"": 1.7128586769104004, ""z"": 0.0, ""velocity"": 0.0, ""snr"": 0.0}, {""x"": 1.330554485321045, ""y"": 1.645803451538086, ""z"": 0.0, ""velocity"": 0.0, ""snr"": 0.0}]","[139875.0, 211405.0, 145792.0, 44718.0, 9238.0, 2825.0, 2075.0, 1667.0, 1862.0, 1736.0, 1754.0, 1657.0, 1793.0, 5439.0, 57556.0, 185395.0, 301135.0, 260453.0, 116908.0, 111011.0, 58430.0, 15947.0, 8498.0, 6713.0, 6388.0, 4765.0, 3497.0, 4181.0, 6766.0, 8786.0, 6894.0, 9628.0, 13881.0, 10664.0, 29418.0, 51086.0, 48078.0, 33513.0, 35691.0, 24852.0, 13841.0, 17978.0, 16269.0, 12177.0, 15203.0, 33793.0, 44278.0, 28923.0, 8509.0, 14416.0, 13458.0, 12258.0, 9660.0, 11238.0, 10939.0, 7194.0, 9048.0, 9634.0, 6779.0, 4531.0, 5700.0, 5356.0, 4668.0, 4230.0, 4915.0, 6060.0, 5840.0, 6945.0, 6507.0, 8812.0, 7993.0, 4841.0, 4271.0, 5940.0, 7037.0, 6500.0, 6531.0, 4907.0, 5161.0, 5477.0, 5312.0, 4749.0, 4692.0, 4735.0, 5103.0, 4941.0, 6833.0, 8012.0, 5222.0, 3613.0, 4446.0, 4169.0, 3384.0, 2947.0, 2904.0, 3704.0, 3367.0, 3210.0, 4414.0, 4706.0, 4192.0, 3939.0, 3309.0, 2953.0, 3015.0, 2631.0, 2892.0, 3554.0, 3254.0, 2786.0, 3153.0, 3856.0, 3573.0, 3164.0, 2591.0, 2767.0, 2841.0, 2611.0, 2330.0, 1986.0, 1816.0, 1978.0, 2118.0, 2010.0, 1716.0, 1755.0, 1604.0, 1689.0]",0.0
4,0.8,5,"[{""x"": -0.4672408103942871, ""y"": 0.6136894226074219, ""z"": 0.0, ""velocity"": 0.0, ""snr"": 0.0}, {""x"": -0.48297643661499023, ""y"": 0.6068944931030273, ""z"": 0.0, ""velocity"": 0.0, ""snr"": 0.0}, {""x"": 0.43720006942749023, ""y"": 0.6709098815917969, ""z"": 0.0, ""velocity"": 0.0, ""snr"": 0.0}, {""x"": 0.37926435470581055, ""y"": 0.7304549217224121, ""z"": 0.0, ""velocity"": 0.0, ""snr"": 0.0}, {""x"": 1.2801289558410645, ""y"": 1.671910285949707, ""z"": 0.0, ""velocity"": 0.0, ""snr"": 0.0}]","[139720.0, 211208.0, 145910.0, 44801.0, 9297.0, 3078.0, 2058.0, 1729.0, 1855.0, 1963.0, 2049.0, 1792.0, 1786.0, 1964.0, 7082.0, 18155.0, 69451.0, 109318.0, 77345.0, 30390.0, 10181.0, 8561.0, 5299.0, 3836.0, 7909.0, 12084.0, 9328.0, 6047.0, 7244.0, 10851.0, 9985.0, 9413.0, 12978.0, 13862.0, 12641.0, 15149.0, 18411.0, 20500.0, 22940.0, 17401.0, 13513.0, 15945.0, 16314.0, 11848.0, 12278.0, 29450.0, 40918.0, 28825.0, 11122.0, 13065.0, 16026.0, 13868.0, 9333.0, 9626.0, 12129.0, 9413.0, 6489.0, 7135.0, 7257.0, 4778.0, 5416.0, 4581.0, 5813.0, 5617.0, 3803.0, 3356.0, 4389.0, 5929.0, 6573.0, 7692.0, 4801.0, 5397.0, 5724.0, 5289.0, 5427.0, 4716.0, 5852.0, 7430.0, 6027.0, 4561.0, 4590.0, 4187.0, 3907.0, 3867.0, 4030.0, 4368.0, 8198.0, 9098.0, 5511.0, 3083.0, 3451.0, 3641.0, 4466.0, 3522.0, 2782.0, 3205.0, 3220.0, 3050.0, 2719.0, 2830.0, 3247.0, 3504.0, 3374.0, 2989.0, 2939.0, 2968.0, 2585.0, 2643.0, 2944.0, 3149.0, 2535.0, 2902.0, 3133.0, 2816.0, 2395.0, 2727.0, 2521.0, 2285.0, 1962.0, 2075.0, 2131.0, 1998.0, 2109.0, 1930.0, 1732.0, 1526.0, 1506.0, 1540.0]",0.0
5,0.8,8,"[{""x"": -0.0654458999633789, ""y"": 0.7705092430114746, ""z"": 0.0, ""velocity"": 0.0, ""snr"": 0.0}, {""x"": -0.09423494338989258, ""y"": 0.7762312889099121, ""z"": 0.0, ""velocity"": 0.0, ""snr"": 0.0}, {""x"": -0.05167722702026367, ""y"": 0.795900821685791, ""z"": 0.0, ""velocity"": 0.0, ""snr"": 0.0}, {""x"": 0.05704164505004883, ""y"": 0.7417201995849609, ""z"": 0.0, ""velocity"": 0.0, ""snr"": 0.0}, {""x"": 0.08475780487060547, ""y"": 0.8311271667480469, ""z"": 0.0, ""velocity"": 0.0, ""snr"": 0.0}, {""x"": 0.13250112533569336, ""y"": 0.8595585823059082, ""z"": 0.0, ""velocity"": 0.0, ""snr"": 0.0}, {""x"": 1.2779831886291504, ""y"": 1.6694068908691406, ""z"": 0.0, ""velocity"": 0.0, ""snr"": 0.0}, {""x"": 1.4040470123291016, ""y"": 1.584470272064209, ""z"": 0.0, ""velocity"": 0.0, ""snr"": 0.0}]","[139473.0, 211349.0, 145727.0, 44428.0, 9318.0, 2919.0, 2131.0, 1964.0, 1919.0, 1704.0, 1927.0, 1871.0, 1786.0, 3566.0, 9505.0, 22298.0, 101010.0, 160588.0, 118432.0, 62667.0, 23165.0, 11527.0, 10225.0, 6768.0, 3716.0, 6113.0, 11319.0, 9292.0, 6323.0, 11243.0, 16820.0, 22967.0, 18606.0, 9198.0, 13662.0, 18117.0, 19386.0, 21606.0, 27059.0, 18882.0, 15094.0, 17544.0, 13218.0, 9348.0, 15158.0, 34279.0, 45615.0, 29831.0, 9725.0, 14250.0, 15314.0, 12450.0, 9302.0, 7529.0, 9532.0, 13150.0, 13095.0, 11338.0, 7081.0, 4686.0, 4551.0, 5963.0, 5437.0, 4623.0, 4903.0, 4742.0, 5404.0, 5786.0, 5129.0, 5650.0, 4722.0, 5990.0, 6600.0, 6930.0, 6521.0, 5302.0, 4267.0, 3798.0, 6112.0, 6817.0, 5300.0, 3234.0, 3616.0, 4169.0, 3016.0, 3495.0, 7493.0, 8958.0, 5605.0, 3205.0, 3806.0, 3853.0, 2797.0, 3445.0, 3838.0, 3558.0, 3334.0, 3487.0, 3501.0, 4258.0, 4445.0, 3029.0, 3357.0, 3170.0, 3067.0, 2751.0, 2522.0, 2560.0, 2469.0, 2540.0, 2687.0, 3444.0, 3618.0, 3196.0, 2879.0, 2686.0, 2359.0, 2262.0, 2249.0, 2469.0, 1983.0, 1945.0, 1967.0, 1890.0, 1749.0, 1653.0, 1578.0, 1635.0]",5456.821875
6,0.8,7,"[{""x"": -0.1881122589111328, ""y"": 0.7048845291137695, ""z"": 0.0, ""velocity"": 0.0, ""snr"": 0.0}, {""x"": -0.18453598022460938, ""y"": 0.7794499397277832, ""z"": 0.0, ""velocity"": 0.0, ""snr"": 0.0}, {""x"": -0.09244680404663086, ""y"": 0.7515549659729004, ""z"": 0.0, ""velocity"": 0.0, ""snr"": 0.0}, {""x"": -0.11247396469116211, ""y"": 0.7651448249816895, ""z"": 0.0, ""velocity"": 0.0, ""snr"": 0.0}, {""x"": -0.06937980651855469, ""y"": 0.8431077003479004, ""z"": 0.0, ""velocity"": 0.0, ""snr"": 0.0}, {""x"": 0.06437301635742188, ""y"": 0.8919239044189453, ""z"": 0.0, ""velocity"": 0.0, ""snr"": 0.0}, {""x"": 1.3017654418945312, ""y"": 1.6492009162902832, ""z"": 0.0, ""velocity"": 0.0, ""snr"": 0.0}]","[139561.0, 211329.0, 145535.0, 44793.0, 9119.0, 2994.0, 2140.0, 1849.0, 1835.0, 2052.0, 2169.0, 1789.0, 1801.0, 3407.0, 15291.0, 51297.0, 115289.0, 142759.0, 98770.0, 60202.0, 40858.0, 22620.0, 23210.0, 17065.0, 6116.0, 4677.0, 8095.0, 33563310.0, 100860929.0, 460805.0, 2684683523.0, 838860802.0, 905972324.0, 0.0, 117440512.0, 33554432.0, 4278190080.0, 771751935.0, 1509949441.0, 0.0, 758725504.0, 3784409.0, 4096000.0, 121602048.0, 3607101440.0, 1010173.0, 1258291200.0, 218330696.0, 16.0, 541483008.0, 1069060.0, 1744830464.0, 3473126213.0, 16.0, 2319801088.0, 2467354.0, 1006632960.0, 1092246606.0, 38.0, 3226286080.0, 914460.0, 872415232.0, 77383.0, 131072.0, 35710464.0, 54013440.0, 37260288.0, 10955520.0, 5991936.0, 7281920.0, 3584256.0, 680960.0, 2464768.0, 4871680.0, 3938304.0, 2017792.0, 3423744.0, 3937792.0, 3986432.0, 9042176.0, 13178880.0, 15094272.0, 9445376.0, 3211008.0, 1754112.0, 1685248.0, 1490432.0, 1689088.0, 1189376.0, 742400.0, 1183488.0, 1705216.0, 1921792.0, 3428864.0, 3901440.0, 3289088.0, 4079360.0, 2976512.0, 2674944.0, 3041536.0, 2831616.0, 4316928.0, 4599808.0, 3496192.0, 3491840.0, 3343872.0, 2695424.0, 2352384.0, 3355392.0, 8451328.0, 12167680.0, 9411584.0, 4462336.0, 3440128.0, 2854912.0, 3264768.0, 2945280.0, 2337280.0, 2687744.0, 2158080.0, 1511936.0, 1517568.0, 1319680.0, 1119232.0, 1233920.0, 1325056.0, 1244928.0, 1130752.0]",249151669.9556875
7,0.8,8,"[{""x"": 0.04309415817260742, ""y"": 0.685572624206543, ""z"": 0.0, ""velocity"": 0.0, ""snr"": 0.0}, {""x"": 0.07635354995727539, ""y"": 0.7109642028808594, ""z"": 0.0, ""velocity"": 0.0, ""snr"": 0.0}, {""x"": 0.18042325973510742, ""y"": 0.7245540618896484, ""z"": 0.0, ""velocity"": 0.0, ""snr"": 0.0}, {""x"": 0.2199411392211914, ""y"": 0.7359981536865234, ""z"": 0.0, ""velocity"": 0.0, ""snr"": 0.0}, {""x"": 1.109004020690918, ""y"": 1.77079439163208, ""z"": 0.0, ""velocity"": 0.0, ""snr"": 0.0}, {""x"": 1.1796355247497559, ""y"": 1.7462968826293945, ""z"": 0.0, ""velocity"": 0.0, ""snr"": 0.0}, {""x"": 1.2184381484985352, ""y"": 1.7412900924682617, ""z"": 0.0, ""velocity"": 0.0, ""snr"": 0.0}, {""x"": 1.2987256050109863, ""y"": 0.674128532409668, ""z"": 0.0, ""velocity"": 0.0, ""snr"": 0.0}]","[139523.0, 211135.0, 145619.0, 43464.0, 13783.0, 13870.0, 7297.0, 2330.0, 5309.0, 11342.0, 14468.0, 13574.0, 8115.0, 7791.0, 23416.0, 52234.0, 80232.0, 89810.0, 72455.0, 24155.0, 8865.0, 5323.0, 4849.0, 3602.0, 2766.0, 3025.0, 5530.0, 7639.0, 7613.0, 12855.0, 15343.0, 12515.0, 15214.0, 11823.0, 13462.0, 13989.0, 9865.0, 16826.0, 18757.0, 15773.0, 13996.0, 12055.0, 10998.0, 9430.0, 13394.0, 34573.0, 48924.0, 37438.0, 16536.0, 13744.0, 11964.0, 11862.0, 9685.0, 7458.0, 8420.0, 7236.0, 6275.0, 5936.0, 4938.0, 4368.0, 4652.0, 5191.0, 4992.0, 4252.0, 3923.0, 6262.0, 7322.0, 5646.0, 5159.0, 5078.0, 4024.0, 3395.0, 3627.0, 5152.0, 4554.0, 3726.0, 3587.0, 3658.0, 3717.0, 3231.0, 3594.0, 4146.0, 4228.0, 4372.0, 4313.0, 4541.0, 7840.0, 8761.0, 4844.0, 3603.0, 4243.0, 3727.0, 3290.0, 3245.0, 3030.0, 2838.0, 3185.0, 2635.0, 3362.0, 3380.0, 2929.0, 2552.0, 2537.0, 2953.0, 2779.0, 2589.0, 2200.0, 2853.0, 3129.0, 2529.0, 3221.0, 5836.0, 6301.0, 4151.0, 2711.0, 2447.0, 2489.0, 2649.0, 2402.0, 2048.0, 1920.0, 2005.0, 1888.0, 1713.0, 1684.0, 1531.0, 1448.0, 1462.0]",4987779.692955
8,0.8,8,"[{""x"": -0.1348257064819336, ""y"": 0.6541013717651367, ""z"": 0.0, ""velocity"": 0.0, ""snr"": 0.0}, {""x"": -0.0457763671875, ""y"": 0.6909370422363281, ""z"": 0.0, ""velocity"": 0.0, ""snr"": 0.0}, {""x"": 0.19150972366333008, ""y"": 0.7184743881225586, ""z"": 0.0, ""velocity"": 0.0, ""snr"": 0.0}, {""x"": 1.1154413223266602, ""y"": 1.765608787536621, ""z"": 0.0, ""velocity"": 0.0, ""snr"": 0.0}, {""x"": 1.1263489723205566, ""y"": 1.7827749252319336, ""z"": 0.0, ""velocity"": 0.0, ""snr"": 0.0}, {""x"": 1.1206269264221191, ""y"": 1.8056631088256836, ""z"": 0.0, ""velocity"": 0.0, ""snr"": 0.0}, {""x"": 1.1231303215026855, ""y"": 1.003861427307129, ""z"": 0.0, ""velocity"": 0.0, ""snr"": 0.0}, {""x"": 1.3225078582763672, ""y"": 0.6238818168640137, ""z"": 0.0, ""velocity"": 0.0, ""snr"": 0.0}]","[139577.0, 211375.0, 145692.0, 44025.0, 26390.0, 24723.0, 8649.0, 2035.0, 4858.0, 9800.0, 14074.0, 12445.0, 9551.0, 13010.0, 36396.0, 48660.0, 54172.0, 71296.0, 59273.0, 24474.0, 7227.0, 5930.0, 5850.0, 4608.0, 2744.0, 2618.0, 4289.0, 5953.0, 6557.0, 12701.0, 16178.0, 14221.0, 15576.0, 12447.0, 12235.0, 14505.0, 12672.0, 18849.0, 19748.0, 12097.0, 12771.0, 13353.0, 12972.0, 11696.0, 15363.0, 36819.0, 52765.0, 41985.0, 16279.0, 11211.0, 11535.0, 10824.0, 9203.0, 9410.0, 10975.0, 7092.0, 6269.0, 6597.0, 5288.0, 4016.0, 4243.0, 5837.0, 5058.0, 5217.0, 4559.0, 6703.0, 7336.0, 5997.0, 4104.0, 4216.0, 4692.0, 4687.0, 3227.0, 5695.0, 5945.0, 4495.0, 4288.0, 3623.0, 3416.0, 3319.0, 4108.0, 3521.0, 3448.0, 4487.0, 4361.0, 5031.0, 8485.0, 9065.0, 5098.0, 3206.0, 4224.0, 4349.0, 3450.0, 2931.0, 2433.0, 3211.0, 3386.0, 2815.0, 2812.0, 2933.0, 2618.0, 2597.0, 2778.0, 2621.0, 2697.0, 2425.0, 2434.0, 2626.0, 3483.0, 3249.0, 3810.0, 6039.0, 6453.0, 4131.0, 2848.0, 2334.0, 2386.0, 2314.0, 2433.0, 2297.0, 2040.0, 1916.0, 1813.0, 1866.0, 1660.0, 1637.0, 1773.0, 1657.0]",4888320.852082575
9,0.8,7,"[{""x"": -0.2161860466003418, ""y"": 0.6369352340698242, ""z"": 0.0, ""velocity"": 0.0, ""snr"": 0.0}, {""x"": -0.2199411392211914, ""y"": 0.647127628326416, ""z"": 0.0, ""velocity"": 0.0, ""snr"": 0.0}, {""x"": 0.37997961044311523, ""y"": 0.6548166275024414, ""z"": 0.0, ""velocity"": 0.0, ""snr"": 0.0}, {""x"": 1.1613965034484863, ""y"": 1.741647720336914, ""z"": 0.0, ""velocity"": 0.0, ""snr"": 0.0}, {""x"": 1.155853271484375, ""y"": 1.772761344909668, ""z"": 0.0, ""velocity"": 0.0, ""snr"": 0.0}, {""x"": 1.1138319969177246, ""y"": 1.8180012702941895, ""z"": 0.0, ""velocity"": 0.0, ""snr"": 0.0}, {""x"": 1.3282299041748047, ""y"": 0.6208419799804688, ""z"": 0.0, ""velocity"": 0.0, ""snr"": 0.0}]","[139573.0, 211178.0, 145735.0, 46828.0, 35064.0, 39332.0, 19779.0, 5025.0, 3009.0, 8113.0, 15976.0, 27955.0, 29699.0, 19135.0, 49484.0, 62713.0, 49239.0, 71738.0, 59847.0, 20541.0, 5845.0, 4533.0, 5339.0, 3779.0, 3102.0, 2686.0, 4224.0, 5402.0, 6260.0, 12914.0, 15398.0, 12546.0, 15118.0, 12727.0, 13587.0, 11928.0, 13288.0, 15247.0, 16441.0, 12475.0, 11867.0, 12421.0, 11416.0, 10334.0, 12488.0, 32241.0, 53399.0, 50045.0, 22934.0, 11489.0, 10366.0, 11840.0, 9435.0, 8476.0, 11521.0, 8063.0, 4809.0, 4841.0, 3912.0, 4947.0, 4834.0, 4974.0, 4535.0, 4479.0, 4192.0, 7306.0, 7394.0, 5112.0, 4555.0, 5433.0, 4096.0, 4170.0, 3262.0, 6035.0, 5845.0, 3798.0, 3742.0, 3722.0, 4018.0, 3325.0, 3583.0, 3315.0, 3520.0, 3878.0, 4212.0, 4729.0, 7849.0, 8686.0, 5034.0, 3107.0, 4224.0, 4088.0, 3154.0, 2860.0, 2938.0, 3390.0, 2952.0, 2650.0, 2720.0, 2937.0, 2911.0, 2289.0, 2442.0, 2948.0, 3115.0, 2459.0, 2306.0, 2762.0, 2971.0, 2798.0, 3245.0, 5490.0, 5984.0, 4025.0, 2713.0, 2193.0, 2447.0, 2433.0, 2453.0, 1951.0, 2060.0, 1802.0, 1691.0, 1895.0, 1817.0, 1588.0, 1546.0, 1472.0]",4790745.653029126
0,0.8,10,"[{""x"": -0.279843807220459, ""y"": 0.7463693618774414, ""z"": 0.0, ""velocity"": 0.0, ""snr"": 0.0}, {""x"": -0.3476142883300781, ""y"": 0.7472634315490723, ""z"": 0.0, ""velocity"": 0.0, ""snr"": 0.0}, {""x"": -0.1652240753173828, ""y"": 0.6507039070129395, ""z"": 0.0, ""velocity"": 0.0, ""snr"": 0.0}, {""x"": -0.14448165893554688, ""y"": 0.6760954856872559, ""z"": 0.0, ""velocity"": 0.0, ""snr"": 0.0}, {""x"": 0.2834200859069824, ""y"": 0.6873607635498047, ""z"": 0.0, ""velocity"": 0.0, ""snr"": 0.0}, {""x"": 0.852048397064209, ""y"": 1.9626617431640625, ""z"": 0.0, ""velocity"": 0.0, ""snr"": 0.0}, {""x"": 0.7238388061523438, ""y"": 2.0352602005004883, ""z"": 0.0, ""velocity"": 0.0, ""snr"": 0.0}, {""x"": 0.35011768341064453, ""y"": 0.6816387176513672, ""z"": 0.0, ""velocity"": 0.0, ""snr"": 0.0}, {""x"": 1.166224479675293, ""y"": 1.7316341400146484, ""z"": 0.0, ""velocity"": 0.0, ""snr"": 0.0}, {""x"": 1.123666763305664, ""y"": 1.7929673194885254, ""z"": 0.0, ""velocity"": 0.0, ""snr"": 0.0}]","[139674.0, 211166.0, 145667.0, 46891.0, 51209.0, 59666.0, 29519.0, 5382.0, 6016.0, 11141.0, 11582.0, 12640.0, 19119.0, 23571.0, 61779.0, 90634.0, 79292.0, 80829.0, 56981.0, 21833.0, 9282.0, 4187.0, 4592.0, 3572.0, 3010.0, 2799.0, 3780.0, 5242.0, 5938.0, 14581.0, 16910.0, 14100.0, 15017.0, 11807.0, 14235.0, 12919.0, 13729.0, 19612.0, 17789.0, 16582.0, 16522.0, 11892.0, 11371.0, 8734.0, 15645.0, 33212.0, 49896.0, 51942.0, 26911.0, 10500.0, 11606.0, 13504.0, 10499.0, 7417.0, 7413.0, 5511.0, 5080.0, 4866.0, 4284.0, 4734.0, 4899.0, 5157.0, 4512.0, 4435.0, 4084.0, 4864.0, 7458.0, 4964.0, 5026.0, 4717.0, 4245.0, 3578.0, 3245.0, 5600.0, 5194.0, 3885.0, 3672.0, 4260.0, 4256.0, 3590.0, 4351.0, 3313.0, 3154.0, 3083.0, 3199.0, 4270.0, 7626.0, 8523.0, 4965.0, 2753.0, 4285.0, 4747.0, 3650.0, 3397.0, 3417.0, 3320.0, 2928.0, 2769.0, 2705.0, 2690.0, 2924.0, 2635.0, 2450.0, 2717.0, 3013.0, 2925.0, 2211.0, 2471.0, 2678.0, 3183.0, 3327.0, 5439.0, 5745.0, 3866.0, 2481.0, 2076.0, 2421.0, 2527.0, 2273.0, 2103.0, 2064.0, 1729.0, 1856.0, 1850.0, 1669.0, 1610.0, 1558.0, 1671.0]",4694696.357013885
1,0.8,13,"[{""x"": -0.4438161849975586, ""y"": 0.6589293479919434, ""z"": 0.0, ""velocity"": 0.0, ""snr"": 0.0}, {""x"": -0.17112493515014648, ""y"": 0.656425952911377, ""z"": 0.0, ""velocity"": 0.0, ""snr"": 0.0}, {""x"": -0.15181303024291992, ""y"": 0.6660819053649902, ""z"": 0.0, ""velocity"": 0.0, ""snr"": 0.0}, {""x"": 0.6296038627624512, ""y"": 2.063155174255371, ""z"": 0.0, ""velocity"": 0.0, ""snr"": 0.0}, {""x"": 0.6421208381652832, ""y"": 2.066373825073242, ""z"": 0.0, ""velocity"": 0.0, ""snr"": 0.0}, {""x"": 0.26929378509521484, ""y"": 0.6961226463317871, ""z"": 0.0, ""velocity"": 0.0, ""snr"": 0.0}, {""x"": 0.2759099006652832, ""y"": 0.7089972496032715, ""z"": 0.0, ""velocity"": 0.0, ""snr"": 0.0}, {""x"": 1.3552308082580566, ""y"": 1.6070008277893066, ""z"": 0.0, ""velocity"": 0.0, ""snr"": 0.0}, {""x"": 1.4008283615112305, ""y"": 1.873791217803955, ""z"": 0.0, ""velocity"": 0.0, ""snr"": 0.0}, {""x"": 1.3284087181091309, ""y"": 0.6199479103088379, ""z"": 0.0, ""velocity"": 0.0, ""snr"": 0.0}, {""x"": 1.2699365615844727, ""y"": 0.8314847946166992, ""z"": 0.0, ""velocity"": 0.0, ""snr"": 0.0}, {""x"": 1.293182373046875, ""y"": 0.8820891380310059, ""z"": 0.0, ""velocity"": 0.0, ""snr"": 0.0}, {""x"": 1.3641715049743652, ""y"": 0.8329153060913086, ""z"": 0.0, ""velocity"": 0.0, ""snr"": 0.0}]","[139575.0, 211187.0, 145989.0, 45261.0, 37870.0, 45620.0, 23309.0, 4309.0, 4307.0, 6568.0, 8855.0, 13220.0, 10133.0, 14040.0, 60261.0, 91204.0, 76910.0, 76849.0, 52657.0, 16311.0, 6022.0, 4273.0, 3397.0, 3685.0, 3574.0, 4221.0, 3715.0, 5393.0, 8108.0, 14592.0, 16684.0, 12809.0, 14204.0, 12573.0, 18315.0, 18049.0, 15814.0, 18222.0, 17893.0, 11979.0, 13450.0, 11100.0, 11085.0, 8027.0, 16408.0, 33338.0, 38726.0, 36157.0, 26846.0, 12656.0, 11504.0, 16181.0, 13305.0, 8179.0, 9243.0, 8057.0, 6959.0, 6079.0, 4812.0, 5525.0, 5359.0, 4152.0, 3083.0, 4566.0, 5414.0, 5206.0, 6299.0, 5016.0, 4495.0, 4495.0, 4272.0, 3839.0, 3802.0, 5649.0, 5257.0, 3935.0, 3028.0, 3793.0, 3760.0, 4247.0, 4250.0, 3258.0, 2751.0, 3680.0, 3987.0, 4733.0, 8157.0, 8434.0, 4230.0, 3640.0, 4943.0, 4388.0, 3407.0, 4034.0, 3111.0, 2943.0, 2931.0, 3060.0, 2937.0, 2876.0, 3269.0, 2904.0, 2328.0, 2630.0, 2725.0, 2607.0, 2342.0, 2953.0, 3012.0, 2642.0, 3259.0, 5635.0, 6276.0, 3982.0, 2496.0, 2220.0, 2616.0, 2365.0, 2159.0, 2090.0, 1824.0, 1853.0, 2172.0, 1905.0, 1865.0, 1737.0, 1606.0, 1556.0]",4600775.020803846
2,0.8,7,"[{""x"": -0.15628337860107422, ""y"": 0.6548166275024414, ""z"": 0.0, ""velocity"": 0.0, ""snr"": 0.0}, {""x"": -0.1729130744934082, ""y"": 0.6541013717651367, ""z"": 0.0, ""velocity"": 0.0, ""snr"": 0.0}, {""x"": 0.16933679580688477, ""y"": 0.7315278053283691, ""z"": 0.0, ""velocity"": 0.0, ""snr"": 0.0}, {""x"": 0.5904436111450195, ""y"": 2.0956993103027344, ""z"": 0.0, ""velocity"": 0.0, ""snr"": 0.0}, {""x"": 1.5163421630859375, ""y"": 1.468062400817871, ""z"": 0.0, ""velocity"": 0.0, ""snr"": 0.0}, {""x"": 1.3870596885681152, ""y"": 0.7422566413879395, ""z"": 0.0, ""velocity"": 0.0, ""snr"": 0.0}, {""x"": 1.407623291015625, ""y"": 0.7606744766235352, ""z"": 0.0, ""velocity"": 0.0, ""snr"": 0.0}]","[139726.0, 211105.0, 145742.0, 45257.0, 36985.0, 48733.0, 28813.0, 5801.0, 5164.0, 10593.0, 11055.0, 11647.0, 12048.0, 17168.0, 51447.0, 73413.0, 48630.0, 72650.0, 60872.0, 19494.0, 5973.0, 4664.0, 6396.0, 7733.0, 5354.0, 3861.0, 4275.0, 5362.0, 5452.0, 10518.0, 13610.0, 11776.0, 12961.0, 10135.0, 18682.0, 19743.0, 17271.0, 19215.0, 16665.0, 11825.0, 14567.0, 12407.0, 13021.0, 9410.0, 13948.0, 31200.0, 35037.0, 32759.0, 30335.0, 14235.0, 13136.0, 14294.0, 10816.0, 8001.0, 10134.0, 7658.0, 5348.0, 5521.0, 4559.0, 4649.0, 4435.0, 3639.0, 3633.0, 4062.0, 4451.0, 5652.0, 6174.0, 5063.0, 4428.0, 4708.0, 3767.0, 3366.0, 3670.0, 5494.0, 4505.0, 2860.0, 3257.0, 3511.0, 3782.0, 4034.0, 3737.0, 3227.0, 3054.0, 2974.0, 2934.0, 4216.0, 7912.0, 8705.0, 5246.0, 3246.0, 3795.0, 3604.0, 2647.0, 3218.0, 2905.0, 2745.0, 3009.0, 2993.0, 3154.0, 3222.0, 2955.0, 3048.0, 2559.0, 3066.0, 3017.0, 2599.0, 2485.0, 2729.0, 2847.0, 2719.0, 3010.0, 5463.0, 6061.0, 3934.0, 2408.0, 2372.0, 2408.0, 2220.0, 2281.0, 2271.0, 1793.0, 1838.0, 1765.0, 1735.0, 1490.0, 1507.0, 1551.0, 1461.0]",4509486.697773396
3,0.8,7,"[{""x"": -0.36209821701049805, ""y"": 0.646054744720459, ""z"": 0.0, ""velocity"": 0.0, ""snr"": 0.0}, {""x"": -0.4241466522216797, ""y"": 0.6467700004577637, ""z"": 0.0, ""velocity"": 0.0, ""snr"": 0.0}, {""x"": -0.44399499893188477, ""y"": 0.6544589996337891, ""z"": 0.0, ""velocity"": 0.0, ""snr"": 0.0}, {""x"": -0.27877092361450195, ""y"": 0.6415843963623047, ""z"": 0.0, ""velocity"": 0.0, ""snr"": 0.0}, {""x"": -0.20760297775268555, ""y"": 0.6428360939025879, ""z"": 0.0, ""velocity"": 0.0, ""snr"": 0.0}, {""x"": 0.6070733070373535, ""y"": 2.090156078338623, ""z"": 0.0, ""velocity"": 0.0, ""snr"": 0.0}, {""x"": 1.519918441772461, ""y"": 1.4603734016418457, ""z"": 0.0, ""velocity"": 0.0, ""snr"": 0.0}]","[139530.0, 211184.0, 145842.0, 46223.0, 40361.0, 49728.0, 26046.0, 4685.0, 3138.0, 6579.0, 9949.0, 13821.0, 10884.0, 10245.0, 37319.0, 60249.0, 65961.0, 77952.0, 54955.0, 24044.0, 10310.0, 6821.0, 6301.0, 4955.0, 3644.0, 3074.0, 4895.0, 6620.0, 7211.0, 9647.0, 12247.0, 10846.0, 12832.0, 8515.0, 13738.0, 17065.0, 19977.0, 21523.0, 18271.0, 13477.0, 16246.0, 13035.0, 11277.0, 8801.0, 13605.0, 31291.0, 34089.0, 30926.0, 28065.0, 14931.0, 13648.0, 15658.0, 11661.0, 8077.0, 9197.0, 7940.0, 5822.0, 4909.0, 3828.0, 5130.0, 5352.0, 4613.0, 4734.0, 5166.0, 6253.0, 4757.0, 5133.0, 4281.0, 3892.0, 4802.0, 4117.0, 4202.0, 4012.0, 5293.0, 4639.0, 4454.0, 3667.0, 3681.0, 4134.0, 4732.0, 4133.0, 3604.0, 3176.0, 2751.0, 3028.0, 3761.0, 7671.0, 9754.0, 7048.0, 3133.0, 4477.0, 4946.0, 3074.0, 2625.0, 3026.0, 2786.0, 3028.0, 2598.0, 3413.0, 3995.0, 3514.0, 2908.0, 3209.0, 3411.0, 3100.0, 2645.0, 2131.0, 2396.0, 2508.0, 2598.0, 2774.0, 5238.0, 5980.0, 3451.0, 2519.0, 2469.0, 2445.0, 2885.0, 2552.0, 2102.0, 2111.0, 1817.0, 2004.0, 1795.0, 1858.0, 1649.0, 1604.0, 1515.0]",4419192.967790796
4,0.8,7,"[{""x"": -0.3104209899902344, ""y"": 0.6374716758728027, ""z"": 0.0, ""velocity"": 0.0, ""snr"": 0.0}, {""x"": -0.35136938095092773, ""y"": 0.6535649299621582, ""z"": 0.0, ""velocity"": 0.0, ""snr"": 0.0}, {""x"": -0.34368038177490234, ""y"": 0.6909370422363281, ""z"": 0.0, ""velocity"": 0.0, ""snr"": 0.0}, {""x"": -0.24694204330444336, ""y"": 0.6347894668579102, ""z"": 0.0, ""velocity"": 0.0, ""snr"": 0.0}, {""x"": -0.3376007080078125, ""y"": 0.7140040397644043, ""z"": 0.0, ""velocity"": 0.0, ""snr"": 0.0}, {""x"": 0.5849003791809082, ""y"": 2.1030306816101074, ""z"": 0.0, ""velocity"": 0.0, ""snr"": 0.0}, {""x"": 1.481473445892334, ""y"": 1.4943480491638184, ""z"": 0.0, ""velocity"": 0.0, ""snr"": 0.0}]","[139376.0, 210651.0, 145887.0, 45704.0, 19218.0, 26172.0, 15918.0, 3988.0, 3279.0, 6494.0, 12069.0, 11865.0, 9664.0, 10503.0, 32884.0, 59128.0, 75785.0, 85659.0, 58443.0, 16803.0, 6772.0, 4724.0, 4461.0, 3153.0, 3286.0, 3044.0, 4506.0, 6299.0, 6742.0, 10513.0, 13450.0, 11527.0, 12109.0, 8548.0, 8739.0, 14302.0, 19525.0, 22859.0, 20045.0, 14008.0, 14743.0, 12052.0, 12597.0, 10256.0, 13268.0, 31451.0, 34350.0, 26320.0, 25250.0, 15181.0, 11913.0, 14923.0, 12769.0, 8364.0, 8442.0, 8023.0, 6052.0, 5134.0, 4702.0, 6930.0, 6733.0, 5473.0, 4295.0, 4473.0, 4910.0, 5167.0, 6573.0, 5457.0, 4274.0, 4989.0, 4970.0, 4433.0, 5278.0, 6661.0, 5640.0, 3652.0, 3591.0, 3157.0, 3998.0, 3850.0, 3904.0, 3915.0, 2991.0, 3698.0, 3765.0, 4316.0, 7950.0, 9519.0, 5909.0, 3219.0, 5443.0, 5494.0, 3432.0, 2608.0, 3339.0, 3108.0, 3192.0, 2551.0, 3340.0, 3950.0, 3603.0, 2769.0, 2722.0, 3170.0, 2817.0, 2563.0, 2610.0, 2890.0, 2985.0, 2807.0, 2991.0, 5485.0, 6052.0, 4127.0, 2433.0, 2194.0, 2635.0, 2480.0, 2221.0, 2141.0, 2161.0, 2002.0, 2030.0, 1881.0, 1610.0, 1689.0, 1550.0, 1564.0]",4330359.242004389
5,0.8,8,"[{""x"": -0.34332275390625, ""y"": 0.6591081619262695, ""z"": 0.0, ""velocity"": 0.0, ""snr"": 0.0}, {""x"": -0.35566091537475586, ""y"": 0.6914734840393066, ""z"": 0.0, ""velocity"": 0.0, ""snr"": 0.0}, {""x"": -0.34922361373901367, ""y"": 0.70953369140625, ""z"": 0.0, ""velocity"": 0.0, ""snr"": 0.0}, {""x"": -0.26875734329223633, ""y"": 0.6285309791564941, ""z"": 0.0, ""velocity"": 0.0, ""snr"": 0.0}, {""x"": -0.30219554901123047, ""y"": 0.6328225135803223, ""z"": 0.0, ""velocity"": 0.0, ""snr"": 0.0}, {""x"": 0.2853870391845703, ""y"": 2.1418333053588867, ""z"": 0.0, ""velocity"": 0.0, ""snr"": 0.0}, {""x"": 0.5509257316589355, ""y"": 2.116262912750244, ""z"": 0.0, ""velocity"": 0.0, ""snr"": 0.0}, {""x"": 1.4267563819885254, ""y"": 1.5297532081604004, ""z"": 0.0, ""velocity"": 0.0, ""snr"": 0.0}]","[140057.0, 211429.0, 145808.0, 43594.0, 32816.0, 43903.0, 24234.0, 5567.0, 3712.0, 5470.0, 3558.0, 8024.0, 9499.0, 8913.0, 29501.0, 52161.0, 55719.0, 76132.0, 54135.0, 15720.0, 8057.0, 4759.0, 7352.0, 7653.0, 5411.0, 3587.0, 4164.0, 5695.0, 5771.0, 11938.0, 13648.0, 11926.0, 14120.0, 10386.0, 10806.0, 14898.0, 17703.0, 21187.0, 19615.0, 14881.0, 15246.0, 11899.0, 13091.0, 10658.0, 12160.0, 30614.0, 34504.0, 23213.0, 25836.0, 17914.0, 12943.0, 14716.0, 13169.0, 9423.0, 8190.0, 6575.0, 4912.0, 5677.0, 5153.0, 6405.0, 6153.0, 4807.0, 4096.0, 4371.0, 4481.0, 5609.0, 6592.0, 5287.0, 4638.0, 4493.0, 4476.0, 4367.0, 4914.0, 6339.0, 5370.0, 3779.0, 3372.0, 3610.0, 3923.0, 3825.0, 3252.0, 3171.0, 3370.0, 3816.0, 3603.0, 3623.0, 6778.0, 8263.0, 4848.0, 2977.0, 5265.0, 5824.0, 3701.0, 2742.0, 3041.0, 2950.0, 3025.0, 2805.0, 3029.0, 3672.0, 3464.0, 2797.0, 2349.0, 2751.0, 3003.0, 2758.0, 2282.0, 2750.0, 2980.0, 2703.0, 2909.0, 5299.0, 5860.0, 3856.0, 3147.0, 2196.0, 2375.0, 2560.0, 2619.0, 2055.0, 2163.0, 1930.0, 1940.0, 2049.0, 1771.0, 1613.0, 1636.0, 1637.0]",4244451.310316965
6,0.8,9,"[{""x"": -0.42825937271118164, ""y"": 0.7036328315734863, ""z"": 0.0, ""velocity"": 0.0, ""snr"": 0.0}, {""x"": -0.24050474166870117, ""y"": 0.6515979766845703, ""z"": 0.0, ""velocity"": 0.0, ""snr"": 0.0}, {""x"": -0.27877092361450195, ""y"": 0.6887912750244141, ""z"": 0.0, ""velocity"": 0.0, ""snr"": 0.0}, {""x"": -0.31453371047973633, ""y"": 0.7188320159912109, ""z"": 0.0, ""velocity"": 0.0, ""snr"": 0.0}, {""x"": -0.3261566162109375, ""y"": 0.7281303405761719, ""z"": 0.0, ""velocity"": 0.0, ""snr"": 0.0}, {""x"": -0.1850724220275879, ""y"": 0.6390810012817383, ""z"": 0.0, ""velocity"": 0.0, ""snr"": 0.0}, {""x"": 0.7072091102600098, ""y"": 2.075314521789551, ""z"": 0.0, ""velocity"": 0.0, ""snr"": 0.0}, {""x"": 1.4530420303344727, ""y"": 1.5129446983337402, ""z"": 0.0, ""velocity"": 0.0, ""snr"": 0.0}, {""x"": 1.1982321739196777, ""y"": 0.8366703987121582, ""z"": 0.0, ""velocity"": 0.0, ""snr"": 0.0}]","[139400.0, 210923.0, 145802.0, 43255.0, 11879.0, 14091.0, 8834.0, 4441.0, 3835.0, 9103.0, 15099.0, 18891.0, 17186.0, 17475.0, 33791.0, 49061.0, 45129.0, 70841.0, 59329.0, 21740.0, 8199.0, 4705.0, 529968.0, 552960.0, 483328.0, 439040.0, 416000.0, 443904.0, 442368.0, 415488.0, 370432.0, 0.0, 0.0, 0.0, 0.0, 67174912.0, 134546947.0, 84082695.0, 180229.0, 174338560.0, 27392.0, 0.0, 2304.0, 512.0, 4294967040.0, 77311.0, 28160.0, 998244352.0, 3201903929.0, 2147483705.0, 2147483710.0, 2367.0, 1375387904.0, 14.0, 558324736.0, 923644.0, 1224736768.0, 4177738825.0, 16.0, 2202559232.0, 3063046.0, 989855744.0, 4010063436.0, 15.0, 4098386176.0, 1079555.0, 1946157056.0, 1242193992.0, 46.0, 2706125568.0, 2496280.0, 905969664.0, 756983629.0, 34.0, 776747776.0, 1.0, 2952790018.0, 3590324769.0, 1056965432.0, 2013266489.0, 2164261042.0, 3087007831.0, 150995080.0, 553648224.0, 1610612767.0, 1879048208.0, 1728053263.0, 4244635667.0, 3892314148.0, 838860833.0, 587202614.0, 2046820500.0, 83886278.0, 3506438446.0, 414.0, 3892314380.0, 3539992660.0, 3942645785.0, 687865877.0, 654311450.0, 1728053266.0, 2231369738.0, 3774873611.0, 3774873618.0, 3372220438.0, 1124073498.0, 1577058344.0, 2231369777.0, 3019898925.0, 1207959611.0, 3355443235.0, 4278190120.0, 738197564.0, 1811939394.0, 2868904011.0, 3590324300.0, 788529199.0, 2281701416.0, 671088681.0, 1627389996.0, 3607101472.0, 1006633018.0, 2214592640.0, 2600468617.0, 2298478730.0, 4227858541.0, 419430439.0, 704643107.0]",1186504220.3616076
7,0.8,9,"[{""x"": -0.15109777450561523, ""y"": 0.6524920463562012, ""z"": 0.0, ""velocity"": 0.0, ""snr"": 0.0}, {""x"": -0.21332502365112305, ""y"": 0.6496310234069824, ""z"": 0.0, ""velocity"": 0.0, ""snr"": 0.0}, {""x"": 0.19973516464233398, ""y"": 0.7499456405639648, ""z"": 0.0, ""velocity"": 0.0, ""snr"": 0.0}, {""x"": 0.16486644744873047, ""y"": 0.7687211036682129, ""z"": 0.0, ""velocity"": 0.0, ""snr"": 0.0}, {""x"": 0.4595518112182617, ""y"": 2.1230578422546387, ""z"": 0.0, ""velocity"": 0.0, ""snr"": 0.0}, {""x"": 0.256955623626709, ""y"": 0.7143616676330566, ""z"": 0.0, ""velocity"": 0.0, ""snr"": 0.0}, {""x"": 1.1317133903503418, ""y"": 1.7423629760742188, ""z"": 0.0, ""velocity"": 0.0, ""snr"": 0.0}, {""x"": 1.368105411529541, ""y"": 1.5957355499267578, ""z"": 0.0, ""velocity"": 0.0, ""snr"": 0.0}, {""x"": 1.3334155082702637, ""y"": 0.6142258644104004, ""z"": 0.0, ""velocity"": 0.0, ""snr"": 0.0}]","[139990.0, 211294.0, 145965.0, 45656.0, 36751.0, 64783.0, 46648.0, 13163.0, 4431.0, 5841.0, 8668.0, 6849.0, 7133.0, 14653.0, 37580.0, 52308.0, 63981.0, 88630.0, 56229.0, 16146.0, 5057.0, 5424.0, 5609.0, 5310.0, 4009.0, 3051.0, 5503.0, 5945.0, 7875.0, 8967.0, 10795.0, 9146.0, 14869.0, 10554.0, 10386.0, 14276.0, 15649.0, 16700.0, 19639.0, 12732.0, 13050.0, 11887.0, 10978.0, 9611.0, 15005.0, 32686.0, 36242.0, 33975.0, 25475.0, 10541.0, 9386.0, 12604.0, 10083.0, 7918.0, 10051.0, 7355.0, 5378.0, 4766.0, 4663.0, 5159.0, 6147.0, 6225.0, 5125.0, 5187.0, 4716.0, 4663.0, 6026.0, 5900.0, 4414.0, 4435.0, 3512.0, 3449.0, 3995.0, 5705.0, 5105.0, 3713.0, 3845.0, 4087.0, 3907.0, 3435.0, 3381.0, 3189.0, 3253.0, 3322.0, 3371.0, 4502.0, 8327.0, 8987.0, 5416.0, 2986.0, 2614.0, 2935.0, 2824.0, 3020.0, 3421.0, 3224.0, 3147.0, 2585.0, 2707.0, 3008.0, 3237.0, 3133.0, 2395.0, 2838.0, 3363.0, 2926.0, 2405.0, 3037.0, 2929.0, 2438.0, 2707.0, 4719.0, 5164.0, 3210.0, 2294.0, 2333.0, 2701.0, 2433.0, 2348.0, 2254.0, 2120.0, 1869.0, 2075.0, 1921.0, 1698.0, 1751.0, 1565.0, 1501.0]",27837480.123989325
8,0.8,10,"[{""x"": -0.38570165634155273, ""y"": 0.6337165832519531, ""z"": 0.0, ""velocity"": 0.0, ""snr"": 0.0}, {""x"": -0.2110004425048828, ""y"": 0.6405115127563477, ""z"": 0.0, ""velocity"": 0.0, ""snr"": 0.0}, {""x"": -0.2734065055847168, ""y"": 0.6424784660339355, ""z"": 0.0, ""velocity"": 0.0, ""snr"": 0.0}, {""x"": 0.292360782623291, ""y"": 2.1341443061828613, ""z"": 0.0, ""velocity"": 0.0, ""snr"": 0.0}, {""x"": 0.23549795150756836, ""y"": 0.727236270904541, ""z"": 0.0, ""velocity"": 0.0, ""snr"": 0.0}, {""x"": 0.1818537712097168, ""y"": 0.7567405700683594, ""z"": 0.0, ""velocity"": 0.0, ""snr"": 0.0}, {""x"": 0.4506111145019531, ""y"": 2.1250247955322266, ""z"": 0.0, ""velocity"": 0.0, ""snr"": 0.0}, {""x"": 1.1562108993530273, ""y"": 1.7294883728027344, ""z"": 0.0, ""velocity"": 0.0, ""snr"": 0.0}, {""x"": 1.3723969459533691, ""y"": 1.587510108947754, ""z"": 0.0, ""velocity"": 0.0, ""snr"": 0.0}, {""x"": 1.353442668914795, ""y"": 0.5489587783813477, ""z"": 0.0, ""velocity"": 0.0, ""snr"": 0.0}]","[140289.0, 211239.0, 145682.0, 43396.0, 25309.0, 42582.0, 30570.0, 9681.0, 4812.0, 9070.0, 13227.0, 17093.0, 12316.0, 11516.0, 36645.0, 54156.0, 65881.0, 94929.0, 65424.0, 24381.0, 5484.0, 4620.0, 5982.0, 6591.0, 4477.0, 3194.0, 5579.0, 6282.0, 6228.0, 10922.0, 12781.0, 11654.0, 15410.0, 9175.0, 8828.0, 9356.0, 13580.0, 16862.0, 18097.0, 11163.0, 10349.0, 12807.0, 10971.0, 8512.0, 13330.0, 31893.0, 36772.0, 28571.0, 21195.0, 10451.0, 9902.0, 11047.0, 8987.0, 7957.0, 7791.0, 6776.0, 6508.0, 6652.0, 5712.0, 4693.0, 5008.0, 4710.0, 3700.0, 2996.0, 3348.0, 4777.0, 6897.0, 4773.0, 6623.0, 6156.0, 3805.0, 3451.0, 4648.0, 5809.0, 4669.0, 4150.0, 3321.0, 3385.0, 3436.0, 3116.0, 3333.0, 3385.0, 3568.0, 3405.0, 3135.0, 4361.0, 8053.0, 9468.0, 5842.0, 3484.0, 3585.0, 3962.0, 3400.0, 2963.0, 2900.0, 2686.0, 2764.0, 2675.0, 2706.0, 3149.0, 3140.0, 2682.0, 2461.0, 2787.0, 3199.0, 2701.0, 2427.0, 3079.0, 3282.0, 2677.0, 2675.0, 4581.0, 5501.0, 3743.0, 2312.0, 2555.0, 2772.0, 2627.0, 2192.0, 2201.0, 2024.0, 2097.0, 1971.0, 1742.0, 1737.0, 1661.0, 1771.0, 1582.0]",27280261.158586033
9,0.8,9,"[{""x"": -0.3617405891418457, ""y"": 0.6444454193115234, ""z"": 0.0, ""velocity"": 0.0, ""snr"": 0.0}, {""x"": -0.24890899658203125, ""y"": 0.6549954414367676, ""z"": 0.0, ""velocity"": 0.0, ""snr"": 0.0}, {""x"": -0.1843571662902832, ""y"": 0.6480216979980469, ""z"": 0.0, ""velocity"": 0.0, ""snr"": 0.0}, {""x"": 0.16862154006958008, ""y"": 0.7603168487548828, ""z"": 0.0, ""velocity"": 0.0, ""snr"": 0.0}, {""x"": 0.41431188583374023, ""y"": 2.127707004547119, ""z"": 0.0, ""velocity"": 0.0, ""snr"": 0.0}, {""x"": 1.1238455772399902, ""y"": 1.7511248588562012, ""z"": 0.0, ""velocity"": 0.0, ""snr"": 0.0}, {""x"": 1.331627368927002, ""y"": 1.6284584999084473, ""z"": 0.0, ""velocity"": 0.0, ""snr"": 0.0}, {""x"": 1.557469367980957, ""y"": 1.726984977722168, ""z"": 0.0, ""velocity"": 0.0, ""snr"": 0.0}, {""x"": 1.324295997619629, ""y"": 0.6306767463684082, ""z"": 0.0, ""velocity"": 0.0, ""snr"": 0.0}]","[139619.0, 211172.0, 145716.0, 43416.0, 23809.0, 49326.0, 39164.0, 12117.0, 8768.0, 11199.0, 8984.0, 23692.0, 24610.0, 15136.0, 35325.0, 57441.0, 65587.0, 89811.0, 66986.0, 25569.0, 7641.0, 4094.0, 4578.0, 5242.0, 4489.0, 4561.0, 5386.0, 6063.0, 6900.0, 11352.0, 12670.0, 9783.0, 15692.0, 10657.0, 10041.0, 9563.0, 13985.0, 16368.0, 19461.0, 13711.0, 11413.0, 9480.0, 10510.0, 9987.0, 13783.0, 31824.0, 37263.0, 34393.0, 23806.0, 9991.0, 12470.0, 14043.0, 11179.0, 8170.0, 8434.0, 6992.0, 6637.0, 5657.0, 5205.0, 5131.0, 5935.0, 6334.0, 4078.0, 4228.0, 3692.0, 4666.0, 6061.0, 5513.0, 5289.0, 4706.0, 3677.0, 2808.0, 3742.0, 4598.0, 4826.0, 4556.0, 3703.0, 3542.0, 3612.0, 3600.0, 3335.0, 2953.0, 2925.0, 3291.0, 3398.0, 4190.0, 8222.0, 9383.0, 4522.0, 3346.0, 3313.0, 3093.0, 3265.0, 3301.0, 3219.0, 2751.0, 3189.0, 2329.0, 2515.0, 2752.0, 2733.0, 2717.0, 2366.0, 3145.0, 3212.0, 2778.0, 2547.0, 3294.0, 3125.0, 2539.0, 2794.0, 4941.0, 5475.0, 3614.0, 2444.0, 2256.0, 2161.0, 2252.0, 2297.0, 2042.0, 2081.0, 1970.0, 1895.0, 1880.0, 1757.0, 1713.0, 1688.0, 1433.0]",26734548.896896277
0,0.8,8,"[{""x"": -0.37747621536254883, ""y"": 0.6431937217712402, ""z"": 0.0, ""velocity"": 0.0, ""snr"": 0.0}, {""x"": -0.22852420806884766, ""y"": 0.6589293479919434, ""z"": 0.0, ""velocity"": 0.0, ""snr"": 0.0}, {""x"": -0.16379356384277344, ""y"": 0.6403326988220215, ""z"": 0.0, ""velocity"": 0.0, ""snr"": 0.0}, {""x"": 0.3231167793273926, ""y"": 2.1479129791259766, ""z"": 0.0, ""velocity"": 0.0, ""snr"": 0.0}, {""x"": 0.3476142883300781, ""y"": 1.6241669654846191, ""z"": 0.0, ""velocity"": 0.0, ""snr"": 0.0}, {""x"": 1.1118650436401367, ""y"": 1.759171485900879, ""z"": 0.0, ""velocity"": 0.0, ""snr"": 0.0}, {""x"": 1.3668537139892578, ""y"": 1.598954200744629, ""z"": 0.0, ""velocity"": 0.0, ""snr"": 0.0}, {""x"": 1.3151764869689941, ""y"": 0.6342530250549316, ""z"": 0.0, ""velocity"": 0.0, ""snr"": 0.0}]","[139834.0, 211119.0, 145920.0, 45068.0, 25022.0, 48913.0, 38804.0, 12814.0, 5984.0, 6697.0, 6760.0, 18037.0, 17143.0, 20586.0, 38764.0, 48233.0, 60834.0, 100389.0, 82085.0, 32876.0, 8327.0, 4938.0, 5405.0, 4984.0, 3426.0, 3270.0, 5492.0, 5687.0, 5563.0, 9948.0, 12770.0, 12541.0, 15796.0, 10073.0, 9214.0, 7995.0, 13116.0, 17338.0, 19413.0, 11324.0, 9119.0, 10662.0, 11174.0, 8879.0, 13494.0, 31775.0, 37466.0, 35124.0, 26538.0, 11312.0, 10998.0, 14075.0, 9581.0, 7209.0, 9461.0, 6572.0, 7286.0, 7811.0, 6463.0, 4562.0, 4405.0, 3603.0, 3463.0, 4545.0, 4855.0, 6524.0, 7606.0, 5021.0, 5603.0, 4980.0, 4002.0, 3370.0, 4032.0, 4862.0, 4495.0, 4732.0, 3017.0, 3175.0, 3983.0, 3512.0, 3823.0, 4411.0, 4076.0, 3900.0, 4125.0, 4053.0, 7948.0, 9565.0, 5582.0, 2927.0, 4452.0, 4039.0, 3234.0, 3633.0, 3543.0, 2971.0, 2709.0, 2599.0, 3165.0, 2974.0, 2990.0, 2696.0, 2401.0, 2418.0, 3170.0, 2518.0, 2244.0, 3027.0, 3175.0, 2386.0, 2575.0, 4725.0, 5358.0, 3516.0, 2496.0, 2482.0, 2602.0, 2334.0, 1960.0, 1997.0, 2132.0, 2207.0, 1879.0, 1746.0, 1807.0, 1827.0, 1625.0, 1688.0]",26199693.84741822
1,0.8,7,"[{""x"": -0.4405975341796875, ""y"": 0.6174445152282715, ""z"": 0.0, ""velocity"": 0.0, ""snr"": 0.0}, {""x"": -0.19472837448120117, ""y"": 0.6675124168395996, ""z"": 0.0, ""velocity"": 0.0, ""snr"": 0.0}, {""x"": 0.31453371047973633, ""y"": 1.629173755645752, ""z"": 0.0, ""velocity"": 0.0, ""snr"": 0.0}, {""x"": 1.1681914329528809, ""y"": 1.7212629318237305, ""z"": 0.0, ""velocity"": 0.0, ""snr"": 0.0}, {""x"": 0.4481077194213867, ""y"": 0.6217360496520996, ""z"": 0.0, ""velocity"": 0.0, ""snr"": 0.0}, {""x"": 1.359701156616211, ""y"": 1.600205898284912, ""z"": 0.0, ""velocity"": 0.0, ""snr"": 0.0}, {""x"": 1.3480782508850098, ""y"": 0.5752444267272949, ""z"": 0.0, ""velocity"": 0.0, ""snr"": 0.0}]","[139626.0, 211000.0, 145757.0, 45277.0, 22715.0, 42530.0, 32409.0, 8576.0, 8405.0, 13722.0, 13165.0, 11797.0, 7091.0, 10808.0, 28420.0, 36209.0, 53916.0, 99453.0, 83980.0, 31939.0, 7821.0, 6058.0, 7026.0, 6315.0, 3753.0, 3326.0, 5357.0, 6921.0, 6767.0, 10602.0, 11617.0, 9683.0, 15045.0, 9852.0, 10302.0, 9334.0, 13165.0, 16616.0, 18325.0, 12803.0, 12359.0, 10633.0, 11604.0, 9319.0, 13829.0, 31778.0, 37460.0, 32055.0, 21038.0, 8677.0, 12453.0, 13525.0, 9141.0, 9013.0, 10874.0, 6832.0, 6605.0, 6152.0, 5237.0, 4908.0, 4661.0, 4470.0, 3788.0, 4733.0, 3876.0, 4388.0, 5440.0, 5210.0, 5145.0, 5218.0, 4180.0, 2680.0, 3380.0, 5045.0, 4630.0, 3969.0, 3043.0, 2750.0, 3541.0, 3405.0, 3297.0, 2713.0, 2902.0, 3500.0, 3938.0, 4140.0, 7752.0, 9022.0, 4962.0, 3033.0, 3667.0, 3767.0, 3137.0, 3469.0, 3408.0, 3480.0, 3694.0, 2712.0, 2823.0, 2840.0, 2784.0, 2792.0, 2382.0, 2606.0, 2697.0, 2687.0, 2283.0, 3096.0, 3246.0, 2448.0, 3006.0, 4954.0, 5438.0, 3654.0, 2629.0, 2312.0, 2515.0, 2316.0, 2015.0, 1816.0, 1896.0, 1794.0, 1802.0, 1868.0, 1509.0, 1559.0, 1744.0, 1718.0]",25676248.73341948
2,0.8,6,"[{""x"": -0.4591941833496094, ""y"": 0.6097555160522461, ""z"": 0.0, ""velocity"": 0.0, ""snr"": 0.0}, {""x"": -0.23353099822998047, ""y"": 0.6735920906066895, ""z"": 0.0, ""velocity"": 0.0, ""snr"": 0.0}, {""x"": 0.34171342849731445, ""y"": 1.6309618949890137, ""z"": 0.0, ""velocity"": 0.0, ""snr"": 0.0}, {""x"": 1.1533498764038086, ""y"": 1.733243465423584, ""z"": 0.0, ""velocity"": 0.0, ""snr"": 0.0}, {""x"": 1.3495087623596191, ""y"": 1.6075372695922852, ""z"": 0.0, ""velocity"": 0.0, ""snr"": 0.0}, {""x"": 1.4287233352661133, ""y"": 1.83945894241333, ""z"": 0.0, ""velocity"": 0.0, ""snr"": 0.0}]","[139822.0, 211011.0, 145859.0, 43275.0, 31634.0, 56106.0, 40634.0, 11773.0, 5799.0, 7618.0, 4429.0, 8634.0, 7360.0, 11138.0, 21652.0, 28055.0, 59851.0, 105294.0, 81162.0, 27301.0, 6905.0, 4162.0, 5064.0, 6193.0, 4159.0, 3215.0, 5843.0, 7221.0, 7735.0, 11994.0, 12838.0, 10996.0, 15227.0, 10563.0, 10754.0, 9646.0, 12457.0, 17157.0, 20338.0, 14787.0, 12845.0, 10751.0, 11125.0, 9588.0, 13553.0, 32719.0, 39490.0, 29404.0, 17372.0, 9698.0, 12424.0, 14176.0, 9968.0, 8061.0, 11503.0, 7426.0, 6315.0, 5772.0, 5118.0, 5760.0, 5505.0, 4605.0, 5029.0, 6439.0, 5149.0, 5156.0, 6557.0, 5562.0, 4877.0, 5359.0, 4304.0, 2746.0, 3128.0, 5260.0, 5082.0, 3831.0, 2959.0, 3454.0, 3763.0, 3286.0, 3547.0, 3531.0, 2911.0, 4153.0, 4086.0, 4649.0, 8252.0, 9284.0, 4866.0, 2917.0, 4317.0, 3684.0, 2728.0, 2978.0, 3075.0, 3209.0, 3316.0, 2700.0, 3219.0, 2790.0, 2648.0, 3072.0, 2523.0, 2468.0, 2491.0, 2551.0, 2380.0, 3027.0, 3154.0, 2412.0, 3053.0, 4729.0, 5152.0, 3399.0, 2406.0, 2312.0, 2311.0, 2383.0, 2525.0, 2213.0, 1989.0, 2000.0, 2147.0, 1929.0, 1572.0, 1688.0, 1730.0, 1614.0]",25162809.362155557
3,0.8,5,"[{""x"": -0.44667720794677734, ""y"": 0.6197690963745117, ""z"": 0.0, ""velocity"": 0.0, ""snr"": 0.0}, {""x"": -0.2440810203552246, ""y"": 0.6657242774963379, ""z"": 0.0, ""velocity"": 0.0, ""snr"": 0.0}, {""x"": 0.33670663833618164, ""y"": 1.6318559646606445, ""z"": 0.0, ""velocity"": 0.0, ""snr"": 0.0}, {""x"": 1.1708736419677734, ""y"": 1.722872257232666, ""z"": 0.0, ""velocity"": 0.0, ""snr"": 0.0}, {""x"": 1.353442668914795, ""y"": 1.6021728515625, ""z"": 0.0, ""velocity"": 0.0, ""snr"": 0.0}]","[139663.0, 210893.0, 145617.0, 44125.0, 19807.0, 33942.0, 26836.0, 8405.0, 4259.0, 10195.0, 12257.0, 10701.0, 7646.0, 8887.0, 21662.0, 28395.0, 55188.0, 99569.0, 83325.0, 35489.0, 11008.0, 4872.0, 5332.0, 5768.0, 4211.0, 3528.0, 5405.0, 6709.0, 6400.0, 11688.0, 13450.0, 11689.0, 15006.0, 11164.0, 11575.0, 9201.0, 12752.0, 19233.0, 19942.0, 12691.0, 12042.0, 11883.0, 11276.0, 10031.0, 12456.0, 32809.0, 39370.0, 28497.0, 18339.0, 9461.0, 11996.0, 13356.0, 9274.0, 7023.0, 10689.0, 7139.0, 7243.0, 7523.0, 6444.0, 4996.0, 4770.0, 4802.0, 3479.0, 3007.0, 3338.0, 5961.0, 7603.0, 6149.0, 5473.0, 5802.0, 5291.0, 2990.0, 3586.0, 5631.0, 4716.0, 4026.0, 4177.0, 3894.0, 4280.0, 3555.0, 3539.0, 3695.0, 3384.0, 3230.0, 3787.0, 5062.0, 8487.0, 9043.0, 4724.0, 2886.0, 3827.0, 3648.0, 2739.0, 3048.0, 2823.0, 2850.0, 2750.0, 2554.0, 2582.0, 2997.0, 3081.0, 2884.0, 2350.0, 2395.0, 2588.0, 2522.0, 2278.0, 2859.0, 2960.0, 2595.0, 2774.0, 4184.0, 4961.0, 3225.0, 2442.0, 2625.0, 2536.0, 2387.0, 2330.0, 2051.0, 1981.0, 1861.0, 1972.0, 1826.0, 1878.0, 1683.0, 1488.0, 1581.0]",24659230.811044656
4,0.8,5,"[{""x"": -0.4667043685913086, ""y"": 0.6051063537597656, ""z"": 0.0, ""velocity"": 0.0, ""snr"": 0.0}, {""x"": -0.4913806915283203, ""y"": 0.6074309349060059, ""z"": 0.0, ""velocity"": 0.0, ""snr"": 0.0}, {""x"": -0.2592802047729492, ""y"": 0.6667971611022949, ""z"": 0.0, ""velocity"": 0.0, ""snr"": 0.0}, {""x"": 1.1633634567260742, ""y"": 1.726984977722168, ""z"": 0.0, ""velocity"": 0.0, ""snr"": 0.0}, {""x"": 1.3933181762695312, ""y"": 1.574099063873291, ""z"": 0.0, ""velocity"": 0.0, ""snr"": 0.0}]","[139680.0, 211216.0, 145874.0, 44988.0, 21085.0, 42828.0, 35917.0, 11447.0, 5853.0, 10276.0, 7042.0, 8647.0, 7782.0, 8668.0, 20167.0, 25738.0, 57711.0, 92756.0, 76305.0, 29289.0, 7610.0, 6984.0, 6113.0, 4132.0, 3393.0, 3236.0, 5598.0, 6617.0, 6154.0, 9950.0, 10328.0, 9687.0, 15033.0, 10786.0, 12381.0, 9957.0, 11425.0, 16897.0, 17132.0, 12907.0, 11575.0, 10677.0, 11719.0, 10283.0, 12677.0, 32502.0, 38963.0, 33856.0, 23839.0, 11264.0, 13749.0, 15620.0, 11637.0, 9109.0, 10227.0, 7344.0, 6823.0, 5939.0, 4685.0, 5455.0, 6039.0, 6051.0, 5303.0, 6148.0, 5475.0, 4605.0, 6484.0, 4652.0, 4524.0, 5203.0, 4247.0, 3453.0, 3722.0, 4622.0, 4556.0, 3195.0, 2396.0, 3172.0, 3179.0, 3075.0, 3128.0, 2906.0, 3070.0, 3293.0, 3510.0, 4354.0, 7606.0, 8243.0, 4460.0, 3724.0, 3858.0, 3660.0, 3232.0, 3205.0, 2931.0, 2715.0, 2768.0, 2275.0, 3254.0, 3385.0, 3241.0, 2801.0, 2346.0, 2474.0, 2836.0, 2767.0, 2301.0, 3107.0, 3064.0, 2605.0, 3188.0, 5086.0, 5214.0, 2944.0, 2567.0, 2382.0, 2420.0, 2450.0, 2170.0, 2276.0, 1982.0, 1791.0, 1755.0, 1703.0, 1683.0, 1604.0, 1556.0, 1524.0]",24166278.075345173
5,0.8,5,"[{""x"": -0.4329085350036621, ""y"": 0.6330013275146484, ""z"": 0.0, ""velocity"": 0.0, ""snr"": 0.0}, {""x"": -0.3681778907775879, ""y"": 0.6292462348937988, ""z"": 0.0, ""velocity"": 0.0, ""snr"": 0.0}, {""x"": -0.39839744567871094, ""y"": 0.6730556488037109, ""z"": 0.0, ""velocity"": 0.0, ""snr"": 0.0}, {""x"": 1.1596083641052246, ""y"": 1.730203628540039, ""z"": 0.0, ""velocity"": 0.0, ""snr"": 0.0}, {""x"": 1.3908147811889648, ""y"": 1.5717744827270508, ""z"": 0.0, ""velocity"": 0.0, ""snr"": 0.0}]","[139660.0, 211120.0, 145649.0, 43773.0, 25683.0, 49818.0, 39490.0, 13935.0, 8558.0, 10865.0, 7757.0, 7228.0, 12852.0, 11334.0, 15582.0, 21064.0, 61598.0, 102519.0, 83999.0, 30689.0, 6231.0, 7015.0, 5150.0, 3451.0, 3203.0, 3510.0, 5244.0, 6067.0, 9345.0, 10996.0, 11836.0, 10885.0, 15175.0, 10802.0, 12179.0, 10596.0, 12500.0, 19702.0, 18794.0, 10733.0, 10411.0, 10904.0, 11722.0, 11341.0, 12228.0, 32762.0, 39171.0, 31456.0, 21382.0, 9847.0, 11960.0, 13896.0, 10051.0, 8152.0, 9440.0, 6365.0, 7162.0, 8020.0, 6711.0, 5495.0, 5287.0, 4406.0, 3680.0, 4479.0, 4137.0, 5359.0, 6922.0, 5790.0, 6558.0, 7083.0, 5779.0, 4240.0, 4108.0, 5320.0, 4480.0, 3641.0, 3303.0, 3241.0, 3507.0, 3546.0, 4121.0, 4496.0, 4181.0, 3899.0, 4202.0, 5455.0, 9054.0, 9602.0, 6049.0, 2913.0, 3726.0, 4131.0, 3499.0, 3572.0, 3337.0, 2951.0, 2829.0, 2238.0, 2540.0, 3008.0, 3051.0, 3152.0, 2765.0, 2109.0, 2349.0, 2540.0, 2358.0, 2786.0, 2882.0, 2592.0, 2953.0, 4784.0, 5494.0, 3466.0, 2278.0, 2297.0, 2291.0, 2405.0, 2159.0, 2407.0, 2108.0, 2007.0, 1792.0, 1627.0, 1492.0, 1521.0, 1500.0, 1429.0]",23683007.002021037
6,0.8,7,"[{""x"": -0.3612041473388672, ""y"": 0.6403326988220215, ""z"": 0.0, ""velocity"": 0.0, ""snr"": 0.0}, {""x"": -0.39696693420410156, ""y"": 0.6589293479919434, ""z"": 0.0, ""velocity"": 0.0, ""snr"": 0.0}, {""x"": -0.3803372383117676, ""y"": 0.6832480430603027, ""z"": 0.0, ""velocity"": 0.0, ""snr"": 0.0}, {""x"": 1.5306472778320312, ""y"": 3.6644339561462402, ""z"": 0.0, ""velocity"": 0.0, ""snr"": 0.0}, {""x"": 1.1674761772155762, ""y"": 1.7214417457580566, ""z"": 0.0, ""velocity"": 0.0, ""snr"": 0.0}, {""x"": 1.3627409934997559, ""y"": 1.5932321548461914, ""z"": 0.0, ""velocity"": 0.0, ""snr"": 0.0}, {""x"": 1.3634562492370605, ""y"": 0.533759593963623, ""z"": 0.0, ""velocity"": 0.0, ""snr"": 0.0}]","[139684.0, 210981.0, 145592.0, 44500.0, 15965.0, 34142.0, 26925.0, 8751.0, 7546.0, 14585.0, 16570.0, 13400.0, 10236.0, 11776.0, 12577.0, 18355.0, 62615.0, 102552.0, 82967.0, 29837.0, 7205.0, 3672.0, 5204.0, 3805.0, 3544.0, 3808.0, 5401.0, 6204.0, 8206.0, 9982.0, 11725.0, 10292.0, 14394.0, 9754.0, 11749.0, 10425.0, 15393.0, 18631.0, 17830.0, 10627.0, 12068.0, 10687.0, 11113.0, 10644.0, 14672.0, 34529.0, 40016.0, 29509.0, 19236.0, 9735.0, 14465.0, 14499.0, 9987.0, 7474.0, 8489.0, 7553.0, 7187.0, 7218.0, 6310.0, 5563.0, 5552.0, 4706.0, 4176.0, 4046.0, 3786.0, 5157.0, 6337.0, 5325.0, 5012.0, 5793.0, 4776.0, 3862.0, 4290.0, 5756.0, 4369.0, 3311.0, 3446.0, 4108.0, 4081.0, 3459.0, 3222.0, 3392.0, 2997.0, 3339.0, 3817.0, 5119.0, 9031.0, 9577.0, 5642.0, 2733.0, 3099.0, 3244.0, 2992.0, 3585.0, 3149.0, 2551.0, 2811.0, 2007.0, 2360.0, 2730.0, 3304.0, 3241.0, 2676.0, 2454.0, 2768.0, 2819.0, 2288.0, 2694.0, 2775.0, 2523.0, 2791.0, 4928.0, 5296.0, 3340.0, 2673.0, 2626.0, 2507.0, 2325.0, 2199.0, 2142.0, 1941.0, 1845.0, 1984.0, 1839.0, 1707.0, 1849.0, 1670.0, 1701.0]",23209198.479168117
7,0.8,5,"[{""x"": -0.33599138259887695, ""y"": 0.6456971168518066, ""z"": 0.0, ""velocity"": 0.0, ""snr"": 0.0}, {""x"": -0.3764033317565918, ""y"": 0.6701946258544922, ""z"": 0.0, ""velocity"": 0.0, ""snr"": 0.0}, {""x"": -0.3731846809387207, ""y"": 0.6871819496154785, ""z"": 0.0, ""velocity"": 0.0, ""snr"": 0.0}, {""x"": 1.588582992553711, ""y"": 3.6415457725524902, ""z"": 0.0, ""velocity"": 0.0, ""snr"": 0.0}, {""x"": 1.4215707778930664, ""y"": 1.542806625366211, ""z"": 0.0, ""velocity"": 0.0, ""snr"": 0.0}]","[139571.0, 211220.0, 145763.0, 45487.0, 22679.0, 42554.0, 35264.0, 11257.0, 3880.0, 7597.0, 11389.0, 12581.0, 11487.0, 8811.0, 13703.0, 18609.0, 60198.0, 98688.0, 75929.0, 26408.0, 8985.0, 5445.0, 5629.0, 4720.0, 3109.0, 3094.0, 4610.0, 5644.0, 8674.0, 10855.0, 10423.0, 9790.0, 14875.0, 12527.0, 10027.0, 11245.0, 12081.0, 14583.0, 31991.0, 36085.0, 32579.0, 25847.0, 11538.0, 11180.0, 12727.0, 11026.0, 9081.0, 11152.0, 7822.0, 4264.0, 4485.0, 4957.0, 4415.0, 4620.0, 4350.0, 5119.0, 5046.0, 3935.0, 5311.0, 6913.0, 3957.0, 4385.0, 4336.0, 4037.0, 3392.0, 3983.0, 5532.0, 4900.0, 3632.0, 2974.0, 2685.0, 3308.0, 3043.0, 3432.0, 3203.0, 3630.0, 3950.0, 3476.0, 4571.0, 8182.0, 9120.0, 6138.0, 3297.0, 3160.0, 4371.0, 3674.0, 3252.0, 3360.0, 3476.0, 3008.0, 2911.0, 2803.0, 3236.0, 3318.0, 3137.0, 2700.0, 2731.0, 2484.0, 2721.0, 2480.0, 3011.0, 3264.0, 3072.0, 2717.0, 4452.0, 5211.0, 3541.0, 2646.0, 2126.0, 2343.0, 2437.0, 2408.0, 1916.0, 1916.0, 2061.0, 2088.0, 1929.0, 1734.0, 1746.0, 1638.0, 1523.0, 0.0, 50594050.0, 117966086.0, 84214528.0, 672.0, 681010.0, 138.0]",22898145.95416248
8,0.8,7,"[{""x"": -0.4591941833496094, ""y"": 0.5804300308227539, ""z"": 0.0, ""velocity"": 0.0, ""snr"": 0.0}, {""x"": -0.26607513427734375, ""y"": 0.6489157676696777, ""z"": 0.0, ""velocity"": 0.0, ""snr"": 0.0}, {""x"": 0.52642822265625, ""y"": 2.1167993545532227, ""z"": 0.0, ""velocity"": 0.0, ""snr"": 0.0}, {""x"": 1.4984607696533203, ""y"": 1.7847418785095215, ""z"": 0.0, ""velocity"": 0.0, ""snr"": 0.0}, {""x"": 1.2155771255493164, ""y"": 0.9902715682983398, ""z"": 0.0, ""velocity"": 0.0, ""snr"": 0.0}, {""x"": 1.5134811401367188, ""y"": 1.4682412147521973, ""z"": 0.0, ""velocity"": 0.0, ""snr"": 0.0}, {""x"": 1.352369785308838, ""y"": 0.5743503570556641, ""z"": 0.0, ""velocity"": 0.0, ""snr"": 0.0}]","[139973.0, 211192.0, 145609.0, 45127.0, 10032.0, 11286.0, 10251.0, 5455.0, 6730.0, 10500.0, 9136.0, 8123.0, 5776.0, 4363.0, 11832.0, 27491.0, 30239.0, 64798.0, 55823.0, 19847.0, 6244.0, 4789.0, 4804.0, 4852.0, 3929.0, 3427.0, 4140.0, 5641.0, 6449.0, 10911.0, 10136.0, 7171.0, 13984.0, 8975.0, 13809.0, 14320.0, 15383.0, 19996.0, 20375.0, 12669.0, 13208.0, 10790.0, 12564.0, 11906.0, 13091.0, 31230.0, 36458.0, 32048.0, 29485.0, 13106.0, 12166.0, 14284.0, 11624.0, 8598.0, 8963.0, 6290.0, 4888.0, 5090.0, 5131.0, 5490.0, 4873.0, 3618.0, 3531.0, 4144.0, 3623.0, 5690.0, 7648.0, 4804.0, 4646.0, 3878.0, 2912.0, 2779.0, 3925.0, 5218.0, 4567.0, 3901.0, 3211.0, 3484.0, 4000.0, 3394.0, 3342.0, 3315.0, 3178.0, 3707.0, 3533.0, 4079.0, 7569.0, 8409.0, 4657.0, 3626.0, 3660.0, 3460.0, 3623.0, 3065.0, 2472.0, 3125.0, 3155.0, 3039.0, 2646.0, 2902.0, 3008.0, 2859.0, 2425.0, 2477.0, 2728.0, 2397.0, 2550.0, 3199.0, 3041.0, 2723.0, 2531.0, 4472.0, 5117.0, 3679.0, 2468.0, 2113.0, 2364.0, 2398.0, 2006.0, 2109.0, 1896.0, 1877.0, 1939.0, 1938.0, 1702.0, 1590.0, 1641.0, 1558.0]",22330192.484664313
9,0.8,8,"[{""x"": -0.2523064613342285, ""y"": 0.6521344184875488, ""z"": 0.0, ""velocity"": 0.0, ""snr"": 0.0}, {""x"": 0.06777048110961914, ""y"": 1.6565322875976562, ""z"": 0.0, ""velocity"": 0.0, ""snr"": 0.0}, {""x"": 0.31006336212158203, ""y"": 2.139866352081299, ""z"": 0.0, ""velocity"": 0.0, ""snr"": 0.0}, {""x"": 0.5650520324707031, ""y"": 2.1060705184936523, ""z"": 0.0, ""velocity"": 0.0, ""snr"": 0.0}, {""x"": 1.199483871459961, ""y"": 1.0262131690979004, ""z"": 0.0, ""velocity"": 0.0, ""snr"": 0.0}, {""x"": 1.2761950492858887, ""y"": 0.9759664535522461, ""z"": 0.0, ""velocity"": 0.0, ""snr"": 0.0}, {""x"": 1.5143752098083496, ""y"": 1.4652013778686523, ""z"": 0.0, ""velocity"": 0.0, ""snr"": 0.0}, {""x"": 1.3405680656433105, ""y"": 0.5875825881958008, ""z"": 0.0, ""velocity"": 0.0, ""snr"": 0.0}]","[139320.0, 210898.0, 145608.0, 43806.0, 19757.0, 36865.0, 27543.0, 8291.0, 3047.0, 3165.0, 4527.0, 8447.0, 6311.0, 5416.0, 19007.0, 34707.0, 44707.0, 82561.0, 70823.0, 24613.0, 5352.0, 3046.0, 3719.0, 3958.0, 3891.0, 4308.0, 4191.0, 5811.0, 7326.0, 11401.0, 10088.0, 8154.0, 14008.0, 7717.0, 15652.0, 19176.0, 19453.0, 22564.0, 21443.0, 12078.0, 11541.0, 10995.0, 11923.0, 10044.0, 13697.0, 31871.0, 35815.0, 32004.0, 32121.0, 13749.0, 12073.0, 13813.0, 11377.0, 8705.0, 9362.0, 6297.0, 5456.0, 5425.0, 4718.0, 5006.0, 4614.0, 4267.0, 3709.0, 3896.0, 3755.0, 6709.0, 8416.0, 5288.0, 5457.0, 4959.0, 4154.0, 3499.0, 4266.0, 5225.0, 4336.0, 4614.0, 3944.0, 3723.0, 3473.0, 3821.0, 3909.0, 3446.0, 2792.0, 3583.0, 3177.0, 4020.0, 7285.0, 8404.0, 5282.0, 2913.0, 3673.0, 3345.0, 3465.0, 2982.0, 2581.0, 2953.0, 3013.0, 2683.0, 3083.0, 3208.0, 2693.0, 2608.0, 2272.0, 2548.0, 2715.0, 2464.0, 2790.0, 3224.0, 3152.0, 2806.0, 2732.0, 4358.0, 5027.0, 3149.0, 2656.0, 2073.0, 2192.0, 2649.0, 2356.0, 1897.0, 1776.0, 1762.0, 2023.0, 1872.0, 1688.0, 1633.0, 1634.0, 1482.0]",21883109.47856789
0,0.8,9,"[{""x"": -0.2846717834472656, ""y"": 0.6435513496398926, ""z"": 0.0, ""velocity"": 0.0, ""snr"": 0.0}, {""x"": 0.049173831939697266, ""y"": 1.6536712646484375, ""z"": 0.0, ""velocity"": 0.0, ""snr"": 0.0}, {""x"": 0.042557716369628906, ""y"": 1.6901493072509766, ""z"": 0.0, ""velocity"": 0.0, ""snr"": 0.0}, {""x"": 0.4838705062866211, ""y"": 2.1228790283203125, ""z"": 0.0, ""velocity"": 0.0, ""snr"": 0.0}, {""x"": 1.4421343803405762, ""y"": 1.5238523483276367, ""z"": 0.0, ""velocity"": 0.0, ""snr"": 0.0}, {""x"": 1.267075538635254, ""y"": 0.9464621543884277, ""z"": 0.0, ""velocity"": 0.0, ""snr"": 0.0}, {""x"": 1.2960433959960938, ""y"": 0.9541511535644531, ""z"": 0.0, ""velocity"": 0.0, ""snr"": 0.0}, {""x"": 1.3257265090942383, ""y"": 0.6158351898193359, ""z"": 0.0, ""velocity"": 0.0, ""snr"": 0.0}, {""x"": 1.397252082824707, ""y"": 0.8777976036071777, ""z"": 0.0, ""velocity"": 0.0, ""snr"": 0.0}]","[139640.0, 210902.0, 145600.0, 44069.0, 14080.0, 18562.0, 12353.0, 3917.0, 2246.0, 5542.0, 9040.0, 16131.0, 14186.0, 9218.0, 16188.0, 24932.0, 45513.0, 86482.0, 75499.0, 26400.0, 5086.0, 4170.0, 4272.0, 4337.0, 3061.0, 3547.0, 5187.0, 6210.0, 7948.0, 10525.0, 9571.0, 8616.0, 15145.0, 7403.0, 15551.0, 21060.0, 21786.0, 23009.0, 19891.0, 12946.0, 13246.0, 10923.0, 11267.0, 11515.0, 13073.0, 31737.0, 34564.0, 31472.0, 26707.0, 12416.0, 11153.0, 13987.0, 10851.0, 9000.0, 11782.0, 8420.0, 6000.0, 5975.0, 5283.0, 5581.0, 4785.0, 3688.0, 3855.0, 4374.0, 4323.0, 5741.0, 6867.0, 6126.0, 4822.0, 4332.0, 4568.0, 4003.0, 3128.0, 4659.0, 4797.0, 4726.0, 3888.0, 3466.0, 3640.0, 3321.0, 4091.0, 3713.0, 2680.0, 3553.0, 3416.0, 3924.0, 7414.0, 8421.0, 4930.0, 2826.0, 3636.0, 4108.0, 3691.0, 3590.0, 3143.0, 3387.0, 3248.0, 2599.0, 3089.0, 2898.0, 2687.0, 2627.0, 2382.0, 2488.0, 2444.0, 2456.0, 2347.0, 3235.0, 3221.0, 2929.0, 2949.0, 4034.0, 4802.0, 3285.0, 2177.0, 2665.0, 2465.0, 2211.0, 2121.0, 1981.0, 1857.0, 1859.0, 1699.0, 1877.0, 1720.0, 1664.0, 1645.0, 1596.0]",21444983.23865109
1,0.8,8,"[{""x"": -0.3578066825866699, ""y"": 0.6079673767089844, ""z"": 0.0, ""velocity"": 0.0, ""snr"": 0.0}, {""x"": 0.03844499588012695, ""y"": 1.6529560089111328, ""z"": 0.0, ""velocity"": 0.0, ""snr"": 0.0}, {""x"": 0.06222724914550781, ""y"": 1.6881823539733887, ""z"": 0.0, ""velocity"": 0.0, ""snr"": 0.0}, {""x"": 0.45186281204223633, ""y"": 2.1257400512695312, ""z"": 0.0, ""velocity"": 0.0, ""snr"": 0.0}, {""x"": 1.2708306312561035, ""y"": 0.93841552734375, ""z"": 0.0, ""velocity"": 0.0, ""snr"": 0.0}, {""x"": 1.2745857238769531, ""y"": 0.9874105453491211, ""z"": 0.0, ""velocity"": 0.0, ""snr"": 0.0}, {""x"": 1.4714598655700684, ""y"": 1.509547233581543, ""z"": 0.0, ""velocity"": 0.0, ""snr"": 0.0}, {""x"": 1.3083815574645996, ""y"": 0.6535649299621582, ""z"": 0.0, ""velocity"": 0.0, ""snr"": 0.0}]","[139755.0, 211358.0, 145885.0, 44968.0, 14085.0, 21384.0, 17562.0, 7315.0, 5067.0, 10321.0, 10421.0, 13315.0, 13454.0, 9242.0, 16237.0, 27176.0, 39538.0, 86063.0, 80724.0, 30128.0, 9144.0, 8325.0, 7739.0, 4254.0, 2358.0, 2942.0, 5263.0, 6398.0, 7900.0, 10250.0, 10716.0, 9066.0, 15629.0, 8155.0, 13784.0, 19403.0, 22395.0, 22522.0, 21358.0, 11540.0, 9160.0, 11003.0, 12599.0, 11380.0, 12805.0, 32554.0, 36442.0, 32705.0, 26525.0, 10799.0, 11727.0, 13786.0, 9842.0, 7731.0, 10984.0, 7316.0, 6450.0, 7036.0, 6089.0, 5830.0, 5220.0, 3535.0, 4179.0, 4012.0, 3769.0, 6909.0, 8582.0, 5324.0, 4173.0, 3656.0, 3645.0, 3507.0, 4053.0, 5512.0, 5278.0, 4657.0, 3728.0, 3228.0, 3597.0, 3538.0, 3890.0, 3406.0, 3676.0, 3405.0, 2859.0, 3367.0, 6972.0, 8387.0, 5708.0, 3013.0, 2759.0, 3541.0, 3521.0, 3291.0, 2956.0, 3150.0, 2914.0, 2678.0, 2895.0, 3103.0, 2773.0, 2284.0, 2355.0, 2907.0, 2865.0, 2751.0, 2264.0, 3102.0, 3362.0, 2783.0, 2464.0, 4727.0, 5319.0, 3407.0, 2615.0, 2350.0, 2453.0, 2400.0, 2211.0, 2140.0, 2168.0, 1819.0, 1859.0, 1778.0, 1709.0, 1714.0, 1484.0, 1481.0]",21016243.635696135
2,0.8,7,"[{""x"": -0.568091869354248, ""y"": 0.49746036529541016, ""z"": 0.0, ""velocity"": 0.0, ""snr"": 0.0}, {""x"": -0.49442052841186523, ""y"": 0.6646513938903809, ""z"": 0.0, ""velocity"": 0.0, ""snr"": 0.0}, {""x"": -0.37157535552978516, ""y"": 0.5793571472167969, ""z"": 0.0, ""velocity"": 0.0, ""snr"": 0.0}, {""x"": 0.0005364418029785156, ""y"": 1.6508102416992188, ""z"": 0.0, ""velocity"": 0.0, ""snr"": 0.0}, {""x"": 0.021636486053466797, ""y"": 1.6869306564331055, ""z"": 0.0, ""velocity"": 0.0, ""snr"": 0.0}, {""x"": 1.2168288230895996, ""y"": 1.6888976097106934, ""z"": 0.0, ""velocity"": 0.0, ""snr"": 0.0}, {""x"": 1.4644861221313477, ""y"": 1.5165209770202637, ""z"": 0.0, ""velocity"": 0.0, ""snr"": 0.0}]","[139512.0, 210833.0, 145597.0, 44781.0, 14813.0, 22482.0, 16149.0, 5943.0, 3011.0, 5007.0, 5682.0, 13396.0, 12645.0, 6937.0, 18407.0, 26850.0, 28625.0, 73265.0, 68933.0, 26376.0, 8549.0, 6845.0, 6118.0, 4479.0, 3123.0, 3597.0, 6155.0, 6721.0, 9838.0, 11104.0, 9639.0, 8054.0, 14846.0, 8648.0, 15856.0, 20694.0, 22132.0, 22678.0, 21362.0, 11955.0, 11935.0, 11903.0, 11105.0, 11804.0, 13591.0, 33084.0, 36244.0, 32417.0, 23483.0, 11028.0, 12586.0, 14490.0, 9774.0, 7488.0, 10782.0, 7268.0, 5238.0, 6435.0, 5974.0, 4693.0, 4436.0, 3720.0, 3986.0, 3726.0, 3649.0, 7247.0, 8279.0, 4839.0, 4177.0, 5280.0, 4424.0, 3288.0, 3135.0, 5481.0, 5323.0, 3870.0, 3542.0, 3398.0, 3083.0, 3635.0, 4061.0, 3289.0, 3565.0, 3968.0, 3568.0, 4320.0, 7514.0, 8392.0, 4551.0, 3211.0, 3112.0, 3047.0, 3194.0, 3953.0, 3536.0, 3227.0, 3083.0, 2572.0, 3034.0, 3081.0, 2770.0, 2648.0, 2198.0, 2760.0, 2768.0, 2819.0, 2736.0, 2801.0, 3041.0, 2718.0, 2711.0, 4845.0, 5311.0, 3486.0, 2495.0, 2229.0, 2172.0, 2589.0, 2300.0, 1890.0, 1775.0, 1874.0, 1704.0, 1775.0, 1636.0, 1668.0, 1481.0, 1421.0]",20596013.915626682
3,0.8,9,"[{""x"": -0.3415346145629883, ""y"": 0.5924105644226074, ""z"": 0.0, ""velocity"": 0.0, ""snr"": 0.0}, {""x"": -0.40465593338012695, ""y"": 0.7154345512390137, ""z"": 0.0, ""velocity"": 0.0, ""snr"": 0.0}, {""x"": -0.30809640884399414, ""y"": 0.7433295249938965, ""z"": 0.0, ""velocity"": 0.0, ""snr"": 0.0}, {""x"": -0.09763240814208984, ""y"": 1.6089677810668945, ""z"": 0.0, ""velocity"": 0.0, ""snr"": 0.0}, {""x"": 0.04684925079345703, ""y"": 1.6488432884216309, ""z"": 0.0, ""velocity"": 0.0, ""snr"": 0.0}, {""x"": 0.03504753112792969, ""y"": 1.6838908195495605, ""z"": 0.0, ""velocity"": 0.0, ""snr"": 0.0}, {""x"": 0.4890561103820801, ""y"": 2.1209120750427246, ""z"": 0.0, ""velocity"": 0.0, ""snr"": 0.0}, {""x"": 1.2146830558776855, ""y"": 1.691579818725586, ""z"": 0.0, ""velocity"": 0.0, ""snr"": 0.0}, {""x"": 1.4789700508117676, ""y"": 1.5007853507995605, ""z"": 0.0, ""velocity"": 0.0, ""snr"": 0.0}]","[139710.0, 211075.0, 145763.0, 44064.0, 18052.0, 33628.0, 29704.0, 10625.0, 2640.0, 4899.0, 6297.0, 10504.0, 13321.0, 11841.0, 19251.0, 31101.0, 31613.0, 70927.0, 70662.0, 28972.0, 7935.0, 5388.0, 241178624.0, 375980032.0, 428539904.0, 465567744.0, 610140160.0, 676265984.0, 557187072.0, 973996032.0, 589430784.0, 980221952.0, 1223622656.0, 1322713088.0, 1298792448.0, 1361117184.0, 696320000.0, 627179520.0, 790888448.0, 934412288.0, 814153728.0, 892928000.0, 2243756032.0, 2524643328.0, 2150694912.0, 1676935168.0, 857014272.0, 894828544.0, 951975936.0, 742916096.0, 523108352.0, 664862720.0, 435879936.0, 341770240.0, 419758080.0, 371720192.0, 356581376.0, 391643136.0, 327483392.0, 253165568.0, 263520256.0, 267452416.0, 388366336.0, 453246976.0, 313851904.0, 316276736.0, 373751808.0, 329252864.0, 258998272.0, 277544960.0, 410910720.0, 318177280.0, 247070720.0, 254148608.0, 279969792.0, 228720640.0, 261488640.0, 285605888.0, 220200960.0, 198508544.0, 249561088.0, 259653632.0, 316407808.0, 535101440.0, 560267264.0, 282787840.0, 254279680.0, 304676864.0, 236847104.0, 236584960.0, 257294336.0, 240517120.0, 208535552.0, 209715200.0, 180551680.0, 170524672.0, 221118464.0, 211222528.0, 166920192.0, 152371200.0, 192413696.0, 191430656.0, 192217088.0, 159449088.0, 183566336.0, 220594176.0, 192413696.0, 175308800.0, 277872640.0, 349175808.0, 227803136.0, 161153024.0, 156565504.0, 159711232.0, 165019648.0, 152240128.0, 153026560.0, 137822208.0, 124256256.0, 126746624.0, 118095872.0, 117243904.0, 114491392.0, 104398848.0, 106037248.0, 0.0, 0.0, 0.0]",351733920.35296273
4,0.8,10,"[{""x"": -0.47278404235839844, ""y"": 0.6782412528991699, ""z"": 0.0, ""velocity"": 0.0, ""snr"": 0.0}, {""x"": -0.2548098564147949, ""y"": 0.6546378135681152, ""z"": 0.0, ""velocity"": 0.0, ""snr"": 0.0}, {""x"": -0.10281801223754883, ""y"": 0.7599592208862305, ""z"": 0.0, ""velocity"": 0.0, ""snr"": 0.0}, {""x"": 0.08368492126464844, ""y"": 1.6536712646484375, ""z"": 0.0, ""velocity"": 0.0, ""snr"": 0.0}, {""x"": 0.0629425048828125, ""y"": 1.6869306564331055, ""z"": 0.0, ""velocity"": 0.0, ""snr"": 0.0}, {""x"": 0.5629062652587891, ""y"": 2.1032094955444336, ""z"": 0.0, ""velocity"": 0.0, ""snr"": 0.0}, {""x"": 1.601099967956543, ""y"": 3.6326050758361816, ""z"": 0.0, ""velocity"": 0.0, ""snr"": 0.0}, {""x"": 1.333773136138916, ""y"": 1.9181370735168457, ""z"": 0.0, ""velocity"": 0.0, ""snr"": 0.0}, {""x"": 1.5129446983337402, ""y"": 1.462697982788086, ""z"": 0.0, ""velocity"": 0.0, ""snr"": 0.0}, {""x"": 1.3663172721862793, ""y"": 0.5414485931396484, ""z"": 0.0, ""velocity"": 0.0, ""snr"": 0.0}]","[139792.0, 211224.0, 145831.0, 45094.0, 15561.0, 30049.0, 21944.0, 7029.0, 3507.0, 6283.0, 12655.0, 16174.0, 13547.0, 7666.0, 12709.0, 21089.0, 30094.0, 74320.0, 75148.0, 29514.0, 8475.0, 4507.0, 5901.0, 5765.0, 2951.0, 3026.0, 5531.0, 6321.0, 6134.0, 9733.0, 9417.0, 8132.0, 14430.0, 10141.0, 15323.0, 16658.0, 19448.0, 21733.0, 16597.0, 11764.0, 11647.0, 12500.0, 13383.0, 10756.0, 13716.0, 34603.0, 39502.0, 30577.0, 29957.0, 12400.0, 12011.0, 17054.0, 12311.0, 8581.0, 10133.0, 6988.0, 5371.0, 5905.0, 5190.0, 4926.0, 5607.0, 4945.0, 3689.0, 4906.0, 4923.0, 5123.0, 6697.0, 5090.0, 3585.0, 3558.0, 4228.0, 3981.0, 4899.0, 6293.0, 5038.0, 3810.0, 3085.0, 3121.0, 3899.0, 3361.0, 4454.0, 3944.0, 2636.0, 3850.0, 4012.0, 4819.0, 8545.0, 9266.0, 4909.0, 2984.0, 4124.0, 3166.0, 3005.0, 3262.0, 3136.0, 3655.0, 3451.0, 2291.0, 2714.0, 2998.0, 3088.0, 2687.0, 2314.0, 2453.0, 2640.0, 2582.0, 2392.0, 2658.0, 2666.0, 2539.0, 2390.0, 4453.0, 5122.0, 3251.0, 2654.0, 2376.0, 2271.0, 2537.0, 2334.0, 2066.0, 1870.0, 1668.0, 1876.0, 1631.0, 1459.0, 1701.0, 1588.0, 1546.0]",27194573.4789261
5,0.8,9,"[{""x"": -0.26088953018188477, ""y"": 0.7277727127075195, ""z"": 0.0, ""velocity"": 0.0, ""snr"": 0.0}, {""x"": -0.19562244415283203, ""y"": 0.6895065307617188, ""z"": 0.0, ""velocity"": 0.0, ""snr"": 0.0}, {""x"": -0.2326369285583496, ""y"": 0.7138252258300781, ""z"": 0.0, ""velocity"": 0.0, ""snr"": 0.0}, {""x"": 0.09459257125854492, ""y"": 1.6910433769226074, ""z"": 0.0, ""velocity"": 0.0, ""snr"": 0.0}, {""x"": 0.15056133270263672, ""y"": 1.6533136367797852, ""z"": 0.0, ""velocity"": 0.0, ""snr"": 0.0}, {""x"": 0.6755590438842773, ""y"": 2.0737051963806152, ""z"": 0.0, ""velocity"": 0.0, ""snr"": 0.0}, {""x"": 1.2851357460021973, ""y"": 1.9446015357971191, ""z"": 0.0, ""velocity"": 0.0, ""snr"": 0.0}, {""x"": 1.4662742614746094, ""y"": 1.5059709548950195, ""z"": 0.0, ""velocity"": 0.0, ""snr"": 0.0}, {""x"": 1.3339519500732422, ""y"": 0.6119012832641602, ""z"": 0.0, ""velocity"": 0.0, ""snr"": 0.0}]","[139627.0, 210777.0, 145373.0, 44490.0, 13337.0, 21029.0, 20865.0, 9441.0, 3229.0, 4956.0, 4816.0, 9707.0, 11957.0, 9615.0, 16199.0, 33351.0, 55698.0, 71412.0, 61234.0, 22205.0, 5401.0, 4551.0, 4946.0, 5384.0, 4953.0, 3645.0, 5122.0, 5176.0, 7836.0, 9726.0, 10785.0, 8832.0, 14730.0, 9987.0, 12875.0, 13755.0, 16766.0, 20404.0, 17124.0, 8897.0, 12467.0, 12058.0, 11239.0, 9573.0, 11620.0, 32641.0, 38873.0, 26443.0, 27842.0, 14718.0, 12669.0, 17422.0, 12345.0, 8463.0, 10150.0, 6934.0, 5332.0, 5631.0, 5071.0, 4896.0, 6174.0, 5974.0, 5145.0, 5618.0, 4062.0, 5802.0, 7388.0, 4551.0, 4156.0, 5091.0, 4602.0, 3803.0, 3640.0, 4677.0, 4359.0, 3206.0, 3574.0, 3716.0, 3862.0, 3706.0, 4169.0, 3405.0, 3277.0, 3597.0, 4095.0, 4639.0, 8316.0, 9023.0, 5347.0, 3530.0, 5114.0, 4809.0, 3047.0, 3476.0, 3545.0, 3320.0, 2853.0, 2248.0, 2429.0, 3189.0, 3251.0, 2645.0, 2257.0, 2834.0, 2820.0, 2480.0, 2561.0, 3256.0, 3439.0, 2628.0, 2543.0, 4780.0, 5190.0, 3374.0, 2423.0, 2348.0, 2602.0, 2324.0, 2052.0, 1864.0, 1907.0, 2111.0, 2010.0, 1586.0, 1539.0, 1573.0, 1535.0, 1521.0]",26650608.91336631
6,0.8,10,"[{""x"": -0.2900362014770508, ""y"": 0.7200837135314941, ""z"": 0.0, ""velocity"": 0.0, ""snr"": 0.0}, {""x"": -0.18543004989624023, ""y"": 0.6462335586547852, ""z"": 0.0, ""velocity"": 0.0, ""snr"": 0.0}, {""x"": -0.16182661056518555, ""y"": 0.6941556930541992, ""z"": 0.0, ""velocity"": 0.0, ""snr"": 0.0}, {""x"": -0.22941827774047852, ""y"": 0.7159709930419922, ""z"": 0.0, ""velocity"": 0.0, ""snr"": 0.0}, {""x"": 0.35887956619262695, ""y"": 1.6170144081115723, ""z"": 0.0, ""velocity"": 0.0, ""snr"": 0.0}, {""x"": 0.6496310234069824, ""y"": 2.0790696144104004, ""z"": 0.0, ""velocity"": 0.0, ""snr"": 0.0}, {""x"": 1.224517822265625, ""y"": 1.6910433769226074, ""z"": 0.0, ""velocity"": 0.0, ""snr"": 0.0}, {""x"": 1.47324800491333, ""y"": 1.4997124671936035, ""z"": 0.0, ""velocity"": 0.0, ""snr"": 0.0}, {""x"": 1.3461112976074219, ""y"": 0.5743503570556641, ""z"": 0.0, ""velocity"": 0.0, ""snr"": 0.0}, {""x"": 1.8700361251831055, ""y"": 1.0358691215515137, ""z"": 0.0, ""velocity"": 0.0, ""snr"": 0.0}]","[139666.0, 210912.0, 145642.0, 45120.0, 13487.0, 19345.0, 13075.0, 3608.0, 3472.0, 6948.0, 8521.0, 12867.0, 12235.0, 10008.0, 21227.0, 34467.0, 58390.0, 77782.0, 60071.0, 20080.0, 67174912.0, 134546947.0, 84082695.0, 180229.0, 174338560.0, 44544.0, 0.0, 2560.0, 512.0, 4294967040.0, 77311.0, 30720.0, 998244352.0, 3201903929.0, 2147483705.0, 2147483710.0, 2623.0, 771209984.0, 15.0, 575167744.0, 992247.0, 1509949440.0, 1324771400.0, 15.0, 3611835904.0, 989688.0, 1174405120.0, 788242248.0, 34.0, 205993216.0, 2277884.0, 855638016.0, 1678820680.0, 44.0, 3528145408.0, 2668310.0, 1023410176.0, 555429965.0, 37.0, 3226418176.0, 764445.0, 838860800.0, 77383.0, 131072.0, 35747328.0, 54019072.0, 37307392.0, 11380992.0, 3533312.0, 8035584.0, 11033088.0, 6278912.0, 2060800.0, 3008256.0, 3451392.0, 2493952.0, 2151680.0, 1598720.0, 2885376.0, 4603904.0, 8014336.0, 15459328.0, 13909760.0, 6169600.0, 2064128.0, 1547008.0, 1417216.0, 1257216.0, 901376.0, 740864.0, 1203456.0, 1556480.0, 1563904.0, 2263808.0, 2276608.0, 2384128.0, 3814912.0, 2173952.0, 4285184.0, 4599552.0, 4446208.0, 5498368.0, 5371392.0, 2824704.0, 3504896.0, 3300352.0, 3582208.0, 2860800.0, 3304192.0, 9145600.0, 12651008.0, 10127360.0, 7494144.0, 4744960.0, 3175936.0, 4075520.0, 2992896.0, 2380288.0, 2746368.0, 2110976.0, 1362432.0, 1469696.0, 1449472.0, 1414144.0, 1395200.0, 1176064.0, 935424.0, 1050624.0]",283580506.0502226
7,0.8,12,"[{""x"": -0.3654956817626953, ""y"": 0.6963014602661133, ""z"": 0.0, ""velocity"": 0.0, ""snr"": 0.0}, {""x"": -0.37997961044311523, ""y"": 0.7014870643615723, ""z"": 0.0, ""velocity"": 0.0, ""snr"": 0.0}, {""x"": -0.3790855407714844, ""y"": 0.732421875, ""z"": 0.0, ""velocity"": 0.0, ""snr"": 0.0}, {""x"": -0.3129243850708008, ""y"": 0.699162483215332, ""z"": 0.0, ""velocity"": 0.0, ""snr"": 0.0}, {""x"": -0.21117925643920898, ""y"": 1.5630125999450684, ""z"": 0.0, ""velocity"": 0.0, ""snr"": 0.0}, {""x"": -0.19240379333496094, ""y"": 1.592695713043213, ""z"": 0.0, ""velocity"": 0.0, ""snr"": 0.0}, {""x"": 0.014483928680419922, ""y"": 1.6551017761230469, ""z"": 0.0, ""velocity"": 0.0, ""snr"": 0.0}, {""x"": 0.021457672119140625, ""y"": 1.6912221908569336, ""z"": 0.0, ""velocity"": 0.0, ""snr"": 0.0}, {""x"": 0.836491584777832, ""y"": 2.0062923431396484, ""z"": 0.0, ""velocity"": 0.0, ""snr"": 0.0}, {""x"": 1.0448098182678223, ""y"": 1.8639564514160156, ""z"": 0.0, ""velocity"": 0.0, ""snr"": 0.0}, {""x"": 1.2112855911254883, ""y"": 1.7241239547729492, ""z"": 0.0, ""velocity"": 0.0, ""snr"": 0.0}, {""x"": 1.342177391052246, ""y"": 0.5870461463928223, ""z"": 0.0, ""velocity"": 0.0, ""snr"": 0.0}]","[139754.0, 211152.0, 145828.0, 44559.0, 14672.0, 34807.0, 41123.0, 20544.0, 4801.0, 7592.0, 9427.0, 10058.0, 11038.0, 8495.0, 12805.0, 67174912.0, 134546947.0, 84082695.0, 180229.0, 174338560.0, 45056.0, 0.0, 2560.0, 512.0, 4294967040.0, 77311.0, 30720.0, 998244352.0, 3201903929.0, 2147483705.0, 2147483710.0, 2623.0, 1425568256.0, 15.0, 306797568.0, 1004281.0, 1358954496.0, 3690576968.0, 33.0, 2336636416.0, 2265338.0, 1023410176.0, 637551686.0, 36.0, 3745987328.0, 2422016.0, 1056964608.0, 202496327.0, 44.0, 676018432.0, 2656023.0, 1023410176.0, 2048569932.0, 37.0, 3662560256.0, 908572.0, 889192448.0, 77382.0, 131072.0, 35723264.0, 54013440.0, 37263872.0, 11480832.0, 3163904.0, 5617920.0, 8126720.0, 4772352.0, 1165824.0, 1985280.0, 2548736.0, 3304192.0, 3550464.0, 3278592.0, 3817984.0, 3188224.0, 10778368.0, 16421376.0, 12872192.0, 4364800.0, 1274624.0, 1436160.0, 1374208.0, 1209088.0, 1003008.0, 902400.0, 1280256.0, 1465600.0, 1365504.0, 1939968.0, 2217472.0, 2148864.0, 3610624.0, 2192896.0, 4595712.0, 4949760.0, 4864256.0, 5849344.0, 5514496.0, 3114752.0, 3098112.0, 2973952.0, 3321600.0, 3263232.0, 3049216.0, 8699648.0, 12088320.0, 9491200.0, 7157504.0, 4528128.0, 3068928.0, 4103936.0, 3150592.0, 2443264.0, 2303488.0, 1737728.0, 1288704.0, 1522688.0, 1445888.0, 1384448.0, 1461504.0, 1184512.0, 1142016.0, 1135616.0, 1079552.0, 1392128.0, 2019840.0, 1467904.0, 1321216.0]",301572883.65694606
8,0.8,12,"[{""x"": -0.33348798751831055, ""y"": 0.6805658340454102, ""z"": 0.0, ""velocity"": 0.0, ""snr"": 0.0}, {""x"": -0.3565549850463867, ""y"": 0.6923675537109375, ""z"": 0.0, ""velocity"": 0.0, ""snr"": 0.0}, {""x"": -0.3045201301574707, ""y"": 0.6557106971740723, ""z"": 0.0, ""velocity"": 0.0, ""snr"": 0.0}, {""x"": -0.29987096786499023, ""y"": 1.5519261360168457, ""z"": 0.0, ""velocity"": 0.0, ""snr"": 0.0}, {""x"": -0.2675056457519531, ""y"": 1.5787482261657715, ""z"": 0.0, ""velocity"": 0.0, ""snr"": 0.0}, {""x"": 0.0388026237487793, ""y"": 1.6515254974365234, ""z"": 0.0, ""velocity"": 0.0, ""snr"": 0.0}, {""x"": 0.0413060188293457, ""y"": 1.6912221908569336, ""z"": 0.0, ""velocity"": 0.0, ""snr"": 0.0}, {""x"": 0.20706653594970703, ""y"": 0.7921457290649414, ""z"": 0.0, ""velocity"": 0.0, ""snr"": 0.0}, {""x"": 0.7942914962768555, ""y"": 2.0259618759155273, ""z"": 0.0, ""velocity"": 0.0, ""snr"": 0.0}, {""x"": 1.1603236198425293, ""y"": 1.739501953125, ""z"": 0.0, ""velocity"": 0.0, ""snr"": 0.0}, {""x"": 0.9992122650146484, ""y"": 1.8898844718933105, ""z"": 0.0, ""velocity"": 0.0, ""snr"": 0.0}, {""x"": 1.1930465698242188, ""y"": 1.7355680465698242, ""z"": 0.0, ""velocity"": 0.0, ""snr"": 0.0}]","[139475.0, 211021.0, 145704.0, 45021.0, 13371.0, 21219.0, 27388.0, 15750.0, 5050.0, 7445.0, 9619.0, 13157.0, 16201.0, 10505.0, 11941.0, 22395.0, 47664.0, 64377.0, 50353.0, 15607.0, 5153.0, 4063.0, 4968.0, 4758.0, 3604.0, 2870.0, 5007.0, 5667.0, 5395.0, 7469.0, 7447.0, 8136.0, 15060.0, 9541.0, 18789.0, 20665.0, 19402.0, 22444.0, 20605.0, 11484.0, 12899.0, 10949.0, 11863.0, 10963.0, 11806.0, 34577.0, 47276.0, 37160.0, 30326.0, 17703.0, 12271.0, 16163.0, 11649.0, 9736.0, 11087.0, 9416.0, 6830.0, 6046.0, 5255.0, 5202.0, 5492.0, 5431.0, 4242.0, 3726.0, 4175.0, 4447.0, 5442.0, 4395.0, 5001.0, 4637.0, 3809.0, 3466.0, 3500.0, 4983.0, 4747.0, 3774.0, 3413.0, 3643.0, 4094.0, 4562.0, 4511.0, 3828.0, 4261.0, 3718.0, 3498.0, 4268.0, 8090.0, 8935.0, 5283.0, 3115.0, 3076.0, 3304.0, 2886.0, 3572.0, 4072.0, 2766.0, 2553.0, 2949.0, 3605.0, 3489.0, 3234.0, 2904.0, 2537.0, 2481.0, 2523.0, 2687.0, 2369.0, 3123.0, 3157.0, 2382.0, 2849.0, 4824.0, 5588.0, 3611.0, 2351.0, 2211.0, 2144.0, 2169.0, 2230.0, 2205.0, 2172.0, 1866.0, 1795.0, 1733.0, 1695.0, 1637.0, 1662.0, 1497.0]",36381880.26699255
9,0.8,9,"[{""x"": -0.3517270088195801, ""y"": 0.6274580955505371, ""z"": 0.0, ""velocity"": 0.0, ""snr"": 0.0}, {""x"": -0.3438591957092285, ""y"": 0.681459903717041, ""z"": 0.0, ""velocity"": 0.0, ""snr"": 0.0}, {""x"": -0.1614689826965332, ""y"": 1.569807529449463, ""z"": 0.0, ""velocity"": 0.0, ""snr"": 0.0}, {""x"": -0.13500452041625977, ""y"": 1.5957355499267578, ""z"": 0.0, ""velocity"": 0.0, ""snr"": 0.0}, {""x"": 0.07009506225585938, ""y"": 1.690506935119629, ""z"": 0.0, ""velocity"": 0.0, ""snr"": 0.0}, {""x"": 0.10889768600463867, ""y"": 1.651167869567871, ""z"": 0.0, ""velocity"": 0.0, ""snr"": 0.0}, {""x"": 0.7535219192504883, ""y"": 2.044200897216797, ""z"": 0.0, ""velocity"": 0.0, ""snr"": 0.0}, {""x"": 1.0337233543395996, ""y"": 1.8720030784606934, ""z"": 0.0, ""velocity"": 0.0, ""snr"": 0.0}, {""x"": 1.2654662132263184, ""y"": 1.6808509826660156, ""z"": 0.0, ""velocity"": 0.0, ""snr"": 0.0}]","[139473.0, 211016.0, 145801.0, 45049.0, 17297.0, 37031.0, 39751.0, 17306.0, 4135.0, 5389.0, 5946.0, 10781.0, 15340.0, 11972.0, 14647.0, 16190.0, 45440.0, 73051.0, 57178.0, 16598.0, 5667.0, 3544.0, 3496.0, 4151.0, 3105.0, 2866.0, 5099.0, 5756.0, 6702.0, 7243.0, 7498.0, 8674.0, 15402.0, 9967.0, 16577.0, 18207.0, 18154.0, 21365.0, 21770.0, 11973.0, 14107.0, 10624.0, 13077.0, 12648.0, 11436.0, 34191.0, 46112.0, 32966.0, 30339.0, 18565.0, 11920.0, 15979.0, 12052.0, 8721.0, 9492.0, 8399.0, 7300.0, 7008.0, 6157.0, 5602.0, 5894.0, 5315.0, 4296.0, 4245.0, 4130.0, 4810.0, 6272.0, 4320.0, 5880.0, 5046.0, 4465.0, 4016.0, 3520.0, 4707.0, 4746.0, 4037.0, 3480.0, 3352.0, 3893.0, 4467.0, 4088.0, 3255.0, 3496.0, 3165.0, 3465.0, 4092.0, 8125.0, 9195.0, 5373.0, 2951.0, 2735.0, 3158.0, 3227.0, 3600.0, 4275.0, 2918.0, 2503.0, 2547.0, 3190.0, 3233.0, 3260.0, 2841.0, 2392.0, 2484.0, 2406.0, 2471.0, 2344.0, 3206.0, 3474.0, 2445.0, 2860.0, 4806.0, 5324.0, 3297.0, 2331.0, 2348.0, 2488.0, 2154.0, 2283.0, 2129.0, 1749.0, 1837.0, 1846.0, 1778.0, 1601.0, 1592.0, 1464.0, 1489.0]",35654428.70060992
0,0.8,9,"[{""x"": -0.1666545867919922, ""y"": 1.5953779220581055, ""z"": 0.0, ""velocity"": 0.0, ""snr"": 0.0}, {""x"": 0.016808509826660156, ""y"": 0.6898641586303711, ""z"": 0.0, ""velocity"": 0.0, ""snr"": 0.0}, {""x"": 0.03451108932495117, ""y"": 1.6488432884216309, ""z"": 0.0, ""velocity"": 0.0, ""snr"": 0.0}, {""x"": 0.14412403106689453, ""y"": 1.6804933547973633, ""z"": 0.0, ""velocity"": 0.0, ""snr"": 0.0}, {""x"": 0.29414892196655273, ""y"": 0.7023811340332031, ""z"": 0.0, ""velocity"": 0.0, ""snr"": 0.0}, {""x"": 1.170516014099121, ""y"": 1.7355680465698242, ""z"": 0.0, ""velocity"": 0.0, ""snr"": 0.0}, {""x"": 1.1501312255859375, ""y"": 1.7722249031066895, ""z"": 0.0, ""velocity"": 0.0, ""snr"": 0.0}, {""x"": 1.066267490386963, ""y"": 1.8441081047058105, ""z"": 0.0, ""velocity"": 0.0, ""snr"": 0.0}, {""x"": 1.4830827713012695, ""y"": 1.8011927604675293, ""z"": 0.0, ""velocity"": 0.0, ""snr"": 0.0}]","[139806.0, 211247.0, 145697.0, 44533.0, 11233.0, 15577.0, 19013.0, 10618.0, 3103.0, 5006.0, 6866.0, 11764.0, 17230.0, 12934.0, 12050.0, 15245.0, 21522.0, 49024.0, 36866.0, 11421.0, 5494.0, 6254.0, 5698.0, 3501.0, 2099.0, 2894.0, 5142.0, 6048.0, 7110.0, 10496.0, 9102.0, 8658.0, 14476.0, 10005.0, 16400.0, 18932.0, 19420.0, 20500.0, 18435.0, 11814.0, 15942.0, 11854.0, 11450.0, 7709.0, 12217.0, 35074.0, 54607.0, 46971.0, 21807.0, 13497.0, 11501.0, 14217.0, 10523.0, 8894.0, 11374.0, 8373.0, 5061.0, 5939.0, 5602.0, 4902.0, 5077.0, 5012.0, 3578.0, 3809.0, 3985.0, 4823.0, 5918.0, 4705.0, 4938.0, 4938.0, 4906.0, 4847.0, 5003.0, 6793.0, 6029.0, 4334.0, 3559.0, 3671.0, 3923.0, 3534.0, 5032.0, 4341.0, 3596.0, 2965.0, 3029.0, 4909.0, 8917.0, 9132.0, 5141.0, 3708.0, 4573.0, 4111.0, 3406.0, 3624.0, 3444.0, 3170.0, 2853.0, 2580.0, 2185.0, 2636.0, 3173.0, 2958.0, 2691.0, 3069.0, 3182.0, 2836.0, 2581.0, 3100.0, 3211.0, 2741.0, 2668.0, 4319.0, 4895.0, 3262.0, 2342.0, 2275.0, 2200.0, 2233.0, 2187.0, 1968.0, 1977.0, 1857.0, 1899.0, 1790.0, 1687.0, 1796.0, 1601.0, 1546.0]",37116526.97265622
1,0.8,10,"[{""x"": -0.4482865333557129, ""y"": 0.5432367324829102, ""z"": 0.0, ""velocity"": 0.0, ""snr"": 0.0}, {""x"": -0.3733634948730469, ""y"": 0.6669759750366211, ""z"": 0.0, ""velocity"": 0.0, ""snr"": 0.0}, {""x"": -0.3542304039001465, ""y"": 0.7068514823913574, ""z"": 0.0, ""velocity"": 0.0, ""snr"": 0.0}, {""x"": -0.3764033317565918, ""y"": 0.7002353668212891, ""z"": 0.0, ""velocity"": 0.0, ""snr"": 0.0}, {""x"": -0.2181529998779297, ""y"": 1.562654972076416, ""z"": 0.0, ""velocity"": 0.0, ""snr"": 0.0}, {""x"": -0.10603666305541992, ""y"": 1.604139804840088, ""z"": 0.0, ""velocity"": 0.0, ""snr"": 0.0}, {""x"": 0.045239925384521484, ""y"": 1.6513466835021973, ""z"": 0.0, ""velocity"": 0.0, ""snr"": 0.0}, {""x"": 0.08869171142578125, ""y"": 1.6821026802062988, ""z"": 0.0, ""velocity"": 0.0, ""snr"": 0.0}, {""x"": 1.146554946899414, ""y"": 1.7736554145812988, ""z"": 0.0, ""velocity"": 0.0, ""snr"": 0.0}, {""x"": 1.0786056518554688, ""y"": 1.8353462219238281, ""z"": 0.0, ""velocity"": 0.0, ""snr"": 0.0}]","[139729.0, 210923.0, 145500.0, 44558.0, 10843.0, 13305.0, 13279.0, 6874.0, 3068.0, 6070.0, 6720.0, 13373.0, 17570.0, 12359.0, 10946.0, 16480.0, 22986.0, 49914.0, 40663.0, 12579.0, 5407.0, 6142.0, 5939.0, 4132.0, 2541.0, 3150.0, 5137.0, 5631.0, 6279.0, 8963.0, 7933.0, 8343.0, 14613.0, 9508.0, 15177.0, 17940.0, 20978.0, 20879.0, 17639.0, 11647.0, 17118.0, 13110.0, 12650.0, 9567.0, 13919.0, 36358.0, 55329.0, 46960.0, 20686.0, 10123.0, 12423.0, 14402.0, 10639.0, 9340.0, 11669.0, 8756.0, 5480.0, 5888.0, 4819.0, 4318.0, 4594.0, 4720.0, 3913.0, 3612.0, 3784.0, 4340.0, 6540.0, 6053.0, 5480.0, 5296.0, 4762.0, 4377.0, 5131.0, 7286.0, 6782.0, 4358.0, 3558.0, 3604.0, 3634.0, 3818.0, 5119.0, 4519.0, 4259.0, 3619.0, 3514.0, 4924.0, 9123.0, 9509.0, 5606.0, 3417.0, 4642.0, 3979.0, 3505.0, 3701.0, 3223.0, 2677.0, 2895.0, 2540.0, 2190.0, 2714.0, 3275.0, 2737.0, 2599.0, 2974.0, 3193.0, 2982.0, 2474.0, 3126.0, 2932.0, 2787.0, 2437.0, 4385.0, 4863.0, 3354.0, 2674.0, 2311.0, 1863.0, 2099.0, 2055.0, 2003.0, 2000.0, 1927.0, 1923.0, 1614.0, 1651.0, 1653.0, 1705.0, 1627.0]",36374110.94039332
2,0.8,6,"[{""x"": -0.3669261932373047, ""y"": 0.7063150405883789, ""z"": 0.0, ""velocity"": 0.0, ""snr"": 0.0}, {""x"": 0.07295608520507812, ""y"": 1.6527771949768066, ""z"": 0.0, ""velocity"": 0.0, ""snr"": 0.0}, {""x"": 0.1392960548400879, ""y"": 1.6828179359436035, ""z"": 0.0, ""velocity"": 0.0, ""snr"": 0.0}, {""x"": 1.1562108993530273, ""y"": 1.7445087432861328, ""z"": 0.0, ""velocity"": 0.0, ""snr"": 0.0}, {""x"": 1.161038875579834, ""y"": 1.7638206481933594, ""z"": 0.0, ""velocity"": 0.0, ""snr"": 0.0}, {""x"": 1.085042953491211, ""y"": 1.8305182456970215, ""z"": 0.0, ""velocity"": 0.0, ""snr"": 0.0}]","[139606.0, 210911.0, 145515.0, 44324.0, 10769.0, 10424.0, 7763.0, 4693.0, 5350.0, 12319.0, 12293.0, 7430.0, 6076.0, 4972.0, 12569.0, 18280.0, 26509.0, 50218.0, 39637.0, 13066.0, 7921.0, 8039.0, 6572.0, 3549.0, 3015.0, 3850.0, 5894.0, 6119.0, 6464.0, 9387.0, 8020.0, 8938.0, 14366.0, 9005.0, 14631.0, 16231.0, 19426.0, 21093.0, 18357.0, 12742.0, 16531.0, 13211.0, 12077.0, 11316.0, 13192.0, 37002.0, 56352.0, 47554.0, 22605.0, 12957.0, 10511.0, 13839.0, 10792.0, 7877.0, 10910.0, 8251.0, 5477.0, 6676.0, 5863.0, 4806.0, 4209.0, 5104.0, 4197.0, 4600.0, 3865.0, 4971.0, 7076.0, 5776.0, 5410.0, 6441.0, 5556.0, 4220.0, 5111.0, 7134.0, 5693.0, 3598.0, 3583.0, 4145.0, 4140.0, 3515.0, 4134.0, 4063.0, 3218.0, 2891.0, 3579.0, 4990.0, 8784.0, 9203.0, 5489.0, 3452.0, 4811.0, 4512.0, 3216.0, 3184.0, 2889.0, 2551.0, 2437.0, 2177.0, 2530.0, 3111.0, 3495.0, 3214.0, 2693.0, 2657.0, 2659.0, 2670.0, 2546.0, 3025.0, 2953.0, 2951.0, 3030.0, 4210.0, 5220.0, 3570.0, 2663.0, 2247.0, 2078.0, 2227.0, 2127.0, 1925.0, 1741.0, 1900.0, 1841.0, 1831.0, 2005.0, 1741.0, 1580.0, 1740.0]",35646875.34585072
3,0.8,6,"[{""x"": -0.21350383758544922, ""y"": 1.5932321548461914, ""z"": 0.0, ""velocity"": 0.0, ""snr"": 0.0}, {""x"": -0.003933906555175781, ""y"": 1.6517043113708496, ""z"": 0.0, ""velocity"": 0.0, ""snr"": 0.0}, {""x"": 0.08082389831542969, ""y"": 1.680135726928711, ""z"": 0.0, ""velocity"": 0.0, ""snr"": 0.0}, {""x"": 0.2843141555786133, ""y"": 0.7066726684570312, ""z"": 0.0, ""velocity"": 0.0, ""snr"": 0.0}, {""x"": 1.1399388313293457, ""y"": 1.7791986465454102, ""z"": 0.0, ""velocity"": 0.0, ""snr"": 0.0}, {""x"": 1.0376572608947754, ""y"": 1.8598437309265137, ""z"": 0.0, ""velocity"": 0.0, ""snr"": 0.0}]","[139377.0, 210903.0, 145463.0, 44404.0, 11885.0, 17456.0, 16060.0, 6701.0, 5600.0, 4990.0, 7372.0, 10460.0, 7148.0, 6109.0, 9439.0, 16649.0, 23610.0, 45590.0, 32250.0, 13209.0, 6096.0, 5082.0, 5601.0, 4061.0, 3244.0, 3565.0, 5388.0, 5454.0, 6041.0, 7740.0, 7455.0, 8820.0, 14032.0, 9105.0, 15104.0, 18682.0, 19789.0, 19849.0, 16244.0, 14028.0, 19800.0, 12259.0, 11630.0, 10013.0, 12704.0, 34799.0, 54695.0, 47208.0, 22219.0, 11117.0, 11418.0, 13598.0, 8951.0, 10311.0, 12546.0, 10116.0, 6256.0, 5010.0, 4530.0, 5003.0, 4399.0, 4715.0, 3920.0, 4597.0, 3950.0, 5370.0, 5916.0, 4981.0, 4926.0, 5124.0, 4530.0, 3859.0, 5599.0, 7026.0, 6152.0, 4147.0, 3558.0, 3303.0, 3319.0, 3663.0, 3805.0, 3997.0, 3198.0, 3170.0, 3242.0, 4974.0, 8803.0, 9248.0, 5485.0, 3065.0, 4789.0, 4328.0, 3436.0, 3853.0, 3398.0, 2640.0, 2762.0, 2574.0, 2624.0, 3104.0, 3376.0, 2962.0, 2589.0, 2864.0, 2937.0, 3079.0, 2402.0, 3046.0, 3131.0, 2750.0, 2567.0, 4373.0, 5326.0, 3796.0, 2660.0, 2316.0, 2179.0, 1996.0, 2086.0, 2159.0, 1963.0, 1824.0, 1741.0, 1612.0, 1720.0, 1736.0, 1795.0, 1656.0]",34933944.38040751
4,0.8,10,"[{""x"": -0.27054548263549805, ""y"": 1.5848278999328613, ""z"": 0.0, ""velocity"": 0.0, ""snr"": 0.0}, {""x"": -0.1392960548400879, ""y"": 1.6441941261291504, ""z"": 0.0, ""velocity"": 0.0, ""snr"": 0.0}, {""x"": 0.0057220458984375, ""y"": 0.7039904594421387, ""z"": 0.0, ""velocity"": 0.0, ""snr"": 0.0}, {""x"": -0.10102987289428711, ""y"": 1.6828179359436035, ""z"": 0.0, ""velocity"": 0.0, ""snr"": 0.0}, {""x"": 0.19669532775878906, ""y"": 0.7252693176269531, ""z"": 0.0, ""velocity"": 0.0, ""snr"": 0.0}, {""x"": 0.9312629699707031, ""y"": 1.9535422325134277, ""z"": 0.0, ""velocity"": 0.0, ""snr"": 0.0}, {""x"": 1.1712312698364258, ""y"": 1.7344951629638672, ""z"": 0.0, ""velocity"": 0.0, ""snr"": 0.0}, {""x"": 1.1655092239379883, ""y"": 1.7631053924560547, ""z"": 0.0, ""velocity"": 0.0, ""snr"": 0.0}, {""x"": 1.046597957611084, ""y"": 1.8582344055175781, ""z"": 0.0, ""velocity"": 0.0, ""snr"": 0.0}, {""x"": 1.3289451599121094, ""y"": 0.6131529808044434, ""z"": 0.0, ""velocity"": 0.0, ""snr"": 0.0}]","[139614.0, 211173.0, 145936.0, 44592.0, 12071.0, 13680.0, 11760.0, 5628.0, 3852.0, 11123.0, 14700.0, 11903.0, 16306.0, 11851.0, 11118.0, 21732.0, 31991.0, 47842.0, 38337.0, 16305.0, 6871.0, 6710.0, 5863.0, 3851.0, 2922.0, 2965.0, 5189.0, 5425.0, 7507.0, 9655.0, 8337.0, 10059.0, 14813.0, 9509.0, 15486.0, 18550.0, 18993.0, 20117.0, 17214.0, 13852.0, 17090.0, 12060.0, 11360.0, 7402.0, 12383.0, 34487.0, 54045.0, 47653.0, 24606.0, 14612.0, 11742.0, 13555.0, 9244.0, 8552.0, 10497.0, 8537.0, 6094.0, 7370.0, 5255.0, 5040.0, 4383.0, 3621.0, 3186.0, 3517.0, 3836.0, 5634.0, 6657.0, 5200.0, 4905.0, 4233.0, 3320.0, 3550.0, 3388.0, 4645.0, 4135.0, 3661.0, 3336.0, 2945.0, 3231.0, 3484.0, 3784.0, 3740.0, 3816.0, 3871.0, 3878.0, 4322.0, 7405.0, 8458.0, 4994.0, 3012.0, 4647.0, 4412.0, 3869.0, 4199.0, 3635.0, 2986.0, 2568.0, 2253.0, 2558.0, 3177.0, 3320.0, 2819.0, 2848.0, 2633.0, 2718.0, 2619.0, 2574.0, 3083.0, 2814.0, 2636.0, 2507.0, 4380.0, 5044.0, 3433.0, 2847.0, 2458.0, 2079.0, 2129.0, 2161.0, 1998.0, 2042.0, 2012.0, 1817.0, 1733.0, 1499.0, 1695.0, 1615.0, 1484.0]",34235145.84932403
5,0.8,11,"[{""x"": -0.41216611862182617, ""y"": 1.6754865646362305, ""z"": 0.0, ""velocity"": 0.0, ""snr"": 0.0}, {""x"": -0.23514032363891602, ""y"": 1.593947410583496, ""z"": 0.0, ""velocity"": 0.0, ""snr"": 0.0}, {""x"": -0.1450181007385254, ""y"": 1.645803451538086, ""z"": 0.0, ""velocity"": 0.0, ""snr"": 0.0}, {""x"": -0.21833181381225586, ""y"": 1.6776323318481445, ""z"": 0.0, ""velocity"": 0.0, ""snr"": 0.0}, {""x"": 0.07599592208862305, ""y"": 0.7097125053405762, ""z"": 0.0, ""velocity"": 0.0, ""snr"": 0.0}, {""x"": 0.20509958267211914, ""y"": 0.7211565971374512, ""z"": 0.0, ""velocity"": 0.0, ""snr"": 0.0}, {""x"": 1.1644363403320312, ""y"": 1.7387866973876953, ""z"": 0.0, ""velocity"": 0.0, ""snr"": 0.0}, {""x"": 1.1270642280578613, ""y"": 1.787245273590088, ""z"": 0.0, ""velocity"": 0.0, ""snr"": 0.0}, {""x"": 1.0442733764648438, ""y"": 1.8593072891235352, ""z"": 0.0, ""velocity"": 0.0, ""snr"": 0.0}, {""x"": 0.9713172912597656, ""y"": 1.9311904907226562, ""z"": 0.0, ""velocity"": 0.0, ""snr"": 0.0}, {""x"": 1.370072364807129, ""y"": 0.5162358283996582, ""z"": 0.0, ""velocity"": 0.0, ""snr"": 0.0}]","[139552.0, 210981.0, 145569.0, 44521.0, 9999.0, 9046.0, 9328.0, 4956.0, 4488.0, 10130.0, 14721.0, 10991.0, 12791.0, 10737.0, 13086.0, 22767.0, 38612.0, 46535.0, 35106.0, 14486.0, 6402.0, 7062.0, 6030.0, 4767.0, 4492.0, 3010.0, 5430.0, 5960.0, 6995.0, 9214.0, 8049.0, 9705.0, 14762.0, 10159.0, 14413.0, 19391.0, 20537.0, 22765.0, 19866.0, 13624.0, 15631.0, 11968.0, 11639.0, 8596.0, 12870.0, 35401.0, 55059.0, 48035.0, 24781.0, 14684.0, 13506.0, 14840.0, 9969.0, 9615.0, 10712.0, 8521.0, 6817.0, 6168.0, 4908.0, 5734.0, 5276.0, 4265.0, 4366.0, 5494.0, 4016.0, 5242.0, 5779.0, 5111.0, 4553.0, 4673.0, 4074.0, 3971.0, 4413.0, 5273.0, 5012.0, 3065.0, 3349.0, 2880.0, 2963.0, 3473.0, 3632.0, 3384.0, 2897.0, 2943.0, 3500.0, 4449.0, 8288.0, 8662.0, 4652.0, 3082.0, 4759.0, 4421.0, 3912.0, 3751.0, 3520.0, 2932.0, 2467.0, 2097.0, 2297.0, 2980.0, 3322.0, 2817.0, 2378.0, 2890.0, 2779.0, 2519.0, 2359.0, 2788.0, 3284.0, 2527.0, 2392.0, 4445.0, 4900.0, 3278.0, 2532.0, 2276.0, 2256.0, 2349.0, 2035.0, 2157.0, 1629.0, 1596.0, 1731.0, 1827.0, 1717.0, 1784.0, 1751.0, 1569.0]",33550390.227130685
6,0.8,11,"[{""x"": -0.1913309097290039, ""y"": 1.5966296195983887, ""z"": 0.0, ""velocity"": 0.0, ""snr"": 0.0}, {""x"": -0.1519918441772461, ""y"": 1.684427261352539, ""z"": 0.0, ""velocity"": 0.0, ""snr"": 0.0}, {""x"": -0.04845857620239258, ""y"": 1.6533136367797852, ""z"": 0.0, ""velocity"": 0.0, ""snr"": 0.0}, {""x"": 0.14251470565795898, ""y"": 0.7088184356689453, ""z"": 0.0, ""velocity"": 0.0, ""snr"": 0.0}, {""x"": 0.217437744140625, ""y"": 0.7174015045166016, ""z"": 0.0, ""velocity"": 0.0, ""snr"": 0.0}, {""x"": 0.22280216217041016, ""y"": 0.7374286651611328, ""z"": 0.0, ""velocity"": 0.0, ""snr"": 0.0}, {""x"": 0.9235739707946777, ""y"": 1.9555091857910156, ""z"": 0.0, ""velocity"": 0.0, ""snr"": 0.0}, {""x"": 1.1520981788635254, ""y"": 1.7471909523010254, ""z"": 0.0, ""velocity"": 0.0, ""snr"": 0.0}, {""x"": 1.1408329010009766, ""y"": 1.7788410186767578, ""z"": 0.0, ""velocity"": 0.0, ""snr"": 0.0}, {""x"": 1.0390877723693848, ""y"": 1.8619894981384277, ""z"": 0.0, ""velocity"": 0.0, ""snr"": 0.0}, {""x"": 1.3554096221923828, ""y"": 0.5604028701782227, ""z"": 0.0, ""velocity"": 0.0, ""snr"": 0.0}]","[139543.0, 210908.0, 145584.0, 44331.0, 10253.0, 15769.0, 13159.0, 5210.0, 6195.0, 11701.0, 12155.0, 13844.0, 16407.0, 12248.0, 9230.0, 21410.0, 39017.0, 691974803.0, 541327360.0, 712507392.0, 570097664.0, 384368640.0, 368640000.0, 363528192.0, 332529664.0, 302252032.0, 269287424.0, 301858816.0, 323616768.0, 307953664.0, 336003072.0, 460390400.0, 350420992.0, 342294528.0, 336199680.0, 287768576.0, 267649024.0, 255983616.0, 320929792.0, 296026112.0, 261554176.0, 263782400.0, 253493248.0, 283836416.0, 259588096.0, 288751616.0, 294912000.0, 299040768.0, 304480256.0, 301072384.0, 328990720.0, 548929536.0, 562692096.0, 325844992.0, 190382080.0, 210042880.0, 202309632.0, 224264192.0, 259391488.0, 217579520.0, 229900288.0, 211550208.0, 179306496.0, 219480064.0, 238485504.0, 256770048.0, 235667456.0, 169934848.0, 191561728.0, 206307328.0, 180224000.0, 144965632.0, 208928768.0, 223346688.0, 178388992.0, 200540160.0, 339673088.0, 383713280.0, 243859456.0, 164954112.0, 150536192.0, 158597120.0, 149487616.0, 143458304.0, 134807552.0, 129695744.0, 121307136.0, 119341056.0, 117702656.0, 112787456.0, 111738880.0, 106233856.0, 110034944.0, 0.0, 0.0, 0.0, 0.0, 16908288.0, 84280068.0, 50333448.0, 48235781.0, 1680998400.0, 18219018.0, 0.0, 851968.0, 131072.0, 4294901760.0, 19791871.0, 9830400.0, 2147483648.0, 3643619643.0, 14782.0, 16000.0, 868224.0, 4171694080.0, 3667.0, 1212940288.0, 253229045.0, 0.0, 4152379737.0, 3875.0, 1230045184.0, 228260424.0, 0.0, 4195765058.0, 3531.0, 1230241792.0, 575208732.0]",369624111.568154
7,0.8,11,"[{""x"": -0.36531686782836914, ""y"": 0.7072091102600098, ""z"": 0.0, ""velocity"": 0.0, ""snr"": 0.0}, {""x"": -0.29343366622924805, ""y"": 0.6716251373291016, ""z"": 0.0, ""velocity"": 0.0, ""snr"": 0.0}, {""x"": -0.3413558006286621, ""y"": 0.7016658782958984, ""z"": 0.0, ""velocity"": 0.0, ""snr"": 0.0}, {""x"": -0.1729130744934082, ""y"": 0.6451606750488281, ""z"": 0.0, ""velocity"": 0.0, ""snr"": 0.0}, {""x"": -0.20492076873779297, ""y"": 0.6474852561950684, ""z"": 0.0, ""velocity"": 0.0, ""snr"": 0.0}, {""x"": -0.17845630645751953, ""y"": 1.5680193901062012, ""z"": 0.0, ""velocity"": 0.0, ""snr"": 0.0}, {""x"": -0.20760297775268555, ""y"": 1.5817880630493164, ""z"": 0.0, ""velocity"": 0.0, ""snr"": 0.0}, {""x"": -0.24086236953735352, ""y"": 1.6154050827026367, ""z"": 0.0, ""velocity"": 0.0, ""snr"": 0.0}, {""x"": 0.4017949104309082, ""y"": 2.117156982421875, ""z"": 0.0, ""velocity"": 0.0, ""snr"": 0.0}, {""x"": 0.8264780044555664, ""y"": 2.0231008529663086, ""z"": 0.0, ""velocity"": 0.0, ""snr"": 0.0}, {""x"": 1.4644861221313477, ""y"": 1.4934539794921875, ""z"": 0.0, ""velocity"": 0.0, ""snr"": 0.0}]","[139837.0, 211124.0, 145733.0, 44243.0, 23852.0, 68851.0, 79217.0, 36461.0, 6294.0, 2196.0, 3237.0, 4769.0, 5934.0, 14542.0, 49579.0, 54805.0, 39168.0, 55312.0, 43410.0, 15942.0, 6423.0, 5180.0, 5107.0, 4207.0, 3727.0, 3965.0, 6061.0, 6452.0, 6396.0, 8470.0, 9936.0, 7361.0, 12876.0, 11988.0, 27953.0, 30830.0, 21105.0, 21402.0, 20364.0, 13779.0, 14270.0, 10281.0, 8808.0, 8520.0, 15806.0, 34683.0, 36158.0, 19797.0, 25720.0, 12895.0, 13106.0, 13958.0, 9731.0, 8551.0, 11188.0, 8518.0, 5866.0, 6600.0, 5570.0, 5055.0, 4907.0, 5660.0, 6633.0, 6306.0, 5192.0, 5901.0, 6283.0, 4680.0, 5560.0, 5008.0, 4679.0, 3613.0, 3886.0, 4605.0, 4142.0, 4023.0, 4391.0, 4479.0, 4392.0, 4181.0, 3571.0, 4070.0, 4100.0, 3936.0, 4927.0, 4877.0, 8926.0, 9345.0, 5086.0, 2324.0, 3441.0, 3624.0, 3474.0, 2536.0, 3040.0, 3332.0, 3267.0, 3072.0, 3342.0, 3889.0, 3715.0, 3186.0, 2529.0, 3187.0, 3409.0, 3075.0, 2394.0, 3127.0, 3148.0, 2792.0, 3099.0, 5240.0, 5865.0, 3778.0, 2410.0, 2111.0, 2229.0, 2457.0, 2165.0, 1967.0, 1944.0, 2005.0, 2000.0, 2036.0, 1652.0, 1588.0, 1692.0, 1503.0]",40025855.33640006
8,0.8,10,"[{""x"": -0.3515481948852539, ""y"": 0.7070302963256836, ""z"": 0.0, ""velocity"": 0.0, ""snr"": 0.0}, {""x"": -0.23889541625976562, ""y"": 0.6315708160400391, ""z"": 0.0, ""velocity"": 0.0, ""snr"": 0.0}, {""x"": -0.2358555793762207, ""y"": 0.6526708602905273, ""z"": 0.0, ""velocity"": 0.0, ""snr"": 0.0}, {""x"": -0.25767087936401367, ""y"": 0.685572624206543, ""z"": 0.0, ""velocity"": 0.0, ""snr"": 0.0}, {""x"": -0.3325939178466797, ""y"": 0.6971955299377441, ""z"": 0.0, ""velocity"": 0.0, ""snr"": 0.0}, {""x"": -0.20885467529296875, ""y"": 1.5631914138793945, ""z"": 0.0, ""velocity"": 0.0, ""snr"": 0.0}, {""x"": -0.23978948593139648, ""y"": 1.5785694122314453, ""z"": 0.0, ""velocity"": 0.0, ""snr"": 0.0}, {""x"": -0.2671480178833008, ""y"": 1.6154050827026367, ""z"": 0.0, ""velocity"": 0.0, ""snr"": 0.0}, {""x"": -0.13893842697143555, ""y"": 1.6799569129943848, ""z"": 0.0, ""velocity"": 0.0, ""snr"": 0.0}, {""x"": 1.4396309852600098, ""y"": 1.51902437210083, ""z"": 0.0, ""velocity"": 0.0, ""snr"": 0.0}]","[139539.0, 210881.0, 145652.0, 44314.0, 16858.0, 49364.0, 62964.0, 31489.0, 6093.0, 2810.0, 3155.0, 4446.0, 8259.0, 11313.0, 37951.0, 57011.0, 51418.0, 56875.0, 41201.0, 11425.0, 3422552079.0, 889192461.0, 3774873617.0, 1929379862.0, 3221225492.0, 3338666007.0, 2533359634.0, 2634022935.0, 2348810259.0, 587202577.0, 2902458385.0, 3774873619.0, 956301329.0, 3841982478.0, 1677721613.0, 1610612750.0, 2952790033.0, 1476395026.0, 2181038096.0, 3556769809.0, 3355443215.0, 268435468.0, 1342177294.0, 1996488719.0, 3456106515.0, 2969567268.0, 3036676135.0, 134217751.0, 1073741836.0, 2566914064.0, 671088657.0, 2550136848.0, 318767116.0, 1509949451.0, 2986344459.0, 469762059.0, 3355443211.0, 1358954508.0, 2449473550.0, 2164260879.0, 2818572301.0, 218103817.0, 3388997642.0, 1258291209.0, 3288334345.0, 1879048200.0, 3120562188.0, 3690987532.0, 2818572298.0, 2566914059.0, 3204448275.0, 989855765.0, 1107296269.0, 2097152009.0, 1342177289.0, 2868903945.0, 2667577353.0, 553648136.0, 3825205256.0, 3657433095.0, 1845493766.0, 3154116615.0, 4127195142.0, 2281701381.0, 6.0, 486539270.0, 6.0, 0.0, 0.0, 0.0, 33554432.0, 100860929.0, 460805.0, 3221554435.0, 838860802.0, 419433060.0, 1.0, 184549376.0, 33554432.0, 4278190080.0, 771751935.0, 2181038081.0, 0.0, 758725504.0, 3784409.0, 4096000.0, 188710912.0, 2466250752.0, 975354.0, 1543503872.0, 805114952.0, 14.0, 4182398464.0, 944891.0, 1694498816.0, 3237881671.0, 13.0, 994914304.0, 2250492.0, 1174405120.0, 3220984136.0, 34.0, 810043904.0, 2331132.0, 1056964608.0, 2197554249.0, 36.0, 206125568.0]",1405804324.8244662
9,0.8,13,"[{""x"": -0.2560615539550781, ""y"": 0.6195902824401855, ""z"": 0.0, ""velocity"": 0.0, ""snr"": 0.0}, {""x"": -0.27555227279663086, ""y"": 0.6412267684936523, ""z"": 0.0, ""velocity"": 0.0, ""snr"": 0.0}, {""x"": -0.3166794776916504, ""y"": 0.6619691848754883, ""z"": 0.0, ""velocity"": 0.0, ""snr"": 0.0}, {""x"": -0.3667473793029785, ""y"": 1.5971660614013672, ""z"": 0.0, ""velocity"": 0.0, ""snr"": 0.0}, {""x"": -0.4870891571044922, ""y"": 1.6023516654968262, ""z"": 0.0, ""velocity"": 0.0, ""snr"": 0.0}, {""x"": -0.22405385971069336, ""y"": 1.562654972076416, ""z"": 0.0, ""velocity"": 0.0, ""snr"": 0.0}, {""x"": -0.2662539482116699, ""y"": 1.5774965286254883, ""z"": 0.0, ""velocity"": 0.0, ""snr"": 0.0}, {""x"": -0.006079673767089844, ""y"": 0.21439790725708008, ""z"": 0.0, ""velocity"": 0.0, ""snr"": 0.0}, {""x"": -0.0016093254089355469, ""y"": 0.22655725479125977, ""z"": 0.0, ""velocity"": 0.0, ""snr"": 0.0}, {""x"": 0.4845857620239258, ""y"": 0.6038546562194824, ""z"": 0.0, ""velocity"": 0.0, ""snr"": 0.0}, {""x"": 1.3997554779052734, ""y"": 1.5642642974853516, ""z"": 0.0, ""velocity"": 0.0, ""snr"": 0.0}, {""x"": 1.4374852180480957, ""y"": 1.821756362915039, ""z"": 0.0, ""velocity"": 0.0, ""snr"": 0.0}, {""x"": 1.3310909271240234, ""y"": 0.6079673767089844, ""z"": 0.0, ""velocity"": 0.0, ""snr"": 0.0}]","[139242.0, 210651.0, 145521.0, 45111.0, 64207.0, 96802.0, 57643.0, 12579.0, 3709.0, 3739.0, 4530.0, 5120.0, 5147.0, 13377.0, 28465.0, 44158.0, 45011.0, 52568.0, 38047.0, 15975.0, 8284.0, 4730.0, 4134.0, 4308.0, 4395.0, 3100.0, 4119.0, 5528.0, 5575.0, 9218.0, 11429.0, 7891.0, 13807.0, 11392.0, 26177.0, 30184.0, 24608.0, 20942.0, 19935.0, 14497.0, 13264.0, 11118.0, 10838.0, 10117.0, 14413.0, 34193.0, 41989.0, 26805.0, 23997.0, 10726.0, 18089.0, 17230.0, 10648.0, 10024.0, 12583.0, 9911.0, 6584.0, 5632.0, 5245.0, 5372.0, 4981.0, 4671.0, 4072.0, 4768.0, 5182.0, 6360.0, 7244.0, 5529.0, 5446.0, 5318.0, 5096.0, 4450.0, 3607.0, 5169.0, 4785.0, 3654.0, 3671.0, 4272.0, 4750.0, 4427.0, 4202.0, 3379.0, 3284.0, 5061.0, 5123.0, 4920.0, 8288.0, 8606.0, 5322.0, 3020.0, 4092.0, 4167.0, 3522.0, 3532.0, 3382.0, 3367.0, 3011.0, 2434.0, 2449.0, 3106.0, 3543.0, 3301.0, 2768.0, 2881.0, 2845.0, 2732.0, 2401.0, 3074.0, 3202.0, 2562.0, 3190.0, 5707.0, 6440.0, 4454.0, 2361.0, 2201.0, 2333.0, 2261.0, 2382.0, 2108.0, 2035.0, 2021.0, 1988.0, 1942.0, 1784.0, 1654.0, 1559.0, 1414.0]",67115574.17811975
0,0.8,9,"[{""x"": -0.33402442932128906, ""y"": 1.6411542892456055, ""z"": 0.0, ""velocity"": 0.0, ""snr"": 0.0}, {""x"": -0.17309188842773438, ""y"": 1.5664100646972656, ""z"": 0.0, ""velocity"": 0.0, ""snr"": 0.0}, {""x"": -0.17309188842773438, ""y"": 1.5910863876342773, ""z"": 0.0, ""velocity"": 0.0, ""snr"": 0.0}, {""x"": -0.2548098564147949, ""y"": 1.620948314666748, ""z"": 0.0, ""velocity"": 0.0, ""snr"": 0.0}, {""x"": -0.0017881393432617188, ""y"": 0.6659030914306641, ""z"": 0.0, ""velocity"": 0.0, ""snr"": 0.0}, {""x"": 0.023245811462402344, ""y"": 0.23049116134643555, ""z"": 0.0, ""velocity"": 0.0, ""snr"": 0.0}, {""x"": 0.060617923736572266, ""y"": 0.18489360809326172, ""z"": 0.0, ""velocity"": 0.0, ""snr"": 0.0}, {""x"": 1.335740089416504, ""y"": 1.6175508499145508, ""z"": 0.0, ""velocity"": 0.0, ""snr"": 0.0}, {""x"": 1.2813806533813477, ""y"": 0.719904899597168, ""z"": 0.0, ""velocity"": 0.0, ""snr"": 0.0}]","[139206.0, 210746.0, 145136.0, 54654.0, 53677.0, 75575.0, 60371.0, 24146.0, 5761.0, 2457.0, 6316.0, 8883.0, 6855.0, 10645.0, 21039.0, 32457.0, 44637.0, 59363.0, 43334.0, 15427.0, 8485.0, 4183.0, 3740.0, 3599.0, 3043.0, 3138.0, 5185.0, 6046.0, 8250.0, 11091.0, 11627.0, 7768.0, 15367.0, 13495.0, 29660.0, 31789.0, 27683.0, 24565.0, 16979.0, 15000.0, 11454.0, 10411.0, 8484.0, 9460.0, 17697.0, 35872.0, 43853.0, 26585.0, 21484.0, 8625.0, 16250.0, 16180.0, 10228.0, 9242.0, 10546.0, 8404.0, 6370.0, 6250.0, 5635.0, 5180.0, 4302.0, 4658.0, 4427.0, 3565.0, 4283.0, 5292.0, 5143.0, 5275.0, 4631.0, 5286.0, 5246.0, 4620.0, 3612.0, 4697.0, 4333.0, 3927.0, 3542.0, 4865.0, 4971.0, 4081.0, 4013.0, 4187.0, 3740.0, 2918.0, 3468.0, 4503.0, 7271.0, 8004.0, 3805.0, 2564.0, 2728.0, 3009.0, 3331.0, 3139.0, 2597.0, 2755.0, 2600.0, 2473.0, 2662.0, 3385.0, 3977.0, 3153.0, 2208.0, 2675.0, 2682.0, 2870.0, 2570.0, 2838.0, 2927.0, 2435.0, 2442.0, 2533.0, 2443.0, 2742.0, 2445.0, 2095.0, 2336.0, 2675.0, 2045.0, 2005.0, 1869.0, 1877.0, 1753.0, 1858.0, 1749.0, 1573.0, 1520.0, 1589.0]",65773435.48678871
1,0.8,11,"[{""x"": -0.36209821701049805, ""y"": 0.6932616233825684, ""z"": 0.0, ""velocity"": 0.0, ""snr"": 0.0}, {""x"": -0.21117925643920898, ""y"": 1.5635490417480469, ""z"": 0.0, ""velocity"": 0.0, ""snr"": 0.0}, {""x"": -0.18292665481567383, ""y"": 1.5859007835388184, ""z"": 0.0, ""velocity"": 0.0, ""snr"": 0.0}, {""x"": 0.07349252700805664, ""y"": 0.7072091102600098, ""z"": 0.0, ""velocity"": 0.0, ""snr"": 0.0}, {""x"": 0.18167495727539062, ""y"": 0.7231235504150391, ""z"": 0.0, ""velocity"": 0.0, ""snr"": 0.0}, {""x"": 1.5249252319335938, ""y"": 3.67051362991333, ""z"": 0.0, ""velocity"": 0.0, ""snr"": 0.0}, {""x"": 0.10532140731811523, ""y"": 0.20170211791992188, ""z"": 0.0, ""velocity"": 0.0, ""snr"": 0.0}, {""x"": 1.1655092239379883, ""y"": 1.9862651824951172, ""z"": 0.0, ""velocity"": 0.0, ""snr"": 0.0}, {""x"": 1.2711882591247559, ""y"": 1.6706585884094238, ""z"": 0.0, ""velocity"": 0.0, ""snr"": 0.0}, {""x"": 1.3740062713623047, ""y"": 1.8682479858398438, ""z"": 0.0, ""velocity"": 0.0, ""snr"": 0.0}, {""x"": 1.3023018836975098, ""y"": 0.6726980209350586, ""z"": 0.0, ""velocity"": 0.0, ""snr"": 0.0}]","[139817.0, 211072.0, 145971.0, 43313.0, 36601.0, 58969.0, 36296.0, 23786.0, 6397.0, 3503.0, 8096.0, 9376.0, 6121.0, 11581.0, 14295.0, 27887.0, 35803.0, 54200.0, 39041.0, 10147.0, 4457.0, 5630.0, 5468.0, 3236.0, 3033.0, 3454.0, 4804.0, 4716.0, 8627.0, 13458.0, 10933.0, 8123.0, 14855.0, 11551.0, 28015.0, 29619.0, 22300.0, 19415.0, 14489.0, 10574.0, 12190.0, 9591.0, 7815.0, 6952.0, 15912.0, 37969.0, 48141.0, 28534.0, 16839.0, 9578.0, 18551.0, 16449.0, 9989.0, 8481.0, 10685.0, 9062.0, 7147.0, 6501.0, 4814.0, 4375.0, 3385.0, 2917.0, 3413.0, 4091.0, 4139.0, 7204.0, 8969.0, 5892.0, 5561.0, 5373.0, 4899.0, 3570.0, 3270.0, 4108.0, 3944.0, 3705.0, 3478.0, 4000.0, 4799.0, 3777.0, 3311.0, 3387.0, 2797.0, 2570.0, 3058.0, 4428.0, 8274.0, 9622.0, 5920.0, 2866.0, 2472.0, 3067.0, 3275.0, 3855.0, 2781.0, 2605.0, 2542.0, 2859.0, 2797.0, 3198.0, 3667.0, 3351.0, 2326.0, 2869.0, 2794.0, 2843.0, 2524.0, 2667.0, 2946.0, 2964.0, 2546.0, 2326.0, 2180.0, 2338.0, 2460.0, 2331.0, 2065.0, 2234.0, 2169.0, 2104.0, 2009.0, 1733.0, 1875.0, 1893.0, 1692.0, 1708.0, 1527.0, 1553.0]",64457859.745612904
2,0.8,10,"[{""x"": -0.3216862678527832, ""y"": 0.5802512168884277, ""z"": 0.0, ""velocity"": 0.0, ""snr"": 0.0}, {""x"": -0.382840633392334, ""y"": 0.5832910537719727, ""z"": 0.0, ""velocity"": 0.0, ""snr"": 0.0}, {""x"": -0.4164576530456543, ""y"": 0.6210207939147949, ""z"": 0.0, ""velocity"": 0.0, ""snr"": 0.0}, {""x"": -0.20742416381835938, ""y"": 1.560509204864502, ""z"": 0.0, ""velocity"": 0.0, ""snr"": 0.0}, {""x"": -0.18078088760375977, ""y"": 1.5837550163269043, ""z"": 0.0, ""velocity"": 0.0, ""snr"": 0.0}, {""x"": 1.2102127075195312, ""y"": 1.9594430923461914, ""z"": 0.0, ""velocity"": 0.0, ""snr"": 0.0}, {""x"": 1.245439052581787, ""y"": 1.6901493072509766, ""z"": 0.0, ""velocity"": 0.0, ""snr"": 0.0}, {""x"": 1.3786554336547852, ""y"": 1.6075372695922852, ""z"": 0.0, ""velocity"": 0.0, ""snr"": 0.0}, {""x"": 1.3986825942993164, ""y"": 1.8535852432250977, ""z"": 0.0, ""velocity"": 0.0, ""snr"": 0.0}, {""x"": 1.2888908386230469, ""y"": 0.6861090660095215, ""z"": 0.0, ""velocity"": 0.0, ""snr"": 0.0}]","[139743.0, 210903.0, 145707.0, 46013.0, 42044.0, 50585.0, 56644.0, 41145.0, 12040.0, 4651.0, 10709.0, 15066.0, 12719.0, 11694.0, 26281.0, 31247.0, 39774.0, 56108.0, 41349.0, 12260.0, 5002.0, 4219.0, 3744.0, 3193.0, 2829.0, 2996.0, 4250.0, 5542.0, 9822.0, 11134.0, 8074.0, 8865.0, 14953.0, 13952.0, 30081.0, 30534.0, 21790.0, 19580.0, 15661.0, 12025.0, 9995.0, 10379.0, 8614.0, 7405.0, 14950.0, 37009.0, 47886.0, 27407.0, 12312.0, 9771.0, 17673.0, 16773.0, 10934.0, 8661.0, 10043.0, 8948.0, 6109.0, 6026.0, 5463.0, 4646.0, 3613.0, 3354.0, 3929.0, 4482.0, 4661.0, 7563.0, 9284.0, 5519.0, 5391.0, 6022.0, 5260.0, 3759.0, 2843.0, 5225.0, 4802.0, 4468.0, 4241.0, 3929.0, 3948.0, 3589.0, 3091.0, 3700.0, 3496.0, 3257.0, 4026.0, 5448.0, 8479.0, 8815.0, 5034.0, 2485.0, 2771.0, 3105.0, 2902.0, 3209.0, 2842.0, 2455.0, 2745.0, 2702.0, 2908.0, 3788.0, 3694.0, 2921.0, 2263.0, 2928.0, 3110.0, 3019.0, 2513.0, 2886.0, 3250.0, 3010.0, 2571.0, 2589.0, 2481.0, 2439.0, 2473.0, 2216.0, 2377.0, 2457.0, 2071.0, 1986.0, 1905.0, 1910.0, 1924.0, 1751.0, 1593.0, 1720.0, 1724.0, 1490.0]",63168724.80373113
3,0.8,16,"[{""x"": -0.23674964904785156, ""y"": 0.6374716758728027, ""z"": 0.0, ""velocity"": 0.0, ""snr"": 0.0}, {""x"": -0.23496150970458984, ""y"": 0.6542801856994629, ""z"": 0.0, ""velocity"": 0.0, ""snr"": 0.0}, {""x"": -0.30487775802612305, ""y"": 0.6625056266784668, ""z"": 0.0, ""velocity"": 0.0, ""snr"": 0.0}, {""x"": -0.3165006637573242, ""y"": 1.6071796417236328, ""z"": 0.0, ""velocity"": 0.0, ""snr"": 0.0}, {""x"": -0.4137754440307617, ""y"": 1.6277432441711426, ""z"": 0.0, ""velocity"": 0.0, ""snr"": 0.0}, {""x"": -0.18417835235595703, ""y"": 1.5488862991333008, ""z"": 0.0, ""velocity"": 0.0, ""snr"": 0.0}, {""x"": -0.18936395645141602, ""y"": 1.5642642974853516, ""z"": 0.0, ""velocity"": 0.0, ""snr"": 0.0}, {""x"": -0.22709369659423828, ""y"": 1.576244831085205, ""z"": 0.0, ""velocity"": 0.0, ""snr"": 0.0}, {""x"": 0.037729740142822266, ""y"": 0.12552738189697266, ""z"": 0.0, ""velocity"": 0.0, ""snr"": 0.0}, {""x"": 0.0355839729309082, ""y"": 0.1856088638305664, ""z"": 0.0, ""velocity"": 0.0, ""snr"": 0.0}, {""x"": 0.25588274002075195, ""y"": 0.7304549217224121, ""z"": 0.0, ""velocity"": 0.0, ""snr"": 0.0}, {""x"": 0.292360782623291, ""y"": 0.7765889167785645, ""z"": 0.0, ""velocity"": 0.0, ""snr"": 0.0}, {""x"": 1.4612674713134766, ""y"": 3.6946535110473633, ""z"": 0.0, ""velocity"": 0.0, ""snr"": 0.0}, {""x"": 1.176774501800537, ""y"": 1.7219781875610352, ""z"": 0.0, ""velocity"": 0.0, ""snr"": 0.0}, {""x"": 1.276552677154541, ""y"": 1.6679763793945312, ""z"": 0.0, ""velocity"": 0.0, ""snr"": 0.0}, {""x"": 1.4340877532958984, ""y"": 1.569807529449463, ""z"": 0.0, ""velocity"": 0.0, ""snr"": 0.0}]","[139951.0, 210806.0, 145175.0, 53140.0, 69037.0, 73388.0, 52399.0, 25280.0, 6536.0, 4077.0, 9418.0, 11247.0, 6556.0, 9262.0, 44164.0, 67400.0, 62903.0, 59859.0, 42784.0, 16493.0, 7004.0, 4664.0, 3868.0, 3082.0, 3067.0, 3499.0, 5235.0, 6484.0, 6813.0, 8325.0, 9487.0, 7982.0, 13659.0, 15475.0, 37336.0, 37238.0, 25367.0, 25047.0, 18324.0, 13131.0, 11645.0, 11703.0, 9872.0, 8619.0, 16125.0, 36435.0, 46822.0, 28929.0, 17664.0, 14222.0, 11390.0, 14145.0, 10970.0, 7547.0, 10343.0, 8261.0, 5376.0, 5533.0, 5521.0, 5529.0, 4480.0, 3852.0, 3997.0, 3465.0, 4394.0, 6128.0, 5983.0, 5161.0, 7144.0, 6479.0, 5032.0, 3768.0, 3188.0, 5458.0, 4541.0, 3805.0, 3417.0, 3919.0, 4563.0, 4033.0, 3618.0, 3632.0, 4366.0, 4285.0, 2727.0, 4205.0, 9056.0, 10478.0, 6090.0, 3057.0, 4028.0, 3711.0, 3415.0, 3963.0, 3283.0, 2782.0, 2586.0, 2722.0, 2739.0, 3772.0, 3788.0, 3016.0, 2706.0, 2619.0, 2971.0, 3061.0, 2690.0, 3194.0, 3294.0, 3361.0, 2938.0, 3745.0, 4274.0, 3330.0, 2803.0, 2487.0, 2142.0, 2196.0, 2282.0, 2231.0, 1936.0, 1855.0, 2106.0, 1771.0, 1570.0, 1683.0, 1545.0, 1594.0]",61904677.3001218
4,0.8,15,"[{""x"": -0.35190582275390625, ""y"": 0.6839632987976074, ""z"": 0.0, ""velocity"": 0.0, ""snr"": 0.0}, {""x"": -0.3746151924133301, ""y"": 0.6989836692810059, ""z"": 0.0, ""velocity"": 0.0, ""snr"": 0.0}, {""x"": -0.22047758102416992, ""y"": 0.6569623947143555, ""z"": 0.0, ""velocity"": 0.0, ""snr"": 0.0}, {""x"": -0.28592348098754883, ""y"": 0.6696581840515137, ""z"": 0.0, ""velocity"": 0.0, ""snr"": 0.0}, {""x"": -0.194549560546875, ""y"": 0.6430149078369141, ""z"": 0.0, ""velocity"": 0.0, ""snr"": 0.0}, {""x"": -0.16701221466064453, ""y"": 1.547098159790039, ""z"": 0.0, ""velocity"": 0.0, ""snr"": 0.0}, {""x"": -0.15878677368164062, ""y"": 1.5674829483032227, ""z"": 0.0, ""velocity"": 0.0, ""snr"": 0.0}, {""x"": -0.13911724090576172, ""y"": 1.5832185745239258, ""z"": 0.0, ""velocity"": 0.0, ""snr"": 0.0}, {""x"": -0.13893842697143555, ""y"": 1.6139745712280273, ""z"": 0.0, ""velocity"": 0.0, ""snr"": 0.0}, {""x"": 0.022351741790771484, ""y"": 0.22923946380615234, ""z"": 0.0, ""velocity"": 0.0, ""snr"": 0.0}, {""x"": 0.023424625396728516, ""y"": 0.24211406707763672, ""z"": 0.0, ""velocity"": 0.0, ""snr"": 0.0}, {""x"": 0.022351741790771484, ""y"": 0.24658441543579102, ""z"": 0.0, ""velocity"": 0.0, ""snr"": 0.0}, {""x"": 0.01895427703857422, ""y"": 0.26214122772216797, ""z"": 0.0, ""velocity"": 0.0, ""snr"": 0.0}, {""x"": 0.2599954605102539, ""y"": 0.7882118225097656, ""z"": 0.0, ""velocity"": 0.0, ""snr"": 0.0}, {""x"": 1.318037509918213, ""y"": 1.6338229179382324, ""z"": 0.0, ""velocity"": 0.0, ""snr"": 0.0}]","[139456.0, 210771.0, 145254.0, 46764.0, 163763.0, 363704.0, 314333.0, 100985.0, 9498.0, 7258.0, 10495.0, 13020.0, 9109.0, 16601.0, 51483.0, 70411.0, 64651.0, 61919.0, 42155.0, 15809.0, 8926.0, 7794.0, 5849.0, 3224.0, 2986.0, 3032.0, 5351.0, 6453.0, 6902.0, 7985.0, 9916.0, 9144.0, 15061.0, 19894.0, 46335.0, 47013.0, 27029.0, 17773.0, 17404.0, 11855.0, 12532.0, 11858.0, 11303.0, 9667.0, 15944.0, 35110.0, 43169.0, 26577.0, 20204.0, 11569.0, 15167.0, 14844.0, 9785.0, 8454.0, 11185.0, 8727.0, 5605.0, 5439.0, 4733.0, 5451.0, 4718.0, 3707.0, 4074.0, 4940.0, 5229.0, 6456.0, 6574.0, 5834.0, 6765.0, 5961.0, 3948.0, 3404.0, 3641.0, 4005.0, 3605.0, 3030.0, 4249.0, 4781.0, 4407.0, 4483.0, 3788.0, 4045.0, 4541.0, 3672.0, 3429.0, 4072.0, 7173.0, 8115.0, 5043.0, 3047.0, 4594.0, 4063.0, 4061.0, 4552.0, 3860.0, 2896.0, 2520.0, 2697.0, 2800.0, 3477.0, 3655.0, 3401.0, 2985.0, 2908.0, 3382.0, 3422.0, 2752.0, 3123.0, 3008.0, 3318.0, 3781.0, 6216.0, 6468.0, 4109.0, 2855.0, 2490.0, 2201.0, 2455.0, 2313.0, 2282.0, 2291.0, 2063.0, 2032.0, 1891.0, 1545.0, 1636.0, 1614.0, 1683.0]",60671808.87911393
5,0.8,17,"[{""x"": -0.34421682357788086, ""y"": 0.6870031356811523, ""z"": 0.0, ""velocity"": 0.0, ""snr"": 0.0}, {""x"": -0.26983022689819336, ""y"": 0.6755590438842773, ""z"": 0.0, ""velocity"": 0.0, ""snr"": 0.0}, {""x"": -0.13071298599243164, ""y"": 0.6569623947143555, ""z"": 0.0, ""velocity"": 0.0, ""snr"": 0.0}, {""x"": -0.15968084335327148, ""y"": 0.6673336029052734, ""z"": 0.0, ""velocity"": 0.0, ""snr"": 0.0}, {""x"": -0.12767314910888672, ""y"": 1.553356647491455, ""z"": 0.0, ""velocity"": 0.0, ""snr"": 0.0}, {""x"": -0.15091896057128906, ""y"": 1.5665888786315918, ""z"": 0.0, ""velocity"": 0.0, ""snr"": 0.0}, {""x"": -0.14466047286987305, ""y"": 1.5798211097717285, ""z"": 0.0, ""velocity"": 0.0, ""snr"": 0.0}, {""x"": -0.12069940567016602, ""y"": 1.6170144081115723, ""z"": 0.0, ""velocity"": 0.0, ""snr"": 0.0}, {""x"": -0.23442506790161133, ""y"": 1.6533136367797852, ""z"": 0.0, ""velocity"": 0.0, ""snr"": 0.0}, {""x"": 0.3052353858947754, ""y"": 0.715792179107666, ""z"": 0.0, ""velocity"": 0.0, ""snr"": 0.0}, {""x"": 0.3018379211425781, ""y"": 0.7381439208984375, ""z"": 0.0, ""velocity"": 0.0, ""snr"": 0.0}, {""x"": 0.2937912940979004, ""y"": 0.7749795913696289, ""z"": 0.0, ""velocity"": 0.0, ""snr"": 0.0}, {""x"": 1.0957717895507812, ""y"": 1.873612403869629, ""z"": 0.0, ""velocity"": 0.0, ""snr"": 0.0}, {""x"": 1.1774897575378418, ""y"": 1.7214417457580566, ""z"": 0.0, ""velocity"": 0.0, ""snr"": 0.0}, {""x"": 1.2354254722595215, ""y"": 1.7042756080627441, ""z"": 0.0, ""velocity"": 0.0, ""snr"": 0.0}, {""x"": 1.2633204460144043, ""y"": 1.7180442810058594, ""z"": 0.0, ""velocity"": 0.0, ""snr"": 0.0}, {""x"": 1.3157129287719727, ""y"": 0.66375732421875, ""z"": 0.0, ""velocity"": 0.0, ""snr"": 0.0}]","[139499.0, 210871.0, 145463.0, 44389.0, 25646.0, 53501.0, 47026.0, 15177.0, 2621.0, 2648.0, 4364.0, 6036.0, 5074.0, 18779.0, 55019.0, 70872.0, 58302.0, 55267.0, 37818.0, 17194.0, 6684.0, 5564.0, 5584.0, 5537.0, 4400.0, 3480.0, 5391.0, 6609.0, 5979.0, 8004.0, 10142.0, 8008.0, 15352.0, 28333.0, 65716.0, 62444.0, 33923.0, 23005.0, 17393.0, 10713.0, 12227.0, 10721.0, 9248.0, 8219.0, 17205.0, 36583.0, 48449.0, 35433.0, 24798.0, 13356.0, 11786.0, 11827.0, 8999.0, 8369.0, 10611.0, 8322.0, 5813.0, 5409.0, 5393.0, 5789.0, 4916.0, 3787.0, 4043.0, 4642.0, 6571.0, 7032.0, 6199.0, 5174.0, 8108.0, 6815.0, 4873.0, 4197.0, 3630.0, 4263.0, 3676.0, 3703.0, 4558.0, 4878.0, 4868.0, 4044.0, 3627.0, 4435.0, 4055.0, 3487.0, 3053.0, 4141.0, 7138.0, 8050.0, 4868.0, 2678.0, 4719.0, 3844.0, 3766.0, 4584.0, 4120.0, 3408.0, 2700.0, 2769.0, 3326.0, 3137.0, 3286.0, 3116.0, 3199.0, 3366.0, 2947.0, 2876.0, 2669.0, 2714.0, 2928.0, 3449.0, 4136.0, 5941.0, 6132.0, 4060.0, 2456.0, 2213.0, 2242.0, 2421.0, 2441.0, 1871.0, 1868.0, 1795.0, 1773.0, 1760.0, 1791.0, 1880.0, 1579.0, 1440.0]",59451789.28760381
6,0.8,15,"[{""x"": -0.36728382110595703, ""y"": 0.5663037300109863, ""z"": 0.0, ""velocity"": 0.0, ""snr"": 0.0}, {""x"": -0.32383203506469727, ""y"": 0.6215572357177734, ""z"": 0.0, ""velocity"": 0.0, ""snr"": 0.0}, {""x"": -0.3288388252258301, ""y"": 0.6601810455322266, ""z"": 0.0, ""velocity"": 0.0, ""snr"": 0.0}, {""x"": -0.3746151924133301, ""y"": 0.6744861602783203, ""z"": 0.0, ""velocity"": 0.0, ""snr"": 0.0}, {""x"": -0.4048347473144531, ""y"": 0.6827116012573242, ""z"": 0.0, ""velocity"": 0.0, ""snr"": 0.0}, {""x"": -0.1417994499206543, ""y"": 1.5538930892944336, ""z"": 0.0, ""velocity"": 0.0, ""snr"": 0.0}, {""x"": -0.15717744827270508, ""y"": 1.5655159950256348, ""z"": 0.0, ""velocity"": 0.0, ""snr"": 0.0}, {""x"": -0.1544952392578125, ""y"": 1.575171947479248, ""z"": 0.0, ""velocity"": 0.0, ""snr"": 0.0}, {""x"": -0.21117925643920898, ""y"": 1.6549229621887207, ""z"": 0.0, ""velocity"": 0.0, ""snr"": 0.0}, {""x"": -0.10067224502563477, ""y"": 1.613616943359375, ""z"": 0.0, ""velocity"": 0.0, ""snr"": 0.0}, {""x"": 0.43487548828125, ""y"": 0.671088695526123, ""z"": 0.0, ""velocity"": 0.0, ""snr"": 0.0}, {""x"": 0.39714574813842773, ""y"": 0.7361769676208496, ""z"": 0.0, ""velocity"": 0.0, ""snr"": 0.0}, {""x"": 0.45096874237060547, ""y"": 0.6349682807922363, ""z"": 0.0, ""velocity"": 0.0, ""snr"": 0.0}, {""x"": 1.2833476066589355, ""y"": 1.6658306121826172, ""z"": 0.0, ""velocity"": 0.0, ""snr"": 0.0}, {""x"": 1.3352036476135254, ""y"": 1.6606450080871582, ""z"": 0.0, ""velocity"": 0.0, ""snr"": 0.0}]","[139576.0, 211025.0, 145858.0, 44828.0, 11486.0, 19985.0, 24436.0, 33567696.0, 100860929.0, 460805.0, 3221554435.0, 838860802.0, 4194306660.0, 1.0, 184549376.0, 33554432.0, 4278190080.0, 771751935.0, 2181038081.0, 0.0, 758725504.0, 3784409.0, 4096000.0, 188710912.0, 2885681152.0, 941048.0, 1023410176.0, 3724228938.0, 13.0, 1514820864.0, 910331.0, 1509949440.0, 2381887818.0, 15.0, 2118866944.0, 1031417.0, 1174405120.0, 3959327563.0, 34.0, 961100032.0, 2346499.0, 973078528.0, 2600749383.0, 36.0, 3829937920.0, 2679829.0, 922746880.0, 4011496780.0, 36.0, 4182651136.0, 2432538.0, 1006632960.0, 77390.0, 131072.0, 35766016.0, 53912320.0, 37284608.0, 11310336.0, 5060096.0, 12161024.0, 12741120.0, 5420032.0, 814080.0, 871424.0, 1557248.0, 2914048.0, 2640896.0, 3501312.0, 14590720.0, 16645888.0, 6974720.0, 17364736.0, 10155776.0, 2678784.0, 1489664.0, 1500416.0, 2011392.0, 1788928.0, 1642240.0, 1075200.0, 1391616.0, 1420800.0, 1678336.0, 2785792.0, 2530048.0, 1881856.0, 3674112.0, 2439936.0, 5345536.0, 6006528.0, 4935680.0, 4943104.0, 4444672.0, 4019200.0, 3450880.0, 2386688.0, 2041088.0, 2907648.0, 4149504.0, 8749312.0, 10916864.0, 7481088.0, 3544832.0, 2467072.0, 2742272.0, 2632960.0, 2673152.0, 2805760.0, 2747392.0, 2106624.0, 1544960.0, 1616384.0, 1250816.0, 1198336.0, 1153280.0, 1061632.0, 1124352.0, 1103616.0, 828928.0, 1335552.0, 1447168.0, 1159168.0, 1316608.0, 1421312.0, 1437952.0, 1160704.0, 806912.0, 1148160.0]",463554354.0801816
7,0.8,10,"[{""x"": -0.32275915145874023, ""y"": 0.7079243659973145, ""z"": 0.0, ""velocity"": 0.0, ""snr"": 0.0}, {""x"": -0.30487775802612305, ""y"": 0.7247328758239746, ""z"": 0.0, ""velocity"": 0.0, ""snr"": 0.0}, {""x"": -0.20045042037963867, ""y"": 0.6376504898071289, ""z"": 0.0, ""velocity"": 0.0, ""snr"": 0.0}, {""x"": -0.1462697982788086, ""y"": 0.6716251373291016, ""z"": 0.0, ""velocity"": 0.0, ""snr"": 0.0}, {""x"": -0.09244680404663086, ""y"": 1.5753507614135742, ""z"": 0.0, ""velocity"": 0.0, ""snr"": 0.0}, {""x"": -0.08779764175415039, ""y"": 1.5903711318969727, ""z"": 0.0, ""velocity"": 0.0, ""snr"": 0.0}, {""x"": 0.018775463104248047, ""y"": 1.6275644302368164, ""z"": 0.0, ""velocity"": 0.0, ""snr"": 0.0}, {""x"": 0.9625554084777832, ""y"": 1.175522804260254, ""z"": 0.0, ""velocity"": 0.0, ""snr"": 0.0}, {""x"": 1.2304186820983887, ""y"": 1.673877239227295, ""z"": 0.0, ""velocity"": 0.0, ""snr"": 0.0}, {""x"": 1.3185739517211914, ""y"": 1.623988151550293, ""z"": 0.0, ""velocity"": 0.0, ""snr"": 0.0}]","[139580.0, 210634.0, 145391.0, 43871.0, 31420.0, 75943.0, 74422.0, 28464.0, 5577.0, 5672.0, 8325.0, 11531.0, 7809.0, 15143.0, 44918.0, 54585.0, 46888.0, 73850.0, 46622.0, 12412.0, 6955.0, 5462.0, 6440.0, 6801.0, 5197.0, 3522.0, 5746.0, 5319.0, 7508.0, 9789.0, 9251.0, 6890.0, 13857.0, 13491.0, 31037.0, 33110.0, 21036.0, 17726.0, 17783.0, 14876.0, 13681.0, 11756.0, 9185.0, 10421.0, 17267.0, 33576.0, 36380.0, 19640.0, 8506.0, 10389.0, 11709.0, 12170.0, 10744.0, 9041.0, 8996.0, 6843.0, 5838.0, 6775.0, 5561.0, 5113.0, 5583.0, 5562.0, 5300.0, 4942.0, 4083.0, 4653.0, 5325.0, 5540.0, 6488.0, 5987.0, 4464.0, 4484.0, 4791.0, 6048.0, 4736.0, 4070.0, 3832.0, 3669.0, 4766.0, 5047.0, 3859.0, 3612.0, 3238.0, 3133.0, 2826.0, 3763.0, 7592.0, 8963.0, 5293.0, 3798.0, 3939.0, 3342.0, 3169.0, 4321.0, 3683.0, 2952.0, 2818.0, 2322.0, 2502.0, 2996.0, 3264.0, 3321.0, 2895.0, 2633.0, 2854.0, 2648.0, 3001.0, 3105.0, 3436.0, 2755.0, 3218.0, 5859.0, 6326.0, 3843.0, 2626.0, 2126.0, 2228.0, 2770.0, 2186.0, 2122.0, 1896.0, 1974.0, 2089.0, 1854.0, 1868.0, 1634.0, 1552.0, 1551.0]",65845921.79936607
8,0.8,10,"[{""x"": -0.22083520889282227, ""y"": 0.6244182586669922, ""z"": 0.0, ""velocity"": 0.0, ""snr"": 0.0}, {""x"": -0.2828836441040039, ""y"": 0.692903995513916, ""z"": 0.0, ""velocity"": 0.0, ""snr"": 0.0}, {""x"": -0.3234744071960449, ""y"": 0.7075667381286621, ""z"": 0.0, ""velocity"": 0.0, ""snr"": 0.0}, {""x"": -0.3338456153869629, ""y"": 0.7034540176391602, ""z"": 0.0, ""velocity"": 0.0, ""snr"": 0.0}, {""x"": -0.1806020736694336, ""y"": 0.6623268127441406, ""z"": 0.0, ""velocity"": 0.0, ""snr"": 0.0}, {""x"": -0.1512765884399414, ""y"": 1.5696287155151367, ""z"": 0.0, ""velocity"": 0.0, ""snr"": 0.0}, {""x"": -0.14930963516235352, ""y"": 1.5767812728881836, ""z"": 0.0, ""velocity"": 0.0, ""snr"": 0.0}, {""x"": -0.09924173355102539, ""y"": 1.6132593154907227, ""z"": 0.0, ""velocity"": 0.0, ""snr"": 0.0}, {""x"": 1.1926889419555664, ""y"": 1.7074942588806152, ""z"": 0.0, ""velocity"": 0.0, ""snr"": 0.0}, {""x"": 1.2930035591125488, ""y"": 1.6454458236694336, ""z"": 0.0, ""velocity"": 0.0, ""snr"": 0.0}]","[139105.0, 210550.0, 145232.0, 48978.0, 34307.0, 49558.0, 62456.0, 39564.0, 11134.0, 7067.0, 9699.0, 8313.0, 9542.0, 18791.0, 49096.0, 52754.0, 51696.0, 88865.0, 51320.0, 11979.0, 11593.0, 7202.0, 5508.0, 5304.0, 5746.0, 4662.0, 6052.0, 5930.0, 7277.0, 9847.0, 10741.0, 7072.0, 13148.0, 17471.0, 46590.0, 45659.0, 20688.0, 17085.0, 18212.0, 11530.0, 12957.0, 11414.0, 8819.0, 8682.0, 17001.0, 36235.0, 42985.0, 21340.0, 7030.0, 9935.0, 14378.0, 13380.0, 10667.0, 8692.0, 8485.0, 6795.0, 7012.0, 7502.0, 5801.0, 4703.0, 4880.0, 4374.0, 4384.0, 4181.0, 3746.0, 7402.0, 8809.0, 5928.0, 7288.0, 7148.0, 4911.0, 3665.0, 3447.0, 5178.0, 4753.0, 4049.0, 3313.0, 3780.0, 4547.0, 4332.0, 3525.0, 3762.0, 3181.0, 3130.0, 3170.0, 3432.0, 8296.0, 9751.0, 5770.0, 3173.0, 3184.0, 3403.0, 3656.0, 4360.0, 3628.0, 2807.0, 2953.0, 2373.0, 2806.0, 2969.0, 2892.0, 3175.0, 2895.0, 2628.0, 2733.0, 2594.0, 2655.0, 2985.0, 3523.0, 2964.0, 3406.0, 4567.0, 4613.0, 2781.0, 2424.0, 2014.0, 2250.0, 2419.0, 2388.0, 2230.0, 2154.0, 1934.0, 2077.0, 1916.0, 1617.0, 1555.0, 1485.0, 1762.0]",64528045.22519707
9,0.8,7,"[{""x"": -0.32776594161987305, ""y"": 0.5775690078735352, ""z"": 0.0, ""velocity"": 0.0, ""snr"": 0.0}, {""x"": -0.3445744514465332, ""y"": 0.6161928176879883, ""z"": 0.0, ""velocity"": 0.0, ""snr"": 0.0}, {""x"": -0.15270709991455078, ""y"": 1.5549659729003906, ""z"": 0.0, ""velocity"": 0.0, ""snr"": 0.0}, {""x"": -0.13965368270874023, ""y"": 1.5715956687927246, ""z"": 0.0, ""velocity"": 0.0, ""snr"": 0.0}, {""x"": -0.16200542449951172, ""y"": 1.575171947479248, ""z"": 0.0, ""velocity"": 0.0, ""snr"": 0.0}, {""x"": -0.14573335647583008, ""y"": 1.6100406646728516, ""z"": 0.0, ""velocity"": 0.0, ""snr"": 0.0}, {""x"": 1.326441764831543, ""y"": 1.628279685974121, ""z"": 0.0, ""velocity"": 0.0, ""snr"": 0.0}]","[139394.0, 210591.0, 145352.0, 48328.0, 43483.0, 63371.0, 56330.0, 24117.0, 6650.0, 13409.0, 19100.0, 19913.0, 16473.0, 15178.0, 35379.0, 41111.0, 71006.0, 91735.0, 53616.0, 14172.0, 9313.0, 6663.0, 7877.0, 7572.0, 4864.0, 4107.0, 5027.0, 4866.0, 10937.0, 12835.0, 11580.0, 10537.0, 16296.0, 20733.0, 58261.0, 57006.0, 25358.0, 18083.0, 17043.0, 8408.0, 8997.0, 10460.0, 10689.0, 6940.0, 12495.0, 28164.0, 35768.0, 22595.0, 7851.0, 13650.0, 15570.0, 12955.0, 11244.0, 10278.0, 9502.0, 6957.0, 4967.0, 5244.0, 4447.0, 4454.0, 4723.0, 4618.0, 4510.0, 4558.0, 4383.0, 4394.0, 6076.0, 6715.0, 9271.0, 7440.0, 4155.0, 3708.0, 4106.0, 4707.0, 3814.0, 3896.0, 3360.0, 4311.0, 4319.0, 3305.0, 3527.0, 3741.0, 4173.0, 3158.0, 2805.0, 3815.0, 7061.0, 7450.0, 4819.0, 3167.0, 3305.0, 3232.0, 3088.0, 3538.0, 3188.0, 2745.0, 2557.0, 2509.0, 2247.0, 2766.0, 3277.0, 3169.0, 2516.0, 2863.0, 2747.0, 2400.0, 2401.0, 3329.0, 3798.0, 2628.0, 2554.0, 3411.0, 3326.0, 2502.0, 2340.0, 2136.0, 2218.0, 2440.0, 2495.0, 2084.0, 1993.0, 1923.0, 1909.0, 1921.0, 1698.0, 1566.0, 1554.0, 1618.0]",63237470.766005635
0,0.8,13,"[{""x"": -0.4305839538574219, ""y"": 0.5536079406738281, ""z"": 0.0, ""velocity"": 0.0, ""snr"": 0.0}, {""x"": -0.3401041030883789, ""y"": 0.560760498046875, ""z"": 0.0, ""velocity"": 0.0, ""snr"": 0.0}, {""x"": -0.3343820571899414, ""y"": 0.7059574127197266, ""z"": 0.0, ""velocity"": 0.0, ""snr"": 0.0}, {""x"": -0.3000497817993164, ""y"": 0.7300972938537598, ""z"": 0.0, ""velocity"": 0.0, ""snr"": 0.0}, {""x"": -0.04488229751586914, ""y"": 0.7070302963256836, ""z"": 0.0, ""velocity"": 0.0, ""snr"": 0.0}, {""x"": -0.12212991714477539, ""y"": 1.5569329261779785, ""z"": 0.0, ""velocity"": 0.0, ""snr"": 0.0}, {""x"": -0.16236305236816406, ""y"": 1.5669465065002441, ""z"": 0.0, ""velocity"": 0.0, ""snr"": 0.0}, {""x"": -0.1811385154724121, ""y"": 1.57088041305542, ""z"": 0.0, ""velocity"": 0.0, ""snr"": 0.0}, {""x"": 0.04380941390991211, ""y"": 0.1246333122253418, ""z"": 0.0, ""velocity"": 0.0, ""snr"": 0.0}, {""x"": 0.0711679458618164, ""y"": 0.17577409744262695, ""z"": 0.0, ""velocity"": 0.0, ""snr"": 0.0}, {""x"": 0.09441375732421875, ""y"": 0.1983046531677246, ""z"": 0.0, ""velocity"": 0.0, ""snr"": 0.0}, {""x"": 1.1826753616333008, ""y"": 1.7167925834655762, ""z"": 0.0, ""velocity"": 0.0, ""snr"": 0.0}, {""x"": 1.237928867340088, ""y"": 1.6931891441345215, ""z"": 0.0, ""velocity"": 0.0, ""snr"": 0.0}]","[139525.0, 210701.0, 145538.0, 51426.0, 65472.0, 66254.0, 55909.0, 40958.0, 10463.0, 6024.0, 8783.0, 15853.0, 20893.0, 21234.0, 33497.0, 31022.0, 55832.0, 85675.0, 58085.0, 18241.0, 8767.0, 5863.0, 6410.0, 5756.0, 4619.0, 3918.0, 4747.0, 6815.0, 10737.0, 12897.0, 11564.0, 9022.0, 14000.0, 22280.0, 56596.0, 53432.0, 22041.0, 21162.0, 20613.0, 9181.0, 10966.0, 13477.0, 14438.0, 9087.0, 15489.0, 36687.0, 45411.0, 25504.0, 7058.0, 8900.0, 9868.0, 11174.0, 9303.0, 10224.0, 10477.0, 7299.0, 5679.0, 6018.0, 4773.0, 4910.0, 4536.0, 4641.0, 4160.0, 4713.0, 5249.0, 6621.0, 6567.0, 6891.0, 9449.0, 8749.0, 5103.0, 3439.0, 3416.0, 4059.0, 3556.0, 3863.0, 4150.0, 4489.0, 4689.0, 4084.0, 3585.0, 3535.0, 4738.0, 3780.0, 2898.0, 4429.0, 6670.0, 7343.0, 3958.0, 2717.0, 3647.0, 3538.0, 3289.0, 3304.0, 2985.0, 2762.0, 2558.0, 2348.0, 2354.0, 3232.0, 3199.0, 3184.0, 2725.0, 2885.0, 2802.0, 2588.0, 2600.0, 3290.0, 3474.0, 2544.0, 2421.0, 2734.0, 2778.0, 2615.0, 2154.0, 2066.0, 2005.0, 2386.0, 2185.0, 2103.0, 1898.0, 1840.0, 1985.0, 1807.0, 1617.0, 1464.0, 1508.0, 1563.0]",61972888.647560515
1,0.8,13,"[{""x"": -0.34922361373901367, ""y"": 0.6673336029052734, ""z"": 0.0, ""velocity"": 0.0, ""snr"": 0.0}, {""x"": -0.35315752029418945, ""y"": 0.6954073905944824, ""z"": 0.0, ""velocity"": 0.0, ""snr"": 0.0}, {""x"": -0.24086236953735352, ""y"": 0.6185173988342285, ""z"": 0.0, ""velocity"": 0.0, ""snr"": 0.0}, {""x"": -0.23800134658813477, ""y"": 0.6453394889831543, ""z"": 0.0, ""velocity"": 0.0, ""snr"": 0.0}, {""x"": -0.33473968505859375, ""y"": 0.7123947143554688, ""z"": 0.0, ""velocity"": 0.0, ""snr"": 0.0}, {""x"": -0.1729130744934082, ""y"": 1.5649795532226562, ""z"": 0.0, ""velocity"": 0.0, ""snr"": 0.0}, {""x"": -0.16236305236816406, ""y"": 1.580357551574707, ""z"": 0.0, ""velocity"": 0.0, ""snr"": 0.0}, {""x"": 0.0010728836059570312, ""y"": 0.2251267433166504, ""z"": 0.0, ""velocity"": 0.0, ""snr"": 0.0}, {""x"": 0.004470348358154297, ""y"": 0.23245811462402344, ""z"": 0.0, ""velocity"": 0.0, ""snr"": 0.0}, {""x"": 0.005543231964111328, ""y"": 0.23889541625976562, ""z"": 0.0, ""velocity"": 0.0, ""snr"": 0.0}, {""x"": -0.017523765563964844, ""y"": 1.6300678253173828, ""z"": 0.0, ""velocity"": 0.0, ""snr"": 0.0}, {""x"": 1.2055635452270508, ""y"": 1.6919374465942383, ""z"": 0.0, ""velocity"": 0.0, ""snr"": 0.0}, {""x"": 1.3495087623596191, ""y"": 1.5914440155029297, ""z"": 0.0, ""velocity"": 0.0, ""snr"": 0.0}]","[139596.0, 210649.0, 145465.0, 51786.0, 176901.0, 303784.0, 207879.0, 52404.0, 13671.0, 17098.0, 14450.0, 11468.0, 6892.0, 19474.0, 56796.0, 57652.0, 61382.0, 109949.0, 67371.0, 19175.0, 10701.0, 7323.0, 6239.0, 5327.0, 3631.0, 4481.0, 6121.0, 8278.0, 11112.0, 13532.0, 13222.0, 9392.0, 12294.0, 20092.0, 46174.0, 45384.0, 28073.0, 22478.0, 20162.0, 10817.0, 11399.0, 10215.0, 9665.0, 10421.0, 18673.0, 35940.0, 38286.0, 18425.0, 16100.0, 10685.0, 11208.0, 12642.0, 10857.0, 8840.0, 8973.0, 6428.0, 6211.0, 7291.0, 5378.0, 5385.0, 4541.0, 4346.0, 4152.0, 3739.0, 4167.0, 4962.0, 5823.0, 5799.0, 8212.0, 7759.0, 5155.0, 3925.0, 4418.0, 5801.0, 4176.0, 3712.0, 3701.0, 4131.0, 4246.0, 3734.0, 4114.0, 4748.0, 5444.0, 3318.0, 3602.0, 4595.0, 8611.0, 10949.0, 6938.0, 2760.0, 3882.0, 4497.0, 3470.0, 3363.0, 4085.0, 3622.0, 2940.0, 2482.0, 2665.0, 2923.0, 3282.0, 3168.0, 2698.0, 2843.0, 2919.0, 2792.0, 2642.0, 3295.0, 3307.0, 2539.0, 3216.0, 6074.0, 6832.0, 4580.0, 2410.0, 2001.0, 2494.0, 2812.0, 2467.0, 2449.0, 2027.0, 1965.0, 2013.0, 1770.0, 1803.0, 1603.0, 1631.0, 1676.0]",60736502.61740397
2,0.8,9,"[{""x"": -0.3579854965209961, ""y"": 0.6748437881469727, ""z"": 0.0, ""velocity"": 0.0, ""snr"": 0.0}, {""x"": -0.2244114875793457, ""y"": 0.6355047225952148, ""z"": 0.0, ""velocity"": 0.0, ""snr"": 0.0}, {""x"": -0.2281665802001953, ""y"": 0.658571720123291, ""z"": 0.0, ""velocity"": 0.0, ""snr"": 0.0}, {""x"": -0.2932548522949219, ""y"": 0.670015811920166, ""z"": 0.0, ""velocity"": 0.0, ""snr"": 0.0}, {""x"": -0.21082162857055664, ""y"": 1.540839672088623, ""z"": 0.0, ""velocity"": 0.0, ""snr"": 0.0}, {""x"": -0.1868605613708496, ""y"": 1.5639066696166992, ""z"": 0.0, ""velocity"": 0.0, ""snr"": 0.0}, {""x"": -0.16182661056518555, ""y"": 1.5801787376403809, ""z"": 0.0, ""velocity"": 0.0, ""snr"": 0.0}, {""x"": -0.06633996963500977, ""y"": 1.621842384338379, ""z"": 0.0, ""velocity"": 0.0, ""snr"": 0.0}, {""x"": 1.3394951820373535, ""y"": 1.6071796417236328, ""z"": 0.0, ""velocity"": 0.0, ""snr"": 0.0}]","[139365.0, 210714.0, 145510.0, 44348.0, 22824.0, 56290.0, 48384.0, 12770.0, 3771.0, 6883.0, 14271.0, 11104.0, 15469.0, 25573.0, 76457.0, 113911.0, 116107.0, 113148.0, 60931.0, 12783.0, 6238.0, 3926.0, 4036.0, 3896.0, 3756.0, 4050.0, 5766.0, 6068.0, 8033.0, 11498.0, 11199.0, 8420.0, 11561.0, 24825.0, 58242.0, 57410.0, 33495.0, 21174.0, 21101.0, 9184.0, 11132.0, 12236.0, 11029.0, 8309.0, 16854.0, 33188.0, 37694.0, 20417.0, 12624.0, 9201.0, 10849.0, 14349.0, 10572.0, 9199.0, 9779.0, 6244.0, 4443.0, 5284.0, 4496.0, 4992.0, 3879.0, 3384.0, 3607.0, 4665.0, 3988.0, 5105.0, 6811.0, 5046.0, 6301.0, 6755.0, 4934.0, 3469.0, 3697.0, 4561.0, 3977.0, 3316.0, 3776.0, 4317.0, 4100.0, 3283.0, 4133.0, 4201.0, 3847.0, 3527.0, 3493.0, 4069.0, 8147.0, 10015.0, 6199.0, 3455.0, 4891.0, 4540.0, 3789.0, 3550.0, 3601.0, 3266.0, 2927.0, 2749.0, 2847.0, 3133.0, 2932.0, 2410.0, 2402.0, 2486.0, 2722.0, 3508.0, 2878.0, 3167.0, 3177.0, 2729.0, 3528.0, 6007.0, 6468.0, 4135.0, 2493.0, 2071.0, 2319.0, 2299.0, 2271.0, 2146.0, 1870.0, 1978.0, 1982.0, 1880.0, 1687.0, 1629.0, 1810.0, 1849.0]",59516872.97570364
3,0.8,11,"[{""x"": -0.3420710563659668, ""y"": 0.692903995513916, ""z"": 0.0, ""velocity"": 0.0, ""snr"": 0.0}, {""x"": -0.2505183219909668, ""y"": 0.625312328338623, ""z"": 0.0, ""velocity"": 0.0, ""snr"": 0.0}, {""x"": -0.24014711380004883, ""y"": 0.6503462791442871, ""z"": 0.0, ""velocity"": 0.0, ""snr"": 0.0}, {""x"": -0.3052353858947754, ""y"": 0.6725192070007324, ""z"": 0.0, ""velocity"": 0.0, ""snr"": 0.0}, {""x"": -0.3336668014526367, ""y"": 0.7113218307495117, ""z"": 0.0, ""velocity"": 0.0, ""snr"": 0.0}, {""x"": -0.20992755889892578, ""y"": 1.5442371368408203, ""z"": 0.0, ""velocity"": 0.0, ""snr"": 0.0}, {""x"": -0.1843571662902832, ""y"": 1.5639066696166992, ""z"": 0.0, ""velocity"": 0.0, ""snr"": 0.0}, {""x"": -0.1838207244873047, ""y"": 1.5774965286254883, ""z"": 0.0, ""velocity"": 0.0, ""snr"": 0.0}, {""x"": -0.16111135482788086, ""y"": 1.6143321990966797, ""z"": 0.0, ""velocity"": 0.0, ""snr"": 0.0}, {""x"": 1.2252330780029297, ""y"": 1.6824603080749512, ""z"": 0.0, ""velocity"": 0.0, ""snr"": 0.0}, {""x"": 1.3663172721862793, ""y"": 1.5832185745239258, ""z"": 0.0, ""velocity"": 0.0, ""snr"": 0.0}]","[139518.0, 210799.0, 145361.0, 44597.0, 13019.0, 28538.0, 31435.0, 13966.0, 2984.0, 5347.0, 9210.0, 9075.0, 16962.0, 19706.0, 69362.0, 94170.0, 90389.0, 117768.0, 70935.0, 18346.0, 4885.0, 3981.0, 3202.0, 3162.0, 3943.0, 3596.0, 4935.0, 5858.0, 9347.0, 14285.0, 11662.0, 6518.0, 10362.0, 28081.0, 65328.0, 64210.0, 36235.0, 24407.0, 22045.0, 10367.0, 9502.0, 12507.0, 11503.0, 11344.0, 14892.0, 33385.0, 37819.0, 20240.0, 13418.0, 9665.0, 13827.0, 12305.0, 9208.0, 8858.0, 9695.0, 6421.0, 5237.0, 6142.0, 5512.0, 3856.0, 3820.0, 4379.0, 3421.0, 3670.0, 4717.0, 5319.0, 6413.0, 5023.0, 7401.0, 8153.0, 6162.0, 3759.0, 4353.0, 5102.0, 4639.0, 3224.0, 3446.0, 4051.0, 3897.0, 3741.0, 4055.0, 4025.0, 3818.0, 3409.0, 2836.0, 4169.0, 7309.0, 9824.0, 6898.0, 4051.0, 4338.0, 4061.0, 4094.0, 4315.0, 3150.0, 3319.0, 3275.0, 3223.0, 3271.0, 3585.0, 3013.0, 2783.0, 2886.0, 2655.0, 2854.0, 3491.0, 3046.0, 3099.0, 3124.0, 2974.0, 3674.0, 5701.0, 6127.0, 3868.0, 2158.0, 2201.0, 2538.0, 2350.0, 2219.0, 1975.0, 1872.0, 1902.0, 2079.0, 1742.0, 1744.0, 1556.0, 1653.0, 1669.0]",58326615.9638821
4,0.8,10,"[{""x"": -0.32132863998413086, ""y"": 0.716865062713623, ""z"": 0.0, ""velocity"": 0.0, ""snr"": 0.0}, {""x"": -0.1983046531677246, ""y"": 0.6331801414489746, ""z"": 0.0, ""velocity"": 0.0, ""snr"": 0.0}, {""x"": -0.1780986785888672, ""y"": 0.6542801856994629, ""z"": 0.0, ""velocity"": 0.0, ""snr"": 0.0}, {""x"": -0.1360774040222168, ""y"": 1.553177833557129, ""z"": 0.0, ""velocity"": 0.0, ""snr"": 0.0}, {""x"": -0.15789270401000977, ""y"": 1.5696287155151367, ""z"": 0.0, ""velocity"": 0.0, ""snr"": 0.0}, {""x"": -0.16379356384277344, ""y"": 1.5835762023925781, ""z"": 0.0, ""velocity"": 0.0, ""snr"": 0.0}, {""x"": -0.11497735977172852, ""y"": 1.6234517097473145, ""z"": 0.0, ""velocity"": 0.0, ""snr"": 0.0}, {""x"": -0.07778406143188477, ""y"": 1.671910285949707, ""z"": 0.0, ""velocity"": 0.0, ""snr"": 0.0}, {""x"": 1.2075304985046387, ""y"": 1.695871353149414, ""z"": 0.0, ""velocity"": 0.0, ""snr"": 0.0}, {""x"": 1.307845115661621, ""y"": 1.638472080230713, ""z"": 0.0, ""velocity"": 0.0, ""snr"": 0.0}]","[139684.0, 210784.0, 145348.0, 44568.0, 17019.0, 47132.0, 45036.0, 16639.0, 4405.0, 5962.0, 11009.0, 10852.0, 14186.0, 29165.0, 69682.0, 79556.0, 60789.0, 99791.0, 62593.0, 14458.0, 7231.0, 5649.0, 5235.0, 3447.0, 3476.0, 3966.0, 5523.0, 6848.0, 10357.0, 12870.0, 10335.0, 7871.0, 12335.0, 25302.0, 64285.0, 66639.0, 42163.0, 31599.0, 21567.0, 11363.0, 17213.0, 12991.0, 9378.0, 9231.0, 17189.0, 35745.0, 43135.0, 24557.0, 14109.0, 11209.0, 12075.0, 11916.0, 10103.0, 8995.0, 9445.0, 6321.0, 5829.0, 5475.0, 4333.0, 4355.0, 3625.0, 3896.0, 4456.0, 3869.0, 4538.0, 6487.0, 8420.0, 7192.0, 6988.0, 6442.0, 4562.0, 3639.0, 3723.0, 5211.0, 4966.0, 3938.0, 3111.0, 3614.0, 3844.0, 4203.0, 5003.0, 4458.0, 3768.0, 3512.0, 3178.0, 3628.0, 7433.0, 9480.0, 5965.0, 2939.0, 3471.0, 3347.0, 3774.0, 3943.0, 2688.0, 2987.0, 3058.0, 2887.0, 3079.0, 3447.0, 3151.0, 3014.0, 2722.0, 3032.0, 3139.0, 3476.0, 2916.0, 2712.0, 3163.0, 3246.0, 3677.0, 5547.0, 5714.0, 3480.0, 2408.0, 2329.0, 2357.0, 2389.0, 2191.0, 2022.0, 1902.0, 2036.0, 1767.0, 1796.0, 1533.0, 1526.0, 1439.0, 1668.0]",57160236.397155896
5,0.8,10,"[{""x"": -0.23156404495239258, ""y"": 0.6269216537475586, ""z"": 0.0, ""velocity"": 0.0, ""snr"": 0.0}, {""x"": -0.2682209014892578, ""y"": 0.6279945373535156, ""z"": 0.0, ""velocity"": 0.0, ""snr"": 0.0}, {""x"": -0.30487775802612305, ""y"": 0.7281303405761719, ""z"": 0.0, ""velocity"": 0.0, ""snr"": 0.0}, {""x"": -0.15467405319213867, ""y"": 1.554429531097412, ""z"": 0.0, ""velocity"": 0.0, ""snr"": 0.0}, {""x"": -0.15932321548461914, ""y"": 1.5676617622375488, ""z"": 0.0, ""velocity"": 0.0, ""snr"": 0.0}, {""x"": -0.17076730728149414, ""y"": 1.5805363655090332, ""z"": 0.0, ""velocity"": 0.0, ""snr"": 0.0}, {""x"": -0.13715028762817383, ""y"": 1.6189813613891602, ""z"": 0.0, ""velocity"": 0.0, ""snr"": 0.0}, {""x"": -0.20295381546020508, ""y"": 1.6601085662841797, ""z"": 0.0, ""velocity"": 0.0, ""snr"": 0.0}, {""x"": 1.2840628623962402, ""y"": 1.66243314743042, ""z"": 0.0, ""velocity"": 0.0, ""snr"": 0.0}, {""x"": 1.336812973022461, ""y"": 1.644909381866455, ""z"": 0.0, ""velocity"": 0.0, ""snr"": 0.0}]","[139769.0, 211051.0, 145717.0, 45979.0, 54604.0, 81656.0, 63758.0, 26412.0, 5774.0, 5385.0, 7152.0, 11599.0, 16585.0, 22551.0, 58244.0, 65457.0, 63902.0, 98238.0, 65612.0, 18677.0, 7921.0, 6984.0, 7599.0, 6164.0, 3636.0, 4912.0, 5011.0, 5408.0, 8485.0, 12660.0, 10238.0, 7926.0, 12652.0, 29269.0, 69945.0, 70275.0, 41726.0, 29496.0, 21550.0, 11352.0, 11764.0, 11393.0, 12322.0, 12006.0, 17253.0, 36244.0, 45590.0, 29077.0, 12405.0, 12443.0, 15062.0, 15395.0, 11329.0, 10334.0, 10212.0, 6879.0, 5523.0, 6037.0, 4926.0, 4849.0, 4495.0, 4504.0, 3721.0, 4738.0, 4984.0, 7976.0, 9408.0, 6185.0, 8049.0, 7391.0, 4336.0, 5336.0, 6089.0, 6273.0, 4922.0, 3925.0, 3495.0, 3765.0, 4088.0, 4106.0, 5506.0, 4540.0, 3649.0, 3500.0, 3375.0, 4111.0, 7197.0, 8591.0, 5383.0, 3021.0, 3102.0, 2954.0, 3686.0, 4353.0, 3483.0, 2859.0, 2998.0, 2922.0, 2787.0, 3242.0, 3089.0, 3046.0, 2698.0, 3071.0, 3091.0, 3703.0, 3557.0, 2541.0, 2967.0, 3120.0, 3580.0, 5146.0, 4823.0, 2985.0, 2532.0, 2564.0, 2609.0, 2656.0, 2182.0, 2140.0, 2019.0, 1901.0, 1938.0, 1867.0, 1694.0, 1659.0, 1417.0, 1678.0]",56017371.84192151
6,0.8,13,"[{""x"": -0.3733634948730469, ""y"": 0.6315708160400391, ""z"": 0.0, ""velocity"": 0.0, ""snr"": 0.0}, {""x"": -0.2358555793762207, ""y"": 0.6328225135803223, ""z"": 0.0, ""velocity"": 0.0, ""snr"": 0.0}, {""x"": -0.2853870391845703, ""y"": 0.6351470947265625, ""z"": 0.0, ""velocity"": 0.0, ""snr"": 0.0}, {""x"": -0.12445449829101562, ""y"": 1.553177833557129, ""z"": 0.0, ""velocity"": 0.0, ""snr"": 0.0}, {""x"": -0.15503168106079102, ""y"": 1.5664100646972656, ""z"": 0.0, ""velocity"": 0.0, ""snr"": 0.0}, {""x"": -0.1639723777770996, ""y"": 1.5785694122314453, ""z"": 0.0, ""velocity"": 0.0, ""snr"": 0.0}, {""x"": -0.16933679580688477, ""y"": 1.612544059753418, ""z"": 0.0, ""velocity"": 0.0, ""snr"": 0.0}, {""x"": -0.2281665802001953, ""y"": 1.6551017761230469, ""z"": 0.0, ""velocity"": 0.0, ""snr"": 0.0}, {""x"": 0.06222724914550781, ""y"": 0.24515390396118164, ""z"": 0.0, ""velocity"": 0.0, ""snr"": 0.0}, {""x"": 0.08636713027954102, ""y"": 0.1913309097290039, ""z"": 0.0, ""velocity"": 0.0, ""snr"": 0.0}, {""x"": 0.0776052474975586, ""y"": 0.2276301383972168, ""z"": 0.0, ""velocity"": 0.0, ""snr"": 0.0}, {""x"": 1.2738704681396484, ""y"": 1.6710162162780762, ""z"": 0.0, ""velocity"": 0.0, ""snr"": 0.0}, {""x"": 1.3775825500488281, ""y"": 1.6044974327087402, ""z"": 0.0, ""velocity"": 0.0, ""snr"": 0.0}]","[139489.0, 211090.0, 146023.0, 47614.0, 57373.0, 109342.0, 102037.0, 40544.0, 5237.0, 3759.0, 4236.0, 10846.0, 16952.0, 5016.0, 9198.0, 15361.0, 12089.0, 9601.0, 11650.0, 15795.0, 36570.0, 37017.0, 24550.0, 20209.0, 21627.0, 11975.0, 11840.0, 9731.0, 9108.0, 8337.0, 16164.0, 30591.0, 34296.0, 19897.0, 9279.0, 8684.0, 15951.0, 16008.0, 11835.0, 8262.0, 7749.0, 6251.0, 5491.0, 4702.0, 4620.0, 5419.0, 5196.0, 4407.0, 4305.0, 4159.0, 3991.0, 5106.0, 6959.0, 4623.0, 5917.0, 5531.0, 3628.0, 3039.0, 3790.0, 5515.0, 4780.0, 3636.0, 3063.0, 3525.0, 4270.0, 4042.0, 3470.0, 3132.0, 3624.0, 3620.0, 3583.0, 3734.0, 7049.0, 8789.0, 5573.0, 2851.0, 2928.0, 3657.0, 4141.0, 4106.0, 3385.0, 3430.0, 3393.0, 2547.0, 2861.0, 3240.0, 3054.0, 3070.0, 2909.0, 2515.0, 2883.0, 3047.0, 2619.0, 3339.0, 3224.0, 2484.0, 3139.0, 5787.0, 6293.0, 3716.0, 2302.0, 2287.0, 2196.0, 2068.0, 1942.0, 1975.0, 1828.0, 1944.0, 1972.0, 1831.0, 1624.0, 1515.0, 1633.0, 1581.0, 0.0, 16908288.0, 84280068.0, 50333448.0, 46138629.0, 1680998400.0, 35258378.0, 0.0, 720896.0, 131072.0, 4294901760.0, 19791871.0, 8519680.0, 2147483648.0]",114876880.07662861
7,0.8,10,"[{""x"": -0.4321932792663574, ""y"": 0.6635785102844238, ""z"": 0.0, ""velocity"": 0.0, ""snr"": 0.0}, {""x"": -0.2206563949584961, ""y"": 0.664830207824707, ""z"": 0.0, ""velocity"": 0.0, ""snr"": 0.0}, {""x"": -0.26786327362060547, ""y"": 0.6743073463439941, ""z"": 0.0, ""velocity"": 0.0, ""snr"": 0.0}, {""x"": -0.1838207244873047, ""y"": 0.656425952911377, ""z"": 0.0, ""velocity"": 0.0, ""snr"": 0.0}, {""x"": -0.1328587532043457, ""y"": 1.5742778778076172, ""z"": 0.0, ""velocity"": 0.0, ""snr"": 0.0}, {""x"": -0.13947486877441406, ""y"": 1.5919804573059082, ""z"": 0.0, ""velocity"": 0.0, ""snr"": 0.0}, {""x"": -0.15503168106079102, ""y"": 1.6298890113830566, ""z"": 0.0, ""velocity"": 0.0, ""snr"": 0.0}, {""x"": -0.15753507614135742, ""y"": 1.6717314720153809, ""z"": 0.0, ""velocity"": 0.0, ""snr"": 0.0}, {""x"": 0.07957220077514648, ""y"": 0.22369623184204102, ""z"": 0.0, ""velocity"": 0.0, ""snr"": 0.0}, {""x"": 1.3083815574645996, ""y"": 1.636505126953125, ""z"": 0.0, ""velocity"": 0.0, ""snr"": 0.0}]","[139658.0, 210586.0, 145297.0, 43883.0, 30534.0, 55331.0, 45807.0, 22345.0, 7956.0, 6318.0, 6516.0, 5160.0, 6814.0, 8243.0, 38503.0, 65481.0, 66380.0, 51378.0, 23928.0, 13712.0, 1732771840.0, 1088225280.0, 492371968.0, 746848256.0, 1098645504.0, 973996032.0, 699203584.0, 1060044800.0, 2304376832.0, 2754478080.0, 1460207616.0, 372965376.0, 641400832.0, 880476160.0, 995033088.0, 799539200.0, 672464896.0, 606011392.0, 470155264.0, 401276928.0, 355336192.0, 275709952.0, 283836416.0, 249495552.0, 265945088.0, 227278848.0, 291110912.0, 332726272.0, 308084736.0, 368771072.0, 388497408.0, 328269824.0, 305201152.0, 255000576.0, 249167872.0, 231538688.0, 311885824.0, 327024640.0, 210436096.0, 222953472.0, 250019840.0, 277938176.0, 237109248.0, 234815488.0, 270532608.0, 301465600.0, 253100032.0, 263847936.0, 309067776.0, 451805184.0, 454557696.0, 228720640.0, 227672064.0, 254017536.0, 231604224.0, 215023616.0, 215810048.0, 177143808.0, 171900928.0, 154271744.0, 151322624.0, 179961856.0, 208076800.0, 170524672.0, 170000384.0, 162725888.0, 162660352.0, 172883968.0, 159645696.0, 132448256.0, 230621184.0, 252051456.0, 186187776.0, 182648832.0, 199491584.0, 188809216.0, 158400512.0, 145293312.0, 143327232.0, 134610944.0, 132251648.0, 147587072.0, 146145280.0, 122159104.0, 117047296.0, 128122880.0, 117637120.0, 114491392.0, 108396544.0, 105971712.0, 103546880.0, 0.0, 0.0, 0.0, 0.0, 16908288.0, 84280068.0, 50333448.0, 44041477.0, 1680998400.0, 35389450.0, 0.0, 524288.0, 131072.0, 4294901760.0, 19791871.0, 6553600.0, 2147483648.0]",304725334.4773795
8,0.8,11,"[{""x"": -0.2353191375732422, ""y"": 0.7089972496032715, ""z"": 0.0, ""velocity"": 0.0, ""snr"": 0.0}, {""x"": -0.2932548522949219, ""y"": 0.7075667381286621, ""z"": 0.0, ""velocity"": 0.0, ""snr"": 0.0}, {""x"": -0.1380443572998047, ""y"": 0.6954073905944824, ""z"": 0.0, ""velocity"": 0.0, ""snr"": 0.0}, {""x"": -0.15109777450561523, ""y"": 1.573026180267334, ""z"": 0.0, ""velocity"": 0.0, ""snr"": 0.0}, {""x"": -0.12195110321044922, ""y"": 1.59376859664917, ""z"": 0.0, ""velocity"": 0.0, ""snr"": 0.0}, {""x"": 0.0037550926208496094, ""y"": 0.2358555793762207, ""z"": 0.0, ""velocity"": 0.0, ""snr"": 0.0}, {""x"": 0.004649162292480469, ""y"": 0.24139881134033203, ""z"": 0.0, ""velocity"": 0.0, ""snr"": 0.0}, {""x"": -0.02682209014892578, ""y"": 0.6614327430725098, ""z"": 0.0, ""velocity"": 0.0, ""snr"": 0.0}, {""x"": -0.06079673767089844, ""y"": 1.6341805458068848, ""z"": 0.0, ""velocity"": 0.0, ""snr"": 0.0}, {""x"": -0.08869171142578125, ""y"": 1.6742348670959473, ""z"": 0.0, ""velocity"": 0.0, ""snr"": 0.0}, {""x"": 1.381516456604004, ""y"": 1.5653371810913086, ""z"": 0.0, ""velocity"": 0.0, ""snr"": 0.0}]","[139944.0, 211035.0, 145599.0, 45629.0, 69067.0, 129276.0, 94607.0, 25947.0, 5771.0, 10539.0, 11361.0, 10714.0, 13302.0, 14976.0, 28367.0, 40701.0, 59102.0, 66175.0, 34799.0, 10412.0, 6802.0, 4957.0, 5226.0, 4066.0, 3105.0, 3098.0, 4899.0, 6673.0, 7500.0, 13656.0, 11451.0, 7808.0, 13799.0, 14495.0, 37814.0, 42872.0, 33309.0, 26252.0, 22682.0, 11549.0, 11222.0, 11245.0, 8515.0, 9334.0, 18592.0, 32561.0, 33696.0, 17109.0, 15764.0, 12274.0, 14795.0, 15294.0, 11499.0, 8943.0, 9204.0, 7339.0, 4898.0, 5019.0, 4855.0, 6157.0, 5935.0, 4197.0, 3649.0, 4640.0, 5464.0, 5811.0, 7457.0, 5046.0, 6325.0, 6379.0, 4281.0, 3423.0, 3630.0, 5388.0, 4445.0, 3599.0, 2959.0, 3212.0, 5677.0, 5688.0, 5102.0, 5221.0, 4953.0, 4658.0, 4594.0, 5141.0, 7576.0, 9094.0, 5542.0, 3304.0, 5467.0, 5080.0, 3659.0, 3741.0, 3669.0, 2931.0, 2682.0, 3066.0, 3577.0, 3573.0, 3342.0, 3020.0, 3184.0, 2820.0, 3242.0, 3487.0, 2615.0, 3292.0, 3884.0, 2855.0, 3408.0, 6074.0, 6539.0, 4121.0, 2528.0, 2405.0, 2332.0, 2277.0, 2253.0, 1992.0, 1959.0, 1915.0, 1910.0, 1810.0, 1718.0, 1806.0, 1607.0, 1502.0]",60952628.21914099
9,0.8,12,"[{""x"": -0.39947032928466797, ""y"": 0.5739927291870117, ""z"": 0.0, ""velocity"": 0.0, ""snr"": 0.0}, {""x"": -0.32776594161987305, ""y"": 0.5779266357421875, ""z"": 0.0, ""velocity"": 0.0, ""snr"": 0.0}, {""x"": -0.3676414489746094, ""y"": 0.6541013717651367, ""z"": 0.0, ""velocity"": 0.0, ""snr"": 0.0}, {""x"": -0.3619194030761719, ""y"": 0.6787776947021484, ""z"": 0.0, ""velocity"": 0.0, ""snr"": 0.0}, {""x"": -0.40733814239501953, ""y"": 0.6635785102844238, ""z"": 0.0, ""velocity"": 0.0, ""snr"": 0.0}, {""x"": -0.15503168106079102, ""y"": 1.5497803688049316, ""z"": 0.0, ""velocity"": 0.0, ""snr"": 0.0}, {""x"": -0.17112493515014648, ""y"": 1.5671253204345703, ""z"": 0.0, ""velocity"": 0.0, ""snr"": 0.0}, {""x"": -0.17023086547851562, ""y"": 1.5816092491149902, ""z"": 0.0, ""velocity"": 0.0, ""snr"": 0.0}, {""x"": -0.12105703353881836, ""y"": 1.623094081878662, ""z"": 0.0, ""velocity"": 0.0, ""snr"": 0.0}, {""x"": -0.14358758926391602, ""y"": 1.6665458679199219, ""z"": 0.0, ""velocity"": 0.0, ""snr"": 0.0}, {""x"": 1.3593435287475586, ""y"": 1.5930533409118652, ""z"": 0.0, ""velocity"": 0.0, ""snr"": 0.0}, {""x"": 1.243293285369873, ""y"": 0.7762312889099121, ""z"": 0.0, ""velocity"": 0.0, ""snr"": 0.0}]","[139468.0, 210775.0, 145580.0, 44448.0, 22673.0, 60119.0, 73220.0, 38611.0, 10747.0, 6998.0, 7877.0, 9944.0, 15732.0, 17324.0, 29760.0, 35492.0, 50099.0, 68671.0, 33077.0, 10153.0, 8229.0, 5850.0, 5715.0, 4938.0, 3766.0, 3592.0, 4456.0, 5249.0, 9161.0, 10348.0, 7905.0, 9316.0, 14615.0, 21857.0, 54314.0, 54670.0, 33839.0, 25695.0, 21340.0, 7699.0, 10959.0, 13734.0, 10617.0, 9458.0, 15920.0, 31841.0, 37765.0, 21285.0, 13958.0, 10032.0, 13682.0, 14867.0, 12229.0, 9726.0, 9524.0, 6614.0, 4444.0, 5486.0, 5530.0, 5642.0, 4735.0, 3839.0, 3560.0, 4123.0, 3875.0, 6599.0, 8082.0, 5346.0, 6904.0, 7115.0, 5538.0, 4175.0, 4511.0, 6493.0, 4706.0, 4158.0, 3686.0, 3639.0, 4238.0, 3817.0, 4094.0, 4495.0, 4308.0, 3530.0, 3039.0, 3507.0, 7659.0, 9555.0, 5716.0, 3112.0, 4584.0, 3438.0, 3329.0, 3280.0, 3565.0, 2926.0, 3061.0, 3435.0, 3101.0, 3075.0, 3212.0, 2520.0, 2641.0, 2724.0, 3083.0, 3385.0, 3092.0, 3128.0, 3491.0, 2883.0, 3274.0, 5536.0, 5907.0, 3834.0, 2307.0, 2251.0, 2397.0, 2383.0, 2437.0, 2117.0, 2158.0, 1846.0, 1854.0, 1768.0, 1689.0, 1681.0, 1573.0, 1457.0]",59732383.90719983
