frame_index,confidence,accel_x,accel_y,accel_z,gyro_x,gyro_y,gyro_z,quat,trajectory
0,0.95,0.935,-0.376,-0.154,2.41,-1.25,4.94,null,null
1,0.95,0.93,-0.385,-0.148,0.55,-0.7,3.72,null,null
2,0.95,0.929,-0.413,-0.172,0.21,0.18,-1.68,null,null
3,0.95,0.924,-0.387,-0.151,-2.72,4.73,-8.3,null,null
4,0.95,0.924,-0.36,-0.133,-6.23,8.51,-12.7,null,null
5,0.95,0.933,-0.339,-0.122,-7.32,8.7,-15.78,null,null
6,0.95,0.939,-0.313,-0.113,-8.36,7.81,-18.86,null,null
7,0.95,0.942,-0.281,-0.114,-10.19,7.78,-20.75,null,null
8,0.95,0.949,-0.276,-0.114,-11.29,9.19,-21.88,null,null
9,0.95,0.949,-0.294,-0.132,-11.44,7.66,-26.18,null,null
10,0.95,0.931,-0.339,-0.131,-11.93,17.73,-37.45,null,null
11,0.95,0.925,-0.317,-0.121,-10.47,23.77,-52.83,null,null
12,0.95,0.911,-0.288,-0.108,-22.92,23.5,-66.38,null,null
13,0.95,0.91,-0.225,-0.096,-29.18,32.11,-88.47,null,null
14,0.95,0.867,-0.102,-0.072,-29.36,45.47,-106.3,null,null
15,0.95,0.81,0.108,0.097,-24.17,56.25,-118.47,null,null
16,0.95,0.774,0.261,0.131,-10.93,54.48,-126.68,null,null
17,0.95,0.68,0.458,0.198,-6.68,51.45,-123.26,null,null
18,0.95,0.666,0.523,0.204,-19.14,45.08,-111.45,null,null
19,0.95,0.684,0.494,0.185,-41.96,57.89,-104.92,null,null
20,0.95,0.52,0.626,0.476,-17.21,78.01,-121.19,null,null
21,0.95,0.44,0.777,0.442,19.35,50.29,-121.28,null,null
22,0.95,0.365,0.862,0.429,-30.0,37.29,-103.79,null,null
23,0.95,0.358,0.9,0.459,-25.64,40.53,-84.51,null,null
24,0.95,0.281,0.952,0.56,-34.85,38.79,-84.69,null,null
25,0.95,0.244,0.949,0.55,-16.91,25.33,-78.31,null,null
26,0.95,0.172,0.987,0.571,17.0,25.06,-76.66,null,null
27,0.95,0.098,1.078,0.557,23.29,17.37,-67.32,null,null
28,0.95,0.092,1.083,0.518,10.07,6.5,-37.97,null,null
29,0.95,0.078,1.015,0.537,-1.1,3.69,-16.97,null,null
30,0.95,0.053,1.006,0.499,8.85,-0.89,-9.61,null,null
31,0.95,0.052,0.948,0.462,1.8,-5.25,2.35,null,null
32,0.95,0.063,0.86,0.431,-1.13,-6.9,8.51,null,null
33,0.95,0.051,0.823,0.423,-3.94,-4.61,4.49,null,null
34,0.95,0.074,0.83,0.413,-4.06,-2.9,-3.48,null,null
35,0.95,0.068,0.871,0.449,-6.74,2.23,-3.02,null,null
36,0.95,0.073,0.865,0.465,-6.07,-0.95,-1.8,null,null
37,0.95,0.073,0.879,0.462,-2.81,-0.21,-0.85,null,null
38,0.95,0.064,0.886,0.47,-1.62,-0.49,-2.32,null,null
39,0.95,0.055,0.908,0.463,-0.06,-1.16,-0.03,null,null
40,0.95,0.066,0.899,0.469,0.67,-0.46,3.72,null,null
41,0.95,0.074,0.88,0.459,1.8,-0.98,4.43,null,null
42,0.95,0.072,0.864,0.477,1.19,-1.01,5.71,null,null
43,0.95,0.087,0.858,0.465,-1.25,-0.52,3.81,null,null
44,0.95,0.072,0.87,0.458,1.43,-1.13,1.92,null,null
45,0.95,0.09,0.85,0.461,1.74,-1.53,4.49,null,null
46,0.95,0.089,0.874,0.462,1.16,0.18,2.62,null,null
47,0.95,0.091,0.878,0.471,1.04,0.52,2.69,null,null
48,0.95,0.102,0.86,0.465,0.4,-1.62,3.57,null,null
49,0.95,0.091,0.872,0.464,3.72,-0.4,0.92,null,null
50,0.95,0.104,0.86,0.477,-0.27,0.34,0.55,null,null
51,0.95,0.096,0.874,0.464,0.73,-0.79,2.26,null,null
52,0.95,0.096,0.858,0.469,1.07,-1.83,0.76,null,null
53,0.95,0.104,0.862,0.442,0.12,-1.16,0.49,null,null
54,0.95,0.097,0.883,0.449,-1.89,-1.34,1.07,null,null
0,0.95,0.112,0.879,0.465,2.53,0.85,-1.74,null,null
1,0.95,0.108,0.888,0.482,3.33,-0.34,2.29,null,null
2,0.95,0.116,0.877,0.46,6.26,-5.28,4.39,null,null
3,0.95,0.115,0.883,0.441,1.19,-2.75,2.41,null,null
4,0.95,0.125,0.863,0.448,1.92,-2.9,4.46,null,null
5,0.95,0.149,0.892,0.468,4.03,-3.36,5.22,null,null
6,0.95,0.146,1.033,0.489,4.46,-11.57,21.24,null,null
7,0.95,0.152,1.151,0.508,21.85,-13.95,46.14,null,null
8,0.95,0.33,0.925,0.418,23.77,-23.32,100.28,null,null
9,0.95,0.426,0.837,0.311,25.85,-23.62,113.65,null,null
10,0.95,0.605,0.75,0.24,36.65,-32.44,129.15,null,null
11,0.95,0.693,0.508,0.206,28.2,-53.32,174.17,null,null
12,0.95,0.834,-0.06,-0.042,71.11,-43.55,146.28,null,null
13,0.95,0.898,-0.385,-0.09,61.86,-27.01,99.15,null,null
14,0.95,0.885,-0.512,-0.039,40.16,-14.71,40.1,null,null
15,0.95,0.863,-0.447,0.002,24.66,-5.28,15.11,null,null
16,0.95,0.861,-0.546,-0.031,-14.62,3.2,-40.77,null,null
17,0.95,0.888,-0.345,-0.027,-30.49,13.67,-72.76,null,null
18,0.95,0.913,-0.101,-0.006,-42.76,14.07,-79.13,null,null
19,0.95,0.897,0.061,0.04,-33.36,21.09,-92.38,null,null
20,0.95,0.834,0.318,0.099,-31.31,20.05,-94.42,null,null
21,0.95,0.875,0.431,0.119,-15.87,13.34,-84.35,null,null
22,0.95,0.854,0.546,0.165,-3.97,11.41,-78.71,null,null
23,0.95,0.679,0.666,0.147,-12.12,1.22,-93.6,null,null
24,0.95,0.509,0.651,0.229,11.63,24.72,-119.24,null,null
25,0.95,0.272,0.789,0.193,-15.59,-1.98,-92.04,null,null
26,0.95,0.007,0.88,0.345,-2.23,17.73,-135.2,null,null
27,0.95,-0.142,1.382,0.266,-21.49,-16.85,-75.26,null,null
28,0.95,-0.088,1.278,0.263,3.02,-8.73,-36.68,null,null
29,0.95,-0.089,1.18,0.203,-11.54,-12.3,-10.65,null,null
30,0.95,-0.109,1.134,0.201,6.62,-3.63,-12.12,null,null
31,0.95,-0.119,1.095,0.184,15.29,0.49,-4.18,null,null
32,0.95,-0.097,0.982,0.215,-0.7,3.3,8.7,null,null
33,0.95,-0.079,0.949,0.235,0.09,4.3,8.48,null,null
34,0.95,-0.07,0.913,0.24,-0.58,0.4,7.35,null,null
35,0.95,-0.088,0.949,0.227,-2.78,-1.01,3.94,null,null
36,0.95,-0.084,0.934,0.219,-1.5,-1.86,3.69,null,null
37,0.95,-0.083,0.946,0.224,-0.18,3.39,1.1,null,null
38,0.95,-0.082,0.95,0.237,2.62,0.37,3.2,null,null
39,0.95,-0.059,0.965,0.21,8.18,2.62,0.79,null,null
40,0.95,-0.061,0.959,0.241,1.62,2.96,1.95,null,null
41,0.95,-0.059,0.984,0.216,-0.82,2.62,0.85,null,null
42,0.95,-0.059,0.964,0.26,-2.01,-0.58,3.88,null,null
43,0.95,-0.068,0.97,0.216,1.59,-0.89,2.78,null,null
44,0.95,-0.067,0.977,0.205,1.37,-1.43,1.74,null,null
45,0.95,-0.058,0.971,0.218,-0.31,0.52,5.95,null,null
46,0.95,-0.057,0.968,0.192,1.25,-0.4,4.09,null,null
47,0.95,-0.064,0.975,0.214,0.58,0.49,5.58,null,null
48,0.95,-0.031,0.963,0.214,-2.2,1.89,6.56,null,null
49,0.95,-0.036,0.944,0.241,-2.75,2.84,6.53,null,null
50,0.95,-0.035,0.945,0.227,7.87,-0.27,-0.46,null,null
51,0.95,-0.041,0.98,0.201,26.37,3.97,-5.43,null,null
52,0.95,-0.018,0.949,0.199,-7.54,-0.73,8.36,null,null
53,0.95,-0.037,0.995,0.19,6.13,0.03,1.4,null,null
54,0.95,-0.032,0.956,0.2,-6.16,-1.77,5.86,null,null
55,0.95,-0.018,0.969,0.197,0.67,0.15,3.05,null,null
0,0.95,-0.017,0.932,0.205,1.34,-0.89,3.75,null,null
1,0.95,-0.012,0.996,0.227,3.75,-1.53,-3.81,null,null
2,0.95,-0.006,0.992,0.185,-3.42,-4.85,11.17,null,null
3,0.95,0.016,0.955,0.15,-3.81,-2.14,12.85,null,null
4,0.95,0.017,0.967,0.183,-4.0,2.2,7.81,null,null
5,0.95,0.045,0.965,0.195,-0.27,3.45,5.89,null,null
6,0.95,0.066,0.951,0.218,-1.07,2.38,1.71,null,null
7,0.95,0.05,0.947,0.19,0.73,0.03,3.63,null,null
8,0.95,0.032,0.991,0.188,1.19,-0.09,-4.55,null,null
9,0.95,0.029,1.001,0.182,-0.52,-0.15,0.82,null,null
10,0.95,0.038,0.997,0.175,2.32,1.89,2.59,null,null
11,0.95,-0.03,1.374,0.185,10.35,-5.16,37.11,null,null
12,0.95,-0.332,1.841,0.165,48.65,-40.5,229.29,null,null
13,0.95,0.187,1.073,-0.004,84.75,36.26,285.56,null,null
14,0.95,0.552,-0.071,-0.04,84.02,3.48,282.88,null,null
15,0.95,0.665,-0.608,-0.012,52.31,-10.56,100.71,null,null
16,0.95,0.813,-0.813,-0.079,-55.02,2.75,-62.14,null,null
17,0.95,0.503,-0.645,-0.118,-65.58,24.54,-165.47,null,null
18,0.95,0.285,-0.04,0.093,-44.22,46.51,-269.66,null,null
19,0.95,-0.345,1.211,0.01,62.65,-36.71,-297.1,null,null
20,0.95,-0.469,1.643,-0.212,-79.26,-5.4,-195.07,null,null
21,0.95,-0.397,1.826,-0.011,-75.41,42.63,-107.79,null,null
22,0.95,-0.139,1.174,0.211,-44.68,10.19,38.15,null,null
23,0.95,-0.12,0.864,0.23,-22.34,-6.23,29.66,null,null
24,0.95,-0.129,0.926,0.146,3.94,-1.31,-3.63,null,null
25,0.95,-0.168,0.954,0.127,4.85,-1.89,-4.73,null,null
26,0.95,-0.129,0.965,0.15,6.68,-0.49,-2.11,null,null
27,0.95,-0.129,0.973,0.166,-1.46,-1.43,3.69,null,null
28,0.95,-0.126,0.992,0.097,-0.24,-6.5,7.72,null,null
29,0.95,-0.121,0.974,0.184,-16.42,8.64,13.55,null,null
30,0.95,-0.113,0.958,0.168,7.39,-2.29,5.31,null,null
31,0.95,-0.112,0.97,0.18,-2.38,2.84,9.0,null,null
32,0.95,-0.1,0.969,0.163,-6.2,1.59,6.78,null,null
33,0.95,-0.1,0.944,0.223,-9.83,7.69,7.42,null,null
34,0.95,-0.046,0.989,0.161,-2.01,-1.89,4.52,null,null
35,0.95,-0.118,0.962,0.231,-4.15,3.81,11.2,null,null
36,0.95,-0.083,0.944,0.193,-4.46,-5.65,12.27,null,null
37,0.95,-0.035,0.91,0.167,5.28,-2.44,-3.36,null,null
38,0.95,-0.044,0.968,0.193,-10.04,5.37,-5.74,null,null
39,0.95,-0.114,1.07,0.219,5.83,-2.14,3.42,null,null
40,0.95,-0.073,0.925,0.221,-9.09,-5.95,16.14,null,null
41,0.95,-0.062,0.996,0.167,-1.34,-6.04,4.85,null,null
42,0.95,-0.046,0.981,0.212,0.43,1.56,0.15,null,null
43,0.95,-0.025,1.011,0.22,-0.12,-1.34,0.58,null,null
44,0.95,-0.045,1.012,0.216,0.85,-4.03,9.06,null,null
45,0.95,-0.052,0.957,0.194,2.26,-5.01,13.18,null,null
46,0.95,-0.043,0.933,0.192,1.59,-1.28,8.21,null,null
47,0.95,-0.024,0.945,0.175,-0.46,-1.31,4.12,null,null
48,0.95,-0.036,0.941,0.205,-0.58,-0.09,3.51,null,null
49,0.95,-0.015,0.928,0.174,0.58,-0.61,2.04,null,null
50,0.95,-0.012,0.955,0.209,1.13,2.32,-2.78,null,null
51,0.95,-0.015,0.976,0.203,-3.66,-0.24,-1.71,null,null
52,0.95,-0.018,0.989,0.198,2.84,0.92,-1.4,null,null
53,0.95,-0.003,0.981,0.222,-2.87,1.86,1.71,null,null
54,0.95,-0.017,1.001,0.202,4.27,-2.72,3.23,null,null
55,0.95,-0.01,0.978,0.212,3.05,-0.76,5.28,null,null
0,0.95,0.003,0.988,0.195,4.33,-1.37,3.85,null,null
1,0.95,-0.017,1.109,0.185,-10.53,-4.76,10.44,null,null
2,0.95,-0.222,1.685,0.227,-3.2,-41.26,148.69,null,null
3,0.95,0.319,0.934,0.145,42.09,-37.32,201.91,null,null
4,0.95,0.546,0.352,0.06,71.14,-15.9,153.78,null,null
5,0.95,0.669,0.48,-0.143,59.3,10.5,122.47,null,null
6,0.95,0.819,0.093,-0.048,53.68,28.08,121.34,null,null
7,0.95,0.983,-0.27,0.126,63.23,35.8,79.96,null,null
8,0.95,0.993,-0.226,0.1,20.23,9.55,29.85,null,null
9,0.95,1.026,-0.304,0.151,5.19,-5.95,13.52,null,null
10,0.95,0.902,-0.278,0.143,1.04,-10.1,-15.93,null,null
11,0.95,0.972,-0.069,0.029,-37.69,-9.86,-18.89,null,null
12,0.95,1.087,0.028,-0.058,-33.72,-11.26,7.84,null,null
13,0.95,1.098,0.057,-0.082,-39.74,-18.65,30.03,null,null
14,0.95,1.039,-0.094,-0.133,1.59,-24.35,49.87,null,null
15,0.95,0.896,-0.264,-0.118,14.83,-22.77,45.93,null,null
16,0.95,0.725,-0.832,-0.112,-43.76,-14.56,11.47,null,null
17,0.95,0.831,-0.578,-0.346,-32.75,-1.31,-61.59,null,null
18,0.95,0.868,-0.245,-0.446,-13.67,2.75,-33.11,null,null
19,0.95,0.861,-0.304,-0.35,-19.35,5.43,-19.84,null,null
20,0.95,0.844,-0.457,-0.333,-23.96,8.58,-40.74,null,null
21,0.95,0.777,-0.296,-0.331,-28.81,1.22,-85.6,null,null
22,0.95,0.775,-0.057,-0.303,-53.87,33.45,-106.85,null,null
23,0.95,0.677,0.161,-0.081,-52.37,54.99,-150.67,null,null
24,0.95,0.471,0.741,-0.015,-32.81,51.58,-189.52,null,null
25,0.95,0.306,0.845,0.115,-42.09,53.74,-181.83,null,null
26,0.95,0.044,1.317,0.515,-72.76,63.78,-150.94,null,null
27,0.95,0.035,1.672,0.53,14.07,33.78,-138.04,null,null
28,0.95,0.133,1.343,0.287,-39.28,1.86,-14.62,null,null
29,0.95,0.037,1.235,0.383,-3.78,7.29,-8.3,null,null
30,0.95,0.032,1.138,0.253,-8.33,-6.5,7.08,null,null
31,0.95,0.006,0.97,0.294,-3.81,-2.72,18.68,null,null
32,0.95,0.013,0.919,0.256,4.36,-2.56,9.58,null,null
33,0.95,0.017,0.911,0.263,1.59,-1.28,8.61,null,null
34,0.95,0.039,0.878,0.234,-1.65,-0.64,5.89,null,null
35,0.95,0.045,0.92,0.267,-0.27,-0.18,5.65,null,null
36,0.95,0.036,0.934,0.26,-0.67,2.53,2.53,null,null
37,0.95,0.053,0.945,0.283,-11.08,0.06,7.78,null,null
38,0.95,0.056,0.94,0.29,-6.35,3.2,-1.43,null,null
39,0.95,0.05,1.016,0.315,2.01,4.46,-1.01,null,null
40,0.95,0.102,1.007,0.299,7.66,-0.15,2.17,null,null
41,0.95,0.076,1.0,0.292,-2.81,0.49,15.69,null,null
42,0.95,0.084,0.901,0.315,-10.65,0.12,14.07,null,null
43,0.95,0.057,0.934,0.295,5.49,-2.11,6.38,null,null
44,0.95,0.079,0.889,0.257,5.49,1.8,2.75,null,null
45,0.95,0.078,1.009,0.306,12.42,7.42,-1.07,null,null
46,0.95,0.09,0.983,0.308,7.48,-5.43,18.49,null,null
47,0.95,0.128,0.923,0.268,2.47,-2.08,18.34,null,null
48,0.95,0.113,0.877,0.276,-2.62,-1.56,8.76,null,null
49,0.95,0.113,0.879,0.239,2.72,0.34,1.98,null,null
50,0.95,0.141,0.905,0.217,7.69,3.88,-5.34,null,null
51,0.95,0.153,0.952,0.254,0.0,5.95,-8.27,null,null
52,0.95,0.114,1.016,0.252,2.72,2.69,0.34,null,null
53,0.95,0.121,0.911,0.248,-2.56,1.68,8.09,null,null
54,0.95,0.146,0.915,0.277,1.95,7.08,-5.4,null,null
55,0.95,0.111,1.012,0.283,9.77,1.31,-8.94,null,null
0,0.95,0.105,0.912,0.26,3.05,1.37,-0.64,null,null
1,0.95,0.078,1.028,0.217,0.27,-1.56,-1.37,null,null
2,0.95,0.09,1.392,0.242,13.61,-1.74,26.64,null,null
3,0.95,0.15,1.39,0.314,0.15,-25.97,136.51,null,null
4,0.95,0.399,1.041,0.293,-12.05,23.19,172.95,null,null
5,0.95,0.447,0.435,0.331,5.28,-58.81,202.98,null,null
6,0.95,0.737,-0.02,0.025,57.74,-98.3,159.4,null,null
7,0.95,0.829,-0.504,-0.102,13.76,-3.05,149.51,null,null
8,0.95,0.74,-0.621,0.064,-15.96,-0.76,72.6,null,null
9,0.95,0.805,-0.519,0.056,-23.29,-6.84,13.92,null,null
10,0.95,0.911,-0.406,-0.213,-2.96,-24.57,-36.04,null,null
11,0.95,0.959,-0.108,-0.172,6.26,-3.69,-21.76,null,null
12,0.95,1.001,-0.287,-0.241,12.67,-16.97,5.52,null,null
13,0.95,0.926,-0.257,-0.169,8.88,-2.72,25.12,null,null
14,0.95,0.842,-0.409,-0.166,11.96,-8.24,30.18,null,null
15,0.95,0.743,-0.622,-0.265,-26.4,19.41,-60.3,null,null
16,0.95,0.777,-0.418,-0.169,-42.94,46.88,-99.64,null,null
17,0.95,0.881,-0.179,-0.037,-55.27,58.96,-115.79,null,null
18,0.95,0.658,0.186,0.103,-16.85,64.64,-183.17,null,null
19,0.95,0.285,0.632,0.458,-24.93,1.92,-136.66,null,null
20,0.95,0.38,0.605,0.337,-33.78,94.61,-180.67,null,null
21,0.95,-0.179,1.477,0.75,132.97,51.39,-272.44,null,null
22,0.95,-0.07,1.505,-0.009,-43.52,-11.6,-43.76,null,null
23,0.95,-0.093,1.243,0.083,-13.82,0.92,4.3,null,null
24,0.95,-0.07,0.971,0.109,-5.92,4.7,29.18,null,null
25,0.95,-0.027,0.906,0.154,-1.1,6.81,8.45,null,null
26,0.95,-0.032,0.947,0.195,-7.45,9.52,-1.25,null,null
27,0.95,0.006,0.977,0.206,-10.16,4.39,2.53,null,null
28,0.95,-0.006,0.981,0.215,-4.88,7.26,-0.46,null,null
29,0.95,-0.009,0.999,0.19,-9.83,2.72,9.4,null,null
30,0.95,-0.005,0.99,0.168,-13.21,6.96,9.49,null,null
31,0.95,0.007,0.965,0.232,-7.69,4.3,5.49,null,null
32,0.95,-0.012,0.979,0.223,-0.98,1.65,6.13,null,null
33,0.95,-0.006,0.931,0.18,-1.31,2.93,8.21,null,null
34,0.95,0.004,0.921,0.227,-10.71,7.48,6.04,null,null
35,0.95,0.025,0.937,0.235,-0.52,6.93,2.04,null,null
36,0.95,-0.016,1.021,0.3,6.74,-1.01,8.94,null,null
37,0.95,0.053,0.962,0.203,6.38,-15.02,22.43,null,null
38,0.95,0.068,0.919,0.216,1.34,0.7,7.81,null,null
39,0.95,0.048,0.98,0.207,-5.37,4.88,-7.29,null,null
40,0.95,0.062,0.993,0.245,1.37,8.76,-0.43,null,null
41,0.95,0.059,0.951,0.277,-8.79,4.55,2.44,null,null
42,0.95,0.031,0.954,0.265,6.53,-4.33,1.1,null,null
43,0.95,0.072,0.944,0.206,0.24,-7.93,5.07,null,null
44,0.95,0.044,0.968,0.186,4.03,-1.89,-2.08,null,null
45,0.95,0.035,0.963,0.18,1.16,0.43,0.89,null,null
46,0.95,0.04,0.963,0.201,-0.24,0.76,-1.04,null,null
47,0.95,0.051,0.98,0.178,-2.11,2.69,0.95,null,null
48,0.95,0.052,0.973,0.23,-2.75,3.2,-0.18,null,null
49,0.95,0.06,1.001,0.223,-4.18,4.82,1.25,null,null
50,0.95,0.063,0.968,0.23,-4.39,4.36,4.76,null,null
51,0.95,0.051,0.955,0.244,0.7,3.3,3.45,null,null
52,0.95,0.061,0.939,0.243,-1.71,1.71,3.81,null,null
53,0.95,0.057,0.926,0.23,-1.1,1.07,0.34,null,null
54,0.95,0.057,0.941,0.239,-2.44,1.22,-1.01,null,null
55,0.95,0.065,0.959,0.242,2.47,1.34,-2.41,null,null
0,0.95,0.072,0.976,0.26,2.69,0.43,0.58,null,null
1,0.95,0.057,0.948,0.232,1.59,-1.65,4.36,null,null
2,0.95,0.07,0.95,0.227,2.84,-3.02,2.69,null,null
3,0.95,0.079,0.97,0.175,8.67,-2.56,3.6,null,null
4,0.95,0.091,0.987,0.192,5.92,-1.22,7.57,null,null
5,0.95,0.113,0.985,0.196,4.39,-1.65,13.86,null,null
6,0.95,0.14,1.001,0.167,7.17,-4.67,15.2,null,null
7,0.95,0.112,1.437,0.218,13.52,-12.24,77.58,null,null
8,0.95,0.289,1.117,0.124,14.31,-73.92,162.27,null,null
9,0.95,0.542,0.779,0.044,36.68,-30.7,184.24,null,null
10,0.95,0.677,0.247,0.007,50.66,-20.45,169.1,null,null
11,0.95,0.825,-0.133,-0.099,45.72,-15.11,121.56,null,null
12,0.95,0.885,-0.249,-0.115,29.57,-2.96,89.51,null,null
13,0.95,0.924,-0.418,-0.082,31.53,-8.79,65.28,null,null
14,0.95,0.898,-0.463,-0.083,10.62,-16.97,32.53,null,null
15,0.95,0.896,-0.403,-0.139,16.24,-3.75,18.4,null,null
16,0.95,0.789,-0.607,-0.069,-3.63,-3.81,-6.26,null,null
17,0.95,0.791,-0.628,-0.1,-5.58,3.66,-3.11,null,null
18,0.95,0.785,-0.586,-0.069,-7.42,8.51,-5.95,null,null
19,0.95,0.792,-0.645,-0.075,-11.26,8.64,-11.9,null,null
20,0.95,0.791,-0.65,-0.062,-21.39,12.24,-44.98,null,null
21,0.95,0.842,-0.468,-0.081,-23.07,18.28,-63.6,null,null
22,0.95,0.921,-0.281,-0.042,-37.32,24.6,-62.26,null,null
23,0.95,0.936,-0.225,-0.022,-11.75,23.53,-77.64,null,null
24,0.95,0.885,-0.079,0.076,-38.18,30.76,-80.75,null,null
25,0.95,0.797,0.087,0.096,-2.72,30.64,-126.62,null,null
26,0.95,0.601,0.354,0.11,31.43,26.4,-173.25,null,null
27,0.95,0.446,0.32,0.176,85.06,18.16,-214.7,null,null
28,0.95,0.201,0.711,0.068,47.18,3.91,-222.02,null,null
29,0.95,0.085,0.769,0.052,-48.55,-16.72,-186.04,null,null
30,0.95,-0.094,0.857,0.214,-56.98,26.67,-209.23,null,null
31,0.95,-0.341,1.536,0.294,0.03,33.54,-257.82,null,null
32,0.95,-0.307,1.718,0.063,37.66,3.69,-89.85,null,null
33,0.95,-0.086,1.252,0.147,-78.95,-20.08,-24.93,null,null
34,0.95,-0.257,1.643,0.221,-2.72,-10.74,-35.65,null,null
35,0.95,-0.153,1.336,0.164,-19.44,-17.06,23.87,null,null
36,0.95,-0.148,1.09,0.201,-1.92,-5.62,29.08,null,null
37,0.95,-0.129,0.975,0.2,-14.34,-4.97,27.99,null,null
38,0.95,-0.109,0.876,0.21,3.14,-3.75,23.32,null,null
39,0.95,-0.096,0.889,0.202,-5.8,0.76,10.99,null,null
40,0.95,-0.083,0.889,0.234,-1.25,2.96,6.44,null,null
41,0.95,-0.059,0.914,0.236,0.58,2.32,-1.98,null,null
42,0.95,-0.073,0.975,0.233,7.11,-0.4,-3.78,null,null
43,0.95,-0.055,0.981,0.226,0.21,0.85,0.76,null,null
44,0.95,-0.068,1.003,0.233,1.86,0.37,0.27,null,null
45,0.95,-0.058,0.978,0.227,4.76,0.49,2.93,null,null
46,0.95,-0.057,0.963,0.218,2.44,-0.76,4.46,null,null
47,0.95,-0.06,0.964,0.211,2.11,-1.4,2.84,null,null
48,0.95,-0.05,0.96,0.204,-2.9,0.09,3.2,null,null
49,0.95,-0.061,0.989,0.224,1.5,0.7,2.17,null,null
50,0.95,-0.059,1.039,0.194,2.01,3.02,0.52,null,null
51,0.95,-0.056,0.988,0.237,3.97,3.88,9.86,null,null
52,0.95,-0.013,0.938,0.244,1.83,1.98,5.07,null,null
53,0.95,-0.064,0.995,0.179,13.79,-2.69,3.17,null,null
54,0.95,-0.031,0.89,0.191,1.46,5.46,9.06,null,null
55,0.95,-0.042,0.93,0.213,9.37,4.61,-3.57,null,null
0,0.95,-0.005,0.996,0.157,11.02,-4.15,-4.64,null,null
1,0.95,-0.036,0.91,0.133,6.62,-2.87,2.56,null,null
2,0.95,-0.033,0.965,0.114,9.61,2.08,-12.09,null,null
3,0.95,-0.071,1.011,0.103,2.38,4.0,0.55,null,null
4,0.95,-0.023,1.238,0.247,-65.92,-0.7,84.29,null,null
5,0.95,0.151,0.909,0.192,12.82,-11.02,55.21,null,null
6,0.95,0.164,0.85,0.059,26.55,-17.18,2.26,null,null
7,0.95,0.184,0.797,0.144,-11.99,11.54,37.48,null,null
8,0.95,0.313,0.964,0.199,-16.14,11.63,9.19,null,null
9,0.95,0.265,1.078,0.228,19.62,0.46,-4.67,null,null
10,0.95,0.327,0.988,0.169,23.47,-1.01,23.65,null,null
11,0.95,0.325,0.953,0.123,28.6,-9.28,12.82,null,null
12,0.95,0.38,0.89,0.176,-23.26,-6.47,42.12,null,null
13,0.95,0.42,0.846,0.057,-4.94,-9.61,12.6,null,null
14,0.95,0.473,0.801,0.134,-20.72,-1.43,20.11,null,null
15,0.95,0.652,-0.094,0.807,-12.57,-8.39,32.65,null,null
16,0.95,0.632,-0.263,0.576,-16.21,-11.87,16.3,null,null
17,0.95,0.669,-0.326,0.751,-35.77,-39.34,11.29,null,null
18,0.95,0.656,-0.377,0.482,-48.74,-87.68,18.74,null,null
19,0.95,0.752,-0.358,0.283,-51.36,-75.23,11.32,null,null
20,0.95,0.849,-0.405,0.082,-21.79,-36.77,13.34,null,null
21,0.95,0.857,-0.661,0.211,-56.4,-9.31,25.24,null,null
22,0.95,0.797,-0.457,0.022,-34.64,-33.36,-25.33,null,null
23,0.95,0.875,-0.178,-0.095,0.43,-13.12,-39.46,null,null
24,0.95,0.856,-0.467,-0.023,-10.71,-7.72,-12.7,null,null
25,0.95,0.808,-0.67,0.073,-15.17,-5.13,-52.4,null,null
26,0.95,0.894,-0.565,0.065,-62.81,7.29,-99.37,null,null
27,0.95,0.88,-0.301,0.041,-69.86,7.69,-118.75,null,null
28,0.95,0.751,-0.116,0.028,-76.6,8.51,-127.2,null,null
29,0.95,0.642,0.006,0.066,-66.41,28.5,-155.28,null,null
30,0.95,0.496,0.192,0.163,-62.14,37.08,-174.2,null,null
31,0.95,0.338,0.281,0.28,47.0,7.6,-205.91,null,null
32,0.95,0.187,0.592,0.11,30.85,-48.16,-253.7,null,null
33,0.95,-0.054,0.72,-0.177,50.66,-55.7,-293.83,null,null
34,0.95,-0.411,1.087,-0.093,-27.89,-17.06,-296.64,null,null
35,0.95,-0.619,1.789,-0.041,-25.09,-33.85,-288.64,null,null
36,0.95,-0.252,1.83,-0.492,-25.88,-33.54,-38.94,null,null
37,0.95,-0.147,1.406,-0.14,-51.45,10.44,-30.18,null,null
38,0.95,-0.229,1.508,-0.16,-17.3,-0.89,-33.97,null,null
39,0.95,-0.202,1.267,-0.091,-21.94,5.65,3.75,null,null
40,0.95,-0.153,1.168,-0.004,-4.52,9.83,13.86,null,null
41,0.95,-0.112,1.04,0.052,-25.67,4.46,27.04,null,null
42,0.95,-0.104,0.904,0.043,8.79,-0.18,13.37,null,null
43,0.95,-0.083,0.924,0.044,-11.26,6.81,8.82,null,null
44,0.95,-0.089,0.958,0.067,-5.19,-0.58,15.96,null,null
45,0.95,-0.077,0.934,0.03,-9.31,-0.85,6.26,null,null
46,0.95,-0.063,0.932,0.065,-7.42,-0.58,4.0,null,null
47,0.95,-0.068,0.998,0.078,-4.88,3.14,-0.34,null,null
48,0.95,-0.063,1.018,0.06,-1.68,0.15,1.71,null,null
49,0.95,-0.07,0.983,0.096,-8.03,1.68,3.54,null,null
50,0.95,-0.026,1.016,0.08,2.01,-4.97,10.86,null,null
51,0.95,-0.04,0.966,0.085,-9.37,2.47,5.77,null,null
52,0.95,-0.044,0.95,0.094,-2.17,0.55,1.04,null,null
53,0.95,-0.055,0.995,0.075,-1.86,0.15,0.21,null,null
54,0.95,-0.054,0.995,0.071,1.59,0.55,-2.93,null,null
55,0.95,-0.046,0.963,0.062,19.35,-4.39,-9.31,null,null
0,0.95,-0.068,0.996,0.029,11.72,2.99,-2.2,null,null
1,0.95,-0.05,0.954,0.054,-0.37,0.15,-1.16,null,null
2,0.95,-0.068,1.061,0.003,26.8,-1.07,-10.5,null,null
3,0.95,-0.106,1.469,-0.076,7.32,3.75,18.95,null,null
4,0.95,-0.16,1.207,-0.239,34.12,31.74,190.56,null,null
5,0.95,0.149,0.746,-0.225,23.87,32.23,180.94,null,null
6,0.95,0.322,0.653,-0.162,17.37,36.01,173.44,null,null
7,0.95,0.606,0.07,-0.163,-1.28,-55.54,200.45,null,null
8,0.95,0.799,-0.284,-0.194,-20.08,48.74,139.53,null,null
9,0.95,0.867,-0.422,0.034,-53.04,38.15,138.71,null,null
10,0.95,0.896,-0.658,-0.116,9.43,-6.47,15.81,null,null
11,0.95,0.948,-0.429,-0.28,-15.75,-0.4,-20.2,null,null
12,0.95,0.913,-0.217,-0.146,-12.88,12.42,-0.73,null,null
13,0.95,0.93,-0.225,-0.042,-29.48,9.83,47.36,null,null
14,0.95,0.943,-0.459,-0.042,22.49,-10.56,2.04,null,null
15,0.95,0.878,-0.443,-0.102,2.2,-2.23,2.75,null,null
16,0.95,0.863,-0.488,-0.116,-0.61,-2.32,2.59,null,null
17,0.95,0.867,-0.507,-0.146,1.65,0.55,-6.35,null,null
18,0.95,0.865,-0.673,-0.152,2.23,2.96,-19.29,null,null
19,0.95,0.534,-1.266,-0.335,-9.89,22.16,-153.05,null,null
20,0.95,0.1,-0.054,0.002,-10.07,63.63,-324.38,null,null
21,0.95,-1.009,0.853,0.47,73.0,102.69,-466.14,null,null
22,0.95,-0.582,2.372,-0.007,98.94,29.97,-243.11,null,null
23,0.95,-0.201,1.771,0.19,15.35,8.97,-17.64,null,null
24,0.95,-0.146,0.955,0.087,4.15,-14.74,55.91,null,null
25,0.95,-0.06,0.791,0.134,4.97,-4.52,8.24,null,null
26,0.95,-0.062,0.868,0.186,-20.23,1.28,2.17,null,null
27,0.95,-0.07,0.94,0.165,0.21,-1.83,-7.05,null,null
28,0.95,-0.085,1.015,0.187,-0.73,-7.78,0.61,null,null
29,0.95,-0.056,1.001,0.149,1.46,-12.76,2.38,null,null
30,0.95,-0.055,0.98,0.161,-5.68,-4.15,-1.89,null,null
31,0.95,-0.057,0.981,0.129,-3.3,-2.66,-2.75,null,null
32,0.95,-0.078,0.971,0.185,-2.93,-0.49,-4.79,null,null
33,0.95,-0.083,0.991,0.135,-7.23,0.12,-1.01,null,null
34,0.95,-0.084,0.968,0.191,-1.77,3.08,-0.82,null,null
35,0.95,-0.067,0.98,0.176,-4.97,-0.34,-2.29,null,null
36,0.95,-0.088,0.984,0.161,1.95,-2.66,-1.62,null,null
37,0.95,-0.076,0.967,0.14,-3.3,-0.15,-1.37,null,null
38,0.95,-0.091,0.97,0.181,2.62,0.27,-0.61,null,null
39,0.95,-0.078,0.95,0.161,-3.39,1.83,-1.16,null,null
40,0.95,-0.083,0.965,0.181,0.09,-0.67,-3.97,null,null
41,0.95,-0.076,0.957,0.184,-0.92,1.1,0.46,null,null
42,0.95,-0.093,0.983,0.183,2.96,1.37,-4.88,null,null
43,0.95,-0.074,0.981,0.182,1.8,0.76,-2.14,null,null
44,0.95,-0.155,0.971,0.184,7.72,0.46,-2.81,null,null
45,0.95,-0.111,1.023,0.133,8.21,4.55,-8.0,null,null
46,0.95,-0.109,0.998,0.2,5.98,2.5,3.57,null,null
47,0.95,-0.078,0.957,0.169,3.14,0.98,2.35,null,null
48,0.95,-0.064,0.943,0.12,14.56,1.65,3.54,null,null
49,0.95,-0.078,0.97,0.146,1.86,2.75,-2.47,null,null
50,0.95,-0.06,0.962,0.107,-2.53,3.54,3.57,null,null
51,0.95,-0.098,0.941,0.152,2.75,7.54,-2.11,null,null
52,0.95,-0.111,0.975,0.117,2.72,1.25,-1.92,null,null
53,0.95,-0.118,0.993,0.136,-4.79,4.24,-2.08,null,null
54,0.95,-0.094,0.973,0.154,3.72,2.9,-0.7,null,null
55,0.95,-0.1,1.001,0.149,-2.53,2.32,1.28,null,null
0,0.95,-0.091,0.953,0.157,-0.09,-0.98,0.27,null,null
1,0.95,-0.102,0.952,0.154,-5.83,-0.7,0.18,null,null
2,0.95,-0.11,1.02,0.167,-2.35,-0.52,0.06,null,null
3,0.95,-0.077,1.015,0.155,-1.83,-1.95,4.82,null,null
4,0.95,-0.084,0.995,0.155,1.34,-0.52,5.34,null,null
5,0.95,-0.088,0.924,0.145,12.12,2.38,-2.59,null,null
6,0.95,-0.051,1.182,0.048,-11.99,-4.55,44.43,null,null
7,0.95,-0.005,1.242,0.052,-4.03,-1.22,55.79,null,null
8,0.95,0.06,1.283,0.093,12.21,-0.82,121.4,null,null
9,0.95,0.272,0.909,0.052,14.86,-6.47,159.28,null,null
10,0.95,0.551,0.526,0.009,-18.8,4.43,138.95,null,null
11,0.95,0.722,0.289,-0.034,-4.27,-4.52,131.5,null,null
12,0.95,0.829,0.154,0.033,1.95,0.09,105.99,null,null
13,0.95,0.917,0.02,0.034,7.75,-22.06,98.06,null,null
14,0.95,1.002,-0.212,-0.004,0.4,-8.12,66.23,null,null
15,0.95,0.938,-0.244,-0.1,-8.27,3.63,-54.99,null,null
16,0.95,0.913,-0.011,-0.124,-13.98,8.79,-71.35,null,null
17,0.95,0.915,0.073,-0.069,-23.13,16.3,-83.35,null,null
18,0.95,0.854,0.374,-0.005,-14.28,11.57,-89.94,null,null
19,0.95,0.818,0.483,0.058,-44.53,12.3,-66.87,null,null
20,0.95,0.703,0.56,0.08,-16.97,14.8,-87.5,null,null
21,0.95,0.57,0.594,0.132,-45.69,25.85,-91.1,null,null
22,0.95,0.335,0.776,0.32,-50.23,32.23,-117.07,null,null
23,0.95,0.139,1.075,0.316,0.43,20.17,-141.61,null,null
24,0.95,-0.008,1.273,0.373,7.9,24.93,-94.85,null,null
25,0.95,-0.086,1.185,0.246,-9.74,-9.43,0.31,null,null
26,0.95,-0.07,1.047,0.229,4.76,-10.86,9.16,null,null
27,0.95,-0.054,0.929,0.219,-0.31,-4.58,15.5,null,null
28,0.95,-0.064,0.918,0.244,-0.7,2.08,9.43,null,null
29,0.95,-0.026,0.893,0.241,1.28,1.59,5.1,null,null
30,0.95,-0.029,0.911,0.286,-2.59,2.62,2.99,null,null
31,0.95,-0.03,0.959,0.3,-5.16,4.0,2.35,null,null
32,0.95,-0.006,0.915,0.291,-7.08,-0.89,3.51,null,null
33,0.95,-0.035,0.947,0.315,-2.78,1.68,-1.01,null,null
34,0.95,-0.023,0.961,0.29,-3.57,-0.58,0.98,null,null
35,0.95,-0.018,0.955,0.277,-0.18,-1.68,1.89,null,null
36,0.95,-0.038,0.948,0.291,0.46,-0.67,1.34,null,null
37,0.95,-0.031,0.941,0.279,-4.76,1.5,1.86,null,null
38,0.95,-0.023,0.943,0.278,-1.37,-0.49,1.65,null,null
39,0.95,-0.029,0.913,0.281,-0.46,3.33,0.64,null,null
40,0.95,-0.02,0.95,0.282,0.15,7.72,-1.43,null,null
41,0.95,-0.022,0.922,0.303,-3.27,3.72,-0.61,null,null
42,0.95,-0.027,0.959,0.287,2.53,2.69,-3.11,null,null
43,0.95,-0.021,0.944,0.337,0.06,0.15,-1.68,null,null
44,0.95,-0.022,0.955,0.283,-2.75,-0.34,1.56,null,null
45,0.95,-0.026,0.943,0.315,-0.43,0.89,-1.1,null,null
46,0.95,-0.018,0.95,0.297,5.89,-1.13,-1.4,null,null
47,0.95,-0.02,0.925,0.324,0.46,1.4,0.76,null,null
48,0.95,-0.024,0.976,0.263,1.95,0.21,-1.65,null,null
49,0.95,-0.028,0.924,0.308,0.46,-0.37,4.06,null,null
50,0.95,-0.028,0.932,0.302,-5.55,2.08,-1.46,null,null
51,0.95,-0.023,0.953,0.266,3.23,-2.38,-2.99,null,null
52,0.95,-0.03,0.937,0.339,3.57,1.16,-1.28,null,null
53,0.95,-0.042,0.953,0.274,0.49,-1.83,-0.58,null,null
54,0.95,-0.032,0.91,0.311,2.59,-0.89,-3.57,null,null
55,0.95,-0.029,0.955,0.277,0.27,-1.34,-3.72,null,null
0,0.95,-0.041,0.923,0.284,-0.12,-0.49,-1.22,null,null
1,0.95,-0.032,0.966,0.302,-1.28,0.34,-2.81,null,null
2,0.95,-0.052,1.07,0.3,-9.37,4.06,6.26,null,null
3,0.95,-0.066,1.354,0.335,25.42,-7.2,55.18,null,null
4,0.95,0.081,1.105,0.234,33.42,-2.35,120.18,null,null
5,0.95,0.278,0.857,0.145,25.67,-13.61,138.92,null,null
6,0.95,0.538,0.672,0.055,10.99,-12.27,134.4,null,null
7,0.95,0.688,0.53,0.084,-0.21,-17.55,116.52,null,null
8,0.95,0.823,0.319,-0.035,11.75,-23.47,114.08,null,null
9,0.95,0.864,0.141,0.054,-0.21,-24.29,107.73,null,null
10,0.95,0.897,-0.071,-0.119,24.54,-53.19,93.05,null,null
11,0.95,0.917,-0.291,-0.128,18.22,-7.78,92.14,null,null
12,0.95,0.909,-0.576,-0.11,25.94,-28.29,54.2,null,null
13,0.95,0.826,-0.645,-0.28,32.62,-6.04,2.41,null,null
14,0.95,0.847,-0.492,-0.207,-2.26,15.56,-15.81,null,null
15,0.95,0.923,-0.323,-0.106,-33.42,13.15,-47.85,null,null
16,0.95,0.907,-0.212,-0.115,-22.68,28.84,-59.79,null,null
17,0.95,0.913,-0.075,-0.083,-44.68,45.01,-75.72,null,null
18,0.95,0.894,-0.037,0.057,-59.51,69.22,-87.41,null,null
19,0.95,0.73,0.187,0.25,-45.32,80.32,-96.62,null,null
20,0.95,0.666,0.308,0.415,-40.71,78.49,-87.62,null,null
21,0.95,0.526,0.41,0.501,-14.4,81.45,-90.27,null,null
22,0.95,0.25,0.43,0.605,-29.3,105.78,-114.11,null,null
23,0.95,-0.115,0.913,0.998,29.6,133.95,-175.7,null,null
24,0.95,0.117,0.852,0.89,-24.08,2.23,13.21,null,null
25,0.95,-0.042,0.854,0.802,-13.89,-13.92,14.68,null,null
26,0.95,-0.022,0.599,0.695,5.89,-4.27,8.24,null,null
27,0.95,-0.031,0.597,0.71,5.22,1.46,4.12,null,null
28,0.95,0.007,0.606,0.726,-4.94,3.94,0.37,null,null
29,0.95,-0.031,0.678,0.757,4.49,1.34,-5.65,null,null
30,0.95,-0.014,0.645,0.727,0.18,1.86,0.24,null,null
31,0.95,-0.037,0.714,0.79,-0.4,8.64,-3.57,null,null
32,0.95,0.003,0.673,0.78,-2.93,-3.78,4.15,null,null
33,0.95,-0.031,0.685,0.768,9.46,-10.62,3.2,null,null
34,0.95,0.018,0.655,0.688,1.77,-15.53,12.67,null,null
35,0.95,0.011,0.628,0.707,2.11,-1.92,-0.4,null,null
36,0.95,0.011,0.648,0.726,-4.73,-0.43,0.24,null,null
37,0.95,-0.002,0.664,0.718,1.74,-0.37,0.64,null,null
38,0.95,0.001,0.64,0.704,-5.68,1.1,0.85,null,null
39,0.95,0.005,0.655,0.734,1.13,3.97,-2.35,null,null
40,0.95,0.012,0.688,0.747,-3.72,1.28,-1.5,null,null
41,0.95,0.006,0.68,0.728,-0.92,-2.72,2.5,null,null
42,0.95,0.02,0.638,0.754,-2.08,2.38,1.59,null,null
43,0.95,0.009,0.676,0.763,9.4,0.98,-3.3,null,null
44,0.95,0.014,0.67,0.764,-2.72,-1.86,3.54,null,null
45,0.95,0.03,0.597,0.804,0.49,-2.81,3.51,null,null
46,0.95,0.016,0.644,0.758,13.15,-11.96,-9.28,null,null
47,0.95,0.0,0.74,0.724,1.25,-16.36,-7.81,null,null
48,0.95,0.005,0.715,0.701,-6.74,-17.52,1.68,null,null
49,0.95,-0.006,0.643,0.761,-7.2,-22.74,10.53,null,null
50,0.95,0.109,0.614,0.688,15.59,-31.59,5.16,null,null
51,0.95,0.069,0.646,0.733,-0.18,-20.14,-10.9,null,null
52,0.95,0.069,0.681,0.668,31.77,-19.29,-18.83,null,null
53,0.95,0.069,0.701,0.608,7.72,-20.17,-15.93,null,null
54,0.95,0.081,0.658,0.646,-45.29,-6.99,-3.14,null,null
55,0.95,0.063,0.657,0.727,-44.28,0.49,-10.07,null,null
0,0.95,0.095,0.631,0.788,-26.31,-9.31,-1.13,null,null
1,0.95,0.096,0.608,0.868,-27.77,-7.66,0.95,null,null
2,0.95,0.103,0.696,0.851,55.64,-26.25,-4.82,null,null
3,0.95,0.137,0.988,0.845,67.78,-41.44,62.78,null,null
4,0.95,0.269,0.936,0.647,93.84,-53.71,126.99,null,null
5,0.95,0.355,0.85,0.432,85.85,-26.22,171.27,null,null
6,0.95,0.59,0.31,0.32,101.2,-29.08,178.72,null,null
7,0.95,0.835,-0.14,0.14,59.3,-35.8,146.82,null,null
8,0.95,0.863,-0.219,0.195,42.51,-1.19,86.67,null,null
9,0.95,0.9,-0.326,0.164,16.91,-4.85,55.27,null,null
10,0.95,0.945,-0.312,0.087,2.5,-11.47,16.54,null,null
11,0.95,0.98,-0.162,0.09,6.07,-4.52,7.42,null,null
12,0.95,0.922,-0.281,0.027,-3.11,-14.62,14.13,null,null
13,0.95,0.933,-0.36,0.073,-3.57,3.78,2.72,null,null
14,0.95,0.982,-0.282,0.066,-7.69,-1.53,-9.25,null,null
15,0.95,0.914,-0.135,-0.006,-20.36,9.46,-75.93,null,null
16,0.95,0.873,0.127,0.004,-13.15,12.88,-102.63,null,null
17,0.95,0.782,0.395,0.164,-23.9,28.6,-110.72,null,null
18,0.95,0.647,0.509,0.154,6.32,2.78,-108.1,null,null
19,0.95,0.567,0.494,0.201,-54.75,37.23,-124.39,null,null
20,0.95,0.141,0.886,0.394,-7.66,38.97,-196.94,null,null
21,0.95,-0.111,0.786,0.381,-19.56,12.6,-152.38,null,null
22,0.95,-0.311,1.776,0.121,110.32,-10.35,-88.17,null,null
23,0.95,-0.26,1.149,0.224,8.18,10.74,4.67,null,null
24,0.95,-0.226,0.911,0.144,2.78,-2.38,22.49,null,null
25,0.95,-0.161,0.91,0.225,-6.47,6.07,8.0,null,null
26,0.95,-0.175,0.941,0.268,5.43,5.55,5.49,null,null
27,0.95,-0.143,0.959,0.246,-4.18,6.78,0.67,null,null
28,0.95,-0.16,1.026,0.294,7.39,2.01,9.8,null,null
29,0.95,-0.129,0.997,0.247,7.75,-15.41,24.66,null,null
30,0.95,-0.119,0.965,0.169,11.57,-13.64,16.91,null,null
31,0.95,-0.124,0.976,0.157,-1.83,-2.11,11.81,null,null
32,0.95,-0.121,0.919,0.19,3.05,-4.73,6.87,null,null
33,0.95,-0.112,0.908,0.181,0.58,-1.8,6.32,null,null
34,0.95,-0.11,0.928,0.207,4.43,-2.23,0.03,null,null
35,0.95,-0.096,0.923,0.224,-1.77,0.89,0.64,null,null
36,0.95,-0.084,0.944,0.209,5.74,-4.18,-7.14,null,null
37,0.95,-0.091,0.99,0.215,-6.23,1.8,-5.55,null,null
38,0.95,-0.102,1.005,0.226,2.99,-3.27,-4.27,null,null
39,0.95,-0.073,0.974,0.22,1.74,-2.69,-1.22,null,null
40,0.95,-0.072,1.006,0.169,3.97,-4.06,-1.56,null,null
41,0.95,-0.13,1.008,0.176,5.65,-0.31,8.42,null,null
42,0.95,-0.127,0.941,0.168,2.47,4.52,15.08,null,null
43,0.95,-0.107,0.917,0.235,-4.09,3.88,6.99,null,null
44,0.95,-0.106,0.944,0.223,1.01,0.06,0.76,null,null
45,0.95,-0.08,0.993,0.227,-1.77,-1.83,-5.07,null,null
46,0.95,-0.069,1.015,0.188,-3.42,-2.11,1.74,null,null
47,0.95,-0.062,1.017,0.203,-6.68,-0.64,4.58,null,null
48,0.95,-0.068,0.986,0.2,-8.82,0.03,5.65,null,null
49,0.95,-0.06,1.019,0.204,-6.16,-0.09,6.96,null,null
50,0.95,-0.051,0.994,0.211,-8.27,1.59,17.12,null,null
51,0.95,-0.08,0.963,0.192,-5.07,0.79,25.91,null,null
52,0.95,-0.009,0.862,0.256,-15.63,9.61,24.29,null,null
53,0.95,0.009,0.862,0.311,-8.64,2.66,10.65,null,null
54,0.95,0.008,0.961,0.28,-2.35,2.17,6.53,null,null
55,0.95,-0.019,0.989,0.233,-6.78,2.62,14.8,null,null
0,0.95,0.037,0.912,0.301,-11.69,5.74,14.22,null,null
1,0.95,0.033,0.983,0.317,-4.15,4.27,11.11,null,null
2,0.95,0.094,0.905,0.329,0.06,-0.21,5.34,null,null
3,0.95,0.075,0.975,0.23,1.07,-2.23,-2.59,null,null
4,0.95,0.064,0.94,0.285,-7.75,8.3,12.39,null,null
5,0.95,0.158,0.924,0.391,-1.37,5.31,12.7,null,null
6,0.95,0.081,1.037,0.218,29.27,-0.06,-1.53,null,null
7,0.95,0.119,0.967,0.228,15.26,6.99,42.42,null,null
8,0.95,0.259,0.903,0.159,18.8,-6.78,21.85,null,null
9,0.95,0.261,0.953,0.15,6.68,-5.77,6.56,null,null
10,0.95,0.235,1.019,0.107,17.76,-9.74,9.61,null,null
11,0.95,0.256,1.243,0.147,10.56,-10.93,27.01,null,null
12,0.95,0.291,1.219,0.099,22.4,2.01,95.58,null,null
13,0.95,0.484,0.84,0.11,23.32,-11.17,150.49,null,null
14,0.95,0.703,0.488,0.043,27.04,-8.58,160.56,null,null
15,0.95,0.73,0.24,-0.041,47.61,-25.67,141.51,null,null
16,0.95,0.986,-0.288,-0.094,-3.94,-9.89,-1.04,null,null
17,0.95,0.942,-0.349,-0.047,-8.39,4.39,-12.36,null,null
18,0.95,0.953,-0.309,-0.097,-8.88,-0.43,-34.97,null,null
19,0.95,0.979,-0.221,-0.06,-19.17,-0.27,-50.42,null,null
20,0.95,0.926,-0.042,-0.086,-22.64,3.51,-65.03,null,null
21,0.95,0.844,0.088,-0.074,-17.06,21.36,-86.79,null,null
22,0.95,0.813,0.237,0.025,-34.61,40.89,-103.89,null,null
23,0.95,0.578,0.378,0.145,-28.69,42.51,-138.37,null,null
24,0.95,0.296,0.719,0.294,-4.24,29.79,-174.6,null,null
25,0.95,0.18,1.144,0.374,-19.71,35.31,-136.88,null,null
26,0.95,0.084,1.464,0.264,12.02,24.35,-117.4,null,null
27,0.95,-0.035,1.335,0.267,19.56,-2.59,-55.57,null,null
28,0.95,-0.001,1.223,0.257,-6.56,12.12,-18.28,null,null
29,0.95,0.032,1.178,0.317,-7.05,8.18,-10.96,null,null
30,0.95,-0.024,1.154,0.275,1.46,-3.08,2.96,null,null
31,0.95,-0.045,1.006,0.25,-1.25,-1.1,17.37,null,null
32,0.95,-0.04,0.913,0.238,-1.77,-2.69,14.68,null,null
33,0.95,-0.025,0.906,0.216,2.87,-2.53,7.63,null,null
34,0.95,-0.015,0.932,0.218,-2.84,2.17,7.45,null,null
35,0.95,-0.011,0.906,0.245,-7.84,2.26,5.16,null,null
36,0.95,0.011,0.954,0.258,1.86,1.16,-1.1,null,null
37,0.95,0.001,0.959,0.252,6.13,-1.59,-0.24,null,null
38,0.95,-0.015,0.986,0.231,16.57,-1.25,-2.5,null,null
39,0.95,0.017,0.948,0.242,-6.29,0.46,1.43,null,null
40,0.95,0.026,0.965,0.25,1.31,0.09,-1.4,null,null
41,0.95,-0.016,0.998,0.246,1.34,-1.34,2.38,null,null
42,0.95,0.001,0.927,0.208,-6.74,-2.32,8.58,null,null
43,0.95,0.007,0.929,0.213,-11.26,0.76,4.58,null,null
44,0.95,0.026,0.932,0.261,-8.67,4.85,4.52,null,null
45,0.95,0.014,0.957,0.257,2.29,-1.28,-1.34,null,null
46,0.95,0.005,0.965,0.224,0.24,0.21,-0.64,null,null
47,0.95,-0.006,0.949,0.247,3.08,-1.28,1.19,null,null
48,0.95,0.016,0.921,0.24,-1.95,-0.61,-1.65,null,null
49,0.95,0.031,0.978,0.26,7.51,-3.14,-4.24,null,null
50,0.95,-0.001,0.969,0.239,6.96,1.01,-0.55,null,null
51,0.95,0.027,0.937,0.255,-3.72,2.17,-1.28,null,null
52,0.95,0.003,0.98,0.267,-1.98,0.7,-3.36,null,null
53,0.95,0.015,0.968,0.222,-4.52,-2.23,-2.38,null,null
54,0.95,0.001,0.942,0.234,-6.74,3.63,3.78,null,null
55,0.95,0.024,0.954,0.277,-9.46,4.76,-2.87,null,null
0,0.95,0.008,0.979,0.271,5.01,-0.46,1.98,null,null
1,0.95,0.02,0.968,0.247,1.1,-0.7,-2.04,null,null
2,0.95,0.008,0.969,0.224,6.71,-2.72,6.87,null,null
3,0.95,0.055,1.378,0.156,63.69,-5.25,6.9,null,null
4,0.95,0.065,1.375,0.107,42.94,-11.05,87.47,null,null
5,0.95,0.153,1.366,0.061,61.1,-9.4,145.09,null,null
6,0.95,0.301,0.653,-0.016,32.81,-2.53,181.52,null,null
7,0.95,0.6,0.412,-0.053,-0.37,-2.23,153.94,null,null
8,0.95,0.769,0.075,0.01,-17.4,24.69,175.12,null,null
9,0.95,0.793,-0.284,0.172,-6.56,41.69,145.18,null,null
10,0.95,0.863,-0.518,0.023,25.12,-10.38,68.48,null,null
11,0.95,0.931,-0.472,-0.081,-1.65,-43.21,25.51,null,null
12,0.95,0.829,-0.538,-0.161,-26.64,-26.95,46.69,null,null
13,0.95,0.814,-0.581,-0.156,4.12,-2.84,9.43,null,null
14,0.95,0.849,-0.541,-0.144,-0.58,6.01,1.28,null,null
15,0.95,0.825,-0.513,-0.119,-0.4,-4.94,-0.92,null,null
16,0.95,0.87,-0.536,-0.184,-7.42,1.56,-30.24,null,null
17,0.95,0.85,-0.486,-0.185,-11.54,9.49,-42.63,null,null
18,0.95,0.886,-0.416,-0.167,-20.2,19.2,-64.76,null,null
19,0.95,0.911,-0.245,-0.106,-31.1,27.89,-85.27,null,null
20,0.95,0.876,0.013,-0.046,-17.21,31.28,-103.7,null,null
21,0.95,0.736,0.303,0.017,-41.44,40.31,-112.67,null,null
22,0.95,0.545,0.355,0.272,-25.24,58.38,-144.75,null,null
23,0.95,0.419,0.607,0.196,-13.03,29.85,-174.08,null,null
24,0.95,-0.094,1.127,0.283,-88.75,69.22,-201.97,null,null
25,0.95,-0.261,1.434,0.438,27.07,20.66,-41.63,null,null
26,0.95,-0.103,1.504,0.579,2.23,-5.86,-8.33,null,null
27,0.95,-0.05,1.047,0.416,12.94,-18.16,39.06,null,null
28,0.95,-0.016,0.877,0.333,27.8,-21.79,40.93,null,null
29,0.95,-0.024,0.77,0.305,10.86,-14.71,31.5,null,null
30,0.95,0.011,0.773,0.253,-3.75,-11.32,23.87,null,null
31,0.95,0.06,0.743,0.304,-22.77,-19.59,24.87,null,null
32,0.95,0.099,0.823,0.323,-7.9,-6.13,-5.98,null,null
33,0.95,0.083,0.928,0.363,-10.53,5.49,-10.65,null,null
34,0.95,0.085,0.936,0.384,0.58,5.74,-10.01,null,null
35,0.95,0.082,0.958,0.385,-1.01,14.16,-10.62,null,null
36,0.95,0.06,0.97,0.446,2.32,9.37,-9.8,null,null
37,0.95,0.04,0.959,0.417,3.69,2.44,0.67,null,null
38,0.95,0.048,0.857,0.38,12.21,-0.7,1.01,null,null
39,0.95,0.036,0.872,0.366,3.33,-0.43,-5.25,null,null
40,0.95,0.041,0.93,0.389,-0.89,3.45,-6.59,null,null
41,0.95,0.017,0.942,0.385,1.16,-3.08,-3.39,null,null
42,0.95,0.055,0.935,0.41,-5.86,1.43,9.09,null,null
43,0.95,0.046,0.942,0.412,8.24,-6.78,7.51,null,null
44,0.95,0.058,0.896,0.347,0.0,-6.16,5.28,null,null
45,0.95,0.056,0.898,0.325,0.15,-4.27,-1.28,null,null
46,0.95,0.05,0.915,0.341,2.62,-2.72,-3.69,null,null
47,0.95,0.044,0.931,0.332,-0.79,-2.08,-3.14,null,null
48,0.95,0.062,0.934,0.328,0.21,0.43,-1.62,null,null
49,0.95,0.046,0.917,0.345,2.56,3.3,-0.61,null,null
50,0.95,0.041,0.932,0.359,-1.89,2.69,-1.71,null,null
51,0.95,0.06,0.935,0.329,3.57,1.28,-0.76,null,null
52,0.95,0.048,0.911,0.363,-0.03,2.38,-0.15,null,null
53,0.95,0.038,0.921,0.354,-0.43,3.78,-2.26,null,null
54,0.95,0.055,0.907,0.353,3.78,1.25,-0.85,null,null
55,0.95,0.037,0.938,0.356,1.16,4.15,0.64,null,null
0,0.95,0.035,0.959,0.377,1.98,1.25,0.15,null,null
1,0.95,0.05,0.926,0.362,-2.17,-0.95,0.7,null,null
2,0.95,0.023,0.914,0.362,14.86,-2.17,1.5,null,null
3,0.95,0.07,1.276,0.451,25.7,-10.13,19.2,null,null
4,0.95,0.076,1.41,0.072,54.99,-27.04,117.71,null,null
5,0.95,0.278,0.981,-0.006,-5.34,-11.17,134.92,null,null
6,0.95,0.422,0.819,0.009,-2.84,0.73,126.47,null,null
7,0.95,0.471,0.721,0.17,13.49,-11.26,142.61,null,null
8,0.95,0.582,0.351,0.073,66.41,-32.32,151.04,null,null
9,0.95,0.745,-0.087,-0.069,-13.28,-26.61,166.45,null,null
10,0.95,0.872,-0.61,-0.091,-33.39,-32.32,115.85,null,null
11,0.95,0.884,-0.532,-0.31,40.74,-24.02,28.17,null,null
12,0.95,0.876,-0.501,-0.251,4.49,4.49,12.3,null,null
13,0.95,0.876,-0.475,-0.164,0.52,11.38,-3.72,null,null
14,0.95,0.964,-0.293,-0.12,-8.03,29.88,-4.33,null,null
15,0.95,0.897,-0.438,-0.03,9.16,-2.53,12.05,null,null
16,0.95,0.878,-0.451,-0.083,-1.5,-1.46,-1.71,null,null
17,0.95,0.895,-0.451,-0.113,-1.25,-0.21,-1.04,null,null
18,0.95,0.879,-0.531,-0.099,-5.31,2.62,-12.05,null,null
19,0.95,0.859,-0.552,-0.138,-13.25,8.58,-33.51,null,null
20,0.95,0.902,-0.361,-0.1,-27.8,25.18,-58.9,null,null
21,0.95,0.937,-0.191,-0.034,-33.91,23.29,-58.81,null,null
22,0.95,0.947,-0.116,-0.006,-25.73,33.27,-67.51,null,null
23,0.95,0.896,-0.065,0.026,-25.97,24.81,-64.91,null,null
24,0.95,0.782,0.147,0.155,-21.67,56.86,-107.36,null,null
25,0.95,0.657,0.357,0.313,-21.97,57.13,-119.08,null,null
26,0.95,0.476,0.549,0.302,0.49,60.55,-149.51,null,null
27,0.95,0.263,0.54,0.484,2.78,66.59,-167.76,null,null
28,0.95,-0.025,0.877,0.54,45.08,66.04,-222.88,null,null
29,0.95,-0.083,1.461,0.482,25.76,57.47,-224.04,null,null
30,0.95,-0.163,1.729,0.497,-9.98,42.21,-48.98,null,null
31,0.95,0.074,1.259,0.613,-56.79,14.22,16.33,null,null
32,0.95,0.012,1.17,0.64,25.39,3.14,3.36,null,null
33,0.95,-0.035,1.019,0.39,40.35,-23.96,16.08,null,null
34,0.95,-0.007,0.867,0.302,16.69,-13.31,29.69,null,null
35,0.95,0.024,0.78,0.328,-1.1,-4.12,16.88,null,null
36,0.95,0.028,0.771,0.348,-7.48,1.01,4.18,null,null
37,0.95,0.03,0.832,0.34,-2.23,1.95,-7.75,null,null
38,0.95,0.027,0.902,0.377,-8.82,8.09,-8.64,null,null
39,0.95,0.019,0.916,0.443,-18.77,6.53,-2.81,null,null
40,0.95,0.043,0.934,0.457,-7.54,4.24,-6.1,null,null
41,0.95,0.03,0.964,0.466,-1.62,-1.74,-3.42,null,null
42,0.95,0.031,0.949,0.496,-5.86,-9.16,4.79,null,null
43,0.95,0.043,0.905,0.449,5.37,-8.06,4.88,null,null
44,0.95,0.017,0.867,0.442,4.61,-5.43,3.72,null,null
45,0.95,0.022,0.86,0.38,6.99,-4.21,-0.37,null,null
46,0.95,0.019,0.861,0.413,1.71,-2.5,-1.59,null,null
47,0.95,0.03,0.898,0.387,1.74,-1.04,-2.69,null,null
48,0.95,0.024,0.897,0.41,5.95,-2.69,-2.81,null,null
49,0.95,0.03,0.948,0.386,16.69,0.61,-3.42,null,null
50,0.95,0.036,0.908,0.378,6.44,-2.66,2.26,null,null
51,0.95,0.044,0.877,0.401,-2.17,2.44,1.65,null,null
52,0.95,0.033,0.896,0.384,5.46,-2.53,-4.36,null,null
53,0.95,0.027,0.905,0.388,-6.53,2.04,-0.89,null,null
54,0.95,0.028,0.899,0.361,2.32,-1.62,-4.33,null,null
55,0.95,0.046,0.908,0.419,6.84,4.64,-5.71,null,null
0,0.95,-0.001,0.991,0.311,15.23,0.4,-2.75,null,null
1,0.95,0.019,0.894,0.32,8.0,0.21,2.44,null,null
2,0.95,0.014,0.951,0.301,-0.85,2.2,-0.79,null,null
3,0.95,-0.014,1.111,0.337,62.26,-9.77,-10.1,null,null
4,0.95,0.042,1.184,0.186,8.36,-8.67,47.06,null,null
5,0.95,0.095,1.359,0.14,31.83,-5.22,74.31,null,null
6,0.95,0.185,1.162,0.098,3.72,1.31,158.91,null,null
7,0.95,0.322,0.687,0.108,-16.36,1.95,186.22,null,null
8,0.95,0.532,0.307,0.113,7.23,-21.88,179.08,null,null
9,0.95,0.67,0.065,0.113,39.0,12.51,130.95,null,null
10,0.95,0.939,-0.519,0.349,29.91,1.25,134.71,null,null
11,0.95,1.046,-0.638,0.233,-1.62,-31.43,64.09,null,null
12,0.95,0.915,-0.441,-0.042,-5.62,-30.85,6.68,null,null
13,0.95,0.91,-0.317,0.031,-34.91,-12.33,10.41,null,null
14,0.95,0.987,-0.359,-0.027,-22.49,-15.69,20.66,null,null
15,0.95,0.913,-0.538,-0.115,0.12,-5.43,-5.74,null,null
16,0.95,0.899,-0.403,-0.115,-7.97,5.65,-31.8,null,null
17,0.95,0.931,-0.339,-0.072,1.68,11.17,-54.26,null,null
18,0.95,0.949,-0.191,-0.079,-1.59,14.5,-62.41,null,null
19,0.95,0.943,-0.032,-0.063,-16.05,17.79,-62.04,null,null
20,0.95,0.934,-0.0,0.021,-16.33,23.71,-72.42,null,null
21,0.95,0.834,0.154,0.074,0.82,27.16,-110.93,null,null
22,0.95,0.757,0.316,0.13,-30.58,22.16,-118.9,null,null
23,0.95,0.497,0.711,0.28,8.09,17.55,-158.06,null,null
24,0.95,0.364,0.778,0.173,-21.94,13.58,-128.73,null,null
25,0.95,0.052,0.931,0.299,-35.1,28.47,-142.86,null,null
26,0.95,-0.079,1.554,0.495,-1.98,35.34,-23.9,null,null
27,0.95,0.106,1.067,0.481,-29.66,-9.31,15.23,null,null
28,0.95,0.034,1.142,0.405,12.39,2.32,-11.47,null,null
29,0.95,0.02,0.978,0.303,19.44,-10.99,7.54,null,null
30,0.95,0.042,0.871,0.286,6.26,-0.67,10.41,null,null
31,0.95,0.041,0.903,0.302,-10.83,7.14,-1.16,null,null
32,0.95,0.041,0.932,0.318,1.22,0.7,-6.07,null,null
33,0.95,0.04,0.94,0.354,-2.47,3.6,-1.19,null,null
34,0.95,0.017,0.946,0.357,-5.01,0.4,0.09,null,null
35,0.95,0.055,0.957,0.378,-10.8,3.36,-1.04,null,null
36,0.95,0.03,0.917,0.369,5.37,-3.6,2.04,null,null
37,0.95,0.035,0.888,0.367,-1.98,-0.43,-0.21,null,null
38,0.95,0.031,0.924,0.307,1.04,-2.81,-3.11,null,null
39,0.95,0.035,0.931,0.353,0.15,-0.03,-2.17,null,null
40,0.95,0.029,0.932,0.365,-7.39,0.03,-0.27,null,null
41,0.95,0.03,0.929,0.34,-4.58,-1.56,-1.04,null,null
42,0.95,0.021,0.918,0.354,-0.46,0.82,-2.11,null,null
43,0.95,0.041,0.934,0.355,-2.08,2.01,-0.95,null,null
44,0.95,0.046,0.945,0.358,-1.5,0.12,0.03,null,null
45,0.95,0.017,0.933,0.415,-11.99,1.77,3.51,null,null
46,0.95,0.032,0.956,0.376,1.59,-3.39,0.82,null,null
47,0.95,0.038,0.901,0.353,2.56,-1.28,5.16,null,null
48,0.95,0.034,0.899,0.387,1.83,-0.61,1.19,null,null
49,0.95,0.031,0.901,0.385,-1.56,-1.1,2.08,null,null
50,0.95,0.042,0.884,0.346,-1.46,1.04,-1.68,null,null
51,0.95,0.027,0.934,0.365,5.13,-1.43,-6.68,null,null
52,0.95,0.035,0.929,0.378,0.37,-1.68,1.31,null,null
53,0.95,0.025,0.915,0.334,3.63,-3.39,0.0,null,null
54,0.95,0.028,0.952,0.344,-3.2,0.15,2.81,null,null
55,0.95,0.041,0.955,0.361,5.74,-2.81,3.81,null,null
0,0.95,0.059,0.867,0.326,-4.58,0.31,4.39,null,null
1,0.95,0.043,0.927,0.402,-0.73,-0.24,5.31,null,null
2,0.95,0.057,0.908,0.36,-3.27,-0.58,-1.68,null,null
3,0.95,0.05,0.906,0.384,-2.38,-0.37,-2.47,null,null
4,0.95,0.032,0.964,0.359,7.11,-1.74,-1.04,null,null
5,0.95,0.043,0.988,0.363,2.84,0.21,0.92,null,null
6,0.95,0.048,0.94,0.309,-1.22,3.54,6.65,null,null
7,0.95,0.046,0.98,0.345,5.31,8.09,20.33,null,null
8,0.95,0.13,1.032,0.376,-1.4,-1.25,36.81,null,null
9,0.95,0.149,1.157,0.304,1.74,-3.36,67.6,null,null
10,0.95,0.157,1.231,0.225,3.3,-12.21,141.45,null,null
11,0.95,0.176,1.015,0.062,27.44,42.36,186.16,null,null
12,0.95,0.11,0.457,-0.029,72.12,103.0,222.27,null,null
13,0.95,0.255,-0.314,0.321,61.4,172.4,212.44,null,null
14,0.95,0.314,-0.492,0.451,112.22,199.68,37.97,null,null
15,0.95,-0.29,-0.431,1.272,137.42,160.41,-85.42,null,null
16,0.95,-0.736,0.212,0.851,20.17,-7.48,0.82,null,null
17,0.95,-0.711,0.244,0.739,-19.32,19.38,8.64,null,null
18,0.95,-0.879,0.115,1.118,-37.29,-13.4,40.47,null,null
19,0.95,-0.897,0.187,1.151,-31.16,-82.8,23.68,null,null
20,0.95,-0.71,0.134,0.894,-3.94,-124.85,28.41,null,null
21,0.95,-0.451,0.131,0.953,-16.48,-115.88,24.93,null,null
22,0.95,-0.238,0.068,0.857,-0.34,-118.63,27.28,null,null
23,0.95,0.08,0.007,0.667,21.27,-105.84,27.77,null,null
24,0.95,0.358,0.075,0.384,-16.79,-64.39,13.25,null,null
25,0.95,0.455,0.055,0.619,-12.88,17.82,-7.84,null,null
26,0.95,0.364,0.06,0.97,-13.73,28.32,-11.38,null,null
27,0.95,0.364,0.106,0.98,1.1,15.63,-7.14,null,null
28,0.95,0.32,0.092,1.017,-13.18,14.1,-0.61,null,null
29,0.95,0.336,0.067,0.973,9.64,0.24,3.97,null,null
30,0.95,0.339,0.098,0.914,-2.78,0.31,0.34,null,null
31,0.95,0.306,0.077,0.971,-4.03,5.25,-0.24,null,null
32,0.95,0.311,0.105,0.951,1.92,4.33,1.86,null,null
33,0.95,0.328,0.093,0.91,3.05,-2.38,5.68,null,null
34,0.95,0.328,0.049,0.908,-4.52,1.04,2.01,null,null
35,0.95,0.317,0.071,0.931,-1.16,9.74,-2.72,null,null
36,0.95,0.306,0.065,0.96,-7.11,6.99,-0.73,null,null
37,0.95,0.308,0.056,0.954,-1.62,5.89,0.64,null,null
38,0.95,0.291,0.064,0.951,-4.3,4.7,-1.62,null,null
39,0.95,0.286,0.037,0.943,37.05,-2.26,-1.98,null,null
40,0.95,0.302,0.124,0.86,-8.67,6.26,-3.17,null,null
41,0.95,0.244,0.061,1.024,-16.33,16.72,-4.21,null,null
42,0.95,0.26,0.095,0.986,-1.65,5.13,-0.31,null,null
43,0.95,0.245,0.065,0.974,-8.7,2.04,1.68,null,null
44,0.95,0.276,0.058,0.919,-6.07,0.09,5.98,null,null
45,0.95,0.265,0.008,0.946,-9.43,4.88,2.47,null,null
46,0.95,0.245,0.034,0.978,-3.72,10.22,-2.14,null,null
47,0.95,0.243,0.019,0.989,-0.21,3.91,-0.58,null,null
48,0.95,0.242,0.023,0.986,0.67,4.55,-0.34,null,null
49,0.95,0.239,0.031,0.959,-0.46,1.71,-1.77,null,null
50,0.95,0.231,0.039,0.966,1.25,5.22,-1.16,null,null
51,0.95,0.233,0.048,0.962,-1.01,2.59,-2.26,null,null
52,0.95,0.237,0.044,0.981,-0.82,7.48,-2.04,null,null
53,0.95,0.221,0.047,1.021,-0.92,4.64,-1.77,null,null
54,0.95,0.226,0.059,0.984,0.15,-2.29,1.37,null,null
55,0.95,0.222,0.024,0.948,0.55,-3.27,2.66,null,null
0,0.95,0.215,0.032,0.89,-1.98,5.83,-0.49,null,null
1,0.95,0.193,0.035,1.023,-3.91,11.54,-2.99,null,null
2,0.95,0.185,0.066,0.999,1.4,1.25,-2.04,null,null
3,0.95,0.163,0.038,0.922,2.47,-4.67,5.04,null,null
4,0.95,0.105,0.037,0.703,7.78,-9.8,14.98,null,null
5,0.95,0.1,0.087,0.735,23.32,38.67,44.07,null,null
6,0.95,0.201,-0.027,0.853,44.62,60.27,6.87,null,null
7,0.95,0.009,0.151,1.128,30.4,92.96,-35.86,null,null
8,0.95,-0.233,0.258,1.001,22.74,65.8,-31.22,null,null
9,0.95,-0.509,0.331,0.955,14.47,74.56,-13.73,null,null
10,0.95,-0.653,0.237,0.937,5.58,32.32,22.52,null,null
11,0.95,-0.811,-0.448,2.058,5.31,92.41,99.89,null,null
12,0.95,-0.482,0.346,0.53,39.22,21.73,-58.72,null,null
13,0.95,-0.645,0.464,0.72,29.36,65.07,-38.79,null,null
14,0.95,-0.91,0.352,0.984,-49.01,34.82,-45.84,null,null
15,0.95,-0.841,0.163,0.548,-20.26,102.54,-39.7,null,null
16,0.95,-1.002,0.151,0.949,2.81,-105.29,30.52,null,null
17,0.95,-1.119,0.324,0.947,-23.9,-130.13,35.8,null,null
18,0.95,-0.91,0.177,0.852,-52.49,-139.84,48.52,null,null
19,0.95,-0.633,-0.018,0.905,-46.82,-123.29,40.31,null,null
20,0.95,-0.321,-0.009,0.766,-2.23,-122.44,21.33,null,null
21,0.95,-0.045,-0.021,0.737,-12.33,-84.75,11.47,null,null
22,0.95,0.221,0.012,0.572,-8.12,-57.25,9.13,null,null
23,0.95,0.346,-0.04,0.621,-9.77,-6.01,3.42,null,null
24,0.95,0.326,-0.077,0.831,9.4,11.93,-3.33,null,null
25,0.95,0.269,-0.052,0.997,4.09,23.19,-5.98,null,null
26,0.95,0.257,0.003,1.033,-1.71,13.15,-2.44,null,null
27,0.95,0.252,-0.006,1.005,8.48,3.2,-2.41,null,null
28,0.95,0.225,-0.034,0.996,-4.7,-0.61,-2.96,null,null
29,0.95,0.238,-0.024,0.954,1.86,2.78,0.46,null,null
30,0.95,0.244,-0.024,0.952,1.28,3.6,0.06,null,null
31,0.95,0.226,-0.041,0.983,-1.68,4.82,-1.04,null,null
32,0.95,0.243,-0.021,0.973,1.59,4.97,-2.23,null,null
33,0.95,0.245,-0.007,0.961,-1.43,3.48,-2.78,null,null
34,0.95,0.216,-0.016,0.96,-4.0,5.89,-2.84,null,null
35,0.95,0.227,0.013,0.96,-2.53,12.36,-3.42,null,null
36,0.95,0.205,-0.03,1.056,-10.41,2.44,3.36,null,null
37,0.95,0.2,-0.051,0.98,-1.53,-4.82,4.7,null,null
38,0.95,0.226,-0.101,0.966,-1.22,-0.92,3.6,null,null
39,0.95,0.228,-0.074,0.934,-1.46,-1.8,-3.3,null,null
40,0.95,0.222,-0.047,0.954,-3.3,5.01,-7.26,null,null
41,0.95,0.207,-0.004,0.967,-1.98,6.41,-5.25,null,null
42,0.95,0.198,-0.012,0.976,-1.71,4.09,-0.76,null,null
43,0.95,0.201,-0.017,0.963,2.72,2.5,1.25,null,null
44,0.95,0.201,-0.055,0.945,6.93,1.13,2.04,null,null
45,0.95,0.186,-0.076,0.986,1.1,6.5,0.21,null,null
46,0.95,0.179,-0.087,1.002,0.31,4.46,-3.08,null,null
47,0.95,0.163,-0.035,1.01,-4.06,5.16,-3.88,null,null
48,0.95,0.182,-0.049,1.003,0.49,0.55,-3.57,null,null
49,0.95,0.179,-0.046,1.003,-0.06,0.64,-4.79,null,null
50,0.95,0.185,-0.021,1.004,-0.09,0.4,-4.7,null,null
51,0.95,0.177,-0.014,0.991,-2.17,-3.57,-3.02,null,null
52,0.95,0.184,-0.027,0.979,3.33,-1.31,-3.85,null,null
53,0.95,0.203,-0.029,0.975,-3.2,-0.82,-1.01,null,null
54,0.95,0.196,-0.039,0.937,2.47,-4.46,-2.87,null,null
55,0.95,0.212,-0.034,0.935,2.9,2.44,-1.95,null,null
0,0.95,0.187,-0.001,0.934,3.23,3.78,2.87,null,null
1,0.95,0.176,-0.037,0.932,2.14,13.43,8.91,null,null
2,0.95,0.095,-0.056,0.912,24.35,-2.14,23.41,null,null
3,0.95,-0.122,0.139,0.821,38.36,-13.61,55.67,null,null
4,0.95,-0.093,0.044,0.71,-13.7,-25.39,98.06,null,null
5,0.95,0.302,-0.115,0.712,34.52,71.05,53.19,null,null
6,0.95,0.145,0.022,0.958,23.83,165.62,-7.93,null,null
7,0.95,-0.354,-0.039,1.318,-1.25,132.94,4.55,null,null
8,0.95,-0.603,0.206,1.061,54.57,132.3,-1.92,null,null
9,0.95,-0.624,0.3,0.634,25.36,76.63,-8.12,null,null
10,0.95,-0.858,0.333,0.66,1.71,62.65,-3.94,null,null
11,0.95,-0.894,0.272,0.543,-20.94,52.37,-3.54,null,null
12,0.95,-0.956,0.271,0.589,10.8,-5.52,9.83,null,null
13,0.95,-0.796,0.144,0.422,-0.76,-43.82,9.37,null,null
14,0.95,-0.902,0.216,0.436,13.98,-8.91,-25.97,null,null
15,0.95,-0.866,0.129,0.377,-21.33,15.69,-7.57,null,null
16,0.95,-0.964,0.159,0.918,-47.76,-14.19,18.56,null,null
17,0.95,-0.898,-0.051,1.048,-14.22,-40.93,30.55,null,null
18,0.95,-1.048,0.162,0.933,-33.88,-114.17,22.25,null,null
19,0.95,-1.007,0.095,0.842,-35.19,-140.75,18.04,null,null
20,0.95,-0.81,0.096,0.789,-15.02,-137.18,5.8,null,null
21,0.95,-0.456,0.002,0.949,7.63,-101.84,25.27,null,null
22,0.95,-0.143,-0.027,0.62,-14.92,-92.29,26.83,null,null
23,0.95,0.056,-0.087,0.626,-10.41,-55.57,1.25,null,null
24,0.95,0.209,-0.106,0.666,-11.93,-6.53,-6.38,null,null
25,0.95,0.245,-0.099,0.807,23.59,-12.85,21.97,null,null
26,0.95,0.234,-0.007,1.001,-4.33,5.8,-6.2,null,null
27,0.95,0.218,-0.061,1.04,-10.8,9.8,-5.4,null,null
28,0.95,0.195,0.05,1.004,9.0,5.92,-7.9,null,null
29,0.95,0.201,0.038,0.967,0.79,-4.49,6.47,null,null
30,0.95,0.22,0.005,0.945,-5.52,-2.87,6.41,null,null
31,0.95,0.2,-0.043,1.014,6.29,-5.52,2.56,null,null
32,0.95,0.216,-0.034,0.968,-5.95,-2.29,-2.41,null,null
33,0.95,0.222,-0.019,0.98,2.26,-3.81,4.15,null,null
34,0.95,0.224,-0.06,1.008,7.6,-4.97,2.99,null,null
35,0.95,0.227,-0.018,0.945,16.66,-14.89,0.31,null,null
36,0.95,0.227,-0.03,0.933,3.48,4.64,1.62,null,null
37,0.95,0.197,-0.031,1.012,-4.27,3.2,3.05,null,null
38,0.95,0.221,-0.001,0.946,-4.0,3.81,5.92,null,null
39,0.95,0.215,-0.114,1.012,-14.28,2.78,1.8,null,null
40,0.95,0.22,-0.024,0.933,5.68,-1.56,-5.62,null,null
41,0.95,0.209,0.022,0.892,1.28,0.4,0.34,null,null
42,0.95,0.2,-0.006,0.915,-5.4,5.22,6.07,null,null
43,0.95,0.228,-0.08,0.927,2.99,0.27,4.94,null,null
44,0.95,0.206,-0.075,0.873,4.61,5.01,-4.0,null,null
45,0.95,0.15,-0.07,0.905,-13.49,25.64,-5.68,null,null
46,0.95,0.075,0.003,0.843,8.21,10.38,-4.03,null,null
47,0.95,0.031,0.091,0.764,20.29,11.11,7.11,null,null
48,0.95,-0.092,0.1,0.729,-11.87,2.38,31.68,null,null
49,0.95,-0.119,-0.047,0.686,1.89,-9.4,57.89,null,null
50,0.95,0.033,-0.134,0.56,17.94,4.64,51.73,null,null
51,0.95,0.102,-0.086,0.549,7.35,67.96,21.15,null,null
52,0.95,-0.093,-0.133,0.863,20.63,154.7,-14.5,null,null
53,0.95,-0.32,0.217,1.121,79.5,137.55,-17.64,null,null
54,0.95,-0.419,0.172,1.141,35.19,116.82,13.58,null,null
55,0.95,-0.43,0.065,1.206,20.87,126.96,-12.18,null,null
0,0.95,-0.617,0.037,0.986,65.92,83.44,-48.46,null,null
1,0.95,-0.852,0.165,0.692,107.15,78.65,-88.38,null,null
2,0.95,-0.97,0.409,0.621,118.44,71.26,-87.1,null,null
3,0.95,-0.862,0.658,0.487,21.15,30.7,-44.62,null,null
4,0.95,-0.816,-0.11,0.41,-317.55,-18.16,30.55,null,null
5,0.95,-0.907,-0.24,0.624,-80.54,24.35,10.74,null,null
6,0.95,-0.973,0.153,0.283,-29.11,-23.74,-7.17,null,null
7,0.95,-0.955,0.077,0.217,-86.15,-38.09,21.45,null,null
8,0.95,-0.876,-0.145,0.44,-34.46,9.22,5.86,null,null
9,0.95,-0.874,-0.135,0.388,45.66,8.58,-13.43,null,null
10,0.95,-0.901,-0.325,0.457,385.85,42.94,-56.7,null,null
11,0.95,-0.937,0.231,0.076,311.2,-21.39,-3.3,null,null
12,0.95,-0.881,0.104,0.369,-36.74,5.8,-3.69,null,null
13,0.95,-0.906,0.189,0.341,-28.78,-5.92,-0.61,null,null
14,0.95,-0.88,0.149,0.342,-47.85,7.78,-0.18,null,null
15,0.95,-0.928,0.079,0.285,2.04,-2.38,3.11,null,null
16,0.95,-0.926,0.119,0.282,5.52,0.37,-5.37,null,null
17,0.95,-0.925,0.128,0.277,-0.06,1.8,-5.86,null,null
18,0.95,-0.916,0.159,0.233,-0.98,14.34,-8.51,null,null
19,0.95,-0.912,0.105,0.237,-24.41,17.3,-12.24,null,null
20,0.95,-0.853,0.21,0.454,-85.63,49.35,-8.79,null,null
21,0.95,-1.455,0.723,1.175,-153.9,-0.89,33.39,null,null
22,0.95,-2.574,0.612,1.279,-82.34,-276.25,62.93,null,null
23,0.95,-1.817,0.01,-0.217,7.23,-302.9,199.07,null,null
24,0.95,-0.369,-0.12,-0.258,-41.35,-163.67,95.52,null,null
25,0.95,0.106,0.061,0.256,-60.67,-54.05,28.26,null,null
26,0.95,0.261,0.155,0.606,-4.12,-16.72,-3.85,null,null
27,0.95,0.268,0.217,0.722,-11.69,-2.17,-12.82,null,null
28,0.95,0.282,0.334,0.852,-20.39,8.79,-14.74,null,null
29,0.95,0.213,0.269,0.933,-18.25,-2.72,-6.07,null,null
30,0.95,0.254,0.313,0.828,1.4,-4.06,0.49,null,null
31,0.95,0.277,0.217,0.914,13.82,4.85,7.66,null,null
32,0.95,0.241,0.267,0.887,1.31,5.43,-3.57,null,null
33,0.95,0.219,0.349,0.882,-4.18,7.84,-3.08,null,null
34,0.95,0.207,0.245,0.961,-4.67,6.5,5.95,null,null
35,0.95,0.218,0.231,0.971,-4.61,9.49,6.29,null,null
36,0.95,0.21,0.227,0.971,4.88,4.21,7.29,null,null
37,0.95,0.208,0.246,0.938,1.04,-4.06,2.23,null,null
38,0.95,0.201,0.252,0.918,-2.08,0.55,-1.01,null,null
39,0.95,0.201,0.266,0.935,-5.01,4.7,0.03,null,null
40,0.95,0.202,0.225,0.952,-3.94,4.61,2.17,null,null
41,0.95,0.209,0.223,0.956,-1.62,2.93,-2.84,null,null
42,0.95,0.188,0.232,0.953,-2.53,2.47,-4.3,null,null
43,0.95,0.179,0.233,0.928,-3.6,-2.38,-3.6,null,null
44,0.95,0.198,0.228,0.865,-0.34,-1.34,-2.5,null,null
45,0.95,0.187,0.201,0.884,-2.81,8.64,-3.69,null,null
46,0.95,0.204,0.268,0.91,-3.75,18.89,-10.65,null,null
47,0.95,0.129,0.259,1.018,-6.13,16.54,-4.06,null,null
48,0.95,0.147,0.231,1.013,-4.79,11.38,-0.31,null,null
49,0.95,0.105,0.238,0.997,-43.64,13.37,-1.16,null,null
50,0.95,0.102,0.083,1.097,-33.91,5.28,2.5,null,null
51,0.95,0.146,0.136,0.945,21.67,-9.09,2.23,null,null
52,0.95,0.154,0.177,0.904,17.64,2.59,-2.62,null,null
53,0.95,0.131,0.199,0.973,0.43,6.56,-6.23,null,null
54,0.95,0.121,0.203,0.989,7.72,1.89,-3.94,null,null
55,0.95,0.123,0.247,0.959,-6.78,2.96,-3.17,null,null
0,0.95,0.13,0.239,0.893,-13.34,-4.61,0.03,null,null
1,0.95,0.099,0.165,0.958,9.0,1.1,-1.01,null,null
2,0.95,0.015,0.223,0.937,5.52,2.2,13.82,null,null
3,0.95,-0.002,0.079,0.586,72.42,-70.83,96.71,null,null
4,0.95,-0.198,0.159,0.455,85.48,-14.07,34.42,null,null
5,0.95,0.277,0.071,0.106,122.14,49.41,-64.09,null,null
6,0.95,-1.064,1.126,1.03,47.21,270.06,-256.94,null,null
7,0.95,-1.3,0.978,1.277,132.15,131.08,-151.86,null,null
8,0.95,-0.947,0.43,0.821,-20.54,8.64,-112.64,null,null
9,0.95,-1.053,0.511,0.462,78.01,-32.04,-122.96,null,null
10,0.95,-0.778,0.316,0.369,18.4,-0.09,-41.23,null,null
11,0.95,-0.779,0.273,0.393,27.28,9.98,-32.62,null,null
12,0.95,-0.886,0.188,0.499,-26.4,25.06,2.44,null,null
13,0.95,-0.892,0.083,0.456,-40.83,8.67,17.37,null,null
14,0.95,-0.828,-0.036,0.387,-2.29,-6.59,24.38,null,null
15,0.95,-0.917,0.047,0.253,-19.65,8.03,-0.43,null,null
16,0.95,-0.964,0.023,0.306,-55.51,19.29,11.38,null,null
17,0.95,-0.918,0.061,0.241,-16.85,-2.17,0.21,null,null
18,0.95,-0.895,-0.014,0.86,36.26,13.46,6.47,null,null
19,0.95,-1.384,0.264,1.15,-13.34,-139.26,-2.72,null,null
20,0.95,-1.424,0.13,0.913,-109.16,-209.91,28.6,null,null
21,0.95,-1.245,-0.063,0.864,-65.34,-229.41,9.19,null,null
22,0.95,-0.572,-0.099,0.656,-52.13,-181.01,-7.54,null,null
23,0.95,-0.13,-0.174,0.443,-8.0,-100.74,-27.53,null,null
24,0.95,0.194,-0.079,0.343,27.44,-60.18,-16.05,null,null
25,0.95,0.346,-0.156,0.579,-18.77,-4.12,-4.94,null,null
26,0.95,0.429,-0.248,0.868,-11.81,18.65,-4.82,null,null
27,0.95,0.426,-0.214,0.863,-2.01,8.85,-9.61,null,null
28,0.95,0.409,-0.188,0.865,1.83,6.9,-2.84,null,null
29,0.95,0.376,-0.177,0.844,-1.92,1.56,-1.65,null,null
30,0.95,0.391,-0.177,0.817,5.37,5.46,1.71,null,null
31,0.95,0.391,-0.251,0.907,5.01,8.27,5.74,null,null
32,0.95,0.373,-0.268,0.923,4.12,14.22,3.02,null,null
33,0.95,0.339,-0.241,0.967,8.33,21.52,10.53,null,null
34,0.95,0.369,-0.269,0.997,5.83,0.98,11.54,null,null
35,0.95,0.364,-0.229,0.924,3.75,-11.6,-1.16,null,null
36,0.95,0.356,-0.177,0.87,6.5,-9.95,-4.21,null,null
37,0.95,0.371,-0.175,0.867,-1.31,-4.09,2.44,null,null
38,0.95,0.361,-0.232,0.91,3.75,-1.37,2.75,null,null
39,0.95,0.369,-0.227,0.885,-5.83,1.07,2.69,null,null
40,0.95,0.359,-0.25,0.917,-0.18,-3.97,-2.62,null,null
41,0.95,0.349,-0.221,0.921,-2.41,4.43,-1.59,null,null
42,0.95,0.348,-0.204,0.909,2.66,-1.07,1.43,null,null
43,0.95,0.363,-0.205,0.855,5.07,-3.05,0.06,null,null
44,0.95,0.368,-0.221,0.876,0.24,3.51,0.0,null,null
45,0.95,0.356,-0.213,0.892,4.55,4.03,1.19,null,null
46,0.95,0.351,-0.233,0.911,-1.19,6.07,-0.85,null,null
47,0.95,0.363,-0.187,0.915,10.01,3.45,-5.86,null,null
48,0.95,0.337,-0.216,0.956,-1.53,8.88,-1.59,null,null
49,0.95,0.336,-0.203,0.945,-1.22,3.6,0.27,null,null
50,0.95,0.344,-0.196,0.902,0.85,-0.21,0.4,null,null
51,0.95,0.352,-0.235,0.895,3.63,1.92,0.37,null,null
52,0.95,0.299,-0.2,0.931,-3.66,4.52,-2.59,null,null
53,0.95,0.313,-0.2,0.872,3.45,-3.66,4.12,null,null
54,0.95,0.307,-0.218,0.866,9.31,0.34,5.07,null,null
55,0.95,0.357,-0.188,0.823,11.2,6.1,1.74,null,null
0,0.95,0.289,-0.218,1.039,-4.58,11.9,-7.78,null,null
1,0.95,0.283,-0.187,1.003,7.26,-2.11,-5.71,null,null
2,0.95,0.187,-0.041,0.957,17.27,-5.46,9.31,null,null
3,0.95,-0.27,0.183,0.747,119.91,-68.12,63.57,null,null
4,0.95,0.147,-0.096,0.269,105.59,-36.41,129.67,null,null
5,0.95,0.523,-0.255,0.219,148.05,141.03,-86.98,null,null
6,0.95,-0.643,0.7,1.016,-138.52,294.84,-207.71,null,null
7,0.95,-1.208,0.63,1.17,156.41,214.58,-85.09,null,null
8,0.95,-1.028,0.405,0.896,127.54,64.39,-60.7,null,null
9,0.95,-0.886,0.327,0.47,123.84,-13.89,-59.79,null,null
10,0.95,-0.947,0.409,0.391,85.73,-0.31,-59.69,null,null
11,0.95,-0.904,0.349,0.373,39.61,-3.81,-9.03,null,null
12,0.95,-0.864,0.294,0.361,18.8,-6.87,5.07,null,null
13,0.95,-0.874,0.272,0.359,8.91,-5.52,4.39,null,null
14,0.95,-0.858,0.282,0.342,-33.51,-9.4,4.67,null,null
15,0.95,-0.817,0.266,0.349,10.19,-7.93,-1.53,null,null
16,0.95,-0.934,0.237,0.189,12.45,8.64,-18.37,null,null
17,0.95,-0.933,0.152,0.19,-3.63,-2.47,-2.59,null,null
18,0.95,-0.977,0.294,0.208,-63.54,-6.99,17.24,null,null
19,0.95,-0.851,0.482,0.445,-88.87,30.79,6.29,null,null
20,0.95,-1.434,0.746,1.088,-95.46,-81.27,92.72,null,null
21,0.95,-1.619,0.509,0.897,-58.96,-177.8,133.15,null,null
22,0.95,-1.369,0.346,0.614,-21.39,-208.32,139.99,null,null
23,0.95,-0.616,0.149,0.412,-80.78,-165.11,108.83,null,null
24,0.95,-0.152,0.059,0.225,-28.02,-142.49,35.04,null,null
25,0.95,0.301,-0.016,0.226,-73.7,-4.64,7.45,null,null
26,0.95,0.326,0.041,0.838,-17.46,46.05,-3.66,null,null
27,0.95,0.396,0.045,0.931,7.48,-36.1,2.62,null,null
28,0.95,0.365,-0.024,0.944,9.74,13.61,-4.18,null,null
29,0.95,0.29,0.073,1.026,-31.1,37.81,-13.12,null,null
30,0.95,0.27,0.09,0.991,3.17,15.08,-11.41,null,null
31,0.95,0.251,0.037,0.955,-4.39,12.88,-4.18,null,null
32,0.95,0.235,0.043,0.978,-2.35,11.17,-4.52,null,null
33,0.95,0.247,0.058,0.977,-10.22,5.28,-0.95,null,null
34,0.95,0.242,0.021,0.975,9.03,1.25,0.98,null,null
35,0.95,0.244,0.02,0.96,-1.53,9.37,-1.71,null,null
36,0.95,0.218,0.021,1.009,0.06,7.84,-2.87,null,null
37,0.95,0.203,0.045,0.988,-3.08,-2.14,-4.76,null,null
38,0.95,0.225,0.015,0.97,0.73,2.04,0.52,null,null
39,0.95,0.219,0.026,0.941,3.05,-0.21,-3.17,null,null
40,0.95,0.214,0.03,0.967,-1.07,6.78,-3.6,null,null
41,0.95,0.232,0.006,0.939,-1.83,3.42,-0.76,null,null
42,0.95,0.239,0.031,0.917,-1.95,8.58,-3.66,null,null
43,0.95,0.202,-0.003,1.037,-14.74,10.56,-6.04,null,null
44,0.95,0.193,0.053,1.005,-1.92,5.19,-4.61,null,null
45,0.95,0.171,0.053,0.986,-9.52,2.35,-1.01,null,null
46,0.95,0.17,0.01,0.993,-14.68,3.23,4.06,null,null
47,0.95,0.201,-0.011,0.943,1.77,-2.59,2.41,null,null
48,0.95,0.164,-0.037,1.022,-19.71,13.31,0.43,null,null
49,0.95,0.17,-0.039,1.001,-0.27,-0.76,-1.19,null,null
50,0.95,0.177,-0.01,0.933,-1.04,-2.23,0.24,null,null
51,0.95,0.183,-0.024,0.909,-5.71,2.2,-0.24,null,null
52,0.95,0.185,-0.027,0.907,-18.8,9.16,-1.34,null,null
53,0.95,0.139,-0.045,0.929,-9.13,9.28,0.61,null,null
54,0.95,0.07,0.003,0.81,11.96,0.82,8.51,null,null
55,0.95,-0.021,0.016,0.717,19.47,-4.33,23.16,null,null
0,0.95,-0.329,0.154,0.392,112.49,-4.15,47.94,null,null
1,0.95,-0.017,-0.013,0.135,102.69,100.56,-17.21,null,null
2,0.95,-1.256,0.772,0.933,65.74,355.54,-199.16,null,null
3,0.95,-1.613,0.564,1.289,16.6,174.02,-177.65,null,null
4,0.95,-1.315,0.859,0.841,146.4,57.04,-73.92,null,null
5,0.95,-0.685,0.134,0.321,-78.46,-52.77,27.38,null,null
6,0.95,-0.949,0.306,0.341,-10.62,7.54,-20.72,null,null
7,0.95,-0.937,0.076,0.365,-91.4,-18.92,27.38,null,null
8,0.95,-0.868,-0.22,0.443,-79.47,-1.77,34.88,null,null
9,0.95,-0.913,0.156,0.379,64.39,16.05,-27.13,null,null
10,0.95,-0.894,0.074,0.346,7.87,-4.88,9.55,null,null
11,0.95,-0.91,0.138,0.343,7.84,-0.58,-2.2,null,null
12,0.95,-0.904,0.079,0.327,0.89,-0.18,-4.18,null,null
13,0.95,-0.907,0.083,0.311,8.64,1.25,-14.56,null,null
14,0.95,-0.907,0.095,0.303,-18.74,14.28,-11.2,null,null
15,0.95,-1.024,-0.086,0.552,-29.97,-56.7,14.1,null,null
16,0.95,-0.976,0.035,0.415,-12.76,-86.31,9.7,null,null
17,0.95,-0.886,-0.037,0.586,12.39,-71.47,0.82,null,null
18,0.95,-0.795,0.062,0.599,-9.52,-73.24,-1.22,null,null
19,0.95,-0.738,0.012,0.773,-19.35,-53.13,3.42,null,null
20,0.95,-0.627,0.025,0.768,-0.79,-60.95,5.68,null,null
21,0.95,-0.414,-0.0,0.801,-1.07,-59.54,22.55,null,null
22,0.95,-0.393,-0.01,0.979,-12.82,-58.41,15.32,null,null
23,0.95,-0.272,-0.034,0.936,-21.18,-61.77,13.64,null,null
24,0.95,-0.17,-0.094,1.018,-7.29,-58.9,3.45,null,null
25,0.95,0.002,0.02,0.861,-6.84,-51.45,0.61,null,null
26,0.95,0.03,-0.078,0.998,-17.52,-28.81,-0.79,null,null
27,0.95,0.052,0.018,0.96,-3.08,-39.86,-1.95,null,null
28,0.95,0.108,-0.082,0.92,-12.82,-47.24,8.51,null,null
29,0.95,0.156,-0.089,0.897,14.71,-38.39,7.42,null,null
30,0.95,0.163,-0.073,0.899,-12.73,-35.4,1.74,null,null
31,0.95,0.212,-0.045,0.839,-12.88,-28.5,6.81,null,null
32,0.95,0.248,-0.078,0.825,-11.11,-27.38,4.52,null,null
33,0.95,0.277,-0.084,0.798,-4.15,-14.71,4.7,null,null
34,0.95,0.284,-0.142,0.839,-12.63,-4.88,2.01,null,null
35,0.95,0.289,-0.125,0.87,-2.17,2.87,-0.73,null,null
36,0.95,0.287,-0.131,0.885,-5.1,1.86,0.89,null,null
37,0.95,0.286,-0.141,0.909,-1.71,5.86,-1.37,null,null
38,0.95,0.271,-0.127,0.944,-1.68,10.86,-4.09,null,null
39,0.95,0.252,-0.118,0.992,-1.98,10.01,-2.11,null,null
40,0.95,0.255,-0.118,0.972,3.51,1.37,-2.17,null,null
41,0.95,0.242,-0.097,0.961,-0.4,3.48,-0.21,null,null
42,0.95,0.238,-0.119,0.96,4.27,-2.38,2.47,null,null
43,0.95,0.252,-0.123,0.922,-0.49,-2.2,1.31,null,null
44,0.95,0.267,-0.141,0.93,3.23,5.55,0.95,null,null
45,0.95,0.253,-0.118,0.943,-0.15,4.64,-3.17,null,null
46,0.95,0.243,-0.113,0.969,3.54,5.25,-2.26,null,null
47,0.95,0.228,-0.117,0.971,-3.14,2.93,-2.17,null,null
48,0.95,0.238,-0.112,0.958,0.95,3.57,0.64,null,null
49,0.95,0.229,-0.108,0.955,-0.21,1.86,-2.9,null,null
50,0.95,0.214,-0.129,0.984,-2.14,3.94,-0.18,null,null
51,0.95,0.217,-0.109,0.963,-1.19,0.24,-2.32,null,null
52,0.95,0.209,-0.107,0.965,-5.22,1.25,-0.76,null,null
53,0.95,0.208,-0.093,0.942,-7.48,-1.59,1.13,null,null
54,0.95,0.22,-0.114,0.967,-13.55,-2.75,3.78,null,null
55,0.95,0.208,-0.104,0.957,-2.32,-5.46,6.16,null,null
0,0.95,0.236,-0.139,0.899,-13.31,-4.49,13.03,null,null
1,0.95,0.143,-0.106,0.971,-14.86,-23.93,28.9,null,null
2,0.95,0.187,-0.214,0.949,-21.27,-38.36,36.16,null,null
3,0.95,0.16,-0.199,0.887,-4.24,-57.5,41.96,null,null
4,0.95,0.265,-0.139,0.79,16.91,-44.4,48.65,null,null
5,0.95,0.476,-0.372,0.82,40.83,-1.71,47.3,null,null
6,0.95,0.555,-0.349,0.894,36.9,0.0,27.56,null,null
7,0.95,0.428,-0.257,0.985,46.36,-0.95,49.53,null,null
8,0.95,0.334,-0.168,0.868,9.83,17.67,24.17,null,null
9,0.95,0.205,-0.061,0.873,69.7,134.65,-10.04,null,null
10,0.95,0.023,0.018,1.075,-1.68,16.33,18.22,null,null
11,0.95,0.061,-0.053,1.023,23.38,24.81,-10.8,null,null
12,0.95,-0.018,-0.033,1.017,2.84,14.37,-15.66,null,null
13,0.95,-0.022,-0.013,0.951,35.1,24.23,-33.23,null,null
14,0.95,-0.043,-0.2,0.65,-4.21,-36.59,-91.98,null,null
15,0.95,-0.101,0.048,0.129,69.28,64.61,-100.62,null,null
16,0.95,-0.924,0.103,0.299,4.33,1.74,-0.21,null,null
17,0.95,-0.908,0.081,0.297,0.31,1.56,-2.96,null,null
18,0.95,-0.932,0.104,0.317,-3.48,4.06,-3.94,null,null
19,0.95,-0.918,0.093,0.305,0.95,2.32,-2.08,null,null
20,0.95,-0.921,0.086,0.317,-2.47,3.91,-0.95,null,null
21,0.95,-0.922,0.037,0.306,1.71,1.07,-0.21,null,null
22,0.95,-0.929,0.055,0.288,-3.69,-2.41,0.67,null,null
23,0.95,-0.934,0.119,0.289,-2.29,1.74,-1.83,null,null
24,0.95,-0.861,0.124,0.49,-23.65,17.73,-3.78,null,null
25,0.95,-0.98,0.2,0.836,-50.78,-36.65,5.68,null,null
26,0.95,-1.164,0.144,0.796,-49.2,-136.39,21.49,null,null
27,0.95,-1.175,0.076,0.823,-17.43,-153.23,23.96,null,null
28,0.95,-1.105,0.097,0.774,-36.19,-149.94,31.77,null,null
29,0.95,-0.98,0.12,0.753,27.83,-148.9,37.14,null,null
30,0.95,-0.87,0.012,0.872,-16.94,-142.67,20.39,null,null
31,0.95,-0.756,0.174,0.803,-18.71,-136.51,26.18,null,null
32,0.95,-0.564,0.071,0.79,-40.25,-131.26,27.07,null,null
33,0.95,-0.433,0.019,0.769,-8.97,-133.27,22.98,null,null
34,0.95,-0.263,0.037,0.679,-33.51,-130.68,28.81,null,null
35,0.95,-0.081,-0.039,0.674,-22.25,-88.47,18.13,null,null
36,0.95,0.042,-0.024,0.655,-18.04,-74.53,7.72,null,null
37,0.95,0.107,-0.061,0.673,-11.23,-43.86,10.22,null,null
38,0.95,0.142,-0.057,0.729,-15.96,-33.75,4.49,null,null
39,0.95,0.193,-0.018,0.71,-1.16,-33.51,11.29,null,null
40,0.95,0.281,-0.126,0.728,-17.03,-20.02,15.72,null,null
41,0.95,0.289,-0.153,0.798,-6.65,-9.19,9.86,null,null
42,0.95,0.318,-0.133,0.853,-1.65,1.31,2.17,null,null
43,0.95,0.291,-0.081,0.893,-3.45,5.34,1.04,null,null
44,0.95,0.291,-0.136,0.925,-15.38,3.39,7.11,null,null
45,0.95,0.291,-0.138,0.935,-6.04,8.97,0.95,null,null
46,0.95,0.272,-0.116,0.966,6.29,8.7,-0.73,null,null
47,0.95,0.288,-0.124,0.946,-3.05,1.04,2.29,null,null
48,0.95,0.266,-0.144,0.97,-2.23,4.46,1.01,null,null
49,0.95,0.26,-0.145,0.966,0.06,3.36,-2.17,null,null
50,0.95,0.259,-0.106,0.942,1.92,1.46,-2.41,null,null
51,0.95,0.254,-0.122,0.967,-1.59,1.86,-0.64,null,null
52,0.95,0.258,-0.114,0.956,1.22,-6.44,0.0,null,null
53,0.95,0.273,-0.107,0.93,-0.24,1.8,0.03,null,null
54,0.95,0.26,-0.115,0.965,2.87,4.09,-1.25,null,null
55,0.95,0.258,-0.119,0.956,2.23,0.92,-0.58,null,null
0,0.95,0.24,-0.142,1.009,-14.95,5.31,-2.72,null,null
1,0.95,0.236,-0.116,1.01,-5.58,4.0,-0.95,null,null
2,0.95,0.14,-0.055,0.854,-2.35,-6.2,8.48,null,null
3,0.95,-0.309,0.168,0.736,49.13,-19.07,58.78,null,null
4,0.95,0.092,-0.296,0.444,9.4,-90.55,112.8,null,null
5,0.95,0.376,-0.375,0.462,125.49,171.97,-54.48,null,null
6,0.95,-0.529,-0.015,1.368,-14.13,288.71,-112.13,null,null
7,0.95,-0.934,0.108,1.159,112.95,148.32,-113.19,null,null
8,0.95,-1.21,0.288,1.074,82.92,81.42,-92.93,null,null
9,0.95,-1.004,0.464,0.638,39.06,24.29,-49.17,null,null
10,0.95,-0.872,0.197,0.378,-24.51,-4.55,-2.81,null,null
11,0.95,-0.87,0.153,0.357,-3.2,19.99,-0.55,null,null
12,0.95,-0.918,0.14,0.411,7.39,11.51,-0.21,null,null
13,0.95,-0.898,0.084,0.363,-5.31,-1.59,4.3,null,null
14,0.95,-0.919,0.101,0.355,-3.51,-3.94,3.63,null,null
15,0.95,-0.901,0.155,0.295,0.64,-5.07,-2.72,null,null
16,0.95,-0.919,0.113,0.287,-1.8,-1.46,2.44,null,null
17,0.95,-0.949,0.119,0.265,2.47,-2.29,4.36,null,null
18,0.95,-0.844,0.167,0.336,-28.35,14.59,5.01,null,null
19,0.95,-0.968,0.241,0.738,-67.35,0.79,-8.24,null,null
20,0.95,-1.085,0.09,0.679,-12.39,-111.21,23.38,null,null
21,0.95,-0.979,0.205,0.574,11.63,-108.95,19.59,null,null
22,0.95,-0.809,0.182,0.592,-15.56,-88.53,27.62,null,null
23,0.95,-0.73,0.084,0.82,-42.6,-62.41,19.35,null,null
24,0.95,-0.61,0.036,0.867,-11.17,-77.24,16.3,null,null
25,0.95,-0.397,0.121,0.856,-38.58,-88.17,31.28,null,null
26,0.95,-0.209,0.022,0.876,-34.64,-73.4,16.6,null,null
27,0.95,-0.065,0.045,0.876,-43.21,-76.08,4.61,null,null
28,0.95,-0.041,0.037,0.975,-25.33,-37.26,-5.86,null,null
29,0.95,-0.06,0.11,0.869,-8.33,-68.67,3.72,null,null
30,0.95,0.092,-0.016,0.606,-15.63,-77.49,26.61,null,null
31,0.95,0.172,-0.099,0.654,-5.4,-32.9,22.34,null,null
32,0.95,0.201,-0.03,0.768,7.29,-15.14,5.07,null,null
33,0.95,0.2,-0.043,0.867,0.09,1.22,5.95,null,null
34,0.95,0.229,-0.093,0.927,-6.93,2.08,1.25,null,null
35,0.95,0.194,-0.043,0.989,-8.06,14.77,-4.21,null,null
36,0.95,0.203,0.011,0.958,0.73,-1.31,-4.15,null,null
37,0.95,0.177,-0.024,0.984,-3.08,-1.19,-0.34,null,null
38,0.95,0.209,-0.024,0.963,-5.65,-0.95,1.13,null,null
39,0.95,0.198,-0.026,0.949,0.27,-0.58,-0.55,null,null
40,0.95,0.188,-0.026,0.936,-6.41,4.18,1.31,null,null
41,0.95,0.194,-0.04,0.951,0.0,3.85,0.18,null,null
42,0.95,0.179,-0.025,0.963,0.82,6.71,-1.4,null,null
43,0.95,0.171,-0.046,1.0,-3.11,3.02,1.65,null,null
44,0.95,0.169,-0.045,0.984,-1.86,3.97,-0.27,null,null
45,0.95,0.169,-0.045,0.976,-1.74,2.9,-0.09,null,null
46,0.95,0.158,-0.061,0.984,-2.81,4.09,-1.28,null,null
47,0.95,0.175,-0.058,0.972,-2.01,2.62,-1.46,null,null
48,0.95,0.161,-0.06,0.988,1.22,3.72,-3.3,null,null
49,0.95,0.163,-0.057,0.993,-2.23,3.33,-2.96,null,null
50,0.95,0.169,-0.054,0.949,1.89,0.98,-2.87,null,null
51,0.95,0.156,-0.067,0.979,-0.46,3.85,-4.39,null,null
52,0.95,0.146,-0.068,0.98,-3.72,4.58,-4.82,null,null
53,0.95,0.121,-0.014,0.945,4.27,3.36,-5.4,null,null
54,0.95,0.145,-0.081,0.94,-1.56,3.97,-4.03,null,null
55,0.95,0.089,-0.024,0.931,5.98,10.1,-9.28,null,null
0,0.95,0.096,-0.02,0.883,3.11,19.38,-12.33,null,null
1,0.95,0.014,0.075,0.873,6.65,12.54,-9.28,null,null
2,0.95,-0.178,0.074,0.807,19.71,-41.9,51.97,null,null
3,0.95,-0.053,-0.036,0.69,18.25,19.78,31.31,null,null
4,0.95,0.0,0.052,0.71,54.9,95.8,-30.49,null,null
5,0.95,-0.396,0.2,1.029,24.75,169.53,-64.06,null,null
6,0.95,-0.662,0.219,1.134,34.09,129.28,-68.21,null,null
7,0.95,-0.858,0.162,0.804,59.02,100.25,-68.91,null,null
8,0.95,-1.038,0.122,0.866,61.28,82.49,-60.43,null,null
9,0.95,-0.872,0.19,0.527,18.98,3.33,-7.45,null,null
10,0.95,-0.845,0.054,0.511,-7.69,7.84,9.13,null,null
11,0.95,-0.886,0.185,0.347,-29.66,18.83,16.57,null,null
12,0.95,-0.912,-0.028,0.451,-60.7,25.39,32.62,null,null
13,0.95,-0.906,0.039,0.372,9.03,-4.85,-3.3,null,null
14,0.95,-0.902,0.056,0.351,-3.23,-4.52,-5.92,null,null
15,0.95,-0.889,0.059,0.344,-10.07,6.29,-4.21,null,null
16,0.95,-0.881,0.113,0.349,-23.87,9.4,2.01,null,null
17,0.95,-1.007,0.012,0.48,-15.72,-20.81,17.3,null,null
18,0.95,-0.889,-0.116,0.431,2.44,-45.35,23.56,null,null
19,0.95,-1.013,0.015,0.574,12.82,-70.5,8.88,null,null
20,0.95,-0.954,-0.075,0.644,-5.13,-85.79,3.85,null,null
21,0.95,-0.924,-0.028,0.721,-18.86,-73.92,-3.57,null,null
22,0.95,-0.787,0.082,0.779,-9.37,-88.08,0.76,null,null
23,0.95,-0.774,-0.02,1.007,-28.9,-162.66,61.86,null,null
24,0.95,-0.332,-0.086,0.875,-21.27,-120.27,17.7,null,null
25,0.95,-0.202,-0.112,0.828,-17.49,-52.49,-13.15,null,null
26,0.95,-0.035,-0.215,0.817,-7.23,-40.5,-6.53,null,null
27,0.95,0.016,-0.201,0.849,12.88,-42.79,-6.81,null,null
28,0.95,0.031,-0.164,0.808,0.06,-37.78,-4.21,null,null
29,0.95,0.067,-0.193,0.837,-5.86,-37.17,1.5,null,null
30,0.95,0.145,-0.231,0.8,8.45,-46.02,4.52,null,null
31,0.95,0.215,-0.199,0.74,2.96,-33.97,-0.64,null,null
32,0.95,0.245,-0.172,0.717,6.41,-21.0,-1.07,null,null
33,0.95,0.271,-0.122,0.721,3.85,-0.18,1.5,null,null
34,0.95,0.253,-0.229,0.936,-16.6,16.79,3.66,null,null
35,0.95,0.264,-0.219,0.953,-2.75,6.2,-2.62,null,null
36,0.95,0.248,-0.221,0.967,2.08,5.52,-8.09,null,null
37,0.95,0.24,-0.163,0.935,4.79,10.13,-1.19,null,null
38,0.95,0.218,-0.168,0.953,-0.18,8.21,-4.27,null,null
39,0.95,0.207,-0.163,0.946,-0.85,1.53,-5.07,null,null
40,0.95,0.216,-0.175,0.935,-4.49,4.85,-2.08,null,null
41,0.95,0.198,-0.181,0.946,0.73,3.66,-2.9,null,null
42,0.95,0.189,-0.177,0.95,-4.03,7.51,-0.61,null,null
43,0.95,0.179,-0.208,0.99,-5.55,6.44,0.21,null,null
44,0.95,0.183,-0.221,0.978,-2.5,4.64,0.76,null,null
45,0.95,0.18,-0.207,0.975,1.98,1.25,-2.87,null,null
46,0.95,0.187,-0.187,0.944,-0.4,1.19,-1.22,null,null
47,0.95,0.171,-0.193,0.966,3.11,0.82,-1.13,null,null
48,0.95,0.18,-0.205,0.951,-0.43,2.2,1.68,null,null
49,0.95,0.179,-0.222,0.96,1.4,1.4,0.24,null,null
50,0.95,0.171,-0.201,0.928,7.84,-1.25,-2.08,null,null
51,0.95,0.179,-0.183,0.932,4.18,5.01,-1.77,null,null
52,0.95,0.174,-0.197,0.964,3.88,4.82,-1.34,null,null
53,0.95,0.166,-0.192,0.98,4.0,5.16,-1.31,null,null
54,0.95,0.179,-0.174,0.952,6.65,-0.24,0.0,null,null
55,0.95,0.21,-0.167,0.948,6.84,2.23,3.33,null,null
0,0.95,0.181,-0.126,0.919,15.59,3.91,5.58,null,null
1,0.95,0.107,-0.131,0.973,5.52,11.23,4.27,null,null
2,0.95,-0.046,0.068,0.767,35.86,1.65,8.3,null,null
3,0.95,-0.103,-0.11,0.664,60.34,-26.31,58.87,null,null
4,0.95,0.018,-0.042,0.648,25.76,53.32,-4.73,null,null
5,0.95,-0.088,0.136,0.805,52.13,114.72,-43.46,null,null
6,0.95,-0.571,0.138,1.244,5.34,162.24,-50.6,null,null
7,0.95,-0.644,0.104,1.292,33.2,83.65,-27.86,null,null
8,0.95,-0.726,0.344,0.804,64.24,38.54,-50.14,null,null
9,0.95,-0.665,0.144,0.685,24.08,42.7,-19.99,null,null
10,0.95,-0.768,0.282,0.674,38.39,32.32,-31.53,null,null
11,0.95,-0.769,0.304,0.527,3.11,35.68,-8.36,null,null
12,0.95,-0.985,0.168,0.578,-28.17,33.3,1.4,null,null
13,0.95,-0.862,0.313,0.386,56.18,-41.72,-8.36,null,null
14,0.95,-0.828,0.162,0.445,40.89,-15.17,-21.27,null,null
15,0.95,-0.845,0.268,0.421,55.39,-18.19,-45.17,null,null
16,0.95,-0.916,0.175,0.493,-22.92,-14.1,13.73,null,null
17,0.95,-0.928,-0.182,1.042,-36.19,-10.68,40.96,null,null
18,0.95,-1.076,-0.015,0.945,-8.09,-119.36,25.61,null,null
19,0.95,-0.966,0.122,0.922,3.33,-121.77,24.66,null,null
20,0.95,-0.787,0.076,0.988,-9.13,-136.97,17.91,null,null
21,0.95,-0.506,0.069,0.838,-27.59,-126.32,19.84,null,null
22,0.95,-0.161,0.019,0.704,21.3,-115.18,13.09,null,null
23,0.95,-0.002,0.023,0.558,-9.06,-99.43,29.42,null,null
24,0.95,0.263,-0.084,0.554,-15.84,-25.21,-0.67,null,null
25,0.95,0.338,-0.025,0.737,-14.31,-17.61,22.06,null,null
26,0.95,0.313,-0.037,0.912,8.15,17.3,-3.6,null,null
27,0.95,0.337,-0.068,0.965,-6.23,15.84,-7.63,null,null
28,0.95,0.314,-0.0,0.953,4.03,14.86,-13.15,null,null
29,0.95,0.305,-0.028,1.001,-13.25,15.14,-11.84,null,null
30,0.95,0.295,0.018,0.979,4.3,7.02,-13.18,null,null
31,0.95,0.295,0.036,0.986,-7.42,6.2,-10.32,null,null
32,0.95,0.276,0.014,1.023,-6.9,5.37,-5.77,null,null
33,0.95,0.288,0.02,0.989,-0.95,-2.41,-0.85,null,null
34,0.95,0.29,-0.0,0.975,0.76,-3.2,0.61,null,null
35,0.95,0.286,-0.003,0.955,-3.6,-4.76,1.89,null,null
36,0.95,0.287,-0.016,0.932,-0.15,-4.67,3.33,null,null
37,0.95,0.291,-0.01,0.887,4.46,-3.05,3.97,null,null
38,0.95,0.276,0.001,0.894,1.98,7.32,6.74,null,null
39,0.95,0.278,-0.072,1.04,-8.73,22.86,6.44,null,null
40,0.95,0.26,-0.038,1.049,7.9,6.2,-4.09,null,null
41,0.95,0.249,0.071,0.944,28.9,-10.5,-3.11,null,null
42,0.95,0.251,0.093,0.864,-0.24,-0.15,5.8,null,null
43,0.95,0.248,0.013,0.924,-9.8,6.81,8.48,null,null
44,0.95,0.222,-0.057,1.02,-15.17,11.75,5.1,null,null
45,0.95,0.201,-0.045,1.014,-5.8,2.41,3.51,null,null
46,0.95,0.205,-0.06,0.994,-1.01,-2.44,6.87,null,null
47,0.95,0.235,-0.093,0.976,3.39,-5.25,9.52,null,null
48,0.95,0.275,-0.003,0.92,6.53,-15.44,13.31,null,null
49,0.95,0.294,-0.091,0.918,-16.85,2.53,6.53,null,null
50,0.95,0.226,-0.004,0.943,-5.68,15.08,2.08,null,null
51,0.95,0.252,-0.095,0.978,-15.44,5.95,4.03,null,null
52,0.95,0.232,-0.085,0.97,-4.82,4.06,0.79,null,null
53,0.95,0.244,-0.032,0.918,-4.12,1.92,1.43,null,null
54,0.95,0.214,-0.101,1.009,-0.7,9.49,2.29,null,null
55,0.95,0.219,-0.101,1.002,7.81,3.85,2.53,null,null
0,0.95,0.213,-0.073,0.946,1.53,5.55,-1.77,null,null
1,0.95,0.192,0.0,0.987,5.89,10.44,-9.19,null,null
2,0.95,0.157,-0.043,0.971,3.36,0.34,-0.55,null,null
3,0.95,0.159,-0.03,0.958,2.81,-0.24,1.04,null,null
4,0.95,0.188,-0.05,1.024,-3.11,11.32,-8.48,null,null
5,0.95,0.149,-0.04,0.949,-1.46,7.9,-2.69,null,null
6,0.95,0.082,0.021,0.977,-7.26,8.3,2.11,null,null
7,0.95,-0.075,0.086,0.768,-4.06,-35.07,45.72,null,null
8,0.95,0.02,-0.162,0.605,44.65,9.92,59.42,null,null
9,0.95,0.054,-0.031,0.478,50.39,109.59,-32.69,null,null
10,0.95,-0.565,0.212,1.002,49.17,223.12,-72.39,null,null
11,0.95,-0.929,0.151,0.994,108.28,151.95,-73.31,null,null
12,0.95,-1.136,0.239,0.635,57.04,144.75,-48.1,null,null
13,0.95,-1.132,0.228,0.777,46.51,57.5,-25.09,null,null
14,0.95,-1.012,-0.118,0.45,95.1,-48.8,-13.64,null,null
15,0.95,-0.859,0.133,0.418,-31.01,60.4,-13.4,null,null
16,0.95,-0.99,0.145,0.417,-27.99,-5.01,4.55,null,null
17,0.95,-1.039,0.136,0.401,3.08,-44.74,17.37,null,null
18,0.95,-1.047,0.016,0.454,-23.68,-57.44,30.27,null,null
19,0.95,-1.053,0.075,0.6,-36.01,-69.8,28.47,null,null
20,0.95,-1.011,0.239,0.725,-0.37,-88.9,13.79,null,null
21,0.95,-0.934,0.23,0.616,-38.48,-120.46,33.69,null,null
22,0.95,-0.771,0.067,0.746,-38.97,-112.64,22.8,null,null
23,0.95,-0.503,-0.029,0.755,-27.74,-83.5,8.12,null,null
24,0.95,-0.331,-0.066,0.925,-37.72,-57.04,-6.87,null,null
25,0.95,-0.187,-0.02,0.911,-3.88,-64.27,-10.19,null,null
26,0.95,0.022,0.019,0.752,15.26,-84.32,20.05,null,null
27,0.95,0.152,-0.059,0.689,6.99,-79.71,6.29,null,null
28,0.95,0.201,0.057,0.702,0.89,-33.14,-2.47,null,null
29,0.95,0.243,0.099,0.742,-25.67,-15.5,-5.77,null,null
30,0.95,0.212,0.05,0.857,-27.44,-1.5,-7.6,null,null
31,0.95,0.241,0.06,0.872,-11.81,-4.21,1.83,null,null
32,0.95,0.234,0.0,0.912,-7.14,-3.08,3.63,null,null
33,0.95,0.24,-0.046,0.975,-9.09,-0.89,5.25,null,null
34,0.95,0.225,-0.029,0.927,3.97,-5.83,0.09,null,null
35,0.95,0.228,-0.042,0.96,-6.01,5.28,2.78,null,null
36,0.95,0.238,-0.036,0.98,8.64,-1.46,3.14,null,null
37,0.95,0.224,-0.015,0.978,-0.24,0.76,2.29,null,null
38,0.95,0.221,-0.016,0.96,-0.7,4.64,3.94,null,null
39,0.95,0.21,-0.036,0.974,0.52,1.53,1.8,null,null
40,0.95,0.22,-0.017,0.94,0.21,4.76,1.22,null,null
41,0.95,0.226,-0.035,0.974,-5.95,8.06,3.51,null,null
42,0.95,0.231,-0.036,0.967,4.27,-14.34,7.9,null,null
43,0.95,0.217,-0.015,0.922,1.53,0.0,2.29,null,null
44,0.95,0.198,0.009,0.915,1.53,1.04,4.97,null,null
45,0.95,0.17,-0.02,0.881,4.12,0.58,9.92,null,null
46,0.95,0.174,0.037,0.742,22.68,-3.63,17.03,null,null
47,0.95,0.11,0.027,0.714,5.86,15.02,24.02,null,null
48,0.95,0.087,0.043,0.677,19.14,17.85,29.73,null,null
49,0.95,0.045,0.043,0.602,16.54,27.83,36.41,null,null
50,0.95,-0.021,0.076,0.58,-4.12,50.63,28.87,null,null
51,0.95,-0.207,0.193,0.71,-33.57,102.97,31.37,null,null
52,0.95,-0.282,0.103,0.858,-26.0,94.24,69.34,null,null
53,0.95,-0.273,-0.098,0.826,11.96,118.96,77.55,null,null
54,0.95,-0.364,-0.118,0.953,21.73,156.93,40.71,null,null
55,0.95,-0.565,-0.176,1.169,17.18,156.9,10.86,null,null
0,0.95,-0.807,-0.016,1.248,104.25,41.23,-21.55,null,null
1,0.95,-0.735,0.141,0.859,119.45,57.13,-80.11,null,null
2,0.95,-0.888,0.354,0.577,149.85,69.67,-91.04,null,null
3,0.95,-0.943,0.363,0.487,33.3,70.38,-56.79,null,null
4,0.95,-0.952,0.229,0.448,-4.58,16.17,-20.14,null,null
5,0.95,-0.912,0.193,0.332,17.98,-0.24,-6.87,null,null
6,0.95,-0.914,0.18,0.273,20.2,-0.46,3.6,null,null
7,0.95,-0.923,0.115,0.321,21.33,2.32,0.24,null,null
8,0.95,-0.933,0.169,0.321,54.93,-6.93,0.55,null,null
9,0.95,-0.941,0.279,0.281,21.03,-14.59,17.4,null,null
10,0.95,-0.881,0.175,0.259,-8.7,-5.92,8.15,null,null
11,0.95,-0.903,0.181,0.292,-4.79,2.26,1.68,null,null
12,0.95,-0.903,0.172,0.319,-2.35,4.3,-7.57,null,null
13,0.95,-0.901,0.181,0.332,-2.11,2.84,-6.1,null,null
14,0.95,-0.902,0.187,0.306,2.78,-2.93,-4.09,null,null
15,0.95,-0.948,-0.024,0.211,-20.45,24.38,-5.22,null,null
16,0.95,-0.96,0.02,0.239,-2.66,17.64,-4.7,null,null
17,0.95,-0.946,0.109,0.273,-3.54,5.77,-1.19,null,null
18,0.95,-1.0,0.0,0.43,-25.57,-31.01,-9.58,null,null
19,0.95,-0.999,0.061,0.43,0.37,-72.3,-4.64,null,null
20,0.95,-1.034,0.063,0.551,-24.2,-65.03,6.07,null,null
21,0.95,-1.022,0.229,0.549,-21.64,-105.84,3.66,null,null
22,0.95,-0.944,0.011,0.777,-31.43,-89.24,29.05,null,null
23,0.95,-0.789,-0.052,0.827,-28.5,-109.16,17.18,null,null
24,0.95,-0.496,-0.096,0.662,18.22,-119.11,17.52,null,null
25,0.95,-0.263,0.021,0.753,-50.08,-61.07,4.82,null,null
26,0.95,-0.185,0.067,0.806,-13.86,-57.92,2.26,null,null
27,0.95,-0.149,0.019,0.896,-81.06,-32.81,2.96,null,null
28,0.95,-0.131,-0.116,1.033,-7.39,-41.72,6.5,null,null
29,0.95,-0.046,-0.08,0.839,1.74,-75.47,12.02,null,null
30,0.95,0.047,-0.082,0.725,5.25,-60.95,6.71,null,null
31,0.95,0.08,-0.084,0.665,-31.34,-40.5,10.47,null,null
32,0.95,0.14,-0.156,0.695,-15.66,-13.25,7.66,null,null
33,0.95,0.13,-0.137,0.757,-49.38,-3.45,-4.36,null,null
34,0.95,0.135,-0.27,0.95,4.67,20.02,8.85,null,null
35,0.95,0.104,-0.253,1.038,3.57,4.46,-1.07,null,null
36,0.95,0.115,-0.198,1.005,14.22,1.01,-10.22,null,null
37,0.95,0.109,-0.124,1.028,15.05,-7.66,-1.31,null,null
38,0.95,0.133,-0.144,0.99,-5.1,-15.02,-8.36,null,null
39,0.95,0.14,-0.123,0.952,0.79,-4.39,-1.95,null,null
40,0.95,0.113,-0.086,0.947,8.36,-3.3,-3.57,null,null
41,0.95,0.144,-0.145,0.935,0.34,-0.73,7.26,null,null
42,0.95,0.165,-0.172,0.96,4.79,3.48,2.78,null,null
43,0.95,0.149,-0.167,0.975,2.53,-4.21,1.92,null,null
44,0.95,0.145,-0.179,0.974,-2.29,3.08,1.1,null,null
45,0.95,0.12,-0.151,0.994,8.76,2.81,-2.04,null,null
46,0.95,0.12,-0.145,0.981,-4.36,-1.56,0.95,null,null
47,0.95,0.132,-0.16,0.963,3.63,-3.14,1.53,null,null
48,0.95,0.133,-0.141,0.936,-0.31,-0.4,-0.76,null,null
49,0.95,0.135,-0.151,0.965,11.75,4.06,-0.79,null,null
50,0.95,0.152,-0.141,0.977,3.02,6.56,-1.1,null,null
51,0.95,0.115,-0.105,0.986,2.72,2.84,-1.71,null,null
52,0.95,0.121,-0.158,0.969,-3.78,0.43,1.34,null,null
53,0.95,0.104,-0.125,0.982,7.84,6.23,-4.85,null,null
54,0.95,0.101,-0.073,0.931,17.7,-4.15,2.01,null,null
55,0.95,0.1,-0.073,0.897,7.63,0.7,3.57,null,null
0,0.95,0.011,-0.026,0.773,26.64,-11.41,26.52,null,null
1,0.95,-0.043,0.007,0.7,62.53,-4.52,38.67,null,null
2,0.95,0.043,0.08,0.681,61.71,61.43,20.6,null,null
3,0.95,-0.289,-0.033,0.89,68.3,117.47,-71.17,null,null
4,0.95,-0.746,0.353,0.992,82.52,123.08,-76.82,null,null
5,0.95,-0.898,0.401,0.776,38.94,119.17,-100.71,null,null
6,0.95,-1.086,0.443,0.834,20.05,124.94,-78.77,null,null
7,0.95,-0.894,0.198,0.66,37.6,10.28,-7.57,null,null
8,0.95,-0.84,0.185,0.502,57.07,2.93,-26.7,null,null
9,0.95,-0.91,0.229,0.445,-11.23,4.82,4.55,null,null
10,0.95,-0.888,0.139,0.379,0.21,-18.62,11.02,null,null
11,0.95,-0.898,0.098,0.363,5.46,-7.72,6.35,null,null
12,0.95,-0.876,0.06,0.364,5.13,-4.7,0.61,null,null
13,0.95,-0.881,0.076,0.36,12.48,4.21,-11.54,null,null
14,0.95,-0.901,0.114,0.306,3.63,29.73,-23.29,null,null
15,0.95,-0.888,0.077,0.311,-48.31,8.24,-6.35,null,null
16,0.95,-1.001,0.052,0.327,-11.81,-41.47,18.28,null,null
17,0.95,-0.969,0.001,0.377,-21.36,-28.63,22.1,null,null
18,0.95,-0.958,0.057,0.366,8.67,-54.66,19.59,null,null
19,0.95,-0.935,0.12,0.52,-28.2,-36.1,13.12,null,null
20,0.95,-0.91,0.144,0.567,-3.14,-56.43,26.58,null,null
21,0.95,-0.868,0.195,0.645,-16.33,-56.31,17.49,null,null
22,0.95,-0.821,0.177,0.755,-27.74,-71.57,20.02,null,null
23,0.95,-0.749,0.098,0.863,-7.66,-74.07,15.11,null,null
24,0.95,-0.631,0.062,0.929,-29.91,-95.22,19.23,null,null
25,0.95,-0.411,0.005,0.827,4.91,-121.25,24.11,null,null
26,0.95,-0.206,0.018,0.83,-17.27,-73.31,5.77,null,null
27,0.95,-0.054,0.001,0.783,1.43,-76.24,13.52,null,null
28,0.95,0.029,-0.035,0.748,11.72,-66.13,20.42,null,null
29,0.95,0.117,0.043,0.652,16.75,-60.06,15.44,null,null
30,0.95,0.188,-0.025,0.664,-25.3,-29.57,15.93,null,null
31,0.95,0.224,-0.056,0.73,-6.26,-16.05,11.11,null,null
32,0.95,0.212,-0.103,0.828,-27.5,-0.09,10.44,null,null
33,0.95,0.207,-0.085,0.875,4.46,7.97,7.45,null,null
34,0.95,0.184,-0.123,0.99,-10.53,15.59,8.79,null,null
35,0.95,0.177,-0.104,0.97,8.18,7.05,8.24,null,null
36,0.95,0.186,-0.109,0.976,-4.0,9.4,4.85,null,null
37,0.95,0.155,-0.07,1.0,6.9,3.27,-1.43,null,null
38,0.95,0.158,-0.055,0.952,-2.23,-8.0,-1.86,null,null
39,0.95,0.197,-0.048,0.915,5.95,-2.53,-1.92,null,null
40,0.95,0.17,-0.076,0.953,-0.31,3.94,-4.12,null,null
41,0.95,0.177,-0.094,0.988,2.32,5.95,-4.24,null,null
42,0.95,0.163,-0.044,0.969,2.35,9.09,-6.84,null,null
43,0.95,0.141,-0.05,1.017,7.69,4.36,-8.3,null,null
44,0.95,0.149,-0.008,0.98,5.98,-6.35,-5.4,null,null
45,0.95,0.158,-0.007,0.972,5.52,-2.23,-3.85,null,null
46,0.95,0.155,-0.001,0.96,2.78,4.79,-1.71,null,null
47,0.95,0.149,-0.029,0.947,2.59,8.15,-0.49,null,null
48,0.95,0.147,-0.038,0.927,4.27,8.0,-1.16,null,null
49,0.95,0.15,-0.012,0.903,-3.3,13.86,-3.11,null,null
50,0.95,0.11,-0.052,0.969,-36.53,28.53,-0.06,null,null
51,0.95,0.098,-0.176,1.101,9.03,22.64,1.71,null,null
52,0.95,0.059,-0.009,0.974,11.93,5.25,-12.21,null,null
53,0.95,0.065,0.018,0.926,1.1,14.89,-8.7,null,null
54,0.95,0.032,0.033,0.95,4.06,17.3,-3.39,null,null
55,0.95,0.022,-0.022,0.94,8.09,11.54,1.8,null,null
0,0.95,-0.005,-0.043,0.901,10.01,19.32,-4.55,null,null
1,0.95,-0.085,0.056,0.792,13.55,23.01,-5.52,null,null
2,0.95,-0.174,0.145,0.588,6.99,22.25,17.33,null,null
3,0.95,-0.352,-0.06,0.657,-2.26,107.27,25.79,null,null
4,0.95,-0.744,0.063,0.597,-26.89,168.1,0.73,null,null
5,0.95,-1.069,0.097,0.751,34.15,166.23,-39.83,null,null
6,0.95,-1.293,0.256,0.836,223.43,80.84,-28.78,null,null
7,0.95,-0.932,0.444,0.336,-43.52,19.59,-3.48,null,null
8,0.95,-0.893,0.407,0.298,199.44,-44.34,-19.44,null,null
9,0.95,-0.89,0.37,0.284,-6.29,-32.99,-6.1,null,null
10,0.95,-0.952,0.448,0.492,-35.95,-25.54,25.97,null,null
11,0.95,-0.765,0.191,0.315,-31.16,-25.51,43.15,null,null
12,0.95,-0.863,0.05,0.349,-16.45,11.41,8.27,null,null
13,0.95,-0.881,-0.168,0.453,-24.17,69.52,-36.56,null,null
14,0.95,-1.031,0.163,0.115,-56.86,150.21,-71.66,null,null
15,0.95,-1.025,0.105,0.207,-53.35,34.52,-40.31,null,null
16,0.95,-0.977,0.028,0.151,-6.13,-45.44,33.14,null,null
17,0.95,-0.989,-0.052,0.17,-34.33,-20.39,20.94,null,null
18,0.95,-0.961,0.009,0.223,-28.63,-5.86,7.87,null,null
19,0.95,-0.941,0.088,0.287,4.15,-3.27,7.81,null,null
20,0.95,-1.006,0.106,0.504,-16.42,-9.98,5.01,null,null
21,0.95,-1.081,0.203,0.733,18.28,-87.62,52.74,null,null
22,0.95,-1.02,0.227,0.715,-23.16,-92.38,22.22,null,null
23,0.95,-0.918,0.18,0.726,-29.6,-101.57,18.4,null,null
24,0.95,-0.729,0.215,0.674,-47.46,-104.16,23.16,null,null
25,0.95,-0.565,0.074,0.82,-41.51,-100.01,21.33,null,null
26,0.95,-0.256,-0.039,0.725,-7.48,-83.71,20.72,null,null
27,0.95,-0.102,0.039,0.607,1.25,-71.05,21.09,null,null
28,0.95,-0.041,-0.096,0.808,-29.51,-54.75,6.71,null,null
29,0.95,0.025,0.057,0.685,-1.68,-53.04,10.32,null,null
30,0.95,0.032,-0.028,0.767,-19.68,-23.16,7.42,null,null
31,0.95,0.061,-0.008,0.787,-7.08,-11.35,9.16,null,null
32,0.95,0.086,-0.039,0.825,-0.03,-10.9,8.03,null,null
33,0.95,0.11,-0.056,0.84,-3.88,-7.57,8.48,null,null
34,0.95,0.079,-0.061,0.991,-4.7,16.66,0.73,null,null
35,0.95,0.059,-0.057,1.071,-4.15,0.55,-0.52,null,null
36,0.95,0.074,0.038,0.952,12.05,-1.68,-4.82,null,null
37,0.95,0.059,-0.025,1.032,-3.11,10.41,-3.97,null,null
38,0.95,0.054,0.003,1.007,2.38,2.29,-2.47,null,null
39,0.95,0.055,-0.023,0.995,-8.48,9.8,-0.34,null,null
40,0.95,0.054,-0.028,0.991,3.08,6.96,-1.62,null,null
41,0.95,0.046,-0.026,1.0,-1.22,4.91,-2.47,null,null
42,0.95,0.05,-0.029,0.982,2.17,-0.18,-0.31,null,null
43,0.95,0.036,-0.032,1.005,-3.05,7.02,-1.34,null,null
44,0.95,0.031,-0.03,1.016,-0.76,3.17,-0.03,null,null
45,0.95,0.02,-0.022,1.01,-2.11,0.55,1.16,null,null
46,0.95,0.027,-0.042,0.996,0.09,-2.78,1.56,null,null
47,0.95,0.032,-0.044,0.972,-3.23,0.15,1.31,null,null
48,0.95,0.029,-0.015,0.982,4.97,1.74,-2.23,null,null
49,0.95,0.02,-0.025,0.982,-2.38,0.58,-0.12,null,null
50,0.95,0.023,-0.04,0.986,0.85,1.16,-1.37,null,null
51,0.95,0.023,-0.035,0.99,0.7,2.84,-0.55,null,null
52,0.95,0.023,-0.021,0.983,-0.76,3.33,-1.65,null,null
53,0.95,0.012,-0.033,1.015,-1.98,4.36,-0.43,null,null
54,0.95,0.025,-0.028,0.982,-1.16,1.77,0.37,null,null
55,0.95,0.023,-0.034,1.0,-1.22,3.3,-0.95,null,null
0,0.95,-0.003,-0.035,1.024,-2.72,3.94,-1.07,null,null
1,0.95,-0.017,-0.051,0.986,-1.71,-0.76,1.46,null,null
2,0.95,-0.029,-0.051,0.926,8.15,1.34,3.39,null,null
3,0.95,0.002,-0.074,0.896,9.61,8.58,8.82,null,null
4,0.95,0.006,-0.051,0.778,18.52,19.93,-10.22,null,null
5,0.95,-0.177,-0.049,0.787,35.22,72.79,-34.61,null,null
6,0.95,-0.392,0.087,0.816,36.93,102.02,-53.65,null,null
7,0.95,-0.637,0.589,1.317,42.45,93.6,-41.9,null,null
8,0.95,-0.836,0.673,1.158,153.69,-28.53,76.63,null,null
9,0.95,-0.152,0.336,0.951,40.65,-75.23,69.28,null,null
10,0.95,-0.063,0.308,1.239,-51.48,-22.89,27.89,null,null
11,0.95,-0.067,0.545,0.877,-68.3,-95.8,15.14,null,null
12,0.95,0.27,0.4,0.953,-75.69,-144.81,68.61,null,null
13,0.95,0.213,0.361,1.044,-29.39,-197.52,78.13,null,null
14,0.95,0.666,-0.182,0.405,-83.96,-286.29,73.43,null,null
15,0.95,0.769,-0.149,-0.201,-31.8,-89.33,4.64,null,null
16,0.95,0.899,0.012,0.225,14.8,51.36,-10.1,null,null
17,0.95,0.678,0.067,0.461,-8.33,157.99,-1.92,null,null
18,0.95,1.023,-0.104,0.75,-5.25,-56.73,22.43,null,null
19,0.95,0.97,-0.064,0.433,0.52,34.24,-22.77,null,null
20,0.95,0.681,0.015,0.729,27.83,14.92,-23.38,null,null
21,0.95,0.92,-0.009,0.194,-11.14,-293.71,65.31,null,null
22,0.95,0.898,-0.216,-0.211,-15.2,-87.98,17.37,null,null
23,0.95,0.871,-0.172,-0.394,-8.36,-42.63,13.61,null,null
24,0.95,0.82,-0.193,-0.57,-2.59,76.82,-17.24,null,null
25,0.95,0.869,-0.099,-0.303,31.04,194.52,-20.6,null,null
26,0.95,-0.61,0.058,0.177,-73.43,756.61,-52.25,null,null
27,0.95,-0.512,0.296,1.269,71.5,415.69,-67.87,null,null
28,0.95,-0.71,-0.151,0.197,34.61,237.56,-37.75,null,null
29,0.95,-1.186,0.239,0.817,67.51,352.52,-36.19,null,null
30,0.95,-1.344,0.085,0.566,13.7,225.23,-73.03,null,null
31,0.95,-1.788,0.313,0.851,-9.58,101.72,-98.48,null,null
32,0.95,-1.494,0.22,0.547,29.66,9.98,-23.1,null,null
33,0.95,-1.121,0.111,0.399,49.87,-38.0,6.71,null,null
34,0.95,-0.983,0.127,0.458,54.38,-46.88,19.71,null,null
35,0.95,-0.977,0.094,0.515,27.41,-78.22,20.45,null,null
36,0.95,-0.966,0.046,0.43,18.83,-75.29,-11.54,null,null
37,0.95,-0.897,0.089,0.495,33.2,-71.63,-4.67,null,null
38,0.95,-0.789,0.1,0.614,29.48,-97.9,2.5,null,null
39,0.95,-0.677,0.089,0.654,26.89,-108.1,3.51,null,null
40,0.95,-0.589,0.15,0.634,-3.17,-132.69,-4.79,null,null
41,0.95,-0.516,0.174,0.739,-18.04,-151.34,0.15,null,null
42,0.95,-0.412,0.104,0.839,-39.46,-218.15,22.13,null,null
43,0.95,-0.13,0.051,0.833,-35.4,-207.53,35.98,null,null
44,0.95,0.057,-0.015,0.853,-27.89,-119.75,21.76,null,null
45,0.95,0.137,-0.039,0.917,-13.06,-89.05,6.04,null,null
46,0.95,0.139,0.062,0.848,-1.92,-46.42,0.34,null,null
47,0.95,0.207,0.018,0.819,7.78,-38.27,0.18,null,null
48,0.95,0.259,0.029,0.82,12.09,-1.31,4.88,null,null
49,0.95,0.27,0.04,0.918,-4.12,14.56,0.24,null,null
50,0.95,0.231,0.043,0.991,-13.18,26.92,-5.13,null,null
51,0.95,0.18,0.058,1.084,9.7,14.16,-6.93,null,null
52,0.95,0.14,0.085,1.103,4.79,4.52,-9.06,null,null
53,0.95,0.134,0.108,1.062,11.35,-7.69,-5.89,null,null
54,0.95,0.145,0.088,1.021,7.39,-17.24,3.02,null,null
55,0.95,0.165,0.076,0.985,5.16,-11.6,3.54,null,null
0,0.95,0.236,0.06,0.987,-1.77,-11.08,2.59,null,null
1,0.95,0.217,0.094,0.945,-1.5,-6.23,-8.58,null,null
2,0.95,0.224,0.11,0.933,2.17,-6.81,1.4,null,null
3,0.95,0.219,0.098,1.028,-5.25,6.96,-2.01,null,null
4,0.95,0.247,0.065,1.006,-6.5,-24.17,3.08,null,null
5,0.95,0.263,0.038,0.912,-10.38,-14.5,6.93,null,null
6,0.95,0.3,0.021,0.918,-4.39,6.9,2.75,null,null
7,0.95,0.293,0.016,0.979,-3.3,-10.38,0.03,null,null
8,0.95,0.338,-0.136,1.208,-31.13,-18.62,1.53,null,null
9,0.95,0.324,0.077,0.763,-22.43,-27.77,12.3,null,null
10,0.95,0.478,-0.008,0.932,1.74,-5.16,29.91,null,null
11,0.95,0.49,-0.038,0.988,14.47,-82.03,30.85,null,null
12,0.95,0.533,-0.142,0.817,0.92,-183.02,26.06,null,null
13,0.95,0.816,-0.22,0.242,2.62,-183.72,51.18,null,null
14,0.95,0.901,-0.185,0.135,-7.97,-58.99,-18.04,null,null
15,0.95,-0.989,0.243,0.593,12.39,40.89,13.98,null,null
16,0.95,-0.833,0.248,0.455,6.99,5.95,16.57,null,null
17,0.95,-0.814,0.271,0.451,4.7,-4.76,8.3,null,null
18,0.95,-0.795,0.184,0.466,-26.4,-57.41,-22.74,null,null
19,0.95,-0.76,0.208,0.527,-0.24,9.64,1.74,null,null
20,0.95,-0.803,0.202,0.492,-6.5,-90.06,13.21,null,null
21,0.95,-0.643,0.19,0.589,3.27,3.27,13.95,null,null
22,0.95,-0.688,0.191,0.553,6.13,-10.47,12.02,null,null
23,0.95,-0.819,0.231,0.724,-0.21,-18.22,5.92,null,null
24,0.95,-0.975,0.348,1.076,-52.34,-417.98,53.38,null,null
25,0.95,0.291,0.035,0.518,-63.02,-399.88,33.11,null,null
26,0.95,0.562,0.071,-0.009,-36.29,-435.32,76.94,null,null
27,0.95,0.811,-0.082,-0.065,13.21,-313.49,101.5,null,null
28,0.95,0.801,-0.176,-0.451,-24.84,-117.31,74.07,null,null
29,0.95,0.89,-0.262,-0.486,8.42,-47.0,18.86,null,null
30,0.95,0.567,-0.122,-0.273,-26.09,121.77,-19.47,null,null
31,0.95,0.944,-0.149,-0.324,29.33,304.61,-55.12,null,null
32,0.95,0.365,-0.167,0.918,-65.61,262.0,-39.7,null,null
33,0.95,0.745,0.024,0.232,51.03,164.8,-21.61,null,null
34,0.95,0.414,-0.216,0.498,-8.55,395.25,-117.28,null,null
35,0.95,-0.384,-0.098,0.507,35.46,613.24,-155.28,null,null
36,0.95,-1.04,0.136,1.253,-1.04,532.64,-77.3,null,null
37,0.95,-1.076,0.195,0.753,67.69,207.22,29.39,null,null
38,0.95,-1.134,0.176,0.883,6.74,200.02,-21.42,null,null
39,0.95,-1.24,0.134,0.925,-19.32,6.9,-32.41,null,null
40,0.95,-1.189,0.145,0.938,38.36,-71.26,27.99,null,null
41,0.95,-1.01,0.28,0.885,5.22,-194.86,33.88,null,null
42,0.95,-0.847,0.243,0.935,-6.44,-327.68,36.77,null,null
43,0.95,-0.678,0.339,0.878,-70.47,-401.26,43.24,null,null
44,0.95,-0.145,0.213,0.838,14.37,-397.84,63.97,null,null
45,0.95,0.266,0.079,0.681,-21.76,-334.24,40.59,null,null
46,0.95,0.485,-0.035,0.512,-10.04,-285.32,58.23,null,null
47,0.95,0.705,-0.017,0.297,15.23,-252.88,74.25,null,null
48,0.95,0.879,-0.137,0.067,22.71,-172.52,61.89,null,null
49,0.95,0.932,-0.205,0.057,0.89,-74.56,27.89,null,null
50,0.95,0.87,-0.109,0.075,6.71,2.32,-13.09,null,null
51,0.95,0.946,-0.101,0.125,-5.92,11.63,-4.61,null,null
52,0.95,0.914,-0.039,0.337,-3.72,36.44,-17.37,null,null
53,0.95,1.003,-0.048,0.312,-8.67,15.32,6.16,null,null
54,0.95,0.947,-0.044,0.382,-6.44,17.21,-2.84,null,null
55,0.95,0.964,-0.074,0.311,-8.48,8.48,3.81,null,null
0,0.95,0.911,-0.057,0.389,-11.63,29.15,5.25,null,null
1,0.95,0.914,-0.133,0.393,-13.4,19.44,3.75,null,null
2,0.95,0.917,-0.026,0.395,-2.04,23.16,-10.38,null,null
3,0.95,0.98,-0.072,0.322,9.98,76.33,-9.25,null,null
4,0.95,0.671,0.026,0.477,23.74,191.32,19.17,null,null
5,0.95,0.382,-0.022,1.004,10.5,15.02,16.94,null,null
6,0.95,0.634,-0.065,0.891,9.98,-75.05,-2.66,null,null
7,0.95,0.658,-0.039,0.682,-0.92,-19.01,-10.96,null,null
8,0.95,0.633,-0.016,0.717,2.44,-2.26,0.37,null,null
9,0.95,0.676,-0.041,0.748,-2.99,7.57,-2.56,null,null
10,0.95,0.69,-0.014,0.781,-3.54,-2.81,0.27,null,null
11,0.95,0.682,-0.016,0.748,0.21,-12.45,-0.03,null,null
12,0.95,0.683,-0.005,0.718,-2.01,-9.7,1.89,null,null
13,0.95,0.704,-0.033,0.695,1.16,-4.85,2.01,null,null
14,0.95,0.695,-0.025,0.726,1.71,-5.28,0.64,null,null
15,0.95,0.699,-0.03,0.732,-0.43,-0.46,3.85,null,null
16,0.95,0.972,-0.096,0.175,1.83,-3.97,-5.89,null,null
17,0.95,0.968,-0.088,0.214,-1.68,-1.95,-4.15,null,null
18,0.95,0.965,-0.075,0.193,3.97,5.68,5.92,null,null
19,0.95,0.98,-0.098,0.222,-2.11,0.43,2.47,null,null
20,0.95,0.971,-0.073,0.173,-0.09,3.6,1.22,null,null
21,0.95,0.967,-0.113,0.131,7.26,1.89,-1.86,null,null
22,0.95,1.136,-0.322,-0.266,9.61,166.54,-88.05,null,null
23,0.95,-0.009,0.036,0.581,-105.56,511.95,-93.2,null,null
24,0.95,-0.423,0.081,0.814,-3.81,425.28,-78.07,null,null
25,0.95,-0.737,0.159,0.856,43.52,207.1,43.09,null,null
26,0.95,-1.105,0.273,0.66,42.27,109.87,21.67,null,null
27,0.95,-1.161,0.288,0.817,-10.41,-13.64,-18.34,null,null
28,0.95,-1.127,0.368,0.823,21.06,-94.61,25.21,null,null
29,0.95,-0.937,0.392,0.764,14.25,-201.18,28.41,null,null
30,0.95,-0.741,0.386,0.816,-55.02,-254.07,-0.06,null,null
31,0.95,-0.592,0.319,0.841,-42.73,-263.77,25.06,null,null
32,0.95,-0.289,0.29,0.797,-46.33,-235.63,19.35,null,null
33,0.95,-0.047,0.105,0.879,-56.15,-351.54,23.01,null,null
34,0.95,0.245,0.103,0.668,0.7,-293.22,41.9,null,null
35,0.95,0.52,-0.031,0.554,-12.3,-258.28,48.19,null,null
36,0.95,0.569,-0.048,0.61,-22.8,-284.74,63.02,null,null
37,0.95,0.852,-0.055,0.188,1.77,-293.68,90.76,null,null
38,0.95,0.957,-0.288,-0.072,10.53,-124.21,52.77,null,null
39,0.95,0.926,-0.222,-0.153,9.98,-19.75,-16.88,null,null
40,0.95,0.942,-0.124,0.049,-11.9,5.19,-9.28,null,null
41,0.95,0.948,-0.115,0.157,-8.85,29.76,-9.0,null,null
42,0.95,0.981,-0.052,0.126,-6.35,22.52,-5.37,null,null
43,0.95,0.977,-0.078,0.229,2.41,30.43,-7.84,null,null
44,0.95,0.995,-0.047,0.231,1.53,28.11,-1.8,null,null
45,0.95,0.987,-0.07,0.304,18.98,3.66,8.03,null,null
46,0.95,1.004,-0.123,0.234,1.13,10.07,9.7,null,null
47,0.95,0.977,-0.139,0.256,2.44,17.09,-2.84,null,null
48,0.95,0.961,-0.127,0.296,-3.23,11.35,-2.17,null,null
49,0.95,0.974,-0.111,0.323,-4.21,7.9,-6.38,null,null
50,0.95,0.958,-0.101,0.274,-3.33,0.21,-3.78,null,null
51,0.95,0.949,-0.089,0.237,-5.31,1.68,-1.01,null,null
52,0.95,0.953,-0.082,0.254,-5.49,1.83,-0.95,null,null
53,0.95,0.961,-0.079,0.242,-3.6,1.34,-3.91,null,null
54,0.95,0.953,-0.047,0.267,-3.05,7.02,-4.15,null,null
55,0.95,0.942,-0.06,0.284,1.8,4.21,-1.77,null,null
0,0.95,0.96,-0.085,0.289,1.46,2.53,-1.59,null,null
1,0.95,0.953,-0.099,0.3,-0.46,4.61,-0.15,null,null
2,0.95,0.943,-0.054,0.297,1.34,6.74,-2.17,null,null
3,0.95,0.942,-0.068,0.285,3.36,7.48,-0.64,null,null
4,0.95,0.948,-0.071,0.334,0.76,4.58,-0.55,null,null
5,0.95,0.951,-0.071,0.363,-0.21,-1.16,0.67,null,null
6,0.95,0.951,-0.081,0.334,-0.76,-1.16,-0.21,null,null
7,0.95,0.932,-0.076,0.328,-2.9,-0.58,0.67,null,null
8,0.95,0.941,-0.059,0.337,-3.17,0.67,0.46,null,null
9,0.95,0.959,-0.078,0.344,-1.4,4.15,4.49,null,null
10,0.95,0.966,-0.098,0.374,-1.53,-13.15,3.91,null,null
11,0.95,0.975,-0.097,0.282,3.42,-22.4,0.92,null,null
12,0.95,0.928,-0.073,0.269,5.16,-2.2,1.16,null,null
13,0.95,0.949,-0.094,0.249,10.35,-7.6,1.68,null,null
14,0.95,0.968,-0.092,0.259,8.0,-10.41,0.85,null,null
15,0.95,0.96,-0.08,0.264,5.13,-8.64,2.01,null,null
16,0.95,0.98,-0.095,0.161,0.18,-1.98,-0.27,null,null
17,0.95,1.001,-0.065,0.224,2.04,-16.88,1.98,null,null
18,0.95,0.965,-0.093,0.091,3.66,-9.98,-0.34,null,null
19,0.95,0.929,-0.097,0.062,5.74,5.07,0.24,null,null
20,0.95,0.919,-0.093,0.077,13.92,31.1,-6.65,null,null
21,0.95,1.035,-0.143,0.025,31.22,193.33,-75.93,null,null
22,0.95,0.01,-0.154,0.463,-33.94,540.42,-97.17,null,null
23,0.95,-0.242,0.038,1.16,35.46,190.74,-4.82,null,null
24,0.95,-0.502,0.037,0.974,15.96,240.3,-50.05,null,null
25,0.95,-0.924,0.201,0.745,-0.43,84.57,-23.65,null,null
26,0.95,-0.926,0.189,0.51,19.93,83.13,2.23,null,null
27,0.95,-1.016,0.224,0.474,4.33,25.45,-5.68,null,null
28,0.95,-0.974,0.219,0.526,11.51,-11.26,21.55,null,null
29,0.95,-0.951,0.217,0.651,5.83,-40.19,16.33,null,null
30,0.95,-0.994,0.262,0.786,4.79,-155.13,17.3,null,null
31,0.95,-0.888,0.235,0.8,-47.82,-257.24,-8.91,null,null
32,0.95,-0.841,0.299,1.012,-34.15,-305.49,28.87,null,null
33,0.95,-0.553,0.326,0.878,-4.06,-292.18,37.17,null,null
34,0.95,-0.233,0.004,1.061,-50.05,-400.34,67.54,null,null
35,0.95,0.255,0.071,0.489,12.02,-354.5,54.32,null,null
36,0.95,0.564,-0.133,0.51,-27.34,-295.05,51.0,null,null
37,0.95,0.656,-0.094,0.346,-3.39,-250.37,57.65,null,null
38,0.95,0.734,-0.087,0.279,-9.67,-232.76,54.23,null,null
39,0.95,0.928,-0.202,0.012,-10.32,-87.59,18.65,null,null
40,0.95,0.859,0.006,0.134,17.85,-80.48,-2.9,null,null
41,0.95,1.027,-0.126,-0.001,-12.18,-33.39,19.32,null,null
42,0.95,0.969,-0.031,0.059,5.37,-8.3,-14.19,null,null
43,0.95,0.949,-0.042,0.119,-8.39,5.1,3.2,null,null
44,0.95,0.976,-0.059,0.152,-4.46,10.19,-2.84,null,null
45,0.95,0.996,-0.083,0.124,-3.85,5.4,1.28,null,null
46,0.95,0.993,-0.079,0.131,-2.38,8.91,0.67,null,null
47,0.95,0.979,-0.08,0.141,-7.39,7.57,6.41,null,null
48,0.95,0.995,-0.079,0.116,-3.39,12.3,1.31,null,null
49,0.95,0.997,-0.068,0.137,-4.52,7.54,2.59,null,null
50,0.95,0.983,-0.083,0.169,-3.48,7.42,1.71,null,null
51,0.95,0.984,-0.09,0.148,-6.16,6.07,3.42,null,null
52,0.95,0.991,-0.107,0.164,-4.24,9.55,2.53,null,null
53,0.95,0.991,-0.117,0.164,-3.66,5.52,2.04,null,null
54,0.95,0.973,-0.098,0.183,-4.88,7.51,1.43,null,null
55,0.95,0.975,-0.09,0.167,-5.46,6.2,0.34,null,null
0,0.95,0.988,-0.122,0.187,-2.41,2.62,0.09,null,null
1,0.95,0.975,-0.095,0.24,-2.84,6.59,-1.28,null,null
2,0.95,0.965,-0.097,0.202,-3.2,4.67,-0.15,null,null
3,0.95,0.985,-0.112,0.203,-0.06,7.78,5.83,null,null
4,0.95,0.954,-0.105,0.249,1.4,5.58,-1.19,null,null
5,0.95,0.957,-0.098,0.238,2.14,8.85,2.66,null,null
6,0.95,0.96,-0.118,0.276,2.53,7.93,5.71,null,null
7,0.95,0.952,-0.127,0.31,2.2,5.43,0.46,null,null
8,0.95,0.99,-0.139,0.311,-0.52,2.56,-2.75,null,null
9,0.95,0.965,-0.069,0.255,8.36,-5.86,-12.94,null,null
10,0.95,0.989,-0.085,0.256,19.68,1.28,1.43,null,null
11,0.95,0.966,-0.232,0.304,23.22,-8.7,7.05,null,null
12,0.95,0.891,-0.101,0.285,7.75,-0.67,0.76,null,null
13,0.95,0.891,0.101,0.37,26.06,20.63,-32.32,null,null
14,0.95,1.001,0.023,0.309,24.63,-5.37,-7.45,null,null
15,0.95,0.937,0.02,0.287,5.83,-14.04,7.39,null,null
16,0.95,0.869,-0.021,0.322,1.28,-16.72,11.87,null,null
17,0.95,0.947,-0.071,0.505,-1.59,-25.64,7.78,null,null
18,0.95,0.985,0.017,0.254,5.16,-44.53,0.89,null,null
19,0.95,1.015,-0.199,0.332,3.72,-58.44,20.69,null,null
20,0.95,0.861,-0.144,-0.087,6.78,-64.0,-1.59,null,null
21,0.95,1.034,-0.225,-0.455,6.32,168.77,-40.77,null,null
22,0.95,-0.36,-0.298,-0.022,-111.09,693.26,-225.78,null,null
23,0.95,-0.678,-0.134,0.074,68.3,352.15,105.32,null,null
24,0.95,-1.551,0.348,0.495,-27.65,202.03,-76.36,null,null
25,0.95,-1.426,0.219,0.759,65.19,-110.78,100.65,null,null
26,0.95,-0.946,0.333,0.61,-43.37,-471.14,66.5,null,null
27,0.95,-0.654,0.221,0.706,-97.69,-643.45,36.77,null,null
28,0.95,0.251,0.213,0.273,-87.34,-635.91,172.09,null,null
29,0.95,0.826,-0.149,-0.293,22.19,-372.51,168.65,null,null
30,0.95,0.81,-0.332,-0.191,12.48,-141.24,38.21,null,null
31,0.95,0.856,-0.136,-0.36,-10.41,-43.86,23.71,null,null
32,0.95,0.857,-0.072,-0.11,9.16,2.53,-0.43,null,null
33,0.95,0.917,-0.141,0.027,-12.63,18.49,23.01,null,null
34,0.95,0.994,-0.147,0.109,-3.33,17.24,4.24,null,null
35,0.95,1.027,-0.156,0.126,-1.07,9.86,0.92,null,null
36,0.95,1.029,-0.112,0.12,-1.07,-8.0,-0.67,null,null
37,0.95,0.996,-0.089,0.096,4.27,-2.17,-6.35,null,null
38,0.95,0.991,-0.112,0.016,7.45,-2.56,2.23,null,null
39,0.95,0.99,-0.15,0.017,8.18,0.55,-3.33,null,null
40,0.95,0.987,-0.125,0.119,-1.01,2.66,0.85,null,null
41,0.95,0.999,-0.117,0.093,1.16,5.71,-0.21,null,null
42,0.95,1.007,-0.136,0.065,6.96,-2.35,-8.36,null,null
43,0.95,0.997,-0.096,0.068,3.54,-0.64,-3.02,null,null
44,0.95,0.998,-0.102,0.072,4.06,3.33,-3.14,null,null
45,0.95,0.98,-0.081,0.089,3.54,3.66,1.56,null,null
46,0.95,0.987,-0.113,0.096,3.08,5.07,1.56,null,null
47,0.95,1.007,-0.117,0.134,-1.16,-1.43,4.91,null,null
48,0.95,0.979,-0.108,0.088,6.5,3.97,-2.47,null,null
49,0.95,0.995,-0.132,0.095,3.54,1.46,0.18,null,null
50,0.95,0.99,-0.114,0.131,1.8,1.8,3.11,null,null
51,0.95,0.982,-0.113,0.078,7.02,13.61,-2.9,null,null
52,0.95,0.986,-0.125,0.101,0.92,3.36,3.57,null,null
53,0.95,0.989,-0.136,0.185,2.04,8.24,-1.1,null,null
54,0.95,1.001,-0.142,0.137,11.6,-1.71,1.89,null,null
55,0.95,1.006,-0.144,0.157,1.92,-3.78,3.51,null,null
0,0.95,0.97,-0.103,0.149,5.49,-5.86,-2.87,null,null
1,0.95,1.002,-0.153,0.114,13.86,16.94,-8.33,null,null
2,0.95,0.84,0.012,0.514,-10.62,40.83,-0.82,null,null
3,0.95,1.015,-0.062,0.177,7.26,-17.21,2.56,null,null
4,0.95,0.987,-0.074,0.163,1.65,13.67,-10.47,null,null
5,0.95,0.934,-0.002,0.264,16.08,3.27,-14.34,null,null
6,0.95,0.98,-0.069,0.278,24.75,-5.01,15.44,null,null
7,0.95,0.99,-0.112,0.315,11.81,4.88,-11.87,null,null
8,0.95,0.947,-0.117,0.25,0.7,-6.35,-8.18,null,null
9,0.95,0.904,-0.034,0.189,-13.73,8.06,-5.83,null,null
10,0.95,0.979,0.03,0.167,-16.33,2.38,-0.46,null,null
11,0.95,0.996,0.043,0.304,7.6,4.3,-9.7,null,null
12,0.95,1.023,-0.061,0.372,10.01,-13.79,-18.07,null,null
13,0.95,1.018,0.03,0.363,14.56,-33.78,-19.9,null,null
14,0.95,0.97,0.111,0.006,-6.38,-58.57,1.89,null,null
15,0.95,0.948,-0.009,0.143,-1.07,-43.55,16.6,null,null
16,0.95,0.929,-0.02,-0.027,3.39,15.14,1.43,null,null
17,0.95,0.933,-0.013,0.091,3.66,92.5,-17.98,null,null
18,0.95,0.924,0.021,0.078,31.53,238.59,-29.91,null,null
19,0.95,-0.112,-0.249,0.821,47.55,520.19,-104.01,null,null
20,0.95,-0.766,0.261,1.127,34.67,188.97,-26.22,null,null
21,0.95,-0.857,0.172,0.938,15.81,43.95,-4.06,null,null
22,0.95,-0.798,0.186,0.871,2.87,-94.88,7.32,null,null
23,0.95,-0.566,0.248,0.992,-14.74,-234.38,15.53,null,null
24,0.95,-0.052,0.137,0.958,4.12,-294.75,50.66,null,null
25,0.95,0.471,0.153,0.659,-6.81,-220.86,44.89,null,null
26,0.95,0.625,0.095,0.617,-22.1,-290.63,91.65,null,null
27,0.95,1.054,-0.094,-0.21,11.84,-159.95,96.56,null,null
28,0.95,0.964,-0.189,-0.102,14.62,-28.38,-1.74,null,null
29,0.95,0.938,-0.082,0.057,2.01,-8.36,4.85,null,null
30,0.95,0.953,-0.115,0.131,-4.06,8.85,8.94,null,null
31,0.95,0.99,-0.137,0.178,-1.98,5.31,2.66,null,null
32,0.95,0.966,-0.086,0.177,5.58,8.91,-10.41,null,null
33,0.95,0.978,-0.091,0.148,-1.46,4.33,-1.56,null,null
34,0.95,0.966,-0.073,0.16,2.14,0.18,-2.53,null,null
35,0.95,0.976,-0.086,0.187,2.59,5.43,-5.46,null,null
36,0.95,0.976,-0.076,0.216,-0.82,6.96,-1.8,null,null
37,0.95,0.983,-0.096,0.199,0.27,-2.56,-2.69,null,null
38,0.95,0.966,-0.074,0.197,2.96,0.89,-5.86,null,null
39,0.95,0.975,-0.064,0.171,-0.43,-1.1,-2.93,null,null
40,0.95,0.982,-0.057,0.191,-0.43,8.51,-5.43,null,null
41,0.95,1.003,-0.057,0.177,0.37,1.59,-0.27,null,null
42,0.95,0.975,-0.048,0.223,0.18,6.47,-2.47,null,null
43,0.95,0.995,-0.065,0.219,0.82,2.59,-1.07,null,null
44,0.95,0.972,-0.053,0.22,14.65,17.98,-20.69,null,null
45,0.95,0.968,-0.002,0.236,0.49,6.59,-0.37,null,null
46,0.95,0.972,-0.036,0.25,-1.77,4.64,1.04,null,null
47,0.95,1.004,-0.047,0.247,-1.74,3.51,3.39,null,null
48,0.95,0.953,-0.012,0.279,4.36,1.37,-0.64,null,null
49,0.95,0.942,-0.003,0.2,6.01,5.04,4.12,null,null
50,0.95,0.931,0.019,0.201,8.15,12.82,8.36,null,null
51,0.95,0.937,-0.08,0.314,-0.85,14.95,16.57,null,null
52,0.95,0.967,-0.133,0.338,3.27,8.18,5.71,null,null
53,0.95,0.977,-0.119,0.326,4.58,-0.73,-2.35,null,null
54,0.95,0.948,-0.079,0.297,6.81,2.69,-10.22,null,null
55,0.95,0.962,-0.062,0.281,-3.27,-0.09,-4.33,null,null
0,0.95,0.975,-0.057,0.295,-2.08,-0.67,3.81,null,null
1,0.95,0.962,-0.063,0.301,1.31,-3.05,-2.99,null,null
2,0.95,0.952,-0.05,0.29,-6.35,-1.04,2.69,null,null
3,0.95,0.947,-0.058,0.284,0.12,-0.98,-3.54,null,null
4,0.95,0.95,-0.031,0.275,0.06,0.61,-0.37,null,null
5,0.95,0.974,-0.046,0.316,-0.82,-0.67,2.56,null,null
6,0.95,0.951,-0.046,0.269,2.99,2.96,-3.51,null,null
7,0.95,0.948,-0.039,0.279,-1.04,-1.74,-1.68,null,null
8,0.95,0.954,-0.035,0.275,2.17,-4.58,0.85,null,null
9,0.95,0.929,-0.047,0.309,-0.79,-5.19,4.15,null,null
10,0.95,0.91,-0.032,0.318,5.28,-4.94,-5.01,null,null
11,0.95,1.017,-0.05,0.216,-4.79,-17.49,9.22,null,null
12,0.95,0.998,-0.085,0.193,-1.43,-4.18,6.01,null,null
13,0.95,1.003,-0.072,0.234,-5.04,1.28,-3.39,null,null
14,0.95,1.015,-0.0,-0.002,3.94,34.73,-15.17,null,null
15,0.95,1.037,-0.03,0.044,7.66,36.84,-8.33,null,null
16,0.95,0.964,-0.133,0.354,-4.82,7.78,2.96,null,null
17,0.95,0.947,-0.119,0.342,2.62,-3.17,-6.87,null,null
18,0.95,0.909,-0.05,0.248,0.46,17.18,-0.98,null,null
19,0.95,0.748,-0.128,0.294,-5.13,153.42,-21.39,null,null
20,0.95,0.526,-0.009,0.454,41.2,281.14,-36.23,null,null
21,0.95,0.026,-0.053,0.781,32.14,329.42,-84.96,null,null
22,0.95,-0.564,0.31,1.256,82.61,333.14,-46.78,null,null
23,0.95,-0.668,0.244,0.781,-29.08,58.84,-54.29,null,null
24,0.95,-0.759,0.112,0.856,15.14,-37.11,26.25,null,null
25,0.95,-0.654,0.271,0.965,-19.32,-136.66,9.74,null,null
26,0.95,-0.303,0.161,1.041,-54.23,-308.02,13.21,null,null
27,0.95,0.17,0.11,0.78,69.49,-336.89,35.22,null,null
28,0.95,0.438,0.0,0.806,-52.89,-407.61,61.28,null,null
29,0.95,0.841,0.062,0.263,1.86,-268.11,80.69,null,null
30,0.95,0.843,-0.015,0.349,28.32,-193.95,61.4,null,null
31,0.95,0.975,-0.163,0.126,23.77,-140.9,53.47,null,null
32,0.95,0.947,-0.097,0.005,18.19,-68.85,17.43,null,null
33,0.95,0.982,-0.154,-0.033,15.66,-24.57,-5.1,null,null
34,0.95,0.926,-0.077,-0.004,4.0,-7.14,-6.41,null,null
35,0.95,0.928,-0.127,0.021,-0.85,26.22,0.0,null,null
36,0.95,0.976,-0.116,0.086,-0.55,15.47,-0.12,null,null
37,0.95,0.948,-0.097,0.194,-4.58,22.92,-7.42,null,null
38,0.95,1.009,-0.092,0.159,-6.41,11.84,4.03,null,null
39,0.95,0.999,-0.067,0.167,-0.18,4.64,-1.22,null,null
40,0.95,0.988,-0.097,0.158,2.47,8.94,-1.77,null,null
41,0.95,0.975,-0.085,0.181,-3.72,11.9,0.64,null,null
42,0.95,0.98,-0.08,0.191,-3.54,5.62,2.5,null,null
43,0.95,0.969,-0.099,0.202,-2.56,5.4,2.41,null,null
44,0.95,0.972,-0.093,0.182,-0.27,6.56,0.0,null,null
45,0.95,0.973,-0.077,0.186,-1.01,8.55,-2.01,null,null
46,0.95,0.967,-0.075,0.211,1.77,7.66,1.98,null,null
47,0.95,0.975,-0.107,0.256,3.2,6.59,0.24,null,null
48,0.95,0.996,-0.094,0.248,14.31,-2.29,-4.94,null,null
49,0.95,0.994,-0.1,0.189,6.65,2.11,-1.13,null,null
50,0.95,0.983,-0.101,0.207,4.73,7.05,-3.57,null,null
51,0.95,1.005,-0.089,0.222,-1.59,4.06,-2.59,null,null
52,0.95,0.985,-0.076,0.281,5.1,-6.87,-5.13,null,null
53,0.95,0.984,-0.051,0.154,4.3,-4.88,-7.14,null,null
54,0.95,0.96,-0.03,0.245,-0.95,2.32,4.79,null,null
55,0.95,0.934,-0.041,0.254,7.9,0.95,5.52,null,null
0,0.95,0.978,-0.157,0.218,7.57,7.6,9.55,null,null
1,0.95,0.974,-0.128,0.258,-1.04,-2.9,-5.01,null,null
2,0.95,0.933,-0.057,0.249,-2.01,1.8,-2.84,null,null
3,0.95,0.948,-0.084,0.262,-1.1,1.37,0.92,null,null
4,0.95,0.961,-0.112,0.244,-3.02,4.36,5.25,null,null
5,0.95,0.975,-0.097,0.265,2.04,4.64,-0.34,null,null
6,0.95,0.967,-0.088,0.284,2.14,4.24,-1.43,null,null
7,0.95,0.949,-0.067,0.256,4.85,2.47,-1.07,null,null
8,0.95,0.968,-0.141,0.311,-0.85,1.34,4.3,null,null
9,0.95,0.932,-0.092,0.266,0.89,-3.54,-4.52,null,null
10,0.95,0.946,-0.155,0.339,-7.6,10.74,8.45,null,null
11,0.95,0.948,-0.056,0.213,-3.17,2.96,-9.09,null,null
12,0.95,0.988,-0.058,0.358,4.15,-0.98,4.67,null,null
13,0.95,0.943,-0.124,0.337,5.34,-9.92,4.21,null,null
14,0.95,0.958,-0.144,0.288,4.06,-3.57,-6.84,null,null
15,0.95,0.952,-0.08,0.319,-0.03,1.53,-7.2,null,null
16,0.95,0.97,-0.065,0.287,3.11,5.31,2.72,null,null
17,0.95,0.958,-0.094,0.329,4.58,5.49,-2.29,null,null
18,0.95,0.927,-0.064,0.292,3.2,32.72,-9.92,null,null
19,0.95,0.967,-0.03,0.272,2.69,107.15,-33.23,null,null
20,0.95,0.693,-0.141,0.564,-28.08,219.86,0.61,null,null
21,0.95,0.054,-0.093,0.92,32.84,315.71,-31.46,null,null
22,0.95,-0.471,0.268,1.066,75.69,230.93,-36.74,null,null
23,0.95,-0.583,0.167,1.009,-15.26,-18.92,5.92,null,null
24,0.95,-0.505,0.196,1.132,-60.7,-147.04,-1.37,null,null
25,0.95,-0.027,0.097,0.798,-14.5,-239.3,26.49,null,null
26,0.95,0.279,0.046,0.961,-14.86,-221.08,28.11,null,null
27,0.95,0.844,0.014,0.448,2.08,-228.64,45.63,null,null
28,0.95,0.838,-0.031,0.434,-2.59,-153.84,32.2,null,null
29,0.95,0.92,-0.023,0.156,11.54,-77.52,27.5,null,null
30,0.95,0.971,-0.055,0.171,15.59,-33.51,8.27,null,null
31,0.95,0.904,-0.072,0.369,-10.5,10.28,3.02,null,null
32,0.95,0.956,-0.052,0.321,-5.98,6.32,2.47,null,null
33,0.95,0.918,-0.036,0.405,-1.04,0.82,-4.33,null,null
34,0.95,0.943,-0.043,0.359,-2.29,-8.55,2.66,null,null
35,0.95,0.95,-0.015,0.307,1.62,-9.03,0.61,null,null
36,0.95,0.955,-0.068,0.34,1.68,-14.22,3.78,null,null
37,0.95,0.956,-0.068,0.3,0.58,-5.58,-0.92,null,null
38,0.95,0.922,-0.037,0.308,0.34,-9.16,-2.2,null,null
39,0.95,0.946,-0.04,0.278,-2.11,-5.04,-0.92,null,null
40,0.95,0.948,-0.038,0.298,-1.37,-0.7,0.73,null,null
41,0.95,0.969,-0.052,0.315,-0.92,2.32,1.56,null,null
42,0.95,0.973,-0.069,0.309,0.7,-8.39,2.62,null,null
43,0.95,0.935,-0.043,0.344,2.01,-1.59,-1.43,null,null
44,0.95,0.963,-0.06,0.297,0.85,-14.86,3.23,null,null
45,0.95,0.937,-0.019,0.294,3.33,-3.05,-3.85,null,null
46,0.95,0.952,-0.036,0.219,5.86,-2.5,1.92,null,null
47,0.95,0.924,-0.032,0.247,-0.79,7.02,4.36,null,null
48,0.95,0.965,-0.066,0.23,1.37,10.5,5.89,null,null
49,0.95,0.963,-0.07,0.331,2.17,11.87,2.17,null,null
50,0.95,0.972,-0.073,0.331,2.35,6.32,-0.43,null,null
51,0.95,0.939,-0.063,0.355,1.62,4.76,-6.29,null,null
52,0.95,0.934,-0.045,0.326,5.37,10.1,-2.87,null,null
53,0.95,0.928,-0.044,0.341,2.75,3.51,-0.18,null,null
54,0.95,0.923,-0.051,0.341,0.43,10.41,1.95,null,null
55,0.95,0.919,-0.043,0.373,2.72,6.65,-3.11,null,null
0,0.95,0.967,0.07,0.38,17.12,12.94,-26.37,null,null
1,0.95,0.966,0.029,0.374,24.23,9.34,-3.69,null,null
2,0.95,0.944,-0.018,0.477,18.62,12.76,-28.23,null,null
3,0.95,0.863,-0.05,0.384,-11.23,7.2,-2.78,null,null
4,0.95,0.921,0.058,0.329,-30.37,65.19,-11.72,null,null
5,0.95,0.827,0.088,0.567,-19.5,-16.66,13.25,null,null
6,0.95,0.91,0.055,0.466,-0.12,-26.22,44.16,null,null
7,0.95,0.869,-0.037,0.403,50.87,-32.72,17.12,null,null
8,0.95,0.978,-0.029,0.469,38.18,-18.37,-18.19,null,null
9,0.95,0.948,0.045,0.306,18.1,-39.74,-39.25,null,null
10,0.95,0.891,0.193,0.22,-5.58,-19.81,-21.55,null,null
11,0.95,0.942,0.208,0.268,-31.04,0.67,6.13,null,null
12,0.95,0.948,0.139,0.233,-6.78,6.1,14.62,null,null
13,0.95,0.957,0.082,0.294,-6.32,25.24,10.44,null,null
14,0.95,0.954,-0.004,0.381,-8.61,-11.96,16.17,null,null
15,0.95,0.845,0.044,0.477,0.27,-1.31,-0.98,null,null
16,0.95,0.838,0.05,0.532,-0.85,6.68,-0.46,null,null
17,0.95,0.859,0.002,0.526,2.04,-0.27,3.02,null,null
18,0.95,0.854,0.006,0.551,0.09,-0.61,0.24,null,null
19,0.95,0.857,-0.0,0.511,3.02,-3.23,0.95,null,null
20,0.95,0.83,0.005,0.585,3.39,-12.7,2.38,null,null
21,0.95,0.869,0.016,0.453,-1.4,2.26,0.18,null,null
22,0.95,0.838,0.014,0.501,-5.55,21.64,-1.89,null,null
23,0.95,0.8,0.021,0.483,1.4,79.56,-16.39,null,null
24,0.95,0.435,-0.013,0.638,-13.12,278.08,-46.08,null,null
25,0.95,-0.179,-0.012,0.944,69.4,293.13,-56.79,null,null
26,0.95,-0.484,0.254,1.221,22.52,188.6,-23.74,null,null
27,0.95,-0.497,0.213,1.016,14.07,54.51,3.75,null,null
28,0.95,-0.502,0.183,1.109,-6.87,-13.0,6.9,null,null
29,0.95,-0.448,0.121,1.06,-33.05,-113.77,-0.58,null,null
30,0.95,-0.331,0.115,0.941,-20.81,-108.25,-3.69,null,null
31,0.95,-0.281,0.19,1.132,-4.61,-163.06,33.54,null,null
32,0.95,-0.082,0.144,0.859,-12.85,-208.29,18.77,null,null
33,0.95,0.108,-0.016,1.099,-55.15,-271.4,7.81,null,null
34,0.95,0.354,0.048,0.767,40.28,-309.58,1.86,null,null
35,0.95,0.593,0.129,0.636,6.44,-222.05,12.3,null,null
36,0.95,0.696,0.105,0.529,11.51,-182.23,33.02,null,null
37,0.95,0.734,0.053,0.533,10.13,-150.7,38.79,null,null
38,0.95,0.979,-0.044,0.144,16.05,-50.81,33.05,null,null
39,0.95,0.884,-0.031,0.316,7.87,-2.2,-4.21,null,null
40,0.95,0.919,-0.02,0.31,-4.46,15.08,2.93,null,null
41,0.95,0.923,-0.009,0.457,-3.23,-6.68,-1.92,null,null
42,0.95,0.972,-0.018,0.386,0.7,-9.19,0.37,null,null
43,0.95,0.922,-0.005,0.381,2.01,0.24,-4.94,null,null
44,0.95,0.947,0.014,0.341,-1.4,2.44,-0.12,null,null
45,0.95,0.913,-0.005,0.397,-1.71,4.33,2.69,null,null
46,0.95,0.921,-0.005,0.388,1.04,3.75,2.04,null,null
47,0.95,0.921,0.001,0.418,0.15,-12.27,4.88,null,null
48,0.95,0.931,-0.028,0.349,8.18,4.82,-2.93,null,null
49,0.95,0.929,0.022,0.357,3.05,-1.16,-1.95,null,null
50,0.95,0.899,0.014,0.413,-0.03,7.45,-4.94,null,null
51,0.95,0.927,0.002,0.381,-1.89,1.74,2.32,null,null
52,0.95,0.925,-0.0,0.38,1.16,-0.34,-3.57,null,null
53,0.95,0.927,0.002,0.384,-0.34,5.52,-1.16,null,null
54,0.95,0.907,0.024,0.383,-1.53,4.52,2.53,null,null
55,0.95,0.907,0.011,0.369,4.85,13.64,-2.72,null,null
0,0.95,0.895,0.031,0.429,-0.18,-0.06,3.78,null,null
1,0.95,0.928,-0.025,0.403,0.4,7.63,3.57,null,null
2,0.95,0.913,-0.006,0.437,1.53,3.14,0.7,null,null
3,0.95,0.908,-0.011,0.422,-0.37,8.12,-5.07,null,null
4,0.95,0.875,0.009,0.501,-1.68,17.21,3.6,null,null
5,0.95,0.87,-0.033,0.496,-5.31,-4.12,9.89,null,null
6,0.95,0.943,0.054,0.386,-11.93,22.58,29.15,null,null
7,0.95,0.831,-0.13,0.52,-3.27,-1.4,3.08,null,null
8,0.95,0.902,-0.111,0.379,-15.23,40.31,-12.15,null,null
9,0.95,0.719,-0.116,0.737,-33.81,90.85,-0.67,null,null
10,0.95,0.672,-0.345,0.841,-52.31,95.34,13.4,null,null
11,0.95,0.369,0.146,0.957,35.92,-0.82,-42.97,null,null
12,0.95,0.521,-0.206,0.744,13.61,-6.5,32.47,null,null
13,0.95,0.591,-0.284,0.779,-1.5,5.34,2.87,null,null
14,0.95,0.53,-0.19,0.923,-12.73,20.91,6.81,null,null
15,0.95,0.484,-0.058,0.762,8.91,3.39,-10.68,null,null
16,0.95,0.92,-0.074,0.308,-3.66,24.84,5.07,null,null
17,0.95,0.842,-0.157,0.491,-0.85,32.62,-14.47,null,null
18,0.95,0.755,-0.001,0.658,-0.09,18.04,-10.56,null,null
19,0.95,0.835,-0.114,0.6,-4.88,18.71,-11.66,null,null
20,0.95,0.811,-0.0,0.694,-4.3,-0.49,17.0,null,null
21,0.95,0.843,-0.134,0.525,6.04,-8.15,-6.23,null,null
22,0.95,0.883,-0.072,0.42,9.83,108.95,-0.52,null,null
23,0.95,0.526,-0.09,0.509,-2.93,306.59,-54.08,null,null
24,0.95,-0.684,-0.273,1.445,14.37,487.93,-28.02,null,null
25,0.95,-0.642,-0.058,0.892,-28.99,89.54,-38.09,null,null
26,0.95,-0.792,-0.014,0.74,41.35,63.88,47.67,null,null
27,0.95,-0.798,-0.012,0.775,13.55,14.16,18.98,null,null
28,0.95,-0.8,0.029,0.932,25.18,-61.37,25.18,null,null
29,0.95,-0.742,0.123,0.836,-3.2,-193.46,17.46,null,null
30,0.95,-0.7,-0.057,0.851,-7.63,-281.87,11.41,null,null
31,0.95,-0.389,-0.051,0.984,-49.68,-341.69,7.35,null,null
32,0.95,-0.085,0.017,0.96,-10.47,-305.43,4.15,null,null
33,0.95,0.333,0.042,0.644,31.4,-392.83,58.26,null,null
34,0.95,0.613,-0.006,0.594,-30.4,-220.71,74.04,null,null
35,0.95,0.688,-0.019,0.55,-0.64,-152.1,61.37,null,null
36,0.95,0.917,-0.076,0.341,23.35,-111.88,39.95,null,null
37,0.95,0.896,-0.252,0.546,15.26,-69.83,16.51,null,null
38,0.95,0.902,-0.086,0.212,24.57,-19.44,-20.66,null,null
39,0.95,0.865,-0.094,0.433,3.66,-12.54,-0.79,null,null
40,0.95,0.848,-0.057,0.437,-0.24,8.88,-9.64,null,null
41,0.95,0.927,-0.088,0.439,-4.24,-8.67,10.38,null,null
42,0.95,0.884,-0.081,0.398,6.68,19.78,-10.01,null,null
43,0.95,0.903,-0.085,0.437,3.63,-5.43,0.61,null,null
44,0.95,0.861,-0.064,0.407,5.4,12.57,-5.22,null,null
45,0.95,0.893,-0.115,0.447,-0.79,10.41,-1.53,null,null
46,0.95,0.872,-0.115,0.495,-0.98,9.4,-4.79,null,null
47,0.95,0.855,-0.053,0.452,-1.8,1.8,-8.51,null,null
48,0.95,0.884,-0.111,0.504,-8.36,3.57,-1.86,null,null
49,0.95,0.88,-0.054,0.503,-3.54,3.27,-9.92,null,null
50,0.95,0.869,-0.018,0.503,-5.71,-3.51,-4.03,null,null
51,0.95,0.883,-0.034,0.43,0.64,-4.52,-0.4,null,null
52,0.95,0.863,-0.057,0.464,-3.23,-1.95,2.29,null,null
53,0.95,0.887,-0.068,0.402,-3.91,4.91,1.25,null,null
54,0.95,0.889,-0.062,0.464,-0.76,6.9,-5.4,null,null
55,0.95,0.82,-0.005,0.512,26.37,10.96,-0.58,null,null
0,0.95,0.87,-0.073,0.49,1.59,6.59,5.25,null,null
1,0.95,0.876,-0.09,0.507,-5.43,9.74,-3.17,null,null
2,0.95,0.882,-0.057,0.489,-5.77,-2.32,5.1,null,null
3,0.95,0.888,-0.063,0.488,1.43,5.95,2.11,null,null
4,0.95,0.875,-0.088,0.537,4.06,6.13,4.76,null,null
5,0.95,0.85,-0.064,0.519,-1.16,-2.2,1.28,null,null
6,0.95,0.813,-0.013,0.489,6.56,4.15,-5.22,null,null
7,0.95,0.859,-0.06,0.49,1.25,-4.39,1.77,null,null
8,0.95,0.854,-0.076,0.474,-2.23,-2.32,3.94,null,null
9,0.95,0.853,-0.083,0.493,2.08,1.59,-5.49,null,null
10,0.95,0.86,-0.051,0.493,8.91,2.62,-11.66,null,null
11,0.95,0.855,-0.06,0.517,-4.52,1.65,4.91,null,null
12,0.95,0.857,-0.049,0.515,0.76,1.62,-5.25,null,null
13,0.95,0.876,-0.057,0.506,0.4,0.67,-2.99,null,null
14,0.95,0.852,-0.046,0.504,-0.46,-2.96,-1.46,null,null
15,0.95,0.872,-0.065,0.488,-1.59,0.31,-1.53,null,null
16,0.95,0.933,-0.047,0.417,-2.01,-2.93,-3.17,null,null
17,0.95,0.938,-0.042,0.405,1.34,-11.32,4.03,null,null
18,0.95,0.932,-0.041,0.296,10.04,-1.07,-11.87,null,null
19,0.95,0.876,0.074,0.292,-3.72,58.08,-45.63,null,null
20,0.95,0.806,0.026,0.603,-24.17,97.14,-39.22,null,null
21,0.95,0.435,0.118,0.603,-63.84,320.32,-68.15,null,null
22,0.95,-0.268,-0.001,0.961,-20.6,313.73,-45.38,null,null
23,0.95,-0.656,0.051,1.019,-2.53,160.31,10.9,null,null
24,0.95,-0.709,0.148,0.715,40.83,31.62,34.18,null,null
25,0.95,-0.841,0.115,0.742,-12.3,-17.76,-8.33,null,null
26,0.95,-0.712,0.143,0.732,8.48,-84.35,5.16,null,null
27,0.95,-0.563,0.113,0.887,-16.57,-153.78,2.11,null,null
28,0.95,-0.431,0.009,1.025,-12.85,-206.03,9.37,null,null
29,0.95,-0.246,0.171,0.953,35.68,-306.62,13.92,null,null
30,0.95,0.077,0.045,0.871,14.07,-273.26,8.85,null,null
31,0.95,0.293,0.249,0.818,56.52,-203.92,12.33,null,null
32,0.95,0.234,0.109,0.873,63.11,-258.67,63.51,null,null
33,0.95,0.717,0.133,0.562,4.97,-234.38,60.03,null,null
34,0.95,0.806,0.193,0.298,46.45,-234.6,59.39,null,null
35,0.95,0.908,0.053,0.192,-2.87,-114.23,54.32,null,null
36,0.95,0.928,0.039,0.1,8.09,-51.79,32.2,null,null
37,0.95,1.037,-0.016,0.165,14.44,-35.89,24.35,null,null
38,0.95,0.953,-0.026,0.234,3.42,-7.17,8.82,null,null
39,0.95,0.991,0.032,0.146,9.19,-6.16,2.2,null,null
40,0.95,0.926,0.026,0.301,-6.35,18.22,6.71,null,null
41,0.95,0.956,0.023,0.325,-6.53,22.22,5.04,null,null
42,0.95,0.976,-0.014,0.331,-2.17,-1.43,3.69,null,null
43,0.95,0.959,0.007,0.251,3.6,-2.35,-7.11,null,null
44,0.95,0.935,0.054,0.287,-4.7,1.89,1.22,null,null
45,0.95,0.897,0.014,0.291,-2.84,11.2,-0.64,null,null
46,0.95,0.976,0.031,0.202,-0.52,1.25,1.92,null,null
47,0.95,1.048,-0.009,0.222,-4.67,2.41,7.87,null,null
48,0.95,1.038,-0.029,0.258,2.01,16.3,0.58,null,null
49,0.95,0.984,0.03,0.28,3.14,5.46,-1.8,null,null
50,0.95,0.925,0.011,0.339,-0.61,14.56,5.43,null,null
51,0.95,0.904,-0.016,0.336,3.69,-8.97,4.85,null,null
52,0.95,0.921,-0.032,0.247,5.07,-2.41,-3.39,null,null
53,0.95,0.961,-0.055,0.231,3.33,2.62,-6.59,null,null
54,0.95,0.943,0.06,0.246,3.36,22.13,-9.89,null,null
55,0.95,0.984,0.016,0.422,-6.68,15.81,6.41,null,null
0,0.95,0.915,-0.035,0.337,2.38,-9.16,-1.1,null,null
1,0.95,0.992,0.013,0.28,-0.82,8.33,-2.96,null,null
2,0.95,0.908,0.038,0.361,-2.56,3.81,4.18,null,null
3,0.95,0.904,-0.011,0.288,1.37,-9.0,3.88,null,null
4,0.95,0.907,0.057,0.379,-2.87,17.46,14.56,null,null
5,0.95,0.813,0.067,0.335,34.15,140.96,3.39,null,null
6,0.95,-0.049,-0.084,0.6,-57.59,442.24,-3.88,null,null
7,0.95,-0.319,-0.036,1.194,-17.09,149.48,82.19,null,null
8,0.95,-0.305,-0.338,1.268,-14.01,35.92,86.64,null,null
9,0.95,-0.168,-0.344,1.102,-32.69,-46.05,25.61,null,null
10,0.95,-0.243,0.049,0.902,-42.12,-39.4,-10.38,null,null
11,0.95,-0.18,-0.157,1.127,-14.62,-10.19,17.15,null,null
12,0.95,0.329,-0.935,0.867,16.69,11.63,8.82,null,null
13,0.95,-0.132,-0.129,0.974,-0.46,17.21,-21.27,null,null
14,0.95,-0.25,-0.11,1.021,-31.16,-31.01,-66.93,null,null
15,0.95,-0.207,-0.067,0.893,-84.08,0.61,-27.65,null,null
16,0.95,1.055,-0.113,-0.17,28.44,11.08,-21.42,null,null
17,0.95,0.914,0.092,0.333,-14.56,85.57,-40.41,null,null
18,0.95,0.925,0.087,0.709,-16.75,28.32,1.86,null,null
19,0.95,0.949,0.044,0.29,10.56,-22.86,-1.86,null,null
20,0.95,0.96,0.023,0.313,3.2,-24.35,7.02,null,null
21,0.95,0.95,-0.012,0.196,4.79,1.19,4.67,null,null
22,0.95,0.909,0.05,0.328,-3.75,33.57,3.3,null,null
23,0.95,0.889,-0.09,0.526,-23.77,56.58,5.77,null,null
24,0.95,0.542,0.039,0.706,-21.85,213.78,-44.43,null,null
25,0.95,-0.026,0.133,0.725,18.01,374.13,-52.61,null,null
26,0.95,-0.457,-0.143,1.026,-76.69,392.77,-48.89,null,null
27,0.95,-0.62,-0.074,1.101,19.26,158.27,4.21,null,null
28,0.95,-0.618,-0.028,0.99,-23.8,98.21,2.26,null,null
29,0.95,-0.625,-0.045,0.933,29.02,38.79,52.13,null,null
30,0.95,-0.683,-0.027,0.827,-19.93,-48.65,0.43,null,null
31,0.95,-0.607,0.025,0.925,1.5,-4.91,9.09,null,null
32,0.95,-0.613,0.015,0.931,10.47,-39.7,22.4,null,null
33,0.95,-0.569,-0.043,1.005,-12.76,-120.82,-4.73,null,null
34,0.95,-0.465,0.029,0.961,-12.12,-210.52,-6.04,null,null
35,0.95,-0.299,0.078,0.931,1.98,-219.98,6.9,null,null
36,0.95,0.002,-0.018,0.916,-1.83,-217.75,12.85,null,null
37,0.95,0.128,0.021,1.028,36.38,-200.05,43.64,null,null
38,0.95,0.305,-0.003,0.87,24.9,-282.72,56.03,null,null
39,0.95,0.439,-0.048,0.815,19.29,-330.39,61.04,null,null
40,0.95,1.01,-0.116,0.319,41.26,-250.86,49.17,null,null
41,0.95,1.038,-0.103,0.2,46.54,-97.66,0.09,null,null
42,0.95,0.899,-0.089,0.232,5.01,-26.49,25.3,null,null
43,0.95,0.921,-0.109,0.27,3.48,-35.55,10.35,null,null
44,0.95,0.941,-0.115,0.232,-2.26,-8.18,-3.3,null,null
45,0.95,0.945,-0.073,0.242,3.75,-12.91,-3.88,null,null
46,0.95,0.9,-0.078,0.31,-13.31,11.72,-3.23,null,null
47,0.95,0.932,-0.052,0.279,-4.58,10.5,-1.43,null,null
48,0.95,0.932,-0.061,0.351,-1.59,3.45,-5.19,null,null
49,0.95,0.932,-0.049,0.295,1.62,6.71,-4.58,null,null
50,0.95,0.941,-0.078,0.303,-2.87,-0.03,-1.83,null,null
51,0.95,0.923,-0.079,0.327,-5.22,8.24,1.4,null,null
52,0.95,0.953,-0.105,0.311,-4.15,16.33,0.27,null,null
53,0.95,0.955,-0.077,0.358,-3.78,8.0,-3.97,null,null
54,0.95,0.957,-0.059,0.329,-5.16,14.01,-0.64,null,null
55,0.95,0.94,-0.063,0.355,0.09,11.29,-4.3,null,null
0,0.95,0.895,0.054,0.357,-8.42,21.97,-0.09,null,null
1,0.95,0.834,-0.038,0.426,8.61,-9.52,21.12,null,null
2,0.95,0.391,0.038,0.175,62.59,170.9,-40.86,null,null
3,0.95,-0.156,0.113,0.436,12.09,191.53,-19.68,null,null
4,0.95,-0.217,0.272,0.887,41.57,213.26,-42.63,null,null
5,0.95,-0.392,0.514,1.903,33.39,187.84,7.78,null,null
6,0.95,-0.204,0.334,1.575,-39.77,8.58,72.66,null,null
7,0.95,-0.161,0.274,0.929,-33.85,-23.16,65.92,null,null
8,0.95,-0.423,0.187,0.854,-3.45,73.7,-49.53,null,null
9,0.95,-0.612,0.05,0.965,12.82,-52.95,35.31,null,null
10,0.95,0.01,0.151,0.853,-69.31,-23.5,-42.45,null,null
11,0.95,-0.153,-0.006,0.85,10.01,-22.55,4.94,null,null
12,0.95,-0.192,0.066,0.932,-71.69,-15.78,-1.43,null,null
13,0.95,-0.148,-0.29,0.939,-46.6,-25.15,16.05,null,null
14,0.95,-0.129,-0.125,1.105,-10.44,-32.5,-6.29,null,null
15,0.95,0.927,-0.002,0.079,-2.75,46.21,-24.66,null,null
16,0.95,1.024,0.137,0.307,4.15,44.74,-19.35,null,null
17,0.95,0.768,0.193,0.553,-23.26,91.86,-46.24,null,null
18,0.95,1.006,0.001,0.49,12.94,-12.94,0.49,null,null
19,0.95,0.871,0.132,0.585,-2.62,-3.45,-9.03,null,null
20,0.95,0.881,0.095,0.475,-1.01,0.18,3.66,null,null
21,0.95,0.875,0.115,0.413,-17.49,63.39,-9.74,null,null
22,0.95,0.674,0.006,0.595,-33.75,260.48,-58.57,null,null
23,0.95,-0.873,-0.12,0.65,-127.29,595.05,-19.44,null,null
24,0.95,-0.719,0.106,0.926,-27.53,75.11,-18.37,null,null
25,0.95,-0.823,0.026,0.966,17.03,34.55,4.18,null,null
26,0.95,-0.868,0.063,0.947,-1.62,-110.97,-14.89,null,null
27,0.95,-0.753,0.092,1.022,-2.81,-151.71,-3.75,null,null
28,0.95,-0.599,0.093,0.999,12.7,-223.61,26.7,null,null
29,0.95,-0.359,0.044,0.981,2.72,-264.02,17.12,null,null
30,0.95,-0.231,-0.065,1.106,26.8,-395.09,30.06,null,null
31,0.95,0.071,0.15,0.751,82.89,-492.84,44.1,null,null
32,0.95,0.795,0.087,0.186,37.02,-261.33,82.28,null,null
33,0.95,0.824,0.027,0.333,37.51,-149.48,32.69,null,null
34,0.95,0.922,0.024,0.224,33.05,-129.7,52.74,null,null
35,0.95,0.939,-0.015,0.157,22.74,-45.29,14.4,null,null
36,0.95,0.961,-0.008,0.053,19.87,-20.81,15.99,null,null
37,0.95,0.915,-0.05,0.245,-5.95,2.99,7.69,null,null
38,0.95,0.973,-0.032,0.227,-7.17,12.05,4.82,null,null
39,0.95,0.949,0.041,0.241,2.84,-5.92,-5.46,null,null
40,0.95,0.966,0.008,0.211,-3.14,3.81,-3.23,null,null
41,0.95,0.967,0.006,0.24,-5.89,7.11,0.49,null,null
42,0.95,0.956,0.029,0.284,-3.91,4.7,-5.4,null,null
43,0.95,0.943,0.032,0.26,-1.43,8.61,-2.87,null,null
44,0.95,0.922,0.049,0.289,-7.6,12.12,2.78,null,null
45,0.95,0.98,0.016,0.289,0.15,18.28,-2.47,null,null
46,0.95,0.972,0.061,0.319,3.39,4.82,-6.96,null,null
47,0.95,0.954,0.026,0.317,-0.46,11.51,-1.86,null,null
48,0.95,0.938,0.046,0.283,-1.62,9.09,-2.32,null,null
49,0.95,0.939,0.023,0.295,-4.12,17.64,-2.35,null,null
50,0.95,0.962,0.053,0.25,0.89,36.99,-6.96,null,null
51,0.95,0.952,0.043,0.271,-34.97,108.1,-19.87,null,null
52,0.95,0.775,0.116,0.547,14.83,189.61,-19.59,null,null
53,0.95,0.672,0.13,0.504,-40.13,239.57,-26.49,null,null
54,0.95,0.246,0.021,0.806,-42.45,301.89,-25.27,null,null
55,0.95,0.093,0.021,0.965,-60.12,258.8,-11.26,null,null
0,0.95,-0.073,-0.05,1.142,-7.54,23.9,5.77,null,null
1,0.95,-0.098,-0.032,1.029,13.25,-2.99,5.49,null,null
2,0.95,-0.281,0.247,0.951,55.94,-33.97,32.14,null,null
3,0.95,0.338,-0.084,0.908,37.78,-50.33,99.98,null,null
4,0.95,0.605,-0.289,1.002,31.1,-30.12,8.67,null,null
5,0.95,0.282,-0.005,1.115,1.8,-9.64,5.8,null,null
6,0.95,0.387,0.154,0.938,-20.26,-24.05,-38.7,null,null
7,0.95,0.387,0.135,0.907,-9.22,6.93,-19.96,null,null
8,0.95,0.269,0.189,0.957,-3.81,15.44,-16.79,null,null
9,0.95,0.268,0.176,0.935,-10.8,-15.05,3.72,null,null
10,0.95,0.3,0.163,0.866,-29.51,-2.69,-11.35,null,null
11,0.95,0.289,0.191,0.942,-7.57,-21.67,-0.34,null,null
12,0.95,0.324,0.067,1.043,12.67,-17.12,26.22,null,null
13,0.95,0.515,-0.008,1.014,13.64,11.29,-9.16,null,null
14,0.95,0.464,0.134,1.075,46.17,-64.33,-21.21,null,null
15,0.95,0.99,0.012,0.069,1.86,3.88,-2.2,null,null
16,0.95,0.991,-0.014,0.097,3.05,-0.76,0.43,null,null
17,0.95,0.991,-0.031,0.052,2.59,8.79,-8.58,null,null
18,0.95,0.847,0.075,0.09,-23.01,126.32,-53.59,null,null
19,0.95,0.758,0.05,0.369,-29.05,318.34,-63.02,null,null
20,0.95,-0.365,0.053,1.178,-81.15,506.82,10.8,null,null
21,0.95,-0.272,0.11,0.814,-21.21,144.66,18.52,null,null
22,0.95,-0.669,-0.232,0.899,-21.55,81.18,14.95,null,null
23,0.95,-0.85,0.032,0.832,11.02,27.22,-25.24,null,null
24,0.95,-0.745,0.099,0.923,17.18,-41.08,4.21,null,null
25,0.95,-0.523,0.128,0.814,26.98,-157.63,-8.42,null,null
26,0.95,-0.367,0.053,1.205,-57.71,-290.78,-20.23,null,null
27,0.95,0.011,0.114,0.866,33.6,-263.37,6.35,null,null
28,0.95,0.187,0.067,1.009,24.75,-248.88,8.06,null,null
29,0.95,0.446,0.065,0.811,22.86,-222.08,15.56,null,null
30,0.95,0.54,0.066,0.875,54.51,-267.98,49.47,null,null
31,0.95,0.829,0.056,0.591,-9.58,-282.14,58.44,null,null
32,0.95,0.85,0.029,0.322,51.97,-248.85,32.81,null,null
33,0.95,0.827,0.062,-0.187,33.94,-108.43,-17.61,null,null
34,0.95,0.854,0.127,-0.167,20.87,-47.09,-15.63,null,null
35,0.95,0.865,0.103,-0.112,5.83,-17.37,8.36,null,null
36,0.95,0.913,0.028,-0.068,-3.51,0.79,16.45,null,null
37,0.95,0.937,0.036,0.056,-0.82,2.32,5.71,null,null
38,0.95,1.007,0.004,0.009,-0.24,-1.71,10.65,null,null
39,0.95,0.958,0.035,0.125,-0.92,1.68,1.53,null,null
40,0.95,1.005,0.006,0.018,1.5,13.37,0.79,null,null
41,0.95,0.981,0.052,0.055,-2.87,5.71,1.71,null,null
42,0.95,0.978,0.045,0.077,-1.31,11.9,-0.92,null,null
43,0.95,1.005,0.019,0.107,-6.44,2.9,7.78,null,null
44,0.95,0.972,0.04,0.089,0.31,14.77,1.71,null,null
45,0.95,0.994,0.024,0.052,-0.98,10.44,5.52,null,null
46,0.95,0.989,0.046,0.098,5.34,10.01,-6.96,null,null
47,0.95,0.999,0.031,0.091,2.41,2.66,-2.75,null,null
48,0.95,0.954,0.098,0.151,2.87,9.95,-2.17,null,null
49,0.95,0.955,0.134,0.218,1.4,13.55,2.35,null,null
50,0.95,0.873,0.392,0.259,27.25,119.42,-45.53,null,null
51,0.95,0.563,0.458,0.264,-6.59,276.44,-19.87,null,null
52,0.95,0.078,0.097,0.412,-43.92,370.86,38.09,null,null
53,0.95,0.16,0.016,0.816,-64.49,276.59,103.92,null,null
54,0.95,0.38,-0.22,0.885,5.31,129.95,127.87,null,null
55,0.95,0.231,-0.248,0.857,17.55,147.92,96.77,null,null
0,0.95,-0.007,-0.737,1.228,33.23,181.28,36.77,null,null
1,0.95,-0.364,-0.032,1.18,26.73,10.86,-27.95,null,null
2,0.95,-0.302,0.033,1.033,-10.04,11.2,-36.93,null,null
3,0.95,-0.312,0.028,0.846,-32.29,-11.47,-19.23,null,null
4,0.95,-0.363,-0.059,1.03,0.34,-0.73,6.13,null,null
5,0.95,-0.215,-0.104,0.922,22.22,-20.87,24.72,null,null
6,0.95,-0.188,-0.016,0.991,10.22,-50.29,29.21,null,null
7,0.95,0.01,0.061,0.969,15.59,-75.84,15.87,null,null
8,0.95,-0.001,0.058,1.027,-1.89,-77.97,13.25,null,null
9,0.95,0.182,0.116,1.002,-1.86,2.87,-20.84,null,null
10,0.95,0.183,0.077,1.19,-57.04,-42.02,-20.26,null,null
11,0.95,0.351,-0.104,1.057,-28.38,-98.97,-33.48,null,null
12,0.95,0.655,-0.157,0.88,-17.98,-140.75,-33.78,null,null
13,0.95,0.585,0.036,0.638,-39.55,-176.31,-26.73,null,null
14,0.95,0.345,0.102,0.25,-14.25,-149.05,-8.33,null,null
15,0.95,0.953,-0.21,0.124,-0.37,0.58,-10.01,null,null
16,0.95,0.905,-0.124,0.297,-0.7,18.92,-17.3,null,null
17,0.95,0.99,-0.248,0.218,-3.3,-10.13,3.97,null,null
18,0.95,1.039,-0.2,0.101,11.81,67.48,-7.42,null,null
19,0.95,0.879,-0.138,0.508,9.0,178.87,-36.32,null,null
20,0.95,0.458,-0.033,0.707,3.85,256.54,5.58,null,null
21,0.95,-0.003,0.005,1.132,29.48,224.16,-19.2,null,null
22,0.95,-0.267,0.294,0.771,67.66,193.95,-38.88,null,null
23,0.95,-0.381,0.179,0.916,23.13,51.79,13.76,null,null
24,0.95,-0.552,0.224,0.946,20.63,11.81,7.84,null,null
25,0.95,-0.511,0.287,0.968,-11.99,-58.05,6.96,null,null
26,0.95,-0.393,0.229,0.912,-45.87,-132.45,6.62,null,null
27,0.95,-0.247,0.168,1.056,-107.94,-185.61,-8.12,null,null
28,0.95,-0.112,0.072,0.976,-32.01,-217.05,18.98,null,null
29,0.95,0.11,0.078,0.925,6.47,-170.45,29.45,null,null
30,0.95,0.312,0.015,0.889,-7.87,-144.08,19.1,null,null
31,0.95,0.375,0.036,0.89,21.36,-106.08,18.01,null,null
32,0.95,0.478,0.052,0.848,-0.52,-167.0,24.72,null,null
33,0.95,0.523,-0.016,0.855,1.86,-148.72,15.72,null,null
34,0.95,0.769,-0.041,0.557,-16.42,-128.76,24.38,null,null
35,0.95,0.811,-0.058,0.496,-4.03,-114.69,20.63,null,null
36,0.95,0.798,-0.101,0.463,-29.36,-90.52,22.74,null,null
37,0.95,0.889,-0.043,0.343,-21.49,-162.54,44.07,null,null
38,0.95,0.881,-0.144,0.248,-12.48,-129.43,35.98,null,null
39,0.95,1.013,-0.177,-0.036,3.42,-76.88,23.32,null,null
40,0.95,0.926,-0.166,0.081,7.48,-17.76,1.56,null,null
41,0.95,0.965,-0.159,0.11,-5.34,4.73,6.87,null,null
42,0.95,0.971,-0.153,0.14,5.62,-0.31,-0.21,null,null
43,0.95,0.964,-0.176,0.161,3.23,2.2,-0.18,null,null
44,0.95,0.975,-0.159,0.136,2.04,11.66,0.89,null,null
45,0.95,0.991,-0.162,0.17,-3.08,2.11,1.95,null,null
46,0.95,0.968,-0.159,0.202,-1.71,-0.09,-0.43,null,null
47,0.95,0.988,-0.142,0.141,0.15,-2.87,3.27,null,null
48,0.95,0.96,-0.159,0.157,-0.06,3.02,2.96,null,null
49,0.95,0.987,-0.18,0.129,1.53,2.44,5.37,null,null
50,0.95,0.958,-0.183,0.189,1.25,1.71,1.83,null,null
51,0.95,0.954,-0.181,0.168,2.5,9.28,-1.56,null,null
52,0.95,0.976,-0.186,0.198,-0.49,1.92,-1.19,null,null
53,0.95,0.969,-0.166,0.196,-0.24,1.4,-3.51,null,null
54,0.95,0.968,-0.178,0.169,-0.34,2.2,1.8,null,null
55,0.95,0.956,-0.16,0.18,1.34,4.03,-1.37,null,null
