frame_index,confidence,accel_x,accel_y,accel_z,gyro_x,gyro_y,gyro_z,quat,trajectory
0,0.95,0.381,-0.395,0.836,2.11,-17.37,4.91,null,null
1,0.95,0.395,-0.426,0.865,0.09,-13.92,7.69,null,null
2,0.95,0.353,-0.364,0.879,16.66,-24.9,-16.3,null,null
3,0.95,0.349,-0.284,0.952,19.44,-49.71,-17.43,null,null
4,0.95,0.426,-0.267,0.977,-24.35,-27.59,18.07,null,null
5,0.95,0.386,-0.37,0.878,-20.81,-43.03,16.51,null,null
6,0.95,0.51,-0.476,0.744,15.93,-47.73,-21.21,null,null
7,0.95,0.704,-0.289,0.42,18.4,-68.42,-40.74,null,null
8,0.95,0.778,-0.355,0.455,-9.03,-36.99,-32.78,null,null
9,0.95,0.867,-0.299,0.452,-44.43,-56.18,-30.52,null,null
10,0.95,0.854,-0.357,0.015,-99.12,-119.54,-17.43,null,null
11,0.95,1.071,-0.011,0.132,-13.18,47.79,-41.2,null,null
12,0.95,1.031,-0.288,0.277,-1.59,-9.46,33.94,null,null
13,0.95,0.867,-0.246,0.124,5.01,-6.99,21.7,null,null
14,0.95,0.913,-0.2,0.325,15.53,8.21,-7.75,null,null
15,0.95,0.936,-0.342,0.26,11.81,-5.34,-0.76,null,null
16,0.95,0.931,-0.317,0.228,7.32,-0.61,-3.14,null,null
17,0.95,0.93,-0.22,0.299,12.85,12.51,-0.89,null,null
18,0.95,0.922,-0.256,0.258,13.76,-4.61,2.41,null,null
19,0.95,0.923,-0.26,0.294,3.6,1.34,-6.35,null,null
0,0.95,0.342,-0.429,0.869,-2.2,-9.49,6.26,null,null
1,0.95,0.34,-0.447,0.842,4.15,-6.59,-4.49,null,null
2,0.95,0.308,-0.351,0.935,11.14,-22.31,-0.7,null,null
3,0.95,0.364,-0.416,1.025,0.34,-54.29,5.1,null,null
4,0.95,0.367,-0.284,0.974,22.61,-99.67,-26.0,null,null
5,0.95,0.475,-0.291,0.79,3.33,-82.22,-18.37,null,null
6,0.95,0.739,-0.339,0.371,0.64,-97.57,-5.28,null,null
7,0.95,0.752,-0.381,0.222,5.74,-51.03,0.09,null,null
8,0.95,0.892,-0.311,0.141,7.39,-65.0,-2.96,null,null
9,0.95,0.828,-0.458,-0.247,-48.71,-81.91,5.95,null,null
10,0.95,1.035,-0.101,0.229,13.09,72.97,-90.09,null,null
11,0.95,1.028,-0.23,0.355,-30.46,39.64,-62.59,null,null
12,0.95,0.992,-0.156,0.21,-39.8,-14.16,33.17,null,null
13,0.95,0.904,-0.028,0.288,-21.18,-5.43,2.32,null,null
14,0.95,0.923,-0.147,0.242,24.66,-7.72,-5.34,null,null
15,0.95,1.011,-0.168,0.378,14.19,-3.3,-11.08,null,null
16,0.95,0.934,-0.174,0.242,7.84,-7.72,13.28,null,null
17,0.95,0.949,-0.085,0.264,12.54,12.73,-1.1,null,null
18,0.95,0.933,-0.131,0.238,9.49,-6.04,2.29,null,null
19,0.95,0.967,-0.092,0.297,7.42,5.92,-1.74,null,null
0,0.95,0.334,-0.349,0.879,5.58,-2.69,-4.91,null,null
1,0.95,0.351,-0.311,0.901,15.53,-2.38,-11.99,null,null
2,0.95,0.308,-0.312,0.943,8.61,-22.28,12.21,null,null
3,0.95,0.256,-0.234,1.087,25.15,-107.52,3.88,null,null
4,0.95,0.215,-0.084,1.068,15.02,-102.97,15.47,null,null
5,0.95,0.65,-0.161,0.729,17.94,-106.36,-21.15,null,null
6,0.95,0.948,-0.284,0.365,-11.78,-76.82,-31.98,null,null
7,0.95,0.93,-0.27,0.194,-14.01,-80.97,-19.35,null,null
8,0.95,0.877,-0.258,-0.121,-65.4,-162.42,-7.78,null,null
9,0.95,1.062,0.037,0.036,-52.67,-11.96,-70.47,null,null
10,0.95,1.049,-0.158,-0.158,-19.41,-29.3,30.49,null,null
11,0.95,1.072,-0.163,0.044,7.57,-19.84,-9.37,null,null
12,0.95,0.914,-0.195,-0.084,-6.32,-14.74,31.95,null,null
13,0.95,0.934,-0.167,-0.075,-8.0,5.13,-7.02,null,null
14,0.95,1.012,-0.15,0.063,5.43,8.12,-12.24,null,null
15,0.95,0.97,-0.189,-0.014,2.59,3.63,1.13,null,null
16,0.95,1.005,-0.126,0.063,9.19,13.03,-3.3,null,null
17,0.95,0.936,-0.212,-0.038,6.47,6.16,0.85,null,null
18,0.95,0.994,-0.099,0.096,13.58,0.58,-15.78,null,null
19,0.95,0.978,-0.162,0.022,5.89,7.14,-8.36,null,null
0,0.95,0.415,-0.365,0.82,0.15,0.85,3.45,null,null
1,0.95,0.455,-0.371,0.925,8.67,-29.76,7.32,null,null
2,0.95,0.335,-0.238,1.219,19.65,-68.85,9.43,null,null
3,0.95,0.397,-0.403,0.965,-32.14,-97.87,10.35,null,null
4,0.95,0.496,-0.324,0.764,13.06,-94.73,-15.2,null,null
5,0.95,0.719,-0.375,0.476,5.89,-76.42,-18.28,null,null
6,0.95,0.883,-0.389,0.303,13.06,-31.89,-36.53,null,null
7,0.95,0.973,-0.066,0.212,18.13,-83.32,-15.32,null,null
8,0.95,1.112,-0.546,-0.596,-62.44,-87.59,24.9,null,null
9,0.95,1.011,0.073,0.09,2.9,-34.76,-54.72,null,null
10,0.95,1.05,-0.203,-0.159,3.42,24.48,-19.5,null,null
11,0.95,1.015,-0.133,0.07,4.0,9.49,22.31,null,null
12,0.95,0.988,-0.261,0.011,1.98,-8.21,5.83,null,null
13,0.95,0.969,-0.228,0.067,-5.71,8.76,-7.84,null,null
14,0.95,0.965,-0.216,-0.044,-12.57,1.34,3.23,null,null
15,0.95,1.002,-0.191,0.038,13.34,7.11,-6.99,null,null
16,0.95,0.975,-0.189,0.003,2.17,6.5,-3.69,null,null
17,0.95,0.995,-0.133,0.032,3.81,8.45,-4.58,null,null
18,0.95,0.976,-0.183,0.027,4.21,-5.43,1.89,null,null
19,0.95,0.991,-0.172,0.059,5.68,10.83,1.01,null,null
0,0.95,0.284,-0.344,0.88,4.67,3.45,-4.21,null,null
1,0.95,0.33,-0.36,0.947,5.04,-3.33,2.01,null,null
2,0.95,0.37,-0.387,0.961,-10.41,-37.26,14.98,null,null
3,0.95,0.342,-0.386,1.035,-9.64,-101.84,16.94,null,null
4,0.95,0.345,-0.349,0.971,0.85,-110.6,-9.8,null,null
5,0.95,0.48,-0.356,0.72,19.29,-119.6,-37.75,null,null
6,0.95,0.727,-0.369,0.421,25.88,-85.36,-31.83,null,null
7,0.95,0.885,-0.341,0.274,3.51,-57.19,-21.64,null,null
8,0.95,0.908,-0.27,0.247,1.13,-35.92,-25.06,null,null
9,0.95,0.903,-0.188,0.17,-4.12,-43.89,-19.81,null,null
10,0.95,0.77,-0.225,-0.083,-94.61,-55.33,14.31,null,null
11,0.95,1.013,-0.245,0.061,-4.82,-60.52,-49.9,null,null
12,0.95,1.09,-0.266,-0.008,-3.63,20.66,-7.39,null,null
13,0.95,1.075,-0.197,0.099,13.98,8.82,8.45,null,null
14,0.95,0.949,-0.229,0.116,5.37,-14.98,13.92,null,null
15,0.95,0.932,-0.26,0.111,3.39,-1.28,-7.2,null,null
16,0.95,0.974,-0.231,0.087,7.42,16.82,-15.05,null,null
17,0.95,0.945,-0.234,0.061,24.54,-12.15,-7.54,null,null
18,0.95,0.972,-0.151,0.22,10.74,10.99,6.2,null,null
19,0.95,0.954,-0.23,0.181,2.69,-2.08,7.39,null,null
0,0.95,0.274,-0.397,0.876,10.96,-4.3,-3.66,null,null
1,0.95,0.305,-0.355,0.96,5.74,-14.89,4.91,null,null
2,0.95,0.195,-0.197,1.098,59.33,-77.97,-28.35,null,null
3,0.95,0.304,-0.255,0.934,-2.01,-80.05,19.96,null,null
4,0.95,0.524,-0.318,0.835,-13.92,-86.09,-4.0,null,null
5,0.95,0.692,-0.328,0.734,11.57,-71.57,-30.85,null,null
6,0.95,0.759,-0.313,0.44,14.83,-76.48,-44.62,null,null
7,0.95,0.92,-0.127,0.257,12.51,-37.48,-35.25,null,null
8,0.95,0.96,-0.109,0.213,-33.94,-57.37,-9.89,null,null
9,0.95,0.867,-0.234,0.118,0.76,-97.57,-24.11,null,null
10,0.95,1.016,-0.129,0.091,-46.6,20.11,-27.34,null,null
11,0.95,1.053,-0.089,0.115,-18.25,16.36,21.27,null,null
12,0.95,0.975,-0.177,0.185,-2.01,8.64,0.37,null,null
13,0.95,0.961,-0.076,0.161,5.71,-2.29,-4.49,null,null
14,0.95,0.98,-0.122,0.168,13.86,0.82,-5.8,null,null
15,0.95,0.981,-0.104,0.214,20.11,2.69,-8.91,null,null
16,0.95,0.959,-0.106,0.149,22.0,8.12,-16.82,null,null
17,0.95,1.008,0.045,0.227,20.87,-8.42,-9.0,null,null
18,0.95,0.963,-0.092,0.176,-13.34,-1.34,4.0,null,null
19,0.95,0.947,0.04,0.182,-13.0,4.52,5.65,null,null
0,0.95,0.566,0.002,0.986,5.62,-17.33,22.55,null,null
1,0.95,0.508,0.017,0.959,12.48,-47.73,25.42,null,null
2,0.95,0.531,0.035,0.964,12.7,-63.94,17.49,null,null
3,0.95,0.647,-0.145,0.877,29.3,-77.76,8.79,null,null
4,0.95,0.852,-0.097,0.444,35.46,-102.76,10.56,null,null
5,0.95,0.885,0.02,0.18,5.22,-89.45,-5.65,null,null
6,0.95,0.896,0.156,0.115,-16.72,-101.6,-4.88,null,null
7,0.95,0.938,0.042,-0.089,2.5,-22.52,-15.17,null,null
8,0.95,1.086,-0.177,-0.257,-47.12,-40.59,23.13,null,null
9,0.95,0.969,0.186,-0.24,-47.49,39.16,-32.9,null,null
10,0.95,1.076,0.199,0.166,-5.49,24.81,-18.01,null,null
11,0.95,1.071,-0.004,0.105,-8.21,-4.7,0.79,null,null
12,0.95,0.994,0.171,0.094,9.55,8.45,-9.64,null,null
13,0.95,0.971,0.022,0.14,-13.82,-9.31,14.01,null,null
14,0.95,0.941,0.167,0.066,2.81,-6.56,-4.18,null,null
15,0.95,0.993,0.095,0.07,1.95,12.54,1.5,null,null
16,0.95,0.983,0.175,0.112,0.12,4.39,-0.73,null,null
17,0.95,0.98,0.144,0.075,8.79,0.31,-1.04,null,null
18,0.95,0.973,0.213,0.141,14.16,1.22,-5.86,null,null
19,0.95,0.991,0.094,0.12,0.76,4.18,-1.07,null,null
0,0.95,0.533,-0.192,0.816,6.29,1.19,-10.62,null,null
1,0.95,0.533,-0.055,0.854,21.55,-6.78,-16.54,null,null
2,0.95,0.539,-0.116,0.998,25.61,-39.25,15.72,null,null
3,0.95,0.417,-0.089,1.023,38.91,-83.13,-2.14,null,null
4,0.95,0.56,0.002,1.003,19.56,-96.32,23.16,null,null
5,0.95,0.694,0.089,0.58,38.0,-102.24,7.75,null,null
6,0.95,0.801,-0.014,0.376,34.0,-68.39,2.69,null,null
7,0.95,0.839,-0.108,0.196,3.66,-61.22,-4.58,null,null
8,0.95,0.854,0.008,0.081,14.89,-75.32,14.19,null,null
9,0.95,0.975,-0.011,-0.072,-51.18,-82.98,27.16,null,null
10,0.95,0.952,-0.088,-0.193,-21.58,-31.65,13.92,null,null
11,0.95,1.047,0.01,-0.152,-44.28,5.62,-11.87,null,null
12,0.95,1.052,0.017,-0.111,-13.49,-3.08,-15.44,null,null
13,0.95,1.055,0.004,-0.055,-1.89,9.83,3.05,null,null
14,0.95,0.983,0.003,-0.01,9.13,-2.29,4.24,null,null
15,0.95,0.97,-0.044,-0.097,16.57,-6.16,-7.63,null,null
16,0.95,1.016,0.08,-0.04,11.81,-3.17,-8.21,null,null
17,0.95,1.014,-0.005,-0.014,-4.55,-1.07,4.36,null,null
18,0.95,0.999,0.056,-0.051,6.62,-2.44,0.06,null,null
19,0.95,1.011,0.012,-0.031,5.49,1.25,2.69,null,null
0,0.95,0.645,0.127,0.834,2.32,-10.07,-1.19,null,null
1,0.95,0.445,0.069,1.317,11.78,-89.11,51.27,null,null
2,0.95,0.524,-0.022,0.799,16.6,-95.86,35.34,null,null
3,0.95,0.795,-0.168,0.597,9.43,-60.98,14.44,null,null
4,0.95,0.839,-0.09,0.423,19.07,-77.49,-12.7,null,null
5,0.95,0.884,0.09,0.123,50.66,-75.75,-5.83,null,null
6,0.95,0.989,0.155,0.185,39.89,-15.26,-6.93,null,null
7,0.95,0.746,0.011,-0.246,73.15,-134.86,-2.41,null,null
8,0.95,1.008,0.129,-0.126,-3.81,33.02,-88.2,null,null
9,0.95,1.11,0.138,-0.045,-52.83,14.77,14.07,null,null
10,0.95,0.969,0.248,0.081,-21.91,23.9,15.23,null,null
11,0.95,0.939,0.083,0.034,1.53,3.2,5.77,null,null
12,0.95,0.973,0.137,0.061,-0.03,-11.08,10.93,null,null
13,0.95,0.962,0.134,0.08,12.45,12.79,-3.63,null,null
14,0.95,0.992,0.15,0.096,12.88,13.37,-9.74,null,null
15,0.95,0.985,0.191,0.118,60.09,13.95,-49.75,null,null
16,0.95,0.975,0.208,0.101,1.04,-11.32,-13.15,null,null
17,0.95,0.969,0.205,0.068,-6.41,3.94,6.78,null,null
18,0.95,0.96,0.243,0.14,-4.76,6.84,0.98,null,null
19,0.95,0.97,0.223,0.094,5.1,5.95,-9.06,null,null
0,0.95,0.452,-0.034,0.889,-4.39,6.32,0.06,null,null
1,0.95,0.493,-0.094,0.934,15.81,-2.62,-8.67,null,null
2,0.95,0.428,-0.205,1.07,-41.17,-38.27,70.19,null,null
3,0.95,0.394,-0.017,0.978,68.94,-90.18,-9.77,null,null
4,0.95,0.504,0.034,0.896,38.3,-81.76,14.59,null,null
5,0.95,0.626,-0.011,0.756,44.86,-71.75,1.28,null,null
6,0.95,0.812,0.016,0.49,57.34,-61.95,1.01,null,null
7,0.95,0.93,0.012,0.395,27.16,-41.84,-6.41,null,null
8,0.95,0.857,-0.092,0.351,-3.78,-71.93,2.47,null,null
9,0.95,0.968,0.064,0.21,-8.7,-82.28,-14.13,null,null
10,0.95,0.945,0.118,-0.01,18.1,-51.15,-17.64,null,null
11,0.95,0.99,0.027,0.042,-24.51,35.25,-62.11,null,null
12,0.95,0.977,0.261,0.334,-22.92,-5.31,-15.53,null,null
13,0.95,0.94,0.206,0.195,2.53,-12.18,-0.31,null,null
14,0.95,0.946,0.208,0.256,12.48,-0.76,0.03,null,null
15,0.95,0.931,0.202,0.277,6.62,1.83,0.37,null,null
16,0.95,0.963,0.196,0.295,1.46,-1.37,3.23,null,null
17,0.95,0.951,0.197,0.26,-1.8,-1.92,-0.24,null,null
18,0.95,0.938,0.223,0.29,-6.41,-4.21,2.87,null,null
19,0.95,0.929,0.196,0.243,1.89,4.21,0.15,null,null
0,0.95,0.539,-0.007,0.915,11.81,-10.28,-2.5,null,null
1,0.95,0.357,0.206,1.088,38.91,-81.67,31.37,null,null
2,0.95,0.516,-0.075,0.981,42.66,-117.31,55.18,null,null
3,0.95,0.724,-0.037,0.757,47.0,-115.82,25.88,null,null
4,0.95,0.774,0.099,0.595,29.73,-89.08,-2.32,null,null
5,0.95,0.843,0.085,0.265,21.18,-68.97,5.62,null,null
6,0.95,0.997,0.09,0.057,-6.71,-58.32,-3.45,null,null
7,0.95,0.97,0.291,0.158,14.77,-60.73,0.89,null,null
8,0.95,0.881,-0.365,-0.63,-68.0,-25.7,44.19,null,null
9,0.95,0.982,0.582,-0.14,-30.64,-3.69,-11.93,null,null
10,0.95,0.953,0.156,-0.109,-10.41,14.44,-10.9,null,null
11,0.95,1.001,0.294,-0.008,-5.86,1.77,-0.76,null,null
12,0.95,0.98,0.154,0.028,43.37,-9.0,-13.03,null,null
13,0.95,0.937,0.376,-0.088,-12.79,-8.88,2.38,null,null
14,0.95,0.911,0.283,-0.151,-5.28,0.55,3.02,null,null
15,0.95,0.937,0.309,-0.047,-5.22,17.03,-3.17,null,null
16,0.95,0.971,0.284,0.009,0.98,10.86,-6.44,null,null
17,0.95,0.943,0.321,-0.035,8.55,-0.7,-15.69,null,null
18,0.95,0.941,0.342,-0.042,-1.34,4.94,-1.28,null,null
19,0.95,0.955,0.315,-0.023,-0.46,9.06,-0.55,null,null
0,0.95,0.438,-0.119,0.899,1.65,6.71,-4.94,null,null
1,0.95,0.416,-0.093,0.894,13.28,-0.12,-13.61,null,null
2,0.95,0.436,-0.039,0.95,-6.9,-38.03,20.75,null,null
3,0.95,0.5,-0.043,0.991,21.79,-83.16,17.4,null,null
4,0.95,0.552,-0.12,0.79,20.45,-91.34,12.02,null,null
5,0.95,0.665,-0.031,0.803,21.94,-76.33,-2.17,null,null
6,0.95,0.678,0.009,0.681,43.0,-67.38,-0.61,null,null
7,0.95,0.849,0.051,0.422,27.59,-63.11,-2.08,null,null
8,0.95,1.028,0.046,0.218,5.58,-46.08,-11.66,null,null
9,0.95,0.972,0.104,0.131,-5.55,-74.31,-5.58,null,null
10,0.95,0.958,0.017,-0.049,-32.99,-111.0,12.54,null,null
11,0.95,0.882,0.06,-0.283,-109.01,-30.49,21.73,null,null
12,0.95,1.087,0.141,-0.102,-19.56,19.38,-23.19,null,null
13,0.95,1.08,0.004,-0.021,19.96,-5.4,-2.99,null,null
14,0.95,0.942,0.082,0.158,6.38,1.28,-15.63,null,null
15,0.95,0.984,0.12,0.069,-5.31,-18.71,1.5,null,null
16,0.95,0.98,0.083,-0.104,10.19,-6.62,-6.07,null,null
17,0.95,1.018,0.111,0.042,10.71,7.23,-3.72,null,null
18,0.95,1.01,0.073,0.013,5.34,-3.94,-1.65,null,null
19,0.95,1.009,0.078,-0.019,1.53,1.86,-1.68,null,null
0,0.95,0.666,0.077,0.717,-2.08,2.41,-0.76,null,null
1,0.95,0.675,0.041,0.776,-7.35,11.51,-8.91,null,null
2,0.95,0.575,0.157,0.905,-0.18,-34.09,12.42,null,null
3,0.95,0.609,0.043,0.831,21.97,-76.88,11.99,null,null
4,0.95,0.72,0.078,0.821,21.42,-66.13,7.81,null,null
5,0.95,0.762,0.082,0.618,18.16,-70.53,9.55,null,null
6,0.95,0.886,0.146,0.315,-0.06,-72.76,6.68,null,null
7,0.95,0.965,0.159,0.104,-3.78,-54.6,3.69,null,null
8,0.95,0.976,0.254,0.09,-19.59,-25.06,29.88,null,null
9,0.95,0.963,0.147,0.033,-28.75,-37.11,27.47,null,null
10,0.95,0.981,0.081,-0.283,-23.93,-73.85,-22.34,null,null
11,0.95,1.037,0.049,-0.273,-51.76,-34.27,18.04,null,null
12,0.95,1.104,0.058,0.008,-6.07,42.42,-49.9,null,null
13,0.95,1.011,0.367,0.096,-27.83,-6.65,11.47,null,null
14,0.95,0.983,0.167,-0.004,-1.53,-7.78,31.43,null,null
15,0.95,0.96,0.133,0.124,-4.39,17.82,18.89,null,null
16,0.95,1.016,0.104,0.147,12.39,0.0,-5.34,null,null
17,0.95,0.984,0.182,0.115,20.97,-6.13,-10.62,null,null
18,0.95,0.949,0.166,0.099,-4.7,1.92,4.33,null,null
19,0.95,1.007,0.122,0.094,-3.57,3.6,2.23,null,null
0,0.95,0.438,-0.099,0.821,-5.16,1.43,2.01,null,null
1,0.95,0.488,-0.184,0.886,8.3,-8.09,-0.52,null,null
2,0.95,0.49,-0.145,0.943,21.33,-19.75,-3.02,null,null
3,0.95,0.469,-0.036,0.884,70.89,-46.94,7.08,null,null
4,0.95,0.611,-0.001,0.902,42.54,-74.19,-4.46,null,null
5,0.95,0.605,-0.037,0.947,29.48,-83.22,14.22,null,null
6,0.95,0.725,-0.009,0.62,19.56,-94.12,7.87,null,null
7,0.95,0.916,0.048,0.385,9.89,-92.35,8.33,null,null
8,0.95,0.942,0.029,0.177,-9.4,-118.35,9.0,null,null
9,0.95,0.952,0.08,0.101,-10.74,-90.24,-2.11,null,null
10,0.95,0.988,0.13,-0.162,-9.7,-61.83,-13.28,null,null
11,0.95,0.959,0.097,-0.111,-28.05,-18.4,-3.42,null,null
12,0.95,0.953,-0.006,-0.181,-25.7,-3.66,2.56,null,null
13,0.95,1.075,0.049,0.064,-6.81,14.31,-24.48,null,null
14,0.95,1.004,0.038,-0.103,-26.46,2.78,4.94,null,null
15,0.95,0.99,0.176,-0.022,7.45,8.39,-3.27,null,null
16,0.95,1.01,0.091,0.04,5.92,4.15,-8.48,null,null
17,0.95,1.002,0.085,0.03,6.93,-3.42,-2.11,null,null
18,0.95,1.005,0.142,0.027,3.45,4.52,0.15,null,null
19,0.95,0.988,0.116,-0.001,0.34,6.68,1.98,null,null
0,0.95,0.491,-0.085,0.877,0.79,1.4,0.0,null,null
1,0.95,0.517,-0.054,0.858,1.92,1.65,0.31,null,null
2,0.95,0.521,-0.052,0.858,7.05,-3.72,10.59,null,null
3,0.95,0.445,0.045,1.026,33.11,-27.83,7.81,null,null
4,0.95,0.433,-0.017,0.988,45.59,-70.65,24.17,null,null
5,0.95,0.533,-0.009,0.876,22.37,-80.36,27.95,null,null
6,0.95,0.67,0.002,0.709,22.55,-73.0,22.16,null,null
7,0.95,0.779,-0.036,0.583,7.39,-65.37,7.11,null,null
8,0.95,0.842,-0.02,0.348,4.94,-44.13,-9.8,null,null
9,0.95,0.893,0.064,0.235,-3.33,-35.68,-8.03,null,null
10,0.95,0.92,0.223,0.239,0.24,-34.64,-30.73,null,null
11,0.95,1.018,0.16,0.067,-22.22,-46.02,-5.16,null,null
12,0.95,1.006,0.072,-0.07,-33.02,-22.83,10.8,null,null
13,0.95,0.984,0.222,0.091,-5.89,22.1,-1.04,null,null
14,0.95,0.937,0.169,0.177,7.17,3.85,1.59,null,null
15,0.95,0.991,0.146,0.165,5.25,-6.07,-7.45,null,null
16,0.95,0.954,0.191,0.162,-2.29,0.03,-3.3,null,null
17,0.95,1.002,0.2,0.147,2.2,3.72,7.48,null,null
18,0.95,0.984,0.145,0.187,6.44,-6.5,1.98,null,null
19,0.95,0.965,0.121,0.185,0.4,3.36,2.93,null,null
0,0.95,0.988,0.105,0.113,2.59,2.29,-1.07,null,null
1,0.95,0.986,0.153,0.127,2.04,0.12,-1.92,null,null
2,0.95,0.989,0.144,0.075,-8.33,-9.34,12.51,null,null
3,0.95,1.006,0.203,-0.08,18.62,-9.77,16.63,null,null
4,0.95,1.023,-0.024,-0.206,20.63,-24.75,53.32,null,null
5,0.95,0.914,-0.086,-0.483,28.99,1.56,20.75,null,null
6,0.95,1.017,-0.019,0.142,36.29,49.2,-45.44,null,null
7,0.95,0.951,0.043,0.427,5.25,94.79,-56.79,null,null
8,0.95,0.843,0.105,0.529,-15.14,89.36,-29.02,null,null
9,0.95,0.725,0.117,0.668,-30.27,99.64,-17.03,null,null
10,0.95,0.601,0.108,0.783,-29.36,94.94,-32.72,null,null
11,0.95,0.67,0.411,1.073,-16.82,75.96,-66.9,null,null
12,0.95,0.519,0.104,0.666,-1.56,-23.32,30.61,null,null
13,0.95,0.556,0.109,0.704,-12.6,21.67,-3.11,null,null
14,0.95,0.556,0.139,0.786,-16.45,18.74,10.68,null,null
15,0.95,0.587,0.128,0.845,-2.66,13.7,-5.89,null,null
16,0.95,0.544,0.129,0.812,-2.08,3.36,3.45,null,null
17,0.95,0.551,0.044,0.867,-9.13,1.86,9.95,null,null
18,0.95,0.585,0.089,0.879,0.31,0.03,-2.99,null,null
19,0.95,0.534,0.117,0.822,-2.78,-4.85,3.36,null,null
0,0.95,1.001,0.055,0.066,-1.19,30.58,0.4,null,null
1,0.95,0.867,0.118,-0.346,72.48,-16.82,-4.46,null,null
2,0.95,1.087,-0.049,-0.174,50.57,37.08,8.03,null,null
3,0.95,1.03,0.241,0.343,19.35,81.45,-35.25,null,null
4,0.95,0.791,0.182,0.629,-22.13,66.59,-23.1,null,null
5,0.95,0.645,0.246,0.802,-16.57,58.99,-32.38,null,null
6,0.95,0.568,0.303,0.839,-9.67,55.82,-7.81,null,null
7,0.95,0.483,0.046,0.633,-12.82,82.49,-18.04,null,null
8,0.95,0.499,-0.036,1.125,-81.21,96.96,-0.4,null,null
9,0.95,0.485,0.191,0.929,45.05,-9.83,-33.6,null,null
10,0.95,0.434,0.096,0.688,-11.87,4.3,36.35,null,null
11,0.95,0.487,-0.159,0.988,-21.88,10.56,25.48,null,null
12,0.95,0.492,-0.037,0.922,-1.68,11.35,-7.2,null,null
13,0.95,0.458,0.004,0.881,1.13,-3.11,-3.27,null,null
14,0.95,0.433,0.017,0.853,-14.71,0.24,17.7,null,null
15,0.95,0.464,-0.14,0.855,-16.24,1.68,23.13,null,null
16,0.95,0.454,-0.113,0.881,4.85,6.47,-8.67,null,null
17,0.95,0.422,-0.058,0.884,-0.64,5.71,-2.53,null,null
18,0.95,0.464,-0.128,0.905,-15.38,-1.5,16.36,null,null
19,0.95,0.448,-0.099,0.887,9.8,-1.68,-8.51,null,null
0,0.95,0.993,0.105,0.091,29.42,-24.02,14.04,null,null
1,0.95,0.981,-0.109,-0.174,35.25,-17.67,22.86,null,null
2,0.95,1.174,0.176,0.207,28.57,20.57,-8.61,null,null
3,0.95,1.044,0.241,0.083,11.63,9.28,-8.3,null,null
4,0.95,0.838,0.139,0.17,-13.09,50.23,-15.38,null,null
5,0.95,0.764,0.289,0.506,-25.03,86.03,-6.07,null,null
6,0.95,0.801,0.058,0.64,-45.69,73.34,31.59,null,null
7,0.95,0.741,-0.039,0.574,-15.05,71.96,-23.83,null,null
8,0.95,0.523,0.045,0.72,-46.51,88.2,-26.06,null,null
9,0.95,0.633,0.081,1.027,-8.55,59.88,-64.36,null,null
10,0.95,0.553,0.117,0.669,-17.7,-23.8,45.26,null,null
11,0.95,0.658,-0.157,0.86,-3.72,10.44,16.66,null,null
12,0.95,0.588,0.037,0.76,10.77,-1.65,-20.81,null,null
13,0.95,0.63,0.016,0.832,-16.17,3.97,14.4,null,null
14,0.95,0.597,-0.019,0.83,-17.3,3.23,20.75,null,null
15,0.95,0.592,-0.029,0.777,-5.52,-1.16,9.49,null,null
16,0.95,0.608,-0.09,0.81,-2.47,0.67,5.28,null,null
17,0.95,0.594,-0.053,0.777,7.66,-4.0,-4.64,null,null
18,0.95,0.604,-0.086,0.792,-0.92,1.62,2.29,null,null
19,0.95,0.597,-0.06,0.791,-1.77,0.52,-3.2,null,null
0,0.95,0.966,0.149,0.17,8.76,-4.94,6.74,null,null
1,0.95,0.988,0.119,0.182,5.1,-8.91,-4.15,null,null
2,0.95,0.948,0.17,0.132,9.4,-5.74,-6.5,null,null
3,0.95,1.029,0.223,-0.072,43.0,-1.8,-20.57,null,null
4,0.95,1.173,0.113,-0.163,13.34,-16.17,55.36,null,null
5,0.95,1.007,-0.033,-0.402,39.7,-20.45,54.2,null,null
6,0.95,1.062,-0.011,0.016,-1.31,59.45,16.3,null,null
7,0.95,0.86,0.234,0.339,-68.27,29.36,6.38,null,null
8,0.95,0.769,0.224,0.354,-55.7,77.0,-18.19,null,null
9,0.95,0.728,0.207,0.68,-31.86,91.92,-39.55,null,null
10,0.95,0.695,0.049,0.709,-40.22,88.72,-27.5,null,null
11,0.95,0.447,0.095,1.017,-46.14,98.03,-57.22,null,null
12,0.95,0.591,0.359,0.962,-12.45,11.14,-20.69,null,null
13,0.95,0.506,0.076,0.753,-10.99,12.48,24.75,null,null
14,0.95,0.562,0.095,0.836,2.93,10.01,0.4,null,null
15,0.95,0.527,0.149,0.864,-0.85,0.31,2.99,null,null
16,0.95,0.512,0.095,0.852,-2.56,2.66,4.85,null,null
17,0.95,0.553,0.114,0.85,2.23,-3.33,1.95,null,null
18,0.95,0.507,0.125,0.849,-4.24,9.52,-2.81,null,null
19,0.95,0.501,0.121,0.908,-16.11,-12.94,11.84,null,null
0,0.95,0.958,0.236,0.04,9.52,-7.2,8.51,null,null
1,0.95,0.982,0.249,-0.146,26.67,4.85,7.81,null,null
2,0.95,1.064,0.031,-0.037,-18.01,19.99,51.73,null,null
3,0.95,0.919,0.032,0.079,34.46,53.74,-4.76,null,null
4,0.95,0.874,0.054,0.272,44.74,76.6,-55.64,null,null
5,0.95,0.784,0.485,0.564,-28.14,77.82,-50.11,null,null
6,0.95,0.758,0.345,0.686,-34.18,81.55,-21.55,null,null
7,0.95,0.633,0.275,0.789,-28.96,72.12,-42.51,null,null
8,0.95,0.552,0.251,0.883,-29.3,51.0,-32.72,null,null
9,0.95,0.466,0.28,0.859,-49.87,56.31,3.33,null,null
10,0.95,0.581,0.308,0.931,-26.98,21.58,-7.32,null,null
11,0.95,0.44,0.16,0.782,-29.48,17.33,19.07,null,null
12,0.95,0.506,0.157,0.887,-11.14,6.78,3.57,null,null
13,0.95,0.467,0.115,0.868,-23.26,-0.82,23.68,null,null
14,0.95,0.504,0.07,0.885,-3.39,-3.36,6.13,null,null
15,0.95,0.502,0.072,0.868,-4.52,-1.34,5.22,null,null
16,0.95,0.51,0.074,0.85,4.43,-2.69,-3.17,null,null
17,0.95,0.519,0.084,0.846,7.32,-3.48,-7.66,null,null
18,0.95,0.514,0.091,0.834,7.6,-0.06,-6.84,null,null
19,0.95,0.509,0.112,0.79,-20.2,4.27,22.34,null,null
0,0.95,0.976,0.074,-0.06,8.06,-1.13,-1.1,null,null
1,0.95,0.98,0.084,-0.023,1.86,14.98,-4.61,null,null
2,0.95,0.998,0.118,-0.006,7.69,5.65,-7.69,null,null
3,0.95,1.035,0.096,-0.208,22.52,1.31,-7.9,null,null
4,0.95,0.904,-0.081,-0.545,31.8,-15.5,48.77,null,null
5,0.95,1.061,0.015,-0.355,52.31,1.56,20.84,null,null
6,0.95,1.073,-0.149,-0.041,-21.91,34.55,32.96,null,null
7,0.95,0.916,-0.03,0.183,-41.29,53.93,-0.37,null,null
8,0.95,0.852,0.138,0.435,-1.07,93.84,-66.44,null,null
9,0.95,0.81,0.086,0.476,-18.68,106.66,-62.32,null,null
10,0.95,0.486,0.256,0.783,-25.61,145.3,-115.7,null,null
11,0.95,0.801,0.514,1.123,-19.59,40.8,-40.68,null,null
12,0.95,0.468,0.15,0.591,-3.51,-17.46,36.04,null,null
13,0.95,0.647,0.164,0.782,-18.95,30.49,4.46,null,null
14,0.95,0.6,0.229,0.729,-7.42,10.32,6.99,null,null
15,0.95,0.65,0.169,0.791,-15.23,9.43,18.43,null,null
16,0.95,0.599,0.276,0.752,-17.21,7.23,15.11,null,null
17,0.95,0.619,0.012,0.767,-25.27,10.5,44.77,null,null
18,0.95,0.628,0.047,0.805,13.25,-2.23,-14.44,null,null
19,0.95,0.55,0.121,0.792,16.57,-4.61,-8.85,null,null
0,0.95,0.988,0.217,0.036,0.34,2.84,1.37,null,null
1,0.95,0.95,0.21,0.024,4.97,-1.68,3.48,null,null
2,0.95,0.979,0.246,-0.071,37.72,-2.99,-4.76,null,null
3,0.95,1.101,0.187,-0.213,43.73,24.93,19.78,null,null
4,0.95,1.145,0.186,-0.166,16.57,21.67,42.94,null,null
5,0.95,1.121,0.042,0.102,10.47,43.7,7.05,null,null
6,0.95,0.961,0.177,0.424,-1.92,81.09,-54.29,null,null
7,0.95,0.887,-0.005,0.221,-23.29,55.79,-25.82,null,null
8,0.95,0.792,0.233,0.481,-60.43,106.85,-29.36,null,null
9,0.95,0.664,0.199,0.777,-44.83,99.28,-25.85,null,null
10,0.95,0.424,0.073,0.875,-11.14,105.44,-64.06,null,null
11,0.95,0.657,0.267,1.187,-12.76,45.14,-81.82,null,null
12,0.95,0.422,0.39,0.705,3.17,-20.26,26.06,null,null
13,0.95,0.573,0.083,0.799,-29.82,8.33,56.64,null,null
14,0.95,0.564,0.047,0.802,4.85,-0.7,3.57,null,null
15,0.95,0.585,0.104,0.813,3.27,5.31,-1.13,null,null
16,0.95,0.547,0.11,0.835,1.43,2.56,0.49,null,null
17,0.95,0.592,0.13,0.803,-30.64,2.53,51.48,null,null
18,0.95,0.62,-0.064,0.786,11.63,-2.53,-6.56,null,null
19,0.95,0.617,0.063,0.823,13.61,0.98,-23.1,null,null
0,0.95,0.962,0.285,-0.038,5.13,-5.55,17.06,null,null
1,0.95,0.954,0.295,-0.162,31.68,-8.42,23.87,null,null
2,0.95,0.982,0.099,-0.192,11.99,4.06,52.19,null,null
3,0.95,0.955,0.116,-0.06,49.1,33.3,17.94,null,null
4,0.95,0.755,0.306,0.012,110.17,54.54,-81.85,null,null
5,0.95,0.914,0.204,0.128,-28.14,47.52,-25.88,null,null
6,0.95,0.924,0.241,0.302,-54.87,65.92,-37.2,null,null
7,0.95,0.751,0.338,0.592,-59.42,69.09,-10.44,null,null
8,0.95,0.665,0.282,0.645,-38.09,72.02,-28.41,null,null
9,0.95,0.555,0.329,0.776,-40.5,67.72,-21.18,null,null
10,0.95,0.536,0.413,0.887,-22.22,63.72,-66.32,null,null
11,0.95,0.642,0.449,0.879,-29.94,27.31,-14.83,null,null
12,0.95,0.534,0.197,0.729,-8.3,2.59,14.37,null,null
13,0.95,0.584,0.261,0.843,-11.93,10.8,7.17,null,null
14,0.95,0.571,0.278,0.774,-6.01,4.61,10.47,null,null
15,0.95,0.537,0.262,0.731,2.44,3.36,-3.69,null,null
16,0.95,0.569,0.243,0.759,-13.43,4.61,3.36,null,null
17,0.95,0.547,0.257,0.782,0.12,-0.52,2.78,null,null
18,0.95,0.561,0.231,0.758,11.66,0.21,-5.86,null,null
19,0.95,0.554,0.26,0.82,-3.48,3.3,5.77,null,null
0,0.95,0.997,0.139,-0.047,12.12,-0.4,-5.43,null,null
1,0.95,0.989,0.169,-0.078,18.01,1.01,-7.57,null,null
2,0.95,0.964,0.134,-0.232,31.46,1.59,10.53,null,null
3,0.95,0.948,0.06,-0.305,57.22,-2.41,7.48,null,null
4,0.95,1.109,0.271,-0.13,40.22,40.71,8.64,null,null
5,0.95,0.968,0.013,-0.132,94.55,51.42,-24.75,null,null
6,0.95,0.97,-0.057,0.131,-22.34,45.69,-18.77,null,null
7,0.95,0.906,0.267,0.322,-36.65,80.32,-49.87,null,null
8,0.95,0.861,0.275,0.539,-28.41,81.58,-33.33,null,null
9,0.95,0.785,0.233,0.612,-31.46,66.96,-43.34,null,null
10,0.95,0.661,0.374,0.624,-22.31,57.71,-44.13,null,null
11,0.95,0.549,0.177,0.785,-51.03,70.56,-14.34,null,null
12,0.95,0.638,0.426,0.904,-27.99,31.13,-6.87,null,null
13,0.95,0.55,0.129,0.786,-1.65,11.2,7.75,null,null
14,0.95,0.581,0.224,0.729,2.78,0.37,-0.06,null,null
15,0.95,0.542,0.214,0.717,1.43,-4.88,4.46,null,null
16,0.95,0.421,0.375,0.57,-72.73,26.12,80.87,null,null
17,0.95,0.629,-0.169,0.908,1.92,8.24,-0.73,null,null
18,0.95,0.61,-0.003,0.872,-2.35,5.34,-4.43,null,null
19,0.95,0.562,0.024,0.849,7.2,-1.68,-14.16,null,null
0,0.95,0.992,0.219,-0.037,-4.09,18.28,12.73,null,null
1,0.95,0.973,0.174,-0.049,-1.37,7.42,19.23,null,null
2,0.95,0.987,0.087,-0.169,12.05,-6.13,29.94,null,null
3,0.95,0.933,0.06,-0.314,50.17,-0.06,4.36,null,null
4,0.95,0.946,0.194,-0.08,92.72,60.58,-76.27,null,null
5,0.95,0.991,0.26,0.14,-20.66,56.34,1.07,null,null
6,0.95,0.91,0.213,0.191,-56.06,55.91,8.67,null,null
7,0.95,0.845,0.334,0.448,-34.27,54.63,-2.78,null,null
8,0.95,0.776,0.408,0.426,-26.09,59.94,39.77,null,null
9,0.95,0.768,0.074,0.677,-51.88,77.88,10.13,null,null
10,0.95,0.689,0.179,0.71,-39.89,56.58,-36.5,null,null
11,0.95,0.652,0.19,0.761,-9.06,28.17,-26.22,null,null
12,0.95,0.692,0.168,0.89,-25.94,21.55,30.34,null,null
13,0.95,0.665,0.089,0.709,-3.69,-1.74,2.66,null,null
14,0.95,0.633,0.136,0.686,-0.27,-2.72,3.54,null,null
15,0.95,0.709,0.094,0.709,3.72,-0.43,4.85,null,null
16,0.95,0.732,0.083,0.738,-6.04,1.89,3.63,null,null
17,0.95,0.683,0.184,0.699,7.97,-3.05,-14.07,null,null
18,0.95,0.676,0.128,0.713,8.03,-5.55,-5.98,null,null
19,0.95,0.668,0.137,0.731,3.36,-2.81,0.31,null,null
0,0.95,0.955,0.224,-0.095,9.98,6.99,4.43,null,null
1,0.95,0.965,0.186,-0.209,22.98,-9.61,4.55,null,null
2,0.95,0.944,0.136,-0.377,63.94,-5.92,-2.69,null,null
3,0.95,0.983,-0.011,-0.446,68.24,7.45,17.52,null,null
4,0.95,0.987,0.169,-0.248,40.74,28.23,-10.41,null,null
5,0.95,0.879,0.204,-0.041,-15.63,93.57,-27.77,null,null
6,0.95,0.875,0.218,0.27,-28.17,94.21,-48.01,null,null
7,0.95,0.719,0.289,0.608,-14.13,69.52,-45.41,null,null
8,0.95,0.703,0.248,0.596,-3.88,90.0,-92.44,null,null
9,0.95,0.522,0.425,0.757,-38.7,84.72,-69.89,null,null
10,0.95,0.689,0.577,0.891,-60.76,76.08,2.04,null,null
11,0.95,0.605,0.295,0.815,-0.03,-5.62,11.47,null,null
12,0.95,0.596,0.262,0.729,-15.5,8.39,7.54,null,null
13,0.95,0.556,0.281,0.761,-4.46,-2.66,7.02,null,null
14,0.95,0.584,0.257,0.777,-4.55,3.14,3.42,null,null
15,0.95,0.529,0.295,0.738,-4.0,2.81,2.84,null,null
16,0.95,0.586,0.224,0.777,-3.57,3.02,5.07,null,null
17,0.95,0.572,0.238,0.81,-3.27,5.04,0.18,null,null
18,0.95,0.56,0.242,0.824,-9.61,2.35,9.06,null,null
19,0.95,0.544,0.213,0.774,-34.24,3.02,36.41,null,null
0,0.95,0.965,0.141,-0.147,2.29,2.26,5.04,null,null
1,0.95,0.957,0.169,-0.228,14.92,-7.2,-8.45,null,null
2,0.95,0.908,0.118,-0.419,39.95,-1.68,11.08,null,null
3,0.95,0.851,0.016,-0.358,70.35,-2.14,4.85,null,null
4,0.95,0.911,0.026,-0.262,80.11,60.79,-10.8,null,null
5,0.95,0.902,0.191,0.102,12.7,84.93,-28.2,null,null
6,0.95,0.83,0.294,0.345,-29.82,77.27,-17.67,null,null
7,0.95,0.77,0.316,0.496,-7.63,62.56,-26.4,null,null
8,0.95,0.772,0.195,0.396,-8.61,86.34,-45.87,null,null
9,0.95,0.418,0.375,0.927,-40.28,132.08,-123.02,null,null
10,0.95,0.731,0.456,0.853,-1.34,-23.16,44.1,null,null
11,0.95,0.552,0.136,0.636,-0.67,15.23,-11.9,null,null
12,0.95,0.664,0.306,0.799,2.53,-8.21,-8.18,null,null
13,0.95,0.646,0.373,0.676,-8.45,-5.19,18.01,null,null
14,0.95,0.658,0.261,0.768,0.7,-7.35,3.42,null,null
15,0.95,0.624,0.29,0.686,4.82,-10.16,-1.07,null,null
16,0.95,0.624,0.281,0.694,0.79,-5.13,0.06,null,null
17,0.95,0.643,0.304,0.637,-1.1,-1.53,1.22,null,null
18,0.95,0.643,0.305,0.694,-1.74,6.99,5.19,null,null
19,0.95,0.634,0.286,0.723,-2.59,6.93,5.65,null,null
0,0.95,0.942,0.294,-0.015,-17.43,8.61,13.06,null,null
1,0.95,0.964,0.234,-0.005,7.78,6.38,8.09,null,null
2,0.95,0.932,0.215,-0.2,34.03,-4.76,11.44,null,null
3,0.95,0.976,0.059,-0.228,1.98,19.35,30.67,null,null
4,0.95,0.996,0.229,-0.063,58.29,55.12,-69.61,null,null
5,0.95,0.954,0.213,0.228,25.48,58.05,-35.71,null,null
6,0.95,0.97,0.261,0.157,-1.46,40.35,-17.61,null,null
7,0.95,0.891,0.246,0.214,-7.84,60.27,-10.41,null,null
8,0.95,0.777,0.303,0.453,-31.53,82.37,33.08,null,null
9,0.95,0.756,0.088,0.547,-18.52,102.88,32.26,null,null
10,0.95,0.634,-0.099,0.814,-49.84,135.04,18.62,null,null
11,0.95,0.635,0.168,1.048,-30.0,78.04,-62.35,null,null
12,0.95,0.52,0.152,0.666,18.52,-28.32,-16.82,null,null
13,0.95,0.616,0.005,0.646,-30.15,18.31,28.96,null,null
14,0.95,0.679,0.12,0.823,12.09,-3.02,-29.57,null,null
15,0.95,0.662,0.113,0.785,-2.08,1.62,5.52,null,null
16,0.95,0.633,0.102,0.784,-0.31,-1.25,-0.46,null,null
17,0.95,0.507,0.184,0.678,-17.21,8.7,21.42,null,null
18,0.95,0.617,-0.151,0.878,-64.12,28.47,100.44,null,null
19,0.95,0.595,-0.188,0.825,6.1,2.14,-4.97,null,null
0,0.95,0.993,0.175,-0.121,8.61,3.02,0.76,null,null
1,0.95,0.985,0.142,-0.214,17.0,-2.78,13.31,null,null
2,0.95,0.892,0.078,-0.384,35.89,3.39,38.42,null,null
3,0.95,0.992,-0.018,-0.268,50.17,15.41,22.31,null,null
4,0.95,0.911,-0.107,-0.182,48.13,24.6,-22.55,null,null
5,0.95,0.903,-0.008,0.079,59.21,49.78,-57.1,null,null
6,0.95,0.907,0.325,0.289,5.98,75.38,-50.66,null,null
7,0.95,0.916,0.255,0.297,-3.42,68.61,-22.49,null,null
8,0.95,0.892,0.194,0.35,-10.07,71.78,-38.33,null,null
9,0.95,0.686,0.265,0.595,-28.41,103.61,-46.39,null,null
10,0.95,0.73,0.166,0.906,-16.05,57.77,-86.83,null,null
11,0.95,0.593,0.507,0.627,-7.9,4.46,13.43,null,null
12,0.95,0.673,0.201,0.751,-12.73,16.27,15.47,null,null
13,0.95,0.612,0.281,0.691,-10.28,6.23,9.98,null,null
14,0.95,0.667,0.201,0.744,-22.13,15.9,28.5,null,null
15,0.95,0.655,0.198,0.783,-8.0,8.33,1.4,null,null
16,0.95,0.636,0.207,0.728,2.08,-2.41,-2.35,null,null
17,0.95,0.633,0.219,0.752,-5.92,4.3,3.54,null,null
18,0.95,0.636,0.191,0.721,-2.5,0.03,7.05,null,null
19,0.95,0.653,0.163,0.756,-5.01,1.04,7.35,null,null
0,0.95,0.997,0.16,-0.065,9.31,3.08,1.8,null,null
1,0.95,0.961,0.145,-0.122,8.15,-10.13,1.98,null,null
2,0.95,0.96,0.199,-0.311,47.36,-11.08,-18.04,null,null
3,0.95,0.88,0.098,-0.369,57.22,2.96,27.92,null,null
4,0.95,0.918,-0.101,-0.295,79.65,10.04,4.94,null,null
5,0.95,0.907,0.005,-0.218,57.95,15.75,-6.87,null,null
6,0.95,1.096,0.104,-0.091,-0.12,74.4,-63.26,null,null
7,0.95,0.984,0.335,0.07,-44.07,45.17,-30.67,null,null
8,0.95,0.867,0.305,0.358,-34.94,84.63,-17.82,null,null
9,0.95,0.647,0.368,0.473,-28.93,90.52,-57.89,null,null
10,0.95,0.48,0.3,0.879,-71.23,109.5,-25.42,null,null
11,0.95,0.626,0.355,0.957,-32.75,37.17,-10.13,null,null
12,0.95,0.576,0.19,0.751,-14.59,-7.87,35.62,null,null
13,0.95,0.658,0.112,0.827,-5.37,1.53,9.49,null,null
14,0.95,0.601,0.238,0.728,10.01,-11.66,3.33,null,null
15,0.95,0.591,0.178,0.693,8.91,-8.48,-8.33,null,null
16,0.95,0.635,0.195,0.773,-0.61,-0.49,-2.29,null,null
17,0.95,0.608,0.233,0.68,-0.85,-0.34,-4.06,null,null
18,0.95,0.65,0.244,0.75,2.41,2.44,-7.48,null,null
19,0.95,0.558,0.264,0.715,25.82,-3.02,-24.38,null,null
0,0.95,-0.354,0.045,0.951,-41.99,18.92,53.83,null,null
1,0.95,-0.341,0.004,1.075,-56.22,-0.7,95.77,null,null
2,0.95,-0.192,-0.09,1.306,-45.26,-70.71,123.87,null,null
3,0.95,-0.192,-0.318,1.4,-58.93,-141.27,110.93,null,null
4,0.95,-0.207,-0.398,1.56,-59.3,-210.46,66.5,null,null
5,0.95,-0.16,-0.413,1.298,-43.34,-210.73,11.93,null,null
6,0.95,0.188,-0.528,0.857,-109.87,-154.58,12.51,null,null
7,0.95,0.316,-0.565,0.694,-122.29,-115.42,-9.19,null,null
8,0.95,0.432,-0.642,0.546,-138.37,-105.11,-9.8,null,null
9,0.95,0.381,-0.753,0.111,-128.57,-71.69,-76.72,null,null
10,0.95,0.411,-0.505,-0.097,-144.93,-1.01,-108.86,null,null
11,0.95,0.441,-0.153,-0.175,-164.83,27.99,-118.05,null,null
12,0.95,0.447,0.117,-0.116,-189.73,45.96,-77.15,null,null
13,0.95,0.414,0.183,0.061,-228.77,77.03,-27.74,null,null
14,0.95,0.293,0.199,0.359,-127.78,103.79,-82.22,null,null
15,0.95,-0.046,0.401,0.714,-195.01,175.79,15.84,null,null
16,0.95,-0.174,0.261,1.253,-61.1,231.33,-80.54,null,null
17,0.95,-0.281,0.192,2.01,-123.29,218.97,48.31,null,null
18,0.95,-0.002,0.389,1.702,-53.53,138.71,139.1,null,null
19,0.95,-0.252,0.082,1.428,-97.17,87.83,260.32,null,null
0,0.95,1.04,-0.232,0.037,0.52,-7.97,1.07,null,null
1,0.95,0.989,-0.325,-0.034,-3.88,-17.67,-15.84,null,null
2,0.95,0.937,-0.412,-0.162,-37.75,-4.76,-31.22,null,null
3,0.95,0.781,-0.347,-0.159,-54.78,17.88,-54.78,null,null
4,0.95,0.627,-0.138,-0.077,-79.47,59.02,-60.76,null,null
5,0.95,0.534,-0.255,0.262,-144.35,94.52,-25.09,null,null
6,0.95,0.116,0.077,0.349,-31.28,146.76,-162.24,null,null
7,0.95,-0.258,-0.087,1.05,-97.54,220.86,-165.81,null,null
8,0.95,-0.51,0.673,0.782,-100.62,149.54,-175.94,null,null
9,0.95,-0.625,0.993,1.654,-186.41,189.89,-19.29,null,null
10,0.95,-0.619,0.816,1.528,-148.26,118.56,234.63,null,null
11,0.95,-1.171,0.375,1.858,-102.73,123.94,339.76,null,null
12,0.95,-1.06,-0.495,1.002,-298.01,-292.34,510.15,null,null
13,0.95,-0.533,-0.598,1.337,-162.45,-240.33,249.21,null,null
14,0.95,-0.189,-0.576,1.322,-52.28,-219.28,15.53,null,null
15,0.95,0.131,-0.674,0.876,-100.22,-158.97,-62.32,null,null
16,0.95,0.348,-0.533,0.604,-119.51,-122.2,-76.91,null,null
17,0.95,0.293,-0.218,0.384,-65.16,-88.63,-120.52,null,null
18,0.95,0.48,-0.005,0.168,-61.68,-64.76,-104.5,null,null
19,0.95,0.681,0.162,-0.085,-97.42,-45.78,-53.83,null,null
0,0.95,0.918,-0.34,-0.113,-2.53,4.61,-15.35,null,null
1,0.95,0.926,-0.401,-0.11,-16.72,2.01,-10.01,null,null
2,0.95,0.912,-0.462,-0.102,-20.42,11.84,-32.35,null,null
3,0.95,0.828,-0.387,-0.117,-23.35,31.83,-66.93,null,null
4,0.95,0.643,-0.203,-0.177,-52.92,62.59,-82.19,null,null
5,0.95,0.481,-0.21,0.145,-139.1,127.87,-66.87,null,null
6,0.95,0.007,0.088,0.521,-103.12,203.01,-147.37,null,null
7,0.95,-0.266,0.069,1.134,-112.61,231.64,-118.81,null,null
8,0.95,-0.65,0.581,1.02,-7.57,113.93,-143.74,null,null
9,0.95,-0.489,0.348,1.609,-155.31,215.28,-40.28,null,null
10,0.95,-0.652,0.66,1.506,-253.58,126.07,212.23,null,null
11,0.95,-0.768,0.422,1.66,-110.57,83.86,274.97,null,null
12,0.95,-1.429,-0.126,1.194,-185.06,-91.89,413.74,null,null
13,0.95,-0.657,-0.46,1.105,-151.92,-141.82,279.64,null,null
14,0.95,-0.399,-0.431,1.464,33.48,-156.19,0.43,null,null
15,0.95,-0.088,-0.081,1.214,-44.56,-183.11,27.04,null,null
16,0.95,0.124,-0.252,1.309,-118.93,-136.17,11.2,null,null
17,0.95,0.199,-0.29,0.938,-67.75,-137.7,-62.01,null,null
18,0.95,0.385,-0.122,0.454,-68.82,-128.18,-45.2,null,null
19,0.95,0.575,-0.004,0.154,-49.1,-84.48,-61.89,null,null
0,0.95,0.941,-0.395,0.072,-42.02,-8.42,5.62,null,null
1,0.95,0.881,-0.385,0.034,-34.46,3.3,-33.97,null,null
2,0.95,0.802,-0.182,-0.169,-9.64,16.88,-83.29,null,null
3,0.95,0.769,-0.202,-0.073,-86.46,67.02,-57.56,null,null
4,0.95,0.539,-0.117,0.197,-101.29,133.06,-111.03,null,null
5,0.95,0.361,0.167,0.687,-43.0,126.71,-158.7,null,null
6,0.95,-0.074,0.256,0.538,-4.33,103.46,-196.72,null,null
7,0.95,-0.308,0.297,1.132,-104.74,130.89,-129.76,null,null
8,0.95,-0.5,0.952,0.76,-94.21,118.99,-90.76,null,null
9,0.95,-0.605,1.127,1.221,-93.45,167.39,-18.31,null,null
10,0.95,-0.841,0.736,1.38,-164.22,164.83,154.24,null,null
11,0.95,-1.065,0.622,1.26,-148.2,143.44,262.15,null,null
12,0.95,-1.11,0.085,1.194,-307.78,26.15,422.83,null,null
13,0.95,-0.724,-0.091,1.301,-154.73,-88.44,267.28,null,null
14,0.95,-0.327,-0.134,1.534,-84.48,-160.22,151.31,null,null
15,0.95,-0.074,-0.342,1.498,-70.38,-206.03,59.66,null,null
16,0.95,0.021,-0.08,1.093,-74.74,-193.18,-1.65,null,null
17,0.95,0.307,-0.222,0.673,-104.13,-155.49,-4.7,null,null
18,0.95,0.477,-0.175,0.378,-106.48,-106.78,-17.79,null,null
19,0.95,0.646,-0.277,0.186,-98.27,-76.39,-29.73,null,null
0,0.95,1.012,-0.192,0.032,-9.58,1.5,-28.05,null,null
1,0.95,0.971,-0.188,0.048,-15.99,4.64,-41.41,null,null
2,0.95,0.93,-0.132,-0.008,-28.47,1.68,-40.25,null,null
3,0.95,0.897,-0.177,0.019,-79.62,8.55,-7.87,null,null
4,0.95,0.812,-0.223,0.111,-85.15,26.58,-35.37,null,null
5,0.95,0.609,-0.059,0.067,-106.66,7.39,-12.15,null,null
6,0.95,0.58,-0.265,0.394,-71.66,53.5,-76.42,null,null
7,0.95,0.224,0.683,0.412,-32.17,117.95,-166.39,null,null
8,0.95,0.143,0.574,0.84,-43.49,137.42,-149.02,null,null
9,0.95,-0.068,0.578,1.178,-56.25,160.68,-161.14,null,null
10,0.95,-0.355,0.94,1.09,-156.01,144.63,15.99,null,null
11,0.95,-0.412,0.747,1.262,-165.04,140.02,166.42,null,null
12,0.95,-0.749,0.487,1.434,-125.92,122.41,315.47,null,null
13,0.95,-0.759,0.034,1.461,-147.28,-3.54,420.12,null,null
14,0.95,-0.562,-0.627,1.701,-164.22,-146.43,411.94,null,null
15,0.95,-0.205,-0.44,1.486,-23.9,-207.46,74.92,null,null
16,0.95,0.027,-0.338,1.114,-180.43,-158.42,155.37,null,null
17,0.95,0.365,-0.557,0.803,-123.02,-131.29,-13.21,null,null
18,0.95,0.396,-0.429,0.492,-106.72,-100.56,-65.83,null,null
19,0.95,0.374,-0.405,0.24,-87.16,-67.08,-101.29,null,null
0,0.95,0.898,-0.103,0.062,-31.5,4.82,-32.38,null,null
1,0.95,0.827,-0.167,0.046,-52.74,14.65,-32.81,null,null
2,0.95,0.679,-0.161,0.085,-57.95,42.88,-74.19,null,null
3,0.95,0.398,0.037,0.229,-89.14,89.45,-91.16,null,null
4,0.95,0.102,0.178,0.516,-55.45,141.48,-171.3,null,null
5,0.95,-0.314,0.515,1.052,-133.21,169.53,-83.1,null,null
6,0.95,-0.33,0.848,1.331,-77.06,142.89,-64.15,null,null
7,0.95,-0.191,0.745,1.222,-110.42,172.64,56.86,null,null
8,0.95,-0.483,0.598,1.517,-115.6,189.15,172.95,null,null
9,0.95,-1.135,0.593,1.31,-207.71,177.68,325.85,null,null
10,0.95,-1.443,-0.073,1.067,-333.93,-49.87,487.75,null,null
11,0.95,-0.512,-0.3,1.367,-100.41,-222.63,182.01,null,null
12,0.95,-0.22,-0.376,1.389,-97.38,-204.38,90.46,null,null
13,0.95,0.026,-0.304,1.082,-94.39,-207.56,18.8,null,null
14,0.95,0.274,-0.285,0.686,-117.59,-169.04,-9.83,null,null
15,0.95,0.453,-0.29,0.384,-118.02,-112.31,-36.71,null,null
16,0.95,0.493,-0.246,0.245,-93.05,-76.45,-49.04,null,null
17,0.95,0.662,-0.31,-0.131,-106.45,-67.32,-46.33,null,null
18,0.95,0.699,-0.253,-0.103,-115.05,-26.43,-39.98,null,null
19,0.95,0.798,0.085,-0.223,-55.21,-9.77,-60.15,null,null
0,0.95,0.844,-0.584,-0.015,-104.16,-31.68,-35.68,null,null
1,0.95,0.682,-0.296,-0.166,-92.96,10.96,-81.55,null,null
2,0.95,0.589,-0.047,-0.108,-93.91,52.31,-86.0,null,null
3,0.95,0.464,-0.059,0.102,-53.96,135.72,-148.75,null,null
4,0.95,-0.019,0.633,0.376,-143.28,187.6,-162.97,null,null
5,0.95,-0.023,0.894,0.657,-98.91,145.85,-95.68,null,null
6,0.95,-0.201,0.892,1.045,-78.13,235.08,-40.1,null,null
7,0.95,-0.829,0.629,1.237,-89.6,309.49,22.34,null,null
8,0.95,-1.101,0.542,1.254,-249.64,222.02,198.25,null,null
9,0.95,-1.424,0.082,1.298,-355.69,7.14,426.92,null,null
10,0.95,-0.953,0.102,1.425,-91.34,-108.43,274.76,null,null
11,0.95,-0.288,-0.172,1.271,-117.28,-212.41,160.71,null,null
12,0.95,0.02,0.004,1.104,-65.74,-170.2,31.95,null,null
13,0.95,0.297,-0.183,0.764,-128.09,-199.65,28.26,null,null
14,0.95,0.416,-0.173,0.472,-124.06,-147.31,-22.55,null,null
15,0.95,0.608,-0.177,0.26,-128.48,-87.22,-24.35,null,null
16,0.95,0.693,-0.223,0.156,-122.99,-59.3,-29.79,null,null
17,0.95,0.705,-0.067,0.07,-93.94,-43.46,-51.45,null,null
18,0.95,0.888,0.035,-0.067,-63.69,-37.51,-39.06,null,null
19,0.95,0.912,0.252,-0.203,-16.08,-14.07,-54.14,null,null
0,0.95,0.67,-0.443,-0.048,-54.81,45.93,-120.03,null,null
1,0.95,0.484,0.036,0.256,-96.47,90.76,-149.69,null,null
2,0.95,0.194,0.433,0.491,-65.07,98.24,-194.71,null,null
3,0.95,0.024,0.696,0.603,-81.94,118.72,-168.03,null,null
4,0.95,-0.332,0.94,0.618,-72.57,131.9,-132.91,null,null
5,0.95,-0.633,0.891,0.815,-150.36,240.55,-50.69,null,null
6,0.95,-1.158,0.538,1.105,-241.4,312.39,59.97,null,null
7,0.95,-1.343,0.326,0.941,-462.72,177.68,276.59,null,null
8,0.95,-1.517,0.025,0.97,-354.14,74.77,337.11,null,null
9,0.95,-1.124,0.639,0.861,6.59,-157.96,179.91,null,null
10,0.95,-0.617,0.037,1.033,-113.47,-149.21,180.58,null,null
11,0.95,-0.266,-0.133,1.183,-144.99,-183.26,60.43,null,null
12,0.95,0.155,-0.273,0.922,-163.4,-205.48,-14.53,null,null
13,0.95,0.365,-0.171,0.639,-139.35,-188.33,-58.81,null,null
14,0.95,0.542,-0.242,0.204,-132.76,-136.11,-30.46,null,null
15,0.95,0.627,-0.27,0.054,-87.01,-31.34,-68.0,null,null
16,0.95,0.678,-0.235,-0.016,-88.38,0.15,-64.88,null,null
17,0.95,0.789,-0.045,0.013,-33.27,0.24,-85.82,null,null
18,0.95,0.96,0.147,-0.068,-18.95,-1.77,-60.27,null,null
19,0.95,0.975,0.256,-0.099,-12.6,15.69,-26.22,null,null
0,0.95,0.984,-0.115,0.059,1.28,3.08,1.4,null,null
1,0.95,1.001,-0.172,0.067,-1.77,0.55,5.04,null,null
2,0.95,0.991,-0.157,0.075,-6.53,-4.09,6.59,null,null
3,0.95,0.952,-0.45,0.184,-42.33,-3.05,6.71,null,null
4,0.95,0.822,-0.499,0.034,-67.57,-22.13,-28.35,null,null
5,0.95,0.626,-0.345,-0.069,-57.47,30.46,-113.1,null,null
6,0.95,0.419,0.001,0.155,-89.66,97.38,-163.27,null,null
7,0.95,0.023,0.481,0.248,-37.26,125.0,-219.15,null,null
8,0.95,-0.519,0.941,0.502,-34.27,159.79,-201.57,null,null
9,0.95,-0.746,1.206,0.822,-112.8,250.16,-90.79,null,null
10,0.95,-0.909,0.849,1.16,-160.31,308.57,16.94,null,null
11,0.95,-1.402,0.943,1.398,-319.13,231.06,279.12,null,null
12,0.95,-1.896,-0.01,1.486,-400.34,-22.43,501.21,null,null
13,0.95,-0.936,-0.022,1.498,12.21,-232.15,161.9,null,null
14,0.95,-0.175,-0.254,1.061,-106.51,-232.73,87.74,null,null
15,0.95,0.052,0.059,0.884,-80.66,-215.8,-23.04,null,null
16,0.95,0.343,-0.07,0.619,-121.8,-192.05,-11.84,null,null
17,0.95,0.498,0.057,0.101,-110.23,-123.14,-29.39,null,null
18,0.95,0.625,0.175,0.093,-107.39,-10.32,-21.88,null,null
19,0.95,0.838,0.034,-0.03,-70.44,-47.85,2.84,null,null
0,0.95,0.989,-0.006,0.105,-9.25,12.7,-0.98,null,null
1,0.95,0.961,-0.066,0.166,-24.66,4.49,16.51,null,null
2,0.95,0.813,-0.66,0.073,-47.85,-14.13,-18.46,null,null
3,0.95,0.428,-0.431,-0.178,-56.37,14.68,-127.32,null,null
4,0.95,-0.102,0.054,0.087,-99.12,149.66,-203.77,null,null
5,0.95,-0.549,0.925,0.601,-118.53,171.85,-211.95,null,null
6,0.95,-0.576,0.856,1.037,-141.42,204.08,-88.26,null,null
7,0.95,-1.054,1.187,1.457,-166.05,297.34,35.49,null,null
8,0.95,-1.213,0.39,2.054,-337.26,216.74,454.21,null,null
9,0.95,-1.415,0.17,1.665,-160.83,-83.83,469.89,null,null
10,0.95,-0.61,-0.618,1.73,-36.26,-222.75,238.81,null,null
11,0.95,-0.115,-0.236,1.451,-76.05,-215.52,75.69,null,null
12,0.95,0.276,-0.142,0.904,-161.41,-186.8,27.47,null,null
13,0.95,0.347,-0.184,0.457,-144.96,-158.6,-9.31,null,null
14,0.95,0.432,-0.188,0.225,-147.53,-74.89,-69.61,null,null
15,0.95,0.677,-0.177,-0.008,-132.27,-66.53,-61.01,null,null
16,0.95,0.709,0.11,-0.08,-61.86,-42.97,-94.36,null,null
17,0.95,0.724,0.277,-0.047,-41.02,24.81,-79.47,null,null
18,0.95,0.808,0.425,-0.056,-18.34,-7.17,-34.18,null,null
19,0.95,0.928,0.433,-0.082,-24.08,13.31,5.74,null,null
0,0.95,0.86,-0.193,-0.003,-54.48,-20.11,-72.08,null,null
1,0.95,0.777,-0.002,-0.049,-58.75,-2.47,-77.03,null,null
2,0.95,0.711,0.094,-0.082,-95.71,20.72,-54.75,null,null
3,0.95,0.654,0.257,0.059,-102.76,40.99,-66.87,null,null
4,0.95,0.476,0.4,0.259,-98.67,101.23,-98.09,null,null
5,0.95,0.139,0.873,0.477,-101.96,178.11,-104.86,null,null
6,0.95,0.1,0.757,0.719,-80.94,199.19,-8.76,null,null
7,0.95,0.018,0.905,1.102,-47.85,249.28,73.89,null,null
8,0.95,-0.338,0.669,1.537,-51.09,217.51,215.58,null,null
9,0.95,-0.636,0.362,1.719,-127.72,77.73,363.05,null,null
10,0.95,-0.155,-0.37,1.843,-62.81,-157.29,237.07,null,null
11,0.95,-0.023,-0.154,1.393,-7.14,-211.65,95.8,null,null
12,0.95,0.237,-0.228,0.859,-32.26,-212.41,49.26,null,null
13,0.95,0.446,-0.096,0.605,-44.92,-157.78,21.06,null,null
14,0.95,0.593,-0.093,0.251,-82.31,-110.05,11.44,null,null
15,0.95,0.706,-0.128,0.058,-86.06,-66.41,-0.24,null,null
16,0.95,0.719,-0.065,-0.036,-72.36,-23.71,-32.87,null,null
17,0.95,0.761,0.09,0.035,-17.52,-18.98,-65.77,null,null
18,0.95,0.933,0.26,-0.164,5.4,-13.82,-73.21,null,null
19,0.95,1.049,0.235,-0.183,-14.95,-1.07,-8.88,null,null
0,0.95,0.996,-0.149,0.135,0.98,4.67,-1.71,null,null
1,0.95,0.993,-0.088,0.098,-0.21,-1.04,-6.13,null,null
2,0.95,1.033,-0.26,0.209,-30.64,-3.42,-0.92,null,null
3,0.95,0.923,-0.275,0.183,-47.49,-23.62,-38.91,null,null
4,0.95,0.802,-0.173,0.086,-65.1,-10.56,-75.41,null,null
5,0.95,0.629,0.006,0.022,-122.23,10.25,-103.46,null,null
6,0.95,0.407,0.334,0.265,-100.53,97.42,-171.33,null,null
7,0.95,0.021,0.84,0.185,-52.31,113.41,-170.75,null,null
8,0.95,-0.275,0.84,0.638,-85.67,180.12,-107.0,null,null
9,0.95,-0.325,0.672,1.015,-102.97,216.01,-82.98,null,null
10,0.95,-0.823,0.594,1.329,-169.38,273.51,43.76,null,null
11,0.95,-0.942,0.244,1.41,-272.01,191.99,280.37,null,null
12,0.95,-1.339,-0.208,1.148,-366.1,15.02,437.21,null,null
13,0.95,-1.128,0.728,1.011,-87.07,-135.14,231.03,null,null
14,0.95,-0.605,0.085,1.128,-108.1,-167.79,213.57,null,null
15,0.95,-0.175,-0.043,0.928,-81.15,-169.13,129.95,null,null
16,0.95,0.196,-0.34,1.015,-128.76,-138.22,35.25,null,null
17,0.95,0.349,-0.439,0.787,-156.77,-139.84,-41.47,null,null
18,0.95,0.39,-0.309,0.539,-130.53,-137.58,-99.31,null,null
19,0.95,0.557,-0.227,0.188,-134.13,-108.04,-55.02,null,null
0,0.95,1.033,0.12,-0.032,24.84,-9.74,-11.14,null,null
1,0.95,0.942,0.299,-0.165,54.9,-8.24,-9.89,null,null
2,0.95,0.8,0.237,-0.183,83.53,22.52,7.87,null,null
3,0.95,0.634,0.077,-0.046,100.62,74.5,1.59,null,null
4,0.95,0.493,0.092,0.111,122.29,118.69,-62.93,null,null
5,0.95,0.317,0.032,0.35,58.44,221.29,-74.43,null,null
6,0.95,-0.225,0.047,0.987,5.13,360.18,-79.1,null,null
7,0.95,-1.165,-0.182,1.022,-6.96,401.1,-121.62,null,null
8,0.95,-1.853,0.169,1.009,65.55,353.28,-169.29,null,null
9,0.95,-1.639,0.373,0.79,285.2,-129.06,-170.08,null,null
10,0.95,-1.192,0.208,1.255,286.78,-150.58,-209.48,null,null
11,0.95,-1.249,0.862,0.763,214.67,-294.66,-62.5,null,null
12,0.95,-0.7,0.629,0.932,228.68,-188.21,34.27,null,null
13,0.95,-0.342,0.97,0.547,241.1,-81.85,145.91,null,null
14,0.95,0.102,0.556,0.422,30.58,-103.58,195.38,null,null
15,0.95,0.501,0.218,0.364,28.87,-129.95,164.71,null,null
16,0.95,0.765,0.066,0.151,63.81,-170.57,117.62,null,null
17,0.95,0.798,0.167,-0.029,89.45,-71.75,62.01,null,null
18,0.95,0.681,0.162,-0.095,65.61,4.76,60.58,null,null
19,0.95,0.803,-0.242,0.028,58.9,45.69,64.18,null,null
0,0.95,0.594,0.213,-0.291,108.46,69.09,-22.31,null,null
1,0.95,0.372,0.019,0.225,125.25,212.1,-32.11,null,null
2,0.95,-0.031,-0.121,0.768,63.2,291.97,-47.33,null,null
3,0.95,-0.386,-0.136,1.443,47.52,297.28,-101.41,null,null
4,0.95,-0.724,-0.224,1.628,-0.79,260.29,-148.41,null,null
5,0.95,-0.944,0.165,1.813,45.29,189.49,-161.96,null,null
6,0.95,-0.775,0.52,1.371,283.06,-155.13,-203.22,null,null
7,0.95,-0.514,0.967,1.012,206.27,-279.76,-98.79,null,null
8,0.95,-0.24,1.107,0.772,122.23,-248.24,24.11,null,null
9,0.95,-0.126,1.257,0.391,89.08,-179.78,119.82,null,null
10,0.95,0.04,1.086,0.33,68.09,-94.0,168.83,null,null
11,0.95,0.367,0.573,0.074,53.71,-61.16,188.36,null,null
12,0.95,0.507,0.253,0.057,49.62,-37.02,136.42,null,null
13,0.95,0.627,0.012,-0.028,42.63,-15.23,87.89,null,null
14,0.95,0.792,-0.201,-0.005,47.7,-31.07,38.21,null,null
15,0.95,0.907,-0.077,-0.13,41.93,-35.04,-27.07,null,null
16,0.95,0.984,-0.052,-0.067,23.53,17.64,-1.1,null,null
17,0.95,1.009,-0.087,-0.206,33.2,13.67,-5.92,null,null
18,0.95,0.955,0.002,-0.037,0.85,5.65,26.37,null,null
19,0.95,1.177,-0.079,-0.252,-9.67,23.41,17.58,null,null
0,0.95,1.044,-0.211,0.07,0.85,-2.9,10.41,null,null
1,0.95,0.922,-0.185,0.139,3.14,0.24,5.83,null,null
2,0.95,0.963,-0.081,0.081,21.67,9.43,-8.79,null,null
3,0.95,1.07,-0.151,0.009,3.11,-13.79,-1.86,null,null
4,0.95,1.377,0.497,-0.204,50.63,-15.05,-79.29,null,null
5,0.95,0.492,0.793,-0.365,119.45,-47.85,-46.08,null,null
6,0.95,-0.106,0.081,0.138,100.19,144.75,51.0,null,null
7,0.95,0.147,-0.529,0.721,104.46,170.9,1.56,null,null
8,0.95,0.148,-0.394,0.826,67.17,279.37,-159.28,null,null
9,0.95,-0.403,0.124,2.147,-39.46,245.83,-176.24,null,null
10,0.95,-0.202,0.465,2.009,-18.1,56.46,-216.38,null,null
11,0.95,-0.211,0.945,1.867,72.57,-131.93,-154.67,null,null
12,0.95,0.107,0.998,1.3,58.87,-217.08,-86.37,null,null
13,0.95,-0.012,0.966,1.084,101.44,-240.21,-54.45,null,null
14,0.95,0.022,1.131,0.601,96.22,-201.39,48.8,null,null
15,0.95,0.268,0.869,0.116,107.88,-100.65,119.11,null,null
16,0.95,0.306,0.47,-0.098,52.83,-8.12,164.34,null,null
17,0.95,0.447,0.033,0.066,-2.96,36.62,161.44,null,null
18,0.95,0.569,-0.247,0.285,-24.23,7.29,131.78,null,null
19,0.95,0.679,-0.625,0.138,-22.8,-36.5,86.76,null,null
0,0.95,1.03,-0.044,-0.011,-6.1,-4.55,-0.76,null,null
1,0.95,1.061,0.076,-0.051,6.59,-10.1,-9.0,null,null
2,0.95,1.064,0.34,-0.159,35.22,-0.98,-9.25,null,null
3,0.95,0.594,0.6,-0.259,84.69,16.94,4.61,null,null
4,0.95,0.343,0.046,0.106,75.2,90.21,55.24,null,null
5,0.95,0.362,-0.487,0.52,72.94,123.36,32.62,null,null
6,0.95,0.309,-0.322,0.695,84.78,208.04,-93.3,null,null
7,0.95,0.238,-0.044,1.388,26.83,188.33,-75.5,null,null
8,0.95,0.194,0.089,1.477,3.91,167.46,-125.03,null,null
9,0.95,0.033,0.138,1.638,13.12,53.62,-172.86,null,null
10,0.95,-0.134,0.454,1.333,38.73,-56.83,-238.87,null,null
11,0.95,-0.065,0.744,1.337,37.02,-126.13,-191.02,null,null
12,0.95,-0.012,0.929,1.188,59.05,-165.81,-101.5,null,null
13,0.95,0.022,0.944,0.894,77.64,-156.04,-0.89,null,null
14,0.95,0.162,0.923,0.729,82.09,-128.7,75.62,null,null
15,0.95,0.423,0.743,0.477,56.64,-112.95,106.51,null,null
16,0.95,0.621,0.444,0.262,27.5,-72.6,134.22,null,null
17,0.95,0.628,0.275,0.213,15.96,-16.91,118.02,null,null
18,0.95,0.654,-0.04,0.264,1.8,-24.57,110.45,null,null
19,0.95,0.608,-0.03,0.079,26.64,-38.61,80.29,null,null
0,0.95,0.928,-0.45,0.08,5.95,-6.16,-30.03,null,null
1,0.95,1.117,-0.368,0.06,16.66,-3.14,-63.63,null,null
2,0.95,1.062,0.177,0.195,62.38,-14.56,-88.2,null,null
3,0.95,0.674,0.445,-0.008,82.4,-30.18,-23.16,null,null
4,0.95,0.386,0.007,0.097,71.2,33.75,51.09,null,null
5,0.95,0.327,-0.342,0.341,73.7,113.28,39.31,null,null
6,0.95,0.213,-0.22,0.645,91.01,186.86,-23.44,null,null
7,0.95,0.08,-0.438,1.194,42.09,247.2,-62.56,null,null
8,0.95,-0.384,-0.033,1.49,28.08,209.3,-130.22,null,null
9,0.95,-0.513,0.049,1.439,16.27,96.84,-124.55,null,null
10,0.95,-0.285,0.299,1.481,111.03,8.12,-182.07,null,null
11,0.95,-0.255,0.373,1.168,128.51,-111.39,-201.18,null,null
12,0.95,-0.28,0.621,1.111,105.81,-153.36,-203.8,null,null
13,0.95,-0.175,0.879,1.163,96.35,-176.03,-89.3,null,null
14,0.95,-0.081,1.011,0.979,97.48,-215.06,56.67,null,null
15,0.95,0.236,0.863,0.71,94.82,-160.25,97.57,null,null
16,0.95,0.32,0.798,0.367,73.61,-108.16,115.54,null,null
17,0.95,0.495,0.577,0.277,52.25,-55.54,129.34,null,null
18,0.95,0.688,0.313,0.139,43.24,-32.87,112.86,null,null
19,0.95,0.696,0.208,-0.018,67.42,-17.15,69.0,null,null
0,0.95,0.951,-0.254,0.14,1.31,-0.12,-2.35,null,null
1,0.95,0.94,-0.289,0.149,-4.85,-0.4,0.79,null,null
2,0.95,1.021,-0.213,0.12,16.27,2.11,-17.58,null,null
3,0.95,1.019,-0.04,0.103,8.39,-7.54,-11.26,null,null
4,0.95,0.952,0.216,-0.109,54.2,3.02,-14.65,null,null
5,0.95,0.575,0.372,0.094,100.16,53.77,-17.64,null,null
6,0.95,0.36,-0.166,0.4,54.84,75.2,71.47,null,null
7,0.95,0.379,-0.297,0.492,105.56,131.53,3.6,null,null
8,0.95,0.143,-0.341,0.87,94.18,192.27,-52.67,null,null
9,0.95,-0.114,0.01,1.279,29.54,211.4,-79.26,null,null
10,0.95,-0.586,-0.077,1.58,16.05,196.97,-131.72,null,null
11,0.95,-0.544,0.201,1.591,40.35,66.9,-147.83,null,null
12,0.95,-0.343,0.409,1.242,84.93,-53.93,-205.54,null,null
13,0.95,-0.467,0.563,1.274,95.86,-93.11,-187.41,null,null
14,0.95,-0.234,0.517,1.161,84.38,-140.78,-111.15,null,null
15,0.95,-0.209,0.842,1.116,105.11,-172.46,-33.88,null,null
16,0.95,-0.062,0.865,1.003,87.07,-170.35,50.78,null,null
17,0.95,0.21,0.67,0.741,79.26,-156.13,103.43,null,null
18,0.95,0.515,0.503,0.434,57.1,-127.35,111.03,null,null
19,0.95,0.654,0.325,0.205,40.41,-80.26,97.05,null,null
0,0.95,0.92,-0.31,0.172,-3.54,2.72,-0.03,null,null
1,0.95,0.916,-0.329,0.183,-0.31,-1.53,0.4,null,null
2,0.95,0.931,-0.319,0.142,-3.78,-5.19,-6.01,null,null
3,0.95,0.975,-0.31,0.168,4.58,-0.06,-10.71,null,null
4,0.95,0.929,-0.007,0.115,43.86,2.47,-35.25,null,null
5,0.95,0.637,0.274,0.007,79.96,21.09,-3.88,null,null
6,0.95,0.366,0.186,0.03,123.02,69.09,37.02,null,null
7,0.95,0.338,-0.418,0.489,81.27,144.14,36.68,null,null
8,0.95,0.234,-0.373,0.854,128.24,208.99,-84.72,null,null
9,0.95,-0.174,-0.01,1.424,179.88,204.96,-166.3,null,null
10,0.95,-0.512,0.62,1.447,35.43,107.24,-217.72,null,null
11,0.95,-0.352,0.691,1.706,21.64,21.3,-133.67,null,null
12,0.95,-0.157,0.543,1.183,43.52,-89.33,-126.9,null,null
13,0.95,-0.142,0.577,1.079,72.15,-115.39,-135.99,null,null
14,0.95,-0.216,0.843,1.123,122.99,-171.39,-120.43,null,null
15,0.95,-0.254,1.301,0.891,115.45,-193.49,11.81,null,null
16,0.95,0.025,1.009,0.799,84.11,-161.35,119.24,null,null
17,0.95,0.274,0.772,0.384,63.17,-134.46,144.2,null,null
18,0.95,0.624,0.377,0.088,-15.81,-76.94,165.23,null,null
19,0.95,0.619,0.224,0.168,6.9,-25.54,116.92,null,null
0,0.95,0.942,-0.299,0.183,-1.34,-2.23,0.73,null,null
1,0.95,0.94,-0.318,0.211,0.06,0.06,-4.58,null,null
2,0.95,0.929,-0.255,0.182,1.95,1.01,-3.05,null,null
3,0.95,0.985,-0.173,0.199,17.55,2.84,-17.15,null,null
4,0.95,0.78,0.107,0.12,71.44,-16.48,-39.98,null,null
5,0.95,0.573,0.098,0.015,67.96,17.03,25.03,null,null
6,0.95,0.416,-0.15,0.186,66.74,68.79,13.28,null,null
7,0.95,0.323,-0.226,0.576,51.33,142.89,-42.21,null,null
8,0.95,0.075,-0.142,0.873,94.27,265.11,-131.23,null,null
9,0.95,-0.498,0.114,1.599,66.19,249.98,-177.04,null,null
10,0.95,-0.676,0.319,1.613,-0.34,113.56,-163.76,null,null
11,0.95,-0.651,0.464,1.441,87.28,-87.28,-151.25,null,null
12,0.95,-0.437,0.597,1.094,97.81,-117.5,-144.35,null,null
13,0.95,-0.394,0.817,1.207,74.25,-148.41,-94.79,null,null
14,0.95,-0.185,0.92,1.175,84.84,-197.06,-5.28,null,null
15,0.95,-0.024,0.955,0.868,96.62,-212.2,71.57,null,null
16,0.95,0.164,0.837,0.544,70.77,-158.42,132.6,null,null
17,0.95,0.389,0.567,0.281,42.15,-96.77,152.01,null,null
18,0.95,0.713,0.24,0.134,48.46,-76.27,108.04,null,null
19,0.95,0.63,0.115,0.102,25.85,-38.48,105.04,null,null
0,0.95,0.892,-0.359,0.175,-1.13,0.95,-1.95,null,null
1,0.95,0.918,-0.379,0.201,5.34,4.33,-3.54,null,null
2,0.95,0.933,-0.369,0.194,8.09,1.1,-6.59,null,null
3,0.95,0.927,-0.191,0.179,28.72,-1.19,-17.18,null,null
4,0.95,0.736,0.057,0.03,91.49,2.17,-54.48,null,null
5,0.95,0.544,-0.044,0.108,55.67,40.89,20.75,null,null
6,0.95,0.417,-0.153,0.276,99.4,100.86,-34.12,null,null
7,0.95,0.246,0.108,0.622,186.9,215.7,-156.96,null,null
8,0.95,0.013,0.318,1.167,69.49,205.51,-152.01,null,null
9,0.95,-0.166,0.306,1.511,16.33,142.77,-142.64,null,null
10,0.95,-0.349,0.31,1.37,15.17,80.78,-161.17,null,null
11,0.95,-0.425,0.417,1.381,77.21,-34.09,-167.97,null,null
12,0.95,-0.398,0.92,1.186,102.97,-136.02,-161.32,null,null
13,0.95,-0.356,1.096,1.022,77.33,-178.44,-37.48,null,null
14,0.95,-0.368,1.231,0.777,104.13,-173.56,42.85,null,null
15,0.95,-0.183,1.275,0.647,181.34,-112.55,96.1,null,null
16,0.95,0.132,0.825,0.3,53.87,-55.64,212.29,null,null
17,0.95,0.518,0.423,0.08,-14.34,-27.04,186.9,null,null
18,0.95,0.517,0.231,0.192,-51.67,9.09,169.62,null,null
19,0.95,0.646,-0.103,0.269,-46.17,2.14,131.35,null,null
0,0.95,0.879,-0.403,0.276,-8.61,-0.27,4.06,null,null
1,0.95,0.869,-0.409,0.268,-1.13,2.44,-2.56,null,null
2,0.95,0.885,-0.427,0.269,-5.19,-1.37,-0.55,null,null
3,0.95,0.962,-0.355,0.233,19.44,-4.06,-16.94,null,null
4,0.95,1.014,-0.116,0.184,24.02,-15.05,-9.83,null,null
5,0.95,0.807,0.027,0.17,59.11,-31.98,-12.97,null,null
6,0.95,0.361,0.11,0.038,76.85,-25.18,13.28,null,null
7,0.95,0.459,-0.194,0.232,118.44,64.18,9.0,null,null
8,0.95,0.5,-0.224,0.505,152.9,172.49,-31.71,null,null
9,0.95,-0.021,-0.509,1.231,75.59,275.67,-70.83,null,null
10,0.95,-0.281,-0.218,1.67,47.06,185.95,-86.64,null,null
11,0.95,-0.184,0.05,1.526,89.3,40.04,-167.0,null,null
12,0.95,-0.19,0.463,1.476,71.26,-53.25,-260.9,null,null
13,0.95,-0.115,0.566,1.297,38.61,-106.69,-261.85,null,null
14,0.95,0.053,0.793,1.141,26.43,-141.82,-160.41,null,null
15,0.95,0.162,0.968,1.104,55.06,-167.7,-37.35,null,null
16,0.95,0.198,0.961,0.904,82.25,-169.5,55.91,null,null
17,0.95,0.387,0.703,0.524,84.87,-148.01,122.01,null,null
18,0.95,0.597,0.422,0.154,63.69,-81.06,129.58,null,null
19,0.95,0.663,0.112,0.118,38.91,-38.39,120.46,null,null
0,0.95,0.919,-0.34,0.268,-3.48,-9.19,0.7,null,null
1,0.95,0.916,-0.31,0.239,-2.04,-9.4,-6.01,null,null
2,0.95,0.923,-0.246,0.238,-4.67,1.83,0.06,null,null
3,0.95,0.967,-0.215,0.243,18.04,1.28,-15.63,null,null
4,0.95,0.988,0.021,0.148,42.66,-5.19,-26.31,null,null
5,0.95,0.864,0.115,0.1,71.93,-19.96,-21.61,null,null
6,0.95,0.536,0.242,0.104,97.78,25.39,-22.49,null,null
7,0.95,0.263,-0.177,0.476,85.02,93.51,48.71,null,null
8,0.95,0.275,-0.447,0.691,59.69,165.26,16.39,null,null
9,0.95,0.035,-0.429,1.289,55.39,225.71,-74.95,null,null
10,0.95,-0.098,-0.086,1.722,35.16,157.29,-134.22,null,null
11,0.95,-0.399,0.203,1.399,52.95,50.6,-190.77,null,null
12,0.95,-0.408,0.357,1.294,55.06,-0.79,-231.67,null,null
13,0.95,-0.388,0.626,1.344,55.06,-64.46,-212.32,null,null
14,0.95,-0.296,0.709,1.325,70.35,-151.4,-141.48,null,null
15,0.95,-0.119,0.872,1.042,74.68,-198.77,-34.46,null,null
16,0.95,-0.009,0.877,0.983,68.27,-180.27,67.29,null,null
17,0.95,0.153,0.77,0.857,89.88,-137.0,101.11,null,null
18,0.95,0.482,0.371,0.281,70.44,-135.96,152.9,null,null
19,0.95,0.553,0.222,0.164,49.2,-60.76,119.39,null,null
0,0.95,0.934,-0.28,0.23,17.85,-4.94,-15.53,null,null
1,0.95,0.99,-0.282,0.212,36.56,-11.9,-25.7,null,null
2,0.95,0.968,-0.004,0.099,35.31,-19.47,-19.26,null,null
3,0.95,0.681,0.342,0.005,108.16,-2.11,-41.23,null,null
4,0.95,0.374,0.078,0.137,76.11,80.84,30.43,null,null
5,0.95,0.244,-0.266,0.444,82.4,126.29,-4.73,null,null
6,0.95,0.138,-0.244,0.834,72.66,225.14,-85.36,null,null
7,0.95,-0.369,0.097,1.654,-5.89,248.6,-128.88,null,null
8,0.95,-0.516,0.067,1.69,62.87,144.96,-207.65,null,null
9,0.95,-0.702,0.615,1.486,102.02,-32.65,-237.77,null,null
10,0.95,-0.545,0.841,1.448,116.89,-141.61,-175.42,null,null
11,0.95,-0.291,1.051,1.26,67.78,-201.06,-47.52,null,null
12,0.95,-0.132,1.19,0.979,69.09,-214.67,59.63,null,null
13,0.95,0.02,0.991,0.794,40.77,-182.96,146.76,null,null
14,0.95,0.369,0.516,0.438,21.09,-143.13,167.0,null,null
15,0.95,0.615,0.203,0.207,27.16,-106.57,126.87,null,null
16,0.95,0.547,0.056,0.175,22.95,-45.96,98.91,null,null
17,0.95,0.542,-0.112,0.215,43.03,-10.53,83.86,null,null
18,0.95,0.626,-0.272,0.142,9.13,-4.18,90.55,null,null
19,0.95,0.779,-0.549,0.157,24.54,18.28,56.18,null,null
0,0.95,0.707,-0.385,0.349,49.84,27.16,21.27,null,null
1,0.95,0.716,-0.374,0.532,17.3,50.2,31.25,null,null
2,0.95,0.494,-0.16,0.438,75.99,71.99,-16.63,null,null
3,0.95,0.103,-0.156,0.706,74.8,149.14,-53.04,null,null
4,0.95,-0.092,-0.032,0.834,93.05,186.07,-101.41,null,null
5,0.95,-0.329,0.049,1.27,84.17,160.5,-126.56,null,null
6,0.95,-0.694,0.311,1.276,69.7,197.0,-218.39,null,null
7,0.95,-0.979,0.562,1.526,87.56,-11.47,-215.49,null,null
8,0.95,-0.774,0.762,1.385,201.94,-132.63,-208.72,null,null
9,0.95,-0.613,0.958,1.021,220.19,-244.7,-128.94,null,null
10,0.95,-0.48,1.24,0.787,156.96,-220.56,5.68,null,null
11,0.95,-0.198,1.178,0.662,94.49,-154.12,132.11,null,null
12,0.95,0.122,0.919,0.424,68.27,-90.46,174.11,null,null
13,0.95,0.308,0.524,0.236,33.72,-49.53,186.68,null,null
14,0.95,0.581,0.154,0.173,11.63,-29.91,130.56,null,null
15,0.95,0.664,0.002,0.072,23.01,-23.1,85.02,null,null
16,0.95,0.74,-0.117,0.154,19.04,10.1,64.79,null,null
17,0.95,0.855,-0.295,0.184,-8.64,18.71,64.79,null,null
18,0.95,0.862,-0.318,0.302,6.93,38.61,28.02,null,null
19,0.95,0.877,-0.256,0.32,35.58,3.6,-0.64,null,null
0,0.95,0.991,0.003,0.198,-1.56,1.22,-1.98,null,null
1,0.95,0.983,0.037,0.214,2.01,-2.2,-6.16,null,null
2,0.95,1.068,0.161,0.152,17.73,-4.61,-17.0,null,null
3,0.95,0.76,0.499,-0.024,50.94,-8.42,-11.2,null,null
4,0.95,0.455,0.346,-0.112,44.5,75.41,79.35,null,null
5,0.95,0.266,-0.149,0.214,59.66,151.49,83.01,null,null
6,0.95,0.123,-0.499,0.864,68.21,226.33,8.09,null,null
7,0.95,-0.164,-0.367,1.48,145.7,171.42,-107.33,null,null
8,0.95,-0.417,0.094,1.808,21.94,226.2,-130.99,null,null
9,0.95,-0.597,0.528,1.475,90.55,26.34,-269.72,null,null
10,0.95,-0.428,0.556,1.273,46.08,-66.38,-183.02,null,null
11,0.95,-0.232,0.781,1.516,66.93,-147.31,-162.11,null,null
12,0.95,-0.312,1.265,1.07,119.97,-243.08,-91.53,null,null
13,0.95,-0.028,1.12,0.919,86.92,-196.42,86.25,null,null
14,0.95,0.108,0.888,0.621,57.28,-156.5,165.9,null,null
15,0.95,0.374,0.511,0.197,46.54,-103.7,144.17,null,null
16,0.95,0.451,0.185,0.086,34.24,-46.82,121.98,null,null
17,0.95,0.574,-0.001,0.115,30.3,22.0,97.81,null,null
18,0.95,0.55,-0.311,0.285,0.31,40.83,98.67,null,null
19,0.95,0.758,-0.581,0.245,36.29,-8.76,51.36,null,null
0,0.95,0.897,-0.281,0.327,11.66,-10.32,-13.18,null,null
1,0.95,0.942,-0.237,0.31,18.13,-8.39,-18.83,null,null
2,0.95,1.044,-0.029,0.301,35.25,-19.17,-29.42,null,null
3,0.95,0.828,0.299,0.173,66.38,-13.15,-13.25,null,null
4,0.95,0.452,0.203,0.085,77.58,15.41,36.74,null,null
5,0.95,0.308,-0.215,0.429,82.52,94.88,22.77,null,null
6,0.95,0.416,-0.256,0.53,117.53,165.9,-77.58,null,null
7,0.95,0.025,0.173,1.281,85.85,197.45,-156.53,null,null
8,0.95,-0.306,0.412,1.588,58.5,137.09,-175.02,null,null
9,0.95,-0.278,0.29,1.538,21.55,81.79,-185.0,null,null
10,0.95,-0.325,0.574,1.568,83.19,-36.07,-269.11,null,null
11,0.95,-0.231,0.829,1.31,103.95,-141.12,-163.79,null,null
12,0.95,-0.164,1.171,1.061,72.79,-195.84,-25.27,null,null
13,0.95,0.073,1.184,0.84,22.83,-176.89,121.62,null,null
14,0.95,0.28,0.809,0.685,42.97,-170.87,151.19,null,null
15,0.95,0.445,0.385,0.35,15.26,-108.28,150.33,null,null
16,0.95,0.613,0.071,0.159,17.55,-62.53,117.98,null,null
17,0.95,0.718,-0.074,0.108,-5.86,-21.36,98.7,null,null
18,0.95,0.7,-0.221,0.104,-10.59,-8.85,86.49,null,null
19,0.95,0.56,-0.228,0.156,-73.52,-0.85,93.39,null,null
0,0.95,0.598,-0.238,0.789,5.07,-2.11,-3.27,null,null
1,0.95,0.594,-0.165,0.794,-2.38,-1.07,-0.31,null,null
2,0.95,0.589,-0.322,0.843,-0.03,-3.42,-15.75,null,null
3,0.95,0.553,-0.458,0.851,-29.08,0.4,-25.73,null,null
4,0.95,0.517,-0.443,0.864,-49.56,-5.22,-55.36,null,null
5,0.95,0.493,-0.329,0.86,-66.65,-1.07,-81.51,null,null
6,0.95,0.468,-0.193,0.887,-59.66,2.26,-112.58,null,null
7,0.95,0.42,0.01,0.855,-51.76,-10.25,-122.62,null,null
8,0.95,0.473,0.062,0.811,-52.8,-0.61,-133.4,null,null
9,0.95,0.442,0.188,0.836,-38.21,-8.76,-135.93,null,null
10,0.95,0.446,0.336,0.799,-42.3,-10.77,-126.47,null,null
11,0.95,0.267,0.642,0.492,16.51,-64.97,-190.95,null,null
12,0.95,0.478,0.349,0.92,-69.73,-3.69,-51.7,null,null
13,0.95,0.503,0.48,0.806,-70.25,2.93,-29.39,null,null
14,0.95,0.548,0.453,0.788,-43.28,2.23,-32.07,null,null
15,0.95,0.55,0.462,0.803,-30.18,-6.68,-19.96,null,null
16,0.95,0.521,0.498,0.776,-12.94,-3.02,-20.63,null,null
17,0.95,0.535,0.479,0.825,-4.43,2.69,-1.8,null,null
18,0.95,0.527,0.344,0.778,9.09,-6.23,5.01,null,null
19,0.95,0.512,0.278,0.791,7.75,-3.75,10.01,null,null
0,0.95,0.659,-0.071,0.755,-2.47,-3.91,5.95,null,null
1,0.95,0.641,-0.055,0.721,0.37,-0.49,-5.43,null,null
2,0.95,0.672,-0.038,0.765,0.09,-4.49,-2.84,null,null
3,0.95,0.665,-0.133,0.79,-1.8,-4.82,-9.16,null,null
4,0.95,0.633,-0.24,0.828,-14.01,-5.95,-23.41,null,null
5,0.95,0.587,-0.282,0.827,-28.32,-12.33,-48.89,null,null
6,0.95,0.562,-0.216,0.806,-47.21,-8.48,-70.89,null,null
7,0.95,0.534,-0.157,0.796,-71.81,-13.15,-73.61,null,null
8,0.95,0.535,-0.132,0.884,-92.07,1.92,-83.07,null,null
9,0.95,0.492,0.129,0.849,-73.64,-8.0,-122.32,null,null
10,0.95,0.479,0.226,0.879,-75.47,-0.98,-116.28,null,null
11,0.95,0.458,0.076,1.029,-58.5,-21.97,-133.61,null,null
12,0.95,0.307,0.462,0.672,-28.81,-80.26,-186.1,null,null
13,0.95,0.503,0.429,0.92,-103.0,17.4,-58.9,null,null
14,0.95,0.55,0.54,0.728,-57.99,-10.22,-61.53,null,null
15,0.95,0.551,0.525,0.668,-25.67,-12.15,-66.81,null,null
16,0.95,0.493,0.556,0.642,-22.4,-9.22,-45.87,null,null
17,0.95,0.542,0.481,0.704,-18.37,1.25,-45.66,null,null
18,0.95,0.528,0.552,0.736,-14.62,5.34,-24.81,null,null
19,0.95,0.555,0.521,0.769,-9.89,5.01,-4.94,null,null
0,0.95,0.649,0.072,0.752,3.17,-1.43,-0.73,null,null
1,0.95,0.65,0.026,0.751,0.61,-5.86,0.34,null,null
2,0.95,0.631,-0.097,0.785,-11.29,-8.73,-6.38,null,null
3,0.95,0.619,-0.293,0.873,-17.3,-12.73,-45.01,null,null
4,0.95,0.565,-0.201,0.891,-44.8,-20.57,-65.68,null,null
5,0.95,0.521,-0.261,0.859,-102.02,-18.13,-51.06,null,null
6,0.95,0.476,0.097,0.99,-69.15,-10.86,-128.61,null,null
7,0.95,0.457,0.278,0.879,-57.34,-28.17,-124.88,null,null
8,0.95,0.431,0.37,0.783,-35.98,-39.83,-134.31,null,null
9,0.95,0.507,0.353,0.787,-73.03,-29.21,-99.92,null,null
10,0.95,0.394,0.326,0.812,-54.29,-59.79,-148.63,null,null
11,0.95,0.43,0.495,0.691,-89.14,-4.55,-84.2,null,null
12,0.95,0.43,0.564,0.711,-62.87,-11.84,-81.09,null,null
13,0.95,0.389,0.558,0.597,-48.07,-13.61,-77.24,null,null
14,0.95,0.246,0.673,0.652,80.11,-10.83,-190.53,null,null
15,0.95,0.201,0.905,0.782,-44.43,7.11,-75.72,null,null
16,0.95,0.235,0.878,0.68,-62.2,-8.94,2.04,null,null
17,0.95,0.289,0.802,0.702,-12.24,-11.54,10.32,null,null
18,0.95,0.28,0.67,0.704,-4.76,-3.66,20.87,null,null
19,0.95,0.29,0.591,0.706,6.07,-4.49,23.87,null,null
0,0.95,0.759,-0.055,0.633,14.5,-2.81,-7.39,null,null
1,0.95,0.76,-0.032,0.62,3.66,-2.23,-4.64,null,null
2,0.95,0.776,-0.119,0.682,-3.51,3.05,-3.45,null,null
3,0.95,0.746,-0.245,0.813,-24.26,-8.12,-11.54,null,null
4,0.95,0.674,-0.298,0.836,-46.72,-22.46,-44.71,null,null
5,0.95,0.667,-0.216,0.801,-67.02,-25.57,-80.87,null,null
6,0.95,0.644,-0.019,0.76,-92.17,-22.28,-100.1,null,null
7,0.95,0.606,0.174,0.753,-94.33,-21.55,-110.6,null,null
8,0.95,0.562,0.318,0.737,-88.35,-25.09,-112.49,null,null
9,0.95,0.574,0.439,0.639,-93.26,-35.28,-106.51,null,null
10,0.95,0.535,0.394,0.763,-107.58,-33.66,-103.0,null,null
11,0.95,0.524,0.579,0.604,-73.06,-43.73,-137.79,null,null
12,0.95,0.499,0.675,0.659,-70.1,-22.1,-89.94,null,null
13,0.95,0.58,0.63,0.675,-33.88,-5.58,-73.7,null,null
14,0.95,0.527,0.672,0.576,-36.62,-8.24,-46.21,null,null
15,0.95,0.556,0.666,0.543,-19.07,2.2,-33.51,null,null
16,0.95,0.591,0.637,0.595,-5.68,7.78,-25.64,null,null
17,0.95,0.562,0.622,0.641,4.21,16.75,-1.92,null,null
18,0.95,0.575,0.532,0.698,12.79,6.62,0.27,null,null
19,0.95,0.529,0.503,0.705,1.95,4.21,13.79,null,null
0,0.95,0.837,0.056,0.533,-1.71,-38.33,9.67,null,null
1,0.95,0.963,0.007,0.219,-31.65,-79.23,55.7,null,null
2,0.95,1.036,-0.408,-0.143,-32.99,-17.21,37.78,null,null
3,0.95,0.844,-0.221,0.72,-19.99,73.21,-82.06,null,null
4,0.95,0.764,0.058,1.21,-68.54,-2.08,-78.25,null,null
5,0.95,0.748,-0.076,0.832,-125.52,-46.85,-61.28,null,null
6,0.95,0.706,0.183,0.699,-129.43,-45.44,-98.12,null,null
7,0.95,0.626,0.461,0.583,-116.12,-50.63,-101.44,null,null
8,0.95,0.497,0.568,0.495,-88.75,-60.85,-105.66,null,null
9,0.95,0.567,0.891,0.28,-72.63,-30.58,-69.89,null,null
10,0.95,0.749,0.764,0.386,-21.3,0.03,-67.32,null,null
11,0.95,0.739,0.835,0.407,-38.58,-27.83,-21.73,null,null
12,0.95,0.776,0.689,-0.002,-6.74,-70.01,-10.59,null,null
13,0.95,0.923,0.553,0.005,1.5,6.07,7.08,null,null
14,0.95,0.82,0.542,0.235,9.61,8.24,1.31,null,null
15,0.95,0.757,0.52,0.305,-0.98,0.03,15.2,null,null
16,0.95,0.784,0.475,0.261,5.77,4.39,7.32,null,null
17,0.95,0.811,0.513,0.312,13.7,7.84,-2.75,null,null
18,0.95,0.804,0.517,0.314,10.56,9.46,-0.67,null,null
19,0.95,0.782,0.504,0.259,6.59,3.54,1.25,null,null
0,0.95,0.85,-0.017,0.539,3.2,3.57,1.77,null,null
1,0.95,0.856,-0.008,0.532,4.21,-0.98,-2.01,null,null
2,0.95,0.858,-0.176,0.553,-5.34,2.96,0.67,null,null
3,0.95,0.808,-0.337,0.641,-32.65,-5.55,-24.26,null,null
4,0.95,0.76,-0.268,0.702,-47.15,-11.08,-84.23,null,null
5,0.95,0.688,-0.006,0.714,-65.65,-21.85,-110.2,null,null
6,0.95,0.665,0.181,0.678,-80.87,-23.71,-112.77,null,null
7,0.95,0.614,0.426,0.777,-85.39,-45.53,-107.21,null,null
8,0.95,0.598,0.523,0.661,-65.22,-57.34,-109.47,null,null
9,0.95,0.605,0.552,0.468,-46.11,-67.51,-96.07,null,null
10,0.95,0.54,0.716,0.423,-81.24,-41.26,-46.14,null,null
11,0.95,0.703,0.556,0.541,-100.16,-32.11,-20.42,null,null
12,0.95,0.604,0.715,0.51,-95.37,-23.22,-15.72,null,null
13,0.95,0.642,0.669,0.47,-49.96,-4.27,-22.34,null,null
14,0.95,0.49,0.68,0.382,-27.99,13.09,-28.05,null,null
15,0.95,0.839,0.449,0.594,-26.86,26.25,-4.27,null,null
16,0.95,0.755,0.622,0.627,-3.75,7.11,-6.78,null,null
17,0.95,0.716,0.425,0.682,-2.99,-7.6,14.22,null,null
18,0.95,0.605,0.415,0.589,16.88,-9.89,-0.98,null,null
19,0.95,0.617,0.371,0.642,5.95,-4.03,9.95,null,null
0,0.95,0.857,-0.078,0.529,-1.68,3.63,1.77,null,null
1,0.95,0.85,-0.047,0.534,-5.4,6.87,4.58,null,null
2,0.95,0.826,-0.075,0.54,-2.62,3.17,4.64,null,null
3,0.95,0.846,-0.285,0.629,-14.13,4.88,-9.77,null,null
4,0.95,0.781,-0.308,0.667,-27.89,-5.01,-47.21,null,null
5,0.95,0.744,-0.303,0.672,-56.52,-14.65,-72.97,null,null
6,0.95,0.703,-0.031,0.698,-68.76,-17.27,-111.45,null,null
7,0.95,0.703,0.226,0.749,-84.02,-27.13,-103.15,null,null
8,0.95,0.675,0.36,0.696,-85.15,-34.85,-91.25,null,null
9,0.95,0.654,0.464,0.635,-74.01,-43.98,-85.7,null,null
10,0.95,0.65,0.545,0.527,-81.97,-50.42,-65.55,null,null
11,0.95,0.668,0.595,0.361,-43.52,-38.42,-68.73,null,null
12,0.95,0.664,0.736,0.342,-66.29,-14.98,-44.83,null,null
13,0.95,0.719,0.625,0.394,-26.28,-14.89,-55.94,null,null
14,0.95,0.599,0.729,0.402,-32.99,-20.66,-48.1,null,null
15,0.95,0.658,0.695,0.209,-38.97,-20.42,-9.13,null,null
16,0.95,0.796,0.575,0.341,-21.21,18.89,-12.67,null,null
17,0.95,0.779,0.644,0.404,5.65,30.95,-17.03,null,null
18,0.95,0.726,0.666,0.476,9.31,11.02,0.55,null,null
19,0.95,0.688,0.53,0.483,16.66,5.01,3.51,null,null
0,0.95,0.833,0.155,0.535,5.52,2.44,-0.4,null,null
1,0.95,0.841,0.163,0.545,0.21,5.98,2.72,null,null
2,0.95,0.815,0.073,0.583,-7.63,-0.76,6.99,null,null
3,0.95,0.811,-0.05,0.605,-10.28,-5.01,-18.4,null,null
4,0.95,0.811,-0.02,0.671,-38.27,-19.96,-25.97,null,null
5,0.95,0.762,-0.048,0.706,-54.9,-29.21,-43.49,null,null
6,0.95,0.704,0.125,0.63,-48.89,-36.77,-68.09,null,null
7,0.95,0.712,0.171,0.721,-75.62,-27.62,-73.31,null,null
8,0.95,0.657,0.334,0.787,-71.63,-45.99,-92.35,null,null
9,0.95,0.586,0.449,0.701,-60.88,-56.64,-104.74,null,null
10,0.95,0.578,0.56,0.553,-63.11,-78.28,-94.67,null,null
11,0.95,0.605,0.667,0.284,-57.89,-59.85,-75.93,null,null
12,0.95,0.659,0.668,0.393,-92.96,-16.79,-31.4,null,null
13,0.95,0.613,0.79,0.428,-52.67,-23.56,-44.56,null,null
14,0.95,0.676,0.705,0.515,-30.49,-16.82,-26.73,null,null
15,0.95,0.651,0.693,0.274,27.07,-33.2,-68.91,null,null
16,0.95,0.689,0.817,0.129,29.54,-27.53,-67.32,null,null
17,0.95,0.56,0.86,0.081,5.55,-31.68,-31.65,null,null
18,0.95,0.532,0.867,0.105,14.98,12.33,-22.4,null,null
19,0.95,0.533,0.848,0.153,2.56,9.67,3.02,null,null
0,0.95,0.801,0.08,0.522,1.01,-1.8,3.42,null,null
1,0.95,0.85,-0.037,0.527,-2.78,-6.87,3.72,null,null
2,0.95,0.84,-0.1,0.663,-0.55,-11.35,-8.39,null,null
3,0.95,0.836,-0.362,0.751,-19.44,-30.4,-43.43,null,null
4,0.95,0.802,-0.245,0.701,-61.89,-46.69,-97.05,null,null
5,0.95,0.682,0.067,0.678,-90.58,-60.82,-129.76,null,null
6,0.95,0.631,0.492,0.579,-100.25,-72.42,-115.54,null,null
7,0.95,0.568,0.622,0.468,-66.87,-59.82,-89.82,null,null
8,0.95,0.493,0.653,0.36,-19.75,-33.94,-94.12,null,null
9,0.95,0.607,0.651,0.337,-36.87,-41.99,-97.05,null,null
10,0.95,0.593,0.812,0.135,-0.58,-45.63,-115.82,null,null
11,0.95,0.595,0.832,0.319,7.23,6.84,-74.25,null,null
12,0.95,0.597,0.817,0.244,-42.02,-55.54,-35.46,null,null
13,0.95,0.532,0.889,0.065,-35.95,-30.46,-34.09,null,null
14,0.95,0.477,0.953,0.295,27.95,-11.14,-51.03,null,null
15,0.95,0.47,0.879,0.213,-6.07,-2.93,17.94,null,null
16,0.95,0.486,0.816,0.28,18.07,-3.02,5.28,null,null
17,0.95,0.459,0.811,0.26,17.3,8.67,5.37,null,null
18,0.95,0.492,0.808,0.245,26.43,26.83,9.89,null,null
19,0.95,0.495,0.851,0.212,22.92,25.48,5.68,null,null
0,0.95,0.625,-0.08,0.761,-15.87,-4.55,28.47,null,null
1,0.95,0.655,0.002,0.791,-2.81,-0.64,-2.47,null,null
2,0.95,0.648,-0.105,0.797,8.36,-9.03,-11.54,null,null
3,0.95,0.669,-0.411,0.826,-16.75,-12.39,-13.95,null,null
4,0.95,0.591,-0.412,0.904,-33.78,-13.55,-95.8,null,null
5,0.95,0.497,-0.219,0.977,-51.91,-22.95,-137.64,null,null
6,0.95,0.306,0.178,1.014,-33.57,-55.18,-211.16,null,null
7,0.95,0.263,0.587,0.924,-75.29,-80.97,-119.21,null,null
8,0.95,0.321,0.7,0.787,-78.22,-78.74,-90.27,null,null
9,0.95,0.256,0.751,0.765,-35.89,-84.14,-106.14,null,null
10,0.95,0.471,0.73,0.456,-78.01,-67.32,-29.85,null,null
11,0.95,0.481,1.096,0.421,-47.03,-59.3,-21.97,null,null
12,0.95,0.519,0.842,0.341,-1.89,-85.09,-38.12,null,null
13,0.95,0.701,0.761,-0.174,-32.81,-81.15,31.59,null,null
14,0.95,0.824,0.638,-0.049,2.41,-17.88,1.92,null,null
15,0.95,0.813,0.627,0.056,9.37,17.33,14.62,null,null
16,0.95,0.831,0.554,0.292,19.47,14.22,11.99,null,null
17,0.95,0.769,0.509,0.203,17.55,0.67,8.73,null,null
18,0.95,0.799,0.522,0.25,17.82,6.81,3.11,null,null
19,0.95,0.799,0.556,0.208,22.06,8.09,-0.18,null,null
0,0.95,0.778,-0.037,0.57,-2.44,1.74,8.73,null,null
1,0.95,0.814,-0.079,0.633,-9.09,5.22,7.02,null,null
2,0.95,0.788,0.003,0.647,7.93,-2.2,-10.04,null,null
3,0.95,0.795,-0.09,0.577,0.79,-6.65,-0.27,null,null
4,0.95,0.788,-0.351,0.673,-34.64,1.68,-7.14,null,null
5,0.95,0.748,-0.304,0.714,-40.19,-10.07,-53.8,null,null
6,0.95,0.724,-0.149,0.728,-54.75,-13.4,-84.44,null,null
7,0.95,0.694,0.042,0.778,-61.4,-22.4,-100.5,null,null
8,0.95,0.707,0.159,0.735,-81.18,-40.31,-82.74,null,null
9,0.95,0.761,0.259,0.639,-90.88,-48.71,-72.27,null,null
10,0.95,0.77,0.436,0.508,-84.57,-79.62,-59.94,null,null
11,0.95,0.745,0.454,0.411,-71.87,-68.06,-60.98,null,null
12,0.95,0.718,0.474,0.274,-58.38,-57.56,-65.55,null,null
13,0.95,0.713,0.697,0.13,-61.01,-39.34,-46.94,null,null
14,0.95,0.868,0.515,0.211,-64.03,-17.7,-35.46,null,null
15,0.95,0.737,0.704,0.243,-46.66,-26.58,-53.96,null,null
16,0.95,0.611,0.788,0.161,-23.56,-7.26,-9.37,null,null
17,0.95,0.839,0.611,0.136,-4.85,15.44,6.29,null,null
18,0.95,0.913,0.549,0.274,2.47,14.19,9.89,null,null
19,0.95,0.856,0.55,0.329,9.49,2.14,2.11,null,null
0,0.95,0.769,0.222,0.586,8.48,16.69,8.12,null,null
1,0.95,0.795,0.171,0.635,11.38,4.36,1.8,null,null
2,0.95,0.805,0.091,0.657,-10.59,-8.91,14.44,null,null
3,0.95,0.787,-0.052,0.774,-23.59,-15.02,-22.16,null,null
4,0.95,0.749,-0.012,0.766,-34.36,-36.35,-53.93,null,null
5,0.95,0.72,0.032,0.75,-50.51,-35.98,-79.96,null,null
6,0.95,0.631,0.237,0.631,-74.86,-54.48,-106.3,null,null
7,0.95,0.599,0.512,0.599,-81.45,-89.24,-109.2,null,null
8,0.95,0.643,0.678,0.497,-81.82,-93.17,-85.85,null,null
9,0.95,0.704,0.675,0.399,-85.33,-75.81,-48.62,null,null
10,0.95,0.673,0.615,0.328,-81.09,-60.91,-40.8,null,null
11,0.95,0.656,0.633,0.271,-79.13,-63.33,-38.79,null,null
12,0.95,0.702,0.729,0.137,-73.03,-58.17,-27.31,null,null
13,0.95,0.554,0.847,0.049,-19.47,-25.15,-49.65,null,null
14,0.95,0.597,0.893,0.125,-22.58,-6.65,-4.03,null,null
15,0.95,0.908,0.628,0.122,-42.12,-17.27,27.74,null,null
16,0.95,0.769,0.628,0.269,8.91,4.33,-1.71,null,null
17,0.95,0.678,0.679,0.153,16.39,-10.47,-3.69,null,null
18,0.95,0.669,0.673,0.118,10.93,3.66,0.03,null,null
19,0.95,0.713,0.648,0.152,3.39,16.17,4.79,null,null
0,0.95,0.798,0.135,0.55,2.93,-0.95,-4.67,null,null
1,0.95,0.805,0.091,0.573,-5.55,1.65,0.89,null,null
2,0.95,0.827,-0.019,0.647,-8.58,0.95,-11.51,null,null
3,0.95,0.758,-0.177,0.775,-27.77,-25.21,-43.73,null,null
4,0.95,0.693,-0.003,0.783,-60.95,-38.09,-75.26,null,null
5,0.95,0.715,0.168,0.777,-80.14,-67.54,-132.08,null,null
6,0.95,0.623,0.561,0.555,-64.0,-82.95,-137.18,null,null
7,0.95,0.538,0.791,0.438,-66.87,-85.27,-98.18,null,null
8,0.95,0.513,0.778,0.3,-41.54,-86.76,-86.18,null,null
9,0.95,0.396,0.759,0.125,30.85,-84.32,-126.13,null,null
10,0.95,0.332,0.955,0.043,-65.31,-101.75,-65.03,null,null
11,0.95,0.384,1.097,-0.104,-22.0,-52.55,-69.86,null,null
12,0.95,0.302,1.16,0.007,-21.36,-41.29,-10.47,null,null
13,0.95,0.315,0.995,-0.116,21.12,-32.01,-6.23,null,null
14,0.95,0.271,0.974,-0.058,11.81,15.2,4.06,null,null
15,0.95,0.343,0.906,0.005,-8.48,13.46,22.31,null,null
16,0.95,0.391,0.901,0.038,14.89,21.94,0.09,null,null
17,0.95,0.42,0.95,0.089,6.87,21.39,4.61,null,null
18,0.95,0.438,0.904,0.113,-0.76,7.75,9.25,null,null
19,0.95,0.416,0.899,0.074,4.76,-0.58,7.14,null,null
0,0.95,0.85,-0.108,0.556,-12.91,-3.6,-12.39,null,null
1,0.95,0.851,-0.221,0.633,-28.47,-12.63,-28.78,null,null
2,0.95,0.831,-0.194,0.651,-53.8,-26.09,-74.53,null,null
3,0.95,0.79,-0.087,0.582,-91.62,-39.83,-101.32,null,null
4,0.95,0.724,0.268,0.68,-91.01,-40.77,-140.57,null,null
5,0.95,0.66,0.533,0.587,-92.53,-62.75,-114.93,null,null
6,0.95,0.656,0.561,0.489,-98.06,-64.76,-72.33,null,null
7,0.95,0.684,0.551,0.387,-55.42,-58.93,-85.3,null,null
8,0.95,0.573,0.718,0.269,-18.52,-49.04,-106.97,null,null
9,0.95,0.541,0.824,0.323,-54.08,-22.77,-59.45,null,null
10,0.95,0.542,0.936,0.219,-44.89,-49.9,-27.04,null,null
11,0.95,0.542,0.832,0.19,-1.53,-31.5,-21.55,null,null
12,0.95,0.585,0.826,0.145,-12.05,-19.53,-2.78,null,null
13,0.95,0.638,0.812,0.17,3.54,1.43,-4.7,null,null
14,0.95,0.673,0.741,0.193,-0.82,1.71,8.51,null,null
15,0.95,0.622,0.715,0.246,0.37,-2.9,4.03,null,null
16,0.95,0.606,0.73,0.216,5.71,5.68,2.53,null,null
17,0.95,0.645,0.725,0.269,0.34,8.09,2.32,null,null
18,0.95,0.647,0.726,0.287,5.74,4.73,-3.66,null,null
19,0.95,0.662,0.707,0.245,1.13,-3.94,7.23,null,null
0,0.95,0.513,0.063,0.851,8.55,-7.23,-9.92,null,null
1,0.95,0.526,0.105,0.838,10.96,-10.56,-13.52,null,null
2,0.95,0.555,0.265,0.855,-12.18,-2.32,17.37,null,null
3,0.95,0.549,0.452,0.855,20.36,-6.59,29.79,null,null
4,0.95,0.49,0.431,0.857,23.56,-13.0,94.7,null,null
5,0.95,0.44,0.2,0.914,48.16,-21.18,126.8,null,null
6,0.95,0.434,0.125,0.906,77.36,-20.87,122.14,null,null
7,0.95,0.398,0.016,0.899,83.5,-23.56,133.82,null,null
8,0.95,0.469,-0.072,0.859,101.08,-29.54,128.15,null,null
9,0.95,0.47,-0.17,0.881,91.34,-27.28,114.72,null,null
10,0.95,0.487,-0.213,0.814,74.28,-26.55,112.13,null,null
11,0.95,0.489,-0.258,0.768,51.64,-4.97,88.63,null,null
12,0.95,0.613,-0.477,0.74,33.54,-10.83,87.41,null,null
13,0.95,0.638,-0.469,0.765,30.82,0.09,24.48,null,null
14,0.95,0.589,-0.337,0.782,11.84,0.89,-7.93,null,null
15,0.95,0.625,-0.202,0.783,-10.86,7.14,-5.28,null,null
16,0.95,0.643,-0.189,0.781,-7.81,-0.06,-13.37,null,null
17,0.95,0.637,-0.182,0.726,-10.96,-7.75,-11.6,null,null
18,0.95,0.625,-0.193,0.752,-6.96,4.64,-17.3,null,null
19,0.95,0.606,-0.194,0.78,-8.45,-0.92,-17.06,null,null
0,0.95,0.797,0.418,0.453,2.01,-4.36,2.47,null,null
1,0.95,0.797,0.406,0.441,-0.61,-1.83,-0.49,null,null
2,0.95,0.83,0.401,0.382,3.85,-4.12,-3.72,null,null
3,0.95,0.898,0.714,-0.032,34.58,-6.2,1.4,null,null
4,0.95,0.798,0.759,0.169,53.59,18.37,79.29,null,null
5,0.95,0.739,0.676,0.461,105.04,36.93,70.89,null,null
6,0.95,0.681,0.605,0.573,101.93,54.48,98.54,null,null
7,0.95,0.574,0.737,0.578,152.38,79.01,86.95,null,null
8,0.95,0.62,0.135,0.817,51.97,55.12,151.52,null,null
9,0.95,0.569,0.05,0.87,67.42,3.78,105.53,null,null
10,0.95,0.605,0.075,0.628,93.05,-1.43,81.67,null,null
11,0.95,0.551,-0.025,0.68,73.82,20.97,101.57,null,null
12,0.95,0.659,-0.445,0.812,57.44,6.53,88.41,null,null
13,0.95,0.751,-0.407,0.668,39.98,-16.17,40.8,null,null
14,0.95,0.788,-0.234,0.591,15.72,1.92,9.83,null,null
15,0.95,0.725,-0.167,0.677,-0.73,-2.84,0.4,null,null
16,0.95,0.742,-0.129,0.581,11.81,-6.07,-15.9,null,null
17,0.95,0.795,-0.118,0.618,-0.49,-0.67,-4.52,null,null
18,0.95,0.769,-0.092,0.633,-6.32,4.27,-7.57,null,null
19,0.95,0.755,-0.153,0.653,-13.15,-0.49,-6.65,null,null
0,0.95,0.427,0.509,0.8,-2.44,3.3,-1.5,null,null
1,0.95,0.479,0.5,0.777,-3.14,0.43,2.14,null,null
2,0.95,0.3,0.86,0.663,13.89,3.78,0.43,null,null
3,0.95,0.042,1.214,0.565,26.7,21.7,74.31,null,null
4,0.95,0.045,1.004,0.816,71.26,41.87,122.75,null,null
5,0.95,0.057,0.6,0.959,93.02,42.73,160.89,null,null
6,0.95,0.106,0.442,1.025,109.74,51.64,155.28,null,null
7,0.95,0.002,0.548,1.077,87.22,94.15,153.97,null,null
8,0.95,0.14,0.216,1.021,108.52,53.9,144.11,null,null
9,0.95,0.217,0.193,1.098,96.9,69.37,133.49,null,null
10,0.95,0.229,0.15,1.122,68.21,57.04,172.19,null,null
11,0.95,0.207,-0.049,1.133,12.09,4.52,232.18,null,null
12,0.95,0.373,-0.33,1.065,46.27,-16.48,190.95,null,null
13,0.95,0.41,-0.413,0.91,82.74,-44.68,135.35,null,null
14,0.95,0.394,-0.333,0.944,107.88,-51.39,112.43,null,null
15,0.95,0.394,-0.384,0.793,79.9,-58.99,127.78,null,null
16,0.95,0.487,-0.434,0.71,84.75,-30.0,86.0,null,null
17,0.95,0.515,-0.525,0.705,51.94,-12.42,70.89,null,null
18,0.95,0.544,-0.563,0.749,53.44,2.47,9.06,null,null
19,0.95,0.563,-0.299,0.813,49.65,8.97,-36.04,null,null
0,0.95,0.509,0.17,0.667,-28.93,-24.84,18.65,null,null
1,0.95,0.578,0.346,0.707,29.79,1.01,-41.57,null,null
2,0.95,0.596,0.376,0.712,4.7,0.0,2.69,null,null
3,0.95,0.425,0.777,0.682,-12.88,21.09,12.97,null,null
4,0.95,0.254,1.348,0.602,98.48,-11.05,36.56,null,null
5,0.95,0.141,1.084,0.709,143.07,29.94,101.41,null,null
6,0.95,0.0,0.929,0.893,172.34,71.6,111.88,null,null
7,0.95,-0.131,0.576,1.303,152.41,78.68,243.93,null,null
8,0.95,0.021,0.348,1.345,193.95,71.47,146.86,null,null
9,0.95,0.107,0.128,1.365,156.83,85.6,181.55,null,null
10,0.95,0.317,-0.012,1.311,97.81,64.27,223.79,null,null
11,0.95,0.288,-0.327,1.225,60.49,1.5,240.39,null,null
12,0.95,0.266,-0.356,1.139,87.77,-38.85,195.23,null,null
13,0.95,0.17,-0.53,1.013,109.68,-57.8,175.6,null,null
14,0.95,0.27,-0.67,0.847,112.58,-54.26,142.19,null,null
15,0.95,0.414,-0.798,0.763,89.42,-50.84,103.7,null,null
16,0.95,0.444,-0.787,0.645,66.93,-30.37,41.17,null,null
17,0.95,0.498,-0.622,0.633,37.84,-9.43,-14.04,null,null
18,0.95,0.576,-0.347,0.718,1.34,5.55,-17.03,null,null
19,0.95,0.601,-0.291,0.762,16.63,0.79,-19.38,null,null
0,0.95,0.566,0.419,0.74,-16.45,1.46,14.83,null,null
1,0.95,0.587,0.389,0.696,-9.95,-8.97,13.0,null,null
2,0.95,0.564,0.41,0.734,17.27,1.89,-15.99,null,null
3,0.95,0.483,0.811,0.68,-2.84,6.38,33.75,null,null
4,0.95,0.507,0.67,0.68,48.22,-0.73,27.5,null,null
5,0.95,0.414,0.711,0.669,60.91,10.25,81.91,null,null
6,0.95,0.24,0.921,0.599,46.11,43.03,129.86,null,null
7,0.95,0.379,0.443,0.843,108.83,25.91,131.14,null,null
8,0.95,0.412,0.258,0.883,128.51,31.8,117.56,null,null
9,0.95,0.47,0.136,0.964,122.68,40.38,100.99,null,null
10,0.95,0.446,0.227,0.902,85.21,49.5,97.48,null,null
11,0.95,0.506,0.214,0.929,68.39,39.49,116.21,null,null
12,0.95,0.474,0.179,0.839,78.25,30.09,90.49,null,null
13,0.95,0.502,0.087,0.87,83.86,26.09,79.65,null,null
14,0.95,0.46,0.22,0.982,66.44,32.53,110.45,null,null
15,0.95,0.504,-0.168,0.878,38.48,11.14,150.7,null,null
16,0.95,0.499,-0.454,0.826,49.41,-12.42,89.94,null,null
17,0.95,0.531,-0.519,0.779,8.06,1.83,62.47,null,null
18,0.95,0.626,-0.25,0.775,8.58,14.92,-9.89,null,null
19,0.95,0.643,-0.079,0.848,16.72,3.3,-26.83,null,null
0,0.95,0.032,0.791,0.449,-71.23,-19.96,99.89,null,null
1,0.95,0.201,0.692,0.541,-61.68,-14.44,82.19,null,null
2,0.95,0.307,0.743,0.452,-43.67,-7.75,66.38,null,null
3,0.95,0.283,1.003,0.638,43.34,26.8,2.69,null,null
4,0.95,0.074,1.075,0.538,37.6,43.76,72.39,null,null
5,0.95,0.132,0.791,0.64,18.46,44.95,145.48,null,null
6,0.95,0.205,0.695,0.714,34.58,64.3,163.4,null,null
7,0.95,0.243,0.461,0.846,83.04,57.28,142.92,null,null
8,0.95,0.267,0.39,0.873,82.92,54.87,129.34,null,null
9,0.95,0.252,0.398,0.949,63.81,65.03,134.4,null,null
10,0.95,0.362,0.388,1.004,43.06,68.21,163.34,null,null
11,0.95,0.315,0.056,1.066,62.11,30.52,160.62,null,null
12,0.95,0.339,0.008,0.971,55.18,16.6,135.47,null,null
13,0.95,0.329,0.009,0.931,48.55,8.3,142.37,null,null
14,0.95,0.281,-0.044,0.916,54.6,8.27,145.33,null,null
15,0.95,0.37,-0.087,0.953,77.94,-7.14,144.84,null,null
16,0.95,0.319,-0.372,1.032,49.23,-23.74,158.42,null,null
17,0.95,0.339,-0.441,0.963,48.8,-20.08,117.34,null,null
18,0.95,0.267,-0.384,0.794,37.08,-17.76,75.41,null,null
19,0.95,0.311,-0.553,0.862,1.25,17.24,92.5,null,null
0,0.95,0.018,0.747,0.646,-8.21,16.14,43.92,null,null
1,0.95,-0.042,0.896,0.477,31.25,20.48,8.55,null,null
2,0.95,-0.113,1.038,0.435,6.38,35.62,66.62,null,null
3,0.95,-0.223,1.058,0.487,17.67,66.77,105.59,null,null
4,0.95,-0.255,0.896,0.71,12.67,89.63,172.89,null,null
5,0.95,-0.297,0.696,0.928,24.45,113.9,188.94,null,null
6,0.95,-0.129,0.519,0.924,56.67,93.36,173.01,null,null
7,0.95,-0.025,0.425,0.947,62.11,79.13,153.26,null,null
8,0.95,0.069,0.362,1.056,26.52,85.85,177.4,null,null
9,0.95,0.105,0.174,1.076,-5.92,66.41,220.04,null,null
10,0.95,0.133,0.025,1.056,21.21,47.98,185.8,null,null
11,0.95,0.157,-0.109,1.024,19.04,25.76,155.98,null,null
12,0.95,0.22,-0.103,1.067,40.44,20.42,131.41,null,null
13,0.95,0.32,-0.074,1.116,112.8,-26.46,71.54,null,null
14,0.95,0.34,-0.044,0.908,80.78,-17.82,86.4,null,null
15,0.95,0.39,-0.172,0.953,55.42,-1.71,80.42,null,null
16,0.95,0.317,-0.247,1.023,38.7,2.35,41.78,null,null
17,0.95,0.538,-0.147,0.776,19.62,-10.62,16.51,null,null
18,0.95,0.574,-0.003,0.919,3.33,13.7,-3.81,null,null
19,0.95,0.499,0.203,0.907,34.3,-7.35,-42.6,null,null
0,0.95,0.356,0.542,0.809,-22.83,15.26,14.19,null,null
1,0.95,0.313,0.652,0.741,9.92,1.43,8.61,null,null
2,0.95,0.338,0.831,0.725,6.62,28.78,48.43,null,null
3,0.95,0.328,0.898,0.755,30.24,-3.6,53.16,null,null
4,0.95,0.133,0.954,0.668,29.05,17.94,132.97,null,null
5,0.95,0.021,0.644,0.794,61.65,23.71,160.8,null,null
6,0.95,0.099,0.217,1.056,40.22,42.94,200.51,null,null
7,0.95,0.288,0.084,0.95,86.37,18.22,137.12,null,null
8,0.95,0.286,0.183,0.923,75.56,25.85,131.14,null,null
9,0.95,0.284,0.043,0.986,29.6,35.62,178.72,null,null
10,0.95,0.297,0.011,0.947,48.89,3.63,132.91,null,null
11,0.95,0.261,-0.077,0.965,57.22,-10.47,142.77,null,null
12,0.95,0.286,-0.006,0.954,73.21,-15.63,133.34,null,null
13,0.95,0.459,-0.353,1.099,44.43,-26.18,172.28,null,null
14,0.95,0.434,-0.195,0.912,130.59,-38.36,32.35,null,null
15,0.95,0.389,-0.058,0.841,115.27,-21.49,61.65,null,null
16,0.95,0.451,-0.124,0.721,114.54,17.55,68.03,null,null
17,0.95,0.522,-0.014,1.069,23.32,46.14,119.48,null,null
18,0.95,0.502,-0.225,0.984,30.92,1.62,59.79,null,null
19,0.95,0.511,-0.236,0.846,25.3,0.18,-8.3,null,null
0,0.95,-0.239,0.792,-0.17,-58.32,-121.52,-140.93,null,null
1,0.95,-0.645,1.186,0.513,-289.5,-65.61,-37.26,null,null
2,0.95,-0.01,1.47,0.021,-61.59,35.07,75.5,null,null
3,0.95,-0.074,1.143,0.456,-30.0,43.61,85.15,null,null
4,0.95,-0.095,1.379,0.383,3.81,46.97,98.54,null,null
5,0.95,-0.245,1.128,0.482,-19.26,69.7,187.57,null,null
6,0.95,-0.044,0.592,0.724,51.58,65.61,192.45,null,null
7,0.95,0.064,0.425,0.755,67.05,70.35,141.82,null,null
8,0.95,0.145,0.583,0.871,69.52,84.26,106.72,null,null
9,0.95,0.125,0.595,0.894,62.75,84.26,136.97,null,null
10,0.95,0.241,0.488,0.939,52.71,85.45,147.19,null,null
11,0.95,0.291,0.344,0.838,43.79,100.44,181.43,null,null
12,0.95,0.405,0.02,1.1,35.65,73.21,194.49,null,null
13,0.95,0.438,0.069,0.948,86.46,13.7,82.98,null,null
14,0.95,0.366,0.29,0.852,115.67,8.61,65.86,null,null
15,0.95,0.29,0.203,0.86,115.63,22.95,85.79,null,null
16,0.95,0.575,0.07,0.864,60.03,48.52,91.13,null,null
17,0.95,0.584,0.061,0.856,43.61,39.95,46.39,null,null
18,0.95,0.596,-0.067,1.045,19.71,29.42,25.76,null,null
19,0.95,0.617,0.094,0.936,8.03,-2.17,-5.31,null,null
0,0.95,-0.228,0.462,0.66,-175.63,105.38,-119.66,null,null
1,0.95,0.186,1.19,0.721,-31.59,-52.19,-36.84,null,null
2,0.95,0.115,0.72,0.946,23.29,10.83,12.36,null,null
3,0.95,-0.016,1.295,0.762,29.79,12.21,31.37,null,null
4,0.95,-0.21,0.987,0.677,40.13,24.81,110.69,null,null
5,0.95,-0.281,0.996,0.545,36.13,41.2,173.68,null,null
6,0.95,-0.317,0.612,0.811,12.48,70.16,267.71,null,null
7,0.95,-0.141,0.349,0.931,92.99,70.07,178.78,null,null
8,0.95,-0.04,0.249,1.064,71.32,79.32,150.7,null,null
9,0.95,-0.067,0.224,0.982,91.1,66.84,111.61,null,null
10,0.95,-0.201,0.408,0.836,47.46,82.28,128.18,null,null
11,0.95,0.0,0.409,1.032,15.9,77.43,155.67,null,null
12,0.95,0.094,0.288,1.136,54.08,50.14,203.92,null,null
13,0.95,0.175,0.063,1.204,40.65,12.79,209.08,null,null
14,0.95,0.199,0.051,1.057,81.73,-25.33,123.29,null,null
15,0.95,0.372,-0.068,0.973,65.8,-23.99,136.27,null,null
16,0.95,0.444,-0.444,0.876,21.67,-31.59,100.07,null,null
17,0.95,0.387,0.043,0.835,-49.93,16.66,60.12,null,null
18,0.95,0.603,-0.593,0.664,-12.91,-0.27,64.52,null,null
19,0.95,0.635,-0.523,0.882,-1.95,20.66,-1.5,null,null
0,0.95,0.519,-0.246,0.702,-19.38,106.69,-54.38,null,null
1,0.95,0.777,-0.015,1.047,15.08,16.79,-26.52,null,null
2,0.95,0.572,0.002,0.542,44.59,-5.16,-33.11,null,null
3,0.95,0.76,0.629,1.08,25.97,25.76,2.72,null,null
4,0.95,0.526,0.474,1.014,68.61,-23.04,76.3,null,null
5,0.95,0.366,0.271,0.992,108.28,-23.07,104.77,null,null
6,0.95,0.299,0.111,1.026,111.18,-18.56,131.32,null,null
7,0.95,0.302,0.034,1.033,132.15,-7.87,111.48,null,null
8,0.95,0.367,0.142,1.166,152.04,7.75,106.14,null,null
9,0.95,0.282,-0.034,1.024,110.75,-9.0,176.61,null,null
10,0.95,0.294,-0.241,0.937,30.98,3.33,218.57,null,null
11,0.95,0.415,-0.539,1.055,40.04,-30.64,152.9,null,null
12,0.95,0.276,-0.225,0.789,94.88,-45.14,72.97,null,null
13,0.95,0.342,-0.297,0.882,61.71,-29.24,145.73,null,null
14,0.95,0.375,-0.584,0.946,92.41,-68.39,118.32,null,null
15,0.95,0.318,-0.65,0.725,71.05,-56.76,114.9,null,null
16,0.95,0.363,-0.777,0.682,53.22,-29.3,55.97,null,null
17,0.95,0.448,-0.679,0.662,19.65,22.52,15.56,null,null
18,0.95,0.526,-0.487,0.839,9.31,6.2,-33.75,null,null
19,0.95,0.5,-0.218,0.768,28.96,4.12,-71.75,null,null
0,0.95,0.566,0.184,0.648,17.3,15.81,22.25,null,null
1,0.95,0.509,0.679,0.631,-14.89,14.53,7.48,null,null
2,0.95,0.406,0.866,0.636,19.84,26.49,15.17,null,null
3,0.95,0.293,0.996,0.705,15.2,31.1,86.28,null,null
4,0.95,0.229,0.729,0.764,40.68,28.14,129.95,null,null
5,0.95,0.21,0.45,0.883,72.39,34.82,138.71,null,null
6,0.95,0.223,0.308,0.952,87.56,47.52,120.67,null,null
7,0.95,0.24,0.38,0.815,125.28,68.73,73.82,null,null
8,0.95,0.183,0.455,1.0,52.43,86.12,129.95,null,null
9,0.95,0.231,0.241,1.1,38.27,68.7,187.72,null,null
10,0.95,0.303,0.118,1.116,100.68,43.43,148.23,null,null
11,0.95,0.326,0.032,0.971,64.64,37.9,145.54,null,null
12,0.95,0.45,-0.003,0.981,89.85,21.94,125.71,null,null
13,0.95,0.495,0.108,0.911,136.91,-5.8,56.83,null,null
14,0.95,0.497,0.17,0.834,83.19,12.63,73.89,null,null
15,0.95,0.528,0.09,0.977,39.16,33.72,106.91,null,null
16,0.95,0.615,-0.086,0.845,30.03,1.71,71.38,null,null
17,0.95,0.663,-0.105,0.8,32.17,6.84,8.61,null,null
18,0.95,0.708,0.119,0.741,36.53,-7.02,-30.64,null,null
19,0.95,0.69,0.319,0.605,35.16,-15.84,-38.15,null,null
0,0.95,0.547,0.436,0.663,11.81,-2.9,3.39,null,null
1,0.95,0.573,0.37,0.64,2.72,1.01,14.92,null,null
2,0.95,0.539,0.52,0.652,26.55,6.71,-36.01,null,null
3,0.95,0.456,0.959,0.683,17.24,29.11,36.99,null,null
4,0.95,0.374,0.833,0.846,34.82,27.22,108.58,null,null
5,0.95,0.365,0.629,0.757,75.72,19.47,126.83,null,null
6,0.95,0.303,0.392,0.907,93.81,38.73,131.29,null,null
7,0.95,0.306,0.325,0.933,100.86,58.5,124.52,null,null
8,0.95,0.31,0.21,0.96,72.24,46.48,136.08,null,null
9,0.95,0.328,0.222,1.044,62.56,46.78,150.52,null,null
10,0.95,0.297,0.04,1.05,58.05,26.03,175.54,null,null
11,0.95,0.181,-0.082,0.986,25.91,19.62,170.38,null,null
12,0.95,0.224,-0.037,1.118,56.52,-10.83,148.44,null,null
13,0.95,0.176,-0.087,1.103,73.49,-21.24,166.51,null,null
14,0.95,0.204,-0.188,1.089,94.97,-23.26,151.92,null,null
15,0.95,0.243,-0.382,1.045,62.53,-26.86,168.34,null,null
16,0.95,0.356,-0.547,0.867,55.57,-30.24,108.58,null,null
17,0.95,0.411,-0.472,0.724,51.06,-11.9,27.04,null,null
18,0.95,0.422,-0.249,0.914,31.98,19.23,-2.08,null,null
19,0.95,0.434,-0.264,1.003,8.94,2.81,1.74,null,null
0,0.95,0.223,0.425,1.287,-151.22,68.79,-109.2,null,null
1,0.95,0.41,0.882,0.993,16.42,13.67,16.6,null,null
2,0.95,0.471,0.507,0.987,11.44,-10.35,28.11,null,null
3,0.95,0.321,0.85,0.915,17.37,-7.97,72.76,null,null
4,0.95,0.227,0.629,0.932,51.39,-15.47,133.88,null,null
5,0.95,0.072,0.448,0.88,68.97,-11.78,163.91,null,null
6,0.95,0.104,0.279,0.934,100.41,8.18,144.02,null,null
7,0.95,0.119,0.271,0.958,88.93,46.72,150.67,null,null
8,0.95,0.101,0.168,1.079,100.99,47.7,138.34,null,null
9,0.95,0.233,0.156,1.049,71.44,56.12,164.68,null,null
10,0.95,0.201,0.043,1.207,62.75,53.71,200.29,null,null
11,0.95,0.244,-0.354,1.151,-3.2,-14.92,228.31,null,null
12,0.95,0.373,-0.322,1.029,54.48,-45.93,116.49,null,null
13,0.95,0.271,-0.101,0.894,67.96,-59.24,101.08,null,null
14,0.95,0.246,-0.074,0.902,83.83,-34.21,128.15,null,null
15,0.95,0.254,-0.408,0.886,66.68,-48.71,137.79,null,null
16,0.95,0.378,-0.59,0.787,36.5,-17.4,109.35,null,null
17,0.95,0.417,-0.67,0.805,25.82,-5.62,53.5,null,null
18,0.95,0.475,-0.528,0.818,22.64,27.47,-10.62,null,null
19,0.95,0.622,-0.34,0.801,18.43,-6.38,-42.57,null,null
0,0.95,-0.031,0.684,-0.437,-404.19,329.94,450.12,null,null
1,0.95,0.131,-1.768,0.406,-643.18,-22.25,802.21,null,null
2,0.95,0.833,-1.482,0.413,-42.88,-24.23,-200.26,null,null
3,0.95,-0.23,-0.165,0.573,358.99,-214.24,-650.07,null,null
4,0.95,-0.573,1.378,-1.871,326.67,-311.44,-181.43,null,null
5,0.95,0.092,0.765,-1.967,-134.43,129.73,289.41,null,null
6,0.95,0.064,0.212,0.12,-112.7,362.83,403.49,null,null
7,0.95,1.153,-2.61,0.343,-78.1,17.03,344.65,null,null
8,0.95,0.927,-0.811,0.672,6.35,-25.94,-388.04,null,null
9,0.95,-0.801,-0.051,-0.898,542.86,-484.45,-580.1,null,null
10,0.95,-0.677,0.725,-1.836,-283.52,112.52,166.97,null,null
11,0.95,0.128,0.548,-0.556,-170.2,283.76,302.26,null,null
12,0.95,0.284,-1.39,0.393,-430.01,62.53,653.71,null,null
13,0.95,0.947,-0.77,0.513,-8.76,10.86,-290.99,null,null
14,0.95,-0.285,0.099,-0.224,531.36,-381.36,-620.96,null,null
15,0.95,-1.061,0.966,-1.57,-336.68,123.94,305.95,null,null
16,0.95,0.157,0.232,-0.541,-47.46,382.76,377.0,null,null
17,0.95,0.856,-3.464,0.751,-206.31,40.77,459.15,null,null
18,0.95,0.79,-0.82,0.43,80.66,-115.45,-444.93,null,null
19,0.95,-1.034,0.047,-1.328,662.47,-440.6,-583.97,null,null
0,0.95,0.812,-2.155,-0.243,23.41,-83.5,-165.29,null,null
1,0.95,-0.493,-0.331,-0.152,281.5,-300.42,-724.57,null,null
2,0.95,-0.937,0.751,-1.426,206.88,-81.94,-341.23,null,null
3,0.95,-0.21,0.469,-0.816,-280.07,230.96,442.49,null,null
4,0.95,0.649,-2.369,-0.833,-330.06,-15.53,709.01,null,null
5,0.95,0.95,-0.729,-0.51,-8.97,67.42,-389.57,null,null
6,0.95,-1.911,0.054,-2.081,930.3,-369.64,-815.49,null,null
7,0.95,-0.965,0.427,-1.63,-423.87,68.09,593.62,null,null
8,0.95,-0.217,-0.145,-0.388,-108.13,223.98,559.22,null,null
9,0.95,0.894,-0.594,0.497,232.86,122.75,31.46,null,null
10,0.95,1.578,-2.546,0.646,-164.8,-63.2,65.86,null,null
11,0.95,0.803,-0.54,0.749,53.68,-117.59,-480.39,null,null
12,0.95,-0.652,2.479,-2.61,215.98,-250.71,-117.5,null,null
13,0.95,0.006,0.339,-1.58,6.9,154.33,379.5,null,null
14,0.95,-0.302,-1.22,0.638,-240.82,301.61,611.16,null,null
15,0.95,0.867,-0.881,0.056,-24.51,73.49,-423.78,null,null
16,0.95,-1.522,0.272,-0.54,721.76,-311.29,-741.14,null,null
17,0.95,-0.052,0.79,-1.305,-99.77,46.27,373.12,null,null
18,0.95,0.175,0.01,0.193,-9.52,279.06,328.35,null,null
19,0.95,0.918,-1.888,0.461,17.91,36.77,167.64,null,null
0,0.95,0.03,-0.306,0.353,254.25,-188.67,-731.13,null,null
1,0.95,-1.202,2.035,-2.674,90.82,-8.58,-195.99,null,null
2,0.95,-0.236,0.879,-0.609,-197.21,248.91,360.12,null,null
3,0.95,-0.114,-0.308,0.372,-497.48,149.36,735.53,null,null
4,0.95,0.662,-1.057,0.334,107.06,-46.17,-396.28,null,null
5,0.95,-1.062,-0.044,-0.405,625.02,-333.02,-718.77,null,null
6,0.95,-0.444,0.789,-0.986,-354.66,72.12,419.51,null,null
7,0.95,0.256,-0.212,-0.075,-258.46,322.49,568.59,null,null
8,0.95,0.85,-1.74,0.108,96.01,51.06,-274.54,null,null
9,0.95,-0.243,0.263,0.045,487.04,-165.47,-741.72,null,null
10,0.95,-1.064,1.718,-1.754,-192.11,120.7,86.28,null,null
11,0.95,0.38,0.631,-0.282,-70.04,476.7,361.13,null,null
12,0.95,1.342,-3.535,-0.776,-197.94,-20.39,474.81,null,null
13,0.95,0.525,-0.294,0.618,149.54,-48.95,-554.98,null,null
14,0.95,-0.561,0.225,-2.488,621.88,-453.08,-500.84,null,null
15,0.95,-0.813,0.651,-2.254,-391.52,37.02,279.24,null,null
16,0.95,0.072,0.36,-0.241,-325.88,471.48,532.55,null,null
17,0.95,1.156,-3.326,0.261,39.61,35.43,143.19,null,null
18,0.95,0.778,-0.69,0.466,294.87,-151.62,-591.91,null,null
19,0.95,-1.254,2.089,-2.219,280.62,-95.92,-159.03,null,null
0,0.95,0.149,0.44,0.308,-384.81,381.63,560.2,null,null
1,0.95,1.072,-2.502,-0.142,81.73,56.12,-25.09,null,null
2,0.95,-0.21,-0.11,0.417,450.48,-256.94,-743.1,null,null
3,0.95,-1.095,1.511,-1.991,165.81,13.4,-278.45,null,null
4,0.95,-0.073,0.785,-0.816,-389.45,251.17,511.73,null,null
5,0.95,0.203,-1.802,0.055,-492.81,-80.84,764.31,null,null
6,0.95,0.958,-1.299,0.212,138.37,10.62,-464.37,null,null
7,0.95,-1.765,-0.161,-1.507,927.27,-531.75,-771.11,null,null
8,0.95,-1.391,0.216,-1.48,-422.77,74.4,238.17,null,null
9,0.95,-0.501,0.056,-0.161,-657.73,408.92,799.43,null,null
10,0.95,1.048,-2.487,-0.502,86.43,109.1,-63.45,null,null
11,0.95,-0.882,-0.427,-0.591,736.69,-389.23,-868.25,null,null
12,0.95,-1.041,0.814,-1.949,289.19,-16.08,-463.33,null,null
13,0.95,-0.25,0.856,-1.359,-645.5,241.07,557.24,null,null
14,0.95,0.271,-1.751,-0.334,-677.08,-22.83,845.15,null,null
15,0.95,1.102,-0.949,0.245,360.76,-34.49,-532.4,null,null
16,0.95,-0.802,1.217,-3.086,676.32,-243.08,-616.9,null,null
17,0.95,-0.256,0.858,-0.71,-384.23,169.23,528.67,null,null
18,0.95,-0.087,-1.113,0.184,-536.73,75.29,773.37,null,null
19,0.95,0.824,-1.258,0.309,207.8,-62.17,-370.53,null,null
0,0.95,0.536,0.357,-0.397,-100.38,145.85,461.07,null,null
1,0.95,1.152,-2.226,-0.107,-28.02,-18.01,196.3,null,null
2,0.95,0.803,-0.434,0.27,61.46,-30.0,-430.68,null,null
3,0.95,-0.048,2.336,-1.941,166.23,-149.6,-271.46,null,null
4,0.95,0.599,0.244,-0.257,-119.94,195.81,472.12,null,null
5,0.95,1.133,-2.111,-0.342,2.81,-21.36,67.26,null,null
6,0.95,0.687,-0.048,0.096,134.07,-63.26,-467.73,null,null
7,0.95,0.119,1.44,-0.777,-147.83,88.41,159.09,null,null
8,0.95,0.474,-0.325,0.132,-187.99,141.82,492.08,null,null
9,0.95,0.994,-1.444,0.047,29.18,-24.87,-188.76,null,null
10,0.95,0.178,0.371,-0.259,248.36,-198.98,-517.26,null,null
11,0.95,0.298,0.869,-0.6,-77.03,98.88,253.09,null,null
12,0.95,0.601,-0.873,0.137,-170.02,78.19,456.43,null,null
13,0.95,0.95,-0.831,0.013,111.06,-40.99,-282.72,null,null
14,0.95,0.056,1.084,-1.26,335.31,-114.96,-421.98,null,null
15,0.95,0.553,0.153,0.078,-98.48,189.0,401.23,null,null
16,0.95,1.173,-1.972,-0.151,17.49,-18.22,-30.12,null,null
17,0.95,0.33,0.209,-0.182,219.89,-91.31,-496.69,null,null
18,0.95,0.244,0.902,-0.21,-116.09,125.1,255.07,null,null
19,0.95,0.916,-1.772,0.455,-84.17,10.83,391.98,null,null
0,0.95,0.502,0.332,-0.578,-40.07,192.36,329.91,null,null
1,0.95,0.631,-2.024,0.142,-196.33,-1.4,449.81,null,null
2,0.95,0.812,-0.521,0.156,39.49,2.38,-418.26,null,null
3,0.95,0.237,2.156,-1.783,111.85,-40.74,-149.33,null,null
4,0.95,0.605,0.024,-0.166,-128.45,186.32,427.59,null,null
5,0.95,1.17,-1.893,-0.372,20.66,-21.67,-5.92,null,null
6,0.95,0.849,-0.205,0.027,75.78,-82.49,-403.21,null,null
7,0.95,0.79,-0.749,0.111,69.15,-15.78,-324.53,null,null
8,0.95,-0.167,1.445,-0.962,-171.64,58.57,249.4,null,null
0,0.95,0.661,-0.221,0.486,-44.86,-111.18,-225.47,null,null
1,0.95,0.799,0.125,0.12,-29.88,-120.49,-199.8,null,null
2,0.95,0.655,0.865,-0.375,5.1,-83.83,-118.69,null,null
3,0.95,0.704,0.842,-0.408,12.67,35.86,38.12,null,null
4,0.95,0.691,0.567,-0.067,14.65,116.61,160.34,null,null
5,0.95,0.632,0.071,0.309,41.99,127.02,228.83,null,null
6,0.95,0.661,-0.531,0.675,85.54,105.69,188.7,null,null
7,0.95,0.835,-1.201,0.904,7.87,12.97,76.17,null,null
8,0.95,0.699,-0.783,0.759,-27.77,-67.23,-162.36,null,null
9,0.95,0.656,-0.265,0.557,-68.58,-110.26,-201.73,null,null
10,0.95,0.687,0.128,0.244,-37.08,-116.49,-200.87,null,null
11,0.95,0.556,0.761,-0.165,7.9,-86.76,-158.6,null,null
12,0.95,0.698,1.002,-0.494,-29.63,56.0,73.15,null,null
13,0.95,0.707,0.375,0.154,17.03,147.98,214.79,null,null
14,0.95,0.666,-0.19,0.511,66.99,114.11,228.8,null,null
15,0.95,0.689,-0.759,0.749,30.09,90.12,172.92,null,null
16,0.95,0.795,-1.045,0.853,-36.68,2.23,27.89,null,null
17,0.95,0.666,-0.701,0.684,-63.81,-73.85,-174.84,null,null
18,0.95,0.579,-0.174,0.533,-37.05,-128.21,-275.43,null,null
19,0.95,0.571,0.37,0.068,43.28,-169.96,-275.83,null,null
0,0.95,0.522,0.534,-0.209,67.72,-172.52,-201.88,null,null
1,0.95,0.19,0.979,-1.037,105.72,-62.69,-143.25,null,null
2,0.95,0.274,0.887,-0.676,-77.91,162.76,151.98,null,null
3,0.95,0.576,0.45,0.148,-114.72,208.66,270.18,null,null
4,0.95,0.76,-0.577,0.644,-14.44,90.91,281.69,null,null
5,0.95,0.734,-0.811,0.585,43.82,27.01,108.49,null,null
6,0.95,0.83,-1.193,0.44,-17.88,-9.0,-134.04,null,null
7,0.95,0.664,-0.324,0.505,-63.14,-76.33,-246.35,null,null
8,0.95,0.581,0.337,0.203,20.23,-152.9,-278.54,null,null
9,0.95,0.35,0.802,-0.489,204.29,-145.02,-272.77,null,null
10,0.95,0.152,1.155,-1.081,-39.22,49.01,89.24,null,null
11,0.95,0.388,0.627,-0.15,-12.76,242.35,213.2,null,null
12,0.95,0.564,-0.123,0.527,-37.6,193.43,292.73,null,null
13,0.95,0.903,-0.646,0.807,27.5,113.35,141.21,null,null
14,0.95,1.032,-1.241,0.816,-34.61,-57.01,-98.36,null,null
15,0.95,0.561,-0.184,0.554,44.07,-158.42,-311.04,null,null
16,0.95,0.291,0.533,-0.182,173.44,-274.67,-284.46,null,null
17,0.95,0.038,1.034,-0.998,67.32,-150.15,-101.41,null,null
18,0.95,0.072,0.884,-1.127,-70.83,94.64,110.6,null,null
19,0.95,0.381,0.602,-0.228,-77.0,281.17,185.16,null,null
0,0.95,0.383,0.832,-0.873,-77.15,116.82,169.35,null,null
1,0.95,0.497,0.425,-0.087,-104.22,279.31,244.21,null,null
2,0.95,0.754,-1.116,0.572,-80.78,88.69,322.03,null,null
3,0.95,0.882,-1.195,0.563,-42.85,18.71,-22.06,null,null
4,0.95,0.746,-0.43,0.58,67.78,-99.46,-300.03,null,null
5,0.95,0.399,0.394,0.019,237.95,-261.85,-368.11,null,null
6,0.95,-0.081,1.027,-1.58,160.13,-151.1,-215.86,null,null
7,0.95,0.103,0.971,-0.947,-146.4,185.4,218.39,null,null
8,0.95,0.446,0.408,0.053,-199.56,277.57,378.28,null,null
9,0.95,0.79,-0.89,0.615,-3.08,83.47,324.56,null,null
10,0.95,0.724,-1.218,0.695,-55.48,34.61,74.56,null,null
11,0.95,0.749,-0.653,0.719,38.12,-78.07,-300.0,null,null
12,0.95,0.392,0.364,0.228,203.28,-244.64,-366.95,null,null
13,0.95,-0.001,0.6,-0.87,281.41,-238.62,-298.32,null,null
14,0.95,-0.084,0.97,-1.038,-141.54,124.85,185.25,null,null
15,0.95,0.442,0.543,0.001,-178.44,285.2,342.33,null,null
16,0.95,0.687,-0.876,0.425,-119.6,101.69,413.46,null,null
17,0.95,0.84,-1.432,0.49,28.5,-5.28,-93.75,null,null
18,0.95,0.67,-0.309,0.591,167.46,-179.75,-411.94,null,null
19,0.95,0.158,0.351,-0.381,363.81,-265.08,-428.21,null,null
0,0.95,0.596,-1.006,0.842,-57.74,-73.73,-223.46,null,null
1,0.95,0.513,-0.1,0.568,-44.16,-138.52,-313.7,null,null
2,0.95,0.464,0.696,-0.186,64.97,-202.52,-258.89,null,null
3,0.95,0.404,1.133,-0.797,-29.82,47.58,62.01,null,null
4,0.95,0.486,0.397,0.122,-0.34,234.9,242.56,null,null
5,0.95,0.521,-0.461,0.735,25.21,126.47,365.09,null,null
6,0.95,0.643,-1.13,0.919,85.3,24.41,104.31,null,null
7,0.95,0.629,-1.078,0.794,-72.02,-45.32,-183.97,null,null
8,0.95,0.57,-0.214,0.699,-111.42,-130.28,-260.84,null,null
9,0.95,0.578,0.308,0.065,-27.53,-184.3,-254.65,null,null
10,0.95,0.49,1.029,-0.78,23.62,-55.79,-91.77,null,null
11,0.95,0.541,0.69,-0.327,14.56,176.43,180.76,null,null
12,0.95,0.571,0.138,0.393,60.12,206.4,251.53,null,null
13,0.95,0.662,-0.533,0.755,108.86,112.98,200.54,null,null
14,0.95,0.864,-1.577,0.867,-60.76,-29.51,119.79,null,null
15,0.95,0.646,-0.781,0.74,-92.68,-60.55,-189.83,null,null
16,0.95,0.692,-0.152,0.62,-122.29,-131.84,-223.24,null,null
17,0.95,0.59,0.634,-0.168,-94.24,-168.34,-160.53,null,null
18,0.95,0.57,1.017,-0.589,9.28,-30.3,-65.13,null,null
19,0.95,0.624,0.645,-0.194,86.4,165.9,142.34,null,null
0,0.95,0.778,-0.657,0.556,-39.09,97.29,307.23,null,null
1,0.95,0.927,-1.41,0.451,0.09,-1.98,21.88,null,null
2,0.95,0.829,-0.549,0.532,-56.61,-67.54,-213.08,null,null
3,0.95,0.622,0.199,0.196,24.17,-165.23,-281.59,null,null
4,0.95,0.353,1.023,-0.8,68.51,-151.77,-184.42,null,null
5,0.95,0.438,0.862,-0.75,-10.38,103.06,89.57,null,null
6,0.95,0.596,0.453,0.068,5.37,231.12,204.32,null,null
7,0.95,0.69,-0.739,0.66,-125.37,90.0,377.7,null,null
8,0.95,0.865,-1.502,0.34,-9.95,-23.99,-21.55,null,null
9,0.95,0.767,-0.521,0.576,-17.24,-58.63,-271.92,null,null
10,0.95,0.54,0.365,0.257,67.6,-187.96,-298.59,null,null
11,0.95,0.222,1.017,-0.707,60.27,-177.19,-165.59,null,null
12,0.95,0.239,0.952,-0.997,-28.96,86.25,112.58,null,null
13,0.95,0.481,0.499,0.052,-15.41,263.74,251.5,null,null
14,0.95,0.672,-0.554,0.475,-0.79,136.17,354.32,null,null
15,0.95,0.759,-1.221,0.796,-2.59,30.92,154.64,null,null
16,0.95,0.747,-0.97,0.703,-33.66,-90.37,-221.2,null,null
17,0.95,0.514,-0.039,0.363,43.46,-226.97,-375.38,null,null
18,0.95,0.231,0.463,-0.675,221.99,-234.32,-341.2,null,null
19,0.95,-0.216,1.133,-1.281,-9.03,-0.95,-78.74,null,null
0,0.95,0.848,-1.373,0.497,-13.31,-13.82,-87.56,null,null
1,0.95,0.725,-0.444,0.57,-58.44,-101.66,-249.4,null,null
2,0.95,0.498,0.263,0.084,69.25,-213.84,-336.04,null,null
3,0.95,0.069,1.406,-1.225,49.84,-85.97,-145.42,null,null
4,0.95,0.398,0.639,-0.574,-23.19,187.99,143.19,null,null
5,0.95,0.543,0.254,0.321,-97.66,239.27,278.36,null,null
6,0.95,0.909,-0.971,0.693,5.37,98.57,229.04,null,null
7,0.95,0.946,-1.216,0.558,-11.84,-23.83,-129.83,null,null
8,0.95,0.709,-0.144,0.544,15.29,-131.75,-313.33,null,null
9,0.95,0.197,0.533,-0.507,250.04,-243.45,-359.14,null,null
10,0.95,0.095,0.977,-0.85,-86.7,32.23,103.79,null,null
11,0.95,0.485,0.646,-0.163,-57.28,245.22,180.7,null,null
12,0.95,0.766,-0.685,0.262,-244.54,94.45,441.36,null,null
13,0.95,0.81,-0.539,0.602,64.79,32.2,51.3,null,null
14,0.95,0.898,-0.943,0.559,-4.88,-33.23,-174.81,null,null
15,0.95,0.729,-0.145,0.553,38.18,-139.38,-308.21,null,null
16,0.95,0.152,0.492,-0.551,279.21,-247.38,-375.1,null,null
17,0.95,-0.028,1.054,-0.926,-127.63,62.35,143.74,null,null
18,0.95,0.391,0.555,-0.142,-87.28,270.09,261.27,null,null
19,0.95,0.641,-0.504,0.456,-106.33,140.93,410.2,null,null
0,0.95,0.791,-1.338,0.64,65.77,-31.25,-108.1,null,null
1,0.95,0.745,-0.326,0.61,37.84,-136.08,-309.88,null,null
2,0.95,0.428,0.416,-0.064,177.19,-229.5,-337.69,null,null
3,0.95,-0.125,1.094,-1.127,143.74,-141.64,-193.33,null,null
4,0.95,0.122,0.937,-0.97,-72.54,121.98,139.38,null,null
5,0.95,0.519,0.626,-0.046,-117.98,269.94,296.85,null,null
6,0.95,0.737,-0.902,0.307,-133.06,121.46,436.02,null,null
7,0.95,0.883,-1.101,0.361,29.11,-4.85,-32.23,null,null
8,0.95,0.838,-0.421,0.556,28.2,-104.83,-250.01,null,null
9,0.95,0.592,0.279,0.17,102.88,-210.67,-305.19,null,null
10,0.95,0.033,0.591,-0.907,255.59,-245.09,-306.74,null,null
11,0.95,-0.066,0.94,-1.154,-89.48,47.7,113.22,null,null
12,0.95,0.408,0.617,-0.42,-95.98,239.94,196.63,null,null
13,0.95,0.601,0.214,0.224,-130.22,215.74,334.91,null,null
14,0.95,0.784,-0.78,0.629,45.93,99.77,225.17,null,null
15,0.95,0.926,-1.335,0.87,-17.91,1.07,-16.54,null,null
16,0.95,0.764,-0.31,0.683,-20.48,-123.23,-222.82,null,null
17,0.95,0.532,0.289,0.118,62.78,-243.66,-277.84,null,null
18,0.95,0.083,0.432,-0.742,266.79,-266.09,-317.64,null,null
19,0.95,0.043,0.909,-1.06,-98.7,88.75,128.57,null,null
0,0.95,0.813,0.55,0.008,-3.11,1.74,-0.37,null,null
1,0.95,0.826,0.613,-0.006,-20.48,8.82,5.86,null,null
2,0.95,0.838,0.516,0.056,-17.3,9.98,6.9,null,null
3,0.95,0.861,0.691,0.107,-5.95,6.96,-5.16,null,null
4,0.95,0.977,0.453,-0.077,-12.36,-28.14,22.8,null,null
5,0.95,1.231,-0.032,-0.232,-0.24,20.91,20.51,null,null
6,0.95,1.182,-0.135,-0.24,-52.22,66.47,-17.27,null,null
7,0.95,0.476,0.377,0.255,-258.77,81.0,-48.13,null,null
8,0.95,-1.327,0.839,1.346,-140.54,117.56,-240.39,null,null
9,0.95,-0.103,2.119,0.108,165.01,-65.4,-2.17,null,null
10,0.95,-0.366,0.843,0.988,158.64,-116.03,156.44,null,null
11,0.95,0.582,0.514,0.403,74.71,-18.95,108.22,null,null
12,0.95,1.557,0.089,-0.079,-3.57,-62.5,29.88,null,null
13,0.95,0.96,0.105,-0.358,-38.3,-38.97,-10.53,null,null
14,0.95,1.02,0.678,0.064,-40.47,-2.11,-9.4,null,null
15,0.95,0.765,0.577,0.033,-5.22,-28.6,61.43,null,null
16,0.95,0.752,0.473,0.077,-0.12,9.49,13.12,null,null
17,0.95,0.863,0.497,0.096,0.37,-2.38,-11.84,null,null
18,0.95,0.895,0.481,0.031,7.75,-10.77,-2.38,null,null
19,0.95,0.841,0.382,0.037,-9.52,4.15,17.7,null,null
0,0.95,0.859,0.487,0.084,-2.99,0.49,1.1,null,null
1,0.95,0.832,0.533,0.074,-19.29,12.33,-7.02,null,null
2,0.95,0.891,0.516,0.11,-23.07,21.06,7.57,null,null
3,0.95,1.495,0.276,-0.069,-40.96,25.15,59.6,null,null
4,0.95,1.708,-1.044,-0.355,-97.42,99.19,58.32,null,null
5,0.95,-0.758,-0.633,-0.06,-162.39,347.91,-353.8,null,null
6,0.95,-0.767,2.451,3.333,-172.06,93.2,-86.7,null,null
7,0.95,-1.786,0.137,0.912,193.43,-204.11,139.93,null,null
8,0.95,1.679,-0.547,-0.465,145.66,-178.04,198.19,null,null
9,0.95,1.612,-0.298,-0.72,-6.93,51.79,-187.17,null,null
10,0.95,1.081,0.595,-0.025,-71.08,27.19,66.96,null,null
11,0.95,0.851,0.719,0.141,-67.08,-34.64,106.02,null,null
12,0.95,0.602,0.475,0.022,23.07,-41.38,12.33,null,null
13,0.95,0.841,0.35,-0.028,25.3,7.63,-12.05,null,null
14,0.95,0.945,0.613,-0.016,8.64,-14.5,-34.36,null,null
15,0.95,0.91,0.533,-0.022,13.12,3.11,5.16,null,null
16,0.95,0.852,0.497,0.077,-5.8,8.88,14.4,null,null
17,0.95,0.795,0.422,-0.008,3.72,4.3,-30.52,null,null
18,0.95,0.847,0.567,-0.053,5.43,0.27,-29.73,null,null
19,0.95,0.863,0.594,0.001,1.37,4.85,-5.43,null,null
0,0.95,0.835,0.545,0.021,-0.55,5.58,-1.28,null,null
1,0.95,0.83,0.538,0.043,0.52,7.6,-4.06,null,null
2,0.95,0.815,0.531,0.014,1.77,9.92,-1.56,null,null
3,0.95,1.339,0.493,-0.134,-8.3,37.93,29.51,null,null
4,0.95,1.735,-0.485,-0.565,-137.42,120.3,23.59,null,null
5,0.95,-0.045,-0.768,-0.333,-204.08,241.65,-256.72,null,null
6,0.95,-1.797,3.233,3.294,-389.45,209.78,-163.95,null,null
7,0.95,-1.468,-0.02,1.258,42.12,-120.76,303.23,null,null
8,0.95,0.63,0.377,0.061,173.56,-100.47,161.17,null,null
9,0.95,2.189,-0.789,-0.143,44.59,58.08,-11.29,null,null
10,0.95,1.157,0.488,-0.248,-16.51,-6.16,6.01,null,null
11,0.95,0.988,0.653,0.419,-68.18,-22.22,84.72,null,null
12,0.95,0.684,0.535,0.035,-12.45,-86.4,58.6,null,null
13,0.95,0.708,0.307,-0.046,40.89,-18.83,2.75,null,null
14,0.95,0.934,0.399,-0.011,-1.68,12.36,-34.73,null,null
15,0.95,0.926,0.574,-0.011,5.89,-8.79,-12.73,null,null
16,0.95,0.909,0.488,0.115,-14.65,4.55,7.87,null,null
17,0.95,0.842,0.479,0.048,-14.92,-4.03,6.32,null,null
18,0.95,0.829,0.52,-0.005,-6.93,-8.06,-10.93,null,null
19,0.95,0.873,0.523,0.01,-4.3,5.43,-12.24,null,null
0,0.95,0.868,0.479,0.023,-0.49,8.97,6.5,null,null
1,0.95,1.117,0.53,-0.181,34.64,20.2,-8.82,null,null
2,0.95,1.336,-0.44,-0.091,-115.91,88.35,92.53,null,null
3,0.95,1.096,-0.556,-0.025,-56.58,89.3,-94.36,null,null
4,0.95,-2.709,-0.405,1.137,3.69,291.54,-514.11,null,null
5,0.95,-0.718,0.782,1.011,344.13,-156.22,197.12,null,null
6,0.95,-0.755,-0.249,0.895,70.96,-138.49,262.89,null,null
7,0.95,1.802,-0.557,-0.12,65.34,-110.51,126.47,null,null
8,0.95,1.103,0.02,0.103,-32.75,82.43,-113.16,null,null
9,0.95,1.05,0.475,-0.006,-12.36,-3.39,-30.27,null,null
10,0.95,0.955,0.511,0.26,-35.83,-71.02,67.48,null,null
11,0.95,0.71,0.446,-0.087,-10.25,-82.8,31.59,null,null
12,0.95,0.799,0.378,-0.053,69.89,20.69,-37.6,null,null
13,0.95,0.923,0.568,0.022,-9.64,16.82,-30.12,null,null
14,0.95,0.881,0.568,-0.118,11.32,-28.38,-23.32,null,null
15,0.95,0.874,0.531,-0.067,-16.05,-7.05,6.53,null,null
16,0.95,0.844,0.551,-0.046,-10.86,4.76,12.24,null,null
17,0.95,0.834,0.508,-0.047,-5.28,0.09,-1.95,null,null
18,0.95,0.843,0.519,-0.085,8.45,-5.8,-12.27,null,null
19,0.95,0.858,0.517,-0.082,0.46,2.01,-4.79,null,null
0,0.95,0.859,0.59,-0.038,-4.06,2.78,3.97,null,null
1,0.95,0.836,0.495,-0.007,-26.0,17.15,20.05,null,null
2,0.95,0.904,0.444,0.096,-35.68,27.65,27.44,null,null
3,0.95,0.927,0.447,0.101,5.37,14.19,4.09,null,null
4,0.95,1.265,0.153,0.015,-50.2,58.35,62.2,null,null
5,0.95,1.404,-0.262,-0.278,50.97,14.47,-21.03,null,null
6,0.95,0.893,-0.372,-0.27,-134.31,252.88,-119.39,null,null
7,0.95,-2.18,-0.206,1.0,-33.88,141.67,-210.94,null,null
8,0.95,-0.343,2.434,1.572,216.32,-43.95,-157.99,null,null
9,0.95,-0.766,0.265,1.215,235.05,-129.15,40.1,null,null
10,0.95,-0.535,0.616,1.194,131.63,-143.07,124.94,null,null
11,0.95,0.495,0.056,0.265,58.32,-132.79,94.33,null,null
12,0.95,1.644,-0.031,-0.033,136.39,-113.13,69.86,null,null
13,0.95,0.855,1.032,0.261,-104.31,59.97,-70.41,null,null
14,0.95,0.717,0.405,0.249,85.02,-12.42,63.05,null,null
15,0.95,0.674,0.311,0.499,106.85,24.63,-3.11,null,null
16,0.95,0.798,0.527,0.237,169.32,-18.98,-43.79,null,null
17,0.95,0.852,0.728,-0.052,83.96,-38.97,-17.4,null,null
18,0.95,0.763,0.652,-0.061,-20.17,-25.57,16.45,null,null
19,0.95,0.73,0.623,-0.107,10.71,-20.36,5.28,null,null
0,0.95,0.746,0.532,0.295,3.63,19.99,-9.28,null,null
1,0.95,0.759,0.555,0.326,-3.88,26.95,-21.06,null,null
2,0.95,1.242,0.485,0.133,63.42,3.3,-43.12,null,null
3,0.95,2.049,-0.901,-0.14,-104.04,67.9,116.67,null,null
4,0.95,-0.15,-0.537,0.068,-109.9,77.64,-276.5,null,null
5,0.95,-2.693,3.473,2.475,-126.68,169.04,-307.35,null,null
6,0.95,-2.037,0.522,1.349,-2.81,-0.58,304.85,null,null
7,0.95,1.319,0.265,0.075,92.99,-83.38,72.79,null,null
8,0.95,2.555,0.181,-0.267,36.16,-34.97,-148.59,null,null
9,0.95,1.452,-0.114,-0.555,1.83,-120.0,192.27,null,null
10,0.95,1.28,-0.67,-0.617,-42.79,84.08,-91.31,null,null
11,0.95,-2.655,-0.049,1.271,-52.06,54.63,-455.95,null,null
12,0.95,-0.571,1.943,-0.316,290.81,-293.31,-32.32,null,null
13,0.95,-1.135,0.523,0.842,-11.93,81.42,346.45,null,null
14,0.95,2.097,-0.124,-0.411,82.34,-117.07,43.61,null,null
15,0.95,1.213,0.431,-0.158,-27.04,-49.68,-37.23,null,null
16,0.95,0.719,0.765,0.227,-99.4,91.34,111.7,null,null
17,0.95,0.452,0.686,0.039,34.73,-100.96,10.32,null,null
18,0.95,0.819,0.338,-0.057,11.08,-20.02,-31.62,null,null
19,0.95,0.981,0.558,-0.147,-6.68,-1.71,-17.24,null,null
0,0.95,0.828,0.524,-0.043,-4.88,11.66,-2.17,null,null
1,0.95,0.846,0.499,0.046,6.41,49.59,-1.13,null,null
2,0.95,0.816,0.568,0.103,-14.01,47.73,-5.86,null,null
3,0.95,1.076,0.475,-0.054,55.76,7.63,-28.26,null,null
4,0.95,1.677,-0.121,-0.266,-8.09,19.71,57.16,null,null
5,0.95,1.139,-0.929,-0.281,-23.59,48.13,-219.0,null,null
6,0.95,-3.987,2.844,1.012,15.75,-92.1,-593.59,null,null
7,0.95,-2.177,1.62,1.287,240.79,191.81,295.33,null,null
8,0.95,0.033,-0.122,0.225,153.11,-44.16,207.95,null,null
9,0.95,2.75,0.013,-0.727,121.01,-111.67,-227.18,null,null
10,0.95,1.135,-0.01,0.103,-88.08,-142.06,196.08,null,null
11,0.95,1.168,-0.778,-0.422,-95.03,67.51,-75.11,null,null
12,0.95,-2.902,-0.101,1.303,-149.66,60.73,-437.09,null,null
13,0.95,-0.78,1.47,-0.165,329.97,-178.84,92.56,null,null
14,0.95,-0.943,0.169,0.603,-87.13,110.72,365.58,null,null
15,0.95,2.106,-0.194,-0.091,146.7,-25.33,36.74,null,null
16,0.95,1.098,0.64,-0.059,-89.24,-159.49,9.8,null,null
17,0.95,0.704,0.717,0.061,-151.62,14.47,132.63,null,null
18,0.95,0.569,0.529,0.184,5.34,-77.64,67.23,null,null
19,0.95,0.801,0.372,-0.116,12.15,-62.23,-0.31,null,null
0,0.95,0.887,0.494,-0.024,-14.77,13.09,5.86,null,null
1,0.95,0.849,0.393,0.016,-64.06,49.93,32.87,null,null
2,0.95,0.913,0.22,0.272,20.84,49.47,-4.43,null,null
3,0.95,1.385,0.041,0.189,-80.32,29.21,33.36,null,null
4,0.95,1.334,-0.245,-0.61,-56.7,87.31,81.91,null,null
5,0.95,0.456,-0.821,-0.157,-165.2,266.3,-153.78,null,null
6,0.95,-3.496,3.876,1.874,71.75,274.82,-559.47,null,null
7,0.95,-2.273,0.963,1.331,42.79,-123.63,385.3,null,null
8,0.95,-0.055,0.198,0.26,303.66,-126.77,158.51,null,null
9,0.95,3.296,-0.928,-0.192,33.2,47.46,-216.9,null,null
10,0.95,1.362,-0.264,-0.537,-26.98,-181.86,182.44,null,null
11,0.95,0.713,-0.709,-0.01,-191.29,160.01,-90.61,null,null
12,0.95,-3.127,1.242,1.102,-184.58,68.42,-431.56,null,null
13,0.95,-0.256,1.177,0.792,271.98,-92.29,187.81,null,null
14,0.95,-0.893,0.243,0.559,-20.63,-42.79,312.3,null,null
15,0.95,2.453,-0.48,-0.326,31.5,-114.35,-83.13,null,null
16,0.95,1.119,0.574,0.133,-173.28,44.89,31.65,null,null
17,0.95,0.845,0.957,-0.467,-89.69,-54.69,90.58,null,null
18,0.95,0.634,0.481,0.143,16.88,-53.93,78.62,null,null
19,0.95,0.691,0.382,0.067,43.64,-10.04,8.48,null,null
0,0.95,0.847,0.551,0.013,-0.4,-0.52,-1.86,null,null
1,0.95,0.845,0.537,0.018,-1.86,0.7,-0.09,null,null
2,0.95,0.841,0.558,-0.009,2.32,0.95,-0.24,null,null
3,0.95,0.992,0.483,-0.071,49.13,2.62,-11.87,null,null
4,0.95,1.424,0.169,-0.441,73.98,31.62,45.05,null,null
5,0.95,1.188,-0.542,-0.078,-136.91,174.38,10.1,null,null
6,0.95,-0.357,-0.744,0.49,-82.86,118.38,-372.23,null,null
7,0.95,-1.419,3.974,1.502,-129.52,-90.49,-172.34,null,null
8,0.95,-1.959,1.313,1.36,64.58,33.88,338.45,null,null
9,0.95,0.733,0.265,0.189,188.42,-106.3,87.13,null,null
10,0.95,2.675,0.218,-0.703,-0.64,144.99,-39.55,null,null
11,0.95,1.197,-0.182,-0.261,13.52,-137.24,156.87,null,null
12,0.95,1.103,-0.567,-0.547,-33.54,77.36,-122.17,null,null
13,0.95,-1.195,-0.465,1.093,-29.79,111.09,-469.13,null,null
14,0.95,-0.441,2.337,0.793,176.49,-337.35,-137.76,null,null
15,0.95,-2.16,1.958,0.824,149.08,270.88,374.65,null,null
16,0.95,0.887,0.113,0.262,77.76,-58.47,122.56,null,null
17,0.95,1.626,-0.139,-0.328,-164.34,-52.37,-20.91,null,null
18,0.95,0.998,0.662,-0.326,-77.91,-47.7,61.62,null,null
19,0.95,0.7,0.621,-0.172,-67.45,-44.37,106.66,null,null
0,0.95,0.834,0.506,-0.245,-2.04,0.79,5.52,null,null
1,0.95,0.854,0.458,-0.208,0.67,2.53,2.08,null,null
2,0.95,0.85,0.471,-0.202,-1.77,-0.34,-2.11,null,null
3,0.95,0.84,0.48,-0.238,-4.55,-2.2,-2.41,null,null
4,0.95,0.816,0.461,-0.332,1.89,14.86,-6.59,null,null
5,0.95,1.258,0.267,-0.493,-1.8,63.63,67.05,null,null
6,0.95,1.105,-0.963,-0.364,-166.84,181.71,94.06,null,null
7,0.95,-0.567,-0.677,0.405,-118.11,360.09,-364.3,null,null
8,0.95,-1.521,3.244,2.165,-284.43,219.86,-245.12,null,null
9,0.95,-1.867,0.809,1.171,54.75,-14.98,365.4,null,null
10,0.95,0.956,-0.062,0.248,158.06,-117.01,108.13,null,null
11,0.95,2.496,-0.219,0.138,-4.46,113.53,-24.23,null,null
12,0.95,1.281,-0.136,-0.275,25.15,-151.83,151.34,null,null
13,0.95,0.697,-0.597,-0.234,-125.1,106.17,-102.54,null,null
14,0.95,-2.289,-0.082,1.261,10.5,108.37,-487.59,null,null
15,0.95,-0.341,2.107,0.604,223.79,-246.8,60.06,null,null
16,0.95,-0.705,0.504,0.749,-57.13,82.55,364.91,null,null
17,0.95,1.582,-0.41,0.191,38.97,-68.36,81.94,null,null
18,0.95,1.138,0.072,-0.023,-89.94,1.19,-108.58,null,null
19,0.95,1.082,0.642,-0.359,27.62,-21.97,-79.62,null,null
0,0.95,0.849,0.526,0.011,-4.64,0.58,0.58,null,null
1,0.95,0.871,0.563,-0.006,1.1,0.67,-2.26,null,null
2,0.95,0.963,0.64,-0.021,28.2,6.93,-8.06,null,null
3,0.95,1.202,0.28,-0.308,23.8,48.28,90.98,null,null
4,0.95,1.277,-0.676,-0.39,-2.47,97.38,83.07,null,null
5,0.95,0.803,-0.002,0.029,151.43,157.17,-230.14,null,null
6,0.95,-3.01,-0.088,1.34,-17.64,90.03,-555.77,null,null
7,0.95,-0.34,1.413,-0.176,368.54,-97.81,188.91,null,null
8,0.95,-0.577,0.687,0.658,99.03,119.79,339.61,null,null
9,0.95,2.066,-1.017,0.871,49.41,47.21,202.22,null,null
10,0.95,1.573,-0.614,0.339,-112.55,65.49,-28.11,null,null
11,0.95,1.581,-0.896,-0.293,-135.93,-56.0,94.0,null,null
12,0.95,0.263,-0.383,0.278,-143.93,85.76,-215.28,null,null
13,0.95,-2.668,1.452,1.186,-243.84,150.09,-525.86,null,null
14,0.95,-0.859,1.843,-0.071,317.91,4.33,272.41,null,null
15,0.95,-0.239,0.392,0.845,13.64,-17.24,283.67,null,null
16,0.95,2.037,-0.362,-0.47,14.71,-298.99,71.26,null,null
17,0.95,0.935,0.319,-0.102,-81.09,27.65,28.57,null,null
18,0.95,0.856,0.635,-0.003,7.54,6.56,42.48,null,null
19,0.95,0.701,0.45,0.007,42.45,-53.29,24.78,null,null
0,0.95,0.872,0.507,-0.089,-4.43,-3.02,1.71,null,null
1,0.95,0.872,0.467,-0.075,2.26,5.43,2.23,null,null
2,0.95,0.897,0.42,-0.127,20.57,10.56,-6.41,null,null
3,0.95,1.276,0.232,-0.212,-9.31,45.11,29.88,null,null
4,0.95,1.195,-0.393,-0.387,-71.44,125.16,47.33,null,null
5,0.95,0.635,-0.415,-0.237,-152.44,213.6,-87.37,null,null
6,0.95,-3.503,3.659,2.192,131.81,304.18,-593.77,null,null
7,0.95,-1.904,1.55,1.299,239.48,46.39,345.16,null,null
8,0.95,0.243,0.264,0.409,224.1,-141.51,133.09,null,null
9,0.95,2.002,-0.383,-0.855,138.98,-300.09,-12.05,null,null
10,0.95,1.385,-0.216,0.193,-82.03,-19.47,47.03,null,null
11,0.95,1.224,-0.513,-0.68,-17.61,41.51,60.46,null,null
12,0.95,0.063,0.079,0.009,-137.15,112.92,-203.31,null,null
13,0.95,-2.419,2.009,1.437,-159.15,171.82,-431.68,null,null
14,0.95,-0.96,1.747,0.71,300.12,4.27,218.79,null,null
15,0.95,0.086,0.242,0.72,71.72,-84.51,217.6,null,null
16,0.95,1.34,-0.224,-0.127,21.36,-140.08,63.33,null,null
17,0.95,1.137,0.035,-0.177,-20.66,87.95,-15.93,null,null
18,0.95,0.974,0.604,0.18,34.06,36.59,-12.36,null,null
19,0.95,0.794,0.554,0.188,-11.84,-61.74,56.67,null,null
0,0.95,0.885,0.454,-0.014,19.14,3.02,-9.22,null,null
1,0.95,1.188,0.458,-0.176,19.1,21.52,11.44,null,null
2,0.95,1.379,-0.124,-0.509,-203.47,77.73,198.13,null,null
3,0.95,0.932,-1.243,-0.626,-75.32,191.23,-23.99,null,null
4,0.95,-3.857,-0.248,1.923,-53.16,522.81,-477.65,null,null
5,0.95,-0.662,0.946,1.392,311.26,-183.23,129.25,null,null
6,0.95,-1.043,-0.327,1.029,124.88,-272.07,186.32,null,null
7,0.95,2.024,-0.526,-0.556,155.34,-304.27,24.66,null,null
8,0.95,1.545,0.131,0.366,-39.4,232.76,117.56,null,null
9,0.95,1.254,-0.299,-0.668,105.72,-85.36,138.37,null,null
10,0.95,0.972,-0.787,-0.722,-176.82,55.33,45.11,null,null
11,0.95,-1.857,0.146,1.081,-54.69,258.61,-333.6,null,null
12,0.95,0.342,1.798,1.131,56.98,-309.7,19.84,null,null
13,0.95,-0.459,0.318,1.02,-9.25,-18.16,289.41,null,null
14,0.95,1.319,-0.525,-0.566,-21.79,-221.14,0.03,null,null
15,0.95,1.452,-0.24,-0.391,13.86,222.3,-68.94,null,null
16,0.95,1.137,0.198,-0.076,-53.56,-4.76,68.73,null,null
17,0.95,0.735,0.293,0.066,-39.22,-56.73,66.19,null,null
18,0.95,0.773,0.243,-0.102,5.58,-33.42,-16.72,null,null
19,0.95,1.018,0.35,-0.139,44.86,-3.05,-60.49,null,null
0,0.95,0.673,0.534,-0.428,-115.79,-136.57,38.7,null,null
1,0.95,0.554,0.424,-1.379,15.59,-36.87,-3.2,null,null
2,0.95,0.546,0.445,-0.541,132.42,169.29,-57.44,null,null
3,0.95,0.861,-0.501,-0.71,-109.59,-83.59,62.35,null,null
4,0.95,0.869,0.577,-0.058,-61.1,-114.29,-5.98,null,null
5,0.95,0.609,0.37,-0.901,-33.48,-99.37,5.43,null,null
6,0.95,0.526,0.386,-0.891,79.99,115.05,-26.22,null,null
7,0.95,1.844,2.035,4.0,-80.11,82.64,-54.29,null,null
8,0.95,0.945,0.52,0.346,-73.76,-81.09,-3.57,null,null
9,0.95,0.669,0.381,-0.685,-87.28,-105.26,28.05,null,null
10,0.95,0.516,0.453,-1.081,47.24,52.67,-18.1,null,null
11,0.95,0.508,0.521,-0.516,132.66,188.3,-57.44,null,null
12,0.95,0.949,0.059,0.406,-117.77,-24.72,43.46,null,null
13,0.95,0.646,0.623,-0.501,-63.48,-120.85,16.97,null,null
14,0.95,0.593,0.356,-1.029,30.46,-4.46,-20.29,null,null
15,0.95,0.51,0.501,-0.608,120.37,160.13,-55.15,null,null
16,0.95,0.999,0.409,-0.366,-156.35,34.82,7.45,null,null
17,0.95,0.795,0.745,-0.157,-27.34,-117.86,8.24,null,null
18,0.95,0.661,0.313,-0.849,-16.02,-61.16,27.47,null,null
19,0.95,0.483,0.359,-0.848,78.55,110.39,-36.13,null,null
0,0.95,0.999,-0.091,0.355,-142.37,-24.87,47.64,null,null
1,0.95,0.556,0.647,-0.524,-63.14,-137.82,28.23,null,null
2,0.95,0.37,0.502,-1.349,64.79,32.35,-27.8,null,null
3,0.95,0.485,0.573,-0.337,134.59,272.8,-80.72,null,null
4,0.95,0.986,-0.188,0.277,-108.62,-28.05,21.88,null,null
5,0.95,0.598,0.584,-0.516,-84.38,-133.0,28.23,null,null
6,0.95,0.464,0.518,-1.233,46.82,1.8,-31.19,null,null
7,0.95,0.369,0.531,-0.544,119.6,247.87,-62.99,null,null
8,0.95,0.845,0.369,0.449,-79.81,19.71,44.92,null,null
9,0.95,0.622,0.704,-0.395,-24.02,-131.29,-14.5,null,null
10,0.95,0.515,0.501,-1.12,29.66,-21.12,-9.22,null,null
11,0.95,0.326,0.482,-0.806,112.31,192.36,-54.26,null,null
12,0.95,1.14,-0.409,-0.827,-169.01,27.31,5.58,null,null
13,0.95,0.877,0.781,-0.036,-4.82,-125.19,-27.53,null,null
14,0.95,0.525,0.472,-0.819,-4.73,-109.32,19.96,null,null
15,0.95,0.374,0.377,-0.904,53.83,111.06,-23.1,null,null
16,0.95,2.838,3.423,2.755,17.7,-63.97,3.2,null,null
17,0.95,1.026,0.755,0.589,-23.74,-112.31,-13.73,null,null
18,0.95,0.585,0.574,-0.555,-36.23,-154.64,45.9,null,null
19,0.95,0.37,0.292,-1.198,32.84,5.71,-1.71,null,null
0,0.95,0.719,0.456,-0.554,-57.37,-84.38,29.6,null,null
1,0.95,0.583,0.46,-0.815,50.9,65.13,2.96,null,null
2,0.95,0.639,0.485,-0.035,66.68,206.79,2.56,null,null
3,0.95,0.92,0.06,0.448,-38.24,-79.32,-33.81,null,null
4,0.95,0.764,0.596,-0.328,-78.43,-110.08,12.42,null,null
5,0.95,0.595,0.511,-0.965,15.29,-2.56,16.27,null,null
6,0.95,0.515,0.464,-0.454,108.8,163.88,-36.87,null,null
7,0.95,1.073,0.898,0.988,-178.2,-23.07,0.09,null,null
8,0.95,0.695,0.628,-0.273,-75.23,-108.71,23.04,null,null
9,0.95,0.56,0.538,-1.019,12.12,-40.13,-2.81,null,null
10,0.95,0.488,0.547,-0.66,103.18,119.45,-26.92,null,null
11,0.95,0.88,-0.878,-0.834,-28.08,-113.16,94.52,null,null
12,0.95,0.831,0.671,-0.1,-29.73,-98.09,-24.11,null,null
13,0.95,0.61,0.443,-0.922,8.12,-54.84,-6.41,null,null
14,0.95,0.513,0.491,-0.738,90.67,111.55,-29.91,null,null
15,0.95,1.192,-1.359,-1.09,154.42,-150.33,189.7,null,null
16,0.95,0.97,0.528,0.05,-20.42,-98.97,-26.43,null,null
17,0.95,0.656,0.389,-0.74,-39.0,-74.68,2.2,null,null
18,0.95,0.499,0.567,-0.816,51.88,84.63,-18.28,null,null
19,0.95,1.331,0.378,3.228,27.34,234.29,-22.28,null,null
0,0.95,0.898,0.787,-0.099,-2.56,-103.49,-28.6,null,null
1,0.95,0.647,0.428,-0.725,-31.56,-76.45,30.43,null,null
2,0.95,0.489,0.472,-0.782,53.19,92.35,-8.94,null,null
3,0.95,1.373,0.473,4.0,40.01,109.32,-41.29,null,null
4,0.95,0.998,0.746,0.012,7.87,-114.81,-32.41,null,null
5,0.95,0.609,0.515,-0.761,-44.4,-87.95,33.39,null,null
6,0.95,0.491,0.533,-0.896,49.41,70.04,0.4,null,null
7,0.95,1.478,0.205,2.748,36.71,255.99,-19.87,null,null
8,0.95,0.907,0.343,0.305,-68.33,-99.31,-43.58,null,null
9,0.95,0.614,0.695,-0.653,-87.53,-93.3,51.52,null,null
10,0.95,0.491,0.567,-0.845,40.93,70.07,15.08,null,null
11,0.95,0.615,0.659,-0.121,89.27,192.63,-33.88,null,null
12,0.95,0.996,-0.19,0.326,-122.71,-40.19,36.99,null,null
13,0.95,0.614,0.798,-0.485,-54.02,-106.11,-4.09,null,null
14,0.95,0.571,0.645,-0.99,37.2,10.86,-3.23,null,null
15,0.95,0.558,0.636,-0.473,111.7,159.0,-31.56,null,null
16,0.95,1.018,1.636,0.446,-99.15,-22.25,31.8,null,null
17,0.95,0.718,0.558,-0.313,0.95,-124.45,-36.5,null,null
18,0.95,0.602,0.569,-0.911,1.8,-32.01,-5.55,null,null
19,0.95,0.516,0.497,-0.756,80.94,121.31,-25.64,null,null
0,0.95,0.497,0.653,-0.501,77.15,192.91,-25.24,null,null
1,0.95,0.746,-0.581,0.701,-109.93,34.55,49.71,null,null
2,0.95,0.697,0.676,-0.126,-18.49,-135.44,-44.34,null,null
3,0.95,0.627,0.587,-0.777,6.84,-57.34,-17.4,null,null
4,0.95,0.491,0.528,-0.797,73.12,86.61,-18.43,null,null
5,0.95,2.57,2.833,2.163,56.64,-138.77,41.63,null,null
6,0.95,1.062,0.394,0.452,-13.34,-113.99,-40.77,null,null
7,0.95,0.599,0.579,-0.479,-65.07,-121.95,59.08,null,null
8,0.95,0.594,0.398,-0.82,18.16,40.62,17.33,null,null
9,0.95,0.635,0.525,-0.409,80.29,150.0,-40.83,null,null
10,0.95,1.326,0.415,0.836,-180.97,90.79,27.83,null,null
11,0.95,0.758,0.674,-0.242,-51.85,-104.68,10.41,null,null
12,0.95,0.616,0.453,-0.77,12.21,-38.91,-1.43,null,null
13,0.95,0.589,0.433,-0.606,83.56,70.86,-24.26,null,null
14,0.95,1.964,1.158,2.142,-15.96,-39.43,8.42,null,null
15,0.95,0.91,0.535,-0.095,-39.52,-104.74,-16.88,null,null
16,0.95,0.623,0.44,-0.772,-45.35,-72.88,20.45,null,null
17,0.95,0.525,0.437,-0.866,51.48,47.24,-18.52,null,null
18,0.95,0.625,0.559,-0.245,120.24,158.91,-46.75,null,null
19,0.95,0.932,0.053,0.44,-27.38,-85.79,-30.61,null,null
0,0.95,0.54,0.584,-0.558,102.76,120.09,-44.4,null,null
1,0.95,1.134,-0.164,-0.956,-85.7,-23.29,46.08,null,null
2,0.95,0.852,0.641,-0.201,-41.96,-101.99,-6.99,null,null
3,0.95,0.627,0.406,-0.818,-13.43,-63.02,9.28,null,null
4,0.95,0.52,0.426,-0.787,74.16,62.56,-22.74,null,null
5,0.95,0.76,0.591,0.001,82.0,205.02,-20.2,null,null
6,0.95,0.942,-0.01,0.441,-44.4,-69.98,-19.23,null,null
7,0.95,0.721,0.478,-0.485,-81.55,-93.2,27.16,null,null
8,0.95,0.575,0.463,-0.976,14.83,-8.18,-13.67,null,null
9,0.95,0.576,0.534,-0.617,100.92,115.3,-47.52,null,null
10,0.95,1.64,-1.564,-1.163,177.1,-134.4,172.86,null,null
11,0.95,0.939,0.612,-0.051,-48.52,-103.58,-29.54,null,null
12,0.95,0.654,0.411,-0.748,-22.68,-65.89,4.27,null,null
13,0.95,0.577,0.435,-0.761,48.31,55.51,-11.78,null,null
14,0.95,0.769,0.601,-0.022,75.23,192.82,-22.06,null,null
15,0.95,0.824,-0.353,0.344,-66.04,-52.55,9.86,null,null
16,0.95,0.706,0.503,-0.493,-74.56,-89.11,38.54,null,null
17,0.95,0.571,0.459,-0.882,22.55,21.33,-4.58,null,null
18,0.95,0.574,0.58,-0.526,90.18,128.51,-42.02,null,null
19,0.95,1.302,0.95,0.425,-260.51,91.1,44.65,null,null
0,0.95,0.586,0.491,-0.664,90.3,72.54,-19.53,null,null
1,0.95,1.419,-0.118,2.39,41.02,191.72,15.63,null,null
2,0.95,0.957,0.272,0.034,2.11,-96.9,-51.64,null,null
3,0.95,0.75,0.472,-0.441,-85.6,-83.04,29.08,null,null
4,0.95,0.634,0.546,-0.803,20.51,14.53,-1.25,null,null
5,0.95,0.577,0.552,-0.522,99.58,123.97,-36.41,null,null
6,0.95,1.277,-0.228,-1.243,-112.55,36.38,24.45,null,null
7,0.95,0.864,0.615,-0.034,-13.7,-87.86,-14.77,null,null
8,0.95,0.722,0.493,-0.504,-18.62,-47.76,0.79,null,null
9,0.95,0.611,0.447,-0.737,39.09,30.95,-10.86,null,null
10,0.95,0.622,0.614,-0.355,81.33,167.03,-28.66,null,null
11,0.95,0.868,-0.49,0.426,-81.7,-63.51,24.11,null,null
12,0.95,0.708,0.664,-0.323,-61.1,-98.51,18.52,null,null
13,0.95,0.649,0.51,-0.795,14.89,-20.26,-5.1,null,null
14,0.95,0.549,0.514,-0.585,82.52,103.49,-25.85,null,null
15,0.95,0.99,-0.964,-1.54,-83.38,-57.71,71.99,null,null
16,0.95,0.888,0.623,-0.085,5.8,-97.54,-44.43,null,null
17,0.95,0.711,0.419,-0.633,-16.42,-51.21,8.24,null,null
18,0.95,0.575,0.426,-0.677,45.44,56.4,-9.34,null,null
19,0.95,0.591,0.592,-0.287,75.56,174.44,-28.2,null,null
0,0.95,0.953,0.656,0.323,-36.32,-65.8,-45.81,null,null
1,0.95,0.744,0.645,-0.422,-65.22,-77.39,16.82,null,null
2,0.95,0.666,0.494,-0.715,25.67,38.0,8.58,null,null
3,0.95,0.601,0.644,-0.309,103.55,156.83,-20.66,null,null
4,0.95,1.151,-0.18,0.246,-82.06,-17.7,17.76,null,null
5,0.95,0.814,0.641,-0.052,-62.32,-77.36,11.02,null,null
6,0.95,0.763,0.49,-0.486,-19.62,-20.23,5.8,null,null
7,0.95,0.695,0.517,-0.543,63.63,82.19,-10.19,null,null
8,0.95,0.078,1.872,3.14,-203.04,-83.8,-21.45,null,null
9,0.95,0.943,0.348,0.235,-9.95,-70.38,-49.78,null,null
10,0.95,0.818,0.519,-0.32,-49.71,-79.38,11.54,null,null
11,0.95,0.753,0.498,-0.601,16.45,7.23,9.43,null,null
12,0.95,0.651,0.598,-0.326,108.01,128.91,-15.78,null,null
13,0.95,1.042,0.367,0.837,-119.05,-0.64,14.1,null,null
14,0.95,0.786,0.669,-0.115,-35.68,-84.87,-19.53,null,null
15,0.95,0.751,0.511,-0.574,8.79,-23.87,-6.68,null,null
16,0.95,0.69,0.466,-0.515,85.67,81.06,-13.52,null,null
17,0.95,1.811,0.83,0.82,-76.14,-82.4,129.12,null,null
18,0.95,0.951,0.285,0.021,-5.22,-89.57,-36.68,null,null
19,0.95,0.764,0.551,-0.466,-48.59,-75.99,-1.62,null,null
0,0.95,0.808,-0.469,-0.162,-67.26,74.1,15.5,null,null
1,0.95,0.846,0.631,0.04,-20.78,-84.99,-36.04,null,null
2,0.95,0.729,0.516,-0.564,-7.54,-50.23,2.14,null,null
3,0.95,0.631,0.397,-0.64,50.84,60.0,-6.74,null,null
4,0.95,1.137,0.554,2.595,-10.59,139.04,-31.86,null,null
5,0.95,1.074,0.475,0.516,-23.26,-63.42,-31.22,null,null
6,0.95,0.747,0.583,-0.288,-56.49,-95.49,5.49,null,null
7,0.95,0.68,0.505,-0.716,16.69,7.66,-0.18,null,null
8,0.95,0.61,0.539,-0.462,87.5,132.15,-14.77,null,null
9,0.95,0.97,0.21,0.845,-115.3,46.08,43.92,null,null
10,0.95,0.815,0.621,-0.065,-23.5,-91.62,-29.73,null,null
11,0.95,0.72,0.506,-0.68,9.8,-28.57,-4.43,null,null
12,0.95,0.596,0.428,-0.523,70.96,92.35,-10.99,null,null
13,0.95,1.993,-1.092,-0.518,84.29,-26.06,106.72,null,null
14,0.95,0.881,0.603,-0.046,-10.83,-99.31,-52.52,null,null
15,0.95,0.731,0.471,-0.623,-21.58,-54.23,4.82,null,null
16,0.95,0.607,0.498,-0.609,61.31,77.21,-2.69,null,null
17,0.95,0.907,1.526,4.0,-227.09,76.08,-19.2,null,null
18,0.95,1.062,0.437,0.489,-20.54,-61.31,-36.41,null,null
19,0.95,0.691,0.74,-0.508,-70.07,-89.48,-14.25,null,null
0,0.95,0.718,0.487,-0.19,98.03,170.54,-26.58,null,null
1,0.95,1.162,-0.168,0.219,-94.09,-76.69,16.05,null,null
2,0.95,0.678,0.702,-0.357,-46.88,-87.01,-12.67,null,null
3,0.95,0.652,0.542,-0.762,28.6,-0.21,-5.52,null,null
4,0.95,0.597,0.45,-0.513,97.08,119.33,-27.77,null,null
5,0.95,0.901,0.873,1.032,-256.32,126.41,64.67,null,null
6,0.95,0.82,0.563,-0.099,20.87,-119.27,-77.39,null,null
7,0.95,0.651,0.528,-0.738,7.14,-41.47,-6.1,null,null
8,0.95,0.52,0.466,-0.813,104.31,75.56,-28.6,null,null
9,0.95,2.752,2.881,2.376,-79.2,-49.23,20.39,null,null
10,0.95,1.156,0.204,-0.007,14.98,-95.95,-37.63,null,null
11,0.95,0.636,0.496,-0.499,-74.1,-92.32,29.15,null,null
12,0.95,0.524,0.517,-0.963,18.4,43.18,7.29,null,null
13,0.95,0.42,0.286,-0.431,87.47,326.12,15.47,null,null
14,0.95,0.934,1.284,1.024,-83.19,174.57,-8.3,null,null
15,0.95,0.89,0.442,-0.008,-25.94,-169.16,-34.7,null,null
16,0.95,0.569,0.395,-0.843,-37.66,-100.62,17.43,null,null
17,0.95,0.418,0.315,-0.93,55.54,157.48,-4.91,null,null
18,0.95,0.474,1.595,0.472,-222.27,-473.59,24.96,null,null
19,0.95,0.967,0.513,0.652,-28.17,-116.82,-45.59,null,null
0,0.95,0.458,0.295,-0.945,45.23,113.07,-0.89,null,null
1,0.95,2.125,1.311,1.83,102.66,-54.08,16.3,null,null
2,0.95,1.054,0.483,0.091,29.18,-132.76,-43.86,null,null
3,0.95,0.662,0.456,-0.601,-50.87,-101.75,38.48,null,null
4,0.95,0.481,0.341,-0.986,26.89,33.66,-0.18,null,null
5,0.95,0.541,0.576,-0.387,130.28,188.39,-74.86,null,null
6,0.95,1.096,-0.12,0.426,-112.61,-23.77,29.97,null,null
7,0.95,0.623,0.601,-0.447,-69.58,-126.44,17.3,null,null
8,0.95,0.42,0.393,-1.076,28.14,-7.35,-14.07,null,null
9,0.95,0.411,0.443,-0.732,107.49,200.99,-52.77,null,null
10,0.95,1.584,0.372,0.057,-200.63,-5.71,62.2,null,null
11,0.95,0.794,0.506,-0.2,-19.96,-150.27,-32.87,null,null
12,0.95,0.538,0.344,-0.848,-63.2,-95.89,19.35,null,null
13,0.95,0.389,0.484,-1.005,50.17,75.29,-29.94,null,null
14,0.95,0.573,0.546,-0.327,110.69,261.91,-50.51,null,null
15,0.95,1.021,-0.188,0.576,-91.16,-7.69,3.78,null,null
16,0.95,0.626,0.522,-0.481,-71.35,-140.02,21.82,null,null
17,0.95,0.478,0.428,-1.077,19.96,-1.31,-9.16,null,null
18,0.95,0.474,0.466,-0.639,89.97,213.42,-55.36,null,null
19,0.95,1.485,0.358,-0.29,-182.9,22.8,14.31,null,null
0,0.95,0.865,0.449,-0.029,12.21,-152.38,-13.03,null,null
1,0.95,0.644,0.454,-0.685,-3.3,-62.5,7.14,null,null
2,0.95,0.43,0.447,-1.005,70.99,115.76,-34.76,null,null
3,0.95,2.035,1.011,0.088,219.21,-130.62,86.15,null,null
4,0.95,1.017,0.358,0.156,34.15,-145.24,-38.42,null,null
5,0.95,0.668,0.518,-0.535,-40.41,-112.16,25.39,null,null
6,0.95,0.466,0.461,-0.964,24.69,23.32,-3.69,null,null
7,0.95,2.025,0.724,4.0,41.6,299.08,-54.48,null,null
8,0.95,1.019,0.32,0.594,-90.76,-61.01,10.93,null,null
9,0.95,0.664,0.574,-0.443,-52.83,-139.44,22.74,null,null
10,0.95,0.435,0.42,-0.961,18.22,-17.24,5.1,null,null
11,0.95,0.293,0.371,-0.713,88.41,297.98,-55.18,null,null
12,0.95,0.703,0.936,0.616,-127.87,106.2,26.76,null,null
13,0.95,0.804,0.512,-0.118,-3.78,-151.8,-21.42,null,null
14,0.95,0.443,0.383,-0.84,11.84,-126.87,-18.77,null,null
15,0.95,0.053,0.413,-0.981,36.16,366.44,-9.49,null,null
16,0.95,0.864,0.817,0.274,-117.19,196.08,-12.45,null,null
17,0.95,0.937,0.551,-0.004,20.39,-134.59,-22.43,null,null
18,0.95,0.536,0.468,-0.732,-37.17,-107.64,22.43,null,null
19,0.95,0.27,0.396,-1.217,20.78,167.39,16.14,null,null
0,0.95,1.772,-0.983,-0.329,-35.62,119.3,4.55,null,null
1,0.95,1.038,0.35,0.636,32.87,-136.2,-80.94,null,null
2,0.95,0.591,0.558,-0.391,2.5,-177.22,-34.7,null,null
3,0.95,0.314,0.476,-1.287,30.46,139.29,24.93,null,null
4,0.95,1.383,0.715,-0.877,-114.02,-434.92,149.85,null,null
5,0.95,0.863,0.31,0.613,-15.9,-93.11,-46.39,null,null
6,0.95,0.714,0.549,-0.113,-31.89,-141.03,-14.16,null,null
7,0.95,0.424,0.437,-1.133,7.17,36.59,19.96,null,null
8,0.95,0.449,0.237,-0.294,71.78,389.78,-20.78,null,null
9,0.95,0.89,0.278,0.684,26.58,99.4,-21.58,null,null
10,0.95,0.848,0.499,0.024,-2.66,-146.86,-28.26,null,null
11,0.95,0.447,0.498,-1.068,13.09,-74.25,2.69,null,null
12,0.95,0.397,0.239,-0.471,66.19,345.62,3.69,null,null
13,0.95,1.379,0.297,0.467,65.83,28.5,-33.45,null,null
14,0.95,1.014,0.557,0.202,-11.26,-160.83,-15.38,null,null
15,0.95,0.601,0.471,-0.641,-12.27,-136.91,2.35,null,null
16,0.95,0.492,0.378,-0.845,70.19,225.38,4.88,null,null
17,0.95,2.282,-1.072,0.994,103.79,-61.13,58.75,null,null
18,0.95,0.982,0.404,0.585,-50.6,-135.26,-37.81,null,null
19,0.95,0.593,0.616,-0.459,-29.39,-169.38,-6.01,null,null
0,0.95,0.435,0.311,-0.626,52.28,257.36,13.98,null,null
1,0.95,1.218,0.708,0.694,-26.73,238.32,-21.33,null,null
2,0.95,0.981,0.455,0.147,15.47,-151.8,-62.17,null,null
3,0.95,0.478,0.617,-0.927,-13.15,-140.48,12.94,null,null
4,0.95,0.344,0.304,-0.815,69.09,224.13,6.81,null,null
5,0.95,1.212,0.756,0.085,-176.73,161.17,4.91,null,null
6,0.95,1.029,0.507,0.094,-19.5,-136.88,-28.08,null,null
7,0.95,0.499,0.507,-0.911,-35.04,-59.79,39.43,null,null
8,0.95,0.368,0.19,-0.674,5.31,298.41,62.38,null,null
9,0.95,1.283,-0.214,0.074,-84.29,4.61,63.02,null,null
10,0.95,1.101,0.363,0.545,43.12,-132.42,-44.13,null,null
11,0.95,0.703,0.401,-0.416,-40.07,-135.78,27.01,null,null
12,0.95,0.472,0.253,-0.907,-20.54,128.57,83.47,null,null
13,0.95,0.451,0.66,3.606,34.24,-116.37,-19.59,null,null
14,0.95,1.008,-0.188,0.963,-25.18,37.02,-16.17,null,null
15,0.95,0.912,0.113,0.228,-71.29,-119.05,-9.03,null,null
16,0.95,0.714,0.214,-0.699,33.6,-51.55,-14.53,null,null
17,0.95,0.495,-0.087,-0.453,87.31,214.36,-3.66,null,null
18,0.95,0.875,-0.464,0.769,-31.71,160.86,63.72,null,null
19,0.95,1.057,0.076,0.422,-14.71,-97.93,-9.98,null,null
0,0.95,0.547,-0.224,-0.632,17.18,116.73,-25.57,null,null
1,0.95,3.081,-2.512,-1.763,334.21,-184.42,223.43,null,null
2,0.95,1.045,-0.045,0.636,-26.52,-97.26,22.61,null,null
3,0.95,0.732,-0.082,-0.163,-28.2,-91.92,31.07,null,null
4,0.95,0.601,-0.223,-0.579,21.27,65.4,-11.05,null,null
5,0.95,-0.067,2.474,2.155,-85.33,-328.9,-23.13,null,null
6,0.95,0.959,0.507,1.042,27.16,-69.61,3.14,null,null
7,0.95,0.76,-0.108,-0.048,-9.86,-87.5,36.19,null,null
8,0.95,0.579,-0.323,-0.452,13.52,42.91,-12.57,null,null
9,0.95,0.644,-0.058,0.199,12.42,293.07,-80.39,null,null
10,0.95,0.656,0.013,1.138,94.52,33.75,-66.29,null,null
11,0.95,0.746,-0.137,0.103,-13.34,-85.82,61.77,null,null
12,0.95,0.595,-0.423,-0.255,-17.55,15.02,11.93,null,null
13,0.95,0.679,-0.292,-0.006,-26.64,250.19,-72.73,null,null
14,0.95,0.489,0.083,0.897,86.86,43.34,-49.93,null,null
15,0.95,0.775,-0.136,0.251,6.5,-68.15,11.08,null,null
16,0.95,0.693,-0.397,-0.164,2.81,12.45,-13.92,null,null
17,0.95,0.924,-0.686,1.934,-129.25,260.26,-65.77,null,null
18,0.95,0.683,-0.416,0.851,-5.89,8.55,-14.13,null,null
19,0.95,0.784,-0.087,0.446,3.72,-65.4,18.1,null,null
0,0.95,1.015,0.015,0.029,-0.82,2.75,-5.46,null,null
1,0.95,0.99,-0.009,0.003,5.68,-0.12,-5.1,null,null
2,0.95,1.025,0.032,0.087,-7.08,10.71,4.88,null,null
3,0.95,0.994,0.032,0.074,-1.22,-1.5,8.7,null,null
4,0.95,0.99,0.004,0.006,-18.46,1.8,-5.1,null,null
5,0.95,1.025,-0.015,-0.056,9.09,2.23,-11.32,null,null
6,0.95,1.001,-0.033,0.026,1.95,21.7,-25.15,null,null
7,0.95,0.836,-0.345,0.469,-59.85,34.27,-48.89,null,null
8,0.95,1.575,-0.758,0.349,-108.58,119.08,-87.8,null,null
9,0.95,1.236,-0.813,-0.459,-61.59,-26.06,-154.58,null,null
10,0.95,-2.028,-0.721,0.778,-266.03,304.94,-366.95,null,null
11,0.95,0.08,3.271,0.424,245.12,-288.83,161.38,null,null
12,0.95,-0.614,-0.133,1.34,194.59,-236.27,275.83,null,null
13,0.95,0.51,-0.122,0.046,120.24,-202.12,217.72,null,null
14,0.95,1.375,-0.926,-0.327,-43.49,-59.88,157.29,null,null
15,0.95,0.864,-1.236,-0.276,28.47,-10.99,145.91,null,null
16,0.95,0.962,-0.129,-0.096,-1.59,-42.48,-21.61,null,null
17,0.95,1.074,-0.176,0.067,30.06,50.63,-7.66,null,null
18,0.95,0.968,-0.172,-0.105,27.04,-22.25,-10.38,null,null
19,0.95,0.993,-0.134,0.025,38.06,28.29,-4.06,null,null
0,0.95,0.978,-0.155,0.064,-5.43,3.3,-1.34,null,null
1,0.95,0.982,-0.155,0.066,-7.93,2.41,-4.73,null,null
2,0.95,0.984,-0.116,0.105,-21.24,-3.33,-6.84,null,null
3,0.95,0.997,-0.066,-0.033,-7.17,-14.77,-17.94,null,null
4,0.95,1.029,-0.018,-0.021,0.46,-2.38,-2.66,null,null
5,0.95,0.981,-0.151,0.09,-19.23,22.31,-1.28,null,null
6,0.95,0.797,-0.539,0.155,-51.85,-12.3,-57.28,null,null
7,0.95,1.277,-0.795,0.071,-136.08,95.22,-127.35,null,null
8,0.95,1.229,-0.582,-0.238,-62.65,115.42,-166.3,null,null
9,0.95,-0.973,-0.468,0.733,-58.96,251.99,-312.3,null,null
10,0.95,-0.673,3.84,1.294,243.05,-135.32,-224.83,null,null
11,0.95,-0.923,0.494,1.261,125.98,-187.41,275.83,null,null
12,0.95,0.885,0.168,0.167,88.32,-108.49,191.11,null,null
13,0.95,0.968,-0.491,0.021,96.77,-126.35,103.95,null,null
14,0.95,0.967,-0.788,0.057,7.54,70.47,142.34,null,null
15,0.95,0.917,-0.303,0.221,17.79,-16.97,-24.48,null,null
16,0.95,1.035,0.156,-0.042,20.26,-17.09,-39.89,null,null
17,0.95,0.989,0.151,-0.094,-4.76,-2.72,5.25,null,null
18,0.95,1.007,0.04,-0.059,15.75,11.81,2.11,null,null
19,0.95,1.003,-0.039,0.011,8.97,4.91,1.89,null,null
0,0.95,0.997,-0.006,0.055,7.87,0.46,-3.6,null,null
1,0.95,1.007,0.004,0.125,0.79,6.87,0.37,null,null
2,0.95,0.996,0.021,0.071,4.55,-4.21,7.54,null,null
3,0.95,0.97,0.05,0.061,14.31,-1.1,0.34,null,null
4,0.95,1.007,0.024,0.083,18.98,2.5,-7.48,null,null
5,0.95,0.82,0.05,0.27,-18.07,20.39,-10.65,null,null
6,0.95,1.252,-0.515,0.025,-23.93,-7.35,-70.74,null,null
7,0.95,1.378,-0.988,-0.015,-198.16,83.93,-30.98,null,null
8,0.95,0.485,-0.5,-0.329,-188.76,215.19,-204.17,null,null
9,0.95,-3.996,2.366,1.359,-90.98,331.83,-583.61,null,null
10,0.95,-1.31,1.18,1.243,410.47,-68.33,261.6,null,null
11,0.95,0.142,0.281,0.719,239.23,-110.45,204.54,null,null
12,0.95,1.201,-0.164,0.291,114.93,-49.53,153.42,null,null
13,0.95,1.458,-0.437,-0.089,101.96,-55.48,121.28,null,null
14,0.95,0.576,0.256,0.734,10.35,5.8,3.02,null,null
15,0.95,0.837,0.25,0.168,15.32,-33.69,-30.12,null,null
16,0.95,0.956,0.524,0.126,33.27,-8.27,-2.96,null,null
17,0.95,0.912,0.36,0.203,5.83,-2.69,-9.06,null,null
18,0.95,0.923,0.341,0.158,11.02,-8.58,-1.31,null,null
19,0.95,0.922,0.309,0.22,-17.33,4.06,5.65,null,null
0,0.95,0.933,0.348,0.188,-0.95,1.1,-0.85,null,null
1,0.95,0.911,0.409,0.207,-12.42,4.24,5.98,null,null
2,0.95,0.88,0.306,0.29,-42.42,-2.93,-1.5,null,null
3,0.95,0.896,0.315,0.245,-36.13,-27.47,-7.2,null,null
4,0.95,1.05,0.263,-0.058,3.75,-33.75,0.43,null,null
5,0.95,0.934,0.34,0.17,16.14,10.5,2.41,null,null
6,0.95,0.862,-0.107,0.451,-5.37,-35.95,-5.37,null,null
7,0.95,1.193,-0.024,-0.002,-65.49,12.48,-52.52,null,null
8,0.95,1.497,-0.377,0.159,-157.48,168.58,-32.35,null,null
9,0.95,0.552,-0.471,0.156,-130.83,116.98,-167.12,null,null
10,0.95,-3.153,0.136,0.931,342.54,63.78,-502.61,null,null
11,0.95,-1.067,1.706,0.368,314.34,39.89,251.35,null,null
12,0.95,0.094,0.518,0.371,75.69,-46.78,222.88,null,null
13,0.95,1.139,0.118,0.118,34.64,39.12,140.17,null,null
14,0.95,1.168,-0.42,0.11,29.02,-14.44,81.42,null,null
15,0.95,1.01,0.304,0.163,32.01,-12.91,5.95,null,null
16,0.95,0.895,0.431,0.277,16.54,6.59,5.28,null,null
17,0.95,0.916,0.317,0.154,11.26,8.33,16.94,null,null
18,0.95,0.91,0.321,0.162,-10.62,5.13,9.09,null,null
19,0.95,0.944,0.377,0.192,6.96,-14.53,-3.6,null,null
0,0.95,0.864,0.385,0.324,0.15,-4.88,-0.98,null,null
1,0.95,0.862,0.392,0.325,-7.63,-11.2,-1.68,null,null
2,0.95,0.871,0.401,0.29,-8.67,-14.19,-4.21,null,null
3,0.95,0.923,0.354,0.183,20.97,-15.81,-5.49,null,null
4,0.95,0.903,0.407,0.166,5.1,-0.06,-1.59,null,null
5,0.95,0.742,0.432,0.375,-29.97,30.98,13.52,null,null
6,0.95,1.051,0.036,0.243,54.66,-18.46,-49.29,null,null
7,0.95,1.442,-0.311,0.277,-194.37,125.4,16.79,null,null
8,0.95,1.226,-0.148,0.054,-186.99,166.72,-76.54,null,null
9,0.95,-1.563,-0.673,0.759,-72.48,176.89,-254.43,null,null
10,0.95,-0.187,1.48,2.502,-239.48,-31.74,100.34,null,null
11,0.95,-0.939,0.338,1.092,157.51,-227.55,266.58,null,null
12,0.95,1.049,-0.412,0.521,200.23,-117.22,188.12,null,null
13,0.95,1.145,-0.54,0.414,69.8,-153.54,55.12,null,null
14,0.95,0.981,-0.28,0.499,-123.66,42.66,47.98,null,null
15,0.95,0.918,0.345,0.044,51.48,7.45,13.37,null,null
16,0.95,0.902,0.082,0.438,-10.53,0.0,4.97,null,null
17,0.95,0.942,0.16,0.371,15.75,-9.74,-0.76,null,null
18,0.95,0.939,0.202,0.3,-20.2,4.36,1.19,null,null
19,0.95,0.912,0.193,0.293,11.32,-14.89,-1.65,null,null
0,0.95,0.912,0.269,0.278,-7.26,-1.46,1.1,null,null
1,0.95,0.923,0.294,0.263,-6.26,-10.47,-1.68,null,null
2,0.95,0.953,0.215,0.216,8.48,-6.78,-1.1,null,null
3,0.95,0.951,0.197,0.242,18.56,-1.62,-4.67,null,null
4,0.95,0.813,0.02,0.427,-26.03,5.52,-1.95,null,null
5,0.95,1.049,-0.06,-0.089,31.83,-28.81,-71.66,null,null
6,0.95,1.358,-0.02,0.564,-80.39,165.26,-69.22,null,null
7,0.95,0.528,0.191,0.634,12.09,69.49,-196.2,null,null
8,0.95,-1.99,0.191,0.786,-75.9,-76.57,-453.35,null,null
9,0.95,-0.616,1.799,-0.08,156.99,-70.77,207.86,null,null
10,0.95,-0.239,0.131,0.875,36.77,-29.57,282.51,null,null
11,0.95,0.975,-0.002,0.277,133.95,-51.67,141.06,null,null
12,0.95,1.566,0.164,0.231,56.7,-35.1,55.3,null,null
13,0.95,0.949,0.145,0.517,-108.1,-15.23,77.15,null,null
14,0.95,0.805,-0.011,0.217,1.89,-15.59,68.73,null,null
15,0.95,0.907,0.237,0.258,25.48,4.82,-16.48,null,null
16,0.95,0.936,0.274,0.298,3.75,-10.59,-2.14,null,null
17,0.95,0.904,0.285,0.272,-13.09,-15.59,-0.21,null,null
18,0.95,0.935,0.242,0.204,-1.89,-50.08,14.1,null,null
19,0.95,0.987,0.261,0.055,-2.29,-29.08,-2.17,null,null
0,0.95,0.937,0.335,0.177,-8.36,-3.97,1.95,null,null
1,0.95,0.903,0.337,0.173,-21.97,-11.14,1.77,null,null
2,0.95,0.94,0.285,0.133,-12.18,-17.06,0.61,null,null
3,0.95,0.99,0.289,0.016,16.27,-14.83,-9.0,null,null
4,0.95,0.943,0.453,0.099,-4.7,14.59,19.1,null,null
5,0.95,0.82,-0.067,0.364,-39.58,7.29,20.75,null,null
6,0.95,1.172,-0.006,-0.078,-5.28,-10.62,-63.88,null,null
7,0.95,1.37,-0.28,0.12,-97.66,130.62,41.17,null,null
8,0.95,1.158,-0.765,-0.077,-157.84,230.11,5.28,null,null
9,0.95,-0.97,-0.494,0.695,-121.68,260.87,-283.67,null,null
10,0.95,-0.635,3.461,1.512,-52.61,65.52,-199.19,null,null
11,0.95,-0.781,0.41,0.803,107.39,-223.43,241.98,null,null
12,0.95,0.752,0.177,0.56,134.4,-68.06,177.65,null,null
13,0.95,0.979,0.052,0.561,66.81,-28.35,86.67,null,null
14,0.95,1.074,0.119,0.46,21.94,-12.76,50.14,null,null
15,0.95,0.879,-0.009,0.345,-4.21,-66.29,46.39,null,null
16,0.95,0.963,0.046,0.095,26.58,-20.08,35.95,null,null
17,0.95,0.937,0.234,0.26,-11.14,-12.48,27.65,null,null
18,0.95,0.942,0.224,0.217,15.87,-5.34,-1.31,null,null
19,0.95,0.965,0.216,0.23,-9.64,1.98,-5.62,null,null
0,0.95,0.942,0.216,0.222,-10.44,-4.21,2.84,null,null
1,0.95,0.942,0.259,0.21,-22.55,-9.03,-4.21,null,null
2,0.95,0.932,0.241,0.209,-20.08,-15.05,-4.03,null,null
3,0.95,0.995,0.16,0.084,12.12,-16.6,-12.97,null,null
4,0.95,0.997,0.232,0.082,9.64,-5.86,-3.23,null,null
5,0.95,0.826,0.025,0.374,-59.21,15.26,10.71,null,null
6,0.95,1.175,0.096,0.005,20.08,6.59,-60.12,null,null
7,0.95,1.604,-0.416,-0.068,-98.88,128.21,46.97,null,null
8,0.95,0.893,-1.033,-0.009,-92.23,107.52,-20.42,null,null
9,0.95,-2.226,-0.398,0.372,-163.06,353.16,-545.12,null,null
10,0.95,-1.28,2.499,2.529,-300.12,-74.22,-47.7,null,null
11,0.95,-1.257,0.11,0.725,122.26,-253.82,372.84,null,null
12,0.95,0.668,-0.367,0.924,102.82,-178.96,175.33,null,null
13,0.95,0.945,-0.24,0.818,117.92,-161.47,25.94,null,null
14,0.95,1.075,-0.316,-0.129,217.93,-235.02,18.31,null,null
15,0.95,0.936,0.357,0.182,-91.43,-4.64,43.86,null,null
16,0.95,0.825,0.468,-0.01,17.64,-35.04,8.88,null,null
17,0.95,0.913,0.352,-0.063,46.3,1.74,-12.39,null,null
18,0.95,0.959,0.373,0.08,0.92,25.97,-1.34,null,null
19,0.95,0.95,0.374,-0.001,15.11,-16.75,-3.08,null,null
0,0.95,0.893,0.372,0.072,-11.66,-5.8,-1.65,null,null
1,0.95,0.918,0.441,0.079,-25.21,-5.34,-9.77,null,null
2,0.95,0.944,0.318,0.084,-35.31,-28.69,-11.05,null,null
3,0.95,0.905,0.441,-0.039,3.42,-35.55,-16.02,null,null
4,0.95,0.928,0.438,-0.221,19.26,-9.89,-5.58,null,null
5,0.95,0.866,0.42,-0.078,12.48,18.68,-5.22,null,null
6,0.95,0.779,0.479,0.259,-43.82,42.21,18.74,null,null
7,0.95,1.153,0.073,0.163,-110.72,41.02,-43.67,null,null
8,0.95,1.512,0.504,-0.167,-87.47,73.15,-42.76,null,null
9,0.95,1.473,-0.246,0.106,-164.92,166.23,43.12,null,null
10,0.95,0.274,-1.01,0.448,-201.82,229.65,-212.47,null,null
11,0.95,-3.977,2.068,1.492,188.79,242.93,-525.59,null,null
12,0.95,-2.042,0.118,0.798,77.58,-209.97,394.7,null,null
13,0.95,0.692,-0.315,0.445,82.71,-94.06,253.46,null,null
14,0.95,1.101,-0.309,0.628,111.18,-92.23,54.29,null,null
15,0.95,1.132,-0.135,0.47,334.7,-34.39,9.13,null,null
16,0.95,1.028,0.3,-0.085,-72.24,-124.18,-7.32,null,null
17,0.95,0.906,0.423,-0.073,12.94,-29.33,2.44,null,null
18,0.95,0.92,0.366,-0.01,18.74,18.28,-6.07,null,null
19,0.95,0.862,0.485,0.137,-14.1,15.32,-16.57,null,null
0,0.95,0.859,0.483,0.113,-11.47,-23.1,-2.66,null,null
1,0.95,0.922,0.44,0.084,-11.84,-18.89,-1.71,null,null
2,0.95,0.893,0.489,0.027,-4.0,-8.55,1.22,null,null
3,0.95,0.873,0.461,0.018,27.07,10.22,0.37,null,null
4,0.95,0.698,0.493,0.269,-55.02,21.21,13.31,null,null
5,0.95,1.036,0.358,0.202,27.44,-17.91,-34.18,null,null
6,0.95,1.377,0.406,-0.065,8.39,48.31,-33.33,null,null
7,0.95,1.306,-0.207,0.171,-250.22,105.56,102.76,null,null
8,0.95,0.387,-1.461,0.237,2.41,272.65,-138.43,null,null
9,0.95,-4.0,0.634,1.176,-61.25,46.75,-547.65,null,null
10,0.95,-2.234,0.318,1.811,332.8,-204.44,406.29,null,null
11,0.95,0.303,-0.243,0.734,180.7,-113.83,170.87,null,null
12,0.95,1.167,-0.175,0.583,111.09,-113.68,38.36,null,null
13,0.95,1.466,-0.209,-0.097,39.22,-149.45,89.33,null,null
14,0.95,1.049,0.016,0.007,-37.97,-40.89,22.31,null,null
15,0.95,0.943,0.265,-0.002,-13.43,-4.06,11.6,null,null
16,0.95,0.946,0.3,0.153,45.72,-6.2,-4.09,null,null
17,0.95,0.966,0.338,0.125,30.95,-3.85,2.41,null,null
18,0.95,0.959,0.305,0.087,11.87,-7.23,-0.15,null,null
19,0.95,0.925,0.339,0.072,-10.01,-2.35,-0.15,null,null
0,0.95,0.921,0.397,0.102,-5.46,-5.25,-0.73,null,null
1,0.95,0.902,0.397,0.113,-9.28,-5.92,1.74,null,null
2,0.95,0.899,0.438,0.1,-11.05,-5.58,-1.89,null,null
3,0.95,0.928,0.411,0.068,2.04,-7.32,2.32,null,null
4,0.95,0.915,0.352,0.054,23.26,-5.68,-2.62,null,null
5,0.95,0.912,0.446,0.075,-8.15,4.0,4.18,null,null
6,0.95,0.933,0.052,0.117,47.12,-43.46,-16.08,null,null
7,0.95,1.226,0.268,-0.042,-35.89,36.77,-52.22,null,null
8,0.95,1.373,-0.414,0.044,-200.29,216.77,54.51,null,null
9,0.95,0.599,-0.729,0.289,-214.06,283.61,-134.16,null,null
10,0.95,-2.033,-0.341,0.589,-60.21,253.06,-335.25,null,null
11,0.95,-0.753,3.33,1.529,-39.77,89.85,-96.04,null,null
12,0.95,-1.258,-0.021,0.6,75.05,-278.51,255.01,null,null
13,0.95,0.559,-0.231,0.863,223.58,-141.3,209.66,null,null
14,0.95,1.134,-0.186,0.483,251.63,-195.53,59.69,null,null
15,0.95,1.073,0.17,0.301,68.3,-28.2,36.38,null,null
16,0.95,0.947,0.207,-0.199,-48.22,11.05,52.28,null,null
17,0.95,0.907,0.342,0.014,-46.57,20.51,10.62,null,null
18,0.95,0.735,0.566,0.248,43.79,10.74,-39.92,null,null
19,0.95,0.813,0.631,0.23,44.4,10.22,-21.15,null,null
0,0.95,0.849,0.501,0.102,-1.43,-0.85,2.14,null,null
1,0.95,0.854,0.562,0.075,-4.03,-10.01,-1.68,null,null
2,0.95,0.848,0.535,0.039,5.43,-5.28,-2.14,null,null
3,0.95,0.896,0.452,-0.01,45.63,2.23,-4.64,null,null
4,0.95,0.865,0.571,0.044,-1.34,-0.31,-5.34,null,null
5,0.95,0.619,0.442,0.222,-82.28,-5.34,19.04,null,null
6,0.95,1.137,0.419,-0.089,33.36,-28.08,-51.39,null,null
7,0.95,1.387,0.644,-0.015,-142.64,66.07,-16.33,null,null
8,0.95,1.148,-0.579,0.217,-172.52,131.29,22.03,null,null
9,0.95,0.374,-0.536,0.092,-254.92,152.04,-171.54,null,null
10,0.95,-3.217,-0.202,1.516,71.5,289.19,-446.18,null,null
11,0.95,-1.408,1.442,0.988,327.62,-41.23,337.44,null,null
12,0.95,0.103,-0.051,0.751,174.96,-140.9,184.45,null,null
13,0.95,0.909,-0.121,0.627,144.63,-63.81,165.72,null,null
14,0.95,0.842,-0.208,0.285,140.32,-119.69,40.07,null,null
15,0.95,1.132,0.37,0.109,77.09,-24.17,-32.81,null,null
16,0.95,0.977,0.379,-0.105,8.42,-11.78,-3.42,null,null
17,0.95,0.904,0.409,-0.08,4.33,12.48,12.67,null,null
18,0.95,0.842,0.542,0.056,-28.5,16.21,3.81,null,null
19,0.95,0.841,0.349,0.087,18.07,-8.51,-5.89,null,null
0,0.95,0.834,0.542,-0.06,-9.37,-1.86,3.91,null,null
1,0.95,0.818,0.564,-0.069,-24.72,-9.89,5.22,null,null
2,0.95,0.866,0.552,-0.123,-23.93,-18.46,8.06,null,null
3,0.95,0.856,0.37,-0.066,-8.12,-10.5,4.49,null,null
4,0.95,0.954,0.445,-0.189,17.3,-3.51,-4.55,null,null
5,0.95,0.868,0.559,-0.102,5.13,15.84,-0.46,null,null
6,0.95,0.735,0.276,0.139,-35.43,-4.24,14.89,null,null
7,0.95,1.133,0.319,-0.076,-39.61,-13.43,-51.3,null,null
8,0.95,1.627,0.327,-0.164,-143.19,94.55,-36.5,null,null
9,0.95,1.051,-0.753,0.071,-255.23,181.62,45.72,null,null
10,0.95,-1.5,-0.537,0.69,-33.36,314.37,-423.69,null,null
11,0.95,-0.608,3.851,1.146,-232.43,-137.97,-171.91,null,null
12,0.95,-1.899,0.572,1.182,-19.84,-61.37,452.68,null,null
13,0.95,0.511,-0.021,0.76,199.59,-122.07,134.19,null,null
14,0.95,1.099,-0.036,0.377,72.08,-106.75,17.15,null,null
15,0.95,1.186,0.296,-0.034,75.53,-55.79,-55.06,null,null
16,0.95,1.021,0.613,-0.108,-19.26,0.67,20.94,null,null
17,0.95,0.891,0.523,-0.027,17.98,15.05,56.73,null,null
18,0.95,0.79,0.472,0.089,-23.77,16.94,61.19,null,null
19,0.95,0.808,0.391,0.154,1.92,-0.15,10.9,null,null
0,0.95,0.876,0.463,0.132,-1.22,-4.09,-1.68,null,null
1,0.95,0.856,0.519,0.165,-12.97,-2.62,7.9,null,null
2,0.95,0.856,0.475,0.126,-12.85,-14.47,10.68,null,null
3,0.95,0.888,0.357,0.076,9.55,-15.96,-0.31,null,null
4,0.95,0.922,0.447,0.049,4.61,4.21,1.19,null,null
5,0.95,0.745,0.584,0.242,-42.82,8.55,14.01,null,null
6,0.95,1.033,0.201,-0.013,62.5,-30.43,-44.95,null,null
7,0.95,1.476,0.615,-0.317,-43.12,24.23,-22.19,null,null
8,0.95,1.216,-0.789,0.195,-171.12,169.53,77.76,null,null
9,0.95,0.82,-0.748,0.012,-99.83,214.06,-82.22,null,null
10,0.95,-3.392,0.0,1.065,-43.86,273.51,-432.39,null,null
11,0.95,-1.633,0.714,1.969,85.24,-187.66,283.46,null,null
12,0.95,-0.558,0.062,0.686,165.2,-238.47,255.01,null,null
13,0.95,1.124,-0.551,0.686,149.21,-106.72,129.98,null,null
14,0.95,1.355,-0.177,0.029,164.68,-158.54,-23.16,null,null
15,0.95,1.0,0.307,-0.033,-27.16,-53.47,-13.15,null,null
16,0.95,0.952,0.314,-0.001,-30.85,-11.54,13.25,null,null
17,0.95,0.915,0.433,0.081,16.45,-19.07,17.4,null,null
18,0.95,0.862,0.388,0.113,34.06,2.9,2.38,null,null
19,0.95,0.917,0.418,0.146,4.36,8.51,-1.01,null,null
0,0.95,0.828,0.492,0.09,-6.9,-3.54,2.75,null,null
1,0.95,0.86,0.487,0.021,17.58,-2.84,-5.58,null,null
2,0.95,0.811,0.779,0.131,-24.17,19.41,-0.31,null,null
3,0.95,0.732,-0.009,0.309,56.58,-52.61,2.04,null,null
4,0.95,0.959,0.992,-0.213,-30.09,-33.69,-53.5,null,null
5,0.95,1.139,0.457,-0.053,-19.26,62.35,8.91,null,null
6,0.95,1.28,0.332,0.053,-110.72,147.53,76.36,null,null
7,0.95,1.022,-0.822,0.139,-130.41,187.32,1.37,null,null
8,0.95,-0.209,-0.891,0.445,-113.8,213.42,-234.75,null,null
9,0.95,-3.57,0.466,1.486,-117.74,261.73,-487.75,null,null
10,0.95,-1.111,0.106,1.036,485.98,-9.92,337.81,null,null
11,0.95,0.394,0.893,0.534,144.17,28.41,180.97,null,null
12,0.95,1.014,0.858,0.519,24.57,-50.45,102.33,null,null
13,0.95,0.905,-0.177,0.101,14.68,-99.0,66.96,null,null
14,0.95,0.914,0.359,0.031,-94.18,-48.71,-38.67,null,null
15,0.95,0.901,0.86,-0.317,50.81,-37.32,20.81,null,null
16,0.95,0.766,0.61,-0.086,-26.8,-3.2,74.37,null,null
17,0.95,0.75,0.446,-0.073,23.5,-4.21,43.82,null,null
18,0.95,0.783,0.59,-0.07,15.93,15.53,0.67,null,null
19,0.95,0.815,0.541,-0.061,-2.84,8.36,-8.76,null,null
0,0.95,-0.864,0.385,0.24,0.7,0.43,0.34,null,null
1,0.95,-0.872,0.385,0.237,1.31,-0.06,0.18,null,null
2,0.95,-0.87,0.358,0.277,11.6,-2.14,-1.13,null,null
3,0.95,-0.864,0.24,0.416,106.85,-25.33,-25.3,null,null
4,0.95,-0.994,0.299,0.404,248.57,-96.68,-42.79,null,null
5,0.95,-0.89,0.49,0.304,361.4,-127.51,-26.25,null,null
6,0.95,-0.936,0.808,0.115,307.57,-140.26,23.68,null,null
7,0.95,-1.038,0.926,-0.239,243.17,-132.48,54.87,null,null
8,0.95,-1.059,0.887,-0.125,76.33,26.31,108.58,null,null
9,0.95,-0.867,0.787,-0.059,76.85,25.91,112.7,null,null
10,0.95,-0.621,0.456,-0.119,-2.84,45.41,141.12,null,null
11,0.95,-0.359,0.584,-0.323,86.76,13.67,20.02,null,null
12,0.95,-0.584,1.311,-0.802,94.94,134.53,103.43,null,null
13,0.95,-0.427,0.873,-0.515,117.4,207.34,118.02,null,null
14,0.95,-0.024,0.531,-0.071,-71.96,240.42,302.53,null,null
15,0.95,0.158,-0.015,0.17,-70.47,150.18,330.73,null,null
16,0.95,0.203,-0.796,0.267,11.51,55.42,307.14,null,null
17,0.95,0.066,-1.66,0.305,33.81,-44.28,194.49,null,null
18,0.95,0.042,-1.98,-0.093,-52.77,-10.99,-148.9,null,null
19,0.95,0.227,-0.76,0.081,-60.27,19.26,-315.23,null,null
0,0.95,-0.168,0.966,0.005,-3.3,-0.49,-0.73,null,null
1,0.95,-0.157,0.991,0.007,9.55,-4.79,-7.66,null,null
2,0.95,-0.246,1.392,-0.301,59.39,3.45,6.68,null,null
3,0.95,-0.362,1.564,-0.391,40.04,55.06,127.96,null,null
4,0.95,-0.205,1.361,-0.19,61.01,71.84,218.48,null,null
5,0.95,-0.002,0.976,-0.072,31.25,123.51,297.01,null,null
6,0.95,0.341,0.204,0.082,30.95,83.01,275.0,null,null
7,0.95,0.4,-0.274,0.136,0.09,53.65,248.08,null,null
8,0.95,0.431,-0.733,0.27,35.04,-2.75,196.63,null,null
9,0.95,0.363,-1.146,0.04,34.7,25.85,141.76,null,null
10,0.95,0.365,-1.516,0.196,27.25,5.13,37.42,null,null
11,0.95,0.285,-1.495,0.292,-58.96,6.81,-112.58,null,null
12,0.95,0.282,-0.603,0.168,-76.94,14.74,-241.77,null,null
13,0.95,0.562,-0.208,0.145,-34.21,-30.06,-240.21,null,null
14,0.95,0.748,0.062,-0.097,-34.97,-88.05,-233.16,null,null
15,0.95,0.291,0.641,-0.171,-52.0,-79.44,-272.16,null,null
16,0.95,-0.085,0.877,-0.002,-126.01,-49.99,-188.27,null,null
17,0.95,-0.461,1.311,0.192,-169.01,-18.83,-189.79,null,null
18,0.95,-0.427,1.928,-0.456,73.43,38.33,-18.62,null,null
19,0.95,-0.131,1.222,0.032,-14.98,19.44,29.02,null,null
0,0.95,-0.857,0.392,0.255,14.56,-5.25,-2.66,null,null
1,0.95,-0.892,0.274,0.436,83.96,-20.39,-14.07,null,null
2,0.95,-0.738,0.394,0.596,224.71,-70.62,-44.92,null,null
3,0.95,-0.949,0.8,0.664,263.56,-155.34,0.67,null,null
4,0.95,-0.994,0.914,0.266,291.85,-194.37,40.04,null,null
5,0.95,-0.987,0.984,0.12,152.71,-104.31,106.72,null,null
6,0.95,-0.849,0.841,0.115,124.79,-40.28,118.87,null,null
7,0.95,-0.598,0.553,-0.082,130.62,-23.87,112.13,null,null
8,0.95,-0.232,0.19,-0.172,22.68,4.3,91.86,null,null
9,0.95,-0.393,1.27,-0.994,115.36,-9.0,0.98,null,null
10,0.95,-0.594,1.176,-0.859,111.82,196.05,118.81,null,null
11,0.95,-0.139,0.762,-0.266,-5.49,283.61,281.66,null,null
12,0.95,0.039,0.329,0.097,-28.5,240.61,334.12,null,null
13,0.95,-0.002,-0.9,0.414,-15.5,95.8,322.46,null,null
14,0.95,-0.036,-1.488,0.464,49.53,21.12,147.92,null,null
15,0.95,-0.058,-2.175,0.423,-75.84,0.34,-188.88,null,null
16,0.95,0.031,-0.743,0.493,-112.74,-42.33,-350.57,null,null
17,0.95,-0.219,0.053,0.423,-82.95,-167.36,-391.06,null,null
18,0.95,-1.169,0.91,0.139,-166.42,-98.27,-416.55,null,null
19,0.95,-0.215,2.338,-1.746,155.19,-221.23,-324.75,null,null
0,0.95,-0.895,0.346,0.101,18.31,21.33,-9.28,null,null
1,0.95,-1.194,0.325,0.608,175.88,-54.9,6.68,null,null
2,0.95,-1.141,0.942,0.819,281.66,-208.44,2.44,null,null
3,0.95,-1.288,0.852,0.438,297.49,-265.11,124.79,null,null
4,0.95,-1.177,0.75,0.02,336.59,-184.21,129.67,null,null
5,0.95,-0.756,0.611,0.107,58.99,-0.37,128.45,null,null
6,0.95,-0.473,0.411,-0.114,96.96,-24.08,105.59,null,null
7,0.95,-0.288,0.596,-0.327,62.96,20.11,33.36,null,null
8,0.95,-0.339,1.162,-1.008,126.29,63.6,113.96,null,null
9,0.95,-0.202,1.303,-0.821,117.71,210.82,146.82,null,null
10,0.95,0.058,0.735,-0.298,18.71,263.16,291.15,null,null
11,0.95,-0.251,-0.228,0.405,-60.85,193.43,406.81,null,null
12,0.95,-0.111,-1.457,0.568,56.67,21.3,217.2,null,null
13,0.95,0.129,-2.238,0.538,25.12,-110.78,4.49,null,null
14,0.95,0.03,-1.107,0.468,-84.32,-44.22,-321.79,null,null
15,0.95,0.225,0.022,0.141,-175.08,-99.25,-311.99,null,null
16,0.95,-0.183,0.393,0.006,-50.2,-140.02,-361.4,null,null
17,0.95,-1.637,1.809,0.092,167.67,-236.7,-488.75,null,null
18,0.95,-0.638,1.479,-0.9,-146.49,-196.72,-109.53,null,null
19,0.95,-0.528,1.49,-0.401,-122.44,18.71,41.96,null,null
0,0.95,0.861,-0.493,-0.019,3.66,-1.43,-3.72,null,null
1,0.95,0.852,-0.541,0.0,-1.13,-1.19,-2.38,null,null
2,0.95,0.831,-0.988,0.122,-34.85,-17.76,-45.72,null,null
3,0.95,0.73,-0.699,0.009,-31.92,-57.04,-173.86,null,null
4,0.95,0.637,-0.208,-0.042,-69.49,-38.24,-222.21,null,null
5,0.95,0.423,0.219,0.056,-122.65,-46.66,-219.24,null,null
6,0.95,-0.068,0.952,-0.266,-75.35,-22.22,-267.71,null,null
7,0.95,-0.458,1.252,-0.056,14.13,-57.25,-243.2,null,null
8,0.95,-0.241,1.576,-0.35,-6.9,-36.99,-72.27,null,null
9,0.95,-0.343,1.645,-0.374,79.26,-27.34,-52.67,null,null
10,0.95,-0.444,1.543,-0.636,50.08,42.73,84.57,null,null
11,0.95,-0.474,1.269,-0.357,51.24,84.81,202.76,null,null
12,0.95,-0.069,0.809,-0.254,43.09,108.22,252.6,null,null
13,0.95,0.356,0.463,-0.197,44.95,91.89,221.29,null,null
14,0.95,0.504,0.029,-0.106,5.46,76.11,223.61,null,null
15,0.95,0.557,-0.37,-0.057,14.22,55.64,206.18,null,null
16,0.95,0.751,-1.099,0.102,47.55,15.72,58.9,null,null
17,0.95,0.815,-0.851,0.001,9.58,2.14,-16.11,null,null
18,0.95,0.876,-0.363,0.041,8.39,5.13,-33.08,null,null
19,0.95,0.934,-0.372,0.002,-9.22,1.65,19.5,null,null
0,0.95,0.946,-0.351,0.017,-25.09,5.22,10.13,null,null
1,0.95,0.944,-0.345,-0.109,5.74,-5.95,-8.27,null,null
2,0.95,0.902,-0.471,-0.022,-24.2,18.07,22.64,null,null
3,0.95,0.817,-0.949,0.045,-34.97,-18.68,-81.51,null,null
4,0.95,0.669,-0.166,-0.088,-43.58,-56.83,-172.86,null,null
5,0.95,0.665,0.235,-0.145,-44.5,-26.86,-198.03,null,null
6,0.95,0.511,0.51,-0.318,-66.87,-33.36,-178.84,null,null
7,0.95,0.168,0.82,-0.094,-54.87,9.09,-212.01,null,null
8,0.95,-0.203,1.199,-0.034,-56.61,5.01,-201.57,null,null
9,0.95,-0.149,1.616,-0.085,-61.04,-16.02,-143.5,null,null
10,0.95,-0.163,1.672,0.031,12.94,2.32,-16.36,null,null
11,0.95,-0.196,1.625,-0.097,47.49,14.47,93.14,null,null
12,0.95,-0.237,1.28,0.029,57.41,21.36,195.32,null,null
13,0.95,0.051,0.933,0.002,40.44,-3.78,251.08,null,null
14,0.95,0.39,0.463,-0.056,23.38,-3.91,247.35,null,null
15,0.95,0.623,0.013,-0.085,36.93,-3.63,196.23,null,null
16,0.95,0.718,-0.241,-0.095,36.77,-1.53,161.41,null,null
17,0.95,0.717,-0.863,-0.202,21.18,-9.89,148.5,null,null
18,0.95,0.727,-0.885,-0.244,42.39,1.8,0.92,null,null
19,0.95,0.846,-0.459,-0.098,-1.34,13.15,-18.07,null,null
0,0.95,0.802,-0.585,-0.089,0.73,1.22,-2.69,null,null
1,0.95,0.804,-0.593,-0.089,0.15,-1.34,0.15,null,null
2,0.95,0.717,-0.918,-0.116,24.81,-10.44,-24.23,null,null
3,0.95,0.64,-0.997,-0.112,21.79,-19.32,-135.65,null,null
4,0.95,0.544,-0.3,-0.063,24.14,-15.93,-233.89,null,null
5,0.95,0.51,0.038,-0.012,-27.8,-14.31,-229.74,null,null
6,0.95,0.11,0.67,0.141,64.46,-45.69,-337.72,null,null
7,0.95,-0.368,0.926,-0.058,-39.98,-89.72,-217.84,null,null
8,0.95,-0.516,1.086,0.0,-124.7,-86.06,-200.17,null,null
9,0.95,-0.48,1.949,-0.907,106.36,-6.35,-45.84,null,null
10,0.95,-0.445,1.454,-0.625,52.52,27.22,33.72,null,null
11,0.95,-0.44,1.228,-0.347,-33.05,83.01,169.68,null,null
12,0.95,-0.313,1.039,-0.037,60.18,68.94,238.38,null,null
13,0.95,0.261,0.794,-0.074,7.08,47.58,254.55,null,null
14,0.95,0.502,0.184,-0.014,15.72,31.4,241.04,null,null
15,0.95,0.553,-0.057,-0.082,8.24,9.7,207.62,null,null
16,0.95,0.621,-0.568,0.069,86.09,-17.37,171.39,null,null
17,0.95,0.627,-1.45,-0.124,21.06,-35.31,84.63,null,null
18,0.95,0.667,-0.863,-0.272,9.95,-3.05,-38.0,null,null
19,0.95,0.799,-0.45,-0.12,-15.59,24.93,-29.69,null,null
0,0.95,0.814,-0.588,-0.026,-0.7,0.18,3.33,null,null
1,0.95,0.698,-1.294,-0.061,-15.93,-15.08,-50.02,null,null
2,0.95,0.618,-0.712,0.006,-35.68,-16.79,-200.78,null,null
3,0.95,0.447,-0.028,0.01,-49.04,-22.64,-260.9,null,null
4,0.95,0.053,0.692,-0.124,37.08,-72.48,-333.35,null,null
5,0.95,-0.135,0.631,0.08,-84.08,-25.54,-215.7,null,null
6,0.95,-0.49,1.027,0.124,-57.07,-16.36,-255.56,null,null
7,0.95,-0.356,2.34,-0.702,13.67,-82.13,-149.14,null,null
8,0.95,-0.377,1.674,-0.289,29.6,6.44,44.43,null,null
9,0.95,-0.361,1.353,-0.239,12.15,48.31,146.46,null,null
10,0.95,-0.446,0.985,-0.005,56.52,45.5,239.23,null,null
11,0.95,0.304,0.796,-0.122,36.9,15.78,227.24,null,null
12,0.95,0.505,0.456,-0.09,28.08,49.2,245.28,null,null
13,0.95,0.417,-0.068,-0.104,3.51,29.91,244.09,null,null
14,0.95,0.572,-0.834,-0.108,18.56,23.32,209.17,null,null
15,0.95,0.8,-0.903,-0.101,36.5,8.33,25.85,null,null
16,0.95,0.815,-0.605,-0.057,11.72,5.46,-17.85,null,null
17,0.95,0.866,-0.425,-0.065,3.08,1.68,-11.54,null,null
18,0.95,0.884,-0.499,-0.084,2.87,-2.08,-1.56,null,null
19,0.95,0.849,-0.501,-0.081,-1.53,3.02,2.23,null,null
0,0.95,0.867,-0.496,-0.033,-2.14,-0.92,-1.56,null,null
1,0.95,0.868,-0.468,-0.062,1.74,-0.61,-2.44,null,null
2,0.95,0.787,-0.808,-0.03,-6.1,0.79,5.07,null,null
3,0.95,0.623,-1.125,-0.021,-18.98,-7.2,-155.31,null,null
4,0.95,0.446,-0.1,0.042,-26.12,-22.64,-253.55,null,null
5,0.95,0.289,0.269,0.029,-18.71,-16.91,-304.36,null,null
6,0.95,-0.217,1.408,-0.106,-1.07,-56.73,-302.47,null,null
7,0.95,-0.261,0.921,0.16,-89.63,-5.22,-199.53,null,null
8,0.95,-0.369,1.504,0.131,-38.48,-31.46,-191.96,null,null
9,0.95,-0.418,1.868,-0.141,62.87,3.88,-26.22,null,null
10,0.95,-0.422,1.629,-0.359,57.8,11.96,93.42,null,null
11,0.95,-0.459,1.164,-0.058,44.89,46.88,209.23,null,null
12,0.95,-0.054,0.859,-0.051,76.14,21.12,193.33,null,null
13,0.95,0.36,0.706,-0.191,48.22,32.65,198.98,null,null
14,0.95,0.556,0.367,-0.17,51.18,48.74,199.9,null,null
15,0.95,0.665,-0.078,-0.162,96.22,63.42,136.33,null,null
16,0.95,0.612,-0.194,0.008,-64.03,100.5,241.19,null,null
17,0.95,0.686,-1.314,0.026,-33.42,0.95,142.77,null,null
18,0.95,0.696,-0.937,-0.128,14.04,-1.13,-11.23,null,null
19,0.95,0.8,-0.482,-0.053,-11.75,15.08,-27.41,null,null
0,0.95,0.826,-0.579,0.031,0.95,-1.74,2.35,null,null
1,0.95,0.793,-0.617,0.024,-1.1,-2.01,2.08,null,null
2,0.95,0.688,-1.249,0.069,-23.83,-8.15,-40.62,null,null
3,0.95,0.629,-0.778,0.082,-13.86,-44.4,-196.66,null,null
4,0.95,0.522,-0.286,0.009,-59.72,-28.11,-266.73,null,null
5,0.95,0.152,0.464,0.115,-4.03,-41.44,-298.72,null,null
6,0.95,0.12,0.724,-0.036,-105.17,-32.96,-168.92,null,null
7,0.95,-0.369,0.819,0.048,-6.68,-51.67,-212.93,null,null
8,0.95,-0.754,1.974,-0.293,102.76,-139.81,-325.05,null,null
9,0.95,-0.461,1.541,-0.139,-60.58,11.81,18.83,null,null
10,0.95,-0.382,1.617,-0.381,23.1,25.64,84.78,null,null
11,0.95,-0.503,1.358,0.015,26.52,33.39,274.76,null,null
12,0.95,0.033,0.969,-0.121,47.06,41.11,295.54,null,null
13,0.95,0.486,0.465,-0.101,39.12,37.26,220.47,null,null
14,0.95,0.515,0.074,-0.095,52.43,26.83,196.2,null,null
15,0.95,0.531,-0.19,-0.097,13.76,28.14,205.91,null,null
16,0.95,0.633,-0.749,-0.126,73.24,18.04,191.99,null,null
17,0.95,0.527,-1.385,-0.169,44.62,-29.33,14.13,null,null
18,0.95,0.68,-0.674,-0.1,48.62,-4.36,-69.89,null,null
19,0.95,0.838,-0.456,0.021,13.31,-4.43,-23.68,null,null
0,0.95,0.767,-0.631,0.005,4.24,-3.97,1.95,null,null
1,0.95,0.76,-0.636,-0.016,1.65,-2.04,-0.27,null,null
2,0.95,0.781,-0.632,-0.003,3.14,-2.32,-2.11,null,null
3,0.95,0.728,-0.789,0.045,-1.5,-2.41,5.34,null,null
4,0.95,0.532,-1.283,-0.016,-33.11,-20.48,-133.4,null,null
5,0.95,0.535,-0.465,0.023,-30.27,-19.81,-250.62,null,null
6,0.95,0.27,0.148,0.0,13.12,-54.6,-333.54,null,null
7,0.95,-0.009,0.823,0.118,-25.15,-42.57,-272.26,null,null
8,0.95,-0.229,0.801,-0.02,-32.38,-56.64,-213.02,null,null
9,0.95,-0.562,1.509,-0.264,-33.54,-138.98,-238.44,null,null
10,0.95,-0.461,1.905,-0.614,-20.54,16.51,22.77,null,null
11,0.95,-0.404,1.61,-0.528,41.9,53.19,105.87,null,null
12,0.95,-0.452,1.407,-0.289,67.84,64.73,195.23,null,null
13,0.95,-0.08,0.967,-0.081,38.09,40.38,289.99,null,null
14,0.95,0.38,0.364,-0.098,21.64,52.89,281.99,null,null
15,0.95,0.568,0.015,-0.118,34.58,21.52,211.34,null,null
16,0.95,0.609,-0.283,-0.139,-25.12,9.4,213.05,null,null
17,0.95,0.632,-1.155,-0.334,-27.07,-14.37,194.4,null,null
18,0.95,0.566,-1.256,-0.357,62.44,-16.3,-22.61,null,null
19,0.95,0.686,-0.635,-0.183,30.3,7.51,-76.51,null,null
0,0.95,0.615,-1.085,-0.151,23.74,-21.06,-108.8,null,null
1,0.95,0.531,-0.394,-0.219,9.67,-6.9,-240.58,null,null
2,0.95,0.541,-0.01,-0.067,8.24,17.0,-272.44,null,null
3,0.95,0.082,0.676,0.121,36.01,-44.47,-348.31,null,null
4,0.95,-0.343,0.999,-0.101,-29.85,-90.52,-234.81,null,null
5,0.95,-0.608,1.265,-0.061,-59.02,-74.01,-213.78,null,null
6,0.95,-0.452,1.841,-0.49,29.27,-47.43,-104.31,null,null
7,0.95,-0.533,1.686,-0.514,57.8,-13.52,16.94,null,null
8,0.95,-0.556,1.287,-0.327,68.06,74.86,138.04,null,null
9,0.95,-0.393,1.054,-0.061,58.05,75.66,204.57,null,null
10,0.95,0.015,0.988,-0.173,56.55,71.41,214.09,null,null
11,0.95,0.355,0.783,-0.227,51.12,77.7,235.48,null,null
12,0.95,0.548,0.089,-0.088,16.17,80.97,220.31,null,null
13,0.95,0.585,-0.222,-0.031,-42.36,61.22,226.57,null,null
14,0.95,0.651,-1.065,0.039,22.13,4.12,131.87,null,null
15,0.95,0.716,-0.911,-0.031,17.37,-10.47,-3.11,null,null
16,0.95,0.832,-0.476,-0.054,1.83,7.57,-28.05,null,null
17,0.95,0.847,-0.433,-0.06,-20.97,7.11,8.18,null,null
18,0.95,0.873,-0.529,-0.022,7.66,12.12,6.56,null,null
19,0.95,0.823,-0.615,0.008,-14.83,0.09,11.41,null,null
0,0.95,0.788,-0.86,0.023,-6.56,1.25,7.17,null,null
1,0.95,0.667,-1.06,0.018,6.81,-46.66,-136.91,null,null
2,0.95,0.556,-0.257,-0.097,-10.07,-49.01,-236.92,null,null
3,0.95,0.261,0.095,-0.031,32.23,-60.43,-309.46,null,null
4,0.95,-0.364,0.982,-0.219,-69.12,-104.16,-295.48,null,null
5,0.95,-0.789,0.921,0.067,-63.36,-59.42,-267.68,null,null
6,0.95,-0.578,1.756,-0.068,-67.42,-65.68,-207.43,null,null
7,0.95,-0.533,1.834,-0.185,12.63,-11.75,-7.17,null,null
8,0.95,-0.499,1.498,-0.327,9.0,31.56,140.84,null,null
9,0.95,-0.499,1.08,-0.066,48.1,22.0,223.24,null,null
10,0.95,-0.053,0.955,-0.038,37.66,47.46,239.33,null,null
11,0.95,0.404,0.562,-0.07,50.05,55.79,220.5,null,null
12,0.95,0.559,0.128,-0.04,37.75,40.35,199.74,null,null
13,0.95,0.614,-0.175,0.008,56.83,23.41,159.89,null,null
14,0.95,0.785,-0.548,0.11,1.77,85.18,195.41,null,null
15,0.95,0.809,-1.216,0.154,12.76,-16.14,36.87,null,null
16,0.95,0.774,-0.457,-0.02,7.45,-14.77,-45.72,null,null
17,0.95,0.891,-0.259,-0.013,-1.56,4.67,-16.97,null,null
18,0.95,0.932,-0.376,0.005,-2.32,6.16,23.01,null,null
19,0.95,0.898,-0.59,0.037,-2.84,1.92,8.36,null,null
0,0.95,0.893,-0.433,0.042,0.79,-1.89,2.04,null,null
1,0.95,0.88,-0.454,0.03,-0.24,-2.23,4.82,null,null
2,0.95,0.831,-1.01,0.128,-11.11,-15.35,-14.95,null,null
3,0.95,0.713,-0.85,0.024,-19.29,-46.97,-147.13,null,null
4,0.95,0.633,-0.132,-0.141,-37.42,-41.75,-216.62,null,null
5,0.95,0.436,0.353,-0.109,32.29,-33.51,-259.83,null,null
6,0.95,0.226,0.652,-0.047,-93.81,-51.21,-182.41,null,null
7,0.95,-0.059,0.89,-0.081,-83.99,-40.31,-179.24,null,null
8,0.95,-0.526,0.946,0.308,-101.35,-38.27,-233.07,null,null
9,0.95,-0.241,2.225,-0.726,16.36,-47.79,-58.63,null,null
10,0.95,-0.414,1.804,-0.496,95.77,2.69,16.42,null,null
11,0.95,-0.46,1.331,-0.219,55.57,66.74,159.98,null,null
12,0.95,-0.298,1.107,0.003,52.37,46.51,239.48,null,null
13,0.95,0.218,0.857,-0.102,20.84,64.76,258.03,null,null
14,0.95,0.462,0.313,-0.015,15.9,48.62,236.64,null,null
15,0.95,0.566,-0.06,-0.031,-3.36,36.68,221.56,null,null
16,0.95,0.589,-0.772,-0.012,-28.57,6.59,225.41,null,null
17,0.95,0.666,-1.179,-0.167,30.4,-19.75,39.92,null,null
18,0.95,0.804,-0.587,-0.101,25.91,3.57,-58.35,null,null
19,0.95,0.926,-0.201,-0.051,-26.98,1.04,-6.93,null,null
0,0.95,-0.86,0.432,0.191,-2.41,-1.65,1.22,null,null
1,0.95,-0.862,0.42,0.198,-0.89,-0.61,1.01,null,null
2,0.95,-0.858,0.506,0.164,-9.52,8.73,-12.73,null,null
3,0.95,-0.807,0.883,0.724,10.07,20.48,0.37,null,null
4,0.95,-1.021,1.022,0.664,-58.84,-75.93,72.12,null,null
5,0.95,-1.14,0.849,0.576,-69.49,-124.45,112.28,null,null
6,0.95,-0.916,0.641,0.507,-94.55,-127.78,111.64,null,null
7,0.95,-0.477,0.381,0.552,-104.34,-107.43,73.73,null,null
8,0.95,-0.245,0.303,0.623,-129.0,-88.78,48.77,null,null
9,0.95,0.083,0.023,0.528,-76.75,-108.92,29.27,null,null
10,0.95,0.213,0.056,0.579,10.65,-44.34,5.25,null,null
11,0.95,0.285,-0.004,0.773,-12.88,10.19,-0.55,null,null
12,0.95,0.3,0.19,0.969,-20.23,12.02,6.29,null,null
13,0.95,0.322,-0.01,0.986,-6.87,2.87,8.73,null,null
14,0.95,0.286,0.072,0.915,6.29,10.74,-3.48,null,null
15,0.95,0.256,0.077,0.955,13.37,3.69,-5.8,null,null
16,0.95,0.259,0.09,0.953,-1.53,2.66,-1.22,null,null
17,0.95,0.229,0.075,1.03,-9.49,14.47,-2.81,null,null
18,0.95,0.243,0.085,0.952,1.56,-2.5,-0.49,null,null
19,0.95,0.248,0.094,0.941,-2.14,-1.31,2.11,null,null
0,0.95,-0.868,0.438,0.142,-40.86,-9.77,14.4,null,null
1,0.95,-0.846,0.402,0.151,-18.92,3.78,4.55,null,null
2,0.95,-0.847,0.435,0.155,-1.65,11.69,-2.23,null,null
3,0.95,-0.866,0.449,0.167,10.35,9.37,-2.72,null,null
4,0.95,-0.869,0.447,0.134,6.01,-2.99,-3.23,null,null
5,0.95,-0.879,0.578,0.216,-49.81,28.29,-9.43,null,null
6,0.95,-0.958,0.673,0.565,17.0,30.12,-7.63,null,null
7,0.95,-1.042,0.939,0.515,-26.58,-109.44,60.46,null,null
8,0.95,-1.094,0.817,0.626,-77.55,-172.0,94.61,null,null
9,0.95,-0.837,0.673,0.636,-113.28,-135.81,108.46,null,null
10,0.95,-0.509,0.497,0.667,-80.02,-140.72,81.27,null,null
11,0.95,-0.215,0.385,0.638,-91.83,-104.68,70.31,null,null
12,0.95,0.048,0.058,0.706,-135.35,-78.8,66.38,null,null
13,0.95,0.195,-0.018,0.601,-0.79,-72.66,12.73,null,null
14,0.95,0.349,-0.025,0.622,-1.34,-9.37,4.49,null,null
15,0.95,0.382,-0.045,0.757,-10.28,6.01,7.05,null,null
16,0.95,0.387,0.042,0.904,18.74,20.14,-11.38,null,null
17,0.95,0.372,0.126,0.947,9.09,6.13,-5.13,null,null
18,0.95,0.377,0.068,0.947,-16.63,-0.73,6.2,null,null
19,0.95,0.364,0.084,0.917,6.78,-1.86,4.55,null,null
0,0.95,-0.855,0.466,0.096,-14.86,-4.88,-2.96,null,null
1,0.95,-0.835,0.455,0.065,-2.96,7.39,2.23,null,null
2,0.95,-0.882,0.449,0.139,6.81,-0.34,-1.07,null,null
3,0.95,-0.841,0.616,0.33,17.85,13.25,0.31,null,null
4,0.95,-1.054,1.246,0.639,24.2,-34.46,20.36,null,null
5,0.95,-1.176,0.999,0.56,-30.12,-161.38,96.77,null,null
6,0.95,-1.107,0.909,0.498,-71.29,-224.49,121.46,null,null
7,0.95,-0.694,0.689,0.551,-83.47,-178.75,128.3,null,null
8,0.95,-0.278,0.476,0.547,-114.23,-120.12,106.97,null,null
9,0.95,0.054,0.245,0.572,-116.4,-55.39,60.43,null,null
10,0.95,0.246,-0.005,0.568,-74.4,-76.24,21.39,null,null
11,0.95,0.394,0.041,0.387,21.36,-57.01,6.47,null,null
12,0.95,0.524,0.023,0.575,6.99,27.19,-2.53,null,null
13,0.95,0.495,0.065,0.913,-16.66,31.5,7.93,null,null
14,0.95,0.53,0.069,0.942,9.03,9.43,-1.53,null,null
15,0.95,0.48,0.045,0.936,-11.78,-0.03,4.94,null,null
16,0.95,0.47,0.05,0.873,-0.52,-5.28,6.2,null,null
17,0.95,0.464,0.048,0.89,5.25,-11.66,8.79,null,null
18,0.95,0.527,0.035,0.801,11.57,-21.39,1.1,null,null
19,0.95,0.529,0.05,0.874,-5.8,7.23,1.92,null,null
0,0.95,-0.826,0.396,0.267,-5.13,1.83,-1.59,null,null
1,0.95,-0.845,0.383,0.301,-4.88,2.81,2.84,null,null
2,0.95,-0.817,0.39,0.361,10.56,3.08,-3.54,null,null
3,0.95,-0.76,0.532,0.795,44.5,10.25,-5.1,null,null
4,0.95,-0.929,0.774,1.005,25.24,-68.42,20.2,null,null
5,0.95,-1.07,0.778,0.792,-13.52,-162.91,60.46,null,null
6,0.95,-0.868,0.707,0.722,-35.43,-172.83,76.51,null,null
7,0.95,-0.575,0.568,0.677,-70.07,-152.1,82.28,null,null
8,0.95,-0.172,0.432,0.613,-72.33,-127.57,73.4,null,null
9,0.95,0.082,0.207,0.607,-73.61,-86.7,55.12,null,null
10,0.95,0.231,0.111,0.615,-40.41,-68.15,32.14,null,null
11,0.95,0.421,0.006,0.49,-5.52,-45.44,8.48,null,null
12,0.95,0.49,0.053,0.551,16.11,-7.57,-1.1,null,null
13,0.95,0.542,0.099,0.766,-5.98,18.1,-2.84,null,null
14,0.95,0.525,0.13,0.928,-8.51,21.39,-2.99,null,null
15,0.95,0.521,0.152,0.894,4.79,-0.03,1.34,null,null
16,0.95,0.497,0.135,0.869,3.51,-0.73,6.53,null,null
17,0.95,0.494,0.102,0.852,-4.46,-2.47,13.73,null,null
18,0.95,0.529,0.034,0.856,-6.29,8.24,6.2,null,null
19,0.95,0.508,0.06,0.868,1.25,3.48,-4.39,null,null
0,0.95,-0.857,0.386,0.162,-32.53,14.16,4.79,null,null
1,0.95,-0.863,0.501,0.312,-18.13,-14.53,8.94,null,null
2,0.95,-0.813,0.791,0.695,84.84,-20.23,10.41,null,null
3,0.95,-1.021,1.035,0.709,-25.54,-118.02,57.16,null,null
4,0.95,-1.079,0.951,0.536,-48.52,-158.27,91.92,null,null
5,0.95,-0.876,0.846,0.539,-57.07,-164.56,118.93,null,null
6,0.95,-0.52,0.594,0.528,-83.86,-139.16,107.82,null,null
7,0.95,-0.105,0.372,0.505,-109.32,-103.73,77.91,null,null
8,0.95,0.162,0.187,0.521,-57.77,-74.37,38.24,null,null
9,0.95,0.351,0.088,0.438,-46.39,-51.73,25.88,null,null
10,0.95,0.417,0.083,0.533,-9.8,4.39,6.13,null,null
11,0.95,0.465,0.128,0.703,-58.23,34.21,9.86,null,null
12,0.95,0.432,-0.019,0.977,-14.07,38.48,-0.24,null,null
13,0.95,0.393,0.004,0.999,-0.98,10.35,-2.35,null,null
14,0.95,0.37,0.046,0.947,13.49,-3.2,-1.98,null,null
15,0.95,0.389,0.01,0.938,0.76,-0.46,2.72,null,null
16,0.95,0.386,0.042,0.902,7.35,-2.5,-1.43,null,null
17,0.95,0.377,0.054,0.919,-1.19,0.31,1.59,null,null
18,0.95,0.38,0.03,0.937,-3.6,1.53,0.92,null,null
19,0.95,0.373,0.049,0.937,1.98,0.79,-1.37,null,null
0,0.95,-0.979,0.507,0.395,44.53,-1.86,4.97,null,null
1,0.95,-0.85,0.48,0.005,-73.73,-14.13,7.26,null,null
2,0.95,-0.836,0.606,0.305,19.68,10.71,16.85,null,null
3,0.95,-0.976,1.019,1.001,80.97,-41.99,29.3,null,null
4,0.95,-1.152,1.08,0.705,-26.28,-176.0,82.95,null,null
5,0.95,-1.117,1.005,0.563,-57.77,-187.66,127.05,null,null
6,0.95,-0.762,0.728,0.538,-114.38,-169.07,131.08,null,null
7,0.95,-0.199,0.338,0.502,-140.51,-130.89,103.49,null,null
8,0.95,0.099,0.118,0.529,-122.93,-76.72,60.88,null,null
9,0.95,0.343,-0.054,0.422,-15.66,-67.26,0.4,null,null
10,0.95,0.469,0.095,0.5,7.57,-17.46,-10.65,null,null
11,0.95,0.493,0.084,0.669,-11.11,17.94,4.33,null,null
12,0.95,0.559,0.119,0.764,2.81,21.61,-0.58,null,null
13,0.95,0.557,0.042,0.874,-23.01,18.83,3.88,null,null
14,0.95,0.513,0.056,0.888,-5.83,5.46,3.05,null,null
15,0.95,0.493,0.034,0.893,-2.14,7.23,4.27,null,null
16,0.95,0.488,0.021,0.889,-1.98,7.48,3.69,null,null
17,0.95,0.475,0.015,0.887,-1.19,1.19,3.63,null,null
18,0.95,0.474,0.007,0.871,-1.07,2.9,1.98,null,null
19,0.95,0.463,0.01,0.873,0.34,1.43,1.74,null,null
0,0.95,-0.804,0.624,0.05,33.39,16.3,-12.6,null,null
1,0.95,-0.875,0.442,0.184,-49.56,18.07,6.32,null,null
2,0.95,-0.871,0.54,0.166,-8.88,-21.27,13.21,null,null
3,0.95,-0.657,0.807,0.698,44.16,-59.27,26.52,null,null
4,0.95,-0.847,1.081,0.764,46.78,-140.57,53.04,null,null
5,0.95,-0.847,1.142,0.694,-35.13,-152.1,87.65,null,null
6,0.95,-0.723,0.809,0.843,-88.32,-188.3,108.13,null,null
7,0.95,-0.398,0.598,0.701,-89.88,-163.15,116.58,null,null
8,0.95,-0.053,0.334,0.595,-110.42,-105.08,102.15,null,null
9,0.95,0.253,0.07,0.574,-121.68,-65.83,73.98,null,null
10,0.95,0.431,-0.116,0.523,-24.9,-53.22,5.37,null,null
11,0.95,0.484,-0.037,0.451,11.75,-25.94,-4.36,null,null
12,0.95,0.599,-0.064,0.484,-21.33,7.05,13.64,null,null
13,0.95,0.604,-0.13,0.835,-36.71,46.17,13.28,null,null
14,0.95,0.607,-0.172,0.827,-13.28,7.45,7.2,null,null
15,0.95,0.576,-0.148,0.864,-8.82,5.22,8.36,null,null
16,0.95,0.57,-0.171,0.8,-6.47,-0.58,10.13,null,null
17,0.95,0.588,-0.205,0.779,0.4,5.16,5.98,null,null
18,0.95,0.572,-0.215,0.831,0.4,-2.17,-0.34,null,null
19,0.95,0.573,-0.201,0.81,-0.52,-0.55,-0.12,null,null
0,0.95,-0.812,0.441,-0.027,-30.52,30.3,-3.11,null,null
1,0.95,-0.858,0.476,0.125,4.97,33.51,-12.15,null,null
2,0.95,-0.798,0.94,0.723,-15.05,-2.53,-2.62,null,null
3,0.95,-1.136,1.152,0.766,22.71,-162.39,67.54,null,null
4,0.95,-1.192,1.24,0.274,24.66,-225.32,133.49,null,null
5,0.95,-0.932,0.866,0.464,-77.64,-128.3,178.96,null,null
6,0.95,-0.449,0.537,0.533,-128.54,-125.68,155.1,null,null
7,0.95,-0.03,0.322,0.434,-128.42,-104.62,101.9,null,null
8,0.95,0.272,0.1,0.495,-97.6,-61.4,43.76,null,null
9,0.95,0.398,0.017,0.419,-2.26,-39.52,3.08,null,null
10,0.95,0.55,0.037,0.45,-21.09,9.06,5.71,null,null
11,0.95,0.564,0.091,0.688,-7.29,27.71,0.21,null,null
12,0.95,0.57,0.019,0.903,-71.87,30.0,38.85,null,null
13,0.95,0.543,-0.008,0.953,12.91,-0.79,-2.44,null,null
14,0.95,0.524,-0.023,0.866,2.62,0.89,2.62,null,null
15,0.95,0.511,-0.03,0.836,3.66,-2.81,4.15,null,null
16,0.95,0.517,-0.067,0.839,-9.34,1.46,6.93,null,null
17,0.95,0.511,-0.057,0.849,0.79,11.78,-2.69,null,null
18,0.95,0.515,-0.062,0.898,-0.37,3.23,-2.72,null,null
19,0.95,0.504,-0.037,0.908,8.88,-3.36,-9.06,null,null
0,0.95,-0.836,0.4,0.088,-46.82,27.53,19.96,null,null
1,0.95,-0.891,0.389,0.183,-5.43,9.7,-8.67,null,null
2,0.95,-0.872,0.53,0.267,31.13,-27.31,8.82,null,null
3,0.95,-0.761,0.927,0.72,50.14,-39.8,14.95,null,null
4,0.95,-1.006,1.036,0.786,-41.08,-125.92,71.47,null,null
5,0.95,-1.002,0.874,0.519,-20.63,-190.74,116.58,null,null
6,0.95,-0.648,0.728,0.636,-64.03,-170.69,106.11,null,null
7,0.95,-0.283,0.658,0.637,-96.19,-137.46,85.91,null,null
8,0.95,-0.073,0.374,0.698,-126.32,-97.66,70.47,null,null
9,0.95,0.217,0.099,0.58,-100.34,-88.29,56.86,null,null
10,0.95,0.389,0.047,0.59,-42.02,-46.24,2.38,null,null
11,0.95,0.435,0.123,0.505,-2.81,-34.61,-7.08,null,null
12,0.95,0.496,0.094,0.593,7.72,6.32,-0.49,null,null
13,0.95,0.598,0.062,0.75,-27.99,28.5,23.77,null,null
14,0.95,0.581,-0.01,0.898,-1.65,12.3,2.66,null,null
15,0.95,0.516,-0.024,0.887,-5.28,9.37,-1.07,null,null
16,0.95,0.482,-0.024,0.884,6.35,1.68,1.37,null,null
17,0.95,0.509,-0.007,0.873,4.7,-3.02,1.37,null,null
18,0.95,0.511,-0.017,0.889,0.61,0.31,-3.3,null,null
19,0.95,0.501,0.008,0.826,-0.09,-3.51,-3.78,null,null
0,0.95,-0.829,0.495,-0.007,-45.63,-5.49,23.35,null,null
1,0.95,-0.867,0.358,0.144,-58.11,10.13,17.46,null,null
2,0.95,-0.875,0.397,0.156,-13.4,7.84,-3.88,null,null
3,0.95,-0.859,0.449,0.129,23.56,-7.32,-6.87,null,null
4,0.95,-0.817,0.568,0.312,-9.67,-21.97,5.37,null,null
5,0.95,-0.934,0.758,0.743,49.13,22.64,-18.07,null,null
6,0.95,-1.14,0.933,0.701,-23.53,-138.55,52.71,null,null
7,0.95,-1.187,0.844,0.646,-72.79,-208.35,92.65,null,null
8,0.95,-0.853,0.644,0.606,-62.14,-207.86,113.99,null,null
9,0.95,-0.396,0.402,0.6,-101.26,-167.49,96.87,null,null
10,0.95,0.017,0.204,0.577,-92.72,-92.35,64.12,null,null
11,0.95,0.262,0.027,0.495,-87.1,-49.29,44.86,null,null
12,0.95,0.32,-0.032,0.615,-50.11,-27.31,28.35,null,null
13,0.95,0.408,-0.02,0.654,46.17,-4.52,-16.36,null,null
14,0.95,0.496,-0.008,0.708,-15.29,13.18,15.87,null,null
15,0.95,0.442,0.051,0.983,-9.28,28.87,2.87,null,null
16,0.95,0.423,0.039,0.966,6.65,11.08,0.64,null,null
17,0.95,0.413,0.0,0.91,1.37,-4.27,5.07,null,null
18,0.95,0.412,0.006,0.902,8.3,0.52,-2.47,null,null
19,0.95,0.41,-0.013,0.928,2.23,5.8,-3.05,null,null
0,0.95,-0.811,0.5,0.055,-14.65,23.29,6.84,null,null
1,0.95,-0.886,0.54,0.129,5.22,29.48,-1.5,null,null
2,0.95,-0.875,0.453,0.065,-29.97,-12.24,7.39,null,null
3,0.95,-0.82,0.547,0.322,-16.85,-33.45,20.02,null,null
4,0.95,-0.827,0.904,0.646,67.42,-31.37,15.96,null,null
5,0.95,-0.996,0.993,0.588,-42.24,-127.08,70.35,null,null
6,0.95,-0.99,0.974,0.503,-69.92,-161.14,102.6,null,null
7,0.95,-0.718,0.693,0.503,-96.96,-167.55,118.87,null,null
8,0.95,-0.344,0.497,0.561,-120.37,-136.91,109.87,null,null
9,0.95,0.029,0.32,0.701,-83.1,-77.94,75.05,null,null
10,0.95,0.201,0.156,0.615,-44.92,-57.56,55.6,null,null
11,0.95,0.326,0.032,0.544,5.58,-51.24,13.82,null,null
12,0.95,0.482,0.198,0.498,30.73,-6.32,-11.51,null,null
13,0.95,0.54,0.097,0.669,-43.61,20.66,21.33,null,null
14,0.95,0.476,0.167,0.926,-24.57,42.24,-2.84,null,null
15,0.95,0.455,0.109,0.955,3.08,13.95,-6.2,null,null
16,0.95,0.438,0.155,0.885,15.5,-11.72,-6.78,null,null
17,0.95,0.444,0.179,0.888,-5.65,2.41,3.36,null,null
18,0.95,0.456,0.129,0.895,-3.23,-1.19,1.86,null,null
19,0.95,0.438,0.141,0.887,-0.18,2.08,0.61,null,null
0,0.95,-0.769,0.437,-0.021,-151.22,80.05,6.13,null,null
1,0.95,-0.824,0.386,0.018,-61.83,-10.28,-14.95,null,null
2,0.95,-0.949,0.658,0.288,-25.94,-38.85,15.56,null,null
3,0.95,-0.974,0.592,1.128,-5.77,-71.6,39.37,null,null
4,0.95,-1.083,0.791,0.901,-40.62,-189.55,35.65,null,null
5,0.95,-0.99,0.918,0.744,-69.77,-253.33,42.97,null,null
6,0.95,-0.612,0.428,0.857,-166.17,-185.86,74.95,null,null
7,0.95,-0.056,0.112,0.696,-97.69,-135.75,43.49,null,null
8,0.95,0.117,0.073,0.64,-18.74,-93.11,0.61,null,null
9,0.95,0.242,-0.027,0.598,-20.26,-75.81,-16.54,null,null
10,0.95,0.413,-0.056,0.45,-6.93,-46.39,2.75,null,null
11,0.95,0.512,-0.044,0.483,22.68,15.32,-2.08,null,null
12,0.95,0.531,-0.062,0.79,1.07,51.15,-4.09,null,null
13,0.95,0.58,-0.06,0.949,-6.9,17.91,2.75,null,null
14,0.95,0.531,-0.039,0.986,0.76,-2.96,-1.16,null,null
15,0.95,0.502,0.029,0.836,13.31,-15.75,-3.97,null,null
16,0.95,0.545,-0.021,0.766,-10.99,-1.68,19.93,null,null
17,0.95,0.541,-0.077,0.858,0.06,13.37,14.07,null,null
18,0.95,0.511,-0.103,0.92,-6.32,10.38,4.18,null,null
19,0.95,0.51,-0.061,0.865,0.92,-0.09,-1.59,null,null
0,0.95,-0.837,0.365,0.285,-2.23,4.27,-8.09,null,null
1,0.95,-0.909,0.429,0.327,37.2,-8.61,-11.78,null,null
2,0.95,-0.78,0.596,0.35,31.34,-49.44,13.31,null,null
3,0.95,-0.722,0.957,0.821,-26.8,-70.93,51.91,null,null
4,0.95,-0.804,1.065,0.834,-5.04,-146.24,90.06,null,null
5,0.95,-0.884,0.909,0.888,-56.15,-169.53,109.04,null,null
6,0.95,-0.582,0.684,0.856,-78.98,-157.72,95.92,null,null
7,0.95,-0.228,0.43,0.665,-54.02,-131.78,74.5,null,null
8,0.95,-0.002,0.317,0.583,-45.75,-86.64,67.96,null,null
9,0.95,0.307,0.023,0.562,-56.89,-84.41,57.83,null,null
10,0.95,0.462,0.081,0.311,-32.93,-19.2,25.67,null,null
11,0.95,0.508,-0.03,0.607,-21.7,20.02,7.08,null,null
12,0.95,0.57,0.01,0.736,-2.5,19.99,-2.26,null,null
13,0.95,0.589,0.034,0.839,-9.95,16.97,6.65,null,null
14,0.95,0.563,0.003,0.889,1.71,7.39,-2.84,null,null
15,0.95,0.558,0.028,0.82,1.89,-0.52,0.73,null,null
16,0.95,0.573,-0.014,0.818,2.72,-2.72,-0.49,null,null
17,0.95,0.572,0.01,0.811,-1.28,2.04,-4.12,null,null
18,0.95,0.553,-0.006,0.817,-5.28,1.37,-1.4,null,null
19,0.95,0.568,0.003,0.856,1.07,4.52,-11.75,null,null
0,0.95,0.102,0.944,-0.335,-23.38,11.87,1.37,null,null
1,0.95,0.131,0.903,-0.29,-2.93,-3.51,6.04,null,null
2,0.95,0.15,0.92,-0.365,43.4,-11.87,-4.46,null,null
3,0.95,0.105,0.95,-0.476,20.14,-5.89,-8.91,null,null
4,0.95,0.131,0.93,-0.458,5.04,-2.72,0.46,null,null
5,0.95,0.107,0.893,-0.434,-24.93,15.29,-9.7,null,null
6,0.95,0.099,0.908,-0.362,-28.5,4.3,4.18,null,null
7,0.95,0.123,0.909,-0.306,-30.58,-4.24,10.56,null,null
8,0.95,0.093,0.894,-0.313,19.53,-13.86,10.19,null,null
9,0.95,0.145,0.907,-0.446,35.22,-10.07,-14.77,null,null
10,0.95,0.087,0.874,-0.442,-2.01,2.66,-3.42,null,null
11,0.95,0.128,0.903,-0.449,-22.83,15.17,-9.67,null,null
12,0.95,0.099,0.955,-0.411,-12.12,4.43,-3.14,null,null
13,0.95,0.093,0.947,-0.321,-24.05,9.8,3.94,null,null
14,0.95,0.108,0.868,-0.252,2.23,-7.23,6.84,null,null
15,0.95,0.094,0.914,-0.371,58.05,-20.36,-7.26,null,null
16,0.95,0.103,0.879,-0.417,2.93,7.63,1.1,null,null
17,0.95,0.143,0.897,-0.445,-11.9,1.53,-1.89,null,null
18,0.95,0.101,0.942,-0.384,-17.82,3.36,-1.37,null,null
19,0.95,0.091,0.971,-0.338,-37.81,10.56,1.98,null,null
0,0.95,0.051,0.961,-0.323,-3.42,15.66,5.98,null,null
1,0.95,0.084,0.936,-0.297,-16.63,10.38,-21.7,null,null
2,0.95,0.013,0.924,-0.206,-13.64,-3.69,-2.66,null,null
3,0.95,0.002,0.975,-0.242,28.08,-30.18,9.31,null,null
4,0.95,0.016,0.965,-0.304,18.01,-23.59,9.09,null,null
5,0.95,0.041,0.955,-0.352,-6.16,8.18,5.95,null,null
6,0.95,0.039,0.916,-0.256,-23.1,24.32,-4.3,null,null
7,0.95,-0.034,0.952,-0.169,-32.65,30.64,-26.55,null,null
8,0.95,-0.012,0.97,-0.196,2.26,0.0,-5.22,null,null
9,0.95,0.016,0.986,-0.255,33.91,-18.16,8.76,null,null
10,0.95,0.036,0.973,-0.282,20.75,-9.86,12.02,null,null
11,0.95,0.057,0.956,-0.286,-4.24,7.32,6.41,null,null
12,0.95,0.019,0.964,-0.248,-32.11,15.47,-14.28,null,null
13,0.95,-0.02,0.962,-0.17,-42.6,18.16,-9.0,null,null
14,0.95,-0.011,1.01,-0.085,12.42,-10.5,3.88,null,null
15,0.95,0.02,0.999,-0.196,21.55,-12.05,4.7,null,null
16,0.95,0.031,1.022,-0.252,28.14,-12.42,14.04,null,null
17,0.95,0.066,1.018,-0.266,6.87,-2.44,15.99,null,null
18,0.95,0.177,0.986,-0.266,-14.65,0.85,12.18,null,null
19,0.95,0.147,0.922,-0.216,-8.88,-8.15,2.66,null,null
0,0.95,0.109,0.882,-0.306,37.39,-41.26,8.42,null,null
1,0.95,0.073,0.903,-0.396,11.99,-9.67,-7.17,null,null
2,0.95,0.104,0.943,-0.362,-3.6,3.36,3.57,null,null
3,0.95,0.135,0.97,-0.422,-19.87,50.42,-20.75,null,null
4,0.95,0.081,0.974,-0.298,-24.51,5.52,-9.92,null,null
5,0.95,0.054,0.951,-0.228,-2.99,-1.65,-0.18,null,null
6,0.95,0.091,0.995,-0.281,6.56,-27.99,14.92,null,null
7,0.95,0.083,0.971,-0.321,20.23,-8.09,10.56,null,null
8,0.95,0.097,0.912,-0.317,-16.48,1.37,17.73,null,null
9,0.95,0.098,0.946,-0.303,-22.77,55.48,-36.65,null,null
10,0.95,0.057,0.996,-0.262,25.33,11.99,-24.75,null,null
11,0.95,0.027,0.992,-0.202,8.85,6.56,-3.23,null,null
12,0.95,0.066,0.968,-0.279,22.46,-37.63,14.28,null,null
13,0.95,0.063,0.935,-0.302,6.2,-1.31,4.94,null,null
14,0.95,0.068,0.92,-0.316,2.99,2.56,-0.09,null,null
15,0.95,0.054,0.949,-0.287,1.01,53.77,-24.69,null,null
16,0.95,0.066,0.971,-0.3,-13.43,-0.21,-4.21,null,null
17,0.95,0.052,0.93,-0.274,-8.36,5.74,9.58,null,null
18,0.95,0.076,0.944,-0.247,23.07,-22.46,8.91,null,null
19,0.95,0.082,0.942,-0.281,21.15,-15.5,13.21,null,null
0,0.95,0.106,0.924,-0.37,0.82,-6.35,16.05,null,null
1,0.95,0.126,0.929,-0.391,-13.49,24.54,3.08,null,null
2,0.95,0.083,0.969,-0.226,-52.13,43.34,-23.93,null,null
3,0.95,0.139,0.972,-0.198,-56.64,5.28,-17.85,null,null
4,0.95,0.101,0.908,-0.034,-5.95,-19.44,-1.01,null,null
5,0.95,0.114,1.008,-0.207,42.12,-46.02,7.78,null,null
6,0.95,0.131,0.947,-0.268,44.19,-7.69,6.74,null,null
7,0.95,0.129,0.889,-0.313,2.66,2.56,3.78,null,null
8,0.95,0.135,0.95,-0.305,-4.64,4.67,-10.1,null,null
9,0.95,0.075,0.988,-0.285,-60.91,6.35,-7.42,null,null
10,0.95,0.061,0.944,-0.195,-12.36,17.67,-8.0,null,null
11,0.95,0.057,0.989,-0.209,26.8,-15.44,9.95,null,null
12,0.95,0.067,1.003,-0.253,39.64,-27.07,19.29,null,null
13,0.95,0.116,0.954,-0.327,7.75,0.4,9.16,null,null
14,0.95,0.106,0.946,-0.303,-11.84,14.19,13.82,null,null
15,0.95,0.157,0.946,-0.281,-6.87,-0.34,12.33,null,null
16,0.95,0.218,0.879,-0.269,-23.68,-6.01,9.86,null,null
17,0.95,0.225,0.882,-0.167,-27.01,-1.5,-12.39,null,null
18,0.95,0.084,0.946,-0.164,44.5,-46.78,-9.46,null,null
19,0.95,0.138,0.942,-0.324,42.45,-36.87,-0.43,null,null
0,0.95,0.163,0.942,-0.238,1.74,5.52,-19.5,null,null
1,0.95,0.128,0.897,-0.271,49.62,-16.66,-15.75,null,null
2,0.95,0.097,0.949,-0.467,11.29,-14.1,11.51,null,null
3,0.95,0.089,0.921,-0.455,33.6,-13.0,16.24,null,null
4,0.95,0.183,0.829,-0.439,-5.68,2.44,-2.47,null,null
5,0.95,0.206,0.837,-0.439,-31.59,22.03,2.56,null,null
6,0.95,0.156,0.888,-0.376,-26.89,12.97,4.06,null,null
7,0.95,0.159,0.938,-0.298,-43.4,24.35,-6.84,null,null
8,0.95,0.224,0.95,-0.23,-30.15,-9.55,-0.06,null,null
9,0.95,0.186,0.969,-0.324,44.28,-21.06,-7.54,null,null
10,0.95,0.155,0.907,-0.373,24.78,-8.94,11.81,null,null
11,0.95,0.186,0.927,-0.361,-12.88,18.31,4.64,null,null
12,0.95,0.224,0.927,-0.315,-34.61,28.78,-2.53,null,null
13,0.95,0.117,0.954,-0.25,-39.74,62.56,-42.24,null,null
14,0.95,0.169,0.942,-0.153,-31.77,14.47,-24.23,null,null
15,0.95,0.044,0.988,-0.056,32.32,-16.82,-2.56,null,null
16,0.95,0.105,1.01,-0.199,24.2,-28.63,16.36,null,null
17,0.95,0.128,0.99,-0.315,5.37,-9.43,11.17,null,null
18,0.95,0.189,0.907,-0.284,-10.44,11.72,0.24,null,null
19,0.95,0.046,0.972,-0.18,-19.96,35.46,-31.46,null,null
0,0.95,0.123,0.92,-0.301,-13.64,25.24,-9.0,null,null
1,0.95,0.027,0.962,-0.208,-33.94,53.29,-50.39,null,null
2,0.95,0.054,1.007,-0.177,-17.73,12.57,-13.82,null,null
3,0.95,0.013,1.008,-0.149,11.51,-8.48,3.97,null,null
4,0.95,0.038,0.983,-0.217,20.51,-35.89,12.45,null,null
5,0.95,0.057,0.976,-0.255,32.93,-20.69,15.29,null,null
6,0.95,0.088,0.967,-0.28,-2.75,7.26,4.24,null,null
7,0.95,0.073,0.989,-0.219,-23.65,14.53,-15.35,null,null
8,0.95,0.013,0.987,-0.156,-17.06,-2.08,-6.41,null,null
9,0.95,0.029,0.98,-0.161,-0.43,5.77,-4.06,null,null
10,0.95,0.063,0.981,-0.195,2.01,-17.55,7.63,null,null
11,0.95,0.079,0.965,-0.255,19.75,-19.01,15.5,null,null
12,0.95,0.075,0.95,-0.273,17.73,-5.28,5.62,null,null
13,0.95,0.095,0.968,-0.303,-15.69,21.21,-13.64,null,null
14,0.95,-0.036,0.991,-0.17,-37.29,28.05,-20.23,null,null
15,0.95,0.077,0.914,-0.147,17.88,21.45,-13.67,null,null
16,0.95,0.009,1.025,-0.253,27.68,-19.62,9.52,null,null
17,0.95,0.024,0.959,-0.286,25.42,-23.83,15.84,null,null
18,0.95,0.081,0.926,-0.346,7.45,-12.3,17.37,null,null
19,0.95,0.073,0.918,-0.373,-13.28,3.94,10.01,null,null
0,0.95,0.089,0.948,-0.301,13.67,-19.35,20.91,null,null
1,0.95,0.107,0.936,-0.312,-9.37,7.6,8.82,null,null
2,0.95,0.105,0.941,-0.244,-12.21,3.91,-14.07,null,null
3,0.95,0.06,0.934,-0.22,-38.82,-0.76,-11.75,null,null
4,0.95,0.006,0.974,-0.203,14.37,-0.21,-1.62,null,null
5,0.95,0.056,0.987,-0.257,41.05,-26.61,12.54,null,null
6,0.95,0.074,0.958,-0.33,25.79,-32.47,19.44,null,null
7,0.95,0.125,0.903,-0.375,2.2,-2.99,6.68,null,null
8,0.95,0.094,0.923,-0.336,-20.11,32.41,-19.78,null,null
9,0.95,0.066,0.938,-0.236,-56.67,10.41,-16.6,null,null
10,0.95,0.051,0.965,-0.193,-10.04,4.67,-1.74,null,null
11,0.95,0.04,0.97,-0.195,23.22,-11.26,8.55,null,null
12,0.95,0.043,0.964,-0.263,44.89,-18.52,9.77,null,null
13,0.95,0.098,0.946,-0.347,16.39,-18.77,17.21,null,null
14,0.95,0.115,0.935,-0.37,-0.31,7.39,-3.88,null,null
15,0.95,0.067,0.954,-0.318,-14.92,4.58,-10.83,null,null
16,0.95,0.025,0.984,-0.245,-45.2,8.12,-13.34,null,null
17,0.95,0.061,0.956,-0.217,-3.3,12.73,-7.05,null,null
18,0.95,0.074,0.963,-0.222,35.49,-8.18,9.7,null,null
19,0.95,0.057,0.98,-0.281,39.0,-10.77,8.21,null,null
0,0.95,0.056,0.939,-0.194,31.86,0.12,5.55,null,null
1,0.95,0.069,0.947,-0.253,16.51,-9.52,4.21,null,null
2,0.95,0.106,0.947,-0.313,12.21,-13.03,11.17,null,null
3,0.95,0.061,0.948,-0.318,-4.06,8.3,-6.38,null,null
4,0.95,0.091,0.957,-0.312,-28.41,13.55,-19.62,null,null
5,0.95,0.055,0.969,-0.203,-24.63,1.4,-5.4,null,null
6,0.95,0.029,0.991,-0.191,1.16,4.94,-0.18,null,null
7,0.95,0.047,0.957,-0.218,27.77,-14.53,6.5,null,null
8,0.95,0.057,0.986,-0.288,32.41,-23.04,18.43,null,null
9,0.95,0.105,0.947,-0.352,9.7,-7.54,15.23,null,null
10,0.95,0.129,0.901,-0.356,-9.95,20.72,-13.86,null,null
11,0.95,0.034,0.989,-0.27,-30.82,8.94,-22.92,null,null
12,0.95,0.012,0.979,-0.205,-6.96,12.21,-12.7,null,null
13,0.95,0.017,0.981,-0.216,14.71,-7.29,4.46,null,null
14,0.95,0.035,0.96,-0.261,24.99,-19.35,10.19,null,null
15,0.95,0.069,0.949,-0.317,22.37,-22.86,18.74,null,null
16,0.95,0.089,0.96,-0.363,12.27,4.18,9.34,null,null
17,0.95,0.063,0.934,-0.33,-18.77,8.39,-10.35,null,null
18,0.95,0.08,0.934,-0.303,-47.52,-0.73,-16.02,null,null
19,0.95,0.037,0.972,-0.248,-12.82,7.81,-5.04,null,null
0,0.95,0.068,0.97,-0.37,-18.28,13.64,-9.49,null,null
1,0.95,0.024,0.928,-0.281,-29.94,11.99,9.19,null,null
2,0.95,0.064,0.932,-0.277,6.53,7.17,-0.31,null,null
3,0.95,0.06,0.95,-0.301,29.57,-21.73,1.01,null,null
4,0.95,0.078,0.947,-0.365,27.44,-21.88,9.86,null,null
5,0.95,0.06,0.931,-0.432,10.9,-6.71,-0.37,null,null
6,0.95,0.082,0.918,-0.435,-9.98,11.41,-6.5,null,null
7,0.95,0.052,0.952,-0.356,-43.86,5.8,-8.88,null,null
8,0.95,0.014,0.976,-0.278,-10.96,16.45,-9.55,null,null
9,0.95,0.029,0.958,-0.274,13.61,-0.73,-0.43,null,null
10,0.95,0.043,0.942,-0.331,22.19,-11.93,1.01,null,null
11,0.95,0.042,0.94,-0.379,20.39,-21.0,13.58,null,null
12,0.95,0.061,0.945,-0.426,11.51,-12.85,-1.53,null,null
13,0.95,0.055,0.912,-0.43,-10.07,10.99,-2.72,null,null
14,0.95,0.01,0.951,-0.357,-46.33,37.84,-12.88,null,null
15,0.95,0.084,0.952,-0.286,-20.36,24.11,-3.54,null,null
16,0.95,0.055,0.939,-0.242,5.8,2.53,-2.84,null,null
17,0.95,0.034,0.971,-0.306,17.4,-9.37,2.62,null,null
18,0.95,0.046,0.95,-0.329,24.99,-22.4,10.25,null,null
19,0.95,0.081,0.927,-0.396,16.82,-17.7,11.26,null,null
0,0.95,0.053,0.924,-0.324,15.69,-17.85,7.93,null,null
1,0.95,0.068,0.936,-0.36,25.7,-17.7,8.48,null,null
2,0.95,0.071,0.921,-0.41,-3.05,4.33,1.01,null,null
3,0.95,0.029,0.924,-0.362,-20.14,23.44,-9.37,null,null
4,0.95,0.074,0.903,-0.285,-14.37,16.91,-17.0,null,null
5,0.95,0.064,0.952,-0.287,8.18,-5.98,2.29,null,null
6,0.95,0.034,0.931,-0.323,23.38,-15.47,7.63,null,null
7,0.95,0.073,0.917,-0.404,18.92,-2.99,2.81,null,null
8,0.95,0.092,0.89,-0.411,-2.87,11.96,-1.77,null,null
9,0.95,0.041,0.921,-0.356,-26.46,42.82,-31.95,null,null
10,0.95,0.06,0.934,-0.302,-18.49,12.18,-16.45,null,null
11,0.95,0.026,0.95,-0.267,6.59,6.07,-1.28,null,null
12,0.95,0.04,0.948,-0.313,14.62,-8.33,1.1,null,null
13,0.95,0.044,0.942,-0.334,6.5,-13.64,17.52,null,null
14,0.95,0.071,0.94,-0.351,1.62,-3.11,17.3,null,null
15,0.95,0.093,0.899,-0.352,-3.08,8.33,-1.16,null,null
16,0.95,0.016,0.968,-0.347,-18.77,16.02,-17.21,null,null
17,0.95,0.026,0.975,-0.288,-44.37,16.33,-17.27,null,null
18,0.95,0.037,0.963,-0.229,1.95,13.92,-6.74,null,null
19,0.95,0.046,0.961,-0.224,16.97,-13.4,6.01,null,null
0,0.95,0.02,1.015,-0.275,-7.66,8.15,-4.27,null,null
1,0.95,0.018,0.973,-0.229,4.0,10.38,-1.28,null,null
2,0.95,0.046,0.981,-0.26,7.2,-13.64,5.62,null,null
3,0.95,0.029,0.985,-0.27,20.23,-23.01,14.95,null,null
4,0.95,0.05,0.953,-0.324,9.16,-4.58,12.88,null,null
5,0.95,0.041,0.931,-0.272,-15.29,24.17,-12.7,null,null
6,0.95,0.074,0.959,-0.247,-28.9,0.61,-11.08,null,null
7,0.95,0.06,0.977,-0.227,-27.47,2.66,-5.01,null,null
8,0.95,0.0,0.964,-0.177,-1.46,13.46,-3.33,null,null
9,0.95,0.043,0.983,-0.213,15.35,-9.67,-0.21,null,null
10,0.95,0.047,0.951,-0.226,28.53,-23.1,12.57,null,null
11,0.95,0.058,0.949,-0.322,18.4,-5.31,11.14,null,null
12,0.95,0.04,0.938,-0.325,-7.2,25.76,-12.63,null,null
13,0.95,0.049,0.972,-0.279,-13.31,9.25,-9.67,null,null
14,0.95,-0.002,0.953,-0.199,-27.99,2.93,-8.73,null,null
15,0.95,0.011,0.983,-0.209,-8.79,6.78,-6.87,null,null
16,0.95,0.012,0.969,-0.193,19.75,-12.09,5.22,null,null
17,0.95,0.011,0.943,-0.188,5.4,-14.95,1.77,null,null
18,0.95,0.069,1.001,-0.355,32.01,-42.02,21.79,null,null
19,0.95,0.052,0.948,-0.38,2.81,9.74,-0.79,null,null
0,0.95,0.023,0.974,-0.226,19.32,-8.0,3.78,null,null
1,0.95,0.035,0.974,-0.295,24.11,-27.44,22.34,null,null
2,0.95,0.05,0.938,-0.338,10.68,-2.01,13.92,null,null
3,0.95,0.066,0.927,-0.338,-4.79,4.76,-0.67,null,null
4,0.95,0.055,0.929,-0.297,-14.95,8.58,-17.94,null,null
5,0.95,0.006,0.985,-0.23,-65.1,2.72,-19.44,null,null
6,0.95,0.008,0.968,-0.186,-0.09,6.9,-2.32,null,null
7,0.95,-0.007,0.958,-0.183,37.63,-13.76,5.92,null,null
8,0.95,-0.002,0.964,-0.248,24.87,-15.63,9.13,null,null
9,0.95,0.045,0.969,-0.338,21.58,-17.58,20.63,null,null
10,0.95,0.045,0.933,-0.346,0.46,0.85,7.02,null,null
11,0.95,0.04,0.933,-0.31,-4.61,2.01,-5.74,null,null
12,0.95,0.04,0.974,-0.295,-14.89,-4.12,-4.79,null,null
13,0.95,0.031,0.988,-0.294,-23.29,9.95,-4.0,null,null
14,0.95,-0.001,0.955,-0.201,-25.03,2.66,-8.94,null,null
15,0.95,0.02,0.982,-0.215,17.82,-4.49,-2.99,null,null
16,0.95,0.022,0.98,-0.262,24.17,-22.61,8.24,null,null
17,0.95,0.04,0.973,-0.331,29.66,-24.87,21.18,null,null
18,0.95,0.063,0.929,-0.358,17.4,-0.82,8.3,null,null
19,0.95,0.057,0.904,-0.337,-12.45,16.63,-1.89,null,null
0,0.95,0.019,0.976,-0.271,36.04,-23.13,6.01,null,null
1,0.95,0.05,0.951,-0.32,22.52,-12.24,12.24,null,null
2,0.95,0.052,0.905,-0.364,-8.3,10.41,-1.86,null,null
3,0.95,0.066,0.908,-0.324,-9.25,13.21,-5.49,null,null
4,0.95,0.063,0.951,-0.288,-25.88,5.62,-6.04,null,null
5,0.95,0.032,0.953,-0.234,-30.3,8.97,-10.35,null,null
6,0.95,0.034,0.966,-0.217,2.44,-4.27,-5.37,null,null
7,0.95,-0.002,0.94,-0.215,39.95,-18.59,3.81,null,null
8,0.95,0.013,0.966,-0.313,30.3,-13.95,5.65,null,null
9,0.95,0.007,0.99,-0.428,35.37,-0.7,-9.8,null,null
10,0.95,0.013,0.95,-0.396,-6.44,12.02,1.5,null,null
11,0.95,0.033,0.959,-0.349,-9.95,0.79,-3.78,null,null
12,0.95,-0.01,0.928,-0.276,-40.38,16.48,-15.17,null,null
13,0.95,-0.004,0.951,-0.201,-30.09,6.68,-1.43,null,null
14,0.95,-0.027,0.972,-0.206,9.31,2.59,2.53,null,null
15,0.95,-0.012,0.971,-0.266,31.74,-5.83,2.56,null,null
16,0.95,-0.022,0.983,-0.325,32.65,-7.78,1.74,null,null
17,0.95,-0.002,0.955,-0.339,14.34,-0.4,5.95,null,null
18,0.95,0.023,0.928,-0.323,-7.69,4.24,0.31,null,null
19,0.95,0.027,0.955,-0.336,-16.66,-1.77,-1.25,null,null
0,0.95,0.039,0.908,-0.347,-8.03,13.98,-8.48,null,null
1,0.95,0.066,0.986,-0.375,-49.41,12.7,-19.1,null,null
2,0.95,0.031,0.98,-0.229,-29.97,5.52,-3.94,null,null
3,0.95,0.003,0.997,-0.203,6.93,12.09,-1.98,null,null
4,0.95,-0.006,0.978,-0.22,22.03,-2.08,3.14,null,null
5,0.95,-0.023,0.961,-0.225,17.49,-5.89,0.52,null,null
6,0.95,0.025,0.986,-0.293,23.35,-11.84,15.38,null,null
7,0.95,0.03,0.93,-0.36,-5.16,6.5,-0.82,null,null
8,0.95,0.033,0.945,-0.373,-15.69,40.65,-34.49,null,null
9,0.95,0.028,0.943,-0.234,-21.61,-5.74,-11.32,null,null
10,0.95,-0.03,0.967,-0.176,-22.74,-1.71,-2.35,null,null
11,0.95,-0.023,0.98,-0.212,-3.23,-3.85,6.2,null,null
12,0.95,-0.0,0.96,-0.234,23.62,-3.54,3.08,null,null
13,0.95,-0.022,0.973,-0.263,27.13,-20.08,6.59,null,null
14,0.95,0.012,0.949,-0.295,14.65,-2.17,7.14,null,null
15,0.95,0.003,0.944,-0.328,-10.71,13.0,-11.26,null,null
16,0.95,-0.048,0.966,-0.252,-26.18,2.26,-7.42,null,null
17,0.95,-0.043,0.989,-0.201,-17.55,7.45,-10.16,null,null
18,0.95,-0.013,0.957,-0.23,6.47,-2.41,5.04,null,null
19,0.95,-0.036,0.948,-0.224,16.48,5.92,0.21,null,null
0,0.95,0.098,0.02,0.975,-1.92,-3.42,1.8,null,null
1,0.95,0.106,0.016,1.014,3.63,-0.27,-6.1,null,null
2,0.95,0.108,0.036,1.016,3.72,-8.7,-8.06,null,null
3,0.95,0.123,0.054,1.004,5.77,-19.1,-1.56,null,null
4,0.95,0.221,0.017,0.927,9.67,-44.68,5.95,null,null
5,0.95,0.24,0.1,0.968,-13.09,14.83,-15.47,null,null
6,0.95,0.085,0.044,1.027,9.43,28.02,-16.54,null,null
7,0.95,0.131,0.059,0.995,-12.79,8.15,-3.97,null,null
8,0.95,0.13,0.031,0.98,-14.47,-8.67,1.04,null,null
9,0.95,0.161,0.044,0.971,-4.55,1.16,7.23,null,null
10,0.95,0.138,0.018,0.986,8.85,10.59,2.44,null,null
11,0.95,0.089,0.039,1.024,14.77,-2.11,0.43,null,null
12,0.95,0.181,0.03,1.006,-7.66,-48.55,14.65,null,null
13,0.95,0.255,0.065,1.003,-42.12,-52.22,29.48,null,null
14,0.95,0.439,-0.027,0.843,7.05,-22.98,9.19,null,null
15,0.95,0.334,-0.073,0.87,1.19,-3.78,2.9,null,null
16,0.95,0.237,-0.056,0.941,1.31,14.59,-5.43,null,null
17,0.95,0.255,-0.039,0.952,-0.09,6.78,0.12,null,null
18,0.95,0.249,-0.045,0.964,3.75,2.69,4.58,null,null
19,0.95,0.221,-0.064,0.973,1.28,5.43,-9.77,null,null
0,0.95,0.228,-0.022,0.966,0.61,0.67,-1.07,null,null
1,0.95,0.228,-0.018,0.976,-1.59,1.46,0.98,null,null
2,0.95,0.221,-0.009,0.972,0.18,0.89,0.52,null,null
3,0.95,0.205,-0.028,1.013,5.77,-10.38,0.76,null,null
4,0.95,0.204,0.038,0.846,27.22,9.67,-24.54,null,null
5,0.95,0.261,0.056,0.961,7.69,30.49,-18.56,null,null
6,0.95,0.177,-0.031,0.95,-28.57,9.67,-3.48,null,null
7,0.95,0.168,-0.001,0.949,-3.85,0.21,-2.38,null,null
8,0.95,0.139,0.013,0.986,5.22,16.69,5.68,null,null
9,0.95,0.166,-0.033,1.016,7.66,4.61,2.32,null,null
10,0.95,0.103,0.022,1.027,29.11,0.06,4.7,null,null
11,0.95,0.169,-0.011,0.975,9.46,-36.5,6.07,null,null
12,0.95,0.261,0.06,0.996,-1.86,-28.57,10.53,null,null
13,0.95,0.383,-0.007,0.9,0.43,-12.91,3.17,null,null
14,0.95,0.284,-0.064,0.88,-1.04,3.27,4.21,null,null
15,0.95,0.262,-0.05,0.985,-8.97,-0.79,1.71,null,null
16,0.95,0.284,-0.03,0.971,-14.16,-12.48,4.76,null,null
17,0.95,0.239,-0.045,0.976,-1.95,0.7,-2.72,null,null
18,0.95,0.238,-0.044,0.949,-3.33,0.95,-5.16,null,null
19,0.95,0.229,0.051,0.97,3.69,-1.56,-5.98,null,null
0,0.95,0.216,-0.022,0.974,-0.34,4.06,1.25,null,null
1,0.95,0.203,0.012,0.993,3.42,2.23,-0.52,null,null
2,0.95,0.207,-0.017,1.0,0.61,0.4,2.14,null,null
3,0.95,0.198,-0.004,0.984,1.4,-3.36,0.67,null,null
4,0.95,0.199,0.004,1.004,4.58,-4.73,2.29,null,null
5,0.95,0.214,0.002,1.071,5.8,-39.25,3.17,null,null
6,0.95,0.27,0.15,1.002,26.25,12.45,-34.76,null,null
7,0.95,0.196,0.118,0.963,8.48,45.44,-20.94,null,null
8,0.95,0.164,0.042,1.004,-15.53,16.17,-4.64,null,null
9,0.95,0.181,0.021,0.965,-10.86,-5.07,-0.18,null,null
10,0.95,0.21,0.019,0.953,-2.44,8.45,4.0,null,null
11,0.95,0.185,0.02,0.974,5.01,6.71,-1.46,null,null
12,0.95,0.148,0.05,0.988,21.67,16.97,0.55,null,null
13,0.95,0.105,0.043,1.022,-6.74,-19.35,2.35,null,null
14,0.95,0.186,0.167,0.974,23.26,-15.38,-5.13,null,null
15,0.95,0.241,0.12,0.941,1.89,-17.12,6.99,null,null
16,0.95,0.238,0.05,0.962,-4.97,-10.74,7.57,null,null
17,0.95,0.256,0.086,0.992,-24.45,9.19,11.41,null,null
18,0.95,0.289,-0.015,0.995,-14.28,0.95,5.58,null,null
19,0.95,0.259,-0.01,0.981,-3.91,-0.76,-4.82,null,null
0,0.95,0.258,-0.019,0.976,1.07,-1.92,-1.68,null,null
1,0.95,0.258,-0.021,0.964,1.19,-2.23,-1.01,null,null
2,0.95,0.256,-0.014,0.958,1.83,-1.53,-1.62,null,null
3,0.95,0.257,-0.029,0.956,0.24,0.0,0.49,null,null
4,0.95,0.248,-0.047,0.988,0.21,-2.29,-0.64,null,null
5,0.95,0.289,-0.026,0.902,15.41,6.2,-16.88,null,null
6,0.95,0.253,0.055,1.0,-1.25,48.25,-38.73,null,null
7,0.95,0.115,0.027,1.045,5.01,46.02,-12.76,null,null
8,0.95,0.067,0.029,0.97,2.17,13.46,-5.62,null,null
9,0.95,0.086,0.077,0.999,7.14,3.02,-1.95,null,null
10,0.95,0.104,0.046,1.011,2.29,5.01,8.58,null,null
11,0.95,0.112,0.056,0.975,10.71,4.55,1.53,null,null
12,0.95,0.077,0.083,1.032,-17.43,-44.56,10.28,null,null
13,0.95,0.107,0.067,0.95,-1.4,-1.43,-5.01,null,null
14,0.95,0.148,0.04,0.979,-13.98,-28.47,14.04,null,null
15,0.95,0.227,0.03,0.949,-6.81,-20.81,16.6,null,null
16,0.95,0.173,0.023,0.936,-3.27,8.15,1.1,null,null
17,0.95,0.183,0.004,0.979,-9.19,12.15,-5.52,null,null
18,0.95,0.18,0.013,0.989,-3.39,3.05,-6.68,null,null
19,0.95,0.186,-0.01,1.004,-1.62,-3.33,-0.12,null,null
0,0.95,0.188,0.013,0.974,-1.83,2.04,-3.6,null,null
1,0.95,0.178,0.046,0.988,-0.03,1.13,-4.61,null,null
2,0.95,0.177,0.033,0.989,-0.34,-1.89,0.76,null,null
3,0.95,0.133,0.014,1.032,3.14,-15.26,0.73,null,null
4,0.95,0.144,0.083,0.92,36.93,37.6,-22.1,null,null
5,0.95,0.148,0.115,1.016,53.8,35.37,-23.87,null,null
6,0.95,0.167,0.074,0.923,-10.32,-0.46,9.92,null,null
7,0.95,0.084,0.089,0.993,-1.53,8.33,-8.51,null,null
8,0.95,0.104,0.136,1.001,0.49,-0.82,2.38,null,null
9,0.95,0.108,0.061,0.998,7.02,8.18,6.16,null,null
10,0.95,0.083,0.093,1.001,2.17,2.81,1.07,null,null
11,0.95,0.102,0.08,1.009,3.51,-0.73,2.99,null,null
12,0.95,0.097,0.133,1.064,-9.34,-29.6,11.51,null,null
13,0.95,0.264,0.132,1.019,-21.12,-60.27,8.45,null,null
14,0.95,0.235,0.076,0.914,-12.76,-15.96,12.73,null,null
15,0.95,0.284,0.022,0.846,-1.37,-12.82,12.02,null,null
16,0.95,0.228,0.056,0.861,11.78,23.65,-1.86,null,null
17,0.95,0.213,0.058,0.975,-0.06,17.49,-12.27,null,null
18,0.95,0.203,0.082,1.008,-7.72,1.98,-5.77,null,null
19,0.95,0.216,0.054,0.963,-2.14,-2.17,1.59,null,null
0,0.95,0.142,0.07,0.998,-5.04,-0.18,7.2,null,null
1,0.95,0.13,0.029,0.989,0.12,-1.25,7.48,null,null
2,0.95,0.133,0.0,0.977,1.71,-1.62,4.97,null,null
3,0.95,0.129,0.003,1.028,-4.33,-7.35,5.01,null,null
4,0.95,0.237,0.036,0.876,18.22,-0.31,-6.13,null,null
5,0.95,0.181,0.086,0.934,24.05,43.09,-32.17,null,null
6,0.95,0.043,0.148,0.99,14.4,31.46,-0.18,null,null
7,0.95,0.015,0.094,0.99,-19.32,-1.59,12.42,null,null
8,0.95,0.067,0.058,0.995,1.25,-2.5,11.57,null,null
9,0.95,0.063,0.04,0.992,-7.63,4.76,12.91,null,null
10,0.95,0.042,0.013,1.005,-2.44,3.11,-0.12,null,null
11,0.95,0.006,0.083,1.033,11.14,5.52,-1.89,null,null
12,0.95,0.07,0.088,0.963,15.44,-27.19,-13.31,null,null
13,0.95,0.167,0.092,0.978,-21.55,-34.88,4.06,null,null
14,0.95,0.205,0.019,1.006,-20.23,-51.27,14.74,null,null
15,0.95,0.23,-0.047,0.905,-19.9,-14.04,11.29,null,null
16,0.95,0.177,-0.021,0.954,-20.51,13.86,-2.53,null,null
17,0.95,0.143,0.013,1.002,-4.79,8.55,-0.98,null,null
18,0.95,0.129,0.007,1.026,3.3,0.58,-2.08,null,null
19,0.95,0.129,0.016,0.999,11.6,-3.02,-2.2,null,null
0,0.95,0.122,0.059,1.005,-1.19,3.78,0.12,null,null
1,0.95,0.115,0.049,1.006,-0.09,0.55,3.33,null,null
2,0.95,0.113,0.036,0.994,-1.01,-0.92,4.39,null,null
3,0.95,0.111,0.047,0.979,1.86,-3.88,4.24,null,null
4,0.95,0.107,0.049,1.02,8.03,-18.4,7.84,null,null
5,0.95,0.194,0.034,0.879,10.86,-20.6,12.48,null,null
6,0.95,0.208,0.01,1.007,7.35,40.62,-19.81,null,null
7,0.95,0.092,0.089,0.947,-2.17,27.41,-5.34,null,null
8,0.95,0.045,0.061,1.002,-15.35,13.76,6.53,null,null
9,0.95,0.046,0.064,0.986,-7.54,0.49,8.94,null,null
10,0.95,0.037,0.021,1.017,2.81,7.66,8.42,null,null
11,0.95,0.028,0.025,0.978,3.14,3.88,1.25,null,null
12,0.95,0.003,0.046,1.007,15.29,0.7,-1.1,null,null
13,0.95,-0.015,0.099,1.068,22.03,-40.19,-12.33,null,null
14,0.95,0.093,0.162,1.022,-2.04,-37.97,1.01,null,null
15,0.95,0.149,0.198,1.024,-30.76,-7.75,22.77,null,null
16,0.95,0.252,0.05,0.898,7.26,-14.65,1.77,null,null
17,0.95,0.294,0.046,0.836,14.56,-26.73,-9.49,null,null
18,0.95,0.268,0.052,0.88,-15.63,-10.38,7.93,null,null
19,0.95,0.244,0.088,0.944,-4.58,-5.01,6.78,null,null
0,0.95,0.18,0.062,0.981,-3.23,-1.62,5.25,null,null
1,0.95,0.181,0.035,0.962,-8.27,1.46,7.45,null,null
2,0.95,0.188,0.053,0.995,-3.45,1.92,-0.61,null,null
3,0.95,0.18,0.059,0.998,0.12,-1.34,2.72,null,null
4,0.95,0.158,0.025,0.997,5.43,-9.83,4.79,null,null
5,0.95,0.272,0.03,0.876,53.68,-4.27,0.64,null,null
6,0.95,0.202,0.112,0.95,-12.02,32.78,-0.09,null,null
7,0.95,0.03,0.145,1.027,-21.52,45.32,-12.97,null,null
8,0.95,-0.047,0.139,1.012,-8.27,13.34,-4.52,null,null
9,0.95,-0.019,0.113,1.001,-9.98,-2.5,-7.54,null,null
10,0.95,-0.031,0.112,0.985,-9.46,-8.45,3.6,null,null
11,0.95,-0.006,0.096,0.992,0.79,-0.21,-1.1,null,null
12,0.95,-0.027,0.114,0.969,8.45,3.23,0.09,null,null
13,0.95,-0.105,0.167,1.03,28.08,-9.95,-3.45,null,null
14,0.95,0.028,0.182,1.038,20.23,-58.17,-21.61,null,null
15,0.95,0.131,0.207,0.952,-30.37,-39.83,2.29,null,null
16,0.95,0.214,0.138,0.969,-23.07,-44.53,14.89,null,null
17,0.95,0.233,0.083,0.98,-20.84,-28.23,10.22,null,null
18,0.95,0.228,0.086,0.948,-9.31,-2.99,0.34,null,null
19,0.95,0.202,0.085,0.967,-2.62,3.81,-3.66,null,null
0,0.95,0.155,0.077,0.999,-0.98,-3.02,-0.61,null,null
1,0.95,0.144,0.08,0.983,-1.83,-4.3,1.01,null,null
2,0.95,0.154,0.073,0.977,1.43,-3.85,-0.21,null,null
3,0.95,0.177,0.083,0.965,13.86,-21.55,-2.29,null,null
4,0.95,0.186,0.064,0.911,32.32,43.79,-14.59,null,null
5,0.95,-0.01,0.21,1.009,8.67,48.62,-15.81,null,null
6,0.95,0.015,0.117,0.963,-26.31,23.1,12.97,null,null
7,0.95,-0.025,0.093,0.987,0.37,13.0,4.97,null,null
8,0.95,-0.058,0.11,0.986,-4.55,20.39,8.18,null,null
9,0.95,-0.067,0.097,1.002,-0.73,6.26,10.59,null,null
10,0.95,-0.06,0.096,0.973,6.04,-0.85,-2.93,null,null
11,0.95,-0.085,0.122,1.026,6.2,-33.94,10.9,null,null
12,0.95,-0.059,0.185,1.006,11.57,-15.72,-4.36,null,null
13,0.95,-0.007,0.202,1.016,-3.94,-16.91,3.6,null,null
14,0.95,0.05,0.126,1.005,-8.97,-35.55,4.91,null,null
15,0.95,0.097,0.075,1.005,-17.94,-48.46,10.62,null,null
16,0.95,0.14,0.104,0.949,-2.5,-31.46,-1.65,null,null
17,0.95,0.188,0.077,0.954,-5.37,-15.96,-2.56,null,null
18,0.95,0.196,0.057,0.934,-10.19,-4.03,-6.44,null,null
19,0.95,0.199,0.078,0.971,1.1,0.18,-5.74,null,null
0,0.95,0.122,0.007,0.978,1.13,-0.21,-2.56,null,null
1,0.95,0.125,-0.004,0.981,0.61,0.49,0.21,null,null
2,0.95,0.136,-0.015,1.006,-0.24,1.95,1.86,null,null
3,0.95,0.129,-0.013,1.007,0.24,0.61,-0.21,null,null
4,0.95,0.132,0.003,0.993,1.77,-0.85,-2.56,null,null
5,0.95,0.136,-0.005,1.004,2.38,-1.13,-1.28,null,null
6,0.95,0.069,0.015,1.05,8.97,-20.57,-6.93,null,null
7,0.95,0.209,0.033,0.918,11.96,44.01,-20.84,null,null
8,0.95,0.023,0.211,1.016,38.85,51.88,-43.79,null,null
9,0.95,-0.054,0.114,0.996,-22.61,22.58,10.19,null,null
10,0.95,-0.051,0.086,1.02,-12.21,0.73,5.19,null,null
11,0.95,-0.055,0.082,0.991,0.92,3.23,10.74,null,null
12,0.95,-0.056,0.048,0.989,-0.82,3.05,4.73,null,null
13,0.95,-0.067,0.101,0.995,21.27,-0.95,4.73,null,null
14,0.95,0.031,0.104,1.012,-2.44,-54.02,11.23,null,null
15,0.95,0.175,0.079,0.963,3.85,-27.99,8.7,null,null
16,0.95,0.147,0.069,0.95,-7.02,-32.44,1.1,null,null
17,0.95,0.23,0.042,0.954,-2.35,-24.35,1.56,null,null
18,0.95,0.188,0.059,0.935,-5.19,-17.91,8.97,null,null
19,0.95,0.177,0.084,0.97,-1.83,-4.61,5.65,null,null
0,0.95,0.18,-0.005,0.993,2.9,1.01,-1.13,null,null
1,0.95,0.19,-0.011,0.989,-0.18,-0.46,-0.46,null,null
2,0.95,0.187,0.005,0.976,2.66,-1.07,-2.53,null,null
3,0.95,0.181,-0.004,0.975,5.01,0.18,-1.74,null,null
4,0.95,0.162,-0.014,0.977,16.3,4.58,-5.86,null,null
5,0.95,0.119,0.053,0.907,37.66,46.51,-19.65,null,null
6,0.95,0.151,0.052,1.05,9.34,17.73,-13.15,null,null
7,0.95,0.083,0.061,0.936,-18.77,18.19,0.43,null,null
8,0.95,0.005,0.062,1.017,-15.53,12.09,-4.43,null,null
9,0.95,0.015,0.072,0.976,3.17,18.37,1.1,null,null
10,0.95,-0.005,0.065,0.985,7.14,11.51,7.45,null,null
11,0.95,-0.047,0.069,0.98,15.66,9.77,-1.65,null,null
12,0.95,-0.09,0.096,1.02,20.81,-9.03,3.91,null,null
13,0.95,-0.039,0.111,0.903,24.38,-23.01,-10.04,null,null
14,0.95,-0.055,0.177,0.958,-12.3,-26.76,-2.2,null,null
15,0.95,0.048,0.184,0.993,8.09,-24.9,-0.92,null,null
16,0.95,0.049,0.111,0.991,-2.78,-19.78,10.9,null,null
17,0.95,0.147,0.096,0.957,-8.39,-11.38,2.84,null,null
18,0.95,0.18,0.058,0.975,-2.26,-3.27,-1.56,null,null
19,0.95,0.183,0.04,0.977,-2.62,-3.51,0.06,null,null
0,0.95,0.183,0.073,0.982,0.27,-0.76,-0.21,null,null
1,0.95,0.188,0.068,0.981,-0.61,0.31,0.89,null,null
2,0.95,0.169,0.072,0.998,-0.27,-4.64,1.1,null,null
3,0.95,0.307,0.096,0.868,11.38,-4.85,-0.49,null,null
4,0.95,0.237,0.053,0.939,18.25,30.92,-15.59,null,null
5,0.95,0.117,0.046,0.96,-8.39,30.95,-16.39,null,null
6,0.95,0.054,0.105,1.017,7.08,26.52,-7.42,null,null
7,0.95,0.033,0.125,1.016,-7.75,9.22,7.69,null,null
8,0.95,0.018,0.102,0.992,0.03,9.03,6.93,null,null
9,0.95,0.013,0.079,0.986,-4.33,1.37,7.97,null,null
10,0.95,0.023,0.076,0.974,0.61,6.62,0.79,null,null
11,0.95,0.033,0.104,0.973,13.79,9.8,-12.15,null,null
12,0.95,0.003,0.21,1.057,21.97,-65.37,-17.79,null,null
13,0.95,0.114,0.27,0.994,-48.01,-48.01,28.2,null,null
14,0.95,0.161,0.125,0.994,-8.76,-30.12,13.55,null,null
15,0.95,0.224,0.079,0.946,6.99,-15.29,4.46,null,null
16,0.95,0.266,0.127,0.88,12.51,-17.09,4.21,null,null
17,0.95,0.244,0.12,0.952,-1.77,6.71,0.06,null,null
18,0.95,0.229,0.12,0.986,-6.26,0.58,-0.37,null,null
19,0.95,0.236,0.104,0.972,-3.48,-3.23,-1.04,null,null
0,0.95,0.144,0.094,0.979,-0.49,0.06,-0.67,null,null
1,0.95,0.132,0.102,0.98,0.12,-0.24,1.37,null,null
2,0.95,0.166,0.061,1.027,-4.79,-19.01,4.33,null,null
3,0.95,0.184,0.07,0.796,11.54,54.35,-2.84,null,null
4,0.95,0.159,0.131,0.978,-6.99,39.31,-25.21,null,null
5,0.95,0.036,0.112,0.95,-6.04,22.31,7.32,null,null
6,0.95,-0.027,0.03,0.951,-2.17,10.28,9.46,null,null
7,0.95,-0.039,0.061,0.993,1.04,8.91,6.96,null,null
8,0.95,-0.024,0.058,1.01,13.15,6.2,11.11,null,null
9,0.95,-0.036,0.054,1.007,0.21,1.68,1.01,null,null
10,0.95,-0.032,0.093,0.991,17.4,-25.79,1.83,null,null
11,0.95,0.134,0.117,0.895,2.5,-65.89,16.08,null,null
12,0.95,0.046,0.108,0.936,-1.5,-3.81,-4.43,null,null
13,0.95,0.159,0.047,1.029,25.03,-5.89,-15.87,null,null
14,0.95,0.072,0.052,0.791,-4.97,5.74,6.74,null,null
15,0.95,0.158,0.059,0.951,-2.93,-0.49,-1.28,null,null
16,0.95,0.156,0.018,0.994,-14.68,3.02,1.71,null,null
17,0.95,0.14,0.005,1.005,-4.79,-0.18,1.28,null,null
18,0.95,0.133,0.0,0.983,-2.62,-0.58,0.7,null,null
19,0.95,0.142,-0.008,0.987,-0.82,4.88,-1.31,null,null
0,0.95,0.843,-0.062,0.509,2.72,3.08,-8.45,null,null
1,0.95,0.856,-0.042,0.547,-0.03,-0.34,-4.7,null,null
2,0.95,0.854,-0.042,0.457,7.97,1.31,-2.2,null,null
3,0.95,0.944,-0.121,0.154,50.81,144.84,-24.75,null,null
4,0.95,0.391,0.07,0.369,90.06,511.98,-106.69,null,null
5,0.95,-1.074,0.296,0.561,-129.09,546.83,-20.78,null,null
6,0.95,-1.034,0.409,0.397,15.41,90.95,-45.29,null,null
7,0.95,-1.162,0.279,0.427,6.65,20.42,39.83,null,null
8,0.95,-1.084,0.182,0.514,-19.81,-67.57,-10.32,null,null
9,0.95,-0.881,0.165,0.546,11.2,-224.49,-17.03,null,null
10,0.95,-0.77,0.135,0.82,40.77,-477.0,-24.48,null,null
11,0.95,-0.02,0.314,0.761,-62.9,-486.04,97.93,null,null
12,0.95,0.864,-0.032,0.052,17.03,-200.02,97.26,null,null
13,0.95,0.876,-0.135,0.156,20.91,-32.14,-0.7,null,null
14,0.95,0.934,-0.055,0.284,-0.55,33.2,-16.14,null,null
15,0.95,0.95,-0.124,0.212,5.77,158.36,-25.15,null,null
16,0.95,0.573,0.036,0.523,72.76,413.59,-144.23,null,null
17,0.95,-0.855,0.404,0.207,-69.34,590.04,-54.41,null,null
18,0.95,-1.014,0.309,0.651,64.24,144.44,7.42,null,null
19,0.95,-1.088,0.23,0.63,25.06,18.19,34.3,null,null
0,0.95,0.826,-0.06,0.542,-1.01,3.02,3.48,null,null
1,0.95,0.822,-0.046,0.553,-0.55,4.15,2.17,null,null
2,0.95,0.829,-0.06,0.573,-3.11,1.86,3.05,null,null
3,0.95,0.848,-0.055,0.563,-3.51,-1.53,-0.55,null,null
4,0.95,0.834,-0.055,0.529,-2.81,-14.92,0.67,null,null
5,0.95,0.926,-0.219,0.248,47.27,259.01,-44.59,null,null
6,0.95,-0.622,0.483,0.512,176.76,601.64,-129.58,null,null
7,0.95,-0.893,0.023,1.272,-19.68,271.65,-36.13,null,null
8,0.95,-1.026,0.267,0.381,28.44,94.7,34.18,null,null
9,0.95,-1.077,0.308,0.426,15.35,42.3,11.38,null,null
10,0.95,-1.08,0.342,0.389,-11.47,-30.18,6.93,null,null
11,0.95,-0.844,0.211,0.474,34.88,-233.38,10.19,null,null
12,0.95,-0.83,0.363,0.997,-14.89,-440.66,-23.5,null,null
13,0.95,0.176,0.267,0.796,-90.55,-428.6,128.94,null,null
14,0.95,0.774,-0.111,0.35,-33.88,-218.91,109.62,null,null
15,0.95,0.824,-0.178,0.261,-8.79,-78.59,38.15,null,null
16,0.95,0.912,-0.214,0.304,-2.75,-20.84,11.26,null,null
17,0.95,0.903,-0.159,0.338,1.92,15.69,-1.46,null,null
18,0.95,0.705,-0.287,0.547,36.77,258.92,-85.94,null,null
19,0.95,-0.164,-0.082,0.281,170.45,564.78,-206.37,null,null
0,0.95,0.875,-0.092,0.438,3.69,2.04,0.67,null,null
1,0.95,0.852,-0.101,0.495,2.78,9.31,-3.81,null,null
2,0.95,0.859,-0.11,0.514,2.2,-0.55,-4.09,null,null
3,0.95,0.844,-0.114,0.45,0.21,-3.27,-1.59,null,null
4,0.95,0.958,-0.21,0.112,45.01,154.42,-22.98,null,null
5,0.95,0.471,0.002,0.478,81.42,457.53,-116.09,null,null
6,0.95,-1.215,0.151,0.639,-111.64,613.73,-29.42,null,null
7,0.95,-1.048,0.349,0.413,-7.45,96.35,-14.4,null,null
8,0.95,-1.047,0.236,0.393,19.04,36.1,29.24,null,null
9,0.95,-1.075,0.316,0.421,-0.15,-26.73,4.46,null,null
10,0.95,-0.886,0.254,0.513,58.99,-201.03,74.71,null,null
11,0.95,-0.713,0.352,0.955,-60.06,-399.82,-4.03,null,null
12,0.95,-0.074,0.321,0.842,-123.17,-435.77,80.48,null,null
13,0.95,0.736,-0.071,0.362,-58.99,-217.75,90.09,null,null
14,0.95,0.811,-0.227,0.335,0.31,-69.86,8.3,null,null
15,0.95,0.885,-0.226,0.258,17.61,13.61,-6.23,null,null
16,0.95,0.878,-0.176,0.232,41.99,203.19,-36.56,null,null
17,0.95,-0.105,0.043,0.536,144.63,575.79,-151.98,null,null
18,0.95,-1.121,-0.108,1.135,-116.58,485.37,19.56,null,null
19,0.95,-1.009,0.272,0.516,-22.58,67.45,-7.35,null,null
0,0.95,0.919,-0.05,0.493,1.25,1.77,0.37,null,null
1,0.95,0.868,-0.087,0.521,-3.6,3.63,9.25,null,null
2,0.95,0.885,-0.105,0.48,-0.98,-3.39,-1.1,null,null
3,0.95,0.871,-0.079,0.497,0.24,-2.23,-4.15,null,null
4,0.95,0.868,-0.074,0.47,-4.67,0.0,4.21,null,null
5,0.95,0.941,-0.182,0.103,28.38,143.99,-27.62,null,null
6,0.95,-0.01,-0.002,0.177,111.97,620.47,-193.18,null,null
7,0.95,-1.215,-0.005,0.934,-117.56,540.94,-5.25,null,null
8,0.95,-1.014,0.313,0.342,0.98,81.88,7.02,null,null
9,0.95,-1.059,0.221,0.534,11.08,7.02,18.34,null,null
10,0.95,-0.979,0.259,0.601,32.01,-178.23,25.76,null,null
11,0.95,-0.694,0.275,0.831,5.65,-265.88,16.63,null,null
12,0.95,-0.318,0.336,0.787,-29.85,-465.59,62.93,null,null
13,0.95,0.698,0.051,0.581,-63.17,-269.91,104.74,null,null
14,0.95,0.788,-0.163,0.377,25.51,-120.49,43.31,null,null
15,0.95,0.884,-0.098,0.349,6.93,-19.78,-4.03,null,null
16,0.95,0.929,-0.132,0.125,-2.66,102.33,-23.04,null,null
17,0.95,0.342,0.013,0.715,81.88,360.52,-135.72,null,null
18,0.95,-0.82,0.495,0.507,39.83,537.8,-95.77,null,null
19,0.95,-1.043,0.133,1.318,13.61,286.97,3.05,null,null
0,0.95,0.884,-0.113,0.484,-0.49,0.27,0.95,null,null
1,0.95,0.88,-0.114,0.449,2.81,1.28,-4.49,null,null
2,0.95,0.898,-0.103,0.499,6.29,-3.51,-4.76,null,null
3,0.95,0.868,-0.095,0.438,0.4,-12.67,-2.99,null,null
4,0.95,0.827,-0.187,0.304,1.31,99.06,-16.21,null,null
5,0.95,0.375,-0.092,0.48,69.73,429.85,-134.5,null,null
6,0.95,-1.007,0.382,0.317,-40.25,621.36,-51.61,null,null
7,0.95,-0.949,0.275,0.433,55.97,94.88,34.06,null,null
8,0.95,-1.056,0.239,0.547,19.47,38.85,11.02,null,null
9,0.95,-1.019,0.293,0.515,-8.06,-37.32,-5.16,null,null
10,0.95,-0.815,0.292,0.541,8.73,-225.56,36.65,null,null
11,0.95,-0.58,0.316,0.945,-18.19,-355.36,61.77,null,null
12,0.95,0.052,0.255,0.917,-85.48,-430.83,50.57,null,null
13,0.95,0.759,0.047,0.347,-62.62,-227.0,73.0,null,null
14,0.95,0.837,-0.219,0.296,-10.28,-36.35,27.1,null,null
15,0.95,0.859,-0.068,0.281,13.18,38.12,-7.14,null,null
16,0.95,0.684,-0.184,0.333,74.22,326.79,-78.37,null,null
17,0.95,-0.533,0.486,0.636,140.2,526.51,-153.9,null,null
18,0.95,-0.985,0.193,1.027,-71.26,365.83,15.02,null,null
19,0.95,-0.883,0.269,0.483,11.05,85.73,14.4,null,null
0,0.95,0.875,-0.019,0.512,0.4,-3.14,-0.31,null,null
1,0.95,0.891,-0.036,0.482,-2.32,-9.43,0.49,null,null
2,0.95,0.881,-0.054,0.452,-0.12,-6.1,-0.61,null,null
3,0.95,0.865,-0.062,0.254,7.32,37.78,0.55,null,null
4,0.95,0.666,-0.062,0.308,42.39,324.78,-97.38,null,null
5,0.95,-0.443,0.264,0.534,-14.65,514.27,-103.34,null,null
6,0.95,-0.992,-0.08,1.138,-39.31,349.01,15.32,null,null
7,0.95,-1.002,0.158,0.602,6.53,75.29,23.22,null,null
8,0.95,-1.029,0.157,0.574,2.2,-27.01,-8.33,null,null
9,0.95,-0.917,0.116,0.755,18.59,-227.7,3.54,null,null
10,0.95,-0.739,0.128,0.923,57.22,-453.2,28.96,null,null
11,0.95,0.163,0.336,0.828,-57.5,-416.46,97.69,null,null
12,0.95,0.793,0.05,0.187,-3.97,-202.34,63.23,null,null
13,0.95,0.829,-0.063,0.255,-1.59,-32.9,16.05,null,null
14,0.95,0.819,-0.051,0.24,6.38,127.32,-5.55,null,null
15,0.95,0.224,0.018,0.646,89.27,363.23,-136.14,null,null
16,0.95,-1.046,0.676,0.452,125.58,495.07,-145.6,null,null
17,0.95,-0.984,0.186,1.135,-16.82,273.45,-22.52,null,null
18,0.95,-1.02,0.28,0.608,-0.82,13.7,29.6,null,null
19,0.95,-0.974,0.365,0.792,1.04,-141.0,39.46,null,null
0,0.95,0.87,-0.082,0.484,2.11,2.96,-3.78,null,null
1,0.95,0.88,-0.093,0.479,1.4,0.21,-0.79,null,null
2,0.95,0.872,-0.075,0.478,2.26,1.04,-0.82,null,null
3,0.95,0.887,-0.088,0.477,-1.37,-4.24,-1.25,null,null
4,0.95,0.878,-0.102,0.411,-6.71,-4.24,3.85,null,null
5,0.95,0.874,-0.294,0.292,11.17,216.86,-43.28,null,null
6,0.95,-0.149,0.202,0.715,89.45,530.2,-166.54,null,null
7,0.95,-1.04,0.29,0.948,-65.49,500.44,12.54,null,null
8,0.95,-0.897,0.256,0.523,-7.63,70.99,15.63,null,null
9,0.95,-1.01,0.266,0.552,15.41,-14.77,18.46,null,null
10,0.95,-0.919,0.248,0.728,27.92,-224.07,16.94,null,null
11,0.95,-0.963,0.17,1.018,-6.56,-595.48,5.95,null,null
12,0.95,0.572,0.24,0.562,-83.35,-381.97,137.97,null,null
13,0.95,0.777,-0.241,0.051,-1.56,-109.65,87.8,null,null
14,0.95,0.865,-0.231,0.007,10.35,94.79,-22.86,null,null
15,0.95,0.446,-0.165,0.396,113.19,513.05,-173.59,null,null
16,0.95,-1.292,0.69,0.4,-123.36,645.68,-15.05,null,null
17,0.95,-1.069,0.162,0.447,0.85,47.27,29.73,null,null
18,0.95,-1.061,0.255,0.921,11.29,-138.77,32.44,null,null
19,0.95,-1.472,-0.059,1.705,-45.78,-876.28,-5.83,null,null
0,0.95,0.934,-0.085,0.379,1.01,-2.38,0.85,null,null
1,0.95,0.915,-0.086,0.375,-1.01,-3.39,-1.31,null,null
2,0.95,0.917,-0.077,0.361,1.71,-1.13,-4.24,null,null
3,0.95,0.871,-0.065,0.254,-3.75,15.93,0.76,null,null
4,0.95,0.791,-0.249,0.184,-0.15,277.81,-51.21,null,null
5,0.95,-0.509,0.313,0.651,110.51,610.22,-184.58,null,null
6,0.95,-1.12,-0.164,1.529,-56.61,451.46,2.17,null,null
7,0.95,-1.074,0.222,0.666,7.72,67.42,24.08,null,null
8,0.95,-1.032,0.219,0.799,5.37,-108.1,11.93,null,null
9,0.95,-0.86,0.287,1.074,-2.53,-442.4,13.09,null,null
10,0.95,-0.02,0.382,0.633,-88.29,-487.32,99.52,null,null
11,0.95,0.749,-0.124,0.185,-44.4,-222.42,86.18,null,null
12,0.95,0.811,-0.07,0.189,-2.04,-45.69,12.79,null,null
13,0.95,0.867,-0.128,0.184,6.38,109.53,-13.61,null,null
14,0.95,0.476,-0.131,0.452,58.5,496.14,-138.43,null,null
15,0.95,-1.038,0.812,0.582,89.57,585.31,-60.0,null,null
16,0.95,-0.862,0.22,0.896,-7.9,129.12,-12.42,null,null
17,0.95,-0.985,0.206,0.65,-0.52,29.85,6.38,null,null
18,0.95,-0.859,0.335,0.805,-6.41,-107.97,14.62,null,null
19,0.95,-0.771,0.308,1.064,-67.38,-477.77,26.18,null,null
0,0.95,0.889,-0.121,0.495,6.65,1.89,-4.82,null,null
1,0.95,0.873,-0.113,0.494,3.42,-0.24,2.84,null,null
2,0.95,0.857,-0.099,0.482,3.66,0.09,-8.15,null,null
3,0.95,0.836,-0.107,0.475,-3.57,0.82,6.04,null,null
4,0.95,0.831,-0.158,0.352,11.84,107.55,-12.3,null,null
5,0.95,0.16,-0.364,0.29,86.18,640.4,-171.39,null,null
6,0.95,-1.089,0.192,0.934,-54.84,467.36,25.21,null,null
7,0.95,-0.917,0.018,0.615,9.13,71.69,6.56,null,null
8,0.95,-1.06,0.13,0.652,18.95,2.47,21.42,null,null
9,0.95,-0.884,0.164,0.758,17.18,-250.71,7.32,null,null
10,0.95,-0.706,0.17,0.913,-16.36,-440.63,4.85,null,null
11,0.95,0.231,0.209,0.746,-119.21,-424.48,89.3,null,null
12,0.95,0.738,-0.239,0.298,-21.61,-121.49,15.17,null,null
13,0.95,0.767,-0.107,0.425,2.69,-7.87,4.61,null,null
14,0.95,0.868,-0.163,0.234,38.79,153.84,-4.18,null,null
15,0.95,-0.077,-0.103,0.876,101.23,537.92,-123.2,null,null
16,0.95,-1.075,0.019,1.011,-65.98,460.59,32.65,null,null
17,0.95,-0.912,0.098,0.65,-7.69,69.55,7.81,null,null
18,0.95,-0.907,0.023,0.6,7.17,-18.62,1.01,null,null
19,0.95,-0.906,0.097,0.909,5.58,-257.48,-21.36,null,null
0,0.95,0.34,-0.168,0.91,-1.77,33.54,-6.38,null,null
1,0.95,0.364,-0.287,0.8,-11.6,10.68,-70.19,null,null
2,0.95,0.155,-0.021,0.849,6.41,11.05,-74.98,null,null
3,0.95,0.369,0.061,0.922,44.07,74.19,-14.98,null,null
4,0.95,0.409,-0.102,0.97,0.92,-29.66,59.57,null,null
5,0.95,0.657,0.115,0.251,83.5,123.11,36.74,null,null
6,0.95,-0.897,0.364,0.293,17.06,558.52,-62.17,null,null
7,0.95,-1.309,0.014,0.853,-30.4,137.36,-49.17,null,null
8,0.95,-1.152,-0.022,0.62,16.27,14.31,12.3,null,null
9,0.95,-1.005,-0.017,0.69,66.99,-183.2,11.26,null,null
10,0.95,-0.856,-0.058,0.869,66.07,-531.14,-15.11,null,null
11,0.95,0.337,0.257,0.811,-23.99,-452.74,114.14,null,null
12,0.95,0.824,-0.113,0.285,11.81,-123.11,22.0,null,null
13,0.95,0.766,0.073,0.351,31.68,15.47,-20.51,null,null
14,0.95,0.475,-0.077,0.462,-9.28,319.28,-83.96,null,null
15,0.95,-0.9,0.43,0.292,-143.25,624.53,-77.0,null,null
16,0.95,-1.064,-0.16,0.77,-24.75,159.67,-9.28,null,null
17,0.95,-1.12,-0.055,0.658,4.27,-0.89,-1.77,null,null
18,0.95,-0.89,-0.077,0.926,19.5,-246.74,-23.07,null,null
19,0.95,-0.734,-0.248,0.735,105.66,-626.36,10.93,null,null
0,0.95,0.732,0.057,0.615,1.53,-7.17,-1.86,null,null
1,0.95,0.745,0.041,0.648,6.2,-6.56,1.71,null,null
2,0.95,0.805,0.063,0.61,7.66,-0.31,-7.32,null,null
3,0.95,0.759,0.06,0.437,27.89,149.21,-38.61,null,null
4,0.95,-0.144,0.035,0.599,-1.59,546.53,-120.82,null,null
5,0.95,-0.842,-0.062,1.046,-84.05,336.71,-19.17,null,null
6,0.95,-0.966,0.078,0.751,9.03,62.35,9.89,null,null
7,0.95,-0.973,0.018,0.781,7.9,-35.25,11.2,null,null
8,0.95,-0.821,0.121,0.759,29.97,-235.69,11.35,null,null
9,0.95,-0.571,0.069,0.891,73.24,-504.84,4.12,null,null
10,0.95,0.365,0.264,0.635,-18.34,-343.27,82.89,null,null
11,0.95,0.81,-0.021,0.297,4.82,-35.0,19.59,null,null
12,0.95,0.803,0.01,0.392,2.99,38.64,-12.3,null,null
13,0.95,0.443,-0.026,0.469,4.18,373.64,-88.5,null,null
14,0.95,-0.964,0.367,0.561,-130.16,566.09,-61.62,null,null
15,0.95,-1.097,-0.017,0.945,-17.49,112.7,-4.91,null,null
16,0.95,-0.896,-0.08,0.713,6.26,16.66,9.37,null,null
17,0.95,-0.93,-0.032,0.96,33.63,-125.16,-3.81,null,null
18,0.95,-0.789,-0.1,1.064,74.62,-514.51,-8.24,null,null
19,0.95,0.449,0.29,0.829,14.92,-353.31,71.14,null,null
0,0.95,0.802,0.07,0.632,1.4,-8.12,-3.17,null,null
1,0.95,0.776,0.069,0.576,0.49,-8.33,-1.01,null,null
2,0.95,0.795,-0.02,0.431,24.78,95.89,-12.79,null,null
3,0.95,0.312,0.078,0.491,26.43,446.3,-117.01,null,null
4,0.95,-0.995,0.136,0.724,-131.44,513.6,-12.21,null,null
5,0.95,-0.953,-0.006,0.742,2.26,22.71,1.31,null,null
6,0.95,-0.925,-0.005,0.754,24.57,-4.21,22.77,null,null
7,0.95,-0.85,0.067,0.784,44.31,-158.09,11.32,null,null
8,0.95,-0.613,0.089,0.947,34.36,-349.38,10.93,null,null
9,0.95,0.144,0.338,0.796,60.52,-354.26,47.52,null,null
10,0.95,0.694,0.026,0.582,-21.7,-197.24,93.42,null,null
11,0.95,0.802,-0.022,0.463,11.6,-61.04,3.88,null,null
12,0.95,0.809,0.05,0.446,-2.72,12.94,-9.74,null,null
13,0.95,0.647,-0.016,0.443,42.39,272.87,-82.67,null,null
14,0.95,-0.754,0.431,0.366,-52.06,606.52,-120.7,null,null
15,0.95,-0.984,-0.027,1.08,-40.41,148.84,-6.59,null,null
16,0.95,-0.91,0.046,0.747,5.95,11.84,5.62,null,null
17,0.95,-0.819,0.108,0.904,42.97,-167.46,2.01,null,null
18,0.95,-0.609,0.142,0.961,48.74,-460.49,16.27,null,null
19,0.95,0.424,0.229,0.705,-12.7,-291.97,95.52,null,null
0,0.95,0.785,0.106,0.63,2.11,-11.08,-3.88,null,null
1,0.95,0.745,0.115,0.613,-0.67,0.85,2.56,null,null
2,0.95,0.726,0.074,0.397,20.02,42.21,-10.44,null,null
3,0.95,0.349,0.113,0.522,35.25,394.45,-114.26,null,null
4,0.95,-1.097,0.528,0.565,-147.5,552.42,-92.38,null,null
5,0.95,-0.948,0.047,0.921,-1.83,14.31,8.91,null,null
6,0.95,-0.927,0.005,0.882,6.99,-32.47,10.19,null,null
7,0.95,-0.793,0.134,0.923,16.6,-226.6,3.17,null,null
8,0.95,-0.481,0.166,0.89,84.99,-458.63,29.21,null,null
9,0.95,0.323,0.231,0.621,-6.81,-322.31,72.24,null,null
10,0.95,0.751,0.121,0.344,7.11,-66.04,36.13,null,null
11,0.95,0.802,0.08,0.391,10.22,19.71,-0.98,null,null
12,0.95,0.612,0.085,0.462,24.2,249.52,-82.25,null,null
13,0.95,-0.537,0.412,0.423,110.66,535.02,-142.31,null,null
14,0.95,-0.898,0.191,0.928,-169.32,295.82,-51.12,null,null
15,0.95,-0.92,0.27,0.678,-12.94,21.79,-18.16,null,null
16,0.95,-0.897,0.179,0.808,12.91,-54.54,0.95,null,null
17,0.95,-0.706,0.262,0.878,6.96,-251.66,3.75,null,null
18,0.95,-0.274,0.147,0.76,60.67,-471.51,41.23,null,null
19,0.95,0.498,0.166,0.593,-52.71,-219.79,69.95,null,null
0,0.95,0.849,0.074,0.557,-2.56,1.74,-2.38,null,null
1,0.95,0.862,0.067,0.54,-0.98,-3.48,-0.73,null,null
2,0.95,0.848,0.08,0.479,2.72,-2.2,0.46,null,null
3,0.95,0.834,0.012,0.313,7.39,80.97,-13.73,null,null
4,0.95,0.223,-0.03,0.374,-25.3,582.6,-132.91,null,null
5,0.95,-0.799,-0.07,1.064,-11.54,292.92,22.13,null,null
6,0.95,-0.961,-0.043,0.827,6.65,67.9,15.53,null,null
7,0.95,-0.938,-0.109,0.875,3.88,-16.42,5.71,null,null
8,0.95,-0.798,0.063,0.941,43.55,-251.17,19.81,null,null
9,0.95,-0.413,0.142,0.822,100.31,-524.28,46.33,null,null
10,0.95,0.555,0.194,0.571,-64.67,-261.85,91.83,null,null
11,0.95,0.82,-0.131,0.363,-8.39,-34.64,34.09,null,null
12,0.95,0.824,-0.049,0.487,2.08,-6.99,-0.73,null,null
13,0.95,0.87,-0.09,0.371,24.2,78.71,-27.5,null,null
14,0.95,0.556,-0.014,0.595,-18.13,377.42,-81.85,null,null
15,0.95,-0.786,0.044,0.689,-163.73,527.39,-51.24,null,null
16,0.95,-0.936,-0.069,0.869,42.18,85.91,70.16,null,null
17,0.95,-0.847,-0.1,0.841,20.6,-27.89,-7.54,null,null
18,0.95,-0.808,0.042,0.972,39.49,-217.23,9.95,null,null
19,0.95,-0.431,0.031,0.908,85.15,-472.64,29.15,null,null
0,0.95,0.835,0.036,0.541,2.53,-10.38,-2.08,null,null
1,0.95,0.802,0.02,0.549,1.62,-5.46,-1.89,null,null
2,0.95,0.829,0.007,0.526,-0.21,-4.43,2.53,null,null
3,0.95,0.824,0.033,0.522,1.4,-2.26,-4.79,null,null
4,0.95,0.846,-0.053,0.373,-1.95,119.75,-27.28,null,null
5,0.95,0.087,0.021,0.473,70.59,508.1,-162.33,null,null
6,0.95,-0.958,0.179,0.93,-153.94,423.08,-11.93,null,null
7,0.95,-0.994,0.159,0.778,-17.0,32.56,-17.7,null,null
8,0.95,-0.97,0.139,0.917,27.1,-88.63,11.17,null,null
9,0.95,-0.71,0.196,0.849,44.77,-342.69,14.71,null,null
10,0.95,-0.072,0.285,0.812,54.84,-470.56,106.66,null,null
11,0.95,0.645,0.222,0.372,3.11,-216.99,73.43,null,null
12,0.95,0.813,-0.037,0.336,-9.55,-32.96,31.28,null,null
13,0.95,0.866,-0.069,0.194,7.48,52.98,-15.11,null,null
14,0.95,0.415,0.022,0.399,52.13,424.21,-148.14,null,null
15,0.95,-0.987,0.479,0.534,-150.43,587.42,-67.48,null,null
16,0.95,-0.956,0.023,0.855,4.18,65.86,4.91,null,null
17,0.95,-0.963,0.093,0.799,16.91,-2.66,16.08,null,null
18,0.95,-0.817,0.113,0.92,30.43,-219.55,20.6,null,null
19,0.95,-0.604,0.054,0.946,68.15,-560.08,23.07,null,null
