frame_index,confidence,num_points,points,range_profile,motion_score
0,0.8,13,"[{""x"": -0.1843571662902832, ""y"": 0.32901763916015625, ""z"": 0.0, ""velocity"": 0.0, ""snr"": 0.0}, {""x"": -0.23996829986572266, ""y"": 0.4316568374633789, ""z"": 0.0, ""velocity"": 0.0, ""snr"": 0.0}, {""x"": -0.022709369659423828, ""y"": 0.2535581588745117, ""z"": 0.0, ""velocity"": 0.0, ""snr"": 0.0}, {""x"": -0.02771615982055664, ""y"": 0.26983022689819336, ""z"": 0.0, ""velocity"": 0.0, ""snr"": 0.0}, {""x"": -0.23728609085083008, ""y"": 1.5292167663574219, ""z"": 0.0, ""velocity"": 0.0, ""snr"": 0.0}, {""x"": -0.26035308837890625, ""y"": 1.542985439300537, ""z"": 0.0, ""velocity"": 0.0, ""snr"": 0.0}, {""x"": -0.26160478591918945, ""y"": 1.5504956245422363, ""z"": 0.0, ""velocity"": 0.0, ""snr"": 0.0}, {""x"": 1.5873312950134277, ""y"": 1.8816590309143066, ""z"": 0.0, ""velocity"": 0.0, ""snr"": 0.0}, {""x"": 1.5912652015686035, ""y"": 1.9057989120483398, ""z"": 0.0, ""velocity"": 0.0, ""snr"": 0.0}, {""x"": 1.6238093376159668, ""y"": 1.8939971923828125, ""z"": 0.0, ""velocity"": 0.0, ""snr"": 0.0}, {""x"": 1.6631484031677246, ""y"": 1.8968582153320312, ""z"": 0.0, ""velocity"": 0.0, ""snr"": 0.0}, {""x"": 0.33599138259887695, ""y"": 0.2739429473876953, ""z"": 0.0, ""velocity"": 0.0, ""snr"": 0.0}, {""x"": 0.3694295883178711, ""y"": 0.2957582473754883, ""z"": 0.0, ""velocity"": 0.0, ""snr"": 0.0}]","[152002.0, 220672.0, 153437.0, 47222.0, 42107.0, 124800.0, 140576.0, 109076.0, 83068.0, 54937.0, 23214.0, 12394.0, 9821.0, 12496.0, 8162.0, 4251.0, 4276.0, 4286.0, 3505.0, 3434.0, 2864.0, 2328.0, 2169.0, 2237.0, 3276.0, 3483.0, 3172.0, 3602.0, 4276.0, 3628.0, 2679.0, 2386.0, 2977.0, 8409.0, 15038.0, 12175.0, 3579.0, 4169.0, 4308.0, 4573.0, 4939.0, 7253.0, 8629.0, 8560.0, 9157.0, 5593.0, 5527.0, 5246.0, 4482.0, 4797.0, 5093.0, 5530.0, 10436.0, 27353.0, 49100.0, 43606.0, 17640.0, 8186.0, 9510.0, 13080.0, 11167.0, 7286.0, 6342.0, 6435.0, 8089.0, 7453.0, 8344.0, 7541.0, 6657.0, 6505.0, 6014.0, 4338.0, 3636.0, 3691.0, 4229.0, 4465.0, 3892.0, 4503.0, 3830.0, 3112.0, 3521.0, 4553.0, 4848.0, 4625.0, 3583.0, 3509.0, 2922.0, 3398.0, 3796.0, 4160.0, 5284.0, 5012.0, 4550.0, 5362.0, 5279.0, 4456.0, 3571.0, 3001.0, 2743.0, 3164.0, 2602.0, 3298.0, 3277.0, 3346.0, 2439.0, 3810.0, 4263.0, 3202.0, 2866.0, 3904.0, 3366.0, 2815.0, 2639.0, 2764.0, 2573.0, 2606.0, 2733.0, 2228.0, 2044.0, 2840.0, 3400.0, 3162.0, 2595.0, 2211.0, 1783.0, 2297.0, 2366.0, 1947.0]",0.0
1,0.8,13,"[{""x"": -0.1266002655029297, ""y"": 0.23442506790161133, ""z"": 0.0, ""velocity"": 0.0, ""snr"": 0.0}, {""x"": -0.14126300811767578, ""y"": 0.2485513687133789, ""z"": 0.0, ""velocity"": 0.0, ""snr"": 0.0}, {""x"": -0.15878677368164062, ""y"": 0.32204389572143555, ""z"": 0.0, ""velocity"": 0.0, ""snr"": 0.0}, {""x"": -0.1875758171081543, ""y"": 0.32329559326171875, ""z"": 0.0, ""velocity"": 0.0, ""snr"": 0.0}, {""x"": -0.2167224884033203, ""y"": 0.3413558006286621, ""z"": 0.0, ""velocity"": 0.0, ""snr"": 0.0}, {""x"": -0.21439790725708008, ""y"": 0.5428791046142578, ""z"": 0.0, ""velocity"": 0.0, ""snr"": 0.0}, {""x"": -0.06723403930664062, ""y"": 0.31936168670654297, ""z"": 0.0, ""velocity"": 0.0, ""snr"": 0.0}, {""x"": -0.16164779663085938, ""y"": 0.531613826751709, ""z"": 0.0, ""velocity"": 0.0, ""snr"": 0.0}, {""x"": 0.027358531951904297, ""y"": 0.2703666687011719, ""z"": 0.0, ""velocity"": 0.0, ""snr"": 0.0}, {""x"": 0.03898143768310547, ""y"": 0.2828836441040039, ""z"": 0.0, ""velocity"": 0.0, ""snr"": 0.0}, {""x"": 1.6651153564453125, ""y"": 1.8110275268554688, ""z"": 0.0, ""velocity"": 0.0, ""snr"": 0.0}, {""x"": 1.644730567932129, ""y"": 1.8575191497802734, ""z"": 0.0, ""velocity"": 0.0, ""snr"": 0.0}, {""x"": 1.6517043113708496, ""y"": 1.8678903579711914, ""z"": 0.0, ""velocity"": 0.0, ""snr"": 0.0}]","[152186.0, 220462.0, 153100.0, 48090.0, 31271.0, 81213.0, 143485.0, 143757.0, 152340.0, 96011.0, 23067.0, 11349.0, 14567.0, 15359.0, 8733.0, 4697.0, 5000.0, 4501.0, 3326.0, 2876.0, 2804.0, 2431.0, 2391.0, 2361.0, 3521.0, 3626.0, 2501.0, 3402.0, 3620.0, 2566.0, 2142.0, 3030.0, 2817.0, 4485.0, 6123.0, 6092.0, 4793.0, 5281.0, 5282.0, 4892.0, 4291.0, 6294.0, 6823.0, 8558.0, 7018.0, 5723.0, 6128.0, 5501.0, 4602.0, 4165.0, 7784.0, 7596.0, 12356.0, 30414.0, 51394.0, 44837.0, 17011.0, 8129.0, 10202.0, 10527.0, 10668.0, 8369.0, 8070.0, 7956.0, 7284.0, 7842.0, 11237.0, 9440.0, 7379.0, 3835.0, 4005.0, 3457.0, 3528.0, 4783.0, 4650.0, 3791.0, 5185.0, 5416.0, 4446.0, 3976.0, 4028.0, 4393.0, 4613.0, 3744.0, 4034.0, 3499.0, 3807.0, 3832.0, 4688.0, 4750.0, 5169.0, 5535.0, 4988.0, 5452.0, 5149.0, 4818.0, 3802.0, 3229.0, 3052.0, 2978.0, 3741.0, 3112.0, 3259.0, 3860.0, 2834.0, 2943.0, 3384.0, 2983.0, 3311.0, 4169.0, 3570.0, 3453.0, 2604.0, 2945.0, 2701.0, 2467.0, 2564.0, 2493.0, 2362.0, 2959.0, 2610.0, 2421.0, 2489.0, 2989.0, 2464.0, 2147.0, 2161.0, 1943.0]",0.0
2,0.8,12,"[{""x"": -0.12642145156860352, ""y"": 0.23031234741210938, ""z"": 0.0, ""velocity"": 0.0, ""snr"": 0.0}, {""x"": -0.1798868179321289, ""y"": 0.3406405448913574, ""z"": 0.0, ""velocity"": 0.0, ""snr"": 0.0}, {""x"": -0.2211928367614746, ""y"": 0.34672021865844727, ""z"": 0.0, ""velocity"": 0.0, ""snr"": 0.0}, {""x"": -0.2739429473876953, ""y"": 0.48977136611938477, ""z"": 0.0, ""velocity"": 0.0, ""snr"": 0.0}, {""x"": -0.28592348098754883, ""y"": 0.5230307579040527, ""z"": 0.0, ""velocity"": 0.0, ""snr"": 0.0}, {""x"": -0.10585784912109375, ""y"": 0.23281574249267578, ""z"": 0.0, ""velocity"": 0.0, ""snr"": 0.0}, {""x"": -0.24819374084472656, ""y"": 0.571131706237793, ""z"": 0.0, ""velocity"": 0.0, ""snr"": 0.0}, {""x"": -0.09709596633911133, ""y"": 0.3527998924255371, ""z"": 0.0, ""velocity"": 0.0, ""snr"": 0.0}, {""x"": 0.049173831939697266, ""y"": 0.3082752227783203, ""z"": 0.0, ""velocity"": 0.0, ""snr"": 0.0}, {""x"": 1.652061939239502, ""y"": 1.8169283866882324, ""z"": 0.0, ""velocity"": 0.0, ""snr"": 0.0}, {""x"": 1.635432243347168, ""y"": 1.8657445907592773, ""z"": 0.0, ""velocity"": 0.0, ""snr"": 0.0}, {""x"": 1.630246639251709, ""y"": 1.8925666809082031, ""z"": 0.0, ""velocity"": 0.0, ""snr"": 0.0}]","[151938.0, 220337.0, 152995.0, 46448.0, 42482.0, 134965.0, 166355.0, 120725.0, 112666.0, 83533.0, 28124.0, 13192.0, 13592.0, 18338.0, 14712.0, 8288.0, 4528.0, 2734.0, 3393.0, 2775.0, 2488.0, 2486.0, 2083.0, 2373.0, 3856.0, 5422.0, 4258.0, 2932.0, 3534.0, 3507.0, 3226.0, 3496.0, 3030.0, 4218.0, 5518.0, 3700.0, 3805.0, 5136.0, 4540.0, 4201.0, 3687.0, 6326.0, 6829.0, 5145.0, 4784.0, 5344.0, 8174.0, 8381.0, 5083.0, 5742.0, 7129.0, 7482.0, 14774.0, 31565.0, 50356.0, 46140.0, 21169.0, 8716.0, 10381.0, 11081.0, 10556.0, 8399.0, 10389.0, 9012.0, 4765.0, 6915.0, 9653.0, 8631.0, 6339.0, 4251.0, 3792.0, 3500.0, 4087.0, 4591.0, 4341.0, 3695.0, 4412.0, 4653.0, 4554.0, 4839.0, 4572.0, 4578.0, 3960.0, 3487.0, 3747.0, 3837.0, 3808.0, 3829.0, 4943.0, 5179.0, 4883.0, 5051.0, 4939.0, 4451.0, 4787.0, 4446.0, 3387.0, 2920.0, 3010.0, 2852.0, 3426.0, 3995.0, 3128.0, 3369.0, 2449.0, 3493.0, 3645.0, 3053.0, 3641.0, 4660.0, 3506.0, 3350.0, 3201.0, 2784.0, 2459.0, 2352.0, 2615.0, 2738.0, 2799.0, 2849.0, 2623.0, 2789.0, 2193.0, 2024.0, 2160.0, 2380.0, 2358.0, 2162.0]",0.0
3,0.8,13,"[{""x"": -0.1353621482849121, ""y"": 0.24819374084472656, ""z"": 0.0, ""velocity"": 0.0, ""snr"": 0.0}, {""x"": -0.10854005813598633, ""y"": 0.24068355560302734, ""z"": 0.0, ""velocity"": 0.0, ""snr"": 0.0}, {""x"": -0.14984607696533203, ""y"": 0.3451108932495117, ""z"": 0.0, ""velocity"": 0.0, ""snr"": 0.0}, {""x"": -0.1684427261352539, ""y"": 0.3656744956970215, ""z"": 0.0, ""velocity"": 0.0, ""snr"": 0.0}, {""x"": -0.19991397857666016, ""y"": 0.5255341529846191, ""z"": 0.0, ""velocity"": 0.0, ""snr"": 0.0}, {""x"": -0.20295381546020508, ""y"": 0.554502010345459, ""z"": 0.0, ""velocity"": 0.0, ""snr"": 0.0}, {""x"": -0.10943412780761719, ""y"": 0.34886598587036133, ""z"": 0.0, ""velocity"": 0.0, ""snr"": 0.0}, {""x"": -0.1925826072692871, ""y"": 0.5967020988464355, ""z"": 0.0, ""velocity"": 0.0, ""snr"": 0.0}, {""x"": -0.05310773849487305, ""y"": 3.0258893966674805, ""z"": 0.0, ""velocity"": 0.0, ""snr"": 0.0}, {""x"": 1.6652941703796387, ""y"": 1.8296241760253906, ""z"": 0.0, ""velocity"": 0.0, ""snr"": 0.0}, {""x"": 1.6529560089111328, ""y"": 1.8648505210876465, ""z"": 0.0, ""velocity"": 0.0, ""snr"": 0.0}, {""x"": 1.7091035842895508, ""y"": 1.7552375793457031, ""z"": 0.0, ""velocity"": 0.0, ""snr"": 0.0}, {""x"": 0.4475712776184082, ""y"": 0.17344951629638672, ""z"": 0.0, ""velocity"": 0.0, ""snr"": 0.0}]","[152385.0, 220512.0, 152954.0, 47223.0, 21543.0, 83677.0, 122397.0, 131631.0, 207320.0, 137148.0, 36129.0, 15728.0, 14848.0, 17421.0, 12286.0, 10143.0, 5479.0, 3964.0, 3794.0, 3135.0, 2941.0, 2662.0, 2371.0, 2494.0, 4543.0, 6858.0, 7267.0, 5840.0, 3900.0, 2907.0, 3336.0, 3969.0, 3315.0, 4476.0, 5331.0, 3804.0, 4905.0, 6015.0, 4337.0, 3279.0, 3125.0, 7212.0, 7660.0, 5167.0, 4363.0, 5780.0, 7098.0, 6957.0, 5547.0, 6458.0, 8742.0, 6554.0, 14174.0, 28246.0, 38695.0, 30570.0, 12462.0, 7314.0, 9601.0, 11326.0, 12378.0, 8211.0, 6237.0, 6072.0, 5563.0, 9503.0, 13092.0, 11597.0, 7887.0, 4503.0, 3800.0, 4147.0, 3882.0, 3895.0, 3364.0, 3040.0, 3899.0, 4925.0, 5120.0, 5007.0, 4633.0, 4387.0, 4475.0, 3360.0, 3555.0, 3844.0, 3271.0, 3088.0, 4102.0, 4272.0, 4680.0, 4718.0, 4958.0, 5028.0, 4998.0, 4318.0, 3506.0, 2842.0, 2633.0, 2747.0, 2828.0, 3363.0, 2640.0, 2717.0, 2646.0, 3357.0, 3573.0, 2581.0, 3332.0, 4392.0, 3385.0, 3130.0, 2262.0, 2659.0, 2723.0, 2680.0, 2678.0, 2558.0, 2501.0, 2433.0, 3015.0, 2806.0, 2552.0, 2364.0, 2061.0, 2126.0, 2074.0, 1942.0]",0.0
4,0.8,13,"[{""x"": -0.25767087936401367, ""y"": 0.31363964080810547, ""z"": 0.0, ""velocity"": 0.0, ""snr"": 0.0}, {""x"": -0.17327070236206055, ""y"": 0.32597780227661133, ""z"": 0.0, ""velocity"": 0.0, ""snr"": 0.0}, {""x"": -0.1952648162841797, ""y"": 0.32383203506469727, ""z"": 0.0, ""velocity"": 0.0, ""snr"": 0.0}, {""x"": -0.13339519500732422, ""y"": 0.3198981285095215, ""z"": 0.0, ""velocity"": 0.0, ""snr"": 0.0}, {""x"": -0.17720460891723633, ""y"": 0.5416274070739746, ""z"": 0.0, ""velocity"": 0.0, ""snr"": 0.0}, {""x"": -0.11068582534790039, ""y"": 0.582575798034668, ""z"": 0.0, ""velocity"": 0.0, ""snr"": 0.0}, {""x"": -0.09584426879882812, ""y"": 0.6101131439208984, ""z"": 0.0, ""velocity"": 0.0, ""snr"": 0.0}, {""x"": 0.010907649993896484, ""y"": 0.26285648345947266, ""z"": 0.0, ""velocity"": 0.0, ""snr"": 0.0}, {""x"": 0.02753734588623047, ""y"": 0.274658203125, ""z"": 0.0, ""velocity"": 0.0, ""snr"": 0.0}, {""x"": 1.5363693237304688, ""y"": 1.8625259399414062, ""z"": 0.0, ""velocity"": 0.0, ""snr"": 0.0}, {""x"": 1.626133918762207, ""y"": 1.827836036682129, ""z"": 0.0, ""velocity"": 0.0, ""snr"": 0.0}, {""x"": 1.7518401145935059, ""y"": 1.7470121383666992, ""z"": 0.0, ""velocity"": 0.0, ""snr"": 0.0}, {""x"": 1.8119215965270996, ""y"": 1.709282398223877, ""z"": 0.0, ""velocity"": 0.0, ""snr"": 0.0}]","[152074.0, 220602.0, 153095.0, 46785.0, 30170.0, 107020.0, 161787.0, 150262.0, 234756.0, 162438.0, 49176.0, 19113.0, 12520.0, 17689.0, 10244.0, 8201.0, 3618.0, 3192.0, 3850.0, 3472.0, 3503.0, 2650.0, 2030.0, 2622.0, 3989.0, 4184.0, 3594.0, 3907.0, 3521.0, 3222.0, 3954.0, 4954.0, 3916.0, 2851.0, 3894.0, 4938.0, 6300.0, 6389.0, 4652.0, 3814.0, 4282.0, 7704.0, 7967.0, 6325.0, 6054.0, 7457.0, 8055.0, 5982.0, 4470.0, 4746.0, 5732.0, 7841.0, 18757.0, 33411.0, 43691.0, 35616.0, 12941.0, 9322.0, 12057.0, 10073.0, 9981.0, 7817.0, 8069.0, 9511.0, 14168.0, 6851.0, 7770.0, 9273.0, 9165.0, 6251.0, 6588.0, 6944.0, 4183.0, 2993.0, 3240.0, 4949.0, 6372.0, 6715.0, 5758.0, 4589.0, 4081.0, 5013.0, 4280.0, 5252.0, 4616.0, 3927.0, 3013.0, 2690.0, 3969.0, 4064.0, 4483.0, 5085.0, 5001.0, 4972.0, 4729.0, 4182.0, 3529.0, 3059.0, 2465.0, 2763.0, 2832.0, 2755.0, 2637.0, 2992.0, 2952.0, 3025.0, 3437.0, 2813.0, 3330.0, 3910.0, 3329.0, 3527.0, 2675.0, 3198.0, 2697.0, 2214.0, 2676.0, 3615.0, 3175.0, 2872.0, 2521.0, 2536.0, 2604.0, 2814.0, 2713.0, 2518.0, 2095.0, 2257.0]",0.0
5,0.8,15,"[{""x"": -0.21529197692871094, ""y"": 0.2682209014892578, ""z"": 0.0, ""velocity"": 0.0, ""snr"": 0.0}, {""x"": -0.1995563507080078, ""y"": 0.3084540367126465, ""z"": 0.0, ""velocity"": 0.0, ""snr"": 0.0}, {""x"": -0.19311904907226562, ""y"": 0.3293752670288086, ""z"": 0.0, ""velocity"": 0.0, ""snr"": 0.0}, {""x"": -0.21010637283325195, ""y"": 0.35512447357177734, ""z"": 0.0, ""velocity"": 0.0, ""snr"": 0.0}, {""x"": -0.07921457290649414, ""y"": 0.2288818359375, ""z"": 0.0, ""velocity"": 0.0, ""snr"": 0.0}, {""x"": -0.23764371871948242, ""y"": 0.5359053611755371, ""z"": 0.0, ""velocity"": 0.0, ""snr"": 0.0}, {""x"": -0.24765729904174805, ""y"": 0.5804300308227539, ""z"": 0.0, ""velocity"": 0.0, ""snr"": 0.0}, {""x"": -0.22083520889282227, ""y"": 0.6328225135803223, ""z"": 0.0, ""velocity"": 0.0, ""snr"": 0.0}, {""x"": -0.1970529556274414, ""y"": 0.6771683692932129, ""z"": 0.0, ""velocity"": 0.0, ""snr"": 0.0}, {""x"": 0.10514259338378906, ""y"": 0.26214122772216797, ""z"": 0.0, ""velocity"": 0.0, ""snr"": 0.0}, {""x"": 0.32204389572143555, ""y"": 0.3350973129272461, ""z"": 0.0, ""velocity"": 0.0, ""snr"": 0.0}, {""x"": 1.7799139022827148, ""y"": 1.6973018646240234, ""z"": 0.0, ""velocity"": 0.0, ""snr"": 0.0}, {""x"": 1.7879605293273926, ""y"": 1.7221570014953613, ""z"": 0.0, ""velocity"": 0.0, ""snr"": 0.0}, {""x"": 1.8249750137329102, ""y"": 1.7023086547851562, ""z"": 0.0, ""velocity"": 0.0, ""snr"": 0.0}, {""x"": 1.9099116325378418, ""y"": 1.6336441040039062, ""z"": 0.0, ""velocity"": 0.0, ""snr"": 0.0}]","[152121.0, 220623.0, 153343.0, 49540.0, 54093.0, 96221.0, 132601.0, 146723.0, 197277.0, 141206.0, 50574.0, 21227.0, 25400.0, 22136.0, 18171.0, 15335.0, 9711.0, 5050.0, 3574.0, 3260.0, 3093.0, 2737.0, 2485.0, 2808.0, 4765.0, 5483.0, 4053.0, 2829.0, 2562.0, 2671.0, 2376.0, 3179.0, 3681.0, 5095.0, 8819.0, 8279.0, 5473.0, 4854.0, 3677.0, 3643.0, 3999.0, 6656.0, 5701.0, 5223.0, 6975.0, 6505.0, 5911.0, 5884.0, 4977.0, 6928.0, 8542.0, 6352.0, 15942.0, 38365.0, 65991.0, 60081.0, 24514.0, 8704.0, 11573.0, 10718.0, 10239.0, 6102.0, 8943.0, 6079.0, 6417.0, 6655.0, 10292.0, 9633.0, 8482.0, 6920.0, 5491.0, 5820.0, 4326.0, 4208.0, 4056.0, 4577.0, 4636.0, 5222.0, 4747.0, 3905.0, 4142.0, 4564.0, 4994.0, 5639.0, 4379.0, 3872.0, 3906.0, 3308.0, 3920.0, 3877.0, 4505.0, 5258.0, 5003.0, 5003.0, 4858.0, 4843.0, 3837.0, 2461.0, 3027.0, 2815.0, 2856.0, 2759.0, 2842.0, 3284.0, 2915.0, 3840.0, 3747.0, 3040.0, 3590.0, 3889.0, 3123.0, 2675.0, 2218.0, 3059.0, 2967.0, 2177.0, 2899.0, 2970.0, 2777.0, 2263.0, 2336.0, 2732.0, 2401.0, 2403.0, 2262.0, 2187.0, 2231.0, 2205.0]",2471.8328125
6,0.8,15,"[{""x"": -0.11944770812988281, ""y"": 0.32061338424682617, ""z"": 0.0, ""velocity"": 0.0, ""snr"": 0.0}, {""x"": -0.14072656631469727, ""y"": 0.34296512603759766, ""z"": 0.0, ""velocity"": 0.0, ""snr"": 0.0}, {""x"": -0.023245811462402344, ""y"": 0.2338886260986328, ""z"": 0.0, ""velocity"": 0.0, ""snr"": 0.0}, {""x"": -0.04076957702636719, ""y"": 0.2936124801635742, ""z"": 0.0, ""velocity"": 0.0, ""snr"": 0.0}, {""x"": -0.033974647521972656, ""y"": 0.5410909652709961, ""z"": 0.0, ""velocity"": 0.0, ""snr"": 0.0}, {""x"": -0.009834766387939453, ""y"": 0.25963783264160156, ""z"": 0.0, ""velocity"": 0.0, ""snr"": 0.0}, {""x"": -0.006973743438720703, ""y"": 0.26983022689819336, ""z"": 0.0, ""velocity"": 0.0, ""snr"": 0.0}, {""x"": 0.05990266799926758, ""y"": 0.5695223808288574, ""z"": 0.0, ""velocity"": 0.0, ""snr"": 0.0}, {""x"": 0.23281574249267578, ""y"": 0.5736351013183594, ""z"": 0.0, ""velocity"": 0.0, ""snr"": 0.0}, {""x"": 0.2760887145996094, ""y"": 0.3590583801269531, ""z"": 0.0, ""velocity"": 0.0, ""snr"": 0.0}, {""x"": 1.7157196998596191, ""y"": 1.7200112342834473, ""z"": 0.0, ""velocity"": 0.0, ""snr"": 0.0}, {""x"": 1.7305612564086914, ""y"": 1.754164695739746, ""z"": 0.0, ""velocity"": 0.0, ""snr"": 0.0}, {""x"": 1.719653606414795, ""y"": 1.7933249473571777, ""z"": 0.0, ""velocity"": 0.0, ""snr"": 0.0}, {""x"": 1.7316341400146484, ""y"": 1.7976164817810059, ""z"": 0.0, ""velocity"": 0.0, ""snr"": 0.0}, {""x"": 1.7318129539489746, ""y"": 1.822829246520996, ""z"": 0.0, ""velocity"": 0.0, ""snr"": 0.0}]","[152572.0, 220531.0, 153116.0, 44578.0, 100731.0, 315683.0, 418200.0, 564806535.0, 0.0, 4189800260.0, 8755.0, 1211498496.0, 161152945.0, 0.0, 608111.0, 2593.0, 1182859264.0, 177078420.0, 0.0, 32327292.0, 2840.0, 1164771328.0, 194118409.0, 0.0, 618349651.0, 10033.0, 1263009792.0, 666510575.0, 0.0, 631065184.0, 10107.0, 1231028224.0, 656942767.0, 0.0, 19810881.0, 33554432.0, 1394343936.0, 1562247170.0, 1423507459.0, 3225092098.0, 3081109504.0, 3178561536.0, 1365442560.0, 784924672.0, 2782199808.0, 1541537792.0, 4284678145.0, 3139895297.0, 4285202433.0, 1832976384.0, 423559168.0, 279773184.0, 241172480.0, 208994304.0, 266272768.0, 331743232.0, 266797056.0, 168951808.0, 210567168.0, 270729216.0, 305004544.0, 357826560.0, 364052480.0, 647233536.0, 687407104.0, 342753280.0, 573636608.0, 1071382528.0, 1433010176.0, 1201799168.0, 1547042816.0, 1180762112.0, 1159528448.0, 1169162240.0, 936181760.0, 656867328.0, 335675392.0, 682754048.0, 818085888.0, 785645568.0, 654770176.0, 712900608.0, 601751552.0, 398589952.0, 335806464.0, 403963904.0, 389021696.0, 388169728.0, 1078984704.0, 2968780800.0, 977338368.0, 508100609.0, 1995046913.0, 700448768.0, 1071906816.0, 832700416.0, 614006784.0, 504037376.0, 485163008.0, 435421184.0, 468123648.0, 418054144.0, 595197952.0, 574029824.0, 425918464.0, 327680000.0, 356581376.0, 286326784.0, 297861120.0, 272957440.0, 348848128.0, 294584320.0, 288948224.0, 434700288.0, 747175936.0, 749731840.0, 521404416.0, 344784896.0, 320602112.0, 274661376.0, 340393984.0, 307298304.0, 235732992.0, 250150912.0, 288686080.0, 274595840.0, 261160960.0, 269942784.0]",729986866.6813438
7,0.8,15,"[{""x"": -1.0106563568115234, ""y"": 0.7440447807312012, ""z"": 0.0, ""velocity"": 0.0, ""snr"": 0.0}, {""x"": -0.9271502494812012, ""y"": 0.8577704429626465, ""z"": 0.0, ""velocity"": 0.0, ""snr"": 0.0}, {""x"": -0.3574490547180176, ""y"": 1.4934539794921875, ""z"": 0.0, ""velocity"": 0.0, ""snr"": 0.0}, {""x"": -0.027000904083251953, ""y"": 0.40590763092041016, ""z"": 0.0, ""velocity"": 0.0, ""snr"": 0.0}, {""x"": -0.21511316299438477, ""y"": 1.5413761138916016, ""z"": 0.0, ""velocity"": 0.0, ""snr"": 0.0}, {""x"": -0.22602081298828125, ""y"": 1.5640854835510254, ""z"": 0.0, ""velocity"": 0.0, ""snr"": 0.0}, {""x"": -0.013768672943115234, ""y"": 0.4191398620605469, ""z"": 0.0, ""velocity"": 0.0, ""snr"": 0.0}, {""x"": -0.017523765563964844, ""y"": 0.44274330139160156, ""z"": 0.0, ""velocity"": 0.0, ""snr"": 0.0}, {""x"": 0.32275915145874023, ""y"": 0.3962516784667969, ""z"": 0.0, ""velocity"": 0.0, ""snr"": 0.0}, {""x"": 0.32579898834228516, ""y"": 0.4159212112426758, ""z"": 0.0, ""velocity"": 0.0, ""snr"": 0.0}, {""x"": 0.3451108932495117, ""y"": 0.4316568374633789, ""z"": 0.0, ""velocity"": 0.0, ""snr"": 0.0}, {""x"": 1.6776323318481445, ""y"": 1.8301606178283691, ""z"": 0.0, ""velocity"": 0.0, ""snr"": 0.0}, {""x"": 1.699984073638916, ""y"": 1.8271207809448242, ""z"": 0.0, ""velocity"": 0.0, ""snr"": 0.0}, {""x"": 1.7289519309997559, ""y"": 1.833021640777588, ""z"": 0.0, ""velocity"": 0.0, ""snr"": 0.0}, {""x"": 1.7046332359313965, ""y"": 1.773834228515625, ""z"": 0.0, ""velocity"": 0.0, ""snr"": 0.0}]","[152184.0, 220320.0, 153243.0, 51426.0, 36293.0, 37245.0, 15621.0, 8808.0, 37819.0, 68426.0, 52249.0, 71247.0, 61219.0, 28932.0, 10896.0, 5638.0, 5038.0, 4245.0, 3377.0, 3406.0, 2958.0, 2591.0, 2993.0, 3483.0, 4367.0, 5078.0, 5802.0, 11860.0, 12147.0, 6009.0, 7008.0, 9973.0, 15574.0, 16610.0, 25376.0, 16170.0, 13164.0, 16468.0, 14132.0, 8632.0, 5046.0, 12211.0, 13793.0, 9118.0, 9636.0, 9930.0, 8732.0, 6049.0, 4692.0, 5400.0, 5572.0, 6424.0, 17748.0, 45590.0, 78695.0, 71523.0, 29466.0, 10679.0, 16340.0, 12867.0, 9768.0, 8107.0, 7522.0, 5486.0, 6088.0, 6445.0, 9112.0, 8177.0, 6195.0, 5840.0, 5203.0, 3643.0, 4108.0, 5648.0, 6114.0, 5193.0, 4695.0, 6116.0, 11333.0, 10357.0, 6703.0, 4928.0, 5311.0, 3346.0, 4003.0, 4089.0, 4277.0, 4678.0, 4339.0, 4513.0, 4711.0, 4719.0, 4867.0, 5831.0, 6051.0, 5980.0, 4502.0, 3409.0, 3393.0, 4132.0, 4029.0, 3840.0, 4427.0, 5384.0, 5829.0, 4295.0, 3116.0, 3049.0, 3436.0, 3333.0, 3943.0, 3637.0, 2363.0, 3149.0, 3237.0, 2678.0, 2373.0, 2383.0, 2388.0, 2306.0, 2689.0, 2933.0, 2301.0, 2759.0, 2406.0, 2083.0, 2167.0, 2489.0]",14601173.930364374
8,0.8,13,"[{""x"": -0.9008646011352539, ""y"": 0.888526439666748, ""z"": 0.0, ""velocity"": 0.0, ""snr"": 0.0}, {""x"": -0.10406970977783203, ""y"": 0.4602670669555664, ""z"": 0.0, ""velocity"": 0.0, ""snr"": 0.0}, {""x"": -0.1398324966430664, ""y"": 0.46330690383911133, ""z"": 0.0, ""velocity"": 0.0, ""snr"": 0.0}, {""x"": -0.40143728256225586, ""y"": 1.47932767868042, ""z"": 0.0, ""velocity"": 0.0, ""snr"": 0.0}, {""x"": -0.2092123031616211, ""y"": 1.5413761138916016, ""z"": 0.0, ""velocity"": 0.0, ""snr"": 0.0}, {""x"": -0.17505884170532227, ""y"": 1.565873622894287, ""z"": 0.0, ""velocity"": 0.0, ""snr"": 0.0}, {""x"": 0.27555227279663086, ""y"": 0.42361021041870117, ""z"": 0.0, ""velocity"": 0.0, ""snr"": 0.0}, {""x"": 0.3032684326171875, ""y"": 0.4216432571411133, ""z"": 0.0, ""velocity"": 0.0, ""snr"": 0.0}, {""x"": 0.3236532211303711, ""y"": 0.43469667434692383, ""z"": 0.0, ""velocity"": 0.0, ""snr"": 0.0}, {""x"": 1.6660094261169434, ""y"": 1.8099546432495117, ""z"": 0.0, ""velocity"": 0.0, ""snr"": 0.0}, {""x"": 1.664578914642334, ""y"": 1.8401741981506348, ""z"": 0.0, ""velocity"": 0.0, ""snr"": 0.0}, {""x"": 1.6706585884094238, ""y"": 1.8521547317504883, ""z"": 0.0, ""velocity"": 0.0, ""snr"": 0.0}, {""x"": 1.7251968383789062, ""y"": 1.833200454711914, ""z"": 0.0, ""velocity"": 0.0, ""snr"": 0.0}]","[152244.0, 220326.0, 153016.0, 46833.0, 27534.0, 21390.0, 7340.0, 4245.0, 27976.0, 65712.0, 110866.0, 107176.0, 75986.0, 26093.0, 7939.0, 5471.0, 3512.0, 3360.0, 3574.0, 4218.0, 3298.0, 2804.0, 3545.0, 4182.0, 5194.0, 5298.0, 4039.0, 11687.0, 12492.0, 5945.0, 4326.0, 11082.0, 16449.0, 16827.0, 24804.0, 15494.0, 9479.0, 11786.0, 11720.0, 7670.0, 6066.0, 11269.0, 11907.0, 10315.0, 8326.0, 8417.0, 7229.0, 5566.0, 4904.0, 5656.0, 5296.0, 6436.0, 17858.0, 46533.0, 77604.0, 69352.0, 26681.0, 9531.0, 16111.0, 12640.0, 9805.0, 6749.0, 6456.0, 5148.0, 6900.0, 6401.0, 10203.0, 10489.0, 8493.0, 6299.0, 4794.0, 4370.0, 4282.0, 5398.0, 5494.0, 4302.0, 4478.0, 7246.0, 11611.0, 10836.0, 6986.0, 5911.0, 6574.0, 4433.0, 4382.0, 4651.0, 4932.0, 4014.0, 4087.0, 4135.0, 5098.0, 5897.0, 5272.0, 5661.0, 5121.0, 4842.0, 3704.0, 3622.0, 4897.0, 4812.0, 4486.0, 3799.0, 3339.0, 4715.0, 6033.0, 4615.0, 3045.0, 3033.0, 3727.0, 3772.0, 3625.0, 3540.0, 2918.0, 2991.0, 2831.0, 2146.0, 2516.0, 2430.0, 2331.0, 2128.0, 2755.0, 2283.0, 2251.0, 2482.0, 1994.0, 2109.0, 2310.0, 2336.0]",14309689.494552236
9,0.8,15,"[{""x"": -1.004934310913086, ""y"": 0.7508397102355957, ""z"": 0.0, ""velocity"": 0.0, ""snr"": 0.0}, {""x"": -0.9925961494445801, ""y"": 0.7846355438232422, ""z"": 0.0, ""velocity"": 0.0, ""snr"": 0.0}, {""x"": -0.42682886123657227, ""y"": 1.4764666557312012, ""z"": 0.0, ""velocity"": 0.0, ""snr"": 0.0}, {""x"": -0.05310773849487305, ""y"": 0.41788816452026367, ""z"": 0.0, ""velocity"": 0.0, ""snr"": 0.0}, {""x"": -0.031828880310058594, ""y"": 0.4749298095703125, ""z"": 0.0, ""velocity"": 0.0, ""snr"": 0.0}, {""x"": -0.23156404495239258, ""y"": 1.5411972999572754, ""z"": 0.0, ""velocity"": 0.0, ""snr"": 0.0}, {""x"": -0.2181529998779297, ""y"": 1.5565752983093262, ""z"": 0.0, ""velocity"": 0.0, ""snr"": 0.0}, {""x"": -0.003933906555175781, ""y"": 0.4513263702392578, ""z"": 0.0, ""velocity"": 0.0, ""snr"": 0.0}, {""x"": -0.014126300811767578, ""y"": 0.46581029891967773, ""z"": 0.0, ""velocity"": 0.0, ""snr"": 0.0}, {""x"": 0.3517270088195801, ""y"": 0.382840633392334, ""z"": 0.0, ""velocity"": 0.0, ""snr"": 0.0}, {""x"": 0.36031007766723633, ""y"": 0.4032254219055176, ""z"": 0.0, ""velocity"": 0.0, ""snr"": 0.0}, {""x"": 1.6493797302246094, ""y"": 1.824796199798584, ""z"": 0.0, ""velocity"": 0.0, ""snr"": 0.0}, {""x"": 1.6506314277648926, ""y"": 1.8514394760131836, ""z"": 0.0, ""velocity"": 0.0, ""snr"": 0.0}, {""x"": 1.680314540863037, ""y"": 1.8423199653625488, ""z"": 0.0, ""velocity"": 0.0, ""snr"": 0.0}, {""x"": 1.7521977424621582, ""y"": 1.8088817596435547, ""z"": 0.0, ""velocity"": 0.0, ""snr"": 0.0}]","[151975.0, 219993.0, 152811.0, 47941.0, 42657.0, 40378.0, 15123.0, 4138.0, 31858.0, 97335.0, 181000.0, 141603.0, 67036.0, 21360.0, 7083.0, 5445.0, 5360.0, 5302.0, 4044.0, 2841.0, 2350.0, 2404.0, 2612.0, 3077.0, 4479.0, 5924.0, 6423.0, 13806.0, 13967.0, 6728.0, 5253.0, 10567.0, 16738.0, 20782.0, 31223.0, 21243.0, 8535.0, 11170.0, 13228.0, 8842.0, 4836.0, 13185.0, 14678.0, 7173.0, 5685.0, 7095.0, 7433.0, 6197.0, 6117.0, 6251.0, 5443.0, 4692.0, 17283.0, 45926.0, 75284.0, 65691.0, 25264.0, 9091.0, 16242.0, 13056.0, 9654.0, 7207.0, 6717.0, 6317.0, 6041.0, 8564.0, 10845.0, 9631.0, 9674.0, 7945.0, 4684.0, 4622.0, 4287.0, 5134.0, 5065.0, 3673.0, 4019.0, 6818.0, 11487.0, 10826.0, 6551.0, 5178.0, 5020.0, 3485.0, 4658.0, 4650.0, 4727.0, 3796.0, 3967.0, 4234.0, 4971.0, 5780.0, 6076.0, 5810.0, 5916.0, 5000.0, 3372.0, 3420.0, 3576.0, 4251.0, 4279.0, 3399.0, 3275.0, 4636.0, 5761.0, 4694.0, 3285.0, 3278.0, 2537.0, 3688.0, 4038.0, 3419.0, 3050.0, 3064.0, 2956.0, 2435.0, 2365.0, 2417.0, 2373.0, 2531.0, 2400.0, 2602.0, 2359.0, 2682.0, 1947.0, 2169.0, 2479.0, 2506.0]",14023335.13301951
10,0.8,15,"[{""x"": -0.9811520576477051, ""y"": 0.779271125793457, ""z"": 0.0, ""velocity"": 0.0, ""snr"": 0.0}, {""x"": -0.9414553642272949, ""y"": 0.8411407470703125, ""z"": 0.0, ""velocity"": 0.0, ""snr"": 0.0}, {""x"": -0.41234493255615234, ""y"": 1.482546329498291, ""z"": 0.0, ""velocity"": 0.0, ""snr"": 0.0}, {""x"": -0.05632638931274414, ""y"": 0.4559755325317383, ""z"": 0.0, ""velocity"": 0.0, ""snr"": 0.0}, {""x"": -0.035762786865234375, ""y"": 0.48601627349853516, ""z"": 0.0, ""velocity"": 0.0, ""snr"": 0.0}, {""x"": -0.2422928810119629, ""y"": 1.537621021270752, ""z"": 0.0, ""velocity"": 0.0, ""snr"": 0.0}, {""x"": -0.22655725479125977, ""y"": 1.5503168106079102, ""z"": 0.0, ""velocity"": 0.0, ""snr"": 0.0}, {""x"": -0.022530555725097656, ""y"": 0.4779696464538574, ""z"": 0.0, ""velocity"": 0.0, ""snr"": 0.0}, {""x"": 0.3527998924255371, ""y"": 0.43004751205444336, ""z"": 0.0, ""velocity"": 0.0, ""snr"": 0.0}, {""x"": 0.38176774978637695, ""y"": 0.46437978744506836, ""z"": 0.0, ""velocity"": 0.0, ""snr"": 0.0}, {""x"": 1.638472080230713, ""y"": 1.8339157104492188, ""z"": 0.0, ""velocity"": 0.0, ""snr"": 0.0}, {""x"": 1.6413331031799316, ""y"": 1.859128475189209, ""z"": 0.0, ""velocity"": 0.0, ""snr"": 0.0}, {""x"": 1.654207706451416, ""y"": 1.866459846496582, ""z"": 0.0, ""velocity"": 0.0, ""snr"": 0.0}, {""x"": 1.6901493072509766, ""y"": 1.8682479858398438, ""z"": 0.0, ""velocity"": 0.0, ""snr"": 0.0}, {""x"": 0.37175416946411133, ""y"": 0.36656856536865234, ""z"": 0.0, ""velocity"": 0.0, ""snr"": 0.0}]","[151798.0, 219974.0, 152771.0, 47047.0, 34466.0, 34458.0, 12717.0, 3560.0, 14089.0, 48144.0, 125058.0, 124097.0, 70281.0, 32722.0, 12879.0, 7457.0, 5557.0, 3856.0, 4408.0, 5074.0, 3676.0, 2675.0, 2799.0, 4083.0, 4559.0, 5347.0, 6892.0, 16669.0, 15106.0, 7605.0, 6941.0, 10834.0, 17549.0, 24857.0, 36212.0, 23372.0, 6993.0, 10788.0, 13689.0, 9449.0, 6259.0, 13331.0, 14374.0, 10916.0, 10744.0, 8606.0, 7329.0, 5021.0, 5958.0, 6516.0, 6647.0, 4183.0, 16724.0, 44516.0, 71568.0, 62375.0, 24534.0, 9359.0, 15828.0, 12876.0, 10570.0, 7150.0, 7363.0, 6165.0, 5704.0, 7037.0, 9753.0, 9077.0, 8442.0, 8233.0, 6665.0, 6417.0, 4077.0, 4708.0, 5488.0, 4410.0, 4751.0, 6292.0, 10305.0, 10103.0, 5701.0, 5590.0, 5834.0, 3864.0, 3920.0, 4462.0, 4307.0, 4139.0, 5399.0, 5077.0, 5202.0, 5323.0, 5313.0, 6105.0, 6110.0, 5401.0, 4273.0, 5003.0, 4871.0, 4549.0, 3751.0, 3616.0, 3959.0, 4399.0, 5744.0, 4932.0, 3909.0, 3537.0, 3039.0, 4541.0, 4037.0, 3519.0, 3165.0, 2908.0, 2703.0, 2414.0, 2713.0, 2691.0, 2158.0, 2088.0, 2849.0, 2855.0, 2343.0, 2380.0, 2357.0, 2358.0, 2686.0, 2413.0]",13742997.052248387
11,0.8,14,"[{""x"": -0.9641647338867188, ""y"": 0.795900821685791, ""z"": 0.0, ""velocity"": 0.0, ""snr"": 0.0}, {""x"": -0.9471774101257324, ""y"": 0.8368492126464844, ""z"": 0.0, ""velocity"": 0.0, ""snr"": 0.0}, {""x"": -0.3649592399597168, ""y"": 1.4986395835876465, ""z"": 0.0, ""velocity"": 0.0, ""snr"": 0.0}, {""x"": -0.2453327178955078, ""y"": 1.538693904876709, ""z"": 0.0, ""velocity"": 0.0, ""snr"": 0.0}, {""x"": -0.2612471580505371, ""y"": 1.5467405319213867, ""z"": 0.0, ""velocity"": 0.0, ""snr"": 0.0}, {""x"": 0.018596649169921875, ""y"": 0.4495382308959961, ""z"": 0.0, ""velocity"": 0.0, ""snr"": 0.0}, {""x"": 0.027358531951904297, ""y"": 0.45436620712280273, ""z"": 0.0, ""velocity"": 0.0, ""snr"": 0.0}, {""x"": 0.2650022506713867, ""y"": 0.48404932022094727, ""z"": 0.0, ""velocity"": 0.0, ""snr"": 0.0}, {""x"": 0.302731990814209, ""y"": 0.41216611862182617, ""z"": 0.0, ""velocity"": 0.0, ""snr"": 0.0}, {""x"": 0.3191828727722168, ""y"": 0.4144906997680664, ""z"": 0.0, ""velocity"": 0.0, ""snr"": 0.0}, {""x"": 1.660466194152832, ""y"": 1.8138885498046875, ""z"": 0.0, ""velocity"": 0.0, ""snr"": 0.0}, {""x"": 1.643836498260498, ""y"": 1.8562674522399902, ""z"": 0.0, ""velocity"": 0.0, ""snr"": 0.0}, {""x"": 1.654207706451416, ""y"": 1.8668174743652344, ""z"": 0.0, ""velocity"": 0.0, ""snr"": 0.0}, {""x"": 1.7015933990478516, ""y"": 1.8564462661743164, ""z"": 0.0, ""velocity"": 0.0, ""snr"": 0.0}]","[151986.0, 220435.0, 153377.0, 50380.0, 22270.0, 28388.0, 14421.0, 4836.0, 18945.0, 81015.0, 126082.0, 91973.0, 71359.0, 30803.0, 9489.0, 5772.0, 6422.0, 5775.0, 3603.0, 2566.0, 2262.0, 2259.0, 2318.0, 2757.0, 3882.0, 4264.0, 7178.0, 15171.0, 13595.0, 7395.0, 7231.0, 9543.0, 16094.0, 29521.0, 45584.0, 30550.0, 10456.0, 10678.0, 12351.0, 8745.0, 5481.0, 13624.0, 15483.0, 8367.0, 8151.0, 8724.0, 8165.0, 6179.0, 6146.0, 5891.0, 5600.0, 3666.0, 15307.0, 40711.0, 64986.0, 56104.0, 22775.0, 8644.0, 14293.0, 12218.0, 9633.0, 6959.0, 7359.0, 5525.0, 6634.0, 6141.0, 9753.0, 8256.0, 7021.0, 6657.0, 5185.0, 5428.0, 4788.0, 5480.0, 6164.0, 5329.0, 4309.0, 6882.0, 10869.0, 9904.0, 6267.0, 5391.0, 5718.0, 4724.0, 4291.0, 4659.0, 4455.0, 4538.0, 5277.0, 4366.0, 6032.0, 6788.0, 5736.0, 6068.0, 5690.0, 5783.0, 5325.0, 5632.0, 5629.0, 5419.0, 4168.0, 3685.0, 4453.0, 5309.0, 5783.0, 4030.0, 3008.0, 2836.0, 3837.0, 4894.0, 3948.0, 3472.0, 3465.0, 3204.0, 2974.0, 2399.0, 2227.0, 2443.0, 2261.0, 2453.0, 2365.0, 2356.0, 2331.0, 2593.0, 2284.0, 2175.0, 2408.0, 2233.0]",13468355.895688437
12,0.8,15,"[{""x"": -0.9625554084777832, ""y"": 0.808417797088623, ""z"": 0.0, ""velocity"": 0.0, ""snr"": 0.0}, {""x"": -0.9938478469848633, ""y"": 0.7814168930053711, ""z"": 0.0, ""velocity"": 0.0, ""snr"": 0.0}, {""x"": -0.279843807220459, ""y"": 0.49692392349243164, ""z"": 0.0, ""velocity"": 0.0, ""snr"": 0.0}, {""x"": -0.34046173095703125, ""y"": 1.5063285827636719, ""z"": 0.0, ""velocity"": 0.0, ""snr"": 0.0}, {""x"": -0.07420778274536133, ""y"": 0.4203915596008301, ""z"": 0.0, ""velocity"": 0.0, ""snr"": 0.0}, {""x"": -0.0661611557006836, ""y"": 0.440061092376709, ""z"": 0.0, ""velocity"": 0.0, ""snr"": 0.0}, {""x"": -0.0457763671875, ""y"": 0.4475712776184082, ""z"": 0.0, ""velocity"": 0.0, ""snr"": 0.0}, {""x"": -0.24551153182983398, ""y"": 1.5388727188110352, ""z"": 0.0, ""velocity"": 0.0, ""snr"": 0.0}, {""x"": -0.25784969329833984, ""y"": 1.5483498573303223, ""z"": 0.0, ""velocity"": 0.0, ""snr"": 0.0}, {""x"": -0.014483928680419922, ""y"": 0.464022159576416, ""z"": 0.0, ""velocity"": 0.0, ""snr"": 0.0}, {""x"": 1.6247034072875977, ""y"": 1.8437504768371582, ""z"": 0.0, ""velocity"": 0.0, ""snr"": 0.0}, {""x"": 1.6470551490783691, ""y"": 1.8512606620788574, ""z"": 0.0, ""velocity"": 0.0, ""snr"": 0.0}, {""x"": 1.6799569129943848, ""y"": 1.8417835235595703, ""z"": 0.0, ""velocity"": 0.0, ""snr"": 0.0}, {""x"": 1.7225146293640137, ""y"": 1.8353462219238281, ""z"": 0.0, ""velocity"": 0.0, ""snr"": 0.0}, {""x"": 0.40268898010253906, ""y"": 0.30559301376342773, ""z"": 0.0, ""velocity"": 0.0, ""snr"": 0.0}]","[151804.0, 220353.0, 153069.0, 49089.0, 19291.0, 20031.0, 10989.0, 3714.0, 39327.0, 146097.0, 196907.0, 105949.0, 38635.0, 20349.0, 12592.0, 6363.0, 4562.0, 4106.0, 6229.0, 6851.0, 3394.0, 2736.0, 3014.0, 3210.0, 4226.0, 4388.0, 5072.0, 12472.0, 12602.0, 5744.0, 6360.0, 8798.0, 14494.0, 31710.0, 49975.0, 33720.0, 12173.0, 9681.0, 10518.0, 6911.0, 4893.0, 13157.0, 14620.0, 7854.0, 5626.0, 7499.0, 7852.0, 5969.0, 5211.0, 4742.0, 4518.0, 3899.0, 16083.0, 41259.0, 63222.0, 52934.0, 20840.0, 7749.0, 13064.0, 12225.0, 11071.0, 7552.0, 6043.0, 6242.0, 6773.0, 6711.0, 11068.0, 10599.0, 7476.0, 6426.0, 6741.0, 6074.0, 5585.0, 4942.0, 4977.0, 3561.0, 3885.0, 7208.0, 10950.0, 10176.0, 6078.0, 5809.0, 5196.0, 3959.0, 4023.0, 3520.0, 4073.0, 4167.0, 4390.0, 4174.0, 3743.0, 5287.0, 5398.0, 6219.0, 5280.0, 5803.0, 4109.0, 4881.0, 5041.0, 5105.0, 4125.0, 3753.0, 3786.0, 4834.0, 5815.0, 4958.0, 3966.0, 3578.0, 3592.0, 3209.0, 2963.0, 2874.0, 2594.0, 3136.0, 2747.0, 2390.0, 2369.0, 2394.0, 2407.0, 2197.0, 2483.0, 2532.0, 2406.0, 2528.0, 2337.0, 2060.0, 2494.0, 2681.0]",13199262.592011353
13,0.8,12,"[{""x"": -1.0083317756652832, ""y"": 0.7538795471191406, ""z"": 0.0, ""velocity"": 0.0, ""snr"": 0.0}, {""x"": -0.9983181953430176, ""y"": 0.779271125793457, ""z"": 0.0, ""velocity"": 0.0, ""snr"": 0.0}, {""x"": -0.583648681640625, ""y"": 1.4017224311828613, ""z"": 0.0, ""velocity"": 0.0, ""snr"": 0.0}, {""x"": -0.3236532211303711, ""y"": 1.5177726745605469, ""z"": 0.0, ""velocity"": 0.0, ""snr"": 0.0}, {""x"": -0.005543231964111328, ""y"": 0.44292211532592773, ""z"": 0.0, ""velocity"": 0.0, ""snr"": 0.0}, {""x"": 0.045239925384521484, ""y"": 0.4615187644958496, ""z"": 0.0, ""velocity"": 0.0, ""snr"": 0.0}, {""x"": 0.28842687606811523, ""y"": 0.43594837188720703, ""z"": 0.0, ""velocity"": 0.0, ""snr"": 0.0}, {""x"": 0.31507015228271484, ""y"": 0.39714574813842773, ""z"": 0.0, ""velocity"": 0.0, ""snr"": 0.0}, {""x"": 1.616835594177246, ""y"": 1.8510818481445312, ""z"": 0.0, ""velocity"": 0.0, ""snr"": 0.0}, {""x"": 1.6359686851501465, ""y"": 1.8619894981384277, ""z"": 0.0, ""velocity"": 0.0, ""snr"": 0.0}, {""x"": 1.663506031036377, ""y"": 1.8578767776489258, ""z"": 0.0, ""velocity"": 0.0, ""snr"": 0.0}, {""x"": 1.695692539215088, ""y"": 1.8593072891235352, ""z"": 0.0, ""velocity"": 0.0, ""snr"": 0.0}]","[151664.0, 220255.0, 152937.0, 46365.0, 36403.0, 44257.0, 19940.0, 2870.0, 16076.0, 43360.0, 62043.0, 77040.0, 51784.0, 26965.0, 7493.0, 4191.0, 4452.0, 5169.0, 7525.0, 6815.0, 3656.0, 2355.0, 3124.0, 4207.0, 4375.0, 4147.0, 4670.0, 13103.0, 13768.0, 6711.0, 4929.0, 9107.0, 14335.0, 16123.0, 18157.0, 12717.0, 8323.0, 10013.0, 10914.0, 6794.0, 4941.0, 12804.0, 13957.0, 7229.0, 7780.0, 6809.0, 6788.0, 6606.0, 6262.0, 5935.0, 5689.0, 4068.0, 15588.0, 40497.0, 62576.0, 53519.0, 21578.0, 7001.0, 13260.0, 11780.0, 10463.0, 7902.0, 5439.0, 6318.0, 7215.0, 6137.0, 9540.0, 8059.0, 6716.0, 6843.0, 6438.0, 10857.0, 9057.0, 6745.0, 6293.0, 4373.0, 4405.0, 7027.0, 10678.0, 10456.0, 6891.0, 5328.0, 4112.0, 3134.0, 4665.0, 4725.0, 4260.0, 4330.0, 3527.0, 3581.0, 3509.0, 5584.0, 5507.0, 5852.0, 5634.0, 5291.0, 3416.0, 5140.0, 4633.0, 3951.0, 3399.0, 3946.0, 4368.0, 5321.0, 6127.0, 4830.0, 3359.0, 3386.0, 2985.0, 3175.0, 3900.0, 4088.0, 3183.0, 3541.0, 3027.0, 2366.0, 2378.0, 2569.0, 2475.0, 2295.0, 2302.0, 2430.0, 2486.0, 2880.0, 2051.0, 2173.0, 2782.0, 2685.0]",12935329.993054863
14,0.8,12,"[{""x"": -0.9641647338867188, ""y"": 0.8037686347961426, ""z"": 0.0, ""velocity"": 0.0, ""snr"": 0.0}, {""x"": -0.9645223617553711, ""y"": 0.8207559585571289, ""z"": 0.0, ""velocity"": 0.0, ""snr"": 0.0}, {""x"": -0.17255544662475586, ""y"": 0.4309415817260742, ""z"": 0.0, ""velocity"": 0.0, ""snr"": 0.0}, {""x"": -0.10281801223754883, ""y"": 0.41162967681884766, ""z"": 0.0, ""velocity"": 0.0, ""snr"": 0.0}, {""x"": -0.11622905731201172, ""y"": 0.42557716369628906, ""z"": 0.0, ""velocity"": 0.0, ""snr"": 0.0}, {""x"": -0.13339519500732422, ""y"": 0.4273653030395508, ""z"": 0.0, ""velocity"": 0.0, ""snr"": 0.0}, {""x"": 0.2219080924987793, ""y"": 0.5298256874084473, ""z"": 0.0, ""velocity"": 0.0, ""snr"": 0.0}, {""x"": 0.2703666687011719, ""y"": 0.5278587341308594, ""z"": 0.0, ""velocity"": 0.0, ""snr"": 0.0}, {""x"": 1.6087889671325684, ""y"": 1.8562674522399902, ""z"": 0.0, ""velocity"": 0.0, ""snr"": 0.0}, {""x"": 1.6314983367919922, ""y"": 1.8637776374816895, ""z"": 0.0, ""velocity"": 0.0, ""snr"": 0.0}, {""x"": 1.6515254974365234, ""y"": 1.8668174743652344, ""z"": 0.0, ""velocity"": 0.0, ""snr"": 0.0}, {""x"": 1.6633272171020508, ""y"": 1.8900632858276367, ""z"": 0.0, ""velocity"": 0.0, ""snr"": 0.0}]","[151884.0, 220133.0, 153069.0, 47248.0, 42268.0, 38392.0, 16145.0, 4732.0, 42669.0, 141566.0, 172747.0, 94963.0, 35396.0, 34307.0, 11641.0, 5118.0, 3761.0, 3311.0, 4471.0, 5474.0, 4021.0, 3660.0, 3883.0, 3681.0, 4558.0, 3799.0, 6317.0, 14755.0, 14968.0, 7676.0, 4315.0, 7910.0, 10839.0, 10756.0, 12805.0, 9086.0, 5619.0, 7566.0, 10464.0, 6408.0, 5481.0, 12499.0, 14723.0, 8663.0, 8993.0, 8733.0, 7518.0, 5590.0, 6126.0, 6735.0, 6012.0, 5377.0, 17380.0, 43231.0, 64843.0, 53624.0, 21047.0, 7177.0, 14191.0, 13389.0, 10763.0, 7238.0, 6317.0, 6723.0, 8062.0, 6578.0, 10400.0, 8658.0, 6913.0, 6027.0, 9001.0, 11030.0, 10324.0, 6948.0, 5054.0, 3469.0, 3697.0, 6701.0, 12416.0, 12286.0, 7805.0, 5254.0, 4590.0, 4371.0, 5485.0, 5527.0, 4206.0, 3869.0, 5050.0, 4759.0, 5451.0, 5966.0, 5732.0, 6219.0, 5946.0, 6947.0, 4671.0, 6180.0, 5789.0, 4414.0, 3227.0, 3362.0, 4394.0, 5290.0, 6375.0, 5400.0, 4374.0, 4878.0, 3972.0, 3244.0, 2915.0, 3561.0, 3674.0, 3617.0, 2719.0, 2281.0, 2516.0, 2474.0, 2506.0, 2455.0, 2512.0, 2584.0, 2643.0, 2710.0, 2137.0, 2198.0, 2515.0, 2398.0]",12676363.135381265
0,0.8,13,"[{""x"": -0.9836554527282715, ""y"": 0.7814168930053711, ""z"": 0.0, ""velocity"": 0.0, ""snr"": 0.0}, {""x"": -0.9697079658508301, ""y"": 0.8134245872497559, ""z"": 0.0, ""velocity"": 0.0, ""snr"": 0.0}, {""x"": -0.08386373519897461, ""y"": 0.43272972106933594, ""z"": 0.0, ""velocity"": 0.0, ""snr"": 0.0}, {""x"": -0.0674128532409668, ""y"": 0.44524669647216797, ""z"": 0.0, ""velocity"": 0.0, ""snr"": 0.0}, {""x"": -0.016987323760986328, ""y"": 0.48744678497314453, ""z"": 0.0, ""velocity"": 0.0, ""snr"": 0.0}, {""x"": 0.14537572860717773, ""y"": 0.5453824996948242, ""z"": 0.0, ""velocity"": 0.0, ""snr"": 0.0}, {""x"": 0.23049116134643555, ""y"": 0.5246400833129883, ""z"": 0.0, ""velocity"": 0.0, ""snr"": 0.0}, {""x"": 0.29343366622924805, ""y"": 0.5130171775817871, ""z"": 0.0, ""velocity"": 0.0, ""snr"": 0.0}, {""x"": 1.0671615600585938, ""y"": 1.5808939933776855, ""z"": 0.0, ""velocity"": 0.0, ""snr"": 0.0}, {""x"": 1.6670823097229004, ""y"": 1.8054842948913574, ""z"": 0.0, ""velocity"": 0.0, ""snr"": 0.0}, {""x"": 1.657247543334961, ""y"": 1.8419623374938965, ""z"": 0.0, ""velocity"": 0.0, ""snr"": 0.0}, {""x"": 1.656174659729004, ""y"": 1.863420009613037, ""z"": 0.0, ""velocity"": 0.0, ""snr"": 0.0}, {""x"": 1.6433000564575195, ""y"": 1.905977725982666, ""z"": 0.0, ""velocity"": 0.0, ""snr"": 0.0}]","[151852.0, 220190.0, 153152.0, 48053.0, 31615.0, 35509.0, 18331.0, 3653.0, 19700.0, 67562.0, 83941.0, 51306.0, 55173.0, 54170.0, 18522.0, 6103.0, 3732.0, 3220.0, 3606.0, 5278.0, 4734.0, 3370.0, 3234.0, 4139.0, 4139.0, 3647.0, 6005.0, 14890.0, 15087.0, 7424.0, 2901.0, 8221.0, 11710.0, 9494.0, 8610.0, 6007.0, 5276.0, 7419.0, 10096.0, 6193.0, 5398.0, 13488.0, 15813.0, 7841.0, 7182.0, 7386.0, 8094.0, 6807.0, 6716.0, 5946.0, 5164.0, 4889.0, 17460.0, 44676.0, 67977.0, 56854.0, 22674.0, 8129.0, 13899.0, 12208.0, 10075.0, 9246.0, 7905.0, 5986.0, 7696.0, 7667.0, 10713.0, 8983.0, 7751.0, 6717.0, 5002.0, 6179.0, 8381.0, 9543.0, 9970.0, 7825.0, 4280.0, 7100.0, 11514.0, 9825.0, 5861.0, 4999.0, 4983.0, 3534.0, 4224.0, 4966.0, 4736.0, 4499.0, 3954.0, 4216.0, 5446.0, 6184.0, 5572.0, 6502.0, 6095.0, 7862.0, 6280.0, 6645.0, 4892.0, 3614.0, 3379.0, 4092.0, 4677.0, 6176.0, 7043.0, 5590.0, 4776.0, 5020.0, 3514.0, 3865.0, 3908.0, 2614.0, 2642.0, 3311.0, 2637.0, 2167.0, 2325.0, 2173.0, 2336.0, 2020.0, 2642.0, 2508.0, 2447.0, 2424.0, 2116.0, 2152.0, 2260.0, 2378.0]",12423170.99406724
1,0.8,13,"[{""x"": -0.9210705757141113, ""y"": 0.8568763732910156, ""z"": 0.0, ""velocity"": 0.0, ""snr"": 0.0}, {""x"": -0.9182095527648926, ""y"": 0.873863697052002, ""z"": 0.0, ""velocity"": 0.0, ""snr"": 0.0}, {""x"": -0.15842914581298828, ""y"": 0.48226118087768555, ""z"": 0.0, ""velocity"": 0.0, ""snr"": 0.0}, {""x"": -0.05328655242919922, ""y"": 0.44846534729003906, ""z"": 0.0, ""velocity"": 0.0, ""snr"": 0.0}, {""x"": -0.056684017181396484, ""y"": 0.4570484161376953, ""z"": 0.0, ""velocity"": 0.0, ""snr"": 0.0}, {""x"": -0.06937980651855469, ""y"": 0.4659891128540039, ""z"": 0.0, ""velocity"": 0.0, ""snr"": 0.0}, {""x"": 0.2269148826599121, ""y"": 0.5242824554443359, ""z"": 0.0, ""velocity"": 0.0, ""snr"": 0.0}, {""x"": 0.19562244415283203, ""y"": 0.5546808242797852, ""z"": 0.0, ""velocity"": 0.0, ""snr"": 0.0}, {""x"": 1.0866522789001465, ""y"": 1.5676617622375488, ""z"": 0.0, ""velocity"": 0.0, ""snr"": 0.0}, {""x"": 1.656174659729004, ""y"": 1.8156766891479492, ""z"": 0.0, ""velocity"": 0.0, ""snr"": 0.0}, {""x"": 1.6540288925170898, ""y"": 1.8458962440490723, ""z"": 0.0, ""velocity"": 0.0, ""snr"": 0.0}, {""x"": 1.6483068466186523, ""y"": 1.8707513809204102, ""z"": 0.0, ""velocity"": 0.0, ""snr"": 0.0}, {""x"": 1.6674399375915527, ""y"": 1.8834471702575684, ""z"": 0.0, ""velocity"": 0.0, ""snr"": 0.0}]","[152066.0, 220048.0, 152983.0, 47858.0, 28880.0, 24106.0, 8679.0, 2654.0, 28853.0, 132686.0, 214835.0, 149977.0, 54353.0, 51073.0, 15963.0, 4871.0, 3480.0, 5101.0, 6008.0, 4943.0, 3359.0, 3004.0, 2577.0, 2941.0, 3603.0, 3407.0, 5364.0, 13082.0, 14181.0, 7206.0, 3842.0, 7597.0, 10193.0, 8890.0, 8843.0, 6696.0, 5958.0, 7913.0, 9593.0, 6213.0, 5738.0, 13474.0, 15377.0, 7236.0, 6318.0, 7166.0, 8102.0, 6798.0, 6270.0, 6723.0, 6025.0, 4804.0, 18220.0, 46431.0, 71352.0, 61156.0, 23689.0, 7298.0, 13134.0, 11252.0, 9028.0, 6700.0, 9165.0, 7762.0, 7100.0, 6358.0, 9732.0, 7882.0, 5979.0, 5213.0, 6359.0, 7620.0, 6202.0, 6392.0, 6069.0, 4666.0, 3952.0, 5881.0, 11441.0, 10949.0, 6292.0, 5477.0, 4933.0, 3969.0, 6381.0, 7810.0, 5776.0, 3949.0, 4485.0, 4252.0, 5546.0, 6786.0, 6675.0, 6628.0, 5455.0, 7667.0, 7065.0, 7489.0, 6395.0, 4583.0, 3298.0, 3978.0, 4544.0, 5086.0, 5964.0, 5500.0, 4291.0, 3718.0, 3259.0, 3032.0, 2562.0, 3881.0, 3074.0, 3014.0, 3373.0, 2423.0, 2247.0, 2297.0, 2321.0, 2063.0, 2377.0, 2295.0, 2423.0, 2582.0, 2114.0, 2233.0, 2457.0, 2668.0]",12174606.486296032
2,0.8,13,"[{""x"": -0.9759664535522461, ""y"": 0.7966160774230957, ""z"": 0.0, ""velocity"": 0.0, ""snr"": 0.0}, {""x"": -0.9534358978271484, ""y"": 0.8338093757629395, ""z"": 0.0, ""velocity"": 0.0, ""snr"": 0.0}, {""x"": -0.015377998352050781, ""y"": 0.4552602767944336, ""z"": 0.0, ""velocity"": 0.0, ""snr"": 0.0}, {""x"": -0.017344951629638672, ""y"": 0.46455860137939453, ""z"": 0.0, ""velocity"": 0.0, ""snr"": 0.0}, {""x"": -0.011265277862548828, ""y"": 0.47779083251953125, ""z"": 0.0, ""velocity"": 0.0, ""snr"": 0.0}, {""x"": 0.12177228927612305, ""y"": 0.5140900611877441, ""z"": 0.0, ""velocity"": 0.0, ""snr"": 0.0}, {""x"": 0.20778179168701172, ""y"": 0.5237460136413574, ""z"": 0.0, ""velocity"": 0.0, ""snr"": 0.0}, {""x"": 0.23370981216430664, ""y"": 0.5405545234680176, ""z"": 0.0, ""velocity"": 0.0, ""snr"": 0.0}, {""x"": 1.0702013969421387, ""y"": 1.5766024589538574, ""z"": 0.0, ""velocity"": 0.0, ""snr"": 0.0}, {""x"": 1.6475915908813477, ""y"": 1.8249750137329102, ""z"": 0.0, ""velocity"": 0.0, ""snr"": 0.0}, {""x"": 1.6266703605651855, ""y"": 1.8714666366577148, ""z"": 0.0, ""velocity"": 0.0, ""snr"": 0.0}, {""x"": 1.6404390335083008, ""y"": 1.8773674964904785, ""z"": 0.0, ""velocity"": 0.0, ""snr"": 0.0}, {""x"": 1.6887187957763672, ""y"": 1.8627047538757324, ""z"": 0.0, ""velocity"": 0.0, ""snr"": 0.0}]","[152090.0, 219992.0, 152647.0, 46910.0, 27118.0, 23602.0, 10778.0, 3540.0, 19645.0, 108790.0, 195008.0, 149341.0, 71832.0, 48144.0, 16126.0, 5079.0, 3703.0, 3717.0, 6044.0, 5713.0, 2640.0, 3443.0, 2995.0, 3034.0, 3833.0, 3168.0, 4546.0, 13105.0, 13927.0, 6738.0, 3438.0, 7691.0, 10983.0, 10010.0, 9554.0, 6953.0, 6976.0, 9104.0, 8941.0, 5775.0, 6564.0, 14127.0, 16046.0, 7503.0, 5188.0, 6197.0, 6360.0, 4513.0, 5823.0, 5812.0, 5423.0, 4638.0, 18518.0, 47788.0, 76004.0, 65682.0, 24675.0, 7770.0, 13863.0, 11955.0, 8927.0, 7114.0, 7413.0, 6735.0, 7504.0, 6653.0, 9720.0, 8495.0, 8345.0, 8058.0, 6903.0, 5784.0, 4562.0, 5755.0, 6426.0, 4465.0, 4518.0, 8039.0, 12307.0, 11218.0, 7326.0, 4741.0, 4411.0, 3503.0, 5032.0, 5398.0, 4536.0, 3593.0, 3844.0, 5004.0, 6004.0, 6445.0, 5937.0, 6847.0, 6139.0, 8242.0, 7132.0, 6709.0, 5746.0, 4606.0, 4033.0, 3821.0, 4176.0, 5512.0, 6612.0, 5158.0, 4143.0, 4170.0, 3316.0, 3112.0, 3887.0, 3671.0, 3601.0, 3517.0, 3055.0, 2416.0, 2264.0, 2291.0, 2183.0, 2009.0, 2289.0, 2259.0, 2216.0, 2281.0, 2091.0, 2228.0, 2308.0, 2219.0]",11930986.888417795
3,0.8,13,"[{""x"": -0.9788274765014648, ""y"": 0.7916092872619629, ""z"": 0.0, ""velocity"": 0.0, ""snr"": 0.0}, {""x"": -0.9630918502807617, ""y"": 0.8257627487182617, ""z"": 0.0, ""velocity"": 0.0, ""snr"": 0.0}, {""x"": -0.030219554901123047, ""y"": 0.45168399810791016, ""z"": 0.0, ""velocity"": 0.0, ""snr"": 0.0}, {""x"": -0.021278858184814453, ""y"": 0.4661679267883301, ""z"": 0.0, ""velocity"": 0.0, ""snr"": 0.0}, {""x"": -0.004649162292480469, ""y"": 0.48404932022094727, ""z"": 0.0, ""velocity"": 0.0, ""snr"": 0.0}, {""x"": 0.11354684829711914, ""y"": 0.5196332931518555, ""z"": 0.0, ""velocity"": 0.0, ""snr"": 0.0}, {""x"": 0.21922588348388672, ""y"": 0.519096851348877, ""z"": 0.0, ""velocity"": 0.0, ""snr"": 0.0}, {""x"": 0.21225214004516602, ""y"": 0.5462765693664551, ""z"": 0.0, ""velocity"": 0.0, ""snr"": 0.0}, {""x"": 1.1242032051086426, ""y"": 1.5411972999572754, ""z"": 0.0, ""velocity"": 0.0, ""snr"": 0.0}, {""x"": 1.6733407974243164, ""y"": 1.8020868301391602, ""z"": 0.0, ""velocity"": 0.0, ""snr"": 0.0}, {""x"": 1.6640424728393555, ""y"": 1.8389225006103516, ""z"": 0.0, ""velocity"": 0.0, ""snr"": 0.0}, {""x"": 1.6744136810302734, ""y"": 1.8475055694580078, ""z"": 0.0, ""velocity"": 0.0, ""snr"": 0.0}, {""x"": 1.6672611236572266, ""y"": 1.8829107284545898, ""z"": 0.0, ""velocity"": 0.0, ""snr"": 0.0}]","[152134.0, 220721.0, 153421.0, 46509.0, 25648.0, 32002.0, 18230.0, 5338.0, 17324.0, 79173.0, 137679.0, 115540.0, 68224.0, 45586.0, 14622.0, 3803.0, 2872.0, 5453.0, 8607.0, 9262.0, 6801.0, 5044.0, 3912.0, 3574.0, 4327.0, 4088.0, 4785.0, 12243.0, 13477.0, 6925.0, 3295.0, 7747.0, 11078.0, 9637.0, 8078.0, 6184.0, 6880.0, 9353.0, 8792.0, 5583.0, 6732.0, 13094.0, 15063.0, 7487.0, 5380.0, 6513.0, 6450.0, 5828.0, 6153.0, 6110.0, 5004.0, 4655.0, 18340.0, 47468.0, 76773.0, 66813.0, 25488.0, 8043.0, 13328.0, 10714.0, 8389.0, 6979.0, 6826.0, 7467.0, 8528.0, 7667.0, 10584.0, 9195.0, 8142.0, 7466.0, 6898.0, 5519.0, 6133.0, 6597.0, 6181.0, 5390.0, 6247.0, 9832.0, 13303.0, 11031.0, 6347.0, 4785.0, 4506.0, 3832.0, 4674.0, 4685.0, 3657.0, 3251.0, 3537.0, 4003.0, 6190.0, 7582.0, 7356.0, 6989.0, 5982.0, 8678.0, 7522.0, 7899.0, 6425.0, 4476.0, 3699.0, 3830.0, 4552.0, 5659.0, 6470.0, 5066.0, 3663.0, 3472.0, 3260.0, 3424.0, 3644.0, 4116.0, 3410.0, 3291.0, 3075.0, 2415.0, 2191.0, 2307.0, 2342.0, 2221.0, 2456.0, 2555.0, 2242.0, 2397.0, 2224.0, 1922.0, 2123.0, 2114.0]",11692253.67367462
4,0.8,15,"[{""x"": -0.36406517028808594, ""y"": 0.30434131622314453, ""z"": 0.0, ""velocity"": 0.0, ""snr"": 0.0}, {""x"": -0.9241104125976562, ""y"": 0.8774399757385254, ""z"": 0.0, ""velocity"": 0.0, ""snr"": 0.0}, {""x"": -0.043451786041259766, ""y"": 0.2136826515197754, ""z"": 0.0, ""velocity"": 0.0, ""snr"": 0.0}, {""x"": -0.0870823860168457, ""y"": 0.406801700592041, ""z"": 0.0, ""velocity"": 0.0, ""snr"": 0.0}, {""x"": -0.08314847946166992, ""y"": 0.4248619079589844, ""z"": 0.0, ""velocity"": 0.0, ""snr"": 0.0}, {""x"": -0.05042552947998047, ""y"": 0.43773651123046875, ""z"": 0.0, ""velocity"": 0.0, ""snr"": 0.0}, {""x"": 0.05525350570678711, ""y"": 0.49048662185668945, ""z"": 0.0, ""velocity"": 0.0, ""snr"": 0.0}, {""x"": 0.2557039260864258, ""y"": 0.5026459693908691, ""z"": 0.0, ""velocity"": 0.0, ""snr"": 0.0}, {""x"": 0.2764463424682617, ""y"": 0.49889087677001953, ""z"": 0.0, ""velocity"": 0.0, ""snr"": 0.0}, {""x"": 0.29075145721435547, ""y"": 0.5081892013549805, ""z"": 0.0, ""velocity"": 0.0, ""snr"": 0.0}, {""x"": 1.1161565780639648, ""y"": 1.5494227409362793, ""z"": 0.0, ""velocity"": 0.0, ""snr"": 0.0}, {""x"": 1.6481280326843262, ""y"": 1.824796199798584, ""z"": 0.0, ""velocity"": 0.0, ""snr"": 0.0}, {""x"": 1.6595721244812012, ""y"": 1.8426775932312012, ""z"": 0.0, ""velocity"": 0.0, ""snr"": 0.0}, {""x"": 1.681208610534668, ""y"": 1.8410682678222656, ""z"": 0.0, ""velocity"": 0.0, ""snr"": 0.0}, {""x"": 1.6638636589050293, ""y"": 1.8848776817321777, ""z"": 0.0, ""velocity"": 0.0, ""snr"": 0.0}]","[151899.0, 220572.0, 152981.0, 44657.0, 44946.0, 52505.0, 25679.0, 6022.0, 19061.0, 57375.0, 59122.0, 35509.0, 48538.0, 46688.0, 14685.0, 3571.0, 3566.0, 3950.0, 4239.0, 6604.0, 5334.0, 3916.0, 3609.0, 3328.0, 4511.0, 4562.0, 3516.0, 10048.0, 12351.0, 7343.0, 3403.0, 7580.0, 11386.0, 9388.0, 7181.0, 5837.0, 7648.0, 10040.0, 8913.0, 5285.0, 6601.0, 13220.0, 15475.0, 7322.0, 5320.0, 6797.0, 7171.0, 6524.0, 7058.0, 6624.0, 5731.0, 5146.0, 18625.0, 48264.0, 77913.0, 67307.0, 25762.0, 7379.0, 13303.0, 11403.0, 7795.0, 6649.0, 9127.0, 7638.0, 8610.0, 5921.0, 9192.0, 10136.0, 9288.0, 7656.0, 6389.0, 5296.0, 5791.0, 5802.0, 5872.0, 6287.0, 6131.0, 7520.0, 11826.0, 11135.0, 7467.0, 5575.0, 4212.0, 3458.0, 4782.0, 4773.0, 4184.0, 4529.0, 4106.0, 4538.0, 6621.0, 7962.0, 7733.0, 7430.0, 6855.0, 8466.0, 7919.0, 8815.0, 6780.0, 4604.0, 3830.0, 4213.0, 4827.0, 5637.0, 6203.0, 5188.0, 3704.0, 3511.0, 3928.0, 4580.0, 3782.0, 3379.0, 3129.0, 3086.0, 2985.0, 2337.0, 2132.0, 2322.0, 2471.0, 2228.0, 2599.0, 2218.0, 2231.0, 2608.0, 2449.0, 2017.0, 2100.0, 2197.0]",11458436.39553791
5,0.8,13,"[{""x"": -0.9239315986633301, ""y"": 0.877082347869873, ""z"": 0.0, ""velocity"": 0.0, ""snr"": 0.0}, {""x"": -0.08225440979003906, ""y"": 0.4361271858215332, ""z"": 0.0, ""velocity"": 0.0, ""snr"": 0.0}, {""x"": 0.08726119995117188, ""y"": 0.46187639236450195, ""z"": 0.0, ""velocity"": 0.0, ""snr"": 0.0}, {""x"": 0.0616908073425293, ""y"": 0.48226118087768555, ""z"": 0.0, ""velocity"": 0.0, ""snr"": 0.0}, {""x"": 0.18310546875, ""y"": 0.5577206611633301, ""z"": 0.0, ""velocity"": 0.0, ""snr"": 0.0}, {""x"": 0.19812583923339844, ""y"": 0.514984130859375, ""z"": 0.0, ""velocity"": 0.0, ""snr"": 0.0}, {""x"": 0.1952648162841797, ""y"": 0.5401968955993652, ""z"": 0.0, ""velocity"": 0.0, ""snr"": 0.0}, {""x"": 1.0698437690734863, ""y"": 1.5726685523986816, ""z"": 0.0, ""velocity"": 0.0, ""snr"": 0.0}, {""x"": 1.1086463928222656, ""y"": 1.554429531097412, ""z"": 0.0, ""velocity"": 0.0, ""snr"": 0.0}, {""x"": 1.6638636589050293, ""y"": 1.8104910850524902, ""z"": 0.0, ""velocity"": 0.0, ""snr"": 0.0}, {""x"": 1.6654729843139648, ""y"": 1.8365979194641113, ""z"": 0.0, ""velocity"": 0.0, ""snr"": 0.0}, {""x"": 1.6890764236450195, ""y"": 1.8326640129089355, ""z"": 0.0, ""velocity"": 0.0, ""snr"": 0.0}, {""x"": 1.6928315162658691, ""y"": 1.8582344055175781, ""z"": 0.0, ""velocity"": 0.0, ""snr"": 0.0}]","[151783.0, 220152.0, 152827.0, 48792.0, 36361.0, 33961.0, 15834.0, 3527.0, 12932.0, 35632.0, 72730.0, 57185.0, 46936.0, 51272.0, 17053.0, 3889.0, 3833.0, 4595.0, 8924.0, 12273.0, 8572.0, 4106.0, 3441.0, 3670.0, 4698.0, 4553.0, 3760.0, 10178.0, 12083.0, 7317.0, 3894.0, 7112.0, 11412.0, 9443.0, 5959.0, 5401.0, 7914.0, 10769.0, 9093.0, 5053.0, 7331.0, 13786.0, 16103.0, 7520.0, 4743.0, 6204.0, 6973.0, 5932.0, 6667.0, 6745.0, 5504.0, 4829.0, 18045.0, 46998.0, 75478.0, 64257.0, 23640.0, 8078.0, 13390.0, 11733.0, 7582.0, 6992.0, 9111.0, 8188.0, 7877.0, 5764.0, 9585.0, 8823.0, 6325.0, 5916.0, 6492.0, 5822.0, 6282.0, 6320.0, 6701.0, 6106.0, 4994.0, 6397.0, 11648.0, 11568.0, 8523.0, 6111.0, 4798.0, 3554.0, 4968.0, 4854.0, 4473.0, 4753.0, 4272.0, 4721.0, 7255.0, 8011.0, 7886.0, 7256.0, 6532.0, 8740.0, 8122.0, 8840.0, 7137.0, 4264.0, 3435.0, 3582.0, 4584.0, 5310.0, 5647.0, 4430.0, 3399.0, 3418.0, 3662.0, 4973.0, 4247.0, 3253.0, 3247.0, 3824.0, 2933.0, 2065.0, 2123.0, 2346.0, 2432.0, 2611.0, 2349.0, 2313.0, 2290.0, 2413.0, 2006.0, 1992.0, 2171.0, 2129.0]",11229738.380973836
6,0.8,12,"[{""x"": -0.2823472023010254, ""y"": 0.3821253776550293, ""z"": 0.0, ""velocity"": 0.0, ""snr"": 0.0}, {""x"": -0.20134449005126953, ""y"": 0.4100203514099121, ""z"": 0.0, ""velocity"": 0.0, ""snr"": 0.0}, {""x"": -0.1512765884399414, ""y"": 0.417172908782959, ""z"": 0.0, ""velocity"": 0.0, ""snr"": 0.0}, {""x"": 0.13786554336547852, ""y"": 0.47510862350463867, ""z"": 0.0, ""velocity"": 0.0, ""snr"": 0.0}, {""x"": 0.19598007202148438, ""y"": 0.5110502243041992, ""z"": 0.0, ""velocity"": 0.0, ""snr"": 0.0}, {""x"": 0.2167224884033203, ""y"": 0.5346536636352539, ""z"": 0.0, ""velocity"": 0.0, ""snr"": 0.0}, {""x"": 0.21475553512573242, ""y"": 0.5486011505126953, ""z"": 0.0, ""velocity"": 0.0, ""snr"": 0.0}, {""x"": 1.100599765777588, ""y"": 1.5590786933898926, ""z"": 0.0, ""velocity"": 0.0, ""snr"": 0.0}, {""x"": 1.6518831253051758, ""y"": 1.8221139907836914, ""z"": 0.0, ""velocity"": 0.0, ""snr"": 0.0}, {""x"": 1.6660094261169434, ""y"": 1.8367767333984375, ""z"": 0.0, ""velocity"": 0.0, ""snr"": 0.0}, {""x"": 1.70212984085083, ""y"": 1.820683479309082, ""z"": 0.0, ""velocity"": 0.0, ""snr"": 0.0}, {""x"": 1.7160773277282715, ""y"": 1.8378496170043945, ""z"": 0.0, ""velocity"": 0.0, ""snr"": 0.0}]","[151820.0, 220030.0, 152655.0, 45702.0, 45487.0, 53152.0, 25748.0, 5847.0, 17052.0, 58938.0, 76365.0, 50833.0, 39217.0, 43806.0, 16575.0, 67174912.0, 134546947.0, 84082695.0, 180229.0, 174338560.0, 35072.0, 0.0, 2304.0, 512.0, 4294967040.0, 77311.0, 28160.0, 998244352.0, 3201903929.0, 2147483705.0, 2147483710.0, 2367.0, 184137216.0, 8.0, 1279489280.0, 2266647.0, 889192448.0, 3087417160.0, 8.0, 4282611200.0, 574214.0, 1660944384.0, 3859276867.0, 8.0, 1531068160.0, 2533413.0, 855638016.0, 36024654.0, 39.0, 3075296256.0, 2516262.0, 1375731712.0, 3123189834.0, 37.0, 776550144.0, 1.0, 1056964610.0, 671089234.0, 1979712349.0, 2684355157.0, 1879048379.0, 956301413.0, 2046820472.0, 1056964683.0, 2030043191.0, 2231369832.0, 3825205436.0, 2969567484.0, 1862271233.0, 67109013.0, 3942645811.0, 3238002710.0, 2063597579.0, 83886091.0, 67108875.0, 956301323.0, 1509949454.0, 1140850705.0, 3338665999.0, 3758096394.0, 3942645772.0, 1677721613.0, 4127195147.0, 3372220429.0, 2868903957.0, 1526726685.0, 2399141909.0, 671088657.0, 721420309.0, 436207650.0, 301989914.0, 4194304034.0, 2046820379.0, 3707764774.0, 1476395059.0, 1258291244.0, 3841982481.0, 2566914070.0, 436207678.0, 369098825.0, 1040187428.0, 3858759719.0, 3808428066.0, 4076863515.0, 4194304023.0, 1996488726.0, 2046820373.0, 3690987536.0, 184549394.0, 1761607733.0, 2717909125.0, 486539498.0, 4278190294.0, 1124073560.0, 1526726688.0, 3489660978.0, 2365587503.0, 4009754664.0, 553648156.0, 1593835556.0, 704643103.0, 1258291233.0, 1073741850.0, 285212706.0, 3959423011.0, 3875536928.0, 1509949463.0, 1308622870.0]",1474080220.2915766
7,0.8,9,"[{""x"": -0.12427568435668945, ""y"": 0.36978721618652344, ""z"": 0.0, ""velocity"": 0.0, ""snr"": 0.0}, {""x"": 0.09369850158691406, ""y"": 0.44274330139160156, ""z"": 0.0, ""velocity"": 0.0, ""snr"": 0.0}, {""x"": 1.0485649108886719, ""y"": 1.5914440155029297, ""z"": 0.0, ""velocity"": 0.0, ""snr"": 0.0}, {""x"": 0.2918243408203125, ""y"": 0.40018558502197266, ""z"": 0.0, ""velocity"": 0.0, ""snr"": 0.0}, {""x"": 0.3165006637573242, ""y"": 0.3992915153503418, ""z"": 0.0, ""velocity"": 0.0, ""snr"": 0.0}, {""x"": 1.6971230506896973, ""y"": 1.783311367034912, ""z"": 0.0, ""velocity"": 0.0, ""snr"": 0.0}, {""x"": 1.721799373626709, ""y"": 1.7897486686706543, ""z"": 0.0, ""velocity"": 0.0, ""snr"": 0.0}, {""x"": 1.742541790008545, ""y"": 1.7868876457214355, ""z"": 0.0, ""velocity"": 0.0, ""snr"": 0.0}, {""x"": 1.7974376678466797, ""y"": 1.7632842063903809, ""z"": 0.0, ""velocity"": 0.0, ""snr"": 0.0}]","[152081.0, 220262.0, 153150.0, 48774.0, 38696.0, 44528.0, 20906.0, 12302.0, 20474.0, 52658.0, 60769.0, 58563.0, 32849.0, 9553.0, 6085.0, 3956.0, 3326.0, 3393.0, 2525.0, 2807.0, 3507.0, 2941.0, 2237.0, 2922.0, 3544.0, 2888.0, 3314.0, 5654.0, 7933.0, 5480.0, 4551.0, 5827.0, 9250.0, 7523.0, 9007.0, 7230.0, 9809.0, 13568.0, 12241.0, 4711.0, 5687.0, 14898.0, 17029.0, 9440.0, 10660.0, 9345.0, 7182.0, 6283.0, 6326.0, 5775.0, 3913.0, 4342.0, 13608.0, 35588.0, 63822.0, 58174.0, 24065.0, 7502.0, 11511.0, 12015.0, 10685.0, 7540.0, 8195.0, 7521.0, 8350.0, 7821.0, 8810.0, 8592.0, 7241.0, 5957.0, 5552.0, 4223.0, 4949.0, 4696.0, 4913.0, 5389.0, 5449.0, 7904.0, 12630.0, 12435.0, 7403.0, 4646.0, 5153.0, 4185.0, 4777.0, 3738.0, 3390.0, 4257.0, 3606.0, 4235.0, 4453.0, 4759.0, 3947.0, 5057.0, 4726.0, 3642.0, 3705.0, 3232.0, 3199.0, 3247.0, 3242.0, 3096.0, 3550.0, 4747.0, 5751.0, 4209.0, 3328.0, 2816.0, 3352.0, 3239.0, 3399.0, 3925.0, 3117.0, 2716.0, 2535.0, 2304.0, 2213.0, 2323.0, 2685.0, 2547.0, 2316.0, 2027.0, 2541.0, 2644.0, 2389.0, 2623.0, 2603.0, 2412.0]",40380993.51557867
8,0.8,8,"[{""x"": -0.06008148193359375, ""y"": 0.3738999366760254, ""z"": 0.0, ""velocity"": 0.0, ""snr"": 0.0}, {""x"": 1.0533928871154785, ""y"": 1.5894770622253418, ""z"": 0.0, ""velocity"": 0.0, ""snr"": 0.0}, {""x"": 0.29665231704711914, ""y"": 0.405728816986084, ""z"": 0.0, ""velocity"": 0.0, ""snr"": 0.0}, {""x"": 0.3007650375366211, ""y"": 0.4105567932128906, ""z"": 0.0, ""velocity"": 0.0, ""snr"": 0.0}, {""x"": 1.6928315162658691, ""y"": 1.7886757850646973, ""z"": 0.0, ""velocity"": 0.0, ""snr"": 0.0}, {""x"": 1.701951026916504, ""y"": 1.8087029457092285, ""z"": 0.0, ""velocity"": 0.0, ""snr"": 0.0}, {""x"": 1.7296671867370605, ""y"": 1.798689365386963, ""z"": 0.0, ""velocity"": 0.0, ""snr"": 0.0}, {""x"": 1.7976164817810059, ""y"": 1.7641782760620117, ""z"": 0.0, ""velocity"": 0.0, ""snr"": 0.0}]","[152116.0, 220159.0, 153139.0, 46022.0, 17562.0, 18931.0, 12926.0, 17412.0, 29756.0, 42026.0, 41664.0, 48184.0, 29341.0, 9293.0, 6613.0, 3705.0, 3277.0, 3130.0, 2281.0, 2041.0, 3272.0, 3427.0, 2856.0, 2683.0, 3559.0, 3169.0, 3039.0, 5170.0, 7240.0, 4515.0, 4852.0, 5880.0, 8722.0, 7170.0, 9053.0, 6740.0, 9907.0, 13450.0, 11780.0, 4512.0, 5855.0, 15125.0, 17163.0, 9312.0, 10194.0, 9311.0, 6770.0, 5479.0, 5701.0, 5138.0, 4150.0, 4512.0, 13718.0, 37140.0, 67460.0, 61594.0, 24542.0, 8706.0, 11792.0, 12356.0, 11639.0, 7488.0, 6735.0, 6666.0, 8760.0, 8127.0, 9340.0, 8718.0, 6422.0, 6337.0, 5963.0, 3868.0, 3976.0, 4450.0, 5137.0, 4601.0, 5727.0, 8757.0, 12576.0, 11711.0, 7172.0, 4556.0, 4484.0, 3482.0, 4562.0, 3735.0, 3808.0, 3851.0, 3354.0, 3899.0, 4143.0, 4112.0, 4485.0, 5238.0, 4745.0, 3948.0, 3822.0, 3243.0, 3478.0, 3663.0, 4319.0, 3896.0, 3240.0, 4861.0, 7044.0, 5239.0, 3494.0, 2568.0, 3115.0, 3627.0, 3330.0, 3649.0, 3093.0, 3012.0, 3052.0, 2351.0, 2418.0, 2287.0, 2209.0, 2138.0, 2473.0, 2344.0, 2244.0, 2467.0, 2183.0, 2074.0, 2484.0, 2598.0]",39573855.62055361
9,0.8,11,"[{""x"": -0.06848573684692383, ""y"": 0.4448890686035156, ""z"": 0.0, ""velocity"": 0.0, ""snr"": 0.0}, {""x"": -0.09799003601074219, ""y"": 0.5838274955749512, ""z"": 0.0, ""velocity"": 0.0, ""snr"": 0.0}, {""x"": -0.008225440979003906, ""y"": 0.20653009414672852, ""z"": 0.0, ""velocity"": 0.0, ""snr"": 0.0}, {""x"": -0.0057220458984375, ""y"": 0.21028518676757812, ""z"": 0.0, ""velocity"": 0.0, ""snr"": 0.0}, {""x"": -0.006258487701416016, ""y"": 0.22745132446289062, ""z"": 0.0, ""velocity"": 0.0, ""snr"": 0.0}, {""x"": 0.35119056701660156, ""y"": 0.38355588912963867, ""z"": 0.0, ""velocity"": 0.0, ""snr"": 0.0}, {""x"": 1.0739564895629883, ""y"": 1.5766024589538574, ""z"": 0.0, ""velocity"": 0.0, ""snr"": 0.0}, {""x"": 1.7035603523254395, ""y"": 1.7783045768737793, ""z"": 0.0, ""velocity"": 0.0, ""snr"": 0.0}, {""x"": 1.7101764678955078, ""y"": 1.8011927604675293, ""z"": 0.0, ""velocity"": 0.0, ""snr"": 0.0}, {""x"": 1.7350316047668457, ""y"": 1.7940402030944824, ""z"": 0.0, ""velocity"": 0.0, ""snr"": 0.0}, {""x"": 1.777946949005127, ""y"": 1.7840266227722168, ""z"": 0.0, ""velocity"": 0.0, ""snr"": 0.0}]","[152153.0, 220242.0, 152649.0, 48414.0, 103276.0, 108177.0, 44073.0, 11777.0, 18968.0, 48298.0, 67831.0, 45809.0, 22671.0, 13824.0, 10276.0, 7212.0, 4267.0, 3413.0, 2954.0, 3075.0, 3642.0, 3580.0, 2678.0, 2839.0, 3721.0, 3370.0, 2991.0, 5979.0, 6504.0, 3937.0, 3944.0, 5298.0, 9025.0, 7839.0, 6894.0, 6040.0, 9308.0, 13109.0, 12607.0, 5268.0, 5473.0, 14159.0, 15965.0, 8193.0, 9641.0, 8957.0, 6282.0, 5319.0, 5823.0, 6021.0, 4379.0, 4996.0, 13954.0, 38019.0, 69003.0, 63252.0, 25781.0, 9132.0, 12840.0, 11799.0, 10423.0, 7194.0, 5825.0, 5545.0, 7929.0, 7570.0, 9045.0, 8079.0, 6961.0, 6394.0, 6097.0, 4397.0, 3865.0, 3944.0, 4663.0, 4744.0, 5685.0, 7981.0, 11731.0, 11434.0, 7023.0, 4483.0, 4224.0, 2846.0, 4334.0, 3129.0, 3789.0, 3938.0, 3914.0, 4366.0, 4728.0, 5128.0, 4924.0, 5358.0, 4749.0, 4110.0, 3634.0, 3038.0, 3358.0, 3675.0, 3937.0, 3414.0, 3341.0, 5212.0, 7050.0, 5514.0, 3335.0, 2980.0, 3069.0, 3654.0, 3263.0, 3414.0, 3065.0, 2861.0, 2808.0, 2298.0, 2484.0, 2735.0, 2329.0, 2216.0, 2369.0, 2540.0, 2404.0, 2538.0, 2337.0, 2343.0, 2482.0, 2681.0]",38782225.78136715
10,0.8,11,"[{""x"": -0.06455183029174805, ""y"": 0.44167041778564453, ""z"": 0.0, ""velocity"": 0.0, ""snr"": 0.0}, {""x"": -0.07617473602294922, ""y"": 0.5646944046020508, ""z"": 0.0, ""velocity"": 0.0, ""snr"": 0.0}, {""x"": -0.02682209014892578, ""y"": 0.4334449768066406, ""z"": 0.0, ""velocity"": 0.0, ""snr"": 0.0}, {""x"": 0.17702579498291016, ""y"": 0.4831552505493164, ""z"": 0.0, ""velocity"": 0.0, ""snr"": 0.0}, {""x"": 0.25856494903564453, ""y"": 0.44041872024536133, ""z"": 0.0, ""velocity"": 0.0, ""snr"": 0.0}, {""x"": 1.0929107666015625, ""y"": 1.5569329261779785, ""z"": 0.0, ""velocity"": 0.0, ""snr"": 0.0}, {""x"": 1.0796785354614258, ""y"": 1.5749931335449219, ""z"": 0.0, ""velocity"": 0.0, ""snr"": 0.0}, {""x"": 1.736462116241455, ""y"": 1.7459392547607422, ""z"": 0.0, ""velocity"": 0.0, ""snr"": 0.0}, {""x"": 1.7284154891967773, ""y"": 1.7834901809692383, ""z"": 0.0, ""velocity"": 0.0, ""snr"": 0.0}, {""x"": 1.7502307891845703, ""y"": 1.7791986465454102, ""z"": 0.0, ""velocity"": 0.0, ""snr"": 0.0}, {""x"": 1.7858147621154785, ""y"": 1.7752647399902344, ""z"": 0.0, ""velocity"": 0.0, ""snr"": 0.0}]","[152363.0, 220379.0, 153050.0, 48600.0, 26055.0, 25688.0, 11295.0, 9578.0, 32038.0, 75171.0, 87228.0, 57425.0, 41197.0, 16523.0, 5465.0, 3230.0, 2777.0, 2634.0, 2801.0, 2265.0, 2192.0, 2841.0, 3478.0, 3569.0, 3481.0, 3083.0, 3381.0, 5473.0, 6551.0, 5008.0, 6279.0, 5635.0, 7662.0, 6407.0, 7323.0, 5992.0, 6805.0, 9416.0, 11506.0, 5394.0, 5132.0, 14703.0, 16732.0, 8678.0, 9826.0, 9128.0, 6501.0, 5306.0, 5964.0, 5485.0, 4242.0, 4785.0, 13945.0, 37936.0, 68646.0, 62871.0, 25751.0, 8104.0, 12645.0, 11664.0, 10118.0, 7379.0, 6666.0, 5149.0, 7858.0, 7179.0, 8091.0, 7486.0, 5688.0, 6402.0, 6605.0, 4581.0, 3802.0, 5160.0, 5637.0, 5418.0, 5031.0, 6604.0, 10813.0, 11088.0, 7184.0, 5752.0, 5364.0, 3426.0, 4473.0, 4274.0, 3357.0, 3140.0, 4129.0, 4305.0, 4065.0, 4714.0, 4276.0, 4818.0, 4797.0, 4926.0, 3729.0, 2836.0, 3031.0, 3332.0, 3877.0, 4069.0, 4014.0, 5282.0, 6541.0, 5116.0, 3209.0, 2798.0, 4635.0, 5294.0, 3528.0, 3292.0, 3092.0, 3411.0, 3238.0, 2533.0, 2234.0, 2204.0, 2146.0, 2122.0, 2347.0, 2276.0, 2728.0, 2519.0, 2361.0, 2052.0, 2253.0, 2646.0]",38006474.84547813
11,0.8,11,"[{""x"": -0.027894973754882812, ""y"": 0.406801700592041, ""z"": 0.0, ""velocity"": 0.0, ""snr"": 0.0}, {""x"": -0.04684925079345703, ""y"": 0.4445314407348633, ""z"": 0.0, ""velocity"": 0.0, ""snr"": 0.0}, {""x"": -0.04971027374267578, ""y"": 0.5663037300109863, ""z"": 0.0, ""velocity"": 0.0, ""snr"": 0.0}, {""x"": -0.021278858184814453, ""y"": 0.43129920959472656, ""z"": 0.0, ""velocity"": 0.0, ""snr"": 0.0}, {""x"": 0.22369623184204102, ""y"": 0.45812129974365234, ""z"": 0.0, ""velocity"": 0.0, ""snr"": 0.0}, {""x"": 0.2818107604980469, ""y"": 0.4000067710876465, ""z"": 0.0, ""velocity"": 0.0, ""snr"": 0.0}, {""x"": 1.0818243026733398, ""y"": 1.5735626220703125, ""z"": 0.0, ""velocity"": 0.0, ""snr"": 0.0}, {""x"": 1.7285943031311035, ""y"": 1.75398588180542, ""z"": 0.0, ""velocity"": 0.0, ""snr"": 0.0}, {""x"": 1.7212629318237305, ""y"": 1.7910003662109375, ""z"": 0.0, ""velocity"": 0.0, ""snr"": 0.0}, {""x"": 1.743614673614502, ""y"": 1.7856359481811523, ""z"": 0.0, ""velocity"": 0.0, ""snr"": 0.0}, {""x"": 1.7774105072021484, ""y"": 1.783311367034912, ""z"": 0.0, ""velocity"": 0.0, ""snr"": 0.0}]","[152078.0, 220140.0, 152961.0, 46409.0, 48228.0, 49566.0, 22446.0, 16021.0, 42261.0, 97152.0, 105547.0, 63527.0, 40996.0, 16773.0, 6197.0, 3975.0, 3497.0, 2841.0, 3879.0, 2478.0, 3172.0, 3286.0, 2885.0, 3244.0, 3637.0, 2926.0, 3293.0, 5423.0, 6969.0, 6062.0, 7636.0, 6360.0, 7046.0, 6106.0, 5126.0, 4369.0, 6045.0, 9555.0, 11478.0, 5387.0, 5315.0, 14697.0, 16735.0, 8834.0, 9794.0, 8958.0, 6251.0, 5363.0, 5388.0, 5874.0, 4949.0, 4910.0, 13950.0, 37591.0, 68867.0, 63219.0, 25610.0, 8435.0, 12304.0, 11712.0, 10705.0, 7381.0, 6262.0, 5544.0, 8089.0, 6736.0, 8047.0, 7300.0, 6934.0, 5807.0, 6336.0, 4318.0, 3783.0, 4818.0, 5028.0, 4347.0, 4593.0, 6551.0, 10887.0, 11341.0, 7444.0, 5426.0, 5670.0, 3850.0, 4505.0, 4140.0, 3687.0, 4067.0, 3644.0, 3908.0, 4176.0, 4556.0, 4002.0, 4989.0, 5063.0, 4639.0, 3553.0, 3016.0, 2840.0, 3392.0, 3983.0, 4440.0, 3823.0, 4067.0, 5355.0, 5244.0, 3517.0, 2820.0, 3804.0, 4848.0, 4327.0, 3623.0, 2949.0, 3130.0, 2892.0, 2737.0, 2081.0, 2227.0, 2362.0, 2431.0, 2894.0, 2721.0, 2837.0, 2740.0, 1886.0, 2123.0, 2264.0, 2775.0]",37245873.69280404
12,0.8,12,"[{""x"": -0.2823472023010254, ""y"": 0.3876686096191406, ""z"": 0.0, ""velocity"": 0.0, ""snr"": 0.0}, {""x"": -0.25910139083862305, ""y"": 0.3903508186340332, ""z"": 0.0, ""velocity"": 0.0, ""snr"": 0.0}, {""x"": -0.056684017181396484, ""y"": 0.40394067764282227, ""z"": 0.0, ""velocity"": 0.0, ""snr"": 0.0}, {""x"": -0.02181529998779297, ""y"": 0.42700767517089844, ""z"": 0.0, ""velocity"": 0.0, ""snr"": 0.0}, {""x"": 0.2009868621826172, ""y"": 0.5064010620117188, ""z"": 0.0, ""velocity"": 0.0, ""snr"": 0.0}, {""x"": 0.24318695068359375, ""y"": 0.4534721374511719, ""z"": 0.0, ""velocity"": 0.0, ""snr"": 0.0}, {""x"": 1.1216998100280762, ""y"": 1.5352964401245117, ""z"": 0.0, ""velocity"": 0.0, ""snr"": 0.0}, {""x"": 1.1265277862548828, ""y"": 1.539766788482666, ""z"": 0.0, ""velocity"": 0.0, ""snr"": 0.0}, {""x"": 1.7216205596923828, ""y"": 1.7597079277038574, ""z"": 0.0, ""velocity"": 0.0, ""snr"": 0.0}, {""x"": 1.7344951629638672, ""y"": 1.7772316932678223, ""z"": 0.0, ""velocity"": 0.0, ""snr"": 0.0}, {""x"": 1.752912998199463, ""y"": 1.7761588096618652, ""z"": 0.0, ""velocity"": 0.0, ""snr"": 0.0}, {""x"": 1.766502857208252, ""y"": 1.7965435981750488, ""z"": 0.0, ""velocity"": 0.0, ""snr"": 0.0}]","[152034.0, 220305.0, 152725.0, 48987.0, 37881.0, 46742.0, 21633.0, 11222.0, 42323.0, 82301.0, 80301.0, 74812.0, 38298.0, 11916.0, 7305.0, 4481.0, 3129.0, 2678.0, 3216.0, 3300.0, 3582.0, 3705.0, 4137.0, 4152.0, 3912.0, 2687.0, 2781.0, 4763.0, 5267.0, 4407.0, 7222.0, 7204.0, 7507.0, 6217.0, 3663.0, 3243.0, 5394.0, 10065.0, 12091.0, 5325.0, 5197.0, 14499.0, 16193.0, 8176.0, 9486.0, 8778.0, 6137.0, 5059.0, 5149.0, 6003.0, 4602.0, 4639.0, 14415.0, 37811.0, 67603.0, 61425.0, 25010.0, 9027.0, 12699.0, 11511.0, 10347.0, 6876.0, 6359.0, 4841.0, 8321.0, 8028.0, 8792.0, 8133.0, 6772.0, 6045.0, 6049.0, 4361.0, 3650.0, 5959.0, 6358.0, 4538.0, 3838.0, 6951.0, 11011.0, 11068.0, 7058.0, 5261.0, 4745.0, 3308.0, 3689.0, 4002.0, 5106.0, 4901.0, 3558.0, 3469.0, 4076.0, 4742.0, 4527.0, 5212.0, 4818.0, 4390.0, 4417.0, 3517.0, 3259.0, 3417.0, 3749.0, 3851.0, 3279.0, 4636.0, 6984.0, 6206.0, 3873.0, 3543.0, 3794.0, 3332.0, 3641.0, 4000.0, 2705.0, 2792.0, 2747.0, 2476.0, 2324.0, 2204.0, 2275.0, 2706.0, 2894.0, 2337.0, 2416.0, 2556.0, 1973.0, 2669.0, 2998.0, 2560.0]",36500865.56926845
13,0.8,13,"[{""x"": -0.034689903259277344, ""y"": 0.20331144332885742, ""z"": 0.0, ""velocity"": 0.0, ""snr"": 0.0}, {""x"": -0.029325485229492188, ""y"": 0.40733814239501953, ""z"": 0.0, ""velocity"": 0.0, ""snr"": 0.0}, {""x"": 0.04309415817260742, ""y"": 0.4450678825378418, ""z"": 0.0, ""velocity"": 0.0, ""snr"": 0.0}, {""x"": 0.07492303848266602, ""y"": 0.4500746726989746, ""z"": 0.0, ""velocity"": 0.0, ""snr"": 0.0}, {""x"": 0.12445449829101562, ""y"": 0.4609823226928711, ""z"": 0.0, ""velocity"": 0.0, ""snr"": 0.0}, {""x"": 0.1913309097290039, ""y"": 0.47153234481811523, ""z"": 0.0, ""velocity"": 0.0, ""snr"": 0.0}, {""x"": 0.27501583099365234, ""y"": 0.47206878662109375, ""z"": 0.0, ""velocity"": 0.0, ""snr"": 0.0}, {""x"": 1.050710678100586, ""y"": 1.5859007835388184, ""z"": 0.0, ""velocity"": 0.0, ""snr"": 0.0}, {""x"": 1.0031461715698242, ""y"": 1.6227364540100098, ""z"": 0.0, ""velocity"": 0.0, ""snr"": 0.0}, {""x"": 1.7271637916564941, ""y"": 1.7548799514770508, ""z"": 0.0, ""velocity"": 0.0, ""snr"": 0.0}, {""x"": 1.722872257232666, ""y"": 1.790463924407959, ""z"": 0.0, ""velocity"": 0.0, ""snr"": 0.0}, {""x"": 1.741468906402588, ""y"": 1.790463924407959, ""z"": 0.0, ""velocity"": 0.0, ""snr"": 0.0}, {""x"": 1.764535903930664, ""y"": 1.7981529235839844, ""z"": 0.0, ""velocity"": 0.0, ""snr"": 0.0}]","[152228.0, 220105.0, 152857.0, 46838.0, 70312.0, 67571.0, 25024.0, 10104.0, 25166.0, 79449.0, 115425.0, 83357.0, 38984.0, 12751.0, 4519.0, 5061.0, 4020.0, 3942.0, 4744.0, 3792.0, 3138.0, 3327.0, 3144.0, 3652.0, 3743.0, 2714.0, 3299.0, 5979.0, 7077.0, 5329.0, 7410.0, 7270.0, 6927.0, 5361.0, 3217.0, 2967.0, 4637.0, 9237.0, 12303.0, 5351.0, 5661.0, 15006.0, 17290.0, 8347.0, 9752.0, 8402.0, 5356.0, 4974.0, 5677.0, 5511.0, 4579.0, 5123.0, 14937.0, 38916.0, 71193.0, 67390.0, 29256.0, 9074.0, 11895.0, 12361.0, 11081.0, 7254.0, 6147.0, 4656.0, 4846.0, 5789.0, 8235.0, 7200.0, 6612.0, 5849.0, 6139.0, 4625.0, 3604.0, 4509.0, 4564.0, 4221.0, 4967.0, 7238.0, 10655.0, 10161.0, 7350.0, 5707.0, 5034.0, 3898.0, 3897.0, 3517.0, 3841.0, 3825.0, 3860.0, 3926.0, 4227.0, 4713.0, 4226.0, 4559.0, 4200.0, 3821.0, 3703.0, 3189.0, 3523.0, 3302.0, 3521.0, 3721.0, 3496.0, 5490.0, 7791.0, 6383.0, 3693.0, 3933.0, 5775.0, 5152.0, 3822.0, 3819.0, 3053.0, 3120.0, 2814.0, 2301.0, 2438.0, 2392.0, 2409.0, 2169.0, 2159.0, 2229.0, 2108.0, 2573.0, 1999.0, 1843.0, 2344.0, 2301.0]",35771193.223253146
14,0.8,12,"[{""x"": -0.13965368270874023, ""y"": 0.5346536636352539, ""z"": 0.0, ""velocity"": 0.0, ""snr"": 0.0}, {""x"": -0.03272294998168945, ""y"": 0.40966272354125977, ""z"": 0.0, ""velocity"": 0.0, ""snr"": 0.0}, {""x"": 0.04220008850097656, ""y"": 0.44739246368408203, ""z"": 0.0, ""velocity"": 0.0, ""snr"": 0.0}, {""x"": 0.0674128532409668, ""y"": 0.4557967185974121, ""z"": 0.0, ""velocity"": 0.0, ""snr"": 0.0}, {""x"": 0.11301040649414062, ""y"": 0.46384334564208984, ""z"": 0.0, ""velocity"": 0.0, ""snr"": 0.0}, {""x"": 0.18864870071411133, ""y"": 0.46437978744506836, ""z"": 0.0, ""velocity"": 0.0, ""snr"": 0.0}, {""x"": 1.0528564453125, ""y"": 1.5864372253417969, ""z"": 0.0, ""velocity"": 0.0, ""snr"": 0.0}, {""x"": 1.0167360305786133, ""y"": 1.6130805015563965, ""z"": 0.0, ""velocity"": 0.0, ""snr"": 0.0}, {""x"": 1.7316341400146484, ""y"": 1.749873161315918, ""z"": 0.0, ""velocity"": 0.0, ""snr"": 0.0}, {""x"": 1.7470121383666992, ""y"": 1.7659664154052734, ""z"": 0.0, ""velocity"": 0.0, ""snr"": 0.0}, {""x"": 1.773834228515625, ""y"": 1.7575621604919434, ""z"": 0.0, ""velocity"": 0.0, ""snr"": 0.0}, {""x"": 1.8022656440734863, ""y"": 1.7597079277038574, ""z"": 0.0, ""velocity"": 0.0, ""snr"": 0.0}]","[151868.0, 220196.0, 152489.0, 43078.0, 33973.0, 31832.0, 11285.0, 10954.0, 30522.0, 96688.0, 153912.0, 116718.0, 48530.0, 16973.0, 5833.0, 5229.0, 4111.0, 3234.0, 3679.0, 4501.0, 4241.0, 3693.0, 2978.0, 3388.0, 3701.0, 3026.0, 2396.0, 4718.0, 6399.0, 5658.0, 8111.0, 8723.0, 7026.0, 5419.0, 4260.0, 3264.0, 4227.0, 8293.0, 11155.0, 5520.0, 4875.0, 14128.0, 16465.0, 7586.0, 8171.0, 7061.0, 5326.0, 5916.0, 6557.0, 6204.0, 4738.0, 5208.0, 15026.0, 38763.0, 70166.0, 65181.0, 28117.0, 8527.0, 11859.0, 11739.0, 9965.0, 7799.0, 6747.0, 5550.0, 6160.0, 6283.0, 8141.0, 7810.0, 6459.0, 4983.0, 5221.0, 3899.0, 4814.0, 5516.0, 4509.0, 3920.0, 5231.0, 8245.0, 11782.0, 11388.0, 7665.0, 5297.0, 5285.0, 4323.0, 4713.0, 4129.0, 3743.0, 3663.0, 4032.0, 3918.0, 4136.0, 5069.0, 4785.0, 5069.0, 4392.0, 3824.0, 3396.0, 2904.0, 2867.0, 3227.0, 3465.0, 3496.0, 3411.0, 4810.0, 6096.0, 4300.0, 2883.0, 3139.0, 4214.0, 4246.0, 3261.0, 3959.0, 3247.0, 3085.0, 3172.0, 2552.0, 2441.0, 2261.0, 2232.0, 2280.0, 2262.0, 2477.0, 2479.0, 2368.0, 1780.0, 1896.0, 1928.0, 2507.0]",35055768.59690504
0,0.8,11,"[{""x"": -0.16576051712036133, ""y"": 0.544130802154541, ""z"": 0.0, ""velocity"": 0.0, ""snr"": 0.0}, {""x"": -0.00017881393432617188, ""y"": 0.44667720794677734, ""z"": 0.0, ""velocity"": 0.0, ""snr"": 0.0}, {""x"": 0.013232231140136719, ""y"": 0.45543909072875977, ""z"": 0.0, ""velocity"": 0.0, ""snr"": 0.0}, {""x"": 0.10567903518676758, ""y"": 0.4711747169494629, ""z"": 0.0, ""velocity"": 0.0, ""snr"": 0.0}, {""x"": 0.19598007202148438, ""y"": 0.46813488006591797, ""z"": 0.0, ""velocity"": 0.0, ""snr"": 0.0}, {""x"": 1.0596513748168945, ""y"": 1.5848278999328613, ""z"": 0.0, ""velocity"": 0.0, ""snr"": 0.0}, {""x"": 1.0879039764404297, ""y"": 1.560509204864502, ""z"": 0.0, ""velocity"": 0.0, ""snr"": 0.0}, {""x"": 1.7339587211608887, ""y"": 1.7475485801696777, ""z"": 0.0, ""velocity"": 0.0, ""snr"": 0.0}, {""x"": 1.7403960227966309, ""y"": 1.7732977867126465, ""z"": 0.0, ""velocity"": 0.0, ""snr"": 0.0}, {""x"": 1.7555952072143555, ""y"": 1.7765164375305176, ""z"": 0.0, ""velocity"": 0.0, ""snr"": 0.0}, {""x"": 1.7788410186767578, ""y"": 1.783132553100586, ""z"": 0.0, ""velocity"": 0.0, ""snr"": 0.0}]","[152283.0, 220253.0, 152591.0, 49740.0, 49698.0, 44354.0, 16104.0, 11877.0, 30103.0, 102178.0, 148263.0, 100629.0, 53963.0, 13589.0, 7826.0, 4677.0, 3429.0, 2535.0, 2695.0, 3366.0, 3002.0, 2530.0, 2641.0, 3396.0, 3657.0, 2790.0, 3044.0, 5361.0, 6859.0, 6155.0, 8494.0, 7949.0, 6964.0, 5499.0, 4897.0, 4108.0, 4049.0, 8160.0, 10836.0, 5102.0, 4822.0, 13974.0, 15963.0, 8039.0, 9455.0, 7813.0, 6134.0, 6105.0, 6532.0, 6166.0, 4440.0, 5521.0, 15167.0, 38422.0, 70300.0, 66270.0, 28827.0, 8340.0, 11065.0, 11152.0, 10066.0, 7937.0, 7287.0, 5131.0, 6886.0, 5636.0, 7664.0, 7236.0, 5587.0, 5131.0, 5413.0, 5009.0, 4891.0, 5576.0, 5192.0, 4540.0, 6039.0, 8034.0, 11780.0, 11089.0, 6638.0, 5510.0, 5160.0, 4023.0, 4746.0, 3587.0, 3663.0, 3826.0, 3712.0, 4318.0, 4471.0, 4862.0, 3974.0, 5025.0, 4871.0, 4346.0, 3496.0, 2707.0, 3037.0, 3454.0, 4070.0, 3645.0, 3264.0, 4410.0, 6201.0, 5052.0, 3562.0, 2672.0, 3897.0, 4668.0, 3736.0, 3985.0, 3647.0, 2784.0, 2894.0, 2340.0, 2049.0, 2187.0, 2204.0, 2206.0, 2656.0, 2659.0, 2495.0, 2456.0, 1819.0, 2262.0, 2255.0, 2375.0]",34354572.636310175
1,0.8,11,"[{""x"": -0.03218650817871094, ""y"": 0.4393458366394043, ""z"": 0.0, ""velocity"": 0.0, ""snr"": 0.0}, {""x"": -0.02968311309814453, ""y"": 0.4534721374511719, ""z"": 0.0, ""velocity"": 0.0, ""snr"": 0.0}, {""x"": -0.04667043685913086, ""y"": 0.6251335144042969, ""z"": 0.0, ""velocity"": 0.0, ""snr"": 0.0}, {""x"": 0.0997781753540039, ""y"": 0.5578994750976562, ""z"": 0.0, ""velocity"": 0.0, ""snr"": 0.0}, {""x"": 0.23496150970458984, ""y"": 0.45812129974365234, ""z"": 0.0, ""velocity"": 0.0, ""snr"": 0.0}, {""x"": 1.0687708854675293, ""y"": 1.575171947479248, ""z"": 0.0, ""velocity"": 0.0, ""snr"": 0.0}, {""x"": 1.0752081871032715, ""y"": 1.576066017150879, ""z"": 0.0, ""velocity"": 0.0, ""snr"": 0.0}, {""x"": 1.7039179801940918, ""y"": 1.777052879333496, ""z"": 0.0, ""velocity"": 0.0, ""snr"": 0.0}, {""x"": 1.735389232635498, ""y"": 1.7788410186767578, ""z"": 0.0, ""velocity"": 0.0, ""snr"": 0.0}, {""x"": 1.741647720336914, ""y"": 1.7906427383422852, ""z"": 0.0, ""velocity"": 0.0, ""snr"": 0.0}, {""x"": 1.7679333686828613, ""y"": 1.7931461334228516, ""z"": 0.0, ""velocity"": 0.0, ""snr"": 0.0}]","[152095.0, 220261.0, 152987.0, 45626.0, 24691.0, 26489.0, 11660.0, 17368.0, 37373.0, 90783.0, 128904.0, 83464.0, 44685.0, 19689.0, 12939.0, 7163.0, 3449.0, 2682.0, 2708.0, 2468.0, 2643.0, 2790.0, 3088.0, 3766.0, 4098.0, 3740.0, 3162.0, 5220.0, 6300.0, 5822.0, 6722.0, 5577.0, 6115.0, 5302.0, 6577.0, 4968.0, 3894.0, 8174.0, 11012.0, 5192.0, 4792.0, 14229.0, 16418.0, 8034.0, 9589.0, 7997.0, 6214.0, 5839.0, 5825.0, 5735.0, 4634.0, 6083.0, 15014.0, 37518.0, 69357.0, 66080.0, 28860.0, 8036.0, 11193.0, 11214.0, 9952.0, 8115.0, 8689.0, 5121.0, 7258.0, 6248.0, 8640.0, 8079.0, 6264.0, 5979.0, 5564.0, 5216.0, 4319.0, 5164.0, 5174.0, 4415.0, 6143.0, 8704.0, 12020.0, 11203.0, 6572.0, 4242.0, 4139.0, 3455.0, 4550.0, 3366.0, 3825.0, 4391.0, 4283.0, 4727.0, 4085.0, 3960.0, 4157.0, 5065.0, 4834.0, 3991.0, 3834.0, 2975.0, 3551.0, 3396.0, 3479.0, 3291.0, 3197.0, 4233.0, 6142.0, 5312.0, 3536.0, 2751.0, 4395.0, 4809.0, 3518.0, 3779.0, 3520.0, 3173.0, 2532.0, 2156.0, 2245.0, 2502.0, 2334.0, 2170.0, 2844.0, 2547.0, 2567.0, 2441.0, 2118.0, 2030.0, 2373.0, 2326.0]",33667582.967424646
2,0.8,12,"[{""x"": -0.07975101470947266, ""y"": 0.41037797927856445, ""z"": 0.0, ""velocity"": 0.0, ""snr"": 0.0}, {""x"": -0.08940696716308594, ""y"": 0.4305839538574219, ""z"": 0.0, ""velocity"": 0.0, ""snr"": 0.0}, {""x"": -0.09316205978393555, ""y"": 0.4456043243408203, ""z"": 0.0, ""velocity"": 0.0, ""snr"": 0.0}, {""x"": -0.07510185241699219, ""y"": 0.4717111587524414, ""z"": 0.0, ""velocity"": 0.0, ""snr"": 0.0}, {""x"": -0.03540515899658203, ""y"": 0.5062222480773926, ""z"": 0.0, ""velocity"": 0.0, ""snr"": 0.0}, {""x"": -0.09906291961669922, ""y"": 1.5537142753601074, ""z"": 0.0, ""velocity"": 0.0, ""snr"": 0.0}, {""x"": -0.025928020477294922, ""y"": 0.5468130111694336, ""z"": 0.0, ""velocity"": 0.0, ""snr"": 0.0}, {""x"": 1.134037971496582, ""y"": 1.5336871147155762, ""z"": 0.0, ""velocity"": 0.0, ""snr"": 0.0}, {""x"": 1.6922950744628906, ""y"": 1.7892122268676758, ""z"": 0.0, ""velocity"": 0.0, ""snr"": 0.0}, {""x"": 1.719653606414795, ""y"": 1.794576644897461, ""z"": 0.0, ""velocity"": 0.0, ""snr"": 0.0}, {""x"": 1.7266273498535156, ""y"": 1.806020736694336, ""z"": 0.0, ""velocity"": 0.0, ""snr"": 0.0}, {""x"": 1.753091812133789, ""y"": 1.80816650390625, ""z"": 0.0, ""velocity"": 0.0, ""snr"": 0.0}]","[152090.0, 220451.0, 153335.0, 49126.0, 17906.0, 9225.0, 5038.0, 9456.0, 50301.0, 135427.0, 175897.0, 125421.0, 57759.0, 19863.0, 7316.0, 4246.0, 3266.0, 2740.0, 2678.0, 2640.0, 2901.0, 3127.0, 2742.0, 3846.0, 3721.0, 2656.0, 3082.0, 5071.0, 6654.0, 5590.0, 5360.0, 5072.0, 6682.0, 7487.0, 9963.0, 7144.0, 4205.0, 9856.0, 12624.0, 5586.0, 5245.0, 14234.0, 16201.0, 7731.0, 8492.0, 7876.0, 6411.0, 6379.0, 6170.0, 5734.0, 4127.0, 5503.0, 14479.0, 38479.0, 71298.0, 68692.0, 30592.0, 8300.0, 11819.0, 11331.0, 10286.0, 7484.0, 8816.0, 5894.0, 9357.0, 8666.0, 10588.0, 9793.0, 8897.0, 7489.0, 6265.0, 5387.0, 5181.0, 4601.0, 4673.0, 4935.0, 5542.0, 7617.0, 11340.0, 10719.0, 6691.0, 4549.0, 4774.0, 4365.0, 4901.0, 4014.0, 3977.0, 4071.0, 3890.0, 4580.0, 4013.0, 4256.0, 4135.0, 5082.0, 4496.0, 4143.0, 3684.0, 3390.0, 2899.0, 3215.0, 3667.0, 3569.0, 2951.0, 3451.0, 5005.0, 4544.0, 2618.0, 2754.0, 4185.0, 3958.0, 3936.0, 4113.0, 3404.0, 3072.0, 2693.0, 2361.0, 2530.0, 2451.0, 2299.0, 2503.0, 2653.0, 2442.0, 2428.0, 2361.0, 1935.0, 2188.0, 2372.0, 2538.0]",32993897.870494105
3,0.8,12,"[{""x"": -0.08600950241088867, ""y"": 0.43845176696777344, ""z"": 0.0, ""velocity"": 0.0, ""snr"": 0.0}, {""x"": -0.06276369094848633, ""y"": 0.43648481369018555, ""z"": 0.0, ""velocity"": 0.0, ""snr"": 0.0}, {""x"": -0.15109777450561523, ""y"": 1.5504956245422363, ""z"": 0.0, ""velocity"": 0.0, ""snr"": 0.0}, {""x"": 0.024139881134033203, ""y"": 0.5562901496887207, ""z"": 0.0, ""velocity"": 0.0, ""snr"": 0.0}, {""x"": 0.09906291961669922, ""y"": 0.5140900611877441, ""z"": 0.0, ""velocity"": 0.0, ""snr"": 0.0}, {""x"": 0.1995563507080078, ""y"": 0.4627704620361328, ""z"": 0.0, ""velocity"": 0.0, ""snr"": 0.0}, {""x"": 1.095592975616455, ""y"": 1.5558600425720215, ""z"": 0.0, ""velocity"": 0.0, ""snr"": 0.0}, {""x"": 1.092374324798584, ""y"": 1.5644431114196777, ""z"": 0.0, ""velocity"": 0.0, ""snr"": 0.0}, {""x"": 1.6928315162658691, ""y"": 1.8194317817687988, ""z"": 0.0, ""velocity"": 0.0, ""snr"": 0.0}, {""x"": 1.7042756080627441, ""y"": 1.825869083404541, ""z"": 0.0, ""velocity"": 0.0, ""snr"": 0.0}, {""x"": 1.714468002319336, ""y"": 1.84553861618042, ""z"": 0.0, ""velocity"": 0.0, ""snr"": 0.0}, {""x"": 1.7142891883850098, ""y"": 1.7682909965515137, ""z"": 0.0, ""velocity"": 0.0, ""snr"": 0.0}]","[152003.0, 220013.0, 152964.0, 47453.0, 29218.0, 21878.0, 6988.0, 2967.0, 21063.0, 75334.0, 87731.0, 48389.0, 39570.0, 15876.0, 9099.0, 8151.0, 3302.0, 2838.0, 2883.0, 3092.0, 2952.0, 2593.0, 3109.0, 3744.0, 4094.0, 3474.0, 3115.0, 4620.0, 6448.0, 5818.0, 5932.0, 4549.0, 6904.0, 7215.0, 10138.0, 7260.0, 4324.0, 9517.0, 12976.0, 6337.0, 4900.0, 14617.0, 16671.0, 7720.0, 8129.0, 8391.0, 6388.0, 6087.0, 5863.0, 5698.0, 4736.0, 5211.0, 14693.0, 39754.0, 73812.0, 69825.0, 30294.0, 9311.0, 13221.0, 12113.0, 10380.0, 7834.0, 8383.0, 5545.0, 9572.0, 8961.0, 9894.0, 10046.0, 8762.0, 6601.0, 7172.0, 4892.0, 4473.0, 4973.0, 5709.0, 5851.0, 6284.0, 7723.0, 11206.0, 10456.0, 6591.0, 5999.0, 5161.0, 3271.0, 4573.0, 3323.0, 4094.0, 3901.0, 3832.0, 4467.0, 4466.0, 4667.0, 4469.0, 5163.0, 4721.0, 3782.0, 3517.0, 3246.0, 3569.0, 4506.0, 4902.0, 4364.0, 3770.0, 5192.0, 6597.0, 5655.0, 3220.0, 3088.0, 3999.0, 4746.0, 3990.0, 3712.0, 3158.0, 2953.0, 2774.0, 2739.0, 3063.0, 2545.0, 2554.0, 2677.0, 3143.0, 2377.0, 2245.0, 2271.0, 2154.0, 2082.0, 2142.0, 2317.0]",32334405.53243734
4,0.8,9,"[{""x"": 0.0559687614440918, ""y"": 0.4380941390991211, ""z"": 0.0, ""velocity"": 0.0, ""snr"": 0.0}, {""x"": 0.08994340896606445, ""y"": 0.4538297653198242, ""z"": 0.0, ""velocity"": 0.0, ""snr"": 0.0}, {""x"": 0.2040266990661621, ""y"": 0.4495382308959961, ""z"": 0.0, ""velocity"": 0.0, ""snr"": 0.0}, {""x"": 0.25784969329833984, ""y"": 0.4456043243408203, ""z"": 0.0, ""velocity"": 0.0, ""snr"": 0.0}, {""x"": 1.0426640510559082, ""y"": 1.5971660614013672, ""z"": 0.0, ""velocity"": 0.0, ""snr"": 0.0}, {""x"": 1.6912221908569336, ""y"": 1.819610595703125, ""z"": 0.0, ""velocity"": 0.0, ""snr"": 0.0}, {""x"": 1.7101764678955078, ""y"": 1.819610595703125, ""z"": 0.0, ""velocity"": 0.0, ""snr"": 0.0}, {""x"": 1.7121434211730957, ""y"": 1.7688274383544922, ""z"": 0.0, ""velocity"": 0.0, ""snr"": 0.0}, {""x"": 1.7580986022949219, ""y"": 1.8047690391540527, ""z"": 0.0, ""velocity"": 0.0, ""snr"": 0.0}]","[152219.0, 220336.0, 152736.0, 47791.0, 43536.0, 37084.0, 13474.0, 4456.0, 17253.0, 56767.0, 71548.0, 68010.0, 44992.0, 13519.0, 9481.0, 8702.0, 5685.0, 3450.0, 2761.0, 3380.0, 3496.0, 2243.0, 2962.0, 4054.0, 4095.0, 3436.0, 2666.0, 5397.0, 7451.0, 5464.0, 4110.0, 5916.0, 10091.0, 7721.0, 9498.0, 7175.0, 4980.0, 9801.0, 13341.0, 6131.0, 4788.0, 14500.0, 16916.0, 7538.0, 8729.0, 7992.0, 6169.0, 6431.0, 6410.0, 6171.0, 4389.0, 5074.0, 15142.0, 40919.0, 72963.0, 68172.0, 29655.0, 9376.0, 13009.0, 11593.0, 9741.0, 7393.0, 6658.0, 4243.0, 8173.0, 7690.0, 10784.0, 8910.0, 7311.0, 7509.0, 6102.0, 5106.0, 5017.0, 5524.0, 4853.0, 4858.0, 5443.0, 7787.0, 11375.0, 10773.0, 7224.0, 5521.0, 4964.0, 3995.0, 4082.0, 3061.0, 4260.0, 4143.0, 3151.0, 3780.0, 4388.0, 4932.0, 4663.0, 5442.0, 4829.0, 3823.0, 3340.0, 2653.0, 3027.0, 3278.0, 3644.0, 3664.0, 3605.0, 4503.0, 6814.0, 5549.0, 3492.0, 3516.0, 3968.0, 4473.0, 3256.0, 3807.0, 3662.0, 3027.0, 2413.0, 2519.0, 2606.0, 2397.0, 2012.0, 2142.0, 2874.0, 2664.0, 2189.0, 2395.0, 2025.0, 2515.0, 2225.0, 2624.0]",31687493.01853761
5,0.8,11,"[{""x"": -0.12320280075073242, ""y"": 0.42879581451416016, ""z"": 0.0, ""velocity"": 0.0, ""snr"": 0.0}, {""x"": -0.06401538848876953, ""y"": 0.4616975784301758, ""z"": 0.0, ""velocity"": 0.0, ""snr"": 0.0}, {""x"": -0.043272972106933594, ""y"": 0.47457218170166016, ""z"": 0.0, ""velocity"": 0.0, ""snr"": 0.0}, {""x"": -0.14019012451171875, ""y"": 1.5601515769958496, ""z"": 0.0, ""velocity"": 0.0, ""snr"": 0.0}, {""x"": 0.22208690643310547, ""y"": 0.5005002021789551, ""z"": 0.0, ""velocity"": 0.0, ""snr"": 0.0}, {""x"": 0.23692846298217773, ""y"": 0.4679560661315918, ""z"": 0.0, ""velocity"": 0.0, ""snr"": 0.0}, {""x"": 1.0880827903747559, ""y"": 1.5676617622375488, ""z"": 0.0, ""velocity"": 0.0, ""snr"": 0.0}, {""x"": 1.6788840293884277, ""y"": 1.8305182456970215, ""z"": 0.0, ""velocity"": 0.0, ""snr"": 0.0}, {""x"": 1.6976594924926758, ""y"": 1.8308758735656738, ""z"": 0.0, ""velocity"": 0.0, ""snr"": 0.0}, {""x"": 1.7184019088745117, ""y"": 1.8428564071655273, ""z"": 0.0, ""velocity"": 0.0, ""snr"": 0.0}, {""x"": 1.6996264457702637, ""y"": 1.7806291580200195, ""z"": 0.0, ""velocity"": 0.0, ""snr"": 0.0}]","[152421.0, 220343.0, 152768.0, 47348.0, 20579.0, 26969.0, 14002.0, 5167.0, 14403.0, 39258.0, 67226.0, 53281.0, 41946.0, 15139.0, 5492.0, 3831.0, 3439.0, 3177.0, 2765.0, 3139.0, 2441.0, 2117.0, 2461.0, 3654.0, 4160.0, 3366.0, 3479.0, 5801.0, 6591.0, 4997.0, 4476.0, 5545.0, 9655.0, 7366.0, 10676.0, 8769.0, 4030.0, 9765.0, 12345.0, 5674.0, 5227.0, 14135.0, 16201.0, 7586.0, 8444.0, 8225.0, 6403.0, 5902.0, 6070.0, 6220.0, 4543.0, 4713.0, 15302.0, 40933.0, 73198.0, 67981.0, 28875.0, 9695.0, 13510.0, 11812.0, 9606.0, 6806.0, 6131.0, 5717.0, 6332.0, 7862.0, 10307.0, 9533.0, 7300.0, 7607.0, 6848.0, 3955.0, 4121.0, 4241.0, 4013.0, 3707.0, 4364.0, 6735.0, 11069.0, 10921.0, 7414.0, 4420.0, 4213.0, 3080.0, 3456.0, 2950.0, 4240.0, 4308.0, 4053.0, 4019.0, 4453.0, 4757.0, 4928.0, 5355.0, 4937.0, 3732.0, 3118.0, 2916.0, 3072.0, 3773.0, 4566.0, 4489.0, 3300.0, 5488.0, 7648.0, 5375.0, 2668.0, 2982.0, 3286.0, 3894.0, 3971.0, 3996.0, 3325.0, 2946.0, 3002.0, 2523.0, 2369.0, 2400.0, 2139.0, 2338.0, 2574.0, 2461.0, 2418.0, 2540.0, 2071.0, 2133.0, 2166.0, 2261.0]",31054303.21106286
6,0.8,12,"[{""x"": -0.052034854888916016, ""y"": 0.41878223419189453, ""z"": 0.0, ""velocity"": 0.0, ""snr"": 0.0}, {""x"": -0.04202127456665039, ""y"": 0.4329085350036621, ""z"": 0.0, ""velocity"": 0.0, ""snr"": 0.0}, {""x"": -0.022351741790771484, ""y"": 0.4425644874572754, ""z"": 0.0, ""velocity"": 0.0, ""snr"": 0.0}, {""x"": -0.001430511474609375, ""y"": 0.5600452423095703, ""z"": 0.0, ""velocity"": 0.0, ""snr"": 0.0}, {""x"": 0.02950429916381836, ""y"": 0.4674196243286133, ""z"": 0.0, ""velocity"": 0.0, ""snr"": 0.0}, {""x"": 0.10585784912109375, ""y"": 0.4997849464416504, ""z"": 0.0, ""velocity"": 0.0, ""snr"": 0.0}, {""x"": 0.32508373260498047, ""y"": 0.4032254219055176, ""z"": 0.0, ""velocity"": 0.0, ""snr"": 0.0}, {""x"": 1.0884404182434082, ""y"": 1.5685558319091797, ""z"": 0.0, ""velocity"": 0.0, ""snr"": 0.0}, {""x"": 1.68532133102417, ""y"": 1.8242597579956055, ""z"": 0.0, ""velocity"": 0.0, ""snr"": 0.0}, {""x"": 1.7110705375671387, ""y"": 1.8178224563598633, ""z"": 0.0, ""velocity"": 0.0, ""snr"": 0.0}, {""x"": 1.725912094116211, ""y"": 1.8355250358581543, ""z"": 0.0, ""velocity"": 0.0, ""snr"": 0.0}, {""x"": 1.6940832138061523, ""y"": 1.7859935760498047, ""z"": 0.0, ""velocity"": 0.0, ""snr"": 0.0}]","[152099.0, 220172.0, 152706.0, 47612.0, 29257.0, 33351.0, 16353.0, 5170.0, 64404.0, 176348.0, 188948.0, 89145.0, 37827.0, 18127.0, 7787.0, 3338666005.0, 3875536916.0, 2634022927.0, 1325400076.0, 2264924170.0, 2348810253.0, 201326606.0, 3271557134.0, 3187671052.0, 3338665996.0, 352321555.0, 285212699.0, 1795162131.0, 1744830477.0, 2483027981.0, 3892314125.0, 4160749582.0, 2298478606.0, 3674210321.0, 1258291212.0, 117440523.0, 1207959562.0, 3254779913.0, 2801795083.0, 3472883722.0, 1895825416.0, 2566914057.0, 2231369737.0, 889192457.0, 4060086282.0, 134217738.0, 553648136.0, 2181038087.0, 2583691272.0, 8.0, 0.0, 0.0, 0.0, 0.0, 67174912.0, 134546947.0, 84082695.0, 188421.0, 174338560.0, 50176.0, 0.0, 3328.0, 512.0, 4294967040.0, 77311.0, 38400.0, 998244352.0, 3201903929.0, 2147483705.0, 2147483710.0, 3391.0, 3421246976.0, 24.0, 558184448.0, 1720303.0, 973078528.0, 33326404.0, 12.0, 3057992192.0, 647168.0, 2063597568.0, 33596997.0, 10.0, 2487521024.0, 662273.0, 2181038080.0, 520225604.0, 9.0, 2269526784.0, 664068.0, 1761607680.0, 3088525378.0, 34.0, 3376886272.0, 2566692.0, 922746880.0, 2837773389.0, 39.0, 4132130816.0, 2630948.0, 1442840576.0, 3408203337.0, 40.0, 776485888.0, 1.0, 1224736770.0, 1610613331.0, 419431260.0, 100663894.0, 3137339574.0, 1308623105.0, 2701132044.0, 4076863605.0, 503316491.0, 3942645830.0, 2533359984.0, 771752535.0, 2197815688.0, 1124073632.0, 402653258.0, 2147483674.0, 3355443213.0, 3003121677.0, 654311438.0, 2617245712.0, 2281701390.0, 872415246.0, 1375731722.0]",1319787370.8528945
7,0.8,13,"[{""x"": -0.9053349494934082, ""y"": 1.1426210403442383, ""z"": 0.0, ""velocity"": 0.0, ""snr"": 0.0}, {""x"": -0.7721185684204102, ""y"": 1.2028813362121582, ""z"": 0.0, ""velocity"": 0.0, ""snr"": 0.0}, {""x"": -0.21779537200927734, ""y"": 0.537872314453125, ""z"": 0.0, ""velocity"": 0.0, ""snr"": 0.0}, {""x"": -0.17023086547851562, ""y"": 1.5805363655090332, ""z"": 0.0, ""velocity"": 0.0, ""snr"": 0.0}, {""x"": 0.02574920654296875, ""y"": 0.45686960220336914, ""z"": 0.0, ""velocity"": 0.0, ""snr"": 0.0}, {""x"": 0.011086463928222656, ""y"": 0.46366453170776367, ""z"": 0.0, ""velocity"": 0.0, ""snr"": 0.0}, {""x"": 0.027179718017578125, ""y"": 0.46634674072265625, ""z"": 0.0, ""velocity"": 0.0, ""snr"": 0.0}, {""x"": -0.07277727127075195, ""y"": 1.5614032745361328, ""z"": 0.0, ""velocity"": 0.0, ""snr"": 0.0}, {""x"": 0.22047758102416992, ""y"": 0.4595518112182617, ""z"": 0.0, ""velocity"": 0.0, ""snr"": 0.0}, {""x"": 1.6794204711914062, ""y"": 1.7970800399780273, ""z"": 0.0, ""velocity"": 0.0, ""snr"": 0.0}, {""x"": 1.6960501670837402, ""y"": 1.8121004104614258, ""z"": 0.0, ""velocity"": 0.0, ""snr"": 0.0}, {""x"": 1.7053484916687012, ""y"": 1.8240809440612793, ""z"": 0.0, ""velocity"": 0.0, ""snr"": 0.0}, {""x"": 1.7398595809936523, ""y"": 1.825869083404541, ""z"": 0.0, ""velocity"": 0.0, ""snr"": 0.0}]","[152155.0, 220017.0, 152598.0, 46096.0, 61198.0, 68081.0, 31198.0, 5479.0, 13723.0, 71371.0, 138924.0, 94487.0, 37455.0, 17346.0, 8608.0, 5464.0, 4133.0, 3833.0, 4105.0, 2970.0, 2819.0, 3163.0, 2582.0, 2996.0, 2906.0, 4073.0, 5202.0, 4802.0, 4217.0, 3447.0, 8942.0, 13338.0, 14410.0, 9817.0, 14387.0, 11879.0, 9327.0, 13640.0, 15201.0, 5188.0, 6911.0, 13435.0, 14831.0, 8099.0, 7716.0, 7574.0, 6689.0, 6187.0, 5657.0, 5480.0, 6352.0, 6100.0, 13337.0, 34424.0, 57318.0, 52628.0, 23293.0, 8748.0, 12070.0, 11383.0, 10828.0, 8263.0, 7946.0, 6644.0, 5798.0, 7165.0, 8820.0, 8276.0, 7944.0, 5614.0, 4328.0, 4682.0, 4405.0, 4357.0, 4107.0, 3983.0, 4430.0, 8342.0, 12128.0, 11025.0, 6552.0, 4279.0, 4031.0, 3072.0, 4163.0, 3551.0, 3419.0, 4187.0, 3433.0, 3936.0, 3531.0, 4920.0, 4888.0, 4746.0, 4983.0, 3956.0, 3758.0, 3215.0, 2951.0, 3597.0, 4066.0, 3892.0, 2794.0, 4361.0, 6413.0, 4614.0, 2814.0, 3231.0, 4832.0, 5564.0, 3936.0, 3766.0, 3152.0, 3078.0, 3201.0, 2517.0, 2253.0, 2545.0, 2109.0, 2227.0, 2446.0, 2405.0, 2587.0, 2588.0, 1997.0, 1935.0, 2020.0, 2474.0]",56488262.88887918
8,0.8,14,"[{""x"": -0.9362697601318359, ""y"": 1.118302345275879, ""z"": 0.0, ""velocity"": 0.0, ""snr"": 0.0}, {""x"": -0.7828474044799805, ""y"": 1.1991262435913086, ""z"": 0.0, ""velocity"": 0.0, ""snr"": 0.0}, {""x"": -0.20956993103027344, ""y"": 0.4926323890686035, ""z"": 0.0, ""velocity"": 0.0, ""snr"": 0.0}, {""x"": -0.18525123596191406, ""y"": 0.5403757095336914, ""z"": 0.0, ""velocity"": 0.0, ""snr"": 0.0}, {""x"": -0.16683340072631836, ""y"": 0.5781054496765137, ""z"": 0.0, ""velocity"": 0.0, ""snr"": 0.0}, {""x"": -0.11104345321655273, ""y"": 1.5617609024047852, ""z"": 0.0, ""velocity"": 0.0, ""snr"": 0.0}, {""x"": -0.1589655876159668, ""y"": 1.581251621246338, ""z"": 0.0, ""velocity"": 0.0, ""snr"": 0.0}, {""x"": 0.022172927856445312, ""y"": 0.44846534729003906, ""z"": 0.0, ""velocity"": 0.0, ""snr"": 0.0}, {""x"": 0.005543231964111328, ""y"": 0.45758485794067383, ""z"": 0.0, ""velocity"": 0.0, ""snr"": 0.0}, {""x"": -0.014483928680419922, ""y"": 0.4699230194091797, ""z"": 0.0, ""velocity"": 0.0, ""snr"": 0.0}, {""x"": 1.6788840293884277, ""y"": 1.7974376678466797, ""z"": 0.0, ""velocity"": 0.0, ""snr"": 0.0}, {""x"": 1.6937255859375, ""y"": 1.814424991607666, ""z"": 0.0, ""velocity"": 0.0, ""snr"": 0.0}, {""x"": 1.6940832138061523, ""y"": 1.8346309661865234, ""z"": 0.0, ""velocity"": 0.0, ""snr"": 0.0}, {""x"": 1.7482638359069824, ""y"": 1.8180012702941895, ""z"": 0.0, ""velocity"": 0.0, ""snr"": 0.0}]","[152342.0, 220335.0, 152903.0, 49213.0, 46977.0, 51616.0, 24661.0, 4008.0, 19384.0, 75021.0, 116939.0, 74681.0, 30968.0, 24399.0, 11604.0, 4465.0, 2884.0, 2931.0, 3799.0, 3098.0, 3243.0, 3143.0, 2217.0, 3492.0, 3692.0, 3755.0, 4358.0, 4064.0, 4164.0, 2862.0, 8217.0, 13523.0, 15230.0, 10367.0, 14884.0, 12394.0, 9195.0, 13590.0, 15446.0, 5575.0, 5783.0, 13170.0, 14981.0, 7953.0, 7378.0, 7476.0, 6014.0, 5551.0, 5560.0, 5457.0, 6228.0, 6302.0, 13849.0, 34665.0, 58114.0, 53395.0, 23753.0, 8882.0, 11884.0, 11536.0, 10562.0, 7816.0, 7261.0, 6747.0, 7004.0, 6106.0, 8134.0, 7177.0, 7088.0, 4875.0, 4818.0, 5058.0, 4434.0, 4264.0, 4210.0, 3458.0, 4872.0, 8020.0, 11442.0, 10479.0, 6091.0, 4163.0, 3855.0, 2906.0, 3822.0, 3958.0, 4513.0, 4493.0, 3404.0, 3424.0, 3990.0, 5208.0, 4983.0, 4892.0, 5016.0, 3828.0, 3281.0, 3374.0, 3797.0, 3653.0, 3748.0, 3569.0, 3004.0, 4296.0, 6378.0, 4586.0, 2947.0, 2902.0, 4275.0, 4708.0, 3584.0, 3765.0, 2779.0, 2999.0, 3195.0, 2413.0, 2074.0, 2369.0, 2305.0, 2282.0, 2627.0, 2574.0, 2389.0, 2492.0, 2041.0, 1916.0, 2140.0, 2480.0]",55358603.631368235
9,0.8,14,"[{""x"": -0.921785831451416, ""y"": 1.131892204284668, ""z"": 0.0, ""velocity"": 0.0, ""snr"": 0.0}, {""x"": -0.7658600807189941, ""y"": 1.2148618698120117, ""z"": 0.0, ""velocity"": 0.0, ""snr"": 0.0}, {""x"": -0.15914440155029297, ""y"": 0.40090084075927734, ""z"": 0.0, ""velocity"": 0.0, ""snr"": 0.0}, {""x"": -0.171661376953125, ""y"": 0.4334449768066406, ""z"": 0.0, ""velocity"": 0.0, ""snr"": 0.0}, {""x"": -0.16576051712036133, ""y"": 0.4749298095703125, ""z"": 0.0, ""velocity"": 0.0, ""snr"": 0.0}, {""x"": -0.16289949417114258, ""y"": 0.5060434341430664, ""z"": 0.0, ""velocity"": 0.0, ""snr"": 0.0}, {""x"": -0.16951560974121094, ""y"": 0.5348324775695801, ""z"": 0.0, ""velocity"": 0.0, ""snr"": 0.0}, {""x"": -0.08314847946166992, ""y"": 0.6033182144165039, ""z"": 0.0, ""velocity"": 0.0, ""snr"": 0.0}, {""x"": -0.10907649993896484, ""y"": 1.5660524368286133, ""z"": 0.0, ""velocity"": 0.0, ""snr"": 0.0}, {""x"": -0.15681982040405273, ""y"": 1.5787482261657715, ""z"": 0.0, ""velocity"": 0.0, ""snr"": 0.0}, {""x"": 1.6731619834899902, ""y"": 1.8026232719421387, ""z"": 0.0, ""velocity"": 0.0, ""snr"": 0.0}, {""x"": 1.677095890045166, ""y"": 1.8287301063537598, ""z"": 0.0, ""velocity"": 0.0, ""snr"": 0.0}, {""x"": 1.6466975212097168, ""y"": 1.8762946128845215, ""z"": 0.0, ""velocity"": 0.0, ""snr"": 0.0}, {""x"": 1.6536712646484375, ""y"": 1.9024014472961426, ""z"": 0.0, ""velocity"": 0.0, ""snr"": 0.0}]","[152054.0, 220233.0, 152760.0, 48406.0, 35758.0, 47284.0, 24373.0, 6986.0, 19972.0, 34849.0, 41934.0, 47908.0, 41485.0, 22511.0, 10528.0, 5827.0, 3581.0, 2340.0, 2162.0, 2838.0, 2814.0, 2284.0, 2066.0, 2793.0, 2994.0, 4076.0, 4547.0, 3936.0, 5054.0, 2949.0, 6792.0, 12763.0, 15078.0, 10604.0, 16725.0, 14360.0, 9042.0, 13317.0, 15786.0, 5807.0, 6326.0, 12939.0, 15016.0, 8065.0, 6994.0, 7185.0, 5858.0, 5531.0, 4904.0, 4617.0, 5250.0, 5713.0, 13697.0, 35741.0, 58762.0, 53143.0, 23037.0, 8716.0, 13079.0, 12616.0, 11014.0, 7241.0, 8463.0, 7893.0, 7138.0, 7292.0, 8610.0, 7297.0, 6154.0, 5855.0, 5221.0, 3781.0, 4445.0, 4337.0, 3972.0, 3648.0, 5721.0, 8462.0, 11492.0, 10515.0, 5991.0, 4071.0, 4020.0, 3222.0, 4272.0, 3931.0, 3922.0, 3873.0, 3400.0, 4114.0, 4642.0, 5634.0, 4762.0, 5330.0, 4979.0, 3969.0, 2720.0, 2824.0, 3095.0, 3128.0, 3451.0, 3273.0, 2944.0, 5218.0, 7498.0, 5452.0, 2844.0, 2944.0, 3797.0, 3631.0, 3541.0, 3545.0, 2603.0, 2539.0, 2553.0, 2524.0, 2539.0, 2532.0, 2122.0, 2463.0, 2859.0, 2456.0, 2690.0, 2654.0, 2360.0, 2412.0, 2405.0, 2582.0]",54251634.414053276
10,0.8,14,"[{""x"": -0.8211135864257812, ""y"": 1.1790990829467773, ""z"": 0.0, ""velocity"": 0.0, ""snr"": 0.0}, {""x"": -0.9341239929199219, ""y"": 1.1190176010131836, ""z"": 0.0, ""velocity"": 0.0, ""snr"": 0.0}, {""x"": -0.19723176956176758, ""y"": 0.4781484603881836, ""z"": 0.0, ""velocity"": 0.0, ""snr"": 0.0}, {""x"": -0.21082162857055664, ""y"": 0.5246400833129883, ""z"": 0.0, ""velocity"": 0.0, ""snr"": 0.0}, {""x"": -0.06330013275146484, ""y"": 0.4144906997680664, ""z"": 0.0, ""velocity"": 0.0, ""snr"": 0.0}, {""x"": -0.0674128532409668, ""y"": 0.43147802352905273, ""z"": 0.0, ""velocity"": 0.0, ""snr"": 0.0}, {""x"": -0.07063150405883789, ""y"": 0.43648481369018555, ""z"": 0.0, ""velocity"": 0.0, ""snr"": 0.0}, {""x"": -0.07992982864379883, ""y"": 0.4500746726989746, ""z"": 0.0, ""velocity"": 0.0, ""snr"": 0.0}, {""x"": -0.09942054748535156, ""y"": 1.5631914138793945, ""z"": 0.0, ""velocity"": 0.0, ""snr"": 0.0}, {""x"": 1.056075096130371, ""y"": 1.5923380851745605, ""z"": 0.0, ""velocity"": 0.0, ""snr"": 0.0}, {""x"": 1.6649365425109863, ""y"": 1.8087029457092285, ""z"": 0.0, ""velocity"": 0.0, ""snr"": 0.0}, {""x"": 1.6717314720153809, ""y"": 1.8319487571716309, ""z"": 0.0, ""velocity"": 0.0, ""snr"": 0.0}, {""x"": 1.6388297080993652, ""y"": 1.8813014030456543, ""z"": 0.0, ""velocity"": 0.0, ""snr"": 0.0}, {""x"": 1.627027988433838, ""y"": 1.923680305480957, ""z"": 0.0, ""velocity"": 0.0, ""snr"": 0.0}]","[152327.0, 220446.0, 152686.0, 46209.0, 59597.0, 66660.0, 30324.0, 9753.0, 56679.0, 159431.0, 178790.0, 78459.0, 30421.0, 20742.0, 8695.0, 6292.0, 3562.0, 2870.0, 3794.0, 3888.0, 2857.0, 2490.0, 2639.0, 3402.0, 3106.0, 2251.0, 2216.0, 2553.0, 3017.0, 2410.0, 2484.0, 2852.0, 2024.0, 1998.0, 2290.0, 2355.0, 0.0, 0.0, 50594050.0, 117966086.0, 84214528.0, 736.0, 681010.0, 201.0, 0.0, 12.0, 2.0, 4294967295.0, 301.0, 140.0, 960200704.0, 968808749.0, 1048576000.0, 1065353216.0, 12.0, 418638940.0, 0.0, 4185343285.0, 2729.0, 1161494528.0, 436530827.0, 0.0, 4234167603.0, 2496.0, 1180958720.0, 214563655.0, 0.0, 4259267890.0, 2402.0, 1247412224.0, 161152399.0, 0.0, 81152108.0, 2605.0, 1130168320.0, 669459440.0, 0.0, 603671864.0, 10374.0, 1280180224.0, 688268272.0, 0.0, 614419026.0, 10523.0, 1228341248.0, 302.0, 512.0, 152205.0, 219972.0, 152508.0, 48456.0, 49894.0, 60348.0, 28196.0, 4487.0, 24002.0, 68038.0, 87559.0, 58455.0, 33304.0, 16083.0, 12101.0, 7998.0, 4590.0, 3206.0, 3478.0, 3913.0, 3907.0, 3025.0, 2170.0, 3004.0, 3129.0, 3485.0, 2986.0, 3924.0, 6833.0, 4318.0, 6410.0, 12001.0, 12878.0, 7501.0, 8232.0, 6953.0, 5981.0, 11848.0, 15022.0, 6198.0, 5690.0]",287582286.3680651
11,0.8,14,"[{""x"": -0.9101629257202148, ""y"": 1.1356472969055176, ""z"": 0.0, ""velocity"": 0.0, ""snr"": 0.0}, {""x"": -0.8005499839782715, ""y"": 1.1941194534301758, ""z"": 0.0, ""velocity"": 0.0, ""snr"": 0.0}, {""x"": -0.18936395645141602, ""y"": 0.5341172218322754, ""z"": 0.0, ""velocity"": 0.0, ""snr"": 0.0}, {""x"": -0.1925826072692871, ""y"": 0.577390193939209, ""z"": 0.0, ""velocity"": 0.0, ""snr"": 0.0}, {""x"": -0.06920099258422852, ""y"": 0.4150271415710449, ""z"": 0.0, ""velocity"": 0.0, ""snr"": 0.0}, {""x"": -0.05811452865600586, ""y"": 0.43451786041259766, ""z"": 0.0, ""velocity"": 0.0, ""snr"": 0.0}, {""x"": -0.03254413604736328, ""y"": 0.4534721374511719, ""z"": 0.0, ""velocity"": 0.0, ""snr"": 0.0}, {""x"": -0.14591217041015625, ""y"": 1.5633702278137207, ""z"": 0.0, ""velocity"": 0.0, ""snr"": 0.0}, {""x"": 0.1569986343383789, ""y"": 0.47153234481811523, ""z"": 0.0, ""velocity"": 0.0, ""snr"": 0.0}, {""x"": 0.1938343048095703, ""y"": 0.4724264144897461, ""z"": 0.0, ""velocity"": 0.0, ""snr"": 0.0}, {""x"": 1.6461610794067383, ""y"": 1.8255114555358887, ""z"": 0.0, ""velocity"": 0.0, ""snr"": 0.0}, {""x"": 1.6679763793945312, ""y"": 1.8355250358581543, ""z"": 0.0, ""velocity"": 0.0, ""snr"": 0.0}, {""x"": 1.6652941703796387, ""y"": 1.8587708473205566, ""z"": 0.0, ""velocity"": 0.0, ""snr"": 0.0}, {""x"": 1.7148256301879883, ""y"": 1.8458962440490723, ""z"": 0.0, ""velocity"": 0.0, ""snr"": 0.0}]","[152334.0, 220030.0, 153192.0, 48086.0, 67570.0, 72841.0, 31673.0, 4122.0, 38672.0, 103138.0, 127741.0, 109246.0, 65578.0, 23074.0, 12718.0, 6641.0, 3845.0, 5029.0, 4322.0, 2428.0, 2701.0, 2576.0, 2211.0, 3160.0, 3265.0, 3732.0, 3780.0, 4385.0, 7390.0, 4895.0, 5639.0, 12056.0, 13540.0, 8651.0, 12850.0, 10650.0, 5878.0, 12168.0, 15478.0, 5677.0, 6064.0, 13332.0, 15435.0, 7366.0, 6749.0, 7228.0, 6195.0, 4772.0, 5339.0, 5475.0, 5757.0, 5360.0, 14131.0, 34744.0, 55658.0, 49271.0, 21065.0, 7066.0, 13291.0, 13924.0, 11045.0, 7108.0, 8319.0, 6437.0, 7694.0, 7228.0, 9992.0, 8457.0, 7007.0, 6349.0, 5287.0, 4557.0, 4044.0, 4771.0, 4810.0, 4241.0, 5246.0, 7506.0, 10409.0, 9687.0, 6071.0, 4834.0, 5182.0, 3491.0, 4233.0, 3367.0, 3884.0, 3364.0, 3660.0, 4220.0, 3851.0, 4804.0, 4642.0, 5312.0, 5187.0, 3959.0, 3245.0, 2780.0, 2588.0, 3213.0, 4092.0, 3609.0, 3177.0, 5516.0, 7985.0, 7590.0, 4880.0, 3963.0, 5169.0, 4903.0, 3561.0, 3589.0, 2626.0, 2449.0, 3133.0, 2757.0, 2290.0, 2025.0, 2035.0, 2281.0, 2808.0, 2734.0, 2298.0, 2706.0, 2260.0, 1953.0, 2558.0, 2857.0]",57162661.91560157
12,0.8,12,"[{""x"": -0.06580352783203125, ""y"": 0.41180849075317383, ""z"": 0.0, ""velocity"": 0.0, ""snr"": 0.0}, {""x"": -0.056862831115722656, ""y"": 0.4323720932006836, ""z"": 0.0, ""velocity"": 0.0, ""snr"": 0.0}, {""x"": -0.07742643356323242, ""y"": 0.4393458366394043, ""z"": 0.0, ""velocity"": 0.0, ""snr"": 0.0}, {""x"": -0.14913082122802734, ""y"": 1.558363437652588, ""z"": 0.0, ""velocity"": 0.0, ""snr"": 0.0}, {""x"": -0.20259618759155273, ""y"": 1.5665888786315918, ""z"": 0.0, ""velocity"": 0.0, ""snr"": 0.0}, {""x"": -0.018417835235595703, ""y"": 1.532435417175293, ""z"": 0.0, ""velocity"": 0.0, ""snr"": 0.0}, {""x"": 0.2587437629699707, ""y"": 0.44023990631103516, ""z"": 0.0, ""velocity"": 0.0, ""snr"": 0.0}, {""x"": 0.23370981216430664, ""y"": 0.4597306251525879, ""z"": 0.0, ""velocity"": 0.0, ""snr"": 0.0}, {""x"": 0.25981664657592773, ""y"": 0.4717111587524414, ""z"": 0.0, ""velocity"": 0.0, ""snr"": 0.0}, {""x"": 1.649022102355957, ""y"": 1.8239021301269531, ""z"": 0.0, ""velocity"": 0.0, ""snr"": 0.0}, {""x"": 1.6829967498779297, ""y"": 1.8213987350463867, ""z"": 0.0, ""velocity"": 0.0, ""snr"": 0.0}, {""x"": 1.6872882843017578, ""y"": 1.8374919891357422, ""z"": 0.0, ""velocity"": 0.0, ""snr"": 0.0}]","[152021.0, 220302.0, 152995.0, 46623.0, 40142.0, 45724.0, 21664.0, 7214.0, 28610.0, 78548.0, 86913.0, 95294.0, 69102.0, 18490.0, 6301.0, 8039.0, 4514.0, 4386.0, 7477.0, 5781.0, 2760.0, 2325.0, 2441.0, 3095.0, 2970.0, 3349.0, 3511.0, 4603.0, 6006.0, 3643.0, 5053.0, 10290.0, 11438.0, 9673.0, 17176.0, 13638.0, 7368.0, 13049.0, 15376.0, 6759.0, 5452.0, 13976.0, 16314.0, 7989.0, 7346.0, 7710.0, 6726.0, 6366.0, 6961.0, 6028.0, 5642.0, 5121.0, 13048.0, 33263.0, 53409.0, 46495.0, 19250.0, 8028.0, 12214.0, 13150.0, 10650.0, 6745.0, 7232.0, 6411.0, 8038.0, 6914.0, 8876.0, 7495.0, 7049.0, 6783.0, 5861.0, 4659.0, 5003.0, 5444.0, 4982.0, 4408.0, 5218.0, 7299.0, 10843.0, 9850.0, 6086.0, 5065.0, 5470.0, 3618.0, 4155.0, 3467.0, 4352.0, 3463.0, 2884.0, 3323.0, 3995.0, 4785.0, 5338.0, 5742.0, 5086.0, 3799.0, 3254.0, 3449.0, 3092.0, 3456.0, 3520.0, 3149.0, 3134.0, 4812.0, 6598.0, 5562.0, 3563.0, 3771.0, 4341.0, 3783.0, 3651.0, 3818.0, 3407.0, 3115.0, 2567.0, 2534.0, 2439.0, 2505.0, 2583.0, 2416.0, 2284.0, 2360.0, 2509.0, 2802.0, 2239.0, 2201.0, 2485.0, 2639.0]",56019510.07211217
13,0.8,12,"[{""x"": -0.829160213470459, ""y"": 1.176595687866211, ""z"": 0.0, ""velocity"": 0.0, ""snr"": 0.0}, {""x"": -0.9210705757141113, ""y"": 1.1279582977294922, ""z"": 0.0, ""velocity"": 0.0, ""snr"": 0.0}, {""x"": -0.1303553581237793, ""y"": 1.557469367980957, ""z"": 0.0, ""velocity"": 0.0, ""snr"": 0.0}, {""x"": -0.12999773025512695, ""y"": 1.5721321105957031, ""z"": 0.0, ""velocity"": 0.0, ""snr"": 0.0}, {""x"": -0.08797645568847656, ""y"": 1.531362533569336, ""z"": 0.0, ""velocity"": 0.0, ""snr"": 0.0}, {""x"": 0.12749433517456055, ""y"": 0.46008825302124023, ""z"": 0.0, ""velocity"": 0.0, ""snr"": 0.0}, {""x"": 0.21064281463623047, ""y"": 0.4532933235168457, ""z"": 0.0, ""velocity"": 0.0, ""snr"": 0.0}, {""x"": 0.24837255477905273, ""y"": 0.4547238349914551, ""z"": 0.0, ""velocity"": 0.0, ""snr"": 0.0}, {""x"": 0.2614259719848633, ""y"": 0.47457218170166016, ""z"": 0.0, ""velocity"": 0.0, ""snr"": 0.0}, {""x"": 1.667618751525879, ""y"": 1.806199550628662, ""z"": 0.0, ""velocity"": 0.0, ""snr"": 0.0}, {""x"": 1.7042756080627441, ""y"": 1.8011927604675293, ""z"": 0.0, ""velocity"": 0.0, ""snr"": 0.0}, {""x"": 1.7371773719787598, ""y"": 1.7908215522766113, ""z"": 0.0, ""velocity"": 0.0, ""snr"": 0.0}]","[152241.0, 220264.0, 153117.0, 43970.0, 57090.0, 68401.0, 32470.0, 6119.0, 13793.0, 52387.0, 93101.0, 115763.0, 81351.0, 27369.0, 6873.0, 3075.0, 4903.0, 7599.0, 7930.0, 5476.0, 2924.0, 2168.0, 2340.0, 3226.0, 2977.0, 3029.0, 2494.0, 6498.0, 8410.0, 4422.0, 5401.0, 11154.0, 12582.0, 9328.0, 16791.0, 12477.0, 5981.0, 11062.0, 14458.0, 5859.0, 6494.0, 13940.0, 16480.0, 8787.0, 8357.0, 8352.0, 7100.0, 6497.0, 6695.0, 5854.0, 5872.0, 4543.0, 13179.0, 32576.0, 52561.0, 45522.0, 19303.0, 7672.0, 11962.0, 12705.0, 10759.0, 6606.0, 5811.0, 5162.0, 5137.0, 6614.0, 9073.0, 8592.0, 8171.0, 7455.0, 5807.0, 5917.0, 5016.0, 4493.0, 4600.0, 4230.0, 3344.0, 6324.0, 10423.0, 10505.0, 7086.0, 5115.0, 5190.0, 3943.0, 4303.0, 3210.0, 3835.0, 3775.0, 3390.0, 3488.0, 3686.0, 5047.0, 5055.0, 5695.0, 5477.0, 4017.0, 3282.0, 3306.0, 3438.0, 3627.0, 4008.0, 4160.0, 3474.0, 5156.0, 7301.0, 5361.0, 2920.0, 3147.0, 3663.0, 4157.0, 3276.0, 3223.0, 2805.0, 3666.0, 2813.0, 2387.0, 2388.0, 2451.0, 2229.0, 2152.0, 2516.0, 2161.0, 2338.0, 2813.0, 2206.0, 2193.0, 2178.0, 2602.0]",54899226.21042969
14,0.8,14,"[{""x"": -0.8314847946166992, ""y"": 1.1708736419677734, ""z"": 0.0, ""velocity"": 0.0, ""snr"": 0.0}, {""x"": -0.8904933929443359, ""y"": 1.1522769927978516, ""z"": 0.0, ""velocity"": 0.0, ""snr"": 0.0}, {""x"": -0.14662742614746094, ""y"": 0.4119873046875, ""z"": 0.0, ""velocity"": 0.0, ""snr"": 0.0}, {""x"": -0.19633769989013672, ""y"": 0.4146695137023926, ""z"": 0.0, ""velocity"": 0.0, ""snr"": 0.0}, {""x"": -0.09781122207641602, ""y"": 0.40537118911743164, ""z"": 0.0, ""velocity"": 0.0, ""snr"": 0.0}, {""x"": -0.17184019088745117, ""y"": 1.554250717163086, ""z"": 0.0, ""velocity"": 0.0, ""snr"": 0.0}, {""x"": 0.1736283302307129, ""y"": 0.4557967185974121, ""z"": 0.0, ""velocity"": 0.0, ""snr"": 0.0}, {""x"": 0.21225214004516602, ""y"": 0.4538297653198242, ""z"": 0.0, ""velocity"": 0.0, ""snr"": 0.0}, {""x"": 0.2601742744445801, ""y"": 0.4506111145019531, ""z"": 0.0, ""velocity"": 0.0, ""snr"": 0.0}, {""x"": 0.28645992279052734, ""y"": 0.4620552062988281, ""z"": 0.0, ""velocity"": 0.0, ""snr"": 0.0}, {""x"": 1.6669034957885742, ""y"": 1.806199550628662, ""z"": 0.0, ""velocity"": 0.0, ""snr"": 0.0}, {""x"": 1.7191171646118164, ""y"": 1.7870664596557617, ""z"": 0.0, ""velocity"": 0.0, ""snr"": 0.0}, {""x"": 1.742720603942871, ""y"": 1.7861723899841309, ""z"": 0.0, ""velocity"": 0.0, ""snr"": 0.0}, {""x"": 1.8119215965270996, ""y"": 1.7516613006591797, ""z"": 0.0, ""velocity"": 0.0, ""snr"": 0.0}]","[152065.0, 220377.0, 152683.0, 47788.0, 53753.0, 64248.0, 32391.0, 3950.0, 31557.0, 74039.0, 91509.0, 122049.0, 89857.0, 32208.0, 8108.0, 3551.0, 3141.0, 3340.0, 3948.0, 3989.0, 3453.0, 2610.0, 2109.0, 3365.0, 3222.0, 3512.0, 4125.0, 7280.0, 8075.0, 2834.0, 7231.0, 12959.0, 14462.0, 9056.0, 14111.0, 11059.0, 6663.0, 13184.0, 16043.0, 5900.0, 6104.0, 13997.0, 16513.0, 8829.0, 8333.0, 9145.0, 7613.0, 6259.0, 5425.0, 5451.0, 5749.0, 4484.0, 13243.0, 32795.0, 52188.0, 45110.0, 19712.0, 7815.0, 12207.0, 12582.0, 10879.0, 7432.0, 6216.0, 3921.0, 5078.0, 8323.0, 10488.0, 7985.0, 6913.0, 6547.0, 5637.0, 3996.0, 3746.0, 3968.0, 4331.0, 3680.0, 4064.0, 7171.0, 11151.0, 10712.0, 7086.0, 5260.0, 5089.0, 3179.0, 4025.0, 3599.0, 4156.0, 4505.0, 3775.0, 3394.0, 4539.0, 5029.0, 4973.0, 5036.0, 4680.0, 3854.0, 3432.0, 3326.0, 3725.0, 4239.0, 4563.0, 3575.0, 2946.0, 4865.0, 7304.0, 6443.0, 4132.0, 3614.0, 4145.0, 3907.0, 3079.0, 3537.0, 2951.0, 3339.0, 3294.0, 2605.0, 2263.0, 2722.0, 2511.0, 2426.0, 2246.0, 2269.0, 2182.0, 2288.0, 1864.0, 1824.0, 1956.0, 2148.0]",53800866.68974599
0,0.8,10,"[{""x"": -0.16951560974121094, ""y"": 0.5394816398620605, ""z"": 0.0, ""velocity"": 0.0, ""snr"": 0.0}, {""x"": -0.19508600234985352, ""y"": 0.7898211479187012, ""z"": 0.0, ""velocity"": 0.0, ""snr"": 0.0}, {""x"": -0.12749433517456055, ""y"": 1.5599727630615234, ""z"": 0.0, ""velocity"": 0.0, ""snr"": 0.0}, {""x"": -0.17023086547851562, ""y"": 1.5694499015808105, ""z"": 0.0, ""velocity"": 0.0, ""snr"": 0.0}, {""x"": 0.22011995315551758, ""y"": 0.4545450210571289, ""z"": 0.0, ""velocity"": 0.0, ""snr"": 0.0}, {""x"": 0.2371072769165039, ""y"": 0.46187639236450195, ""z"": 0.0, ""velocity"": 0.0, ""snr"": 0.0}, {""x"": 1.6894340515136719, ""y"": 1.83945894241333, ""z"": 0.0, ""velocity"": 0.0, ""snr"": 0.0}, {""x"": 1.707136631011963, ""y"": 1.8546581268310547, ""z"": 0.0, ""velocity"": 0.0, ""snr"": 0.0}, {""x"": 1.6924738883972168, ""y"": 1.7827749252319336, ""z"": 0.0, ""velocity"": 0.0, ""snr"": 0.0}, {""x"": 1.7074942588806152, ""y"": 1.79976224899292, ""z"": 0.0, ""velocity"": 0.0, ""snr"": 0.0}]","[152013.0, 220215.0, 152778.0, 48564.0, 38147.0, 54140.0, 27277.0, 4026.0, 15244.0, 47276.0, 80588.0, 94763.0, 71003.0, 34944.0, 12282.0, 4781.0, 4061.0, 11119.0, 13173.0, 7023.0, 3067.0, 2933.0, 3105.0, 3446.0, 3653.0, 3923.0, 5199.0, 7104.0, 6885.0, 2711.0, 6836.0, 11981.0, 13106.0, 9273.0, 16882.0, 12797.0, 7044.0, 14061.0, 16405.0, 6471.0, 6423.0, 13857.0, 16708.0, 8864.0, 7364.0, 7551.0, 6488.0, 5223.0, 5355.0, 4771.0, 6127.0, 5173.0, 13333.0, 32557.0, 52793.0, 48036.0, 21938.0, 7758.0, 12725.0, 13389.0, 10917.0, 7916.0, 7186.0, 4975.0, 6703.0, 7428.0, 9254.0, 7153.0, 6761.0, 5956.0, 5347.0, 3619.0, 3666.0, 4408.0, 4128.0, 3606.0, 5292.0, 7650.0, 11031.0, 10813.0, 7656.0, 5068.0, 4179.0, 3177.0, 3521.0, 3507.0, 3588.0, 3845.0, 4240.0, 4578.0, 4460.0, 4761.0, 4219.0, 4548.0, 4244.0, 3714.0, 3041.0, 2465.0, 2979.0, 3122.0, 3379.0, 3186.0, 3380.0, 4659.0, 7932.0, 7118.0, 3537.0, 3426.0, 4379.0, 4781.0, 3259.0, 3333.0, 3155.0, 3221.0, 2990.0, 2338.0, 2473.0, 2293.0, 2644.0, 2213.0, 2546.0, 2277.0, 2550.0, 2332.0, 1759.0, 1958.0, 1906.0, 2252.0]",52725249.244819544
1,0.8,10,"[{""x"": -0.1519918441772461, ""y"": 0.4239678382873535, ""z"": 0.0, ""velocity"": 0.0, ""snr"": 0.0}, {""x"": -0.10371208190917969, ""y"": 0.40590763092041016, ""z"": 0.0, ""velocity"": 0.0, ""snr"": 0.0}, {""x"": -0.12427568435668945, ""y"": 0.41431188583374023, ""z"": 0.0, ""velocity"": 0.0, ""snr"": 0.0}, {""x"": 0.12874603271484375, ""y"": 0.5303621292114258, ""z"": 0.0, ""velocity"": 0.0, ""snr"": 0.0}, {""x"": 0.2186894416809082, ""y"": 0.4768967628479004, ""z"": 0.0, ""velocity"": 0.0, ""snr"": 0.0}, {""x"": 0.24175643920898438, ""y"": 0.4584789276123047, ""z"": 0.0, ""velocity"": 0.0, ""snr"": 0.0}, {""x"": 1.6808509826660156, ""y"": 1.7951130867004395, ""z"": 0.0, ""velocity"": 0.0, ""snr"": 0.0}, {""x"": 1.6996264457702637, ""y"": 1.8090605735778809, ""z"": 0.0, ""velocity"": 0.0, ""snr"": 0.0}, {""x"": 1.7294883728027344, ""y"": 1.8038749694824219, ""z"": 0.0, ""velocity"": 0.0, ""snr"": 0.0}, {""x"": 1.7763376235961914, ""y"": 1.7888545989990234, ""z"": 0.0, ""velocity"": 0.0, ""snr"": 0.0}]","[152369.0, 220306.0, 152889.0, 45460.0, 34069.0, 44940.0, 23708.0, 5110.0, 39647.0, 99639.0, 105075.0, 96175.0, 83927.0, 31415.0, 8105.0, 4275.0, 3184.0, 8284.0, 11584.0, 7532.0, 4110.0, 3067.0, 2699.0, 3311.0, 3743.0, 4260.0, 5385.0, 7667.0, 7460.0, 3686.0, 6610.0, 11745.0, 13495.0, 8320.0, 7035.0, 6069.0, 5383.0, 12922.0, 16244.0, 5868.0, 6865.0, 14158.0, 16240.0, 8771.0, 7915.0, 8585.0, 7277.0, 6083.0, 6041.0, 5857.0, 6346.0, 5396.0, 12689.0, 31544.0, 52545.0, 48808.0, 23468.0, 6882.0, 12593.0, 13470.0, 11348.0, 7482.0, 7001.0, 6232.0, 6800.0, 7048.0, 8734.0, 7742.0, 6782.0, 5740.0, 5968.0, 5173.0, 3635.0, 3917.0, 4327.0, 4399.0, 3820.0, 5786.0, 9836.0, 9343.0, 5868.0, 5361.0, 5138.0, 5469.0, 6015.0, 3905.0, 4188.0, 4867.0, 3954.0, 3921.0, 4043.0, 5199.0, 5108.0, 6499.0, 6271.0, 5090.0, 4023.0, 3454.0, 3281.0, 3531.0, 4105.0, 3687.0, 3347.0, 5969.0, 8500.0, 7235.0, 3762.0, 3217.0, 4010.0, 3922.0, 3713.0, 3971.0, 3013.0, 2872.0, 2326.0, 2254.0, 2513.0, 2217.0, 2158.0, 2241.0, 2457.0, 2542.0, 2321.0, 2493.0, 2196.0, 2165.0, 2028.0, 2331.0]",51670388.47798459
2,0.8,12,"[{""x"": -0.8475780487060547, ""y"": 1.1633634567260742, ""z"": 0.0, ""velocity"": 0.0, ""snr"": 0.0}, {""x"": -0.9223222732543945, ""y"": 1.1320710182189941, ""z"": 0.0, ""velocity"": 0.0, ""snr"": 0.0}, {""x"": -0.08082389831542969, ""y"": 0.4139542579650879, ""z"": 0.0, ""velocity"": 0.0, ""snr"": 0.0}, {""x"": -0.0699162483215332, ""y"": 0.43326616287231445, ""z"": 0.0, ""velocity"": 0.0, ""snr"": 0.0}, {""x"": -0.07224082946777344, ""y"": 0.44167041778564453, ""z"": 0.0, ""velocity"": 0.0, ""snr"": 0.0}, {""x"": 0.22226572036743164, ""y"": 0.47403573989868164, ""z"": 0.0, ""velocity"": 0.0, ""snr"": 0.0}, {""x"": 0.22709369659423828, ""y"": 0.4933476448059082, ""z"": 0.0, ""velocity"": 0.0, ""snr"": 0.0}, {""x"": 0.23889541625976562, ""y"": 0.44792890548706055, ""z"": 0.0, ""velocity"": 0.0, ""snr"": 0.0}, {""x"": 1.7055273056030273, ""y"": 1.8017292022705078, ""z"": 0.0, ""velocity"": 0.0, ""snr"": 0.0}, {""x"": 1.6821026802062988, ""y"": 1.8462538719177246, ""z"": 0.0, ""velocity"": 0.0, ""snr"": 0.0}, {""x"": 1.6908645629882812, ""y"": 1.870572566986084, ""z"": 0.0, ""velocity"": 0.0, ""snr"": 0.0}, {""x"": 1.6983747482299805, ""y"": 1.777052879333496, ""z"": 0.0, ""velocity"": 0.0, ""snr"": 0.0}]","[152072.0, 220227.0, 152673.0, 47933.0, 33325.0, 37375.0, 18683.0, 5619.0, 42296.0, 131975.0, 151370.0, 122400.0, 98201.0, 36108.0, 8606.0, 3369.0, 3138.0, 6514.0, 10209.0, 7704.0, 3688.0, 2311.0, 2362.0, 2984.0, 3229.0, 4053.0, 5017.0, 7205.0, 8214.0, 4086.0, 6308.0, 12368.0, 14781.0, 10164.0, 6536.0, 4846.0, 5128.0, 12082.0, 15068.0, 5961.0, 5836.0, 13757.0, 15881.0, 8397.0, 7848.0, 7530.0, 6543.0, 5526.0, 5480.0, 5529.0, 6548.0, 4944.0, 13034.0, 32196.0, 51561.0, 46845.0, 21502.0, 8346.0, 12882.0, 13736.0, 10820.0, 6761.0, 6136.0, 4984.0, 5616.0, 7383.0, 9454.0, 7975.0, 6691.0, 5649.0, 5057.0, 4214.0, 4318.0, 4662.0, 4572.0, 3889.0, 4149.0, 7615.0, 10897.0, 10530.0, 7400.0, 6576.0, 5604.0, 4314.0, 4064.0, 3093.0, 3801.0, 3184.0, 3673.0, 3858.0, 4745.0, 4633.0, 4312.0, 5174.0, 4991.0, 3606.0, 3355.0, 3157.0, 2913.0, 3081.0, 3989.0, 3541.0, 3170.0, 4347.0, 6728.0, 5551.0, 3151.0, 3358.0, 4307.0, 4597.0, 3439.0, 3213.0, 2828.0, 2854.0, 2743.0, 2418.0, 2401.0, 2553.0, 2279.0, 2231.0, 2351.0, 2516.0, 2727.0, 2471.0, 1948.0, 2123.0, 2038.0, 2249.0]",50637104.51238094
3,0.8,12,"[{""x"": -0.18793344497680664, ""y"": 0.5391240119934082, ""z"": 0.0, ""velocity"": 0.0, ""snr"": 0.0}, {""x"": -0.19848346710205078, ""y"": 0.5634427070617676, ""z"": 0.0, ""velocity"": 0.0, ""snr"": 0.0}, {""x"": -0.05882978439331055, ""y"": 0.43845176696777344, ""z"": 0.0, ""velocity"": 0.0, ""snr"": 0.0}, {""x"": -0.04667043685913086, ""y"": 0.44971704483032227, ""z"": 0.0, ""velocity"": 0.0, ""snr"": 0.0}, {""x"": -0.1112222671508789, ""y"": 1.558542251586914, ""z"": 0.0, ""velocity"": 0.0, ""snr"": 0.0}, {""x"": 0.22333860397338867, ""y"": 0.45794248580932617, ""z"": 0.0, ""velocity"": 0.0, ""snr"": 0.0}, {""x"": 0.23674964904785156, ""y"": 0.4672408103942871, ""z"": 0.0, ""velocity"": 0.0, ""snr"": 0.0}, {""x"": 0.26214122772216797, ""y"": 0.4774332046508789, ""z"": 0.0, ""velocity"": 0.0, ""snr"": 0.0}, {""x"": 1.6661882400512695, ""y"": 1.8074512481689453, ""z"": 0.0, ""velocity"": 0.0, ""snr"": 0.0}, {""x"": 1.690685749053955, ""y"": 1.8156766891479492, ""z"": 0.0, ""velocity"": 0.0, ""snr"": 0.0}, {""x"": 1.6931891441345215, ""y"": 1.8358826637268066, ""z"": 0.0, ""velocity"": 0.0, ""snr"": 0.0}, {""x"": 1.7277002334594727, ""y"": 1.8365979194641113, ""z"": 0.0, ""velocity"": 0.0, ""snr"": 0.0}]","[152278.0, 220295.0, 153013.0, 49672.0, 26451.0, 32542.0, 15426.0, 5297.0, 37464.0, 124096.0, 158655.0, 120397.0, 98408.0, 38180.0, 17045.0, 5250.0, 4201.0, 9990.0, 13765.0, 8896.0, 3503.0, 2739.0, 2750.0, 3455.0, 3802.0, 5338.0, 6933.0, 6744.0, 8048.0, 4535.0, 5131.0, 10173.0, 12578.0, 9132.0, 15878.0, 11309.0, 5071.0, 11642.0, 14469.0, 5874.0, 7065.0, 13697.0, 16334.0, 10484.0, 8354.0, 8693.0, 6324.0, 5816.0, 4911.0, 5137.0, 6303.0, 5086.0, 13639.0, 33659.0, 54477.0, 49139.0, 22504.0, 7620.0, 12375.0, 13377.0, 10356.0, 7377.0, 7693.0, 5571.0, 6098.0, 6736.0, 10278.0, 8932.0, 6782.0, 5767.0, 5527.0, 5548.0, 4153.0, 4498.0, 5262.0, 4169.0, 4874.0, 6944.0, 9538.0, 9156.0, 6528.0, 5740.0, 4715.0, 3725.0, 3861.0, 3635.0, 3599.0, 3805.0, 4610.0, 4863.0, 4545.0, 4946.0, 4851.0, 5790.0, 5233.0, 3842.0, 3241.0, 2796.0, 3764.0, 4183.0, 4372.0, 3474.0, 3072.0, 5840.0, 9004.0, 8102.0, 4194.0, 3261.0, 3953.0, 4243.0, 4205.0, 4155.0, 3074.0, 2808.0, 2761.0, 2926.0, 2177.0, 2261.0, 1973.0, 2021.0, 2574.0, 2632.0, 2362.0, 2140.0, 1885.0, 2318.0, 2397.0, 2407.0]",49624247.700430065
4,0.8,13,"[{""x"": -0.8904933929443359, ""y"": 1.1592507362365723, ""z"": 0.0, ""velocity"": 0.0, ""snr"": 0.0}, {""x"": -0.091552734375, ""y"": 0.4082322120666504, ""z"": 0.0, ""velocity"": 0.0, ""snr"": 0.0}, {""x"": -0.14966726303100586, ""y"": 0.6058216094970703, ""z"": 0.0, ""velocity"": 0.0, ""snr"": 0.0}, {""x"": -0.07867813110351562, ""y"": 0.43255090713500977, ""z"": 0.0, ""velocity"": 0.0, ""snr"": 0.0}, {""x"": -0.050961971282958984, ""y"": 0.44077634811401367, ""z"": 0.0, ""velocity"": 0.0, ""snr"": 0.0}, {""x"": -0.057220458984375, ""y"": 1.5569329261779785, ""z"": 0.0, ""velocity"": 0.0, ""snr"": 0.0}, {""x"": 0.25856494903564453, ""y"": 0.43773651123046875, ""z"": 0.0, ""velocity"": 0.0, ""snr"": 0.0}, {""x"": 0.2803802490234375, ""y"": 0.43773651123046875, ""z"": 0.0, ""velocity"": 0.0, ""snr"": 0.0}, {""x"": 0.3358125686645508, ""y"": 0.4309415817260742, ""z"": 0.0, ""velocity"": 0.0, ""snr"": 0.0}, {""x"": 1.652061939239502, ""y"": 1.8221139907836914, ""z"": 0.0, ""velocity"": 0.0, ""snr"": 0.0}, {""x"": 1.689612865447998, ""y"": 1.817464828491211, ""z"": 0.0, ""velocity"": 0.0, ""snr"": 0.0}, {""x"": 1.6912221908569336, ""y"": 1.8371343612670898, ""z"": 0.0, ""velocity"": 0.0, ""snr"": 0.0}, {""x"": 1.7378926277160645, ""y"": 1.8265843391418457, ""z"": 0.0, ""velocity"": 0.0, ""snr"": 0.0}]","[152321.0, 220045.0, 152596.0, 46632.0, 42078.0, 56544.0, 29225.0, 8076.0, 32998.0, 100782.0, 119078.0, 87834.0, 66381.0, 24294.0, 13078.0, 6363.0, 2828.0, 6902.0, 9552.0, 6261.0, 2577.0, 3179.0, 2655.0, 3237.0, 3801.0, 5106.0, 6117.0, 4666.0, 5930.0, 3043.0, 6211.0, 12384.0, 15715.0, 10918.0, 9607.0, 7146.0, 4329.0, 11147.0, 13893.0, 5374.0, 7205.0, 13705.0, 15839.0, 8835.0, 7673.0, 7636.0, 6748.0, 5815.0, 5155.0, 5770.0, 5855.0, 4375.0, 12673.0, 32503.0, 54085.0, 48780.0, 21982.0, 7603.0, 12948.0, 13809.0, 10685.0, 6772.0, 8391.0, 6686.0, 6436.0, 6476.0, 9490.0, 8050.0, 5963.0, 5611.0, 5300.0, 6126.0, 4807.0, 4880.0, 5828.0, 5394.0, 5442.0, 7067.0, 10505.0, 10256.0, 7601.0, 6291.0, 4948.0, 2971.0, 4191.0, 3842.0, 4155.0, 3825.0, 3874.0, 3959.0, 3962.0, 4747.0, 4738.0, 5304.0, 4892.0, 3707.0, 3259.0, 3233.0, 3153.0, 3451.0, 3896.0, 3517.0, 3202.0, 4467.0, 7093.0, 6643.0, 4093.0, 3320.0, 4560.0, 4157.0, 3306.0, 4020.0, 2700.0, 2799.0, 2643.0, 2533.0, 2293.0, 2271.0, 2161.0, 2489.0, 2229.0, 2128.0, 2135.0, 2315.0, 2057.0, 2393.0, 2140.0, 2237.0]",48631943.603310674
5,0.8,12,"[{""x"": -0.8706450462341309, ""y"": 1.1744499206542969, ""z"": 0.0, ""velocity"": 0.0, ""snr"": 0.0}, {""x"": -0.12731552124023438, ""y"": 0.42182207107543945, ""z"": 0.0, ""velocity"": 0.0, ""snr"": 0.0}, {""x"": -0.08028745651245117, ""y"": 0.44739246368408203, ""z"": 0.0, ""velocity"": 0.0, ""snr"": 0.0}, {""x"": -0.10782480239868164, ""y"": 0.5949139595031738, ""z"": 0.0, ""velocity"": 0.0, ""snr"": 0.0}, {""x"": -0.0057220458984375, ""y"": 0.5593299865722656, ""z"": 0.0, ""velocity"": 0.0, ""snr"": 0.0}, {""x"": -0.07796287536621094, ""y"": 1.559615135192871, ""z"": 0.0, ""velocity"": 0.0, ""snr"": 0.0}, {""x"": 0.0928044319152832, ""y"": 0.4876255989074707, ""z"": 0.0, ""velocity"": 0.0, ""snr"": 0.0}, {""x"": 0.16629695892333984, ""y"": 0.492095947265625, ""z"": 0.0, ""velocity"": 0.0, ""snr"": 0.0}, {""x"": 1.6404390335083008, ""y"": 1.8317699432373047, ""z"": 0.0, ""velocity"": 0.0, ""snr"": 0.0}, {""x"": 1.685500144958496, ""y"": 1.820683479309082, ""z"": 0.0, ""velocity"": 0.0, ""snr"": 0.0}, {""x"": 1.6960501670837402, ""y"": 1.832127571105957, ""z"": 0.0, ""velocity"": 0.0, ""snr"": 0.0}, {""x"": 1.7631053924560547, ""y"": 1.8004775047302246, ""z"": 0.0, ""velocity"": 0.0, ""snr"": 0.0}]","[152125.0, 219880.0, 152754.0, 46350.0, 47514.0, 61004.0, 30336.0, 7830.0, 24428.0, 78834.0, 95613.0, 88125.0, 65775.0, 26188.0, 12698.0, 5640.0, 3183.0, 5152.0, 7686.0, 5117.0, 3026.0, 3097.0, 2782.0, 3325.0, 3604.0, 4607.0, 5768.0, 4526.0, 5904.0, 3913.0, 5465.0, 10901.0, 13776.0, 9436.0, 12721.0, 10321.0, 6328.0, 10953.0, 12672.0, 5156.0, 6790.0, 14319.0, 16094.0, 9262.0, 8107.0, 8523.0, 7369.0, 6188.0, 5214.0, 5148.0, 5503.0, 4873.0, 13230.0, 33353.0, 54833.0, 49236.0, 22130.0, 8321.0, 12442.0, 12746.0, 10642.0, 7037.0, 8183.0, 7408.0, 6254.0, 6163.0, 7625.0, 5971.0, 7178.0, 6629.0, 5204.0, 3436.0, 4232.0, 5858.0, 6712.0, 5027.0, 4990.0, 6259.0, 9540.0, 9571.0, 6500.0, 5433.0, 4700.0, 3527.0, 4489.0, 3175.0, 4446.0, 4023.0, 3650.0, 4012.0, 3878.0, 4604.0, 4818.0, 5889.0, 5943.0, 4401.0, 4027.0, 2951.0, 3293.0, 3635.0, 3412.0, 2857.0, 3015.0, 5584.0, 8463.0, 7067.0, 3682.0, 3558.0, 4645.0, 4345.0, 2790.0, 3625.0, 3461.0, 3336.0, 3094.0, 2454.0, 2262.0, 2322.0, 2445.0, 2298.0, 2579.0, 2370.0, 2361.0, 2269.0, 1957.0, 2090.0, 2122.0, 2290.0]",47659390.98124445
6,0.8,9,"[{""x"": -0.8865594863891602, ""y"": 1.1605024337768555, ""z"": 0.0, ""velocity"": 0.0, ""snr"": 0.0}, {""x"": -0.2206563949584961, ""y"": 0.38927793502807617, ""z"": 0.0, ""velocity"": 0.0, ""snr"": 0.0}, {""x"": 0.13375282287597656, ""y"": 0.4863739013671875, ""z"": 0.0, ""velocity"": 0.0, ""snr"": 0.0}, {""x"": 0.1552104949951172, ""y"": 0.49799680709838867, ""z"": 0.0, ""velocity"": 0.0, ""snr"": 0.0}, {""x"": 0.11157989501953125, ""y"": 0.5317926406860352, ""z"": 0.0, ""velocity"": 0.0, ""snr"": 0.0}, {""x"": 1.6661882400512695, ""y"": 1.8094182014465332, ""z"": 0.0, ""velocity"": 0.0, ""snr"": 0.0}, {""x"": 1.7017722129821777, ""y"": 1.8063783645629883, ""z"": 0.0, ""velocity"": 0.0, ""snr"": 0.0}, {""x"": 1.6942620277404785, ""y"": 1.8344521522521973, ""z"": 0.0, ""velocity"": 0.0, ""snr"": 0.0}, {""x"": 1.7352104187011719, ""y"": 1.8287301063537598, ""z"": 0.0, ""velocity"": 0.0, ""snr"": 0.0}]","[152448.0, 220451.0, 152764.0, 45404.0, 20578.0, 25501.0, 12923.0, 4430.0, 12980.0, 44130.0, 73512.0, 94271.0, 74273.0, 26889.0, 7164.0, 3728.0, 2991.0, 4215.0, 6553.0, 5487.0, 4175.0, 2915.0, 33556809.0, 100860929.0, 460805.0, 3758425347.0, 838860802.0, 201329252.0, 1.0, 218103808.0, 33554432.0, 4278190080.0, 771751935.0, 2516582401.0, 0.0, 758725504.0, 3784409.0, 4096000.0, 222265344.0, 1828716544.0, 1740783.0, 822083584.0, 3488556869.0, 33.0, 2102145536.0, 2189294.0, 1023410176.0, 83523915.0, 12.0, 2202349824.0, 739325.0, 1593835520.0, 2885433669.0, 11.0, 675629824.0, 696575.0, 1862270976.0, 3875302469.0, 33.0, 2252681984.0, 649728.0, 1543503872.0, 654316871.0, 10.0, 3276174336.0, 2624035.0, 872415232.0, 1394875982.0, 40.0, 2924235264.0, 2634020.0, 1291845632.0, 77386.0, 131072.0, 38894848.0, 56368384.0, 39124480.0, 12179712.0, 5636608.0, 10588160.0, 9065728.0, 3240192.0, 2854144.0, 12909312.0, 22673920.0, 17944320.0, 11381504.0, 6515200.0, 2977536.0, 1588480.0, 756480.0, 670976.0, 891904.0, 931328.0, 900096.0, 938752.0, 705280.0, 741376.0, 989440.0, 708096.0, 970752.0, 2048000.0, 2103040.0, 1129984.0, 1747456.0, 2955520.0, 3145472.0, 2322944.0, 3004416.0, 2375680.0, 1599744.0, 6423040.0, 8501760.0, 3437824.0, 2042112.0, 3894272.0, 4632064.0, 2469120.0, 1806336.0, 2123776.0, 1746432.0, 1408768.0, 1224448.0, 1387008.0, 1632768.0, 1411840.0, 3484160.0, 8670720.0]",409471771.2496896
7,0.8,11,"[{""x"": -0.8041262626647949, ""y"": 1.5286803245544434, ""z"": 0.0, ""velocity"": 0.0, ""snr"": 0.0}, {""x"": -0.11962652206420898, ""y"": 0.5453824996948242, ""z"": 0.0, ""velocity"": 0.0, ""snr"": 0.0}, {""x"": -0.1671910285949707, ""y"": 0.5641579627990723, ""z"": 0.0, ""velocity"": 0.0, ""snr"": 0.0}, {""x"": -0.033974647521972656, ""y"": 0.4971027374267578, ""z"": 0.0, ""velocity"": 0.0, ""snr"": 0.0}, {""x"": -0.07975101470947266, ""y"": 0.5239248275756836, ""z"": 0.0, ""velocity"": 0.0, ""snr"": 0.0}, {""x"": -0.18489360809326172, ""y"": 1.5497803688049316, ""z"": 0.0, ""velocity"": 0.0, ""snr"": 0.0}, {""x"": 0.002682209014892578, ""y"": 0.44989585876464844, ""z"": 0.0, ""velocity"": 0.0, ""snr"": 0.0}, {""x"": 0.010371208190917969, ""y"": 0.4667043685913086, ""z"": 0.0, ""velocity"": 0.0, ""snr"": 0.0}, {""x"": 1.6481280326843262, ""y"": 1.8231868743896484, ""z"": 0.0, ""velocity"": 0.0, ""snr"": 0.0}, {""x"": 1.654207706451416, ""y"": 1.8442869186401367, ""z"": 0.0, ""velocity"": 0.0, ""snr"": 0.0}, {""x"": 1.7048120498657227, ""y"": 1.8153190612792969, ""z"": 0.0, ""velocity"": 0.0, ""snr"": 0.0}]","[152424.0, 220459.0, 152909.0, 47760.0, 20377.0, 43319.0, 32805.0, 11832.0, 19876.0, 53276.0, 88446.0, 78780.0, 65491.0, 36344.0, 11948.0, 3803.0, 2784.0, 2513.0, 3192.0, 3051.0, 3314.0, 3045.0, 2338.0, 3759.0, 4051.0, 2690.0, 3602.0, 8328.0, 8507.0, 4199.0, 6452.0, 10329.0, 11810.0, 9174.0, 12098.0, 9485.0, 6310.0, 23913.0, 32384.0, 13260.0, 8654.0, 15688.0, 18225.0, 9632.0, 7583.0, 7565.0, 6518.0, 6163.0, 6007.0, 6384.0, 7450.0, 5908.0, 13408.0, 33963.0, 52665.0, 42780.0, 15342.0, 7282.0, 13308.0, 13677.0, 11143.0, 7840.0, 7946.0, 8025.0, 8147.0, 7428.0, 9297.0, 8508.0, 6699.0, 6709.0, 5751.0, 5078.0, 4298.0, 4271.0, 5575.0, 4730.0, 4476.0, 7183.0, 11402.0, 10740.0, 6579.0, 4749.0, 4280.0, 3308.0, 4065.0, 3556.0, 3367.0, 3136.0, 3957.0, 3890.0, 4179.0, 4253.0, 4641.0, 5720.0, 4937.0, 3900.0, 3271.0, 2985.0, 2990.0, 3467.0, 3832.0, 3365.0, 4012.0, 5639.0, 8797.0, 7862.0, 4983.0, 4594.0, 5056.0, 4944.0, 4010.0, 3962.0, 3037.0, 3163.0, 3154.0, 2643.0, 2105.0, 2433.0, 2634.0, 2546.0, 2425.0, 2313.0, 2565.0, 2541.0, 2142.0, 2258.0, 2253.0, 2309.0]",53701394.84774049
8,0.8,13,"[{""x"": -0.3222227096557617, ""y"": 0.35458803176879883, ""z"": 0.0, ""velocity"": 0.0, ""snr"": 0.0}, {""x"": -0.7826685905456543, ""y"": 1.5433430671691895, ""z"": 0.0, ""velocity"": 0.0, ""snr"": 0.0}, {""x"": -0.8196830749511719, ""y"": 1.5222430229187012, ""z"": 0.0, ""velocity"": 0.0, ""snr"": 0.0}, {""x"": -0.1017451286315918, ""y"": 0.5988478660583496, ""z"": 0.0, ""velocity"": 0.0, ""snr"": 0.0}, {""x"": -0.18829107284545898, ""y"": 1.5521049499511719, ""z"": 0.0, ""velocity"": 0.0, ""snr"": 0.0}, {""x"": 0.016450881958007812, ""y"": 0.4436373710632324, ""z"": 0.0, ""velocity"": 0.0, ""snr"": 0.0}, {""x"": 0.016450881958007812, ""y"": 0.4450678825378418, ""z"": 0.0, ""velocity"": 0.0, ""snr"": 0.0}, {""x"": 0.0718832015991211, ""y"": 0.5519986152648926, ""z"": 0.0, ""velocity"": 0.0, ""snr"": 0.0}, {""x"": 0.15789270401000977, ""y"": 0.5207061767578125, ""z"": 0.0, ""velocity"": 0.0, ""snr"": 0.0}, {""x"": 1.1274218559265137, ""y"": 1.531541347503662, ""z"": 0.0, ""velocity"": 0.0, ""snr"": 0.0}, {""x"": 1.6388297080993652, ""y"": 1.8312335014343262, ""z"": 0.0, ""velocity"": 0.0, ""snr"": 0.0}, {""x"": 1.667618751525879, ""y"": 1.8346309661865234, ""z"": 0.0, ""velocity"": 0.0, ""snr"": 0.0}, {""x"": 1.715540885925293, ""y"": 1.8097758293151855, ""z"": 0.0, ""velocity"": 0.0, ""snr"": 0.0}]","[152068.0, 220008.0, 152940.0, 47535.0, 10171.0, 23000.0, 17586.0, 5549.0, 17930.0, 75922.0, 91878.0, 48477.0, 61732.0, 28042.0, 13678.0, 7152.0, 3414.0, 3054.0, 3021.0, 3411.0, 3658.0, 2618.0, 2189.0, 2997.0, 4357.0, 3309.0, 3225.0, 7808.0, 7824.0, 4547.0, 4355.0, 8309.0, 10589.0, 8891.0, 13356.0, 10900.0, 6455.0, 22714.0, 32116.0, 13585.0, 9026.0, 15125.0, 17832.0, 9371.0, 7136.0, 6940.0, 5475.0, 5254.0, 6261.0, 6397.0, 7137.0, 6310.0, 13817.0, 33258.0, 52932.0, 45311.0, 17642.0, 7340.0, 13100.0, 13520.0, 10795.0, 7486.0, 8436.0, 7220.0, 7687.0, 8388.0, 10441.0, 9041.0, 6224.0, 6372.0, 5530.0, 5527.0, 4333.0, 4373.0, 5126.0, 4670.0, 5270.0, 7569.0, 11539.0, 9765.0, 5272.0, 4910.0, 5272.0, 3719.0, 4133.0, 3279.0, 4285.0, 3611.0, 3015.0, 3478.0, 4273.0, 4737.0, 4584.0, 5742.0, 5283.0, 4091.0, 3601.0, 3198.0, 3476.0, 4161.0, 4548.0, 4064.0, 2983.0, 5619.0, 9258.0, 7774.0, 3651.0, 4324.0, 5126.0, 4511.0, 3774.0, 3920.0, 3241.0, 3062.0, 2744.0, 2230.0, 2313.0, 2207.0, 2308.0, 2231.0, 2849.0, 2397.0, 2120.0, 2309.0, 2186.0, 2569.0, 2361.0, 2377.0]",52627813.66603544
9,0.8,13,"[{""x"": -0.7764101028442383, ""y"": 1.5451312065124512, ""z"": 0.0, ""velocity"": 0.0, ""snr"": 0.0}, {""x"": -0.8030533790588379, ""y"": 1.530468463897705, ""z"": 0.0, ""velocity"": 0.0, ""snr"": 0.0}, {""x"": -0.10961294174194336, ""y"": 0.4343390464782715, ""z"": 0.0, ""velocity"": 0.0, ""snr"": 0.0}, {""x"": -0.11301040649414062, ""y"": 0.588834285736084, ""z"": 0.0, ""velocity"": 0.0, ""snr"": 0.0}, {""x"": -0.028789043426513672, ""y"": 0.4731416702270508, ""z"": 0.0, ""velocity"": 0.0, ""snr"": 0.0}, {""x"": -0.01627206802368164, ""y"": 0.49316883087158203, ""z"": 0.0, ""velocity"": 0.0, ""snr"": 0.0}, {""x"": -0.002682209014892578, ""y"": 0.5198121070861816, ""z"": 0.0, ""velocity"": 0.0, ""snr"": 0.0}, {""x"": -0.03451108932495117, ""y"": 0.5516409873962402, ""z"": 0.0, ""velocity"": 0.0, ""snr"": 0.0}, {""x"": 1.0589361190795898, ""y"": 1.5900135040283203, ""z"": 0.0, ""velocity"": 0.0, ""snr"": 0.0}, {""x"": 1.1149048805236816, ""y"": 1.5411972999572754, ""z"": 0.0, ""velocity"": 0.0, ""snr"": 0.0}, {""x"": 1.6660094261169434, ""y"": 1.8095970153808594, ""z"": 0.0, ""velocity"": 0.0, ""snr"": 0.0}, {""x"": 1.6908645629882812, ""y"": 1.8151402473449707, ""z"": 0.0, ""velocity"": 0.0, ""snr"": 0.0}, {""x"": 1.7361044883728027, ""y"": 1.789391040802002, ""z"": 0.0, ""velocity"": 0.0, ""snr"": 0.0}]","[151923.0, 219902.0, 152685.0, 47530.0, 11149.0, 22140.0, 17339.0, 6955.0, 25621.0, 86162.0, 147931.0, 150626.0, 98201.0, 43185.0, 17466.0, 6694.0, 4317.0, 4976.0, 6148.0, 4685.0, 6643.0, 5998.0, 3090.0, 3379.0, 4045.0, 3534.0, 3157.0, 5411.0, 5849.0, 3961.0, 5465.0, 7349.0, 8902.0, 7008.0, 10475.0, 8866.0, 6195.0, 23937.0, 33574.0, 14039.0, 8532.0, 14370.0, 16816.0, 9232.0, 8098.0, 7986.0, 7003.0, 5937.0, 6136.0, 6076.0, 6692.0, 5285.0, 13028.0, 32583.0, 54677.0, 47664.0, 17767.0, 7307.0, 12387.0, 13255.0, 10270.0, 6816.0, 5407.0, 7368.0, 8722.0, 8414.0, 11157.0, 8858.0, 6904.0, 8453.0, 5948.0, 5041.0, 5081.0, 5802.0, 4568.0, 3701.0, 4867.0, 8133.0, 11803.0, 10686.0, 6563.0, 5197.0, 4512.0, 3812.0, 4340.0, 4312.0, 3690.0, 3562.0, 3440.0, 4229.0, 3736.0, 4692.0, 4897.0, 5210.0, 4620.0, 3416.0, 3549.0, 4068.0, 4402.0, 4306.0, 4149.0, 3225.0, 3063.0, 5340.0, 8104.0, 6283.0, 3690.0, 3490.0, 4514.0, 4441.0, 3538.0, 3340.0, 2561.0, 2519.0, 2614.0, 2325.0, 2168.0, 2037.0, 2123.0, 2200.0, 2572.0, 2156.0, 2279.0, 2462.0, 2145.0, 2712.0, 2461.0, 2124.0]",51574577.983017206
10,0.8,12,"[{""x"": -0.7644295692443848, ""y"": 1.5535354614257812, ""z"": 0.0, ""velocity"": 0.0, ""snr"": 0.0}, {""x"": -0.8050203323364258, ""y"": 1.5290379524230957, ""z"": 0.0, ""velocity"": 0.0, ""snr"": 0.0}, {""x"": -0.05328655242919922, ""y"": 0.49763917922973633, ""z"": 0.0, ""velocity"": 0.0, ""snr"": 0.0}, {""x"": -0.09584426879882812, ""y"": 0.5156993865966797, ""z"": 0.0, ""velocity"": 0.0, ""snr"": 0.0}, {""x"": 0.07170438766479492, ""y"": 0.4450678825378418, ""z"": 0.0, ""velocity"": 0.0, ""snr"": 0.0}, {""x"": 0.03647804260253906, ""y"": 0.4495382308959961, ""z"": 0.0, ""velocity"": 0.0, ""snr"": 0.0}, {""x"": 1.1390447616577148, ""y"": 1.5192031860351562, ""z"": 0.0, ""velocity"": 0.0, ""snr"": 0.0}, {""x"": 1.127779483795166, ""y"": 1.5456676483154297, ""z"": 0.0, ""velocity"": 0.0, ""snr"": 0.0}, {""x"": 1.6837120056152344, ""y"": 1.79368257522583, ""z"": 0.0, ""velocity"": 0.0, ""snr"": 0.0}, {""x"": 1.6835331916809082, ""y"": 1.82265043258667, ""z"": 0.0, ""velocity"": 0.0, ""snr"": 0.0}, {""x"": 1.7108917236328125, ""y"": 1.8156766891479492, ""z"": 0.0, ""velocity"": 0.0, ""snr"": 0.0}, {""x"": 1.7781257629394531, ""y"": 1.787245273590088, ""z"": 0.0, ""velocity"": 0.0, ""snr"": 0.0}]","[152324.0, 220001.0, 152518.0, 47194.0, 9555.0, 20717.0, 17782.0, 5909.0, 15268.0, 50439.0, 73047.0, 55349.0, 47341.0, 19012.0, 6410.0, 4989.0, 3476.0, 4253.0, 6873.0, 8960.0, 11467.0, 8042.0, 3257.0, 3864.0, 4246.0, 3078.0, 2788.0, 6620.0, 6720.0, 2873.0, 5708.0, 9229.0, 10419.0, 7795.0, 8819.0, 7229.0, 4490.0, 22807.0, 32220.0, 13185.0, 10121.0, 13822.0, 16663.0, 9845.0, 6776.0, 7037.0, 6458.0, 5974.0, 6034.0, 5885.0, 6276.0, 5701.0, 12689.0, 32540.0, 54439.0, 48115.0, 19887.0, 7944.0, 12366.0, 13025.0, 11128.0, 7251.0, 8563.0, 9458.0, 7741.0, 7171.0, 8596.0, 8547.0, 8462.0, 7377.0, 6622.0, 4555.0, 4227.0, 5467.0, 5481.0, 5724.0, 6526.0, 8646.0, 12456.0, 12305.0, 7786.0, 5170.0, 3990.0, 4081.0, 4948.0, 3773.0, 3732.0, 3893.0, 3442.0, 3702.0, 4921.0, 4295.0, 4396.0, 5539.0, 4906.0, 3647.0, 3005.0, 3295.0, 3110.0, 3597.0, 3611.0, 3368.0, 3018.0, 4606.0, 8428.0, 8234.0, 4534.0, 3217.0, 5193.0, 5434.0, 3594.0, 4324.0, 3401.0, 3164.0, 3118.0, 2399.0, 2271.0, 2497.0, 2447.0, 2194.0, 2670.0, 2260.0, 2709.0, 2569.0, 2149.0, 2154.0, 1794.0, 1985.0]",50543930.42690368
11,0.8,10,"[{""x"": -0.836491584777832, ""y"": 1.5104413032531738, ""z"": 0.0, ""velocity"": 0.0, ""snr"": 0.0}, {""x"": -0.21117925643920898, ""y"": 0.543057918548584, ""z"": 0.0, ""velocity"": 0.0, ""snr"": 0.0}, {""x"": -0.11873245239257812, ""y"": 0.5221366882324219, ""z"": 0.0, ""velocity"": 0.0, ""snr"": 0.0}, {""x"": 0.04398822784423828, ""y"": 0.44739246368408203, ""z"": 0.0, ""velocity"": 0.0, ""snr"": 0.0}, {""x"": 0.039696693420410156, ""y"": 0.45293569564819336, ""z"": 0.0, ""velocity"": 0.0, ""snr"": 0.0}, {""x"": 1.1637210845947266, ""y"": 1.5213489532470703, ""z"": 0.0, ""velocity"": 0.0, ""snr"": 0.0}, {""x"": 1.6595721244812012, ""y"": 1.8158555030822754, ""z"": 0.0, ""velocity"": 0.0, ""snr"": 0.0}, {""x"": 1.6525983810424805, ""y"": 1.851797103881836, ""z"": 0.0, ""velocity"": 0.0, ""snr"": 0.0}, {""x"": 1.67083740234375, ""y"": 1.8537640571594238, ""z"": 0.0, ""velocity"": 0.0, ""snr"": 0.0}, {""x"": 1.6981959342956543, ""y"": 1.8628835678100586, ""z"": 0.0, ""velocity"": 0.0, ""snr"": 0.0}]","[152390.0, 220236.0, 152679.0, 47657.0, 24890.0, 37879.0, 25877.0, 6559.0, 13356.0, 62006.0, 91667.0, 58336.0, 33278.0, 23736.0, 17629.0, 8910.0, 4077.0, 4321.0, 6076.0, 9175.0, 10670.0, 6553.0, 2448.0, 3220.0, 3491.0, 3043.0, 2912.0, 7038.0, 9005.0, 5871.0, 6789.0, 11194.0, 11976.0, 8287.0, 9017.0, 7374.0, 3372.0, 19644.0, 28335.0, 10279.0, 9283.0, 13495.0, 16381.0, 10472.0, 8863.0, 7489.0, 7187.0, 6553.0, 6061.0, 5825.0, 5435.0, 5656.0, 12848.0, 32971.0, 55774.0, 50277.0, 20893.0, 8354.0, 12904.0, 12000.0, 10034.0, 6959.0, 8018.0, 5850.0, 7843.0, 6852.0, 10054.0, 7935.0, 6518.0, 6857.0, 5280.0, 5069.0, 4496.0, 4620.0, 5316.0, 5427.0, 6255.0, 9026.0, 11752.0, 10441.0, 6172.0, 5407.0, 5279.0, 3777.0, 3555.0, 3189.0, 4419.0, 4254.0, 3866.0, 4146.0, 4270.0, 4882.0, 4213.0, 5209.0, 4853.0, 3320.0, 3553.0, 3261.0, 3906.0, 3193.0, 3811.0, 3007.0, 3214.0, 6480.0, 8786.0, 6254.0, 3530.0, 4098.0, 4821.0, 5130.0, 4414.0, 3430.0, 2860.0, 2727.0, 2748.0, 2739.0, 2845.0, 2783.0, 2248.0, 2286.0, 2351.0, 2088.0, 2361.0, 2029.0, 1883.0, 2404.0, 2305.0, 2331.0]",49532737.53392516
12,0.8,12,"[{""x"": -0.8178949356079102, ""y"": 1.5215277671813965, ""z"": 0.0, ""velocity"": 0.0, ""snr"": 0.0}, {""x"": -0.20170211791992188, ""y"": 0.5285739898681641, ""z"": 0.0, ""velocity"": 0.0, ""snr"": 0.0}, {""x"": -0.03504753112792969, ""y"": 0.41735172271728516, ""z"": 0.0, ""velocity"": 0.0, ""snr"": 0.0}, {""x"": -0.20903348922729492, ""y"": 1.5453100204467773, ""z"": 0.0, ""velocity"": 0.0, ""snr"": 0.0}, {""x"": -0.023424625396728516, ""y"": 0.44149160385131836, ""z"": 0.0, ""velocity"": 0.0, ""snr"": 0.0}, {""x"": -0.013589859008789062, ""y"": 0.451505184173584, ""z"": 0.0, ""velocity"": 0.0, ""snr"": 0.0}, {""x"": 0.07045269012451172, ""y"": 0.4718899726867676, ""z"": 0.0, ""velocity"": 0.0, ""snr"": 0.0}, {""x"": 0.16057491302490234, ""y"": 0.48601627349853516, ""z"": 0.0, ""velocity"": 0.0, ""snr"": 0.0}, {""x"": 1.6576051712036133, ""y"": 1.8172860145568848, ""z"": 0.0, ""velocity"": 0.0, ""snr"": 0.0}, {""x"": 1.6477704048156738, ""y"": 1.855015754699707, ""z"": 0.0, ""velocity"": 0.0, ""snr"": 0.0}, {""x"": 1.6543865203857422, ""y"": 1.867532730102539, ""z"": 0.0, ""velocity"": 0.0, ""snr"": 0.0}, {""x"": 1.6488432884216309, ""y"": 1.9074082374572754, ""z"": 0.0, ""velocity"": 0.0, ""snr"": 0.0}]","[151948.0, 220266.0, 152981.0, 47567.0, 12317.0, 26620.0, 20858.0, 9642.0, 38578.0, 121202.0, 156329.0, 97817.0, 53426.0, 16597.0, 9417.0, 5255.0, 2747.0, 3877.0, 4845.0, 5116.0, 6562.0, 4473.0, 2451.0, 3477.0, 4142.0, 3528.0, 4195.0, 7268.0, 9051.0, 7138.0, 9237.0, 14210.0, 13866.0, 9326.0, 12097.0, 8900.0, 4160.0, 18530.0, 26993.0, 10105.0, 8455.0, 13398.0, 15682.0, 10158.0, 8982.0, 7347.0, 6043.0, 5171.0, 5254.0, 5352.0, 5324.0, 5002.0, 13156.0, 34125.0, 56730.0, 50430.0, 20428.0, 8608.0, 13318.0, 12991.0, 10859.0, 7609.0, 5581.0, 8996.0, 9854.0, 8948.0, 10567.0, 7135.0, 6081.0, 6511.0, 5501.0, 5431.0, 5692.0, 5442.0, 5239.0, 4610.0, 5535.0, 8378.0, 12286.0, 11411.0, 7088.0, 5547.0, 5099.0, 4746.0, 4465.0, 3885.0, 4653.0, 4231.0, 3341.0, 3811.0, 3821.0, 5199.0, 5399.0, 6106.0, 5444.0, 4365.0, 4023.0, 3272.0, 3282.0, 4122.0, 4468.0, 3544.0, 3163.0, 6428.0, 8851.0, 7289.0, 2895.0, 3189.0, 4657.0, 4652.0, 3497.0, 4077.0, 2961.0, 2725.0, 2820.0, 2699.0, 2299.0, 2152.0, 2636.0, 2288.0, 2076.0, 2359.0, 2909.0, 2617.0, 1929.0, 1928.0, 2145.0, 2212.0]",48541650.5352424
13,0.8,13,"[{""x"": -0.8777976036071777, ""y"": 1.1696219444274902, ""z"": 0.0, ""velocity"": 0.0, ""snr"": 0.0}, {""x"": -0.7869601249694824, ""y"": 1.2010931968688965, ""z"": 0.0, ""velocity"": 0.0, ""snr"": 0.0}, {""x"": -0.8323788642883301, ""y"": 1.5181303024291992, ""z"": 0.0, ""velocity"": 0.0, ""snr"": 0.0}, {""x"": -0.030934810638427734, ""y"": 0.4191398620605469, ""z"": 0.0, ""velocity"": 0.0, ""snr"": 0.0}, {""x"": -0.020563602447509766, ""y"": 0.4375576972961426, ""z"": 0.0, ""velocity"": 0.0, ""snr"": 0.0}, {""x"": -0.006616115570068359, ""y"": 0.446319580078125, ""z"": 0.0, ""velocity"": 0.0, ""snr"": 0.0}, {""x"": 0.26857852935791016, ""y"": 0.4202127456665039, ""z"": 0.0, ""velocity"": 0.0, ""snr"": 0.0}, {""x"": 0.26857852935791016, ""y"": 0.4431009292602539, ""z"": 0.0, ""velocity"": 0.0, ""snr"": 0.0}, {""x"": 0.2830624580383301, ""y"": 0.46366453170776367, ""z"": 0.0, ""velocity"": 0.0, ""snr"": 0.0}, {""x"": 1.6470551490783691, ""y"": 1.8267631530761719, ""z"": 0.0, ""velocity"": 0.0, ""snr"": 0.0}, {""x"": 1.6644001007080078, ""y"": 1.8387436866760254, ""z"": 0.0, ""velocity"": 0.0, ""snr"": 0.0}, {""x"": 1.6772747039794922, ""y"": 1.844644546508789, ""z"": 0.0, ""velocity"": 0.0, ""snr"": 0.0}, {""x"": 1.7064213752746582, ""y"": 1.852869987487793, ""z"": 0.0, ""velocity"": 0.0, ""snr"": 0.0}]","[152171.0, 219992.0, 152644.0, 47553.0, 13851.0, 24272.0, 17183.0, 8031.0, 41917.0, 130816.0, 144737.0, 81431.0, 56655.0, 19662.0, 6606.0, 5551.0, 3256.0, 3601.0, 5204.0, 5413.0, 5038.0, 3719.0, 2618.0, 3665.0, 4136.0, 3211.0, 4087.0, 5456.0, 6575.0, 4673.0, 8435.0, 14376.0, 17399.0, 12994.0, 11330.0, 8956.0, 5796.0, 15517.0, 25163.0, 10295.0, 7807.0, 13388.0, 15191.0, 10142.0, 7967.0, 7046.0, 6189.0, 5316.0, 4736.0, 4904.0, 5589.0, 5647.0, 13257.0, 34659.0, 56824.0, 49252.0, 18688.0, 7489.0, 12748.0, 13064.0, 11353.0, 7432.0, 6760.0, 8206.0, 8090.0, 6987.0, 9461.0, 7993.0, 6824.0, 6147.0, 5678.0, 4377.0, 4457.0, 4953.0, 5664.0, 5376.0, 4121.0, 6023.0, 10644.0, 11002.0, 7585.0, 5075.0, 5008.0, 4633.0, 4041.0, 3109.0, 3990.0, 3948.0, 3744.0, 3997.0, 3513.0, 4517.0, 4614.0, 5762.0, 5315.0, 4276.0, 3425.0, 2906.0, 3345.0, 3536.0, 4367.0, 3701.0, 3344.0, 5868.0, 8416.0, 6831.0, 3493.0, 3621.0, 4410.0, 4881.0, 3083.0, 3321.0, 2927.0, 3419.0, 3330.0, 2666.0, 2523.0, 2251.0, 2211.0, 2287.0, 2742.0, 2599.0, 2439.0, 2385.0, 1962.0, 2132.0, 2242.0, 2311.0]",47570984.508967295
14,0.8,13,"[{""x"": -0.8524060249328613, ""y"": 1.1837482452392578, ""z"": 0.0, ""velocity"": 0.0, ""snr"": 0.0}, {""x"": -0.7658600807189941, ""y"": 1.2121796607971191, ""z"": 0.0, ""velocity"": 0.0, ""snr"": 0.0}, {""x"": -0.8212924003601074, ""y"": 1.5229582786560059, ""z"": 0.0, ""velocity"": 0.0, ""snr"": 0.0}, {""x"": -0.04076957702636719, ""y"": 0.418245792388916, ""z"": 0.0, ""velocity"": 0.0, ""snr"": 0.0}, {""x"": -0.0286102294921875, ""y"": 0.4379153251647949, ""z"": 0.0, ""velocity"": 0.0, ""snr"": 0.0}, {""x"": -0.012159347534179688, ""y"": 0.4490017890930176, ""z"": 0.0, ""velocity"": 0.0, ""snr"": 0.0}, {""x"": 0.04953145980834961, ""y"": 0.4736781120300293, ""z"": 0.0, ""velocity"": 0.0, ""snr"": 0.0}, {""x"": 0.14251470565795898, ""y"": 0.49370527267456055, ""z"": 0.0, ""velocity"": 0.0, ""snr"": 0.0}, {""x"": 0.1652240753173828, ""y"": 0.5174875259399414, ""z"": 0.0, ""velocity"": 0.0, ""snr"": 0.0}, {""x"": 1.0555386543273926, ""y"": 1.5903711318969727, ""z"": 0.0, ""velocity"": 0.0, ""snr"": 0.0}, {""x"": 1.6529560089111328, ""y"": 1.8208622932434082, ""z"": 0.0, ""velocity"": 0.0, ""snr"": 0.0}, {""x"": 1.653134822845459, ""y"": 1.8492937088012695, ""z"": 0.0, ""velocity"": 0.0, ""snr"": 0.0}, {""x"": 1.6466975212097168, ""y"": 1.8718242645263672, ""z"": 0.0, ""velocity"": 0.0, ""snr"": 0.0}]","[152083.0, 220236.0, 152850.0, 47537.0, 16839.0, 33647.0, 27317.0, 10323.0, 51195.0, 156911.0, 190668.0, 112249.0, 61297.0, 21037.0, 6406.0, 3251.0, 3888.0, 3602.0, 2631.0, 2823.0, 2937.0, 2704.0, 2262.0, 3292.0, 3940.0, 3692.0, 3448.0, 7306.0, 9168.0, 4640.0, 8000.0, 13430.0, 14980.0, 10523.0, 9414.0, 6985.0, 4257.0, 16100.0, 24357.0, 10256.0, 6549.0, 12947.0, 14673.0, 9363.0, 7844.0, 8011.0, 6953.0, 5480.0, 5173.0, 5406.0, 6349.0, 5644.0, 13627.0, 34424.0, 57039.0, 49435.0, 18548.0, 7558.0, 12604.0, 12650.0, 11970.0, 8647.0, 8033.0, 9140.0, 6890.0, 7351.0, 10084.0, 8560.0, 7771.0, 6795.0, 5474.0, 4369.0, 4560.0, 4545.0, 5145.0, 4792.0, 3777.0, 5818.0, 10355.0, 10323.0, 7403.0, 5140.0, 4243.0, 3431.0, 4434.0, 3158.0, 3806.0, 4366.0, 3628.0, 3857.0, 4095.0, 4672.0, 5077.0, 6667.0, 5956.0, 4749.0, 3556.0, 3100.0, 3918.0, 4392.0, 4792.0, 3996.0, 2922.0, 6223.0, 9491.0, 7485.0, 3939.0, 3848.0, 4690.0, 4594.0, 4469.0, 4845.0, 3197.0, 3192.0, 3138.0, 2235.0, 2095.0, 2231.0, 2223.0, 2050.0, 2357.0, 2536.0, 2401.0, 2149.0, 1872.0, 2277.0, 2403.0, 2496.0]",46619223.71932544
0,0.8,12,"[{""x"": -0.8649230003356934, ""y"": 1.1764168739318848, ""z"": 0.0, ""velocity"": 0.0, ""snr"": 0.0}, {""x"": -0.24622678756713867, ""y"": 0.49996376037597656, ""z"": 0.0, ""velocity"": 0.0, ""snr"": 0.0}, {""x"": -0.7570981979370117, ""y"": 1.2166500091552734, ""z"": 0.0, ""velocity"": 0.0, ""snr"": 0.0}, {""x"": -0.11014938354492188, ""y"": 0.47528743743896484, ""z"": 0.0, ""velocity"": 0.0, ""snr"": 0.0}, {""x"": -0.12856721878051758, ""y"": 0.5001425743103027, ""z"": 0.0, ""velocity"": 0.0, ""snr"": 0.0}, {""x"": -0.03594160079956055, ""y"": 0.4570484161376953, ""z"": 0.0, ""velocity"": 0.0, ""snr"": 0.0}, {""x"": -0.2830624580383301, ""y"": 1.5347599983215332, ""z"": 0.0, ""velocity"": 0.0, ""snr"": 0.0}, {""x"": -0.014483928680419922, ""y"": 0.44471025466918945, ""z"": 0.0, ""velocity"": 0.0, ""snr"": 0.0}, {""x"": 1.6534924507141113, ""y"": 1.8197894096374512, ""z"": 0.0, ""velocity"": 0.0, ""snr"": 0.0}, {""x"": 1.6670823097229004, ""y"": 1.837313175201416, ""z"": 0.0, ""velocity"": 0.0, ""snr"": 0.0}, {""x"": 1.67924165725708, ""y"": 1.8448233604431152, ""z"": 0.0, ""velocity"": 0.0, ""snr"": 0.0}, {""x"": 1.732170581817627, ""y"": 1.8276572227478027, ""z"": 0.0, ""velocity"": 0.0, ""snr"": 0.0}]","[152177.0, 219931.0, 152668.0, 47432.0, 14032.0, 17991.0, 19803.0, 10487.0, 24113.0, 85764.0, 117280.0, 89405.0, 57378.0, 21206.0, 11159.0, 4642.0, 2606.0, 5936.0, 8902.0, 5162.0, 2665.0, 2450.0, 2443.0, 3243.0, 4267.0, 3535.0, 4706.0, 8269.0, 8251.0, 3836.0, 8936.0, 14192.0, 16085.0, 11890.0, 11772.0, 9038.0, 5197.0, 15790.0, 23474.0, 9426.0, 6077.0, 13116.0, 14732.0, 8362.0, 8447.0, 8875.0, 7133.0, 5748.0, 5427.0, 5191.0, 5293.0, 5533.0, 14075.0, 34382.0, 56474.0, 50109.0, 20076.0, 8710.0, 11425.0, 12726.0, 11431.0, 8266.0, 7525.0, 8158.0, 6765.0, 7193.0, 10279.0, 8446.0, 8427.0, 6843.0, 5092.0, 4087.0, 3677.0, 4614.0, 4999.0, 4441.0, 3449.0, 6747.0, 10923.0, 10918.0, 7932.0, 5660.0, 4512.0, 3725.0, 4465.0, 3485.0, 4417.0, 4553.0, 3711.0, 3630.0, 4403.0, 5293.0, 5329.0, 6343.0, 5991.0, 3932.0, 3163.0, 3418.0, 3864.0, 4001.0, 4308.0, 3494.0, 3460.0, 6512.0, 8669.0, 7388.0, 4658.0, 3893.0, 4658.0, 4578.0, 3912.0, 4271.0, 2949.0, 2782.0, 2510.0, 2418.0, 2452.0, 2558.0, 2012.0, 2013.0, 2414.0, 2411.0, 2464.0, 2592.0, 2192.0, 1859.0, 2307.0, 2585.0]",45687262.52397469
1,0.8,11,"[{""x"": -0.8617043495178223, ""y"": 1.1794567108154297, ""z"": 0.0, ""velocity"": 0.0, ""snr"": 0.0}, {""x"": -0.7926821708679199, ""y"": 1.198410987854004, ""z"": 0.0, ""velocity"": 0.0, ""snr"": 0.0}, {""x"": -0.008046627044677734, ""y"": 0.4227161407470703, ""z"": 0.0, ""velocity"": 0.0, ""snr"": 0.0}, {""x"": -0.005900859832763672, ""y"": 0.44596195220947266, ""z"": 0.0, ""velocity"": 0.0, ""snr"": 0.0}, {""x"": 0.007510185241699219, ""y"": 0.457763671875, ""z"": 0.0, ""velocity"": 0.0, ""snr"": 0.0}, {""x"": 0.0629425048828125, ""y"": 0.4763603210449219, ""z"": 0.0, ""velocity"": 0.0, ""snr"": 0.0}, {""x"": 0.17970800399780273, ""y"": 0.48297643661499023, ""z"": 0.0, ""velocity"": 0.0, ""snr"": 0.0}, {""x"": 0.27358531951904297, ""y"": 0.46759843826293945, ""z"": 0.0, ""velocity"": 0.0, ""snr"": 0.0}, {""x"": 1.6524195671081543, ""y"": 1.8213987350463867, ""z"": 0.0, ""velocity"": 0.0, ""snr"": 0.0}, {""x"": 1.6652941703796387, ""y"": 1.838386058807373, ""z"": 0.0, ""velocity"": 0.0, ""snr"": 0.0}, {""x"": 1.6674399375915527, ""y"": 1.8543004989624023, ""z"": 0.0, ""velocity"": 0.0, ""snr"": 0.0}]","[151953.0, 219849.0, 152816.0, 46933.0, 16156.0, 42788.0, 37302.0, 11438.0, 32097.0, 116004.0, 164504.0, 124504.0, 68148.0, 21970.0, 12012.0, 6065.0, 2845.0, 7330.0, 10535.0, 6529.0, 4484.0, 3402.0, 2671.0, 2756.0, 3516.0, 3956.0, 4433.0, 9404.0, 10007.0, 5359.0, 7483.0, 13349.0, 15994.0, 11147.0, 7577.0, 5288.0, 4244.0, 15090.0, 22766.0, 8647.0, 7427.0, 13303.0, 14897.0, 8323.0, 8176.0, 8562.0, 6839.0, 5633.0, 5528.0, 5979.0, 6067.0, 6035.0, 13691.0, 34300.0, 56345.0, 49206.0, 19070.0, 8943.0, 12729.0, 13124.0, 11489.0, 7254.0, 7225.0, 6514.0, 6640.0, 7514.0, 10119.0, 8558.0, 7356.0, 6433.0, 4541.0, 3630.0, 3417.0, 4381.0, 4771.0, 4189.0, 5070.0, 7277.0, 10871.0, 10614.0, 7206.0, 5188.0, 5555.0, 4453.0, 4208.0, 3421.0, 3980.0, 4304.0, 3322.0, 3841.0, 3845.0, 4633.0, 4656.0, 6050.0, 5575.0, 4033.0, 3416.0, 3064.0, 3462.0, 3938.0, 3981.0, 3263.0, 3124.0, 5800.0, 8741.0, 7197.0, 4407.0, 3757.0, 4175.0, 3750.0, 2369.0, 3276.0, 2931.0, 3203.0, 2894.0, 2556.0, 2167.0, 2363.0, 2432.0, 2340.0, 2385.0, 2631.0, 2454.0, 2853.0, 2117.0, 2061.0, 2313.0, 2452.0]",44772958.11270446
2,0.8,12,"[{""x"": -0.8359551429748535, ""y"": 1.1638998985290527, ""z"": 0.0, ""velocity"": 0.0, ""snr"": 0.0}, {""x"": -0.8865594863891602, ""y"": 1.1572837829589844, ""z"": 0.0, ""velocity"": 0.0, ""snr"": 0.0}, {""x"": -0.2383589744567871, ""y"": 0.5641579627990723, ""z"": 0.0, ""velocity"": 0.0, ""snr"": 0.0}, {""x"": -0.05811452865600586, ""y"": 0.5133748054504395, ""z"": 0.0, ""velocity"": 0.0, ""snr"": 0.0}, {""x"": -0.08189678192138672, ""y"": 0.5450248718261719, ""z"": 0.0, ""velocity"": 0.0, ""snr"": 0.0}, {""x"": 0.024139881134033203, ""y"": 0.4711747169494629, ""z"": 0.0, ""velocity"": 0.0, ""snr"": 0.0}, {""x"": -0.012516975402832031, ""y"": 0.4876255989074707, ""z"": 0.0, ""velocity"": 0.0, ""snr"": 0.0}, {""x"": 0.050961971282958984, ""y"": 0.45293569564819336, ""z"": 0.0, ""velocity"": 0.0, ""snr"": 0.0}, {""x"": 1.6445517539978027, ""y"": 1.8298029899597168, ""z"": 0.0, ""velocity"": 0.0, ""snr"": 0.0}, {""x"": 1.6744136810302734, ""y"": 1.8305182456970215, ""z"": 0.0, ""velocity"": 0.0, ""snr"": 0.0}, {""x"": 1.6636848449707031, ""y"": 1.8584132194519043, ""z"": 0.0, ""velocity"": 0.0, ""snr"": 0.0}, {""x"": 1.7137527465820312, ""y"": 1.8442869186401367, ""z"": 0.0, ""velocity"": 0.0, ""snr"": 0.0}]","[151839.0, 220055.0, 152998.0, 47449.0, 26934.0, 46261.0, 37070.0, 13134.0, 12849.0, 65836.0, 122047.0, 113291.0, 66711.0, 26934.0, 12444.0, 7416.0, 4426.0, 4254.0, 5087.0, 5311.0, 5107.0, 3328.0, 2431.0, 2859.0, 3315.0, 4002.0, 4233.0, 8442.0, 8564.0, 5465.0, 8465.0, 13572.0, 14889.0, 10176.0, 9677.0, 7041.0, 4567.0, 14237.0, 21842.0, 8352.0, 6820.0, 13642.0, 15236.0, 7888.0, 8349.0, 8466.0, 6905.0, 5544.0, 5297.0, 5712.0, 5719.0, 4951.0, 12790.0, 34092.0, 56491.0, 49723.0, 19619.0, 8840.0, 12298.0, 12576.0, 11085.0, 7475.0, 7077.0, 6204.0, 7306.0, 9463.0, 11850.0, 9868.0, 7875.0, 6550.0, 5060.0, 5507.0, 5783.0, 5111.0, 4519.0, 4007.0, 5382.0, 7643.0, 11878.0, 11761.0, 7987.0, 4896.0, 4088.0, 2957.0, 3560.0, 3638.0, 4488.0, 3967.0, 3933.0, 3451.0, 3875.0, 3975.0, 4553.0, 5213.0, 4768.0, 4149.0, 3251.0, 2884.0, 3391.0, 4127.0, 4425.0, 3280.0, 2754.0, 5898.0, 8111.0, 6156.0, 3855.0, 4894.0, 5809.0, 4987.0, 3895.0, 3857.0, 3340.0, 3184.0, 2918.0, 2181.0, 2172.0, 2278.0, 2292.0, 2701.0, 2333.0, 2318.0, 2190.0, 2008.0, 2104.0, 2231.0, 2088.0, 2213.0]",43877710.65426496
3,0.8,13,"[{""x"": -0.8157491683959961, ""y"": 1.1783838272094727, ""z"": 0.0, ""velocity"": 0.0, ""snr"": 0.0}, {""x"": -0.8506178855895996, ""y"": 1.1846423149108887, ""z"": 0.0, ""velocity"": 0.0, ""snr"": 0.0}, {""x"": -0.8264780044555664, ""y"": 1.5184879302978516, ""z"": 0.0, ""velocity"": 0.0, ""snr"": 0.0}, {""x"": -0.22011995315551758, ""y"": 0.5709528923034668, ""z"": 0.0, ""velocity"": 0.0, ""snr"": 0.0}, {""x"": -0.0616908073425293, ""y"": 0.5580782890319824, ""z"": 0.0, ""velocity"": 0.0, ""snr"": 0.0}, {""x"": 0.03701448440551758, ""y"": 0.4495382308959961, ""z"": 0.0, ""velocity"": 0.0, ""snr"": 0.0}, {""x"": 0.048100948333740234, ""y"": 0.46312808990478516, ""z"": 0.0, ""velocity"": 0.0, ""snr"": 0.0}, {""x"": 0.07617473602294922, ""y"": 0.47779083251953125, ""z"": 0.0, ""velocity"": 0.0, ""snr"": 0.0}, {""x"": 0.1226663589477539, ""y"": 0.4971027374267578, ""z"": 0.0, ""velocity"": 0.0, ""snr"": 0.0}, {""x"": 1.6425848007202148, ""y"": 1.8310546875, ""z"": 0.0, ""velocity"": 0.0, ""snr"": 0.0}, {""x"": 1.6890764236450195, ""y"": 1.8171072006225586, ""z"": 0.0, ""velocity"": 0.0, ""snr"": 0.0}, {""x"": 1.6846060752868652, ""y"": 1.8401741981506348, ""z"": 0.0, ""velocity"": 0.0, ""snr"": 0.0}, {""x"": 1.7117857933044434, ""y"": 1.847684383392334, ""z"": 0.0, ""velocity"": 0.0, ""snr"": 0.0}]","[152267.0, 220041.0, 152768.0, 47219.0, 34409.0, 66388.0, 51696.0, 16500.0, 20597.0, 83885.0, 140057.0, 117230.0, 62812.0, 27530.0, 15857.0, 6802.0, 3244.0, 3112.0, 3485.0, 2293.0, 3061.0, 2844.0, 2269.0, 2688.0, 3308.0, 3358.0, 2909.0, 6756.0, 7877.0, 5764.0, 8619.0, 13665.0, 15114.0, 10726.0, 9586.0, 7072.0, 4729.0, 14484.0, 22111.0, 8483.0, 6725.0, 13217.0, 15212.0, 8321.0, 8272.0, 7330.0, 6408.0, 5524.0, 5466.0, 5691.0, 5433.0, 4832.0, 12768.0, 33722.0, 55643.0, 49185.0, 19907.0, 8119.0, 12382.0, 12477.0, 11153.0, 7696.0, 6454.0, 5703.0, 7158.0, 8587.0, 10601.0, 8776.0, 6971.0, 6086.0, 5444.0, 6740.0, 6143.0, 5079.0, 4346.0, 3591.0, 4779.0, 7938.0, 11741.0, 11027.0, 7382.0, 4896.0, 4315.0, 3388.0, 4108.0, 3640.0, 4417.0, 4723.0, 4455.0, 3262.0, 3372.0, 4409.0, 5073.0, 5744.0, 5080.0, 4059.0, 3649.0, 2950.0, 2652.0, 3706.0, 4220.0, 3499.0, 3265.0, 5813.0, 8587.0, 6350.0, 3202.0, 4869.0, 5329.0, 4487.0, 3724.0, 3767.0, 2792.0, 3222.0, 2749.0, 2270.0, 2294.0, 2186.0, 2087.0, 2432.0, 3014.0, 2302.0, 2416.0, 2221.0, 1984.0, 2316.0, 2158.0, 2321.0]",42999972.12463482
4,0.8,13,"[{""x"": -0.8436441421508789, ""y"": 1.1909008026123047, ""z"": 0.0, ""velocity"": 0.0, ""snr"": 0.0}, {""x"": -0.7992982864379883, ""y"": 1.1885762214660645, ""z"": 0.0, ""velocity"": 0.0, ""snr"": 0.0}, {""x"": -0.8411407470703125, ""y"": 1.5120506286621094, ""z"": 0.0, ""velocity"": 0.0, ""snr"": 0.0}, {""x"": -0.0033974647521972656, ""y"": 0.42325258255004883, ""z"": 0.0, ""velocity"": 0.0, ""snr"": 0.0}, {""x"": 0.017523765563964844, ""y"": 0.44649839401245117, ""z"": 0.0, ""velocity"": 0.0, ""snr"": 0.0}, {""x"": 0.043451786041259766, ""y"": 0.46259164810180664, ""z"": 0.0, ""velocity"": 0.0, ""snr"": 0.0}, {""x"": 0.09334087371826172, ""y"": 0.4779696464538574, ""z"": 0.0, ""velocity"": 0.0, ""snr"": 0.0}, {""x"": 0.17899274826049805, ""y"": 0.48226118087768555, ""z"": 0.0, ""velocity"": 0.0, ""snr"": 0.0}, {""x"": 0.2467632293701172, ""y"": 0.485837459564209, ""z"": 0.0, ""velocity"": 0.0, ""snr"": 0.0}, {""x"": 1.6493797302246094, ""y"": 1.824796199798584, ""z"": 0.0, ""velocity"": 0.0, ""snr"": 0.0}, {""x"": 1.6838908195495605, ""y"": 1.8219351768493652, ""z"": 0.0, ""velocity"": 0.0, ""snr"": 0.0}, {""x"": 1.6942620277404785, ""y"": 1.8317699432373047, ""z"": 0.0, ""velocity"": 0.0, ""snr"": 0.0}, {""x"": 1.7598867416381836, ""y"": 1.8035173416137695, ""z"": 0.0, ""velocity"": 0.0, ""snr"": 0.0}]","[152324.0, 220267.0, 152927.0, 46591.0, 10134.0, 29026.0, 30162.0, 11684.0, 30401.0, 105883.0, 164297.0, 138709.0, 76738.0, 25495.0, 8135.0, 4594.0, 4650.0, 9090.0, 10599.0, 6741.0, 3970.0, 2996.0, 2334.0, 3202.0, 3719.0, 3571.0, 3386.0, 6514.0, 7376.0, 5480.0, 8435.0, 13230.0, 14620.0, 10816.0, 10457.0, 7822.0, 5168.0, 14819.0, 22795.0, 9410.0, 6787.0, 13261.0, 14984.0, 8278.0, 8586.0, 7302.0, 6557.0, 5916.0, 5774.0, 5788.0, 5088.0, 4904.0, 13302.0, 34060.0, 56366.0, 49943.0, 20859.0, 8130.0, 12496.0, 13071.0, 10899.0, 7495.0, 5882.0, 4614.0, 7440.0, 7598.0, 9129.0, 8144.0, 6080.0, 5402.0, 5018.0, 6021.0, 5956.0, 4897.0, 4373.0, 3843.0, 4434.0, 7501.0, 11957.0, 11076.0, 6822.0, 4586.0, 3722.0, 3196.0, 3613.0, 3612.0, 3654.0, 4725.0, 4561.0, 3667.0, 3466.0, 4814.0, 5020.0, 5862.0, 4913.0, 3796.0, 3334.0, 2984.0, 2886.0, 3572.0, 4371.0, 3918.0, 3339.0, 5780.0, 8109.0, 6010.0, 3703.0, 3768.0, 4257.0, 4138.0, 3413.0, 3731.0, 2714.0, 2944.0, 2744.0, 2164.0, 2260.0, 2116.0, 2199.0, 2493.0, 2586.0, 2362.0, 2405.0, 2031.0, 2085.0, 2757.0, 2340.0, 2276.0]",42140181.42016349
5,0.8,12,"[{""x"": -0.8586645126342773, ""y"": 1.1821389198303223, ""z"": 0.0, ""velocity"": 0.0, ""snr"": 0.0}, {""x"": -0.7810592651367188, ""y"": 1.201629638671875, ""z"": 0.0, ""velocity"": 0.0, ""snr"": 0.0}, {""x"": -0.021457672119140625, ""y"": 0.4202127456665039, ""z"": 0.0, ""velocity"": 0.0, ""snr"": 0.0}, {""x"": 0.005900859832763672, ""y"": 0.44542551040649414, ""z"": 0.0, ""velocity"": 0.0, ""snr"": 0.0}, {""x"": 0.03612041473388672, ""y"": 0.46187639236450195, ""z"": 0.0, ""velocity"": 0.0, ""snr"": 0.0}, {""x"": 0.09620189666748047, ""y"": 0.47653913497924805, ""z"": 0.0, ""velocity"": 0.0, ""snr"": 0.0}, {""x"": 0.18489360809326172, ""y"": 0.47904253005981445, ""z"": 0.0, ""velocity"": 0.0, ""snr"": 0.0}, {""x"": 0.2378225326538086, ""y"": 0.48673152923583984, ""z"": 0.0, ""velocity"": 0.0, ""snr"": 0.0}, {""x"": 1.6404390335083008, ""y"": 1.8319487571716309, ""z"": 0.0, ""velocity"": 0.0, ""snr"": 0.0}, {""x"": 1.6744136810302734, ""y"": 1.8301606178283691, ""z"": 0.0, ""velocity"": 0.0, ""snr"": 0.0}, {""x"": 1.6767382621765137, ""y"": 1.8473267555236816, ""z"": 0.0, ""velocity"": 0.0, ""snr"": 0.0}, {""x"": 1.750946044921875, ""y"": 1.8121004104614258, ""z"": 0.0, ""velocity"": 0.0, ""snr"": 0.0}]","[152605.0, 220427.0, 153035.0, 46955.0, 18776.0, 39507.0, 34892.0, 13022.0, 33321.0, 111374.0, 163728.0, 134035.0, 73615.0, 23145.0, 6492.0, 4585.0, 4443.0, 8278.0, 9783.0, 6226.0, 4440.0, 4088.0, 2790.0, 3563.0, 4458.0, 4666.0, 4234.0, 7688.0, 8043.0, 5412.0, 8476.0, 13219.0, 15220.0, 11296.0, 9868.0, 7681.0, 5118.0, 14530.0, 21631.0, 8453.0, 7245.0, 13355.0, 15278.0, 8041.0, 8323.0, 7532.0, 6830.0, 5681.0, 5348.0, 5682.0, 5685.0, 5396.0, 13709.0, 34577.0, 56681.0, 49757.0, 20545.0, 8044.0, 12693.0, 13767.0, 10960.0, 7470.0, 6060.0, 5124.0, 7471.0, 7762.0, 9602.0, 7791.0, 7097.0, 5673.0, 5484.0, 5986.0, 4943.0, 4757.0, 4632.0, 4559.0, 5269.0, 7768.0, 11783.0, 10602.0, 6510.0, 5001.0, 4730.0, 3634.0, 3706.0, 3709.0, 3846.0, 4250.0, 4503.0, 4015.0, 3732.0, 4638.0, 4664.0, 5595.0, 5430.0, 3948.0, 3010.0, 2508.0, 2878.0, 3379.0, 3959.0, 3773.0, 3316.0, 5456.0, 7750.0, 5299.0, 3902.0, 4214.0, 4931.0, 4928.0, 3688.0, 4140.0, 3094.0, 2736.0, 3156.0, 2491.0, 2665.0, 2355.0, 2404.0, 2369.0, 2443.0, 2479.0, 2307.0, 1876.0, 1862.0, 2319.0, 2270.0, 2316.0]",41297085.050293766
6,0.8,12,"[{""x"": -0.8264780044555664, ""y"": 1.1708736419677734, ""z"": 0.0, ""velocity"": 0.0, ""snr"": 0.0}, {""x"": -0.8899569511413574, ""y"": 1.157820224761963, ""z"": 0.0, ""velocity"": 0.0, ""snr"": 0.0}, {""x"": -0.027000904083251953, ""y"": 0.41162967681884766, ""z"": 0.0, ""velocity"": 0.0, ""snr"": 0.0}, {""x"": -0.005543231964111328, ""y"": 0.44167041778564453, ""z"": 0.0, ""velocity"": 0.0, ""snr"": 0.0}, {""x"": 0.027000904083251953, ""y"": 0.4481077194213867, ""z"": 0.0, ""velocity"": 0.0, ""snr"": 0.0}, {""x"": 0.13697147369384766, ""y"": 0.457763671875, ""z"": 0.0, ""velocity"": 0.0, ""snr"": 0.0}, {""x"": 0.2689361572265625, ""y"": 0.44399499893188477, ""z"": 0.0, ""velocity"": 0.0, ""snr"": 0.0}, {""x"": 0.28717517852783203, ""y"": 0.46366453170776367, ""z"": 0.0, ""velocity"": 0.0, ""snr"": 0.0}, {""x"": 1.653134822845459, ""y"": 1.821756362915039, ""z"": 0.0, ""velocity"": 0.0, ""snr"": 0.0}, {""x"": 1.6706585884094238, ""y"": 1.8344521522521973, ""z"": 0.0, ""velocity"": 0.0, ""snr"": 0.0}, {""x"": 1.672804355621338, ""y"": 1.850724220275879, ""z"": 0.0, ""velocity"": 0.0, ""snr"": 0.0}, {""x"": 1.7298460006713867, ""y"": 1.8296241760253906, ""z"": 0.0, ""velocity"": 0.0, ""snr"": 0.0}]","[151989.0, 219995.0, 152968.0, 46978.0, 21793.0, 50035.0, 41449.0, 15353.0, 32288.0, 103121.0, 131319.0, 85377.0, 54982.0, 19479.0, 6070.0, 67174912.0, 134546947.0, 84082695.0, 196613.0, 174338560.0, 79616.0, 0.0, 3840.0, 512.0, 4294967040.0, 77311.0, 43520.0, 998244352.0, 3201903929.0, 2147483705.0, 2147483710.0, 3903.0, 1508809472.0, 33.0, 2269788672.0, 2153453.0, 1056964608.0, 2952484683.0, 11.0, 3745860096.0, 854780.0, 973078528.0, 2784947781.0, 9.0, 3242875648.0, 2182395.0, 956301312.0, 3824976965.0, 33.0, 608455680.0, 2249468.0, 1056964608.0, 905984837.0, 10.0, 1111980544.0, 693249.0, 2147483648.0, 3053657925.0, 10.0, 2470736128.0, 2583076.0, 905969664.0, 3794058318.0, 39.0, 1934381056.0, 2594085.0, 1442840576.0, 2888179017.0, 39.0, 776549888.0, 1.0, 4211081218.0, 184549968.0, 4261413723.0, 3170894420.0, 1660944567.0, 419430443.0, 855638158.0, 2483028134.0, 553648195.0, 1879048290.0, 2986344729.0, 3539993036.0, 2835349941.0, 1224737013.0, 50331746.0, 1157627964.0, 2936012829.0, 2499805198.0, 2785017868.0, 2936012810.0, 1895825422.0, 4211081232.0, 2214592526.0, 2885681162.0, 234881039.0, 3120562193.0, 335544339.0, 1124073496.0, 1577058331.0, 1560281115.0, 1509949454.0, 1023410195.0, 1929379873.0, 2835349549.0, 369098808.0, 3070230620.0, 3305111616.0, 2264924204.0, 3523215469.0, 4278190218.0, 872415287.0, 4009754650.0, 3154116666.0, 301989955.0, 4009754660.0, 50331677.0, 1426063390.0, 1275068440.0, 3422552084.0, 3556769811.0, 1375731731.0, 4093640727.0, 3841982486.0, 2986344498.0, 2449473673.0, 1644167404.0, 2751463636.0]",1432360077.8531775
7,0.8,11,"[{""x"": -0.7846355438232422, ""y"": 1.5349388122558594, ""z"": 0.0, ""velocity"": 0.0, ""snr"": 0.0}, {""x"": -0.840604305267334, ""y"": 1.5070438385009766, ""z"": 0.0, ""velocity"": 0.0, ""snr"": 0.0}, {""x"": -0.04595518112182617, ""y"": 0.40465593338012695, ""z"": 0.0, ""velocity"": 0.0, ""snr"": 0.0}, {""x"": -0.0616908073425293, ""y"": 0.44041872024536133, ""z"": 0.0, ""velocity"": 0.0, ""snr"": 0.0}, {""x"": -0.17827749252319336, ""y"": 1.5474557876586914, ""z"": 0.0, ""velocity"": 0.0, ""snr"": 0.0}, {""x"": -0.019311904907226562, ""y"": 0.45937299728393555, ""z"": 0.0, ""velocity"": 0.0, ""snr"": 0.0}, {""x"": 0.040411949157714844, ""y"": 0.4799365997314453, ""z"": 0.0, ""velocity"": 0.0, ""snr"": 0.0}, {""x"": 1.6856789588928223, ""y"": 1.7931461334228516, ""z"": 0.0, ""velocity"": 0.0, ""snr"": 0.0}, {""x"": 1.6930103302001953, ""y"": 1.8151402473449707, ""z"": 0.0, ""velocity"": 0.0, ""snr"": 0.0}, {""x"": 1.7076730728149414, ""y"": 1.8181800842285156, ""z"": 0.0, ""velocity"": 0.0, ""snr"": 0.0}, {""x"": 1.7443299293518066, ""y"": 1.8131732940673828, ""z"": 0.0, ""velocity"": 0.0, ""snr"": 0.0}]","[151764.0, 219854.0, 152720.0, 46976.0, 10843.0, 34136.0, 41510.0, 20836.0, 26920.0, 84456.0, 125325.0, 88486.0, 45906.0, 21081.0, 9218.0, 5856.0, 4069.0, 2811.0, 2296.0, 2515.0, 3810.0, 4477.0, 3359.0, 3295.0, 4118.0, 4656.0, 5847.0, 6615.0, 6331.0, 3461.0, 4707.0, 8274.0, 11399.0, 9228.0, 13456.0, 9728.0, 9515.0, 27423.0, 35251.0, 14126.0, 6047.0, 14827.0, 16868.0, 9061.0, 8179.0, 8339.0, 6269.0, 4821.0, 4666.0, 5484.0, 6153.0, 6640.0, 13569.0, 35402.0, 60972.0, 54885.0, 21207.0, 7577.0, 13008.0, 13003.0, 11471.0, 7808.0, 8140.0, 8361.0, 6259.0, 6395.0, 8332.0, 8178.0, 5832.0, 4927.0, 5055.0, 5169.0, 4333.0, 4990.0, 5425.0, 4708.0, 4749.0, 6276.0, 9759.0, 10318.0, 7483.0, 5631.0, 4266.0, 3873.0, 3957.0, 3505.0, 4440.0, 3212.0, 3985.0, 4284.0, 3393.0, 3938.0, 4482.0, 5823.0, 5289.0, 4212.0, 3689.0, 3290.0, 2852.0, 3945.0, 4838.0, 4135.0, 2805.0, 6106.0, 8499.0, 6212.0, 3561.0, 2842.0, 5185.0, 5802.0, 4128.0, 3547.0, 2884.0, 2958.0, 2954.0, 2705.0, 2710.0, 3083.0, 2738.0, 2131.0, 2344.0, 2627.0, 3027.0, 3436.0, 2596.0, 2282.0, 2544.0, 2418.0]",68849129.88967009
8,0.8,16,"[{""x"": -0.7739067077636719, ""y"": 1.5395879745483398, ""z"": 0.0, ""velocity"": 0.0, ""snr"": 0.0}, {""x"": -0.8323788642883301, ""y"": 1.5118718147277832, ""z"": 0.0, ""velocity"": 0.0, ""snr"": 0.0}, {""x"": -0.06866455078125, ""y"": 0.3941059112548828, ""z"": 0.0, ""velocity"": 0.0, ""snr"": 0.0}, {""x"": -0.07492303848266602, ""y"": 0.43380260467529297, ""z"": 0.0, ""velocity"": 0.0, ""snr"": 0.0}, {""x"": -0.08404254913330078, ""y"": 0.5021095275878906, ""z"": 0.0, ""velocity"": 0.0, ""snr"": 0.0}, {""x"": -0.08028745651245117, ""y"": 0.6263852119445801, ""z"": 0.0, ""velocity"": 0.0, ""snr"": 0.0}, {""x"": -0.1494884490966797, ""y"": 1.53350830078125, ""z"": 0.0, ""velocity"": 0.0, ""snr"": 0.0}, {""x"": -0.15038251876831055, ""y"": 1.5521049499511719, ""z"": 0.0, ""velocity"": 0.0, ""snr"": 0.0}, {""x"": -0.1754164695739746, ""y"": 1.5674829483032227, ""z"": 0.0, ""velocity"": 0.0, ""snr"": 0.0}, {""x"": -0.027894973754882812, ""y"": 0.4570484161376953, ""z"": 0.0, ""velocity"": 0.0, ""snr"": 0.0}, {""x"": 0.018596649169921875, ""y"": 0.47332048416137695, ""z"": 0.0, ""velocity"": 0.0, ""snr"": 0.0}, {""x"": 0.11855363845825195, ""y"": 0.4947781562805176, ""z"": 0.0, ""velocity"": 0.0, ""snr"": 0.0}, {""x"": 1.6713738441467285, ""y"": 1.8063783645629883, ""z"": 0.0, ""velocity"": 0.0, ""snr"": 0.0}, {""x"": 1.711428165435791, ""y"": 1.816391944885254, ""z"": 0.0, ""velocity"": 0.0, ""snr"": 0.0}, {""x"": 1.7117857933044434, ""y"": 1.7972588539123535, ""z"": 0.0, ""velocity"": 0.0, ""snr"": 0.0}, {""x"": 1.773834228515625, ""y"": 1.7888545989990234, ""z"": 0.0, ""velocity"": 0.0, ""snr"": 0.0}]","[151949.0, 220059.0, 152912.0, 46922.0, 19558.0, 45752.0, 51034.0, 24403.0, 28862.0, 77188.0, 102701.0, 70484.0, 28514.0, 14147.0, 11876.0, 9182.0, 4506.0, 3916.0, 3041.0, 3175.0, 2535.0, 2474.0, 2312.0, 3377.0, 4442.0, 4930.0, 5824.0, 5928.0, 4989.0, 2257.0, 5658.0, 8301.0, 10979.0, 16583.0, 27280.0, 18857.0, 10844.0, 26275.0, 34121.0, 13674.0, 5497.0, 13891.0, 15923.0, 9224.0, 7357.0, 7851.0, 6131.0, 5252.0, 5479.0, 6031.0, 5500.0, 5768.0, 12669.0, 35084.0, 59334.0, 53280.0, 22550.0, 8233.0, 12514.0, 13044.0, 11161.0, 7710.0, 8000.0, 8179.0, 6730.0, 7278.0, 8795.0, 8395.0, 5734.0, 4965.0, 4806.0, 4235.0, 3572.0, 4842.0, 4810.0, 4481.0, 4620.0, 6491.0, 10990.0, 11086.0, 7151.0, 4750.0, 5025.0, 3379.0, 3711.0, 3304.0, 4046.0, 3814.0, 3951.0, 3873.0, 3206.0, 4326.0, 4127.0, 5402.0, 5042.0, 3773.0, 3022.0, 3149.0, 3928.0, 4111.0, 4384.0, 3544.0, 3648.0, 6615.0, 8926.0, 6404.0, 2951.0, 3437.0, 4506.0, 5497.0, 3615.0, 3027.0, 2459.0, 2446.0, 2480.0, 2616.0, 2868.0, 2984.0, 2567.0, 2324.0, 2243.0, 2431.0, 2689.0, 3582.0, 2825.0, 2090.0, 2521.0, 2265.0]",67471922.0340642
9,0.8,16,"[{""x"": -0.8137822151184082, ""y"": 1.5195608139038086, ""z"": 0.0, ""velocity"": 0.0, ""snr"": 0.0}, {""x"": -0.7309913635253906, ""y"": 1.554429531097412, ""z"": 0.0, ""velocity"": 0.0, ""snr"": 0.0}, {""x"": -0.04202127456665039, ""y"": 0.4481077194213867, ""z"": 0.0, ""velocity"": 0.0, ""snr"": 0.0}, {""x"": -0.03147125244140625, ""y"": 0.4616975784301758, ""z"": 0.0, ""velocity"": 0.0, ""snr"": 0.0}, {""x"": -0.06669759750366211, ""y"": 0.5611181259155273, ""z"": 0.0, ""velocity"": 0.0, ""snr"": 0.0}, {""x"": -0.09548664093017578, ""y"": 0.6051063537597656, ""z"": 0.0, ""velocity"": 0.0, ""snr"": 0.0}, {""x"": -0.09942054748535156, ""y"": 0.646054744720459, ""z"": 0.0, ""velocity"": 0.0, ""snr"": 0.0}, {""x"": -0.13178586959838867, ""y"": 1.5538930892944336, ""z"": 0.0, ""velocity"": 0.0, ""snr"": 0.0}, {""x"": -0.15056133270263672, ""y"": 1.5721321105957031, ""z"": 0.0, ""velocity"": 0.0, ""snr"": 0.0}, {""x"": -0.01823902130126953, ""y"": 0.4826188087463379, ""z"": 0.0, ""velocity"": 0.0, ""snr"": 0.0}, {""x"": -0.02950429916381836, ""y"": 0.516057014465332, ""z"": 0.0, ""velocity"": 0.0, ""snr"": 0.0}, {""x"": -0.08940696716308594, ""y"": 1.536548137664795, ""z"": 0.0, ""velocity"": 0.0, ""snr"": 0.0}, {""x"": 1.6767382621765137, ""y"": 1.7974376678466797, ""z"": 0.0, ""velocity"": 0.0, ""snr"": 0.0}, {""x"": 1.6946196556091309, ""y"": 1.8117427825927734, ""z"": 0.0, ""velocity"": 0.0, ""snr"": 0.0}, {""x"": 1.6799569129943848, ""y"": 1.844465732574463, ""z"": 0.0, ""velocity"": 0.0, ""snr"": 0.0}, {""x"": 1.6985535621643066, ""y"": 1.8635988235473633, ""z"": 0.0, ""velocity"": 0.0, ""snr"": 0.0}]","[151819.0, 219825.0, 152714.0, 46766.0, 15716.0, 33937.0, 39323.0, 19684.0, 24235.0, 98401.0, 157728.0, 124992.0, 67340.0, 36032.0, 20593.0, 11878.0, 5362.0, 3047.0, 3273.0, 4185.0, 3318.0, 2896.0, 2743.0, 3184.0, 3969.0, 5130.0, 5916.0, 6197.0, 6321.0, 3075.0, 5955.0, 8748.0, 11045.0, 16095.0, 26512.0, 18419.0, 11770.0, 27390.0, 33392.0, 12663.0, 6408.0, 14573.0, 16216.0, 9068.0, 7310.0, 7761.0, 6532.0, 5585.0, 5430.0, 4811.0, 5528.0, 6189.0, 13986.0, 33939.0, 55257.0, 49167.0, 19784.0, 8545.0, 13646.0, 12460.0, 9677.0, 7413.0, 8662.0, 8311.0, 7486.0, 7468.0, 9473.0, 8510.0, 6262.0, 5525.0, 5069.0, 4909.0, 4883.0, 5131.0, 5888.0, 5176.0, 4705.0, 7152.0, 11544.0, 11686.0, 7899.0, 5592.0, 6212.0, 3974.0, 3391.0, 3571.0, 4855.0, 4517.0, 3753.0, 3608.0, 4902.0, 4919.0, 5028.0, 5368.0, 4989.0, 3874.0, 3655.0, 3016.0, 3111.0, 3642.0, 4378.0, 3998.0, 3433.0, 6011.0, 8528.0, 6748.0, 4374.0, 4711.0, 5237.0, 5552.0, 3439.0, 3181.0, 2840.0, 3219.0, 3014.0, 2437.0, 2329.0, 2323.0, 2364.0, 2436.0, 2433.0, 2821.0, 2892.0, 3801.0, 3128.0, 2157.0, 2281.0, 2118.0]",66122250.59038384
10,0.8,15,"[{""x"": -0.7923245429992676, ""y"": 1.5286803245544434, ""z"": 0.0, ""velocity"": 0.0, ""snr"": 0.0}, {""x"": -0.8540153503417969, ""y"": 1.4968514442443848, ""z"": 0.0, ""velocity"": 0.0, ""snr"": 0.0}, {""x"": -0.14841556549072266, ""y"": 0.5918741226196289, ""z"": 0.0, ""velocity"": 0.0, ""snr"": 0.0}, {""x"": -0.057578086853027344, ""y"": 0.5691647529602051, ""z"": 0.0, ""velocity"": 0.0, ""snr"": 0.0}, {""x"": -0.12552738189697266, ""y"": 1.5326142311096191, ""z"": 0.0, ""velocity"": 0.0, ""snr"": 0.0}, {""x"": -0.13017654418945312, ""y"": 1.5560388565063477, ""z"": 0.0, ""velocity"": 0.0, ""snr"": 0.0}, {""x"": -0.16504526138305664, ""y"": 1.5735626220703125, ""z"": 0.0, ""velocity"": 0.0, ""snr"": 0.0}, {""x"": 0.022351741790771484, ""y"": 0.45865774154663086, ""z"": 0.0, ""velocity"": 0.0, ""snr"": 0.0}, {""x"": 0.026106834411621094, ""y"": 0.46688318252563477, ""z"": 0.0, ""velocity"": 0.0, ""snr"": 0.0}, {""x"": 0.017523765563964844, ""y"": 0.48226118087768555, ""z"": 0.0, ""velocity"": 0.0, ""snr"": 0.0}, {""x"": -0.014662742614746094, ""y"": 0.5208849906921387, ""z"": 0.0, ""velocity"": 0.0, ""snr"": 0.0}, {""x"": 1.6484856605529785, ""y"": 1.8231868743896484, ""z"": 0.0, ""velocity"": 0.0, ""snr"": 0.0}, {""x"": 1.6840696334838867, ""y"": 1.8201470375061035, ""z"": 0.0, ""velocity"": 0.0, ""snr"": 0.0}, {""x"": 1.7085671424865723, ""y"": 1.8167495727539062, ""z"": 0.0, ""velocity"": 0.0, ""snr"": 0.0}, {""x"": 1.7808079719543457, ""y"": 1.7825961112976074, ""z"": 0.0, ""velocity"": 0.0, ""snr"": 0.0}]","[151979.0, 220188.0, 152798.0, 47100.0, 11423.0, 12401.0, 11952.0, 5372.0, 8701.0, 64308.0, 125558.0, 100034.0, 52830.0, 36140.0, 20555.0, 8945.0, 4484.0, 3480.0, 3117.0, 4095.0, 3579.0, 2299.0, 3308.0, 4228.0, 4896.0, 4042.0, 4454.0, 6119.0, 7821.0, 4286.0, 7622.0, 10483.0, 11584.0, 11977.0, 20896.0, 15060.0, 10522.0, 26153.0, 32463.0, 11909.0, 6691.0, 14050.0, 15979.0, 9020.0, 6712.0, 7410.0, 5901.0, 5635.0, 5643.0, 5224.0, 5851.0, 5872.0, 13637.0, 33532.0, 53557.0, 46543.0, 18798.0, 7177.0, 13782.0, 13092.0, 10117.0, 7477.0, 6819.0, 5563.0, 7621.0, 7394.0, 10582.0, 9860.0, 7099.0, 8582.0, 7191.0, 7145.0, 6412.0, 4828.0, 6458.0, 5538.0, 5551.0, 7442.0, 11143.0, 10967.0, 6891.0, 4401.0, 3913.0, 3086.0, 3258.0, 3007.0, 4116.0, 3757.0, 4454.0, 4174.0, 4876.0, 4737.0, 4206.0, 5092.0, 4848.0, 4031.0, 3132.0, 2900.0, 2974.0, 3281.0, 3507.0, 3294.0, 3405.0, 5833.0, 8985.0, 7969.0, 4018.0, 3419.0, 4934.0, 4906.0, 3436.0, 3602.0, 2918.0, 3235.0, 3209.0, 2437.0, 2113.0, 2429.0, 2609.0, 2364.0, 2410.0, 2203.0, 2590.0, 3345.0, 3128.0, 2195.0, 1907.0, 2329.0]",64800974.74263866
11,0.8,11,"[{""x"": -0.8130669593811035, ""y"": 1.5213489532470703, ""z"": 0.0, ""velocity"": 0.0, ""snr"": 0.0}, {""x"": -0.8534789085388184, ""y"": 1.498103141784668, ""z"": 0.0, ""velocity"": 0.0, ""snr"": 0.0}, {""x"": -0.13554096221923828, ""y"": 0.5916953086853027, ""z"": 0.0, ""velocity"": 0.0, ""snr"": 0.0}, {""x"": -0.02664327621459961, ""y"": 0.4570484161376953, ""z"": 0.0, ""velocity"": 0.0, ""snr"": 0.0}, {""x"": 0.013589859008789062, ""y"": 0.47600269317626953, ""z"": 0.0, ""velocity"": 0.0, ""snr"": 0.0}, {""x"": -0.02092123031616211, ""y"": 0.5612969398498535, ""z"": 0.0, ""velocity"": 0.0, ""snr"": 0.0}, {""x"": 0.049173831939697266, ""y"": 0.49763917922973633, ""z"": 0.0, ""velocity"": 0.0, ""snr"": 0.0}, {""x"": 0.05561113357543945, ""y"": 0.5232095718383789, ""z"": 0.0, ""velocity"": 0.0, ""snr"": 0.0}, {""x"": 1.6590356826782227, ""y"": 1.814424991607666, ""z"": 0.0, ""velocity"": 0.0, ""snr"": 0.0}, {""x"": 1.6660094261169434, ""y"": 1.8367767333984375, ""z"": 0.0, ""velocity"": 0.0, ""snr"": 0.0}, {""x"": 1.6817450523376465, ""y"": 1.8416047096252441, ""z"": 0.0, ""velocity"": 0.0, ""snr"": 0.0}]","[151657.0, 219727.0, 152722.0, 47145.0, 10299.0, 29330.0, 34792.0, 16867.0, 9300.0, 42222.0, 88271.0, 98645.0, 72989.0, 42360.0, 19862.0, 8248.0, 3223.0, 2375.0, 4030.0, 3916.0, 3052.0, 4451.0, 3813.0, 4344.0, 4951.0, 4235.0, 3981.0, 6639.0, 8750.0, 5126.0, 7852.0, 11128.0, 10558.0, 6477.0, 7106.0, 5526.0, 7414.0, 24764.0, 31905.0, 11660.0, 6455.0, 14250.0, 16026.0, 8908.0, 6882.0, 7374.0, 5826.0, 5165.0, 5652.0, 6349.0, 7577.0, 6204.0, 13762.0, 34230.0, 55058.0, 47601.0, 19026.0, 8128.0, 13654.0, 13444.0, 10648.0, 7280.0, 5987.0, 6290.0, 7940.0, 8329.0, 10868.0, 8583.0, 6239.0, 5700.0, 4747.0, 4045.0, 4307.0, 4934.0, 4867.0, 4026.0, 4756.0, 7479.0, 11622.0, 11364.0, 6965.0, 4915.0, 4320.0, 3101.0, 3743.0, 3251.0, 4087.0, 3937.0, 4327.0, 4788.0, 5526.0, 5905.0, 4593.0, 5476.0, 5629.0, 3920.0, 3040.0, 2851.0, 3175.0, 3364.0, 3951.0, 3530.0, 2729.0, 5145.0, 8361.0, 6947.0, 3409.0, 2642.0, 4353.0, 4690.0, 3491.0, 3265.0, 2637.0, 3078.0, 2541.0, 2336.0, 2438.0, 2487.0, 2148.0, 2051.0, 2178.0, 2630.0, 2690.0, 2546.0, 2568.0, 2588.0, 2819.0, 2496.0]",63504779.57917416
12,0.8,7,"[{""x"": -0.8718967437744141, ""y"": 1.4889836311340332, ""z"": 0.0, ""velocity"": 0.0, ""snr"": 0.0}, {""x"": -0.07814168930053711, ""y"": 0.43720006942749023, ""z"": 0.0, ""velocity"": 0.0, ""snr"": 0.0}, {""x"": -0.06848573684692383, ""y"": 0.446319580078125, ""z"": 0.0, ""velocity"": 0.0, ""snr"": 0.0}, {""x"": 0.3007650375366211, ""y"": 0.4354119300842285, ""z"": 0.0, ""velocity"": 0.0, ""snr"": 0.0}, {""x"": 1.6556382179260254, ""y"": 1.8167495727539062, ""z"": 0.0, ""velocity"": 0.0, ""snr"": 0.0}, {""x"": 1.6901493072509766, ""y"": 1.8137097358703613, ""z"": 0.0, ""velocity"": 0.0, ""snr"": 0.0}, {""x"": 1.711428165435791, ""y"": 1.8124580383300781, ""z"": 0.0, ""velocity"": 0.0, ""snr"": 0.0}]","[152010.0, 220257.0, 152718.0, 46980.0, 10050.0, 30624.0, 39355.0, 20335.0, 26546.0, 96239.0, 124691.0, 75916.0, 54792.0, 31360.0, 15685.0, 7986.0, 5625.0, 5052.0, 5069.0, 4364.0, 4681.0, 5885.0, 4981.0, 4554.0, 4733.0, 3935.0, 3582.0, 6500.0, 8016.0, 4393.0, 7971.0, 11848.0, 11508.0, 7987.0, 10125.0, 8065.0, 7190.0, 24174.0, 32095.0, 12171.0, 6359.0, 14556.0, 16586.0, 8133.0, 7767.0, 8211.0, 6784.0, 6490.0, 5949.0, 5570.0, 6687.0, 5507.0, 13760.0, 33847.0, 53716.0, 45777.0, 17653.0, 9370.0, 13371.0, 13234.0, 10194.0, 6902.0, 6949.0, 7013.0, 8589.0, 9167.0, 11118.0, 9303.0, 7707.0, 6821.0, 5556.0, 4508.0, 4640.0, 5083.0, 5229.0, 4752.0, 4438.0, 7022.0, 10790.0, 10534.0, 7269.0, 4611.0, 4706.0, 4803.0, 4244.0, 3957.0, 4445.0, 4007.0, 3218.0, 3612.0, 3976.0, 4618.0, 5121.0, 5391.0, 5449.0, 3874.0, 3390.0, 3034.0, 3222.0, 3518.0, 3599.0, 3067.0, 3129.0, 5497.0, 8094.0, 5624.0, 3299.0, 3349.0, 4199.0, 4379.0, 3123.0, 3179.0, 3135.0, 3321.0, 2904.0, 2557.0, 2540.0, 2636.0, 2728.0, 2332.0, 2753.0, 2300.0, 2085.0, 2336.0, 2018.0, 2048.0, 2489.0, 2543.0]",62234256.67002854
13,0.8,11,"[{""x"": -0.8786916732788086, ""y"": 1.4850497245788574, ""z"": 0.0, ""velocity"": 0.0, ""snr"": 0.0}, {""x"": -0.07992982864379883, ""y"": 0.4363059997558594, ""z"": 0.0, ""velocity"": 0.0, ""snr"": 0.0}, {""x"": -0.03719329833984375, ""y"": 0.4820823669433594, ""z"": 0.0, ""velocity"": 0.0, ""snr"": 0.0}, {""x"": -0.039696693420410156, ""y"": 0.5604028701782227, ""z"": 0.0, ""velocity"": 0.0, ""snr"": 0.0}, {""x"": -0.08475780487060547, ""y"": 0.5870461463928223, ""z"": 0.0, ""velocity"": 0.0, ""snr"": 0.0}, {""x"": 0.02288818359375, ""y"": 0.5205273628234863, ""z"": 0.0, ""velocity"": 0.0, ""snr"": 0.0}, {""x"": -0.004827976226806641, ""y"": 0.538945198059082, ""z"": 0.0, ""velocity"": 0.0, ""snr"": 0.0}, {""x"": 1.649916172027588, ""y"": 1.8222928047180176, ""z"": 0.0, ""velocity"": 0.0, ""snr"": 0.0}, {""x"": 1.677095890045166, ""y"": 1.8271207809448242, ""z"": 0.0, ""velocity"": 0.0, ""snr"": 0.0}, {""x"": 1.6987323760986328, ""y"": 1.8262267112731934, ""z"": 0.0, ""velocity"": 0.0, ""snr"": 0.0}, {""x"": 1.7289519309997559, ""y"": 1.8319487571716309, ""z"": 0.0, ""velocity"": 0.0, ""snr"": 0.0}]","[151646.0, 219606.0, 152592.0, 47549.0, 15406.0, 31399.0, 36001.0, 18586.0, 14933.0, 37159.0, 57854.0, 110913.0, 120079.0, 72595.0, 25622.0, 9564.0, 4641.0, 4783.0, 3792.0, 3813.0, 5446.0, 4171.0, 2713.0, 4272.0, 5254.0, 4186.0, 3570.0, 5469.0, 6131.0, 3650.0, 8461.0, 12556.0, 13451.0, 9103.0, 9492.0, 6614.0, 7783.0, 24893.0, 32579.0, 12611.0, 6395.0, 14968.0, 16935.0, 8960.0, 7849.0, 8331.0, 6193.0, 6153.0, 5934.0, 5683.0, 5921.0, 5533.0, 13883.0, 33680.0, 54586.0, 47515.0, 18885.0, 6853.0, 13109.0, 13095.0, 10451.0, 7242.0, 8063.0, 7574.0, 8334.0, 8081.0, 9260.0, 8022.0, 6181.0, 6442.0, 5035.0, 4984.0, 4757.0, 3792.0, 4870.0, 4343.0, 4121.0, 6561.0, 11653.0, 11992.0, 8544.0, 5844.0, 4405.0, 3168.0, 3780.0, 3708.0, 4823.0, 4282.0, 3114.0, 3414.0, 4270.0, 4888.0, 4993.0, 5307.0, 4708.0, 4254.0, 4340.0, 3625.0, 4074.0, 4635.0, 4395.0, 3139.0, 3279.0, 5533.0, 8353.0, 6910.0, 3741.0, 3883.0, 4873.0, 4781.0, 3458.0, 3337.0, 3119.0, 2858.0, 2502.0, 2319.0, 2127.0, 2414.0, 2765.0, 2426.0, 2703.0, 2337.0, 3016.0, 3830.0, 3273.0, 2348.0, 2611.0, 2559.0]",60989799.45805599
14,0.8,12,"[{""x"": -0.8448958396911621, ""y"": 1.1533498764038086, ""z"": 0.0, ""velocity"": 0.0, ""snr"": 0.0}, {""x"": -0.8763670921325684, ""y"": 1.4868378639221191, ""z"": 0.0, ""velocity"": 0.0, ""snr"": 0.0}, {""x"": -0.07063150405883789, ""y"": 0.4418492317199707, ""z"": 0.0, ""velocity"": 0.0, ""snr"": 0.0}, {""x"": -0.06777048110961914, ""y"": 0.45669078826904297, ""z"": 0.0, ""velocity"": 0.0, ""snr"": 0.0}, {""x"": -0.050961971282958984, ""y"": 0.5818605422973633, ""z"": 0.0, ""velocity"": 0.0, ""snr"": 0.0}, {""x"": -0.1437664031982422, ""y"": 1.551210880279541, ""z"": 0.0, ""velocity"": 0.0, ""snr"": 0.0}, {""x"": -0.022709369659423828, ""y"": 0.5587935447692871, ""z"": 0.0, ""velocity"": 0.0, ""snr"": 0.0}, {""x"": 0.23227930068969727, ""y"": 0.485837459564209, ""z"": 0.0, ""velocity"": 0.0, ""snr"": 0.0}, {""x"": 1.6633272171020508, ""y"": 1.8110275268554688, ""z"": 0.0, ""velocity"": 0.0, ""snr"": 0.0}, {""x"": 1.6670823097229004, ""y"": 1.8365979194641113, ""z"": 0.0, ""velocity"": 0.0, ""snr"": 0.0}, {""x"": 1.664578914642334, ""y"": 1.8587708473205566, ""z"": 0.0, ""velocity"": 0.0, ""snr"": 0.0}, {""x"": 1.6974806785583496, ""y"": 1.86234712600708, ""z"": 0.0, ""velocity"": 0.0, ""snr"": 0.0}]","[151771.0, 219944.0, 152906.0, 47269.0, 11071.0, 23239.0, 32993.0, 19693.0, 25759.0, 91685.0, 136478.0, 108266.0, 98653.0, 59559.0, 15778.0, 3888.0, 2963.0, 3286.0, 3619.0, 3951.0, 5512.0, 4658.0, 3005.0, 4160.0, 4650.0, 3656.0, 2736.0, 6094.0, 7588.0, 4948.0, 8456.0, 12746.0, 12605.0, 8756.0, 13363.0, 9322.0, 6776.0, 24009.0, 32336.0, 12306.0, 6270.0, 14567.0, 17272.0, 9135.0, 7337.0, 8246.0, 6846.0, 5519.0, 5194.0, 4828.0, 6159.0, 5588.0, 12894.0, 33176.0, 53688.0, 47403.0, 19644.0, 7505.0, 13146.0, 13667.0, 11361.0, 7377.0, 8044.0, 7623.0, 7417.0, 7826.0, 9166.0, 7336.0, 6881.0, 7140.0, 4873.0, 4752.0, 4550.0, 4728.0, 5225.0, 4422.0, 4754.0, 7708.0, 11197.0, 10665.0, 7230.0, 5421.0, 4731.0, 4979.0, 4589.0, 3796.0, 4478.0, 4818.0, 3281.0, 3486.0, 3209.0, 4500.0, 4271.0, 5348.0, 5549.0, 3898.0, 3672.0, 3437.0, 3135.0, 3939.0, 3569.0, 3348.0, 3298.0, 5232.0, 8885.0, 7844.0, 3322.0, 3979.0, 5649.0, 5732.0, 3687.0, 3472.0, 3425.0, 2915.0, 2650.0, 2529.0, 2314.0, 2288.0, 2675.0, 2220.0, 2290.0, 2557.0, 2197.0, 2166.0, 1998.0, 2328.0, 2347.0, 2187.0]",59769687.76764637
15,0.8,9,"[{""x"": -0.8668899536132812, ""y"": 1.4922022819519043, ""z"": 0.0, ""velocity"": 0.0, ""snr"": 0.0}, {""x"": -0.07277727127075195, ""y"": 0.4443526268005371, ""z"": 0.0, ""velocity"": 0.0, ""snr"": 0.0}, {""x"": -0.04076957702636719, ""y"": 0.469207763671875, ""z"": 0.0, ""velocity"": 0.0, ""snr"": 0.0}, {""x"": -0.08028745651245117, ""y"": 0.5523562431335449, ""z"": 0.0, ""velocity"": 0.0, ""snr"": 0.0}, {""x"": -0.09334087371826172, ""y"": 0.5881190299987793, ""z"": 0.0, ""velocity"": 0.0, ""snr"": 0.0}, {""x"": -0.006079673767089844, ""y"": 0.4978179931640625, ""z"": 0.0, ""velocity"": 0.0, ""snr"": 0.0}, {""x"": -0.001430511474609375, ""y"": 0.5260705947875977, ""z"": 0.0, ""velocity"": 0.0, ""snr"": 0.0}, {""x"": 1.6742348670959473, ""y"": 1.829087734222412, ""z"": 0.0, ""velocity"": 0.0, ""snr"": 0.0}, {""x"": 1.7048120498657227, ""y"": 1.8205046653747559, ""z"": 0.0, ""velocity"": 0.0, ""snr"": 0.0}]","[151894.0, 220021.0, 152512.0, 47320.0, 12383.0, 41795.0, 47134.0, 21689.0, 19652.0, 66454.0, 113860.0, 118510.0, 89342.0, 47565.0, 16602.0, 7363.0, 3941.0, 4317.0, 6363.0, 5576.0, 4615.0, 4714.0, 2787.0, 4426.0, 5307.0, 4383.0, 3427.0, 6581.0, 7653.0, 5054.0, 8093.0, 12415.0, 11419.0, 7034.0, 10772.0, 8247.0, 5929.0, 23681.0, 31695.0, 12061.0, 6573.0, 15053.0, 17826.0, 9850.0, 6788.0, 7384.0, 6547.0, 5333.0, 5105.0, 5015.0, 6778.0, 6177.0, 12815.0, 31059.0, 50145.0, 43027.0, 17605.0, 8201.0, 12925.0, 13155.0, 10527.0, 6623.0, 7438.0, 8006.0, 8393.0, 7718.0, 9060.0, 8053.0, 6472.0, 5342.0, 4966.0, 6255.0, 5097.0, 4793.0, 5134.0, 4256.0, 4257.0, 7015.0, 11151.0, 11075.0, 7173.0, 5728.0, 5074.0, 4043.0, 3672.0, 4746.0, 5461.0, 4537.0, 3360.0, 3534.0, 4031.0, 5098.0, 4965.0, 5261.0, 5310.0, 3970.0, 3236.0, 2950.0, 3077.0, 3548.0, 3916.0, 3989.0, 3513.0, 5385.0, 8683.0, 6968.0, 2645.0, 3214.0, 4970.0, 5247.0, 3616.0, 3097.0, 3170.0, 3221.0, 2783.0, 2984.0, 2777.0, 2619.0, 2450.0, 2259.0, 2265.0, 2302.0, 2434.0, 2950.0, 2381.0, 2117.0, 2179.0, 2269.0]",58574061.37948095
0,0.8,13,"[{""x"": -0.7957220077514648, ""y"": 1.530289649963379, ""z"": 0.0, ""velocity"": 0.0, ""snr"": 0.0}, {""x"": -0.823974609375, ""y"": 1.5152692794799805, ""z"": 0.0, ""velocity"": 0.0, ""snr"": 0.0}, {""x"": -0.359952449798584, ""y"": 1.4947056770324707, ""z"": 0.0, ""velocity"": 0.0, ""snr"": 0.0}, {""x"": -0.04220008850097656, ""y"": 0.2535581588745117, ""z"": 0.0, ""velocity"": 0.0, ""snr"": 0.0}, {""x"": -0.15217065811157227, ""y"": 1.5547871589660645, ""z"": 0.0, ""velocity"": 0.0, ""snr"": 0.0}, {""x"": -0.11944770812988281, ""y"": 1.5690922737121582, ""z"": 0.0, ""velocity"": 0.0, ""snr"": 0.0}, {""x"": 0.03933906555175781, ""y"": 0.5895495414733887, ""z"": 0.0, ""velocity"": 0.0, ""snr"": 0.0}, {""x"": 0.1621842384338379, ""y"": 0.5251765251159668, ""z"": 0.0, ""velocity"": 0.0, ""snr"": 0.0}, {""x"": 0.19919872283935547, ""y"": 0.4963874816894531, ""z"": 0.0, ""velocity"": 0.0, ""snr"": 0.0}, {""x"": 0.18668174743652344, ""y"": 0.504612922668457, ""z"": 0.0, ""velocity"": 0.0, ""snr"": 0.0}, {""x"": 1.6778111457824707, ""y"": 1.8002986907958984, ""z"": 0.0, ""velocity"": 0.0, ""snr"": 0.0}, {""x"": 1.6872882843017578, ""y"": 1.8205046653747559, ""z"": 0.0, ""velocity"": 0.0, ""snr"": 0.0}, {""x"": 1.7189383506774902, ""y"": 1.8108487129211426, ""z"": 0.0, ""velocity"": 0.0, ""snr"": 0.0}]","[151936.0, 219738.0, 152705.0, 47266.0, 29430.0, 75410.0, 80352.0, 33926.0, 13674.0, 39763.0, 54533.0, 76563.0, 97784.0, 46064.0, 10773.0, 8944.0, 6645.0, 4160.0, 3537.0, 2991.0, 2442.0, 2233.0, 2540.0, 4720.0, 6491.0, 4969.0, 3859.0, 4584.0, 5132.0, 7237.0, 12260.0, 13074.0, 13771.0, 17151.0, 29164.0, 21375.0, 9141.0, 30438.0, 38407.0, 15009.0, 7436.0, 15164.0, 17606.0, 9363.0, 9355.0, 8337.0, 6685.0, 6098.0, 6917.0, 6463.0, 6044.0, 5584.0, 12326.0, 32994.0, 56234.0, 51024.0, 22052.0, 8881.0, 14340.0, 14371.0, 11137.0, 7218.0, 5738.0, 4986.0, 6229.0, 7038.0, 10982.0, 10610.0, 10183.0, 9115.0, 5965.0, 5160.0, 4850.0, 4758.0, 5465.0, 4916.0, 4281.0, 6420.0, 10831.0, 10510.0, 6485.0, 5066.0, 4375.0, 2956.0, 3288.0, 3474.0, 5398.0, 4397.0, 4119.0, 4065.0, 3456.0, 5065.0, 5074.0, 5716.0, 5610.0, 3677.0, 3167.0, 3064.0, 3182.0, 3301.0, 4119.0, 4202.0, 2935.0, 5446.0, 8266.0, 5541.0, 3071.0, 3054.0, 4949.0, 5180.0, 3086.0, 3470.0, 3067.0, 3024.0, 2543.0, 2520.0, 2573.0, 2576.0, 2541.0, 2701.0, 2660.0, 2427.0, 2557.0, 2677.0, 2044.0, 2005.0, 2260.0, 2209.0]",60872182.58515254
1,0.8,15,"[{""x"": -0.7994771003723145, ""y"": 1.5154480934143066, ""z"": 0.0, ""velocity"": 0.0, ""snr"": 0.0}, {""x"": -0.8411407470703125, ""y"": 1.495063304901123, ""z"": 0.0, ""velocity"": 0.0, ""snr"": 0.0}, {""x"": -0.25069713592529297, ""y"": 0.5494952201843262, ""z"": 0.0, ""velocity"": 0.0, ""snr"": 0.0}, {""x"": -0.09924173355102539, ""y"": 0.4246830940246582, ""z"": 0.0, ""velocity"": 0.0, ""snr"": 0.0}, {""x"": -0.09137392044067383, ""y"": 0.44524669647216797, ""z"": 0.0, ""velocity"": 0.0, ""snr"": 0.0}, {""x"": -0.15968084335327148, ""y"": 0.5530714988708496, ""z"": 0.0, ""velocity"": 0.0, ""snr"": 0.0}, {""x"": -0.03343820571899414, ""y"": 1.565873622894287, ""z"": 0.0, ""velocity"": 0.0, ""snr"": 0.0}, {""x"": -0.08475780487060547, ""y"": 1.587510108947754, ""z"": 0.0, ""velocity"": 0.0, ""snr"": 0.0}, {""x"": 0.2027750015258789, ""y"": 0.4792213439941406, ""z"": 0.0, ""velocity"": 0.0, ""snr"": 0.0}, {""x"": 0.28055906295776367, ""y"": 0.4563331604003906, ""z"": 0.0, ""velocity"": 0.0, ""snr"": 0.0}, {""x"": 1.1948347091674805, ""y"": 2.218902111053467, ""z"": 0.0, ""velocity"": 0.0, ""snr"": 0.0}, {""x"": 0.31256675720214844, ""y"": 0.4481077194213867, ""z"": 0.0, ""velocity"": 0.0, ""snr"": 0.0}, {""x"": 1.6086101531982422, ""y"": 1.8916726112365723, ""z"": 0.0, ""velocity"": 0.0, ""snr"": 0.0}, {""x"": 1.5025734901428223, ""y"": 1.9919872283935547, ""z"": 0.0, ""velocity"": 0.0, ""snr"": 0.0}, {""x"": 1.703023910522461, ""y"": 1.7756223678588867, ""z"": 0.0, ""velocity"": 0.0, ""snr"": 0.0}]","[152008.0, 219817.0, 152582.0, 47618.0, 24795.0, 46217.0, 46899.0, 26770.0, 22001.0, 54309.0, 64333.0, 56229.0, 64164.0, 29352.0, 15099.0, 5932.0, 3466.0, 3394.0, 3740.0, 3961.0, 3130.0, 2244.0, 2375.0, 4116.0, 5257.0, 4753.0, 4792.0, 6727.0, 7838.0, 4562.0, 9927.0, 12163.0, 11331.0, 9397.0, 16696.0, 14359.0, 15413.0, 32518.0, 33886.0, 9607.0, 8328.0, 14216.0, 16396.0, 11537.0, 8489.0, 7508.0, 6679.0, 6459.0, 6187.0, 5549.0, 6206.0, 5012.0, 12264.0, 32232.0, 56410.0, 51697.0, 21067.0, 10035.0, 15016.0, 14666.0, 11196.0, 7912.0, 6670.0, 5606.0, 7767.0, 10133.0, 11823.0, 8287.0, 7365.0, 7758.0, 6342.0, 4499.0, 3933.0, 5256.0, 5117.0, 4253.0, 3783.0, 6644.0, 11293.0, 10153.0, 5798.0, 4735.0, 4260.0, 3506.0, 4185.0, 4463.0, 4654.0, 4413.0, 3792.0, 3820.0, 3625.0, 5069.0, 4651.0, 5257.0, 5335.0, 4196.0, 3557.0, 3544.0, 3873.0, 3904.0, 3960.0, 3824.0, 3301.0, 5708.0, 9069.0, 7425.0, 3401.0, 3614.0, 5084.0, 5058.0, 3678.0, 3579.0, 2909.0, 2319.0, 2197.0, 2306.0, 2337.0, 2456.0, 2272.0, 2618.0, 2603.0, 2291.0, 2333.0, 2987.0, 2292.0, 2133.0, 2120.0, 2149.0]",59654943.34424731
2,0.8,10,"[{""x"": -0.7721185684204102, ""y"": 1.5352964401245117, ""z"": 0.0, ""velocity"": 0.0, ""snr"": 0.0}, {""x"": -0.8516907691955566, ""y"": 1.4963150024414062, ""z"": 0.0, ""velocity"": 0.0, ""snr"": 0.0}, {""x"": -0.17791986465454102, ""y"": 0.37282705307006836, ""z"": 0.0, ""velocity"": 0.0, ""snr"": 0.0}, {""x"": -0.007152557373046875, ""y"": 0.5171298980712891, ""z"": 0.0, ""velocity"": 0.0, ""snr"": 0.0}, {""x"": 0.02467632293701172, ""y"": 0.5328655242919922, ""z"": 0.0, ""velocity"": 0.0, ""snr"": 0.0}, {""x"": 0.016629695892333984, ""y"": 0.5904436111450195, ""z"": 0.0, ""velocity"": 0.0, ""snr"": 0.0}, {""x"": 0.06490945816040039, ""y"": 0.5532503128051758, ""z"": 0.0, ""velocity"": 0.0, ""snr"": 0.0}, {""x"": 1.6794204711914062, ""y"": 1.7965435981750488, ""z"": 0.0, ""velocity"": 0.0, ""snr"": 0.0}, {""x"": 1.70820951461792, ""y"": 1.8178224563598633, ""z"": 0.0, ""velocity"": 0.0, ""snr"": 0.0}, {""x"": 1.7153620719909668, ""y"": 1.7918944358825684, ""z"": 0.0, ""velocity"": 0.0, ""snr"": 0.0}]","[152127.0, 220022.0, 152638.0, 48914.0, 33063.0, 27005.0, 22032.0, 21968.0, 14647.0, 18053.0, 36817.0, 69153.0, 66165.0, 36870.0, 11752.0, 3742.0, 3731.0, 3473.0, 4292.0, 4133.0, 2703.0, 2321.0, 2542.0, 4137.0, 6216.0, 4892.0, 4962.0, 6610.0, 6639.0, 5442.0, 10554.0, 8574.0, 7615.0, 9745.0, 10452.0, 7420.0, 11337.0, 28745.0, 32732.0, 12354.0, 9108.0, 14561.0, 17354.0, 9717.0, 7819.0, 6991.0, 6102.0, 4938.0, 5430.0, 5496.0, 5662.0, 5679.0, 13207.0, 32697.0, 54595.0, 47376.0, 19209.0, 8957.0, 13968.0, 13217.0, 10058.0, 7780.0, 9018.0, 6328.0, 6379.0, 7022.0, 9655.0, 8999.0, 7633.0, 6999.0, 5570.0, 4613.0, 3554.0, 5292.0, 4786.0, 4211.0, 3715.0, 6568.0, 10105.0, 10240.0, 7100.0, 5939.0, 5295.0, 4200.0, 4214.0, 5226.0, 6161.0, 5141.0, 3620.0, 4040.0, 3586.0, 4896.0, 5660.0, 6050.0, 5415.0, 4288.0, 2979.0, 3230.0, 3569.0, 3104.0, 3835.0, 3371.0, 3267.0, 4857.0, 8103.0, 7334.0, 3683.0, 3431.0, 4670.0, 5190.0, 3727.0, 3812.0, 2705.0, 2371.0, 2229.0, 2485.0, 2489.0, 2331.0, 2360.0, 2066.0, 2503.0, 2501.0, 2850.0, 2654.0, 2036.0, 2094.0, 2383.0, 2499.0]",58463032.97460155
3,0.8,11,"[{""x"": -0.6982684135437012, ""y"": 1.2436509132385254, ""z"": 0.0, ""velocity"": 0.0, ""snr"": 0.0}, {""x"": -0.6321072578430176, ""y"": 1.594841480255127, ""z"": 0.0, ""velocity"": 0.0, ""snr"": 0.0}, {""x"": -0.6982684135437012, ""y"": 1.5778541564941406, ""z"": 0.0, ""velocity"": 0.0, ""snr"": 0.0}, {""x"": -0.07724761962890625, ""y"": 0.45543909072875977, ""z"": 0.0, ""velocity"": 0.0, ""snr"": 0.0}, {""x"": -0.06347894668579102, ""y"": 0.4711747169494629, ""z"": 0.0, ""velocity"": 0.0, ""snr"": 0.0}, {""x"": -0.032007694244384766, ""y"": 0.48404932022094727, ""z"": 0.0, ""velocity"": 0.0, ""snr"": 0.0}, {""x"": 0.14251470565795898, ""y"": 0.5033612251281738, ""z"": 0.0, ""velocity"": 0.0, ""snr"": 0.0}, {""x"": 0.17595291137695312, ""y"": 0.5165934562683105, ""z"": 0.0, ""velocity"": 0.0, ""snr"": 0.0}, {""x"": 1.6502737998962402, ""y"": 1.8222928047180176, ""z"": 0.0, ""velocity"": 0.0, ""snr"": 0.0}, {""x"": 1.696944236755371, ""y"": 1.8083453178405762, ""z"": 0.0, ""velocity"": 0.0, ""snr"": 0.0}, {""x"": 1.7277002334594727, ""y"": 1.7985105514526367, ""z"": 0.0, ""velocity"": 0.0, ""snr"": 0.0}]","[152195.0, 219806.0, 152677.0, 53229.0, 53225.0, 33303.0, 54204.0, 38209.0, 8053.0, 45469.0, 107145.0, 101278.0, 68520.0, 27224.0, 10814.0, 5998.0, 3614.0, 2664.0, 3949.0, 5735.0, 4723.0, 2707.0, 2580.0, 3815.0, 5331.0, 5491.0, 5750.0, 9487.0, 10239.0, 7822.0, 13493.0, 16480.0, 16747.0, 13932.0, 13791.0, 10733.0, 15141.0, 33520.0, 39106.0, 17601.0, 8581.0, 14775.0, 17577.0, 13013.0, 9966.0, 8016.0, 6387.0, 5647.0, 5325.0, 4728.0, 5345.0, 5841.0, 13623.0, 33623.0, 54768.0, 47371.0, 18761.0, 8375.0, 13477.0, 13286.0, 10377.0, 7468.0, 6914.0, 5631.0, 6176.0, 8541.0, 9832.0, 8475.0, 7732.0, 7504.0, 6218.0, 4323.0, 4160.0, 4315.0, 6233.0, 5695.0, 5575.0, 7469.0, 10701.0, 9973.0, 6875.0, 5004.0, 4262.0, 2979.0, 3460.0, 3253.0, 3494.0, 3669.0, 3204.0, 4179.0, 4131.0, 5202.0, 5244.0, 5820.0, 5612.0, 3972.0, 3235.0, 3084.0, 3597.0, 3916.0, 3923.0, 3555.0, 2879.0, 5918.0, 9915.0, 7925.0, 3266.0, 2751.0, 5924.0, 6435.0, 4664.0, 3539.0, 2714.0, 2860.0, 2678.0, 2273.0, 2394.0, 2307.0, 2233.0, 2059.0, 2337.0, 2335.0, 2431.0, 2536.0, 1912.0, 2137.0, 2335.0, 2555.0]",57292329.69876842
4,0.8,10,"[{""x"": -0.7497668266296387, ""y"": 1.555323600769043, ""z"": 0.0, ""velocity"": 0.0, ""snr"": 0.0}, {""x"": 0.08511543273925781, ""y"": 0.4432797431945801, ""z"": 0.0, ""velocity"": 0.0, ""snr"": 0.0}, {""x"": 0.1214146614074707, ""y"": 0.45615434646606445, ""z"": 0.0, ""velocity"": 0.0, ""snr"": 0.0}, {""x"": 0.20420551300048828, ""y"": 0.46259164810180664, ""z"": 0.0, ""velocity"": 0.0, ""snr"": 0.0}, {""x"": 0.20813941955566406, ""y"": 0.4836916923522949, ""z"": 0.0, ""velocity"": 0.0, ""snr"": 0.0}, {""x"": 0.194549560546875, ""y"": 0.5115866661071777, ""z"": 0.0, ""velocity"": 0.0, ""snr"": 0.0}, {""x"": 1.6538500785827637, ""y"": 1.8213987350463867, ""z"": 0.0, ""velocity"": 0.0, ""snr"": 0.0}, {""x"": 1.718759536743164, ""y"": 1.7911791801452637, ""z"": 0.0, ""velocity"": 0.0, ""snr"": 0.0}, {""x"": 1.7761588096618652, ""y"": 1.7536282539367676, ""z"": 0.0, ""velocity"": 0.0, ""snr"": 0.0}, {""x"": 1.86842679977417, ""y"": 1.6955137252807617, ""z"": 0.0, ""velocity"": 0.0, ""snr"": 0.0}]","[152546.0, 219970.0, 153165.0, 47131.0, 16436.0, 37072.0, 39244.0, 17361.0, 10579.0, 34963.0, 60694.0, 68316.0, 60352.0, 24857.0, 14597.0, 6985.0, 5529.0, 5103.0, 5690.0, 5464.0, 3249.0, 3428.0, 4351.0, 4467.0, 6996.0, 6174.0, 4824.0, 8301.0, 9541.0, 5299.0, 10833.0, 14756.0, 14402.0, 12088.0, 8922.0, 9560.0, 13954.0, 25651.0, 30741.0, 14288.0, 11322.0, 12694.0, 14356.0, 12654.0, 8158.0, 8845.0, 8019.0, 6086.0, 5028.0, 5332.0, 6553.0, 5982.0, 12993.0, 34207.0, 57775.0, 52404.0, 22001.0, 9949.0, 13228.0, 13529.0, 10863.0, 7497.0, 6417.0, 5243.0, 7667.0, 5729.0, 8108.0, 7223.0, 7130.0, 7345.0, 5542.0, 6649.0, 5635.0, 4678.0, 4486.0, 4662.0, 4744.0, 6119.0, 10782.0, 10636.0, 6205.0, 5558.0, 5431.0, 3343.0, 3776.0, 3383.0, 4737.0, 4235.0, 3914.0, 3894.0, 3918.0, 4320.0, 5127.0, 5730.0, 5574.0, 4055.0, 3682.0, 2700.0, 3106.0, 3922.0, 4471.0, 3879.0, 3232.0, 5251.0, 8304.0, 7249.0, 3001.0, 3075.0, 4082.0, 4216.0, 3700.0, 3432.0, 2874.0, 3120.0, 2666.0, 2383.0, 2298.0, 2416.0, 2243.0, 2231.0, 2341.0, 2609.0, 2545.0, 2893.0, 2330.0, 2460.0, 2170.0, 2419.0]",56147242.61900391
5,0.8,11,"[{""x"": -0.830233097076416, ""y"": 1.197516918182373, ""z"": 0.0, ""velocity"": 0.0, ""snr"": 0.0}, {""x"": -0.7206201553344727, ""y"": 1.2336373329162598, ""z"": 0.0, ""velocity"": 0.0, ""snr"": 0.0}, {""x"": 0.06365776062011719, ""y"": 0.4500746726989746, ""z"": 0.0, ""velocity"": 0.0, ""snr"": 0.0}, {""x"": 0.07921457290649414, ""y"": 0.4649162292480469, ""z"": 0.0, ""velocity"": 0.0, ""snr"": 0.0}, {""x"": 0.17398595809936523, ""y"": 0.4801154136657715, ""z"": 0.0, ""velocity"": 0.0, ""snr"": 0.0}, {""x"": 0.22530555725097656, ""y"": 0.48047304153442383, ""z"": 0.0, ""velocity"": 0.0, ""snr"": 0.0}, {""x"": 0.21260976791381836, ""y"": 0.5058646202087402, ""z"": 0.0, ""velocity"": 0.0, ""snr"": 0.0}, {""x"": 1.6005635261535645, ""y"": 1.8671751022338867, ""z"": 0.0, ""velocity"": 0.0, ""snr"": 0.0}, {""x"": 1.666724681854248, ""y"": 1.8382072448730469, ""z"": 0.0, ""velocity"": 0.0, ""snr"": 0.0}, {""x"": 1.6990900039672852, ""y"": 1.8260478973388672, ""z"": 0.0, ""velocity"": 0.0, ""snr"": 0.0}, {""x"": 1.8004775047302246, ""y"": 1.7670392990112305, ""z"": 0.0, ""velocity"": 0.0, ""snr"": 0.0}]","[151998.0, 219799.0, 152524.0, 47129.0, 12150.0, 21480.0, 17396.0, 10504.0, 11978.0, 35125.0, 60668.0, 72360.0, 68484.0, 32014.0, 9340.0, 5101.0, 5925.0, 5564.0, 5466.0, 4502.0, 3010.0, 2833.0, 2581.0, 3520.0, 4460.0, 4593.0, 4640.0, 4885.0, 6026.0, 4898.0, 11000.0, 16177.0, 16289.0, 11339.0, 9064.0, 10388.0, 9940.0, 15762.0, 18050.0, 4014.0, 10585.0, 12763.0, 14690.0, 8484.0, 7030.0, 8763.0, 7148.0, 5969.0, 5445.0, 5320.0, 5731.0, 5423.0, 14024.0, 35138.0, 58619.0, 52182.0, 20949.0, 10026.0, 13980.0, 12987.0, 9794.0, 7742.0, 7609.0, 5083.0, 6641.0, 8215.0, 10467.0, 8430.0, 8079.0, 6761.0, 7167.0, 7174.0, 4709.0, 4800.0, 5683.0, 4930.0, 4114.0, 6575.0, 11181.0, 10801.0, 6845.0, 4990.0, 4818.0, 3540.0, 3239.0, 3192.0, 3811.0, 4086.0, 3676.0, 3752.0, 3569.0, 4583.0, 5246.0, 5907.0, 5398.0, 3921.0, 2824.0, 2984.0, 3100.0, 3577.0, 3834.0, 3070.0, 2963.0, 5694.0, 8983.0, 7437.0, 2983.0, 2911.0, 3751.0, 3726.0, 2932.0, 2861.0, 2582.0, 3044.0, 2635.0, 2613.0, 2647.0, 2863.0, 2399.0, 2609.0, 2414.0, 2387.0, 2277.0, 2521.0, 2167.0, 2069.0, 2239.0, 2219.0]",55024977.71352559
6,0.8,12,"[{""x"": -0.8515119552612305, ""y"": 1.1889338493347168, ""z"": 0.0, ""velocity"": 0.0, ""snr"": 0.0}, {""x"": -0.7377862930297852, ""y"": 1.2257695198059082, ""z"": 0.0, ""velocity"": 0.0, ""snr"": 0.0}, {""x"": -0.09351968765258789, ""y"": 0.44649839401245117, ""z"": 0.0, ""velocity"": 0.0, ""snr"": 0.0}, {""x"": -0.1278519630432129, ""y"": 0.4642009735107422, ""z"": 0.0, ""velocity"": 0.0, ""snr"": 0.0}, {""x"": -0.033974647521972656, ""y"": 0.2557039260864258, ""z"": 0.0, ""velocity"": 0.0, ""snr"": 0.0}, {""x"": -0.08314847946166992, ""y"": 0.4368424415588379, ""z"": 0.0, ""velocity"": 0.0, ""snr"": 0.0}, {""x"": 1.0594725608825684, ""y"": 1.5882253646850586, ""z"": 0.0, ""velocity"": 0.0, ""snr"": 0.0}, {""x"": 0.3517270088195801, ""y"": 0.4119873046875, ""z"": 0.0, ""velocity"": 0.0, ""snr"": 0.0}, {""x"": 1.6486644744873047, ""y"": 1.822829246520996, ""z"": 0.0, ""velocity"": 0.0, ""snr"": 0.0}, {""x"": 1.649022102355957, ""y"": 1.850724220275879, ""z"": 0.0, ""velocity"": 0.0, ""snr"": 0.0}, {""x"": 1.6415119171142578, ""y"": 1.8743276596069336, ""z"": 0.0, ""velocity"": 0.0, ""snr"": 0.0}, {""x"": 0.4032254219055176, ""y"": 0.3876686096191406, ""z"": 0.0, ""velocity"": 0.0, ""snr"": 0.0}]","[152231.0, 219815.0, 152608.0, 47231.0, 25844.0, 67489.0, 73990.0, 31430.0, 17579.0, 57178.0, 82961.0, 53160.0, 48673.0, 29260.0, 12651.0, 67174912.0, 134546947.0, 84082695.0, 196613.0, 174338560.0, 105472.0, 0.0, 4096.0, 512.0, 4294967040.0, 77311.0, 46080.0, 998244352.0, 3201903929.0, 2147483705.0, 2147483710.0, 4159.0, 1039010816.0, 26.0, 2890348800.0, 1745647.0, 1023410176.0, 4260221254.0, 32.0, 1011627008.0, 2142957.0, 1073741824.0, 3523150667.0, 9.0, 1531474176.0, 666367.0, 2483027968.0, 3472735045.0, 12.0, 4215552768.0, 690175.0, 2415919104.0, 335556932.0, 12.0, 3007600640.0, 2209022.0, 1191182336.0, 519970116.0, 34.0, 3695532288.0, 2246653.0, 1308622848.0, 318867269.0, 11.0, 927234048.0, 2599716.0, 822083584.0, 874866765.0, 39.0, 1028344064.0, 2542118.0, 1258291200.0, 77385.0, 131072.0, 39044096.0, 56327680.0, 39058944.0, 12075264.0, 3054592.0, 11566848.0, 12694016.0, 5672448.0, 7459072.0, 27955456.0, 49615104.0, 42306816.0, 20163072.0, 8341504.0, 3560192.0, 1232896.0, 775168.0, 723456.0, 746496.0, 769792.0, 686080.0, 697600.0, 677376.0, 1120000.0, 1368320.0, 1265408.0, 1346304.0, 1529344.0, 1145088.0, 1341184.0, 2926592.0, 4802560.0, 4630016.0, 5036544.0, 8816128.0, 7060224.0, 2219776.0, 7409408.0, 9423872.0, 3834368.0, 1551872.0, 3305984.0, 3893248.0, 2078720.0, 1980672.0, 2212352.0, 1785344.0, 1501440.0, 1467648.0, 1391872.0, 1527040.0, 1568768.0, 2927872.0, 7311104.0]",453789210.0511247
7,0.8,17,"[{""x"": -0.7163286209106445, ""y"": 1.2377500534057617, ""z"": 0.0, ""velocity"": 0.0, ""snr"": 0.0}, {""x"": -0.8134245872497559, ""y"": 1.203775405883789, ""z"": 0.0, ""velocity"": 0.0, ""snr"": 0.0}, {""x"": -0.8161067962646484, ""y"": 1.5177726745605469, ""z"": 0.0, ""velocity"": 0.0, ""snr"": 0.0}, {""x"": -0.8622407913208008, ""y"": 1.4952421188354492, ""z"": 0.0, ""velocity"": 0.0, ""snr"": 0.0}, {""x"": -0.08976459503173828, ""y"": 0.2650022506713867, ""z"": 0.0, ""velocity"": 0.0, ""snr"": 0.0}, {""x"": -0.080108642578125, ""y"": 0.2524852752685547, ""z"": 0.0, ""velocity"": 0.0, ""snr"": 0.0}, {""x"": -0.07027387619018555, ""y"": 0.44596195220947266, ""z"": 0.0, ""velocity"": 0.0, ""snr"": 0.0}, {""x"": -0.03039836883544922, ""y"": 0.46509504318237305, ""z"": 0.0, ""velocity"": 0.0, ""snr"": 0.0}, {""x"": -0.08511543273925781, ""y"": 0.5927681922912598, ""z"": 0.0, ""velocity"": 0.0, ""snr"": 0.0}, {""x"": -0.10192394256591797, ""y"": 1.5662312507629395, ""z"": 0.0, ""velocity"": 0.0, ""snr"": 0.0}, {""x"": 0.0064373016357421875, ""y"": 0.4826188087463379, ""z"": 0.0, ""velocity"": 0.0, ""snr"": 0.0}, {""x"": 0.03218650817871094, ""y"": 0.5539655685424805, ""z"": 0.0, ""velocity"": 0.0, ""snr"": 0.0}, {""x"": -0.02664327621459961, ""y"": 1.5454888343811035, ""z"": 0.0, ""velocity"": 0.0, ""snr"": 0.0}, {""x"": -0.08153915405273438, ""y"": 1.5630125999450684, ""z"": 0.0, ""velocity"": 0.0, ""snr"": 0.0}, {""x"": 0.09369850158691406, ""y"": 0.5038976669311523, ""z"": 0.0, ""velocity"": 0.0, ""snr"": 0.0}, {""x"": 1.7225146293640137, ""y"": 1.7849206924438477, ""z"": 0.0, ""velocity"": 0.0, ""snr"": 0.0}, {""x"": 1.7502307891845703, ""y"": 1.777052879333496, ""z"": 0.0, ""velocity"": 0.0, ""snr"": 0.0}]","[151869.0, 219878.0, 152728.0, 47367.0, 29052.0, 94365.0, 122457.0, 61252.0, 24190.0, 93817.0, 162082.0, 142750.0, 68489.0, 29560.0, 12745.0, 4616.0, 3568.0, 3927.0, 3303.0, 3580.0, 3215.0, 3416.0, 2875.0, 3599.0, 5175.0, 4343.0, 4934.0, 5708.0, 5847.0, 4809.0, 10412.0, 17525.0, 16575.0, 19269.0, 35346.0, 28379.0, 8787.0, 27351.0, 34783.0, 14533.0, 6038.0, 13105.0, 15337.0, 8556.0, 8188.0, 8017.0, 6515.0, 5814.0, 5590.0, 5226.0, 6033.0, 6196.0, 11568.0, 28685.0, 47350.0, 40797.0, 16665.0, 9193.0, 11154.0, 12192.0, 9859.0, 6764.0, 6435.0, 6143.0, 8016.0, 7594.0, 8677.0, 7728.0, 6753.0, 5360.0, 5033.0, 4228.0, 4160.0, 3615.0, 4351.0, 3837.0, 4067.0, 7494.0, 11781.0, 11480.0, 7812.0, 5753.0, 5013.0, 4414.0, 4379.0, 3480.0, 3871.0, 4178.0, 4237.0, 4548.0, 4452.0, 5437.0, 4184.0, 5241.0, 5256.0, 3895.0, 3826.0, 3700.0, 3476.0, 3663.0, 3875.0, 3202.0, 2797.0, 4755.0, 8597.0, 8435.0, 5125.0, 3533.0, 5417.0, 5899.0, 4422.0, 3761.0, 3003.0, 3241.0, 2955.0, 2474.0, 2319.0, 2512.0, 2661.0, 2320.0, 2180.0, 2142.0, 2796.0, 3254.0, 2416.0, 2133.0, 2033.0, 2258.0]",61897644.569692984
8,0.8,16,"[{""x"": -0.8127093315124512, ""y"": 1.1785626411437988, ""z"": 0.0, ""velocity"": 0.0, ""snr"": 0.0}, {""x"": -0.9085536003112793, ""y"": 1.1347532272338867, ""z"": 0.0, ""velocity"": 0.0, ""snr"": 0.0}, {""x"": -0.8109211921691895, ""y"": 1.522064208984375, ""z"": 0.0, ""velocity"": 0.0, ""snr"": 0.0}, {""x"": -0.8273720741271973, ""y"": 1.513838768005371, ""z"": 0.0, ""velocity"": 0.0, ""snr"": 0.0}, {""x"": -0.052034854888916016, ""y"": 0.4557967185974121, ""z"": 0.0, ""velocity"": 0.0, ""snr"": 0.0}, {""x"": -0.016808509826660156, ""y"": 0.4786849021911621, ""z"": 0.0, ""velocity"": 0.0, ""snr"": 0.0}, {""x"": 0.009119510650634766, ""y"": 0.48798322677612305, ""z"": 0.0, ""velocity"": 0.0, ""snr"": 0.0}, {""x"": 0.02378225326538086, ""y"": 1.5454888343811035, ""z"": 0.0, ""velocity"": 0.0, ""snr"": 0.0}, {""x"": -0.05418062210083008, ""y"": 1.564621925354004, ""z"": 0.0, ""velocity"": 0.0, ""snr"": 0.0}, {""x"": -0.043272972106933594, ""y"": 1.567840576171875, ""z"": 0.0, ""velocity"": 0.0, ""snr"": 0.0}, {""x"": 0.044345855712890625, ""y"": 0.5092620849609375, ""z"": 0.0, ""velocity"": 0.0, ""snr"": 0.0}, {""x"": 0.06347894668579102, ""y"": 0.544130802154541, ""z"": 0.0, ""velocity"": 0.0, ""snr"": 0.0}, {""x"": 1.6633272171020508, ""y"": 1.8119215965270996, ""z"": 0.0, ""velocity"": 0.0, ""snr"": 0.0}, {""x"": 1.7339587211608887, ""y"": 1.775801181793213, ""z"": 0.0, ""velocity"": 0.0, ""snr"": 0.0}, {""x"": 1.7992258071899414, ""y"": 1.729130744934082, ""z"": 0.0, ""velocity"": 0.0, ""snr"": 0.0}, {""x"": 1.8521547317504883, ""y"": 1.7142891883850098, ""z"": 0.0, ""velocity"": 0.0, ""snr"": 0.0}]","[151961.0, 220025.0, 152668.0, 47453.0, 13673.0, 27595.0, 43893.0, 26709.0, 17515.0, 64535.0, 160831.0, 165840.0, 83641.0, 29376.0, 12163.0, 7178.0, 5963.0, 5090.0, 4053.0, 4950.0, 3887.0, 3076.0, 2830.0, 3351.0, 3953.0, 4604.0, 5730.0, 6104.0, 5794.0, 2877.0, 9687.0, 15481.0, 15416.0, 16445.0, 31884.0, 24847.0, 9887.0, 36315.0, 44914.0, 18437.0, 6862.0, 13493.0, 15371.0, 10202.0, 7564.0, 8260.0, 6653.0, 6020.0, 5903.0, 5474.0, 5924.0, 6278.0, 11724.0, 29211.0, 49931.0, 44362.0, 18418.0, 8883.0, 11081.0, 12317.0, 12546.0, 8794.0, 7077.0, 6629.0, 8703.0, 8961.0, 10367.0, 9868.0, 7706.0, 4992.0, 4856.0, 4477.0, 3999.0, 3981.0, 5324.0, 5021.0, 4325.0, 8083.0, 12769.0, 11877.0, 6957.0, 4797.0, 5063.0, 3870.0, 4443.0, 3227.0, 3854.0, 3788.0, 4791.0, 4652.0, 4696.0, 4221.0, 4180.0, 5887.0, 5774.0, 4322.0, 3920.0, 3557.0, 3954.0, 4087.0, 4198.0, 3837.0, 2897.0, 6078.0, 9191.0, 8069.0, 4313.0, 3457.0, 5298.0, 5148.0, 3576.0, 3459.0, 3348.0, 3037.0, 2441.0, 2384.0, 2455.0, 2617.0, 2686.0, 2267.0, 2545.0, 2418.0, 2710.0, 3302.0, 2652.0, 2026.0, 2226.0, 2127.0]",60658974.0779367
9,0.8,15,"[{""x"": -0.822901725769043, ""y"": 1.2028813362121582, ""z"": 0.0, ""velocity"": 0.0, ""snr"": 0.0}, {""x"": -0.6142258644104004, ""y"": 1.260995864868164, ""z"": 0.0, ""velocity"": 0.0, ""snr"": 0.0}, {""x"": -0.7554888725280762, ""y"": 1.215219497680664, ""z"": 0.0, ""velocity"": 0.0, ""snr"": 0.0}, {""x"": -0.8003711700439453, ""y"": 1.5211701393127441, ""z"": 0.0, ""velocity"": 0.0, ""snr"": 0.0}, {""x"": -0.8543729782104492, ""y"": 1.4948844909667969, ""z"": 0.0, ""velocity"": 0.0, ""snr"": 0.0}, {""x"": -0.044345855712890625, ""y"": 0.45311450958251953, ""z"": 0.0, ""velocity"": 0.0, ""snr"": 0.0}, {""x"": -0.040590763092041016, ""y"": 0.46259164810180664, ""z"": 0.0, ""velocity"": 0.0, ""snr"": 0.0}, {""x"": -0.03594160079956055, ""y"": 0.4684925079345703, ""z"": 0.0, ""velocity"": 0.0, ""snr"": 0.0}, {""x"": -0.28055906295776367, ""y"": 1.504361629486084, ""z"": 0.0, ""velocity"": 0.0, ""snr"": 0.0}, {""x"": -0.0286102294921875, ""y"": 0.5688071250915527, ""z"": 0.0, ""velocity"": 0.0, ""snr"": 0.0}, {""x"": -0.03129243850708008, ""y"": 0.600278377532959, ""z"": 0.0, ""velocity"": 0.0, ""snr"": 0.0}, {""x"": -0.09191036224365234, ""y"": 1.560509204864502, ""z"": 0.0, ""velocity"": 0.0, ""snr"": 0.0}, {""x"": -0.040590763092041016, ""y"": 1.5721321105957031, ""z"": 0.0, ""velocity"": 0.0, ""snr"": 0.0}, {""x"": 1.6799569129943848, ""y"": 1.7952919006347656, ""z"": 0.0, ""velocity"": 0.0, ""snr"": 0.0}, {""x"": 1.788496971130371, ""y"": 1.7244815826416016, ""z"": 0.0, ""velocity"": 0.0, ""snr"": 0.0}]","[152081.0, 219973.0, 152553.0, 55273.0, 64746.0, 44301.0, 21003.0, 17448.0, 21582.0, 101363.0, 191409.0, 136875.0, 43632.0, 28518.0, 15550.0, 4608.0, 4154.0, 4264.0, 2768.0, 2778.0, 3279.0, 3530.0, 3139.0, 4271.0, 4846.0, 4478.0, 5199.0, 6357.0, 7160.0, 6621.0, 13644.0, 20706.0, 22012.0, 15201.0, 23119.0, 18762.0, 11614.0, 33984.0, 37792.0, 14847.0, 6023.0, 13660.0, 15882.0, 11778.0, 7928.0, 9274.0, 6927.0, 4858.0, 4948.0, 5689.0, 6126.0, 6466.0, 13153.0, 32256.0, 55318.0, 54262.0, 38009.0, 13418.0, 11272.0, 13074.0, 12068.0, 8454.0, 7842.0, 9477.0, 9418.0, 9387.0, 10140.0, 9056.0, 6628.0, 5162.0, 5331.0, 6219.0, 5144.0, 4118.0, 5021.0, 4722.0, 4826.0, 7380.0, 11557.0, 10828.0, 6339.0, 5951.0, 4901.0, 3516.0, 4414.0, 3962.0, 4364.0, 4329.0, 4232.0, 4477.0, 4293.0, 4650.0, 5031.0, 6022.0, 5618.0, 4717.0, 3882.0, 2919.0, 3939.0, 4783.0, 4872.0, 3964.0, 2880.0, 4956.0, 8196.0, 6908.0, 3372.0, 3489.0, 5563.0, 5811.0, 3959.0, 3438.0, 3000.0, 3118.0, 2625.0, 2464.0, 2389.0, 2328.0, 2835.0, 2677.0, 2429.0, 2372.0, 2607.0, 2891.0, 2573.0, 2634.0, 2516.0, 2187.0]",59446354.9112547
10,0.8,13,"[{""x"": -0.7109642028808594, ""y"": 1.2270212173461914, ""z"": 0.0, ""velocity"": 0.0, ""snr"": 0.0}, {""x"": -0.8137822151184082, ""y"": 1.5193819999694824, ""z"": 0.0, ""velocity"": 0.0, ""snr"": 0.0}, {""x"": -0.5650520324707031, ""y"": 1.275479793548584, ""z"": 0.0, ""velocity"": 0.0, ""snr"": 0.0}, {""x"": -0.7429718971252441, ""y"": 1.5492439270019531, ""z"": 0.0, ""velocity"": 0.0, ""snr"": 0.0}, {""x"": -0.19598007202148438, ""y"": 0.601351261138916, ""z"": 0.0, ""velocity"": 0.0, ""snr"": 0.0}, {""x"": -0.07367134094238281, ""y"": 0.4557967185974121, ""z"": 0.0, ""velocity"": 0.0, ""snr"": 0.0}, {""x"": -0.059723854064941406, ""y"": 0.4654526710510254, ""z"": 0.0, ""velocity"": 0.0, ""snr"": 0.0}, {""x"": -0.045418739318847656, ""y"": 0.4724264144897461, ""z"": 0.0, ""velocity"": 0.0, ""snr"": 0.0}, {""x"": -0.03898143768310547, ""y"": 0.49370527267456055, ""z"": 0.0, ""velocity"": 0.0, ""snr"": 0.0}, {""x"": 0.17130374908447266, ""y"": 0.5341172218322754, ""z"": 0.0, ""velocity"": 0.0, ""snr"": 0.0}, {""x"": 1.7112493515014648, ""y"": 1.766502857208252, ""z"": 0.0, ""velocity"": 0.0, ""snr"": 0.0}, {""x"": 1.713573932647705, ""y"": 1.7927885055541992, ""z"": 0.0, ""velocity"": 0.0, ""snr"": 0.0}, {""x"": 1.7203688621520996, ""y"": 1.8022656440734863, ""z"": 0.0, ""velocity"": 0.0, ""snr"": 0.0}]","[152077.0, 220007.0, 152644.0, 48144.0, 79023.0, 81780.0, 53888.0, 36042.0, 10845.0, 93303.0, 194219.0, 157701.0, 48988.0, 18465.0, 14091.0, 8460.0, 6290.0, 4818.0, 2685.0, 2647.0, 2450.0, 2445.0, 2377.0, 4109.0, 6198.0, 5760.0, 8415.0, 10457.0, 6682.0, 7273.0, 14967.0, 17895.0, 14812.0, 9369.0, 8833.0, 7378.0, 13236.0, 36484.0, 42441.0, 17257.0, 7361.0, 13054.0, 14382.0, 11057.0, 8371.0, 9308.0, 6981.0, 5793.0, 5466.0, 5585.0, 5661.0, 6960.0, 13136.0, 32524.0, 54926.0, 46026.0, 16608.0, 8853.0, 11569.0, 11238.0, 10217.0, 6481.0, 6152.0, 6540.0, 8549.0, 8434.0, 11642.0, 9589.0, 5944.0, 5873.0, 6069.0, 5944.0, 5200.0, 4557.0, 5550.0, 5423.0, 5330.0, 7321.0, 11028.0, 10686.0, 6762.0, 4606.0, 4543.0, 4743.0, 4385.0, 4166.0, 4644.0, 3780.0, 4064.0, 4337.0, 3921.0, 4674.0, 4189.0, 5017.0, 5078.0, 4018.0, 3578.0, 3485.0, 4053.0, 3784.0, 4613.0, 3876.0, 3035.0, 4825.0, 7945.0, 6317.0, 2985.0, 3823.0, 5367.0, 5500.0, 3840.0, 2986.0, 2791.0, 2871.0, 2377.0, 2287.0, 2292.0, 2225.0, 2565.0, 2262.0, 2346.0, 2287.0, 2967.0, 3049.0, 2366.0, 2256.0, 2357.0, 2276.0]",58257921.4201041
11,0.8,13,"[{""x"": -0.9505748748779297, ""y"": 1.1009573936462402, ""z"": 0.0, ""velocity"": 0.0, ""snr"": 0.0}, {""x"": -0.6764531135559082, ""y"": 1.2295246124267578, ""z"": 0.0, ""velocity"": 0.0, ""snr"": 0.0}, {""x"": -0.7837414741516113, ""y"": 1.1878609657287598, ""z"": 0.0, ""velocity"": 0.0, ""snr"": 0.0}, {""x"": -0.8071660995483398, ""y"": 1.5141963958740234, ""z"": 0.0, ""velocity"": 0.0, ""snr"": 0.0}, {""x"": -0.7281303405761719, ""y"": 1.551210880279541, ""z"": 0.0, ""velocity"": 0.0, ""snr"": 0.0}, {""x"": -0.0813603401184082, ""y"": 0.45043230056762695, ""z"": 0.0, ""velocity"": 0.0, ""snr"": 0.0}, {""x"": -0.07134675979614258, ""y"": 0.4550814628601074, ""z"": 0.0, ""velocity"": 0.0, ""snr"": 0.0}, {""x"": -0.04291534423828125, ""y"": 0.4649162292480469, ""z"": 0.0, ""velocity"": 0.0, ""snr"": 0.0}, {""x"": 0.07778406143188477, ""y"": 0.5044341087341309, ""z"": 0.0, ""velocity"": 0.0, ""snr"": 0.0}, {""x"": 0.2251267433166504, ""y"": 0.5199909210205078, ""z"": 0.0, ""velocity"": 0.0, ""snr"": 0.0}, {""x"": 1.7400383949279785, ""y"": 1.7371773719787598, ""z"": 0.0, ""velocity"": 0.0, ""snr"": 0.0}, {""x"": 1.741468906402588, ""y"": 1.7652511596679688, ""z"": 0.0, ""velocity"": 0.0, ""snr"": 0.0}, {""x"": 1.7854571342468262, ""y"": 1.7387866973876953, ""z"": 0.0, ""velocity"": 0.0, ""snr"": 0.0}]","[151959.0, 220012.0, 152609.0, 46978.0, 24840.0, 28085.0, 24266.0, 18060.0, 10139.0, 90746.0, 156128.0, 103056.0, 35361.0, 23233.0, 10175.0, 5432.0, 3462.0, 3307.0, 3038.0, 2414.0, 1863.0, 2279.0, 2053.0, 2722.0, 3600.0, 67174912.0, 134546947.0, 84082695.0, 196613.0, 174338560.0, 107008.0, 0.0, 4608.0, 512.0, 4294967040.0, 77311.0, 51200.0, 998244352.0, 3201903929.0, 2147483705.0, 2147483710.0, 4671.0, 233703168.0, 26.0, 574961920.0, 1751792.0, 1107296256.0, 2784717380.0, 11.0, 1430473984.0, 829179.0, 1124073472.0, 2045947460.0, 27.0, 2957196288.0, 2254064.0, 956301312.0, 535814478.0, 34.0, 1481394432.0, 2265328.0, 872415232.0, 3086885706.0, 9.0, 2085252864.0, 563710.0, 872415232.0, 4160635468.0, 9.0, 1380292096.0, 664830.0, 2432696320.0, 3271434051.0, 10.0, 3963840256.0, 2214906.0, 855638016.0, 774161990.0, 39.0, 2857187072.0, 2615076.0, 1342177280.0, 639944780.0, 40.0, 3293139712.0, 2688548.0, 822083584.0, 77386.0, 131072.0, 38918656.0, 56194304.0, 39034368.0, 12102144.0, 4118528.0, 5533952.0, 11620352.0, 10215680.0, 7166464.0, 30071296.0, 54072320.0, 38148864.0, 11425536.0, 5413120.0, 4424704.0, 1921536.0, 935680.0, 811008.0, 548608.0, 646912.0, 640768.0, 623360.0, 633344.0, 888576.0, 1066752.0, 1236736.0, 1684224.0, 2036736.0, 1529344.0, 1551104.0, 3330048.0, 4551936.0, 3905280.0, 2221568.0, 3568640.0, 3072000.0, 3104512.0, 9921280.0, 12586496.0]",476880439.9814631
12,0.8,18,"[{""x"": -0.7081031799316406, ""y"": 1.2325644493103027, ""z"": 0.0, ""velocity"": 0.0, ""snr"": 0.0}, {""x"": -0.800013542175293, ""y"": 1.2009143829345703, ""z"": 0.0, ""velocity"": 0.0, ""snr"": 0.0}, {""x"": -0.7796287536621094, ""y"": 1.535475254058838, ""z"": 0.0, ""velocity"": 0.0, ""snr"": 0.0}, {""x"": -0.854194164276123, ""y"": 1.4998912811279297, ""z"": 0.0, ""velocity"": 0.0, ""snr"": 0.0}, {""x"": -0.24300813674926758, ""y"": 0.5198121070861816, ""z"": 0.0, ""velocity"": 0.0, ""snr"": 0.0}, {""x"": -0.23245811462402344, ""y"": 0.5720257759094238, ""z"": 0.0, ""velocity"": 0.0, ""snr"": 0.0}, {""x"": -0.5891919136047363, ""y"": 1.2627840042114258, ""z"": 0.0, ""velocity"": 0.0, ""snr"": 0.0}, {""x"": -0.12642145156860352, ""y"": 0.4883408546447754, ""z"": 0.0, ""velocity"": 0.0, ""snr"": 0.0}, {""x"": -0.041484832763671875, ""y"": 0.2911090850830078, ""z"": 0.0, ""velocity"": 0.0, ""snr"": 0.0}, {""x"": -0.0584721565246582, ""y"": 0.37211179733276367, ""z"": 0.0, ""velocity"": 0.0, ""snr"": 0.0}, {""x"": -0.04738569259643555, ""y"": 0.45114755630493164, ""z"": 0.0, ""velocity"": 0.0, ""snr"": 0.0}, {""x"": -0.04506111145019531, ""y"": 0.46885013580322266, ""z"": 0.0, ""velocity"": 0.0, ""snr"": 0.0}, {""x"": -0.056684017181396484, ""y"": 0.47153234481811523, ""z"": 0.0, ""velocity"": 0.0, ""snr"": 0.0}, {""x"": -0.18829107284545898, ""y"": 1.5555024147033691, ""z"": 0.0, ""velocity"": 0.0, ""snr"": 0.0}, {""x"": 1.6720890998840332, ""y"": 1.8042325973510742, ""z"": 0.0, ""velocity"": 0.0, ""snr"": 0.0}, {""x"": 1.6815662384033203, ""y"": 1.8244385719299316, ""z"": 0.0, ""velocity"": 0.0, ""snr"": 0.0}, {""x"": 1.6922950744628906, ""y"": 1.8308758735656738, ""z"": 0.0, ""velocity"": 0.0, ""snr"": 0.0}, {""x"": 1.7101764678955078, ""y"": 1.8510818481445312, ""z"": 0.0, ""velocity"": 0.0, ""snr"": 0.0}]","[152182.0, 219823.0, 153144.0, 49519.0, 49657.0, 74972.0, 97539.0, 69093.0, 32036.0, 94623.0, 203016.0, 172919.0, 55469.0, 28924.0, 23484.0, 10487.0, 4914.0, 4300.0, 2901.0, 2832.0, 2777.0, 2448.0, 2598.0, 3656.0, 4504.0, 5219.0, 5277.0, 5731.0, 4845.0, 7547.0, 13252.0, 18135.0, 14434.0, 9681.0, 17736.0, 15257.0, 10996.0, 30095.0, 38254.0, 15933.0, 7461.0, 13421.0, 15893.0, 10024.0, 6942.0, 7881.0, 7684.0, 6317.0, 5138.0, 5902.0, 5783.0, 6584.0, 15566.0, 38980.0, 66517.0, 57844.0, 21719.0, 10648.0, 14815.0, 13139.0, 10797.0, 7292.0, 6104.0, 6266.0, 7332.0, 8720.0, 11529.0, 9950.0, 8845.0, 7524.0, 5655.0, 4429.0, 4404.0, 5058.0, 5963.0, 4720.0, 4597.0, 7990.0, 11801.0, 10457.0, 6348.0, 4685.0, 4182.0, 3264.0, 4342.0, 3726.0, 3928.0, 4705.0, 5528.0, 5105.0, 4494.0, 4670.0, 4274.0, 5563.0, 5228.0, 3888.0, 3886.0, 3395.0, 4135.0, 4671.0, 4595.0, 3695.0, 2946.0, 5567.0, 7678.0, 5945.0, 3062.0, 3018.0, 4239.0, 5125.0, 3879.0, 3748.0, 2724.0, 2969.0, 2491.0, 2288.0, 2226.0, 2214.0, 2596.0, 2517.0, 2507.0, 2439.0, 2791.0, 3392.0, 2668.0, 2022.0, 1936.0, 2144.0]",65574977.525325105
13,0.8,21,"[{""x"": -0.6805658340454102, ""y"": 1.2479424476623535, ""z"": 0.0, ""velocity"": 0.0, ""snr"": 0.0}, {""x"": -0.7665753364562988, ""y"": 1.2220144271850586, ""z"": 0.0, ""velocity"": 0.0, ""snr"": 0.0}, {""x"": -0.7739067077636719, ""y"": 1.5395879745483398, ""z"": 0.0, ""velocity"": 0.0, ""snr"": 0.0}, {""x"": -0.8414983749389648, ""y"": 1.5056133270263672, ""z"": 0.0, ""velocity"": 0.0, ""snr"": 0.0}, {""x"": -0.6038546562194824, ""y"": 1.2624263763427734, ""z"": 0.0, ""velocity"": 0.0, ""snr"": 0.0}, {""x"": -0.12820959091186523, ""y"": 0.6115436553955078, ""z"": 0.0, ""velocity"": 0.0, ""snr"": 0.0}, {""x"": -0.16897916793823242, ""y"": 0.6496310234069824, ""z"": 0.0, ""velocity"": 0.0, ""snr"": 0.0}, {""x"": -0.022172927856445312, ""y"": 0.25337934494018555, ""z"": 0.0, ""velocity"": 0.0, ""snr"": 0.0}, {""x"": -0.02664327621459961, ""y"": 0.2703666687011719, ""z"": 0.0, ""velocity"": 0.0, ""snr"": 0.0}, {""x"": -0.06526708602905273, ""y"": 0.4500746726989746, ""z"": 0.0, ""velocity"": 0.0, ""snr"": 0.0}, {""x"": -0.07456541061401367, ""y"": 0.46187639236450195, ""z"": 0.0, ""velocity"": 0.0, ""snr"": 0.0}, {""x"": -0.07957220077514648, ""y"": 0.4718899726867676, ""z"": 0.0, ""velocity"": 0.0, ""snr"": 0.0}, {""x"": -0.033795833587646484, ""y"": 0.510871410369873, ""z"": 0.0, ""velocity"": 0.0, ""snr"": 0.0}, {""x"": -0.1430511474609375, ""y"": 1.5310049057006836, ""z"": 0.0, ""velocity"": 0.0, ""snr"": 0.0}, {""x"": -0.20545721054077148, ""y"": 1.5528202056884766, ""z"": 0.0, ""velocity"": 0.0, ""snr"": 0.0}, {""x"": -0.280916690826416, ""y"": 1.5513896942138672, ""z"": 0.0, ""velocity"": 0.0, ""snr"": 0.0}, {""x"": 0.05418062210083008, ""y"": 0.5630850791931152, ""z"": 0.0, ""velocity"": 0.0, ""snr"": 0.0}, {""x"": 1.665651798248291, ""y"": 1.8088817596435547, ""z"": 0.0, ""velocity"": 0.0, ""snr"": 0.0}, {""x"": 1.6890764236450195, ""y"": 1.8181800842285156, ""z"": 0.0, ""velocity"": 0.0, ""snr"": 0.0}, {""x"": 1.7262697219848633, ""y"": 1.802980899810791, ""z"": 0.0, ""velocity"": 0.0, ""snr"": 0.0}, {""x"": 1.7586350440979004, ""y"": 1.8076300621032715, ""z"": 0.0, ""velocity"": 0.0, ""snr"": 0.0}]","[151393.0, 219700.0, 152631.0, 48520.0, 76162.0, 196276.0, 196895.0, 77396.0, 18739.0, 77472.0, 150672.0, 121795.0, 49981.0, 32107.0, 17687.0, 12472.0, 9941.0, 7963.0, 6048.0, 4170.0, 3017.0, 2811.0, 2713.0, 3898.0, 4798.0, 5006.0, 4896.0, 5362.0, 5678.0, 6064.0, 14142.0, 19538.0, 15500.0, 12694.0, 24354.0, 19793.0, 10014.0, 29670.0, 38056.0, 14605.0, 7915.0, 14746.0, 16613.0, 8485.0, 7618.0, 9045.0, 7735.0, 6061.0, 4836.0, 5125.0, 5283.0, 6910.0, 15484.0, 37413.0, 62855.0, 56840.0, 23826.0, 9891.0, 13873.0, 13182.0, 10841.0, 7904.0, 8276.0, 7279.0, 8057.0, 8515.0, 9561.0, 9207.0, 8268.0, 6707.0, 7097.0, 5234.0, 4268.0, 5243.0, 6508.0, 4650.0, 5032.0, 6297.0, 10744.0, 10848.0, 7739.0, 6037.0, 4799.0, 3855.0, 4968.0, 4146.0, 4420.0, 3570.0, 3361.0, 3760.0, 3897.0, 4024.0, 4699.0, 5384.0, 4980.0, 3515.0, 3373.0, 3146.0, 3928.0, 3901.0, 4410.0, 4529.0, 3064.0, 5063.0, 8313.0, 7338.0, 3518.0, 3284.0, 5116.0, 5868.0, 4988.0, 3628.0, 2644.0, 2656.0, 2431.0, 2079.0, 2280.0, 2482.0, 2808.0, 2185.0, 2506.0, 2496.0, 2343.0, 2979.0, 2912.0, 2326.0, 2311.0, 2492.0]",64265351.32023374
14,0.8,18,"[{""x"": -0.8327364921569824, ""y"": 1.1926889419555664, ""z"": 0.0, ""velocity"": 0.0, ""snr"": 0.0}, {""x"": -0.7118582725524902, ""y"": 1.2295246124267578, ""z"": 0.0, ""velocity"": 0.0, ""snr"": 0.0}, {""x"": -0.835418701171875, ""y"": 1.5070438385009766, ""z"": 0.0, ""velocity"": 0.0, ""snr"": 0.0}, {""x"": -0.8813738822937012, ""y"": 1.4843344688415527, ""z"": 0.0, ""velocity"": 0.0, ""snr"": 0.0}, {""x"": -0.2447962760925293, ""y"": 0.5679130554199219, ""z"": 0.0, ""velocity"": 0.0, ""snr"": 0.0}, {""x"": -0.607609748840332, ""y"": 1.2561678886413574, ""z"": 0.0, ""velocity"": 0.0, ""snr"": 0.0}, {""x"": -0.08493661880493164, ""y"": 0.418245792388916, ""z"": 0.0, ""velocity"": 0.0, ""snr"": 0.0}, {""x"": -0.07939338684082031, ""y"": 0.4495382308959961, ""z"": 0.0, ""velocity"": 0.0, ""snr"": 0.0}, {""x"": -0.07224082946777344, ""y"": 0.4620552062988281, ""z"": 0.0, ""velocity"": 0.0, ""snr"": 0.0}, {""x"": -0.06258487701416016, ""y"": 0.4711747169494629, ""z"": 0.0, ""velocity"": 0.0, ""snr"": 0.0}, {""x"": -0.1856088638305664, ""y"": 1.5624761581420898, ""z"": 0.0, ""velocity"": 0.0, ""snr"": 0.0}, {""x"": -0.2650022506713867, ""y"": 1.5680193901062012, ""z"": 0.0, ""velocity"": 0.0, ""snr"": 0.0}, {""x"": -0.0017881393432617188, ""y"": 0.49692392349243164, ""z"": 0.0, ""velocity"": 0.0, ""snr"": 0.0}, {""x"": 0.14895200729370117, ""y"": 0.5258917808532715, ""z"": 0.0, ""velocity"": 0.0, ""snr"": 0.0}, {""x"": 1.6779899597167969, ""y"": 1.7979741096496582, ""z"": 0.0, ""velocity"": 0.0, ""snr"": 0.0}, {""x"": 1.681208610534668, ""y"": 1.8255114555358887, ""z"": 0.0, ""velocity"": 0.0, ""snr"": 0.0}, {""x"": 1.703202724456787, ""y"": 1.8230080604553223, ""z"": 0.0, ""velocity"": 0.0, ""snr"": 0.0}, {""x"": 1.758277416229248, ""y"": 1.8076300621032715, ""z"": 0.0, ""velocity"": 0.0, ""snr"": 0.0}]","[151751.0, 219647.0, 152535.0, 47090.0, 11704.0, 22073.0, 21628.0, 8837.0, 22595.0, 115610.0, 222946.0, 180155.0, 61487.0, 16871.0, 12440.0, 5690.0, 3687.0, 3224.0, 2304.0, 2876.0, 2583.0, 2331.0, 2346.0, 4109.0, 5530.0, 5130.0, 3850.0, 3570.0, 4685.0, 6201.0, 12904.0, 16763.0, 13945.0, 11026.0, 17729.0, 19422.0, 10590.0, 27881.0, 36820.0, 14719.0, 5790.0, 14311.0, 16156.0, 8565.0, 7035.0, 8805.0, 7323.0, 5973.0, 4914.0, 5520.0, 5439.0, 6725.0, 15240.0, 36828.0, 62761.0, 55947.0, 22609.0, 9749.0, 13864.0, 12559.0, 11099.0, 7933.0, 8911.0, 7835.0, 9308.0, 9552.0, 11789.0, 10892.0, 8364.0, 6815.0, 5777.0, 6254.0, 5800.0, 4977.0, 5458.0, 5153.0, 4719.0, 5832.0, 11213.0, 11468.0, 8126.0, 6024.0, 4486.0, 4095.0, 4110.0, 3558.0, 5273.0, 4589.0, 3384.0, 3924.0, 3241.0, 4011.0, 4851.0, 5417.0, 4690.0, 3585.0, 3324.0, 3379.0, 4143.0, 3929.0, 3950.0, 3603.0, 2686.0, 5456.0, 8204.0, 6377.0, 2929.0, 4098.0, 5276.0, 5231.0, 4743.0, 3675.0, 3258.0, 2690.0, 2294.0, 2401.0, 2287.0, 2372.0, 2148.0, 2182.0, 2431.0, 2452.0, 2689.0, 2720.0, 2286.0, 2227.0, 2506.0, 2507.0]",62978788.09399303
0,0.8,15,"[{""x"": -0.2263784408569336, ""y"": 0.41788816452026367, ""z"": 0.0, ""velocity"": 0.0, ""snr"": 0.0}, {""x"": -0.6805658340454102, ""y"": 1.248478889465332, ""z"": 0.0, ""velocity"": 0.0, ""snr"": 0.0}, {""x"": -0.785529613494873, ""y"": 1.2168288230895996, ""z"": 0.0, ""velocity"": 0.0, ""snr"": 0.0}, {""x"": -0.7692575454711914, ""y"": 1.5404820442199707, ""z"": 0.0, ""velocity"": 0.0, ""snr"": 0.0}, {""x"": -0.8491873741149902, ""y"": 1.500248908996582, ""z"": 0.0, ""velocity"": 0.0, ""snr"": 0.0}, {""x"": -0.602424144744873, ""y"": 1.2626051902770996, ""z"": 0.0, ""velocity"": 0.0, ""snr"": 0.0}, {""x"": -0.06365776062011719, ""y"": 0.6197690963745117, ""z"": 0.0, ""velocity"": 0.0, ""snr"": 0.0}, {""x"": -0.15842914581298828, ""y"": 1.5588998794555664, ""z"": 0.0, ""velocity"": 0.0, ""snr"": 0.0}, {""x"": 0.04076957702636719, ""y"": 0.5693435668945312, ""z"": 0.0, ""velocity"": 0.0, ""snr"": 0.0}, {""x"": 0.12409687042236328, ""y"": 0.48923492431640625, ""z"": 0.0, ""velocity"": 0.0, ""snr"": 0.0}, {""x"": 0.10675191879272461, ""y"": 0.5158782005310059, ""z"": 0.0, ""velocity"": 0.0, ""snr"": 0.0}, {""x"": 1.6765594482421875, ""y"": 1.8298029899597168, ""z"": 0.0, ""velocity"": 0.0, ""snr"": 0.0}, {""x"": 1.6785264015197754, ""y"": 1.8458962440490723, ""z"": 0.0, ""velocity"": 0.0, ""snr"": 0.0}, {""x"": 1.6810297966003418, ""y"": 1.8780827522277832, ""z"": 0.0, ""velocity"": 0.0, ""snr"": 0.0}, {""x"": 1.7017722129821777, ""y"": 1.7743706703186035, ""z"": 0.0, ""velocity"": 0.0, ""snr"": 0.0}]","[151802.0, 219736.0, 152304.0, 47400.0, 12589.0, 42982.0, 63363.0, 36469.0, 9030.0, 27630.0, 53579.0, 54698.0, 39907.0, 24905.0, 18680.0, 10721.0, 5197.0, 5340.0, 4694.0, 3004.0, 2853.0, 3209.0, 2798.0, 4078.0, 5715.0, 5505.0, 4498.0, 4750.0, 5316.0, 5503.0, 12696.0, 17040.0, 14157.0, 9250.0, 14069.0, 12536.0, 11844.0, 32472.0, 39596.0, 15415.0, 6388.0, 14609.0, 16190.0, 9320.0, 6797.0, 8071.0, 8114.0, 6937.0, 5817.0, 5591.0, 5955.0, 7038.0, 15320.0, 36468.0, 61785.0, 54995.0, 22381.0, 9468.0, 13960.0, 12732.0, 9599.0, 7464.0, 7304.0, 7179.0, 9120.0, 6916.0, 8551.0, 6902.0, 5722.0, 5834.0, 5638.0, 5687.0, 4643.0, 5923.0, 5761.0, 4855.0, 3638.0, 6293.0, 11033.0, 10845.0, 6961.0, 5420.0, 4839.0, 3561.0, 3651.0, 3489.0, 4664.0, 4347.0, 4004.0, 4278.0, 3549.0, 3931.0, 4346.0, 5646.0, 5439.0, 4361.0, 2911.0, 2813.0, 3502.0, 3240.0, 3672.0, 3520.0, 2586.0, 4934.0, 7973.0, 5809.0, 2762.0, 3113.0, 3977.0, 4252.0, 3661.0, 3615.0, 3302.0, 3156.0, 2838.0, 2443.0, 2455.0, 2425.0, 2279.0, 2242.0, 2551.0, 2321.0, 2509.0, 3035.0, 2510.0, 2121.0, 2269.0, 2247.0]",61720095.194046736
1,0.8,13,"[{""x"": -0.6197690963745117, ""y"": 1.2604594230651855, ""z"": 0.0, ""velocity"": 0.0, ""snr"": 0.0}, {""x"": -0.6871819496154785, ""y"": 1.2386441230773926, ""z"": 0.0, ""velocity"": 0.0, ""snr"": 0.0}, {""x"": -0.8146762847900391, ""y"": 1.5238523483276367, ""z"": 0.0, ""velocity"": 0.0, ""snr"": 0.0}, {""x"": -0.8618831634521484, ""y"": 1.4941692352294922, ""z"": 0.0, ""velocity"": 0.0, ""snr"": 0.0}, {""x"": -0.11962652206420898, ""y"": 0.5443096160888672, ""z"": 0.0, ""velocity"": 0.0, ""snr"": 0.0}, {""x"": -0.0711679458618164, ""y"": 0.5244612693786621, ""z"": 0.0, ""velocity"": 0.0, ""snr"": 0.0}, {""x"": -0.1977682113647461, ""y"": 1.546025276184082, ""z"": 0.0, ""velocity"": 0.0, ""snr"": 0.0}, {""x"": -0.004112720489501953, ""y"": 0.5035400390625, ""z"": 0.0, ""velocity"": 0.0, ""snr"": 0.0}, {""x"": 0.04756450653076172, ""y"": 0.4507899284362793, ""z"": 0.0, ""velocity"": 0.0, ""snr"": 0.0}, {""x"": 0.04667043685913086, ""y"": 0.4781484603881836, ""z"": 0.0, ""velocity"": 0.0, ""snr"": 0.0}, {""x"": 1.6937255859375, ""y"": 1.8140673637390137, ""z"": 0.0, ""velocity"": 0.0, ""snr"": 0.0}, {""x"": 1.7058849334716797, ""y"": 1.8199682235717773, ""z"": 0.0, ""velocity"": 0.0, ""snr"": 0.0}, {""x"": 1.696765422821045, ""y"": 1.7806291580200195, ""z"": 0.0, ""velocity"": 0.0, ""snr"": 0.0}]","[152181.0, 219777.0, 152838.0, 47137.0, 11225.0, 44448.0, 66954.0, 41131.0, 13333.0, 28316.0, 65623.0, 84494.0, 70923.0, 33966.0, 12379.0, 8653.0, 4121.0, 2941.0, 4055.0, 3290.0, 2747.0, 2460.0, 2456.0, 3974.0, 5254.0, 4408.0, 3106.0, 3484.0, 5800.0, 4391.0, 12441.0, 16201.0, 12038.0, 7705.0, 12910.0, 7890.0, 7101.0, 30916.0, 39451.0, 15378.0, 6259.0, 13654.0, 15850.0, 8861.0, 7336.0, 7980.0, 7388.0, 6578.0, 5653.0, 5505.0, 6090.0, 7002.0, 13916.0, 34618.0, 59274.0, 52447.0, 20878.0, 8727.0, 12313.0, 11595.0, 9593.0, 7102.0, 6751.0, 6618.0, 8553.0, 6774.0, 10799.0, 9557.0, 6431.0, 6488.0, 5261.0, 6082.0, 5317.0, 5030.0, 5034.0, 4166.0, 3824.0, 6497.0, 11212.0, 10617.0, 5885.0, 5474.0, 4822.0, 3993.0, 4311.0, 3962.0, 4446.0, 4648.0, 4639.0, 4534.0, 3538.0, 4294.0, 4369.0, 6049.0, 6123.0, 4128.0, 3141.0, 2386.0, 3430.0, 3399.0, 3543.0, 3436.0, 3012.0, 5516.0, 8267.0, 5866.0, 2736.0, 2879.0, 5148.0, 5422.0, 3648.0, 3386.0, 3084.0, 3283.0, 2729.0, 2551.0, 2603.0, 2409.0, 2658.0, 2363.0, 2335.0, 2538.0, 3018.0, 3568.0, 2769.0, 2279.0, 2359.0, 2026.0]",60485323.4829617
2,0.8,15,"[{""x"": -0.898897647857666, ""y"": 1.1335015296936035, ""z"": 0.0, ""velocity"": 0.0, ""snr"": 0.0}, {""x"": -0.7079243659973145, ""y"": 1.2302398681640625, ""z"": 0.0, ""velocity"": 0.0, ""snr"": 0.0}, {""x"": -0.8620619773864746, ""y"": 1.4964938163757324, ""z"": 0.0, ""velocity"": 0.0, ""snr"": 0.0}, {""x"": -0.602424144744873, ""y"": 1.2665390968322754, ""z"": 0.0, ""velocity"": 0.0, ""snr"": 0.0}, {""x"": -0.09638071060180664, ""y"": 0.44471025466918945, ""z"": 0.0, ""velocity"": 0.0, ""snr"": 0.0}, {""x"": -0.09298324584960938, ""y"": 0.45990943908691406, ""z"": 0.0, ""velocity"": 0.0, ""snr"": 0.0}, {""x"": -0.06794929504394531, ""y"": 0.4813671112060547, ""z"": 0.0, ""velocity"": 0.0, ""snr"": 0.0}, {""x"": -0.0457763671875, ""y"": 0.5123019218444824, ""z"": 0.0, ""velocity"": 0.0, ""snr"": 0.0}, {""x"": -0.15145540237426758, ""y"": 1.553356647491455, ""z"": 0.0, ""velocity"": 0.0, ""snr"": 0.0}, {""x"": -0.015914440155029297, ""y"": 0.5591511726379395, ""z"": 0.0, ""velocity"": 0.0, ""snr"": 0.0}, {""x"": 0.03629922866821289, ""y"": 0.6018877029418945, ""z"": 0.0, ""velocity"": 0.0, ""snr"": 0.0}, {""x"": 1.6821026802062988, ""y"": 1.7963647842407227, ""z"": 0.0, ""velocity"": 0.0, ""snr"": 0.0}, {""x"": 1.6921162605285645, ""y"": 1.8156766891479492, ""z"": 0.0, ""velocity"": 0.0, ""snr"": 0.0}, {""x"": 1.705169677734375, ""y"": 1.8205046653747559, ""z"": 0.0, ""velocity"": 0.0, ""snr"": 0.0}, {""x"": 1.7178654670715332, ""y"": 1.8460750579833984, ""z"": 0.0, ""velocity"": 0.0, ""snr"": 0.0}]","[152230.0, 219842.0, 152629.0, 47173.0, 10287.0, 22014.0, 35168.0, 22780.0, 17439.0, 72058.0, 141204.0, 127235.0, 66953.0, 30812.0, 15036.0, 6652.0, 3358.0, 4426.0, 3374.0, 2136.0, 2045.0, 2524.0, 2410.0, 3840.0, 5008.0, 4348.0, 3416.0, 4040.0, 6543.0, 4940.0, 13495.0, 18665.0, 14364.0, 8829.0, 14560.0, 9164.0, 7455.0, 28146.0, 38517.0, 15324.0, 7629.0, 13952.0, 15382.0, 10255.0, 7341.0, 8180.0, 7846.0, 6254.0, 4468.0, 3908.0, 5704.0, 6594.0, 12112.0, 31301.0, 54670.0, 48204.0, 19129.0, 8708.0, 11458.0, 11239.0, 10683.0, 6933.0, 6009.0, 6388.0, 8787.0, 8727.0, 10912.0, 10112.0, 6204.0, 5842.0, 5076.0, 6162.0, 5795.0, 5330.0, 5195.0, 4330.0, 4084.0, 6625.0, 10130.0, 9726.0, 5752.0, 5288.0, 4188.0, 3626.0, 4092.0, 3762.0, 4359.0, 5142.0, 4948.0, 4401.0, 4413.0, 5291.0, 5107.0, 5562.0, 5169.0, 4015.0, 3777.0, 3342.0, 3311.0, 3497.0, 3723.0, 3246.0, 3156.0, 5504.0, 8130.0, 5777.0, 3129.0, 3009.0, 4993.0, 5833.0, 4219.0, 2775.0, 3007.0, 3689.0, 2835.0, 2480.0, 2515.0, 2338.0, 2415.0, 2449.0, 2421.0, 2325.0, 2337.0, 2808.0, 2084.0, 2430.0, 2480.0, 2237.0]",59275390.15762508
3,0.8,15,"[{""x"": -0.8533000946044922, ""y"": 1.1676549911499023, ""z"": 0.0, ""velocity"": 0.0, ""snr"": 0.0}, {""x"": -0.687718391418457, ""y"": 1.2413263320922852, ""z"": 0.0, ""velocity"": 0.0, ""snr"": 0.0}, {""x"": -0.8858442306518555, ""y"": 1.481473445892334, ""z"": 0.0, ""velocity"": 0.0, ""snr"": 0.0}, {""x"": -0.5965232849121094, ""y"": 1.2665390968322754, ""z"": 0.0, ""velocity"": 0.0, ""snr"": 0.0}, {""x"": -0.1564621925354004, ""y"": 0.5455613136291504, ""z"": 0.0, ""velocity"": 0.0, ""snr"": 0.0}, {""x"": -0.15091896057128906, ""y"": 0.583648681640625, ""z"": 0.0, ""velocity"": 0.0, ""snr"": 0.0}, {""x"": -0.04595518112182617, ""y"": 0.2607107162475586, ""z"": 0.0, ""velocity"": 0.0, ""snr"": 0.0}, {""x"": -0.0514984130859375, ""y"": 0.27126073837280273, ""z"": 0.0, ""velocity"": 0.0, ""snr"": 0.0}, {""x"": -0.06884336471557617, ""y"": 0.45168399810791016, ""z"": 0.0, ""velocity"": 0.0, ""snr"": 0.0}, {""x"": -0.06258487701416016, ""y"": 0.469207763671875, ""z"": 0.0, ""velocity"": 0.0, ""snr"": 0.0}, {""x"": -0.06008148193359375, ""y"": 0.47707557678222656, ""z"": 0.0, ""velocity"": 0.0, ""snr"": 0.0}, {""x"": -0.07742643356323242, ""y"": 0.5055069923400879, ""z"": 0.0, ""velocity"": 0.0, ""snr"": 0.0}, {""x"": 1.6463398933410645, ""y"": 1.8287301063537598, ""z"": 0.0, ""velocity"": 0.0, ""snr"": 0.0}, {""x"": 1.686394214630127, ""y"": 1.8190741539001465, ""z"": 0.0, ""velocity"": 0.0, ""snr"": 0.0}, {""x"": 1.7169713973999023, ""y"": 1.8076300621032715, ""z"": 0.0, ""velocity"": 0.0, ""snr"": 0.0}]","[151924.0, 219804.0, 152920.0, 47174.0, 27481.0, 105716.0, 135590.0, 67742.0, 15804.0, 52870.0, 120498.0, 107508.0, 43665.0, 27742.0, 12865.0, 5860.0, 4991.0, 4751.0, 3305.0, 2633.0, 2253.0, 2413.0, 3042.0, 3439.0, 3820.0, 3979.0, 3307.0, 4754.0, 5462.0, 5225.0, 13481.0, 17851.0, 13658.0, 7675.0, 6399.0, 7647.0, 8843.0, 27940.0, 36546.0, 14651.0, 6092.0, 13630.0, 15078.0, 8346.0, 8204.0, 9130.0, 7474.0, 5938.0, 3993.0, 4852.0, 7191.0, 6247.0, 10660.0, 28366.0, 48177.0, 41123.0, 15907.0, 7226.0, 9570.0, 11630.0, 10795.0, 7611.0, 7356.0, 7901.0, 9362.0, 9037.0, 11578.0, 9970.0, 6690.0, 6957.0, 5779.0, 5935.0, 6156.0, 5323.0, 5269.0, 4503.0, 4274.0, 6995.0, 10717.0, 9891.0, 6113.0, 5792.0, 4763.0, 4325.0, 4208.0, 4477.0, 5194.0, 4196.0, 4329.0, 4607.0, 4541.0, 4613.0, 4900.0, 6500.0, 5944.0, 3654.0, 3791.0, 3307.0, 3674.0, 4189.0, 4088.0, 3840.0, 3032.0, 5458.0, 8251.0, 6153.0, 2875.0, 3668.0, 4969.0, 5021.0, 3672.0, 3429.0, 2736.0, 2976.0, 2699.0, 2202.0, 2166.0, 2405.0, 2660.0, 2708.0, 2581.0, 2486.0, 2287.0, 2858.0, 2569.0, 2206.0, 2232.0, 2378.0]",58090679.7727886
4,0.8,15,"[{""x"": -0.8373856544494629, ""y"": 1.1864304542541504, ""z"": 0.0, ""velocity"": 0.0, ""snr"": 0.0}, {""x"": -0.7867813110351562, ""y"": 1.1900067329406738, ""z"": 0.0, ""velocity"": 0.0, ""snr"": 0.0}, {""x"": -0.818789005279541, ""y"": 1.5184879302978516, ""z"": 0.0, ""velocity"": 0.0, ""snr"": 0.0}, {""x"": -0.7495880126953125, ""y"": 1.5462040901184082, ""z"": 0.0, ""velocity"": 0.0, ""snr"": 0.0}, {""x"": -0.18489360809326172, ""y"": 0.5713105201721191, ""z"": 0.0, ""velocity"": 0.0, ""snr"": 0.0}, {""x"": -0.05650520324707031, ""y"": 0.4545450210571289, ""z"": 0.0, ""velocity"": 0.0, ""snr"": 0.0}, {""x"": -0.050961971282958984, ""y"": 0.46706199645996094, ""z"": 0.0, ""velocity"": 0.0, ""snr"": 0.0}, {""x"": -0.051140785217285156, ""y"": 0.4706382751464844, ""z"": 0.0, ""velocity"": 0.0, ""snr"": 0.0}, {""x"": 0.303804874420166, ""y"": 0.44792890548706055, ""z"": 0.0, ""velocity"": 0.0, ""snr"": 0.0}, {""x"": 0.31685829162597656, ""y"": 0.5137324333190918, ""z"": 0.0, ""velocity"": 0.0, ""snr"": 0.0}, {""x"": 0.34797191619873047, ""y"": 0.44846534729003906, ""z"": 0.0, ""velocity"": 0.0, ""snr"": 0.0}, {""x"": 1.6028881072998047, ""y"": 1.8650293350219727, ""z"": 0.0, ""velocity"": 0.0, ""snr"": 0.0}, {""x"": 1.6070008277893066, ""y"": 1.8927454948425293, ""z"": 0.0, ""velocity"": 0.0, ""snr"": 0.0}, {""x"": 1.6025304794311523, ""y"": 1.917421817779541, ""z"": 0.0, ""velocity"": 0.0, ""snr"": 0.0}, {""x"": 1.5909075736999512, ""y"": 1.956939697265625, ""z"": 0.0, ""velocity"": 0.0, ""snr"": 0.0}]","[151765.0, 219930.0, 152833.0, 48259.0, 49060.0, 50646.0, 21617.0, 12951.0, 13287.0, 64554.0, 136268.0, 111744.0, 37822.0, 26316.0, 12384.0, 5148.0, 4316.0, 4446.0, 4140.0, 2999.0, 2329.0, 2618.0, 2459.0, 4146.0, 5779.0, 4836.0, 3885.0, 3349.0, 5642.0, 4617.0, 10657.0, 15566.0, 14671.0, 9301.0, 9227.0, 11829.0, 14879.0, 35950.0, 44571.0, 18295.0, 8971.0, 13159.0, 14964.0, 8804.0, 7234.0, 8378.0, 8188.0, 7139.0, 6441.0, 5487.0, 6225.0, 4535.0, 12130.0, 29962.0, 50339.0, 47481.0, 22185.0, 8886.0, 11661.0, 12475.0, 11536.0, 8247.0, 6565.0, 7901.0, 10714.0, 9416.0, 11275.0, 8656.0, 7589.0, 6821.0, 6134.0, 5839.0, 5119.0, 6126.0, 6574.0, 5482.0, 4350.0, 7528.0, 11623.0, 10782.0, 6911.0, 5114.0, 4419.0, 3088.0, 3717.0, 4170.0, 4325.0, 3597.0, 4687.0, 5044.0, 4128.0, 4534.0, 4188.0, 5216.0, 5401.0, 4111.0, 3706.0, 3103.0, 3457.0, 3770.0, 4611.0, 4465.0, 3042.0, 5038.0, 7692.0, 5787.0, 3091.0, 3488.0, 5184.0, 5222.0, 3150.0, 3259.0, 2731.0, 3209.0, 2870.0, 2333.0, 2450.0, 2417.0, 2375.0, 2439.0, 2467.0, 2348.0, 2591.0, 2772.0, 2277.0, 2210.0, 2265.0, 2282.0]",56928327.57982827
5,0.8,14,"[{""x"": -0.8311271667480469, ""y"": 1.1551380157470703, ""z"": 0.0, ""velocity"": 0.0, ""snr"": 0.0}, {""x"": -0.7150769233703613, ""y"": 1.1937618255615234, ""z"": 0.0, ""velocity"": 0.0, ""snr"": 0.0}, {""x"": -0.9391307830810547, ""y"": 1.4467835426330566, ""z"": 0.0, ""velocity"": 0.0, ""snr"": 0.0}, {""x"": -0.16736984252929688, ""y"": 0.606536865234375, ""z"": 0.0, ""velocity"": 0.0, ""snr"": 0.0}, {""x"": -0.07259845733642578, ""y"": 0.4431009292602539, ""z"": 0.0, ""velocity"": 0.0, ""snr"": 0.0}, {""x"": -0.07295608520507812, ""y"": 0.46330690383911133, ""z"": 0.0, ""velocity"": 0.0, ""snr"": 0.0}, {""x"": -0.08279085159301758, ""y"": 0.47725439071655273, ""z"": 0.0, ""velocity"": 0.0, ""snr"": 0.0}, {""x"": -0.2154707908630371, ""y"": 1.556396484375, ""z"": 0.0, ""velocity"": 0.0, ""snr"": 0.0}, {""x"": 0.30881166458129883, ""y"": 0.43720006942749023, ""z"": 0.0, ""velocity"": 0.0, ""snr"": 0.0}, {""x"": 0.3127455711364746, ""y"": 0.4563331604003906, ""z"": 0.0, ""velocity"": 0.0, ""snr"": 0.0}, {""x"": 1.6465187072753906, ""y"": 1.8235445022583008, ""z"": 0.0, ""velocity"": 0.0, ""snr"": 0.0}, {""x"": 1.651167869567871, ""y"": 1.849830150604248, ""z"": 0.0, ""velocity"": 0.0, ""snr"": 0.0}, {""x"": 1.6481280326843262, ""y"": 1.8732547760009766, ""z"": 0.0, ""velocity"": 0.0, ""snr"": 0.0}, {""x"": 1.6690492630004883, ""y"": 1.8888115882873535, ""z"": 0.0, ""velocity"": 0.0, ""snr"": 0.0}]","[152238.0, 219877.0, 153087.0, 52112.0, 61545.0, 62528.0, 33624.0, 31928.0, 16052.0, 40866.0, 78900.0, 66966.0, 64774.0, 33103.0, 12362.0, 7774.0, 4224.0, 3726.0, 2827.0, 2426.0, 2598.0, 2226.0, 2328.0, 3783.0, 4639.0, 4118.0, 4880.0, 7252.0, 6560.0, 6829.0, 11675.0, 13924.0, 12949.0, 9655.0, 14264.0, 15651.0, 11671.0, 23289.0, 29902.0, 11495.0, 8070.0, 13571.0, 15795.0, 9407.0, 6850.0, 7700.0, 7458.0, 6252.0, 5428.0, 5419.0, 5952.0, 4621.0, 13662.0, 32138.0, 50652.0, 44412.0, 18638.0, 7213.0, 12839.0, 12397.0, 10224.0, 7450.0, 5901.0, 6219.0, 7840.0, 7481.0, 10516.0, 7819.0, 7574.0, 6664.0, 5361.0, 4614.0, 3514.0, 5028.0, 5056.0, 4499.0, 4431.0, 6293.0, 10922.0, 10261.0, 6548.0, 4555.0, 3811.0, 3075.0, 3682.0, 3658.0, 4225.0, 3286.0, 4223.0, 4096.0, 4153.0, 4045.0, 3969.0, 5801.0, 5507.0, 3955.0, 3795.0, 3130.0, 3717.0, 4165.0, 3436.0, 3145.0, 3130.0, 4499.0, 6281.0, 4516.0, 3171.0, 3130.0, 3763.0, 4717.0, 4047.0, 3193.0, 2708.0, 2796.0, 2848.0, 2407.0, 2170.0, 2328.0, 2434.0, 1979.0, 2406.0, 2427.0, 2621.0, 2523.0, 2148.0, 2154.0, 2371.0, 2486.0]",55790444.349040955
6,0.8,16,"[{""x"": -0.8647441864013672, ""y"": 1.135110855102539, ""z"": 0.0, ""velocity"": 0.0, ""snr"": 0.0}, {""x"": -0.9371638298034668, ""y"": 1.1159777641296387, ""z"": 0.0, ""velocity"": 0.0, ""snr"": 0.0}, {""x"": -0.9339451789855957, ""y"": 1.4500021934509277, ""z"": 0.0, ""velocity"": 0.0, ""snr"": 0.0}, {""x"": -0.22906064987182617, ""y"": 0.5697011947631836, ""z"": 0.0, ""velocity"": 0.0, ""snr"": 0.0}, {""x"": -0.08618831634521484, ""y"": 0.4405975341796875, ""z"": 0.0, ""velocity"": 0.0, ""snr"": 0.0}, {""x"": -0.10281801223754883, ""y"": 0.504612922668457, ""z"": 0.0, ""velocity"": 0.0, ""snr"": 0.0}, {""x"": -0.15413761138916016, ""y"": 0.5375146865844727, ""z"": 0.0, ""velocity"": 0.0, ""snr"": 0.0}, {""x"": -0.35762786865234375, ""y"": 1.552283763885498, ""z"": 0.0, ""velocity"": 0.0, ""snr"": 0.0}, {""x"": -0.08296966552734375, ""y"": 0.4647374153137207, ""z"": 0.0, ""velocity"": 0.0, ""snr"": 0.0}, {""x"": -0.0813603401184082, ""y"": 0.48100948333740234, ""z"": 0.0, ""velocity"": 0.0, ""snr"": 0.0}, {""x"": -0.2544522285461426, ""y"": 1.5513896942138672, ""z"": 0.0, ""velocity"": 0.0, ""snr"": 0.0}, {""x"": 0.33348798751831055, ""y"": 0.4572272300720215, ""z"": 0.0, ""velocity"": 0.0, ""snr"": 0.0}, {""x"": 1.6644001007080078, ""y"": 1.8095970153808594, ""z"": 0.0, ""velocity"": 0.0, ""snr"": 0.0}, {""x"": 1.6726255416870117, ""y"": 1.834094524383545, ""z"": 0.0, ""velocity"": 0.0, ""snr"": 0.0}, {""x"": 1.66243314743042, ""y"": 1.862168312072754, ""z"": 0.0, ""velocity"": 0.0, ""snr"": 0.0}, {""x"": 1.6735196113586426, ""y"": 1.8825531005859375, ""z"": 0.0, ""velocity"": 0.0, ""snr"": 0.0}]","[151945.0, 219675.0, 152781.0, 47803.0, 24215.0, 67174912.0, 134546947.0, 84082695.0, 196613.0, 174338560.0, 124160.0, 0.0, 4096.0, 512.0, 4294967040.0, 77311.0, 46080.0, 998244352.0, 3201903929.0, 2147483705.0, 2147483710.0, 4159.0, 3941434368.0, 24.0, 4266015744.0, 1606635.0, 805306368.0, 821065031.0, 26.0, 1564817920.0, 405502.0, 989855744.0, 3086873679.0, 9.0, 3695733504.0, 647933.0, 2315255808.0, 889077573.0, 10.0, 4165239552.0, 2259452.0, 989855744.0, 922743880.0, 11.0, 54812928.0, 2248958.0, 1174405120.0, 4127292741.0, 12.0, 759444736.0, 790019.0, 1560281088.0, 2032505410.0, 38.0, 3494720512.0, 2551077.0, 1291845632.0, 2468776780.0, 38.0, 2823508480.0, 2500135.0, 855638016.0, 77386.0, 131072.0, 38855680.0, 56308224.0, 39110400.0, 12102656.0, 2770944.0, 7573504.0, 15379200.0, 12415488.0, 4608512.0, 21593856.0, 38238464.0, 27745536.0, 9969408.0, 7574016.0, 2792704.0, 1327872.0, 954880.0, 706048.0, 648192.0, 662528.0, 652288.0, 694272.0, 673280.0, 1032960.0, 1279488.0, 1133568.0, 1021696.0, 1587968.0, 1564416.0, 1966080.0, 3886080.0, 4601600.0, 3812864.0, 2720512.0, 5293568.0, 5270272.0, 2369024.0, 4655104.0, 6808320.0, 1965056.0, 3047424.0, 3901952.0, 4703488.0, 4103936.0, 2973440.0, 2016768.0, 1625344.0, 1411840.0, 1239552.0, 1384704.0, 1889280.0, 1988096.0, 3324416.0, 8527616.0, 15408640.0, 14432512.0, 5849856.0, 2188288.0, 3158528.0, 3155968.0, 2686208.0, 1862144.0, 1992192.0, 1745152.0]",497150610.7977191
7,0.8,16,"[{""x"": -0.8068084716796875, ""y"": 1.1699795722961426, ""z"": 0.0, ""velocity"": 0.0, ""snr"": 0.0}, {""x"": -0.8407831192016602, ""y"": 1.1846423149108887, ""z"": 0.0, ""velocity"": 0.0, ""snr"": 0.0}, {""x"": -0.705420970916748, ""y"": 1.1987686157226562, ""z"": 0.0, ""velocity"": 0.0, ""snr"": 0.0}, {""x"": -0.07581710815429688, ""y"": 0.2796649932861328, ""z"": 0.0, ""velocity"": 0.0, ""snr"": 0.0}, {""x"": -0.08922815322875977, ""y"": 0.44149160385131836, ""z"": 0.0, ""velocity"": 0.0, ""snr"": 0.0}, {""x"": -0.08779764175415039, ""y"": 0.4615187644958496, ""z"": 0.0, ""velocity"": 0.0, ""snr"": 0.0}, {""x"": -0.08082389831542969, ""y"": 0.4729628562927246, ""z"": 0.0, ""velocity"": 0.0, ""snr"": 0.0}, {""x"": -0.09387731552124023, ""y"": 0.5028247833251953, ""z"": 0.0, ""velocity"": 0.0, ""snr"": 0.0}, {""x"": -0.06598234176635742, ""y"": 0.559687614440918, ""z"": 0.0, ""velocity"": 0.0, ""snr"": 0.0}, {""x"": -0.050961971282958984, ""y"": 0.6029605865478516, ""z"": 0.0, ""velocity"": 0.0, ""snr"": 0.0}, {""x"": -0.13840198516845703, ""y"": 1.5631914138793945, ""z"": 0.0, ""velocity"": 0.0, ""snr"": 0.0}, {""x"": -0.17255544662475586, ""y"": 1.5744566917419434, ""z"": 0.0, ""velocity"": 0.0, ""snr"": 0.0}, {""x"": 1.725912094116211, ""y"": 1.7554163932800293, ""z"": 0.0, ""velocity"": 0.0, ""snr"": 0.0}, {""x"": 1.7430782318115234, ""y"": 1.7711520195007324, ""z"": 0.0, ""velocity"": 0.0, ""snr"": 0.0}, {""x"": 1.783132553100586, ""y"": 1.7491579055786133, ""z"": 0.0, ""velocity"": 0.0, ""snr"": 0.0}, {""x"": 1.8222928047180176, ""y"": 1.740574836730957, ""z"": 0.0, ""velocity"": 0.0, ""snr"": 0.0}]","[151740.0, 219576.0, 152390.0, 47245.0, 11760.0, 59889.0, 107112.0, 74490.0, 27331.0, 69787.0, 142274.0, 118704.0, 49987.0, 26585.0, 14288.0, 5747.0, 4604.0, 4050.0, 3889.0, 3452.0, 2651.0, 3131.0, 2886.0, 4335.0, 5609.0, 4598.0, 4296.0, 7529.0, 7944.0, 10149.0, 18172.0, 20571.0, 18715.0, 14655.0, 22299.0, 22060.0, 9929.0, 20954.0, 31303.0, 10354.0, 13137.0, 16186.0, 18984.0, 18259.0, 12848.0, 8909.0, 6990.0, 5700.0, 5355.0, 5472.0, 7089.0, 7935.0, 13786.0, 34984.0, 63947.0, 61020.0, 26473.0, 8992.0, 12111.0, 12221.0, 11487.0, 7974.0, 8523.0, 6942.0, 6430.0, 8835.0, 10860.0, 8806.0, 6570.0, 8573.0, 7701.0, 6026.0, 5087.0, 5017.0, 4894.0, 6511.0, 5244.0, 6257.0, 9331.0, 9116.0, 5797.0, 4660.0, 5061.0, 4457.0, 4305.0, 4443.0, 3796.0, 3731.0, 4500.0, 4621.0, 4107.0, 3957.0, 3528.0, 4679.0, 4997.0, 4903.0, 3906.0, 3962.0, 4281.0, 3662.0, 4462.0, 4416.0, 2965.0, 5393.0, 9088.0, 8462.0, 4142.0, 3228.0, 3900.0, 4710.0, 4216.0, 3526.0, 2379.0, 2714.0, 2591.0, 2451.0, 2786.0, 2691.0, 2603.0, 2393.0, 2469.0, 2224.0, 2801.0, 3242.0, 2545.0, 2032.0, 2361.0, 2373.0]",63392079.62645624
8,0.8,14,"[{""x"": -0.8397102355957031, ""y"": 1.1782050132751465, ""z"": 0.0, ""velocity"": 0.0, ""snr"": 0.0}, {""x"": -0.6161928176879883, ""y"": 1.2540221214294434, ""z"": 0.0, ""velocity"": 0.0, ""snr"": 0.0}, {""x"": -0.7467269897460938, ""y"": 1.199483871459961, ""z"": 0.0, ""velocity"": 0.0, ""snr"": 0.0}, {""x"": -0.1823902130126953, ""y"": 0.5267858505249023, ""z"": 0.0, ""velocity"": 0.0, ""snr"": 0.0}, {""x"": -0.194549560546875, ""y"": 0.5716681480407715, ""z"": 0.0, ""velocity"": 0.0, ""snr"": 0.0}, {""x"": -0.031828880310058594, ""y"": 0.46259164810180664, ""z"": 0.0, ""velocity"": 0.0, ""snr"": 0.0}, {""x"": -0.03916025161743164, ""y"": 0.47832727432250977, ""z"": 0.0, ""velocity"": 0.0, ""snr"": 0.0}, {""x"": -0.04094839096069336, ""y"": 0.48404932022094727, ""z"": 0.0, ""velocity"": 0.0, ""snr"": 0.0}, {""x"": -0.0661611557006836, ""y"": 0.5003213882446289, ""z"": 0.0, ""velocity"": 0.0, ""snr"": 0.0}, {""x"": -0.16057491302490234, ""y"": 1.5556812286376953, ""z"": 0.0, ""velocity"": 0.0, ""snr"": 0.0}, {""x"": 1.7096400260925293, ""y"": 1.8192529678344727, ""z"": 0.0, ""velocity"": 0.0, ""snr"": 0.0}, {""x"": 1.7226934432983398, ""y"": 1.839280128479004, ""z"": 0.0, ""velocity"": 0.0, ""snr"": 0.0}, {""x"": 1.7058849334716797, ""y"": 1.7754435539245605, ""z"": 0.0, ""velocity"": 0.0, ""snr"": 0.0}, {""x"": 1.715540885925293, ""y"": 1.7963647842407227, ""z"": 0.0, ""velocity"": 0.0, ""snr"": 0.0}]","[151868.0, 219890.0, 152826.0, 47357.0, 23536.0, 31584.0, 40169.0, 34064.0, 14220.0, 68498.0, 190127.0, 194148.0, 85733.0, 29587.0, 15169.0, 6508.0, 3237.0, 2405.0, 2274.0, 2472.0, 2282.0, 3322.0, 2795.0, 4048.0, 5455.0, 4457.0, 4108.0, 4864.0, 6114.0, 8294.0, 21590.0, 22586.0, 17198.0, 12562.0, 16676.0, 13919.0, 8026.0, 23088.0, 29251.0, 9219.0, 16236.0, 15597.0, 18282.0, 18563.0, 13777.0, 9674.0, 7107.0, 6196.0, 7054.0, 7245.0, 6999.0, 6892.0, 13542.0, 36720.0, 65751.0, 61477.0, 25281.0, 9971.0, 14210.0, 12560.0, 10809.0, 7409.0, 6601.0, 5594.0, 6566.0, 7876.0, 9488.0, 9636.0, 7163.0, 6151.0, 6473.0, 6045.0, 5498.0, 5768.0, 6245.0, 5685.0, 5337.0, 7116.0, 10677.0, 10942.0, 7323.0, 4795.0, 4880.0, 4393.0, 4521.0, 3409.0, 4086.0, 4354.0, 5359.0, 4345.0, 4449.0, 4140.0, 4410.0, 4558.0, 4610.0, 3871.0, 3403.0, 2935.0, 3763.0, 4290.0, 5066.0, 4417.0, 2977.0, 5842.0, 8279.0, 6406.0, 2852.0, 2857.0, 4634.0, 5242.0, 4125.0, 3197.0, 2876.0, 3050.0, 2474.0, 2956.0, 2937.0, 2653.0, 2602.0, 2163.0, 2103.0, 2460.0, 3264.0, 3098.0, 2034.0, 2222.0, 2596.0, 2339.0]",62124929.697073355
9,0.8,14,"[{""x"": -0.828087329864502, ""y"": 1.1542439460754395, ""z"": 0.0, ""velocity"": 0.0, ""snr"": 0.0}, {""x"": -0.897824764251709, ""y"": 1.1368989944458008, ""z"": 0.0, ""velocity"": 0.0, ""snr"": 0.0}, {""x"": -0.6852149963378906, ""y"": 1.2114644050598145, ""z"": 0.0, ""velocity"": 0.0, ""snr"": 0.0}, {""x"": -0.7309913635253906, ""y"": 1.5633702278137207, ""z"": 0.0, ""velocity"": 0.0, ""snr"": 0.0}, {""x"": -0.8320212364196777, ""y"": 1.7693638801574707, ""z"": 0.0, ""velocity"": 0.0, ""snr"": 0.0}, {""x"": -0.1537799835205078, ""y"": 0.527501106262207, ""z"": 0.0, ""velocity"": 0.0, ""snr"": 0.0}, {""x"": -0.06651878356933594, ""y"": 0.4527568817138672, ""z"": 0.0, ""velocity"": 0.0, ""snr"": 0.0}, {""x"": -0.05561113357543945, ""y"": 0.4724264144897461, ""z"": 0.0, ""velocity"": 0.0, ""snr"": 0.0}, {""x"": -0.044345855712890625, ""y"": 0.47975778579711914, ""z"": 0.0, ""velocity"": 0.0, ""snr"": 0.0}, {""x"": -0.05131959915161133, ""y"": 0.49889087677001953, ""z"": 0.0, ""velocity"": 0.0, ""snr"": 0.0}, {""x"": 1.7278790473937988, ""y"": 1.7534494400024414, ""z"": 0.0, ""velocity"": 0.0, ""snr"": 0.0}, {""x"": 1.7232298851013184, ""y"": 1.7899274826049805, ""z"": 0.0, ""velocity"": 0.0, ""snr"": 0.0}, {""x"": 1.7543435096740723, ""y"": 1.7765164375305176, ""z"": 0.0, ""velocity"": 0.0, ""snr"": 0.0}, {""x"": 1.7734766006469727, ""y"": 1.7910003662109375, ""z"": 0.0, ""velocity"": 0.0, ""snr"": 0.0}]","[152214.0, 219938.0, 152446.0, 47347.0, 22163.0, 24987.0, 26671.0, 35857.0, 23860.0, 80265.0, 192468.0, 181659.0, 71446.0, 21415.0, 10411.0, 5702.0, 3706.0, 3532.0, 2492.0, 2447.0, 2775.0, 2795.0, 3045.0, 3360.0, 3983.0, 3424.0, 4075.0, 7275.0, 8454.0, 9349.0, 15355.0, 17356.0, 15204.0, 9013.0, 7665.0, 7357.0, 9006.0, 35809.0, 45053.0, 18828.0, 11163.0, 15794.0, 20453.0, 24270.0, 16435.0, 9866.0, 7259.0, 6152.0, 6376.0, 5742.0, 5729.0, 6023.0, 14170.0, 36740.0, 66060.0, 62895.0, 25727.0, 9988.0, 13368.0, 11642.0, 10362.0, 7654.0, 6910.0, 6603.0, 7134.0, 8528.0, 11607.0, 10556.0, 7510.0, 7451.0, 6504.0, 6205.0, 5021.0, 4811.0, 6546.0, 5546.0, 5898.0, 7974.0, 11389.0, 11092.0, 7067.0, 4527.0, 4218.0, 3293.0, 3756.0, 2972.0, 4154.0, 3507.0, 4447.0, 4287.0, 4957.0, 5154.0, 3948.0, 4449.0, 4729.0, 4170.0, 3549.0, 3177.0, 4465.0, 3736.0, 4599.0, 3755.0, 2916.0, 5271.0, 8074.0, 6758.0, 3379.0, 2868.0, 4751.0, 5050.0, 3700.0, 3077.0, 2594.0, 3015.0, 2777.0, 2597.0, 2744.0, 2795.0, 2416.0, 2471.0, 2366.0, 2298.0, 3298.0, 3337.0, 1810.0, 2167.0, 2306.0, 2323.0]",60882625.61622256
10,0.8,15,"[{""x"": -0.8150339126586914, ""y"": 1.1671185493469238, ""z"": 0.0, ""velocity"": 0.0, ""snr"": 0.0}, {""x"": -0.8851289749145508, ""y"": 1.1515617370605469, ""z"": 0.0, ""velocity"": 0.0, ""snr"": 0.0}, {""x"": -0.6873607635498047, ""y"": 1.215219497680664, ""z"": 0.0, ""velocity"": 0.0, ""snr"": 0.0}, {""x"": -0.7590651512145996, ""y"": 1.5496015548706055, ""z"": 0.0, ""velocity"": 0.0, ""snr"": 0.0}, {""x"": -0.687718391418457, ""y"": 1.5805363655090332, ""z"": 0.0, ""velocity"": 0.0, ""snr"": 0.0}, {""x"": -0.030934810638427734, ""y"": 0.4627704620361328, ""z"": 0.0, ""velocity"": 0.0, ""snr"": 0.0}, {""x"": -0.05739927291870117, ""y"": 0.5439519882202148, ""z"": 0.0, ""velocity"": 0.0, ""snr"": 0.0}, {""x"": -0.028431415557861328, ""y"": 0.475466251373291, ""z"": 0.0, ""velocity"": 0.0, ""snr"": 0.0}, {""x"": -0.021636486053466797, ""y"": 0.48601627349853516, ""z"": 0.0, ""velocity"": 0.0, ""snr"": 0.0}, {""x"": -0.015020370483398438, ""y"": 0.5081892013549805, ""z"": 0.0, ""velocity"": 0.0, ""snr"": 0.0}, {""x"": 1.0489225387573242, ""y"": 1.5960931777954102, ""z"": 0.0, ""velocity"": 0.0, ""snr"": 0.0}, {""x"": 1.71661376953125, ""y"": 1.7631053924560547, ""z"": 0.0, ""velocity"": 0.0, ""snr"": 0.0}, {""x"": 1.7189383506774902, ""y"": 1.793503761291504, ""z"": 0.0, ""velocity"": 0.0, ""snr"": 0.0}, {""x"": 1.7464756965637207, ""y"": 1.784205436706543, ""z"": 0.0, ""velocity"": 0.0, ""snr"": 0.0}, {""x"": 1.783311367034912, ""y"": 1.781165599822998, ""z"": 0.0, ""velocity"": 0.0, ""snr"": 0.0}]","[152081.0, 219884.0, 152588.0, 47226.0, 23531.0, 36845.0, 26639.0, 21046.0, 8287.0, 85166.0, 195708.0, 194520.0, 93324.0, 32415.0, 10788.0, 4330.0, 4186.0, 3544.0, 2562.0, 2865.0, 2105.0, 2396.0, 3179.0, 4721.0, 6514.0, 5936.0, 5381.0, 6616.0, 5776.0, 7469.0, 16558.0, 19807.0, 18658.0, 12339.0, 13135.0, 11574.0, 11030.0, 34187.0, 42990.0, 17025.0, 11328.0, 15357.0, 17684.0, 17374.0, 14097.0, 9329.0, 6581.0, 5139.0, 5389.0, 5349.0, 5834.0, 6594.0, 15013.0, 37207.0, 66149.0, 62517.0, 25735.0, 9923.0, 14458.0, 12399.0, 10353.0, 7412.0, 6754.0, 6063.0, 6994.0, 7517.0, 8449.0, 8598.0, 8030.0, 5770.0, 6009.0, 5796.0, 5010.0, 5860.0, 6328.0, 5022.0, 4938.0, 8406.0, 12618.0, 11657.0, 7126.0, 4853.0, 4378.0, 3158.0, 3711.0, 4059.0, 4714.0, 4073.0, 4741.0, 5138.0, 4940.0, 4953.0, 4397.0, 5135.0, 4832.0, 3864.0, 3096.0, 3401.0, 4026.0, 3560.0, 4120.0, 4299.0, 3367.0, 4639.0, 7536.0, 6346.0, 2960.0, 3143.0, 3499.0, 3928.0, 3534.0, 3430.0, 2757.0, 2662.0, 2203.0, 2157.0, 2527.0, 2622.0, 2595.0, 2373.0, 2298.0, 2440.0, 3242.0, 3023.0, 1966.0, 2304.0, 2391.0, 2378.0]",59664760.47108561
11,0.8,12,"[{""x"": -0.9169578552246094, ""y"": 1.0837912559509277, ""z"": 0.0, ""velocity"": 0.0, ""snr"": 0.0}, {""x"": -0.7646083831787109, ""y"": 1.1524558067321777, ""z"": 0.0, ""velocity"": 0.0, ""snr"": 0.0}, {""x"": -0.044345855712890625, ""y"": 0.4563331604003906, ""z"": 0.0, ""velocity"": 0.0, ""snr"": 0.0}, {""x"": -0.04488229751586914, ""y"": 0.4799365997314453, ""z"": 0.0, ""velocity"": 0.0, ""snr"": 0.0}, {""x"": -0.032901763916015625, ""y"": 0.48977136611938477, ""z"": 0.0, ""velocity"": 0.0, ""snr"": 0.0}, {""x"": -0.06222724914550781, ""y"": 0.538945198059082, ""z"": 0.0, ""velocity"": 0.0, ""snr"": 0.0}, {""x"": -0.02396106719970703, ""y"": 0.5094408988952637, ""z"": 0.0, ""velocity"": 0.0, ""snr"": 0.0}, {""x"": -0.02574920654296875, ""y"": 1.5739202499389648, ""z"": 0.0, ""velocity"": 0.0, ""snr"": 0.0}, {""x"": 1.6804933547973633, ""y"": 1.797795295715332, ""z"": 0.0, ""velocity"": 0.0, ""snr"": 0.0}, {""x"": 1.691758632659912, ""y"": 1.8188953399658203, ""z"": 0.0, ""velocity"": 0.0, ""snr"": 0.0}, {""x"": 1.7241239547729492, ""y"": 1.8391013145446777, ""z"": 0.0, ""velocity"": 0.0, ""snr"": 0.0}, {""x"": 1.7184019088745117, ""y"": 1.8121004104614258, ""z"": 0.0, ""velocity"": 0.0, ""snr"": 0.0}]","[152104.0, 220219.0, 153106.0, 46824.0, 10348.0, 28005.0, 34384.0, 33866.0, 19451.0, 51292.0, 144404.0, 158933.0, 83756.0, 27395.0, 7164.0, 5857.0, 4236.0, 3249.0, 2782.0, 3064.0, 2776.0, 2503.0, 2583.0, 3578.0, 3927.0, 3992.0, 5344.0, 7018.0, 5724.0, 8604.0, 12353.0, 13578.0, 12514.0, 8357.0, 16294.0, 15131.0, 10160.0, 23257.0, 30159.0, 9555.0, 12805.0, 16079.0, 21221.0, 21204.0, 13020.0, 8188.0, 6659.0, 4910.0, 5533.0, 5699.0, 5868.0, 6303.0, 15264.0, 38202.0, 67785.0, 63946.0, 27144.0, 12594.0, 14354.0, 12364.0, 10949.0, 7380.0, 6775.0, 6033.0, 7444.0, 8561.0, 10860.0, 9727.0, 6633.0, 5887.0, 5889.0, 4917.0, 4417.0, 5616.0, 5850.0, 4133.0, 4559.0, 7656.0, 10416.0, 9446.0, 5746.0, 5378.0, 4597.0, 3859.0, 4204.0, 3814.0, 4373.0, 4248.0, 3724.0, 4714.0, 4043.0, 4233.0, 3766.0, 5612.0, 5458.0, 4413.0, 3529.0, 3501.0, 3766.0, 3308.0, 4037.0, 4573.0, 3141.0, 4143.0, 7233.0, 6359.0, 3080.0, 3030.0, 3703.0, 4651.0, 3449.0, 3384.0, 3071.0, 3019.0, 2362.0, 2347.0, 2731.0, 2494.0, 2349.0, 2173.0, 2358.0, 2625.0, 2731.0, 2800.0, 1953.0, 2334.0, 1901.0, 2574.0]",58471983.064407386
12,0.8,13,"[{""x"": -0.865638256072998, ""y"": 1.1254549026489258, ""z"": 0.0, ""velocity"": 0.0, ""snr"": 0.0}, {""x"": -0.6256699562072754, ""y"": 1.2332797050476074, ""z"": 0.0, ""velocity"": 0.0, ""snr"": 0.0}, {""x"": -0.06812810897827148, ""y"": 0.44846534729003906, ""z"": 0.0, ""velocity"": 0.0, ""snr"": 0.0}, {""x"": -0.06455183029174805, ""y"": 0.46241283416748047, ""z"": 0.0, ""velocity"": 0.0, ""snr"": 0.0}, {""x"": -0.05811452865600586, ""y"": 0.47475099563598633, ""z"": 0.0, ""velocity"": 0.0, ""snr"": 0.0}, {""x"": -0.07134675979614258, ""y"": 0.5005002021789551, ""z"": 0.0, ""velocity"": 0.0, ""snr"": 0.0}, {""x"": -0.030755996704101562, ""y"": 1.5669465065002441, ""z"": 0.0, ""velocity"": 0.0, ""snr"": 0.0}, {""x"": 0.3114938735961914, ""y"": 0.4667043685913086, ""z"": 0.0, ""velocity"": 0.0, ""snr"": 0.0}, {""x"": 1.0086894035339355, ""y"": 1.627027988433838, ""z"": 0.0, ""velocity"": 0.0, ""snr"": 0.0}, {""x"": 1.6867518424987793, ""y"": 1.7911791801452637, ""z"": 0.0, ""velocity"": 0.0, ""snr"": 0.0}, {""x"": 1.7232298851013184, ""y"": 1.8398165702819824, ""z"": 0.0, ""velocity"": 0.0, ""snr"": 0.0}, {""x"": 1.7264485359191895, ""y"": 1.7852783203125, ""z"": 0.0, ""velocity"": 0.0, ""snr"": 0.0}, {""x"": 1.7169713973999023, ""y"": 1.8129944801330566, ""z"": 0.0, ""velocity"": 0.0, ""snr"": 0.0}]","[152510.0, 219929.0, 152701.0, 47429.0, 11370.0, 19661.0, 27943.0, 27889.0, 25912.0, 108839.0, 199240.0, 162183.0, 64765.0, 25871.0, 9073.0, 4778.0, 3720.0, 3366.0, 2740.0, 3231.0, 3232.0, 2625.0, 2602.0, 4228.0, 5699.0, 5050.0, 4445.0, 5937.0, 6609.0, 10669.0, 14246.0, 14754.0, 13275.0, 9008.0, 14588.0, 12860.0, 9740.0, 23763.0, 31622.0, 10800.0, 11009.0, 15333.0, 19120.0, 21561.0, 14791.0, 7910.0, 6039.0, 5937.0, 6147.0, 6199.0, 6568.0, 6152.0, 15922.0, 39813.0, 69826.0, 65157.0, 27911.0, 13632.0, 14514.0, 12653.0, 10388.0, 7279.0, 6818.0, 5197.0, 6649.0, 7231.0, 9311.0, 7657.0, 6330.0, 6664.0, 6528.0, 5305.0, 4060.0, 4776.0, 5407.0, 4642.0, 4836.0, 6492.0, 10332.0, 10327.0, 6836.0, 5666.0, 4522.0, 3556.0, 4211.0, 3538.0, 4306.0, 4382.0, 3510.0, 4334.0, 4788.0, 5065.0, 4265.0, 5852.0, 5550.0, 4336.0, 3502.0, 3374.0, 3313.0, 3351.0, 4302.0, 4360.0, 3086.0, 5390.0, 8176.0, 6211.0, 3583.0, 3396.0, 4585.0, 4770.0, 3659.0, 3524.0, 3482.0, 3345.0, 2591.0, 2377.0, 2549.0, 2657.0, 2437.0, 2429.0, 2196.0, 2195.0, 3041.0, 3105.0, 2346.0, 2070.0, 1824.0, 2162.0]",57302630.10861811
13,0.8,16,"[{""x"": -0.3224015235900879, ""y"": 0.46133995056152344, ""z"": 0.0, ""velocity"": 0.0, ""snr"": 0.0}, {""x"": -0.8838772773742676, ""y"": 1.1156201362609863, ""z"": 0.0, ""velocity"": 0.0, ""snr"": 0.0}, {""x"": -0.9954571723937988, ""y"": 1.0625123977661133, ""z"": 0.0, ""velocity"": 0.0, ""snr"": 0.0}, {""x"": -0.7204413414001465, ""y"": 1.186072826385498, ""z"": 0.0, ""velocity"": 0.0, ""snr"": 0.0}, {""x"": -0.7858872413635254, ""y"": 1.538693904876709, ""z"": 0.0, ""velocity"": 0.0, ""snr"": 0.0}, {""x"": -0.699162483215332, ""y"": 1.5715956687927246, ""z"": 0.0, ""velocity"": 0.0, ""snr"": 0.0}, {""x"": -0.09799003601074219, ""y"": 0.42504072189331055, ""z"": 0.0, ""velocity"": 0.0, ""snr"": 0.0}, {""x"": -0.08761882781982422, ""y"": 0.45543909072875977, ""z"": 0.0, ""velocity"": 0.0, ""snr"": 0.0}, {""x"": -0.03987550735473633, ""y"": 0.3064870834350586, ""z"": 0.0, ""velocity"": 0.0, ""snr"": 0.0}, {""x"": -0.055789947509765625, ""y"": 0.354766845703125, ""z"": 0.0, ""velocity"": 0.0, ""snr"": 0.0}, {""x"": -0.037729740142822266, ""y"": 0.4767179489135742, ""z"": 0.0, ""velocity"": 0.0, ""snr"": 0.0}, {""x"": -0.08225440979003906, ""y"": 0.61798095703125, ""z"": 0.0, ""velocity"": 0.0, ""snr"": 0.0}, {""x"": 1.7219781875610352, ""y"": 1.7568469047546387, ""z"": 0.0, ""velocity"": 0.0, ""snr"": 0.0}, {""x"": 1.7382502555847168, ""y"": 1.7732977867126465, ""z"": 0.0, ""velocity"": 0.0, ""snr"": 0.0}, {""x"": 1.765608787536621, ""y"": 1.7661452293395996, ""z"": 0.0, ""velocity"": 0.0, ""snr"": 0.0}, {""x"": 1.779019832611084, ""y"": 1.7861723899841309, ""z"": 0.0, ""velocity"": 0.0, ""snr"": 0.0}]","[151986.0, 219966.0, 152937.0, 47401.0, 34680.0, 63182.0, 84034.0, 86064.0, 51883.0, 71270.0, 124096.0, 100437.0, 50755.0, 23961.0, 16615.0, 8582.0, 5007.0, 4504.0, 3620.0, 3208.0, 3103.0, 2482.0, 2800.0, 3913.0, 4461.0, 4803.0, 4787.0, 7270.0, 7600.0, 8272.0, 13440.0, 14965.0, 15222.0, 10539.0, 18491.0, 16264.0, 14184.0, 31748.0, 41892.0, 17421.0, 10348.0, 15467.0, 18335.0, 10165.0, 7375.0, 7819.0, 7545.0, 6019.0, 5685.0, 6062.0, 6675.0, 6090.0, 15879.0, 39694.0, 68343.0, 63674.0, 27768.0, 11359.0, 15645.0, 13220.0, 10763.0, 7071.0, 6052.0, 6104.0, 6550.0, 6805.0, 9291.0, 7687.0, 7685.0, 6253.0, 4910.0, 4908.0, 4382.0, 5539.0, 6455.0, 4646.0, 5905.0, 8031.0, 11544.0, 11080.0, 7633.0, 5674.0, 4285.0, 3333.0, 4121.0, 3762.0, 3735.0, 4212.0, 3627.0, 4404.0, 4865.0, 5555.0, 4238.0, 4606.0, 4822.0, 3796.0, 3540.0, 3905.0, 4002.0, 3691.0, 3375.0, 3156.0, 2993.0, 5782.0, 8383.0, 5980.0, 3188.0, 3501.0, 4212.0, 4027.0, 4019.0, 3875.0, 3116.0, 2799.0, 2303.0, 2201.0, 2349.0, 2544.0, 2512.0, 2271.0, 2045.0, 2204.0, 2769.0, 2748.0, 1980.0, 1907.0, 2031.0, 1983.0]",56155394.477265924
14,0.8,17,"[{""x"": -0.7998347282409668, ""y"": 1.1739134788513184, ""z"": 0.0, ""velocity"": 0.0, ""snr"": 0.0}, {""x"": -0.8665323257446289, ""y"": 1.165151596069336, ""z"": 0.0, ""velocity"": 0.0, ""snr"": 0.0}, {""x"": -0.6580352783203125, ""y"": 1.2259483337402344, ""z"": 0.0, ""velocity"": 0.0, ""snr"": 0.0}, {""x"": -0.8763670921325684, ""y"": 1.4891624450683594, ""z"": 0.0, ""velocity"": 0.0, ""snr"": 0.0}, {""x"": -0.1251697540283203, ""y"": 0.5958080291748047, ""z"": 0.0, ""velocity"": 0.0, ""snr"": 0.0}, {""x"": -0.016987323760986328, ""y"": 0.2689361572265625, ""z"": 0.0, ""velocity"": 0.0, ""snr"": 0.0}, {""x"": -0.01895427703857422, ""y"": 0.27698278427124023, ""z"": 0.0, ""velocity"": 0.0, ""snr"": 0.0}, {""x"": -0.014841556549072266, ""y"": 0.2639293670654297, ""z"": 0.0, ""velocity"": 0.0, ""snr"": 0.0}, {""x"": -0.021636486053466797, ""y"": 0.4811882972717285, ""z"": 0.0, ""velocity"": 0.0, ""snr"": 0.0}, {""x"": -0.009119510650634766, ""y"": 1.5671253204345703, ""z"": 0.0, ""velocity"": 0.0, ""snr"": 0.0}, {""x"": 0.06258487701416016, ""y"": 0.4958510398864746, ""z"": 0.0, ""velocity"": 0.0, ""snr"": 0.0}, {""x"": 0.1462697982788086, ""y"": 0.4996061325073242, ""z"": 0.0, ""velocity"": 0.0, ""snr"": 0.0}, {""x"": 0.23889541625976562, ""y"": 0.4940629005432129, ""z"": 0.0, ""velocity"": 0.0, ""snr"": 0.0}, {""x"": 1.6921162605285645, ""y"": 1.7825961112976074, ""z"": 0.0, ""velocity"": 0.0, ""snr"": 0.0}, {""x"": 1.707315444946289, ""y"": 1.8010139465332031, ""z"": 0.0, ""velocity"": 0.0, ""snr"": 0.0}, {""x"": 1.7491579055786133, ""y"": 1.782238483428955, ""z"": 0.0, ""velocity"": 0.0, ""snr"": 0.0}, {""x"": 1.833200454711914, ""y"": 1.7346739768981934, ""z"": 0.0, ""velocity"": 0.0, ""snr"": 0.0}]","[152627.0, 220133.0, 152787.0, 47610.0, 36566.0, 145585.0, 206014.0, 114014.0, 22597.0, 37323.0, 80489.0, 100258.0, 70984.0, 31425.0, 17226.0, 7832.0, 5730.0, 3949.0, 3044.0, 2877.0, 3258.0, 2880.0, 2502.0, 3851.0, 4833.0, 4555.0, 4714.0, 5035.0, 5420.0, 7644.0, 14040.0, 15111.0, 14034.0, 9708.0, 17436.0, 14215.0, 9320.0, 24488.0, 35330.0, 13848.0, 11070.0, 15078.0, 17853.0, 13934.0, 11007.0, 8601.0, 6493.0, 6349.0, 7158.0, 5988.0, 5502.0, 5738.0, 17309.0, 41033.0, 66789.0, 61485.0, 27013.0, 11829.0, 16889.0, 15445.0, 11173.0, 7735.0, 8028.0, 7708.0, 6067.0, 7414.0, 11077.0, 10717.0, 8475.0, 6172.0, 6488.0, 6457.0, 5620.0, 5894.0, 7172.0, 5556.0, 5586.0, 8313.0, 11925.0, 10780.0, 7470.0, 5543.0, 4699.0, 3968.0, 3830.0, 3219.0, 4011.0, 3479.0, 4689.0, 4784.0, 4097.0, 4516.0, 4185.0, 5087.0, 5029.0, 3837.0, 3824.0, 3341.0, 3701.0, 3657.0, 4994.0, 4695.0, 3378.0, 5612.0, 9361.0, 7849.0, 4219.0, 3872.0, 4934.0, 5122.0, 4278.0, 3870.0, 3280.0, 3312.0, 2582.0, 2616.0, 2792.0, 2721.0, 2421.0, 2211.0, 2534.0, 2389.0, 2550.0, 2942.0, 2522.0, 2360.0, 2139.0, 2290.0]",55030681.898211434
0,0.8,15,"[{""x"": -0.9108781814575195, ""y"": 1.0884404182434082, ""z"": 0.0, ""velocity"": 0.0, ""snr"": 0.0}, {""x"": -0.9554028511047363, ""y"": 1.1002421379089355, ""z"": 0.0, ""velocity"": 0.0, ""snr"": 0.0}, {""x"": -0.7621049880981445, ""y"": 1.161038875579834, ""z"": 0.0, ""velocity"": 0.0, ""snr"": 0.0}, {""x"": -0.8316636085510254, ""y"": 1.5120506286621094, ""z"": 0.0, ""velocity"": 0.0, ""snr"": 0.0}, {""x"": -0.0826120376586914, ""y"": 0.5988478660583496, ""z"": 0.0, ""velocity"": 0.0, ""snr"": 0.0}, {""x"": 0.0007152557373046875, ""y"": 0.5308985710144043, ""z"": 0.0, ""velocity"": 0.0, ""snr"": 0.0}, {""x"": -0.023245811462402344, ""y"": 0.5698800086975098, ""z"": 0.0, ""velocity"": 0.0, ""snr"": 0.0}, {""x"": -0.07492303848266602, ""y"": 1.5363693237304688, ""z"": 0.0, ""velocity"": 0.0, ""snr"": 0.0}, {""x"": 0.023245811462402344, ""y"": 1.5601515769958496, ""z"": 0.0, ""velocity"": 0.0, ""snr"": 0.0}, {""x"": 0.07170438766479492, ""y"": 1.5785694122314453, ""z"": 0.0, ""velocity"": 0.0, ""snr"": 0.0}, {""x"": 0.03236532211303711, ""y"": 0.4906654357910156, ""z"": 0.0, ""velocity"": 0.0, ""snr"": 0.0}, {""x"": 1.6640424728393555, ""y"": 1.8074512481689453, ""z"": 0.0, ""velocity"": 0.0, ""snr"": 0.0}, {""x"": 1.6388297080993652, ""y"": 1.862168312072754, ""z"": 0.0, ""velocity"": 0.0, ""snr"": 0.0}, {""x"": 1.6196966171264648, ""y"": 1.9011497497558594, ""z"": 0.0, ""velocity"": 0.0, ""snr"": 0.0}, {""x"": 1.599133014678955, ""y"": 1.952826976776123, ""z"": 0.0, ""velocity"": 0.0, ""snr"": 0.0}]","[152233.0, 220115.0, 153027.0, 47034.0, 10241.0, 12533.0, 20822.0, 13829.0, 8131.0, 36195.0, 82451.0, 75200.0, 54371.0, 36823.0, 21526.0, 6854.0, 4159.0, 3448.0, 2424.0, 2371.0, 2222.0, 2287.0, 2564.0, 3489.0, 5135.0, 4185.0, 4541.0, 4298.0, 4610.0, 6648.0, 12812.0, 13426.0, 12746.0, 13001.0, 21434.0, 15416.0, 9872.0, 25272.0, 35838.0, 12489.0, 12142.0, 14744.0, 17405.0, 11047.0, 8236.0, 7916.0, 7468.0, 5909.0, 6112.0, 7073.0, 5622.0, 5186.0, 15899.0, 36777.0, 58271.0, 52852.0, 24287.0, 10222.0, 15885.0, 14775.0, 12188.0, 7480.0, 7615.0, 6227.0, 5352.0, 8014.0, 10968.0, 9702.0, 7813.0, 7979.0, 7064.0, 6023.0, 6171.0, 6331.0, 6048.0, 5441.0, 5202.0, 7136.0, 10724.0, 10323.0, 6907.0, 5142.0, 4764.0, 4363.0, 4151.0, 3681.0, 3886.0, 3658.0, 3845.0, 4096.0, 5004.0, 4953.0, 3704.0, 4423.0, 4719.0, 4150.0, 4068.0, 3436.0, 3600.0, 3807.0, 4166.0, 4095.0, 3121.0, 4361.0, 7667.0, 6615.0, 3858.0, 3128.0, 4223.0, 4846.0, 4327.0, 3335.0, 2697.0, 2578.0, 2317.0, 2603.0, 2550.0, 2389.0, 2207.0, 2285.0, 2433.0, 2303.0, 2887.0, 3838.0, 3192.0, 2407.0, 2329.0, 2321.0]",53934168.31062464
1,0.8,16,"[{""x"": -1.059114933013916, ""y"": 1.0017156600952148, ""z"": 0.0, ""velocity"": 0.0, ""snr"": 0.0}, {""x"": -0.3635287284851074, ""y"": 0.43523311614990234, ""z"": 0.0, ""velocity"": 0.0, ""snr"": 0.0}, {""x"": -0.9208917617797852, ""y"": 1.0803937911987305, ""z"": 0.0, ""velocity"": 0.0, ""snr"": 0.0}, {""x"": -0.743865966796875, ""y"": 1.173555850982666, ""z"": 0.0, ""velocity"": 0.0, ""snr"": 0.0}, {""x"": -0.8897781372070312, ""y"": 1.4766454696655273, ""z"": 0.0, ""velocity"": 0.0, ""snr"": 0.0}, {""x"": -0.18578767776489258, ""y"": 0.6077885627746582, ""z"": 0.0, ""velocity"": 0.0, ""snr"": 0.0}, {""x"": -0.03647804260253906, ""y"": 0.45293569564819336, ""z"": 0.0, ""velocity"": 0.0, ""snr"": 0.0}, {""x"": -0.045239925384521484, ""y"": 0.5035400390625, ""z"": 0.0, ""velocity"": 0.0, ""snr"": 0.0}, {""x"": -0.018775463104248047, ""y"": 0.48172473907470703, ""z"": 0.0, ""velocity"": 0.0, ""snr"": 0.0}, {""x"": -0.0025033950805664062, ""y"": 1.536548137664795, ""z"": 0.0, ""velocity"": 0.0, ""snr"": 0.0}, {""x"": 0.015020370483398438, ""y"": 1.5590786933898926, ""z"": 0.0, ""velocity"": 0.0, ""snr"": 0.0}, {""x"": 0.09620189666748047, ""y"": 1.5758872032165527, ""z"": 0.0, ""velocity"": 0.0, ""snr"": 0.0}, {""x"": 1.62506103515625, ""y"": 1.8408894538879395, ""z"": 0.0, ""velocity"": 0.0, ""snr"": 0.0}, {""x"": 1.6141533851623535, ""y"": 1.8804073333740234, ""z"": 0.0, ""velocity"": 0.0, ""snr"": 0.0}, {""x"": 1.6066431999206543, ""y"": 1.910090446472168, ""z"": 0.0, ""velocity"": 0.0, ""snr"": 0.0}, {""x"": 1.57088041305542, ""y"": 1.9780397415161133, ""z"": 0.0, ""velocity"": 0.0, ""snr"": 0.0}]","[152130.0, 219967.0, 152685.0, 47203.0, 9679.0, 11083.0, 16986.0, 9483.0, 11044.0, 38203.0, 81080.0, 74828.0, 32503.0, 15182.0, 12438.0, 7742.0, 4473.0, 3860.0, 2297.0, 2149.0, 2336.0, 2658.0, 2421.0, 3787.0, 4055.0, 3375.0, 3415.0, 3764.0, 4659.0, 6535.0, 13306.0, 14312.0, 13753.0, 13947.0, 23172.0, 15816.0, 9407.0, 23450.0, 32340.0, 10640.0, 10480.0, 14291.0, 16880.0, 12655.0, 8985.0, 8342.0, 7862.0, 6284.0, 5427.0, 5907.0, 5314.0, 4886.0, 14936.0, 34606.0, 52094.0, 44849.0, 20248.0, 10380.0, 14792.0, 13884.0, 10445.0, 8343.0, 7626.0, 5624.0, 6594.0, 8260.0, 9735.0, 8067.0, 7817.0, 6986.0, 5307.0, 4359.0, 3432.0, 6090.0, 6448.0, 4988.0, 5147.0, 6995.0, 10114.0, 9768.0, 6064.0, 5281.0, 4981.0, 4143.0, 4764.0, 4237.0, 4448.0, 3711.0, 3766.0, 4444.0, 4611.0, 4992.0, 4619.0, 5191.0, 4959.0, 4199.0, 3569.0, 3073.0, 3774.0, 3783.0, 4432.0, 4634.0, 3093.0, 4598.0, 6929.0, 5237.0, 3393.0, 3242.0, 4058.0, 4705.0, 4094.0, 3414.0, 2856.0, 2862.0, 2636.0, 2224.0, 2344.0, 2379.0, 2426.0, 2141.0, 2281.0, 2730.0, 2727.0, 2504.0, 1946.0, 2112.0, 2130.0, 2091.0]",52856282.49925338
2,0.8,12,"[{""x"": -1.072704792022705, ""y"": 0.9865164756774902, ""z"": 0.0, ""velocity"": 0.0, ""snr"": 0.0}, {""x"": -0.8134245872497559, ""y"": 1.159965991973877, ""z"": 0.0, ""velocity"": 0.0, ""snr"": 0.0}, {""x"": -0.667870044708252, ""y"": 1.2230873107910156, ""z"": 0.0, ""velocity"": 0.0, ""snr"": 0.0}, {""x"": -0.8838772773742676, ""y"": 1.4843344688415527, ""z"": 0.0, ""velocity"": 0.0, ""snr"": 0.0}, {""x"": -0.006079673767089844, ""y"": 0.47457218170166016, ""z"": 0.0, ""velocity"": 0.0, ""snr"": 0.0}, {""x"": -0.017523765563964844, ""y"": 0.4881620407104492, ""z"": 0.0, ""velocity"": 0.0, ""snr"": 0.0}, {""x"": 0.005364418029785156, ""y"": 0.519096851348877, ""z"": 0.0, ""velocity"": 0.0, ""snr"": 0.0}, {""x"": 0.013589859008789062, ""y"": 1.5370845794677734, ""z"": 0.0, ""velocity"": 0.0, ""snr"": 0.0}, {""x"": 0.024497509002685547, ""y"": 1.5569329261779785, ""z"": 0.0, ""velocity"": 0.0, ""snr"": 0.0}, {""x"": 0.08296966552734375, ""y"": 0.5505681037902832, ""z"": 0.0, ""velocity"": 0.0, ""snr"": 0.0}, {""x"": 1.6191601753234863, ""y"": 1.8730759620666504, ""z"": 0.0, ""velocity"": 0.0, ""snr"": 0.0}, {""x"": 1.6162991523742676, ""y"": 1.8988251686096191, ""z"": 0.0, ""velocity"": 0.0, ""snr"": 0.0}]","[151844.0, 220113.0, 152705.0, 47018.0, 10159.0, 16249.0, 30906.0, 24081.0, 5413.0, 43044.0, 98842.0, 92503.0, 52984.0, 28876.0, 10257.0, 5929.0, 4768.0, 3854.0, 2953.0, 2519.0, 2547.0, 2736.0, 2338.0, 3669.0, 4429.0, 4067.0, 3671.0, 4234.0, 5125.0, 7054.0, 15178.0, 15478.0, 13365.0, 12770.0, 21317.0, 13603.0, 7759.0, 25386.0, 37049.0, 14058.0, 9694.0, 15355.0, 18077.0, 16890.0, 10147.0, 7633.0, 7397.0, 6720.0, 6623.0, 6289.0, 5785.0, 4686.0, 12711.0, 30737.0, 44214.0, 36245.0, 15381.0, 12778.0, 14925.0, 13093.0, 10737.0, 7127.0, 6748.0, 6860.0, 6967.0, 7747.0, 9378.0, 7704.0, 6903.0, 6563.0, 5900.0, 4114.0, 4536.0, 5916.0, 6477.0, 5010.0, 4765.0, 6605.0, 10170.0, 10337.0, 7366.0, 5937.0, 5520.0, 3279.0, 4253.0, 3804.0, 3776.0, 3513.0, 3860.0, 4653.0, 4507.0, 4669.0, 4464.0, 5160.0, 5220.0, 3992.0, 3876.0, 3917.0, 3845.0, 3038.0, 3784.0, 3810.0, 3311.0, 5280.0, 7327.0, 5932.0, 3443.0, 3231.0, 4161.0, 3991.0, 3671.0, 3058.0, 3108.0, 2959.0, 2691.0, 2706.0, 2527.0, 2507.0, 2408.0, 2453.0, 2406.0, 2490.0, 2563.0, 3241.0, 2798.0, 1891.0, 1798.0, 2136.0]",51798447.170402355
3,0.8,12,"[{""x"": -0.9500384330749512, ""y"": 1.0988116264343262, ""z"": 0.0, ""velocity"": 0.0, ""snr"": 0.0}, {""x"": -0.681459903717041, ""y"": 1.2179017066955566, ""z"": 0.0, ""velocity"": 0.0, ""snr"": 0.0}, {""x"": -0.756382942199707, ""y"": 1.1987686157226562, ""z"": 0.0, ""velocity"": 0.0, ""snr"": 0.0}, {""x"": -0.8931756019592285, ""y"": 1.4777183532714844, ""z"": 0.0, ""velocity"": 0.0, ""snr"": 0.0}, {""x"": -0.08314847946166992, ""y"": 0.44864416122436523, ""z"": 0.0, ""velocity"": 0.0, ""snr"": 0.0}, {""x"": -0.06562471389770508, ""y"": 0.4627704620361328, ""z"": 0.0, ""velocity"": 0.0, ""snr"": 0.0}, {""x"": -0.03165006637573242, ""y"": 0.48047304153442383, ""z"": 0.0, ""velocity"": 0.0, ""snr"": 0.0}, {""x"": 0.026464462280273438, ""y"": 1.5588998794555664, ""z"": 0.0, ""velocity"": 0.0, ""snr"": 0.0}, {""x"": 0.03415346145629883, ""y"": 0.519096851348877, ""z"": 0.0, ""velocity"": 0.0, ""snr"": 0.0}, {""x"": 0.0997781753540039, ""y"": 0.5416274070739746, ""z"": 0.0, ""velocity"": 0.0, ""snr"": 0.0}, {""x"": 1.628279685974121, ""y"": 1.8614530563354492, ""z"": 0.0, ""velocity"": 0.0, ""snr"": 0.0}, {""x"": 1.636505126953125, ""y"": 1.8766522407531738, ""z"": 0.0, ""velocity"": 0.0, ""snr"": 0.0}]","[151797.0, 220069.0, 152938.0, 47392.0, 10078.0, 19443.0, 36970.0, 27177.0, 14270.0, 82016.0, 150338.0, 125430.0, 67959.0, 32304.0, 8721.0, 5131.0, 3939.0, 4509.0, 3448.0, 2192.0, 2279.0, 2418.0, 2147.0, 3941.0, 5686.0, 5314.0, 4372.0, 4660.0, 5102.0, 7787.0, 16278.0, 19234.0, 16662.0, 11798.0, 18303.0, 11811.0, 7860.0, 23611.0, 34254.0, 12284.0, 9738.0, 15207.0, 17709.0, 14054.0, 7801.0, 7895.0, 7788.0, 6250.0, 5649.0, 6093.0, 6154.0, 4241.0, 13878.0, 30789.0, 42490.0, 32323.0, 12320.0, 11895.0, 14494.0, 13953.0, 10651.0, 6801.0, 6545.0, 6067.0, 6225.0, 6405.0, 9192.0, 7866.0, 7022.0, 6732.0, 6424.0, 5280.0, 4899.0, 5171.0, 6673.0, 5831.0, 5127.0, 7033.0, 10561.0, 10345.0, 6861.0, 5365.0, 4367.0, 3032.0, 4121.0, 4314.0, 4720.0, 3061.0, 4307.0, 4645.0, 4120.0, 4592.0, 4208.0, 5907.0, 5186.0, 4275.0, 4012.0, 3507.0, 4295.0, 3778.0, 3855.0, 3763.0, 3068.0, 4658.0, 7949.0, 6421.0, 3193.0, 3623.0, 4974.0, 4782.0, 4089.0, 3668.0, 2800.0, 2626.0, 2322.0, 2333.0, 2617.0, 2675.0, 2491.0, 2669.0, 2700.0, 2493.0, 2698.0, 3051.0, 2450.0, 2086.0, 2230.0, 2254.0]",50761907.18125462
4,0.8,13,"[{""x"": -0.8992552757263184, ""y"": 1.1426210403442383, ""z"": 0.0, ""velocity"": 0.0, ""snr"": 0.0}, {""x"": -0.6589293479919434, ""y"": 1.2311339378356934, ""z"": 0.0, ""velocity"": 0.0, ""snr"": 0.0}, {""x"": -0.7503032684326172, ""y"": 1.206815242767334, ""z"": 0.0, ""velocity"": 0.0, ""snr"": 0.0}, {""x"": -0.9171366691589355, ""y"": 1.461803913116455, ""z"": 0.0, ""velocity"": 0.0, ""snr"": 0.0}, {""x"": -0.21010637283325195, ""y"": 0.5786418914794922, ""z"": 0.0, ""velocity"": 0.0, ""snr"": 0.0}, {""x"": -0.12302398681640625, ""y"": 0.43576955795288086, ""z"": 0.0, ""velocity"": 0.0, ""snr"": 0.0}, {""x"": -0.1074671745300293, ""y"": 0.4490017890930176, ""z"": 0.0, ""velocity"": 0.0, ""snr"": 0.0}, {""x"": 0.013589859008789062, ""y"": 0.49102306365966797, ""z"": 0.0, ""velocity"": 0.0, ""snr"": 0.0}, {""x"": 0.04273653030395508, ""y"": 1.5569329261779785, ""z"": 0.0, ""velocity"": 0.0, ""snr"": 0.0}, {""x"": 0.08082389831542969, ""y"": 0.5158782005310059, ""z"": 0.0, ""velocity"": 0.0, ""snr"": 0.0}, {""x"": 0.12892484664916992, ""y"": 0.5348324775695801, ""z"": 0.0, ""velocity"": 0.0, ""snr"": 0.0}, {""x"": 1.6236305236816406, ""y"": 1.8662810325622559, ""z"": 0.0, ""velocity"": 0.0, ""snr"": 0.0}, {""x"": 1.6320347785949707, ""y"": 1.8804073333740234, ""z"": 0.0, ""velocity"": 0.0, ""snr"": 0.0}]","[152031.0, 219791.0, 152375.0, 47287.0, 9737.0, 15409.0, 29381.0, 22140.0, 13670.0, 69814.0, 112728.0, 99118.0, 67685.0, 32205.0, 13354.0, 5773.0, 3234.0, 3882.0, 3200.0, 2324.0, 2005.0, 2055.0, 2114.0, 3973.0, 5611.0, 5548.0, 5736.0, 6400.0, 5994.0, 7742.0, 15998.0, 19461.0, 18285.0, 12338.0, 17609.0, 10852.0, 10189.0, 22315.0, 31674.0, 11480.0, 10086.0, 14853.0, 17349.0, 11698.0, 6794.0, 7505.0, 7169.0, 6281.0, 5642.0, 5855.0, 5974.0, 4131.0, 13689.0, 30454.0, 42511.0, 32883.0, 12110.0, 11642.0, 14224.0, 14341.0, 10960.0, 7572.0, 7672.0, 5808.0, 6376.0, 8462.0, 9902.0, 7563.0, 6837.0, 5884.0, 5577.0, 5552.0, 5005.0, 4807.0, 6671.0, 5880.0, 5398.0, 6382.0, 10158.0, 10013.0, 6435.0, 4575.0, 3753.0, 3365.0, 4224.0, 3975.0, 4354.0, 3347.0, 4933.0, 4850.0, 3806.0, 4054.0, 3913.0, 5258.0, 4947.0, 4332.0, 3932.0, 3425.0, 4336.0, 4096.0, 4776.0, 4841.0, 3276.0, 4039.0, 6904.0, 5625.0, 3360.0, 3646.0, 5221.0, 4996.0, 4036.0, 3612.0, 2405.0, 2592.0, 2622.0, 2332.0, 2319.0, 2462.0, 2206.0, 2642.0, 2857.0, 2318.0, 2918.0, 3139.0, 2233.0, 2354.0, 2096.0, 2332.0]",49746835.736248635
5,0.8,13,"[{""x"": -0.8407831192016602, ""y"": 1.1883974075317383, ""z"": 0.0, ""velocity"": 0.0, ""snr"": 0.0}, {""x"": -0.7311701774597168, ""y"": 1.2198686599731445, ""z"": 0.0, ""velocity"": 0.0, ""snr"": 0.0}, {""x"": -0.8946061134338379, ""y"": 1.4770030975341797, ""z"": 0.0, ""velocity"": 0.0, ""snr"": 0.0}, {""x"": -0.6052851676940918, ""y"": 1.2502670288085938, ""z"": 0.0, ""velocity"": 0.0, ""snr"": 0.0}, {""x"": -0.10246038436889648, ""y"": 0.43898820877075195, ""z"": 0.0, ""velocity"": 0.0, ""snr"": 0.0}, {""x"": -0.14466047286987305, ""y"": 0.6142258644104004, ""z"": 0.0, ""velocity"": 0.0, ""snr"": 0.0}, {""x"": -0.07617473602294922, ""y"": 0.46437978744506836, ""z"": 0.0, ""velocity"": 0.0, ""snr"": 0.0}, {""x"": -0.04291534423828125, ""y"": 0.4813671112060547, ""z"": 0.0, ""velocity"": 0.0, ""snr"": 0.0}, {""x"": 0.0, ""y"": 0.5064010620117188, ""z"": 0.0, ""velocity"": 0.0, ""snr"": 0.0}, {""x"": 0.0330805778503418, ""y"": 1.5628337860107422, ""z"": 0.0, ""velocity"": 0.0, ""snr"": 0.0}, {""x"": 0.13911724090576172, ""y"": 0.533759593963623, ""z"": 0.0, ""velocity"": 0.0, ""snr"": 0.0}, {""x"": 1.6309618949890137, ""y"": 1.8628835678100586, ""z"": 0.0, ""velocity"": 0.0, ""snr"": 0.0}, {""x"": 1.6213059425354004, ""y"": 1.8927454948425293, ""z"": 0.0, ""velocity"": 0.0, ""snr"": 0.0}]","[152128.0, 219978.0, 152698.0, 47098.0, 12151.0, 39450.0, 62541.0, 40224.0, 23663.0, 79500.0, 145898.0, 133458.0, 63084.0, 2116.0, 2376.0, 3539.0, 4025.0, 4466.0, 5714.0, 6838.0, 6732.0, 9008.0, 15293.0, 18554.0, 17534.0, 12345.0, 17711.0, 13134.0, 9358.0, 24701.0, 33790.0, 13331.0, 7560.0, 14096.0, 15992.0, 11928.0, 7023.0, 7752.0, 7869.0, 6027.0, 5693.0, 5419.0, 5653.0, 4536.0, 13510.0, 31733.0, 46183.0, 37448.0, 14843.0, 13173.0, 14934.0, 14875.0, 10904.0, 7454.0, 8119.0, 6285.0, 7135.0, 9662.0, 10690.0, 8659.0, 7471.0, 5771.0, 5761.0, 4992.0, 5182.0, 5936.0, 5811.0, 5727.0, 5154.0, 6097.0, 11095.0, 10887.0, 6791.0, 5377.0, 4993.0, 3585.0, 4579.0, 3542.0, 4343.0, 4111.0, 4666.0, 4805.0, 3914.0, 4025.0, 4157.0, 5578.0, 5159.0, 4803.0, 3950.0, 2804.0, 3607.0, 4158.0, 5116.0, 4626.0, 3076.0, 4461.0, 7652.0, 6329.0, 3417.0, 3756.0, 5238.0, 5668.0, 3769.0, 3096.0, 2699.0, 2795.0, 2372.0, 2702.0, 2459.0, 2227.0, 2063.0, 2125.0, 2563.0, 2753.0, 3055.0, 3054.0, 2218.0, 2290.0, 1989.0, 2195.0, 0.0, 0.0, 0.0, 0.0, 16908288.0, 84280068.0, 50333448.0, 50332933.0]",48402144.043045476
6,0.8,17,"[{""x"": -0.8355975151062012, ""y"": 1.177668571472168, ""z"": 0.0, ""velocity"": 0.0, ""snr"": 0.0}, {""x"": -0.6476640701293945, ""y"": 1.2352466583251953, ""z"": 0.0, ""velocity"": 0.0, ""snr"": 0.0}, {""x"": -0.7061362266540527, ""y"": 1.226484775543213, ""z"": 0.0, ""velocity"": 0.0, ""snr"": 0.0}, {""x"": -0.8679628372192383, ""y"": 1.4905929565429688, ""z"": 0.0, ""velocity"": 0.0, ""snr"": 0.0}, {""x"": -0.17309188842773438, ""y"": 0.4214644432067871, ""z"": 0.0, ""velocity"": 0.0, ""snr"": 0.0}, {""x"": -0.08779764175415039, ""y"": 0.36835670471191406, ""z"": 0.0, ""velocity"": 0.0, ""snr"": 0.0}, {""x"": -0.13303756713867188, ""y"": 0.40912628173828125, ""z"": 0.0, ""velocity"": 0.0, ""snr"": 0.0}, {""x"": 0.09101629257202148, ""y"": 0.4965662956237793, ""z"": 0.0, ""velocity"": 0.0, ""snr"": 0.0}, {""x"": 0.07528066635131836, ""y"": 0.5219578742980957, ""z"": 0.0, ""velocity"": 0.0, ""snr"": 0.0}, {""x"": 0.10102987289428711, ""y"": 0.5505681037902832, ""z"": 0.0, ""velocity"": 0.0, ""snr"": 0.0}, {""x"": 0.1366138458251953, ""y"": 0.5789995193481445, ""z"": 0.0, ""velocity"": 0.0, ""snr"": 0.0}, {""x"": 1.1499524116516113, ""y"": 1.5118718147277832, ""z"": 0.0, ""velocity"": 0.0, ""snr"": 0.0}, {""x"": 1.1320710182189941, ""y"": 1.5388727188110352, ""z"": 0.0, ""velocity"": 0.0, ""snr"": 0.0}, {""x"": 1.6990900039672852, ""y"": 1.8094182014465332, ""z"": 0.0, ""velocity"": 0.0, ""snr"": 0.0}, {""x"": 1.6980171203613281, ""y"": 1.7799139022827148, ""z"": 0.0, ""velocity"": 0.0, ""snr"": 0.0}, {""x"": 1.7175078392028809, ""y"": 1.8108487129211426, ""z"": 0.0, ""velocity"": 0.0, ""snr"": 0.0}, {""x"": 1.7334222793579102, ""y"": 1.8306970596313477, ""z"": 0.0, ""velocity"": 0.0, ""snr"": 0.0}]","[152129.0, 219965.0, 152874.0, 47004.0, 9393.0, 13772.0, 31341.0, 29511.0, 24098.0, 43577.0, 56287.0, 63307.0, 45967.0, 26119.0, 10336.0, 5801.0, 6940.0, 4397.0, 2403.0, 2890.0, 2482.0, 2575.0, 2758.0, 3653.0, 4802.0, 4146.0, 4376.0, 6227.0, 6038.0, 8390.0, 16562.0, 19401.0, 14351.0, 7798.0, 5265.0, 6043.0, 10339.0, 24760.0, 33436.0, 11931.0, 11762.0, 15044.0, 17969.0, 14395.0, 11569.0, 8269.0, 7012.0, 5543.0, 5503.0, 6223.0, 7113.0, 5376.0, 15249.0, 39242.0, 66197.0, 60073.0, 24826.0, 9907.0, 15610.0, 13932.0, 11128.0, 7808.0, 6910.0, 7089.0, 5559.0, 6467.0, 9171.0, 8934.0, 6685.0, 5951.0, 5156.0, 4974.0, 4378.0, 5464.0, 5784.0, 4531.0, 4995.0, 7614.0, 11231.0, 10206.0, 6559.0, 5252.0, 5088.0, 3922.0, 4381.0, 3453.0, 4472.0, 4066.0, 5614.0, 4357.0, 4109.0, 5272.0, 4297.0, 4900.0, 5257.0, 3685.0, 3203.0, 3103.0, 4187.0, 4176.0, 4658.0, 4823.0, 3050.0, 4341.0, 7591.0, 7023.0, 3511.0, 2931.0, 4433.0, 4565.0, 3560.0, 3608.0, 2727.0, 2638.0, 2452.0, 2010.0, 2217.0, 2256.0, 2282.0, 2249.0, 2334.0, 2377.0, 2831.0, 3361.0, 2251.0, 1926.0, 2330.0, 2673.0]",47808919.06357002
7,0.8,13,"[{""x"": -0.8683204650878906, ""y"": 1.1519193649291992, ""z"": 0.0, ""velocity"": 0.0, ""snr"": 0.0}, {""x"": -0.6696581840515137, ""y"": 1.2257695198059082, ""z"": 0.0, ""velocity"": 0.0, ""snr"": 0.0}, {""x"": -0.7529854774475098, ""y"": 1.1991262435913086, ""z"": 0.0, ""velocity"": 0.0, ""snr"": 0.0}, {""x"": -0.8525848388671875, ""y"": 1.4993548393249512, ""z"": 0.0, ""velocity"": 0.0, ""snr"": 0.0}, {""x"": -0.07581710815429688, ""y"": 0.377655029296875, ""z"": 0.0, ""velocity"": 0.0, ""snr"": 0.0}, {""x"": -0.11730194091796875, ""y"": 0.42325258255004883, ""z"": 0.0, ""velocity"": 0.0, ""snr"": 0.0}, {""x"": -0.11783838272094727, ""y"": 0.44614076614379883, ""z"": 0.0, ""velocity"": 0.0, ""snr"": 0.0}, {""x"": -0.0033974647521972656, ""y"": 0.4915595054626465, ""z"": 0.0, ""velocity"": 0.0, ""snr"": 0.0}, {""x"": 1.7049908638000488, ""y"": 1.8042325973510742, ""z"": 0.0, ""velocity"": 0.0, ""snr"": 0.0}, {""x"": 0.39696693420410156, ""y"": 0.3865957260131836, ""z"": 0.0, ""velocity"": 0.0, ""snr"": 0.0}, {""x"": 1.6994476318359375, ""y"": 1.7784833908081055, ""z"": 0.0, ""velocity"": 0.0, ""snr"": 0.0}, {""x"": 1.7232298851013184, ""y"": 1.8058419227600098, ""z"": 0.0, ""velocity"": 0.0, ""snr"": 0.0}, {""x"": 1.7430782318115234, ""y"": 1.8212199211120605, ""z"": 0.0, ""velocity"": 0.0, ""snr"": 0.0}]","[152188.0, 220010.0, 152703.0, 47373.0, 9596.0, 12657.0, 26340.0, 23569.0, 21548.0, 44237.0, 66436.0, 58796.0, 34827.0, 17720.0, 5368.0, 7670.0, 8347.0, 5040.0, 2966.0, 3197.0, 2910.0, 2940.0, 2651.0, 3630.0, 4768.0, 4426.0, 4800.0, 5653.0, 5234.0, 8091.0, 16903.0, 20338.0, 15398.0, 7788.0, 4911.0, 4891.0, 10558.0, 25115.0, 33873.0, 12088.0, 11404.0, 15134.0, 17704.0, 14940.0, 12145.0, 8652.0, 7368.0, 5462.0, 5348.0, 5828.0, 6689.0, 5815.0, 15649.0, 39481.0, 67242.0, 61332.0, 25653.0, 9888.0, 15418.0, 13546.0, 11137.0, 8086.0, 7308.0, 7355.0, 5788.0, 7290.0, 9650.0, 9437.0, 7029.0, 5582.0, 4729.0, 4651.0, 4289.0, 5553.0, 5434.0, 4309.0, 4760.0, 7544.0, 11049.0, 10063.0, 5902.0, 5059.0, 5230.0, 4255.0, 4294.0, 3319.0, 4138.0, 3995.0, 5596.0, 4315.0, 4035.0, 5020.0, 4218.0, 4851.0, 5124.0, 3807.0, 3132.0, 2976.0, 4632.0, 4879.0, 4821.0, 4426.0, 3302.0, 4899.0, 7671.0, 6604.0, 3383.0, 2801.0, 4742.0, 4818.0, 3255.0, 3804.0, 2853.0, 2910.0, 2752.0, 2209.0, 1962.0, 2234.0, 2213.0, 2316.0, 2139.0, 2210.0, 2810.0, 3217.0, 2214.0, 2016.0, 2217.0, 2388.0]",46852907.517375484
8,0.8,13,"[{""x"": -0.8515119552612305, ""y"": 1.1665821075439453, ""z"": 0.0, ""velocity"": 0.0, ""snr"": 0.0}, {""x"": -0.6812810897827148, ""y"": 1.2198686599731445, ""z"": 0.0, ""velocity"": 0.0, ""snr"": 0.0}, {""x"": -0.7540583610534668, ""y"": 1.199662685394287, ""z"": 0.0, ""velocity"": 0.0, ""snr"": 0.0}, {""x"": -0.8683204650878906, ""y"": 1.489877700805664, ""z"": 0.0, ""velocity"": 0.0, ""snr"": 0.0}, {""x"": -0.14358758926391602, ""y"": 0.4080533981323242, ""z"": 0.0, ""velocity"": 0.0, ""snr"": 0.0}, {""x"": -0.06133317947387695, ""y"": 0.30112266540527344, ""z"": 0.0, ""velocity"": 0.0, ""snr"": 0.0}, {""x"": 0.032901763916015625, ""y"": 0.48601627349853516, ""z"": 0.0, ""velocity"": 0.0, ""snr"": 0.0}, {""x"": 0.15932321548461914, ""y"": 0.5341172218322754, ""z"": 0.0, ""velocity"": 0.0, ""snr"": 0.0}, {""x"": 0.21690130233764648, ""y"": 0.5519986152648926, ""z"": 0.0, ""velocity"": 0.0, ""snr"": 0.0}, {""x"": 1.714646816253662, ""y"": 1.814424991607666, ""z"": 0.0, ""velocity"": 0.0, ""snr"": 0.0}, {""x"": 1.7046332359313965, ""y"": 1.858055591583252, ""z"": 0.0, ""velocity"": 0.0, ""snr"": 0.0}, {""x"": 1.7169713973999023, ""y"": 1.7616748809814453, ""z"": 0.0, ""velocity"": 0.0, ""snr"": 0.0}, {""x"": 1.7067790031433105, ""y"": 1.8024444580078125, ""z"": 0.0, ""velocity"": 0.0, ""snr"": 0.0}]","[151929.0, 219882.0, 152828.0, 47170.0, 9668.0, 13214.0, 32112.0, 32069.0, 17354.0, 19874.0, 46034.0, 63040.0, 51695.0, 29786.0, 8757.0, 5572.0, 5290.0, 4303.0, 3047.0, 2710.0, 2411.0, 3614.0, 2995.0, 3576.0, 4106.0, 3453.0, 790869.0, 563456.0, 516864.0, 535040.0, 611840.0, 0.0, 0.0, 0.0, 0.0, 33554432.0, 100860929.0, 460805.0, 328963.0, 838860803.0, 486541924.0, 2.0, 285212672.0, 33554432.0, 4278190080.0, 771751935.0, 3187671041.0, 0.0, 758725504.0, 3784409.0, 4096000.0, 289374208.0, 3858759680.0, 1692909.0, 989855744.0, 2364603973.0, 26.0, 2571452416.0, 1719791.0, 1140850688.0, 2330790469.0, 32.0, 206451200.0, 579069.0, 1157627904.0, 2029961543.0, 6.0, 1733054464.0, 473598.0, 872415232.0, 2097083209.0, 6.0, 4048696064.0, 685826.0, 1677721600.0, 4043484996.0, 10.0, 3712251648.0, 744706.0, 2030043136.0, 3456308803.0, 11.0, 1162045952.0, 810243.0, 1040187392.0, 254077763.0, 39.0, 642660608.0, 2588453.0, 1375731712.0, 3055902028.0, 39.0, 2303350528.0, 2642213.0, 1006632960.0, 77385.0, 131072.0, 38889216.0, 56303360.0, 39108096.0, 12099584.0, 2550528.0, 4742656.0, 13901824.0, 16086272.0, 5216512.0, 6564352.0, 11668224.0, 20221184.0, 19413504.0, 11886848.0, 3529984.0, 1326848.0, 1337856.0, 941568.0, 698112.0, 836608.0, 595456.0, 770560.0, 772352.0, 1044736.0, 1124864.0, 995584.0, 1117952.0, 1060352.0, 1132288.0, 2048768.0, 4435712.0]",493783184.3747698
9,0.8,14,"[{""x"": -0.8196830749511719, ""y"": 1.1903643608093262, ""z"": 0.0, ""velocity"": 0.0, ""snr"": 0.0}, {""x"": -0.6630420684814453, ""y"": 1.2313127517700195, ""z"": 0.0, ""velocity"": 0.0, ""snr"": 0.0}, {""x"": -0.713646411895752, ""y"": 1.2268424034118652, ""z"": 0.0, ""velocity"": 0.0, ""snr"": 0.0}, {""x"": -0.864565372467041, ""y"": 1.4941692352294922, ""z"": 0.0, ""velocity"": 0.0, ""snr"": 0.0}, {""x"": -0.14895200729370117, ""y"": 0.4189610481262207, ""z"": 0.0, ""velocity"": 0.0, ""snr"": 0.0}, {""x"": 0.11086463928222656, ""y"": 0.5813241004943848, ""z"": 0.0, ""velocity"": 0.0, ""snr"": 0.0}, {""x"": 0.10335445404052734, ""y"": 0.4824399948120117, ""z"": 0.0, ""velocity"": 0.0, ""snr"": 0.0}, {""x"": 0.10085105895996094, ""y"": 0.49549341201782227, ""z"": 0.0, ""velocity"": 0.0, ""snr"": 0.0}, {""x"": 0.11730194091796875, ""y"": 0.5164146423339844, ""z"": 0.0, ""velocity"": 0.0, ""snr"": 0.0}, {""x"": 0.11926889419555664, ""y"": 0.5464553833007812, ""z"": 0.0, ""velocity"": 0.0, ""snr"": 0.0}, {""x"": 1.7035603523254395, ""y"": 1.8045902252197266, ""z"": 0.0, ""velocity"": 0.0, ""snr"": 0.0}, {""x"": 1.7121434211730957, ""y"": 1.8158555030822754, ""z"": 0.0, ""velocity"": 0.0, ""snr"": 0.0}, {""x"": 1.6901493072509766, ""y"": 1.870572566986084, ""z"": 0.0, ""velocity"": 0.0, ""snr"": 0.0}, {""x"": 1.692652702331543, ""y"": 1.7845630645751953, ""z"": 0.0, ""velocity"": 0.0, ""snr"": 0.0}]","[152080.0, 219719.0, 152697.0, 47084.0, 9910.0, 18399.0, 23244.0, 11754.0, 7964.0, 20641.0, 59417.0, 84472.0, 65105.0, 38301.0, 13026.0, 8756.0, 6325.0, 4113.0, 3038.0, 3471.0, 2595.0, 3189.0, 3132.0, 3950.0, 4254.0, 3352.0, 3917.0, 3821.0, 4733.0, 6560.0, 15566.0, 18942.0, 15786.0, 7883.0, 5922.0, 5565.0, 10982.0, 26026.0, 35275.0, 13615.0, 11251.0, 15538.0, 18259.0, 15750.0, 11085.0, 9091.0, 7950.0, 6577.0, 5618.0, 5288.0, 6321.0, 5544.0, 15068.0, 38579.0, 64610.0, 58254.0, 24351.0, 9517.0, 15201.0, 14121.0, 10718.0, 7449.0, 6224.0, 5527.0, 6111.0, 7603.0, 9981.0, 9358.0, 6575.0, 5472.0, 6161.0, 7019.0, 6298.0, 5582.0, 5499.0, 4284.0, 4549.0, 7041.0, 10766.0, 10078.0, 6676.0, 5325.0, 4662.0, 4141.0, 4704.0, 4538.0, 4217.0, 3979.0, 4009.0, 4221.0, 4767.0, 4489.0, 4591.0, 5229.0, 5089.0, 3971.0, 3931.0, 2986.0, 3393.0, 3660.0, 4010.0, 4180.0, 3073.0, 4937.0, 7481.0, 5750.0, 2768.0, 3113.0, 3310.0, 3919.0, 3207.0, 3488.0, 2753.0, 2809.0, 2751.0, 2661.0, 2606.0, 2705.0, 2403.0, 2764.0, 2599.0, 2553.0, 3140.0, 3404.0, 2613.0, 1942.0, 2329.0, 2355.0]",54767952.139531165
10,0.8,14,"[{""x"": -0.6126165390014648, ""y"": 1.2481212615966797, ""z"": 0.0, ""velocity"": 0.0, ""snr"": 0.0}, {""x"": -0.640869140625, ""y"": 1.2597441673278809, ""z"": 0.0, ""velocity"": 0.0, ""snr"": 0.0}, {""x"": -0.845789909362793, ""y"": 1.5027523040771484, ""z"": 0.0, ""velocity"": 0.0, ""snr"": 0.0}, {""x"": -0.04971027374267578, ""y"": 0.25838613510131836, ""z"": 0.0, ""velocity"": 0.0, ""snr"": 0.0}, {""x"": -0.1475214958190918, ""y"": 1.5681982040405273, ""z"": 0.0, ""velocity"": 0.0, ""snr"": 0.0}, {""x"": -0.21457672119140625, ""y"": 1.5850067138671875, ""z"": 0.0, ""velocity"": 0.0, ""snr"": 0.0}, {""x"": -0.011444091796875, ""y"": 0.6092190742492676, ""z"": 0.0, ""velocity"": 0.0, ""snr"": 0.0}, {""x"": 0.10693073272705078, ""y"": 0.49746036529541016, ""z"": 0.0, ""velocity"": 0.0, ""snr"": 0.0}, {""x"": 0.1430511474609375, ""y"": 0.5158782005310059, ""z"": 0.0, ""velocity"": 0.0, ""snr"": 0.0}, {""x"": 0.12302398681640625, ""y"": 0.5537867546081543, ""z"": 0.0, ""velocity"": 0.0, ""snr"": 0.0}, {""x"": 1.6722679138183594, ""y"": 1.8033385276794434, ""z"": 0.0, ""velocity"": 0.0, ""snr"": 0.0}, {""x"": 1.6745924949645996, ""y"": 1.8337368965148926, ""z"": 0.0, ""velocity"": 0.0, ""snr"": 0.0}, {""x"": 1.663506031036377, ""y"": 1.8646717071533203, ""z"": 0.0, ""velocity"": 0.0, ""snr"": 0.0}, {""x"": 1.654207706451416, ""y"": 1.9031167030334473, ""z"": 0.0, ""velocity"": 0.0, ""snr"": 0.0}]","[152128.0, 220014.0, 152909.0, 47166.0, 26832.0, 55212.0, 49243.0, 34019.0, 16726.0, 17128.0, 47866.0, 68722.0, 57704.0, 39589.0, 21412.0, 9508.0, 4050.0, 2657.0, 3144.0, 3946.0, 2882.0, 3718.0, 3274.0, 3948.0, 4929.0, 3927.0, 4391.0, 6167.0, 7414.0, 9297.0, 16138.0, 18094.0, 12837.0, 9729.0, 19554.0, 21037.0, 18515.0, 31021.0, 37890.0, 14735.0, 11698.0, 16009.0, 19962.0, 19441.0, 12423.0, 9478.0, 8907.0, 6727.0, 6214.0, 6868.0, 6664.0, 5619.0, 15780.0, 39450.0, 65630.0, 63431.0, 28617.0, 10075.0, 15052.0, 14256.0, 10175.0, 7541.0, 6386.0, 5275.0, 6460.0, 8204.0, 10725.0, 10303.0, 7578.0, 5690.0, 6311.0, 7020.0, 6254.0, 6254.0, 6358.0, 5092.0, 4810.0, 7519.0, 11081.0, 10357.0, 7138.0, 5270.0, 4570.0, 4659.0, 5160.0, 3999.0, 4509.0, 4346.0, 4033.0, 4583.0, 4713.0, 4559.0, 4366.0, 4979.0, 4869.0, 4521.0, 3970.0, 3551.0, 3623.0, 3535.0, 3546.0, 3530.0, 2944.0, 4936.0, 8023.0, 6405.0, 3379.0, 2869.0, 4095.0, 4823.0, 3758.0, 3580.0, 2656.0, 2774.0, 2447.0, 2773.0, 2886.0, 2745.0, 2986.0, 2687.0, 2699.0, 2483.0, 2876.0, 3473.0, 2582.0, 1982.0, 2206.0, 2369.0]",53671298.16478815
11,0.8,14,"[{""x"": -0.6392598152160645, ""y"": 1.2987256050109863, ""z"": 0.0, ""velocity"": 0.0, ""snr"": 0.0}, {""x"": -0.8279085159301758, ""y"": 1.51902437210083, ""z"": 0.0, ""velocity"": 0.0, ""snr"": 0.0}, {""x"": -0.49102306365966797, ""y"": 1.3225078582763672, ""z"": 0.0, ""velocity"": 0.0, ""snr"": 0.0}, {""x"": -0.33992528915405273, ""y"": 1.3487935066223145, ""z"": 0.0, ""velocity"": 0.0, ""snr"": 0.0}, {""x"": -0.059723854064941406, ""y"": 0.4456043243408203, ""z"": 0.0, ""velocity"": 0.0, ""snr"": 0.0}, {""x"": 0.013053417205810547, ""y"": 0.4824399948120117, ""z"": 0.0, ""velocity"": 0.0, ""snr"": 0.0}, {""x"": 0.06437301635742188, ""y"": 0.49299001693725586, ""z"": 0.0, ""velocity"": 0.0, ""snr"": 0.0}, {""x"": 0.12052059173583984, ""y"": 0.5081892013549805, ""z"": 0.0, ""velocity"": 0.0, ""snr"": 0.0}, {""x"": 0.17756223678588867, ""y"": 0.5280375480651855, ""z"": 0.0, ""velocity"": 0.0, ""snr"": 0.0}, {""x"": 0.2072453498840332, ""y"": 0.5582571029663086, ""z"": 0.0, ""velocity"": 0.0, ""snr"": 0.0}, {""x"": 1.696765422821045, ""y"": 1.8104910850524902, ""z"": 0.0, ""velocity"": 0.0, ""snr"": 0.0}, {""x"": 1.6946196556091309, ""y"": 1.8319487571716309, ""z"": 0.0, ""velocity"": 0.0, ""snr"": 0.0}, {""x"": 1.6837120056152344, ""y"": 1.8780827522277832, ""z"": 0.0, ""velocity"": 0.0, ""snr"": 0.0}, {""x"": 1.7057061195373535, ""y"": 1.77079439163208, ""z"": 0.0, ""velocity"": 0.0, ""snr"": 0.0}]","[152286.0, 219986.0, 152813.0, 47115.0, 30915.0, 78166.0, 87442.0, 49164.0, 17964.0, 27916.0, 78791.0, 93754.0, 62039.0, 27998.0, 10768.0, 5284.0, 4040.0, 3138.0, 3460.0, 3672.0, 2613.0, 2439.0, 2265.0, 3427.0, 4001.0, 3931.0, 5102.0, 6581.0, 6365.0, 9479.0, 20559.0, 21156.0, 13991.0, 11000.0, 14928.0, 14935.0, 9783.0, 25972.0, 38610.0, 16492.0, 11991.0, 14677.0, 17361.0, 13011.0, 9062.0, 8342.0, 8649.0, 6614.0, 6541.0, 5984.0, 6857.0, 5742.0, 15378.0, 38141.0, 62783.0, 56276.0, 23502.0, 10887.0, 15153.0, 14361.0, 9698.0, 7522.0, 6472.0, 5119.0, 6606.0, 7719.0, 9743.0, 9070.0, 7101.0, 5291.0, 5545.0, 5916.0, 4920.0, 4685.0, 4894.0, 4494.0, 4710.0, 7187.0, 10610.0, 10537.0, 7462.0, 5847.0, 4585.0, 5080.0, 5035.0, 3410.0, 4204.0, 4121.0, 4306.0, 4449.0, 5574.0, 4185.0, 4398.0, 5132.0, 4775.0, 3922.0, 3715.0, 3197.0, 3253.0, 4010.0, 4302.0, 4514.0, 3189.0, 4563.0, 7205.0, 5708.0, 3220.0, 2578.0, 3192.0, 4149.0, 3795.0, 3623.0, 2853.0, 2777.0, 2469.0, 2419.0, 2580.0, 2307.0, 2758.0, 2613.0, 2769.0, 2222.0, 2466.0, 2939.0, 2671.0, 2251.0, 2469.0, 2247.0]",52597434.092117384
12,0.8,14,"[{""x"": -0.6718039512634277, ""y"": 1.222550868988037, ""z"": 0.0, ""velocity"": 0.0, ""snr"": 0.0}, {""x"": -0.7249116897583008, ""y"": 1.2184381484985352, ""z"": 0.0, ""velocity"": 0.0, ""snr"": 0.0}, {""x"": -0.817716121673584, ""y"": 1.2043118476867676, ""z"": 0.0, ""velocity"": 0.0, ""snr"": 0.0}, {""x"": -0.8912086486816406, ""y"": 1.47932767868042, ""z"": 0.0, ""velocity"": 0.0, ""snr"": 0.0}, {""x"": -0.1691579818725586, ""y"": 0.4044771194458008, ""z"": 0.0, ""velocity"": 0.0, ""snr"": 0.0}, {""x"": -0.6369352340698242, ""y"": 1.3775825500488281, ""z"": 0.0, ""velocity"": 0.0, ""snr"": 0.0}, {""x"": -0.4184246063232422, ""y"": 1.5106201171875, ""z"": 0.0, ""velocity"": 0.0, ""snr"": 0.0}, {""x"": 0.013947486877441406, ""y"": 0.29969215393066406, ""z"": 0.0, ""velocity"": 0.0, ""snr"": 0.0}, {""x"": 0.12427568435668945, ""y"": 0.5128383636474609, ""z"": 0.0, ""velocity"": 0.0, ""snr"": 0.0}, {""x"": 0.15217065811157227, ""y"": 0.5332231521606445, ""z"": 0.0, ""velocity"": 0.0, ""snr"": 0.0}, {""x"": 1.6769170761108398, ""y"": 1.798689365386963, ""z"": 0.0, ""velocity"": 0.0, ""snr"": 0.0}, {""x"": 1.6779899597167969, ""y"": 1.8260478973388672, ""z"": 0.0, ""velocity"": 0.0, ""snr"": 0.0}, {""x"": 1.6888976097106934, ""y"": 1.835167407989502, ""z"": 0.0, ""velocity"": 0.0, ""snr"": 0.0}, {""x"": 1.7432570457458496, ""y"": 1.8244385719299316, ""z"": 0.0, ""velocity"": 0.0, ""snr"": 0.0}]","[152410.0, 219842.0, 152754.0, 47254.0, 13426.0, 31922.0, 63750.0, 56617.0, 24549.0, 21131.0, 58669.0, 80480.0, 59444.0, 30516.0, 9812.0, 5144.0, 4033.0, 3317.0, 3054.0, 3686.0, 3656.0, 3348.0, 2345.0, 3633.0, 3987.0, 3777.0, 4990.0, 5932.0, 5730.0, 8269.0, 17430.0, 20166.0, 16570.0, 14550.0, 19997.0, 20708.0, 12435.0, 20923.0, 31496.0, 11024.0, 12114.0, 16043.0, 19366.0, 15085.0, 9594.0, 7623.0, 8470.0, 6685.0, 6526.0, 6249.0, 6721.0, 5184.0, 14271.0, 37147.0, 60173.0, 52064.0, 21035.0, 10831.0, 15797.0, 15567.0, 10525.0, 7798.0, 6442.0, 5195.0, 5793.0, 7019.0, 8217.0, 8817.0, 6351.0, 5484.0, 5265.0, 6415.0, 6180.0, 4911.0, 5538.0, 5170.0, 4779.0, 7623.0, 11363.0, 10743.0, 7136.0, 5140.0, 4323.0, 4500.0, 4403.0, 3620.0, 3840.0, 3928.0, 5154.0, 4929.0, 4784.0, 4884.0, 4330.0, 4932.0, 4733.0, 4093.0, 3075.0, 2865.0, 3536.0, 3603.0, 2842.0, 2987.0, 2935.0, 4787.0, 6392.0, 4238.0, 3434.0, 2936.0, 2936.0, 3783.0, 3932.0, 3159.0, 3282.0, 3564.0, 2713.0, 2148.0, 2568.0, 2420.0, 2442.0, 2368.0, 2868.0, 2470.0, 2053.0, 2507.0, 2141.0, 2300.0, 2144.0, 2098.0]",51546397.29953149
13,0.8,15,"[{""x"": -0.819861888885498, ""y"": 1.20466947555542, ""z"": 0.0, ""velocity"": 0.0, ""snr"": 0.0}, {""x"": -0.6798505783081055, ""y"": 1.2243390083312988, ""z"": 0.0, ""velocity"": 0.0, ""snr"": 0.0}, {""x"": -0.7224082946777344, ""y"": 1.2187957763671875, ""z"": 0.0, ""velocity"": 0.0, ""snr"": 0.0}, {""x"": -0.897824764251709, ""y"": 1.4802217483520508, ""z"": 0.0, ""velocity"": 0.0, ""snr"": 0.0}, {""x"": -0.533759593963623, ""y"": 1.4319419860839844, ""z"": 0.0, ""velocity"": 0.0, ""snr"": 0.0}, {""x"": -0.3395676612854004, ""y"": 1.5318989753723145, ""z"": 0.0, ""velocity"": 0.0, ""snr"": 0.0}, {""x"": -0.33742189407348633, ""y"": 1.5513896942138672, ""z"": 0.0, ""velocity"": 0.0, ""snr"": 0.0}, {""x"": -0.008225440979003906, ""y"": 0.34421682357788086, ""z"": 0.0, ""velocity"": 0.0, ""snr"": 0.0}, {""x"": 0.08314847946166992, ""y"": 0.49227476119995117, ""z"": 0.0, ""velocity"": 0.0, ""snr"": 0.0}, {""x"": 0.13017654418945312, ""y"": 0.5058646202087402, ""z"": 0.0, ""velocity"": 0.0, ""snr"": 0.0}, {""x"": 0.16701221466064453, ""y"": 0.5244612693786621, ""z"": 0.0, ""velocity"": 0.0, ""snr"": 0.0}, {""x"": 0.09298324584960938, ""y"": 0.27751922607421875, ""z"": 0.0, ""velocity"": 0.0, ""snr"": 0.0}, {""x"": 1.677095890045166, ""y"": 1.8255114555358887, ""z"": 0.0, ""velocity"": 0.0, ""snr"": 0.0}, {""x"": 1.6976594924926758, ""y"": 1.8255114555358887, ""z"": 0.0, ""velocity"": 0.0, ""snr"": 0.0}, {""x"": 1.6899704933166504, ""y"": 1.783311367034912, ""z"": 0.0, ""velocity"": 0.0, ""snr"": 0.0}]","[151899.0, 219754.0, 152689.0, 47144.0, 9168.0, 40394.0, 77987.0, 60572.0, 35636.0, 24394.0, 65100.0, 84412.0, 58480.0, 26113.0, 7933.0, 4991.0, 4565.0, 3542.0, 3229.0, 3932.0, 3027.0, 2620.0, 2539.0, 3392.0, 3578.0, 4371.0, 4511.0, 6322.0, 7439.0, 5689.0, 14569.0, 16867.0, 13291.0, 15655.0, 25506.0, 25601.0, 13804.0, 18244.0, 30847.0, 11951.0, 10091.0, 16328.0, 19153.0, 16210.0, 9727.0, 8265.0, 7732.0, 5955.0, 5915.0, 6211.0, 6100.0, 5357.0, 15718.0, 37583.0, 59427.0, 50302.0, 19856.0, 10341.0, 16004.0, 14545.0, 10589.0, 7691.0, 7327.0, 5974.0, 6534.0, 7729.0, 9494.0, 9078.0, 7909.0, 6466.0, 5438.0, 6159.0, 6018.0, 5379.0, 5383.0, 5807.0, 4643.0, 8201.0, 12475.0, 11466.0, 6952.0, 4524.0, 3815.0, 4269.0, 4342.0, 4277.0, 4055.0, 3717.0, 4008.0, 4125.0, 4014.0, 4730.0, 3940.0, 5064.0, 4772.0, 3788.0, 3107.0, 3013.0, 3115.0, 3123.0, 3512.0, 3250.0, 2802.0, 4507.0, 5011.0, 3403.0, 4183.0, 3082.0, 3185.0, 3390.0, 3344.0, 3188.0, 2807.0, 2947.0, 2391.0, 2311.0, 1916.0, 2243.0, 2328.0, 2457.0, 2843.0, 2654.0, 2354.0, 2389.0, 2094.0, 1805.0, 2130.0, 2173.0]",50515244.5733895
14,0.8,17,"[{""x"": -0.8271932601928711, ""y"": 1.1544227600097656, ""z"": 0.0, ""velocity"": 0.0, ""snr"": 0.0}, {""x"": -0.6839632987976074, ""y"": 1.2143254280090332, ""z"": 0.0, ""velocity"": 0.0, ""snr"": 0.0}, {""x"": -0.8620619773864746, ""y"": 1.5015006065368652, ""z"": 0.0, ""velocity"": 0.0, ""snr"": 0.0}, {""x"": -0.14358758926391602, ""y"": 0.39142370223999023, ""z"": 0.0, ""velocity"": 0.0, ""snr"": 0.0}, {""x"": -0.5414485931396484, ""y"": 1.4339089393615723, ""z"": 0.0, ""velocity"": 0.0, ""snr"": 0.0}, {""x"": -0.33205747604370117, ""y"": 1.5322566032409668, ""z"": 0.0, ""velocity"": 0.0, ""snr"": 0.0}, {""x"": -0.34672021865844727, ""y"": 1.547098159790039, ""z"": 0.0, ""velocity"": 0.0, ""snr"": 0.0}, {""x"": -0.04398822784423828, ""y"": 0.35512447357177734, ""z"": 0.0, ""velocity"": 0.0, ""snr"": 0.0}, {""x"": 0.11336803436279297, ""y"": 0.47707557678222656, ""z"": 0.0, ""velocity"": 0.0, ""snr"": 0.0}, {""x"": 0.1119375228881836, ""y"": 0.4901289939880371, ""z"": 0.0, ""velocity"": 0.0, ""snr"": 0.0}, {""x"": 0.1405477523803711, ""y"": 0.5017518997192383, ""z"": 0.0, ""velocity"": 0.0, ""snr"": 0.0}, {""x"": 0.1652240753173828, ""y"": 0.5255341529846191, ""z"": 0.0, ""velocity"": 0.0, ""snr"": 0.0}, {""x"": 0.11944770812988281, ""y"": 0.256955623626709, ""z"": 0.0, ""velocity"": 0.0, ""snr"": 0.0}, {""x"": 1.6851425170898438, ""y"": 1.7892122268676758, ""z"": 0.0, ""velocity"": 0.0, ""snr"": 0.0}, {""x"": 1.680135726928711, ""y"": 1.8235445022583008, ""z"": 0.0, ""velocity"": 0.0, ""snr"": 0.0}, {""x"": 1.7255544662475586, ""y"": 1.8028020858764648, ""z"": 0.0, ""velocity"": 0.0, ""snr"": 0.0}, {""x"": 1.8129944801330566, ""y"": 1.755058765411377, ""z"": 0.0, ""velocity"": 0.0, ""snr"": 0.0}]","[152146.0, 220292.0, 153032.0, 47077.0, 14992.0, 51719.0, 85368.0, 53928.0, 28836.0, 25908.0, 62135.0, 89010.0, 59914.0, 26824.0, 8493.0, 6211.0, 4369.0, 2814.0, 3776.0, 4503.0, 3295.0, 2345.0, 2304.0, 3951.0, 5082.0, 4811.0, 4377.0, 5324.0, 6267.0, 6688.0, 13292.0, 14631.0, 12880.0, 15220.0, 24371.0, 23769.0, 12314.0, 20615.0, 33558.0, 13733.0, 10494.0, 15611.0, 19118.0, 13624.0, 8263.0, 7349.0, 6781.0, 5376.0, 6209.0, 6189.0, 6078.0, 5877.0, 15255.0, 36436.0, 57930.0, 50464.0, 21369.0, 9606.0, 14885.0, 14495.0, 10605.0, 7853.0, 7500.0, 6512.0, 5940.0, 7289.0, 8289.0, 7206.0, 6349.0, 6583.0, 5690.0, 5595.0, 5191.0, 4826.0, 5649.0, 5067.0, 5021.0, 7545.0, 11200.0, 10262.0, 5695.0, 4098.0, 4426.0, 3624.0, 3443.0, 3733.0, 3687.0, 3569.0, 4495.0, 5102.0, 3867.0, 3554.0, 3239.0, 5010.0, 5044.0, 3930.0, 3662.0, 2884.0, 3220.0, 3313.0, 2962.0, 3583.0, 3189.0, 4216.0, 4880.0, 2911.0, 3455.0, 3156.0, 3097.0, 3224.0, 3174.0, 2980.0, 2747.0, 2841.0, 2350.0, 2053.0, 1983.0, 2021.0, 2241.0, 2651.0, 2758.0, 2602.0, 2161.0, 2788.0, 2277.0, 1947.0, 2393.0, 2361.0]",49504941.87727535
0,0.8,16,"[{""x"": -0.6614327430725098, ""y"": 1.2298822402954102, ""z"": 0.0, ""velocity"": 0.0, ""snr"": 0.0}, {""x"": -0.6732344627380371, ""y"": 1.243293285369873, ""z"": 0.0, ""velocity"": 0.0, ""snr"": 0.0}, {""x"": -0.8543729782104492, ""y"": 1.508474349975586, ""z"": 0.0, ""velocity"": 0.0, ""snr"": 0.0}, {""x"": -0.37425756454467773, ""y"": 1.5238523483276367, ""z"": 0.0, ""velocity"": 0.0, ""snr"": 0.0}, {""x"": -0.02753734588623047, ""y"": 0.3401041030883789, ""z"": 0.0, ""velocity"": 0.0, ""snr"": 0.0}, {""x"": -0.05614757537841797, ""y"": 0.5897283554077148, ""z"": 0.0, ""velocity"": 0.0, ""snr"": 0.0}, {""x"": -0.005543231964111328, ""y"": 0.3127455711364746, ""z"": 0.0, ""velocity"": 0.0, ""snr"": 0.0}, {""x"": -0.011622905731201172, ""y"": 0.6224513053894043, ""z"": 0.0, ""velocity"": 0.0, ""snr"": 0.0}, {""x"": 0.04935264587402344, ""y"": 0.42307376861572266, ""z"": 0.0, ""velocity"": 0.0, ""snr"": 0.0}, {""x"": 0.11372566223144531, ""y"": 0.47278404235839844, ""z"": 0.0, ""velocity"": 0.0, ""snr"": 0.0}, {""x"": 0.11998414993286133, ""y"": 0.47975778579711914, ""z"": 0.0, ""velocity"": 0.0, ""snr"": 0.0}, {""x"": 0.16450881958007812, ""y"": 0.4819035530090332, ""z"": 0.0, ""velocity"": 0.0, ""snr"": 0.0}, {""x"": 1.699984073638916, ""y"": 1.8067359924316406, ""z"": 0.0, ""velocity"": 0.0, ""snr"": 0.0}, {""x"": 1.7099976539611816, ""y"": 1.7659664154052734, ""z"": 0.0, ""velocity"": 0.0, ""snr"": 0.0}, {""x"": 1.7253756523132324, ""y"": 1.8044114112854004, ""z"": 0.0, ""velocity"": 0.0, ""snr"": 0.0}, {""x"": 1.7899274826049805, ""y"": 1.780092716217041, ""z"": 0.0, ""velocity"": 0.0, ""snr"": 0.0}]","[152101.0, 219873.0, 152509.0, 47340.0, 21759.0, 64830.0, 76516.0, 63835.0, 48044.0, 28131.0, 67316.0, 90721.0, 45260.0, 19075.0, 17875.0, 8213.0, 3366.0, 2747.0, 2660.0, 4083.0, 3566.0, 2515.0, 2424.0, 3989.0, 5163.0, 4943.0, 4997.0, 7409.0, 8030.0, 6694.0, 14346.0, 15784.0, 12083.0, 13124.0, 19839.0, 20773.0, 11893.0, 21320.0, 35667.0, 15934.0, 8108.0, 16231.0, 20097.0, 17172.0, 11120.0, 7516.0, 6826.0, 6016.0, 5949.0, 5536.0, 6111.0, 5577.0, 14882.0, 36949.0, 59339.0, 53170.0, 23348.0, 10668.0, 15333.0, 14199.0, 10319.0, 7501.0, 7113.0, 6745.0, 6083.0, 6591.0, 8559.0, 7987.0, 6508.0, 6393.0, 5250.0, 4086.0, 5458.0, 7884.0, 8002.0, 5795.0, 5516.0, 7352.0, 10559.0, 10380.0, 6965.0, 5875.0, 4762.0, 3826.0, 4299.0, 3713.0, 4374.0, 4147.0, 3794.0, 4372.0, 4205.0, 5286.0, 3637.0, 4804.0, 5030.0, 3867.0, 3348.0, 2789.0, 3452.0, 3863.0, 5025.0, 5218.0, 3233.0, 4215.0, 6224.0, 4728.0, 3104.0, 3101.0, 2898.0, 3037.0, 3522.0, 3827.0, 3104.0, 2546.0, 2238.0, 2477.0, 2592.0, 2456.0, 2601.0, 2663.0, 2658.0, 2321.0, 2261.0, 2662.0, 2118.0, 1887.0, 2431.0, 2228.0]",48514544.462478146
1,0.8,19,"[{""x"": -0.8296966552734375, ""y"": 1.1968016624450684, ""z"": 0.0, ""velocity"": 0.0, ""snr"": 0.0}, {""x"": -0.7300972938537598, ""y"": 1.2146830558776855, ""z"": 0.0, ""velocity"": 0.0, ""snr"": 0.0}, {""x"": -0.8511543273925781, ""y"": 1.5045404434204102, ""z"": 0.0, ""velocity"": 0.0, ""snr"": 0.0}, {""x"": -0.6040334701538086, ""y"": 1.2511610984802246, ""z"": 0.0, ""velocity"": 0.0, ""snr"": 0.0}, {""x"": -0.5396604537963867, ""y"": 1.417100429534912, ""z"": 0.0, ""velocity"": 0.0, ""snr"": 0.0}, {""x"": -0.05739927291870117, ""y"": 0.27573108673095703, ""z"": 0.0, ""velocity"": 0.0, ""snr"": 0.0}, {""x"": -0.0502467155456543, ""y"": 0.2669692039489746, ""z"": 0.0, ""velocity"": 0.0, ""snr"": 0.0}, {""x"": -0.21439790725708008, ""y"": 1.5526413917541504, ""z"": 0.0, ""velocity"": 0.0, ""snr"": 0.0}, {""x"": -0.2696514129638672, ""y"": 1.5664100646972656, ""z"": 0.0, ""velocity"": 0.0, ""snr"": 0.0}, {""x"": 0.10246038436889648, ""y"": 0.5691647529602051, ""z"": 0.0, ""velocity"": 0.0, ""snr"": 0.0}, {""x"": 0.09334087371826172, ""y"": 0.452578067779541, ""z"": 0.0, ""velocity"": 0.0, ""snr"": 0.0}, {""x"": 0.1099705696105957, ""y"": 0.47153234481811523, ""z"": 0.0, ""velocity"": 0.0, ""snr"": 0.0}, {""x"": 0.12552738189697266, ""y"": 0.47332048416137695, ""z"": 0.0, ""velocity"": 0.0, ""snr"": 0.0}, {""x"": 0.11730194091796875, ""y"": 0.599205493927002, ""z"": 0.0, ""velocity"": 0.0, ""snr"": 0.0}, {""x"": 0.18328428268432617, ""y"": 0.48047304153442383, ""z"": 0.0, ""velocity"": 0.0, ""snr"": 0.0}, {""x"": 1.679062843322754, ""y"": 1.7965435981750488, ""z"": 0.0, ""velocity"": 0.0, ""snr"": 0.0}, {""x"": 1.6674399375915527, ""y"": 1.8365979194641113, ""z"": 0.0, ""velocity"": 0.0, ""snr"": 0.0}, {""x"": 1.6540288925170898, ""y"": 1.869499683380127, ""z"": 0.0, ""velocity"": 0.0, ""snr"": 0.0}, {""x"": 1.6379356384277344, ""y"": 1.917421817779541, ""z"": 0.0, ""velocity"": 0.0, ""snr"": 0.0}]","[151923.0, 220034.0, 153042.0, 47120.0, 15672.0, 39690.0, 53165.0, 35472.0, 8381.0, 25383.0, 69939.0, 85114.0, 38736.0, 20942.0, 15985.0, 4973.0, 3083.0, 3157.0, 3146.0, 4180.0, 3151.0, 2417.0, 2514.0, 3586.0, 4957.0, 4066.0, 4518.0, 6076.0, 6315.0, 7948.0, 16032.0, 16991.0, 14980.0, 14557.0, 20447.0, 19698.0, 12805.0, 24988.0, 35924.0, 14647.0, 10156.0, 14369.0, 17217.0, 12639.0, 9097.0, 8191.0, 7674.0, 5802.0, 5231.0, 5445.0, 6038.0, 4526.0, 15002.0, 38357.0, 62034.0, 55270.0, 23885.0, 11756.0, 15863.0, 13727.0, 11641.0, 8298.0, 7790.0, 6607.0, 7248.0, 6694.0, 9575.0, 8530.0, 8984.0, 8840.0, 7590.0, 5940.0, 4760.0, 5019.0, 6996.0, 4968.0, 4158.0, 7382.0, 11114.0, 10641.0, 7304.0, 5989.0, 4511.0, 3152.0, 4020.0, 4369.0, 4719.0, 3772.0, 4330.0, 5289.0, 4553.0, 4145.0, 4375.0, 5593.0, 5362.0, 4230.0, 4195.0, 4102.0, 3486.0, 3358.0, 3614.0, 4618.0, 3364.0, 5707.0, 8448.0, 6081.0, 3604.0, 3138.0, 4064.0, 4175.0, 3545.0, 3405.0, 3172.0, 2979.0, 2758.0, 2561.0, 2715.0, 2443.0, 2424.0, 2543.0, 2553.0, 2909.0, 3060.0, 3085.0, 2259.0, 2463.0, 2357.0, 2145.0]",47544884.24477115
2,0.8,15,"[{""x"": -0.22780895233154297, ""y"": 0.38874149322509766, ""z"": 0.0, ""velocity"": 0.0, ""snr"": 0.0}, {""x"": -0.7000565528869629, ""y"": 1.2334585189819336, ""z"": 0.0, ""velocity"": 0.0, ""snr"": 0.0}, {""x"": -0.8710026741027832, ""y"": 1.4963150024414062, ""z"": 0.0, ""velocity"": 0.0, ""snr"": 0.0}, {""x"": -0.6027817726135254, ""y"": 1.2545585632324219, ""z"": 0.0, ""velocity"": 0.0, ""snr"": 0.0}, {""x"": 0.06222724914550781, ""y"": 0.5798935890197754, ""z"": 0.0, ""velocity"": 0.0, ""snr"": 0.0}, {""x"": 0.0788569450378418, ""y"": 0.5890130996704102, ""z"": 0.0, ""velocity"": 0.0, ""snr"": 0.0}, {""x"": 0.0870823860168457, ""y"": 0.4457831382751465, ""z"": 0.0, ""velocity"": 0.0, ""snr"": 0.0}, {""x"": 0.09351968765258789, ""y"": 0.4722476005554199, ""z"": 0.0, ""velocity"": 0.0, ""snr"": 0.0}, {""x"": 0.10818243026733398, ""y"": 0.4763603210449219, ""z"": 0.0, ""velocity"": 0.0, ""snr"": 0.0}, {""x"": 1.118302345275879, ""y"": 1.538693904876709, ""z"": 0.0, ""velocity"": 0.0, ""snr"": 0.0}, {""x"": 1.089334487915039, ""y"": 1.573026180267334, ""z"": 0.0, ""velocity"": 0.0, ""snr"": 0.0}, {""x"": 1.6674399375915527, ""y"": 1.806020736694336, ""z"": 0.0, ""velocity"": 0.0, ""snr"": 0.0}, {""x"": 1.658320426940918, ""y"": 1.8441081047058105, ""z"": 0.0, ""velocity"": 0.0, ""snr"": 0.0}, {""x"": 1.6670823097229004, ""y"": 1.8596649169921875, ""z"": 0.0, ""velocity"": 0.0, ""snr"": 0.0}, {""x"": 1.643836498260498, ""y"": 1.9147396087646484, ""z"": 0.0, ""velocity"": 0.0, ""snr"": 0.0}]","[152028.0, 219790.0, 152688.0, 47287.0, 9753.0, 19452.0, 44149.0, 41855.0, 18842.0, 26263.0, 73925.0, 79455.0, 38129.0, 44193.0, 21272.0, 3875.0, 3177.0, 3497.0, 3003.0, 4172.0, 3047.0, 2634.0, 2838.0, 4172.0, 4831.0, 4229.0, 3661.0, 6445.0, 6413.0, 6991.0, 14157.0, 16334.0, 13722.0, 12277.0, 13753.0, 12874.0, 10214.0, 21807.0, 34362.0, 14611.0, 9091.0, 15392.0, 19126.0, 17413.0, 10561.0, 7618.0, 7780.0, 5491.0, 4883.0, 4486.0, 5219.0, 4200.0, 14731.0, 36837.0, 58207.0, 51712.0, 24209.0, 12371.0, 15616.0, 13548.0, 10634.0, 7295.0, 6684.0, 6688.0, 7909.0, 7672.0, 10243.0, 8138.0, 6531.0, 6362.0, 5588.0, 4321.0, 3682.0, 4784.0, 5526.0, 3745.0, 4231.0, 8064.0, 12212.0, 10990.0, 6898.0, 5555.0, 4474.0, 3176.0, 4164.0, 3481.0, 3630.0, 3503.0, 4370.0, 5293.0, 5409.0, 5335.0, 3948.0, 4806.0, 5118.0, 4164.0, 3330.0, 3117.0, 3870.0, 4393.0, 4721.0, 4270.0, 3069.0, 5523.0, 8322.0, 6315.0, 3593.0, 4265.0, 5012.0, 4951.0, 3687.0, 3418.0, 2895.0, 2687.0, 2258.0, 2435.0, 2533.0, 2544.0, 2447.0, 2329.0, 2588.0, 2655.0, 3215.0, 3172.0, 2425.0, 2361.0, 2491.0, 2155.0]",46594259.81965761
3,0.8,16,"[{""x"": -0.8220076560974121, ""y"": 1.203596591949463, ""z"": 0.0, ""velocity"": 0.0, ""snr"": 0.0}, {""x"": -0.6625056266784668, ""y"": 1.2288093566894531, ""z"": 0.0, ""velocity"": 0.0, ""snr"": 0.0}, {""x"": -0.7533431053161621, ""y"": 1.2066364288330078, ""z"": 0.0, ""velocity"": 0.0, ""snr"": 0.0}, {""x"": -0.880122184753418, ""y"": 1.4923810958862305, ""z"": 0.0, ""velocity"": 0.0, ""snr"": 0.0}, {""x"": -0.09369850158691406, ""y"": 0.5997419357299805, ""z"": 0.0, ""velocity"": 0.0, ""snr"": 0.0}, {""x"": -0.2878904342651367, ""y"": 1.5336871147155762, ""z"": 0.0, ""velocity"": 0.0, ""snr"": 0.0}, {""x"": 0.014841556549072266, ""y"": 0.5802512168884277, ""z"": 0.0, ""velocity"": 0.0, ""snr"": 0.0}, {""x"": 0.07081031799316406, ""y"": 0.4565119743347168, ""z"": 0.0, ""velocity"": 0.0, ""snr"": 0.0}, {""x"": 0.0616908073425293, ""y"": 0.4794001579284668, ""z"": 0.0, ""velocity"": 0.0, ""snr"": 0.0}, {""x"": 0.07617473602294922, ""y"": 0.4813671112060547, ""z"": 0.0, ""velocity"": 0.0, ""snr"": 0.0}, {""x"": 1.1056065559387207, ""y"": 1.5483498573303223, ""z"": 0.0, ""velocity"": 0.0, ""snr"": 0.0}, {""x"": 1.1061429977416992, ""y"": 1.5610456466674805, ""z"": 0.0, ""velocity"": 0.0, ""snr"": 0.0}, {""x"": 1.6559958457946777, ""y"": 1.81657075881958, ""z"": 0.0, ""velocity"": 0.0, ""snr"": 0.0}, {""x"": 1.6422271728515625, ""y"": 1.8585920333862305, ""z"": 0.0, ""velocity"": 0.0, ""snr"": 0.0}, {""x"": 1.6370415687561035, ""y"": 1.884162425994873, ""z"": 0.0, ""velocity"": 0.0, ""snr"": 0.0}, {""x"": 1.596987247467041, ""y"": 1.9510388374328613, ""z"": 0.0, ""velocity"": 0.0, ""snr"": 0.0}]","[152035.0, 220078.0, 152689.0, 47190.0, 9720.0, 6121.0, 14480.0, 15963.0, 9046.0, 28691.0, 86395.0, 96288.0, 44457.0, 30588.0, 18307.0, 7161.0, 4384.0, 3956.0, 2841.0, 3593.0, 3370.0, 2893.0, 3032.0, 4146.0, 4911.0, 4507.0, 4531.0, 5565.0, 5173.0, 6442.0, 12065.0, 15065.0, 13823.0, 12827.0, 15553.0, 14056.0, 10869.0, 22255.0, 35247.0, 15979.0, 9023.0, 16351.0, 20468.0, 12632.0, 8755.0, 6922.0, 6558.0, 5400.0, 5403.0, 5289.0, 6011.0, 4983.0, 14362.0, 35648.0, 57044.0, 50269.0, 22024.0, 11792.0, 13848.0, 14055.0, 10996.0, 7098.0, 6295.0, 6004.0, 6335.0, 8674.0, 10511.0, 8365.0, 6938.0, 5375.0, 4233.0, 4191.0, 4216.0, 4797.0, 4112.0, 4012.0, 4479.0, 8017.0, 11339.0, 10134.0, 6588.0, 5937.0, 5319.0, 3744.0, 3921.0, 2796.0, 3279.0, 3502.0, 4227.0, 4365.0, 5055.0, 5776.0, 3922.0, 4387.0, 5107.0, 4630.0, 3490.0, 2978.0, 3222.0, 3809.0, 5410.0, 4992.0, 3663.0, 4942.0, 8024.0, 6752.0, 2695.0, 3715.0, 5352.0, 5597.0, 4258.0, 3451.0, 2864.0, 2871.0, 2512.0, 2261.0, 2473.0, 2514.0, 2489.0, 2521.0, 2363.0, 2618.0, 3106.0, 3343.0, 2569.0, 2117.0, 2486.0, 2350.0]",45662897.00876335
4,0.8,15,"[{""x"": -0.6439089775085449, ""y"": 1.2431144714355469, ""z"": 0.0, ""velocity"": 0.0, ""snr"": 0.0}, {""x"": -0.6941556930541992, ""y"": 1.2388229370117188, ""z"": 0.0, ""velocity"": 0.0, ""snr"": 0.0}, {""x"": -0.7646083831787109, ""y"": 1.2409687042236328, ""z"": 0.0, ""velocity"": 0.0, ""snr"": 0.0}, {""x"": -0.910341739654541, ""y"": 1.4712810516357422, ""z"": 0.0, ""velocity"": 0.0, ""snr"": 0.0}, {""x"": -0.23800134658813477, ""y"": 0.5646944046020508, ""z"": 0.0, ""velocity"": 0.0, ""snr"": 0.0}, {""x"": -0.5199909210205078, ""y"": 1.4237165451049805, ""z"": 0.0, ""velocity"": 0.0, ""snr"": 0.0}, {""x"": -0.24712085723876953, ""y"": 1.539766788482666, ""z"": 0.0, ""velocity"": 0.0, ""snr"": 0.0}, {""x"": 0.01341104507446289, ""y"": 0.4557967185974121, ""z"": 0.0, ""velocity"": 0.0, ""snr"": 0.0}, {""x"": 0.011086463928222656, ""y"": 0.47904253005981445, ""z"": 0.0, ""velocity"": 0.0, ""snr"": 0.0}, {""x"": -0.003039836883544922, ""y"": 0.4781484603881836, ""z"": 0.0, ""velocity"": 0.0, ""snr"": 0.0}, {""x"": 0.1417994499206543, ""y"": 0.5523562431335449, ""z"": 0.0, ""velocity"": 0.0, ""snr"": 0.0}, {""x"": 1.663506031036377, ""y"": 1.8095970153808594, ""z"": 0.0, ""velocity"": 0.0, ""snr"": 0.0}, {""x"": 1.6348958015441895, ""y"": 1.8652081489562988, ""z"": 0.0, ""velocity"": 0.0, ""snr"": 0.0}, {""x"": 1.6350746154785156, ""y"": 1.8864870071411133, ""z"": 0.0, ""velocity"": 0.0, ""snr"": 0.0}, {""x"": 1.6211271286010742, ""y"": 1.9294023513793945, ""z"": 0.0, ""velocity"": 0.0, ""snr"": 0.0}]","[152194.0, 220039.0, 152891.0, 47424.0, 9974.0, 8660.0, 24292.0, 26547.0, 14899.0, 34169.0, 88411.0, 91152.0, 45795.0, 37853.0, 15778.0, 7115.0, 3031.0, 3453.0, 2669.0, 3154.0, 2590.0, 2306.0, 2230.0, 3567.0, 4529.0, 3717.0, 3779.0, 5443.0, 5431.0, 5598.0, 13382.0, 16688.0, 13924.0, 13673.0, 18194.0, 14089.0, 8976.0, 20305.0, 31421.0, 12739.0, 10138.0, 14995.0, 17641.0, 10238.0, 7280.0, 7164.0, 6578.0, 5747.0, 5517.0, 5431.0, 5513.0, 4497.0, 14442.0, 35727.0, 56913.0, 50673.0, 22310.0, 11478.0, 13967.0, 13532.0, 10538.0, 7067.0, 6013.0, 5616.0, 5636.0, 8152.0, 10369.0, 8535.0, 6246.0, 4677.0, 4542.0, 4523.0, 4457.0, 4520.0, 4180.0, 4239.0, 4733.0, 8015.0, 11680.0, 10179.0, 6853.0, 5883.0, 5385.0, 4495.0, 4636.0, 3138.0, 4298.0, 4383.0, 4483.0, 4414.0, 4205.0, 4664.0, 3771.0, 4784.0, 5060.0, 4169.0, 3621.0, 3262.0, 3653.0, 3174.0, 4421.0, 4927.0, 3543.0, 4839.0, 7933.0, 6039.0, 2780.0, 4366.0, 5673.0, 5933.0, 4720.0, 3808.0, 2931.0, 2863.0, 2575.0, 2644.0, 2437.0, 2630.0, 2535.0, 2471.0, 2555.0, 2662.0, 3157.0, 3521.0, 2486.0, 1864.0, 2260.0, 2442.0]",44749489.48575239
5,0.8,16,"[{""x"": -0.6469488143920898, ""y"": 1.237928867340088, ""z"": 0.0, ""velocity"": 0.0, ""snr"": 0.0}, {""x"": -0.7150769233703613, ""y"": 1.2257695198059082, ""z"": 0.0, ""velocity"": 0.0, ""snr"": 0.0}, {""x"": -0.8100271224975586, ""y"": 1.2102127075195312, ""z"": 0.0, ""velocity"": 0.0, ""snr"": 0.0}, {""x"": -0.9319782257080078, ""y"": 1.4623403549194336, ""z"": 0.0, ""velocity"": 0.0, ""snr"": 0.0}, {""x"": -0.5720257759094238, ""y"": 1.4015436172485352, ""z"": 0.0, ""velocity"": 0.0, ""snr"": 0.0}, {""x"": -0.30040740966796875, ""y"": 1.5263557434082031, ""z"": 0.0, ""velocity"": 0.0, ""snr"": 0.0}, {""x"": -0.046133995056152344, ""y"": 0.4565119743347168, ""z"": 0.0, ""velocity"": 0.0, ""snr"": 0.0}, {""x"": -0.05418062210083008, ""y"": 0.4838705062866211, ""z"": 0.0, ""velocity"": 0.0, ""snr"": 0.0}, {""x"": -0.02682209014892578, ""y"": 0.47707557678222656, ""z"": 0.0, ""velocity"": 0.0, ""snr"": 0.0}, {""x"": 0.16987323760986328, ""y"": 0.556647777557373, ""z"": 0.0, ""velocity"": 0.0, ""snr"": 0.0}, {""x"": 0.15968084335327148, ""y"": 0.5671977996826172, ""z"": 0.0, ""velocity"": 0.0, ""snr"": 0.0}, {""x"": 0.24837255477905273, ""y"": 0.4947781562805176, ""z"": 0.0, ""velocity"": 0.0, ""snr"": 0.0}, {""x"": 1.655280590057373, ""y"": 1.817464828491211, ""z"": 0.0, ""velocity"": 0.0, ""snr"": 0.0}, {""x"": 1.6336441040039062, ""y"": 1.8669962882995605, ""z"": 0.0, ""velocity"": 0.0, ""snr"": 0.0}, {""x"": 1.6255974769592285, ""y"": 1.8952488899230957, ""z"": 0.0, ""velocity"": 0.0, ""snr"": 0.0}, {""x"": 1.5826821327209473, ""y"": 1.962125301361084, ""z"": 0.0, ""velocity"": 0.0, ""snr"": 0.0}]","[152253.0, 219803.0, 152896.0, 47019.0, 9998.0, 10352.0, 23512.0, 21309.0, 12857.0, 37280.0, 97858.0, 99449.0, 51309.0, 51889.0, 20020.0, 5086.0, 3895.0, 3289.0, 2949.0, 3067.0, 2394.0, 2288.0, 2403.0, 3807.0, 4883.0, 4607.0, 4110.0, 5241.0, 4904.0, 6946.0, 14832.0, 18163.0, 14821.0, 13922.0, 16874.0, 12743.0, 8755.0, 18582.0, 31133.0, 14239.0, 9145.0, 16015.0, 19411.0, 10747.0, 7706.0, 7547.0, 7413.0, 5905.0, 5779.0, 5593.0, 6010.0, 4461.0, 14560.0, 36099.0, 58234.0, 52193.0, 23430.0, 12234.0, 13875.0, 13536.0, 10735.0, 7344.0, 6469.0, 6145.0, 6751.0, 7219.0, 10069.0, 9182.0, 6742.0, 5831.0, 4954.0, 4672.0, 4328.0, 4698.0, 4683.0, 4566.0, 4490.0, 7487.0, 11072.0, 10500.0, 7399.0, 6099.0, 5482.0, 4751.0, 4671.0, 3173.0, 4361.0, 4758.0, 4153.0, 3990.0, 4354.0, 4458.0, 3573.0, 4876.0, 4902.0, 4274.0, 3402.0, 3180.0, 3758.0, 3008.0, 3754.0, 4541.0, 3381.0, 4784.0, 7653.0, 6099.0, 3189.0, 4215.0, 5473.0, 5549.0, 4327.0, 3458.0, 3073.0, 2671.0, 2337.0, 2154.0, 2182.0, 2416.0, 2416.0, 2496.0, 2469.0, 2778.0, 3260.0, 3318.0, 2571.0, 2379.0, 2449.0, 2485.0]",43854102.263644814
6,0.8,16,"[{""x"": -0.6328225135803223, ""y"": 1.2447237968444824, ""z"": 0.0, ""velocity"": 0.0, ""snr"": 0.0}, {""x"": -0.6830692291259766, ""y"": 1.244187355041504, ""z"": 0.0, ""velocity"": 0.0, ""snr"": 0.0}, {""x"": -0.7694363594055176, ""y"": 1.2373924255371094, ""z"": 0.0, ""velocity"": 0.0, ""snr"": 0.0}, {""x"": -0.8906722068786621, ""y"": 1.4816522598266602, ""z"": 0.0, ""velocity"": 0.0, ""snr"": 0.0}, {""x"": -0.497281551361084, ""y"": 1.4297962188720703, ""z"": 0.0, ""velocity"": 0.0, ""snr"": 0.0}, {""x"": -0.0870823860168457, ""y"": 0.4547238349914551, ""z"": 0.0, ""velocity"": 0.0, ""snr"": 0.0}, {""x"": -0.05829334259033203, ""y"": 0.47510862350463867, ""z"": 0.0, ""velocity"": 0.0, ""snr"": 0.0}, {""x"": -0.04738569259643555, ""y"": 0.48100948333740234, ""z"": 0.0, ""velocity"": 0.0, ""snr"": 0.0}, {""x"": -0.2124309539794922, ""y"": 1.5451312065124512, ""z"": 0.0, ""velocity"": 0.0, ""snr"": 0.0}, {""x"": -0.009119510650634766, ""y"": 0.5133748054504395, ""z"": 0.0, ""velocity"": 0.0, ""snr"": 0.0}, {""x"": 0.17273426055908203, ""y"": 0.5462765693664551, ""z"": 0.0, ""velocity"": 0.0, ""snr"": 0.0}, {""x"": 0.13911724090576172, ""y"": 0.577390193939209, ""z"": 0.0, ""velocity"": 0.0, ""snr"": 0.0}, {""x"": 1.6694068908691406, ""y"": 1.8044114112854004, ""z"": 0.0, ""velocity"": 0.0, ""snr"": 0.0}, {""x"": 1.6538500785827637, ""y"": 1.8492937088012695, ""z"": 0.0, ""velocity"": 0.0, ""snr"": 0.0}, {""x"": 1.6474127769470215, ""y"": 1.8762946128845215, ""z"": 0.0, ""velocity"": 0.0, ""snr"": 0.0}, {""x"": 1.6277432441711426, ""y"": 1.9260048866271973, ""z"": 0.0, ""velocity"": 0.0, ""snr"": 0.0}]","[151915.0, 219930.0, 152797.0, 47148.0, 9620.0, 67174912.0, 134546947.0, 84082695.0, 188421.0, 174338560.0, 152832.0, 0.0, 3328.0, 512.0, 4294967040.0, 77311.0, 38400.0, 998244352.0, 3201903929.0, 2147483705.0, 2147483710.0, 3391.0, 2699910912.0, 25.0, 189216256.0, 1740529.0, 989855744.0, 3924757830.0, 25.0, 457588480.0, 2137581.0, 889192448.0, 3623826766.0, 9.0, 1011505408.0, 674047.0, 2046820352.0, 2365517640.0, 10.0, 2370271744.0, 733438.0, 1711276032.0, 620689735.0, 12.0, 2219266048.0, 2227451.0, 1056964608.0, 804940103.0, 34.0, 2655598336.0, 2559013.0, 1207959552.0, 1462156364.0, 38.0, 776621056.0, 1.0, 3305111554.0, 1124074067.0, 1509950300.0, 2650800724.0, 150995128.0, 2986344486.0, 2499805262.0, 3271557320.0, 2885681352.0, 150995038.0, 1442840836.0, 83886622.0, 2030043625.0, 16908538.0, 84280068.0, 50333448.0, 50332933.0, 1680998400.0, 39190538.0, 0.0, 1048576.0, 131072.0, 4294901760.0, 19791871.0, 11796480.0, 2147483648.0, 3643619643.0, 14782.0, 16000.0, 1064832.0, 3977117696.0, 6505.0, 1194590208.0, 447607088.0, 0.0, 4005119546.0, 6574.0, 1178402816.0, 550169956.0, 0.0, 4283387447.0, 2542.0, 1247477760.0, 172425009.0, 0.0, 4278667137.0, 2687.0, 1199439872.0, 187891367.0, 0.0, 4278142819.0, 3138.0, 1196556288.0, 216268445.0, 0.0, 4221191989.0, 8710.0, 1195376640.0, 574225007.0, 0.0, 622610488.0, 9959.0, 1295253504.0, 648422940.0, 0.0, 653413454.0, 9773.0, 1246953472.0, 624044159.0, 0.0, 19810868.0, 33554432.0]",935313330.2501758
7,0.8,17,"[{""x"": -0.8039474487304688, ""y"": 1.16729736328125, ""z"": 0.0, ""velocity"": 0.0, ""snr"": 0.0}, {""x"": -0.7170438766479492, ""y"": 1.1960864067077637, ""z"": 0.0, ""velocity"": 0.0, ""snr"": 0.0}, {""x"": -0.8381009101867676, ""y"": 1.5070438385009766, ""z"": 0.0, ""velocity"": 0.0, ""snr"": 0.0}, {""x"": -0.7452964782714844, ""y"": 1.5494227409362793, ""z"": 0.0, ""velocity"": 0.0, ""snr"": 0.0}, {""x"": -0.05990266799926758, ""y"": 0.29915571212768555, ""z"": 0.0, ""velocity"": 0.0, ""snr"": 0.0}, {""x"": -0.06651878356933594, ""y"": 0.36710500717163086, ""z"": 0.0, ""velocity"": 0.0, ""snr"": 0.0}, {""x"": -0.039696693420410156, ""y"": 0.4495382308959961, ""z"": 0.0, ""velocity"": 0.0, ""snr"": 0.0}, {""x"": -0.039696693420410156, ""y"": 0.4697442054748535, ""z"": 0.0, ""velocity"": 0.0, ""snr"": 0.0}, {""x"": -0.048279762268066406, ""y"": 0.4761815071105957, ""z"": 0.0, ""velocity"": 0.0, ""snr"": 0.0}, {""x"": -0.08225440979003906, ""y"": 0.5003213882446289, ""z"": 0.0, ""velocity"": 0.0, ""snr"": 0.0}, {""x"": -0.17756223678588867, ""y"": 1.5590786933898926, ""z"": 0.0, ""velocity"": 0.0, ""snr"": 0.0}, {""x"": -0.21350383758544922, ""y"": 1.5726685523986816, ""z"": 0.0, ""velocity"": 0.0, ""snr"": 0.0}, {""x"": 0.009298324584960938, ""y"": 0.5611181259155273, ""z"": 0.0, ""velocity"": 0.0, ""snr"": 0.0}, {""x"": 1.7085671424865723, ""y"": 1.772761344909668, ""z"": 0.0, ""velocity"": 0.0, ""snr"": 0.0}, {""x"": 1.7378926277160645, ""y"": 1.7750859260559082, ""z"": 0.0, ""velocity"": 0.0, ""snr"": 0.0}, {""x"": 1.7684698104858398, ""y"": 1.7607808113098145, ""z"": 0.0, ""velocity"": 0.0, ""snr"": 0.0}, {""x"": 1.7938613891601562, ""y"": 1.7672181129455566, ""z"": 0.0, ""velocity"": 0.0, ""snr"": 0.0}]","[151888.0, 219977.0, 152716.0, 47211.0, 9851.0, 21683.0, 57053.0, 58613.0, 28971.0, 71770.0, 153640.0, 133146.0, 49374.0, 25434.0, 10736.0, 3568.0, 3418.0, 4055.0, 3311.0, 2616.0, 3632.0, 5013.0, 4055.0, 3934.0, 5144.0, 4545.0, 3968.0, 4703.0, 5643.0, 7113.0, 15628.0, 17067.0, 14056.0, 12529.0, 22079.0, 20449.0, 12583.0, 30807.0, 40011.0, 14609.0, 10770.0, 14733.0, 16577.0, 14685.0, 11202.0, 8023.0, 8015.0, 5973.0, 6209.0, 5786.0, 6641.0, 7108.0, 13816.0, 35742.0, 65085.0, 60450.0, 23885.0, 8173.0, 12599.0, 11969.0, 9657.0, 7093.0, 6733.0, 7461.0, 6512.0, 7635.0, 9399.0, 8498.0, 6079.0, 6412.0, 7210.0, 6983.0, 6277.0, 6435.0, 7119.0, 5817.0, 5185.0, 8627.0, 12074.0, 10244.0, 5681.0, 5013.0, 4530.0, 3954.0, 3981.0, 4062.0, 4017.0, 4272.0, 3638.0, 3906.0, 3498.0, 3821.0, 4640.0, 5322.0, 5313.0, 4564.0, 3838.0, 3263.0, 3922.0, 3480.0, 4611.0, 5655.0, 3708.0, 4205.0, 7480.0, 6308.0, 3152.0, 4516.0, 5005.0, 4261.0, 3263.0, 2926.0, 3020.0, 3173.0, 2813.0, 2713.0, 2621.0, 2791.0, 2455.0, 2145.0, 2370.0, 2419.0, 2619.0, 3196.0, 2717.0, 1993.0, 2225.0, 2150.0]",61182802.113895856
8,0.8,20,"[{""x"": -0.8221864700317383, ""y"": 1.1565685272216797, ""z"": 0.0, ""velocity"": 0.0, ""snr"": 0.0}, {""x"": -0.8980035781860352, ""y"": 1.1397600173950195, ""z"": 0.0, ""velocity"": 0.0, ""snr"": 0.0}, {""x"": -0.7191896438598633, ""y"": 1.1950135231018066, ""z"": 0.0, ""velocity"": 0.0, ""snr"": 0.0}, {""x"": -0.7631778717041016, ""y"": 1.544952392578125, ""z"": 0.0, ""velocity"": 0.0, ""snr"": 0.0}, {""x"": -0.8307695388793945, ""y"": 1.511693000793457, ""z"": 0.0, ""velocity"": 0.0, ""snr"": 0.0}, {""x"": -0.07134675979614258, ""y"": 0.29736757278442383, ""z"": 0.0, ""velocity"": 0.0, ""snr"": 0.0}, {""x"": -0.08189678192138672, ""y"": 0.3681778907775879, ""z"": 0.0, ""velocity"": 0.0, ""snr"": 0.0}, {""x"": -0.4538297653198242, ""y"": 1.4643073081970215, ""z"": 0.0, ""velocity"": 0.0, ""snr"": 0.0}, {""x"": -0.0699162483215332, ""y"": 0.4450678825378418, ""z"": 0.0, ""velocity"": 0.0, ""snr"": 0.0}, {""x"": -0.06687641143798828, ""y"": 0.462949275970459, ""z"": 0.0, ""velocity"": 0.0, ""snr"": 0.0}, {""x"": -0.07152557373046875, ""y"": 0.47278404235839844, ""z"": 0.0, ""velocity"": 0.0, ""snr"": 0.0}, {""x"": -0.06330013275146484, ""y"": 0.5040764808654785, ""z"": 0.0, ""velocity"": 0.0, ""snr"": 0.0}, {""x"": -0.17827749252319336, ""y"": 1.5588998794555664, ""z"": 0.0, ""velocity"": 0.0, ""snr"": 0.0}, {""x"": -0.1983046531677246, ""y"": 1.5749931335449219, ""z"": 0.0, ""velocity"": 0.0, ""snr"": 0.0}, {""x"": 0.10889768600463867, ""y"": 0.5789995193481445, ""z"": 0.0, ""velocity"": 0.0, ""snr"": 0.0}, {""x"": 0.10925531387329102, ""y"": 0.5562901496887207, ""z"": 0.0, ""velocity"": 0.0, ""snr"": 0.0}, {""x"": 1.7209053039550781, ""y"": 1.7597079277038574, ""z"": 0.0, ""velocity"": 0.0, ""snr"": 0.0}, {""x"": 1.7273426055908203, ""y"": 1.7849206924438477, ""z"": 0.0, ""velocity"": 0.0, ""snr"": 0.0}, {""x"": 1.7625689506530762, ""y"": 1.767575740814209, ""z"": 0.0, ""velocity"": 0.0, ""snr"": 0.0}, {""x"": 1.8149614334106445, ""y"": 1.7471909523010254, ""z"": 0.0, ""velocity"": 0.0, ""snr"": 0.0}]","[151741.0, 219590.0, 152403.0, 46950.0, 9355.0, 20030.0, 53525.0, 54863.0, 28629.0, 79723.0, 152855.0, 123831.0, 49381.0, 32724.0, 10701.0, 3864.0, 3917.0, 3140.0, 2567.0, 2526.0, 3364.0, 4505.0, 3773.0, 3732.0, 4061.0, 3656.0, 4112.0, 4653.0, 5933.0, 7291.0, 15063.0, 16956.0, 14422.0, 12406.0, 21493.0, 19710.0, 12606.0, 30598.0, 40050.0, 14992.0, 11601.0, 14512.0, 16919.0, 13675.0, 10361.0, 7378.0, 7227.0, 6220.0, 6513.0, 6165.0, 6213.0, 7014.0, 14666.0, 37736.0, 67210.0, 62809.0, 25556.0, 9127.0, 13066.0, 11677.0, 9880.0, 6952.0, 7167.0, 6692.0, 7253.0, 7346.0, 8130.0, 7631.0, 5253.0, 5171.0, 5234.0, 5339.0, 5020.0, 6402.0, 7103.0, 5573.0, 5151.0, 8131.0, 11516.0, 10215.0, 5582.0, 5551.0, 5243.0, 3832.0, 4054.0, 3077.0, 3557.0, 4187.0, 3903.0, 3768.0, 3586.0, 3982.0, 4580.0, 5645.0, 5372.0, 4024.0, 3633.0, 3323.0, 3606.0, 3419.0, 4930.0, 5263.0, 3528.0, 4402.0, 7474.0, 6355.0, 3537.0, 3359.0, 4401.0, 4370.0, 3434.0, 2903.0, 2508.0, 2661.0, 2469.0, 2395.0, 2408.0, 2392.0, 2644.0, 1980.0, 2369.0, 2661.0, 3041.0, 3240.0, 2640.0, 2046.0, 2191.0, 2372.0]",59959261.32943043
9,0.8,20,"[{""x"": -0.8193254470825195, ""y"": 1.156926155090332, ""z"": 0.0, ""velocity"": 0.0, ""snr"": 0.0}, {""x"": -0.8794069290161133, ""y"": 1.151740550994873, ""z"": 0.0, ""velocity"": 0.0, ""snr"": 0.0}, {""x"": -0.7081031799316406, ""y"": 1.200556755065918, ""z"": 0.0, ""velocity"": 0.0, ""snr"": 0.0}, {""x"": -0.7837414741516113, ""y"": 1.5338659286499023, ""z"": 0.0, ""velocity"": 0.0, ""snr"": 0.0}, {""x"": -0.8429288864135742, ""y"": 1.5041828155517578, ""z"": 0.0, ""velocity"": 0.0, ""snr"": 0.0}, {""x"": -0.07081031799316406, ""y"": 0.2930760383605957, ""z"": 0.0, ""velocity"": 0.0, ""snr"": 0.0}, {""x"": -0.09673833847045898, ""y"": 0.3694295883178711, ""z"": 0.0, ""velocity"": 0.0, ""snr"": 0.0}, {""x"": -0.40143728256225586, ""y"": 1.4812946319580078, ""z"": 0.0, ""velocity"": 0.0, ""snr"": 0.0}, {""x"": -0.08046627044677734, ""y"": 0.446319580078125, ""z"": 0.0, ""velocity"": 0.0, ""snr"": 0.0}, {""x"": -0.07653236389160156, ""y"": 0.4604458808898926, ""z"": 0.0, ""velocity"": 0.0, ""snr"": 0.0}, {""x"": -0.07599592208862305, ""y"": 0.47260522842407227, ""z"": 0.0, ""velocity"": 0.0, ""snr"": 0.0}, {""x"": -0.19043684005737305, ""y"": 1.5562176704406738, ""z"": 0.0, ""velocity"": 0.0, ""snr"": 0.0}, {""x"": -0.19222497940063477, ""y"": 1.575171947479248, ""z"": 0.0, ""velocity"": 0.0, ""snr"": 0.0}, {""x"": -0.02110004425048828, ""y"": 0.514984130859375, ""z"": 0.0, ""velocity"": 0.0, ""snr"": 0.0}, {""x"": 0.1112222671508789, ""y"": 0.5521774291992188, ""z"": 0.0, ""velocity"": 0.0, ""snr"": 0.0}, {""x"": 0.1131892204284668, ""y"": 0.578463077545166, ""z"": 0.0, ""velocity"": 0.0, ""snr"": 0.0}, {""x"": 1.7241239547729492, ""y"": 1.7557740211486816, ""z"": 0.0, ""velocity"": 0.0, ""snr"": 0.0}, {""x"": 1.7169713973999023, ""y"": 1.7938613891601562, ""z"": 0.0, ""velocity"": 0.0, ""snr"": 0.0}, {""x"": 1.7443299293518066, ""y"": 1.7847418785095215, ""z"": 0.0, ""velocity"": 0.0, ""snr"": 0.0}, {""x"": 1.8099546432495117, ""y"": 1.7532706260681152, ""z"": 0.0, ""velocity"": 0.0, ""snr"": 0.0}]","[152033.0, 219857.0, 152881.0, 47160.0, 9795.0, 23027.0, 59335.0, 58543.0, 25565.0, 94415.0, 176080.0, 140357.0, 60104.0, 36693.0, 11751.0, 3429.0, 3758.0, 3052.0, 2655.0, 3004.0, 3420.0, 4127.0, 3668.0, 3696.0, 3699.0, 3459.0, 3962.0, 4565.0, 5500.0, 7413.0, 15710.0, 17015.0, 14095.0, 11841.0, 21656.0, 18712.0, 12538.0, 29856.0, 38720.0, 14104.0, 10921.0, 14251.0, 16312.0, 13071.0, 10131.0, 7252.0, 7194.0, 6187.0, 6601.0, 6610.0, 6178.0, 7131.0, 15366.0, 39149.0, 68428.0, 63285.0, 25082.0, 9778.0, 14027.0, 11988.0, 10151.0, 6896.0, 7303.0, 7099.0, 6298.0, 7560.0, 8696.0, 8041.0, 5245.0, 5091.0, 5161.0, 4734.0, 4917.0, 6525.0, 6840.0, 5285.0, 5020.0, 7569.0, 11219.0, 10401.0, 6038.0, 5914.0, 5810.0, 4233.0, 4097.0, 3017.0, 3643.0, 3801.0, 3680.0, 3734.0, 3852.0, 4754.0, 4642.0, 5785.0, 5059.0, 3680.0, 3616.0, 3741.0, 3581.0, 3553.0, 4984.0, 4678.0, 3100.0, 4654.0, 7761.0, 6523.0, 3418.0, 3452.0, 4299.0, 4713.0, 4053.0, 3098.0, 2872.0, 2790.0, 2279.0, 2586.0, 2361.0, 2307.0, 2598.0, 2297.0, 2284.0, 2739.0, 2798.0, 3080.0, 2626.0, 1760.0, 2025.0, 2439.0]",58759810.36352667
10,0.8,16,"[{""x"": -0.8001923561096191, ""y"": 1.169264316558838, ""z"": 0.0, ""velocity"": 0.0, ""snr"": 0.0}, {""x"": -0.9167790412902832, ""y"": 1.117408275604248, ""z"": 0.0, ""velocity"": 0.0, ""snr"": 0.0}, {""x"": -0.6632208824157715, ""y"": 1.2272000312805176, ""z"": 0.0, ""velocity"": 0.0, ""snr"": 0.0}, {""x"": -0.8175373077392578, ""y"": 1.5206336975097656, ""z"": 0.0, ""velocity"": 0.0, ""snr"": 0.0}, {""x"": -0.7506608963012695, ""y"": 1.5483498573303223, ""z"": 0.0, ""velocity"": 0.0, ""snr"": 0.0}, {""x"": -0.07724761962890625, ""y"": 0.44667720794677734, ""z"": 0.0, ""velocity"": 0.0, ""snr"": 0.0}, {""x"": -0.07259845733642578, ""y"": 0.4597306251525879, ""z"": 0.0, ""velocity"": 0.0, ""snr"": 0.0}, {""x"": -0.06347894668579102, ""y"": 0.475466251373291, ""z"": 0.0, ""velocity"": 0.0, ""snr"": 0.0}, {""x"": -0.1385807991027832, ""y"": 1.562654972076416, ""z"": 0.0, ""velocity"": 0.0, ""snr"": 0.0}, {""x"": -0.003933906555175781, ""y"": 0.5164146423339844, ""z"": 0.0, ""velocity"": 0.0, ""snr"": 0.0}, {""x"": 0.06937980651855469, ""y"": 0.5532503128051758, ""z"": 0.0, ""velocity"": 0.0, ""snr"": 0.0}, {""x"": 0.11712312698364258, ""y"": 0.5804300308227539, ""z"": 0.0, ""velocity"": 0.0, ""snr"": 0.0}, {""x"": 1.720726490020752, ""y"": 1.759350299835205, ""z"": 0.0, ""velocity"": 0.0, ""snr"": 0.0}, {""x"": 1.7316341400146484, ""y"": 1.7797350883483887, ""z"": 0.0, ""velocity"": 0.0, ""snr"": 0.0}, {""x"": 1.7344951629638672, ""y"": 1.7949342727661133, ""z"": 0.0, ""velocity"": 0.0, ""snr"": 0.0}, {""x"": 1.7854571342468262, ""y"": 1.7772316932678223, ""z"": 0.0, ""velocity"": 0.0, ""snr"": 0.0}]","[151993.0, 219896.0, 152932.0, 47041.0, 10086.0, 18478.0, 46982.0, 45749.0, 26000.0, 109074.0, 194485.0, 153110.0, 73766.0, 39993.0, 12389.0, 9631.0, 7296.0, 4213.0, 3151.0, 2817.0, 3146.0, 4970.0, 4112.0, 3807.0, 4385.0, 3419.0, 4062.0, 4717.0, 5845.0, 7022.0, 15399.0, 16479.0, 13071.0, 9413.0, 17551.0, 16068.0, 12691.0, 30857.0, 40912.0, 16379.0, 8617.0, 14173.0, 17443.0, 15833.0, 10102.0, 8658.0, 7374.0, 5962.0, 5967.0, 6042.0, 6301.0, 6861.0, 15313.0, 39714.0, 69184.0, 64024.0, 25938.0, 9255.0, 14544.0, 12433.0, 10589.0, 7760.0, 6591.0, 6853.0, 7015.0, 7579.0, 8965.0, 7970.0, 5317.0, 5301.0, 5711.0, 5189.0, 5071.0, 6810.0, 6251.0, 4829.0, 4821.0, 7239.0, 10872.0, 10311.0, 5991.0, 6045.0, 5961.0, 3962.0, 4161.0, 3762.0, 4234.0, 3621.0, 3769.0, 4682.0, 4166.0, 4888.0, 4390.0, 5665.0, 5043.0, 3980.0, 3152.0, 3776.0, 3921.0, 3530.0, 4234.0, 3789.0, 3306.0, 5822.0, 7966.0, 6424.0, 2724.0, 3361.0, 4307.0, 4760.0, 4054.0, 3076.0, 2641.0, 2801.0, 2430.0, 2483.0, 2549.0, 2539.0, 2353.0, 2155.0, 2356.0, 2849.0, 2993.0, 3068.0, 2482.0, 1946.0, 2094.0, 2331.0]",57584514.14063114
11,0.8,17,"[{""x"": -0.8191466331481934, ""y"": 1.1567473411560059, ""z"": 0.0, ""velocity"": 0.0, ""snr"": 0.0}, {""x"": -0.909268856048584, ""y"": 1.1261701583862305, ""z"": 0.0, ""velocity"": 0.0, ""snr"": 0.0}, {""x"": -0.7288455963134766, ""y"": 1.186072826385498, ""z"": 0.0, ""velocity"": 0.0, ""snr"": 0.0}, {""x"": -0.8295178413391113, ""y"": 1.5175938606262207, ""z"": 0.0, ""velocity"": 0.0, ""snr"": 0.0}, {""x"": -0.056862831115722656, ""y"": 0.2773404121398926, ""z"": 0.0, ""velocity"": 0.0, ""snr"": 0.0}, {""x"": -0.16576051712036133, ""y"": 0.6387233734130859, ""z"": 0.0, ""velocity"": 0.0, ""snr"": 0.0}, {""x"": -0.04881620407104492, ""y"": 0.26410818099975586, ""z"": 0.0, ""velocity"": 0.0, ""snr"": 0.0}, {""x"": -0.07921457290649414, ""y"": 0.44345855712890625, ""z"": 0.0, ""velocity"": 0.0, ""snr"": 0.0}, {""x"": -0.07581710815429688, ""y"": 0.4538297653198242, ""z"": 0.0, ""velocity"": 0.0, ""snr"": 0.0}, {""x"": -0.07867813110351562, ""y"": 0.4649162292480469, ""z"": 0.0, ""velocity"": 0.0, ""snr"": 0.0}, {""x"": 0.005364418029785156, ""y"": 0.602424144744873, ""z"": 0.0, ""velocity"": 0.0, ""snr"": 0.0}, {""x"": 0.13500452041625977, ""y"": 0.5273222923278809, ""z"": 0.0, ""velocity"": 0.0, ""snr"": 0.0}, {""x"": 0.12069940567016602, ""y"": 0.5502104759216309, ""z"": 0.0, ""velocity"": 0.0, ""snr"": 0.0}, {""x"": 1.713395118713379, ""y"": 1.8149614334106445, ""z"": 0.0, ""velocity"": 0.0, ""snr"": 0.0}, {""x"": 1.705169677734375, ""y"": 1.7740130424499512, ""z"": 0.0, ""velocity"": 0.0, ""snr"": 0.0}, {""x"": 1.7234086990356445, ""y"": 1.7877817153930664, ""z"": 0.0, ""velocity"": 0.0, ""snr"": 0.0}, {""x"": 1.7657876014709473, ""y"": 1.7985105514526367, ""z"": 0.0, ""velocity"": 0.0, ""snr"": 0.0}]","[151837.0, 219916.0, 152457.0, 47624.0, 40643.0, 125357.0, 166239.0, 97298.0, 29364.0, 104598.0, 176762.0, 116248.0, 74454.0, 54142.0, 19687.0, 11794.0, 5235.0, 3381.0, 3042.0, 2544.0, 2458.0, 2863.0, 2790.0, 3543.0, 4074.0, 3249.0, 4267.0, 4828.0, 5988.0, 8067.0, 14942.0, 16468.0, 13494.0, 8200.0, 7022.0, 7753.0, 9513.0, 28493.0, 40629.0, 17658.0, 8233.0, 13702.0, 15859.0, 12625.0, 10628.0, 8530.0, 7757.0, 6591.0, 5849.0, 5999.0, 6426.0, 7319.0, 15905.0, 40133.0, 70259.0, 64999.0, 26613.0, 10240.0, 14727.0, 12596.0, 10412.0, 8599.0, 6767.0, 6626.0, 7019.0, 7352.0, 10354.0, 8290.0, 6619.0, 7893.0, 6481.0, 5326.0, 4765.0, 5836.0, 5778.0, 4773.0, 4743.0, 7205.0, 11325.0, 10666.0, 6536.0, 6280.0, 5717.0, 3649.0, 3821.0, 4159.0, 4632.0, 4185.0, 3910.0, 4429.0, 4011.0, 5179.0, 3832.0, 4873.0, 4873.0, 3894.0, 3597.0, 3570.0, 3973.0, 3744.0, 3750.0, 3759.0, 2971.0, 5591.0, 8538.0, 7098.0, 3382.0, 2873.0, 4332.0, 4630.0, 3711.0, 3571.0, 2766.0, 3034.0, 2581.0, 3000.0, 2567.0, 2687.0, 2438.0, 2208.0, 2427.0, 2740.0, 3162.0, 3165.0, 2180.0, 1958.0, 2267.0, 2519.0]",56430862.58962236
12,0.8,16,"[{""x"": -0.8847713470458984, ""y"": 1.1156201362609863, ""z"": 0.0, ""velocity"": 0.0, ""snr"": 0.0}, {""x"": -0.9478926658630371, ""y"": 1.1056065559387207, ""z"": 0.0, ""velocity"": 0.0, ""snr"": 0.0}, {""x"": -0.7635354995727539, ""y"": 1.1622905731201172, ""z"": 0.0, ""velocity"": 0.0, ""snr"": 0.0}, {""x"": -0.8799433708190918, ""y"": 1.4875531196594238, ""z"": 0.0, ""velocity"": 0.0, ""snr"": 0.0}, {""x"": -0.05310773849487305, ""y"": 0.38248300552368164, ""z"": 0.0, ""velocity"": 0.0, ""snr"": 0.0}, {""x"": -0.07259845733642578, ""y"": 0.4405975341796875, ""z"": 0.0, ""velocity"": 0.0, ""snr"": 0.0}, {""x"": -0.06794929504394531, ""y"": 0.4563331604003906, ""z"": 0.0, ""velocity"": 0.0, ""snr"": 0.0}, {""x"": -0.07134675979614258, ""y"": 0.46455860137939453, ""z"": 0.0, ""velocity"": 0.0, ""snr"": 0.0}, {""x"": -0.007688999176025391, ""y"": 0.30344724655151367, ""z"": 0.0, ""velocity"": 0.0, ""snr"": 0.0}, {""x"": 0.04309415817260742, ""y"": 0.596165657043457, ""z"": 0.0, ""velocity"": 0.0, ""snr"": 0.0}, {""x"": 0.12409687042236328, ""y"": 0.556647777557373, ""z"": 0.0, ""velocity"": 0.0, ""snr"": 0.0}, {""x"": 0.20831823348999023, ""y"": 0.5131959915161133, ""z"": 0.0, ""velocity"": 0.0, ""snr"": 0.0}, {""x"": 1.7205476760864258, ""y"": 1.759171485900879, ""z"": 0.0, ""velocity"": 0.0, ""snr"": 0.0}, {""x"": 1.7454028129577637, ""y"": 1.765608787536621, ""z"": 0.0, ""velocity"": 0.0, ""snr"": 0.0}, {""x"": 1.7607808113098145, ""y"": 1.7682909965515137, ""z"": 0.0, ""velocity"": 0.0, ""snr"": 0.0}, {""x"": 1.8382072448730469, ""y"": 1.724839210510254, ""z"": 0.0, ""velocity"": 0.0, ""snr"": 0.0}]","[152129.0, 219900.0, 152536.0, 47113.0, 20080.0, 48679.0, 71167.0, 56022.0, 39197.0, 103062.0, 176275.0, 120876.0, 48676.0, 38465.0, 16828.0, 6210.0, 3645.0, 2998.0, 2645.0, 2937.0, 2562.0, 2464.0, 2560.0, 4288.0, 4912.0, 4055.0, 4427.0, 8383.0, 9388.0, 8303.0, 13252.0, 16190.0, 15789.0, 11590.0, 7254.0, 8211.0, 10775.0, 28076.0, 39012.0, 16418.0, 8056.0, 13989.0, 18119.0, 18912.0, 12591.0, 8502.0, 7069.0, 5512.0, 5766.0, 5545.0, 6613.0, 7683.0, 15417.0, 39498.0, 68757.0, 62517.0, 25210.0, 10370.0, 14219.0, 12788.0, 10815.0, 8081.0, 6498.0, 5069.0, 6314.0, 8057.0, 9658.0, 7499.0, 6709.0, 6975.0, 5033.0, 5125.0, 4127.0, 5476.0, 5413.0, 4795.0, 4471.0, 6278.0, 10711.0, 11133.0, 7656.0, 5876.0, 4700.0, 3732.0, 4549.0, 3947.0, 3480.0, 3304.0, 3812.0, 4053.0, 4137.0, 4921.0, 3455.0, 4852.0, 4339.0, 3849.0, 3505.0, 3267.0, 3253.0, 3122.0, 3464.0, 3735.0, 2736.0, 4599.0, 7392.0, 6937.0, 3328.0, 2548.0, 3502.0, 4561.0, 4304.0, 3452.0, 2768.0, 2971.0, 2517.0, 2244.0, 2337.0, 2586.0, 2508.0, 2365.0, 2455.0, 2317.0, 2937.0, 3430.0, 2690.0, 2087.0, 2033.0, 2137.0]",55304200.53401841
13,0.8,13,"[{""x"": -0.8454322814941406, ""y"": 1.140296459197998, ""z"": 0.0, ""velocity"": 0.0, ""snr"": 0.0}, {""x"": -0.7252693176269531, ""y"": 1.1969804763793945, ""z"": 0.0, ""velocity"": 0.0, ""snr"": 0.0}, {""x"": -0.8211135864257812, ""y"": 1.524031162261963, ""z"": 0.0, ""velocity"": 0.0, ""snr"": 0.0}, {""x"": -0.06222724914550781, ""y"": 0.4000067710876465, ""z"": 0.0, ""velocity"": 0.0, ""snr"": 0.0}, {""x"": -0.07671117782592773, ""y"": 0.441133975982666, ""z"": 0.0, ""velocity"": 0.0, ""snr"": 0.0}, {""x"": -0.07867813110351562, ""y"": 0.45418739318847656, ""z"": 0.0, ""velocity"": 0.0, ""snr"": 0.0}, {""x"": -0.06490945816040039, ""y"": 0.46706199645996094, ""z"": 0.0, ""velocity"": 0.0, ""snr"": 0.0}, {""x"": 0.22906064987182617, ""y"": 0.5112290382385254, ""z"": 0.0, ""velocity"": 0.0, ""snr"": 0.0}, {""x"": 0.3452897071838379, ""y"": 0.40537118911743164, ""z"": 0.0, ""velocity"": 0.0, ""snr"": 0.0}, {""x"": 1.690506935119629, ""y"": 1.7890334129333496, ""z"": 0.0, ""velocity"": 0.0, ""snr"": 0.0}, {""x"": 1.7128586769104004, ""y"": 1.8156766891479492, ""z"": 0.0, ""velocity"": 0.0, ""snr"": 0.0}, {""x"": 1.7216205596923828, ""y"": 1.7901062965393066, ""z"": 0.0, ""velocity"": 0.0, ""snr"": 0.0}, {""x"": 1.7834901809692383, ""y"": 1.7827749252319336, ""z"": 0.0, ""velocity"": 0.0, ""snr"": 0.0}]","[152303.0, 219998.0, 152894.0, 47082.0, 9114.0, 15690.0, 23126.0, 25462.0, 32530.0, 103205.0, 168474.0, 118390.0, 38553.0, 22846.0, 6791.0, 5116.0, 4157.0, 3162.0, 2542.0, 3099.0, 2844.0, 2775.0, 2867.0, 4279.0, 5538.0, 4316.0, 4228.0, 6028.0, 8260.0, 4742.0, 13596.0, 15629.0, 13294.0, 9577.0, 8765.0, 9760.0, 10846.0, 28326.0, 40911.0, 19203.0, 7640.0, 14943.0, 17949.0, 12018.0, 8587.0, 7796.0, 7255.0, 5353.0, 5773.0, 6426.0, 6854.0, 6456.0, 15000.0, 38971.0, 69743.0, 64507.0, 26784.0, 11171.0, 15429.0, 12944.0, 10258.0, 8078.0, 6960.0, 5432.0, 7510.0, 7466.0, 9358.0, 7943.0, 6744.0, 5454.0, 5481.0, 4657.0, 3731.0, 4813.0, 5231.0, 4688.0, 4203.0, 5278.0, 10527.0, 11240.0, 7448.0, 5464.0, 4960.0, 4026.0, 4391.0, 3620.0, 3604.0, 3559.0, 4405.0, 4776.0, 4705.0, 4389.0, 4263.0, 5074.0, 4585.0, 3403.0, 3370.0, 3324.0, 3271.0, 3020.0, 2930.0, 3279.0, 3006.0, 5120.0, 7361.0, 5860.0, 3444.0, 3639.0, 4035.0, 4211.0, 3904.0, 3437.0, 2707.0, 3164.0, 2894.0, 2410.0, 2249.0, 2478.0, 2434.0, 2447.0, 2850.0, 2558.0, 2848.0, 3279.0, 2912.0, 2255.0, 2403.0, 2090.0]",54199336.58767901
14,0.8,14,"[{""x"": -0.6616115570068359, ""y"": 1.240074634552002, ""z"": 0.0, ""velocity"": 0.0, ""snr"": 0.0}, {""x"": -0.7354617118835449, ""y"": 1.2123584747314453, ""z"": 0.0, ""velocity"": 0.0, ""snr"": 0.0}, {""x"": -0.9031891822814941, ""y"": 1.4698505401611328, ""z"": 0.0, ""velocity"": 0.0, ""snr"": 0.0}, {""x"": -0.08726119995117188, ""y"": 0.4311203956604004, ""z"": 0.0, ""velocity"": 0.0, ""snr"": 0.0}, {""x"": -0.10567903518676758, ""y"": 0.44077634811401367, ""z"": 0.0, ""velocity"": 0.0, ""snr"": 0.0}, {""x"": -0.037729740142822266, ""y"": 0.38248300552368164, ""z"": 0.0, ""velocity"": 0.0, ""snr"": 0.0}, {""x"": 0.009298324584960938, ""y"": 0.31936168670654297, ""z"": 0.0, ""velocity"": 0.0, ""snr"": 0.0}, {""x"": -0.02181529998779297, ""y"": 0.47904253005981445, ""z"": 0.0, ""velocity"": 0.0, ""snr"": 0.0}, {""x"": 0.07063150405883789, ""y"": 0.5165934562683105, ""z"": 0.0, ""velocity"": 0.0, ""snr"": 0.0}, {""x"": 0.20992755889892578, ""y"": 0.5208849906921387, ""z"": 0.0, ""velocity"": 0.0, ""snr"": 0.0}, {""x"": 1.6751289367675781, ""y"": 1.8045902252197266, ""z"": 0.0, ""velocity"": 0.0, ""snr"": 0.0}, {""x"": 1.7096400260925293, ""y"": 1.8028020858764648, ""z"": 0.0, ""velocity"": 0.0, ""snr"": 0.0}, {""x"": 1.7307400703430176, ""y"": 1.79976224899292, ""z"": 0.0, ""velocity"": 0.0, ""snr"": 0.0}, {""x"": 1.7777681350708008, ""y"": 1.787424087524414, ""z"": 0.0, ""velocity"": 0.0, ""snr"": 0.0}]","[151942.0, 219631.0, 152739.0, 47233.0, 10097.0, 24220.0, 51044.0, 55681.0, 47216.0, 96004.0, 139561.0, 83085.0, 46863.0, 28316.0, 9553.0, 6545.0, 4737.0, 2617.0, 2879.0, 3143.0, 2793.0, 3156.0, 3296.0, 4006.0, 4639.0, 3222.0, 4078.0, 7214.0, 10558.0, 6132.0, 14054.0, 17048.0, 14089.0, 10944.0, 12281.0, 13130.0, 11839.0, 26819.0, 35282.0, 13279.0, 9832.0, 14951.0, 17473.0, 14185.0, 9240.0, 6762.0, 6849.0, 5179.0, 6132.0, 6039.0, 6043.0, 6260.0, 14385.0, 39037.0, 70097.0, 66155.0, 27530.0, 10662.0, 14592.0, 11494.0, 10173.0, 7542.0, 6465.0, 4605.0, 7521.0, 7035.0, 9071.0, 9372.0, 6312.0, 6067.0, 5895.0, 5405.0, 4247.0, 4947.0, 6160.0, 5416.0, 4771.0, 5847.0, 10828.0, 11372.0, 7208.0, 4994.0, 5406.0, 4648.0, 4422.0, 4091.0, 4426.0, 3512.0, 4498.0, 4786.0, 4718.0, 4614.0, 4013.0, 4610.0, 4624.0, 3813.0, 3344.0, 2955.0, 3010.0, 2875.0, 3221.0, 4330.0, 2917.0, 4621.0, 6588.0, 3860.0, 3184.0, 3193.0, 4584.0, 4900.0, 3935.0, 3274.0, 2911.0, 2924.0, 2811.0, 2131.0, 2166.0, 2131.0, 2020.0, 2208.0, 2960.0, 2747.0, 2509.0, 3132.0, 2659.0, 2079.0, 1941.0, 1821.0]",53114854.42568037
0,0.8,13,"[{""x"": -0.8282661437988281, ""y"": 1.1501312255859375, ""z"": 0.0, ""velocity"": 0.0, ""snr"": 0.0}, {""x"": -0.7336735725402832, ""y"": 1.1955499649047852, ""z"": 0.0, ""velocity"": 0.0, ""snr"": 0.0}, {""x"": -0.8448958396911621, ""y"": 1.5102624893188477, ""z"": 0.0, ""velocity"": 0.0, ""snr"": 0.0}, {""x"": -0.10031461715698242, ""y"": 0.4420280456542969, ""z"": 0.0, ""velocity"": 0.0, ""snr"": 0.0}, {""x"": -0.10693073272705078, ""y"": 0.44596195220947266, ""z"": 0.0, ""velocity"": 0.0, ""snr"": 0.0}, {""x"": -0.0584721565246582, ""y"": 0.47385692596435547, ""z"": 0.0, ""velocity"": 0.0, ""snr"": 0.0}, {""x"": -0.0947713851928711, ""y"": 0.5974173545837402, ""z"": 0.0, ""velocity"": 0.0, ""snr"": 0.0}, {""x"": 0.005900859832763672, ""y"": 0.5652308464050293, ""z"": 0.0, ""velocity"": 0.0, ""snr"": 0.0}, {""x"": 0.08726119995117188, ""y"": 0.520169734954834, ""z"": 0.0, ""velocity"": 0.0, ""snr"": 0.0}, {""x"": 1.6799569129943848, ""y"": 1.7981529235839844, ""z"": 0.0, ""velocity"": 0.0, ""snr"": 0.0}, {""x"": 1.7053484916687012, ""y"": 1.8044114112854004, ""z"": 0.0, ""velocity"": 0.0, ""snr"": 0.0}, {""x"": 1.749873161315918, ""y"": 1.7795562744140625, ""z"": 0.0, ""velocity"": 0.0, ""snr"": 0.0}, {""x"": 1.8308758735656738, ""y"": 1.7339587211608887, ""z"": 0.0, ""velocity"": 0.0, ""snr"": 0.0}]","[151926.0, 219900.0, 152669.0, 47424.0, 10262.0, 30352.0, 47037.0, 26913.0, 15720.0, 76888.0, 129662.0, 81499.0, 54694.0, 32267.0, 15647.0, 7074.0, 4081.0, 3074.0, 2568.0, 2761.0, 3056.0, 3519.0, 2824.0, 4046.0, 5460.0, 5300.0, 4803.0, 5225.0, 7674.0, 4751.0, 13683.0, 15669.0, 12341.0, 7811.0, 6626.0, 8249.0, 10109.0, 28187.0, 40640.0, 18389.0, 7332.0, 14458.0, 17294.0, 13351.0, 8883.0, 7660.0, 7130.0, 5726.0, 5127.0, 4980.0, 6090.0, 7061.0, 15598.0, 39673.0, 69408.0, 63933.0, 25862.0, 11270.0, 13972.0, 11821.0, 10621.0, 7747.0, 8090.0, 6016.0, 9346.0, 9035.0, 10091.0, 8731.0, 7358.0, 7094.0, 5639.0, 5354.0, 4963.0, 4728.0, 5756.0, 5206.0, 4970.0, 7135.0, 10953.0, 10116.0, 5501.0, 4984.0, 4992.0, 4330.0, 4462.0, 3799.0, 3768.0, 3584.0, 4220.0, 4077.0, 4418.0, 3543.0, 3683.0, 5448.0, 5667.0, 4249.0, 3172.0, 3237.0, 4243.0, 4179.0, 3522.0, 3538.0, 3396.0, 4421.0, 6661.0, 4909.0, 2708.0, 3418.0, 4480.0, 4745.0, 3540.0, 2875.0, 2864.0, 3210.0, 2399.0, 2434.0, 2300.0, 2470.0, 2489.0, 2341.0, 2397.0, 2377.0, 2427.0, 2637.0, 2317.0, 1956.0, 2317.0, 2253.0]",52052800.807882145
1,0.8,14,"[{""x"": -0.9003281593322754, ""y"": 1.0950565338134766, ""z"": 0.0, ""velocity"": 0.0, ""snr"": 0.0}, {""x"": -0.8534789085388184, ""y"": 1.5047192573547363, ""z"": 0.0, ""velocity"": 0.0, ""snr"": 0.0}, {""x"": -0.0661611557006836, ""y"": 0.32275915145874023, ""z"": 0.0, ""velocity"": 0.0, ""snr"": 0.0}, {""x"": -0.15735626220703125, ""y"": 0.5908012390136719, ""z"": 0.0, ""velocity"": 0.0, ""snr"": 0.0}, {""x"": -0.05078315734863281, ""y"": 0.36835670471191406, ""z"": 0.0, ""velocity"": 0.0, ""snr"": 0.0}, {""x"": -0.07385015487670898, ""y"": 0.4311203956604004, ""z"": 0.0, ""velocity"": 0.0, ""snr"": 0.0}, {""x"": -0.07367134094238281, ""y"": 0.4590153694152832, ""z"": 0.0, ""velocity"": 0.0, ""snr"": 0.0}, {""x"": -0.016987323760986328, ""y"": 0.48726797103881836, ""z"": 0.0, ""velocity"": 0.0, ""snr"": 0.0}, {""x"": 0.08386373519897461, ""y"": 0.5167722702026367, ""z"": 0.0, ""velocity"": 0.0, ""snr"": 0.0}, {""x"": 0.1353621482849121, ""y"": 0.537872314453125, ""z"": 0.0, ""velocity"": 0.0, ""snr"": 0.0}, {""x"": 1.684427261352539, ""y"": 1.794755458831787, ""z"": 0.0, ""velocity"": 0.0, ""snr"": 0.0}, {""x"": 1.7116069793701172, ""y"": 1.799941062927246, ""z"": 0.0, ""velocity"": 0.0, ""snr"": 0.0}, {""x"": 1.764357089996338, ""y"": 1.7657876014709473, ""z"": 0.0, ""velocity"": 0.0, ""snr"": 0.0}, {""x"": 1.8222928047180176, ""y"": 1.741468906402588, ""z"": 0.0, ""velocity"": 0.0, ""snr"": 0.0}]","[151885.0, 219733.0, 152415.0, 47538.0, 17942.0, 27156.0, 32245.0, 61704.0, 50539.0, 73621.0, 131939.0, 102124.0, 68193.0, 34040.0, 16892.0, 8665.0, 4562.0, 3807.0, 2978.0, 2494.0, 2782.0, 3096.0, 2878.0, 4515.0, 5537.0, 4589.0, 4997.0, 7727.0, 10352.0, 5280.0, 12308.0, 14093.0, 11719.0, 7620.0, 9345.0, 7039.0, 9957.0, 26545.0, 38582.0, 16772.0, 8267.0, 15539.0, 18707.0, 13212.0, 8837.0, 7915.0, 7293.0, 6013.0, 5690.0, 5564.0, 6344.0, 7577.0, 14881.0, 38986.0, 69186.0, 64585.0, 26235.0, 10397.0, 14354.0, 12669.0, 9769.0, 7434.0, 8785.0, 7481.0, 8694.0, 9447.0, 11317.0, 10497.0, 7283.0, 5377.0, 5322.0, 4543.0, 3765.0, 5226.0, 5746.0, 5183.0, 5187.0, 8181.0, 11921.0, 10712.0, 5964.0, 5712.0, 5599.0, 3975.0, 4106.0, 3904.0, 3980.0, 3735.0, 3341.0, 4277.0, 4696.0, 4016.0, 3998.0, 5766.0, 5194.0, 3543.0, 3763.0, 3298.0, 3582.0, 2988.0, 4780.0, 5114.0, 3902.0, 3542.0, 6238.0, 5964.0, 3081.0, 3173.0, 4896.0, 5207.0, 4043.0, 3559.0, 3009.0, 2913.0, 2150.0, 2610.0, 2815.0, 2813.0, 2522.0, 2343.0, 2316.0, 2597.0, 2829.0, 3352.0, 2307.0, 1949.0, 1918.0, 2309.0]",51011185.73349236
2,0.8,18,"[{""x"": -0.9223222732543945, ""y"": 1.0834336280822754, ""z"": 0.0, ""velocity"": 0.0, ""snr"": 0.0}, {""x"": -0.995635986328125, ""y"": 1.0678768157958984, ""z"": 0.0, ""velocity"": 0.0, ""snr"": 0.0}, {""x"": -0.7456541061401367, ""y"": 1.1764168739318848, ""z"": 0.0, ""velocity"": 0.0, ""snr"": 0.0}, {""x"": -0.8683204650878906, ""y"": 1.4936327934265137, ""z"": 0.0, ""velocity"": 0.0, ""snr"": 0.0}, {""x"": -0.36084651947021484, ""y"": 1.489877700805664, ""z"": 0.0, ""velocity"": 0.0, ""snr"": 0.0}, {""x"": -0.03147125244140625, ""y"": 0.28824806213378906, ""z"": 0.0, ""velocity"": 0.0, ""snr"": 0.0}, {""x"": -0.06848573684692383, ""y"": 0.4393458366394043, ""z"": 0.0, ""velocity"": 0.0, ""snr"": 0.0}, {""x"": -0.03844499588012695, ""y"": 0.46902894973754883, ""z"": 0.0, ""velocity"": 0.0, ""snr"": 0.0}, {""x"": 0.011980533599853516, ""y"": 0.498354434967041, ""z"": 0.0, ""velocity"": 0.0, ""snr"": 0.0}, {""x"": 0.005543231964111328, ""y"": 0.5296468734741211, ""z"": 0.0, ""velocity"": 0.0, ""snr"": 0.0}, {""x"": -0.0032186508178710938, ""y"": 0.5582571029663086, ""z"": 0.0, ""velocity"": 0.0, ""snr"": 0.0}, {""x"": -0.005900859832763672, ""y"": 0.5895495414733887, ""z"": 0.0, ""velocity"": 0.0, ""snr"": 0.0}, {""x"": -0.08404254913330078, ""y"": 1.5631914138793945, ""z"": 0.0, ""velocity"": 0.0, ""snr"": 0.0}, {""x"": -0.06562471389770508, ""y"": 1.5808939933776855, ""z"": 0.0, ""velocity"": 0.0, ""snr"": 0.0}, {""x"": 1.7006993293762207, ""y"": 1.8110275268554688, ""z"": 0.0, ""velocity"": 0.0, ""snr"": 0.0}, {""x"": 1.6953349113464355, ""y"": 1.7847418785095215, ""z"": 0.0, ""velocity"": 0.0, ""snr"": 0.0}, {""x"": 1.7366409301757812, ""y"": 1.794576644897461, ""z"": 0.0, ""velocity"": 0.0, ""snr"": 0.0}, {""x"": 1.7761588096618652, ""y"": 1.7877817153930664, ""z"": 0.0, ""velocity"": 0.0, ""snr"": 0.0}]","[152115.0, 219899.0, 152694.0, 47108.0, 13411.0, 62228.0, 120700.0, 95007.0, 28059.0, 59697.0, 107548.0, 109699.0, 86952.0, 49358.0, 16601.0, 6450.0, 5643.0, 4764.0, 5509.0, 5266.0, 3466.0, 2843.0, 2472.0, 4006.0, 5093.0, 4078.0, 4489.0, 6007.0, 7022.0, 5988.0, 12982.0, 14617.0, 14677.0, 14558.0, 23348.0, 19188.0, 11610.0, 26810.0, 37006.0, 15169.0, 8637.0, 15768.0, 19880.0, 15914.0, 8963.0, 6589.0, 7086.0, 5657.0, 6328.0, 6711.0, 6888.0, 7496.0, 14491.0, 37005.0, 67097.0, 63535.0, 26758.0, 9569.0, 13898.0, 12307.0, 10943.0, 7336.0, 9156.0, 8032.0, 7721.0, 8279.0, 9596.0, 9456.0, 7923.0, 7415.0, 5856.0, 4358.0, 4151.0, 5073.0, 5776.0, 4945.0, 4753.0, 7709.0, 11757.0, 10576.0, 5867.0, 4597.0, 4508.0, 3403.0, 4374.0, 3799.0, 3981.0, 3611.0, 4344.0, 4444.0, 3916.0, 3862.0, 4056.0, 5297.0, 5251.0, 3999.0, 3822.0, 3756.0, 4209.0, 4367.0, 4119.0, 3622.0, 3216.0, 5473.0, 8244.0, 6595.0, 3832.0, 4384.0, 3997.0, 3833.0, 3645.0, 3513.0, 2883.0, 3180.0, 2542.0, 2098.0, 2391.0, 2608.0, 2727.0, 2435.0, 2472.0, 2477.0, 2649.0, 3210.0, 2471.0, 2211.0, 2329.0, 2474.0]",49989105.656564176
3,0.8,17,"[{""x"": -0.80108642578125, ""y"": 1.1719465255737305, ""z"": 0.0, ""velocity"": 0.0, ""snr"": 0.0}, {""x"": -0.9609460830688477, ""y"": 1.0886192321777344, ""z"": 0.0, ""velocity"": 0.0, ""snr"": 0.0}, {""x"": -0.6671547889709473, ""y"": 1.2289881706237793, ""z"": 0.0, ""velocity"": 0.0, ""snr"": 0.0}, {""x"": -0.8159279823303223, ""y"": 1.5202760696411133, ""z"": 0.0, ""velocity"": 0.0, ""snr"": 0.0}, {""x"": -0.8851289749145508, ""y"": 1.4848709106445312, ""z"": 0.0, ""velocity"": 0.0, ""snr"": 0.0}, {""x"": -0.08654594421386719, ""y"": 0.4423856735229492, ""z"": 0.0, ""velocity"": 0.0, ""snr"": 0.0}, {""x"": -0.07134675979614258, ""y"": 0.5924105644226074, ""z"": 0.0, ""velocity"": 0.0, ""snr"": 0.0}, {""x"": 0.008761882781982422, ""y"": 0.4736781120300293, ""z"": 0.0, ""velocity"": 0.0, ""snr"": 0.0}, {""x"": 0.0005364418029785156, ""y"": 0.5634427070617676, ""z"": 0.0, ""velocity"": 0.0, ""snr"": 0.0}, {""x"": 0.05525350570678711, ""y"": 1.5631914138793945, ""z"": 0.0, ""velocity"": 0.0, ""snr"": 0.0}, {""x"": 0.018775463104248047, ""y"": 1.5846490859985352, ""z"": 0.0, ""velocity"": 0.0, ""snr"": 0.0}, {""x"": 0.04988908767700195, ""y"": 0.49674510955810547, ""z"": 0.0, ""velocity"": 0.0, ""snr"": 0.0}, {""x"": 0.05257129669189453, ""y"": 0.527501106262207, ""z"": 0.0, ""velocity"": 0.0, ""snr"": 0.0}, {""x"": 1.7108917236328125, ""y"": 1.7700791358947754, ""z"": 0.0, ""velocity"": 0.0, ""snr"": 0.0}, {""x"": 1.7132163047790527, ""y"": 1.79976224899292, ""z"": 0.0, ""velocity"": 0.0, ""snr"": 0.0}, {""x"": 1.741647720336914, ""y"": 1.7890334129333496, ""z"": 0.0, ""velocity"": 0.0, ""snr"": 0.0}, {""x"": 1.76239013671875, ""y"": 1.8028020858764648, ""z"": 0.0, ""velocity"": 0.0, ""snr"": 0.0}]","[152220.0, 219984.0, 152919.0, 47352.0, 10062.0, 14070.0, 27608.0, 23101.0, 10480.0, 45572.0, 81289.0, 86990.0, 66616.0, 41504.0, 16851.0, 5637.0, 5522.0, 3791.0, 2754.0, 1919.0, 2111.0, 3265.0, 2973.0, 3791.0, 4049.0, 3259.0, 4402.0, 6658.0, 7603.0, 5950.0, 13739.0, 15610.0, 13054.0, 9685.0, 16817.0, 13559.0, 10368.0, 27070.0, 37443.0, 16109.0, 8088.0, 13972.0, 16321.0, 11295.0, 7039.0, 7048.0, 6335.0, 5592.0, 5979.0, 6106.0, 6936.0, 7785.0, 14329.0, 36290.0, 66253.0, 62735.0, 25854.0, 10437.0, 14324.0, 12660.0, 10784.0, 7539.0, 7615.0, 6886.0, 8444.0, 8647.0, 9967.0, 8816.0, 7611.0, 7540.0, 5848.0, 4637.0, 4518.0, 5124.0, 5436.0, 4084.0, 4341.0, 7783.0, 11913.0, 11025.0, 6242.0, 4798.0, 4499.0, 3699.0, 4439.0, 3462.0, 3868.0, 3174.0, 4223.0, 4713.0, 4288.0, 4393.0, 4743.0, 4825.0, 4867.0, 4293.0, 4238.0, 3398.0, 3614.0, 3750.0, 4242.0, 3597.0, 3451.0, 6039.0, 8415.0, 6469.0, 3783.0, 3375.0, 4001.0, 3946.0, 3635.0, 3011.0, 2772.0, 2836.0, 2432.0, 2231.0, 2237.0, 2362.0, 2554.0, 2240.0, 2115.0, 2604.0, 2794.0, 3141.0, 2587.0, 2068.0, 2398.0, 2435.0]",48992215.436586246
4,0.8,16,"[{""x"": -0.9410977363586426, ""y"": 1.101851463317871, ""z"": 0.0, ""velocity"": 0.0, ""snr"": 0.0}, {""x"": -0.667870044708252, ""y"": 1.2282729148864746, ""z"": 0.0, ""velocity"": 0.0, ""snr"": 0.0}, {""x"": -0.7828474044799805, ""y"": 1.1762380599975586, ""z"": 0.0, ""velocity"": 0.0, ""snr"": 0.0}, {""x"": -0.7864236831665039, ""y"": 1.5336871147155762, ""z"": 0.0, ""velocity"": 0.0, ""snr"": 0.0}, {""x"": -0.8620619773864746, ""y"": 1.4975666999816895, ""z"": 0.0, ""velocity"": 0.0, ""snr"": 0.0}, {""x"": -0.03451108932495117, ""y"": 0.45418739318847656, ""z"": 0.0, ""velocity"": 0.0, ""snr"": 0.0}, {""x"": 0.008225440979003906, ""y"": 0.4756450653076172, ""z"": 0.0, ""velocity"": 0.0, ""snr"": 0.0}, {""x"": 0.060617923736572266, ""y"": 1.560509204864502, ""z"": 0.0, ""velocity"": 0.0, ""snr"": 0.0}, {""x"": 0.03361701965332031, ""y"": 0.4960298538208008, ""z"": 0.0, ""velocity"": 0.0, ""snr"": 0.0}, {""x"": 0.050961971282958984, ""y"": 0.5228519439697266, ""z"": 0.0, ""velocity"": 0.0, ""snr"": 0.0}, {""x"": 0.042378902435302734, ""y"": 0.5553960800170898, ""z"": 0.0, ""velocity"": 0.0, ""snr"": 0.0}, {""x"": 0.05221366882324219, ""y"": 0.5920529365539551, ""z"": 0.0, ""velocity"": 0.0, ""snr"": 0.0}, {""x"": 1.7184019088745117, ""y"": 1.7618536949157715, ""z"": 0.0, ""velocity"": 0.0, ""snr"": 0.0}, {""x"": 1.7330646514892578, ""y"": 1.7793774604797363, ""z"": 0.0, ""velocity"": 0.0, ""snr"": 0.0}, {""x"": 1.7774105072021484, ""y"": 1.7525553703308105, ""z"": 0.0, ""velocity"": 0.0, ""snr"": 0.0}, {""x"": 1.8827319145202637, ""y"": 1.6753077507019043, ""z"": 0.0, ""velocity"": 0.0, ""snr"": 0.0}]","[151465.0, 219654.0, 152647.0, 47015.0, 9612.0, 6542.0, 13276.0, 13644.0, 10552.0, 46435.0, 95756.0, 100898.0, 71475.0, 37940.0, 13232.0, 5232.0, 3690.0, 3263.0, 2520.0, 2027.0, 2047.0, 2355.0, 2118.0, 3433.0, 3880.0, 3262.0, 4298.0, 6297.0, 7774.0, 6223.0, 15155.0, 16499.0, 13049.0, 8868.0, 13430.0, 11085.0, 11678.0, 26619.0, 36293.0, 15375.0, 8006.0, 13731.0, 16321.0, 11325.0, 7879.0, 7417.0, 6601.0, 5239.0, 5567.0, 5656.0, 6885.0, 7915.0, 14944.0, 37626.0, 67390.0, 62765.0, 25660.0, 9707.0, 14149.0, 13370.0, 11347.0, 7177.0, 7688.0, 6569.0, 7361.0, 7714.0, 10133.0, 8647.0, 7123.0, 5930.0, 5816.0, 4523.0, 3505.0, 4957.0, 5425.0, 4411.0, 4994.0, 7652.0, 12261.0, 11184.0, 6367.0, 4682.0, 4400.0, 3977.0, 4675.0, 3710.0, 4456.0, 3672.0, 4516.0, 4631.0, 3887.0, 4501.0, 3448.0, 4548.0, 4537.0, 3727.0, 3963.0, 3460.0, 3877.0, 4170.0, 4686.0, 4771.0, 3205.0, 5303.0, 7385.0, 5388.0, 3092.0, 3444.0, 4352.0, 4403.0, 3537.0, 3249.0, 2474.0, 2597.0, 2415.0, 2021.0, 2171.0, 2230.0, 2200.0, 2384.0, 2569.0, 2789.0, 3145.0, 3329.0, 2573.0, 1965.0, 2407.0, 2059.0]",48012525.98416595
5,0.8,17,"[{""x"": -0.8547306060791016, ""y"": 1.129746437072754, ""z"": 0.0, ""velocity"": 0.0, ""snr"": 0.0}, {""x"": -0.6884336471557617, ""y"": 1.2145042419433594, ""z"": 0.0, ""velocity"": 0.0, ""snr"": 0.0}, {""x"": -0.7751584053039551, ""y"": 1.5424489974975586, ""z"": 0.0, ""velocity"": 0.0, ""snr"": 0.0}, {""x"": -0.839531421661377, ""y"": 1.5120506286621094, ""z"": 0.0, ""velocity"": 0.0, ""snr"": 0.0}, {""x"": -0.04792213439941406, ""y"": 0.6017088890075684, ""z"": 0.0, ""velocity"": 0.0, ""snr"": 0.0}, {""x"": -0.07903575897216797, ""y"": 0.6351470947265625, ""z"": 0.0, ""velocity"": 0.0, ""snr"": 0.0}, {""x"": 0.0016093254089355469, ""y"": 0.5691647529602051, ""z"": 0.0, ""velocity"": 0.0, ""snr"": 0.0}, {""x"": 0.06920099258422852, ""y"": 1.5279650688171387, ""z"": 0.0, ""velocity"": 0.0, ""snr"": 0.0}, {""x"": 0.09244680404663086, ""y"": 1.5537142753601074, ""z"": 0.0, ""velocity"": 0.0, ""snr"": 0.0}, {""x"": 0.06204843521118164, ""y"": 0.4584789276123047, ""z"": 0.0, ""velocity"": 0.0, ""snr"": 0.0}, {""x"": 0.06204843521118164, ""y"": 0.4792213439941406, ""z"": 0.0, ""velocity"": 0.0, ""snr"": 0.0}, {""x"": 0.05632638931274414, ""y"": 0.498354434967041, ""z"": 0.0, ""velocity"": 0.0, ""snr"": 0.0}, {""x"": 0.04774332046508789, ""y"": 0.5285739898681641, ""z"": 0.0, ""velocity"": 0.0, ""snr"": 0.0}, {""x"": 1.7271637916564941, ""y"": 1.7538070678710938, ""z"": 0.0, ""velocity"": 0.0, ""snr"": 0.0}, {""x"": 1.7266273498535156, ""y"": 1.7856359481811523, ""z"": 0.0, ""velocity"": 0.0, ""snr"": 0.0}, {""x"": 1.7616748809814453, ""y"": 1.7684698104858398, ""z"": 0.0, ""velocity"": 0.0, ""snr"": 0.0}, {""x"": 1.7976164817810059, ""y"": 1.766502857208252, ""z"": 0.0, ""velocity"": 0.0, ""snr"": 0.0}]","[152227.0, 219937.0, 152678.0, 46998.0, 9611.0, 11408.0, 28962.0, 28014.0, 9026.0, 30882.0, 79999.0, 97017.0, 73508.0, 49373.0, 25051.0, 8964.0, 4631.0, 3266.0, 2505.0, 2237.0, 1975.0, 2304.0, 2428.0, 3736.0, 4205.0, 4133.0, 4596.0, 5804.0, 6703.0, 6052.0, 13914.0, 14921.0, 12250.0, 10486.0, 15976.0, 10627.0, 10206.0, 27985.0, 39554.0, 17374.0, 7615.0, 13702.0, 16346.0, 11950.0, 7846.0, 7911.0, 6019.0, 5045.0, 5674.0, 5700.0, 6600.0, 7547.0, 14464.0, 37326.0, 66820.0, 62387.0, 25293.0, 9922.0, 13729.0, 13134.0, 10866.0, 6906.0, 7802.0, 6603.0, 6543.0, 7379.0, 9923.0, 8755.0, 6701.0, 6178.0, 5980.0, 4516.0, 3318.0, 4601.0, 5487.0, 4819.0, 5080.0, 8516.0, 12560.0, 11924.0, 7122.0, 4834.0, 3796.0, 4148.0, 4397.0, 3553.0, 4238.0, 3971.0, 3945.0, 4201.0, 4146.0, 4677.0, 3165.0, 4700.0, 5005.0, 3854.0, 3877.0, 3143.0, 3986.0, 4455.0, 4361.0, 4088.0, 3204.0, 5492.0, 7266.0, 4950.0, 3259.0, 3039.0, 4423.0, 4746.0, 3738.0, 3122.0, 2553.0, 2555.0, 2295.0, 2054.0, 2430.0, 2339.0, 2335.0, 2423.0, 2489.0, 2692.0, 3090.0, 3343.0, 2410.0, 1940.0, 2378.0, 2198.0]",47052036.81842544
6,0.8,17,"[{""x"": -0.9266138076782227, ""y"": 1.0769963264465332, ""z"": 0.0, ""velocity"": 0.0, ""snr"": 0.0}, {""x"": -0.7912516593933105, ""y"": 1.5351176261901855, ""z"": 0.0, ""velocity"": 0.0, ""snr"": 0.0}, {""x"": -0.8400678634643555, ""y"": 1.5124082565307617, ""z"": 0.0, ""velocity"": 0.0, ""snr"": 0.0}, {""x"": -0.2009868621826172, ""y"": 0.5852580070495605, ""z"": 0.0, ""velocity"": 0.0, ""snr"": 0.0}, {""x"": -0.012516975402832031, ""y"": 0.5977749824523926, ""z"": 0.0, ""velocity"": 0.0, ""snr"": 0.0}, {""x"": 0.04291534423828125, ""y"": 0.45794248580932617, ""z"": 0.0, ""velocity"": 0.0, ""snr"": 0.0}, {""x"": 0.051856040954589844, ""y"": 0.4786849021911621, ""z"": 0.0, ""velocity"": 0.0, ""snr"": 0.0}, {""x"": 0.0629425048828125, ""y"": 0.49549341201782227, ""z"": 0.0, ""velocity"": 0.0, ""snr"": 0.0}, {""x"": 0.08368492126464844, ""y"": 0.5207061767578125, ""z"": 0.0, ""velocity"": 0.0, ""snr"": 0.0}, {""x"": 0.06276369094848633, ""y"": 0.5562901496887207, ""z"": 0.0, ""velocity"": 0.0, ""snr"": 0.0}, {""x"": 0.1557469367980957, ""y"": 1.5254616737365723, ""z"": 0.0, ""velocity"": 0.0, ""snr"": 0.0}, {""x"": 0.11068582534790039, ""y"": 1.554429531097412, ""z"": 0.0, ""velocity"": 0.0, ""snr"": 0.0}, {""x"": 0.16325712203979492, ""y"": 1.5712380409240723, ""z"": 0.0, ""velocity"": 0.0, ""snr"": 0.0}, {""x"": 1.7116069793701172, ""y"": 1.768648624420166, ""z"": 0.0, ""velocity"": 0.0, ""snr"": 0.0}, {""x"": 1.7214417457580566, ""y"": 1.7908215522766113, ""z"": 0.0, ""velocity"": 0.0, ""snr"": 0.0}, {""x"": 1.7575621604919434, ""y"": 1.7732977867126465, ""z"": 0.0, ""velocity"": 0.0, ""snr"": 0.0}, {""x"": 1.806199550628662, ""y"": 1.7577409744262695, ""z"": 0.0, ""velocity"": 0.0, ""snr"": 0.0}]","[151823.0, 219771.0, 33576161.0, 100860929.0, 460805.0, 3758425347.0, 838860802.0, 3758099044.0, 2.0, 234881024.0, 33554432.0, 4278190080.0, 771751935.0, 2684354561.0, 0.0, 758725504.0, 3784409.0, 4096000.0, 239042560.0, 234881024.0, 1754095.0, 822083584.0, 1693139016.0, 31.0, 3058382592.0, 630012.0, 1828716544.0, 4109622087.0, 27.0, 3578149888.0, 1832690.0, 1073741824.0, 2164115270.0, 9.0, 1967869184.0, 836097.0, 1342177280.0, 352528707.0, 11.0, 4014244608.0, 754178.0, 2399141888.0, 3892481859.0, 11.0, 289570816.0, 2607908.0, 973078528.0, 673475149.0, 40.0, 3377156864.0, 2635300.0, 1493172224.0, 4029013576.0, 39.0, 776550400.0, 1.0, 3556769794.0, 1627390546.0, 83886939.0, 2751464020.0, 738197689.0, 2046820397.0, 654311481.0, 167772200.0, 2600468508.0, 1996488772.0, 3590324421.0, 536871227.0, 3892314525.0, 369099274.0, 721420613.0, 3858759769.0, 1207959588.0, 2164260884.0, 2818572299.0, 1811939338.0, 3539992586.0, 4160749577.0, 1476395018.0, 234881036.0, 3858759697.0, 3825205268.0, 503316498.0, 1560281107.0, 1358954523.0, 2516582424.0, 1560281120.0, 4026531909.0, 4244635730.0, 2701131838.0, 1308622894.0, 872415284.0, 2952790077.0, 905969711.0, 1006633040.0, 721420399.0, 4227858468.0, 2634022951.0, 1409286198.0, 3825205314.0, 4278190130.0, 2449473565.0, 3909091356.0, 3271557144.0, 788529172.0, 16777236.0, 2449473555.0, 3137339413.0, 2348810263.0, 2936012860.0, 3808428172.0, 3506438377.0, 1426063569.0, 3070230611.0, 4043309086.0, 1375731769.0, 251658293.0, 671088680.0, 1728053280.0, 855638043.0, 889192474.0, 4009754642.0, 3489660953.0, 218103842.0, 285212702.0, 4143972369.0, 3976200209.0, 2583691284.0]",1680995768.8182726
7,0.8,14,"[{""x"": -0.6217360496520996, ""y"": 1.27333402633667, ""z"": 0.0, ""velocity"": 0.0, ""snr"": 0.0}, {""x"": -0.7925033569335938, ""y"": 1.2118220329284668, ""z"": 0.0, ""velocity"": 0.0, ""snr"": 0.0}, {""x"": -0.9239315986633301, ""y"": 1.4548301696777344, ""z"": 0.0, ""velocity"": 0.0, ""snr"": 0.0}, {""x"": -0.5403757095336914, ""y"": 1.2863874435424805, ""z"": 0.0, ""velocity"": 0.0, ""snr"": 0.0}, {""x"": -0.11390447616577148, ""y"": 0.44220685958862305, ""z"": 0.0, ""velocity"": 0.0, ""snr"": 0.0}, {""x"": -0.13554096221923828, ""y"": 0.44667720794677734, ""z"": 0.0, ""velocity"": 0.0, ""snr"": 0.0}, {""x"": -0.10818243026733398, ""y"": 0.47403573989868164, ""z"": 0.0, ""velocity"": 0.0, ""snr"": 0.0}, {""x"": 0.10102987289428711, ""y"": 0.5350112915039062, ""z"": 0.0, ""velocity"": 0.0, ""snr"": 0.0}, {""x"": 0.10335445404052734, ""y"": 0.550389289855957, ""z"": 0.0, ""velocity"": 0.0, ""snr"": 0.0}, {""x"": 0.06598234176635742, ""y"": 0.5788207054138184, ""z"": 0.0, ""velocity"": 0.0, ""snr"": 0.0}, {""x"": 1.6722679138183594, ""y"": 1.8031597137451172, ""z"": 0.0, ""velocity"": 0.0, ""snr"": 0.0}, {""x"": 1.6733407974243164, ""y"": 1.8337368965148926, ""z"": 0.0, ""velocity"": 0.0, ""snr"": 0.0}, {""x"": 1.68532133102417, ""y"": 1.8410682678222656, ""z"": 0.0, ""velocity"": 0.0, ""snr"": 0.0}, {""x"": 1.7035603523254395, ""y"": 1.8553733825683594, ""z"": 0.0, ""velocity"": 0.0, ""snr"": 0.0}]","[151852.0, 219862.0, 152731.0, 46993.0, 10954.0, 14383.0, 10389.0, 3473.0, 12382.0, 67627.0, 126160.0, 100882.0, 106582.0, 72388.0, 19715.0, 3319.0, 2996.0, 2731.0, 2604.0, 2615.0, 2417.0, 2507.0, 33557453.0, 100860929.0, 460805.0, 3758425347.0, 838860802.0, 3791653476.0, 2.0, 234881024.0, 33554432.0, 4278190080.0, 771751935.0, 2684354561.0, 0.0, 758725504.0, 3784409.0, 4096000.0, 239042560.0, 989855744.0, 1756655.0, 939524096.0, 1324117831.0, 32.0, 1481390592.0, 1843956.0, 1207959552.0, 3690111556.0, 27.0, 3057994752.0, 634877.0, 1677721600.0, 4294822473.0, 9.0, 457542144.0, 692222.0, 2315255808.0, 2013218628.0, 11.0, 558136064.0, 840448.0, 1090519040.0, 1090587461.0, 12.0, 876899072.0, 2599460.0, 1006632960.0, 1143229260.0, 40.0, 2706003200.0, 2645540.0, 1526726656.0, 824475720.0, 41.0, 776486144.0, 1.0, 2533359618.0, 620757586.0, 754975580.0, 2667577941.0, 2936012983.0, 1610612777.0, 1241514033.0, 2751463466.0, 905969689.0, 3439329339.0, 352321841.0, 469762613.0, 2852127217.0, 16777549.0, 1023410392.0, 822083653.0, 704643092.0, 536870924.0, 50331658.0, 419430410.0, 452984844.0, 2835349514.0, 3925868553.0, 4093640715.0, 3087007760.0, 3590324245.0, 1593835540.0, 1862270993.0, 3741319194.0, 268435482.0, 2617245735.0, 67108943.0, 1224736862.0, 2600468551.0, 3372220463.0, 2801795118.0, 2785017907.0, 838860844.0, 3288334426.0, 855638142.0, 3338666038.0, 973078558.0, 3724542005.0, 3388997692.0, 1107296315.0, 2231369763.0, 2986344475.0, 822083610.0, 2147483669.0, 1040187410.0, 67108881.0, 4026531861.0]",1134219458.3081288
8,0.8,14,"[{""x"": -0.6912946701049805, ""y"": 1.2363195419311523, ""z"": 0.0, ""velocity"": 0.0, ""snr"": 0.0}, {""x"": -0.8870959281921387, ""y"": 1.4850497245788574, ""z"": 0.0, ""velocity"": 0.0, ""snr"": 0.0}, {""x"": -0.6045699119567871, ""y"": 1.2520551681518555, ""z"": 0.0, ""velocity"": 0.0, ""snr"": 0.0}, {""x"": -0.11605024337768555, ""y"": 0.4432797431945801, ""z"": 0.0, ""velocity"": 0.0, ""snr"": 0.0}, {""x"": -0.10675191879272461, ""y"": 0.45758485794067383, ""z"": 0.0, ""velocity"": 0.0, ""snr"": 0.0}, {""x"": -0.10854005813598633, ""y"": 0.46759843826293945, ""z"": 0.0, ""velocity"": 0.0, ""snr"": 0.0}, {""x"": -0.12570619583129883, ""y"": 0.4906654357910156, ""z"": 0.0, ""velocity"": 0.0, ""snr"": 0.0}, {""x"": 0.30487775802612305, ""y"": 0.4595518112182617, ""z"": 0.0, ""velocity"": 0.0, ""snr"": 0.0}, {""x"": 0.2970099449157715, ""y"": 0.4799365997314453, ""z"": 0.0, ""velocity"": 0.0, ""snr"": 0.0}, {""x"": 0.39124488830566406, ""y"": 0.44667720794677734, ""z"": 0.0, ""velocity"": 0.0, ""snr"": 0.0}, {""x"": 1.6568899154663086, ""y"": 1.8147826194763184, ""z"": 0.0, ""velocity"": 0.0, ""snr"": 0.0}, {""x"": 1.663506031036377, ""y"": 1.8399953842163086, ""z"": 0.0, ""velocity"": 0.0, ""snr"": 0.0}, {""x"": 1.6795992851257324, ""y"": 1.8437504768371582, ""z"": 0.0, ""velocity"": 0.0, ""snr"": 0.0}, {""x"": 1.6919374465942383, ""y"": 1.8678903579711914, ""z"": 0.0, ""velocity"": 0.0, ""snr"": 0.0}]","[152120.0, 219786.0, 152816.0, 46899.0, 27435.0, 48777.0, 38280.0, 16664.0, 12913.0, 69479.0, 142116.0, 119153.0, 50526.0, 36019.0, 13198.0, 6747.0, 4382.0, 2793.0, 2549.0, 3027.0, 2741.0, 2689.0, 3561.0, 4781.0, 6018.0, 5568.0, 5050.0, 8663.0, 9732.0, 8767.0, 16526.0, 18836.0, 15086.0, 11976.0, 12343.0, 12957.0, 10261.0, 23774.0, 35023.0, 14899.0, 7382.0, 14265.0, 16993.0, 16699.0, 8028.0, 6700.0, 6599.0, 5354.0, 5210.0, 4993.0, 5370.0, 6728.0, 16310.0, 37352.0, 60587.0, 53493.0, 20893.0, 9515.0, 15708.0, 14101.0, 10180.0, 7427.0, 6768.0, 6777.0, 5605.0, 6568.0, 9582.0, 8611.0, 5405.0, 4013.0, 5393.0, 5492.0, 4981.0, 3841.0, 4648.0, 4368.0, 4039.0, 6851.0, 10865.0, 10838.0, 6770.0, 5219.0, 4736.0, 3379.0, 3951.0, 4260.0, 5034.0, 4339.0, 3837.0, 3962.0, 3995.0, 5024.0, 4121.0, 5260.0, 4789.0, 3970.0, 3658.0, 3620.0, 4892.0, 4161.0, 4322.0, 3647.0, 2867.0, 4517.0, 7212.0, 6359.0, 3301.0, 4234.0, 5739.0, 5373.0, 3707.0, 3526.0, 3642.0, 2933.0, 2779.0, 2494.0, 2303.0, 2446.0, 2522.0, 2759.0, 2740.0, 2809.0, 3079.0, 3554.0, 2672.0, 2194.0, 2257.0, 2311.0]",101604202.0861981
9,0.8,19,"[{""x"": -0.6440877914428711, ""y"": 1.2345314025878906, ""z"": 0.0, ""velocity"": 0.0, ""snr"": 0.0}, {""x"": -0.7306337356567383, ""y"": 1.2236237525939941, ""z"": 0.0, ""velocity"": 0.0, ""snr"": 0.0}, {""x"": -0.7764101028442383, ""y"": 1.243293285369873, ""z"": 0.0, ""velocity"": 0.0, ""snr"": 0.0}, {""x"": -0.8824467658996582, ""y"": 1.4870166778564453, ""z"": 0.0, ""velocity"": 0.0, ""snr"": 0.0}, {""x"": -0.09548664093017578, ""y"": 0.45490264892578125, ""z"": 0.0, ""velocity"": 0.0, ""snr"": 0.0}, {""x"": -0.09012222290039062, ""y"": 0.4665255546569824, ""z"": 0.0, ""velocity"": 0.0, ""snr"": 0.0}, {""x"": -0.4075169563293457, ""y"": 1.4718174934387207, ""z"": 0.0, ""velocity"": 0.0, ""snr"": 0.0}, {""x"": -0.06204843521118164, ""y"": 0.4164576530456543, ""z"": 0.0, ""velocity"": 0.0, ""snr"": 0.0}, {""x"": -0.22995471954345703, ""y"": 1.5413761138916016, ""z"": 0.0, ""velocity"": 0.0, ""snr"": 0.0}, {""x"": -0.2601742744445801, ""y"": 1.5503168106079102, ""z"": 0.0, ""velocity"": 0.0, ""snr"": 0.0}, {""x"": 0.013947486877441406, ""y"": 0.35637617111206055, ""z"": 0.0, ""velocity"": 0.0, ""snr"": 0.0}, {""x"": 0.03039836883544922, ""y"": 0.33277273178100586, ""z"": 0.0, ""velocity"": 0.0, ""snr"": 0.0}, {""x"": 0.2898573875427246, ""y"": 0.47135353088378906, ""z"": 0.0, ""velocity"": 0.0, ""snr"": 0.0}, {""x"": 0.27948617935180664, ""y"": 0.4951357841491699, ""z"": 0.0, ""velocity"": 0.0, ""snr"": 0.0}, {""x"": 0.33795833587646484, ""y"": 0.4906654357910156, ""z"": 0.0, ""velocity"": 0.0, ""snr"": 0.0}, {""x"": 1.6701221466064453, ""y"": 1.8024444580078125, ""z"": 0.0, ""velocity"": 0.0, ""snr"": 0.0}, {""x"": 1.6804933547973633, ""y"": 1.8242597579956055, ""z"": 0.0, ""velocity"": 0.0, ""snr"": 0.0}, {""x"": 1.6627907752990723, ""y"": 1.8587708473205566, ""z"": 0.0, ""velocity"": 0.0, ""snr"": 0.0}, {""x"": 1.7042756080627441, ""y"": 1.8555521965026855, ""z"": 0.0, ""velocity"": 0.0, ""snr"": 0.0}]","[151740.0, 219871.0, 152831.0, 47119.0, 9625.0, 17370.0, 65977.0, 117281.0, 110718.0, 83721.0, 137263.0, 109973.0, 49066.0, 39764.0, 14783.0, 5199.0, 4109.0, 5244.0, 4248.0, 5040.0, 5355.0, 5345.0, 4534.0, 4558.0, 4886.0, 4641.0, 4323.0, 6257.0, 8236.0, 9074.0, 15223.0, 18745.0, 19232.0, 22131.0, 30294.0, 23007.0, 10573.0, 26396.0, 37490.0, 16089.0, 8342.0, 14340.0, 15920.0, 13975.0, 9809.0, 8018.0, 6873.0, 5462.0, 5718.0, 5483.0, 6166.0, 7068.0, 16497.0, 37149.0, 59922.0, 52766.0, 20480.0, 9239.0, 14740.0, 13715.0, 10473.0, 7946.0, 7405.0, 6757.0, 5993.0, 6459.0, 9375.0, 8124.0, 5936.0, 5050.0, 5555.0, 5298.0, 4719.0, 4561.0, 5967.0, 4832.0, 5484.0, 7471.0, 11145.0, 11273.0, 7230.0, 5678.0, 5617.0, 4062.0, 4718.0, 3919.0, 5299.0, 4975.0, 4789.0, 4510.0, 4820.0, 5631.0, 3920.0, 5512.0, 5298.0, 4525.0, 3523.0, 3095.0, 3909.0, 3083.0, 3285.0, 3986.0, 3273.0, 3358.0, 3080.0, 2851.0, 3478.0, 3482.0, 2999.0, 2690.0, 3605.0, 3671.0, 2733.0, 3623.0, 2886.0, 2382.0, 2488.0, 2699.0, 2890.0, 2581.0, 2658.0, 2294.0, 2454.0, 2702.0, 1980.0, 1892.0, 2168.0, 2362.0]",99571593.8296178
10,0.8,19,"[{""x"": -0.6228089332580566, ""y"": 1.2440085411071777, ""z"": 0.0, ""velocity"": 0.0, ""snr"": 0.0}, {""x"": -0.7077455520629883, ""y"": 1.228630542755127, ""z"": 0.0, ""velocity"": 0.0, ""snr"": 0.0}, {""x"": -0.8103847503662109, ""y"": 1.2166500091552734, ""z"": 0.0, ""velocity"": 0.0, ""snr"": 0.0}, {""x"": -0.8951425552368164, ""y"": 1.4805793762207031, ""z"": 0.0, ""velocity"": 0.0, ""snr"": 0.0}, {""x"": -0.37229061126708984, ""y"": 1.4923810958862305, ""z"": 0.0, ""velocity"": 0.0, ""snr"": 0.0}, {""x"": -0.07778406143188477, ""y"": 0.44399499893188477, ""z"": 0.0, ""velocity"": 0.0, ""snr"": 0.0}, {""x"": -0.08994340896606445, ""y"": 0.4711747169494629, ""z"": 0.0, ""velocity"": 0.0, ""snr"": 0.0}, {""x"": -0.07402896881103516, ""y"": 0.5058646202087402, ""z"": 0.0, ""velocity"": 0.0, ""snr"": 0.0}, {""x"": -0.21564960479736328, ""y"": 1.5503168106079102, ""z"": 0.0, ""velocity"": 0.0, ""snr"": 0.0}, {""x"": -0.2567768096923828, ""y"": 1.5540719032287598, ""z"": 0.0, ""velocity"": 0.0, ""snr"": 0.0}, {""x"": 0.019669532775878906, ""y"": 0.3930330276489258, ""z"": 0.0, ""velocity"": 0.0, ""snr"": 0.0}, {""x"": -0.03629922866821289, ""y"": 0.622093677520752, ""z"": 0.0, ""velocity"": 0.0, ""snr"": 0.0}, {""x"": 0.029146671295166016, ""y"": 0.35440921783447266, ""z"": 0.0, ""velocity"": 0.0, ""snr"": 0.0}, {""x"": 0.03147125244140625, ""y"": 0.36263465881347656, ""z"": 0.0, ""velocity"": 0.0, ""snr"": 0.0}, {""x"": 0.35887956619262695, ""y"": 0.4305839538574219, ""z"": 0.0, ""velocity"": 0.0, ""snr"": 0.0}, {""x"": 1.6627907752990723, ""y"": 1.8085241317749023, ""z"": 0.0, ""velocity"": 0.0, ""snr"": 0.0}, {""x"": 1.682281494140625, ""y"": 1.8224716186523438, ""z"": 0.0, ""velocity"": 0.0, ""snr"": 0.0}, {""x"": 1.6774535179138184, ""y"": 1.84553861618042, ""z"": 0.0, ""velocity"": 0.0, ""snr"": 0.0}, {""x"": 1.6867518424987793, ""y"": 1.871645450592041, ""z"": 0.0, ""velocity"": 0.0, ""snr"": 0.0}]","[151754.0, 219796.0, 152746.0, 47220.0, 9495.0, 3214.0, 43653.0, 175561.0, 248152.0, 161925.0, 134439.0, 108870.0, 47679.0, 24742.0, 17429.0, 11428.0, 8360.0, 9249.0, 8512.0, 6280.0, 4604.0, 3127.0, 2914.0, 3947.0, 4553.0, 4312.0, 4794.0, 5471.0, 5470.0, 9949.0, 17898.0, 20466.0, 17051.0, 22329.0, 38712.0, 31709.0, 12111.0, 24661.0, 35932.0, 15691.0, 7103.0, 15177.0, 17254.0, 13044.0, 8102.0, 6196.0, 6328.0, 4843.0, 5382.0, 5056.0, 5478.0, 6814.0, 16450.0, 36365.0, 58243.0, 51429.0, 19967.0, 10333.0, 14422.0, 13751.0, 10655.0, 7693.0, 7538.0, 7049.0, 8547.0, 6963.0, 9397.0, 7632.0, 5791.0, 4857.0, 4950.0, 4607.0, 4182.0, 4567.0, 5419.0, 4402.0, 5070.0, 7483.0, 10914.0, 10243.0, 6117.0, 5091.0, 5519.0, 4150.0, 4504.0, 3779.0, 3938.0, 3996.0, 4331.0, 4071.0, 3951.0, 3615.0, 3818.0, 5135.0, 5366.0, 4747.0, 4270.0, 3452.0, 3334.0, 3420.0, 3589.0, 4260.0, 3674.0, 3378.0, 3616.0, 3216.0, 3274.0, 3032.0, 2580.0, 3773.0, 3960.0, 3377.0, 2868.0, 3053.0, 2676.0, 2435.0, 2115.0, 2491.0, 2446.0, 2501.0, 2382.0, 2308.0, 2546.0, 2599.0, 1912.0, 1971.0, 2034.0, 2319.0]",97580517.24208793
11,0.8,19,"[{""x"": -0.6966590881347656, ""y"": 1.2364983558654785, ""z"": 0.0, ""velocity"": 0.0, ""snr"": 0.0}, {""x"": -0.7742643356323242, ""y"": 1.2418627738952637, ""z"": 0.0, ""velocity"": 0.0, ""snr"": 0.0}, {""x"": -0.9312629699707031, ""y"": 1.4594793319702148, ""z"": 0.0, ""velocity"": 0.0, ""snr"": 0.0}, {""x"": -0.6027817726135254, ""y"": 1.2561678886413574, ""z"": 0.0, ""velocity"": 0.0, ""snr"": 0.0}, {""x"": -0.11533498764038086, ""y"": 0.43773651123046875, ""z"": 0.0, ""velocity"": 0.0, ""snr"": 0.0}, {""x"": -0.1246333122253418, ""y"": 0.45490264892578125, ""z"": 0.0, ""velocity"": 0.0, ""snr"": 0.0}, {""x"": -0.3075599670410156, ""y"": 1.5059709548950195, ""z"": 0.0, ""velocity"": 0.0, ""snr"": 0.0}, {""x"": -0.21511316299438477, ""y"": 1.5465617179870605, ""z"": 0.0, ""velocity"": 0.0, ""snr"": 0.0}, {""x"": -0.24622678756713867, ""y"": 1.5521049499511719, ""z"": 0.0, ""velocity"": 0.0, ""snr"": 0.0}, {""x"": 0.001430511474609375, ""y"": 0.3910660743713379, ""z"": 0.0, ""velocity"": 0.0, ""snr"": 0.0}, {""x"": 0.009834766387939453, ""y"": 0.5997419357299805, ""z"": 0.0, ""velocity"": 0.0, ""snr"": 0.0}, {""x"": 0.03272294998168945, ""y"": 0.3529787063598633, ""z"": 0.0, ""velocity"": 0.0, ""snr"": 0.0}, {""x"": 0.031828880310058594, ""y"": 0.3604888916015625, ""z"": 0.0, ""velocity"": 0.0, ""snr"": 0.0}, {""x"": 0.1417994499206543, ""y"": 0.5505681037902832, ""z"": 0.0, ""velocity"": 0.0, ""snr"": 0.0}, {""x"": 0.2592802047729492, ""y"": 0.4792213439941406, ""z"": 0.0, ""velocity"": 0.0, ""snr"": 0.0}, {""x"": 1.687467098236084, ""y"": 1.7876029014587402, ""z"": 0.0, ""velocity"": 0.0, ""snr"": 0.0}, {""x"": 1.687467098236084, ""y"": 1.8357038497924805, ""z"": 0.0, ""velocity"": 0.0, ""snr"": 0.0}, {""x"": 1.7226934432983398, ""y"": 1.837313175201416, ""z"": 0.0, ""velocity"": 0.0, ""snr"": 0.0}, {""x"": 1.706242561340332, ""y"": 1.799941062927246, ""z"": 0.0, ""velocity"": 0.0, ""snr"": 0.0}]","[151633.0, 219974.0, 152570.0, 47207.0, 9779.0, 3877.0, 58124.0, 230141.0, 314936.0, 200112.0, 185586.0, 133237.0, 53309.0, 35759.0, 14507.0, 5099.0, 6482.0, 7671.0, 5316.0, 3417.0, 3478.0, 2927.0, 3017.0, 4562.0, 5369.0, 5164.0, 4474.0, 4862.0, 3921.0, 7988.0, 16888.0, 19635.0, 16949.0, 24495.0, 40215.0, 30182.0, 10183.0, 22662.0, 34299.0, 15202.0, 5753.0, 15367.0, 18082.0, 12672.0, 8825.0, 7867.0, 7001.0, 4937.0, 5366.0, 5426.0, 5609.0, 6702.0, 15665.0, 36582.0, 59746.0, 52325.0, 19924.0, 11445.0, 14542.0, 13707.0, 11126.0, 7573.0, 7353.0, 7071.0, 8488.0, 8114.0, 9610.0, 7510.0, 5244.0, 5442.0, 5807.0, 5132.0, 4775.0, 4498.0, 5336.0, 5381.0, 5630.0, 8884.0, 12342.0, 10894.0, 7187.0, 5527.0, 4692.0, 3568.0, 4059.0, 4341.0, 4141.0, 3516.0, 3740.0, 4902.0, 5336.0, 4732.0, 4700.0, 4827.0, 5095.0, 4077.0, 3506.0, 3436.0, 3430.0, 2949.0, 3055.0, 3795.0, 3179.0, 4099.0, 3951.0, 3508.0, 3827.0, 3296.0, 2558.0, 2976.0, 3544.0, 3345.0, 2647.0, 2676.0, 2870.0, 2339.0, 2394.0, 2447.0, 2204.0, 2136.0, 2455.0, 2380.0, 2266.0, 2497.0, 2202.0, 1981.0, 2345.0, 2477.0]",95627971.99154244
12,0.8,19,"[{""x"": -0.7088184356689453, ""y"": 1.2334585189819336, ""z"": 0.0, ""velocity"": 0.0, ""snr"": 0.0}, {""x"": -0.7417201995849609, ""y"": 1.268148422241211, ""z"": 0.0, ""velocity"": 0.0, ""snr"": 0.0}, {""x"": -0.8856654167175293, ""y"": 1.4864802360534668, ""z"": 0.0, ""velocity"": 0.0, ""snr"": 0.0}, {""x"": -0.587761402130127, ""y"": 1.2575984001159668, ""z"": 0.0, ""velocity"": 0.0, ""snr"": 0.0}, {""x"": -0.11962652206420898, ""y"": 0.43720006942749023, ""z"": 0.0, ""velocity"": 0.0, ""snr"": 0.0}, {""x"": -0.12373924255371094, ""y"": 0.45096874237060547, ""z"": 0.0, ""velocity"": 0.0, ""snr"": 0.0}, {""x"": -0.06097555160522461, ""y"": 0.4076957702636719, ""z"": 0.0, ""velocity"": 0.0, ""snr"": 0.0}, {""x"": -0.27304887771606445, ""y"": 1.5222430229187012, ""z"": 0.0, ""velocity"": 0.0, ""snr"": 0.0}, {""x"": -0.18364191055297852, ""y"": 1.5521049499511719, ""z"": 0.0, ""velocity"": 0.0, ""snr"": 0.0}, {""x"": -0.21350383758544922, ""y"": 1.5580058097839355, ""z"": 0.0, ""velocity"": 0.0, ""snr"": 0.0}, {""x"": 0.012874603271484375, ""y"": 0.35315752029418945, ""z"": 0.0, ""velocity"": 0.0, ""snr"": 0.0}, {""x"": 0.010192394256591797, ""y"": 0.36656856536865234, ""z"": 0.0, ""velocity"": 0.0, ""snr"": 0.0}, {""x"": 0.3325939178466797, ""y"": 0.44345855712890625, ""z"": 0.0, ""velocity"": 0.0, ""snr"": 0.0}, {""x"": 0.38355588912963867, ""y"": 0.42003393173217773, ""z"": 0.0, ""velocity"": 0.0, ""snr"": 0.0}, {""x"": 0.40072202682495117, ""y"": 0.44345855712890625, ""z"": 0.0, ""velocity"": 0.0, ""snr"": 0.0}, {""x"": 1.6835331916809082, ""y"": 1.7927885055541992, ""z"": 0.0, ""velocity"": 0.0, ""snr"": 0.0}, {""x"": 1.6933679580688477, ""y"": 1.8124580383300781, ""z"": 0.0, ""velocity"": 0.0, ""snr"": 0.0}, {""x"": 1.68532133102417, ""y"": 1.8371343612670898, ""z"": 0.0, ""velocity"": 0.0, ""snr"": 0.0}, {""x"": 1.7107129096984863, ""y"": 1.847684383392334, ""z"": 0.0, ""velocity"": 0.0, ""snr"": 0.0}]","[151947.0, 219838.0, 152723.0, 47013.0, 9491.0, 2952.0, 28995.0, 107033.0, 144435.0, 118186.0, 143709.0, 94021.0, 40665.0, 31180.0, 13243.0, 10534.0, 10677.0, 12175.0, 8545.0, 3115.0, 2629.0, 2734.0, 2599.0, 4155.0, 5053.0, 4351.0, 4783.0, 7687.0, 8579.0, 9518.0, 15326.0, 18276.0, 17322.0, 29586.0, 51717.0, 39290.0, 14063.0, 25468.0, 37260.0, 16371.0, 6404.0, 14881.0, 17348.0, 12605.0, 6236.0, 5941.0, 7044.0, 6040.0, 5896.0, 5125.0, 5194.0, 6396.0, 15125.0, 37143.0, 61524.0, 53372.0, 20129.0, 12823.0, 13662.0, 13149.0, 10931.0, 7302.0, 7006.0, 7310.0, 8331.0, 8253.0, 9036.0, 7379.0, 5817.0, 5919.0, 5643.0, 4956.0, 4627.0, 4222.0, 5062.0, 5292.0, 5051.0, 8134.0, 12261.0, 11613.0, 7056.0, 4255.0, 3934.0, 3217.0, 4377.0, 4612.0, 4894.0, 4196.0, 3067.0, 3771.0, 4047.0, 4617.0, 4523.0, 4752.0, 4805.0, 3890.0, 3978.0, 3202.0, 3400.0, 3167.0, 2968.0, 3502.0, 2646.0, 3429.0, 3479.0, 3344.0, 4032.0, 3003.0, 2596.0, 3070.0, 2735.0, 3032.0, 2336.0, 2867.0, 2748.0, 2057.0, 2283.0, 2690.0, 2952.0, 2777.0, 2400.0, 2050.0, 2329.0, 2686.0, 2176.0, 1990.0, 2014.0, 2168.0]",93716331.144145
13,0.8,19,"[{""x"": -0.6812810897827148, ""y"": 1.2497305870056152, ""z"": 0.0, ""velocity"": 0.0, ""snr"": 0.0}, {""x"": -0.733494758605957, ""y"": 1.274406909942627, ""z"": 0.0, ""velocity"": 0.0, ""snr"": 0.0}, {""x"": -0.8833408355712891, ""y"": 1.4879107475280762, ""z"": 0.0, ""velocity"": 0.0, ""snr"": 0.0}, {""x"": -0.15467405319213867, ""y"": 0.4431009292602539, ""z"": 0.0, ""velocity"": 0.0, ""snr"": 0.0}, {""x"": -0.5663037300109863, ""y"": 1.2690424919128418, ""z"": 0.0, ""velocity"": 0.0, ""snr"": 0.0}, {""x"": -0.10889768600463867, ""y"": 0.40841102600097656, ""z"": 0.0, ""velocity"": 0.0, ""snr"": 0.0}, {""x"": -0.14251470565795898, ""y"": 0.43380260467529297, ""z"": 0.0, ""velocity"": 0.0, ""snr"": 0.0}, {""x"": -0.2784132957458496, ""y"": 1.5217065811157227, ""z"": 0.0, ""velocity"": 0.0, ""snr"": 0.0}, {""x"": -0.18328428268432617, ""y"": 1.5521049499511719, ""z"": 0.0, ""velocity"": 0.0, ""snr"": 0.0}, {""x"": -0.21439790725708008, ""y"": 1.5571117401123047, ""z"": 0.0, ""velocity"": 0.0, ""snr"": 0.0}, {""x"": 0.026464462280273438, ""y"": 0.35440921783447266, ""z"": 0.0, ""velocity"": 0.0, ""snr"": 0.0}, {""x"": 0.028252601623535156, ""y"": 0.3587007522583008, ""z"": 0.0, ""velocity"": 0.0, ""snr"": 0.0}, {""x"": 0.27823448181152344, ""y"": 0.4634857177734375, ""z"": 0.0, ""velocity"": 0.0, ""snr"": 0.0}, {""x"": 0.35816431045532227, ""y"": 0.4368424415588379, ""z"": 0.0, ""velocity"": 0.0, ""snr"": 0.0}, {""x"": 0.40036439895629883, ""y"": 0.43720006942749023, ""z"": 0.0, ""velocity"": 0.0, ""snr"": 0.0}, {""x"": 1.6797780990600586, ""y"": 1.7951130867004395, ""z"": 0.0, ""velocity"": 0.0, ""snr"": 0.0}, {""x"": 1.695871353149414, ""y"": 1.809239387512207, ""z"": 0.0, ""velocity"": 0.0, ""snr"": 0.0}, {""x"": 1.7055273056030273, ""y"": 1.817643642425537, ""z"": 0.0, ""velocity"": 0.0, ""snr"": 0.0}, {""x"": 1.7344951629638672, ""y"": 1.8251538276672363, ""z"": 0.0, ""velocity"": 0.0, ""snr"": 0.0}]","[152121.0, 219796.0, 152653.0, 46989.0, 9512.0, 2530.0, 21055.0, 84845.0, 118953.0, 87512.0, 122376.0, 85130.0, 44904.0, 29314.0, 11076.0, 7683.0, 6887.0, 6799.0, 5094.0, 3347.0, 2745.0, 2301.0, 2841.0, 4506.0, 5446.0, 4582.0, 4575.0, 7166.0, 8350.0, 9047.0, 15507.0, 18349.0, 17792.0, 31740.0, 56389.0, 42277.0, 14627.0, 25011.0, 36652.0, 16121.0, 6365.0, 14518.0, 16797.0, 11495.0, 5761.0, 6462.0, 7460.0, 6161.0, 5512.0, 4622.0, 5100.0, 6220.0, 15147.0, 36835.0, 60007.0, 51301.0, 19004.0, 12104.0, 13708.0, 12896.0, 10601.0, 7137.0, 6382.0, 6400.0, 7471.0, 8422.0, 9918.0, 7259.0, 5857.0, 5464.0, 5559.0, 5814.0, 5257.0, 4685.0, 5029.0, 5416.0, 5558.0, 7873.0, 11818.0, 11243.0, 6110.0, 5070.0, 4666.0, 3581.0, 4757.0, 4296.0, 4436.0, 3458.0, 4264.0, 3879.0, 3713.0, 4261.0, 4205.0, 5172.0, 5459.0, 3811.0, 3828.0, 3327.0, 3715.0, 2921.0, 3332.0, 4107.0, 3172.0, 3239.0, 2999.0, 3074.0, 3669.0, 3524.0, 3293.0, 3296.0, 3713.0, 3518.0, 2391.0, 3099.0, 2642.0, 2265.0, 2264.0, 2574.0, 2992.0, 2344.0, 2264.0, 2007.0, 2323.0, 2423.0, 2107.0, 2009.0, 2435.0, 2607.0]",91842605.51848179
14,0.8,19,"[{""x"": -0.6769895553588867, ""y"": 1.2486577033996582, ""z"": 0.0, ""velocity"": 0.0, ""snr"": 0.0}, {""x"": -0.7177591323852539, ""y"": 1.2820959091186523, ""z"": 0.0, ""velocity"": 0.0, ""snr"": 0.0}, {""x"": -0.9545087814331055, ""y"": 1.4390945434570312, ""z"": 0.0, ""velocity"": 0.0, ""snr"": 0.0}, {""x"": -0.5893707275390625, ""y"": 1.2633204460144043, ""z"": 0.0, ""velocity"": 0.0, ""snr"": 0.0}, {""x"": -0.1291036605834961, ""y"": 0.44614076614379883, ""z"": 0.0, ""velocity"": 0.0, ""snr"": 0.0}, {""x"": -0.1417994499206543, ""y"": 0.45883655548095703, ""z"": 0.0, ""velocity"": 0.0, ""snr"": 0.0}, {""x"": -0.21779537200927734, ""y"": 1.5318989753723145, ""z"": 0.0, ""velocity"": 0.0, ""snr"": 0.0}, {""x"": -0.16862154006958008, ""y"": 1.5537142753601074, ""z"": 0.0, ""velocity"": 0.0, ""snr"": 0.0}, {""x"": -0.21117925643920898, ""y"": 1.5581846237182617, ""z"": 0.0, ""velocity"": 0.0, ""snr"": 0.0}, {""x"": -0.01055002212524414, ""y"": 0.4010796546936035, ""z"": 0.0, ""velocity"": 0.0, ""snr"": 0.0}, {""x"": 0.09262561798095703, ""y"": 0.31507015228271484, ""z"": 0.0, ""velocity"": 0.0, ""snr"": 0.0}, {""x"": 0.09799003601074219, ""y"": 0.3261566162109375, ""z"": 0.0, ""velocity"": 0.0, ""snr"": 0.0}, {""x"": 0.09673833847045898, ""y"": 0.331878662109375, ""z"": 0.0, ""velocity"": 0.0, ""snr"": 0.0}, {""x"": 0.25588274002075195, ""y"": 0.474393367767334, ""z"": 0.0, ""velocity"": 0.0, ""snr"": 0.0}, {""x"": 0.30559301376342773, ""y"": 0.4672408103942871, ""z"": 0.0, ""velocity"": 0.0, ""snr"": 0.0}, {""x"": 1.6745924949645996, ""y"": 1.7990469932556152, ""z"": 0.0, ""velocity"": 0.0, ""snr"": 0.0}, {""x"": 1.7039179801940918, ""y"": 1.800835132598877, ""z"": 0.0, ""velocity"": 0.0, ""snr"": 0.0}, {""x"": 1.7284154891967773, ""y"": 1.7954707145690918, ""z"": 0.0, ""velocity"": 0.0, ""snr"": 0.0}, {""x"": 1.8501877784729004, ""y"": 1.7110705375671387, ""z"": 0.0, ""velocity"": 0.0, ""snr"": 0.0}]","[151664.0, 219769.0, 152702.0, 47226.0, 9798.0, 6564.0, 58252.0, 152021.0, 148481.0, 72431.0, 108229.0, 84505.0, 49681.0, 28503.0, 15470.0, 8652.0, 5301.0, 4897.0, 3002.0, 2587.0, 3038.0, 5583.0, 8016.0, 4719.0, 5702.0, 5483.0, 4114.0, 4435.0, 4072.0, 7316.0, 15575.0, 18442.0, 16175.0, 33022.0, 57701.0, 43694.0, 15281.0, 21034.0, 29395.0, 11446.0, 8644.0, 15527.0, 17393.0, 11279.0, 9538.0, 8622.0, 7626.0, 5952.0, 5419.0, 5226.0, 4925.0, 6315.0, 15853.0, 38089.0, 60812.0, 52060.0, 19038.0, 11299.0, 16162.0, 15208.0, 10185.0, 7829.0, 6293.0, 6028.0, 6505.0, 8175.0, 8863.0, 7606.0, 6474.0, 7390.0, 6367.0, 6207.0, 4638.0, 4482.0, 4844.0, 5344.0, 4558.0, 6870.0, 11347.0, 11285.0, 7325.0, 5310.0, 4585.0, 3522.0, 5375.0, 5143.0, 4660.0, 4492.0, 5650.0, 5311.0, 5025.0, 5047.0, 4706.0, 5697.0, 5648.0, 4479.0, 4150.0, 4096.0, 3866.0, 3275.0, 3811.0, 4403.0, 3428.0, 2804.0, 2871.0, 3218.0, 3564.0, 3189.0, 2657.0, 3636.0, 3670.0, 3543.0, 2665.0, 2927.0, 2798.0, 2453.0, 2330.0, 2618.0, 2763.0, 2428.0, 2516.0, 2419.0, 2086.0, 2245.0, 1942.0, 2027.0, 2553.0, 2581.0]",90005213.96489935
0,0.8,16,"[{""x"": -0.6262063980102539, ""y"": 1.2407898902893066, ""z"": 0.0, ""velocity"": 0.0, ""snr"": 0.0}, {""x"": -0.7279515266418457, ""y"": 1.2261271476745605, ""z"": 0.0, ""velocity"": 0.0, ""snr"": 0.0}, {""x"": -0.7773041725158691, ""y"": 1.251518726348877, ""z"": 0.0, ""velocity"": 0.0, ""snr"": 0.0}, {""x"": -0.8586645126342773, ""y"": 1.49613618850708, ""z"": 0.0, ""velocity"": 0.0, ""snr"": 0.0}, {""x"": -0.37086009979248047, ""y"": 1.495063304901123, ""z"": 0.0, ""velocity"": 0.0, ""snr"": 0.0}, {""x"": -0.3190040588378906, ""y"": 1.5453100204467773, ""z"": 0.0, ""velocity"": 0.0, ""snr"": 0.0}, {""x"": -0.08118152618408203, ""y"": 0.46312808990478516, ""z"": 0.0, ""velocity"": 0.0, ""snr"": 0.0}, {""x"": -0.04738569259643555, ""y"": 0.47385692596435547, ""z"": 0.0, ""velocity"": 0.0, ""snr"": 0.0}, {""x"": -0.26804208755493164, ""y"": 1.5403032302856445, ""z"": 0.0, ""velocity"": 0.0, ""snr"": 0.0}, {""x"": -0.015914440155029297, ""y"": 0.6186962127685547, ""z"": 0.0, ""velocity"": 0.0, ""snr"": 0.0}, {""x"": 0.20331144332885742, ""y"": 0.4992485046386719, ""z"": 0.0, ""velocity"": 0.0, ""snr"": 0.0}, {""x"": 0.3383159637451172, ""y"": 0.4608035087585449, ""z"": 0.0, ""velocity"": 0.0, ""snr"": 0.0}, {""x"": 1.6717314720153809, ""y"": 1.804053783416748, ""z"": 0.0, ""velocity"": 0.0, ""snr"": 0.0}, {""x"": 1.6674399375915527, ""y"": 1.8417835235595703, ""z"": 0.0, ""velocity"": 0.0, ""snr"": 0.0}, {""x"": 1.6570687294006348, ""y"": 1.871645450592041, ""z"": 0.0, ""velocity"": 0.0, ""snr"": 0.0}, {""x"": 1.6914010047912598, ""y"": 1.8741488456726074, ""z"": 0.0, ""velocity"": 0.0, ""snr"": 0.0}]","[151940.0, 220088.0, 152999.0, 47570.0, 28141.0, 48163.0, 28978.0, 7931.0, 10530.0, 37466.0, 77788.0, 65736.0, 33486.0, 24307.0, 16388.0, 8346.0, 3835.0, 2974.0, 2435.0, 2315.0, 2315.0, 2274.0, 2906.0, 3650.0, 4930.0, 4596.0, 3855.0, 5868.0, 7261.0, 8496.0, 12748.0, 15586.0, 16619.0, 26609.0, 44123.0, 35307.0, 14953.0, 26539.0, 36227.0, 12923.0, 10750.0, 14083.0, 16849.0, 14427.0, 7333.0, 7850.0, 7931.0, 5887.0, 6356.0, 5301.0, 5925.0, 6639.0, 15822.0, 38520.0, 65780.0, 64788.0, 29874.0, 13144.0, 16566.0, 15147.0, 12006.0, 7457.0, 6877.0, 7268.0, 6760.0, 6113.0, 8672.0, 8261.0, 7516.0, 6391.0, 5583.0, 4741.0, 4359.0, 5747.0, 6492.0, 5953.0, 4835.0, 7078.0, 12143.0, 11596.0, 7762.0, 5780.0, 5614.0, 4443.0, 3981.0, 3820.0, 4266.0, 4250.0, 3594.0, 4426.0, 4559.0, 4876.0, 4802.0, 6278.0, 6158.0, 4790.0, 3864.0, 4215.0, 4393.0, 4365.0, 4594.0, 4430.0, 3244.0, 4718.0, 7359.0, 5122.0, 3582.0, 3624.0, 4082.0, 4086.0, 3274.0, 3047.0, 2440.0, 2709.0, 2438.0, 2506.0, 2289.0, 2645.0, 2486.0, 2376.0, 2566.0, 2498.0, 3066.0, 3594.0, 2746.0, 2236.0, 2313.0, 2421.0]",88206186.71038634
1,0.8,16,"[{""x"": -0.8184313774108887, ""y"": 1.1762380599975586, ""z"": 0.0, ""velocity"": 0.0, ""snr"": 0.0}, {""x"": -0.8910298347473145, ""y"": 1.1571049690246582, ""z"": 0.0, ""velocity"": 0.0, ""snr"": 0.0}, {""x"": -0.7848143577575684, ""y"": 1.5274286270141602, ""z"": 0.0, ""velocity"": 0.0, ""snr"": 0.0}, {""x"": -0.8751153945922852, ""y"": 1.481473445892334, ""z"": 0.0, ""velocity"": 0.0, ""snr"": 0.0}, {""x"": -0.06866455078125, ""y"": 0.3059506416320801, ""z"": 0.0, ""velocity"": 0.0, ""snr"": 0.0}, {""x"": -0.07063150405883789, ""y"": 0.34493207931518555, ""z"": 0.0, ""velocity"": 0.0, ""snr"": 0.0}, {""x"": -0.19419193267822266, ""y"": 0.6195902824401855, ""z"": 0.0, ""velocity"": 0.0, ""snr"": 0.0}, {""x"": -0.07456541061401367, ""y"": 0.4202127456665039, ""z"": 0.0, ""velocity"": 0.0, ""snr"": 0.0}, {""x"": -0.0845789909362793, ""y"": 0.4570484161376953, ""z"": 0.0, ""velocity"": 0.0, ""snr"": 0.0}, {""x"": -0.054001808166503906, ""y"": 0.48655271530151367, ""z"": 0.0, ""velocity"": 0.0, ""snr"": 0.0}, {""x"": -0.09834766387939453, ""y"": 0.5984902381896973, ""z"": 0.0, ""velocity"": 0.0, ""snr"": 0.0}, {""x"": 0.04774332046508789, ""y"": 0.5364418029785156, ""z"": 0.0, ""velocity"": 0.0, ""snr"": 0.0}, {""x"": 0.03540515899658203, ""y"": 0.559687614440918, ""z"": 0.0, ""velocity"": 0.0, ""snr"": 0.0}, {""x"": 1.6502737998962402, ""y"": 1.8219351768493652, ""z"": 0.0, ""velocity"": 0.0, ""snr"": 0.0}, {""x"": 1.6517043113708496, ""y"": 1.8489360809326172, ""z"": 0.0, ""velocity"": 0.0, ""snr"": 0.0}, {""x"": 1.6724467277526855, ""y"": 1.8441081047058105, ""z"": 0.0, ""velocity"": 0.0, ""snr"": 0.0}]","[151845.0, 219878.0, 152763.0, 47223.0, 9941.0, 26829.0, 87497.0, 111842.0, 64880.0, 69852.0, 108563.0, 93582.0, 73481.0, 47930.0, 21294.0, 11562.0, 3904.0, 2860.0, 2802.0, 3098.0, 2990.0, 2486.0, 2231.0, 3607.0, 4532.0, 4747.0, 3644.0, 4502.0, 4309.0, 4856.0, 9360.0, 13857.0, 15582.0, 11940.0, 11321.0, 8714.0, 14513.0, 32637.0, 37535.0, 13163.0, 8667.0, 14027.0, 16404.0, 11106.0, 6485.0, 6350.0, 6895.0, 5914.0, 5372.0, 5165.0, 5488.0, 6544.0, 15376.0, 37321.0, 61054.0, 51038.0, 16077.0, 10686.0, 16291.0, 13253.0, 9830.0, 8075.0, 8033.0, 6359.0, 5920.0, 6588.0, 9595.0, 8626.0, 5537.0, 6094.0, 7211.0, 5735.0, 5330.0, 6004.0, 6525.0, 5552.0, 4965.0, 6927.0, 11884.0, 11476.0, 7081.0, 5326.0, 5280.0, 4233.0, 3848.0, 3651.0, 4626.0, 4513.0, 3563.0, 4291.0, 4283.0, 4509.0, 4953.0, 5737.0, 5440.0, 4336.0, 3506.0, 3381.0, 4118.0, 4148.0, 4484.0, 4334.0, 3093.0, 4474.0, 7232.0, 5219.0, 3061.0, 3111.0, 4893.0, 5561.0, 4081.0, 3381.0, 2939.0, 2788.0, 2515.0, 2328.0, 2303.0, 2879.0, 3003.0, 2455.0, 2296.0, 2598.0, 3183.0, 3485.0, 2842.0, 2140.0, 2582.0, 2611.0]",86440685.24782684
2,0.8,20,"[{""x"": -0.8423924446105957, ""y"": 1.192152500152588, ""z"": 0.0, ""velocity"": 0.0, ""snr"": 0.0}, {""x"": -0.6204843521118164, ""y"": 1.2615323066711426, ""z"": 0.0, ""velocity"": 0.0, ""snr"": 0.0}, {""x"": -0.7102489471435547, ""y"": 1.2384653091430664, ""z"": 0.0, ""velocity"": 0.0, ""snr"": 0.0}, {""x"": -0.779271125793457, ""y"": 1.528322696685791, ""z"": 0.0, ""velocity"": 0.0, ""snr"": 0.0}, {""x"": -0.8840560913085938, ""y"": 1.4757513999938965, ""z"": 0.0, ""velocity"": 0.0, ""snr"": 0.0}, {""x"": -0.11408329010009766, ""y"": 0.29754638671875, ""z"": 0.0, ""velocity"": 0.0, ""snr"": 0.0}, {""x"": -0.11211633682250977, ""y"": 0.3104209899902344, ""z"": 0.0, ""velocity"": 0.0, ""snr"": 0.0}, {""x"": -0.6490945816040039, ""y"": 1.360774040222168, ""z"": 0.0, ""velocity"": 0.0, ""snr"": 0.0}, {""x"": -0.10854005813598633, ""y"": 0.3415346145629883, ""z"": 0.0, ""velocity"": 0.0, ""snr"": 0.0}, {""x"": -0.10353326797485352, ""y"": 0.39643049240112305, ""z"": 0.0, ""velocity"": 0.0, ""snr"": 0.0}, {""x"": -0.12034177780151367, ""y"": 0.42825937271118164, ""z"": 0.0, ""velocity"": 0.0, ""snr"": 0.0}, {""x"": -0.04380941390991211, ""y"": 0.4792213439941406, ""z"": 0.0, ""velocity"": 0.0, ""snr"": 0.0}, {""x"": -0.06365776062011719, ""y"": 0.5986690521240234, ""z"": 0.0, ""velocity"": 0.0, ""snr"": 0.0}, {""x"": -0.23496150970458984, ""y"": 1.542806625366211, ""z"": 0.0, ""velocity"": 0.0, ""snr"": 0.0}, {""x"": 0.02181529998779297, ""y"": 0.5663037300109863, ""z"": 0.0, ""velocity"": 0.0, ""snr"": 0.0}, {""x"": 0.04863739013671875, ""y"": 0.5342960357666016, ""z"": 0.0, ""velocity"": 0.0, ""snr"": 0.0}, {""x"": 1.6849637031555176, ""y"": 1.8197894096374512, ""z"": 0.0, ""velocity"": 0.0, ""snr"": 0.0}, {""x"": 1.6919374465942383, ""y"": 1.8305182456970215, ""z"": 0.0, ""velocity"": 0.0, ""snr"": 0.0}, {""x"": 1.6704797744750977, ""y"": 1.890242099761963, ""z"": 0.0, ""velocity"": 0.0, ""snr"": 0.0}, {""x"": 1.691758632659912, ""y"": 1.7824172973632812, ""z"": 0.0, ""velocity"": 0.0, ""snr"": 0.0}]","[152177.0, 220209.0, 152777.0, 47153.0, 9662.0, 15285.0, 82960.0, 153689.0, 127860.0, 111577.0, 117919.0, 67932.0, 55339.0, 36701.0, 16730.0, 7666.0, 4436.0, 3709.0, 2752.0, 2530.0, 2265.0, 2074.0, 2220.0, 3928.0, 4932.0, 4870.0, 4105.0, 3861.0, 4297.0, 4298.0, 10741.0, 15004.0, 15372.0, 12683.0, 14453.0, 11924.0, 14434.0, 30091.0, 34197.0, 11959.0, 8833.0, 14550.0, 16939.0, 10727.0, 6340.0, 7225.0, 6067.0, 4963.0, 4538.0, 4682.0, 5376.0, 6615.0, 15165.0, 35656.0, 57918.0, 50250.0, 18466.0, 10098.0, 15409.0, 13357.0, 10194.0, 7497.0, 6436.0, 6397.0, 8290.0, 9450.0, 11509.0, 9595.0, 7198.0, 5527.0, 5127.0, 5820.0, 6063.0, 5559.0, 4945.0, 4899.0, 4267.0, 7376.0, 11627.0, 10898.0, 6628.0, 4534.0, 4364.0, 4022.0, 3717.0, 3503.0, 4824.0, 4617.0, 4576.0, 4401.0, 3447.0, 4618.0, 4678.0, 5197.0, 5409.0, 4653.0, 3752.0, 3105.0, 4014.0, 4387.0, 4211.0, 3589.0, 2626.0, 4257.0, 6998.0, 5041.0, 3155.0, 3640.0, 4569.0, 5002.0, 4139.0, 3460.0, 2733.0, 2423.0, 2764.0, 2546.0, 2166.0, 2405.0, 2263.0, 2259.0, 2380.0, 2296.0, 2858.0, 3340.0, 2883.0, 2197.0, 2264.0, 2502.0]",84712335.6916009
3,0.8,15,"[{""x"": -0.8372068405151367, ""y"": 1.1946558952331543, ""z"": 0.0, ""velocity"": 0.0, ""snr"": 0.0}, {""x"": -0.7258057594299316, ""y"": 1.2314915657043457, ""z"": 0.0, ""velocity"": 0.0, ""snr"": 0.0}, {""x"": -0.7714033126831055, ""y"": 1.5326142311096191, ""z"": 0.0, ""velocity"": 0.0, ""snr"": 0.0}, {""x"": -0.8701086044311523, ""y"": 1.4837980270385742, ""z"": 0.0, ""velocity"": 0.0, ""snr"": 0.0}, {""x"": -0.051856040954589844, ""y"": 0.32150745391845703, ""z"": 0.0, ""velocity"": 0.0, ""snr"": 0.0}, {""x"": -0.06437301635742188, ""y"": 0.34171342849731445, ""z"": 0.0, ""velocity"": 0.0, ""snr"": 0.0}, {""x"": -0.06473064422607422, ""y"": 0.48476457595825195, ""z"": 0.0, ""velocity"": 0.0, ""snr"": 0.0}, {""x"": -0.0997781753540039, ""y"": 0.6213784217834473, ""z"": 0.0, ""velocity"": 0.0, ""snr"": 0.0}, {""x"": -0.16772747039794922, ""y"": 1.54799222946167, ""z"": 0.0, ""velocity"": 0.0, ""snr"": 0.0}, {""x"": 0.12105703353881836, ""y"": 0.5477070808410645, ""z"": 0.0, ""velocity"": 0.0, ""snr"": 0.0}, {""x"": 0.25159120559692383, ""y"": 0.46706199645996094, ""z"": 0.0, ""velocity"": 0.0, ""snr"": 0.0}, {""x"": 1.6701221466064453, ""y"": 1.8335580825805664, ""z"": 0.0, ""velocity"": 0.0, ""snr"": 0.0}, {""x"": 1.6894340515136719, ""y"": 1.8333792686462402, ""z"": 0.0, ""velocity"": 0.0, ""snr"": 0.0}, {""x"": 1.673877239227295, ""y"": 1.886308193206787, ""z"": 0.0, ""velocity"": 0.0, ""snr"": 0.0}, {""x"": 1.6897916793823242, ""y"": 1.7840266227722168, ""z"": 0.0, ""velocity"": 0.0, ""snr"": 0.0}]","[151409.0, 220073.0, 152842.0, 47264.0, 9721.0, 6948.0, 37613.0, 69877.0, 47611.0, 35070.0, 56732.0, 53828.0, 37562.0, 16282.0, 10026.0, 9510.0, 4877.0, 3161.0, 2594.0, 2111.0, 2174.0, 2434.0, 2873.0, 3680.0, 4379.0, 4454.0, 4003.0, 4577.0, 4549.0, 4342.0, 9806.0, 14162.0, 15036.0, 11522.0, 13667.0, 10193.0, 13776.0, 28225.0, 32187.0, 10966.0, 9378.0, 14338.0, 17159.0, 10752.0, 6304.0, 7222.0, 6803.0, 5432.0, 4965.0, 5122.0, 6147.0, 6832.0, 15433.0, 35846.0, 58694.0, 50666.0, 19206.0, 9767.0, 14792.0, 12826.0, 9540.0, 6699.0, 6613.0, 5847.0, 6916.0, 8162.0, 10917.0, 8555.0, 5512.0, 5364.0, 4755.0, 5063.0, 5542.0, 5325.0, 6112.0, 6449.0, 5351.0, 7305.0, 11324.0, 10831.0, 6321.0, 4876.0, 4873.0, 3725.0, 4111.0, 3769.0, 5368.0, 4602.0, 4296.0, 3980.0, 3459.0, 4264.0, 3941.0, 5185.0, 5300.0, 4394.0, 3256.0, 2646.0, 3772.0, 4146.0, 4604.0, 4013.0, 3277.0, 5199.0, 7901.0, 7030.0, 3524.0, 3385.0, 4073.0, 4120.0, 3856.0, 3576.0, 2876.0, 2980.0, 2701.0, 2345.0, 2434.0, 2391.0, 2016.0, 2345.0, 2680.0, 2262.0, 2584.0, 3191.0, 2973.0, 2151.0, 2173.0, 2302.0]",83020172.37230642
4,0.8,14,"[{""x"": -0.2716183662414551, ""y"": 0.37854909896850586, ""z"": 0.0, ""velocity"": 0.0, ""snr"": 0.0}, {""x"": -0.9001493453979492, ""y"": 1.1472702026367188, ""z"": 0.0, ""velocity"": 0.0, ""snr"": 0.0}, {""x"": -0.7531642913818359, ""y"": 1.5415549278259277, ""z"": 0.0, ""velocity"": 0.0, ""snr"": 0.0}, {""x"": -0.8640289306640625, ""y"": 1.4882683753967285, ""z"": 0.0, ""velocity"": 0.0, ""snr"": 0.0}, {""x"": -0.07867813110351562, ""y"": 0.395357608795166, ""z"": 0.0, ""velocity"": 0.0, ""snr"": 0.0}, {""x"": -0.05364418029785156, ""y"": 0.35494565963745117, ""z"": 0.0, ""velocity"": 0.0, ""snr"": 0.0}, {""x"": -0.046133995056152344, ""y"": 0.5423426628112793, ""z"": 0.0, ""velocity"": 0.0, ""snr"": 0.0}, {""x"": 0.02002716064453125, ""y"": 0.5811452865600586, ""z"": 0.0, ""velocity"": 0.0, ""snr"": 0.0}, {""x"": 0.03844499588012695, ""y"": 0.6045699119567871, ""z"": 0.0, ""velocity"": 0.0, ""snr"": 0.0}, {""x"": 1.1091828346252441, ""y"": 1.546919345855713, ""z"": 0.0, ""velocity"": 0.0, ""snr"": 0.0}, {""x"": 1.6683340072631836, ""y"": 1.8358826637268066, ""z"": 0.0, ""velocity"": 0.0, ""snr"": 0.0}, {""x"": 1.6763806343078613, ""y"": 1.846611499786377, ""z"": 0.0, ""velocity"": 0.0, ""snr"": 0.0}, {""x"": 1.6259551048278809, ""y"": 1.9286870956420898, ""z"": 0.0, ""velocity"": 0.0, ""snr"": 0.0}, {""x"": 1.692652702331543, ""y"": 1.782238483428955, ""z"": 0.0, ""velocity"": 0.0, ""snr"": 0.0}]","[152032.0, 219960.0, 152776.0, 47219.0, 9522.0, 3540.0, 19831.0, 44136.0, 42586.0, 33248.0, 37793.0, 43543.0, 40450.0, 37704.0, 22330.0, 8049.0, 3552.0, 2972.0, 2969.0, 2625.0, 2633.0, 2484.0, 2483.0, 3538.0, 4397.0, 4295.0, 3598.0, 4042.0, 3302.0, 4918.0, 8440.0, 11356.0, 13099.0, 8680.0, 7773.0, 7287.0, 13517.0, 27501.0, 31579.0, 11222.0, 8717.0, 14349.0, 16830.0, 9017.0, 7339.0, 7265.0, 5423.0, 5283.0, 5362.0, 5482.0, 6822.0, 6506.0, 14295.0, 34261.0, 56608.0, 49507.0, 19425.0, 9888.0, 14686.0, 12228.0, 8961.0, 7256.0, 8024.0, 5963.0, 5770.0, 9044.0, 10673.0, 8084.0, 5842.0, 5392.0, 5773.0, 5640.0, 4770.0, 4232.0, 6475.0, 6077.0, 5077.0, 6848.0, 10758.0, 11031.0, 7325.0, 5497.0, 4783.0, 3704.0, 4161.0, 3853.0, 4122.0, 3849.0, 4553.0, 4819.0, 4824.0, 4584.0, 4517.0, 5434.0, 4568.0, 3894.0, 2987.0, 3086.0, 4317.0, 3733.0, 3251.0, 3381.0, 3251.0, 5529.0, 8740.0, 7424.0, 3716.0, 3374.0, 4552.0, 4159.0, 3211.0, 3044.0, 2663.0, 3364.0, 2957.0, 2502.0, 2359.0, 2312.0, 2208.0, 2026.0, 2434.0, 2423.0, 2640.0, 3136.0, 2821.0, 1959.0, 2273.0, 2400.0]",81360365.60355242
5,0.8,16,"[{""x"": -0.7685422897338867, ""y"": 1.199662685394287, ""z"": 0.0, ""velocity"": 0.0, ""snr"": 0.0}, {""x"": -0.7585287094116211, ""y"": 1.5399456024169922, ""z"": 0.0, ""velocity"": 0.0, ""snr"": 0.0}, {""x"": -0.864565372467041, ""y"": 1.486659049987793, ""z"": 0.0, ""velocity"": 0.0, ""snr"": 0.0}, {""x"": -0.08368492126464844, ""y"": 0.31810998916625977, ""z"": 0.0, ""velocity"": 0.0, ""snr"": 0.0}, {""x"": -0.08475780487060547, ""y"": 0.34314393997192383, ""z"": 0.0, ""velocity"": 0.0, ""snr"": 0.0}, {""x"": -0.10085105895996094, ""y"": 0.39374828338623047, ""z"": 0.0, ""velocity"": 0.0, ""snr"": 0.0}, {""x"": -0.1271367073059082, ""y"": 0.43272972106933594, ""z"": 0.0, ""velocity"": 0.0, ""snr"": 0.0}, {""x"": -0.1430511474609375, ""y"": 0.4608035087585449, ""z"": 0.0, ""velocity"": 0.0, ""snr"": 0.0}, {""x"": -0.12230873107910156, ""y"": 0.5146265029907227, ""z"": 0.0, ""velocity"": 0.0, ""snr"": 0.0}, {""x"": -0.0559687614440918, ""y"": 0.5766749382019043, ""z"": 0.0, ""velocity"": 0.0, ""snr"": 0.0}, {""x"": 0.0033974647521972656, ""y"": 0.6154775619506836, ""z"": 0.0, ""velocity"": 0.0, ""snr"": 0.0}, {""x"": 0.004112720489501953, ""y"": 0.6508827209472656, ""z"": 0.0, ""velocity"": 0.0, ""snr"": 0.0}, {""x"": 1.660466194152832, ""y"": 1.8149614334106445, ""z"": 0.0, ""velocity"": 0.0, ""snr"": 0.0}, {""x"": 1.6533136367797852, ""y"": 1.8496513366699219, ""z"": 0.0, ""velocity"": 0.0, ""snr"": 0.0}, {""x"": 1.67083740234375, ""y"": 1.8514394760131836, ""z"": 0.0, ""velocity"": 0.0, ""snr"": 0.0}, {""x"": 1.6601085662841797, ""y"": 1.8988251686096191, ""z"": 0.0, ""velocity"": 0.0, ""snr"": 0.0}]","[151946.0, 219941.0, 152657.0, 47050.0, 9439.0, 14980.0, 79405.0, 140841.0, 114711.0, 86213.0, 94494.0, 65391.0, 41571.0, 31963.0, 21668.0, 11079.0, 4908.0, 2773.0, 2685.0, 2751.0, 2610.0, 2937.0, 2845.0, 4243.0, 4459.0, 4044.0, 3860.0, 4291.0, 3040.0, 4636.0, 10560.0, 14432.0, 13724.0, 7721.0, 6346.0, 6944.0, 12436.0, 26616.0, 30604.0, 10139.0, 8998.0, 14178.0, 16808.0, 8639.0, 5785.0, 6813.0, 5975.0, 5130.0, 5794.0, 5503.0, 7255.0, 5828.0, 12676.0, 33208.0, 55378.0, 48458.0, 18915.0, 9519.0, 14836.0, 13176.0, 9416.0, 7315.0, 5989.0, 4866.0, 6360.0, 7075.0, 8475.0, 7688.0, 5687.0, 5256.0, 5369.0, 4746.0, 4019.0, 4629.0, 5882.0, 5135.0, 4667.0, 6343.0, 9310.0, 8932.0, 6504.0, 5039.0, 4497.0, 3309.0, 3828.0, 4493.0, 4866.0, 3895.0, 3483.0, 4028.0, 3991.0, 4336.0, 4559.0, 5506.0, 5066.0, 4150.0, 3500.0, 3704.0, 4065.0, 4164.0, 4736.0, 4824.0, 3101.0, 4598.0, 7349.0, 5775.0, 3504.0, 4086.0, 5120.0, 5386.0, 4167.0, 3632.0, 2850.0, 2789.0, 2829.0, 2352.0, 2308.0, 2302.0, 2590.0, 2215.0, 2354.0, 2222.0, 2781.0, 3023.0, 2252.0, 2004.0, 2271.0, 2388.0]",79731458.24007069
6,0.8,17,"[{""x"": -0.9056925773620605, ""y"": 1.1512041091918945, ""z"": 0.0, ""velocity"": 0.0, ""snr"": 0.0}, {""x"": -0.785529613494873, ""y"": 1.1858940124511719, ""z"": 0.0, ""velocity"": 0.0, ""snr"": 0.0}, {""x"": -0.785529613494873, ""y"": 1.5274286270141602, ""z"": 0.0, ""velocity"": 0.0, ""snr"": 0.0}, {""x"": -0.862419605255127, ""y"": 1.4932751655578613, ""z"": 0.0, ""velocity"": 0.0, ""snr"": 0.0}, {""x"": -0.10138750076293945, ""y"": 0.4273653030395508, ""z"": 0.0, ""velocity"": 0.0, ""snr"": 0.0}, {""x"": -0.11783838272094727, ""y"": 0.4398822784423828, ""z"": 0.0, ""velocity"": 0.0, ""snr"": 0.0}, {""x"": -0.13768672943115234, ""y"": 0.46437978744506836, ""z"": 0.0, ""velocity"": 0.0, ""snr"": 0.0}, {""x"": -0.40268898010253906, ""y"": 1.4863014221191406, ""z"": 0.0, ""velocity"": 0.0, ""snr"": 0.0}, {""x"": -0.0776052474975586, ""y"": 0.5308985710144043, ""z"": 0.0, ""velocity"": 0.0, ""snr"": 0.0}, {""x"": -0.2244114875793457, ""y"": 1.548171043395996, ""z"": 0.0, ""velocity"": 0.0, ""snr"": 0.0}, {""x"": -0.2535581588745117, ""y"": 1.5631914138793945, ""z"": 0.0, ""velocity"": 0.0, ""snr"": 0.0}, {""x"": -0.028967857360839844, ""y"": 0.5736351013183594, ""z"": 0.0, ""velocity"": 0.0, ""snr"": 0.0}, {""x"": -0.0035762786865234375, ""y"": 0.6081461906433105, ""z"": 0.0, ""velocity"": 0.0, ""snr"": 0.0}, {""x"": 1.0526776313781738, ""y"": 1.5857219696044922, ""z"": 0.0, ""velocity"": 0.0, ""snr"": 0.0}, {""x"": 0.9961724281311035, ""y"": 1.6300678253173828, ""z"": 0.0, ""velocity"": 0.0, ""snr"": 0.0}, {""x"": 1.7091035842895508, ""y"": 1.7985105514526367, ""z"": 0.0, ""velocity"": 0.0, ""snr"": 0.0}, {""x"": 1.7184019088745117, ""y"": 1.8142461776733398, ""z"": 0.0, ""velocity"": 0.0, ""snr"": 0.0}]","[152030.0, 219978.0, 33576067.0, 100860929.0, 460805.0, 328963.0, 838860803.0, 335546980.0, 3.0, 251658240.0, 33554432.0, 4278190080.0, 771751935.0, 2852126721.0, 0.0, 758725504.0, 3784409.0, 4096000.0, 255819776.0, 1962934272.0, 1767921.0, 1040187392.0, 2750412100.0, 26.0, 843400448.0, 1720046.0, 1006632960.0, 2347679558.0, 33.0, 1397567488.0, 2151149.0, 1090519040.0, 2751408203.0, 10.0, 1883535360.0, 694014.0, 2080374784.0, 436262724.0, 10.0, 289879552.0, 737797.0, 1778384896.0, 2969907779.0, 11.0, 1011105280.0, 686086.0, 1996488704.0, 338028355.0, 38.0, 122499840.0, 2529062.0, 1258291200.0, 2451994444.0, 38.0, 944393728.0, 2534183.0, 805306368.0, 77385.0, 131072.0, 38839296.0, 56328704.0, 39155456.0, 12098816.0, 3492096.0, 5746688.0, 5402112.0, 1855744.0, 50594050.0, 117966086.0, 84214528.0, 736.0, 681010.0, 789.0, 0.0, 14.0, 2.0, 4294967295.0, 301.0, 160.0, 960200704.0, 968808749.0, 1048576000.0, 1065353216.0, 14.0, 437448162.0, 0.0, 4045948729.0, 6868.0, 1145044992.0, 446099423.0, 0.0, 4006888520.0, 8602.0, 1278345216.0, 554757558.0, 0.0, 4257958978.0, 2534.0, 1179123712.0, 176357093.0, 0.0, 4271129722.0, 2702.0, 1132396544.0, 170264209.0, 0.0, 99631736.0, 2744.0, 1114177536.0, 190252552.0, 0.0, 618152764.0, 10008.0, 1311899648.0, 653862304.0, 0.0, 650923083.0, 9778.0, 1246560256.0, 302.0, 512.0, 151499.0, 219842.0, 152712.0, 47523.0, 10366.0, 20516.0, 20422.0]",623835025.5712413
7,0.8,14,"[{""x"": -0.8613467216491699, ""y"": 1.1701583862304688, ""z"": 0.0, ""velocity"": 0.0, ""snr"": 0.0}, {""x"": -0.6639361381530762, ""y"": 1.2356042861938477, ""z"": 0.0, ""velocity"": 0.0, ""snr"": 0.0}, {""x"": -0.7472634315490723, ""y"": 1.210927963256836, ""z"": 0.0, ""velocity"": 0.0, ""snr"": 0.0}, {""x"": -0.8053779602050781, ""y"": 1.527249813079834, ""z"": 0.0, ""velocity"": 0.0, ""snr"": 0.0}, {""x"": -0.8579492568969727, ""y"": 1.501321792602539, ""z"": 0.0, ""velocity"": 0.0, ""snr"": 0.0}, {""x"": -0.13518333435058594, ""y"": 0.4405975341796875, ""z"": 0.0, ""velocity"": 0.0, ""snr"": 0.0}, {""x"": -0.04792213439941406, ""y"": 0.4786849021911621, ""z"": 0.0, ""velocity"": 0.0, ""snr"": 0.0}, {""x"": -0.05257129669189453, ""y"": 0.47332048416137695, ""z"": 0.0, ""velocity"": 0.0, ""snr"": 0.0}, {""x"": 0.08565187454223633, ""y"": 0.587761402130127, ""z"": 0.0, ""velocity"": 0.0, ""snr"": 0.0}, {""x"": 0.19991397857666016, ""y"": 0.5273222923278809, ""z"": 0.0, ""velocity"": 0.0, ""snr"": 0.0}, {""x"": 0.26035308837890625, ""y"": 0.4890561103820801, ""z"": 0.0, ""velocity"": 0.0, ""snr"": 0.0}, {""x"": 1.6862154006958008, ""y"": 1.789391040802002, ""z"": 0.0, ""velocity"": 0.0, ""snr"": 0.0}, {""x"": 1.7033815383911133, ""y"": 1.8028020858764648, ""z"": 0.0, ""velocity"": 0.0, ""snr"": 0.0}, {""x"": 1.7627477645874023, ""y"": 1.765429973602295, ""z"": 0.0, ""velocity"": 0.0, ""snr"": 0.0}]","[151459.0, 219592.0, 152560.0, 46727.0, 10317.0, 6940.0, 8984.0, 7975.0, 8755.0, 24741.0, 76768.0, 74025.0, 71516.0, 51585.0, 17944.0, 5332.0, 3232.0, 2546.0, 2650.0, 2931.0, 2037.0, 2554.0, 2600.0, 3448.0, 4606.0, 4343.0, 5599.0, 7255.0, 7365.0, 5997.0, 15257.0, 19845.0, 18371.0, 11785.0, 11756.0, 12195.0, 8506.0, 26957.0, 38357.0, 16335.0, 7527.0, 15034.0, 17662.0, 9278.0, 6463.0, 7331.0, 7362.0, 5368.0, 5999.0, 6593.0, 6478.0, 7008.0, 12808.0, 31882.0, 52336.0, 46125.0, 18778.0, 11581.0, 13034.0, 12787.0, 9764.0, 7184.0, 7696.0, 7602.0, 7244.0, 7680.0, 9956.0, 8294.0, 7035.0, 4797.0, 5286.0, 4505.0, 4458.0, 3860.0, 5292.0, 4882.0, 5035.0, 6773.0, 11357.0, 10743.0, 6815.0, 5494.0, 5493.0, 3938.0, 4245.0, 3336.0, 4375.0, 4207.0, 4308.0, 3968.0, 4781.0, 5681.0, 3815.0, 5343.0, 5228.0, 4425.0, 3678.0, 3107.0, 3886.0, 4008.0, 4409.0, 4548.0, 3233.0, 4933.0, 7770.0, 5483.0, 2841.0, 2696.0, 4423.0, 5047.0, 4072.0, 3322.0, 2408.0, 2350.0, 2230.0, 2226.0, 2348.0, 2109.0, 2622.0, 2473.0, 2484.0, 2260.0, 2359.0, 2881.0, 2416.0, 2041.0, 2317.0, 2082.0]",89361332.8118493
8,0.8,13,"[{""x"": -0.6394386291503906, ""y"": 1.2509822845458984, ""z"": 0.0, ""velocity"": 0.0, ""snr"": 0.0}, {""x"": -0.6966590881347656, ""y"": 1.2393593788146973, ""z"": 0.0, ""velocity"": 0.0, ""snr"": 0.0}, {""x"": -0.7867813110351562, ""y"": 1.2200474739074707, ""z"": 0.0, ""velocity"": 0.0, ""snr"": 0.0}, {""x"": -0.8046627044677734, ""y"": 1.529395580291748, ""z"": 0.0, ""velocity"": 0.0, ""snr"": 0.0}, {""x"": -0.8368492126464844, ""y"": 1.5163421630859375, ""z"": 0.0, ""velocity"": 0.0, ""snr"": 0.0}, {""x"": -0.8368492126464844, ""y"": 1.5295743942260742, ""z"": 0.0, ""velocity"": 0.0, ""snr"": 0.0}, {""x"": 0.030040740966796875, ""y"": 0.48297643661499023, ""z"": 0.0, ""velocity"": 0.0, ""snr"": 0.0}, {""x"": 0.009119510650634766, ""y"": 0.5945563316345215, ""z"": 0.0, ""velocity"": 0.0, ""snr"": 0.0}, {""x"": 0.11461973190307617, ""y"": 0.5586147308349609, ""z"": 0.0, ""velocity"": 0.0, ""snr"": 0.0}, {""x"": 0.2084970474243164, ""y"": 0.5207061767578125, ""z"": 0.0, ""velocity"": 0.0, ""snr"": 0.0}, {""x"": 1.6821026802062988, ""y"": 1.794576644897461, ""z"": 0.0, ""velocity"": 0.0, ""snr"": 0.0}, {""x"": 1.7039179801940918, ""y"": 1.8024444580078125, ""z"": 0.0, ""velocity"": 0.0, ""snr"": 0.0}, {""x"": 1.733243465423584, ""y"": 1.7933249473571777, ""z"": 0.0, ""velocity"": 0.0, ""snr"": 0.0}]","[151715.0, 219799.0, 152468.0, 47389.0, 17852.0, 31370.0, 27403.0, 11794.0, 10820.0, 18306.0, 60009.0, 65126.0, 69165.0, 60997.0, 23522.0, 8216.0, 3564.0, 2461.0, 2487.0, 3109.0, 2505.0, 2175.0, 2224.0, 3388.0, 4349.0, 4281.0, 5512.0, 7522.0, 7818.0, 5885.0, 16604.0, 21860.0, 18464.0, 13063.0, 12056.0, 10824.0, 9222.0, 28613.0, 43010.0, 19855.0, 7050.0, 15554.0, 17833.0, 10013.0, 5857.0, 6605.0, 7645.0, 5485.0, 6112.0, 5671.0, 6206.0, 6577.0, 12207.0, 31556.0, 52427.0, 45568.0, 18116.0, 12793.0, 13235.0, 12246.0, 9728.0, 6558.0, 7983.0, 8447.0, 6940.0, 7947.0, 10278.0, 9601.0, 8383.0, 6051.0, 4600.0, 5993.0, 4988.0, 4594.0, 5948.0, 5041.0, 5364.0, 6967.0, 11621.0, 11279.0, 7206.0, 5167.0, 4319.0, 3640.0, 3673.0, 3223.0, 4575.0, 4065.0, 3657.0, 4166.0, 3609.0, 3784.0, 4035.0, 4883.0, 4345.0, 4020.0, 3151.0, 3021.0, 3607.0, 4028.0, 3987.0, 4124.0, 2918.0, 4339.0, 7667.0, 6429.0, 3216.0, 2785.0, 4645.0, 5096.0, 4387.0, 3580.0, 2879.0, 2742.0, 2474.0, 2470.0, 2447.0, 2452.0, 2370.0, 2140.0, 2171.0, 2317.0, 2594.0, 3062.0, 2399.0, 1950.0, 2085.0, 2081.0]",87573678.72592482
9,0.8,12,"[{""x"": -0.6238818168640137, ""y"": 1.257777214050293, ""z"": 0.0, ""velocity"": 0.0, ""snr"": 0.0}, {""x"": -0.7465481758117676, ""y"": 1.2052059173583984, ""z"": 0.0, ""velocity"": 0.0, ""snr"": 0.0}, {""x"": -0.9253621101379395, ""y"": 1.4573335647583008, ""z"": 0.0, ""velocity"": 0.0, ""snr"": 0.0}, {""x"": -0.031828880310058594, ""y"": 0.45758485794067383, ""z"": 0.0, ""velocity"": 0.0, ""snr"": 0.0}, {""x"": -0.06204843521118164, ""y"": 0.6195902824401855, ""z"": 0.0, ""velocity"": 0.0, ""snr"": 0.0}, {""x"": -0.011801719665527344, ""y"": 0.48297643661499023, ""z"": 0.0, ""velocity"": 0.0, ""snr"": 0.0}, {""x"": -0.017523765563964844, ""y"": 0.48351287841796875, ""z"": 0.0, ""velocity"": 0.0, ""snr"": 0.0}, {""x"": 0.12534856796264648, ""y"": 0.5818605422973633, ""z"": 0.0, ""velocity"": 0.0, ""snr"": 0.0}, {""x"": 0.27680397033691406, ""y"": 0.49245357513427734, ""z"": 0.0, ""velocity"": 0.0, ""snr"": 0.0}, {""x"": 0.34743547439575195, ""y"": 0.41931867599487305, ""z"": 0.0, ""velocity"": 0.0, ""snr"": 0.0}, {""x"": 1.668870449066162, ""y"": 1.835167407989502, ""z"": 0.0, ""velocity"": 0.0, ""snr"": 0.0}, {""x"": 1.6998052597045898, ""y"": 1.8244385719299316, ""z"": 0.0, ""velocity"": 0.0, ""snr"": 0.0}]","[151826.0, 219835.0, 152531.0, 47055.0, 10843.0, 21858.0, 49002.0, 44274.0, 16414.0, 34641.0, 113246.0, 118947.0, 57270.0, 38995.0, 13545.0, 7075.0, 4297.0, 3305.0, 3054.0, 3304.0, 2703.0, 2543.0, 2718.0, 3692.0, 4283.0, 4225.0, 5848.0, 9929.0, 11643.0, 5716.0, 16414.0, 19520.0, 16452.0, 11215.0, 7177.0, 9218.0, 8876.0, 23672.0, 32793.0, 12396.0, 9046.0, 15562.0, 18428.0, 13099.0, 6432.0, 7564.0, 7650.0, 5418.0, 5549.0, 5489.0, 6469.0, 6786.0, 12343.0, 31360.0, 52317.0, 45378.0, 17572.0, 14137.0, 14222.0, 12088.0, 10191.0, 7524.0, 7337.0, 8270.0, 6688.0, 8624.0, 11224.0, 9606.0, 8588.0, 7574.0, 6457.0, 5958.0, 4668.0, 4883.0, 5875.0, 5458.0, 5331.0, 7741.0, 12239.0, 11498.0, 7405.0, 5758.0, 4696.0, 3636.0, 3863.0, 3843.0, 4626.0, 4102.0, 3812.0, 4598.0, 3892.0, 4465.0, 5079.0, 5708.0, 4448.0, 4654.0, 3335.0, 3659.0, 4206.0, 4923.0, 4722.0, 3549.0, 3219.0, 4606.0, 7237.0, 6476.0, 3458.0, 3215.0, 3775.0, 3641.0, 3295.0, 3306.0, 2888.0, 2587.0, 2598.0, 2315.0, 2582.0, 2538.0, 2254.0, 2113.0, 2427.0, 2454.0, 2436.0, 2820.0, 2443.0, 2039.0, 2120.0, 2160.0]",85821290.11234382
10,0.8,15,"[{""x"": -0.8234381675720215, ""y"": 1.199483871459961, ""z"": 0.0, ""velocity"": 0.0, ""snr"": 0.0}, {""x"": -0.6387233734130859, ""y"": 1.2461543083190918, ""z"": 0.0, ""velocity"": 0.0, ""snr"": 0.0}, {""x"": -0.7152557373046875, ""y"": 1.2280941009521484, ""z"": 0.0, ""velocity"": 0.0, ""snr"": 0.0}, {""x"": -0.8490085601806641, ""y"": 1.507401466369629, ""z"": 0.0, ""velocity"": 0.0, ""snr"": 0.0}, {""x"": 0.010013580322265625, ""y"": 0.37211179733276367, ""z"": 0.0, ""velocity"": 0.0, ""snr"": 0.0}, {""x"": -0.0057220458984375, ""y"": 0.44274330139160156, ""z"": 0.0, ""velocity"": 0.0, ""snr"": 0.0}, {""x"": 0.03415346145629883, ""y"": 0.3281235694885254, ""z"": 0.0, ""velocity"": 0.0, ""snr"": 0.0}, {""x"": 0.0330805778503418, ""y"": 0.34046173095703125, ""z"": 0.0, ""velocity"": 0.0, ""snr"": 0.0}, {""x"": 0.030219554901123047, ""y"": 0.34421682357788086, ""z"": 0.0, ""velocity"": 0.0, ""snr"": 0.0}, {""x"": 0.2532005310058594, ""y"": 0.5375146865844727, ""z"": 0.0, ""velocity"": 0.0, ""snr"": 0.0}, {""x"": 0.29790401458740234, ""y"": 0.4813671112060547, ""z"": 0.0, ""velocity"": 0.0, ""snr"": 0.0}, {""x"": 0.34689903259277344, ""y"": 0.4203915596008301, ""z"": 0.0, ""velocity"": 0.0, ""snr"": 0.0}, {""x"": 1.6633272171020508, ""y"": 1.8131732940673828, ""z"": 0.0, ""velocity"": 0.0, ""snr"": 0.0}, {""x"": 1.6756653785705566, ""y"": 1.828908920288086, ""z"": 0.0, ""velocity"": 0.0, ""snr"": 0.0}, {""x"": 1.695692539215088, ""y"": 1.826941967010498, ""z"": 0.0, ""velocity"": 0.0, ""snr"": 0.0}]","[151738.0, 220012.0, 152615.0, 47294.0, 9653.0, 11859.0, 136738.0, 369041.0, 373961.0, 145959.0, 74213.0, 88498.0, 54939.0, 38622.0, 12766.0, 7946.0, 9931.0, 8515.0, 5400.0, 5098.0, 4278.0, 5914.0, 4877.0, 3995.0, 5445.0, 5180.0, 5984.0, 7367.0, 7851.0, 7511.0, 16161.0, 20459.0, 17595.0, 13849.0, 11445.0, 12255.0, 8006.0, 26264.0, 38276.0, 16594.0, 6761.0, 15009.0, 17546.0, 12286.0, 7709.0, 8571.0, 7194.0, 5846.0, 6229.0, 6356.0, 6681.0, 6458.0, 11857.0, 32147.0, 53284.0, 46056.0, 16886.0, 13149.0, 14462.0, 13091.0, 10312.0, 7347.0, 7039.0, 7747.0, 6749.0, 8507.0, 10897.0, 9623.0, 8373.0, 6453.0, 5288.0, 4750.0, 4020.0, 5154.0, 6152.0, 4951.0, 4906.0, 7752.0, 12328.0, 11827.0, 7805.0, 5494.0, 4507.0, 3670.0, 5244.0, 5035.0, 4368.0, 4075.0, 3397.0, 3885.0, 3972.0, 4353.0, 3752.0, 5412.0, 4998.0, 4165.0, 3309.0, 3244.0, 3601.0, 3022.0, 4063.0, 4563.0, 3270.0, 3967.0, 4703.0, 3459.0, 3189.0, 2977.0, 2804.0, 4052.0, 3700.0, 3030.0, 2467.0, 2813.0, 2687.0, 2402.0, 2438.0, 2675.0, 2621.0, 2492.0, 2432.0, 2128.0, 2412.0, 2387.0, 1800.0, 1858.0, 2189.0, 2287.0]",84103519.74707803
11,0.8,13,"[{""x"": -0.8221864700317383, ""y"": 1.1619329452514648, ""z"": 0.0, ""velocity"": 0.0, ""snr"": 0.0}, {""x"": -0.9732842445373535, ""y"": 1.4269351959228516, ""z"": 0.0, ""velocity"": 0.0, ""snr"": 0.0}, {""x"": -0.7138252258300781, ""y"": 1.2084245681762695, ""z"": 0.0, ""velocity"": 0.0, ""snr"": 0.0}, {""x"": 0.017344951629638672, ""y"": 0.4634857177734375, ""z"": 0.0, ""velocity"": 0.0, ""snr"": 0.0}, {""x"": 0.004827976226806641, ""y"": 0.4883408546447754, ""z"": 0.0, ""velocity"": 0.0, ""snr"": 0.0}, {""x"": 0.03987550735473633, ""y"": 0.3515481948852539, ""z"": 0.0, ""velocity"": 0.0, ""snr"": 0.0}, {""x"": 0.04220008850097656, ""y"": 0.36853551864624023, ""z"": 0.0, ""velocity"": 0.0, ""snr"": 0.0}, {""x"": 0.0413060188293457, ""y"": 0.41091442108154297, ""z"": 0.0, ""velocity"": 0.0, ""snr"": 0.0}, {""x"": 0.35691261291503906, ""y"": 0.40858983993530273, ""z"": 0.0, ""velocity"": 0.0, ""snr"": 0.0}, {""x"": 0.3350973129272461, ""y"": 0.44095516204833984, ""z"": 0.0, ""velocity"": 0.0, ""snr"": 0.0}, {""x"": 1.6649365425109863, ""y"": 1.810312271118164, ""z"": 0.0, ""velocity"": 0.0, ""snr"": 0.0}, {""x"": 1.681208610534668, ""y"": 1.8233656883239746, ""z"": 0.0, ""velocity"": 0.0, ""snr"": 0.0}, {""x"": 1.6924738883972168, ""y"": 1.8298029899597168, ""z"": 0.0, ""velocity"": 0.0, ""snr"": 0.0}]","[151985.0, 219987.0, 152633.0, 47243.0, 9611.0, 3155.0, 17280.0, 60541.0, 85127.0, 73330.0, 90448.0, 88590.0, 68575.0, 39503.0, 12337.0, 5048.0, 3755.0, 3338.0, 3529.0, 3214.0, 3754.0, 3955.0, 3170.0, 3626.0, 4663.0, 4572.0, 5549.0, 7828.0, 9141.0, 5197.0, 13601.0, 17039.0, 15456.0, 14197.0, 12434.0, 9976.0, 8639.0, 19577.0, 28271.0, 10275.0, 8508.0, 15745.0, 18871.0, 10284.0, 6360.0, 7008.0, 6031.0, 4905.0, 6144.0, 6524.0, 6798.0, 5838.0, 11875.0, 30702.0, 50601.0, 43623.0, 15994.0, 12458.0, 13854.0, 12442.0, 9872.0, 7379.0, 6082.0, 4637.0, 5427.0, 8049.0, 9175.0, 8693.0, 6416.0, 4777.0, 4754.0, 4652.0, 4659.0, 4819.0, 5120.0, 4908.0, 4817.0, 7769.0, 11664.0, 10905.0, 6607.0, 4896.0, 4685.0, 3703.0, 5073.0, 4270.0, 4423.0, 3837.0, 4233.0, 4626.0, 5103.0, 4763.0, 4329.0, 4981.0, 4419.0, 4140.0, 3599.0, 3025.0, 3180.0, 2865.0, 2954.0, 3392.0, 2889.0, 3531.0, 3827.0, 3002.0, 2979.0, 3059.0, 2945.0, 3051.0, 3630.0, 3438.0, 2395.0, 2729.0, 2539.0, 2271.0, 2342.0, 2736.0, 2658.0, 2520.0, 2451.0, 2049.0, 2138.0, 2546.0, 1999.0, 1912.0, 2543.0, 2419.0]",82423639.46364346
12,0.8,15,"[{""x"": -0.8218288421630859, ""y"": 1.1587142944335938, ""z"": 0.0, ""velocity"": 0.0, ""snr"": 0.0}, {""x"": -0.704348087310791, ""y"": 1.2093186378479004, ""z"": 0.0, ""velocity"": 0.0, ""snr"": 0.0}, {""x"": -0.9621977806091309, ""y"": 1.432657241821289, ""z"": 0.0, ""velocity"": 0.0, ""snr"": 0.0}, {""x"": -0.1437664031982422, ""y"": 0.6144046783447266, ""z"": 0.0, ""velocity"": 0.0, ""snr"": 0.0}, {""x"": -0.02753734588623047, ""y"": 0.3928542137145996, ""z"": 0.0, ""velocity"": 0.0, ""snr"": 0.0}, {""x"": -0.10156631469726562, ""y"": 0.641942024230957, ""z"": 0.0, ""velocity"": 0.0, ""snr"": 0.0}, {""x"": 0.03898143768310547, ""y"": 0.34922361373901367, ""z"": 0.0, ""velocity"": 0.0, ""snr"": 0.0}, {""x"": 0.036835670471191406, ""y"": 0.3508329391479492, ""z"": 0.0, ""velocity"": 0.0, ""snr"": 0.0}, {""x"": 0.07492303848266602, ""y"": 0.4722476005554199, ""z"": 0.0, ""velocity"": 0.0, ""snr"": 0.0}, {""x"": 0.0514984130859375, ""y"": 0.49799680709838867, ""z"": 0.0, ""velocity"": 0.0, ""snr"": 0.0}, {""x"": 0.2614259719848633, ""y"": 0.4776120185852051, ""z"": 0.0, ""velocity"": 0.0, ""snr"": 0.0}, {""x"": 0.2637505531311035, ""y"": 0.4890561103820801, ""z"": 0.0, ""velocity"": 0.0, ""snr"": 0.0}, {""x"": 1.6849637031555176, ""y"": 1.820683479309082, ""z"": 0.0, ""velocity"": 0.0, ""snr"": 0.0}, {""x"": 1.7001628875732422, ""y"": 1.823723316192627, ""z"": 0.0, ""velocity"": 0.0, ""snr"": 0.0}, {""x"": 1.7117857933044434, ""y"": 1.8551945686340332, ""z"": 0.0, ""velocity"": 0.0, ""snr"": 0.0}]","[151955.0, 219766.0, 152490.0, 47078.0, 9842.0, 3566.0, 21052.0, 69721.0, 91713.0, 39531.0, 59719.0, 81782.0, 64010.0, 40289.0, 23659.0, 13762.0, 4043.0, 2900.0, 3662.0, 3791.0, 2245.0, 2529.0, 2830.0, 3817.0, 4744.0, 4975.0, 6337.0, 7971.0, 8039.0, 5848.0, 14392.0, 17370.0, 14533.0, 14097.0, 13071.0, 9450.0, 8817.0, 20235.0, 29342.0, 10813.0, 8329.0, 17188.0, 19934.0, 11096.0, 7550.0, 7549.0, 6745.0, 5337.0, 5326.0, 6999.0, 6542.0, 5400.0, 12074.0, 30794.0, 51652.0, 44888.0, 17021.0, 10463.0, 14795.0, 13078.0, 10421.0, 7524.0, 6060.0, 5133.0, 6761.0, 6789.0, 8727.0, 8585.0, 6840.0, 6289.0, 5198.0, 4428.0, 4057.0, 3966.0, 5063.0, 4921.0, 5139.0, 6975.0, 11238.0, 10778.0, 7144.0, 4914.0, 4525.0, 4165.0, 5169.0, 3829.0, 4412.0, 3956.0, 4112.0, 4016.0, 4322.0, 4943.0, 3801.0, 4559.0, 4912.0, 4008.0, 3886.0, 2974.0, 2829.0, 2350.0, 2885.0, 3193.0, 3032.0, 3791.0, 3503.0, 3584.0, 3564.0, 3549.0, 3323.0, 3009.0, 3676.0, 3541.0, 2336.0, 2860.0, 2949.0, 2500.0, 2585.0, 2417.0, 2582.0, 2418.0, 2160.0, 2060.0, 2585.0, 2503.0, 2054.0, 2010.0, 2085.0, 1985.0]",80775471.8190422
13,0.8,10,"[{""x"": -0.7195472717285156, ""y"": 1.22147798538208, ""z"": 0.0, ""velocity"": 0.0, ""snr"": 0.0}, {""x"": -0.9471774101257324, ""y"": 1.443922519683838, ""z"": 0.0, ""velocity"": 0.0, ""snr"": 0.0}, {""x"": 0.016808509826660156, ""y"": 0.48869848251342773, ""z"": 0.0, ""velocity"": 0.0, ""snr"": 0.0}, {""x"": 0.06902217864990234, ""y"": 0.38677453994750977, ""z"": 0.0, ""velocity"": 0.0, ""snr"": 0.0}, {""x"": 0.03826618194580078, ""y"": 0.4557967185974121, ""z"": 0.0, ""velocity"": 0.0, ""snr"": 0.0}, {""x"": 0.07814168930053711, ""y"": 0.3336668014526367, ""z"": 0.0, ""velocity"": 0.0, ""snr"": 0.0}, {""x"": 0.07957220077514648, ""y"": 0.34224987030029297, ""z"": 0.0, ""velocity"": 0.0, ""snr"": 0.0}, {""x"": 0.29021501541137695, ""y"": 0.4786849021911621, ""z"": 0.0, ""velocity"": 0.0, ""snr"": 0.0}, {""x"": 1.70212984085083, ""y"": 1.8017292022705078, ""z"": 0.0, ""velocity"": 0.0, ""snr"": 0.0}, {""x"": 1.7350316047668457, ""y"": 1.7911791801452637, ""z"": 0.0, ""velocity"": 0.0, ""snr"": 0.0}]","[151886.0, 219722.0, 152640.0, 47085.0, 9718.0, 5704.0, 57408.0, 158039.0, 161986.0, 84523.0, 79272.0, 86777.0, 40085.0, 21372.0, 17141.0, 8811.0, 4400.0, 4765.0, 3943.0, 2933.0, 3689.0, 10183.0, 16038.0, 11355.0, 4764.0, 4963.0, 5032.0, 5814.0, 6430.0, 4868.0, 13556.0, 17667.0, 14430.0, 12827.0, 12247.0, 10091.0, 8916.0, 20934.0, 30775.0, 11743.0, 8769.0, 17054.0, 19689.0, 12857.0, 8609.0, 7971.0, 6174.0, 5107.0, 5789.0, 6032.0, 6504.0, 5845.0, 12172.0, 29466.0, 46077.0, 39338.0, 15749.0, 9729.0, 14360.0, 12556.0, 10061.0, 7110.0, 6233.0, 5873.0, 8687.0, 6571.0, 9503.0, 8450.0, 6876.0, 6058.0, 4752.0, 4423.0, 4200.0, 4421.0, 5363.0, 4614.0, 4368.0, 7057.0, 12341.0, 11998.0, 8192.0, 5870.0, 5255.0, 4515.0, 4526.0, 3773.0, 4950.0, 4779.0, 4314.0, 4502.0, 3581.0, 3976.0, 3988.0, 4491.0, 4721.0, 3814.0, 3755.0, 3140.0, 3285.0, 3744.0, 3108.0, 3489.0, 2912.0, 3274.0, 3180.0, 3679.0, 3805.0, 3353.0, 3485.0, 3084.0, 3648.0, 3798.0, 2605.0, 2971.0, 2546.0, 2274.0, 2501.0, 2650.0, 2490.0, 2351.0, 2082.0, 2072.0, 2216.0, 2671.0, 2158.0, 1981.0, 2123.0, 2336.0]",79159229.55453637
14,0.8,15,"[{""x"": -0.9772181510925293, ""y"": 1.0828971862792969, ""z"": 0.0, ""velocity"": 0.0, ""snr"": 0.0}, {""x"": -0.21386146545410156, ""y"": 0.4000067710876465, ""z"": 0.0, ""velocity"": 0.0, ""snr"": 0.0}, {""x"": -0.7293820381164551, ""y"": 1.2186169624328613, ""z"": 0.0, ""velocity"": 0.0, ""snr"": 0.0}, {""x"": -0.7701516151428223, ""y"": 1.5551447868347168, ""z"": 0.0, ""velocity"": 0.0, ""snr"": 0.0}, {""x"": -0.5949139595031738, ""y"": 1.2601017951965332, ""z"": 0.0, ""velocity"": 0.0, ""snr"": 0.0}, {""x"": -0.7401108741760254, ""y"": 1.5921592712402344, ""z"": 0.0, ""velocity"": 0.0, ""snr"": 0.0}, {""x"": -0.30291080474853516, ""y"": 1.5000700950622559, ""z"": 0.0, ""velocity"": 0.0, ""snr"": 0.0}, {""x"": -0.37229061126708984, ""y"": 1.5027523040771484, ""z"": 0.0, ""velocity"": 0.0, ""snr"": 0.0}, {""x"": 0.026464462280273438, ""y"": 0.49674510955810547, ""z"": 0.0, ""velocity"": 0.0, ""snr"": 0.0}, {""x"": 0.029146671295166016, ""y"": 0.6174445152282715, ""z"": 0.0, ""velocity"": 0.0, ""snr"": 0.0}, {""x"": 0.06490945816040039, ""y"": 0.47832727432250977, ""z"": 0.0, ""velocity"": 0.0, ""snr"": 0.0}, {""x"": 0.3619194030761719, ""y"": 0.4062652587890625, ""z"": 0.0, ""velocity"": 0.0, ""snr"": 0.0}, {""x"": 0.3243684768676758, ""y"": 0.4520416259765625, ""z"": 0.0, ""velocity"": 0.0, ""snr"": 0.0}, {""x"": 1.6690492630004883, ""y"": 1.833021640777588, ""z"": 0.0, ""velocity"": 0.0, ""snr"": 0.0}, {""x"": 1.6894340515136719, ""y"": 1.833021640777588, ""z"": 0.0, ""velocity"": 0.0, ""snr"": 0.0}]","[152166.0, 220008.0, 152782.0, 47205.0, 12369.0, 17593.0, 29826.0, 24476.0, 10871.0, 26525.0, 66977.0, 73970.0, 56848.0, 35434.0, 14044.0, 8166.0, 4871.0, 3354.0, 2313.0, 2336.0, 2161.0, 2215.0, 2391.0, 3702.0, 5183.0, 5109.0, 5244.0, 6453.0, 7098.0, 8222.0, 15935.0, 20537.0, 18209.0, 19329.0, 25653.0, 13494.0, 8969.0, 31983.0, 51283.0, 26893.0, 16614.0, 16521.0, 20153.0, 19702.0, 10171.0, 8368.0, 6421.0, 5774.0, 6048.0, 6974.0, 6916.0, 6515.0, 13152.0, 31172.0, 49235.0, 42104.0, 15957.0, 8973.0, 13252.0, 12398.0, 10128.0, 7260.0, 7579.0, 7982.0, 10488.0, 7947.0, 9304.0, 8304.0, 6510.0, 4804.0, 5783.0, 6251.0, 6001.0, 4869.0, 5150.0, 4887.0, 5243.0, 7237.0, 11668.0, 11595.0, 7683.0, 5447.0, 4857.0, 3906.0, 4460.0, 3990.0, 4332.0, 4173.0, 3539.0, 4376.0, 4816.0, 5459.0, 4196.0, 4906.0, 4778.0, 3825.0, 3776.0, 3270.0, 3520.0, 3985.0, 5397.0, 5242.0, 3275.0, 5005.0, 8693.0, 7637.0, 3558.0, 2818.0, 4585.0, 4672.0, 4050.0, 3489.0, 2978.0, 2978.0, 2398.0, 2604.0, 2596.0, 2964.0, 3009.0, 2504.0, 2634.0, 2429.0, 2821.0, 3448.0, 2868.0, 1900.0, 2290.0, 2199.0]",77576312.0847244
15,0.8,20,"[{""x"": -0.8225440979003906, ""y"": 1.1723041534423828, ""z"": 0.0, ""velocity"": 0.0, ""snr"": 0.0}, {""x"": -0.9341239929199219, ""y"": 1.1166930198669434, ""z"": 0.0, ""velocity"": 0.0, ""snr"": 0.0}, {""x"": -0.17684698104858398, ""y"": 0.338137149810791, ""z"": 0.0, ""velocity"": 0.0, ""snr"": 0.0}, {""x"": -0.8640289306640625, ""y"": 1.4900565147399902, ""z"": 0.0, ""velocity"": 0.0, ""snr"": 0.0}, {""x"": -0.7454752922058105, ""y"": 1.5351176261901855, ""z"": 0.0, ""velocity"": 0.0, ""snr"": 0.0}, {""x"": -0.07939338684082031, ""y"": 0.303804874420166, ""z"": 0.0, ""velocity"": 0.0, ""snr"": 0.0}, {""x"": -0.07903575897216797, ""y"": 0.3097057342529297, ""z"": 0.0, ""velocity"": 0.0, ""snr"": 0.0}, {""x"": -0.08064508438110352, ""y"": 0.3154277801513672, ""z"": 0.0, ""velocity"": 0.0, ""snr"": 0.0}, {""x"": -0.12624263763427734, ""y"": 1.5649795532226562, ""z"": 0.0, ""velocity"": 0.0, ""snr"": 0.0}, {""x"": -0.17720460891723633, ""y"": 1.577317714691162, ""z"": 0.0, ""velocity"": 0.0, ""snr"": 0.0}, {""x"": -0.030219554901123047, ""y"": 0.5958080291748047, ""z"": 0.0, ""velocity"": 0.0, ""snr"": 0.0}, {""x"": -0.0903010368347168, ""y"": 1.539766788482666, ""z"": 0.0, ""velocity"": 0.0, ""snr"": 0.0}, {""x"": 0.06133317947387695, ""y"": 0.485837459564209, ""z"": 0.0, ""velocity"": 0.0, ""snr"": 0.0}, {""x"": 0.05435943603515625, ""y"": 0.5101561546325684, ""z"": 0.0, ""velocity"": 0.0, ""snr"": 0.0}, {""x"": 0.05882978439331055, ""y"": 0.5344748497009277, ""z"": 0.0, ""velocity"": 0.0, ""snr"": 0.0}, {""x"": 0.03987550735473633, ""y"": 0.5630850791931152, ""z"": 0.0, ""velocity"": 0.0, ""snr"": 0.0}, {""x"": 1.6517043113708496, ""y"": 1.8212199211120605, ""z"": 0.0, ""velocity"": 0.0, ""snr"": 0.0}, {""x"": 1.667618751525879, ""y"": 1.8355250358581543, ""z"": 0.0, ""velocity"": 0.0, ""snr"": 0.0}, {""x"": 1.683354377746582, ""y"": 1.841425895690918, ""z"": 0.0, ""velocity"": 0.0, ""snr"": 0.0}, {""x"": 1.674056053161621, ""y"": 1.8916726112365723, ""z"": 0.0, ""velocity"": 0.0, ""snr"": 0.0}]","[151699.0, 219769.0, 152524.0, 47199.0, 9820.0, 23262.0, 111844.0, 175846.0, 107433.0, 26915.0, 55564.0, 86419.0, 82052.0, 54090.0, 24578.0, 8102.0, 3992.0, 2950.0, 2871.0, 2776.0, 2617.0, 2686.0, 2333.0, 3270.0, 4819.0, 4643.0, 5241.0, 6277.0, 5786.0, 2992.0, 10117.0, 16298.0, 16807.0, 15124.0, 31602.0, 27775.0, 18454.0, 25957.0, 30806.0, 11452.0, 8003.0, 15855.0, 18577.0, 9933.0, 6817.0, 7246.0, 6216.0, 5778.0, 6221.0, 6220.0, 6811.0, 5963.0, 12274.0, 31125.0, 49908.0, 43535.0, 18181.0, 10024.0, 13592.0, 12560.0, 10626.0, 7331.0, 6772.0, 7478.0, 9483.0, 8711.0, 9202.0, 8727.0, 6587.0, 5481.0, 6312.0, 7209.0, 6370.0, 4505.0, 4346.0, 4278.0, 4679.0, 7388.0, 12203.0, 11903.0, 8029.0, 5448.0, 4795.0, 3964.0, 3962.0, 4092.0, 4989.0, 4292.0, 3931.0, 4668.0, 3969.0, 3786.0, 3966.0, 5323.0, 5163.0, 4159.0, 3087.0, 2908.0, 3818.0, 4112.0, 3517.0, 3126.0, 3178.0, 5475.0, 8282.0, 6792.0, 3423.0, 3388.0, 4951.0, 5450.0, 4509.0, 3553.0, 2810.0, 2894.0, 2662.0, 2224.0, 2411.0, 2567.0, 2516.0, 2136.0, 2197.0, 2392.0, 3117.0, 3534.0, 2691.0, 2112.0, 2246.0, 2641.0]",76023031.68464547
0,0.8,16,"[{""x"": -1.0043978691101074, ""y"": 1.056969165802002, ""z"": 0.0, ""velocity"": 0.0, ""snr"": 0.0}, {""x"": -0.8649230003356934, ""y"": 1.1390447616577148, ""z"": 0.0, ""velocity"": 0.0, ""snr"": 0.0}, {""x"": -0.7622838020324707, ""y"": 1.5318989753723145, ""z"": 0.0, ""velocity"": 0.0, ""snr"": 0.0}, {""x"": -0.8563399314880371, ""y"": 1.4911293983459473, ""z"": 0.0, ""velocity"": 0.0, ""snr"": 0.0}, {""x"": -0.03808736801147461, ""y"": 0.3517270088195801, ""z"": 0.0, ""velocity"": 0.0, ""snr"": 0.0}, {""x"": -0.026464462280273438, ""y"": 0.41663646697998047, ""z"": 0.0, ""velocity"": 0.0, ""snr"": 0.0}, {""x"": -0.14358758926391602, ""y"": 1.5903711318969727, ""z"": 0.0, ""velocity"": 0.0, ""snr"": 0.0}, {""x"": -0.03540515899658203, ""y"": 1.567840576171875, ""z"": 0.0, ""velocity"": 0.0, ""snr"": 0.0}, {""x"": 0.04273653030395508, ""y"": 0.4792213439941406, ""z"": 0.0, ""velocity"": 0.0, ""snr"": 0.0}, {""x"": 0.04363059997558594, ""y"": 0.5019307136535645, ""z"": 0.0, ""velocity"": 0.0, ""snr"": 0.0}, {""x"": 0.09673833847045898, ""y"": 0.5271434783935547, ""z"": 0.0, ""velocity"": 0.0, ""snr"": 0.0}, {""x"": 0.06687641143798828, ""y"": 0.5884766578674316, ""z"": 0.0, ""velocity"": 0.0, ""snr"": 0.0}, {""x"": 0.1074671745300293, ""y"": 0.5527138710021973, ""z"": 0.0, ""velocity"": 0.0, ""snr"": 0.0}, {""x"": 1.650989055633545, ""y"": 1.821577548980713, ""z"": 0.0, ""velocity"": 0.0, ""snr"": 0.0}, {""x"": 1.6610026359558105, ""y"": 1.840353012084961, ""z"": 0.0, ""velocity"": 0.0, ""snr"": 0.0}, {""x"": 1.6633272171020508, ""y"": 1.856982707977295, ""z"": 0.0, ""velocity"": 0.0, ""snr"": 0.0}]","[152043.0, 220072.0, 152761.0, 47170.0, 9592.0, 5489.0, 31651.0, 67287.0, 58498.0, 41337.0, 88859.0, 105485.0, 90002.0, 62377.0, 22424.0, 7084.0, 3330.0, 2934.0, 2323.0, 2117.0, 2331.0, 2296.0, 2912.0, 4330.0, 4881.0, 4498.0, 4746.0, 5110.0, 5711.0, 3251.0, 9538.0, 14713.0, 14705.0, 10441.0, 19668.0, 17938.0, 17677.0, 29246.0, 31915.0, 11204.0, 9088.0, 15370.0, 18285.0, 10274.0, 7889.0, 7883.0, 5826.0, 5526.0, 5330.0, 5459.0, 6231.0, 5662.0, 11853.0, 30608.0, 48409.0, 41492.0, 15721.0, 8825.0, 14526.0, 13355.0, 10016.0, 7937.0, 7868.0, 7422.0, 9539.0, 9323.0, 9862.0, 8462.0, 7247.0, 5490.0, 5761.0, 5763.0, 5021.0, 4951.0, 5905.0, 4531.0, 4982.0, 7015.0, 12152.0, 12130.0, 7877.0, 5029.0, 4621.0, 3297.0, 4274.0, 4021.0, 4862.0, 4362.0, 3708.0, 3804.0, 4392.0, 4635.0, 3726.0, 5158.0, 4691.0, 3495.0, 2997.0, 3296.0, 4964.0, 4133.0, 4623.0, 4552.0, 3364.0, 4695.0, 7650.0, 6176.0, 3054.0, 3706.0, 4957.0, 5148.0, 3621.0, 3261.0, 2781.0, 2976.0, 2624.0, 2254.0, 2254.0, 2537.0, 2571.0, 2319.0, 2805.0, 2417.0, 2680.0, 3412.0, 2855.0, 2139.0, 2208.0, 2273.0]",74503467.92934045
1,0.8,18,"[{""x"": -0.8275508880615234, ""y"": 1.1681914329528809, ""z"": 0.0, ""velocity"": 0.0, ""snr"": 0.0}, {""x"": -0.9491443634033203, ""y"": 1.1057853698730469, ""z"": 0.0, ""velocity"": 0.0, ""snr"": 0.0}, {""x"": -0.22727251052856445, ""y"": 0.4035830497741699, ""z"": 0.0, ""velocity"": 0.0, ""snr"": 0.0}, {""x"": -0.7528066635131836, ""y"": 1.5370845794677734, ""z"": 0.0, ""velocity"": 0.0, ""snr"": 0.0}, {""x"": -0.8529424667358398, ""y"": 1.4945268630981445, ""z"": 0.0, ""velocity"": 0.0, ""snr"": 0.0}, {""x"": -0.06347894668579102, ""y"": 0.31703710556030273, ""z"": 0.0, ""velocity"": 0.0, ""snr"": 0.0}, {""x"": -0.06937980651855469, ""y"": 0.3268718719482422, ""z"": 0.0, ""velocity"": 0.0, ""snr"": 0.0}, {""x"": -0.07510185241699219, ""y"": 0.33777952194213867, ""z"": 0.0, ""velocity"": 0.0, ""snr"": 0.0}, {""x"": -0.11515617370605469, ""y"": 0.3624558448791504, ""z"": 0.0, ""velocity"": 0.0, ""snr"": 0.0}, {""x"": -0.47403573989868164, ""y"": 1.5862584114074707, ""z"": 0.0, ""velocity"": 0.0, ""snr"": 0.0}, {""x"": -0.1278519630432129, ""y"": 1.565694808959961, ""z"": 0.0, ""velocity"": 0.0, ""snr"": 0.0}, {""x"": -0.20205974578857422, ""y"": 1.5816092491149902, ""z"": 0.0, ""velocity"": 0.0, ""snr"": 0.0}, {""x"": 0.07027387619018555, ""y"": 0.5151629447937012, ""z"": 0.0, ""velocity"": 0.0, ""snr"": 0.0}, {""x"": 0.06723403930664062, ""y"": 0.5353689193725586, ""z"": 0.0, ""velocity"": 0.0, ""snr"": 0.0}, {""x"": 0.08600950241088867, ""y"": 0.5516409873962402, ""z"": 0.0, ""velocity"": 0.0, ""snr"": 0.0}, {""x"": 0.11157989501953125, ""y"": 0.577390193939209, ""z"": 0.0, ""velocity"": 0.0, ""snr"": 0.0}, {""x"": 1.668691635131836, ""y"": 1.8335580825805664, ""z"": 0.0, ""velocity"": 0.0, ""snr"": 0.0}, {""x"": 1.691579818725586, ""y"": 1.8308758735656738, ""z"": 0.0, ""velocity"": 0.0, ""snr"": 0.0}]","[151885.0, 219852.0, 152508.0, 47066.0, 9890.0, 9113.0, 65106.0, 138611.0, 120695.0, 58489.0, 49786.0, 81441.0, 86974.0, 54192.0, 15268.0, 8622.0, 3086.0, 3049.0, 2924.0, 2551.0, 2357.0, 2282.0, 2465.0, 3000.0, 3998.0, 4452.0, 4835.0, 5588.0, 7147.0, 3000.0, 9408.0, 14891.0, 15294.0, 11831.0, 23304.0, 21835.0, 19227.0, 30319.0, 33695.0, 12444.0, 8145.0, 15326.0, 18326.0, 9010.0, 6570.0, 6803.0, 5890.0, 5073.0, 5472.0, 5130.0, 6048.0, 5453.0, 11907.0, 30590.0, 49197.0, 41629.0, 15833.0, 8636.0, 13122.0, 12286.0, 10188.0, 9078.0, 8386.0, 6726.0, 9748.0, 8747.0, 9081.0, 7895.0, 5039.0, 5168.0, 5956.0, 5892.0, 5123.0, 3972.0, 5741.0, 4442.0, 4714.0, 7296.0, 12742.0, 12582.0, 8184.0, 5204.0, 4096.0, 3880.0, 4316.0, 3103.0, 4238.0, 4163.0, 3392.0, 4184.0, 3769.0, 3868.0, 3568.0, 5205.0, 4904.0, 3827.0, 2922.0, 2443.0, 3517.0, 4247.0, 4125.0, 3681.0, 3593.0, 5341.0, 8028.0, 6203.0, 3371.0, 3752.0, 5201.0, 5181.0, 4003.0, 3539.0, 2993.0, 2780.0, 2574.0, 2319.0, 2321.0, 2457.0, 2278.0, 2343.0, 2386.0, 2144.0, 3078.0, 3613.0, 2849.0, 2045.0, 2328.0, 2363.0]",73013514.32727724
2,0.8,20,"[{""x"": -0.93841552734375, ""y"": 1.1127591133117676, ""z"": 0.0, ""velocity"": 0.0, ""snr"": 0.0}, {""x"": -0.7939338684082031, ""y"": 1.186072826385498, ""z"": 0.0, ""velocity"": 0.0, ""snr"": 0.0}, {""x"": -0.8420348167419434, ""y"": 1.5004277229309082, ""z"": 0.0, ""velocity"": 0.0, ""snr"": 0.0}, {""x"": -0.7440447807312012, ""y"": 1.5349388122558594, ""z"": 0.0, ""velocity"": 0.0, ""snr"": 0.0}, {""x"": -0.4677772521972656, ""y"": 1.5860795974731445, ""z"": 0.0, ""velocity"": 0.0, ""snr"": 0.0}, {""x"": -0.042557716369628906, ""y"": 0.3234744071960449, ""z"": 0.0, ""velocity"": 0.0, ""snr"": 0.0}, {""x"": -0.04756450653076172, ""y"": 0.34922361373901367, ""z"": 0.0, ""velocity"": 0.0, ""snr"": 0.0}, {""x"": -0.042378902435302734, ""y"": 0.4284381866455078, ""z"": 0.0, ""velocity"": 0.0, ""snr"": 0.0}, {""x"": -0.24372339248657227, ""y"": 1.5217065811157227, ""z"": 0.0, ""velocity"": 0.0, ""snr"": 0.0}, {""x"": -0.12087821960449219, ""y"": 1.5665888786315918, ""z"": 0.0, ""velocity"": 0.0, ""snr"": 0.0}, {""x"": -0.19347667694091797, ""y"": 1.5821456909179688, ""z"": 0.0, ""velocity"": 0.0, ""snr"": 0.0}, {""x"": -0.004291534423828125, ""y"": 0.4779696464538574, ""z"": 0.0, ""velocity"": 0.0, ""snr"": 0.0}, {""x"": 0.03361701965332031, ""y"": 0.5049705505371094, ""z"": 0.0, ""velocity"": 0.0, ""snr"": 0.0}, {""x"": 0.11157989501953125, ""y"": 0.5301833152770996, ""z"": 0.0, ""velocity"": 0.0, ""snr"": 0.0}, {""x"": 0.1455545425415039, ""y"": 0.5414485931396484, ""z"": 0.0, ""velocity"": 0.0, ""snr"": 0.0}, {""x"": 0.11283159255981445, ""y"": 0.5750656127929688, ""z"": 0.0, ""velocity"": 0.0, ""snr"": 0.0}, {""x"": 1.6699433326721191, ""y"": 1.8056631088256836, ""z"": 0.0, ""velocity"": 0.0, ""snr"": 0.0}, {""x"": 1.6747713088989258, ""y"": 1.8287301063537598, ""z"": 0.0, ""velocity"": 0.0, ""snr"": 0.0}, {""x"": 1.699984073638916, ""y"": 1.8239021301269531, ""z"": 0.0, ""velocity"": 0.0, ""snr"": 0.0}, {""x"": 1.7150044441223145, ""y"": 1.847684383392334, ""z"": 0.0, ""velocity"": 0.0, ""snr"": 0.0}]","[151644.0, 219717.0, 152909.0, 47286.0, 9465.0, 5426.0, 32314.0, 65703.0, 42639.0, 40290.0, 85349.0, 94578.0, 88000.0, 59765.0, 17103.0, 8272.0, 2552.0, 3352.0, 2385.0, 2690.0, 2660.0, 3126.0, 2826.0, 3571.0, 4475.0, 4677.0, 5245.0, 6094.0, 5965.0, 3233.0, 9732.0, 15334.0, 14990.0, 11667.0, 23539.0, 22374.0, 19032.0, 28620.0, 31543.0, 11626.0, 8298.0, 15330.0, 18434.0, 9016.0, 6482.0, 6399.0, 5865.0, 5673.0, 5340.0, 5469.0, 5978.0, 5911.0, 12078.0, 30571.0, 49981.0, 42516.0, 16736.0, 7827.0, 12079.0, 12285.0, 11297.0, 8910.0, 7357.0, 7352.0, 9896.0, 8296.0, 8853.0, 8534.0, 6595.0, 5294.0, 5645.0, 5551.0, 5784.0, 4961.0, 6820.0, 5656.0, 4695.0, 7642.0, 12804.0, 12164.0, 7935.0, 5083.0, 4232.0, 3803.0, 4020.0, 3423.0, 4712.0, 4789.0, 3555.0, 4142.0, 4370.0, 3953.0, 4333.0, 5054.0, 5127.0, 4055.0, 3314.0, 3152.0, 3932.0, 4301.0, 4378.0, 3975.0, 3225.0, 4945.0, 7243.0, 5572.0, 3601.0, 3761.0, 4842.0, 4979.0, 4000.0, 3569.0, 3321.0, 3123.0, 2736.0, 3042.0, 2704.0, 2415.0, 2388.0, 2405.0, 2362.0, 2696.0, 3463.0, 3822.0, 3004.0, 1936.0, 2387.0, 2481.0]",71553347.07969525
3,0.8,15,"[{""x"": -0.8381009101867676, ""y"": 1.1571049690246582, ""z"": 0.0, ""velocity"": 0.0, ""snr"": 0.0}, {""x"": -0.7637143135070801, ""y"": 1.535475254058838, ""z"": 0.0, ""velocity"": 0.0, ""snr"": 0.0}, {""x"": -0.8524060249328613, ""y"": 1.495957374572754, ""z"": 0.0, ""velocity"": 0.0, ""snr"": 0.0}, {""x"": -0.15807151794433594, ""y"": 1.5630125999450684, ""z"": 0.0, ""velocity"": 0.0, ""snr"": 0.0}, {""x"": -0.21314620971679688, ""y"": 1.5796422958374023, ""z"": 0.0, ""velocity"": 0.0, ""snr"": 0.0}, {""x"": -0.0025033950805664062, ""y"": 0.4520416259765625, ""z"": 0.0, ""velocity"": 0.0, ""snr"": 0.0}, {""x"": 0.02002716064453125, ""y"": 0.4813671112060547, ""z"": 0.0, ""velocity"": 0.0, ""snr"": 0.0}, {""x"": 0.025570392608642578, ""y"": 0.5035400390625, ""z"": 0.0, ""velocity"": 0.0, ""snr"": 0.0}, {""x"": -0.004291534423828125, ""y"": 0.6119012832641602, ""z"": 0.0, ""velocity"": 0.0, ""snr"": 0.0}, {""x"": 0.042378902435302734, ""y"": 0.52642822265625, ""z"": 0.0, ""velocity"": 0.0, ""snr"": 0.0}, {""x"": 0.09816884994506836, ""y"": 0.5525350570678711, ""z"": 0.0, ""velocity"": 0.0, ""snr"": 0.0}, {""x"": 1.645982265472412, ""y"": 1.8274784088134766, ""z"": 0.0, ""velocity"": 0.0, ""snr"": 0.0}, {""x"": 1.6631484031677246, ""y"": 1.840531826019287, ""z"": 0.0, ""velocity"": 0.0, ""snr"": 0.0}, {""x"": 1.685500144958496, ""y"": 1.8385648727416992, ""z"": 0.0, ""velocity"": 0.0, ""snr"": 0.0}, {""x"": 1.6137957572937012, ""y"": 1.9344091415405273, ""z"": 0.0, ""velocity"": 0.0, ""snr"": 0.0}]","[151831.0, 219942.0, 152871.0, 47274.0, 10868.0, 22494.0, 31911.0, 20095.0, 12233.0, 30510.0, 65195.0, 84812.0, 68275.0, 34308.0, 18469.0, 9982.0, 4035.0, 3289.0, 2694.0, 2623.0, 2007.0, 2144.0, 2460.0, 4116.0, 5462.0, 4924.0, 4861.0, 5860.0, 6686.0, 5041.0, 10518.0, 15476.0, 15001.0, 10904.0, 22725.0, 20374.0, 19482.0, 37750.0, 43512.0, 16231.0, 8489.0, 14577.0, 16523.0, 10699.0, 6983.0, 7776.0, 6579.0, 5126.0, 5211.0, 5911.0, 6405.0, 6631.0, 12419.0, 31602.0, 52372.0, 45697.0, 18281.0, 7759.0, 12379.0, 12831.0, 10381.0, 9119.0, 8880.0, 7341.0, 10113.0, 10955.0, 11234.0, 8963.0, 7256.0, 5475.0, 6585.0, 7481.0, 6275.0, 4795.0, 6172.0, 5275.0, 5579.0, 8234.0, 13103.0, 12715.0, 8053.0, 5240.0, 4575.0, 3546.0, 3727.0, 3388.0, 4259.0, 4288.0, 3990.0, 4827.0, 4122.0, 3918.0, 4068.0, 5201.0, 5080.0, 3566.0, 2896.0, 2584.0, 4318.0, 4223.0, 3643.0, 3948.0, 3478.0, 5113.0, 7922.0, 6041.0, 3275.0, 3907.0, 4640.0, 4943.0, 4159.0, 3582.0, 3307.0, 3000.0, 3040.0, 2511.0, 2400.0, 2452.0, 2626.0, 2500.0, 2360.0, 2377.0, 3099.0, 3483.0, 2942.0, 2028.0, 2288.0, 2298.0]",70122992.39938092
4,0.8,17,"[{""x"": -1.004040241241455, ""y"": 0.7467269897460938, ""z"": 0.0, ""velocity"": 0.0, ""snr"": 0.0}, {""x"": -0.9292960166931152, ""y"": 0.8651018142700195, ""z"": 0.0, ""velocity"": 0.0, ""snr"": 0.0}, {""x"": -0.920712947845459, ""y"": 1.1377930641174316, ""z"": 0.0, ""velocity"": 0.0, ""snr"": 0.0}, {""x"": -0.7660388946533203, ""y"": 1.2000203132629395, ""z"": 0.0, ""velocity"": 0.0, ""snr"": 0.0}, {""x"": -0.9289383888244629, ""y"": 1.459658145904541, ""z"": 0.0, ""velocity"": 0.0, ""snr"": 0.0}, {""x"": -0.5727410316467285, ""y"": 1.2710094451904297, ""z"": 0.0, ""velocity"": 0.0, ""snr"": 0.0}, {""x"": 0.0023245811462402344, ""y"": 0.3476142883300781, ""z"": 0.0, ""velocity"": 0.0, ""snr"": 0.0}, {""x"": 0.01609325408935547, ""y"": 0.43076276779174805, ""z"": 0.0, ""velocity"": 0.0, ""snr"": 0.0}, {""x"": 0.024318695068359375, ""y"": 0.30237436294555664, ""z"": 0.0, ""velocity"": 0.0, ""snr"": 0.0}, {""x"": 0.03218650817871094, ""y"": 0.4761815071105957, ""z"": 0.0, ""velocity"": 0.0, ""snr"": 0.0}, {""x"": 0.033795833587646484, ""y"": 0.4928112030029297, ""z"": 0.0, ""velocity"": 0.0, ""snr"": 0.0}, {""x"": 0.14698505401611328, ""y"": 0.579535961151123, ""z"": 0.0, ""velocity"": 0.0, ""snr"": 0.0}, {""x"": 0.19043684005737305, ""y"": 0.5158782005310059, ""z"": 0.0, ""velocity"": 0.0, ""snr"": 0.0}, {""x"": 0.21404027938842773, ""y"": 0.5323290824890137, ""z"": 0.0, ""velocity"": 0.0, ""snr"": 0.0}, {""x"": 1.6715526580810547, ""y"": 1.8042325973510742, ""z"": 0.0, ""velocity"": 0.0, ""snr"": 0.0}, {""x"": 1.6660094261169434, ""y"": 1.8369555473327637, ""z"": 0.0, ""velocity"": 0.0, ""snr"": 0.0}, {""x"": 1.6871094703674316, ""y"": 1.834094524383545, ""z"": 0.0, ""velocity"": 0.0, ""snr"": 0.0}]","[152107.0, 220067.0, 152699.0, 47213.0, 12345.0, 26510.0, 60397.0, 57134.0, 30967.0, 29113.0, 59765.0, 65571.0, 43751.0, 39629.0, 17674.0, 5778.0, 4021.0, 2933.0, 2594.0, 2592.0, 1993.0, 1863.0, 2021.0, 4045.0, 5477.0, 5622.0, 6329.0, 10627.0, 12054.0, 6791.0, 14230.0, 17592.0, 17611.0, 18127.0, 19375.0, 14309.0, 8642.0, 20872.0, 30731.0, 13273.0, 11294.0, 15119.0, 18111.0, 13004.0, 7575.0, 8196.0, 6485.0, 5368.0, 6409.0, 6455.0, 6543.0, 6383.0, 12380.0, 31307.0, 51899.0, 43917.0, 16221.0, 8483.0, 13523.0, 12138.0, 10355.0, 7677.0, 8187.0, 6568.0, 9189.0, 8141.0, 9678.0, 8793.0, 5537.0, 4724.0, 4931.0, 5666.0, 4978.0, 4338.0, 5759.0, 5611.0, 5677.0, 8325.0, 12508.0, 11333.0, 7307.0, 5044.0, 4018.0, 3801.0, 3658.0, 3455.0, 4223.0, 4116.0, 3765.0, 4807.0, 4285.0, 4517.0, 4902.0, 5697.0, 5150.0, 4332.0, 3184.0, 3104.0, 4355.0, 4006.0, 2707.0, 2898.0, 2944.0, 3705.0, 5151.0, 3761.0, 3177.0, 3398.0, 3346.0, 3804.0, 3866.0, 3713.0, 2755.0, 2799.0, 2883.0, 2365.0, 2335.0, 3059.0, 3146.0, 2632.0, 2266.0, 2072.0, 2287.0, 3217.0, 2842.0, 1997.0, 2346.0, 2449.0]",68720597.51343372
5,0.8,17,"[{""x"": -0.9201765060424805, ""y"": 1.140296459197998, ""z"": 0.0, ""velocity"": 0.0, ""snr"": 0.0}, {""x"": -0.6964802742004395, ""y"": 1.2093186378479004, ""z"": 0.0, ""velocity"": 0.0, ""snr"": 0.0}, {""x"": -0.7992982864379883, ""y"": 1.1792778968811035, ""z"": 0.0, ""velocity"": 0.0, ""snr"": 0.0}, {""x"": -0.8794069290161133, ""y"": 1.4852285385131836, ""z"": 0.0, ""velocity"": 0.0, ""snr"": 0.0}, {""x"": -0.6063580513000488, ""y"": 1.3986825942993164, ""z"": 0.0, ""velocity"": 0.0, ""snr"": 0.0}, {""x"": -0.39821863174438477, ""y"": 1.5072226524353027, ""z"": 0.0, ""velocity"": 0.0, ""snr"": 0.0}, {""x"": -0.40465593338012695, ""y"": 1.5276074409484863, ""z"": 0.0, ""velocity"": 0.0, ""snr"": 0.0}, {""x"": -0.057756900787353516, ""y"": 0.43469667434692383, ""z"": 0.0, ""velocity"": 0.0, ""snr"": 0.0}, {""x"": -0.05328655242919922, ""y"": 0.46241283416748047, ""z"": 0.0, ""velocity"": 0.0, ""snr"": 0.0}, {""x"": 0.0007152557373046875, ""y"": 0.37676095962524414, ""z"": 0.0, ""velocity"": 0.0, ""snr"": 0.0}, {""x"": -0.0007152557373046875, ""y"": 0.485837459564209, ""z"": 0.0, ""velocity"": 0.0, ""snr"": 0.0}, {""x"": 0.09441375732421875, ""y"": 0.5089044570922852, ""z"": 0.0, ""velocity"": 0.0, ""snr"": 0.0}, {""x"": 0.1233816146850586, ""y"": 0.2696514129638672, ""z"": 0.0, ""velocity"": 0.0, ""snr"": 0.0}, {""x"": 0.22262334823608398, ""y"": 0.5110502243041992, ""z"": 0.0, ""velocity"": 0.0, ""snr"": 0.0}, {""x"": 0.13178586959838867, ""y"": 0.2696514129638672, ""z"": 0.0, ""velocity"": 0.0, ""snr"": 0.0}, {""x"": 1.6658306121826172, ""y"": 1.8349885940551758, ""z"": 0.0, ""velocity"": 0.0, ""snr"": 0.0}, {""x"": 1.694798469543457, ""y"": 1.8249750137329102, ""z"": 0.0, ""velocity"": 0.0, ""snr"": 0.0}]","[151706.0, 219771.0, 152693.0, 47366.0, 9742.0, 25833.0, 70870.0, 72079.0, 38366.0, 63633.0, 103891.0, 94603.0, 54510.0, 27778.0, 8036.0, 2708.0, 3541.0, 3556.0, 3354.0, 2788.0, 2237.0, 2245.0, 2506.0, 3792.0, 5345.0, 5342.0, 5349.0, 6807.0, 7321.0, 6892.0, 13395.0, 16964.0, 17845.0, 20121.0, 24625.0, 20753.0, 9861.0, 23181.0, 32630.0, 11801.0, 10079.0, 15899.0, 17569.0, 10092.0, 6810.0, 8059.0, 6043.0, 5027.0, 5551.0, 5254.0, 7104.0, 6581.0, 11749.0, 29664.0, 47761.0, 38947.0, 13679.0, 7973.0, 12694.0, 12280.0, 10496.0, 7037.0, 7979.0, 6580.0, 8742.0, 8025.0, 9950.0, 8502.0, 5585.0, 4221.0, 4735.0, 5422.0, 4884.0, 3931.0, 5920.0, 5118.0, 4939.0, 7686.0, 11985.0, 10958.0, 6630.0, 4739.0, 4694.0, 4430.0, 4918.0, 3694.0, 4194.0, 4067.0, 4379.0, 4741.0, 4488.0, 4685.0, 4755.0, 5196.0, 4926.0, 4791.0, 3919.0, 2655.0, 4074.0, 3505.0, 3029.0, 3915.0, 3072.0, 2975.0, 3134.0, 2996.0, 3571.0, 3647.0, 2755.0, 3337.0, 3199.0, 3134.0, 2573.0, 2950.0, 2653.0, 2167.0, 2712.0, 2799.0, 2832.0, 2370.0, 2081.0, 2030.0, 2489.0, 2651.0, 2110.0, 1870.0, 2287.0, 2445.0]",67345402.12602316
6,0.8,17,"[{""x"": -0.8946061134338379, ""y"": 1.1553168296813965, ""z"": 0.0, ""velocity"": 0.0, ""snr"": 0.0}, {""x"": -0.6680488586425781, ""y"": 1.2189745903015137, ""z"": 0.0, ""velocity"": 0.0, ""snr"": 0.0}, {""x"": -0.7390379905700684, ""y"": 1.2137889862060547, ""z"": 0.0, ""velocity"": 0.0, ""snr"": 0.0}, {""x"": -0.9110569953918457, ""y"": 1.466810703277588, ""z"": 0.0, ""velocity"": 0.0, ""snr"": 0.0}, {""x"": -0.6628632545471191, ""y"": 1.3668537139892578, ""z"": 0.0, ""velocity"": 0.0, ""snr"": 0.0}, {""x"": -0.46455860137939453, ""y"": 1.4839768409729004, ""z"": 0.0, ""velocity"": 0.0, ""snr"": 0.0}, {""x"": -0.05561113357543945, ""y"": 0.4304051399230957, ""z"": 0.0, ""velocity"": 0.0, ""snr"": 0.0}, {""x"": -0.04988908767700195, ""y"": 0.46634674072265625, ""z"": 0.0, ""velocity"": 0.0, ""snr"": 0.0}, {""x"": -0.009655952453613281, ""y"": 0.4883408546447754, ""z"": 0.0, ""velocity"": 0.0, ""snr"": 0.0}, {""x"": 0.061511993408203125, ""y"": 0.32526254653930664, ""z"": 0.0, ""velocity"": 0.0, ""snr"": 0.0}, {""x"": 0.03701448440551758, ""y"": 0.3554821014404297, ""z"": 0.0, ""velocity"": 0.0, ""snr"": 0.0}, {""x"": 0.10889768600463867, ""y"": 0.5194544792175293, ""z"": 0.0, ""velocity"": 0.0, ""snr"": 0.0}, {""x"": 0.20831823348999023, ""y"": 0.5257129669189453, ""z"": 0.0, ""velocity"": 0.0, ""snr"": 0.0}, {""x"": 0.22172927856445312, ""y"": 0.5475282669067383, ""z"": 0.0, ""velocity"": 0.0, ""snr"": 0.0}, {""x"": 1.6534924507141113, ""y"": 1.8199682235717773, ""z"": 0.0, ""velocity"": 0.0, ""snr"": 0.0}, {""x"": 1.6529560089111328, ""y"": 1.846611499786377, ""z"": 0.0, ""velocity"": 0.0, ""snr"": 0.0}, {""x"": 1.6753077507019043, ""y"": 1.8433928489685059, ""z"": 0.0, ""velocity"": 0.0, ""snr"": 0.0}]","[152016.0, 220057.0, 33575949.0, 100860929.0, 460805.0, 3758425347.0, 838860802.0, 1241516644.0, 3.0, 234881024.0, 33554432.0, 4278190080.0, 771751935.0, 2684354561.0, 0.0, 758725504.0, 3784409.0, 4096000.0, 239042560.0, 3808428032.0, 1704685.0, 855638016.0, 3421587784.0, 26.0, 2202351872.0, 1724655.0, 1056964608.0, 2045681734.0, 33.0, 1263350016.0, 2149613.0, 1107296256.0, 3925772108.0, 9.0, 1497720576.0, 685567.0, 2281701376.0, 3489710660.0, 10.0, 3728969472.0, 711171.0, 2147483648.0, 688289603.0, 10.0, 692217856.0, 651016.0, 922746880.0, 589613891.0, 39.0, 3343725312.0, 2606372.0, 1241513984.0, 2166717004.0, 39.0, 776620544.0, 1.0, 2248146946.0, 4177527377.0, 1962935131.0, 2315256405.0, 1107296441.0, 4160749619.0, 1962934379.0, 1660944476.0, 3976200224.0, 989855789.0, 4060086488.0, 3992977881.0, 1610613263.0, 33554769.0, 100860929.0, 460805.0, 3758425347.0, 838860802.0, 1258293860.0, 3.0, 234881024.0, 33554432.0, 4278190080.0, 771751935.0, 2684354561.0, 0.0, 758725504.0, 3784409.0, 4096000.0, 239042560.0, 318767104.0, 1715950.0, 855638016.0, 3421591624.0, 26.0, 1732590080.0, 1720559.0, 1056964608.0, 2834234950.0, 33.0, 2420977920.0, 2161901.0, 1107296256.0, 1425595980.0, 33.0, 960902144.0, 644350.0, 1744830464.0, 1040109125.0, 10.0, 3930359040.0, 692479.0, 2181038080.0, 1493503300.0, 10.0, 2084729600.0, 614663.0, 1409286144.0, 1613007427.0, 39.0, 2706191360.0, 2615332.0, 1275068416.0, 3894741835.0, 39.0, 776556288.0, 1.0, 2617245698.0, 1107296848.0, 2264925019.0, 2868904532.0, 3472883897.0]",1209312260.3149567
7,0.8,15,"[{""x"": -0.8432865142822266, ""y"": 1.1842846870422363, ""z"": 0.0, ""velocity"": 0.0, ""snr"": 0.0}, {""x"": -0.6655454635620117, ""y"": 1.2289881706237793, ""z"": 0.0, ""velocity"": 0.0, ""snr"": 0.0}, {""x"": -0.7603168487548828, ""y"": 1.2009143829345703, ""z"": 0.0, ""velocity"": 0.0, ""snr"": 0.0}, {""x"": -0.783383846282959, ""y"": 1.5379786491394043, ""z"": 0.0, ""velocity"": 0.0, ""snr"": 0.0}, {""x"": -0.8500814437866211, ""y"": 1.5052556991577148, ""z"": 0.0, ""velocity"": 0.0, ""snr"": 0.0}, {""x"": -0.07581710815429688, ""y"": 0.4475712776184082, ""z"": 0.0, ""velocity"": 0.0, ""snr"": 0.0}, {""x"": -0.058650970458984375, ""y"": 0.46509504318237305, ""z"": 0.0, ""velocity"": 0.0, ""snr"": 0.0}, {""x"": -0.039696693420410156, ""y"": 0.48047304153442383, ""z"": 0.0, ""velocity"": 0.0, ""snr"": 0.0}, {""x"": -0.0470280647277832, ""y"": 0.5069375038146973, ""z"": 0.0, ""velocity"": 0.0, ""snr"": 0.0}, {""x"": 0.35959482192993164, ""y"": 0.4100203514099121, ""z"": 0.0, ""velocity"": 0.0, ""snr"": 0.0}, {""x"": 0.34743547439575195, ""y"": 0.4398822784423828, ""z"": 0.0, ""velocity"": 0.0, ""snr"": 0.0}, {""x"": 0.38051605224609375, ""y"": 0.44792890548706055, ""z"": 0.0, ""velocity"": 0.0, ""snr"": 0.0}, {""x"": 1.6888976097106934, ""y"": 1.7865300178527832, ""z"": 0.0, ""velocity"": 0.0, ""snr"": 0.0}, {""x"": 1.674950122833252, ""y"": 1.827836036682129, ""z"": 0.0, ""velocity"": 0.0, ""snr"": 0.0}, {""x"": 1.6994476318359375, ""y"": 1.8239021301269531, ""z"": 0.0, ""velocity"": 0.0, ""snr"": 0.0}]","[151619.0, 219890.0, 152759.0, 47023.0, 18450.0, 36561.0, 33201.0, 14009.0, 17035.0, 70699.0, 132587.0, 114726.0, 52424.0, 33900.0, 10388.0, 5837.0, 3346.0, 2770.0, 2287.0, 2847.0, 2979.0, 3542.0, 3285.0, 3531.0, 4478.0, 4029.0, 4609.0, 6334.0, 7012.0, 7250.0, 15308.0, 18664.0, 17099.0, 12661.0, 13425.0, 13071.0, 9947.0, 30267.0, 42264.0, 18028.0, 7825.0, 14077.0, 16389.0, 13693.0, 7610.0, 6764.0, 7777.0, 5675.0, 5449.0, 5982.0, 6506.0, 6417.0, 13250.0, 32384.0, 51737.0, 44166.0, 16850.0, 11858.0, 14499.0, 13789.0, 10670.0, 7503.0, 10023.0, 8443.0, 7199.0, 7571.0, 9708.0, 7640.0, 6009.0, 7825.0, 6675.0, 5315.0, 4210.0, 4029.0, 4787.0, 4836.0, 4641.0, 6686.0, 10778.0, 10127.0, 6549.0, 5204.0, 4670.0, 3218.0, 3618.0, 3235.0, 4334.0, 3915.0, 3137.0, 4049.0, 3855.0, 3758.0, 4449.0, 4566.0, 4161.0, 4369.0, 3648.0, 3457.0, 4278.0, 4905.0, 5321.0, 4769.0, 2980.0, 5198.0, 7793.0, 5759.0, 3353.0, 3755.0, 5100.0, 5263.0, 4128.0, 3232.0, 2693.0, 2979.0, 2524.0, 2392.0, 2399.0, 2603.0, 2534.0, 2604.0, 2578.0, 2416.0, 2500.0, 2897.0, 2017.0, 2230.0, 2438.0, 2143.0]",89693277.59167641
8,0.8,13,"[{""x"": -0.8563399314880371, ""y"": 1.172482967376709, ""z"": 0.0, ""velocity"": 0.0, ""snr"": 0.0}, {""x"": -0.6360411643981934, ""y"": 1.244187355041504, ""z"": 0.0, ""velocity"": 0.0, ""snr"": 0.0}, {""x"": -0.7562041282653809, ""y"": 1.2019872665405273, ""z"": 0.0, ""velocity"": 0.0, ""snr"": 0.0}, {""x"": -0.8651018142700195, ""y"": 1.4968514442443848, ""z"": 0.0, ""velocity"": 0.0, ""snr"": 0.0}, {""x"": -0.12999773025512695, ""y"": 0.42879581451416016, ""z"": 0.0, ""velocity"": 0.0, ""snr"": 0.0}, {""x"": -0.11944770812988281, ""y"": 0.44596195220947266, ""z"": 0.0, ""velocity"": 0.0, ""snr"": 0.0}, {""x"": -0.036656856536865234, ""y"": 0.48798322677612305, ""z"": 0.0, ""velocity"": 0.0, ""snr"": 0.0}, {""x"": -0.04649162292480469, ""y"": 0.5198121070861816, ""z"": 0.0, ""velocity"": 0.0, ""snr"": 0.0}, {""x"": -0.006079673767089844, ""y"": 0.5611181259155273, ""z"": 0.0, ""velocity"": 0.0, ""snr"": 0.0}, {""x"": -0.033795833587646484, ""y"": 0.5879402160644531, ""z"": 0.0, ""velocity"": 0.0, ""snr"": 0.0}, {""x"": 1.6756653785705566, ""y"": 1.7990469932556152, ""z"": 0.0, ""velocity"": 0.0, ""snr"": 0.0}, {""x"": 1.6799569129943848, ""y"": 1.822829246520996, ""z"": 0.0, ""velocity"": 0.0, ""snr"": 0.0}, {""x"": 1.7117857933044434, ""y"": 1.8110275268554688, ""z"": 0.0, ""velocity"": 0.0, ""snr"": 0.0}]","[151789.0, 219763.0, 152615.0, 47157.0, 16533.0, 32271.0, 29886.0, 10566.0, 20194.0, 79271.0, 118049.0, 104894.0, 63163.0, 36903.0, 13652.0, 2740.0, 2618.0, 2820.0, 2176.0, 2185.0, 2441.0, 3261.0, 3137.0, 3901.0, 5234.0, 5005.0, 5226.0, 6794.0, 6914.0, 7365.0, 14988.0, 17981.0, 16014.0, 11173.0, 12606.0, 13034.0, 9474.0, 28043.0, 39535.0, 16805.0, 7538.0, 14046.0, 16818.0, 14197.0, 7965.0, 6208.0, 7452.0, 5265.0, 6195.0, 6427.0, 7073.0, 6735.0, 12762.0, 31925.0, 51033.0, 42878.0, 15846.0, 12293.0, 14475.0, 13963.0, 10492.0, 7621.0, 8626.0, 8801.0, 6165.0, 7939.0, 9478.0, 7886.0, 7598.0, 8444.0, 6721.0, 5291.0, 4484.0, 3864.0, 4774.0, 4657.0, 4856.0, 7533.0, 11578.0, 10833.0, 7014.0, 6466.0, 4611.0, 3790.0, 4200.0, 3753.0, 4539.0, 3591.0, 3314.0, 4053.0, 4012.0, 4192.0, 4782.0, 4815.0, 4542.0, 4059.0, 3339.0, 3294.0, 3992.0, 5043.0, 5582.0, 4823.0, 3166.0, 4749.0, 7124.0, 6171.0, 3190.0, 3212.0, 4668.0, 4965.0, 3874.0, 3395.0, 2461.0, 2709.0, 2443.0, 2188.0, 2315.0, 2371.0, 2451.0, 2550.0, 2541.0, 2409.0, 2619.0, 3403.0, 2556.0, 1958.0, 2277.0, 2361.0]",87899557.68828036
9,0.8,13,"[{""x"": -0.8196830749511719, ""y"": 1.1624693870544434, ""z"": 0.0, ""velocity"": 0.0, ""snr"": 0.0}, {""x"": -0.6966590881347656, ""y"": 1.2134313583374023, ""z"": 0.0, ""velocity"": 0.0, ""snr"": 0.0}, {""x"": -0.7753372192382812, ""y"": 1.546025276184082, ""z"": 0.0, ""velocity"": 0.0, ""snr"": 0.0}, {""x"": -0.7808804512023926, ""y"": 1.546919345855713, ""z"": 0.0, ""velocity"": 0.0, ""snr"": 0.0}, {""x"": -0.7477998733520508, ""y"": 1.5785694122314453, ""z"": 0.0, ""velocity"": 0.0, ""snr"": 0.0}, {""x"": -0.05900859832763672, ""y"": 0.45186281204223633, ""z"": 0.0, ""velocity"": 0.0, ""snr"": 0.0}, {""x"": -0.05239248275756836, ""y"": 0.4718899726867676, ""z"": 0.0, ""velocity"": 0.0, ""snr"": 0.0}, {""x"": -0.023424625396728516, ""y"": 0.4699230194091797, ""z"": 0.0, ""velocity"": 0.0, ""snr"": 0.0}, {""x"": 0.2321004867553711, ""y"": 0.49227476119995117, ""z"": 0.0, ""velocity"": 0.0, ""snr"": 0.0}, {""x"": 0.1843571662902832, ""y"": 0.5308985710144043, ""z"": 0.0, ""velocity"": 0.0, ""snr"": 0.0}, {""x"": 1.6742348670959473, ""y"": 1.8011927604675293, ""z"": 0.0, ""velocity"": 0.0, ""snr"": 0.0}, {""x"": 1.6831755638122559, ""y"": 1.8210411071777344, ""z"": 0.0, ""velocity"": 0.0, ""snr"": 0.0}, {""x"": 1.6973018646240234, ""y"": 1.825869083404541, ""z"": 0.0, ""velocity"": 0.0, ""snr"": 0.0}]","[151973.0, 219855.0, 152592.0, 48047.0, 19104.0, 37024.0, 31833.0, 12439.0, 13844.0, 55404.0, 114757.0, 98990.0, 46089.0, 33337.0, 9424.0, 4097.0, 3096.0, 3117.0, 3065.0, 2926.0, 2697.0, 2800.0, 2695.0, 4461.0, 5977.0, 5140.0, 4228.0, 5558.0, 6069.0, 5676.0, 13530.0, 16485.0, 14514.0, 9908.0, 10546.0, 10516.0, 8948.0, 31964.0, 46732.0, 23650.0, 8873.0, 14211.0, 16429.0, 10965.0, 7151.0, 6784.0, 6397.0, 5199.0, 6480.0, 6810.0, 7508.0, 6642.0, 12220.0, 31507.0, 51238.0, 43743.0, 16785.0, 11773.0, 14361.0, 13693.0, 10646.0, 7712.0, 6170.0, 7625.0, 5962.0, 6976.0, 8709.0, 7930.0, 8254.0, 6953.0, 5270.0, 4287.0, 4483.0, 3915.0, 4302.0, 4001.0, 4244.0, 7448.0, 12022.0, 12063.0, 7833.0, 5747.0, 4759.0, 3958.0, 4052.0, 3908.0, 5009.0, 4258.0, 3901.0, 4431.0, 3744.0, 4442.0, 4549.0, 4893.0, 4647.0, 3429.0, 3505.0, 3186.0, 3573.0, 3976.0, 4970.0, 5130.0, 3323.0, 4671.0, 7300.0, 6210.0, 3382.0, 3617.0, 4727.0, 4882.0, 4020.0, 3277.0, 2329.0, 2531.0, 2384.0, 2463.0, 2399.0, 2546.0, 2591.0, 2259.0, 2189.0, 2603.0, 2716.0, 3468.0, 2759.0, 2146.0, 2166.0, 2320.0]",86141995.0921661
10,0.8,18,"[{""x"": -0.8751153945922852, ""y"": 1.1606812477111816, ""z"": 0.0, ""velocity"": 0.0, ""snr"": 0.0}, {""x"": -0.6401538848876953, ""y"": 1.246333122253418, ""z"": 0.0, ""velocity"": 0.0, ""snr"": 0.0}, {""x"": -0.7231235504150391, ""y"": 1.2232661247253418, ""z"": 0.0, ""velocity"": 0.0, ""snr"": 0.0}, {""x"": -0.8400678634643555, ""y"": 1.5052556991577148, ""z"": 0.0, ""velocity"": 0.0, ""snr"": 0.0}, {""x"": -0.8921027183532715, ""y"": 1.4809370040893555, ""z"": 0.0, ""velocity"": 0.0, ""snr"": 0.0}, {""x"": -0.19115209579467773, ""y"": 0.5997419357299805, ""z"": 0.0, ""velocity"": 0.0, ""snr"": 0.0}, {""x"": 0.027358531951904297, ""y"": 0.47832727432250977, ""z"": 0.0, ""velocity"": 0.0, ""snr"": 0.0}, {""x"": 0.04470348358154297, ""y"": 1.558363437652588, ""z"": 0.0, ""velocity"": 0.0, ""snr"": 0.0}, {""x"": 0.03612041473388672, ""y"": 0.2943277359008789, ""z"": 0.0, ""velocity"": 0.0, ""snr"": 0.0}, {""x"": 0.04684925079345703, ""y"": 0.34797191619873047, ""z"": 0.0, ""velocity"": 0.0, ""snr"": 0.0}, {""x"": 0.037729740142822266, ""y"": 0.44667720794677734, ""z"": 0.0, ""velocity"": 0.0, ""snr"": 0.0}, {""x"": 0.03701448440551758, ""y"": 0.4890561103820801, ""z"": 0.0, ""velocity"": 0.0, ""snr"": 0.0}, {""x"": 0.20259618759155273, ""y"": 0.49173831939697266, ""z"": 0.0, ""velocity"": 0.0, ""snr"": 0.0}, {""x"": 0.2480149269104004, ""y"": 0.4992485046386719, ""z"": 0.0, ""velocity"": 0.0, ""snr"": 0.0}, {""x"": 0.31131505966186523, ""y"": 0.5058646202087402, ""z"": 0.0, ""velocity"": 0.0, ""snr"": 0.0}, {""x"": 1.6652941703796387, ""y"": 1.8104910850524902, ""z"": 0.0, ""velocity"": 0.0, ""snr"": 0.0}, {""x"": 1.6937255859375, ""y"": 1.810312271118164, ""z"": 0.0, ""velocity"": 0.0, ""snr"": 0.0}, {""x"": 1.7044544219970703, ""y"": 1.817464828491211, ""z"": 0.0, ""velocity"": 0.0, ""snr"": 0.0}]","[152103.0, 219832.0, 152496.0, 47254.0, 13828.0, 34076.0, 67955.0, 60209.0, 22890.0, 37509.0, 92491.0, 97450.0, 65433.0, 34612.0, 11427.0, 7918.0, 4791.0, 2928.0, 3255.0, 3177.0, 2276.0, 2169.0, 2223.0, 3365.0, 3520.0, 3533.0, 4634.0, 8002.0, 9013.0, 8319.0, 15133.0, 18814.0, 16960.0, 11495.0, 11302.0, 9489.0, 10144.0, 27617.0, 38053.0, 16636.0, 6480.0, 14029.0, 15930.0, 10668.0, 5994.0, 6635.0, 6385.0, 5077.0, 6133.0, 5903.0, 6588.0, 6238.0, 11324.0, 30772.0, 49911.0, 41604.0, 15608.0, 10287.0, 14956.0, 13662.0, 10020.0, 7396.0, 5915.0, 5623.0, 6870.0, 6612.0, 8403.0, 8711.0, 9469.0, 7963.0, 6646.0, 5940.0, 5304.0, 4322.0, 5258.0, 4655.0, 4398.0, 7082.0, 11984.0, 11831.0, 7571.0, 5065.0, 5600.0, 4489.0, 4091.0, 4332.0, 5329.0, 4760.0, 3753.0, 4186.0, 4429.0, 4295.0, 4400.0, 5525.0, 4989.0, 3541.0, 3534.0, 3863.0, 4104.0, 3924.0, 3012.0, 3272.0, 3370.0, 4516.0, 6944.0, 5843.0, 3236.0, 2906.0, 3532.0, 3905.0, 3979.0, 3764.0, 2923.0, 3278.0, 2968.0, 2465.0, 2136.0, 2318.0, 2451.0, 2089.0, 2519.0, 2242.0, 2419.0, 2734.0, 2296.0, 2099.0, 2692.0, 2568.0]",84418773.26063529
11,0.8,17,"[{""x"": -0.8913874626159668, ""y"": 1.1542439460754395, ""z"": 0.0, ""velocity"": 0.0, ""snr"": 0.0}, {""x"": -0.6628632545471191, ""y"": 1.2332797050476074, ""z"": 0.0, ""velocity"": 0.0, ""snr"": 0.0}, {""x"": -0.7882118225097656, ""y"": 1.1821389198303223, ""z"": 0.0, ""velocity"": 0.0, ""snr"": 0.0}, {""x"": -0.8715391159057617, ""y"": 1.4927387237548828, ""z"": 0.0, ""velocity"": 0.0, ""snr"": 0.0}, {""x"": -0.17023086547851562, ""y"": 1.569986343383789, ""z"": 0.0, ""velocity"": 0.0, ""snr"": 0.0}, {""x"": -0.019490718841552734, ""y"": 0.45561790466308594, ""z"": 0.0, ""velocity"": 0.0, ""snr"": 0.0}, {""x"": -0.0023245811462402344, ""y"": 0.48744678497314453, ""z"": 0.0, ""velocity"": 0.0, ""snr"": 0.0}, {""x"": -0.07545948028564453, ""y"": 1.5665888786315918, ""z"": 0.0, ""velocity"": 0.0, ""snr"": 0.0}, {""x"": 0.06508827209472656, ""y"": 0.3426074981689453, ""z"": 0.0, ""velocity"": 0.0, ""snr"": 0.0}, {""x"": 0.04863739013671875, ""y"": 0.3821253776550293, ""z"": 0.0, ""velocity"": 0.0, ""snr"": 0.0}, {""x"": 0.06633996963500977, ""y"": 0.33545494079589844, ""z"": 0.0, ""velocity"": 0.0, ""snr"": 0.0}, {""x"": 0.17112493515014648, ""y"": 0.5151629447937012, ""z"": 0.0, ""velocity"": 0.0, ""snr"": 0.0}, {""x"": 0.1900792121887207, ""y"": 0.5307197570800781, ""z"": 0.0, ""velocity"": 0.0, ""snr"": 0.0}, {""x"": 0.22423267364501953, ""y"": 0.5500316619873047, ""z"": 0.0, ""velocity"": 0.0, ""snr"": 0.0}, {""x"": 1.655280590057373, ""y"": 1.819610595703125, ""z"": 0.0, ""velocity"": 0.0, ""snr"": 0.0}, {""x"": 1.6856789588928223, ""y"": 1.8199682235717773, ""z"": 0.0, ""velocity"": 0.0, ""snr"": 0.0}, {""x"": 1.703023910522461, ""y"": 1.821756362915039, ""z"": 0.0, ""velocity"": 0.0, ""snr"": 0.0}]","[151777.0, 219852.0, 152700.0, 46919.0, 9744.0, 10797.0, 105961.0, 285910.0, 288700.0, 130796.0, 122776.0, 115790.0, 82242.0, 55733.0, 20253.0, 7640.0, 7447.0, 6760.0, 4935.0, 4251.0, 6130.0, 7959.0, 5900.0, 3143.0, 4131.0, 4293.0, 4749.0, 7054.0, 8692.0, 5822.0, 14811.0, 17666.0, 16664.0, 13777.0, 23622.0, 21983.0, 9687.0, 27677.0, 38834.0, 16346.0, 6792.0, 14922.0, 16830.0, 9729.0, 6211.0, 7007.0, 6418.0, 6205.0, 6635.0, 6902.0, 7311.0, 5507.0, 11570.0, 30230.0, 50479.0, 43914.0, 17274.0, 10140.0, 15190.0, 14041.0, 11268.0, 7747.0, 6299.0, 7331.0, 9604.0, 6819.0, 8627.0, 9021.0, 7245.0, 5519.0, 6886.0, 4774.0, 3566.0, 4551.0, 5397.0, 5009.0, 4803.0, 7184.0, 11876.0, 10787.0, 7023.0, 5879.0, 5265.0, 4341.0, 4594.0, 3821.0, 5397.0, 5705.0, 4418.0, 4893.0, 5655.0, 5584.0, 3513.0, 4217.0, 4633.0, 3823.0, 3323.0, 3216.0, 3959.0, 3203.0, 3401.0, 3861.0, 2794.0, 3258.0, 4366.0, 3655.0, 3232.0, 3182.0, 2440.0, 2978.0, 3479.0, 4353.0, 3068.0, 2517.0, 2317.0, 2367.0, 2295.0, 2600.0, 2485.0, 2147.0, 2357.0, 2360.0, 2665.0, 2787.0, 1957.0, 1906.0, 2390.0, 2043.0]",82728336.97827141
12,0.8,17,"[{""x"": -0.9044408798217773, ""y"": 1.1438727378845215, ""z"": 0.0, ""velocity"": 0.0, ""snr"": 0.0}, {""x"": -0.6328225135803223, ""y"": 1.2529492378234863, ""z"": 0.0, ""velocity"": 0.0, ""snr"": 0.0}, {""x"": -0.7680058479309082, ""y"": 1.1960864067077637, ""z"": 0.0, ""velocity"": 0.0, ""snr"": 0.0}, {""x"": -0.8363127708435059, ""y"": 1.508653163909912, ""z"": 0.0, ""velocity"": 0.0, ""snr"": 0.0}, {""x"": -0.8895993232727051, ""y"": 1.483619213104248, ""z"": 0.0, ""velocity"": 0.0, ""snr"": 0.0}, {""x"": -0.036656856536865234, ""y"": 0.3644227981567383, ""z"": 0.0, ""velocity"": 0.0, ""snr"": 0.0}, {""x"": -0.06777048110961914, ""y"": 0.3978610038757324, ""z"": 0.0, ""velocity"": 0.0, ""snr"": 0.0}, {""x"": -0.21797418594360352, ""y"": 1.5665888786315918, ""z"": 0.0, ""velocity"": 0.0, ""snr"": 0.0}, {""x"": -0.07706880569458008, ""y"": 1.5673041343688965, ""z"": 0.0, ""velocity"": 0.0, ""snr"": 0.0}, {""x"": 0.0699162483215332, ""y"": 0.47528743743896484, ""z"": 0.0, ""velocity"": 0.0, ""snr"": 0.0}, {""x"": 0.0654458999633789, ""y"": 0.49746036529541016, ""z"": 0.0, ""velocity"": 0.0, ""snr"": 0.0}, {""x"": 0.19669532775878906, ""y"": 0.507652759552002, ""z"": 0.0, ""velocity"": 0.0, ""snr"": 0.0}, {""x"": 0.2326369285583496, ""y"": 0.5101561546325684, ""z"": 0.0, ""velocity"": 0.0, ""snr"": 0.0}, {""x"": 0.2970099449157715, ""y"": 0.5067586898803711, ""z"": 0.0, ""velocity"": 0.0, ""snr"": 0.0}, {""x"": 1.6940832138061523, ""y"": 1.7797350883483887, ""z"": 0.0, ""velocity"": 0.0, ""snr"": 0.0}, {""x"": 1.7126798629760742, ""y"": 1.7920732498168945, ""z"": 0.0, ""velocity"": 0.0, ""snr"": 0.0}, {""x"": 1.7495155334472656, ""y"": 1.7766952514648438, ""z"": 0.0, ""velocity"": 0.0, ""snr"": 0.0}]","[151457.0, 219702.0, 152533.0, 46913.0, 9624.0, 3146.0, 11269.0, 42251.0, 61194.0, 42328.0, 73894.0, 88622.0, 80806.0, 53547.0, 17121.0, 6128.0, 3666.0, 3755.0, 4185.0, 3424.0, 2365.0, 2734.0, 2557.0, 3634.0, 5342.0, 5250.0, 4997.0, 7341.0, 8459.0, 4972.0, 14390.0, 17823.0, 16668.0, 13782.0, 19912.0, 19747.0, 9158.0, 24943.0, 36908.0, 15591.0, 7833.0, 14927.0, 17477.0, 8593.0, 6068.0, 6321.0, 6002.0, 5548.0, 5923.0, 5765.0, 5721.0, 5347.0, 13041.0, 31283.0, 49238.0, 41933.0, 16605.0, 9293.0, 13416.0, 12088.0, 9938.0, 7766.0, 7061.0, 6889.0, 9218.0, 7949.0, 10607.0, 9561.0, 7657.0, 5815.0, 4919.0, 4527.0, 4161.0, 4533.0, 5052.0, 3981.0, 4355.0, 7856.0, 12878.0, 11664.0, 6773.0, 4909.0, 5040.0, 5661.0, 5136.0, 3555.0, 4678.0, 4662.0, 4027.0, 4938.0, 5685.0, 6001.0, 4399.0, 4971.0, 5037.0, 4297.0, 3519.0, 3499.0, 3709.0, 3074.0, 3130.0, 3987.0, 2959.0, 3024.0, 2945.0, 2534.0, 2791.0, 2968.0, 3135.0, 3077.0, 3856.0, 3914.0, 2519.0, 2919.0, 2750.0, 2452.0, 2724.0, 2724.0, 2767.0, 2146.0, 2099.0, 2148.0, 2368.0, 2452.0, 1840.0, 2322.0, 2570.0, 2266.0]",81076366.72308098
13,0.8,19,"[{""x"": -0.8486509323120117, ""y"": 1.1858940124511719, ""z"": 0.0, ""velocity"": 0.0, ""snr"": 0.0}, {""x"": -0.6480216979980469, ""y"": 1.2395381927490234, ""z"": 0.0, ""velocity"": 0.0, ""snr"": 0.0}, {""x"": -0.7576346397399902, ""y"": 1.2032389640808105, ""z"": 0.0, ""velocity"": 0.0, ""snr"": 0.0}, {""x"": -0.7701516151428223, ""y"": 1.2917518615722656, ""z"": 0.0, ""velocity"": 0.0, ""snr"": 0.0}, {""x"": -0.8996129035949707, ""y"": 1.4753937721252441, ""z"": 0.0, ""velocity"": 0.0, ""snr"": 0.0}, {""x"": -0.029325485229492188, ""y"": 0.3992915153503418, ""z"": 0.0, ""velocity"": 0.0, ""snr"": 0.0}, {""x"": -0.16129016876220703, ""y"": 1.574099063873291, ""z"": 0.0, ""velocity"": 0.0, ""snr"": 0.0}, {""x"": -0.012516975402832031, ""y"": 0.35458803176879883, ""z"": 0.0, ""velocity"": 0.0, ""snr"": 0.0}, {""x"": -0.022351741790771484, ""y"": 0.3667473793029785, ""z"": 0.0, ""velocity"": 0.0, ""snr"": 0.0}, {""x"": -0.05793571472167969, ""y"": 1.5673041343688965, ""z"": 0.0, ""velocity"": 0.0, ""snr"": 0.0}, {""x"": 0.029861927032470703, ""y"": 0.4583001136779785, ""z"": 0.0, ""velocity"": 0.0, ""snr"": 0.0}, {""x"": 0.03504753112792969, ""y"": 0.4915595054626465, ""z"": 0.0, ""velocity"": 0.0, ""snr"": 0.0}, {""x"": 0.16039609909057617, ""y"": 0.514984130859375, ""z"": 0.0, ""velocity"": 0.0, ""snr"": 0.0}, {""x"": 0.16182661056518555, ""y"": 0.541985034942627, ""z"": 0.0, ""velocity"": 0.0, ""snr"": 0.0}, {""x"": 0.11622905731201172, ""y"": 0.5786418914794922, ""z"": 0.0, ""velocity"": 0.0, ""snr"": 0.0}, {""x"": 1.6652941703796387, ""y"": 1.8106698989868164, ""z"": 0.0, ""velocity"": 0.0, ""snr"": 0.0}, {""x"": 1.6797780990600586, ""y"": 1.827836036682129, ""z"": 0.0, ""velocity"": 0.0, ""snr"": 0.0}, {""x"": 1.6506314277648926, ""y"": 1.8721818923950195, ""z"": 0.0, ""velocity"": 0.0, ""snr"": 0.0}, {""x"": 1.668870449066162, ""y"": 1.89131498336792, ""z"": 0.0, ""velocity"": 0.0, ""snr"": 0.0}]","[151723.0, 219910.0, 152858.0, 47214.0, 9541.0, 2952.0, 20641.0, 80661.0, 111924.0, 85836.0, 83070.0, 78000.0, 58301.0, 44620.0, 14992.0, 4269.0, 6156.0, 6153.0, 4757.0, 3790.0, 3673.0, 3308.0, 2532.0, 4318.0, 5557.0, 4865.0, 4722.0, 6069.0, 6479.0, 6775.0, 15410.0, 19049.0, 17489.0, 14958.0, 18396.0, 17599.0, 9371.0, 24803.0, 35796.0, 14089.0, 7494.0, 14957.0, 17555.0, 10959.0, 7182.0, 7392.0, 5885.0, 4808.0, 5253.0, 5408.0, 6378.0, 6025.0, 12644.0, 32353.0, 54578.0, 50328.0, 20621.0, 10145.0, 14770.0, 12208.0, 9712.0, 7542.0, 7286.0, 5659.0, 7414.0, 8258.0, 10283.0, 8435.0, 5868.0, 5124.0, 6032.0, 4330.0, 4391.0, 4865.0, 5098.0, 4222.0, 4419.0, 7251.0, 11415.0, 10794.0, 6921.0, 4528.0, 4291.0, 4301.0, 4316.0, 3802.0, 4073.0, 3441.0, 4526.0, 4216.0, 4564.0, 3731.0, 4339.0, 5290.0, 4901.0, 3479.0, 2892.0, 2730.0, 3641.0, 3140.0, 3210.0, 3236.0, 2801.0, 2858.0, 4054.0, 3286.0, 2765.0, 3048.0, 3210.0, 2834.0, 3656.0, 4243.0, 3157.0, 2715.0, 2614.0, 2299.0, 2614.0, 2875.0, 2657.0, 2412.0, 2320.0, 2100.0, 2210.0, 2270.0, 1799.0, 1863.0, 2350.0, 2273.0]",79454718.64643186
14,0.8,19,"[{""x"": -0.8565187454223633, ""y"": 1.178741455078125, ""z"": 0.0, ""velocity"": 0.0, ""snr"": 0.0}, {""x"": -0.6535649299621582, ""y"": 1.2413263320922852, ""z"": 0.0, ""velocity"": 0.0, ""snr"": 0.0}, {""x"": -0.7644295692443848, ""y"": 1.1991262435913086, ""z"": 0.0, ""velocity"": 0.0, ""snr"": 0.0}, {""x"": -0.6957650184631348, ""y"": 1.3362765312194824, ""z"": 0.0, ""velocity"": 0.0, ""snr"": 0.0}, {""x"": -0.8799433708190918, ""y"": 1.4861226081848145, ""z"": 0.0, ""velocity"": 0.0, ""snr"": 0.0}, {""x"": -0.14984607696533203, ""y"": 1.5581846237182617, ""z"": 0.0, ""velocity"": 0.0, ""snr"": 0.0}, {""x"": -0.2498030662536621, ""y"": 1.558542251586914, ""z"": 0.0, ""velocity"": 0.0, ""snr"": 0.0}, {""x"": 0.006079673767089844, ""y"": 0.3560185432434082, ""z"": 0.0, ""velocity"": 0.0, ""snr"": 0.0}, {""x"": 0.010907649993896484, ""y"": 0.3705024719238281, ""z"": 0.0, ""velocity"": 0.0, ""snr"": 0.0}, {""x"": 0.0286102294921875, ""y"": 0.4101991653442383, ""z"": 0.0, ""velocity"": 0.0, ""snr"": 0.0}, {""x"": 0.039517879486083984, ""y"": 0.4591941833496094, ""z"": 0.0, ""velocity"": 0.0, ""snr"": 0.0}, {""x"": 0.0388026237487793, ""y"": 0.48977136611938477, ""z"": 0.0, ""velocity"": 0.0, ""snr"": 0.0}, {""x"": 0.1316070556640625, ""y"": 0.5103349685668945, ""z"": 0.0, ""velocity"": 0.0, ""snr"": 0.0}, {""x"": 0.16754865646362305, ""y"": 0.5312561988830566, ""z"": 0.0, ""velocity"": 0.0, ""snr"": 0.0}, {""x"": 0.11390447616577148, ""y"": 0.5859732627868652, ""z"": 0.0, ""velocity"": 0.0, ""snr"": 0.0}, {""x"": 1.6425848007202148, ""y"": 1.8310546875, ""z"": 0.0, ""velocity"": 0.0, ""snr"": 0.0}, {""x"": 1.6633272171020508, ""y"": 1.8426775932312012, ""z"": 0.0, ""velocity"": 0.0, ""snr"": 0.0}, {""x"": 1.6382932662963867, ""y"": 1.8832683563232422, ""z"": 0.0, ""velocity"": 0.0, ""snr"": 0.0}, {""x"": 1.6463398933410645, ""y"": 1.9116997718811035, ""z"": 0.0, ""velocity"": 0.0, ""snr"": 0.0}]","[151746.0, 219893.0, 152478.0, 47093.0, 9897.0, 3219.0, 18739.0, 74699.0, 108998.0, 90544.0, 102734.0, 101941.0, 66186.0, 35622.0, 12022.0, 6951.0, 4489.0, 4866.0, 3699.0, 2727.0, 2441.0, 2519.0, 2555.0, 3858.0, 4912.0, 4994.0, 4536.0, 5339.0, 5851.0, 5511.0, 15352.0, 19453.0, 17700.0, 15164.0, 21009.0, 18673.0, 9472.0, 25908.0, 36090.0, 14036.0, 8219.0, 14789.0, 17723.0, 10672.0, 6456.0, 7042.0, 5802.0, 4921.0, 5659.0, 5722.0, 6467.0, 5690.0, 12568.0, 32421.0, 54436.0, 50285.0, 20542.0, 10268.0, 14587.0, 11880.0, 9605.0, 7443.0, 7198.0, 6199.0, 6427.0, 7850.0, 10266.0, 8926.0, 7188.0, 5835.0, 4955.0, 5405.0, 5031.0, 4397.0, 4818.0, 4185.0, 4353.0, 6756.0, 10753.0, 10548.0, 6463.0, 5600.0, 4881.0, 4000.0, 4982.0, 4215.0, 4163.0, 4061.0, 4377.0, 4706.0, 3811.0, 3538.0, 4523.0, 4567.0, 4670.0, 3838.0, 3800.0, 3392.0, 3902.0, 3435.0, 3370.0, 4213.0, 3222.0, 3103.0, 4090.0, 3755.0, 3402.0, 3375.0, 3208.0, 2646.0, 2984.0, 4051.0, 3443.0, 2751.0, 2286.0, 2448.0, 2528.0, 2713.0, 3214.0, 2527.0, 2309.0, 2232.0, 2340.0, 2268.0, 1953.0, 1984.0, 2132.0, 2239.0]",77865288.75006571
0,0.8,18,"[{""x"": -0.8504390716552734, ""y"": 1.181960105895996, ""z"": 0.0, ""velocity"": 0.0, ""snr"": 0.0}, {""x"": -0.6553530693054199, ""y"": 1.239001750946045, ""z"": 0.0, ""velocity"": 0.0, ""snr"": 0.0}, {""x"": -0.7547736167907715, ""y"": 1.2044906616210938, ""z"": 0.0, ""velocity"": 0.0, ""snr"": 0.0}, {""x"": -0.8835196495056152, ""y"": 1.4837980270385742, ""z"": 0.0, ""velocity"": 0.0, ""snr"": 0.0}, {""x"": -0.6317496299743652, ""y"": 1.3800859451293945, ""z"": 0.0, ""velocity"": 0.0, ""snr"": 0.0}, {""x"": -0.1958012580871582, ""y"": 1.5537142753601074, ""z"": 0.0, ""velocity"": 0.0, ""snr"": 0.0}, {""x"": -0.2823472023010254, ""y"": 1.5549659729003906, ""z"": 0.0, ""velocity"": 0.0, ""snr"": 0.0}, {""x"": 0.034689903259277344, ""y"": 0.3522634506225586, ""z"": 0.0, ""velocity"": 0.0, ""snr"": 0.0}, {""x"": 0.04023313522338867, ""y"": 0.35762786865234375, ""z"": 0.0, ""velocity"": 0.0, ""snr"": 0.0}, {""x"": 0.054001808166503906, ""y"": 0.3865957260131836, ""z"": 0.0, ""velocity"": 0.0, ""snr"": 0.0}, {""x"": 0.04988908767700195, ""y"": 0.452578067779541, ""z"": 0.0, ""velocity"": 0.0, ""snr"": 0.0}, {""x"": 0.05811452865600586, ""y"": 0.49191713333129883, ""z"": 0.0, ""velocity"": 0.0, ""snr"": 0.0}, {""x"": 0.12320280075073242, ""y"": 0.5094408988952637, ""z"": 0.0, ""velocity"": 0.0, ""snr"": 0.0}, {""x"": 0.15717744827270508, ""y"": 0.5298256874084473, ""z"": 0.0, ""velocity"": 0.0, ""snr"": 0.0}, {""x"": 1.6647577285766602, ""y"": 1.8115639686584473, ""z"": 0.0, ""velocity"": 0.0, ""snr"": 0.0}, {""x"": 1.6794204711914062, ""y"": 1.8274784088134766, ""z"": 0.0, ""velocity"": 0.0, ""snr"": 0.0}, {""x"": 1.6856789588928223, ""y"": 1.8401741981506348, ""z"": 0.0, ""velocity"": 0.0, ""snr"": 0.0}, {""x"": 1.6400814056396484, ""y"": 1.9201040267944336, ""z"": 0.0, ""velocity"": 0.0, ""snr"": 0.0}]","[151770.0, 219914.0, 152819.0, 47197.0, 9453.0, 3649.0, 39380.0, 153827.0, 206293.0, 116126.0, 93571.0, 106509.0, 70176.0, 33815.0, 10407.0, 4846.0, 4024.0, 4407.0, 3638.0, 2932.0, 2997.0, 3077.0, 3126.0, 3413.0, 4502.0, 4424.0, 4211.0, 5157.0, 6109.0, 5274.0, 14626.0, 18601.0, 16353.0, 14291.0, 21304.0, 19330.0, 9394.0, 25595.0, 35749.0, 13758.0, 7898.0, 14942.0, 17892.0, 11519.0, 9535.0, 8626.0, 6786.0, 4895.0, 5666.0, 5714.0, 6650.0, 5542.0, 12105.0, 31207.0, 53160.0, 47933.0, 19766.0, 10647.0, 14609.0, 12362.0, 10483.0, 7827.0, 8095.0, 6587.0, 7148.0, 6852.0, 8610.0, 8261.0, 6498.0, 4305.0, 5367.0, 4877.0, 4671.0, 4470.0, 5025.0, 4647.0, 4589.0, 6591.0, 10767.0, 11121.0, 7515.0, 5300.0, 5165.0, 4306.0, 4695.0, 4649.0, 4757.0, 4064.0, 4508.0, 4545.0, 4107.0, 4208.0, 4694.0, 5493.0, 5247.0, 4142.0, 3204.0, 3180.0, 4135.0, 3811.0, 2924.0, 3748.0, 2973.0, 3522.0, 3630.0, 3578.0, 4313.0, 3999.0, 3253.0, 3017.0, 3591.0, 3917.0, 3303.0, 3037.0, 2567.0, 2153.0, 2486.0, 3019.0, 3213.0, 2554.0, 2477.0, 2129.0, 2443.0, 2453.0, 1984.0, 1933.0, 2245.0, 2217.0]",76307793.9985019
1,0.8,17,"[{""x"": -0.8667111396789551, ""y"": 1.1667609214782715, ""z"": 0.0, ""velocity"": 0.0, ""snr"": 0.0}, {""x"": -0.6757378578186035, ""y"": 1.2263059616088867, ""z"": 0.0, ""velocity"": 0.0, ""snr"": 0.0}, {""x"": -0.749051570892334, ""y"": 1.2044906616210938, ""z"": 0.0, ""velocity"": 0.0, ""snr"": 0.0}, {""x"": -0.8851289749145508, ""y"": 1.4848709106445312, ""z"": 0.0, ""velocity"": 0.0, ""snr"": 0.0}, {""x"": -0.625312328338623, ""y"": 1.3856291770935059, ""z"": 0.0, ""velocity"": 0.0, ""snr"": 0.0}, {""x"": -0.30040740966796875, ""y"": 1.5377998352050781, ""z"": 0.0, ""velocity"": 0.0, ""snr"": 0.0}, {""x"": -0.39374828338623047, ""y"": 1.5349388122558594, ""z"": 0.0, ""velocity"": 0.0, ""snr"": 0.0}, {""x"": -0.08797645568847656, ""y"": 0.6224513053894043, ""z"": 0.0, ""velocity"": 0.0, ""snr"": 0.0}, {""x"": 0.0457763671875, ""y"": 0.3941059112548828, ""z"": 0.0, ""velocity"": 0.0, ""snr"": 0.0}, {""x"": 0.03272294998168945, ""y"": 0.4634857177734375, ""z"": 0.0, ""velocity"": 0.0, ""snr"": 0.0}, {""x"": 0.049173831939697266, ""y"": 0.4906654357910156, ""z"": 0.0, ""velocity"": 0.0, ""snr"": 0.0}, {""x"": 0.09369850158691406, ""y"": 0.5060434341430664, ""z"": 0.0, ""velocity"": 0.0, ""snr"": 0.0}, {""x"": 0.07027387619018555, ""y"": 0.33402442932128906, ""z"": 0.0, ""velocity"": 0.0, ""snr"": 0.0}, {""x"": 0.06633996963500977, ""y"": 0.34242868423461914, ""z"": 0.0, ""velocity"": 0.0, ""snr"": 0.0}, {""x"": 0.12767314910888672, ""y"": 0.5348324775695801, ""z"": 0.0, ""velocity"": 0.0, ""snr"": 0.0}, {""x"": 1.6661882400512695, ""y"": 1.8358826637268066, ""z"": 0.0, ""velocity"": 0.0, ""snr"": 0.0}, {""x"": 1.6821026802062988, ""y"": 1.8387436866760254, ""z"": 0.0, ""velocity"": 0.0, ""snr"": 0.0}]","[151728.0, 219802.0, 152800.0, 47116.0, 9790.0, 7573.0, 68800.0, 183309.0, 181955.0, 92305.0, 108529.0, 120131.0, 70001.0, 27794.0, 16913.0, 10005.0, 5401.0, 5690.0, 3746.0, 3495.0, 4846.0, 5960.0, 4845.0, 3495.0, 4619.0, 4356.0, 3665.0, 5232.0, 5376.0, 5908.0, 16083.0, 19918.0, 16196.0, 13918.0, 21032.0, 20164.0, 10306.0, 25157.0, 36142.0, 14803.0, 7708.0, 15938.0, 19087.0, 10081.0, 7875.0, 8561.0, 6464.0, 5326.0, 5784.0, 5528.0, 6872.0, 6041.0, 12833.0, 32152.0, 51884.0, 43769.0, 16126.0, 10392.0, 14802.0, 13463.0, 10985.0, 7805.0, 9334.0, 7768.0, 7810.0, 7728.0, 9892.0, 9253.0, 6345.0, 4765.0, 5366.0, 4799.0, 3955.0, 4529.0, 5651.0, 4709.0, 4736.0, 7010.0, 11531.0, 10727.0, 6570.0, 5603.0, 5793.0, 4509.0, 5193.0, 4242.0, 4465.0, 3912.0, 3602.0, 4527.0, 4522.0, 4435.0, 4849.0, 5670.0, 5289.0, 3987.0, 3647.0, 3730.0, 4002.0, 3448.0, 3198.0, 4191.0, 3476.0, 3188.0, 3211.0, 3174.0, 3955.0, 4604.0, 3586.0, 3086.0, 4075.0, 4679.0, 3140.0, 2367.0, 2397.0, 2417.0, 2481.0, 3152.0, 3129.0, 2633.0, 2259.0, 2400.0, 2755.0, 2831.0, 2348.0, 2148.0, 2313.0, 2838.0]",74780729.54040685
2,0.8,13,"[{""x"": -0.8942484855651855, ""y"": 1.1461973190307617, ""z"": 0.0, ""velocity"": 0.0, ""snr"": 0.0}, {""x"": -0.7020235061645508, ""y"": 1.2039542198181152, ""z"": 0.0, ""velocity"": 0.0, ""snr"": 0.0}, {""x"": -0.7308125495910645, ""y"": 1.2128949165344238, ""z"": 0.0, ""velocity"": 0.0, ""snr"": 0.0}, {""x"": -0.9328722953796387, ""y"": 1.4569759368896484, ""z"": 0.0, ""velocity"": 0.0, ""snr"": 0.0}, {""x"": -0.14466047286987305, ""y"": 0.6058216094970703, ""z"": 0.0, ""velocity"": 0.0, ""snr"": 0.0}, {""x"": 0.022351741790771484, ""y"": 0.4513263702392578, ""z"": 0.0, ""velocity"": 0.0, ""snr"": 0.0}, {""x"": 0.023603439331054688, ""y"": 0.48154592514038086, ""z"": 0.0, ""velocity"": 0.0, ""snr"": 0.0}, {""x"": 0.04559755325317383, ""y"": 0.4958510398864746, ""z"": 0.0, ""velocity"": 0.0, ""snr"": 0.0}, {""x"": 0.08511543273925781, ""y"": 0.5112290382385254, ""z"": 0.0, ""velocity"": 0.0, ""snr"": 0.0}, {""x"": 0.11730194091796875, ""y"": 0.5353689193725586, ""z"": 0.0, ""velocity"": 0.0, ""snr"": 0.0}, {""x"": 1.6681551933288574, ""y"": 1.8065571784973145, ""z"": 0.0, ""velocity"": 0.0, ""snr"": 0.0}, {""x"": 1.649916172027588, ""y"": 1.8514394760131836, ""z"": 0.0, ""velocity"": 0.0, ""snr"": 0.0}, {""x"": 1.6475915908813477, ""y"": 1.8703937530517578, ""z"": 0.0, ""velocity"": 0.0, ""snr"": 0.0}]","[152006.0, 219689.0, 152706.0, 47535.0, 16464.0, 40242.0, 57069.0, 48386.0, 23802.0, 41578.0, 108939.0, 129691.0, 84481.0, 34678.0, 14809.0, 8598.0, 4860.0, 4050.0, 3197.0, 2727.0, 2609.0, 2655.0, 3143.0, 4028.0, 4417.0, 4034.0, 3922.0, 8552.0, 11880.0, 8626.0, 15743.0, 18679.0, 14522.0, 12082.0, 13963.0, 16650.0, 11701.0, 21813.0, 31931.0, 13888.0, 6654.0, 14759.0, 17469.0, 13081.0, 9019.0, 7369.0, 6842.0, 5095.0, 5412.0, 5180.0, 6319.0, 5586.0, 12544.0, 30918.0, 50613.0, 43395.0, 16197.0, 8681.0, 14078.0, 13554.0, 10634.0, 7881.0, 8860.0, 7370.0, 7061.0, 7831.0, 9853.0, 8842.0, 6935.0, 6222.0, 5282.0, 5173.0, 4280.0, 4399.0, 4532.0, 4459.0, 4433.0, 7445.0, 11973.0, 11550.0, 6937.0, 5780.0, 5721.0, 3517.0, 4261.0, 3621.0, 4643.0, 3449.0, 3214.0, 3878.0, 4727.0, 5072.0, 4918.0, 6341.0, 5569.0, 4091.0, 3854.0, 3776.0, 4686.0, 4557.0, 2991.0, 3154.0, 3316.0, 4160.0, 6124.0, 5002.0, 3244.0, 2937.0, 2920.0, 3637.0, 4006.0, 3819.0, 3060.0, 2723.0, 2469.0, 2368.0, 2159.0, 2369.0, 2567.0, 2482.0, 2277.0, 2305.0, 2629.0, 2941.0, 2099.0, 2007.0, 2341.0, 2460.0]",73285759.92002982
3,0.8,14,"[{""x"": -0.8695721626281738, ""y"": 1.1615753173828125, ""z"": 0.0, ""velocity"": 0.0, ""snr"": 0.0}, {""x"": -0.6519556045532227, ""y"": 1.233994960784912, ""z"": 0.0, ""velocity"": 0.0, ""snr"": 0.0}, {""x"": -0.7218718528747559, ""y"": 1.2230873107910156, ""z"": 0.0, ""velocity"": 0.0, ""snr"": 0.0}, {""x"": -0.8649230003356934, ""y"": 1.4948844909667969, ""z"": 0.0, ""velocity"": 0.0, ""snr"": 0.0}, {""x"": -0.0286102294921875, ""y"": 0.5941987037658691, ""z"": 0.0, ""velocity"": 0.0, ""snr"": 0.0}, {""x"": -0.027358531951904297, ""y"": 1.5567541122436523, ""z"": 0.0, ""velocity"": 0.0, ""snr"": 0.0}, {""x"": 0.05632638931274414, ""y"": 0.45990943908691406, ""z"": 0.0, ""velocity"": 0.0, ""snr"": 0.0}, {""x"": 0.0502467155456543, ""y"": 0.485837459564209, ""z"": 0.0, ""velocity"": 0.0, ""snr"": 0.0}, {""x"": 0.0699162483215332, ""y"": 0.5012154579162598, ""z"": 0.0, ""velocity"": 0.0, ""snr"": 0.0}, {""x"": 0.11301040649414062, ""y"": 0.5232095718383789, ""z"": 0.0, ""velocity"": 0.0, ""snr"": 0.0}, {""x"": 0.11819601058959961, ""y"": 0.5478858947753906, ""z"": 0.0, ""velocity"": 0.0, ""snr"": 0.0}, {""x"": 1.6722679138183594, ""y"": 1.8492937088012695, ""z"": 0.0, ""velocity"": 0.0, ""snr"": 0.0}, {""x"": 1.7151832580566406, ""y"": 1.7597079277038574, ""z"": 0.0, ""velocity"": 0.0, ""snr"": 0.0}, {""x"": 1.730024814605713, ""y"": 1.7752647399902344, ""z"": 0.0, ""velocity"": 0.0, ""snr"": 0.0}]","[151837.0, 219894.0, 152831.0, 47246.0, 13538.0, 32500.0, 45447.0, 29384.0, 11656.0, 30694.0, 94459.0, 127110.0, 107903.0, 67113.0, 26343.0, 7168.0, 4392.0, 3111.0, 2398.0, 2139.0, 2045.0, 2048.0, 2730.0, 4108.0, 5189.0, 4536.0, 3257.0, 4583.0, 5960.0, 7966.0, 15782.0, 19730.0, 17099.0, 10661.0, 14431.0, 8892.0, 12834.0, 26631.0, 35250.0, 14679.0, 7435.0, 15217.0, 18065.0, 12708.0, 8273.0, 8505.0, 7515.0, 6109.0, 7292.0, 7854.0, 7103.0, 6148.0, 13517.0, 32347.0, 51398.0, 43938.0, 16726.0, 12392.0, 14373.0, 13198.0, 10303.0, 8357.0, 8731.0, 6882.0, 7094.0, 11148.0, 12778.0, 10266.0, 8805.0, 7632.0, 5937.0, 6929.0, 5583.0, 4945.0, 5184.0, 4788.0, 5302.0, 8236.0, 11960.0, 11082.0, 6639.0, 4717.0, 4956.0, 3649.0, 3715.0, 4253.0, 4736.0, 3495.0, 3545.0, 4064.0, 4935.0, 5339.0, 4635.0, 5871.0, 5426.0, 3813.0, 3705.0, 3711.0, 4151.0, 4387.0, 4609.0, 3772.0, 3021.0, 5313.0, 8364.0, 6796.0, 3321.0, 2924.0, 4146.0, 4856.0, 4252.0, 3402.0, 2616.0, 2666.0, 2627.0, 2650.0, 2339.0, 2617.0, 2666.0, 2986.0, 2384.0, 2444.0, 3266.0, 3691.0, 2689.0, 1692.0, 2053.0, 2093.0]",71819900.37835932
4,0.8,18,"[{""x"": -0.9291172027587891, ""y"": 1.1107921600341797, ""z"": 0.0, ""velocity"": 0.0, ""snr"": 0.0}, {""x"": -0.726163387298584, ""y"": 1.2039542198181152, ""z"": 0.0, ""velocity"": 0.0, ""snr"": 0.0}, {""x"": -0.7799863815307617, ""y"": 1.1883974075317383, ""z"": 0.0, ""velocity"": 0.0, ""snr"": 0.0}, {""x"": -0.8413195610046387, ""y"": 1.4977455139160156, ""z"": 0.0, ""velocity"": 0.0, ""snr"": 0.0}, {""x"": -0.08887052536010742, ""y"": 0.3274083137512207, ""z"": 0.0, ""velocity"": 0.0, ""snr"": 0.0}, {""x"": -0.09191036224365234, ""y"": 0.33473968505859375, ""z"": 0.0, ""velocity"": 0.0, ""snr"": 0.0}, {""x"": -0.06079673767089844, ""y"": 0.3840923309326172, ""z"": 0.0, ""velocity"": 0.0, ""snr"": 0.0}, {""x"": 0.0445246696472168, ""y"": 1.5415549278259277, ""z"": 0.0, ""velocity"": 0.0, ""snr"": 0.0}, {""x"": -0.0616908073425293, ""y"": 1.562654972076416, ""z"": 0.0, ""velocity"": 0.0, ""snr"": 0.0}, {""x"": -0.08475780487060547, ""y"": 1.569807529449463, ""z"": 0.0, ""velocity"": 0.0, ""snr"": 0.0}, {""x"": 0.0355839729309082, ""y"": 0.47475099563598633, ""z"": 0.0, ""velocity"": 0.0, ""snr"": 0.0}, {""x"": 0.0559687614440918, ""y"": 0.5056858062744141, ""z"": 0.0, ""velocity"": 0.0, ""snr"": 0.0}, {""x"": 0.08422136306762695, ""y"": 0.5255341529846191, ""z"": 0.0, ""velocity"": 0.0, ""snr"": 0.0}, {""x"": 0.09298324584960938, ""y"": 0.5477070808410645, ""z"": 0.0, ""velocity"": 0.0, ""snr"": 0.0}, {""x"": 0.051856040954589844, ""y"": 0.5843639373779297, ""z"": 0.0, ""velocity"": 0.0, ""snr"": 0.0}, {""x"": 1.6481280326843262, ""y"": 1.8240809440612793, ""z"": 0.0, ""velocity"": 0.0, ""snr"": 0.0}, {""x"": 1.685500144958496, ""y"": 1.818537712097168, ""z"": 0.0, ""velocity"": 0.0, ""snr"": 0.0}, {""x"": 1.6787052154541016, ""y"": 1.8428564071655273, ""z"": 0.0, ""velocity"": 0.0, ""snr"": 0.0}]","[151467.0, 219761.0, 152605.0, 46920.0, 9687.0, 8704.0, 90610.0, 225547.0, 216267.0, 99825.0, 106932.0, 147090.0, 131698.0, 72339.0, 20761.0, 6890.0, 7197.0, 6440.0, 4585.0, 3828.0, 3724.0, 3314.0, 3294.0, 4261.0, 5096.0, 4101.0, 3577.0, 5131.0, 6528.0, 4753.0, 13967.0, 19796.0, 16942.0, 17910.0, 33006.0, 25077.0, 13695.0, 24607.0, 26887.0, 8246.0, 10089.0, 15162.0, 17684.0, 9684.0, 8145.0, 8111.0, 6119.0, 5061.0, 5418.0, 5606.0, 6374.0, 5111.0, 12611.0, 31411.0, 50288.0, 43209.0, 16300.0, 9539.0, 14301.0, 12715.0, 10841.0, 8927.0, 10225.0, 8832.0, 7533.0, 8954.0, 11271.0, 9314.0, 6671.0, 5677.0, 7607.0, 7184.0, 6512.0, 4714.0, 5468.0, 4626.0, 5311.0, 8013.0, 11919.0, 10845.0, 6649.0, 5254.0, 5190.0, 4323.0, 4384.0, 4616.0, 5248.0, 4097.0, 3001.0, 4061.0, 4570.0, 4502.0, 4122.0, 4808.0, 4731.0, 3971.0, 4002.0, 3918.0, 4761.0, 4458.0, 4717.0, 4604.0, 3473.0, 4731.0, 7523.0, 6299.0, 3213.0, 2901.0, 4985.0, 5661.0, 4347.0, 3436.0, 3012.0, 3026.0, 2589.0, 2509.0, 2339.0, 2311.0, 2251.0, 2223.0, 2318.0, 2157.0, 3172.0, 3605.0, 2760.0, 2008.0, 2289.0, 2620.0]",70381521.04120399
5,0.8,19,"[{""x"": -0.9096264839172363, ""y"": 1.1268854141235352, ""z"": 0.0, ""velocity"": 0.0, ""snr"": 0.0}, {""x"": -0.6768107414245605, ""y"": 1.2334585189819336, ""z"": 0.0, ""velocity"": 0.0, ""snr"": 0.0}, {""x"": -0.7665753364562988, ""y"": 1.1987686157226562, ""z"": 0.0, ""velocity"": 0.0, ""snr"": 0.0}, {""x"": -0.8625984191894531, ""y"": 1.4852285385131836, ""z"": 0.0, ""velocity"": 0.0, ""snr"": 0.0}, {""x"": -0.7463693618774414, ""y"": 1.5363693237304688, ""z"": 0.0, ""velocity"": 0.0, ""snr"": 0.0}, {""x"": -0.08475780487060547, ""y"": 0.338137149810791, ""z"": 0.0, ""velocity"": 0.0, ""snr"": 0.0}, {""x"": -0.0813603401184082, ""y"": 0.3560185432434082, ""z"": 0.0, ""velocity"": 0.0, ""snr"": 0.0}, {""x"": -0.025033950805664062, ""y"": 0.4253983497619629, ""z"": 0.0, ""velocity"": 0.0, ""snr"": 0.0}, {""x"": 0.03987550735473633, ""y"": 1.5424489974975586, ""z"": 0.0, ""velocity"": 0.0, ""snr"": 0.0}, {""x"": -0.07206201553344727, ""y"": 1.5628337860107422, ""z"": 0.0, ""velocity"": 0.0, ""snr"": 0.0}, {""x"": -0.08887052536010742, ""y"": 1.5703439712524414, ""z"": 0.0, ""velocity"": 0.0, ""snr"": 0.0}, {""x"": 0.0330805778503418, ""y"": 0.47206878662109375, ""z"": 0.0, ""velocity"": 0.0, ""snr"": 0.0}, {""x"": 0.06723403930664062, ""y"": 0.48798322677612305, ""z"": 0.0, ""velocity"": 0.0, ""snr"": 0.0}, {""x"": 0.1271367073059082, ""y"": 0.5013942718505859, ""z"": 0.0, ""velocity"": 0.0, ""snr"": 0.0}, {""x"": 0.24658441543579102, ""y"": 0.5008578300476074, ""z"": 0.0, ""velocity"": 0.0, ""snr"": 0.0}, {""x"": 0.31185150146484375, ""y"": 0.5008578300476074, ""z"": 0.0, ""velocity"": 0.0, ""snr"": 0.0}, {""x"": 1.6347169876098633, ""y"": 1.8357038497924805, ""z"": 0.0, ""velocity"": 0.0, ""snr"": 0.0}, {""x"": 1.6733407974243164, ""y"": 1.829981803894043, ""z"": 0.0, ""velocity"": 0.0, ""snr"": 0.0}, {""x"": 1.6710162162780762, ""y"": 1.8505454063415527, ""z"": 0.0, ""velocity"": 0.0, ""snr"": 0.0}]","[151214.0, 219602.0, 152537.0, 47178.0, 9721.0, 2836.0, 22449.0, 67185.0, 83416.0, 75264.0, 112524.0, 123492.0, 75900.0, 33219.0, 10281.0, 3495.0, 5071.0, 5812.0, 4774.0, 2962.0, 2521.0, 2623.0, 2766.0, 3850.0, 4823.0, 4002.0, 3805.0, 5412.0, 6967.0, 4037.0, 13060.0, 18685.0, 16521.0, 18215.0, 34244.0, 26103.0, 14285.0, 25942.0, 28174.0, 8710.0, 9380.0, 15040.0, 17357.0, 9634.0, 7707.0, 7494.0, 6578.0, 5385.0, 5430.0, 5641.0, 6193.0, 4958.0, 12681.0, 31068.0, 50115.0, 43234.0, 16718.0, 8606.0, 13349.0, 12720.0, 11070.0, 8553.0, 9276.0, 8544.0, 6570.0, 6434.0, 8706.0, 8859.0, 5739.0, 4843.0, 4973.0, 5925.0, 5712.0, 4409.0, 4708.0, 4791.0, 4701.0, 7713.0, 12422.0, 11440.0, 7051.0, 5102.0, 4518.0, 3227.0, 4078.0, 4363.0, 5296.0, 4256.0, 2922.0, 3918.0, 4262.0, 4420.0, 4307.0, 5383.0, 5030.0, 3530.0, 3680.0, 4072.0, 5137.0, 4865.0, 5143.0, 4976.0, 3306.0, 4652.0, 7819.0, 6150.0, 3109.0, 2813.0, 5191.0, 6154.0, 4464.0, 3296.0, 2896.0, 2890.0, 2700.0, 2991.0, 2645.0, 2391.0, 2364.0, 2487.0, 2188.0, 2182.0, 2815.0, 3660.0, 3191.0, 1965.0, 2176.0, 2413.0]",68976013.2219424
6,0.8,16,"[{""x"": -0.9169578552246094, ""y"": 1.126706600189209, ""z"": 0.0, ""velocity"": 0.0, ""snr"": 0.0}, {""x"": -0.7973313331604004, ""y"": 1.1841058731079102, ""z"": 0.0, ""velocity"": 0.0, ""snr"": 0.0}, {""x"": -0.8558034896850586, ""y"": 1.490771770477295, ""z"": 0.0, ""velocity"": 0.0, ""snr"": 0.0}, {""x"": -0.20134449005126953, ""y"": 0.5857944488525391, ""z"": 0.0, ""velocity"": 0.0, ""snr"": 0.0}, {""x"": -0.7429718971252441, ""y"": 1.5381574630737305, ""z"": 0.0, ""velocity"": 0.0, ""snr"": 0.0}, {""x"": 0.010907649993896484, ""y"": 0.36978721618652344, ""z"": 0.0, ""velocity"": 0.0, ""snr"": 0.0}, {""x"": -0.005900859832763672, ""y"": 0.4368424415588379, ""z"": 0.0, ""velocity"": 0.0, ""snr"": 0.0}, {""x"": 0.011801719665527344, ""y"": 0.47653913497924805, ""z"": 0.0, ""velocity"": 0.0, ""snr"": 0.0}, {""x"": 0.08225440979003906, ""y"": 1.5388727188110352, ""z"": 0.0, ""velocity"": 0.0, ""snr"": 0.0}, {""x"": -0.029325485229492188, ""y"": 1.5651583671569824, ""z"": 0.0, ""velocity"": 0.0, ""snr"": 0.0}, {""x"": -0.08225440979003906, ""y"": 1.5739202499389648, ""z"": 0.0, ""velocity"": 0.0, ""snr"": 0.0}, {""x"": 0.03987550735473633, ""y"": 0.49316883087158203, ""z"": 0.0, ""velocity"": 0.0, ""snr"": 0.0}, {""x"": 0.08314847946166992, ""y"": 0.5051493644714355, ""z"": 0.0, ""velocity"": 0.0, ""snr"": 0.0}, {""x"": 1.6429424285888672, ""y"": 1.829087734222412, ""z"": 0.0, ""velocity"": 0.0, ""snr"": 0.0}, {""x"": 1.668691635131836, ""y"": 1.833200454711914, ""z"": 0.0, ""velocity"": 0.0, ""snr"": 0.0}, {""x"": 1.6772747039794922, ""y"": 1.8430352210998535, ""z"": 0.0, ""velocity"": 0.0, ""snr"": 0.0}]","[151781.0, 219863.0, 152675.0, 47219.0, 9641.0, 67174912.0, 134546947.0, 84082695.0, 188421.0, 174338560.0, 227840.0, 0.0, 3328.0, 512.0, 4294967040.0, 77311.0, 38400.0, 998244352.0, 3201903929.0, 2147483705.0, 2147483710.0, 3391.0, 216908800.0, 26.0, 1145516032.0, 1785074.0, 872415232.0, 1810868805.0, 26.0, 3376822272.0, 2126316.0, 905969664.0, 2700988237.0, 9.0, 3930540544.0, 685310.0, 1946157056.0, 3506368580.0, 10.0, 2185460992.0, 741118.0, 1845493760.0, 3993116483.0, 12.0, 1380137984.0, 2594084.0, 855638016.0, 3626282830.0, 39.0, 1078741760.0, 2603301.0, 1342177280.0, 3557385545.0, 7.0, 776100864.0, 1.0, 3238002690.0, 2080375375.0, 150995802.0, 2885681748.0, 872415416.0, 3707764776.0, 788529196.0, 150994982.0, 100663320.0, 2483028017.0, 2466250866.0, 3221225742.0, 2197815612.0, 2919235792.0, 2919235697.0, 3590324273.0, 2734686228.0, 3774873613.0, 956301320.0, 1761607688.0, 83886089.0, 3724541961.0, 369098763.0, 738197515.0, 805306385.0, 3758096404.0, 2046820365.0, 201326605.0, 2030043159.0, 973078552.0, 872415256.0, 637534260.0, 2852126782.0, 2315255866.0, 2835349549.0, 1627389990.0, 1392508966.0, 3992977446.0, 3137339482.0, 2164260990.0, 1811939374.0, 100663335.0, 3456106555.0, 1711276101.0, 3992977470.0, 3288334380.0, 3825205276.0, 3271557147.0, 989855769.0, 3808428055.0, 536870932.0, 3422552086.0, 4143972369.0, 4076863537.0, 620757120.0, 4026532048.0, 1828716719.0, 3640655940.0, 3539992631.0, 3758096437.0, 2550136881.0, 956301350.0, 3154116637.0, 2902458390.0, 201326613.0, 2466250777.0, 2013265946.0, 1543503906.0, 67108896.0, 4009754647.0, 838860821.0, 939524117.0]",1592588613.4599586
7,0.8,14,"[{""x"": -0.6458759307861328, ""y"": 1.2375712394714355, ""z"": 0.0, ""velocity"": 0.0, ""snr"": 0.0}, {""x"": -0.7697939872741699, ""y"": 1.1914372444152832, ""z"": 0.0, ""velocity"": 0.0, ""snr"": 0.0}, {""x"": -0.8872747421264648, ""y"": 1.4807581901550293, ""z"": 0.0, ""velocity"": 0.0, ""snr"": 0.0}, {""x"": -0.12230873107910156, ""y"": 0.4334449768066406, ""z"": 0.0, ""velocity"": 0.0, ""snr"": 0.0}, {""x"": -0.0903010368347168, ""y"": 0.45937299728393555, ""z"": 0.0, ""velocity"": 0.0, ""snr"": 0.0}, {""x"": -0.04202127456665039, ""y"": 0.4960298538208008, ""z"": 0.0, ""velocity"": 0.0, ""snr"": 0.0}, {""x"": -0.04935264587402344, ""y"": 0.5258917808532715, ""z"": 0.0, ""velocity"": 0.0, ""snr"": 0.0}, {""x"": -0.03898143768310547, ""y"": 0.5643367767333984, ""z"": 0.0, ""velocity"": 0.0, ""snr"": 0.0}, {""x"": -0.021636486053466797, ""y"": 0.6008148193359375, ""z"": 0.0, ""velocity"": 0.0, ""snr"": 0.0}, {""x"": 1.1540651321411133, ""y"": 1.5149116516113281, ""z"": 0.0, ""velocity"": 0.0, ""snr"": 0.0}, {""x"": 1.1628270149230957, ""y"": 1.5174150466918945, ""z"": 0.0, ""velocity"": 0.0, ""snr"": 0.0}, {""x"": 1.6629695892333984, ""y"": 1.8121004104614258, ""z"": 0.0, ""velocity"": 0.0, ""snr"": 0.0}, {""x"": 1.685500144958496, ""y"": 1.818537712097168, ""z"": 0.0, ""velocity"": 0.0, ""snr"": 0.0}, {""x"": 1.72501802444458, ""y"": 1.8013715744018555, ""z"": 0.0, ""velocity"": 0.0, ""snr"": 0.0}]","[152005.0, 220061.0, 152946.0, 47230.0, 9841.0, 11419.0, 9928.0, 4791.0, 11511.0, 44180.0, 73625.0, 80411.0, 57969.0, 34913.0, 17689.0, 6073.0, 2753.0, 2387.0, 2532.0, 2690.0, 2378.0, 2369.0, 2753.0, 4272.0, 5087.0, 3989.0, 2988.0, 5820.0, 6485.0, 6598.0, 13979.0, 16007.0, 14007.0, 9984.0, 9045.0, 9736.0, 10165.0, 23217.0, 32046.0, 11994.0, 10017.0, 15264.0, 18571.0, 15300.0, 10656.0, 7177.0, 7470.0, 6485.0, 6093.0, 5845.0, 6095.0, 4660.0, 12464.0, 32850.0, 53225.0, 45429.0, 18487.0, 12623.0, 13867.0, 13424.0, 10296.0, 7972.0, 5941.0, 5179.0, 6439.0, 6619.0, 8600.0, 8484.0, 5962.0, 6190.0, 5260.0, 4617.0, 4024.0, 3960.0, 4410.0, 3958.0, 3989.0, 7180.0, 12028.0, 11423.0, 7099.0, 5196.0, 4666.0, 3254.0, 3778.0, 3872.0, 5069.0, 4377.0, 4122.0, 4341.0, 4623.0, 4995.0, 4023.0, 5099.0, 5092.0, 3837.0, 3766.0, 3825.0, 4075.0, 3353.0, 3853.0, 4201.0, 3100.0, 5835.0, 9177.0, 7274.0, 2787.0, 3300.0, 4678.0, 5248.0, 4586.0, 3499.0, 2917.0, 2845.0, 2613.0, 2160.0, 2131.0, 2156.0, 2425.0, 2102.0, 2326.0, 2871.0, 3515.0, 3761.0, 2675.0, 1921.0, 2265.0, 2246.0]",99272365.2113652
8,0.8,16,"[{""x"": -0.9253621101379395, ""y"": 1.1199116706848145, ""z"": 0.0, ""velocity"": 0.0, ""snr"": 0.0}, {""x"": -0.6549954414367676, ""y"": 1.2313127517700195, ""z"": 0.0, ""velocity"": 0.0, ""snr"": 0.0}, {""x"": -0.7815957069396973, ""y"": 1.1821389198303223, ""z"": 0.0, ""velocity"": 0.0, ""snr"": 0.0}, {""x"": -0.8892416954040527, ""y"": 1.4791488647460938, ""z"": 0.0, ""velocity"": 0.0, ""snr"": 0.0}, {""x"": -0.043272972106933594, ""y"": 0.5666613578796387, ""z"": 0.0, ""velocity"": 0.0, ""snr"": 0.0}, {""x"": -0.04291534423828125, ""y"": 0.6043910980224609, ""z"": 0.0, ""velocity"": 0.0, ""snr"": 0.0}, {""x"": -0.00947713851928711, ""y"": 0.48726797103881836, ""z"": 0.0, ""velocity"": 0.0, ""snr"": 0.0}, {""x"": -0.027000904083251953, ""y"": 0.49942731857299805, ""z"": 0.0, ""velocity"": 0.0, ""snr"": 0.0}, {""x"": 0.3291964530944824, ""y"": 0.4214644432067871, ""z"": 0.0, ""velocity"": 0.0, ""snr"": 0.0}, {""x"": 0.36531686782836914, ""y"": 0.42003393173217773, ""z"": 0.0, ""velocity"": 0.0, ""snr"": 0.0}, {""x"": 1.1191964149475098, ""y"": 1.5401244163513184, ""z"": 0.0, ""velocity"": 0.0, ""snr"": 0.0}, {""x"": 1.1115074157714844, ""y"": 1.555323600769043, ""z"": 0.0, ""velocity"": 0.0, ""snr"": 0.0}, {""x"": 1.6774535179138184, ""y"": 1.7983317375183105, ""z"": 0.0, ""velocity"": 0.0, ""snr"": 0.0}, {""x"": 1.7042756080627441, ""y"": 1.8022656440734863, ""z"": 0.0, ""velocity"": 0.0, ""snr"": 0.0}, {""x"": 1.7339587211608887, ""y"": 1.795649528503418, ""z"": 0.0, ""velocity"": 0.0, ""snr"": 0.0}, {""x"": 1.7781257629394531, ""y"": 1.7920732498168945, ""z"": 0.0, ""velocity"": 0.0, ""snr"": 0.0}]","[152031.0, 219876.0, 152747.0, 46964.0, 9617.0, 10222.0, 9245.0, 4357.0, 9520.0, 23919.0, 55634.0, 70716.0, 54644.0, 32110.0, 17536.0, 7317.0, 2912.0, 2456.0, 2260.0, 2621.0, 2482.0, 2208.0, 2517.0, 3119.0, 4111.0, 3767.0, 3475.0, 5431.0, 5757.0, 6860.0, 14100.0, 15839.0, 13994.0, 10071.0, 8932.0, 10501.0, 9929.0, 23813.0, 32917.0, 12172.0, 9867.0, 14972.0, 18203.0, 13392.0, 9984.0, 7888.0, 7150.0, 6076.0, 6584.0, 6426.0, 6612.0, 5168.0, 12687.0, 32506.0, 52983.0, 46898.0, 20542.0, 10931.0, 14146.0, 12871.0, 10361.0, 7807.0, 6480.0, 4961.0, 6168.0, 6734.0, 8530.0, 7718.0, 6668.0, 6808.0, 5548.0, 5117.0, 4374.0, 4343.0, 4550.0, 3652.0, 4434.0, 7599.0, 11915.0, 10995.0, 6958.0, 5310.0, 4022.0, 3087.0, 3720.0, 3367.0, 4300.0, 3857.0, 3780.0, 4082.0, 4918.0, 5396.0, 3659.0, 5236.0, 5439.0, 3832.0, 3627.0, 3306.0, 4136.0, 3652.0, 4145.0, 4176.0, 3480.0, 5944.0, 9277.0, 7210.0, 2885.0, 2834.0, 4391.0, 4885.0, 4563.0, 3662.0, 2802.0, 2728.0, 2381.0, 2100.0, 2250.0, 2418.0, 2402.0, 2354.0, 2417.0, 2593.0, 3820.0, 3826.0, 2859.0, 1916.0, 2195.0, 2246.0]",97287381.05594984
9,0.8,13,"[{""x"": -0.9046196937561035, ""y"": 1.1365413665771484, ""z"": 0.0, ""velocity"": 0.0, ""snr"": 0.0}, {""x"": -0.2930760383605957, ""y"": 0.5396604537963867, ""z"": 0.0, ""velocity"": 0.0, ""snr"": 0.0}, {""x"": -0.6846785545349121, ""y"": 1.2175440788269043, ""z"": 0.0, ""velocity"": 0.0, ""snr"": 0.0}, {""x"": -0.7690787315368652, ""y"": 1.1919736862182617, ""z"": 0.0, ""velocity"": 0.0, ""snr"": 0.0}, {""x"": -0.8744001388549805, ""y"": 1.490950584411621, ""z"": 0.0, ""velocity"": 0.0, ""snr"": 0.0}, {""x"": 0.025033950805664062, ""y"": 0.47707557678222656, ""z"": 0.0, ""velocity"": 0.0, ""snr"": 0.0}, {""x"": 0.0400543212890625, ""y"": 0.45293569564819336, ""z"": 0.0, ""velocity"": 0.0, ""snr"": 0.0}, {""x"": 0.3451108932495117, ""y"": 0.41234493255615234, ""z"": 0.0, ""velocity"": 0.0, ""snr"": 0.0}, {""x"": 0.3733634948730469, ""y"": 0.4044771194458008, ""z"": 0.0, ""velocity"": 0.0, ""snr"": 0.0}, {""x"": 1.6710162162780762, ""y"": 1.8035173416137695, ""z"": 0.0, ""velocity"": 0.0, ""snr"": 0.0}, {""x"": 1.7001628875732422, ""y"": 1.827836036682129, ""z"": 0.0, ""velocity"": 0.0, ""snr"": 0.0}, {""x"": 1.6336441040039062, ""y"": 1.923680305480957, ""z"": 0.0, ""velocity"": 0.0, ""snr"": 0.0}, {""x"": 1.7132163047790527, ""y"": 1.793503761291504, ""z"": 0.0, ""velocity"": 0.0, ""snr"": 0.0}]","[151716.0, 219758.0, 152804.0, 46883.0, 10532.0, 7205.0, 2887.0, 4133.0, 9044.0, 29895.0, 63104.0, 69024.0, 73453.0, 36515.0, 12091.0, 6029.0, 3192.0, 2607.0, 2220.0, 2515.0, 2305.0, 2475.0, 2844.0, 3807.0, 4844.0, 3800.0, 3947247104.0, 1665004.0, 838860800.0, 1408306503.0, 26.0, 3007593216.0, 2199790.0, 905969664.0, 1609906511.0, 27.0, 4081267456.0, 444159.0, 838860800.0, 2835329618.0, 7.0, 1632320768.0, 602368.0, 1258291200.0, 1979768391.0, 10.0, 2068144640.0, 760325.0, 889192448.0, 319177797.0, 10.0, 3527639040.0, 697349.0, 1778384896.0, 235353412.0, 9.0, 2403563776.0, 2580260.0, 822083584.0, 1931814734.0, 39.0, 793528320.0, 2611493.0, 1291845632.0, 707120714.0, 40.0, 776548864.0, 1.0, 536870914.0, 620757586.0, 2583692123.0, 4060086868.0, 2952790201.0, 4009754671.0, 1711276124.0, 3003121862.0, 3724542153.0, 3422552193.0, 3103785075.0, 654311607.0, 1040187675.0, 2046820706.0, 3305111754.0, 1593835571.0, 2264924178.0, 2466250767.0, 2919235596.0, 1526726665.0, 2516582410.0, 1895825419.0, 3539992584.0, 2332033033.0, 3774873614.0, 2466250773.0, 1392508953.0, 3640655892.0, 3170893851.0, 2852126760.0, 268435494.0, 1476395064.0, 1308622907.0, 4143972409.0, 939524135.0, 3791650853.0, 2046820396.0, 1627389993.0, 1325400170.0, 1828716699.0, 1459617855.0, 2835349547.0, 3825205306.0, 1275068492.0, 1711276108.0, 3238002738.0, 1593835550.0, 1409286172.0, 1073741846.0, 1627389976.0, 905969687.0, 2852126746.0, 1560281108.0, 2634022960.0, 1476395132.0, 1879048396.0, 3137339571.0, 956301385.0, 3238002727.0, 1006633017.0]",1322306415.108675
10,0.8,18,"[{""x"": -0.8218288421630859, ""y"": 1.1664032936096191, ""z"": 0.0, ""velocity"": 0.0, ""snr"": 0.0}, {""x"": -0.8667111396789551, ""y"": 1.1744499206542969, ""z"": 0.0, ""velocity"": 0.0, ""snr"": 0.0}, {""x"": -0.6748437881469727, ""y"": 1.2227296829223633, ""z"": 0.0, ""velocity"": 0.0, ""snr"": 0.0}, {""x"": -0.950932502746582, ""y"": 1.4410614967346191, ""z"": 0.0, ""velocity"": 0.0, ""snr"": 0.0}, {""x"": -0.16880035400390625, ""y"": 0.6093978881835938, ""z"": 0.0, ""velocity"": 0.0, ""snr"": 0.0}, {""x"": -0.1666545867919922, ""y"": 0.6278157234191895, ""z"": 0.0, ""velocity"": 0.0, ""snr"": 0.0}, {""x"": -0.006079673767089844, ""y"": 0.3840923309326172, ""z"": 0.0, ""velocity"": 0.0, ""snr"": 0.0}, {""x"": -0.01609325408935547, ""y"": 0.4506111145019531, ""z"": 0.0, ""velocity"": 0.0, ""snr"": 0.0}, {""x"": 0.00286102294921875, ""y"": 0.4960298538208008, ""z"": 0.0, ""velocity"": 0.0, ""snr"": 0.0}, {""x"": 0.055789947509765625, ""y"": 0.31310319900512695, ""z"": 0.0, ""velocity"": 0.0, ""snr"": 0.0}, {""x"": 0.058650970458984375, ""y"": 0.3218650817871094, ""z"": 0.0, ""velocity"": 0.0, ""snr"": 0.0}, {""x"": 0.051140785217285156, ""y"": 0.3345608711242676, ""z"": 0.0, ""velocity"": 0.0, ""snr"": 0.0}, {""x"": 0.26232004165649414, ""y"": 0.4878044128417969, ""z"": 0.0, ""velocity"": 0.0, ""snr"": 0.0}, {""x"": 0.3082752227783203, ""y"": 0.44542551040649414, ""z"": 0.0, ""velocity"": 0.0, ""snr"": 0.0}, {""x"": 1.701951026916504, ""y"": 1.8036961555480957, ""z"": 0.0, ""velocity"": 0.0, ""snr"": 0.0}, {""x"": 1.7101764678955078, ""y"": 1.8587708473205566, ""z"": 0.0, ""velocity"": 0.0, ""snr"": 0.0}, {""x"": 0.3644227981567383, ""y"": 0.3808736801147461, ""z"": 0.0, ""velocity"": 0.0, ""snr"": 0.0}, {""x"": 1.7175078392028809, ""y"": 1.8094182014465332, ""z"": 0.0, ""velocity"": 0.0, ""snr"": 0.0}]","[151684.0, 219903.0, 152873.0, 47281.0, 9873.0, 29633.0, 163754.0, 293146.0, 220554.0, 91475.0, 73235.0, 71268.0, 90429.0, 52103.0, 34458.0, 19168.0, 6859.0, 4263.0, 3165.0, 3172.0, 6655.0, 7002.0, 3453.0, 3512.0, 4643.0, 3768.0, 3807.0, 7317.0, 10770.0, 8911.0, 11716.0, 14121.0, 15017.0, 11463.0, 10218.0, 13916.0, 10895.0, 20204.0, 29609.0, 10700.0, 10262.0, 15524.0, 19086.0, 12839.0, 10360.0, 10672.0, 7787.0, 5721.0, 6119.0, 5876.0, 6568.0, 5357.0, 12924.0, 32617.0, 52637.0, 45687.0, 19277.0, 10587.0, 14845.0, 13236.0, 8766.0, 7389.0, 6512.0, 5123.0, 7402.0, 7402.0, 9576.0, 9916.0, 7441.0, 7107.0, 5048.0, 4061.0, 3844.0, 4816.0, 5284.0, 4185.0, 5056.0, 7658.0, 11445.0, 10746.0, 7148.0, 5492.0, 4349.0, 3362.0, 4593.0, 4022.0, 4057.0, 3671.0, 4016.0, 4993.0, 4864.0, 5264.0, 3172.0, 5299.0, 5008.0, 3645.0, 3653.0, 3599.0, 4631.0, 3803.0, 3184.0, 3810.0, 3378.0, 4699.0, 6494.0, 4646.0, 2836.0, 3118.0, 2999.0, 3310.0, 4042.0, 4073.0, 3226.0, 3058.0, 2923.0, 2300.0, 2556.0, 2860.0, 2835.0, 2477.0, 2207.0, 2322.0, 2527.0, 2441.0, 2209.0, 2215.0, 2868.0, 2448.0]",120849071.46762303
11,0.8,12,"[{""x"": -0.9818673133850098, ""y"": 1.4208555221557617, ""z"": 0.0, ""velocity"": 0.0, ""snr"": 0.0}, {""x"": -0.1366138458251953, ""y"": 0.6149411201477051, ""z"": 0.0, ""velocity"": 0.0, ""snr"": 0.0}, {""x"": 0.045418739318847656, ""y"": 0.35262107849121094, ""z"": 0.0, ""velocity"": 0.0, ""snr"": 0.0}, {""x"": 0.04935264587402344, ""y"": 0.361025333404541, ""z"": 0.0, ""velocity"": 0.0, ""snr"": 0.0}, {""x"": 0.051856040954589844, ""y"": 0.38301944732666016, ""z"": 0.0, ""velocity"": 0.0, ""snr"": 0.0}, {""x"": 0.04792213439941406, ""y"": 0.4398822784423828, ""z"": 0.0, ""velocity"": 0.0, ""snr"": 0.0}, {""x"": 0.24336576461791992, ""y"": 0.5038976669311523, ""z"": 0.0, ""velocity"": 0.0, ""snr"": 0.0}, {""x"": 0.30112266540527344, ""y"": 0.45812129974365234, ""z"": 0.0, ""velocity"": 0.0, ""snr"": 0.0}, {""x"": 1.672983169555664, ""y"": 1.8024444580078125, ""z"": 0.0, ""velocity"": 0.0, ""snr"": 0.0}, {""x"": 1.684427261352539, ""y"": 1.819610595703125, ""z"": 0.0, ""velocity"": 0.0, ""snr"": 0.0}, {""x"": 1.7087459564208984, ""y"": 1.8167495727539062, ""z"": 0.0, ""velocity"": 0.0, ""snr"": 0.0}, {""x"": 1.718580722808838, ""y"": 1.8480420112609863, ""z"": 0.0, ""velocity"": 0.0, ""snr"": 0.0}]","[151514.0, 219679.0, 152687.0, 47212.0, 9508.0, 3122.0, 32959.0, 128732.0, 185356.0, 119041.0, 67533.0, 70084.0, 85628.0, 51262.0, 22684.0, 14019.0, 6955.0, 4059.0, 3082.0, 3271.0, 3911.0, 8981.0, 15451.0, 11702.0, 4887.0, 3238.0, 3463.0, 6811.0, 9700.0, 6430.0, 11023.0, 13839.0, 15764.0, 13094.0, 11586.0, 14371.0, 9625.0, 19265.0, 28525.0, 9875.0, 11385.0, 16048.0, 19717.0, 11086.0, 8516.0, 8635.0, 8037.0, 5764.0, 5788.0, 5645.0, 5879.0, 4826.0, 12253.0, 31353.0, 50336.0, 43352.0, 17613.0, 10626.0, 14509.0, 13602.0, 9594.0, 7332.0, 7049.0, 6028.0, 6736.0, 7374.0, 8612.0, 7864.0, 6006.0, 4942.0, 4679.0, 4179.0, 3848.0, 4182.0, 4384.0, 3968.0, 4993.0, 6984.0, 10666.0, 10363.0, 6280.0, 4991.0, 4825.0, 3498.0, 4690.0, 3544.0, 4080.0, 4870.0, 3612.0, 3671.0, 4299.0, 5162.0, 3789.0, 5508.0, 5247.0, 3571.0, 3219.0, 4051.0, 5078.0, 3675.0, 3320.0, 3860.0, 3199.0, 4530.0, 4701.0, 2808.0, 2909.0, 3015.0, 3158.0, 3699.0, 3642.0, 4033.0, 3117.0, 3009.0, 2545.0, 2562.0, 2513.0, 2588.0, 2892.0, 2375.0, 2221.0, 2116.0, 2230.0, 2346.0, 2048.0, 2161.0, 2484.0, 2531.0]",118434465.81331947
12,0.8,14,"[{""x"": -0.8075237274169922, ""y"": 1.180708408355713, ""z"": 0.0, ""velocity"": 0.0, ""snr"": 0.0}, {""x"": -0.8604526519775391, ""y"": 1.186966896057129, ""z"": 0.0, ""velocity"": 0.0, ""snr"": 0.0}, {""x"": -0.8200407028198242, ""y"": 1.2631416320800781, ""z"": 0.0, ""velocity"": 0.0, ""snr"": 0.0}, {""x"": -0.852048397064209, ""y"": 1.5057921409606934, ""z"": 0.0, ""velocity"": 0.0, ""snr"": 0.0}, {""x"": -0.14591217041015625, ""y"": 0.6095767021179199, ""z"": 0.0, ""velocity"": 0.0, ""snr"": 0.0}, {""x"": -0.12820959091186523, ""y"": 0.636756420135498, ""z"": 0.0, ""velocity"": 0.0, ""snr"": 0.0}, {""x"": -0.0017881393432617188, ""y"": 0.40286779403686523, ""z"": 0.0, ""velocity"": 0.0, ""snr"": 0.0}, {""x"": 0.028967857360839844, ""y"": 0.3631711006164551, ""z"": 0.0, ""velocity"": 0.0, ""snr"": 0.0}, {""x"": 0.2886056900024414, ""y"": 0.47457218170166016, ""z"": 0.0, ""velocity"": 0.0, ""snr"": 0.0}, {""x"": 0.3107786178588867, ""y"": 0.4488229751586914, ""z"": 0.0, ""velocity"": 0.0, ""snr"": 0.0}, {""x"": 1.6831755638122559, ""y"": 1.7931461334228516, ""z"": 0.0, ""velocity"": 0.0, ""snr"": 0.0}, {""x"": 1.6992688179016113, ""y"": 1.8085241317749023, ""z"": 0.0, ""velocity"": 0.0, ""snr"": 0.0}, {""x"": 1.6769170761108398, ""y"": 1.8503665924072266, ""z"": 0.0, ""velocity"": 0.0, ""snr"": 0.0}, {""x"": 1.6493797302246094, ""y"": 1.9116997718811035, ""z"": 0.0, ""velocity"": 0.0, ""snr"": 0.0}]","[151562.0, 219972.0, 152646.0, 47364.0, 9935.0, 3210.0, 12277.0, 48965.0, 77544.0, 47604.0, 58575.0, 71225.0, 81566.0, 49069.0, 27608.0, 14136.0, 5630.0, 4733.0, 3574.0, 4755.0, 3154.0, 2913.0, 3496.0, 4231.0, 5138.0, 3781.0, 3623.0, 6447.0, 7811.0, 5623.0, 11606.0, 14465.0, 16697.0, 15501.0, 13658.0, 14850.0, 10327.0, 21365.0, 33695.0, 13353.0, 11365.0, 15456.0, 18089.0, 10019.0, 6859.0, 7629.0, 7110.0, 6528.0, 7140.0, 6400.0, 6987.0, 5133.0, 12635.0, 31420.0, 51929.0, 47213.0, 21037.0, 14003.0, 14397.0, 12786.0, 9902.0, 7130.0, 7327.0, 6243.0, 5949.0, 6728.0, 8198.0, 7732.0, 5993.0, 4924.0, 4592.0, 4539.0, 4251.0, 4972.0, 5687.0, 4634.0, 5240.0, 7124.0, 10948.0, 10588.0, 6994.0, 5205.0, 4667.0, 4062.0, 4688.0, 3366.0, 4303.0, 4001.0, 4907.0, 5749.0, 4206.0, 3692.0, 4255.0, 5628.0, 4988.0, 4007.0, 3654.0, 3989.0, 5440.0, 4448.0, 3450.0, 3836.0, 3089.0, 3418.0, 3449.0, 2675.0, 2849.0, 3090.0, 3492.0, 3789.0, 3914.0, 4233.0, 3299.0, 2417.0, 2479.0, 2653.0, 2679.0, 2427.0, 2528.0, 2317.0, 2575.0, 2420.0, 2224.0, 2248.0, 1873.0, 2448.0, 2737.0, 2268.0]",116066290.83813013
13,0.8,17,"[{""x"": -0.6365776062011719, ""y"": 1.248478889465332, ""z"": 0.0, ""velocity"": 0.0, ""snr"": 0.0}, {""x"": -0.7739067077636719, ""y"": 1.2001991271972656, ""z"": 0.0, ""velocity"": 0.0, ""snr"": 0.0}, {""x"": -0.818789005279541, ""y"": 1.2128949165344238, ""z"": 0.0, ""velocity"": 0.0, ""snr"": 0.0}, {""x"": -0.8241534233093262, ""y"": 1.256883144378662, ""z"": 0.0, ""velocity"": 0.0, ""snr"": 0.0}, {""x"": -0.8586645126342773, ""y"": 1.502394676208496, ""z"": 0.0, ""velocity"": 0.0, ""snr"": 0.0}, {""x"": -0.0997781753540039, ""y"": 0.619053840637207, ""z"": 0.0, ""velocity"": 0.0, ""snr"": 0.0}, {""x"": -0.09226799011230469, ""y"": 0.6372928619384766, ""z"": 0.0, ""velocity"": 0.0, ""snr"": 0.0}, {""x"": 0.022172927856445312, ""y"": 0.37425756454467773, ""z"": 0.0, ""velocity"": 0.0, ""snr"": 0.0}, {""x"": 0.0033974647521972656, ""y"": 0.4012584686279297, ""z"": 0.0, ""velocity"": 0.0, ""snr"": 0.0}, {""x"": -0.005900859832763672, ""y"": 0.44614076614379883, ""z"": 0.0, ""velocity"": 0.0, ""snr"": 0.0}, {""x"": 0.026285648345947266, ""y"": 0.3590583801269531, ""z"": 0.0, ""velocity"": 0.0, ""snr"": 0.0}, {""x"": 0.22405385971069336, ""y"": 0.5146265029907227, ""z"": 0.0, ""velocity"": 0.0, ""snr"": 0.0}, {""x"": 0.28449296951293945, ""y"": 0.4679560661315918, ""z"": 0.0, ""velocity"": 0.0, ""snr"": 0.0}, {""x"": 1.6794204711914062, ""y"": 1.7961859703063965, ""z"": 0.0, ""velocity"": 0.0, ""snr"": 0.0}, {""x"": 1.706242561340332, ""y"": 1.8609166145324707, ""z"": 0.0, ""velocity"": 0.0, ""snr"": 0.0}, {""x"": 1.7151832580566406, ""y"": 1.7922520637512207, ""z"": 0.0, ""velocity"": 0.0, ""snr"": 0.0}, {""x"": 1.7382502555847168, ""y"": 1.7906427383422852, ""z"": 0.0, ""velocity"": 0.0, ""snr"": 0.0}]","[151892.0, 220029.0, 152871.0, 47248.0, 9735.0, 2948.0, 16459.0, 72334.0, 119924.0, 103550.0, 79598.0, 67442.0, 82973.0, 52793.0, 30916.0, 15885.0, 3884.0, 3864.0, 3084.0, 3120.0, 2606.0, 2324.0, 2480.0, 3887.0, 4569.0, 3521.0, 3542.0, 6490.0, 7764.0, 4758.0, 11929.0, 15461.0, 16857.0, 14588.0, 12690.0, 14354.0, 10413.0, 21965.0, 34411.0, 14022.0, 11432.0, 15944.0, 18932.0, 10169.0, 6577.0, 7070.0, 6597.0, 6139.0, 6559.0, 5812.0, 6672.0, 4808.0, 12441.0, 32369.0, 52560.0, 46571.0, 20045.0, 15007.0, 14463.0, 12839.0, 10342.0, 6773.0, 6901.0, 6890.0, 6438.0, 6296.0, 8243.0, 7274.0, 7063.0, 6777.0, 5765.0, 4997.0, 4887.0, 4588.0, 5233.0, 4507.0, 5255.0, 7495.0, 11804.0, 10989.0, 6809.0, 5296.0, 4579.0, 4143.0, 4145.0, 3333.0, 4442.0, 4537.0, 4025.0, 4251.0, 4196.0, 4448.0, 4545.0, 5721.0, 5591.0, 4008.0, 3706.0, 2995.0, 4108.0, 3744.0, 3577.0, 4367.0, 3306.0, 4287.0, 5107.0, 3813.0, 3089.0, 2961.0, 3364.0, 3788.0, 4339.0, 3877.0, 2843.0, 2735.0, 2244.0, 1999.0, 2308.0, 2420.0, 2550.0, 2477.0, 2252.0, 2300.0, 2379.0, 2299.0, 2017.0, 2187.0, 2577.0, 2583.0]",113744458.4968619
14,0.8,15,"[{""x"": -0.7327795028686523, ""y"": 1.2534856796264648, ""z"": 0.0, ""velocity"": 0.0, ""snr"": 0.0}, {""x"": -0.8223652839660645, ""y"": 1.5211701393127441, ""z"": 0.0, ""velocity"": 0.0, ""snr"": 0.0}, {""x"": -0.5718469619750977, ""y"": 1.2647509574890137, ""z"": 0.0, ""velocity"": 0.0, ""snr"": 0.0}, {""x"": -0.6027817726135254, ""y"": 1.2815594673156738, ""z"": 0.0, ""velocity"": 0.0, ""snr"": 0.0}, {""x"": 0.042378902435302734, ""y"": 0.34815073013305664, ""z"": 0.0, ""velocity"": 0.0, ""snr"": 0.0}, {""x"": 0.03504753112792969, ""y"": 0.41753053665161133, ""z"": 0.0, ""velocity"": 0.0, ""snr"": 0.0}, {""x"": 0.04273653030395508, ""y"": 0.4736781120300293, ""z"": 0.0, ""velocity"": 0.0, ""snr"": 0.0}, {""x"": 0.20313262939453125, ""y"": 0.4794001579284668, ""z"": 0.0, ""velocity"": 0.0, ""snr"": 0.0}, {""x"": 0.24068355560302734, ""y"": 0.5344748497009277, ""z"": 0.0, ""velocity"": 0.0, ""snr"": 0.0}, {""x"": 0.25981664657592773, ""y"": 0.4742145538330078, ""z"": 0.0, ""velocity"": 0.0, ""snr"": 0.0}, {""x"": 0.256955623626709, ""y"": 0.4890561103820801, ""z"": 0.0, ""velocity"": 0.0, ""snr"": 0.0}, {""x"": 1.0542869567871094, ""y"": 1.5923380851745605, ""z"": 0.0, ""velocity"": 0.0, ""snr"": 0.0}, {""x"": 1.7123222351074219, ""y"": 1.8178224563598633, ""z"": 0.0, ""velocity"": 0.0, ""snr"": 0.0}, {""x"": 1.7087459564208984, ""y"": 1.860201358795166, ""z"": 0.0, ""velocity"": 0.0, ""snr"": 0.0}, {""x"": 1.7284154891967773, ""y"": 1.7795562744140625, ""z"": 0.0, ""velocity"": 0.0, ""snr"": 0.0}]","[151659.0, 219905.0, 152765.0, 47192.0, 9630.0, 13456.0, 53200.0, 74612.0, 49641.0, 36829.0, 62717.0, 78883.0, 97906.0, 53455.0, 11605.0, 5976.0, 4712.0, 3468.0, 2818.0, 2399.0, 2348.0, 2543.0, 2873.0, 3839.0, 4412.0, 3890.0, 4633.0, 6248.0, 6659.0, 8889.0, 14493.0, 16105.0, 13353.0, 9813.0, 11892.0, 14859.0, 10288.0, 23537.0, 36282.0, 14109.0, 11254.0, 16943.0, 20443.0, 10922.0, 9033.0, 7530.0, 7415.0, 5613.0, 6109.0, 5893.0, 6691.0, 5065.0, 12663.0, 31804.0, 51974.0, 46241.0, 21109.0, 15411.0, 14289.0, 13012.0, 10219.0, 6812.0, 6822.0, 5753.0, 7253.0, 7108.0, 9314.0, 7446.0, 5391.0, 5406.0, 6282.0, 5393.0, 3925.0, 5419.0, 5905.0, 4930.0, 4570.0, 7227.0, 11218.0, 10751.0, 7107.0, 4771.0, 4183.0, 3072.0, 3704.0, 3333.0, 4208.0, 3968.0, 3964.0, 4581.0, 4880.0, 5010.0, 4763.0, 5686.0, 5320.0, 3979.0, 3522.0, 3080.0, 3700.0, 3742.0, 3281.0, 3400.0, 2892.0, 4084.0, 5523.0, 3772.0, 2877.0, 2907.0, 3078.0, 3322.0, 3904.0, 4331.0, 3336.0, 2673.0, 2475.0, 2228.0, 2391.0, 2442.0, 2393.0, 2485.0, 2236.0, 2089.0, 2312.0, 2426.0, 2263.0, 2618.0, 2958.0, 2456.0]",111469621.1199539
0,0.8,17,"[{""x"": -0.6646513938903809, ""y"": 1.2175440788269043, ""z"": 0.0, ""velocity"": 0.0, ""snr"": 0.0}, {""x"": -0.7760524749755859, ""y"": 1.1887550354003906, ""z"": 0.0, ""velocity"": 0.0, ""snr"": 0.0}, {""x"": -0.8466839790344238, ""y"": 1.507580280303955, ""z"": 0.0, ""velocity"": 0.0, ""snr"": 0.0}, {""x"": -0.05650520324707031, ""y"": 0.2669692039489746, ""z"": 0.0, ""velocity"": 0.0, ""snr"": 0.0}, {""x"": -0.057220458984375, ""y"": 0.2818107604980469, ""z"": 0.0, ""velocity"": 0.0, ""snr"": 0.0}, {""x"": -0.028252601623535156, ""y"": 0.41806697845458984, ""z"": 0.0, ""velocity"": 0.0, ""snr"": 0.0}, {""x"": -0.06884336471557617, ""y"": 0.6455183029174805, ""z"": 0.0, ""velocity"": 0.0, ""snr"": 0.0}, {""x"": 0.04488229751586914, ""y"": 0.4876255989074707, ""z"": 0.0, ""velocity"": 0.0, ""snr"": 0.0}, {""x"": 0.1303553581237793, ""y"": 0.5174875259399414, ""z"": 0.0, ""velocity"": 0.0, ""snr"": 0.0}, {""x"": 0.16289949417114258, ""y"": 0.5246400833129883, ""z"": 0.0, ""velocity"": 0.0, ""snr"": 0.0}, {""x"": 0.18095970153808594, ""y"": 0.5300045013427734, ""z"": 0.0, ""velocity"": 0.0, ""snr"": 0.0}, {""x"": 0.2925395965576172, ""y"": 0.5105137825012207, ""z"": 0.0, ""velocity"": 0.0, ""snr"": 0.0}, {""x"": 1.071631908416748, ""y"": 1.5780329704284668, ""z"": 0.0, ""velocity"": 0.0, ""snr"": 0.0}, {""x"": 0.995635986328125, ""y"": 1.6352534294128418, ""z"": 0.0, ""velocity"": 0.0, ""snr"": 0.0}, {""x"": 1.6910433769226074, ""y"": 1.8178224563598633, ""z"": 0.0, ""velocity"": 0.0, ""snr"": 0.0}, {""x"": 1.7368197441101074, ""y"": 1.798868179321289, ""z"": 0.0, ""velocity"": 0.0, ""snr"": 0.0}, {""x"": 1.7784833908081055, ""y"": 1.7895698547363281, ""z"": 0.0, ""velocity"": 0.0, ""snr"": 0.0}]","[152011.0, 219976.0, 152698.0, 47289.0, 23408.0, 72397.0, 105962.0, 66692.0, 26330.0, 31802.0, 44041.0, 95681.0, 143179.0, 96243.0, 27898.0, 13138.0, 5705.0, 4337.0, 2898.0, 2197.0, 1997.0, 2329.0, 3217.0, 4146.0, 4430.0, 3380.0, 4443.0, 6464.0, 6707.0, 8448.0, 12445.0, 14236.0, 13086.0, 9098.0, 13127.0, 10713.0, 10733.0, 23900.0, 36056.0, 14197.0, 10469.0, 15737.0, 20590.0, 14225.0, 9427.0, 8659.0, 6790.0, 5467.0, 5792.0, 5895.0, 6685.0, 4433.0, 12193.0, 32149.0, 52999.0, 50843.0, 24984.0, 12890.0, 13546.0, 13504.0, 11196.0, 7925.0, 6438.0, 5232.0, 5999.0, 8371.0, 9524.0, 7721.0, 5891.0, 4637.0, 4562.0, 5039.0, 5045.0, 6630.0, 6853.0, 4667.0, 4360.0, 6987.0, 10901.0, 10494.0, 7101.0, 5736.0, 5785.0, 4260.0, 5390.0, 4752.0, 4153.0, 3857.0, 4002.0, 4051.0, 4881.0, 4833.0, 3865.0, 4846.0, 5058.0, 3682.0, 3288.0, 3443.0, 4017.0, 4079.0, 4631.0, 5231.0, 3170.0, 5087.0, 8627.0, 7332.0, 3347.0, 3259.0, 3658.0, 5185.0, 4344.0, 3191.0, 3169.0, 3212.0, 2528.0, 2142.0, 2192.0, 2493.0, 2610.0, 2733.0, 2402.0, 2097.0, 2932.0, 3475.0, 2938.0, 2386.0, 2705.0, 2671.0]",109238486.28782898
1,0.8,18,"[{""x"": -0.8248686790466309, ""y"": 1.1939406394958496, ""z"": 0.0, ""velocity"": 0.0, ""snr"": 0.0}, {""x"": -0.7148981094360352, ""y"": 1.2127161026000977, ""z"": 0.0, ""velocity"": 0.0, ""snr"": 0.0}, {""x"": -0.7488727569580078, ""y"": 1.2148618698120117, ""z"": 0.0, ""velocity"": 0.0, ""snr"": 0.0}, {""x"": -0.7941126823425293, ""y"": 1.515805721282959, ""z"": 0.0, ""velocity"": 0.0, ""snr"": 0.0}, {""x"": -0.8947849273681641, ""y"": 1.461625099182129, ""z"": 0.0, ""velocity"": 0.0, ""snr"": 0.0}, {""x"": -0.10406970977783203, ""y"": 0.2930760383605957, ""z"": 0.0, ""velocity"": 0.0, ""snr"": 0.0}, {""x"": -0.09638071060180664, ""y"": 0.30809640884399414, ""z"": 0.0, ""velocity"": 0.0, ""snr"": 0.0}, {""x"": -0.08350610733032227, ""y"": 0.3338456153869629, ""z"": 0.0, ""velocity"": 0.0, ""snr"": 0.0}, {""x"": -0.06848573684692383, ""y"": 0.39893388748168945, ""z"": 0.0, ""velocity"": 0.0, ""snr"": 0.0}, {""x"": 0.023066997528076172, ""y"": 0.4786849021911621, ""z"": 0.0, ""velocity"": 0.0, ""snr"": 0.0}, {""x"": -0.03057718276977539, ""y"": 0.6131529808044434, ""z"": 0.0, ""velocity"": 0.0, ""snr"": 0.0}, {""x"": 0.06455183029174805, ""y"": 0.5005002021789551, ""z"": 0.0, ""velocity"": 0.0, ""snr"": 0.0}, {""x"": 0.10138750076293945, ""y"": 0.5047917366027832, ""z"": 0.0, ""velocity"": 0.0, ""snr"": 0.0}, {""x"": 0.23406744003295898, ""y"": 0.49173831939697266, ""z"": 0.0, ""velocity"": 0.0, ""snr"": 0.0}, {""x"": 1.6847848892211914, ""y"": 1.7920732498168945, ""z"": 0.0, ""velocity"": 0.0, ""snr"": 0.0}, {""x"": 1.7006993293762207, ""y"": 1.8074512481689453, ""z"": 0.0, ""velocity"": 0.0, ""snr"": 0.0}, {""x"": 1.6921162605285645, ""y"": 1.8371343612670898, ""z"": 0.0, ""velocity"": 0.0, ""snr"": 0.0}, {""x"": 1.6379356384277344, ""y"": 1.9176006317138672, ""z"": 0.0, ""velocity"": 0.0, ""snr"": 0.0}]","[151915.0, 219850.0, 152588.0, 47340.0, 9670.0, 16555.0, 67421.0, 101228.0, 73158.0, 42709.0, 60156.0, 94695.0, 63108.0, 19273.0, 11247.0, 6390.0, 4117.0, 2958.0, 2242.0, 2085.0, 1843.0, 2062.0, 2365.0, 3662.0, 4175.0, 3413.0, 4308.0, 5517.0, 5522.0, 3449.0, 10260.0, 15446.0, 14349.0, 9045.0, 9784.0, 11154.0, 14148.0, 24244.0, 26214.0, 6602.0, 13029.0, 14415.0, 17054.0, 10678.0, 6632.0, 7383.0, 5574.0, 4963.0, 5180.0, 5729.0, 6304.0, 4276.0, 12480.0, 32196.0, 53190.0, 48599.0, 22240.0, 7850.0, 13504.0, 13474.0, 11184.0, 7713.0, 6625.0, 4673.0, 5773.0, 7762.0, 9871.0, 8231.0, 7267.0, 5659.0, 4198.0, 4430.0, 4580.0, 5146.0, 4987.0, 4212.0, 4560.0, 7020.0, 11169.0, 11295.0, 7442.0, 5961.0, 5760.0, 4427.0, 4905.0, 4459.0, 3979.0, 3922.0, 4709.0, 5206.0, 4348.0, 4602.0, 3736.0, 5003.0, 5000.0, 3576.0, 3613.0, 3571.0, 4092.0, 3814.0, 4381.0, 4555.0, 2894.0, 5560.0, 8008.0, 6228.0, 4044.0, 3831.0, 4763.0, 6212.0, 4868.0, 3240.0, 2928.0, 3159.0, 2657.0, 2407.0, 2568.0, 2781.0, 2460.0, 2647.0, 2570.0, 2683.0, 2916.0, 3410.0, 2779.0, 2005.0, 2068.0, 2219.0]",107055578.94583258
2,0.8,17,"[{""x"": -0.8547306060791016, ""y"": 1.1478066444396973, ""z"": 0.0, ""velocity"": 0.0, ""snr"": 0.0}, {""x"": -0.15538930892944336, ""y"": 0.308990478515625, ""z"": 0.0, ""velocity"": 0.0, ""snr"": 0.0}, {""x"": -0.8484721183776855, ""y"": 1.4920234680175781, ""z"": 0.0, ""velocity"": 0.0, ""snr"": 0.0}, {""x"": -0.14197826385498047, ""y"": 0.3084540367126465, ""z"": 0.0, ""velocity"": 0.0, ""snr"": 0.0}, {""x"": -0.7247328758239746, ""y"": 1.5451312065124512, ""z"": 0.0, ""velocity"": 0.0, ""snr"": 0.0}, {""x"": -0.0776052474975586, ""y"": 0.4017949104309082, ""z"": 0.0, ""velocity"": 0.0, ""snr"": 0.0}, {""x"": -0.12749433517456055, ""y"": 0.5756020545959473, ""z"": 0.0, ""velocity"": 0.0, ""snr"": 0.0}, {""x"": -0.03504753112792969, ""y"": 0.4609823226928711, ""z"": 0.0, ""velocity"": 0.0, ""snr"": 0.0}, {""x"": -0.07206201553344727, ""y"": 0.616908073425293, ""z"": 0.0, ""velocity"": 0.0, ""snr"": 0.0}, {""x"": 0.02753734588623047, ""y"": 0.48923492431640625, ""z"": 0.0, ""velocity"": 0.0, ""snr"": 0.0}, {""x"": 0.12481212615966797, ""y"": 0.5031824111938477, ""z"": 0.0, ""velocity"": 0.0, ""snr"": 0.0}, {""x"": 1.1327862739562988, ""y"": 1.5263557434082031, ""z"": 0.0, ""velocity"": 0.0, ""snr"": 0.0}, {""x"": 1.129746437072754, ""y"": 1.5374422073364258, ""z"": 0.0, ""velocity"": 0.0, ""snr"": 0.0}, {""x"": 1.688539981842041, ""y"": 1.7888545989990234, ""z"": 0.0, ""velocity"": 0.0, ""snr"": 0.0}, {""x"": 1.705169677734375, ""y"": 1.802980899810791, ""z"": 0.0, ""velocity"": 0.0, ""snr"": 0.0}, {""x"": 1.7162561416625977, ""y"": 1.8140673637390137, ""z"": 0.0, ""velocity"": 0.0, ""snr"": 0.0}, {""x"": 1.6881823539733887, ""y"": 1.8728971481323242, ""z"": 0.0, ""velocity"": 0.0, ""snr"": 0.0}]","[151657.0, 220094.0, 153018.0, 47106.0, 9499.0, 4273.0, 33521.0, 89085.0, 83578.0, 56233.0, 75135.0, 76876.0, 51716.0, 27057.0, 23101.0, 11193.0, 4250.0, 3826.0, 4590.0, 5466.0, 3604.0, 3591.0, 3822.0, 4488.0, 4807.0, 3412.0, 4002.0, 5458.0, 6875.0, 3791.0, 8171.0, 13445.0, 13437.0, 8410.0, 9652.0, 11998.0, 15455.0, 24955.0, 27257.0, 7497.0, 12540.0, 14671.0, 17040.0, 11550.0, 6422.0, 6315.0, 4790.0, 4807.0, 5100.0, 5554.0, 6119.0, 4455.0, 12646.0, 33093.0, 54598.0, 49535.0, 22295.0, 7872.0, 13443.0, 13727.0, 10774.0, 8014.0, 6001.0, 4412.0, 6356.0, 11201.0, 11848.0, 8351.0, 6461.0, 4879.0, 4347.0, 4035.0, 4880.0, 4813.0, 5117.0, 3864.0, 4622.0, 7882.0, 12294.0, 11848.0, 7548.0, 4987.0, 5280.0, 4497.0, 4862.0, 4438.0, 4050.0, 3523.0, 3543.0, 3946.0, 4535.0, 4681.0, 3056.0, 4942.0, 4867.0, 3855.0, 3398.0, 3948.0, 4860.0, 3703.0, 3488.0, 4119.0, 3391.0, 4804.0, 8213.0, 7052.0, 3796.0, 3290.0, 4840.0, 5510.0, 4332.0, 3479.0, 2754.0, 2855.0, 2363.0, 2477.0, 2371.0, 2513.0, 2606.0, 2485.0, 2305.0, 2417.0, 2769.0, 3287.0, 2427.0, 2180.0, 2420.0, 2216.0]",104914719.32191543
3,0.8,16,"[{""x"": -0.8398890495300293, ""y"": 1.4975666999816895, ""z"": 0.0, ""velocity"": 0.0, ""snr"": 0.0}, {""x"": -0.7359981536865234, ""y"": 1.5411972999572754, ""z"": 0.0, ""velocity"": 0.0, ""snr"": 0.0}, {""x"": -0.08922815322875977, ""y"": 0.33742189407348633, ""z"": 0.0, ""velocity"": 0.0, ""snr"": 0.0}, {""x"": -0.0890493392944336, ""y"": 0.3470778465270996, ""z"": 0.0, ""velocity"": 0.0, ""snr"": 0.0}, {""x"": -0.060617923736572266, ""y"": 0.38427114486694336, ""z"": 0.0, ""velocity"": 0.0, ""snr"": 0.0}, {""x"": 0.022172927856445312, ""y"": 0.5695223808288574, ""z"": 0.0, ""velocity"": 0.0, ""snr"": 0.0}, {""x"": -0.011801719665527344, ""y"": 0.6060004234313965, ""z"": 0.0, ""velocity"": 0.0, ""snr"": 0.0}, {""x"": 0.0355839729309082, ""y"": 0.4776120185852051, ""z"": 0.0, ""velocity"": 0.0, ""snr"": 0.0}, {""x"": 0.06598234176635742, ""y"": 0.5128383636474609, ""z"": 0.0, ""velocity"": 0.0, ""snr"": 0.0}, {""x"": 0.06884336471557617, ""y"": 0.5323290824890137, ""z"": 0.0, ""velocity"": 0.0, ""snr"": 0.0}, {""x"": 1.1190176010131836, ""y"": 1.5336871147155762, ""z"": 0.0, ""velocity"": 0.0, ""snr"": 0.0}, {""x"": 1.141190528869629, ""y"": 1.5292167663574219, ""z"": 0.0, ""velocity"": 0.0, ""snr"": 0.0}, {""x"": 1.7046332359313965, ""y"": 1.802980899810791, ""z"": 0.0, ""velocity"": 0.0, ""snr"": 0.0}, {""x"": 1.7048120498657227, ""y"": 1.8244385719299316, ""z"": 0.0, ""velocity"": 0.0, ""snr"": 0.0}, {""x"": 1.690685749053955, ""y"": 1.8709301948547363, ""z"": 0.0, ""velocity"": 0.0, ""snr"": 0.0}, {""x"": 1.7017722129821777, ""y"": 1.7747282981872559, ""z"": 0.0, ""velocity"": 0.0, ""snr"": 0.0}]","[151972.0, 220007.0, 152612.0, 47204.0, 9426.0, 2634.0, 21185.0, 65170.0, 80579.0, 47944.0, 39597.0, 69758.0, 69824.0, 42402.0, 23290.0, 9669.0, 4957.0, 3918.0, 3502.0, 4115.0, 3492.0, 3748.0, 3804.0, 4198.0, 4330.0, 3126.0, 4027.0, 5309.0, 5990.0, 3646.0, 7086.0, 12230.0, 13000.0, 8537.0, 10603.0, 12348.0, 15340.0, 25841.0, 28735.0, 8065.0, 11835.0, 14706.0, 16640.0, 11018.0, 6557.0, 5402.0, 4998.0, 5150.0, 5897.0, 6326.0, 6448.0, 4361.0, 13070.0, 33219.0, 53998.0, 48842.0, 21837.0, 8013.0, 13496.0, 13208.0, 10504.0, 8101.0, 6319.0, 5090.0, 6440.0, 9657.0, 9555.0, 7802.0, 6725.0, 5007.0, 4735.0, 4285.0, 5161.0, 5047.0, 5669.0, 4232.0, 5322.0, 8070.0, 12581.0, 11909.0, 7293.0, 4809.0, 4943.0, 3803.0, 4758.0, 4168.0, 3448.0, 3638.0, 3952.0, 4347.0, 4141.0, 4369.0, 3681.0, 4755.0, 4695.0, 3873.0, 3549.0, 3691.0, 4247.0, 3796.0, 3279.0, 3845.0, 3081.0, 5299.0, 8370.0, 7060.0, 3758.0, 3572.0, 4476.0, 5005.0, 3878.0, 3558.0, 3144.0, 2692.0, 2482.0, 2280.0, 2319.0, 2369.0, 2416.0, 2574.0, 2494.0, 2432.0, 3229.0, 3552.0, 2633.0, 2154.0, 2400.0, 2323.0]",102816895.11546114
4,0.8,17,"[{""x"": -0.8683204650878906, ""y"": 1.1612176895141602, ""z"": 0.0, ""velocity"": 0.0, ""snr"": 0.0}, {""x"": -0.17184019088745117, ""y"": 0.2987980842590332, ""z"": 0.0, ""velocity"": 0.0, ""snr"": 0.0}, {""x"": -0.7912516593933105, ""y"": 1.1878609657287598, ""z"": 0.0, ""velocity"": 0.0, ""snr"": 0.0}, {""x"": -0.7660388946533203, ""y"": 1.5311837196350098, ""z"": 0.0, ""velocity"": 0.0, ""snr"": 0.0}, {""x"": -0.865638256072998, ""y"": 1.4818310737609863, ""z"": 0.0, ""velocity"": 0.0, ""snr"": 0.0}, {""x"": -0.13464689254760742, ""y"": 0.2943277359008789, ""z"": 0.0, ""velocity"": 0.0, ""snr"": 0.0}, {""x"": -0.09441375732421875, ""y"": 0.5700588226318359, ""z"": 0.0, ""velocity"": 0.0, ""snr"": 0.0}, {""x"": -0.023066997528076172, ""y"": 0.6174445152282715, ""z"": 0.0, ""velocity"": 0.0, ""snr"": 0.0}, {""x"": 0.061511993408203125, ""y"": 0.4856586456298828, ""z"": 0.0, ""velocity"": 0.0, ""snr"": 0.0}, {""x"": 0.061511993408203125, ""y"": 0.509798526763916, ""z"": 0.0, ""velocity"": 0.0, ""snr"": 0.0}, {""x"": 0.07939338684082031, ""y"": 0.5180239677429199, ""z"": 0.0, ""velocity"": 0.0, ""snr"": 0.0}, {""x"": 1.1292099952697754, ""y"": 1.5256404876708984, ""z"": 0.0, ""velocity"": 0.0, ""snr"": 0.0}, {""x"": 1.1535286903381348, ""y"": 1.5213489532470703, ""z"": 0.0, ""velocity"": 0.0, ""snr"": 0.0}, {""x"": 1.6756653785705566, ""y"": 1.799941062927246, ""z"": 0.0, ""velocity"": 0.0, ""snr"": 0.0}, {""x"": 1.6973018646240234, ""y"": 1.810312271118164, ""z"": 0.0, ""velocity"": 0.0, ""snr"": 0.0}, {""x"": 1.7200112342834473, ""y"": 1.8108487129211426, ""z"": 0.0, ""velocity"": 0.0, ""snr"": 0.0}, {""x"": 1.7648935317993164, ""y"": 1.8033385276794434, ""z"": 0.0, ""velocity"": 0.0, ""snr"": 0.0}]","[151770.0, 219810.0, 152676.0, 47187.0, 9833.0, 4859.0, 24989.0, 44291.0, 31558.0, 22178.0, 34943.0, 64920.0, 54075.0, 26097.0, 21426.0, 8623.0, 5668.0, 4342.0, 3164.0, 2611.0, 2561.0, 2842.0, 3156.0, 4106.0, 4402.0, 2954.0, 4029.0, 5855.0, 6411.0, 3403.0, 9727.0, 14768.0, 14021.0, 8241.0, 6924.0, 8801.0, 14640.0, 25632.0, 27948.0, 7760.0, 12313.0, 14223.0, 16292.0, 11192.0, 6426.0, 5934.0, 6709.0, 5931.0, 5409.0, 5874.0, 6211.0, 4670.0, 13137.0, 32861.0, 53910.0, 49098.0, 22179.0, 8835.0, 13465.0, 12653.0, 9462.0, 7946.0, 6652.0, 6772.0, 6119.0, 7645.0, 8297.0, 7596.0, 6971.0, 6228.0, 5543.0, 4378.0, 4145.0, 3787.0, 4958.0, 4693.0, 6036.0, 8257.0, 12338.0, 11523.0, 7436.0, 5581.0, 5194.0, 4544.0, 4826.0, 3636.0, 3763.0, 3609.0, 4564.0, 4694.0, 4183.0, 4364.0, 3999.0, 4959.0, 4452.0, 4023.0, 3923.0, 3811.0, 4298.0, 3985.0, 3534.0, 4227.0, 3384.0, 5394.0, 8603.0, 6970.0, 3902.0, 3802.0, 4542.0, 5063.0, 4053.0, 3692.0, 2802.0, 2916.0, 2322.0, 2573.0, 2694.0, 2398.0, 2569.0, 2692.0, 2633.0, 2103.0, 3020.0, 3416.0, 2825.0, 1992.0, 2259.0, 2396.0]",100761455.17453504
5,0.8,17,"[{""x"": -0.8381009101867676, ""y"": 1.1905431747436523, ""z"": 0.0, ""velocity"": 0.0, ""snr"": 0.0}, {""x"": -0.6616115570068359, ""y"": 1.226663589477539, ""z"": 0.0, ""velocity"": 0.0, ""snr"": 0.0}, {""x"": -0.7989406585693359, ""y"": 1.1764168739318848, ""z"": 0.0, ""velocity"": 0.0, ""snr"": 0.0}, {""x"": -0.8423924446105957, ""y"": 1.5034675598144531, ""z"": 0.0, ""velocity"": 0.0, ""snr"": 0.0}, {""x"": -0.4883408546447754, ""y"": 1.4385581016540527, ""z"": 0.0, ""velocity"": 0.0, ""snr"": 0.0}, {""x"": -0.31507015228271484, ""y"": 1.5326142311096191, ""z"": 0.0, ""velocity"": 0.0, ""snr"": 0.0}, {""x"": -0.36388635635375977, ""y"": 1.554429531097412, ""z"": 0.0, ""velocity"": 0.0, ""snr"": 0.0}, {""x"": -0.039517879486083984, ""y"": 0.6093978881835938, ""z"": 0.0, ""velocity"": 0.0, ""snr"": 0.0}, {""x"": 0.0033974647521972656, ""y"": 0.4947781562805176, ""z"": 0.0, ""velocity"": 0.0, ""snr"": 0.0}, {""x"": 0.03540515899658203, ""y"": 0.5180239677429199, ""z"": 0.0, ""velocity"": 0.0, ""snr"": 0.0}, {""x"": 0.07152557373046875, ""y"": 0.5308985710144043, ""z"": 0.0, ""velocity"": 0.0, ""snr"": 0.0}, {""x"": 0.07724761962890625, ""y"": 0.554502010345459, ""z"": 0.0, ""velocity"": 0.0, ""snr"": 0.0}, {""x"": 1.097559928894043, ""y"": 1.549065113067627, ""z"": 0.0, ""velocity"": 0.0, ""snr"": 0.0}, {""x"": 1.6581416130065918, ""y"": 1.8158555030822754, ""z"": 0.0, ""velocity"": 0.0, ""snr"": 0.0}, {""x"": 1.5799999237060547, ""y"": 1.9649863243103027, ""z"": 0.0, ""velocity"": 0.0, ""snr"": 0.0}, {""x"": 1.729130744934082, ""y"": 1.7808079719543457, ""z"": 0.0, ""velocity"": 0.0, ""snr"": 0.0}, {""x"": 1.7355680465698242, ""y"": 1.7943978309631348, ""z"": 0.0, ""velocity"": 0.0, ""snr"": 0.0}]","[151870.0, 219863.0, 152859.0, 47058.0, 12388.0, 24329.0, 33218.0, 26896.0, 11925.0, 14582.0, 40864.0, 75185.0, 75857.0, 42465.0, 18134.0, 10319.0, 3625.0, 2453.0, 2490.0, 2448.0, 2571.0, 3295.0, 3220.0, 3644.0, 4134.0, 3286.0, 3430.0, 6028.0, 6810.0, 6831.0, 12852.0, 14726.0, 14602.0, 13831.0, 19979.0, 19148.0, 16161.0, 27228.0, 34577.0, 12361.0, 10549.0, 14466.0, 16812.0, 12356.0, 7886.0, 6896.0, 7064.0, 6816.0, 8599.0, 8034.0, 6874.0, 4575.0, 13264.0, 33726.0, 55661.0, 51080.0, 22572.0, 12122.0, 14766.0, 13644.0, 10132.0, 7901.0, 6681.0, 7070.0, 8665.0, 9567.0, 8291.0, 7457.0, 7721.0, 7077.0, 6349.0, 4692.0, 4644.0, 4037.0, 5152.0, 4895.0, 5696.0, 8128.0, 12587.0, 11781.0, 7376.0, 5674.0, 5121.0, 3960.0, 3868.0, 3039.0, 3412.0, 3187.0, 4272.0, 4765.0, 4086.0, 4072.0, 3739.0, 5123.0, 4959.0, 4395.0, 3767.0, 3686.0, 4125.0, 4238.0, 4181.0, 4339.0, 3881.0, 5934.0, 8932.0, 6678.0, 3632.0, 4231.0, 5612.0, 6104.0, 4486.0, 3488.0, 2917.0, 3092.0, 2294.0, 2274.0, 2300.0, 2415.0, 2357.0, 2791.0, 2547.0, 2155.0, 3056.0, 3490.0, 2843.0, 1936.0, 2339.0, 2495.0]",98745327.62573183
6,0.8,12,"[{""x"": -0.8772611618041992, ""y"": 1.1608600616455078, ""z"": 0.0, ""velocity"": 0.0, ""snr"": 0.0}, {""x"": -0.6467700004577637, ""y"": 1.226663589477539, ""z"": 0.0, ""velocity"": 0.0, ""snr"": 0.0}, {""x"": -0.7973313331604004, ""y"": 1.1751651763916016, ""z"": 0.0, ""velocity"": 0.0, ""snr"": 0.0}, {""x"": -0.5466341972351074, ""y"": 1.1635422706604004, ""z"": 0.0, ""velocity"": 0.0, ""snr"": 0.0}, {""x"": 0.04935264587402344, ""y"": 0.49120187759399414, ""z"": 0.0, ""velocity"": 0.0, ""snr"": 0.0}, {""x"": 0.044345855712890625, ""y"": 0.5069375038146973, ""z"": 0.0, ""velocity"": 0.0, ""snr"": 0.0}, {""x"": 0.06097555160522461, ""y"": 0.5165934562683105, ""z"": 0.0, ""velocity"": 0.0, ""snr"": 0.0}, {""x"": 0.1042485237121582, ""y"": 0.5341172218322754, ""z"": 0.0, ""velocity"": 0.0, ""snr"": 0.0}, {""x"": 1.6307830810546875, ""y"": 1.841425895690918, ""z"": 0.0, ""velocity"": 0.0, ""snr"": 0.0}, {""x"": 1.6647577285766602, ""y"": 1.8407106399536133, ""z"": 0.0, ""velocity"": 0.0, ""snr"": 0.0}, {""x"": 1.6608238220214844, ""y"": 1.8648505210876465, ""z"": 0.0, ""velocity"": 0.0, ""snr"": 0.0}, {""x"": 1.6543865203857422, ""y"": 1.9056200981140137, ""z"": 0.0, ""velocity"": 0.0, ""snr"": 0.0}]","[151819.0, 220079.0, 152823.0, 47341.0, 13362.0, 38878.0, 71164.0, 54993.0, 20685.0, 17936.0, 54495.0, 90830.0, 68678.0, 24193.0, 9018.0, 4294901760.0, 19791871.0, 9830400.0, 2147483648.0, 3643619643.0, 14782.0, 16000.0, 868224.0, 3997958144.0, 6534.0, 1178075136.0, 403893061.0, 0.0, 4192683825.0, 2982.0, 1177812992.0, 440004727.0, 0.0, 3989783860.0, 8479.0, 1279262720.0, 154139774.0, 0.0, 4238297164.0, 2474.0, 1164705792.0, 185532853.0, 0.0, 57951097.0, 2987.0, 1131151360.0, 187827135.0, 0.0, 595280767.0, 10318.0, 1295253504.0, 667362500.0, 0.0, 624774220.0, 10175.0, 1229979648.0, 302.0, 512.0, 151502.0, 219829.0, 152730.0, 47158.0, 12005.0, 19501.0, 21363.0, 9047.0, 11522.0, 36884.0, 63204.0, 74194.0, 82640.0, 50278.0, 14093.0, 5215.0, 3008.0, 2553.0, 2501.0, 2472.0, 2454.0, 3140.0, 3451.0, 4266.0, 4989.0, 3806.0, 3630.0, 5063.0, 5541.0, 6102.0, 13229.0, 15100.0, 13943.0, 9882.0, 7583.0, 7315.0, 10397.0, 28575.0, 41031.0, 17912.0, 8481.0, 15169.0, 18398.0, 11559.0, 8691.0, 8048.0, 7134.0, 5804.0, 5072.0, 5137.0, 6764.0, 6335.0, 13623.0, 33862.0, 54039.0, 46486.0, 18400.0, 9483.0, 13836.0, 13284.0, 9940.0, 7438.0, 6284.0, 5395.0, 6035.0, 7272.0, 8808.0, 7416.0, 5783.0, 4620.0]",376744465.48865426
7,0.8,14,"[{""x"": -0.802159309387207, ""y"": 1.1731982231140137, ""z"": 0.0, ""velocity"": 0.0, ""snr"": 0.0}, {""x"": -0.9421706199645996, ""y"": 1.1057853698730469, ""z"": 0.0, ""velocity"": 0.0, ""snr"": 0.0}, {""x"": -0.7013082504272461, ""y"": 1.2055635452270508, ""z"": 0.0, ""velocity"": 0.0, ""snr"": 0.0}, {""x"": -0.7722973823547363, ""y"": 1.543879508972168, ""z"": 0.0, ""velocity"": 0.0, ""snr"": 0.0}, {""x"": -0.8381009101867676, ""y"": 1.513659954071045, ""z"": 0.0, ""velocity"": 0.0, ""snr"": 0.0}, {""x"": -0.15056133270263672, ""y"": 0.4273653030395508, ""z"": 0.0, ""velocity"": 0.0, ""snr"": 0.0}, {""x"": -0.11622905731201172, ""y"": 0.46455860137939453, ""z"": 0.0, ""velocity"": 0.0, ""snr"": 0.0}, {""x"": -0.05078315734863281, ""y"": 0.48530101776123047, ""z"": 0.0, ""velocity"": 0.0, ""snr"": 0.0}, {""x"": 0.1684427261352539, ""y"": 0.5323290824890137, ""z"": 0.0, ""velocity"": 0.0, ""snr"": 0.0}, {""x"": 0.1577138900756836, ""y"": 0.5652308464050293, ""z"": 0.0, ""velocity"": 0.0, ""snr"": 0.0}, {""x"": 0.18650293350219727, ""y"": 0.5124807357788086, ""z"": 0.0, ""velocity"": 0.0, ""snr"": 0.0}, {""x"": 1.6284584999084473, ""y"": 1.8417835235595703, ""z"": 0.0, ""velocity"": 0.0, ""snr"": 0.0}, {""x"": 1.6847848892211914, ""y"": 1.8194317817687988, ""z"": 0.0, ""velocity"": 0.0, ""snr"": 0.0}, {""x"": 1.706242561340332, ""y"": 1.8187165260314941, ""z"": 0.0, ""velocity"": 0.0, ""snr"": 0.0}]","[151931.0, 220016.0, 152805.0, 47213.0, 11991.0, 20094.0, 21623.0, 9196.0, 12124.0, 28600.0, 64845.0, 74434.0, 82939.0, 51101.0, 13884.0, 4896.0, 2865.0, 2631.0, 2225.0, 2825.0, 2971.0, 3498.0, 3455.0, 3684.0, 4773.0, 4371.0, 3716.0, 5222.0, 6012.0, 6427.0, 14024.0, 15623.0, 14380.0, 9659.0, 7175.0, 7198.0, 10385.0, 28502.0, 41129.0, 18350.0, 8157.0, 15442.0, 18613.0, 12068.0, 8842.0, 7124.0, 6777.0, 5602.0, 5287.0, 5240.0, 6661.0, 6248.0, 13261.0, 33550.0, 53863.0, 46686.0, 18743.0, 9196.0, 13760.0, 12981.0, 9650.0, 7176.0, 6719.0, 5576.0, 4906.0, 6565.0, 8698.0, 7307.0, 5390.0, 4763.0, 4849.0, 4548.0, 4486.0, 5349.0, 5501.0, 4859.0, 4553.0, 7567.0, 11756.0, 10697.0, 7115.0, 4698.0, 4611.0, 4398.0, 4162.0, 3932.0, 4724.0, 4505.0, 4024.0, 4734.0, 4089.0, 4375.0, 3308.0, 4360.0, 4797.0, 3888.0, 3299.0, 2805.0, 3536.0, 3872.0, 4811.0, 4805.0, 2980.0, 5036.0, 8177.0, 6205.0, 2553.0, 3019.0, 4641.0, 4922.0, 4532.0, 3924.0, 3314.0, 3154.0, 2583.0, 2324.0, 2411.0, 2439.0, 2218.0, 2405.0, 2528.0, 2424.0, 2796.0, 3422.0, 2546.0, 1972.0, 2334.0, 2344.0]",100821221.97929505
8,0.8,13,"[{""x"": -0.8840560913085938, ""y"": 1.154780387878418, ""z"": 0.0, ""velocity"": 0.0, ""snr"": 0.0}, {""x"": -0.7107853889465332, ""y"": 1.2069940567016602, ""z"": 0.0, ""velocity"": 0.0, ""snr"": 0.0}, {""x"": -0.7783770561218262, ""y"": 1.1858940124511719, ""z"": 0.0, ""velocity"": 0.0, ""snr"": 0.0}, {""x"": -0.7928609848022461, ""y"": 1.5351176261901855, ""z"": 0.0, ""velocity"": 0.0, ""snr"": 0.0}, {""x"": -0.828087329864502, ""y"": 1.5202760696411133, ""z"": 0.0, ""velocity"": 0.0, ""snr"": 0.0}, {""x"": -0.1278519630432129, ""y"": 0.46116113662719727, ""z"": 0.0, ""velocity"": 0.0, ""snr"": 0.0}, {""x"": -0.12570619583129883, ""y"": 0.4826188087463379, ""z"": 0.0, ""velocity"": 0.0, ""snr"": 0.0}, {""x"": -0.06687641143798828, ""y"": 0.4323720932006836, ""z"": 0.0, ""velocity"": 0.0, ""snr"": 0.0}, {""x"": 0.23925304412841797, ""y"": 0.5038976669311523, ""z"": 0.0, ""velocity"": 0.0, ""snr"": 0.0}, {""x"": 0.24890899658203125, ""y"": 0.49245357513427734, ""z"": 0.0, ""velocity"": 0.0, ""snr"": 0.0}, {""x"": 1.6393661499023438, ""y"": 1.8319487571716309, ""z"": 0.0, ""velocity"": 0.0, ""snr"": 0.0}, {""x"": 1.6965866088867188, ""y"": 1.8076300621032715, ""z"": 0.0, ""velocity"": 0.0, ""snr"": 0.0}, {""x"": 1.7171502113342285, ""y"": 1.807093620300293, ""z"": 0.0, ""velocity"": 0.0, ""snr"": 0.0}]","[151386.0, 219888.0, 152704.0, 46843.0, 12277.0, 22563.0, 24144.0, 12433.0, 12901.0, 24425.0, 38181.0, 52675.0, 70280.0, 42849.0, 11597.0, 5974.0, 2952.0, 2660.0, 2498.0, 2624.0, 2680.0, 3027.0, 3211.0, 3518.0, 4035.0, 3932.0, 4124.0, 4801.0, 5701.0, 4447.0, 13995.0, 16281.0, 14327.0, 10726.0, 9191.0, 9573.0, 9532.0, 29096.0, 43154.0, 19626.0, 8587.0, 15998.0, 19028.0, 8916.0, 7726.0, 7782.0, 7036.0, 6012.0, 6016.0, 6051.0, 7120.0, 6056.0, 13366.0, 34001.0, 54067.0, 46065.0, 17452.0, 9833.0, 14699.0, 13080.0, 10319.0, 7418.0, 6404.0, 5565.0, 5579.0, 6654.0, 8949.0, 7783.0, 6229.0, 4900.0, 3888.0, 4213.0, 3882.0, 5349.0, 5444.0, 4675.0, 4419.0, 7469.0, 11188.0, 10353.0, 6846.0, 4873.0, 4595.0, 4486.0, 4287.0, 3621.0, 3876.0, 3878.0, 3884.0, 4759.0, 5099.0, 4344.0, 4239.0, 4885.0, 4664.0, 4158.0, 3088.0, 2899.0, 4137.0, 4414.0, 3922.0, 3894.0, 2830.0, 5222.0, 7870.0, 6019.0, 2575.0, 2899.0, 3890.0, 3902.0, 3813.0, 3603.0, 3258.0, 2748.0, 2743.0, 2500.0, 2277.0, 2271.0, 2357.0, 2440.0, 2333.0, 2634.0, 2974.0, 3256.0, 2340.0, 2029.0, 1973.0, 2185.0]",98805308.0798803
9,0.8,13,"[{""x"": -0.6705522537231445, ""y"": 1.2243390083312988, ""z"": 0.0, ""velocity"": 0.0, ""snr"": 0.0}, {""x"": -0.6760954856872559, ""y"": 1.2479424476623535, ""z"": 0.0, ""velocity"": 0.0, ""snr"": 0.0}, {""x"": -0.7603168487548828, ""y"": 1.233816146850586, ""z"": 0.0, ""velocity"": 0.0, ""snr"": 0.0}, {""x"": -0.8556246757507324, ""y"": 1.501321792602539, ""z"": 0.0, ""velocity"": 0.0, ""snr"": 0.0}, {""x"": -0.0527501106262207, ""y"": 0.44739246368408203, ""z"": 0.0, ""velocity"": 0.0, ""snr"": 0.0}, {""x"": -0.06115436553955078, ""y"": 0.46366453170776367, ""z"": 0.0, ""velocity"": 0.0, ""snr"": 0.0}, {""x"": -0.08761882781982422, ""y"": 0.475466251373291, ""z"": 0.0, ""velocity"": 0.0, ""snr"": 0.0}, {""x"": 0.02378225326538086, ""y"": 0.2650022506713867, ""z"": 0.0, ""velocity"": 0.0, ""snr"": 0.0}, {""x"": 0.2601742744445801, ""y"": 0.4776120185852051, ""z"": 0.0, ""velocity"": 0.0, ""snr"": 0.0}, {""x"": 0.24640560150146484, ""y"": 0.4958510398864746, ""z"": 0.0, ""velocity"": 0.0, ""snr"": 0.0}, {""x"": 1.658320426940918, ""y"": 1.8146038055419922, ""z"": 0.0, ""velocity"": 0.0, ""snr"": 0.0}, {""x"": 1.7121434211730957, ""y"": 1.7933249473571777, ""z"": 0.0, ""velocity"": 0.0, ""snr"": 0.0}, {""x"": 1.731276512145996, ""y"": 1.793503761291504, ""z"": 0.0, ""velocity"": 0.0, ""snr"": 0.0}]","[151766.0, 220009.0, 152723.0, 47267.0, 14874.0, 51055.0, 64772.0, 34755.0, 11128.0, 33281.0, 62452.0, 51517.0, 62810.0, 36656.0, 10330.0, 6151.0, 3116.0, 3270.0, 2802.0, 2574.0, 2396.0, 2627.0, 2555.0, 3385.0, 4570.0, 3809.0, 4042.0, 5742.0, 5757.0, 7804.0, 16303.0, 19544.0, 16531.0, 10476.0, 14046.0, 13025.0, 10214.0, 25656.0, 36182.0, 14727.0, 8292.0, 15613.0, 19365.0, 15956.0, 12169.0, 8086.0, 6894.0, 5888.0, 6164.0, 6298.0, 7127.0, 6029.0, 13349.0, 33732.0, 53990.0, 45747.0, 17564.0, 9121.0, 14263.0, 13497.0, 10448.0, 7521.0, 6494.0, 5925.0, 6203.0, 7000.0, 9226.0, 8175.0, 5970.0, 5583.0, 4130.0, 3971.0, 3942.0, 5952.0, 6172.0, 4870.0, 5107.0, 7403.0, 11161.0, 10489.0, 6767.0, 5352.0, 4778.0, 4996.0, 4604.0, 3264.0, 3401.0, 3340.0, 3841.0, 5004.0, 5124.0, 5219.0, 4534.0, 5321.0, 4925.0, 4243.0, 3263.0, 2809.0, 4298.0, 4375.0, 4416.0, 3971.0, 3101.0, 5245.0, 7584.0, 5562.0, 2543.0, 3225.0, 3928.0, 3891.0, 3378.0, 3256.0, 3435.0, 3027.0, 2724.0, 2374.0, 2161.0, 2385.0, 2712.0, 2498.0, 2362.0, 2483.0, 2861.0, 3187.0, 2540.0, 1915.0, 2105.0, 2297.0]",96828156.46122909
10,0.8,15,"[{""x"": -0.880122184753418, ""y"": 1.1159777641296387, ""z"": 0.0, ""velocity"": 0.0, ""snr"": 0.0}, {""x"": -0.9491443634033203, ""y"": 1.1029243469238281, ""z"": 0.0, ""velocity"": 0.0, ""snr"": 0.0}, {""x"": -0.7093548774719238, ""y"": 1.1989474296569824, ""z"": 0.0, ""velocity"": 0.0, ""snr"": 0.0}, {""x"": -0.8534789085388184, ""y"": 1.502394676208496, ""z"": 0.0, ""velocity"": 0.0, ""snr"": 0.0}, {""x"": -0.13196468353271484, ""y"": 0.6086826324462891, ""z"": 0.0, ""velocity"": 0.0, ""snr"": 0.0}, {""x"": -0.029861927032470703, ""y"": 0.41878223419189453, ""z"": 0.0, ""velocity"": 0.0, ""snr"": 0.0}, {""x"": -0.25963783264160156, ""y"": 1.5467405319213867, ""z"": 0.0, ""velocity"": 0.0, ""snr"": 0.0}, {""x"": -0.022530555725097656, ""y"": 0.46759843826293945, ""z"": 0.0, ""velocity"": 0.0, ""snr"": 0.0}, {""x"": 0.02288818359375, ""y"": 0.35494565963745117, ""z"": 0.0, ""velocity"": 0.0, ""snr"": 0.0}, {""x"": 0.2873539924621582, ""y"": 0.46241283416748047, ""z"": 0.0, ""velocity"": 0.0, ""snr"": 0.0}, {""x"": 0.27626752853393555, ""y"": 0.47850608825683594, ""z"": 0.0, ""velocity"": 0.0, ""snr"": 0.0}, {""x"": 0.2961158752441406, ""y"": 0.4336237907409668, ""z"": 0.0, ""velocity"": 0.0, ""snr"": 0.0}, {""x"": 1.6331076622009277, ""y"": 1.8376708030700684, ""z"": 0.0, ""velocity"": 0.0, ""snr"": 0.0}, {""x"": 1.6849637031555176, ""y"": 1.8187165260314941, ""z"": 0.0, ""velocity"": 0.0, ""snr"": 0.0}, {""x"": 1.6971230506896973, ""y"": 1.8267631530761719, ""z"": 0.0, ""velocity"": 0.0, ""snr"": 0.0}]","[151900.0, 219916.0, 152653.0, 47106.0, 10662.0, 23864.0, 50583.0, 42093.0, 34485.0, 29419.0, 41064.0, 46484.0, 64677.0, 36003.0, 11046.0, 7596.0, 4595.0, 3378.0, 2459.0, 2381.0, 3336.0, 3553.0, 2767.0, 3366.0, 4402.0, 3882.0, 4121.0, 6391.0, 8582.0, 6493.0, 13945.0, 15434.0, 14429.0, 10931.0, 20704.0, 18494.0, 9938.0, 26821.0, 38014.0, 15307.0, 8178.0, 15815.0, 19155.0, 10970.0, 7892.0, 7344.0, 6935.0, 5639.0, 5934.0, 6426.0, 7300.0, 6142.0, 13590.0, 35044.0, 55577.0, 47861.0, 18640.0, 9286.0, 14186.0, 13312.0, 10414.0, 7999.0, 7430.0, 5621.0, 6080.0, 6582.0, 9165.0, 8437.0, 7152.0, 6334.0, 5127.0, 4519.0, 4257.0, 5373.0, 5977.0, 5025.0, 5516.0, 7450.0, 11049.0, 10530.0, 7131.0, 5284.0, 6065.0, 4784.0, 4383.0, 3362.0, 3966.0, 3779.0, 3231.0, 3789.0, 4920.0, 5500.0, 4357.0, 4808.0, 4784.0, 3744.0, 3585.0, 2985.0, 3957.0, 4025.0, 3196.0, 3119.0, 3684.0, 4899.0, 6159.0, 4013.0, 2719.0, 2711.0, 2766.0, 3486.0, 3497.0, 3724.0, 2936.0, 2960.0, 2472.0, 2458.0, 2303.0, 2372.0, 2591.0, 2213.0, 2564.0, 2457.0, 2477.0, 2344.0, 1917.0, 1872.0, 2107.0, 2460.0]",94891895.1990804
11,0.8,11,"[{""x"": -0.8736848831176758, ""y"": 1.4905929565429688, ""z"": 0.0, ""velocity"": 0.0, ""snr"": 0.0}, {""x"": -0.17684698104858398, ""y"": 1.5619397163391113, ""z"": 0.0, ""velocity"": 0.0, ""snr"": 0.0}, {""x"": -0.2535581588745117, ""y"": 1.561582088470459, ""z"": 0.0, ""velocity"": 0.0, ""snr"": 0.0}, {""x"": -0.00035762786865234375, ""y"": 0.44524669647216797, ""z"": 0.0, ""velocity"": 0.0, ""snr"": 0.0}, {""x"": 0.05364418029785156, ""y"": 0.34618377685546875, ""z"": 0.0, ""velocity"": 0.0, ""snr"": 0.0}, {""x"": 0.04774332046508789, ""y"": 0.34922361373901367, ""z"": 0.0, ""velocity"": 0.0, ""snr"": 0.0}, {""x"": 0.04792213439941406, ""y"": 0.37211179733276367, ""z"": 0.0, ""velocity"": 0.0, ""snr"": 0.0}, {""x"": 0.1888275146484375, ""y"": 0.5249977111816406, ""z"": 0.0, ""velocity"": 0.0, ""snr"": 0.0}, {""x"": 0.23764371871948242, ""y"": 0.48673152923583984, ""z"": 0.0, ""velocity"": 0.0, ""snr"": 0.0}, {""x"": 1.6883611679077148, ""y"": 1.8169283866882324, ""z"": 0.0, ""velocity"": 0.0, ""snr"": 0.0}, {""x"": 1.7055273056030273, ""y"": 1.8188953399658203, ""z"": 0.0, ""velocity"": 0.0, ""snr"": 0.0}]","[151924.0, 220039.0, 152782.0, 47278.0, 9982.0, 4611.0, 55933.0, 190413.0, 236141.0, 100393.0, 59785.0, 60748.0, 63255.0, 39122.0, 14840.0, 9850.0, 5056.0, 5260.0, 6764.0, 4202.0, 4039.0, 9132.0, 9694.0, 5045.0, 4944.0, 4139.0, 3985.0, 6763.0, 9037.0, 5902.0, 12588.0, 13785.0, 13080.0, 11320.0, 23026.0, 21209.0, 10518.0, 23339.0, 34891.0, 12904.0, 9654.0, 16220.0, 19417.0, 10924.0, 8108.0, 8044.0, 7566.0, 6290.0, 6614.0, 6636.0, 6786.0, 6304.0, 13319.0, 33184.0, 54092.0, 47105.0, 18032.0, 10402.0, 15062.0, 13384.0, 10747.0, 7536.0, 7454.0, 6812.0, 7732.0, 6992.0, 9292.0, 8863.0, 7484.0, 7298.0, 5644.0, 5134.0, 4605.0, 5576.0, 6627.0, 5432.0, 5204.0, 7325.0, 11144.0, 10478.0, 6772.0, 6157.0, 6597.0, 5166.0, 5435.0, 3993.0, 3627.0, 4030.0, 4638.0, 4981.0, 4649.0, 5518.0, 4719.0, 5302.0, 5449.0, 4391.0, 3563.0, 3349.0, 3524.0, 2631.0, 3963.0, 4099.0, 2777.0, 3326.0, 3846.0, 2971.0, 3405.0, 3660.0, 2782.0, 2452.0, 3768.0, 3935.0, 2951.0, 2848.0, 2428.0, 2647.0, 2749.0, 2638.0, 2640.0, 2602.0, 2514.0, 2317.0, 2581.0, 2326.0, 1951.0, 1947.0, 2232.0, 2304.0]",92993013.39963627
12,0.8,12,"[{""x"": -0.8322000503540039, ""y"": 1.1490583419799805, ""z"": 0.0, ""velocity"": 0.0, ""snr"": 0.0}, {""x"": -0.6834268569946289, ""y"": 1.2145042419433594, ""z"": 0.0, ""velocity"": 0.0, ""snr"": 0.0}, {""x"": -0.9148120880126953, ""y"": 1.4684200286865234, ""z"": 0.0, ""velocity"": 0.0, ""snr"": 0.0}, {""x"": 0.011086463928222656, ""y"": 0.35834312438964844, ""z"": 0.0, ""velocity"": 0.0, ""snr"": 0.0}, {""x"": 0.014483928680419922, ""y"": 0.3649592399597168, ""z"": 0.0, ""velocity"": 0.0, ""snr"": 0.0}, {""x"": 0.013589859008789062, ""y"": 0.45990943908691406, ""z"": 0.0, ""velocity"": 0.0, ""snr"": 0.0}, {""x"": 0.026285648345947266, ""y"": 0.4035830497741699, ""z"": 0.0, ""velocity"": 0.0, ""snr"": 0.0}, {""x"": 0.2276301383972168, ""y"": 0.5083680152893066, ""z"": 0.0, ""velocity"": 0.0, ""snr"": 0.0}, {""x"": 0.27626752853393555, ""y"": 0.4763603210449219, ""z"": 0.0, ""velocity"": 0.0, ""snr"": 0.0}, {""x"": 1.6524195671081543, ""y"": 1.8199682235717773, ""z"": 0.0, ""velocity"": 0.0, ""snr"": 0.0}, {""x"": 1.7067790031433105, ""y"": 1.7974376678466797, ""z"": 0.0, ""velocity"": 0.0, ""snr"": 0.0}, {""x"": 1.7471909523010254, ""y"": 1.7766952514648438, ""z"": 0.0, ""velocity"": 0.0, ""snr"": 0.0}]","[151451.0, 219823.0, 152776.0, 47295.0, 9710.0, 2898.0, 14199.0, 62846.0, 96908.0, 60256.0, 76572.0, 66156.0, 55398.0, 33717.0, 9643.0, 7433.0, 4067.0, 6791.0, 4742.0, 3008.0, 2556.0, 2737.0, 2680.0, 3186.0, 3653.0, 3402.0, 3775.0, 5707.0, 6795.0, 5751.0, 12868.0, 13298.0, 11862.0, 10109.0, 13842.0, 15440.0, 11161.0, 22574.0, 33726.0, 14221.0, 8411.0, 15754.0, 19184.0, 11617.0, 8959.0, 7641.0, 7407.0, 5485.0, 5516.0, 5232.0, 6249.0, 5497.0, 13040.0, 33731.0, 53173.0, 44154.0, 16518.0, 8651.0, 13199.0, 12857.0, 10750.0, 7216.0, 7211.0, 5460.0, 8065.0, 7159.0, 8432.0, 8434.0, 6122.0, 5836.0, 4674.0, 5492.0, 5048.0, 5150.0, 5794.0, 5562.0, 5195.0, 7618.0, 11706.0, 11129.0, 7257.0, 5485.0, 4836.0, 4224.0, 5193.0, 4157.0, 3897.0, 3482.0, 4241.0, 4352.0, 4089.0, 4822.0, 4336.0, 5051.0, 4414.0, 3695.0, 3687.0, 3617.0, 2996.0, 2860.0, 4087.0, 4087.0, 2649.0, 3010.0, 3273.0, 2649.0, 3275.0, 3592.0, 3104.0, 2663.0, 3971.0, 4155.0, 3259.0, 3070.0, 3142.0, 2366.0, 2435.0, 2443.0, 2540.0, 2500.0, 2531.0, 2276.0, 2626.0, 2417.0, 1850.0, 1933.0, 2273.0, 2406.0]",91134261.94770452
13,0.8,13,"[{""x"": -0.8445382118225098, ""y"": 1.142263412475586, ""z"": 0.0, ""velocity"": 0.0, ""snr"": 0.0}, {""x"": -0.6998777389526367, ""y"": 1.204848289489746, ""z"": 0.0, ""velocity"": 0.0, ""snr"": 0.0}, {""x"": -0.8917450904846191, ""y"": 1.482546329498291, ""z"": 0.0, ""velocity"": 0.0, ""snr"": 0.0}, {""x"": -0.0012516975402832031, ""y"": 0.3635287284851074, ""z"": 0.0, ""velocity"": 0.0, ""snr"": 0.0}, {""x"": -0.0037550926208496094, ""y"": 0.3858804702758789, ""z"": 0.0, ""velocity"": 0.0, ""snr"": 0.0}, {""x"": -0.007688999176025391, ""y"": 0.4177093505859375, ""z"": 0.0, ""velocity"": 0.0, ""snr"": 0.0}, {""x"": -0.009655952453613281, ""y"": 0.44971704483032227, ""z"": 0.0, ""velocity"": 0.0, ""snr"": 0.0}, {""x"": -0.011801719665527344, ""y"": 0.47278404235839844, ""z"": 0.0, ""velocity"": 0.0, ""snr"": 0.0}, {""x"": 0.22745132446289062, ""y"": 0.5101561546325684, ""z"": 0.0, ""velocity"": 0.0, ""snr"": 0.0}, {""x"": 0.25659799575805664, ""y"": 0.49102306365966797, ""z"": 0.0, ""velocity"": 0.0, ""snr"": 0.0}, {""x"": 1.6720890998840332, ""y"": 1.8026232719421387, ""z"": 0.0, ""velocity"": 0.0, ""snr"": 0.0}, {""x"": 1.7128586769104004, ""y"": 1.7927885055541992, ""z"": 0.0, ""velocity"": 0.0, ""snr"": 0.0}, {""x"": 1.7452239990234375, ""y"": 1.779019832611084, ""z"": 0.0, ""velocity"": 0.0, ""snr"": 0.0}]","[151876.0, 220006.0, 152856.0, 47301.0, 9789.0, 2711.0, 10299.0, 47216.0, 89343.0, 107046.0, 111588.0, 77785.0, 52622.0, 34587.0, 9162.0, 4737.0, 3676.0, 6035.0, 4736.0, 3260.0, 2651.0, 2873.0, 2801.0, 3626.0, 4340.0, 3873.0, 4242.0, 5741.0, 6360.0, 5922.0, 12824.0, 13258.0, 12700.0, 10786.0, 13962.0, 15489.0, 10701.0, 23324.0, 35275.0, 14756.0, 8811.0, 15401.0, 18730.0, 11990.0, 9300.0, 8354.0, 7869.0, 6231.0, 5825.0, 5423.0, 6427.0, 5519.0, 13025.0, 33541.0, 54136.0, 45786.0, 17046.0, 10178.0, 14435.0, 12899.0, 10106.0, 7108.0, 6395.0, 5693.0, 8069.0, 7710.0, 9088.0, 9197.0, 6991.0, 6003.0, 4995.0, 4953.0, 3914.0, 4300.0, 5419.0, 4824.0, 4596.0, 6945.0, 11509.0, 11341.0, 7391.0, 5725.0, 4777.0, 3448.0, 4324.0, 3825.0, 4211.0, 4002.0, 4159.0, 4715.0, 3596.0, 3853.0, 3970.0, 4692.0, 4951.0, 4099.0, 3463.0, 3120.0, 3774.0, 3627.0, 3636.0, 4040.0, 3006.0, 3080.0, 4238.0, 4359.0, 3414.0, 3180.0, 3243.0, 2691.0, 3981.0, 4597.0, 3666.0, 2689.0, 2603.0, 2233.0, 2029.0, 2192.0, 2664.0, 2358.0, 2385.0, 2235.0, 2302.0, 2387.0, 2451.0, 2307.0, 2665.0, 2509.0]",89310878.62166691
14,0.8,16,"[{""x"": -0.6898641586303711, ""y"": 1.2093186378479004, ""z"": 0.0, ""velocity"": 0.0, ""snr"": 0.0}, {""x"": -0.7923245429992676, ""y"": 1.1758804321289062, ""z"": 0.0, ""velocity"": 0.0, ""snr"": 0.0}, {""x"": -0.8423924446105957, ""y"": 1.5113353729248047, ""z"": 0.0, ""velocity"": 0.0, ""snr"": 0.0}, {""x"": -0.14698505401611328, ""y"": 1.5669465065002441, ""z"": 0.0, ""velocity"": 0.0, ""snr"": 0.0}, {""x"": 0.0050067901611328125, ""y"": 0.4824399948120117, ""z"": 0.0, ""velocity"": 0.0, ""snr"": 0.0}, {""x"": -0.017702579498291016, ""y"": 0.6147623062133789, ""z"": 0.0, ""velocity"": 0.0, ""snr"": 0.0}, {""x"": 0.07241964340209961, ""y"": 0.3921389579772949, ""z"": 0.0, ""velocity"": 0.0, ""snr"": 0.0}, {""x"": 0.030219554901123047, ""y"": 0.44399499893188477, ""z"": 0.0, ""velocity"": 0.0, ""snr"": 0.0}, {""x"": 0.07277727127075195, ""y"": 0.3535151481628418, ""z"": 0.0, ""velocity"": 0.0, ""snr"": 0.0}, {""x"": 0.07653236389160156, ""y"": 0.3644227981567383, ""z"": 0.0, ""velocity"": 0.0, ""snr"": 0.0}, {""x"": 0.20313262939453125, ""y"": 0.5224943161010742, ""z"": 0.0, ""velocity"": 0.0, ""snr"": 0.0}, {""x"": 0.25266408920288086, ""y"": 0.49227476119995117, ""z"": 0.0, ""velocity"": 0.0, ""snr"": 0.0}, {""x"": 1.6651153564453125, ""y"": 1.810133457183838, ""z"": 0.0, ""velocity"": 0.0, ""snr"": 0.0}, {""x"": 1.68532133102417, ""y"": 1.8187165260314941, ""z"": 0.0, ""velocity"": 0.0, ""snr"": 0.0}, {""x"": 1.6994476318359375, ""y"": 1.8235445022583008, ""z"": 0.0, ""velocity"": 0.0, ""snr"": 0.0}, {""x"": 1.6452670097351074, ""y"": 1.91420316696167, ""z"": 0.0, ""velocity"": 0.0, ""snr"": 0.0}]","[151720.0, 219973.0, 152714.0, 47384.0, 9271.0, 3084.0, 18288.0, 87093.0, 143582.0, 114277.0, 84824.0, 75903.0, 49612.0, 34240.0, 14120.0, 8216.0, 5706.0, 6296.0, 4617.0, 2160.0, 2509.0, 4377.0, 3795.0, 4418.0, 4911.0, 4056.0, 4141.0, 5288.0, 5321.0, 6340.0, 13081.0, 13925.0, 13533.0, 11078.0, 16795.0, 15306.0, 10673.0, 26038.0, 38174.0, 16720.0, 8232.0, 15442.0, 18610.0, 12433.0, 8737.0, 9142.0, 7571.0, 6141.0, 5516.0, 5341.0, 5765.0, 4416.0, 13050.0, 34306.0, 55728.0, 47153.0, 18027.0, 10277.0, 14317.0, 12893.0, 9699.0, 6808.0, 7321.0, 6569.0, 7283.0, 8049.0, 9049.0, 8292.0, 6855.0, 6592.0, 5485.0, 4813.0, 4221.0, 4674.0, 5129.0, 4953.0, 4896.0, 7297.0, 12351.0, 12051.0, 8130.0, 5562.0, 4620.0, 4054.0, 5220.0, 4170.0, 4151.0, 3625.0, 3998.0, 4360.0, 4351.0, 4840.0, 3641.0, 5219.0, 5197.0, 4254.0, 3488.0, 2816.0, 4313.0, 3476.0, 3768.0, 4219.0, 3032.0, 3043.0, 3769.0, 3354.0, 3687.0, 3879.0, 3845.0, 3526.0, 3449.0, 3565.0, 2706.0, 2872.0, 2497.0, 2306.0, 2391.0, 2963.0, 2448.0, 1923.0, 2296.0, 2600.0, 2530.0, 2655.0, 2512.0, 2284.0, 2592.0, 2602.0]",87524642.43715018
