frame_index,confidence,accel_x,accel_y,accel_z,gyro_x,gyro_y,gyro_z,quat,trajectory
0,0.95,-0.255,-0.156,0.957,4.79,-1.4,-1.68,null,null
1,0.95,-0.239,-0.153,0.954,11.99,-5.07,-3.42,null,null
2,0.95,-0.24,-0.141,0.92,1.22,-3.85,-3.63,null,null
3,0.95,-0.255,-0.137,0.945,-1.4,1.43,-2.01,null,null
4,0.95,-0.642,0.045,0.965,-3.69,-2.01,-4.06,null,null
5,0.95,-0.898,-0.411,0.95,-2.75,-78.62,45.41,null,null
6,0.95,-0.102,0.041,0.677,84.44,4.39,33.42,null,null
7,0.95,0.043,-0.131,0.92,72.15,45.38,19.56,null,null
8,0.95,0.081,0.089,0.892,108.28,34.27,-25.18,null,null
9,0.95,0.002,0.163,1.009,52.83,64.3,-34.09,null,null
10,0.95,-0.227,0.241,0.963,24.99,19.2,-16.33,null,null
11,0.95,-0.343,0.166,0.942,25.7,-7.14,2.47,null,null
12,0.95,-0.42,0.178,0.942,4.79,-13.49,5.46,null,null
13,0.95,-0.387,0.193,0.898,-7.87,-7.97,3.23,null,null
14,0.95,-0.35,0.185,0.859,-4.46,-4.09,3.36,null,null
15,0.95,-0.381,0.229,0.883,1.37,7.6,1.07,null,null
16,0.95,-0.379,0.219,0.877,1.74,1.68,3.54,null,null
17,0.95,-0.394,0.215,0.896,-1.83,-1.53,1.86,null,null
18,0.95,-0.386,0.209,0.898,0.58,3.17,-0.21,null,null
19,0.95,-0.385,0.22,0.88,4.09,1.04,-1.92,null,null
0,0.95,-0.12,-0.189,0.98,-2.29,-0.09,0.31,null,null
1,0.95,-0.215,-0.119,1.024,6.99,11.63,9.25,null,null
2,0.95,-0.334,-0.143,0.976,27.83,38.7,21.91,null,null
3,0.95,-0.313,-0.049,0.88,35.77,-25.21,32.87,null,null
4,0.95,-0.286,0.043,0.879,17.82,11.02,27.56,null,null
5,0.95,-0.355,-0.053,0.956,-16.54,4.82,23.01,null,null
6,0.95,-0.413,-0.137,0.939,8.97,2.47,41.66,null,null
7,0.95,-0.361,-0.037,0.85,18.74,-35.71,27.44,null,null
8,0.95,0.219,0.011,0.947,79.41,-5.92,-7.97,null,null
9,0.95,0.307,0.135,0.944,66.9,-12.88,-49.96,null,null
10,0.95,0.048,0.454,1.054,44.34,18.1,-70.35,null,null
11,0.95,-0.091,0.399,1.011,4.43,-15.9,-15.5,null,null
12,0.95,-0.188,0.329,0.917,3.81,-16.63,10.22,null,null
13,0.95,-0.222,0.319,0.885,12.09,7.63,14.95,null,null
14,0.95,-0.204,0.326,0.91,7.26,21.36,18.71,null,null
15,0.95,-0.207,0.376,0.908,6.62,9.19,11.9,null,null
16,0.95,-0.198,0.35,0.885,8.21,18.04,6.26,null,null
17,0.95,-0.232,0.351,0.907,8.3,0.85,2.75,null,null
18,0.95,-0.232,0.359,0.884,0.46,1.89,-1.62,null,null
19,0.95,-0.233,0.351,0.901,-3.14,3.66,-0.73,null,null
0,0.95,-0.113,-0.16,0.969,3.48,4.3,0.37,null,null
1,0.95,-0.155,-0.141,0.985,-5.58,-0.37,9.7,null,null
2,0.95,-0.213,-0.085,0.983,26.73,22.92,15.56,null,null
3,0.95,-0.244,-0.061,0.981,28.26,45.81,26.37,null,null
4,0.95,-0.375,-0.015,0.94,-6.74,18.59,39.89,null,null
5,0.95,-0.587,0.051,0.866,17.18,10.68,46.39,null,null
6,0.95,-0.445,0.014,0.821,10.07,2.04,47.85,null,null
7,0.95,-0.264,-0.041,0.899,55.94,51.24,26.55,null,null
8,0.95,-0.11,0.053,0.985,94.85,65.77,-9.49,null,null
9,0.95,-0.3,0.316,0.98,31.95,11.84,-18.95,null,null
10,0.95,-0.318,0.548,0.72,57.8,-54.29,-28.99,null,null
11,0.95,-0.39,0.511,0.793,22.89,-16.21,2.69,null,null
12,0.95,-0.407,0.374,0.773,9.89,-13.82,12.42,null,null
13,0.95,-0.482,0.446,0.772,1.01,-5.71,6.59,null,null
14,0.95,-0.46,0.449,0.762,-0.95,8.79,4.52,null,null
15,0.95,-0.464,0.47,0.763,-4.27,14.47,2.62,null,null
16,0.95,-0.488,0.462,0.764,-4.73,11.63,5.86,null,null
17,0.95,-0.448,0.479,0.708,-4.55,11.6,6.93,null,null
18,0.95,-0.508,0.474,0.744,-3.27,14.77,12.54,null,null
19,0.95,-0.456,0.462,0.701,-1.13,0.98,2.72,null,null
0,0.95,-0.433,-0.172,0.97,4.24,-20.05,21.24,null,null
1,0.95,-0.509,-0.106,0.937,16.11,6.23,14.1,null,null
2,0.95,-0.39,-0.094,0.869,8.88,-34.67,33.2,null,null
3,0.95,-0.459,-0.057,0.895,0.61,-6.2,35.16,null,null
4,0.95,-0.391,-0.056,0.852,10.5,18.46,48.25,null,null
5,0.95,-0.202,-0.17,0.891,15.14,26.18,47.64,null,null
6,0.95,-0.252,-0.084,0.981,18.86,-11.72,36.26,null,null
7,0.95,-0.058,0.062,0.957,104.74,-96.53,52.58,null,null
8,0.95,0.056,0.102,1.031,63.3,1.13,-35.55,null,null
9,0.95,-0.089,0.286,1.043,16.69,-7.75,-29.3,null,null
10,0.95,-0.077,0.315,1.02,21.42,-5.37,-16.08,null,null
11,0.95,-0.132,0.318,0.937,8.0,-14.71,-14.19,null,null
12,0.95,-0.134,0.372,0.926,7.32,1.16,-0.21,null,null
13,0.95,-0.133,0.378,0.919,-2.72,0.64,3.42,null,null
14,0.95,-0.13,0.399,0.905,2.35,4.88,5.37,null,null
15,0.95,-0.132,0.36,0.913,-2.62,1.8,1.92,null,null
16,0.95,-0.115,0.356,0.939,-4.79,-10.83,-0.92,null,null
17,0.95,-0.067,0.339,0.945,-12.97,-33.97,-1.83,null,null
18,0.95,-0.082,0.417,0.892,5.1,-33.6,-17.18,null,null
19,0.95,0.012,0.387,0.884,-0.76,-37.48,-5.04,null,null
0,0.95,-0.084,-0.137,1.01,-2.5,0.55,-1.43,null,null
1,0.95,-0.074,-0.041,0.935,-4.91,-7.08,3.14,null,null
2,0.95,-0.142,-0.103,0.947,13.03,1.13,-3.14,null,null
3,0.95,-0.04,-0.143,1.094,-1.07,2.75,-6.9,null,null
4,0.95,-0.104,-0.115,0.949,-12.3,-4.88,5.71,null,null
5,0.95,-0.154,-0.104,0.905,-9.34,5.98,6.16,null,null
6,0.95,-0.292,-0.14,1.041,20.87,7.84,4.0,null,null
7,0.95,-0.324,-0.168,1.002,6.04,-20.69,48.98,null,null
8,0.95,-0.225,-0.159,1.054,4.91,18.59,36.65,null,null
9,0.95,-0.181,-0.01,0.974,41.05,17.82,27.53,null,null
10,0.95,-0.204,0.067,0.939,17.98,17.3,26.22,null,null
11,0.95,-0.152,0.047,0.959,9.13,14.25,26.8,null,null
12,0.95,-0.214,0.046,0.958,20.6,15.05,8.85,null,null
13,0.95,-0.237,0.125,0.943,27.8,11.44,6.44,null,null
14,0.95,-0.221,0.082,0.977,4.43,19.38,5.77,null,null
15,0.95,-0.257,0.173,0.944,5.52,-8.7,-5.34,null,null
16,0.95,-0.174,0.145,0.972,-4.12,-56.55,18.62,null,null
17,0.95,-0.09,0.155,1.013,26.31,-18.37,-12.79,null,null
18,0.95,-0.046,0.222,1.002,9.43,-1.98,-19.5,null,null
19,0.95,-0.089,0.279,0.939,7.14,-4.39,-15.26,null,null
0,0.95,-0.139,-0.095,0.986,-6.68,-1.83,2.26,null,null
1,0.95,-0.145,-0.11,0.964,-11.44,-6.44,-4.0,null,null
2,0.95,-0.176,-0.055,0.994,3.81,-20.11,4.7,null,null
3,0.95,-0.209,-0.074,0.98,85.79,-77.73,25.64,null,null
4,0.95,-0.079,-0.084,0.977,-11.02,-60.49,50.02,null,null
5,0.95,0.008,-0.037,1.045,-0.79,-16.08,17.24,null,null
6,0.95,0.066,0.07,1.005,14.92,-19.47,27.13,null,null
7,0.95,0.096,0.059,0.982,-3.2,-31.22,46.75,null,null
8,0.95,0.248,0.055,0.945,25.03,-41.99,31.59,null,null
9,0.95,0.382,-0.09,0.808,1.1,-26.73,34.09,null,null
10,0.95,0.337,-0.047,0.976,34.94,31.19,-13.58,null,null
11,0.95,0.276,0.018,1.042,23.59,5.52,-6.32,null,null
12,0.95,0.333,0.079,0.913,35.37,44.31,-28.93,null,null
13,0.95,0.234,0.187,0.992,17.67,33.6,-52.86,null,null
14,0.95,0.17,0.277,0.999,6.26,10.35,-30.24,null,null
15,0.95,0.064,0.239,0.958,16.72,-6.68,-15.81,null,null
16,0.95,0.025,0.277,0.983,10.25,3.3,-5.07,null,null
17,0.95,0.035,0.263,0.961,5.01,9.64,6.16,null,null
18,0.95,0.02,0.288,0.96,-3.48,-0.95,1.8,null,null
19,0.95,0.034,0.311,0.933,-3.36,-8.45,-4.09,null,null
0,0.95,-0.004,-0.13,0.971,0.85,1.86,-0.61,null,null
1,0.95,-0.055,-0.043,0.974,23.99,1.1,6.78,null,null
2,0.95,-0.088,-0.137,1.032,7.14,14.25,25.12,null,null
3,0.95,-0.151,-0.224,1.022,-14.71,-12.36,49.1,null,null
4,0.95,-0.116,-0.226,1.014,-11.51,-7.54,43.15,null,null
5,0.95,-0.044,-0.103,0.979,5.1,15.78,28.35,null,null
6,0.95,-0.022,-0.092,0.981,20.84,24.2,23.26,null,null
7,0.95,0.026,-0.088,0.96,16.14,7.97,11.6,null,null
8,0.95,-0.035,-0.029,0.995,35.74,0.82,-1.07,null,null
9,0.95,0.002,0.045,0.99,29.11,4.09,-5.52,null,null
10,0.95,0.015,0.172,0.973,12.63,0.34,44.65,null,null
11,0.95,0.133,0.131,0.966,69.86,13.61,-11.72,null,null
12,0.95,0.124,0.21,1.006,7.45,-15.41,-17.91,null,null
13,0.95,0.011,0.267,0.914,4.85,5.01,-13.18,null,null
14,0.95,-0.041,0.319,0.96,8.42,11.63,-5.92,null,null
15,0.95,-0.013,0.288,0.921,9.89,6.78,0.52,null,null
16,0.95,-0.07,0.307,0.964,7.29,3.17,6.59,null,null
17,0.95,-0.03,0.307,0.925,5.22,0.0,5.77,null,null
18,0.95,-0.037,0.322,0.951,-1.34,-2.9,2.53,null,null
19,0.95,-0.022,0.313,0.919,6.62,-2.01,4.73,null,null
0,0.95,0.48,-0.011,0.874,-1.25,-2.14,5.13,null,null
1,0.95,0.458,0.014,0.91,-2.32,-8.45,9.06,null,null
2,0.95,0.368,0.029,0.926,19.04,-35.62,11.78,null,null
3,0.95,0.337,0.023,0.885,24.11,-49.26,37.08,null,null
4,0.95,0.46,0.026,0.853,36.87,-26.46,39.09,null,null
5,0.95,0.66,0.009,0.779,30.88,-6.56,39.77,null,null
6,0.95,0.761,-0.014,0.765,41.02,-5.46,13.09,null,null
7,0.95,0.706,-0.005,0.608,50.78,7.08,-21.94,null,null
8,0.95,0.755,0.12,0.56,28.5,25.82,-44.43,null,null
9,0.95,0.661,0.277,0.617,11.08,17.24,-56.43,null,null
10,0.95,0.63,0.312,0.718,-2.08,3.54,-53.16,null,null
11,0.95,0.616,0.319,0.75,-5.77,-10.71,-24.99,null,null
12,0.95,0.569,0.326,0.772,1.4,-10.68,-19.07,null,null
13,0.95,0.557,0.324,0.745,-1.53,-7.69,-0.67,null,null
14,0.95,0.57,0.351,0.757,0.92,-0.89,-4.39,null,null
15,0.95,0.571,0.327,0.748,5.28,2.11,-6.04,null,null
16,0.95,0.567,0.309,0.731,2.84,0.85,2.81,null,null
17,0.95,0.558,0.331,0.751,1.95,0.82,2.08,null,null
18,0.95,0.532,0.343,0.751,6.65,3.69,0.49,null,null
19,0.95,0.559,0.339,0.767,4.52,-1.56,-1.25,null,null
0,0.95,0.397,0.026,0.918,-6.78,-18.98,6.1,null,null
1,0.95,0.394,0.015,0.871,-2.04,-11.54,4.21,null,null
2,0.95,0.369,-0.015,0.914,-2.44,-5.89,4.64,null,null
3,0.95,0.288,0.029,1.007,0.18,-18.95,18.07,null,null
4,0.95,0.258,-0.08,1.003,11.23,-37.66,38.27,null,null
5,0.95,0.435,-0.008,0.899,33.54,-37.17,43.03,null,null
6,0.95,0.567,-0.073,0.839,25.85,-16.63,32.11,null,null
7,0.95,0.684,-0.068,0.806,-1.77,-10.8,21.88,null,null
8,0.95,0.638,0.031,0.835,-15.75,-27.01,12.88,null,null
9,0.95,0.675,0.038,0.73,4.67,-19.62,-2.93,null,null
10,0.95,0.605,0.05,0.715,14.22,-11.38,-19.93,null,null
11,0.95,0.63,0.092,0.709,67.87,17.49,-47.85,null,null
12,0.95,0.704,0.16,0.661,32.41,25.88,-52.8,null,null
13,0.95,0.657,0.259,0.718,-5.62,25.18,-39.28,null,null
14,0.95,0.568,0.357,0.8,-8.3,1.5,-23.41,null,null
15,0.95,0.54,0.337,0.762,-5.77,-4.03,-11.11,null,null
16,0.95,0.502,0.369,0.781,-4.7,-1.28,-3.54,null,null
17,0.95,0.5,0.318,0.769,1.46,-0.61,-6.04,null,null
18,0.95,0.488,0.354,0.767,4.88,5.4,-6.13,null,null
19,0.95,0.486,0.347,0.771,4.18,0.46,-3.39,null,null
0,0.95,0.31,-0.024,0.947,-0.7,1.01,1.68,null,null
1,0.95,0.296,-0.036,0.94,-0.34,2.69,2.44,null,null
2,0.95,0.304,-0.021,0.957,-0.89,0.76,-0.55,null,null
3,0.95,0.295,-0.036,0.962,-0.4,-2.14,1.04,null,null
4,0.95,0.23,-0.039,1.034,0.52,2.04,6.65,null,null
5,0.95,0.186,-0.05,1.027,9.55,-55.73,36.62,null,null
6,0.95,0.35,-0.049,0.873,22.58,-58.5,42.05,null,null
7,0.95,0.454,-0.09,0.883,0.73,-37.54,39.64,null,null
8,0.95,0.452,-0.012,0.936,9.28,-21.64,21.76,null,null
9,0.95,0.567,-0.069,0.787,20.08,-28.44,21.49,null,null
10,0.95,0.614,-0.052,0.818,18.13,-6.59,18.62,null,null
11,0.95,0.691,-0.053,0.722,28.81,-5.95,0.55,null,null
12,0.95,0.654,-0.018,0.698,21.97,-5.28,-9.52,null,null
13,0.95,0.62,0.084,0.735,26.31,4.27,-20.14,null,null
14,0.95,0.655,0.034,0.723,10.83,9.25,-10.25,null,null
15,0.95,0.678,0.118,0.704,26.09,42.12,-45.81,null,null
16,0.95,0.618,0.19,0.774,21.79,40.07,-64.09,null,null
17,0.95,0.537,0.293,0.819,17.03,19.32,-54.75,null,null
18,0.95,0.449,0.361,0.881,11.9,-2.47,-35.0,null,null
19,0.95,0.424,0.355,0.868,3.69,3.72,-8.0,null,null
0,0.95,0.265,-0.167,0.99,18.92,-9.4,-5.31,null,null
1,0.95,0.225,-0.128,0.989,23.83,-24.81,16.33,null,null
2,0.95,0.321,-0.159,0.918,2.29,-28.38,27.34,null,null
3,0.95,0.355,-0.111,0.879,10.53,-34.27,22.25,null,null
4,0.95,0.381,-0.077,0.849,2.53,-26.64,27.99,null,null
5,0.95,0.448,-0.13,0.855,-11.41,-39.86,32.69,null,null
6,0.95,0.487,-0.156,0.829,11.14,-25.85,23.56,null,null
7,0.95,0.467,-0.099,0.777,15.56,-13.43,20.75,null,null
8,0.95,0.576,-0.1,0.817,33.2,17.52,-0.98,null,null
9,0.95,0.581,-0.039,0.845,59.51,37.23,-20.75,null,null
10,0.95,0.637,-0.007,0.793,34.15,27.77,-24.41,null,null
11,0.95,0.57,0.094,0.85,6.74,37.26,-56.28,null,null
12,0.95,0.405,0.197,0.857,0.27,17.94,-58.84,null,null
13,0.95,0.395,0.255,0.885,4.03,5.86,-27.16,null,null
14,0.95,0.332,0.25,0.986,4.88,-2.69,2.9,null,null
15,0.95,0.369,0.149,0.903,-0.31,-12.91,13.0,null,null
16,0.95,0.376,0.217,0.912,-3.45,-6.41,-6.71,null,null
17,0.95,0.314,0.283,0.938,2.35,-7.78,-0.4,null,null
18,0.95,0.31,0.197,0.912,7.9,2.04,7.26,null,null
19,0.95,0.348,0.194,0.931,-2.5,10.44,2.81,null,null
0,0.95,0.348,-0.178,0.919,4.46,-19.23,-1.95,null,null
1,0.95,0.404,-0.204,0.888,6.07,-11.66,0.95,null,null
2,0.95,0.367,-0.197,0.946,13.52,-5.43,-17.27,null,null
3,0.95,0.228,-0.113,0.988,29.08,-13.64,-4.58,null,null
4,0.95,0.255,-0.123,0.948,32.23,-23.77,36.5,null,null
5,0.95,0.396,-0.077,0.907,35.46,5.89,25.06,null,null
6,0.95,0.369,0.034,0.977,20.08,7.39,22.06,null,null
7,0.95,0.446,0.071,0.998,39.31,12.85,16.48,null,null
8,0.95,0.506,0.031,0.967,-24.38,-22.98,41.2,null,null
9,0.95,0.588,-0.027,0.821,-20.2,-37.81,12.54,null,null
10,0.95,0.602,-0.036,0.763,-0.79,-20.54,-17.82,null,null
11,0.95,0.576,-0.098,0.75,26.76,27.5,-36.19,null,null
12,0.95,0.58,0.103,0.782,17.94,24.78,-57.1,null,null
13,0.95,0.534,0.14,0.732,8.91,21.52,-66.32,null,null
14,0.95,0.425,0.281,0.806,5.01,13.82,-62.29,null,null
15,0.95,0.377,0.334,0.906,10.77,-1.01,-25.03,null,null
16,0.95,0.357,0.306,0.885,11.72,1.53,-7.63,null,null
17,0.95,0.326,0.307,0.9,9.8,2.29,-1.16,null,null
18,0.95,0.317,0.337,0.887,5.95,4.88,-0.43,null,null
19,0.95,0.322,0.335,0.899,4.12,5.1,2.23,null,null
0,0.95,0.225,-0.106,0.919,-3.66,-6.32,-0.21,null,null
1,0.95,0.265,-0.137,1.055,4.52,-19.35,17.43,null,null
2,0.95,0.249,-0.152,0.979,-0.7,-40.16,47.36,null,null
3,0.95,0.272,-0.095,0.803,19.81,-48.68,44.43,null,null
4,0.95,0.358,0.032,0.919,8.97,-36.93,38.48,null,null
5,0.95,0.567,-0.061,0.797,24.17,-34.09,21.88,null,null
6,0.95,0.667,-0.184,0.697,1.43,-33.72,17.64,null,null
7,0.95,0.764,-0.241,0.621,24.96,1.86,-21.67,null,null
8,0.95,0.649,-0.009,0.723,16.14,57.07,-54.17,null,null
9,0.95,0.649,0.087,0.809,24.93,39.31,-37.2,null,null
10,0.95,0.56,0.124,0.82,16.51,24.11,-43.92,null,null
11,0.95,0.531,0.182,0.891,10.71,3.23,-22.98,null,null
12,0.95,0.48,0.158,0.808,7.08,2.41,-2.59,null,null
13,0.95,0.442,0.239,0.867,11.14,11.23,-1.34,null,null
14,0.95,0.442,0.255,0.888,12.27,5.77,7.69,null,null
15,0.95,0.403,0.243,0.881,9.25,-4.73,13.03,null,null
16,0.95,0.39,0.255,0.871,5.37,1.65,9.64,null,null
17,0.95,0.403,0.305,0.9,4.06,4.06,4.94,null,null
18,0.95,0.397,0.236,0.869,5.92,-11.6,9.0,null,null
19,0.95,0.375,0.294,0.862,5.86,0.09,0.98,null,null
0,0.95,0.282,-0.171,0.969,7.66,-31.95,28.78,null,null
1,0.95,0.33,-0.132,0.94,9.37,-16.72,29.54,null,null
2,0.95,0.413,-0.081,0.918,21.58,-21.12,22.77,null,null
3,0.95,0.412,0.025,0.89,21.24,-20.29,16.36,null,null
4,0.95,0.435,0.019,0.886,26.43,-23.01,18.71,null,null
5,0.95,0.539,-0.03,0.784,8.36,-30.46,26.4,null,null
6,0.95,0.642,-0.089,0.731,22.43,-11.72,-8.06,null,null
7,0.95,0.733,-0.126,0.821,-4.15,-3.17,-7.51,null,null
8,0.95,0.628,-0.031,0.688,23.01,6.81,-58.05,null,null
9,0.95,0.664,0.012,0.743,12.91,9.86,-62.29,null,null
10,0.95,0.582,0.225,0.622,78.83,-18.1,-49.35,null,null
11,0.95,0.584,0.342,0.777,10.9,7.32,-36.53,null,null
12,0.95,0.536,0.301,0.77,-1.31,4.67,-14.65,null,null
13,0.95,0.555,0.309,0.764,-3.2,2.26,-1.98,null,null
14,0.95,0.508,0.323,0.799,3.85,-2.56,7.72,null,null
15,0.95,0.526,0.296,0.76,5.4,5.8,7.48,null,null
16,0.95,0.495,0.332,0.832,1.8,5.8,3.02,null,null
17,0.95,0.498,0.314,0.794,7.84,6.5,1.53,null,null
18,0.95,0.527,0.252,0.777,3.66,8.91,-1.25,null,null
19,0.95,0.502,0.381,0.837,-6.62,-0.03,0.92,null,null
0,0.95,0.267,-0.215,0.983,0.7,4.39,2.32,null,null
1,0.95,0.2,-0.183,0.996,5.4,-4.12,-9.58,null,null
2,0.95,0.174,-0.138,1.005,18.37,-9.37,-9.77,null,null
3,0.95,0.117,-0.097,1.049,23.41,-13.12,14.01,null,null
4,0.95,0.135,-0.12,0.964,10.62,-41.78,46.02,null,null
5,0.95,0.351,-0.055,0.867,16.27,-12.39,33.2,null,null
6,0.95,0.376,-0.061,0.919,1.89,-9.22,23.35,null,null
7,0.95,0.357,-0.024,0.867,-2.11,-5.89,12.51,null,null
8,0.95,0.412,-0.06,0.941,1.53,-18.43,19.56,null,null
9,0.95,0.471,-0.081,0.917,17.0,-11.14,5.22,null,null
10,0.95,0.455,-0.075,0.873,17.94,-0.52,-17.55,null,null
11,0.95,0.396,-0.001,0.843,27.77,25.85,-16.05,null,null
12,0.95,0.457,0.024,0.983,20.91,24.35,-28.23,null,null
13,0.95,0.465,0.075,0.969,10.32,-13.12,-25.06,null,null
14,0.95,0.446,0.09,0.842,-3.48,1.04,-25.21,null,null
15,0.95,0.432,0.139,0.916,0.61,5.58,-28.05,null,null
16,0.95,0.404,0.196,0.897,23.1,-10.71,-25.12,null,null
17,0.95,0.441,0.204,0.835,20.57,-7.14,-21.61,null,null
18,0.95,0.377,0.256,0.927,3.42,6.04,-3.05,null,null
19,0.95,0.382,0.217,0.883,0.73,5.16,5.43,null,null
0,0.95,0.644,0.421,0.665,-4.43,-51.58,4.18,null,null
1,0.95,0.728,0.501,0.585,-6.87,-65.61,19.38,null,null
2,0.95,0.812,0.386,0.429,-7.32,-48.52,19.23,null,null
3,0.95,0.682,0.303,0.547,-29.02,11.05,-9.77,null,null
4,0.95,-0.091,0.264,1.07,-70.28,96.62,-66.47,null,null
5,0.95,-0.397,0.125,1.355,-93.72,126.8,-16.08,null,null
6,0.95,0.075,0.047,1.08,-7.54,-6.2,-11.9,null,null
7,0.95,0.236,-0.035,0.965,-27.8,3.57,17.79,null,null
8,0.95,0.23,0.039,0.999,-10.41,3.6,-2.35,null,null
9,0.95,0.207,0.026,1.007,-10.93,7.75,3.17,null,null
10,0.95,0.239,0.065,0.952,-9.4,-0.43,1.46,null,null
11,0.95,0.236,0.031,0.967,-4.09,-1.95,5.1,null,null
12,0.95,0.241,0.01,0.942,-2.01,-2.99,2.96,null,null
13,0.95,0.22,0.005,0.941,-4.64,7.35,1.04,null,null
14,0.95,0.218,0.005,0.948,-6.29,0.85,1.13,null,null
15,0.95,0.223,-0.001,0.954,-5.98,2.26,-1.37,null,null
16,0.95,0.216,-0.006,0.965,-4.43,-1.59,-0.18,null,null
17,0.95,0.222,-0.03,0.987,-4.39,-1.16,-0.64,null,null
18,0.95,0.215,-0.04,0.989,-5.4,-0.49,1.71,null,null
19,0.95,0.218,-0.045,0.965,-1.56,-5.62,0.7,null,null
0,0.95,0.715,0.398,0.617,18.25,-74.04,55.91,null,null
1,0.95,0.904,0.259,0.645,12.15,-29.36,29.66,null,null
2,0.95,0.741,0.224,0.514,-15.63,12.15,-11.9,null,null
3,0.95,0.416,0.076,0.88,-74.16,108.62,-37.17,null,null
4,0.95,-0.049,0.143,1.271,-88.99,111.27,-18.1,null,null
5,0.95,0.053,0.04,1.088,-55.02,65.43,-14.44,null,null
6,0.95,0.256,-0.128,1.02,-12.02,-5.62,5.86,null,null
7,0.95,0.405,-0.141,0.917,-17.3,-1.46,13.76,null,null
8,0.95,0.364,-0.053,0.907,-17.52,4.52,4.52,null,null
9,0.95,0.333,-0.105,0.951,-5.28,-2.84,1.34,null,null
10,0.95,0.314,-0.1,0.937,-2.38,3.72,2.47,null,null
11,0.95,0.353,-0.116,0.923,-1.86,-2.17,0.06,null,null
12,0.95,0.348,-0.171,0.934,-19.32,2.2,10.59,null,null
13,0.95,0.349,-0.167,0.921,-2.9,0.15,-2.29,null,null
14,0.95,0.335,-0.102,0.916,-2.23,4.61,-5.83,null,null
15,0.95,0.353,-0.122,0.926,-5.19,1.5,0.46,null,null
16,0.95,0.326,-0.106,0.918,0.34,-0.37,-3.81,null,null
17,0.95,0.346,-0.117,0.92,-4.09,-0.4,-0.49,null,null
18,0.95,0.347,-0.13,0.928,-3.54,1.37,1.22,null,null
19,0.95,0.336,-0.143,0.939,-1.8,-0.18,2.84,null,null
0,0.95,0.323,0.25,0.921,-14.71,-9.49,-10.68,null,null
1,0.95,0.299,0.205,0.96,-39.28,-22.31,0.73,null,null
2,0.95,0.279,0.201,0.927,-5.46,-3.72,-4.91,null,null
3,0.95,0.318,0.163,0.93,0.67,2.5,-0.15,null,null
4,0.95,0.391,0.151,0.96,10.41,-17.64,-4.76,null,null
5,0.95,0.678,0.225,0.748,15.29,-43.15,8.82,null,null
6,0.95,0.738,0.2,0.628,13.79,-96.38,23.5,null,null
7,0.95,0.769,0.168,0.769,-8.7,-35.31,31.19,null,null
8,0.95,0.736,0.2,0.778,-13.43,-6.26,13.58,null,null
9,0.95,0.616,0.168,0.726,-22.34,3.66,8.51,null,null
10,0.95,0.576,0.062,0.85,-14.74,40.86,-14.95,null,null
11,0.95,0.452,0.029,0.837,-25.67,51.03,-31.43,null,null
12,0.95,0.27,0.095,0.965,-45.78,63.72,-33.6,null,null
13,0.95,0.22,0.099,0.951,-47.15,49.81,-20.26,null,null
14,0.95,0.269,-0.113,1.045,-28.9,46.57,-15.84,null,null
15,0.95,0.284,-0.064,0.976,-5.77,4.61,0.64,null,null
16,0.95,0.308,-0.13,0.945,-6.78,4.46,7.87,null,null
17,0.95,0.282,-0.101,0.974,-11.29,5.28,8.33,null,null
18,0.95,0.306,-0.099,0.951,-1.53,0.09,-1.22,null,null
19,0.95,0.286,-0.081,0.891,0.12,2.81,0.4,null,null
0,0.95,0.462,0.187,0.879,-9.55,-0.24,-1.43,null,null
1,0.95,0.441,0.145,0.916,-8.36,7.05,5.4,null,null
2,0.95,0.448,0.133,0.901,-12.97,15.2,7.29,null,null
3,0.95,0.465,0.128,0.872,-0.49,-7.42,-3.75,null,null
4,0.95,0.556,0.114,0.861,2.08,-14.1,0.55,null,null
5,0.95,0.829,0.204,0.676,7.87,-32.23,18.62,null,null
6,0.95,0.901,0.171,0.506,-2.35,-55.94,37.51,null,null
7,0.95,0.822,0.124,0.726,-5.34,-10.65,10.1,null,null
8,0.95,0.634,0.065,0.675,-14.37,16.39,-13.31,null,null
9,0.95,0.232,0.082,0.978,-58.02,81.39,-37.08,null,null
10,0.95,0.058,-0.068,1.021,-70.44,54.41,-13.4,null,null
11,0.95,0.093,-0.185,1.078,-46.39,57.5,-30.76,null,null
12,0.95,0.067,-0.119,1.101,-29.54,39.83,-36.96,null,null
13,0.95,0.169,-0.104,1.019,-20.54,-11.47,5.95,null,null
14,0.95,0.187,-0.118,0.955,-17.33,-13.89,6.5,null,null
15,0.95,0.231,-0.143,0.966,-5.31,4.3,-0.92,null,null
16,0.95,0.244,-0.138,0.951,1.5,7.84,-1.16,null,null
17,0.95,0.245,-0.185,0.983,12.57,2.2,-7.69,null,null
18,0.95,0.268,-0.13,0.949,-5.92,-3.81,1.92,null,null
19,0.95,0.294,-0.144,0.917,-0.52,-1.83,-4.27,null,null
0,0.95,0.401,0.159,0.896,13.46,-4.55,-41.14,null,null
1,0.95,0.384,0.16,0.889,2.14,-2.59,-19.59,null,null
2,0.95,0.382,0.193,0.949,1.65,-1.25,-10.35,null,null
3,0.95,0.497,0.227,0.87,10.25,-26.28,-8.09,null,null
4,0.95,0.844,0.28,0.687,17.3,-34.73,17.03,null,null
5,0.95,0.854,0.26,0.468,10.19,-101.99,63.54,null,null
6,0.95,0.863,0.09,0.471,-11.14,-58.32,31.43,null,null
7,0.95,0.594,0.167,0.745,-41.02,54.72,-12.05,null,null
8,0.95,0.372,0.116,0.854,-71.05,81.27,-4.7,null,null
9,0.95,0.284,-0.076,0.929,-64.61,62.07,-13.86,null,null
10,0.95,0.073,-0.085,1.004,-55.51,31.86,-19.35,null,null
11,0.95,0.055,-0.156,1.077,-39.43,43.52,-35.55,null,null
12,0.95,0.147,-0.082,1.069,-21.61,-3.78,1.25,null,null
13,0.95,0.263,-0.206,1.02,-10.5,-26.64,14.07,null,null
14,0.95,0.312,-0.165,0.918,4.7,-7.63,-0.21,null,null
15,0.95,0.274,-0.119,0.919,5.34,1.13,-9.64,null,null
16,0.95,0.229,-0.089,0.928,1.4,-0.46,-1.43,null,null
17,0.95,0.25,-0.142,0.932,3.27,5.55,-1.13,null,null
18,0.95,0.272,-0.113,0.966,4.33,10.99,-6.65,null,null
19,0.95,0.265,-0.145,0.958,-1.01,-2.93,2.38,null,null
0,0.95,0.346,0.257,0.901,4.85,-6.96,1.92,null,null
1,0.95,0.321,0.263,0.933,3.51,-9.37,3.33,null,null
2,0.95,0.321,0.261,0.933,3.3,-13.06,4.67,null,null
3,0.95,0.466,0.25,0.869,7.23,-14.28,-1.07,null,null
4,0.95,0.702,0.403,0.753,13.25,-70.31,15.2,null,null
5,0.95,0.743,0.304,0.621,-1.89,-91.8,51.09,null,null
6,0.95,0.739,0.239,0.46,-4.61,-71.17,32.56,null,null
7,0.95,0.734,0.265,0.752,-14.28,2.32,-9.34,null,null
8,0.95,0.647,0.093,0.626,-44.19,33.2,-2.38,null,null
9,0.95,0.213,0.027,0.895,-46.54,124.58,-53.29,null,null
10,0.95,-0.008,0.037,1.192,-90.37,90.49,-24.41,null,null
11,0.95,0.157,-0.013,1.034,-10.19,20.45,-33.97,null,null
12,0.95,0.269,0.01,0.919,-10.47,7.63,0.15,null,null
13,0.95,0.348,-0.031,1.001,-14.25,-2.84,7.69,null,null
14,0.95,0.301,-0.078,1.048,-22.46,1.74,9.58,null,null
15,0.95,0.289,-0.026,0.941,-3.42,3.17,-1.16,null,null
16,0.95,0.295,-0.054,0.967,-10.07,5.98,3.85,null,null
17,0.95,0.278,-0.054,0.958,-10.62,2.75,7.11,null,null
18,0.95,0.302,-0.084,0.938,-1.86,6.62,2.53,null,null
19,0.95,0.293,-0.07,0.939,-7.54,3.51,2.01,null,null
0,0.95,0.437,0.047,0.913,11.41,-12.48,-3.48,null,null
1,0.95,0.465,0.048,0.912,10.35,-25.39,0.31,null,null
2,0.95,0.433,0.053,0.929,11.93,-23.13,11.72,null,null
3,0.95,0.641,0.068,0.756,12.79,-22.31,7.23,null,null
4,0.95,0.664,0.126,0.714,12.82,-48.98,9.64,null,null
5,0.95,0.636,0.109,0.712,6.35,-57.25,11.63,null,null
6,0.95,0.636,0.122,0.645,16.39,-41.93,10.9,null,null
7,0.95,0.621,0.055,0.652,-6.07,0.73,5.62,null,null
8,0.95,0.611,-0.044,0.66,-43.46,30.67,-6.62,null,null
9,0.95,0.392,-0.041,0.942,-29.79,53.62,-39.61,null,null
10,0.95,0.042,-0.02,0.978,-43.15,104.92,-42.48,null,null
11,0.95,-0.038,-0.19,1.176,-57.5,51.91,-9.43,null,null
12,0.95,0.165,-0.126,0.945,-1.59,-14.07,-3.88,null,null
13,0.95,0.275,-0.134,0.901,-4.21,-2.41,-1.22,null,null
14,0.95,0.257,-0.154,0.975,-3.69,3.69,-8.76,null,null
15,0.95,0.245,-0.108,0.981,11.11,-30.3,-10.22,null,null
16,0.95,0.328,-0.11,0.92,12.63,-30.98,-1.22,null,null
17,0.95,0.34,-0.116,0.918,-2.81,6.5,-0.85,null,null
18,0.95,0.299,-0.079,0.951,-4.3,1.98,-1.95,null,null
19,0.95,0.287,-0.099,0.958,-7.93,-3.75,3.27,null,null
0,0.95,0.441,-0.007,0.816,84.69,-57.07,-18.28,null,null
1,0.95,0.559,0.018,0.856,-20.11,-7.87,-5.49,null,null
2,0.95,0.448,0.19,0.947,-13.0,-4.67,-21.42,null,null
3,0.95,0.436,0.14,0.902,0.49,-14.01,-11.38,null,null
4,0.95,0.448,0.162,0.865,-2.01,-12.21,-7.23,null,null
5,0.95,0.667,0.212,0.785,-0.31,-17.4,-0.98,null,null
6,0.95,0.754,0.237,0.767,-11.9,-46.6,19.32,null,null
7,0.95,0.821,0.176,0.738,-3.39,-46.24,26.8,null,null
8,0.95,0.651,0.254,0.88,17.06,-13.55,-7.54,null,null
9,0.95,0.577,0.168,0.713,-5.19,19.01,-15.56,null,null
10,0.95,0.484,0.144,0.762,-29.39,60.55,-26.15,null,null
11,0.95,0.219,0.025,1.023,-67.51,65.55,-20.97,null,null
12,0.95,0.04,-0.009,1.107,-36.04,77.36,-39.4,null,null
13,0.95,0.034,0.005,1.033,-33.91,32.17,-14.07,null,null
14,0.95,0.186,-0.026,1.071,-24.23,-6.68,0.15,null,null
15,0.95,0.21,0.016,1.003,-12.85,-14.44,4.24,null,null
16,0.95,0.246,-0.051,0.983,-12.6,2.84,6.1,null,null
17,0.95,0.204,-0.036,0.96,-8.82,1.43,2.87,null,null
18,0.95,0.233,-0.041,0.923,-1.89,11.81,-0.98,null,null
19,0.95,0.21,-0.055,0.98,-12.21,4.21,4.94,null,null
0,0.95,0.441,0.285,0.86,3.27,-1.59,-11.9,null,null
1,0.95,0.493,0.456,0.703,14.56,-14.34,-17.33,null,null
2,0.95,0.497,0.42,0.762,5.01,-9.13,11.57,null,null
3,0.95,0.546,0.425,0.708,6.96,-19.29,17.4,null,null
4,0.95,0.775,0.466,0.547,16.3,-26.67,17.94,null,null
5,0.95,0.805,0.432,0.539,5.68,-55.57,49.87,null,null
6,0.95,0.85,0.266,0.621,-1.04,-31.5,36.56,null,null
7,0.95,0.814,0.297,0.563,-4.06,0.95,-10.35,null,null
8,0.95,0.678,0.275,0.623,-19.01,23.77,-28.63,null,null
9,0.95,0.24,0.205,1.019,-28.96,86.18,-66.71,null,null
10,0.95,-0.003,0.13,1.198,-74.34,75.66,-1.16,null,null
11,0.95,0.294,0.05,0.998,-1.37,12.09,-23.41,null,null
12,0.95,0.37,0.123,0.904,-25.45,7.66,3.63,null,null
13,0.95,0.426,0.132,0.948,-23.22,5.89,14.74,null,null
14,0.95,0.38,0.117,0.914,-14.13,7.97,4.18,null,null
15,0.95,0.36,0.036,1.007,-11.29,4.21,3.14,null,null
16,0.95,0.344,0.018,0.95,-3.48,2.29,-0.06,null,null
17,0.95,0.335,0.056,0.929,-7.29,-0.52,2.01,null,null
18,0.95,0.349,0.058,0.909,-4.46,0.55,3.11,null,null
19,0.95,0.347,0.035,0.928,-0.76,2.72,-0.55,null,null
0,0.95,0.386,0.381,0.836,0.64,0.46,1.83,null,null
1,0.95,0.408,0.374,0.803,4.36,0.03,3.78,null,null
2,0.95,0.417,0.4,0.795,4.58,0.34,1.56,null,null
3,0.95,0.46,0.415,0.802,5.65,-8.91,7.6,null,null
4,0.95,0.621,0.417,0.755,8.06,-17.49,9.64,null,null
5,0.95,0.702,0.485,0.58,6.26,-35.62,31.28,null,null
6,0.95,0.808,0.47,0.56,-3.45,-50.23,62.9,null,null
7,0.95,0.847,0.296,0.607,-0.64,-28.5,41.87,null,null
8,0.95,0.673,0.336,0.728,-18.19,21.94,-14.16,null,null
9,0.95,0.456,0.23,0.797,-36.44,40.31,-10.32,null,null
10,0.95,0.224,0.151,1.052,-26.12,72.51,-33.88,null,null
11,0.95,0.171,0.152,0.995,2.5,73.27,-67.11,null,null
12,0.95,0.161,0.2,1.119,-28.41,46.63,-13.92,null,null
13,0.95,0.25,0.174,0.901,-9.98,5.04,5.4,null,null
14,0.95,0.352,0.113,0.96,-20.2,14.37,11.69,null,null
15,0.95,0.334,0.101,0.973,-10.35,11.75,-0.76,null,null
16,0.95,0.303,0.089,0.955,-8.97,-2.96,-0.92,null,null
17,0.95,0.314,0.071,0.932,-5.62,-0.31,-1.59,null,null
18,0.95,0.298,0.059,0.988,-2.66,7.97,-5.8,null,null
19,0.95,0.311,0.065,0.955,-4.79,0.18,7.11,null,null
0,0.95,0.183,0.396,0.895,0.34,-4.18,-2.72,null,null
1,0.95,0.219,0.385,0.87,-1.01,-0.18,-1.92,null,null
2,0.95,0.167,0.422,0.918,-0.12,-3.94,-0.15,null,null
3,0.95,0.321,0.378,0.892,3.69,-6.29,-0.85,null,null
4,0.95,0.6,0.493,0.864,-5.07,-63.54,21.18,null,null
5,0.95,0.655,0.455,0.722,-6.93,-90.37,51.42,null,null
6,0.95,0.683,0.287,0.629,-8.15,-64.39,35.92,null,null
7,0.95,0.525,0.396,0.72,-21.33,-9.16,-8.24,null,null
8,0.95,0.444,0.215,0.796,-44.83,23.35,-7.39,null,null
9,0.95,0.207,0.183,0.769,-25.79,92.72,-59.79,null,null
10,0.95,0.002,-0.009,1.253,-89.27,80.39,-4.52,null,null
11,0.95,0.075,0.056,1.012,-14.13,-3.2,-12.51,null,null
12,0.95,0.296,-0.007,0.879,-18.98,-0.76,16.69,null,null
13,0.95,0.325,-0.012,0.983,-6.47,15.63,-8.61,null,null
14,0.95,0.261,0.012,0.982,-5.58,4.88,-3.63,null,null
15,0.95,0.259,0.001,0.948,-4.55,2.41,-1.62,null,null
16,0.95,0.246,-0.004,0.981,-7.6,1.92,-3.27,null,null
17,0.95,0.234,-0.016,0.96,-1.5,2.32,-2.87,null,null
18,0.95,0.244,-0.017,0.981,-8.58,5.07,0.82,null,null
19,0.95,0.237,-0.024,0.976,-4.36,1.56,-1.5,null,null
0,0.95,0.166,0.486,0.813,0.67,7.17,-3.91,null,null
1,0.95,0.131,0.47,0.859,4.88,11.84,-6.35,null,null
2,0.95,0.122,0.485,0.906,5.28,-0.76,2.14,null,null
3,0.95,0.292,0.462,0.897,-2.44,-37.11,10.38,null,null
4,0.95,0.743,0.61,0.727,6.62,-60.46,15.87,null,null
5,0.95,0.832,0.517,0.704,-27.47,-108.04,104.34,null,null
6,0.95,0.814,0.41,0.472,10.38,-64.55,34.49,null,null
7,0.95,0.344,0.259,0.662,-58.87,64.67,-27.99,null,null
8,0.95,-0.049,0.131,0.993,-86.73,105.2,-23.47,null,null
9,0.95,0.026,-0.017,1.077,-43.28,70.44,-39.16,null,null
10,0.95,0.028,0.097,1.085,-12.05,30.52,-28.38,null,null
11,0.95,0.213,0.046,0.991,-14.04,6.1,16.08,null,null
12,0.95,0.281,-0.017,1.019,-11.14,5.25,9.92,null,null
13,0.95,0.258,-0.011,0.94,-10.38,6.78,-0.55,null,null
14,0.95,0.243,-0.026,0.98,-5.62,8.7,-0.49,null,null
15,0.95,0.227,-0.025,0.95,0.37,5.4,-2.08,null,null
16,0.95,0.214,-0.024,0.976,-4.46,6.32,-2.81,null,null
17,0.95,0.223,-0.022,0.969,-6.84,10.25,-4.36,null,null
18,0.95,0.203,-0.035,1.019,-2.87,4.67,-5.8,null,null
19,0.95,0.225,-0.056,0.985,0.46,-4.67,-1.04,null,null
0,0.95,0.05,0.287,0.928,8.45,14.59,-2.81,null,null
1,0.95,0.038,0.318,0.969,-3.54,14.65,-1.22,null,null
2,0.95,0.02,0.36,0.914,-3.72,4.7,-3.69,null,null
3,0.95,0.0,0.366,0.928,7.02,1.8,-13.31,null,null
4,0.95,0.118,0.415,0.968,1.8,-13.46,-9.64,null,null
5,0.95,0.316,0.502,0.967,-4.24,-69.73,18.07,null,null
6,0.95,0.693,0.477,0.625,44.71,-121.62,50.33,null,null
7,0.95,0.732,0.546,0.526,41.9,-112.49,80.45,null,null
8,0.95,0.878,0.396,0.357,20.69,-53.29,30.34,null,null
9,0.95,0.256,0.253,0.767,-73.21,77.24,-31.37,null,null
10,0.95,-0.59,0.127,0.805,-97.93,244.42,-47.52,null,null
11,0.95,-0.214,-0.28,1.371,-77.03,49.2,25.06,null,null
12,0.95,0.04,-0.104,0.932,5.4,-44.98,-25.97,null,null
13,0.95,0.292,-0.149,1.009,-11.35,-19.41,7.69,null,null
14,0.95,0.256,-0.083,0.93,9.49,18.13,-13.0,null,null
15,0.95,0.204,-0.086,0.993,-14.04,21.49,-1.86,null,null
16,0.95,0.243,-0.112,1.075,-15.99,15.53,-1.28,null,null
17,0.95,0.236,-0.084,0.986,-1.53,11.32,1.59,null,null
18,0.95,0.242,-0.124,0.929,1.77,7.26,4.85,null,null
19,0.95,0.238,-0.138,0.953,-5.16,-0.46,2.9,null,null
0,0.95,0.217,0.43,0.948,30.49,-12.05,-44.25,null,null
1,0.95,0.214,0.412,0.878,6.65,-12.12,-15.66,null,null
2,0.95,0.238,0.426,0.892,11.38,-18.95,-3.27,null,null
3,0.95,0.472,0.505,0.858,18.31,-58.08,7.39,null,null
4,0.95,0.902,0.644,0.682,41.38,-92.26,45.38,null,null
5,0.95,0.92,0.569,0.329,6.78,-99.03,99.22,null,null
6,0.95,0.698,0.435,0.391,-12.82,-62.9,23.35,null,null
7,0.95,0.121,0.072,0.993,-92.17,103.92,-44.68,null,null
8,0.95,-0.069,0.086,1.098,-98.91,99.7,-18.77,null,null
9,0.95,0.103,-0.069,1.105,-79.44,58.63,-16.88,null,null
10,0.95,0.217,0.174,0.984,-0.52,-13.03,-13.09,null,null
11,0.95,0.391,-0.01,0.923,-21.12,-6.13,21.88,null,null
12,0.95,0.301,0.066,0.956,-8.3,7.51,1.1,null,null
13,0.95,0.302,0.033,0.934,-4.39,0.4,3.75,null,null
14,0.95,0.304,-0.013,0.957,-1.28,-0.24,-3.57,null,null
15,0.95,0.323,-0.032,0.923,-5.8,6.29,0.18,null,null
16,0.95,0.305,-0.018,0.899,-5.77,-1.8,0.76,null,null
17,0.95,0.254,-0.041,0.973,-4.06,6.26,-5.89,null,null
18,0.95,0.296,-0.091,0.986,-8.42,5.58,0.4,null,null
19,0.95,0.289,-0.088,0.976,-9.95,2.59,1.56,null,null
0,0.95,-0.703,0.31,0.773,11.23,184.33,-76.85,null,null
1,0.95,-0.99,-0.022,1.275,-122.35,194.04,67.29,null,null
2,0.95,-0.904,-0.164,1.261,-144.54,121.92,171.67,null,null
3,0.95,-1.394,-0.525,0.886,-221.9,7.51,265.08,null,null
4,0.95,-1.213,-0.347,0.671,-90.15,-83.8,212.78,null,null
5,0.95,-1.033,-0.472,0.904,-191.84,-153.63,185.83,null,null
6,0.95,-0.966,-0.518,1.211,-167.91,-192.97,83.16,null,null
7,0.95,-0.742,-0.626,1.222,-134.22,-245.8,32.01,null,null
8,0.95,-0.431,-0.757,1.011,-118.75,-243.2,-23.04,null,null
9,0.95,-0.158,-0.738,0.626,-134.59,-194.83,-74.22,null,null
10,0.95,0.081,-0.657,0.234,-150.76,-137.12,-97.93,null,null
11,0.95,0.265,-0.412,0.062,-145.85,-35.58,-105.75,null,null
12,0.95,0.48,-0.322,-0.133,-143.38,9.95,-87.37,null,null
13,0.95,0.553,-0.205,-0.151,-167.64,55.6,-58.75,null,null
14,0.95,0.612,-0.107,0.074,-148.17,100.47,-46.54,null,null
15,0.95,0.492,0.261,-0.318,-156.96,72.39,-23.68,null,null
16,0.95,0.427,-0.037,0.445,-71.72,150.67,-41.69,null,null
17,0.95,0.061,0.101,0.239,-34.67,183.42,-27.44,null,null
18,0.95,-0.279,-0.219,0.889,-86.61,274.61,5.01,null,null
19,0.95,-0.962,-0.031,1.014,-29.24,262.89,16.39,null,null
0,0.95,0.472,-0.499,-0.025,-79.81,32.2,-88.05,null,null
1,0.95,0.54,-0.349,-0.009,-38.79,43.61,-90.98,null,null
2,0.95,0.625,-0.069,-0.167,-35.95,68.27,-103.03,null,null
3,0.95,0.582,-0.071,0.009,-38.94,106.51,-123.6,null,null
4,0.95,0.297,0.174,0.446,-39.89,179.54,-147.86,null,null
5,0.95,0.153,0.358,0.608,-52.49,161.02,-136.48,null,null
6,0.95,-0.546,0.381,1.015,-62.14,228.64,-146.7,null,null
7,0.95,-0.889,0.43,1.057,-139.56,236.73,-65.43,null,null
8,0.95,-1.295,0.159,1.16,-264.05,248.88,50.23,null,null
9,0.95,-1.739,-0.234,0.933,-237.53,248.12,122.04,null,null
10,0.95,-1.689,-0.235,0.476,-326.85,-109.29,193.67,null,null
11,0.95,-1.573,-0.214,0.585,-176.67,-109.62,220.16,null,null
12,0.95,-1.473,-0.341,0.686,-398.45,-304.61,133.98,null,null
13,0.95,-0.802,-0.61,0.593,-380.57,-360.82,15.5,null,null
14,0.95,-0.235,-0.66,0.278,-255.35,-177.77,-33.14,null,null
15,0.95,0.024,-0.774,0.121,-186.93,-39.52,-49.38,null,null
16,0.95,0.121,-0.691,-0.025,-90.58,24.14,-93.54,null,null
17,0.95,0.338,-0.822,-0.045,-71.47,37.84,-105.23,null,null
18,0.95,0.439,-0.452,-0.122,-58.2,45.32,-91.31,null,null
19,0.95,0.459,-0.674,-0.056,-11.87,77.18,-92.32,null,null
0,0.95,0.18,-0.579,0.325,-168.65,-139.68,-48.65,null,null
1,0.95,0.315,-0.626,0.183,-99.37,-64.82,-52.06,null,null
2,0.95,0.383,-0.702,0.022,-66.56,-40.83,-44.98,null,null
3,0.95,0.47,-0.738,-0.145,-56.86,-20.45,-48.34,null,null
4,0.95,0.527,-0.679,-0.172,-55.3,20.39,-58.2,null,null
5,0.95,0.642,-0.623,-0.082,-36.23,51.52,-78.34,null,null
6,0.95,0.7,-0.431,-0.045,-25.03,39.46,-122.38,null,null
7,0.95,0.702,-0.087,-0.086,-8.82,49.04,-160.86,null,null
8,0.95,0.613,0.052,0.034,-31.07,91.13,-161.6,null,null
9,0.95,0.499,0.313,0.154,-21.58,135.23,-185.71,null,null
10,0.95,0.093,0.573,0.314,-14.86,184.48,-231.33,null,null
11,0.95,-0.539,0.888,0.624,-102.48,188.27,-212.53,null,null
12,0.95,-0.941,0.709,0.885,-212.16,186.93,-131.93,null,null
13,0.95,-1.333,0.228,0.665,34.33,280.04,-191.2,null,null
14,0.95,-1.461,0.457,0.32,15.75,98.54,-180.06,null,null
15,0.95,-1.467,0.163,0.048,-325.11,-64.88,65.98,null,null
16,0.95,-1.163,-0.036,0.338,-328.47,-22.25,114.63,null,null
17,0.95,-1.181,-0.234,0.483,-450.61,-217.54,278.94,null,null
18,0.95,-0.837,-0.38,0.707,-404.46,-263.8,309.09,null,null
19,0.95,-0.52,-0.544,0.871,-257.48,-200.93,183.02,null,null
0,0.95,-0.499,0.45,0.817,-45.01,159.31,-121.68,null,null
1,0.95,-0.874,0.341,0.937,-114.69,213.63,-76.97,null,null
2,0.95,-1.274,0.084,0.948,-184.67,216.16,-28.5,null,null
3,0.95,-1.287,-0.147,0.718,-199.22,81.7,40.44,null,null
4,0.95,-1.282,-0.378,0.48,-264.14,-22.1,108.92,null,null
5,0.95,-1.178,-0.384,0.32,-288.61,-156.71,170.54,null,null
6,0.95,-1.118,-0.364,0.591,-297.25,-209.23,125.28,null,null
7,0.95,-1.071,-0.486,0.93,-174.2,-228.06,61.16,null,null
8,0.95,-0.81,-0.675,0.862,-168.61,-263.13,19.96,null,null
9,0.95,-0.386,-0.761,0.707,-92.62,-189.92,-38.82,null,null
10,0.95,-0.12,-0.692,0.593,-108.86,-127.9,-77.06,null,null
11,0.95,0.06,-0.668,0.446,-133.09,-92.04,-81.82,null,null
12,0.95,0.212,-0.555,0.269,-94.03,-47.15,-84.75,null,null
13,0.95,0.353,-0.495,0.111,-72.39,-31.77,-51.24,null,null
14,0.95,0.589,-0.532,-0.188,-69.15,0.06,-47.88,null,null
15,0.95,0.643,-0.565,-0.176,-55.45,60.06,-74.89,null,null
16,0.95,0.554,-0.425,-0.046,-50.05,90.3,-125.46,null,null
17,0.95,0.535,-0.167,0.088,-37.87,131.81,-146.34,null,null
18,0.95,0.293,0.162,0.373,-43.52,171.82,-165.93,null,null
19,0.95,0.084,0.378,0.822,-28.11,192.33,-159.46,null,null
0,0.95,0.53,0.006,0.163,-102.94,87.65,-126.07,null,null
1,0.95,0.418,0.181,0.36,-104.13,119.27,-129.89,null,null
2,0.95,0.201,0.384,0.735,-76.57,195.75,-148.05,null,null
3,0.95,-0.046,0.479,0.871,-63.02,125.46,-136.42,null,null
4,0.95,-0.377,0.627,0.803,-37.51,162.45,-154.58,null,null
5,0.95,-0.723,0.514,0.968,-158.76,178.01,-63.94,null,null
6,0.95,-1.041,0.196,0.933,-194.89,180.24,-3.69,null,null
7,0.95,-1.398,-0.026,0.825,-278.73,138.16,52.49,null,null
8,0.95,-1.329,-0.167,0.721,-337.26,-31.59,147.34,null,null
9,0.95,-1.165,-0.459,0.626,-185.28,-147.07,238.44,null,null
10,0.95,-1.042,-0.315,0.737,-166.91,-163.88,163.3,null,null
11,0.95,-0.72,-0.307,0.94,-156.07,-164.56,122.75,null,null
12,0.95,-0.467,-0.487,1.095,-132.27,-169.68,56.0,null,null
13,0.95,-0.374,-0.541,1.06,-122.44,-173.92,13.34,null,null
14,0.95,-0.069,-0.607,0.773,-107.58,-170.72,-13.46,null,null
15,0.95,0.235,-0.66,0.56,-93.63,-131.41,-45.84,null,null
16,0.95,0.354,-0.648,0.349,-93.81,-80.05,-63.42,null,null
17,0.95,0.359,-0.527,0.221,-63.72,-48.89,-75.96,null,null
18,0.95,0.537,-0.501,-0.009,-57.1,-21.21,-63.08,null,null
19,0.95,0.677,-0.501,-0.119,-84.11,13.03,-56.25,null,null
0,0.95,-1.045,-0.141,0.708,-385.66,-240.06,153.02,null,null
1,0.95,-0.611,-0.435,0.822,-336.59,-256.02,51.36,null,null
2,0.95,-0.287,-0.598,0.717,-174.17,-139.71,4.76,null,null
3,0.95,-0.12,-0.808,0.622,-141.79,-97.93,-27.53,null,null
4,0.95,0.023,-0.844,0.448,-120.7,-78.98,-39.74,null,null
5,0.95,0.113,-0.911,0.329,-97.35,-45.99,-57.86,null,null
6,0.95,0.163,-0.8,0.131,-91.49,-55.7,-68.09,null,null
7,0.95,0.333,-0.851,-0.087,-81.55,-7.63,-54.05,null,null
8,0.95,0.333,-0.905,-0.097,-62.78,42.05,-101.78,null,null
9,0.95,0.353,-0.441,-0.24,-35.68,46.78,-165.11,null,null
10,0.95,0.519,-0.227,-0.186,-39.55,52.49,-177.56,null,null
11,0.95,0.442,0.005,-0.12,-10.99,50.42,-230.81,null,null
12,0.95,0.179,0.43,-0.076,-55.94,45.66,-254.95,null,null
13,0.95,-0.156,0.696,0.225,-124.33,75.2,-228.52,null,null
14,0.95,-0.584,0.864,0.515,-207.53,81.42,-206.58,null,null
15,0.95,-0.958,0.678,0.881,-250.5,168.8,-127.66,null,null
16,0.95,-1.237,0.141,0.912,-281.04,216.32,-32.65,null,null
17,0.95,-1.479,-0.052,0.988,-390.73,219.64,15.75,null,null
18,0.95,-1.363,-0.288,0.524,-303.72,-24.08,110.72,null,null
19,0.95,-1.345,-0.4,0.307,-281.29,-112.8,157.14,null,null
0,0.95,0.405,0.002,0.047,-54.99,138.37,-211.8,null,null
1,0.95,-0.01,0.363,0.496,-85.48,181.22,-209.14,null,null
2,0.95,-0.638,0.475,0.737,-70.47,224.25,-225.81,null,null
3,0.95,-1.114,0.457,0.511,-50.17,223.21,-238.93,null,null
4,0.95,-1.694,0.337,0.733,-211.37,290.6,-159.46,null,null
5,0.95,-1.499,-0.021,0.701,-253.76,80.17,30.12,null,null
6,0.95,-1.62,-0.153,0.09,-344.71,48.37,131.69,null,null
7,0.95,-1.605,-0.302,0.257,-405.44,-81.55,180.36,null,null
8,0.95,-1.139,-0.211,0.422,-282.75,-160.83,181.65,null,null
9,0.95,-0.875,-0.092,0.762,-204.78,-114.72,91.07,null,null
10,0.95,-0.839,-0.339,0.947,-266.49,-58.72,1.65,null,null
11,0.95,-0.835,-0.318,0.786,-190.65,-90.91,-22.61,null,null
12,0.95,-0.56,-0.442,0.555,-192.14,-67.9,-2.99,null,null
13,0.95,-0.465,-0.459,0.424,3.78,27.71,56.22,null,null
14,0.95,-0.396,-0.83,0.588,-119.48,23.13,-104.65,null,null
15,0.95,-0.359,-0.85,0.409,-128.27,-111.42,-174.41,null,null
16,0.95,-0.104,-0.863,0.158,-52.86,-57.16,-135.75,null,null
17,0.95,0.13,-0.724,-0.046,-65.07,4.55,-143.13,null,null
18,0.95,0.308,-0.589,-0.126,17.4,29.15,-175.24,null,null
19,0.95,0.378,-0.45,-0.078,-9.0,70.53,-180.33,null,null
0,0.95,0.031,-0.591,0.407,-118.93,55.97,-23.04,null,null
1,0.95,0.066,-0.754,0.569,6.16,105.81,2.69,null,null
2,0.95,0.125,-0.911,0.442,29.27,16.42,-15.38,null,null
3,0.95,0.12,-0.851,0.474,-76.72,5.13,-73.61,null,null
4,0.95,0.227,-0.88,0.274,-283.88,29.54,-107.12,null,null
5,0.95,0.257,-0.556,0.116,40.71,49.84,-164.22,null,null
6,0.95,0.386,-0.42,0.169,123.94,114.51,-146.86,null,null
7,0.95,0.332,-0.061,0.333,121.92,114.87,-167.18,null,null
8,0.95,0.204,0.239,0.737,97.81,159.18,-147.13,null,null
9,0.95,-0.037,0.514,1.016,44.16,209.02,-71.44,null,null
10,0.95,-0.219,0.421,1.181,9.4,191.32,-14.71,null,null
11,0.95,-0.547,0.449,1.276,-29.76,218.51,8.58,null,null
12,0.95,-0.814,0.115,1.229,-111.0,167.42,104.53,null,null
13,0.95,-0.879,0.186,1.117,-31.04,72.36,47.3,null,null
14,0.95,-1.105,0.213,0.999,-173.77,-51.06,211.1,null,null
15,0.95,-0.743,0.048,1.035,-119.66,-77.55,212.29,null,null
16,0.95,-0.678,0.109,1.117,-132.45,-100.56,175.82,null,null
17,0.95,-0.598,-0.18,1.254,-173.83,-133.76,138.83,null,null
18,0.95,-0.401,-0.449,1.135,-156.56,-164.46,54.48,null,null
19,0.95,-0.087,-0.634,0.918,-133.09,-166.3,-14.22,null,null
0,0.95,-1.12,0.074,0.774,-238.62,112.52,115.51,null,null
1,0.95,-1.173,-0.046,0.752,-284.8,-35.43,193.37,null,null
2,0.95,-0.929,-0.098,0.748,-158.15,-85.76,181.25,null,null
3,0.95,-0.751,-0.118,0.884,-157.32,-133.37,171.03,null,null
4,0.95,-0.513,-0.207,1.13,-147.62,-135.9,135.44,null,null
5,0.95,-0.431,-0.503,1.207,-119.79,-179.57,70.38,null,null
6,0.95,-0.173,-0.571,0.989,-111.21,-158.51,14.13,null,null
7,0.95,0.09,-0.62,0.77,-86.31,-115.45,-50.81,null,null
8,0.95,0.244,-0.626,0.578,-93.91,-94.49,-78.62,null,null
9,0.95,0.321,-0.612,0.378,-127.78,-63.57,-90.88,null,null
10,0.95,0.409,-0.461,0.155,-110.66,-10.62,-89.48,null,null
11,0.95,0.53,-0.459,0.143,-105.29,26.28,-86.86,null,null
12,0.95,0.582,-0.304,0.081,-93.84,36.77,-106.94,null,null
13,0.95,0.544,-0.111,0.04,-72.18,67.66,-137.76,null,null
14,0.95,0.416,0.114,0.094,-75.69,110.08,-147.47,null,null
15,0.95,0.175,0.338,0.589,-34.39,172.55,-184.97,null,null
16,0.95,0.037,0.554,0.78,-68.27,142.55,-159.46,null,null
17,0.95,-0.36,0.799,0.934,-52.92,160.1,-133.18,null,null
18,0.95,-0.591,0.737,1.078,-82.37,168.16,-43.49,null,null
19,0.95,-0.67,0.535,1.093,-81.42,141.67,5.86,null,null
0,0.95,0.537,-0.127,0.107,-59.97,46.75,-139.87,null,null
1,0.95,0.417,0.146,0.158,-57.19,82.83,-151.65,null,null
2,0.95,0.355,0.237,0.407,-72.48,147.16,-140.29,null,null
3,0.95,0.059,0.392,0.744,-40.74,140.2,-205.82,null,null
4,0.95,-0.4,0.734,0.916,-118.9,207.34,-160.5,null,null
5,0.95,-0.806,0.615,1.089,-112.77,225.17,-84.08,null,null
6,0.95,-1.064,0.516,1.142,-114.78,161.75,-6.35,null,null
7,0.95,-1.123,0.306,0.842,-153.54,76.11,119.17,null,null
8,0.95,-1.192,0.031,0.712,-260.54,13.58,205.85,null,null
9,0.95,-1.172,-0.243,0.782,-260.96,-85.27,291.97,null,null
10,0.95,-0.975,-0.213,0.869,-152.04,-71.75,247.2,null,null
11,0.95,-0.828,-0.144,0.973,-150.4,-84.08,191.11,null,null
12,0.95,-0.6,-0.439,1.273,-168.19,-125.55,94.21,null,null
13,0.95,-0.469,-0.537,1.033,-193.58,-206.55,-10.13,null,null
14,0.95,-0.109,-0.604,0.722,-149.63,-150.46,-46.11,null,null
15,0.95,0.193,-0.667,0.527,-122.68,-88.26,-62.14,null,null
16,0.95,0.216,-0.676,0.369,-91.13,-42.33,-89.88,null,null
17,0.95,0.364,-0.5,0.189,-79.68,-14.37,-115.79,null,null
18,0.95,0.382,-0.358,0.121,-68.06,36.01,-113.71,null,null
19,0.95,0.417,-0.339,0.178,-50.6,48.68,-138.89,null,null
0,0.95,0.146,-0.49,0.767,-122.26,-121.65,-58.44,null,null
1,0.95,0.337,-0.486,0.498,-92.62,-117.22,-79.04,null,null
2,0.95,0.469,-0.299,0.187,-48.43,-74.86,-103.15,null,null
3,0.95,0.612,-0.249,0.018,-56.83,-53.01,-96.1,null,null
4,0.95,0.669,-0.166,-0.0,-78.8,-14.56,-93.26,null,null
5,0.95,0.607,-0.005,0.007,-84.9,17.67,-98.54,null,null
6,0.95,0.509,0.17,-0.075,-93.97,49.93,-116.09,null,null
7,0.95,0.377,0.329,0.172,-136.81,148.11,-116.0,null,null
8,0.95,0.03,0.461,0.709,-147.34,227.73,-102.3,null,null
9,0.95,-0.318,0.559,1.207,-83.9,256.54,-77.36,null,null
10,0.95,-0.57,0.54,1.341,-89.24,231.42,-25.51,null,null
11,0.95,-0.786,0.33,1.163,-94.03,196.14,52.13,null,null
12,0.95,-1.217,0.041,0.996,-215.86,157.17,144.54,null,null
13,0.95,-1.093,-0.293,0.958,-274.82,-39.31,209.27,null,null
14,0.95,-1.076,-0.334,0.831,-167.49,-114.81,189.34,null,null
15,0.95,-0.853,-0.303,0.773,-142.67,-145.39,150.43,null,null
16,0.95,-0.709,-0.427,1.085,-131.84,-156.25,70.31,null,null
17,0.95,-0.571,-0.451,1.014,-92.41,-180.24,18.59,null,null
18,0.95,-0.274,-0.455,0.899,-89.02,-168.1,-21.27,null,null
19,0.95,0.075,-0.503,0.68,-54.6,-115.05,-58.99,null,null
0,0.95,0.548,-0.242,0.061,-111.91,-17.43,-80.11,null,null
1,0.95,0.619,-0.214,0.009,-107.46,22.86,-76.3,null,null
2,0.95,0.657,-0.127,0.025,-90.06,54.87,-106.51,null,null
3,0.95,0.482,0.113,0.123,-109.04,88.47,-151.71,null,null
4,0.95,0.188,0.45,0.266,-59.94,164.34,-201.06,null,null
5,0.95,-0.243,0.646,0.611,-44.19,221.02,-207.37,null,null
6,0.95,-0.789,0.911,0.815,-22.55,240.7,-179.11,null,null
7,0.95,-1.235,0.688,0.868,-112.55,247.84,-74.89,null,null
8,0.95,-1.301,0.29,0.838,-167.49,169.13,7.08,null,null
9,0.95,-1.423,0.039,0.596,-288.25,87.25,109.2,null,null
10,0.95,-0.975,-0.449,0.823,-370.13,-144.05,262.0,null,null
11,0.95,-0.926,-0.211,0.756,-103.82,-60.27,137.82,null,null
12,0.95,-0.777,-0.253,1.047,-189.83,-176.89,178.11,null,null
13,0.95,-0.614,-0.441,1.381,-128.39,-224.65,88.66,null,null
14,0.95,-0.457,-0.519,1.277,-91.62,-241.71,6.93,null,null
15,0.95,-0.074,-0.389,0.881,-47.12,-184.88,-53.5,null,null
16,0.95,0.24,-0.321,0.406,-76.3,-204.75,-77.3,null,null
17,0.95,0.397,-0.302,0.163,-89.63,-140.69,-108.19,null,null
18,0.95,0.468,-0.166,0.087,-170.35,-51.18,-110.17,null,null
19,0.95,0.399,-0.032,0.117,-148.66,13.0,-124.42,null,null
0,0.95,0.528,-0.239,0.317,-85.18,-60.49,-119.91,null,null
1,0.95,0.518,-0.098,0.127,-89.39,-18.07,-141.67,null,null
2,0.95,0.391,0.086,0.148,-87.65,60.67,-179.27,null,null
3,0.95,0.121,0.332,0.216,-72.05,123.6,-215.25,null,null
4,0.95,-0.228,0.681,0.621,-32.84,186.01,-230.81,null,null
5,0.95,-0.724,0.921,0.904,-111.21,181.65,-164.28,null,null
6,0.95,-1.058,0.647,0.736,-123.11,252.97,-76.57,null,null
7,0.95,-1.61,0.093,0.709,-212.62,241.22,60.21,null,null
8,0.95,-1.741,-0.498,0.69,-595.17,68.67,223.76,null,null
9,0.95,-1.4,-0.3,0.689,-213.02,-84.38,209.51,null,null
10,0.95,-1.236,-0.154,0.714,-190.22,-188.15,147.04,null,null
11,0.95,-0.763,-0.251,0.784,-229.35,-204.2,79.23,null,null
12,0.95,-0.499,-0.379,0.839,-157.38,-162.08,6.07,null,null
13,0.95,-0.219,-0.528,0.802,-75.75,-116.98,-53.56,null,null
14,0.95,-0.071,-0.551,0.823,-71.17,-106.72,-55.51,null,null
15,0.95,0.186,-0.626,0.64,-38.85,-91.71,-81.48,null,null
16,0.95,0.441,-0.568,0.452,-69.03,-78.22,-95.1,null,null
17,0.95,0.553,-0.56,0.363,-48.92,-29.39,-131.99,null,null
18,0.95,0.429,-0.306,0.275,-44.95,-13.25,-151.28,null,null
19,0.95,0.381,-0.166,0.231,-44.65,23.96,-166.14,null,null
0,0.95,-0.715,-0.683,0.876,-130.74,-159.03,2.56,null,null
1,0.95,-0.345,-0.807,0.707,-87.65,-112.28,-34.27,null,null
2,0.95,-0.092,-0.845,0.574,-137.42,-77.0,-60.21,null,null
3,0.95,0.028,-0.827,0.352,-91.43,-37.63,-117.07,null,null
4,0.95,0.167,-0.62,0.155,-90.91,2.9,-132.66,null,null
5,0.95,0.31,-0.525,0.093,-82.4,53.99,-131.26,null,null
6,0.95,0.453,-0.458,0.167,-73.34,75.66,-133.49,null,null
7,0.95,0.266,-0.145,0.021,49.71,32.32,-213.42,null,null
8,0.95,0.127,-0.087,0.172,-43.12,119.75,-193.06,null,null
9,0.95,-0.169,0.194,0.299,-50.57,172.67,-236.7,null,null
10,0.95,-0.929,0.604,0.54,-64.46,237.65,-266.18,null,null
11,0.95,-1.467,0.732,0.82,-158.82,219.34,-161.75,null,null
12,0.95,-1.662,0.087,0.999,-235.57,222.75,-15.05,null,null
13,0.95,-1.681,-0.04,0.861,-218.3,195.59,80.11,null,null
14,0.95,-1.875,-0.131,0.066,-451.25,-62.26,193.09,null,null
15,0.95,-1.572,-0.534,0.399,-333.6,-229.16,274.15,null,null
16,0.95,-1.271,-0.285,0.699,-257.21,-232.0,145.39,null,null
17,0.95,-1.125,-0.263,0.711,-193.33,-140.72,28.23,null,null
18,0.95,-0.32,-0.548,0.52,-218.48,-213.57,-1.53,null,null
19,0.95,0.053,-0.73,0.307,-195.23,-110.42,-67.08,null,null
0,0.95,-1.283,-0.227,0.739,-336.68,-299.2,205.36,null,null
1,0.95,-0.605,-0.311,0.87,-183.29,-244.48,38.33,null,null
2,0.95,-0.022,-0.477,0.63,-200.63,-194.07,-14.16,null,null
3,0.95,0.152,-0.506,0.419,-156.53,-103.64,-75.84,null,null
4,0.95,0.255,-0.584,0.226,-140.93,-29.88,-111.36,null,null
5,0.95,0.292,-0.368,0.127,-115.21,30.24,-143.5,null,null
6,0.95,0.421,-0.42,0.259,-64.3,87.74,-151.46,null,null
7,0.95,0.378,-0.121,0.309,-13.34,82.67,-210.03,null,null
8,0.95,0.174,0.274,0.278,-15.29,112.7,-233.65,null,null
9,0.95,-0.254,0.438,0.531,-67.54,170.32,-220.22,null,null
10,0.95,-0.599,0.807,0.551,-66.62,175.24,-228.31,null,null
11,0.95,-1.087,0.762,0.9,-160.44,222.21,-148.78,null,null
12,0.95,-1.352,0.535,0.882,-170.32,186.53,-51.21,null,null
13,0.95,-1.504,0.218,0.536,-151.43,199.5,43.21,null,null
14,0.95,-1.638,-0.098,0.458,-387.1,128.45,138.25,null,null
15,0.95,-1.414,-0.217,0.515,-391.61,-114.32,174.44,null,null
16,0.95,-1.328,-0.007,0.699,-212.04,-215.64,133.06,null,null
17,0.95,-0.884,-0.166,0.884,-152.26,-184.15,128.51,null,null
18,0.95,-0.546,-0.402,1.003,-158.21,-184.09,65.95,null,null
19,0.95,-0.235,-0.53,0.852,-92.65,-153.75,-32.17,null,null
0,0.95,0.455,-0.378,0.731,-1.89,132.97,7.14,null,null
1,0.95,0.428,-0.123,0.644,8.3,152.96,-47.4,null,null
2,0.95,0.025,-0.161,0.892,-26.15,219.79,-81.27,null,null
3,0.95,-0.539,-0.27,1.134,-28.69,239.94,-140.69,null,null
4,0.95,-1.156,-0.648,1.464,-54.17,248.73,-195.38,null,null
5,0.95,-1.329,-0.361,1.37,64.06,162.85,-303.51,null,null
6,0.95,-1.038,-0.182,1.411,182.07,43.4,-295.33,null,null
7,0.95,-0.677,0.002,1.226,210.82,-73.15,-176.09,null,null
8,0.95,-0.559,0.165,1.358,178.14,-124.18,-71.35,null,null
9,0.95,-0.318,0.446,1.265,164.98,-139.1,9.09,null,null
10,0.95,-0.157,0.551,1.048,146.55,-120.12,64.24,null,null
11,0.95,-0.031,0.501,0.837,141.73,-85.54,101.78,null,null
12,0.95,0.117,0.571,0.53,102.82,-102.33,155.95,null,null
13,0.95,0.394,0.245,0.271,105.17,-88.99,148.38,null,null
14,0.95,0.558,-0.04,0.098,102.02,-54.72,106.3,null,null
15,0.95,0.484,-0.157,0.034,185.67,-15.44,50.81,null,null
16,0.95,0.726,-0.355,-0.135,118.38,-4.39,83.47,null,null
17,0.95,0.623,-0.339,0.084,126.22,74.86,13.0,null,null
18,0.95,0.516,-0.256,0.208,113.35,147.31,-4.67,null,null
19,0.95,0.318,-0.28,0.416,59.24,191.75,-6.07,null,null
0,0.95,0.581,-0.066,0.04,137.21,9.89,61.68,null,null
1,0.95,0.535,-0.163,0.045,101.87,53.87,104.59,null,null
2,0.95,0.491,-0.453,0.292,75.72,60.03,122.65,null,null
3,0.95,0.427,-0.576,0.366,112.98,78.43,61.4,null,null
4,0.95,0.262,-0.608,0.591,108.16,150.88,7.54,null,null
5,0.95,0.136,-0.567,0.928,68.58,186.96,-50.9,null,null
6,0.95,-0.357,-0.507,1.154,16.54,243.78,-49.75,null,null
7,0.95,-0.74,-0.711,1.368,-59.85,213.14,-21.88,null,null
8,0.95,-0.759,-0.779,1.305,68.18,204.08,-121.86,null,null
9,0.95,-0.856,-0.638,1.213,177.07,153.48,-270.03,null,null
10,0.95,-0.794,-0.404,1.116,262.0,53.5,-351.48,null,null
11,0.95,-0.703,-0.017,0.908,231.33,-15.59,-236.92,null,null
12,0.95,-0.426,0.146,1.337,159.83,-63.57,-111.21,null,null
13,0.95,-0.475,0.479,1.309,228.8,-92.07,-88.38,null,null
14,0.95,-0.501,0.769,0.977,159.61,-110.39,69.77,null,null
15,0.95,-0.316,0.763,0.799,154.18,-106.75,132.18,null,null
16,0.95,-0.087,0.693,0.358,141.61,-69.55,148.23,null,null
17,0.95,0.191,0.496,0.247,100.62,-15.9,166.26,null,null
18,0.95,0.439,0.256,0.234,130.38,-11.26,95.4,null,null
19,0.95,0.353,0.215,0.044,144.51,33.33,94.7,null,null
0,0.95,-0.812,0.312,1.123,117.47,-92.41,-22.55,null,null
1,0.95,-0.832,0.605,1.036,173.8,-83.29,15.5,null,null
2,0.95,-0.733,0.666,0.878,142.74,-90.55,117.1,null,null
3,0.95,-0.479,0.753,0.637,166.45,-65.77,149.24,null,null
4,0.95,-0.182,0.728,0.493,159.25,-25.48,157.78,null,null
5,0.95,-0.007,0.626,0.23,120.94,-2.47,193.21,null,null
6,0.95,0.249,0.233,0.18,112.58,23.32,196.87,null,null
7,0.95,0.523,-0.101,0.009,127.32,31.28,127.05,null,null
8,0.95,0.456,-0.164,0.018,128.76,62.11,66.41,null,null
9,0.95,0.525,-0.212,0.205,141.73,130.56,0.85,null,null
10,0.95,0.47,-0.221,0.226,114.57,176.43,-57.37,null,null
11,0.95,-0.054,-0.075,0.839,0.67,275.8,-110.35,null,null
12,0.95,-0.526,-0.296,1.328,-63.11,314.31,-119.63,null,null
13,0.95,-1.162,-0.476,1.503,-68.76,281.41,-157.6,null,null
14,0.95,-1.389,-0.462,1.57,-52.83,176.79,-110.14,null,null
15,0.95,-1.151,-0.129,1.303,183.32,87.37,-271.28,null,null
16,0.95,-0.792,-0.231,1.16,232.86,-50.2,-278.24,null,null
17,0.95,-0.612,0.035,0.922,231.39,-109.01,-256.54,null,null
18,0.95,-0.356,0.355,1.364,131.72,-107.21,-69.64,null,null
19,0.95,-0.266,0.604,1.223,185.86,-156.44,15.02,null,null
0,0.95,-1.463,-0.628,1.401,70.28,189.37,-335.58,null,null
1,0.95,-1.276,-0.078,1.322,184.67,88.08,-327.37,null,null
2,0.95,-1.009,0.259,1.227,280.56,-13.95,-182.16,null,null
3,0.95,-0.696,0.216,1.408,237.8,-114.84,-3.81,null,null
4,0.95,-0.48,0.531,1.116,204.32,-150.3,33.78,null,null
5,0.95,-0.327,0.794,0.832,181.01,-118.11,55.39,null,null
6,0.95,-0.183,0.854,0.467,212.81,-63.05,68.03,null,null
7,0.95,0.041,0.736,0.19,185.37,17.94,78.8,null,null
8,0.95,0.082,0.626,0.182,134.62,84.11,93.63,null,null
9,0.95,0.343,0.409,0.068,136.78,57.5,112.95,null,null
10,0.95,0.593,0.087,0.047,142.77,76.24,85.27,null,null
11,0.95,0.692,-0.035,0.034,93.75,87.34,79.93,null,null
12,0.95,0.61,-0.079,0.077,71.26,119.91,52.52,null,null
13,0.95,0.5,-0.143,0.355,54.57,174.5,26.46,null,null
14,0.95,0.325,-0.247,0.771,63.69,215.98,-45.84,null,null
15,0.95,0.182,-0.206,1.001,0.95,207.74,-63.78,null,null
16,0.95,-0.198,-0.064,1.344,-5.43,201.3,-145.82,null,null
17,0.95,-0.67,-0.11,1.389,-59.69,156.87,-162.97,null,null
18,0.95,-0.968,-0.342,1.444,-59.51,183.94,-219.76,null,null
19,0.95,-1.013,-0.245,1.33,41.38,118.35,-253.33,null,null
0,0.95,0.245,-0.369,0.796,10.04,225.01,-22.89,null,null
1,0.95,-0.054,-0.34,1.196,-54.99,259.99,-57.53,null,null
2,0.95,-0.41,-0.311,1.474,-69.55,213.42,-84.32,null,null
3,0.95,-0.864,-0.313,1.629,-83.1,209.02,-99.98,null,null
4,0.95,-0.797,-0.276,1.43,29.94,132.11,-173.92,null,null
5,0.95,-0.67,-0.328,1.157,80.57,77.73,-229.19,null,null
6,0.95,-0.524,-0.304,1.121,139.59,22.83,-269.88,null,null
7,0.95,-0.407,-0.191,1.323,137.12,-41.05,-193.95,null,null
8,0.95,-0.199,0.005,1.379,118.59,-73.73,-115.15,null,null
9,0.95,-0.157,0.405,1.405,158.33,-127.84,-57.31,null,null
10,0.95,-0.157,0.524,1.302,163.98,-143.1,19.78,null,null
11,0.95,-0.057,0.527,0.939,179.27,-117.62,77.94,null,null
12,0.95,0.111,0.522,0.58,186.77,-95.98,94.0,null,null
13,0.95,0.197,0.381,0.318,171.42,-64.97,132.82,null,null
14,0.95,0.415,-0.026,-0.01,164.49,-65.61,156.74,null,null
15,0.95,0.481,-0.145,-0.056,166.69,14.47,62.59,null,null
16,0.95,0.433,-0.241,-0.059,143.35,50.11,87.59,null,null
17,0.95,0.483,-0.6,-0.043,145.21,54.84,42.94,null,null
18,0.95,0.272,-0.435,0.26,108.22,127.11,-0.67,null,null
19,0.95,0.132,-0.536,0.764,52.83,178.04,4.18,null,null
0,0.95,0.363,-0.072,0.256,95.22,25.51,161.23,null,null
1,0.95,0.303,-0.37,0.039,100.41,75.59,127.81,null,null
2,0.95,0.191,-0.336,0.153,110.45,123.84,104.46,null,null
3,0.95,-0.015,-0.665,0.574,110.63,163.52,98.94,null,null
4,0.95,-0.304,-0.672,0.892,82.95,233.28,41.99,null,null
5,0.95,-0.521,-0.776,1.146,89.21,224.8,-16.82,null,null
6,0.95,-1.61,-0.775,1.315,94.12,322.37,-207.1,null,null
7,0.95,-1.308,-0.376,1.505,129.03,221.08,-317.39,null,null
8,0.95,-1.053,-0.264,1.51,172.4,54.78,-317.76,null,null
9,0.95,-0.791,-0.2,1.277,307.29,-94.55,-286.87,null,null
10,0.95,-0.359,0.128,1.257,183.66,-159.64,-104.71,null,null
11,0.95,-0.131,0.488,1.146,171.94,-161.6,-40.01,null,null
12,0.95,-0.058,0.707,0.901,176.82,-134.34,8.73,null,null
13,0.95,0.036,0.71,0.499,178.59,-89.3,72.36,null,null
14,0.95,0.31,0.552,0.251,182.65,-44.98,92.2,null,null
15,0.95,0.381,0.459,-0.032,182.07,15.29,76.63,null,null
16,0.95,0.467,0.175,0.087,150.0,56.83,71.81,null,null
17,0.95,0.502,-0.02,0.058,131.57,71.72,63.78,null,null
18,0.95,0.403,-0.047,0.023,93.57,119.33,50.42,null,null
19,0.95,0.38,-0.332,0.429,11.93,172.03,86.03,null,null
0,0.95,0.477,0.002,0.11,173.47,-50.39,116.92,null,null
1,0.95,0.435,-0.221,0.061,153.66,-43.28,138.65,null,null
2,0.95,0.392,-0.38,0.008,180.09,17.73,112.95,null,null
3,0.95,0.335,-0.635,0.35,160.22,51.73,108.83,null,null
4,0.95,0.204,-0.51,0.403,194.8,111.36,34.85,null,null
5,0.95,0.135,-0.634,0.875,126.9,188.36,6.56,null,null
6,0.95,-0.25,-0.627,1.056,63.51,229.5,-96.53,null,null
7,0.95,-1.437,-0.546,1.399,-1.5,367.69,-157.23,null,null
8,0.95,-1.019,-0.685,1.434,175.88,206.37,-230.41,null,null
9,0.95,-0.891,-0.485,1.052,153.69,100.68,-219.0,null,null
10,0.95,-0.701,-0.541,0.994,208.32,17.76,-312.78,null,null
11,0.95,-0.672,-0.181,0.929,195.2,-15.05,-262.37,null,null
12,0.95,-0.358,-0.047,1.425,123.17,-43.98,-107.3,null,null
13,0.95,-0.292,0.402,1.299,132.15,-114.35,-12.15,null,null
14,0.95,-0.243,0.497,1.227,161.05,-117.53,28.99,null,null
15,0.95,-0.067,0.478,0.954,157.93,-129.67,114.72,null,null
16,0.95,0.135,0.437,0.587,183.23,-103.4,128.15,null,null
17,0.95,0.427,0.266,0.094,133.7,-74.07,147.1,null,null
18,0.95,0.576,0.091,-0.009,112.67,-13.89,98.27,null,null
19,0.95,0.598,-0.056,0.027,73.31,15.87,101.87,null,null
0,0.95,0.001,0.819,0.696,206.27,-96.41,101.2,null,null
1,0.95,0.16,0.756,0.402,212.81,-43.86,112.55,null,null
2,0.95,0.165,0.51,0.092,145.6,18.22,132.11,null,null
3,0.95,0.384,0.11,0.127,76.94,38.42,135.65,null,null
4,0.95,0.444,-0.082,0.231,58.44,75.87,120.12,null,null
5,0.95,0.395,-0.225,0.276,55.51,116.76,100.74,null,null
6,0.95,0.28,-0.444,0.438,17.03,147.16,109.32,null,null
7,0.95,0.271,-0.678,0.688,35.71,154.85,45.26,null,null
8,0.95,0.021,-0.564,0.655,51.61,184.64,-14.34,null,null
9,0.95,-0.546,-0.616,0.976,5.98,289.68,-64.0,null,null
10,0.95,-0.999,-0.777,1.341,-10.04,261.21,-137.82,null,null
11,0.95,-1.315,-0.689,1.394,125.34,246.83,-317.48,null,null
12,0.95,-1.02,-0.169,1.309,185.13,46.88,-274.45,null,null
13,0.95,-0.824,-0.123,1.155,204.84,-56.25,-173.19,null,null
14,0.95,-0.526,0.083,1.073,161.14,-127.69,-52.71,null,null
15,0.95,-0.228,0.267,0.986,127.02,-128.3,16.82,null,null
16,0.95,0.115,0.384,1.003,114.69,-102.45,46.63,null,null
17,0.95,0.278,0.725,0.907,146.98,-82.49,77.18,null,null
18,0.95,0.362,0.612,0.6,128.94,-77.27,127.51,null,null
19,0.95,0.368,0.368,0.313,111.82,-52.03,137.24,null,null
0,0.95,-0.138,0.52,1.129,152.26,-144.38,3.33,null,null
1,0.95,-0.031,0.67,0.692,179.97,-85.51,0.98,null,null
2,0.95,-0.112,0.799,0.493,149.21,-37.51,72.05,null,null
3,0.95,0.018,0.663,0.52,104.89,-13.73,159.98,null,null
4,0.95,0.411,0.263,0.402,134.62,-19.32,143.74,null,null
5,0.95,0.556,0.114,0.084,121.25,-10.38,122.26,null,null
6,0.95,0.55,-0.061,0.093,104.28,51.45,90.24,null,null
7,0.95,0.494,-0.17,0.156,109.68,95.65,56.86,null,null
8,0.95,0.367,-0.173,0.275,66.71,164.83,37.6,null,null
9,0.95,0.229,-0.4,0.616,27.38,194.1,24.08,null,null
10,0.95,-0.204,-0.529,0.913,-33.36,274.15,-23.83,null,null
11,0.95,-0.869,-0.709,1.298,-13.18,294.26,-113.96,null,null
12,0.95,-1.257,-0.778,1.572,106.27,288.92,-294.47,null,null
13,0.95,-1.16,-0.335,1.481,200.81,169.23,-322.28,null,null
14,0.95,-0.861,-0.06,1.214,210.85,-11.78,-203.62,null,null
15,0.95,-0.773,0.014,1.34,190.37,-65.1,-110.57,null,null
16,0.95,-0.7,0.245,1.327,176.85,-99.12,-34.39,null,null
17,0.95,-0.562,0.376,1.128,143.44,-120.3,65.19,null,null
18,0.95,-0.466,0.546,0.977,126.16,-134.5,108.07,null,null
19,0.95,-0.496,0.53,0.604,128.79,-154.61,179.51,null,null
0,0.95,-0.245,0.478,1.252,181.28,-147.77,-23.77,null,null
1,0.95,-0.15,0.727,0.922,170.51,-130.1,56.89,null,null
2,0.95,0.094,0.745,0.494,167.64,-85.82,97.29,null,null
3,0.95,0.231,0.683,0.279,169.56,-21.64,89.6,null,null
4,0.95,0.192,0.561,0.152,118.84,30.21,131.44,null,null
5,0.95,0.273,0.228,0.309,82.28,52.0,175.24,null,null
6,0.95,0.442,-0.104,0.237,147.04,66.65,108.4,null,null
7,0.95,0.443,-0.244,0.254,142.4,95.43,58.9,null,null
8,0.95,0.354,-0.315,0.405,112.74,142.12,35.8,null,null
9,0.95,0.272,-0.357,0.666,41.29,180.97,15.35,null,null
10,0.95,0.076,-0.367,1.046,-4.06,241.55,-42.54,null,null
11,0.95,-0.368,-0.425,1.446,-22.03,256.45,-101.5,null,null
12,0.95,-0.64,-0.729,1.569,-87.1,231.12,-120.55,null,null
13,0.95,-1.056,-0.454,1.471,105.5,194.31,-328.62,null,null
14,0.95,-0.907,-0.284,1.249,196.81,42.6,-300.61,null,null
15,0.95,-0.75,0.006,1.282,204.66,-51.27,-205.3,null,null
16,0.95,-0.611,0.361,1.277,177.62,-108.8,-119.94,null,null
17,0.95,-0.453,0.467,1.214,160.83,-144.38,19.81,null,null
18,0.95,-0.178,0.589,1.05,168.61,-113.22,51.76,null,null
19,0.95,-0.024,0.687,0.703,159.76,-86.79,91.95,null,null
0,0.95,-0.344,0.349,1.184,167.97,-135.53,-27.22,null,null
1,0.95,-0.238,0.524,1.033,135.72,-126.19,40.41,null,null
2,0.95,-0.046,0.581,0.831,145.15,-108.89,73.76,null,null
3,0.95,0.073,0.607,0.586,157.17,-80.26,84.87,null,null
4,0.95,0.35,0.591,0.345,132.63,10.07,85.82,null,null
5,0.95,0.493,0.31,0.352,90.3,1.65,144.84,null,null
6,0.95,0.445,0.128,0.165,134.22,4.64,68.94,null,null
7,0.95,0.487,0.053,0.115,91.89,72.63,91.98,null,null
8,0.95,0.323,-0.15,0.295,27.25,88.69,158.94,null,null
9,0.95,0.313,-0.495,0.707,46.63,80.02,186.71,null,null
10,0.95,0.361,-0.899,0.698,133.49,42.48,81.36,null,null
11,0.95,0.262,-0.563,0.646,87.01,169.38,-87.13,null,null
12,0.95,-0.154,-0.563,1.126,-20.42,263.34,-138.71,null,null
13,0.95,-0.824,-0.519,1.704,44.04,306.53,-332.8,null,null
14,0.95,-1.182,-0.329,1.666,17.76,161.66,-352.7,null,null
15,0.95,-0.953,-0.022,1.586,138.58,44.19,-326.18,null,null
16,0.95,-0.666,0.117,1.471,162.3,-71.08,-176.92,null,null
17,0.95,-0.561,0.279,1.398,163.15,-134.95,-59.36,null,null
18,0.95,-0.371,0.383,1.189,167.49,-137.73,14.59,null,null
19,0.95,-0.263,0.536,0.849,177.34,-129.7,70.77,null,null
0,0.95,-0.644,0.136,1.538,209.91,-117.89,-86.83,null,null
1,0.95,-0.723,0.619,1.388,239.23,-165.5,13.92,null,null
2,0.95,-0.568,0.628,0.865,201.91,-157.63,92.9,null,null
3,0.95,-0.276,0.507,0.413,173.22,-93.08,149.66,null,null
4,0.95,-0.015,0.336,0.113,185.22,-14.19,142.58,null,null
5,0.95,0.106,0.119,0.143,163.0,47.46,162.48,null,null
6,0.95,0.299,-0.174,0.157,154.85,108.8,130.65,null,null
7,0.95,0.381,-0.269,0.387,153.63,158.82,18.56,null,null
8,0.95,0.199,-0.427,0.57,78.8,207.4,-27.1,null,null
9,0.95,-0.351,-0.641,0.99,-37.02,284.01,-88.53,null,null
10,0.95,-1.21,-0.7,1.674,-85.88,284.77,-192.63,null,null
11,0.95,-1.629,-0.641,1.852,2.9,271.22,-297.13,null,null
12,0.95,-1.445,-0.142,1.481,167.67,141.39,-337.6,null,null
13,0.95,-0.929,0.061,1.165,239.78,-37.54,-195.84,null,null
14,0.95,-0.713,0.245,1.334,225.56,-116.49,-49.17,null,null
15,0.95,-0.552,0.608,1.503,205.48,-190.04,52.74,null,null
16,0.95,-0.495,0.871,1.466,258.1,-180.27,118.14,null,null
17,0.95,-0.414,0.683,0.723,290.26,-107.12,170.78,null,null
18,0.95,-0.172,0.25,0.102,221.59,-26.43,185.28,null,null
19,0.95,0.01,-0.006,0.006,175.91,74.5,118.17,null,null
0,0.95,0.226,0.635,0.075,179.14,-7.75,112.09,null,null
1,0.95,0.189,0.391,0.147,121.71,44.62,144.57,null,null
2,0.95,0.111,0.026,0.186,115.45,73.09,132.69,null,null
3,0.95,0.029,-0.27,0.188,131.47,134.04,72.3,null,null
4,0.95,-0.066,-0.301,0.581,82.77,219.28,49.17,null,null
5,0.95,-0.141,-0.75,1.01,11.75,211.98,57.56,null,null
6,0.95,-0.653,-0.883,1.794,6.32,343.88,-98.33,null,null
7,0.95,-0.695,-0.516,2.052,-19.32,164.4,-178.11,null,null
8,0.95,-0.795,-0.304,1.511,105.2,100.86,-292.37,null,null
9,0.95,-0.749,-0.156,1.142,148.5,24.08,-314.31,null,null
10,0.95,-0.688,0.047,1.162,162.6,-37.08,-229.62,null,null
11,0.95,-0.491,0.337,1.269,144.17,-85.73,-102.94,null,null
12,0.95,-0.33,0.469,1.335,125.55,-120.4,-2.17,null,null
13,0.95,-0.305,0.765,1.26,168.1,-121.71,33.45,null,null
14,0.95,-0.247,0.834,0.974,222.45,-107.3,75.11,null,null
15,0.95,-0.207,0.719,0.563,189.25,-59.63,162.57,null,null
16,0.95,0.056,0.303,0.276,139.5,-10.96,196.54,null,null
17,0.95,0.195,0.011,0.156,144.02,18.52,152.9,null,null
18,0.95,0.15,-0.208,0.083,147.74,81.3,95.8,null,null
19,0.95,0.229,-0.375,0.275,126.29,162.63,47.12,null,null
0,0.95,0.151,-0.05,0.099,89.51,107.03,90.18,null,null
1,0.95,0.004,-0.24,0.379,58.78,200.17,66.01,null,null
2,0.95,-0.104,-0.488,0.714,18.98,233.8,50.2,null,null
3,0.95,-0.419,-0.559,1.165,15.93,271.03,-48.83,null,null
4,0.95,-0.53,-0.5,1.483,7.51,251.29,-146.28,null,null
5,0.95,-1.169,-0.709,1.829,-25.73,241.95,-238.93,null,null
6,0.95,-1.247,-0.247,1.639,51.09,121.71,-316.39,null,null
7,0.95,-0.715,-0.042,1.532,222.21,-41.51,-260.26,null,null
8,0.95,-0.682,0.194,1.524,228.19,-157.57,-107.27,null,null
9,0.95,-0.445,0.408,1.382,218.09,-200.35,-16.08,null,null
10,0.95,-0.316,0.717,0.982,218.02,-165.68,74.22,null,null
11,0.95,0.014,0.776,0.521,255.99,-80.32,94.76,null,null
12,0.95,0.134,0.6,0.084,214.61,-20.33,130.13,null,null
13,0.95,0.174,0.213,0.092,164.86,78.68,101.44,null,null
14,0.95,0.093,-0.087,0.127,96.04,118.41,93.97,null,null
15,0.95,0.147,-0.185,0.439,66.74,182.13,74.71,null,null
16,0.95,0.036,-0.466,0.635,8.97,190.92,107.61,null,null
17,0.95,-0.249,-0.675,0.85,38.12,226.87,22.8,null,null
18,0.95,-0.575,-0.851,1.202,47.12,270.06,-83.16,null,null
19,0.95,-1.424,-0.899,1.865,38.61,306.74,-283.82,null,null
0,0.95,-0.02,-0.812,0.818,77.73,212.71,32.14,null,null
1,0.95,-0.525,-0.797,1.102,29.88,259.77,-79.65,null,null
2,0.95,-1.408,-0.763,1.708,45.23,268.2,-265.76,null,null
3,0.95,-1.423,-0.22,1.588,145.39,111.3,-396.4,null,null
4,0.95,-1.398,0.114,1.48,268.9,-38.24,-370.83,null,null
5,0.95,-0.988,0.365,1.204,194.77,-130.62,-116.12,null,null
6,0.95,-0.573,0.522,1.279,187.2,-154.79,6.84,null,null
7,0.95,-0.457,0.814,0.956,203.96,-133.67,73.64,null,null
8,0.95,-0.362,0.777,0.612,178.72,-104.01,161.75,null,null
9,0.95,0.037,0.258,0.188,130.07,-55.48,194.13,null,null
10,0.95,0.425,0.285,-0.122,106.63,25.03,129.25,null,null
11,0.95,0.598,0.459,0.314,77.67,48.46,121.28,null,null
12,0.95,0.383,0.098,0.335,142.0,52.19,77.64,null,null
13,0.95,0.656,-0.441,0.451,83.22,113.01,79.5,null,null
14,0.95,0.876,-0.988,0.697,-17.67,76.6,73.49,null,null
15,0.95,0.816,-0.704,0.728,102.11,74.07,-155.06,null,null
16,0.95,0.246,0.488,0.79,-22.25,-5.71,-107.49,null,null
17,0.95,-0.117,0.617,0.257,-28.08,27.44,74.86,null,null
18,0.95,0.007,-0.273,0.167,-69.58,161.57,123.08,null,null
19,0.95,-0.609,-0.816,0.912,18.1,322.98,-159.25,null,null
0,0.95,0.053,-0.83,0.864,-12.51,10.9,-33.08,null,null
1,0.95,0.003,-0.992,0.779,-36.68,28.14,-88.23,null,null
2,0.95,-0.155,-0.854,0.843,-41.41,76.75,-175.79,null,null
3,0.95,-0.215,-0.608,0.888,-39.06,94.12,-196.05,null,null
4,0.95,-0.099,-0.586,0.923,35.52,80.02,-203.19,null,null
5,0.95,-0.136,-0.273,0.921,-42.7,32.29,-174.75,null,null
6,0.95,-0.078,-0.381,0.865,-62.17,12.18,-125.06,null,null
7,0.95,0.024,-0.328,1.029,-43.67,36.56,-137.88,null,null
8,0.95,0.061,-0.265,0.98,-24.84,28.08,-136.6,null,null
9,0.95,0.089,-0.174,1.039,-22.13,34.85,-130.25,null,null
10,0.95,0.174,-0.13,0.999,-11.6,18.37,-104.22,null,null
11,0.95,0.219,-0.088,0.936,-15.9,18.1,-101.57,null,null
12,0.95,0.208,-0.028,0.961,-5.4,21.94,-98.12,null,null
13,0.95,0.223,0.05,0.946,-3.08,22.22,-82.03,null,null
14,0.95,0.177,0.046,0.9,-32.96,13.82,-67.93,null,null
15,0.95,0.117,0.025,0.856,-18.37,44.1,-67.78,null,null
16,0.95,0.099,0.123,0.937,-26.12,37.42,-48.92,null,null
17,0.95,0.212,0.159,1.068,-33.72,29.48,-23.38,null,null
18,0.95,0.131,-0.065,1.153,5.92,33.85,-2.23,null,null
19,0.95,0.102,0.009,1.132,9.98,15.59,-7.6,null,null
0,0.95,0.091,-0.785,0.699,-32.47,49.07,-77.64,null,null
1,0.95,0.12,-0.636,0.761,-13.95,63.63,-102.05,null,null
2,0.95,0.062,-0.625,0.805,-13.89,59.27,-96.96,null,null
3,0.95,0.085,-0.609,0.822,-2.04,58.08,-101.5,null,null
4,0.95,0.091,-0.593,0.831,-10.38,50.54,-98.18,null,null
5,0.95,0.102,-0.507,0.855,-15.9,51.58,-97.9,null,null
6,0.95,0.108,-0.467,0.847,-18.4,47.52,-94.67,null,null
7,0.95,0.137,-0.434,0.869,-18.28,41.38,-96.1,null,null
8,0.95,0.141,-0.433,0.922,-11.63,40.22,-98.7,null,null
9,0.95,0.18,-0.441,0.891,-12.82,28.9,-92.38,null,null
10,0.95,0.181,-0.37,0.853,-18.07,27.44,-95.22,null,null
11,0.95,0.156,-0.322,0.886,-28.99,37.14,-88.05,null,null
12,0.95,0.144,-0.298,0.935,-22.43,41.44,-86.12,null,null
13,0.95,0.148,-0.199,0.893,-6.62,34.0,-83.65,null,null
14,0.95,0.155,-0.166,0.923,-1.25,50.57,-67.84,null,null
15,0.95,0.113,-0.145,0.996,-19.26,36.93,-58.02,null,null
16,0.95,0.137,-0.086,0.946,8.76,33.75,-43.31,null,null
17,0.95,0.175,-0.073,1.048,6.62,27.74,-32.11,null,null
18,0.95,0.114,-0.15,1.081,-4.15,14.01,-9.46,null,null
19,0.95,0.086,-0.178,1.061,-3.39,4.76,-4.73,null,null
0,0.95,-0.066,-0.867,0.656,-45.26,62.44,-103.73,null,null
1,0.95,-0.11,-0.852,0.677,-23.13,79.68,-131.75,null,null
2,0.95,-0.141,-0.769,0.669,-9.67,98.36,-158.76,null,null
3,0.95,-0.138,-0.686,0.768,-17.7,85.73,-150.85,null,null
4,0.95,-0.115,-0.566,0.82,4.46,84.05,-154.3,null,null
5,0.95,-0.05,-0.419,0.89,-14.56,72.6,-153.29,null,null
6,0.95,0.027,-0.37,1.014,-13.73,36.53,-127.87,null,null
7,0.95,0.208,-0.309,0.908,-16.54,22.52,-106.14,null,null
8,0.95,0.257,-0.314,0.909,-23.53,27.19,-100.01,null,null
9,0.95,0.216,-0.301,0.955,-13.73,43.79,-105.08,null,null
10,0.95,0.231,-0.179,0.89,-17.3,41.14,-100.44,null,null
11,0.95,0.208,-0.094,0.871,-14.37,41.96,-93.75,null,null
12,0.95,0.16,-0.105,0.918,-23.47,41.78,-71.54,null,null
13,0.95,0.151,-0.045,0.914,-12.21,40.59,-64.49,null,null
14,0.95,0.217,-0.105,0.961,-6.41,48.52,-53.32,null,null
15,0.95,0.076,-0.04,1.065,-28.38,41.99,-37.69,null,null
16,0.95,0.085,-0.135,1.099,-16.05,26.61,-10.44,null,null
17,0.95,0.096,-0.165,1.057,-0.09,17.58,-9.25,null,null
18,0.95,0.07,-0.158,0.979,9.0,10.93,-8.85,null,null
19,0.95,0.052,-0.157,1.033,-2.81,2.72,9.49,null,null
0,0.95,0.094,-0.709,0.712,-2.26,7.54,-14.04,null,null
1,0.95,0.058,-0.709,0.696,-15.99,17.33,-26.06,null,null
2,0.95,0.057,-0.733,0.694,-26.03,20.72,-24.35,null,null
3,0.95,0.002,-0.922,0.562,-7.51,53.32,-66.93,null,null
4,0.95,-0.202,-0.903,0.61,-23.62,84.84,-103.49,null,null
5,0.95,-0.194,-0.884,0.587,-31.37,97.48,-116.25,null,null
6,0.95,-0.185,-0.897,0.7,-6.07,115.6,-145.3,null,null
7,0.95,-0.388,-0.459,0.565,48.68,120.09,-238.72,null,null
8,0.95,-0.134,-0.563,0.943,-32.44,87.77,-156.41,null,null
9,0.95,-0.041,-0.51,0.91,-12.12,83.65,-135.81,null,null
10,0.95,0.063,-0.433,0.864,18.83,71.54,-128.27,null,null
11,0.95,0.104,-0.407,0.843,-0.85,55.88,-106.6,null,null
12,0.95,0.119,-0.39,0.873,-14.74,44.01,-95.61,null,null
13,0.95,0.183,-0.412,0.858,-4.91,37.23,-96.93,null,null
14,0.95,0.212,-0.354,0.896,-31.13,41.96,-90.73,null,null
15,0.95,0.178,-0.306,0.889,-35.37,31.53,-73.89,null,null
16,0.95,0.15,-0.3,0.879,30.27,54.63,-94.73,null,null
17,0.95,0.169,-0.228,0.959,-1.1,39.28,-65.25,null,null
18,0.95,0.209,-0.064,0.911,27.92,67.66,-46.21,null,null
19,0.95,0.078,-0.023,1.057,-22.25,32.2,-31.19,null,null
0,0.95,-0.044,-0.579,0.929,-13.61,-2.78,42.45,null,null
1,0.95,0.008,-0.639,0.818,-23.68,-12.33,16.88,null,null
2,0.95,0.032,-0.736,0.708,-18.19,19.1,-23.47,null,null
3,0.95,-0.142,-0.671,0.74,-34.82,52.31,-75.84,null,null
4,0.95,-0.136,-0.7,0.794,-31.68,71.72,-87.77,null,null
5,0.95,-0.106,-0.759,0.741,-48.98,74.43,-92.1,null,null
6,0.95,-0.114,-0.751,0.756,-34.3,85.6,-110.26,null,null
7,0.95,-0.033,-0.782,0.805,-7.39,86.49,-124.06,null,null
8,0.95,-0.122,-0.324,0.669,-22.64,95.22,-127.14,null,null
9,0.95,0.074,-0.601,0.806,-13.06,62.84,-109.68,null,null
10,0.95,0.047,-0.518,0.781,-18.01,66.68,-91.71,null,null
11,0.95,0.087,-0.55,0.763,19.38,57.71,-88.69,null,null
12,0.95,0.116,-0.529,0.831,-6.78,49.26,-69.95,null,null
13,0.95,0.12,-0.547,0.862,-26.8,38.09,-62.32,null,null
14,0.95,0.146,-0.624,0.843,-17.85,39.83,-68.12,null,null
15,0.95,0.154,-0.618,0.852,-20.2,37.66,-78.65,null,null
16,0.95,0.129,-0.568,0.84,-1.34,34.36,-91.49,null,null
17,0.95,0.165,-0.482,0.749,6.04,41.05,-97.84,null,null
18,0.95,0.137,-0.429,0.838,-12.67,56.46,-93.14,null,null
19,0.95,0.095,-0.366,0.888,-18.19,54.2,-91.19,null,null
0,0.95,0.096,-0.482,0.726,-6.47,56.28,102.3,null,null
1,0.95,-0.069,-0.521,0.908,-37.97,78.68,60.37,null,null
2,0.95,-0.138,-0.689,1.181,-28.32,20.91,50.72,null,null
3,0.95,0.006,-0.693,0.863,0.43,-13.15,32.35,null,null
4,0.95,0.116,-0.929,0.72,-16.57,7.05,-16.82,null,null
5,0.95,-0.013,-0.784,0.687,-33.39,49.44,-72.73,null,null
6,0.95,-0.038,-0.825,0.746,-46.51,65.61,-84.51,null,null
7,0.95,-0.044,-0.784,0.725,-39.0,60.37,-94.49,null,null
8,0.95,-0.02,-0.762,0.727,-25.03,66.59,-95.25,null,null
9,0.95,0.068,-0.786,0.71,-5.83,63.14,-105.47,null,null
10,0.95,0.079,-0.643,0.678,-7.42,61.13,-105.32,null,null
11,0.95,0.132,-0.638,0.694,1.53,61.34,-108.95,null,null
12,0.95,0.146,-0.61,0.78,-3.23,66.35,-105.26,null,null
13,0.95,0.164,-0.584,0.754,-1.56,52.4,-100.34,null,null
14,0.95,0.193,-0.595,0.831,-15.59,51.03,-87.86,null,null
15,0.95,0.203,-0.53,0.873,-21.55,56.4,-99.06,null,null
16,0.95,0.219,-0.501,0.855,-20.42,43.18,-94.85,null,null
17,0.95,0.245,-0.503,0.799,-9.49,40.68,-103.55,null,null
18,0.95,0.213,-0.377,0.843,-25.24,49.41,-99.4,null,null
19,0.95,0.159,-0.322,0.876,-21.12,43.4,-88.35,null,null
0,0.95,0.376,-0.2,0.835,21.21,47.79,79.93,null,null
1,0.95,0.229,-0.331,0.891,-7.11,26.12,38.48,null,null
2,0.95,-0.079,-0.323,0.885,-61.86,57.83,0.58,null,null
3,0.95,-0.215,-0.199,1.02,-38.61,24.96,-23.13,null,null
4,0.95,-0.064,-0.29,1.003,-13.61,31.59,-23.47,null,null
5,0.95,0.055,-0.562,0.995,-30.18,14.59,-46.24,null,null
6,0.95,-0.03,-0.506,0.876,-23.53,16.97,-79.04,null,null
7,0.95,-0.054,-0.49,0.828,-33.63,40.53,-72.12,null,null
8,0.95,-0.105,-0.58,0.804,-32.04,55.15,-81.27,null,null
9,0.95,-0.132,-0.696,0.862,-14.5,72.82,-105.44,null,null
10,0.95,-0.134,-0.682,0.85,-16.91,46.02,-108.65,null,null
11,0.95,-0.129,-0.608,0.859,41.05,52.31,-144.2,null,null
12,0.95,-0.113,-0.471,0.933,-12.42,46.24,-114.38,null,null
13,0.95,-0.099,-0.399,0.842,10.96,33.91,-111.85,null,null
14,0.95,-0.05,-0.314,0.812,14.25,43.92,-108.28,null,null
15,0.95,-0.04,-0.353,0.877,2.75,39.98,-102.33,null,null
16,0.95,-0.039,-0.333,0.899,1.28,37.6,-107.49,null,null
17,0.95,0.044,-0.35,0.979,-7.29,27.56,-96.35,null,null
18,0.95,0.018,-0.238,0.88,29.27,35.49,-113.44,null,null
19,0.95,0.055,-0.201,0.933,4.24,33.51,-102.73,null,null
0,0.95,-0.19,-0.314,0.957,4.91,-1.04,0.27,null,null
1,0.95,-0.185,-0.35,0.929,-0.4,-3.23,1.34,null,null
2,0.95,-0.202,-0.346,0.9,1.25,1.5,-7.17,null,null
3,0.95,-0.166,-0.47,0.915,-12.63,-0.98,-19.47,null,null
4,0.95,-0.22,-0.58,0.869,-16.48,13.28,-51.18,null,null
5,0.95,-0.291,-0.647,0.814,-5.19,23.22,-92.07,null,null
6,0.95,-0.276,-0.61,0.811,9.22,32.96,-135.2,null,null
7,0.95,-0.309,-0.535,0.801,39.09,46.88,-145.05,null,null
8,0.95,-0.321,-0.458,0.813,34.55,44.95,-129.43,null,null
9,0.95,-0.321,-0.47,0.826,9.06,37.81,-133.06,null,null
10,0.95,-0.329,-0.407,0.819,21.88,45.23,-147.83,null,null
11,0.95,-0.318,-0.322,0.901,-8.06,43.58,-144.87,null,null
12,0.95,-0.273,-0.303,1.013,15.35,27.25,-132.51,null,null
13,0.95,-0.164,-0.263,0.953,8.27,14.07,-117.07,null,null
14,0.95,-0.099,-0.221,0.939,6.29,17.55,-100.92,null,null
15,0.95,-0.073,-0.214,0.933,17.64,6.2,-106.6,null,null
16,0.95,-0.014,-0.194,0.919,15.63,6.93,-105.23,null,null
17,0.95,-0.019,-0.089,0.913,-3.02,22.46,-100.74,null,null
18,0.95,-0.017,-0.043,0.931,8.91,35.68,-76.72,null,null
19,0.95,0.007,-0.109,0.923,15.2,30.37,-72.91,null,null
0,0.95,-0.056,-0.397,0.908,-14.07,21.45,-36.71,null,null
1,0.95,-0.062,-0.414,0.909,1.22,23.13,-50.45,null,null
2,0.95,-0.099,-0.438,0.878,-4.21,22.86,-49.13,null,null
3,0.95,-0.117,-0.489,0.868,-15.78,18.86,-46.57,null,null
4,0.95,-0.145,-0.51,0.906,-4.21,22.34,-59.18,null,null
5,0.95,-0.102,-0.558,0.876,6.38,26.28,-74.98,null,null
6,0.95,-0.14,-0.5,0.861,6.9,29.57,-86.73,null,null
7,0.95,-0.143,-0.531,0.852,34.94,34.73,-107.91,null,null
8,0.95,-0.228,-0.314,0.846,6.04,48.83,-120.18,null,null
9,0.95,-0.18,-0.347,0.97,1.4,31.28,-112.37,null,null
10,0.95,-0.153,-0.355,0.925,11.69,22.4,-115.45,null,null
11,0.95,-0.15,-0.289,0.908,3.78,26.06,-119.36,null,null
12,0.95,-0.156,-0.244,0.982,2.14,28.84,-108.95,null,null
13,0.95,-0.103,-0.26,0.975,4.18,19.26,-97.14,null,null
14,0.95,-0.091,-0.197,0.916,-4.03,16.57,-91.34,null,null
15,0.95,-0.062,-0.169,0.96,-2.38,15.5,-82.71,null,null
16,0.95,-0.024,-0.191,0.948,4.12,9.25,-81.0,null,null
17,0.95,0.029,-0.183,0.932,-2.78,17.52,-76.72,null,null
18,0.95,0.014,-0.153,1.005,-2.75,18.56,-67.45,null,null
19,0.95,0.011,-0.158,1.008,6.93,14.68,-62.78,null,null
0,0.95,-0.067,-0.448,0.911,-6.16,16.54,-33.14,null,null
1,0.95,-0.128,-0.47,0.876,-1.65,23.47,-49.47,null,null
2,0.95,-0.145,-0.563,0.782,-11.6,24.9,-56.03,null,null
3,0.95,-0.169,-0.603,0.869,-22.16,40.41,-73.73,null,null
4,0.95,-0.222,-0.541,0.873,-1.28,55.54,-104.34,null,null
5,0.95,-0.224,-0.551,0.878,1.07,48.01,-97.57,null,null
6,0.95,-0.167,-0.6,0.87,28.75,41.38,-115.63,null,null
7,0.95,-0.177,-0.497,0.847,23.29,41.26,-123.6,null,null
8,0.95,-0.15,-0.373,0.885,30.03,34.42,-118.5,null,null
9,0.95,-0.116,-0.349,0.894,6.41,34.24,-110.29,null,null
10,0.95,-0.076,-0.279,0.939,15.99,30.73,-104.95,null,null
11,0.95,-0.045,-0.271,0.902,7.48,23.04,-90.95,null,null
12,0.95,0.006,-0.277,0.913,6.01,17.43,-90.33,null,null
13,0.95,-0.002,-0.277,0.943,-6.81,16.72,-83.59,null,null
14,0.95,0.019,-0.288,0.968,5.83,20.33,-85.79,null,null
15,0.95,0.051,-0.235,0.913,11.35,17.52,-84.29,null,null
16,0.95,0.049,-0.193,0.88,25.09,17.09,-87.83,null,null
17,0.95,0.022,-0.124,0.904,-0.61,24.69,-89.02,null,null
18,0.95,0.029,-0.093,1.051,21.36,35.1,-86.64,null,null
19,0.95,0.01,-0.025,0.846,19.17,12.94,-72.15,null,null
0,0.95,-0.124,-0.404,0.871,9.03,12.91,-39.06,null,null
1,0.95,-0.159,-0.572,0.878,-18.86,16.02,-64.06,null,null
2,0.95,-0.217,-0.55,0.855,-7.45,28.47,-96.99,null,null
3,0.95,-0.221,-0.568,0.882,-23.41,44.5,-99.06,null,null
4,0.95,-0.275,-0.6,0.921,37.14,48.95,-129.58,null,null
5,0.95,-0.277,-0.585,0.887,48.62,43.7,-137.85,null,null
6,0.95,-0.343,-0.409,1.021,-9.43,46.85,-145.51,null,null
7,0.95,-0.288,-0.229,0.978,8.33,18.43,-131.14,null,null
8,0.95,-0.25,-0.203,0.935,-2.35,23.26,-115.45,null,null
9,0.95,-0.181,-0.306,0.985,-1.4,13.21,-104.31,null,null
10,0.95,-0.167,-0.209,0.921,9.49,13.18,-102.51,null,null
11,0.95,-0.08,-0.189,1.023,26.46,12.82,-102.08,null,null
12,0.95,-0.016,-0.17,0.967,6.44,0.82,-85.82,null,null
13,0.95,0.005,-0.13,0.963,-4.61,5.04,-81.79,null,null
14,0.95,0.022,-0.092,0.961,-2.66,7.66,-77.18,null,null
15,0.95,0.073,-0.095,0.965,-5.28,18.86,-54.51,null,null
16,0.95,0.039,-0.079,0.928,-2.81,16.72,-57.13,null,null
17,0.95,0.034,-0.038,0.932,2.78,27.59,-57.07,null,null
18,0.95,-0.019,-0.026,0.994,-11.11,25.54,-41.11,null,null
19,0.95,-0.011,-0.094,1.012,-3.75,20.78,-31.28,null,null
0,0.95,-0.138,-0.344,0.92,21.91,28.38,-94.55,null,null
1,0.95,-0.153,-0.286,0.91,27.25,25.67,-100.38,null,null
2,0.95,-0.115,-0.218,0.887,7.39,24.48,-92.17,null,null
3,0.95,-0.126,-0.225,0.998,4.12,30.73,-85.91,null,null
4,0.95,-0.099,-0.242,1.008,19.35,14.28,-74.1,null,null
5,0.95,-0.078,-0.201,0.969,12.45,14.47,-75.38,null,null
6,0.95,-0.067,-0.214,0.997,-10.38,4.18,-62.5,null,null
7,0.95,-0.062,-0.22,0.998,0.79,11.02,-69.58,null,null
8,0.95,-0.049,-0.204,0.987,2.35,4.97,-67.26,null,null
9,0.95,-0.037,-0.168,0.934,-0.31,1.62,-66.93,null,null
10,0.95,-0.029,-0.154,0.901,-1.59,10.62,-69.86,null,null
11,0.95,-0.059,-0.175,0.945,9.46,20.75,-73.98,null,null
12,0.95,-0.025,-0.154,0.949,24.17,29.54,-65.13,null,null
13,0.95,-0.072,-0.032,0.96,5.83,25.7,-62.2,null,null
14,0.95,-0.091,-0.091,0.995,34.42,19.96,-59.48,null,null
15,0.95,-0.11,-0.1,1.002,49.53,22.61,-70.59,null,null
16,0.95,-0.237,0.287,1.036,149.48,11.14,-79.9,null,null
17,0.95,-0.186,0.331,0.824,63.94,-14.25,-20.26,null,null
18,0.95,-0.142,0.327,0.901,18.25,16.14,-43.95,null,null
19,0.95,-0.212,0.393,0.926,3.36,23.53,-47.61,null,null
0,0.95,0.343,-0.4,0.844,-24.93,2.41,-13.7,null,null
1,0.95,0.346,-0.476,0.86,-18.65,4.09,-39.12,null,null
2,0.95,0.308,-0.447,0.82,-27.25,-5.86,-47.98,null,null
3,0.95,0.336,-0.409,0.779,-31.8,15.41,-52.89,null,null
4,0.95,0.351,-0.486,0.83,-39.89,24.72,-42.09,null,null
5,0.95,0.332,-0.431,0.8,-23.8,32.23,-73.49,null,null
6,0.95,0.349,-0.449,0.822,-19.75,31.31,-74.56,null,null
7,0.95,0.347,-0.509,0.82,-28.02,35.52,-78.37,null,null
8,0.95,0.312,-0.428,0.82,-33.11,40.04,-93.36,null,null
9,0.95,0.279,-0.373,0.877,-34.67,42.6,-95.71,null,null
10,0.95,0.303,-0.32,0.917,-37.26,40.13,-92.5,null,null
11,0.95,0.308,-0.251,0.919,-33.27,32.14,-85.36,null,null
12,0.95,0.313,-0.266,0.944,-28.05,24.99,-70.77,null,null
13,0.95,0.327,-0.309,0.928,-25.12,16.48,-63.26,null,null
14,0.95,0.329,-0.31,0.859,-32.07,12.42,-58.75,null,null
15,0.95,0.343,-0.321,0.915,-34.85,18.77,-64.42,null,null
16,0.95,0.341,-0.281,0.881,-20.29,18.34,-72.36,null,null
17,0.95,0.352,-0.231,0.845,-16.51,20.42,-74.19,null,null
18,0.95,0.34,-0.182,0.858,-26.89,23.53,-59.72,null,null
19,0.95,0.352,-0.226,0.912,-26.34,19.38,-49.1,null,null
0,0.95,0.27,-0.031,0.917,6.5,2.47,-8.82,null,null
1,0.95,0.273,-0.023,0.929,-3.94,-1.8,-4.88,null,null
2,0.95,0.244,-0.026,0.97,-8.03,-0.98,-2.78,null,null
3,0.95,0.224,0.038,1.007,8.18,2.08,-7.63,null,null
4,0.95,0.236,0.069,1.044,8.15,-1.34,0.95,null,null
5,0.95,0.178,0.124,1.014,11.75,-8.51,20.6,null,null
6,0.95,0.159,0.141,1.0,16.66,-3.63,32.65,null,null
7,0.95,0.134,0.162,0.999,21.21,-7.63,55.57,null,null
8,0.95,0.112,0.123,0.961,28.38,-6.2,66.77,null,null
9,0.95,0.105,0.065,0.974,25.88,0.92,81.64,null,null
10,0.95,0.157,-0.003,0.973,33.42,2.41,81.33,null,null
11,0.95,0.172,0.011,0.978,33.91,1.22,77.06,null,null
12,0.95,0.166,0.044,0.968,26.0,-1.86,79.87,null,null
13,0.95,0.163,0.028,0.996,26.86,-1.77,85.7,null,null
14,0.95,0.126,0.006,1.001,26.67,3.97,89.24,null,null
15,0.95,0.136,0.003,1.033,24.84,5.77,95.03,null,null
16,0.95,0.213,-0.105,0.932,19.01,-9.37,104.98,null,null
17,0.95,0.229,-0.097,0.928,21.55,-3.63,92.32,null,null
18,0.95,0.264,-0.099,0.941,18.37,-8.48,95.4,null,null
19,0.95,0.279,-0.132,0.95,11.35,-9.19,91.89,null,null
0,0.95,0.103,0.078,1.058,19.29,-14.01,40.89,null,null
1,0.95,0.075,0.049,1.088,28.17,-14.07,53.56,null,null
2,0.95,0.093,-0.034,1.001,29.85,-18.28,76.2,null,null
3,0.95,0.085,-0.026,0.99,31.71,-4.21,75.11,null,null
4,0.95,0.092,0.009,0.993,24.23,-10.5,95.74,null,null
5,0.95,0.079,-0.063,1.025,28.08,-11.11,105.14,null,null
6,0.95,0.099,-0.127,1.008,28.93,-16.51,111.18,null,null
7,0.95,0.121,-0.17,0.993,33.17,-15.17,104.25,null,null
8,0.95,0.122,-0.107,1.004,27.77,-13.28,113.71,null,null
9,0.95,0.168,-0.189,0.961,30.09,-18.74,113.28,null,null
10,0.95,0.14,-0.129,0.995,19.35,-18.19,120.7,null,null
11,0.95,0.194,-0.216,0.949,26.37,-27.34,125.68,null,null
12,0.95,0.209,-0.275,0.954,17.46,-29.63,130.59,null,null
13,0.95,0.198,-0.303,0.872,4.97,-29.85,125.37,null,null
14,0.95,0.215,-0.416,0.883,15.59,-31.37,121.37,null,null
15,0.95,0.191,-0.458,0.84,28.23,-28.32,108.89,null,null
16,0.95,0.242,-0.519,0.859,13.43,-26.7,97.45,null,null
17,0.95,0.247,-0.548,0.911,-27.04,-48.28,123.23,null,null
18,0.95,0.262,-0.513,0.799,9.28,-30.18,85.09,null,null
19,0.95,0.227,-0.552,0.831,-1.59,-20.97,62.99,null,null
0,0.95,0.216,-0.025,0.96,28.84,-16.85,53.04,null,null
1,0.95,0.217,-0.037,0.933,21.94,-19.78,66.71,null,null
2,0.95,0.242,-0.079,0.92,27.92,-14.16,69.4,null,null
3,0.95,0.195,0.003,0.98,30.92,-9.43,77.85,null,null
4,0.95,0.215,-0.09,1.002,34.15,-15.47,94.7,null,null
5,0.95,0.214,-0.098,0.982,39.58,-8.12,95.77,null,null
6,0.95,0.239,-0.158,0.992,28.5,-11.78,102.33,null,null
7,0.95,0.199,-0.099,0.965,44.25,-12.21,91.65,null,null
8,0.95,0.16,-0.104,0.979,28.63,-26.4,119.97,null,null
9,0.95,0.229,-0.192,0.976,21.73,-45.32,143.28,null,null
10,0.95,0.323,-0.4,0.926,26.76,-32.47,123.11,null,null
11,0.95,0.348,-0.313,0.854,34.67,-15.69,81.61,null,null
12,0.95,0.321,-0.302,0.881,20.23,-26.0,97.17,null,null
13,0.95,0.26,-0.42,0.875,1.62,-48.52,122.04,null,null
14,0.95,0.232,-0.56,0.76,5.49,-61.22,134.43,null,null
15,0.95,0.228,-0.651,0.706,25.45,-42.05,113.32,null,null
16,0.95,0.249,-0.666,0.828,19.56,-8.15,95.92,null,null
17,0.95,0.253,-0.649,0.8,15.02,-48.19,97.14,null,null
18,0.95,0.236,-0.641,0.787,21.76,-42.48,68.0,null,null
19,0.95,0.244,-0.563,0.748,42.79,-4.03,25.85,null,null
0,0.95,0.117,0.134,1.05,27.59,-20.87,19.26,null,null
1,0.95,0.132,0.024,1.022,39.7,-30.06,47.27,null,null
2,0.95,0.171,-0.005,0.962,32.53,-28.26,61.19,null,null
3,0.95,0.145,0.07,0.95,36.35,-13.52,66.44,null,null
4,0.95,0.141,0.04,0.961,29.91,-18.37,88.99,null,null
5,0.95,0.199,-0.049,0.903,41.05,-15.38,87.74,null,null
6,0.95,0.243,-0.093,0.944,36.77,-6.47,85.33,null,null
7,0.95,0.266,-0.105,0.948,31.5,-0.95,81.42,null,null
8,0.95,0.282,-0.126,0.982,26.7,-2.17,81.82,null,null
9,0.95,0.29,-0.139,1.003,34.52,2.84,71.63,null,null
10,0.95,0.316,-0.15,0.975,25.57,-1.43,75.5,null,null
11,0.95,0.288,-0.118,1.003,20.84,-2.32,69.03,null,null
12,0.95,0.287,-0.089,0.953,21.15,-8.61,69.77,null,null
13,0.95,0.349,-0.11,0.961,18.37,-12.3,79.84,null,null
14,0.95,0.326,-0.117,0.935,22.71,-2.9,62.75,null,null
15,0.95,0.318,-0.088,0.919,10.22,-5.98,64.33,null,null
16,0.95,0.325,-0.111,0.911,9.58,-17.79,78.13,null,null
17,0.95,0.349,-0.274,0.917,3.48,-22.34,96.74,null,null
18,0.95,0.316,-0.28,0.864,4.24,-27.62,96.87,null,null
19,0.95,0.236,-0.293,0.797,2.23,-24.66,102.21,null,null
0,0.95,-0.166,0.269,1.163,-98.79,3.78,-105.75,null,null
1,0.95,-0.393,0.154,1.105,-48.01,57.95,-103.79,null,null
2,0.95,-0.239,0.187,0.775,1.95,-17.43,-61.4,null,null
3,0.95,-0.024,0.017,1.02,-4.03,1.4,-33.81,null,null
4,0.95,0.071,-0.065,0.96,-6.53,-14.86,6.2,null,null
5,0.95,0.021,0.127,1.016,-4.85,-10.71,2.2,null,null
6,0.95,0.007,0.107,1.031,0.7,-22.98,43.55,null,null
7,0.95,0.034,0.041,0.965,18.52,-25.18,45.01,null,null
8,0.95,0.093,0.017,0.933,24.17,-14.13,48.13,null,null
9,0.95,0.092,-0.013,0.936,15.2,-18.37,55.33,null,null
10,0.95,0.11,0.035,0.946,9.31,-13.46,58.69,null,null
11,0.95,0.106,0.016,0.98,10.19,-9.37,65.37,null,null
12,0.95,0.125,-0.026,0.93,22.89,-2.26,57.86,null,null
13,0.95,0.135,0.008,0.972,10.71,-1.37,64.61,null,null
14,0.95,0.121,-0.011,0.982,18.22,0.92,64.36,null,null
15,0.95,0.113,0.016,0.971,17.3,2.87,65.86,null,null
16,0.95,0.137,0.032,0.957,17.43,-0.67,75.29,null,null
17,0.95,0.108,-0.034,0.969,3.69,-8.36,95.89,null,null
18,0.95,0.111,-0.088,0.954,-4.55,-14.28,96.29,null,null
19,0.95,0.208,-0.173,1.0,2.17,-11.44,88.02,null,null
0,0.95,-0.166,0.068,0.888,13.98,-15.99,-58.32,null,null
1,0.95,-0.152,0.108,0.949,-22.31,-17.91,-30.24,null,null
2,0.95,-0.077,0.092,0.956,-6.62,-19.32,-11.11,null,null
3,0.95,-0.047,0.098,1.016,2.75,8.27,3.78,null,null
4,0.95,-0.038,0.119,1.044,10.16,-7.14,16.69,null,null
5,0.95,-0.039,0.152,1.023,2.5,-9.98,32.56,null,null
6,0.95,-0.042,0.143,0.986,9.13,-13.28,49.35,null,null
7,0.95,0.001,0.094,0.955,8.91,-8.91,59.91,null,null
8,0.95,0.009,0.081,0.928,19.81,-4.15,54.41,null,null
9,0.95,0.012,0.094,0.949,14.5,1.13,56.92,null,null
10,0.95,0.018,0.093,0.958,6.07,0.52,63.75,null,null
11,0.95,0.024,0.052,0.982,0.92,-2.17,71.66,null,null
12,0.95,0.031,0.059,0.992,14.8,7.14,61.25,null,null
13,0.95,0.012,0.078,0.992,11.75,13.31,64.15,null,null
14,0.95,-0.033,0.102,0.976,23.8,14.71,59.79,null,null
15,0.95,-0.045,0.121,0.949,15.32,9.34,68.51,null,null
16,0.95,-0.006,0.108,0.972,-1.22,6.04,84.08,null,null
17,0.95,-0.005,0.029,1.017,-3.05,9.46,84.51,null,null
18,0.95,-0.028,0.033,0.971,9.13,-0.24,84.05,null,null
19,0.95,0.03,0.013,0.947,4.06,3.72,83.9,null,null
0,0.95,0.018,0.077,0.985,-7.97,-2.53,8.24,null,null
1,0.95,0.037,0.011,1.005,4.36,-12.24,27.86,null,null
2,0.95,0.034,0.053,0.993,5.46,-5.13,38.51,null,null
3,0.95,-0.009,0.089,1.022,10.71,-0.89,52.03,null,null
4,0.95,-0.006,0.071,0.999,18.16,-3.81,62.53,null,null
5,0.95,-0.029,0.052,0.983,21.0,-2.78,73.73,null,null
6,0.95,-0.009,0.039,0.989,29.69,4.21,83.53,null,null
7,0.95,0.03,-0.046,1.01,17.37,-7.51,94.94,null,null
8,0.95,0.035,-0.045,0.975,53.04,9.61,76.97,null,null
9,0.95,0.052,0.007,0.967,31.92,18.68,65.92,null,null
10,0.95,0.049,0.053,0.986,12.79,20.78,63.11,null,null
11,0.95,0.043,0.071,1.0,-8.73,3.54,81.51,null,null
12,0.95,0.02,0.005,0.941,38.91,21.73,67.2,null,null
13,0.95,-0.021,0.169,0.956,7.57,17.37,68.76,null,null
14,0.95,0.059,0.064,0.991,-20.33,-4.15,92.35,null,null
15,0.95,0.055,-0.035,1.015,9.86,-0.34,80.42,null,null
16,0.95,-0.024,0.113,0.957,-9.34,4.94,80.78,null,null
17,0.95,0.033,-0.034,1.055,-7.26,2.84,99.95,null,null
18,0.95,0.036,-0.128,1.015,-2.59,-9.77,92.65,null,null
19,0.95,0.011,-0.075,0.902,-24.48,-8.94,94.55,null,null
0,0.95,-0.075,0.087,1.04,-0.43,3.02,-16.63,null,null
1,0.95,-0.137,0.145,1.055,-3.63,-12.54,-3.51,null,null
2,0.95,-0.163,0.176,1.071,1.19,-9.13,13.82,null,null
3,0.95,-0.141,0.164,1.057,-30.55,-39.83,55.12,null,null
4,0.95,-0.151,0.178,0.983,-4.03,-30.43,64.33,null,null
5,0.95,-0.092,0.127,0.988,-2.29,-13.67,71.44,null,null
6,0.95,-0.049,0.041,1.024,-15.63,-14.31,89.42,null,null
7,0.95,-0.022,-0.049,1.035,2.69,-10.99,87.56,null,null
8,0.95,-0.012,-0.073,0.998,0.73,-20.91,96.04,null,null
9,0.95,-0.018,-0.046,0.983,-0.27,-14.95,90.91,null,null
10,0.95,-0.038,-0.013,0.998,16.45,-2.35,88.08,null,null
11,0.95,0.0,-0.064,1.007,16.21,6.68,95.52,null,null
12,0.95,0.012,-0.09,1.049,-7.78,-2.11,104.28,null,null
13,0.95,0.031,-0.13,1.033,-1.95,-7.54,96.62,null,null
14,0.95,0.123,-0.075,0.952,9.37,-10.62,84.75,null,null
15,0.95,0.08,-0.054,0.889,-6.93,-15.87,92.78,null,null
16,0.95,0.073,-0.093,0.98,-18.28,-14.86,96.74,null,null
17,0.95,0.009,-0.169,1.053,-9.49,-45.47,115.67,null,null
18,0.95,0.136,-0.338,0.944,-11.9,-68.06,138.55,null,null
19,0.95,0.218,-0.406,0.922,-10.1,-62.87,127.02,null,null
0,0.95,0.205,0.325,0.919,22.58,-23.07,65.43,null,null
1,0.95,0.286,0.229,0.914,23.8,-5.04,64.03,null,null
2,0.95,0.318,0.145,0.952,21.88,10.19,58.2,null,null
3,0.95,0.288,0.224,0.942,5.65,-9.0,66.81,null,null
4,0.95,0.33,0.168,0.925,17.52,-3.75,75.53,null,null
5,0.95,0.361,0.126,0.919,22.0,0.52,72.21,null,null
6,0.95,0.374,0.046,1.007,11.87,-1.8,82.8,null,null
7,0.95,0.4,0.058,0.897,37.26,-3.42,56.0,null,null
8,0.95,0.375,0.151,0.947,25.91,1.25,63.72,null,null
9,0.95,0.407,0.072,0.986,28.2,-5.13,69.46,null,null
10,0.95,0.38,0.135,0.925,37.14,-3.57,66.65,null,null
11,0.95,0.388,0.199,0.86,39.31,-2.78,71.2,null,null
12,0.95,0.382,0.151,0.828,41.14,3.66,76.54,null,null
13,0.95,0.458,-0.022,0.882,30.12,5.37,95.55,null,null
14,0.95,0.534,0.068,0.839,37.2,19.93,61.89,null,null
15,0.95,0.447,0.069,0.869,26.25,17.46,68.24,null,null
16,0.95,0.366,-0.062,0.911,8.39,-7.97,99.0,null,null
17,0.95,0.419,-0.268,0.911,-13.67,-9.61,125.43,null,null
18,0.95,0.486,-0.359,0.854,10.62,-18.52,100.62,null,null
19,0.95,0.465,-0.326,0.851,5.62,-34.09,92.26,null,null
0,0.95,0.195,0.326,0.951,12.3,-8.09,27.47,null,null
1,0.95,0.182,0.287,0.9,15.81,-5.1,41.51,null,null
2,0.95,0.213,0.281,0.886,17.46,0.27,45.99,null,null
3,0.95,0.222,0.267,0.934,15.41,-1.01,54.45,null,null
4,0.95,0.235,0.264,0.938,14.56,-0.55,63.33,null,null
5,0.95,0.225,0.26,0.959,15.63,1.86,69.31,null,null
6,0.95,0.233,0.212,0.956,16.63,-1.13,78.28,null,null
7,0.95,0.271,0.193,0.939,18.46,3.3,78.4,null,null
8,0.95,0.319,0.115,0.971,14.77,4.27,81.21,null,null
9,0.95,0.318,0.091,0.969,20.75,-2.5,72.08,null,null
10,0.95,0.286,0.13,0.901,24.08,0.92,69.09,null,null
11,0.95,0.359,0.114,0.906,23.59,4.3,65.71,null,null
12,0.95,0.324,0.147,0.895,30.15,5.28,57.34,null,null
13,0.95,0.383,0.044,0.9,9.77,-0.7,70.47,null,null
14,0.95,0.336,0.126,0.942,9.19,19.2,70.19,null,null
15,0.95,0.258,0.153,0.945,13.12,4.58,86.79,null,null
16,0.95,0.234,0.136,0.949,26.73,-3.72,116.06,null,null
17,0.95,0.27,-0.073,0.925,24.35,-20.97,142.09,null,null
18,0.95,0.281,-0.211,0.826,39.43,-18.83,128.73,null,null
19,0.95,0.343,-0.424,0.828,0.27,-30.21,143.68,null,null
0,0.95,0.152,0.304,0.922,-0.37,10.07,21.76,null,null
1,0.95,0.14,0.287,0.95,11.51,11.44,30.67,null,null
2,0.95,0.142,0.272,0.955,15.96,6.32,36.04,null,null
3,0.95,0.04,0.392,0.999,29.63,19.75,38.94,null,null
4,0.95,0.012,0.428,0.922,16.63,12.15,80.78,null,null
5,0.95,-0.011,0.337,0.974,10.5,14.04,112.58,null,null
6,0.95,0.051,0.209,1.0,19.71,12.21,125.28,null,null
7,0.95,0.15,0.094,0.98,24.54,13.76,114.66,null,null
8,0.95,0.089,0.179,0.955,27.95,11.75,105.26,null,null
9,0.95,0.103,0.113,0.957,25.33,7.05,107.94,null,null
10,0.95,0.125,0.115,0.937,7.97,1.04,118.87,null,null
11,0.95,0.236,0.055,0.908,16.54,0.7,103.55,null,null
12,0.95,0.234,0.006,0.964,-0.82,4.18,102.51,null,null
13,0.95,0.273,-0.144,1.008,-18.28,-20.91,127.45,null,null
14,0.95,0.274,-0.257,0.983,0.43,-45.9,133.49,null,null
15,0.95,0.334,-0.264,0.871,20.54,-49.38,108.52,null,null
16,0.95,0.37,-0.296,0.825,40.86,-32.07,87.22,null,null
17,0.95,0.343,-0.327,0.823,-3.05,-48.34,114.99,null,null
18,0.95,0.383,-0.532,0.729,-0.7,-65.22,117.04,null,null
19,0.95,0.348,-0.529,0.679,27.07,-29.45,82.83,null,null
0,0.95,-0.115,0.323,0.955,6.07,-5.55,16.05,null,null
1,0.95,-0.146,0.309,0.995,7.11,-9.4,39.52,null,null
2,0.95,-0.137,0.254,0.975,12.67,-11.66,51.3,null,null
3,0.95,-0.153,0.302,0.975,9.83,1.53,65.37,null,null
4,0.95,-0.145,0.278,0.934,5.37,-1.25,86.46,null,null
5,0.95,-0.095,0.245,0.929,9.43,7.78,99.61,null,null
6,0.95,-0.103,0.273,0.914,15.99,12.67,97.26,null,null
7,0.95,-0.029,0.193,0.961,-6.29,11.99,111.45,null,null
8,0.95,-0.001,0.158,0.991,1.83,8.97,106.23,null,null
9,0.95,0.023,0.069,1.011,-1.89,-2.47,110.08,null,null
10,0.95,0.043,0.113,0.923,16.42,0.06,95.92,null,null
11,0.95,0.037,0.168,0.934,26.95,12.67,89.51,null,null
12,0.95,0.044,0.144,1.025,7.02,12.94,126.47,null,null
13,0.95,0.015,0.098,0.956,2.41,-5.4,151.25,null,null
14,0.95,0.033,0.01,0.963,13.79,-11.08,155.86,null,null
15,0.95,0.08,0.03,0.99,44.5,3.75,142.58,null,null
16,0.95,0.215,-0.042,0.934,57.34,2.11,116.95,null,null
17,0.95,0.153,-0.106,0.963,-5.13,-11.38,130.31,null,null
18,0.95,0.02,-0.12,1.039,12.7,7.32,115.12,null,null
19,0.95,0.191,-0.159,1.014,10.35,-12.48,114.02,null,null
0,0.95,-0.037,0.124,0.963,21.85,-23.32,61.43,null,null
1,0.95,-0.037,0.115,0.973,16.42,-23.16,71.57,null,null
2,0.95,-0.012,0.115,0.951,21.67,-12.05,84.02,null,null
3,0.95,-0.041,0.061,1.01,22.64,-14.65,100.62,null,null
4,0.95,0.021,-0.009,1.039,22.49,-17.12,113.32,null,null
5,0.95,0.089,-0.09,0.995,31.19,-12.63,111.45,null,null
6,0.95,0.058,-0.063,0.969,42.97,2.47,88.99,null,null
7,0.95,0.07,0.052,0.971,34.49,19.96,85.54,null,null
8,0.95,0.13,-0.011,0.987,9.98,-6.9,123.39,null,null
9,0.95,0.144,-0.089,0.946,18.77,-9.28,108.13,null,null
10,0.95,0.262,-0.006,0.953,19.41,13.12,78.31,null,null
11,0.95,0.205,0.042,1.004,5.68,6.23,92.72,null,null
12,0.95,0.184,-0.042,1.025,12.24,-11.08,112.13,null,null
13,0.95,0.151,-0.05,1.009,18.1,-19.01,114.66,null,null
14,0.95,0.151,-0.107,0.987,14.28,-28.9,137.7,null,null
15,0.95,0.196,-0.236,0.921,11.66,-35.86,147.31,null,null
16,0.95,0.259,-0.307,0.95,63.66,-16.36,106.66,null,null
17,0.95,0.343,-0.257,0.937,40.31,-35.04,103.15,null,null
18,0.95,0.377,-0.276,0.885,25.76,-36.59,84.6,null,null
19,0.95,0.387,-0.239,0.813,40.44,8.61,43.31,null,null
0,0.95,-0.083,0.288,0.997,25.33,-5.43,60.46,null,null
1,0.95,-0.024,0.193,0.982,19.71,-3.17,68.64,null,null
2,0.95,-0.0,0.203,0.938,11.32,-9.25,82.83,null,null
3,0.95,0.036,0.182,0.923,13.37,-3.72,88.56,null,null
4,0.95,0.023,0.199,0.965,13.03,0.85,89.88,null,null
5,0.95,0.032,0.273,0.983,16.88,-8.67,108.8,null,null
6,0.95,0.099,0.153,0.995,33.2,-11.08,125.58,null,null
7,0.95,0.134,0.049,0.966,26.7,-7.97,113.01,null,null
8,0.95,0.196,0.055,0.974,31.13,15.2,70.65,null,null
9,0.95,0.126,0.063,0.994,29.42,15.08,82.74,null,null
10,0.95,0.123,0.132,0.974,0.67,-5.04,124.58,null,null
11,0.95,0.053,-0.034,0.953,23.44,-10.86,127.87,null,null
12,0.95,0.203,-0.03,0.964,43.73,10.13,118.2,null,null
13,0.95,0.231,-0.054,0.979,38.09,15.53,119.27,null,null
14,0.95,0.293,-0.136,1.049,15.14,0.4,123.78,null,null
15,0.95,0.196,-0.083,1.048,10.53,-18.89,115.15,null,null
16,0.95,0.213,-0.224,0.97,-24.87,-53.07,156.71,null,null
17,0.95,0.283,-0.38,0.882,20.05,-63.51,139.56,null,null
18,0.95,0.354,-0.427,0.791,50.72,-54.96,103.43,null,null
19,0.95,0.476,-0.455,0.784,73.0,-19.29,61.28,null,null
0,0.95,0.075,0.44,0.926,27.86,-18.52,33.81,null,null
1,0.95,0.091,0.458,0.886,25.97,-8.33,54.87,null,null
2,0.95,0.132,0.433,0.864,22.68,19.65,72.88,null,null
3,0.95,0.149,0.36,0.948,29.73,23.04,72.27,null,null
4,0.95,0.111,0.371,0.895,30.58,18.71,76.69,null,null
5,0.95,0.156,0.275,0.936,17.67,21.36,91.13,null,null
6,0.95,0.161,0.199,0.964,16.88,29.08,85.39,null,null
7,0.95,0.183,0.162,0.996,-9.0,35.07,100.68,null,null
8,0.95,0.204,0.115,0.993,6.65,17.67,85.12,null,null
9,0.95,0.233,0.14,0.944,13.28,7.63,71.17,null,null
10,0.95,0.178,0.245,0.945,14.25,18.86,76.85,null,null
11,0.95,0.193,0.208,0.922,3.91,6.71,101.29,null,null
12,0.95,0.124,0.164,0.922,-22.89,-0.82,140.39,null,null
13,0.95,0.194,-0.056,1.018,7.35,-12.45,146.95,null,null
14,0.95,0.233,-0.174,0.942,7.63,-56.67,162.85,null,null
15,0.95,0.293,-0.274,0.893,24.26,-57.65,162.33,null,null
16,0.95,0.31,-0.334,0.922,39.58,-45.87,146.67,null,null
17,0.95,0.346,-0.431,0.903,61.89,-49.13,117.04,null,null
18,0.95,0.266,-0.399,0.897,83.74,-31.86,106.2,null,null
19,0.95,0.378,-0.494,0.804,72.6,-33.57,83.8,null,null
0,0.95,0.209,0.052,0.45,33.36,160.25,397.75,null,null
1,0.95,0.784,-0.816,0.669,114.99,59.85,225.78,null,null
2,0.95,1.005,-1.343,0.624,15.59,-40.74,17.3,null,null
3,0.95,0.724,-0.954,0.458,-66.99,-73.73,-195.07,null,null
4,0.95,0.443,-0.259,0.421,-78.13,-70.35,-337.2,null,null
5,0.95,0.007,1.316,-0.008,13.03,-124.36,-339.76,null,null
6,0.95,-0.332,2.28,-0.54,7.2,31.43,78.68,null,null
7,0.95,0.261,0.49,0.366,54.93,148.72,311.84,null,null
8,0.95,0.527,-0.311,0.616,52.8,93.48,299.23,null,null
9,0.95,0.996,-1.368,0.766,18.65,14.53,107.09,null,null
10,0.95,0.844,-0.982,0.426,-21.03,-34.64,-152.5,null,null
11,0.95,0.52,-0.315,0.553,-74.37,-30.67,-276.89,null,null
12,0.95,0.1,1.409,0.398,-11.47,-84.81,-264.63,null,null
13,0.95,0.097,1.969,-0.275,35.31,4.7,40.93,null,null
14,0.95,0.173,0.726,0.299,42.45,128.54,275.92,null,null
15,0.95,0.601,-0.67,0.775,1.37,35.37,310.86,null,null
16,0.95,0.805,-1.397,0.709,-37.2,13.49,123.48,null,null
17,0.95,0.703,-1.046,0.513,-54.05,13.82,-133.3,null,null
18,0.95,0.49,-0.556,0.78,-84.32,25.51,-303.29,null,null
19,0.95,0.042,0.992,0.681,-1.77,-57.07,-310.22,null,null
0,0.95,0.011,1.106,0.638,-18.98,-48.71,-324.56,null,null
1,0.95,0.294,1.679,0.224,-9.77,-40.96,-99.8,null,null
2,0.95,0.153,1.787,0.137,65.89,25.12,75.29,null,null
3,0.95,0.084,0.575,0.521,82.98,94.88,310.53,null,null
4,0.95,0.553,-0.719,0.655,18.22,8.82,306.38,null,null
5,0.95,0.888,-1.203,0.537,21.27,-13.61,31.13,null,null
6,0.95,0.72,-0.853,0.437,-64.15,-20.57,-192.48,null,null
7,0.95,0.218,0.425,0.735,-38.12,-56.55,-337.99,null,null
8,0.95,0.271,1.48,0.389,-95.98,-100.59,-183.45,null,null
9,0.95,0.081,2.019,-0.344,29.15,16.17,55.06,null,null
10,0.95,0.15,1.011,0.199,71.47,138.1,249.0,null,null
11,0.95,0.388,-0.064,0.71,28.63,84.05,299.54,null,null
12,0.95,0.8,-1.008,0.606,26.64,-21.03,163.3,null,null
13,0.95,0.841,-1.084,0.458,-20.97,-0.89,-76.75,null,null
14,0.95,0.436,-0.465,0.658,-76.3,5.31,-287.27,null,null
15,0.95,0.167,0.768,0.78,-57.62,-54.54,-298.38,null,null
16,0.95,0.305,1.537,0.223,-35.46,-81.27,-134.98,null,null
17,0.95,0.26,1.834,-0.023,38.39,41.23,85.36,null,null
18,0.95,0.157,0.898,0.601,71.44,131.44,274.61,null,null
19,0.95,0.301,-0.351,0.734,37.69,1.22,315.47,null,null
0,0.95,0.701,-1.029,0.443,-24.23,-22.89,-149.17,null,null
1,0.95,0.415,-0.492,0.613,-105.78,-36.77,-298.9,null,null
2,0.95,-0.02,1.137,0.746,-47.58,-69.95,-320.81,null,null
3,0.95,-0.087,2.469,-0.181,31.07,-30.0,-77.15,null,null
4,0.95,-0.25,1.278,0.199,46.91,129.46,336.07,null,null
5,0.95,0.241,-0.435,0.596,36.87,41.81,353.13,null,null
6,0.95,0.782,-1.223,0.588,16.24,-1.37,175.15,null,null
7,0.95,0.764,-1.001,0.453,-6.71,7.81,-159.15,null,null
8,0.95,0.516,-0.458,0.688,-23.56,-1.46,-298.17,null,null
9,0.95,0.194,0.772,0.568,-6.9,-57.53,-313.09,null,null
10,0.95,-0.007,2.032,0.017,49.38,-44.71,-157.44,null,null
11,0.95,-0.082,1.418,0.191,45.38,91.53,230.99,null,null
12,0.95,0.198,-0.043,0.773,35.04,96.59,364.97,null,null
13,0.95,1.116,-1.288,0.673,63.39,-10.44,113.13,null,null
14,0.95,0.878,-0.876,0.452,-16.72,-52.13,-150.49,null,null
15,0.95,0.657,-0.025,0.365,-77.94,-65.61,-245.74,null,null
16,0.95,0.193,1.253,0.534,-3.6,-76.2,-252.78,null,null
17,0.95,-0.166,1.856,-0.183,23.9,31.28,76.36,null,null
18,0.95,0.016,0.665,0.512,56.34,154.42,289.25,null,null
19,0.95,0.642,-0.892,0.929,-15.99,45.29,335.22,null,null
0,0.95,0.65,-0.529,0.648,-79.23,-12.09,-190.92,null,null
1,0.95,0.276,0.737,0.708,-81.76,-7.93,-255.9,null,null
2,0.95,0.51,1.52,0.419,-44.4,-23.32,-64.18,null,null
3,0.95,0.406,1.405,0.441,58.53,23.87,98.48,null,null
4,0.95,0.13,0.623,0.674,99.55,75.93,229.07,null,null
5,0.95,0.694,-0.893,0.876,21.64,8.55,246.74,null,null
6,0.95,0.963,-1.147,0.714,19.17,-9.46,-22.13,null,null
7,0.95,0.573,-0.433,0.715,-67.57,-25.79,-194.31,null,null
8,0.95,0.272,0.304,0.673,-80.94,-35.86,-250.98,null,null
9,0.95,0.42,1.223,0.745,-67.14,-71.75,-160.16,null,null
10,0.95,0.193,1.674,0.128,41.44,-34.52,-9.86,null,null
11,0.95,0.205,1.022,0.37,74.1,82.86,163.98,null,null
12,0.95,0.352,0.231,0.82,45.01,88.26,248.42,null,null
13,0.95,0.847,-0.611,0.704,45.01,27.53,123.05,null,null
14,0.95,0.954,-0.829,0.641,-17.27,-16.54,-41.96,null,null
15,0.95,0.564,-0.379,0.574,-59.08,-27.1,-217.57,null,null
16,0.95,0.069,0.938,0.524,-13.73,-27.44,-323.16,null,null
17,0.95,-0.044,1.833,0.575,15.29,0.85,-109.87,null,null
18,0.95,-0.06,1.319,0.492,22.13,60.73,227.0,null,null
19,0.95,0.113,0.059,0.821,39.43,67.08,351.48,null,null
0,0.95,0.791,-0.877,0.518,-38.21,-30.52,-87.53,null,null
1,0.95,0.469,-0.474,0.694,-119.66,-6.41,-258.31,null,null
2,0.95,0.006,0.968,0.712,-54.84,-48.92,-318.09,null,null
3,0.95,0.038,1.757,0.62,4.18,-40.04,-166.69,null,null
4,0.95,0.024,1.607,0.359,41.47,36.26,154.52,null,null
5,0.95,0.046,0.527,0.799,62.35,66.65,320.99,null,null
6,0.95,0.706,-0.886,0.763,26.43,-32.84,288.49,null,null
7,0.95,0.884,-0.982,0.371,10.68,-62.5,-56.83,null,null
8,0.95,0.702,-0.667,0.259,-101.29,-25.7,-180.18,null,null
9,0.95,0.392,0.219,0.996,-92.14,-14.28,-308.82,null,null
10,0.95,-0.088,1.718,0.396,-12.05,-78.68,-214.64,null,null
11,0.95,-0.055,1.727,0.017,22.52,35.83,82.71,null,null
12,0.95,0.323,0.918,0.602,99.73,93.51,226.54,null,null
13,0.95,0.463,0.034,0.663,93.42,51.0,275.19,null,null
14,0.95,0.834,-0.966,0.603,60.64,13.61,134.37,null,null
15,0.95,0.861,-0.994,0.472,-27.71,-6.56,-75.69,null,null
16,0.95,0.508,-0.471,0.617,-104.4,10.99,-287.21,null,null
17,0.95,0.052,1.073,0.669,-71.66,-23.99,-300.12,null,null
18,0.95,-0.136,2.201,0.424,26.4,-29.97,-109.93,null,null
19,0.95,-0.08,1.305,0.413,75.75,78.01,247.6,null,null
0,0.95,1.025,-1.168,0.614,73.7,-25.48,191.63,null,null
1,0.95,0.885,-0.9,0.23,-22.34,-2.44,-88.63,null,null
2,0.95,0.578,-0.287,0.694,-98.03,12.97,-217.29,null,null
3,0.95,0.245,1.02,0.75,-4.88,-87.92,-283.21,null,null
4,0.95,0.127,1.876,-0.048,4.15,-15.17,-22.19,null,null
5,0.95,0.145,1.147,0.368,47.03,119.6,225.59,null,null
6,0.95,0.428,-0.389,0.76,-31.98,60.43,365.43,null,null
7,0.95,0.839,-1.04,0.634,-33.63,15.05,44.68,null,null
8,0.95,0.539,-0.655,0.591,-75.11,11.26,-168.22,null,null
9,0.95,0.268,0.387,0.77,-67.75,13.82,-308.57,null,null
10,0.95,0.553,1.358,0.833,-61.71,-31.04,-145.76,null,null
11,0.95,0.475,1.482,0.472,31.8,-9.58,96.62,null,null
12,0.95,0.274,0.781,0.687,104.5,27.53,221.5,null,null
13,0.95,0.508,-0.584,0.671,5.95,-18.43,285.96,null,null
14,0.95,0.775,-1.118,0.439,-30.58,-3.88,82.95,null,null
15,0.95,0.641,-0.781,0.457,-58.11,16.75,-136.66,null,null
16,0.95,0.365,0.077,0.647,-72.57,39.52,-234.05,null,null
17,0.95,0.603,1.04,0.716,-85.51,2.44,-141.58,null,null
18,0.95,0.529,1.868,0.52,35.13,18.65,1.83,null,null
19,0.95,0.236,0.857,0.828,87.1,22.13,248.57,null,null
0,0.95,0.795,-1.295,0.283,-18.37,0.37,-30.15,null,null
1,0.95,0.448,-0.643,0.684,-56.18,29.3,-213.54,null,null
2,0.95,0.094,0.368,0.877,-22.37,33.11,-314.77,null,null
3,0.95,0.269,1.765,0.469,-4.3,-19.44,-172.92,null,null
4,0.95,0.239,1.591,0.603,62.11,28.17,104.19,null,null
5,0.95,0.091,0.532,0.883,86.12,56.06,286.14,null,null
6,0.95,0.604,-0.936,0.517,18.37,-60.76,288.52,null,null
7,0.95,0.909,-1.266,0.254,-29.15,-5.37,-21.79,null,null
8,0.95,0.566,-0.68,0.679,-77.88,42.05,-215.31,null,null
9,0.95,0.185,0.419,0.819,-23.62,16.79,-322.4,null,null
10,0.95,0.19,1.966,0.421,5.65,-5.89,-123.75,null,null
11,0.95,0.213,1.246,0.669,56.67,49.9,183.39,null,null
12,0.95,0.253,-0.001,0.792,44.92,29.69,317.15,null,null
13,0.95,0.943,-1.016,0.501,54.38,-5.52,143.53,null,null
14,0.95,0.775,-0.869,0.472,-25.27,0.85,-71.08,null,null
15,0.95,0.467,-0.48,0.634,-91.71,21.64,-187.26,null,null
16,0.95,0.152,0.384,0.802,-88.02,17.82,-234.6,null,null
17,0.95,0.451,1.538,0.774,-67.9,3.05,-87.74,null,null
18,0.95,0.502,1.266,0.781,54.32,17.33,100.92,null,null
19,0.95,0.087,0.528,0.852,105.44,36.71,200.51,null,null
0,0.95,0.497,-0.467,0.608,46.6,-28.5,237.56,null,null
1,0.95,0.928,-1.236,0.266,5.65,-46.08,0.24,null,null
2,0.95,0.567,-0.614,0.33,-92.59,7.57,-210.15,null,null
3,0.95,0.231,0.411,0.618,-67.81,14.77,-319.41,null,null
4,0.95,0.101,1.658,0.834,-59.3,-14.59,-188.02,null,null
5,0.95,0.206,1.734,0.435,33.33,17.49,127.87,null,null
6,0.95,0.106,0.779,0.685,81.91,27.83,281.44,null,null
7,0.95,0.439,-0.47,0.44,56.12,12.42,280.59,null,null
8,0.95,0.904,-1.105,0.401,23.53,-7.66,132.36,null,null
9,0.95,0.687,-0.83,0.508,-25.12,8.91,-144.99,null,null
10,0.95,0.365,-0.41,0.636,-85.76,1.34,-229.77,null,null
11,0.95,0.111,1.059,0.759,-42.6,-28.69,-312.3,null,null
12,0.95,0.209,1.801,0.274,-0.46,-56.37,-132.08,null,null
13,0.95,0.014,1.58,0.226,52.89,62.69,117.83,null,null
14,0.95,0.004,0.688,0.698,78.43,114.69,275.4,null,null
15,0.95,0.766,-0.758,0.922,19.47,0.06,271.86,null,null
16,0.95,1.025,-1.083,0.471,-2.72,-37.39,20.05,null,null
17,0.95,0.751,-0.566,0.36,-88.9,-31.77,-168.13,null,null
18,0.95,0.144,0.52,0.742,-44.59,-5.34,-336.07,null,null
19,0.95,0.146,1.585,0.415,-17.43,-63.81,-169.19,null,null
0,0.95,0.045,1.262,0.416,51.58,87.44,258.52,null,null
1,0.95,0.391,-0.451,0.701,4.0,23.26,369.58,null,null
2,0.95,0.939,-1.095,0.509,11.05,-1.77,127.41,null,null
3,0.95,0.77,-0.826,0.51,-22.1,-18.8,-125.64,null,null
4,0.95,0.617,-0.232,0.575,-68.54,-19.62,-242.38,null,null
5,0.95,0.444,0.701,0.748,-68.85,-33.97,-251.9,null,null
6,0.95,0.196,1.36,0.097,-27.47,-52.46,-124.73,null,null
7,0.95,-0.056,1.768,0.124,41.17,87.53,148.53,null,null
8,0.95,-0.051,0.371,0.847,15.99,131.93,393.23,null,null
9,0.95,0.987,-1.275,0.574,50.42,-9.19,246.53,null,null
10,0.95,0.986,-1.147,0.306,-11.32,-20.26,-150.58,null,null
11,0.95,0.295,-0.012,0.538,-54.57,-39.06,-328.9,null,null
12,0.95,0.257,1.169,0.44,-86.64,-59.82,-197.88,null,null
13,0.95,-0.12,2.196,0.172,15.72,19.96,-22.46,null,null
14,0.95,-0.049,0.996,0.516,55.27,125.58,290.48,null,null
15,0.95,0.569,-0.782,0.736,12.39,9.83,339.24,null,null
16,0.95,0.938,-1.248,0.5,-31.25,7.93,146.37,null,null
17,0.95,0.764,-0.905,0.49,-58.84,25.3,-162.88,null,null
18,0.95,0.231,-0.047,0.82,-27.86,-7.05,-361.8,null,null
19,0.95,0.236,1.43,0.611,-79.47,-74.98,-171.67,null,null
0,0.95,-0.063,1.338,0.59,87.22,49.59,229.96,null,null
1,0.95,-0.043,-0.032,0.652,89.24,49.26,342.27,null,null
2,0.95,0.86,-1.324,0.509,51.39,-2.99,166.45,null,null
3,0.95,0.92,-1.221,0.392,-35.58,-3.42,-113.77,null,null
4,0.95,0.185,-0.369,0.571,-90.12,19.38,-326.21,null,null
5,0.95,0.049,1.176,0.654,-135.84,-7.26,-236.98,null,null
6,0.95,0.221,2.395,0.837,-11.05,13.21,-24.84,null,null
7,0.95,0.036,1.165,0.812,108.8,0.67,235.91,null,null
8,0.95,-0.107,-0.057,0.614,84.44,-3.75,351.36,null,null
9,0.95,0.894,-1.781,0.422,9.61,-68.64,205.51,null,null
10,0.95,0.689,-1.116,0.227,-31.62,-0.4,-144.2,null,null
11,0.95,0.124,-0.269,0.5,-107.15,41.63,-280.89,null,null
12,0.95,0.321,1.288,0.7,-108.98,67.35,-234.44,null,null
13,0.95,0.384,1.944,1.259,26.7,22.58,-44.22,null,null
14,0.95,0.118,1.183,0.78,148.35,0.27,166.72,null,null
15,0.95,0.014,-0.165,0.639,53.8,-2.11,352.76,null,null
16,0.95,0.849,-1.569,0.359,44.53,-38.21,174.08,null,null
17,0.95,0.672,-1.308,0.238,-70.89,17.15,-196.05,null,null
18,0.95,-0.401,0.054,1.058,-33.11,56.03,-451.67,null,null
19,0.95,0.063,1.797,0.897,-81.85,4.09,-159.67,null,null
0,0.95,0.287,1.851,0.945,40.93,-43.76,57.13,null,null
1,0.95,-0.006,1.089,0.672,92.87,-24.14,233.19,null,null
2,0.95,0.073,0.093,0.249,88.87,6.87,307.93,null,null
3,0.95,0.803,-1.203,0.331,19.68,-5.98,195.01,null,null
4,0.95,0.834,-1.069,0.389,-38.79,10.25,-98.51,null,null
5,0.95,0.414,-0.442,0.562,-88.38,8.27,-271.77,null,null
6,0.95,-0.128,1.042,0.449,-20.69,-12.3,-344.58,null,null
7,0.95,0.054,2.198,0.776,20.08,16.24,-156.35,null,null
8,0.95,0.132,1.629,0.53,70.47,15.99,143.99,null,null
9,0.95,0.083,0.614,0.573,109.96,15.44,283.15,null,null
10,0.95,0.499,-0.643,0.547,52.71,-20.29,290.75,null,null
11,0.95,0.85,-1.268,0.352,6.41,2.66,92.44,null,null
12,0.95,0.673,-0.886,0.309,-90.49,29.63,-214.15,null,null
13,0.95,-0.007,0.001,0.572,-90.82,74.13,-391.19,null,null
14,0.95,-0.007,1.81,0.621,-137.06,-46.17,-188.54,null,null
15,0.95,-0.144,2.101,0.53,-16.14,13.89,115.94,null,null
16,0.95,0.02,0.757,0.754,39.55,52.86,317.58,null,null
17,0.95,0.422,-0.541,0.66,-1.22,-52.61,330.06,null,null
18,0.95,0.779,-1.068,0.393,-16.02,-16.39,128.45,null,null
19,0.95,0.721,-0.875,0.357,-61.92,0.0,-112.58,null,null
0,0.95,0.894,-0.951,0.445,10.83,-4.33,-2.01,null,null
1,0.95,0.767,-0.612,0.451,-38.97,-10.41,-173.22,null,null
2,0.95,0.352,0.995,0.358,-7.29,-42.27,-237.07,null,null
3,0.95,0.309,1.298,0.267,-8.18,-55.3,-119.14,null,null
4,0.95,0.264,1.479,0.083,29.05,-8.06,-60.61,null,null
5,0.95,0.05,1.181,0.32,57.19,143.16,300.18,null,null
6,0.95,0.569,-1.093,0.791,-73.58,-21.85,406.29,null,null
7,0.95,0.927,-1.176,0.453,-29.91,-14.62,-11.66,null,null
8,0.95,0.669,-0.811,0.642,-79.5,-7.63,-134.71,null,null
9,0.95,0.409,-0.381,0.804,-49.26,-17.64,-320.51,null,null
10,0.95,0.23,1.07,0.419,-86.79,-96.35,-241.37,null,null
11,0.95,0.203,1.927,-0.244,30.55,-60.46,-97.11,null,null
12,0.95,0.054,1.552,-0.099,94.85,93.91,159.31,null,null
13,0.95,0.189,0.285,0.787,93.87,130.74,317.67,null,null
14,0.95,0.985,-1.101,0.615,144.54,-35.58,168.71,null,null
15,0.95,0.988,-1.217,0.388,-19.32,-36.07,-15.35,null,null
16,0.95,0.669,-0.852,0.51,-141.45,-64.03,-269.26,null,null
17,0.95,-0.007,1.235,0.559,-138.95,-116.79,-289.25,null,null
18,0.95,-0.04,2.534,-0.847,48.68,-48.68,-82.37,null,null
19,0.95,0.087,1.062,0.02,102.24,193.4,228.03,null,null
0,0.95,0.266,1.067,0.517,-54.93,-87.92,-258.25,null,null
1,0.95,0.235,1.735,0.181,15.14,-54.38,-143.31,null,null
2,0.95,0.26,1.436,0.091,35.31,83.35,129.31,null,null
3,0.95,0.257,0.538,0.674,60.52,122.56,294.11,null,null
4,0.95,0.67,-0.722,0.874,52.03,21.85,257.97,null,null
5,0.95,0.954,-1.023,0.434,-19.17,-21.97,-43.46,null,null
6,0.95,0.648,-0.57,0.473,-122.35,-27.19,-214.39,null,null
7,0.95,0.156,0.976,0.615,-79.35,-116.0,-312.08,null,null
8,0.95,0.249,1.731,0.109,-82.55,-65.95,-139.38,null,null
9,0.95,0.108,1.675,0.27,14.19,52.98,149.08,null,null
10,0.95,0.136,0.699,0.838,63.66,104.5,315.07,null,null
11,0.95,0.577,-0.856,0.873,39.46,-12.91,293.19,null,null
12,0.95,0.914,-1.243,0.386,-12.85,-52.89,51.18,null,null
13,0.95,0.662,-0.833,0.31,-126.93,-3.11,-172.95,null,null
14,0.95,0.099,0.218,0.75,-78.89,6.78,-337.05,null,null
15,0.95,-0.052,1.805,0.455,-30.12,-50.72,-236.82,null,null
16,0.95,0.24,1.888,0.404,10.16,42.39,157.51,null,null
17,0.95,0.08,0.608,0.765,99.92,35.62,313.27,null,null
18,0.95,0.384,-0.927,0.867,50.81,-22.55,341.53,null,null
19,0.95,0.767,-1.194,0.433,15.29,-21.61,111.82,null,null
0,0.95,-0.032,2.066,0.461,-6.53,7.57,133.06,null,null
1,0.95,-0.318,0.851,0.728,48.55,68.36,361.67,null,null
2,0.95,0.123,-0.971,0.536,-16.14,-15.93,394.27,null,null
3,0.95,0.826,-1.537,0.571,-16.91,10.41,76.08,null,null
4,0.95,0.461,-0.886,0.706,-50.08,20.23,-198.25,null,null
5,0.95,-0.117,-0.262,0.798,-36.26,12.02,-364.6,null,null
6,0.95,0.102,1.296,0.809,-68.33,-14.56,-248.88,null,null
7,0.95,0.274,1.981,0.735,13.92,-18.98,39.25,null,null
8,0.95,0.027,1.216,0.638,78.83,30.15,254.13,null,null
9,0.95,-0.036,-0.104,0.513,14.98,25.64,345.29,null,null
10,0.95,0.659,-1.355,0.514,-6.16,25.76,168.92,null,null
11,0.95,0.57,-1.004,0.838,1.71,23.44,-173.59,null,null
12,0.95,-0.056,-0.171,0.714,33.36,-19.93,-362.13,null,null
13,0.95,0.158,1.272,0.262,-92.1,-18.92,-223.24,null,null
14,0.95,0.122,2.239,1.092,-1.07,36.59,20.6,null,null
15,0.95,0.055,1.151,0.642,81.51,21.91,232.55,null,null
16,0.95,0.075,-0.194,0.563,17.73,6.13,337.69,null,null
17,0.95,0.867,-1.341,0.553,-3.14,-6.26,110.05,null,null
18,0.95,0.552,-0.862,0.626,-27.53,18.16,-158.48,null,null
19,0.95,-0.034,-0.053,0.676,-21.15,14.68,-347.64,null,null
0,0.95,0.243,2.207,1.255,11.26,37.23,-29.63,null,null
1,0.95,-0.085,1.479,1.001,109.5,-10.35,169.16,null,null
2,0.95,-0.17,0.23,0.629,81.12,-13.52,315.53,null,null
3,0.95,0.543,-1.048,0.614,-24.2,-80.11,272.44,null,null
4,0.95,0.765,-0.971,0.185,14.74,-24.45,-92.5,null,null
5,0.95,0.37,-0.501,0.351,-105.96,43.12,-235.18,null,null
6,0.95,-0.211,0.668,1.009,-85.27,17.43,-328.99,null,null
7,0.95,-0.117,2.34,0.622,-39.03,15.78,-58.53,null,null
8,0.95,-0.075,1.549,0.827,19.93,66.44,211.95,null,null
9,0.95,-0.418,0.275,0.864,12.42,60.55,387.16,null,null
10,0.95,0.647,-1.407,0.857,-19.38,-47.0,281.29,null,null
11,0.95,0.793,-1.07,0.632,14.92,-50.75,-132.57,null,null
12,0.95,0.093,-0.313,0.684,-31.37,-47.06,-346.14,null,null
13,0.95,-0.24,1.187,0.513,-63.81,-58.57,-298.38,null,null
14,0.95,-0.419,2.516,0.451,16.63,46.17,-21.12,null,null
15,0.95,-0.202,1.147,0.765,39.86,104.22,324.75,null,null
16,0.95,-0.135,-0.388,0.745,-14.62,45.32,446.27,null,null
17,0.95,0.966,-1.509,0.512,22.8,-29.48,80.14,null,null
18,0.95,0.565,-0.829,0.548,-73.98,-28.44,-229.96,null,null
19,0.95,-0.167,0.24,0.822,-32.99,-65.1,-401.59,null,null
0,0.95,0.313,0.798,0.546,35.07,6.41,-48.07,null,null
1,0.95,0.253,0.918,0.688,10.65,8.67,2.62,null,null
2,0.95,0.773,1.353,0.186,40.65,10.32,65.22,null,null
3,0.95,1.281,1.236,0.055,-89.45,114.57,154.21,null,null
4,0.95,0.275,0.15,0.181,-126.04,4.82,37.6,null,null
5,0.95,-1.537,-0.069,0.753,-214.88,132.27,-106.69,null,null
6,0.95,-0.43,0.634,1.191,-60.95,-9.25,-71.32,null,null
7,0.95,-0.105,-0.113,0.973,11.54,3.11,15.29,null,null
8,0.95,-0.349,0.111,1.071,1.01,-13.43,37.05,null,null
9,0.95,-0.232,0.22,0.956,31.86,-32.41,38.64,null,null
10,0.95,-0.239,0.395,0.886,41.32,-40.1,23.26,null,null
11,0.95,0.244,0.323,0.642,22.98,-109.1,60.52,null,null
12,0.95,1.055,0.442,0.368,129.0,-55.48,-165.29,null,null
13,0.95,0.823,1.211,0.282,73.76,-83.01,-166.75,null,null
14,0.95,0.481,1.166,0.339,18.74,-13.25,12.21,null,null
15,0.95,0.452,0.896,0.429,22.89,21.94,79.53,null,null
16,0.95,0.799,0.914,0.285,-23.32,61.77,55.18,null,null
17,0.95,1.086,0.635,0.317,-31.43,40.71,102.11,null,null
18,0.95,0.001,0.169,0.458,-93.26,77.64,-111.82,null,null
19,0.95,-2.087,-0.504,1.426,-268.5,306.56,-142.43,null,null
0,0.95,-1.497,0.193,0.863,-161.66,142.4,-171.91,null,null
1,0.95,-0.373,0.759,1.107,45.38,14.37,-127.48,null,null
2,0.95,-0.127,-0.223,1.131,-4.91,-43.06,60.58,null,null
3,0.95,-0.227,0.119,1.187,36.44,28.57,24.99,null,null
4,0.95,-0.757,0.068,1.127,-9.8,-53.32,110.32,null,null
5,0.95,-0.58,0.122,0.797,63.63,-64.0,139.1,null,null
6,0.95,0.482,0.092,0.366,119.85,-76.72,109.44,null,null
7,0.95,1.116,0.28,0.261,130.83,-81.15,-228.68,null,null
8,0.95,0.56,1.697,-0.013,161.41,-61.92,-215.43,null,null
9,0.95,0.607,1.535,0.191,12.3,-8.33,34.94,null,null
10,0.95,0.587,1.155,0.26,-65.71,33.3,144.32,null,null
11,0.95,0.99,0.596,0.259,-164.98,8.79,104.25,null,null
12,0.95,0.722,0.319,0.372,-153.08,80.84,-52.22,null,null
13,0.95,-1.146,-0.179,0.345,-143.01,-81.12,-145.33,null,null
14,0.95,-0.951,-0.479,2.352,-159.86,72.18,-154.64,null,null
15,0.95,-0.234,-0.431,1.048,-96.9,-73.92,113.41,null,null
16,0.95,-0.306,-0.046,1.212,-4.88,49.17,29.33,null,null
17,0.95,-0.514,-0.145,1.109,17.0,-79.62,97.87,null,null
18,0.95,-0.535,0.051,0.99,63.72,-74.34,87.13,null,null
19,0.95,0.057,0.098,0.593,37.48,-190.95,82.25,null,null
0,0.95,0.865,0.454,0.926,-156.83,30.85,28.75,null,null
1,0.95,0.139,0.263,0.714,-74.53,83.53,-130.62,null,null
2,0.95,-2.065,-0.193,0.371,-95.65,193.15,-248.79,null,null
3,0.95,-0.355,1.67,1.089,-69.46,55.79,-105.66,null,null
4,0.95,-0.455,-0.077,0.592,-63.14,-86.28,65.0,null,null
5,0.95,-0.808,-0.224,1.043,-5.52,-65.07,82.25,null,null
6,0.95,-0.771,-0.046,0.747,76.39,-120.52,118.2,null,null
7,0.95,0.079,0.366,0.564,84.41,-152.2,65.28,null,null
8,0.95,1.054,0.258,0.256,154.03,-63.66,-103.0,null,null
9,0.95,0.963,1.163,0.394,89.02,-6.65,-181.52,null,null
10,0.95,0.667,1.286,0.694,-50.94,11.6,75.11,null,null
11,0.95,0.95,0.623,0.365,-69.06,22.61,64.03,null,null
12,0.95,0.466,0.634,0.682,-24.14,56.64,-11.32,null,null
13,0.95,-0.182,-0.166,0.417,-102.11,-59.57,-70.56,null,null
14,0.95,-2.022,-0.104,1.648,-188.6,341.01,-287.36,null,null
15,0.95,-0.53,0.11,1.07,-29.33,-76.85,158.94,null,null
16,0.95,-0.341,-0.166,0.949,-23.13,148.05,6.07,null,null
17,0.95,-0.725,-0.213,0.908,-37.57,-66.16,65.13,null,null
18,0.95,-0.584,0.017,0.741,27.22,-98.39,95.13,null,null
19,0.95,-0.165,0.207,0.539,61.28,-131.66,141.85,null,null
0,0.95,0.471,0.835,0.807,-37.72,-9.28,132.45,null,null
1,0.95,0.833,0.644,0.534,-32.93,-51.45,84.72,null,null
2,0.95,0.547,0.58,0.563,-75.78,61.77,0.43,null,null
3,0.95,-0.92,-0.183,0.215,-106.3,4.94,-132.79,null,null
4,0.95,-1.026,0.617,1.748,24.69,72.85,-198.95,null,null
5,0.95,-0.49,-0.402,0.853,-5.07,-64.21,107.91,null,null
6,0.95,-0.566,-0.122,1.332,14.83,26.37,34.88,null,null
7,0.95,-0.738,0.163,0.889,19.71,-29.39,75.14,null,null
8,0.95,-0.603,0.302,0.711,58.99,-75.32,108.43,null,null
9,0.95,0.275,0.265,0.49,104.13,-93.36,42.36,null,null
10,0.95,0.817,0.694,0.421,285.1,-117.98,-239.27,null,null
11,0.95,0.831,1.865,0.206,26.76,7.57,-43.0,null,null
12,0.95,0.504,1.039,0.294,-36.38,39.52,118.44,null,null
13,0.95,0.591,0.558,0.436,-64.64,50.26,107.15,null,null
14,0.95,0.451,0.28,0.431,-114.35,109.87,16.21,null,null
15,0.95,-0.401,-0.061,0.598,-216.8,-50.57,-47.36,null,null
16,0.95,-1.553,-0.105,1.543,-115.09,193.18,-201.09,null,null
17,0.95,-0.539,0.103,1.081,-12.67,-10.86,128.06,null,null
18,0.95,-0.661,-0.171,1.044,35.16,-41.81,147.25,null,null
19,0.95,-0.53,0.016,0.979,33.3,-58.35,100.53,null,null
0,0.95,-0.62,-0.057,1.139,0.21,-27.74,78.16,null,null
1,0.95,-0.719,0.197,0.918,47.43,-42.18,79.81,null,null
2,0.95,-0.245,0.226,0.707,15.59,-138.86,78.25,null,null
3,0.95,0.587,0.111,0.516,132.15,-108.95,-60.49,null,null
4,0.95,0.832,0.876,0.623,52.22,10.44,-261.73,null,null
5,0.95,0.739,1.345,0.901,-22.0,14.44,34.61,null,null
6,0.95,0.629,0.742,0.481,-39.28,15.47,156.9,null,null
7,0.95,0.704,0.304,0.674,-62.2,30.49,67.51,null,null
8,0.95,0.152,0.362,0.73,-65.31,87.98,-16.6,null,null
9,0.95,-1.115,-0.17,0.504,-138.74,-0.7,-145.24,null,null
10,0.95,-1.059,0.234,1.718,83.99,106.11,-209.2,null,null
11,0.95,-0.411,-0.271,1.178,-88.26,-70.38,159.92,null,null
12,0.95,-0.666,0.026,0.802,-55.09,108.25,61.89,null,null
13,0.95,-0.725,0.045,0.779,26.86,-6.84,97.14,null,null
14,0.95,-0.286,0.231,0.557,113.9,-100.99,83.1,null,null
15,0.95,0.571,0.144,0.557,194.46,-67.45,-0.06,null,null
16,0.95,0.613,1.196,0.461,218.36,-91.13,-222.08,null,null
17,0.95,0.461,1.511,0.843,-28.17,-11.81,47.64,null,null
18,0.95,0.265,1.153,0.616,-49.78,8.51,151.1,null,null
19,0.95,0.649,0.53,0.528,-111.73,-5.13,131.69,null,null
0,0.95,0.392,0.422,0.797,-93.39,29.02,-12.33,null,null
1,0.95,-0.519,-0.005,0.395,-73.85,-16.11,-124.27,null,null
2,0.95,-1.723,-0.05,1.6,-256.57,292.18,-194.77,null,null
3,0.95,-0.687,0.392,0.988,14.1,-9.58,125.86,null,null
4,0.95,-0.364,-0.365,0.94,26.73,-9.55,71.87,null,null
5,0.95,-0.829,0.101,0.891,-30.55,-3.11,57.53,null,null
6,0.95,-0.956,-0.054,0.676,55.94,-14.28,112.43,null,null
7,0.95,-0.076,0.026,0.51,68.67,13.52,40.47,null,null
8,0.95,1.001,-0.017,0.695,340.53,-126.8,-45.47,null,null
9,0.95,0.286,1.151,1.531,-89.24,50.72,-93.08,null,null
10,0.95,0.211,0.779,1.223,-76.63,-85.7,125.52,null,null
11,0.95,0.568,0.257,0.784,-73.82,-127.84,127.02,null,null
12,0.95,0.78,0.096,0.362,-18.77,6.78,14.8,null,null
13,0.95,-0.375,-0.089,0.286,86.58,107.97,-127.96,null,null
14,0.95,-2.022,0.129,1.643,-319.1,234.23,-294.69,null,null
15,0.95,-0.565,-0.088,1.047,-48.22,-11.35,191.99,null,null
16,0.95,-0.447,-0.074,0.919,-29.63,117.74,36.35,null,null
17,0.95,-0.788,-0.049,0.954,-36.81,-92.59,73.15,null,null
18,0.95,-0.566,-0.042,0.812,49.35,-71.11,80.42,null,null
19,0.95,-0.254,0.081,0.682,2.44,-61.89,103.7,null,null
0,0.95,-0.628,-0.08,0.825,20.84,-70.28,75.05,null,null
1,0.95,-0.373,0.158,0.686,101.78,-124.97,64.49,null,null
2,0.95,0.545,-0.023,0.621,149.27,-87.86,-1.22,null,null
3,0.95,0.461,0.629,0.994,233.65,-37.93,-229.93,null,null
4,0.95,0.806,1.364,0.574,0.09,-39.61,-41.72,null,null
5,0.95,0.566,1.003,0.63,-65.49,-15.93,162.63,null,null
6,0.95,0.772,0.235,0.579,-123.66,14.22,81.03,null,null
7,0.95,0.115,0.103,0.398,-1.13,144.51,-57.5,null,null
8,0.95,-1.309,-0.177,0.447,-161.08,30.92,-190.77,null,null
9,0.95,-0.782,0.813,1.318,34.55,8.51,-203.89,null,null
10,0.95,-0.461,-0.356,0.914,-29.73,-76.24,104.19,null,null
11,0.95,-0.579,-0.071,1.056,83.5,47.24,47.18,null,null
12,0.95,-1.137,0.12,0.905,-19.78,-25.09,96.22,null,null
13,0.95,-0.548,0.124,0.658,49.1,-75.11,109.16,null,null
14,0.95,0.406,-0.06,0.563,179.14,-75.05,-2.29,null,null
15,0.95,0.501,1.223,0.639,177.31,-103.06,-226.54,null,null
16,0.95,0.742,1.723,0.489,-19.2,-41.51,-17.73,null,null
17,0.95,0.49,1.096,0.306,-20.72,-16.48,160.28,null,null
18,0.95,0.6,0.508,0.63,-165.38,64.82,44.07,null,null
19,0.95,-0.012,-0.032,0.181,-19.96,-22.28,-48.4,null,null
0,0.95,-1.342,0.079,1.301,-91.49,159.43,-210.88,null,null
1,0.95,-0.404,-0.366,1.259,-97.87,-21.58,100.62,null,null
2,0.95,-0.326,0.017,0.777,-50.2,43.92,17.18,null,null
3,0.95,-0.919,0.123,0.951,94.21,-78.65,79.26,null,null
4,0.95,-0.874,0.039,0.811,106.85,-37.23,161.72,null,null
5,0.95,-0.237,0.101,0.545,77.88,-35.37,134.62,null,null
6,0.95,0.837,-0.067,0.563,293.92,-143.35,-61.92,null,null
7,0.95,0.818,1.88,0.543,-8.88,-100.28,-125.74,null,null
8,0.95,0.511,1.059,0.682,-122.99,-9.7,105.08,null,null
9,0.95,0.731,0.453,0.889,-207.95,-66.56,111.7,null,null
10,0.95,0.587,0.195,0.482,-130.04,24.32,-27.53,null,null
11,0.95,-1.031,-0.111,0.356,-125.92,63.63,-141.58,null,null
12,0.95,-1.402,-0.03,1.349,-68.18,190.28,-222.36,null,null
13,0.95,-0.503,-0.194,1.2,-74.92,18.31,76.17,null,null
14,0.95,-1.017,-0.32,0.829,52.19,22.61,83.29,null,null
15,0.95,-0.952,-0.088,0.646,80.66,-94.85,142.46,null,null
16,0.95,0.214,0.022,0.394,100.38,-111.58,141.0,null,null
17,0.95,0.568,0.148,0.36,217.87,-115.79,-251.72,null,null
18,0.95,0.385,1.987,1.227,65.4,28.44,-209.36,null,null
19,0.95,0.383,1.119,0.861,-26.34,-14.47,130.28,null,null
0,0.95,0.366,-0.04,0.365,-107.88,28.53,-34.61,null,null
1,0.95,-1.777,-0.558,0.593,-251.72,197.91,-157.99,null,null
2,0.95,-0.287,0.926,1.433,-66.29,36.38,-30.43,null,null
3,0.95,-0.667,-0.334,0.744,-13.03,-102.45,116.52,null,null
4,0.95,-0.88,-0.287,0.942,-43.34,53.53,85.27,null,null
5,0.95,-0.648,-0.005,0.595,67.57,-117.92,91.8,null,null
6,0.95,0.331,0.288,0.476,125.95,-166.3,3.54,null,null
7,0.95,0.967,1.142,0.569,114.69,-20.17,-266.03,null,null
8,0.95,0.778,1.194,0.941,-25.67,29.24,67.32,null,null
9,0.95,0.487,0.778,0.705,-74.4,87.53,108.62,null,null
10,0.95,0.634,0.316,0.767,-9.09,-49.78,71.38,null,null
11,0.95,0.267,0.17,0.462,-11.14,63.6,-18.46,null,null
12,0.95,-2.029,-0.695,0.47,-62.04,239.91,-249.46,null,null
13,0.95,-0.561,1.296,0.724,198.46,34.91,47.33,null,null
14,0.95,-0.96,-0.293,0.868,11.96,-115.05,175.97,null,null
15,0.95,-0.667,0.127,0.956,5.74,-11.66,125.19,null,null
16,0.95,-0.494,0.452,0.547,100.44,-81.61,80.23,null,null
17,0.95,0.272,0.36,0.471,134.92,-65.77,36.71,null,null
18,0.95,0.642,0.604,0.43,236.46,-127.29,-216.8,null,null
19,0.95,0.763,1.923,-0.056,-21.52,-43.34,-106.97,null,null
0,0.95,-0.652,-0.189,0.399,-43.03,46.39,-158.45,null,null
1,0.95,-1.186,0.083,1.127,-134.86,94.79,-170.48,null,null
2,0.95,-0.518,0.164,0.966,-40.83,-3.11,52.98,null,null
3,0.95,-0.413,-0.159,0.925,11.08,-8.3,28.23,null,null
4,0.95,-0.963,0.156,1.047,77.46,17.33,45.32,null,null
5,0.95,-1.269,0.103,0.823,76.57,-105.35,148.32,null,null
6,0.95,0.53,-0.085,0.393,189.31,-134.13,26.0,null,null
7,0.95,1.511,0.927,-0.066,128.7,-44.92,-156.07,null,null
8,0.95,0.912,1.371,0.428,-23.19,-19.9,59.91,null,null
9,0.95,0.793,0.787,0.532,-136.45,66.35,82.13,null,null
10,0.95,0.291,0.589,0.915,-136.6,90.79,-13.55,null,null
11,0.95,-0.066,-0.048,0.36,-80.42,-10.16,-54.17,null,null
12,0.95,-1.867,-0.303,0.782,-215.7,244.58,-209.69,null,null
13,0.95,-0.419,0.394,1.333,-30.46,40.47,55.36,null,null
14,0.95,-0.991,-0.245,0.751,-1.86,-79.35,128.73,null,null
15,0.95,-1.033,-0.145,0.809,76.72,-40.41,136.17,null,null
16,0.95,0.126,0.005,0.634,182.53,-126.96,77.73,null,null
17,0.95,0.957,0.591,0.3,315.16,-166.51,-146.73,null,null
18,0.95,0.954,2.057,0.263,51.61,-17.67,-28.87,null,null
19,0.95,0.579,1.311,0.129,-31.71,-16.66,146.82,null,null
0,0.95,0.717,1.025,0.396,-161.2,19.14,72.42,null,null
1,0.95,0.682,0.644,0.437,-136.66,72.73,74.77,null,null
2,0.95,-0.128,0.83,0.658,-148.87,145.82,-10.1,null,null
3,0.95,-0.791,0.05,0.44,-93.23,-66.87,-140.14,null,null
4,0.95,-1.436,-0.21,1.097,-261.79,174.99,-174.66,null,null
5,0.95,-0.551,0.192,0.96,-2.11,38.09,108.22,null,null
6,0.95,-0.594,-0.326,1.054,16.24,7.29,66.1,null,null
7,0.95,-1.01,0.097,0.813,50.9,-64.67,75.81,null,null
8,0.95,-0.514,0.301,0.645,124.18,-70.1,115.73,null,null
9,0.95,0.575,0.393,0.517,191.84,-76.36,28.14,null,null
10,0.95,0.748,1.227,0.496,127.6,-105.84,-99.89,null,null
11,0.95,0.376,1.285,0.504,-134.86,40.1,103.31,null,null
12,0.95,0.264,0.935,0.525,-154.67,-9.74,130.41,null,null
13,0.95,1.14,0.332,0.481,-165.44,-4.12,30.92,null,null
14,0.95,0.665,0.157,0.17,-41.02,-35.55,-85.42,null,null
15,0.95,-2.506,0.049,0.879,-288.92,315.84,-219.82,null,null
16,0.95,-0.325,0.478,0.978,89.79,-166.72,25.85,null,null
17,0.95,-0.891,-0.104,0.889,32.75,-40.47,148.93,null,null
18,0.95,-0.73,0.193,0.62,155.92,50.29,118.32,null,null
19,0.95,0.439,0.387,0.483,243.26,23.32,-74.1,null,null
0,0.95,0.332,0.765,0.422,182.29,-137.55,-96.96,null,null
1,0.95,0.74,1.425,0.162,50.72,-92.1,-135.32,null,null
2,0.95,0.54,1.155,0.501,-23.1,-4.09,31.43,null,null
3,0.95,0.38,1.088,0.707,-52.98,-35.1,110.08,null,null
4,0.95,0.68,0.716,0.469,-119.36,42.42,89.88,null,null
5,0.95,0.919,0.47,0.262,3.17,-29.42,38.79,null,null
6,0.95,-1.187,-0.366,0.41,94.12,173.16,-201.91,null,null
7,0.95,-0.484,1.623,0.941,4.21,-106.75,-120.21,null,null
8,0.95,-0.774,-0.049,0.678,-57.8,-21.45,144.78,null,null
9,0.95,-0.989,0.118,0.821,-150.18,-7.23,127.84,null,null
10,0.95,-0.615,0.334,0.924,9.74,-13.21,85.3,null,null
11,0.95,0.402,0.547,0.649,197.09,-46.27,-27.56,null,null
12,0.95,0.798,0.562,0.545,254.8,-158.09,-167.46,null,null
13,0.95,0.778,1.217,0.249,93.66,-126.01,-90.64,null,null
14,0.95,0.576,1.009,0.268,-31.65,84.23,108.58,null,null
15,0.95,0.591,0.934,0.405,-82.71,68.58,138.71,null,null
16,0.95,0.729,0.614,0.604,-81.18,12.02,109.44,null,null
17,0.95,0.139,0.084,0.694,-117.25,78.25,-56.25,null,null
18,0.95,-1.395,-0.422,0.743,-210.58,115.76,-187.48,null,null
19,0.95,-0.29,1.224,0.926,68.51,-21.64,-100.77,null,null
0,0.95,0.453,0.747,0.884,24.78,-3.81,23.87,null,null
1,0.95,0.672,0.594,1.094,-42.02,-66.59,74.28,null,null
2,0.95,0.692,0.269,0.548,-62.93,6.13,-13.4,null,null
3,0.95,-1.424,-0.002,0.483,-90.03,107.85,-165.99,null,null
4,0.95,-0.622,0.306,1.166,-8.09,39.92,-99.83,null,null
5,0.95,-0.154,-0.182,0.878,-28.84,-37.9,8.91,null,null
6,0.95,-0.393,0.106,1.178,-5.16,28.96,-8.24,null,null
7,0.95,-0.972,-0.058,0.962,32.96,-58.02,81.73,null,null
8,0.95,-0.642,-0.033,0.708,110.57,-50.29,90.09,null,null
9,0.95,0.224,0.338,0.647,89.36,-55.3,25.33,null,null
10,0.95,0.958,0.332,0.738,102.08,-2.5,-53.32,null,null
11,0.95,0.182,0.657,1.047,-50.36,66.81,-20.63,null,null
12,0.95,-0.185,0.543,1.028,-12.09,-19.9,-1.86,null,null
13,0.95,-0.153,0.378,0.756,3.48,-25.82,5.01,null,null
14,0.95,-0.2,0.493,0.868,-1.62,14.31,7.75,null,null
15,0.95,-0.121,0.46,0.865,2.78,-0.21,3.02,null,null
16,0.95,-0.119,0.477,0.863,5.92,1.25,0.46,null,null
17,0.95,-0.17,0.491,0.886,-5.71,4.82,2.56,null,null
18,0.95,-0.123,0.463,0.846,4.39,-5.13,1.59,null,null
19,0.95,-0.129,0.485,0.82,2.26,-3.85,-1.56,null,null
0,0.95,-0.275,-0.193,0.158,-40.31,-129.43,-37.2,null,null
1,0.95,-2.282,0.108,2.045,-138.19,281.44,-205.48,null,null
2,0.95,-0.257,-0.918,0.659,-43.09,-142.25,88.99,null,null
3,0.95,-0.27,0.224,1.339,-14.4,50.63,-34.0,null,null
4,0.95,-0.298,-0.133,1.021,-11.9,18.74,13.21,null,null
5,0.95,-0.679,-0.175,0.932,61.28,-7.26,39.25,null,null
6,0.95,-0.71,-0.075,0.772,80.26,-92.81,111.15,null,null
7,0.95,-0.444,0.147,0.619,33.69,-85.76,89.51,null,null
8,0.95,0.31,0.228,0.649,9.52,-39.06,90.88,null,null
9,0.95,1.05,0.484,0.51,198.19,-78.55,-145.15,null,null
10,0.95,-0.011,0.561,1.168,-45.41,44.62,45.53,null,null
11,0.95,-0.146,0.394,1.049,8.15,-5.74,-4.3,null,null
12,0.95,-0.075,0.454,0.852,31.34,-17.03,2.56,null,null
13,0.95,-0.047,0.411,0.893,0.34,15.72,8.03,null,null
14,0.95,-0.007,0.418,0.915,-1.16,1.46,3.02,null,null
15,0.95,-0.049,0.489,0.878,4.64,-1.1,5.19,null,null
16,0.95,-0.008,0.379,0.875,5.22,-4.7,8.33,null,null
17,0.95,-0.016,0.425,0.872,7.78,-1.25,-0.61,null,null
18,0.95,-0.064,0.508,0.887,-9.28,0.34,-3.94,null,null
19,0.95,-0.031,0.446,0.892,-7.17,-2.04,-0.82,null,null
0,0.95,-0.265,1.679,-2.003,32.26,36.56,-27.34,null,null
1,0.95,-0.371,0.337,3.601,-47.52,2.9,53.87,null,null
2,0.95,0.352,0.55,0.707,-17.85,-111.73,-25.61,null,null
3,0.95,-0.23,1.467,-1.622,13.92,-80.6,-68.58,null,null
4,0.95,-0.039,0.983,0.125,33.48,317.15,23.38,null,null
5,0.95,0.919,0.333,0.786,-110.9,-113.56,6.32,null,null
6,0.95,-0.217,1.307,-0.895,-32.07,-149.17,-68.24,null,null
7,0.95,-0.089,0.972,0.137,42.82,326.15,46.24,null,null
8,0.95,0.291,0.399,0.623,-4.15,-124.45,26.09,null,null
9,0.95,-0.065,1.098,-0.848,-4.79,-157.69,-72.02,null,null
10,0.95,-0.203,1.083,-1.272,18.83,233.13,33.75,null,null
11,0.95,0.379,0.322,0.833,45.23,-109.9,14.47,null,null
12,0.95,0.031,0.923,-0.494,-15.08,-186.38,-67.51,null,null
13,0.95,-0.363,1.185,-1.356,0.43,247.9,50.48,null,null
14,0.95,-0.315,1.04,1.279,61.8,-87.77,63.39,null,null
15,0.95,-0.047,0.832,-0.744,-10.28,-183.81,-53.83,null,null
16,0.95,-0.45,1.165,-1.233,9.67,264.6,28.11,null,null
17,0.95,-0.545,1.137,1.13,0.31,-89.02,-77.91,null,null
18,0.95,-0.057,0.939,-0.297,-37.51,-188.76,-55.24,null,null
19,0.95,-0.69,1.432,-1.893,9.49,170.29,54.38,null,null
0,0.95,-0.836,1.538,-2.348,4.27,40.47,13.31,null,null
1,0.95,-0.162,1.151,2.733,-2.99,299.87,2.04,null,null
2,0.95,-0.252,0.612,0.778,15.53,-246.99,-61.4,null,null
3,0.95,-1.332,1.504,-2.822,17.61,-73.15,14.98,null,null
4,0.95,-0.213,1.057,2.054,-84.44,550.04,15.47,null,null
5,0.95,-0.272,0.676,0.773,-10.32,-241.83,-10.04,null,null
6,0.95,-1.037,1.309,-2.743,-25.09,48.55,57.99,null,null
7,0.95,-0.871,1.934,2.762,-106.94,-93.69,-11.81,null,null
8,0.95,-0.042,0.65,-0.018,5.25,-258.64,-55.21,null,null
9,0.95,-1.226,1.779,-3.021,7.87,16.08,23.77,null,null
10,0.95,-1.232,1.115,4.0,-97.38,117.44,27.34,null,null
11,0.95,-0.021,0.643,0.323,2.59,-270.61,-21.82,null,null
12,0.95,-1.047,1.326,-2.736,-22.77,111.7,51.88,null,null
13,0.95,2.115,2.716,1.979,3.78,-61.34,55.42,null,null
14,0.95,-0.039,0.556,0.134,2.62,-278.33,-45.23,null,null
15,0.95,-0.938,1.175,-2.611,2.17,209.14,55.21,null,null
16,0.95,3.127,-2.468,1.391,140.66,62.9,199.68,null,null
17,0.95,-0.229,0.853,-0.03,32.11,-234.38,-72.21,null,null
18,0.95,-0.853,1.249,-2.529,-57.92,126.32,50.48,null,null
19,0.95,1.87,3.496,0.685,-42.76,-92.01,15.29,null,null
0,0.95,-0.328,0.852,-0.167,17.52,344.89,15.17,null,null
1,0.95,0.901,0.206,0.833,-14.5,-121.1,4.03,null,null
2,0.95,-0.887,1.426,-1.59,31.59,-181.8,-53.19,null,null
3,0.95,-0.398,0.829,-0.258,4.94,339.85,13.43,null,null
4,0.95,0.818,0.3,0.87,-14.86,-120.85,-4.76,null,null
5,0.95,-0.765,1.431,-1.398,13.76,-169.56,-57.28,null,null
6,0.95,-0.331,0.854,-0.073,40.65,362.19,-3.11,null,null
7,0.95,0.294,0.78,0.692,25.18,-122.17,-14.62,null,null
8,0.95,-0.802,1.301,-1.829,13.0,-107.67,-38.76,null,null
9,0.95,-0.24,0.814,-0.016,2.2,331.95,-7.17,null,null
10,0.95,0.111,0.968,0.675,1.95,-94.91,-26.86,null,null
11,0.95,-0.459,1.161,-1.007,7.66,-160.37,-19.59,null,null
12,0.95,-0.339,0.819,-0.771,-6.62,256.36,17.94,null,null
13,0.95,0.323,0.651,0.893,42.21,-46.57,-2.41,null,null
14,0.95,-0.418,1.218,-0.896,41.96,-157.69,-43.82,null,null
15,0.95,-0.415,0.975,-0.978,6.71,223.88,20.84,null,null
16,0.95,-0.007,1.039,0.848,25.03,-71.47,35.34,null,null
17,0.95,-0.298,1.086,-0.654,18.4,-186.38,-50.9,null,null
18,0.95,-0.461,1.004,-1.207,-30.95,242.44,29.76,null,null
19,0.95,-0.916,1.014,1.44,14.89,-19.56,55.91,null,null
0,0.95,-0.742,1.406,-1.569,24.38,-165.5,-51.0,null,null
1,0.95,-0.405,0.926,-0.069,17.15,313.43,16.17,null,null
2,0.95,0.563,0.423,1.01,-21.76,-129.52,-36.26,null,null
3,0.95,-0.597,1.326,-1.183,-2.32,-175.82,-53.35,null,null
4,0.95,-0.554,0.959,-0.815,-6.56,244.15,29.85,null,null
5,0.95,-0.269,0.409,1.921,-82.58,-56.79,106.42,null,null
6,0.95,-0.556,1.134,-0.615,24.45,-212.96,-75.17,null,null
7,0.95,-0.469,0.899,-0.818,-0.09,239.42,30.92,null,null
8,0.95,1.554,2.883,-0.062,59.54,-174.81,-18.46,null,null
9,0.95,-0.195,0.676,0.247,62.32,-144.2,-99.0,null,null
10,0.95,-0.633,1.005,-1.803,-5.1,111.61,8.61,null,null
11,0.95,-0.51,1.463,1.791,-48.65,284.68,20.29,null,null
12,0.95,0.064,0.797,0.292,24.02,-164.86,-27.04,null,null
13,0.95,-0.935,1.298,-2.177,-23.04,-22.37,24.57,null,null
14,0.95,-0.278,1.023,1.095,-50.29,340.13,12.91,null,null
15,0.95,-0.01,0.748,0.77,61.83,-134.8,-57.92,null,null
16,0.95,-1.275,1.336,-2.057,15.63,-189.76,-28.6,null,null
17,0.95,-0.334,0.786,0.038,-22.28,389.42,-3.78,null,null
18,0.95,0.137,0.341,1.091,-71.54,-156.07,-10.96,null,null
19,0.95,-0.923,1.31,-1.608,-10.01,-202.4,-52.03,null,null
0,0.95,-0.611,1.324,1.124,-54.63,407.3,37.17,null,null
1,0.95,-0.06,0.665,0.685,101.17,-143.01,-81.06,null,null
2,0.95,-1.013,1.551,-1.97,-6.32,-168.71,-43.89,null,null
3,0.95,-0.55,0.758,-0.316,-44.01,362.87,32.69,null,null
4,0.95,0.336,0.179,0.914,70.83,-67.32,-41.2,null,null
5,0.95,-0.617,1.198,-0.968,37.75,-233.1,-54.9,null,null
6,0.95,-0.673,0.948,-1.151,-30.55,251.05,47.76,null,null
7,0.95,-0.931,0.787,1.401,14.68,-21.49,76.08,null,null
8,0.95,-0.355,0.828,-0.146,35.68,-241.07,-54.08,null,null
9,0.95,-0.806,1.153,-1.806,-43.0,115.09,49.59,null,null
10,0.95,2.236,1.679,0.681,-6.71,78.62,6.99,null,null
11,0.95,-0.202,0.75,0.29,62.26,-179.54,-42.24,null,null
12,0.95,-0.818,1.095,-1.735,-26.98,158.64,47.36,null,null
13,0.95,2.427,0.026,1.198,52.52,86.4,73.27,null,null
14,0.95,-0.638,1.053,0.32,47.3,-227.97,-37.87,null,null
15,0.95,-0.755,1.257,-2.131,-44.8,-61.92,35.04,null,null
16,0.95,-0.462,0.789,-0.456,-70.01,367.53,16.05,null,null
17,0.95,0.061,0.336,1.327,90.03,-35.46,-51.21,null,null
18,0.95,-0.888,1.091,-1.421,85.42,-277.2,-67.02,null,null
19,0.95,-0.743,0.724,-1.081,-31.28,354.84,20.45,null,null
0,0.95,-0.345,1.155,-1.092,9.95,176.21,38.3,null,null
1,0.95,1.658,0.909,1.803,50.97,47.03,91.71,null,null
2,0.95,-0.176,1.033,0.064,18.4,-134.37,-68.24,null,null
3,0.95,-0.607,1.555,-1.599,11.63,81.39,12.76,null,null
4,0.95,-0.918,0.389,3.342,-61.25,79.23,27.83,null,null
5,0.95,0.137,0.608,0.491,17.24,-117.92,-61.19,null,null
6,0.95,-0.49,1.478,-1.482,-7.84,-65.58,-21.18,null,null
7,0.95,-0.183,0.902,0.114,10.93,267.95,43.12,null,null
8,0.95,0.103,0.649,0.651,-34.0,-99.46,-21.85,null,null
9,0.95,-0.444,1.445,-1.25,-40.68,-125.19,-16.54,null,null
10,0.95,-0.198,0.977,-0.213,27.16,240.67,39.31,null,null
11,0.95,0.384,0.335,0.531,-46.08,-90.98,-7.72,null,null
12,0.95,-0.33,1.296,-0.958,-21.12,-144.51,-44.07,null,null
13,0.95,-0.31,1.039,-0.635,3.63,222.91,43.95,null,null
14,0.95,1.146,0.213,0.407,-102.6,-105.35,15.78,null,null
15,0.95,-0.557,1.294,-0.794,-28.84,-159.83,-36.87,null,null
16,0.95,-0.332,1.048,-0.995,12.45,195.35,28.47,null,null
17,0.95,-0.273,0.55,1.459,19.5,-123.26,47.3,null,null
18,0.95,-0.432,0.936,-0.359,79.87,-120.7,-102.88,null,null
19,0.95,-0.759,1.193,-1.4,16.42,166.54,-60.09,null,null
0,0.95,-0.16,0.781,0.355,44.92,-103.49,-52.55,null,null
1,0.95,-0.876,1.55,-1.727,-18.65,-31.37,14.83,null,null
2,0.95,-0.923,1.081,3.61,-66.74,198.74,61.56,null,null
3,0.95,-0.102,0.788,0.359,25.45,-102.48,-45.05,null,null
4,0.95,-0.773,1.465,-1.561,-7.87,95.19,25.45,null,null
5,0.95,-0.817,0.724,3.566,-93.36,70.89,70.13,null,null
6,0.95,-0.134,0.688,0.604,36.1,-74.86,-56.06,null,null
7,0.95,-0.985,1.57,-1.637,6.96,-101.38,-28.84,null,null
8,0.95,-0.559,1.231,1.475,-30.3,305.55,42.33,null,null
9,0.95,-0.303,0.531,0.72,40.25,-54.93,-45.32,null,null
10,0.95,-0.949,1.313,-1.281,19.07,-164.13,-49.75,null,null
11,0.95,-0.585,0.854,-0.331,-8.97,310.68,23.56,null,null
12,0.95,0.048,0.509,0.674,9.98,-79.68,-23.22,null,null
13,0.95,-0.727,1.101,-0.955,-13.03,-192.51,-21.64,null,null
14,0.95,-0.6,0.844,-0.758,-26.03,274.3,17.82,null,null
15,0.95,0.469,0.742,0.802,-32.47,-73.92,-5.43,null,null
16,0.95,-0.554,1.054,-0.641,25.64,-193.03,-27.92,null,null
17,0.95,-0.658,0.885,-1.27,-40.89,208.47,28.35,null,null
18,0.95,0.317,0.551,0.612,-16.08,-79.71,13.79,null,null
19,0.95,-0.581,0.925,-0.068,82.0,-166.81,-44.1,null,null
0,0.95,-0.444,0.92,-0.365,-13.18,210.24,31.4,null,null
1,0.95,-0.117,0.405,0.496,-15.05,-40.5,-16.27,null,null
2,0.95,-0.609,1.13,-0.687,5.58,-102.54,-32.93,null,null
3,0.95,-0.431,0.904,-0.462,-12.57,154.18,26.0,null,null
4,0.95,-0.641,0.899,0.777,-36.56,-54.29,-10.41,null,null
5,0.95,-0.671,1.106,-0.391,4.55,-125.55,-39.22,null,null
6,0.95,-0.591,1.088,-0.924,1.5,152.1,32.35,null,null
7,0.95,0.572,0.56,0.454,4.88,-15.35,-7.29,null,null
8,0.95,-0.617,1.007,-0.355,-2.78,-124.94,-47.15,null,null
9,0.95,-0.549,1.065,-0.835,-0.55,166.05,30.49,null,null
10,0.95,0.066,1.18,0.74,-35.98,-58.2,1.71,null,null
11,0.95,-0.599,0.984,-0.465,-1.5,-149.3,-33.27,null,null
12,0.95,-0.547,0.933,-0.733,-18.86,207.01,30.92,null,null
13,0.95,-0.074,1.042,0.635,32.78,-26.06,-19.87,null,null
14,0.95,-0.599,1.066,-0.439,8.51,-148.08,-45.84,null,null
15,0.95,-0.565,0.964,-0.903,-11.54,174.57,37.72,null,null
16,0.95,-0.56,-0.41,1.057,21.18,-46.14,53.01,null,null
17,0.95,-0.526,1.084,0.028,12.05,-143.83,-47.21,null,null
18,0.95,-0.725,1.239,-1.349,-7.32,75.75,34.73,null,null
19,0.95,2.039,0.433,1.475,-38.42,114.93,122.75,null,null
0,0.95,1.539,1.492,-0.143,-25.85,-76.17,33.51,null,null
1,0.95,-0.493,0.865,0.201,16.91,-109.44,-45.93,null,null
2,0.95,-0.826,1.387,-1.321,0.15,-7.39,3.85,null,null
3,0.95,-0.7,0.963,2.623,-49.26,190.1,52.4,null,null
4,0.95,-0.121,0.692,0.518,1.4,-58.41,-38.39,null,null
5,0.95,-0.943,1.551,-1.633,10.71,-49.87,-9.58,null,null
6,0.95,-0.696,1.204,1.657,-53.56,264.87,55.6,null,null
7,0.95,-0.173,0.66,0.611,38.33,-66.35,-40.25,null,null
8,0.95,-1.063,1.508,-1.933,13.21,-105.23,-30.52,null,null
9,0.95,-0.679,0.872,0.511,-45.35,285.71,34.49,null,null
10,0.95,-0.524,0.835,0.66,89.33,-55.97,-53.07,null,null
11,0.95,-1.084,1.356,-1.772,44.47,-142.89,-42.94,null,null
12,0.95,-0.801,0.838,-0.332,-65.65,290.6,35.77,null,null
13,0.95,0.202,0.116,0.731,19.71,-57.59,-26.89,null,null
14,0.95,-0.832,1.139,-0.939,28.26,-158.79,-47.67,null,null
15,0.95,-0.768,0.901,-0.883,-27.13,267.19,36.81,null,null
16,0.95,0.612,0.887,0.897,-49.56,-36.35,9.89,null,null
17,0.95,-0.5,0.999,-0.584,15.78,-188.91,-54.66,null,null
18,0.95,-0.811,1.073,-1.195,-23.38,197.7,41.11,null,null
19,0.95,-1.489,0.836,0.557,13.25,-79.35,-7.2,null,null
0,0.95,0.888,-0.36,1.646,62.23,76.75,121.19,null,null
1,0.95,-0.52,0.768,0.193,23.04,-149.72,-44.04,null,null
2,0.95,-0.931,1.354,-1.505,-27.74,18.25,12.7,null,null
3,0.95,-0.931,1.195,2.784,-44.83,260.81,39.4,null,null
4,0.95,-0.256,0.777,0.507,43.03,-109.5,-39.61,null,null
5,0.95,-0.883,1.355,-1.562,-17.15,-73.37,7.14,null,null
6,0.95,-0.608,0.809,-0.001,-42.12,281.84,30.06,null,null
7,0.95,-0.238,0.841,0.394,42.54,-97.45,-36.93,null,null
8,0.95,-0.81,1.194,-1.24,7.51,-103.58,-24.69,null,null
9,0.95,-0.564,0.873,-0.343,-41.66,242.13,34.09,null,null
10,0.95,-0.122,0.528,0.488,52.86,-49.17,-46.24,null,null
11,0.95,-0.966,1.269,-1.272,2.41,-112.46,-15.69,null,null
12,0.95,-0.606,0.874,-0.396,-47.7,272.84,30.15,null,null
13,0.95,0.114,0.472,0.494,45.01,-43.58,-42.79,null,null
14,0.95,-0.75,1.163,-0.942,-4.73,-136.3,-20.97,null,null
15,0.95,-0.577,0.851,-0.626,-51.58,252.72,33.69,null,null
16,0.95,0.539,0.586,0.623,29.24,-34.91,-30.52,null,null
17,0.95,-0.356,0.968,-0.321,46.75,-136.57,-65.0,null,null
18,0.95,-0.72,1.025,-0.962,-19.81,247.78,42.05,null,null
19,0.95,0.301,0.636,0.606,75.81,-48.98,-40.59,null,null
0,0.95,-0.608,0.903,0.054,53.9,-189.18,-61.01,null,null
1,0.95,-0.774,1.121,-1.307,-9.13,190.83,25.73,null,null
2,0.95,0.932,-1.196,0.91,2.35,-4.09,36.77,null,null
3,0.95,-0.534,0.849,0.211,46.75,-176.46,-57.41,null,null
4,0.95,-0.796,1.231,-1.402,-25.79,109.99,42.91,null,null
5,0.95,1.528,1.591,0.418,4.3,108.07,63.42,null,null
6,0.95,-0.433,0.889,0.43,8.0,-155.58,-29.21,null,null
7,0.95,-0.977,1.41,-1.61,-54.32,2.78,54.84,null,null
8,0.95,-1.447,1.157,3.131,-134.71,-30.88,69.49,null,null
9,0.95,-0.146,0.725,0.595,26.67,-112.49,-33.02,null,null
10,0.95,-0.856,1.282,-0.968,0.18,-165.75,-19.38,null,null
11,0.95,-0.546,0.822,-0.789,-29.27,310.19,35.95,null,null
12,0.95,0.033,0.531,0.689,-1.56,-97.32,-27.47,null,null
13,0.95,-0.661,1.093,-0.406,52.67,-218.15,-44.4,null,null
14,0.95,-0.623,0.924,-1.228,-22.03,265.82,48.1,null,null
15,0.95,0.084,-0.625,1.023,12.57,1.1,62.72,null,null
16,0.95,-0.485,0.868,0.093,28.35,-196.11,-46.33,null,null
17,0.95,-0.814,1.274,-1.631,2.78,180.67,42.76,null,null
18,0.95,2.947,1.504,0.423,77.06,70.83,113.62,null,null
19,0.95,-0.46,0.774,0.345,24.93,-163.24,-48.74,null,null
0,0.95,-0.778,1.32,-0.987,23.29,-141.09,-43.46,null,null
1,0.95,-0.507,0.873,-0.598,7.78,314.07,36.26,null,null
2,0.95,0.397,0.503,0.72,12.94,-84.9,-26.46,null,null
3,0.95,-0.573,1.117,-0.065,43.89,-203.56,-42.97,null,null
4,0.95,-0.621,1.049,-1.305,-22.52,148.63,63.11,null,null
5,0.95,0.978,1.014,0.234,-36.16,171.91,53.01,null,null
6,0.95,-0.37,0.907,0.409,34.88,-159.25,-65.19,null,null
7,0.95,-0.865,1.455,-1.609,-38.54,19.87,46.72,null,null
8,0.95,-0.479,1.211,0.904,-43.0,139.96,50.23,null,null
9,0.95,-0.08,0.669,0.736,25.48,-77.73,-46.66,null,null
10,0.95,-0.787,1.352,-1.169,-1.68,-148.59,-22.1,null,null
11,0.95,-0.604,0.875,-0.594,-2.93,328.14,55.88,null,null
12,0.95,0.201,0.307,0.685,-13.92,-75.2,-12.67,null,null
13,0.95,-0.547,1.204,-0.77,23.59,-106.88,-60.43,null,null
14,0.95,-0.53,1.002,-0.709,-14.89,268.17,39.7,null,null
15,0.95,0.842,1.041,0.78,17.73,-69.4,-11.99,null,null
16,0.95,-0.447,1.042,-0.038,4.43,-174.6,-45.41,null,null
17,0.95,-0.584,1.225,-1.758,-4.15,157.93,39.43,null,null
18,0.95,1.256,2.258,-0.377,-67.48,163.24,132.76,null,null
19,0.95,-0.308,0.809,0.444,-24.41,-189.46,-41.69,null,null
0,0.95,-0.801,1.176,-0.791,9.74,-171.7,-29.39,null,null
1,0.95,-0.495,0.92,-0.85,13.64,243.66,26.15,null,null
2,0.95,-1.033,0.432,3.771,-14.5,-150.49,7.87,null,null
3,0.95,-0.177,0.679,0.429,35.55,-174.78,-80.66,null,null
4,0.95,-0.946,1.427,-1.908,-43.43,7.78,48.31,null,null
5,0.95,-0.435,0.841,0.739,-28.14,321.76,41.05,null,null
6,0.95,-0.261,0.733,0.648,-3.45,-164.22,-26.64,null,null
7,0.95,-0.793,1.278,-1.779,7.02,179.02,35.49,null,null
8,0.95,1.821,2.552,0.229,75.9,54.6,97.78,null,null
9,0.95,-0.214,0.575,0.512,17.33,-204.29,-54.2,null,null
10,0.95,-0.922,1.529,-2.223,4.67,106.45,21.52,null,null
11,0.95,-0.81,0.946,0.361,-4.88,379.86,31.31,null,null
12,0.95,-0.444,0.482,0.855,-3.02,-160.89,-30.95,null,null
13,0.95,-1.065,1.363,-1.233,33.66,-182.2,-65.86,null,null
14,0.95,-0.687,0.872,-0.723,-7.32,362.74,39.8,null,null
15,0.95,-0.949,0.829,1.136,51.12,-93.02,-10.56,null,null
16,0.95,-0.544,1.004,-0.105,12.02,-238.56,-57.74,null,null
17,0.95,-0.956,1.249,-2.282,-14.53,211.86,56.43,null,null
18,0.95,-0.596,1.73,2.067,-208.04,65.89,59.85,null,null
19,0.95,-0.221,0.734,0.445,-27.89,-244.51,-42.48,null,null
0,0.95,0.242,1.382,0.396,100.62,-91.25,-132.33,null,null
1,0.95,0.825,1.432,0.113,13.92,-92.14,43.12,null,null
2,0.95,0.493,1.198,0.209,-114.84,5.58,112.34,null,null
3,0.95,0.723,0.711,0.274,-103.18,16.39,96.65,null,null
4,0.95,0.11,-0.205,0.421,-136.85,-74.22,-89.14,null,null
5,0.95,-3.332,0.409,1.924,-25.57,225.62,-420.91,null,null
6,0.95,-0.281,-1.56,0.85,-168.25,-212.23,189.25,null,null
7,0.95,-0.862,0.248,1.199,-37.11,190.53,-1.86,null,null
8,0.95,-1.206,-0.202,0.949,-83.41,-78.55,159.25,null,null
9,0.95,-0.505,0.279,0.553,99.67,-21.18,150.36,null,null
10,0.95,0.944,0.225,0.74,264.75,-12.67,62.9,null,null
11,0.95,0.805,0.965,0.832,107.24,-100.99,-120.0,null,null
12,0.95,0.777,1.372,0.549,10.62,-46.08,-35.98,null,null
13,0.95,0.895,1.036,0.43,-105.04,8.24,69.55,null,null
14,0.95,0.972,0.642,0.095,-56.95,27.28,10.77,null,null
15,0.95,-1.614,-0.789,0.372,-135.96,-101.99,-278.33,null,null
16,0.95,-1.068,3.476,2.075,-161.02,-25.82,-231.54,null,null
17,0.95,0.095,-0.82,0.573,10.77,-12.09,17.21,null,null
18,0.95,-0.527,0.634,1.151,-53.87,-24.9,21.82,null,null
19,0.95,-0.577,0.144,0.904,-13.82,-5.31,94.06,null,null
0,0.95,0.41,0.659,0.241,87.53,-60.79,42.27,null,null
1,0.95,0.431,1.22,-0.049,-55.54,24.26,61.28,null,null
2,0.95,0.615,0.86,0.052,-136.72,86.15,84.51,null,null
3,0.95,1.214,0.718,0.18,-53.8,12.45,7.14,null,null
4,0.95,-0.806,-0.556,0.469,-203.86,-117.19,-145.18,null,null
5,0.95,-1.092,2.945,0.862,140.29,-207.95,-278.7,null,null
6,0.95,-0.141,-0.752,0.42,86.61,-5.49,-78.86,null,null
7,0.95,-1.174,0.172,0.947,-91.62,-45.26,110.42,null,null
8,0.95,-1.074,0.192,0.864,-24.26,-61.8,197.61,null,null
9,0.95,0.117,0.279,0.668,136.36,-6.62,116.95,null,null
10,0.95,0.705,0.463,0.512,314.74,-75.41,0.79,null,null
11,0.95,0.582,1.365,0.388,182.84,-127.75,-113.41,null,null
12,0.95,0.617,1.36,-0.051,-48.46,57.95,25.57,null,null
13,0.95,0.485,0.887,0.307,-164.68,47.46,83.1,null,null
14,0.95,0.861,0.681,0.298,-91.92,-7.17,73.27,null,null
15,0.95,0.348,0.258,0.406,-175.27,4.15,-124.79,null,null
16,0.95,-3.049,-1.167,0.995,-329.97,186.04,-346.17,null,null
17,0.95,-0.356,0.497,0.376,-133.7,-99.31,369.43,null,null
18,0.95,-0.234,0.078,0.878,-53.35,96.19,-89.6,null,null
19,0.95,-0.334,0.248,0.958,-64.39,-36.9,39.89,null,null
0,0.95,0.148,0.865,0.097,107.15,2.44,8.45,null,null
1,0.95,0.374,1.145,-0.016,42.73,-78.98,-33.27,null,null
2,0.95,0.317,0.892,0.232,-9.43,-25.33,60.43,null,null
3,0.95,0.562,1.169,0.05,-176.89,-92.32,17.21,null,null
4,0.95,0.871,0.961,0.104,-233.16,29.36,100.22,null,null
5,0.95,0.96,0.13,0.423,-224.74,-44.86,-35.46,null,null
6,0.95,-4.0,-1.008,1.405,-225.47,376.11,-448.04,null,null
7,0.95,-0.182,-1.942,0.781,-121.43,-197.76,127.78,null,null
8,0.95,-0.551,-0.075,1.076,-174.23,100.16,0.37,null,null
9,0.95,-0.958,-0.059,0.904,-51.52,-29.66,108.07,null,null
10,0.95,-0.243,0.221,0.765,161.78,-44.8,130.56,null,null
11,0.95,0.221,-0.131,0.81,247.26,-18.34,78.43,null,null
12,0.95,0.124,0.788,0.367,331.13,-168.58,-177.53,null,null
13,0.95,1.169,1.686,-0.348,110.54,-163.79,-108.22,null,null
14,0.95,0.708,1.392,-0.453,-67.81,136.54,107.55,null,null
15,0.95,0.742,0.918,0.057,-186.93,127.57,117.74,null,null
16,0.95,0.713,0.4,0.254,-51.64,-27.77,-25.64,null,null
17,0.95,-2.524,-0.979,0.567,-197.61,33.23,-373.97,null,null
18,0.95,-0.348,3.331,1.259,-88.56,-99.52,-76.05,null,null
19,0.95,-0.215,-0.282,0.341,66.26,-17.4,5.74,null,null
0,0.95,0.205,1.368,-0.033,23.99,-71.02,-22.25,null,null
1,0.95,0.646,0.899,0.234,17.76,-64.64,50.66,null,null
2,0.95,0.583,1.111,0.099,-155.98,5.01,-1.31,null,null
3,0.95,0.734,0.798,0.296,-85.85,19.71,32.81,null,null
4,0.95,0.384,0.102,0.532,-97.14,9.0,-126.5,null,null
5,0.95,-3.493,-1.162,1.313,-325.69,174.5,-463.67,null,null
6,0.95,-0.431,0.139,0.766,-240.52,-93.05,425.52,null,null
7,0.95,-0.442,0.124,0.885,-34.03,158.73,3.42,null,null
8,0.95,-0.896,0.158,0.709,-91.37,-42.24,122.56,null,null
9,0.95,-0.709,0.21,0.525,61.31,-88.26,122.81,null,null
10,0.95,-0.117,0.494,0.552,248.7,-86.83,130.77,null,null
11,0.95,1.26,0.336,0.528,296.33,-42.97,26.92,null,null
12,0.95,0.895,1.214,0.024,141.33,-109.47,-108.62,null,null
13,0.95,0.655,1.155,-0.319,-67.9,89.82,27.28,null,null
14,0.95,0.623,0.944,0.301,-94.42,95.46,67.54,null,null
15,0.95,0.802,0.8,0.297,-33.45,-2.69,-8.61,null,null
16,0.95,0.209,0.086,0.556,-32.41,-69.31,-164.22,null,null
17,0.95,-3.876,0.499,0.201,12.18,160.53,-494.86,null,null
18,0.95,-0.734,-0.101,0.308,-68.06,-176.24,176.55,null,null
19,0.95,-0.475,0.472,1.03,-52.64,18.98,-33.2,null,null
0,0.95,0.156,1.088,0.102,51.03,-8.94,-28.66,null,null
1,0.95,0.413,1.265,-0.025,49.32,-81.15,-38.24,null,null
2,0.95,0.219,1.171,0.2,-74.68,-50.11,22.31,null,null
3,0.95,0.5,1.036,0.236,-208.69,-72.94,59.45,null,null
4,0.95,0.892,0.879,0.385,-209.63,28.32,73.89,null,null
5,0.95,0.464,-0.159,0.445,-111.88,-38.85,-74.01,null,null
6,0.95,-4.0,0.538,1.852,-294.05,474.11,-370.71,null,null
7,0.95,-0.985,-0.671,0.674,3.02,-88.38,197.82,null,null
8,0.95,-0.683,0.238,1.082,-70.31,59.88,22.49,null,null
9,0.95,-0.588,0.213,0.851,67.6,-38.61,62.9,null,null
10,0.95,-0.194,0.304,0.559,149.27,4.06,129.61,null,null
11,0.95,0.627,0.348,0.378,233.77,-50.87,40.31,null,null
12,0.95,0.543,1.532,0.317,125.43,-95.25,-164.53,null,null
13,0.95,0.897,1.708,-0.005,70.59,-6.1,-13.7,null,null
14,0.95,0.528,1.198,0.05,-109.35,39.64,129.95,null,null
15,0.95,0.991,0.785,0.39,-187.41,-19.2,115.63,null,null
16,0.95,0.532,-0.12,0.194,-189.79,-83.96,-102.51,null,null
17,0.95,-3.43,0.361,1.905,-204.17,474.17,-363.05,null,null
18,0.95,-0.745,-0.479,0.692,-97.84,-138.31,166.81,null,null
19,0.95,-0.525,0.142,0.818,-15.56,-4.85,57.83,null,null
0,0.95,0.193,2.527,-0.144,103.06,-110.54,-173.22,null,null
1,0.95,0.695,1.451,-0.224,7.48,11.08,57.07,null,null
2,0.95,0.392,1.122,-0.08,-62.65,72.3,129.55,null,null
3,0.95,0.667,0.895,0.431,-139.35,55.06,72.82,null,null
4,0.95,0.405,0.654,0.269,-28.6,29.76,-30.49,null,null
5,0.95,-1.963,-0.806,0.39,-252.66,48.86,-219.37,null,null
6,0.95,-0.384,1.105,1.094,-59.94,-124.97,-78.31,null,null
7,0.95,-1.342,-0.444,0.988,41.05,-59.14,197.61,null,null
8,0.95,-0.584,0.535,0.782,187.87,111.06,189.21,null,null
9,0.95,0.349,0.261,0.731,231.73,20.6,53.59,null,null
10,0.95,0.517,1.134,0.074,169.1,-147.86,-137.55,null,null
11,0.95,0.54,1.651,-0.281,87.77,-63.36,-32.99,null,null
12,0.95,0.299,1.31,0.165,-15.23,-0.46,95.16,null,null
13,0.95,0.262,1.188,0.16,-127.99,-30.06,84.48,null,null
14,0.95,0.734,0.778,0.264,-163.18,41.05,67.63,null,null
15,0.95,0.609,0.406,0.309,-193.43,27.77,-13.92,null,null
16,0.95,-1.576,-0.366,0.295,-194.13,-27.74,-207.53,null,null
17,0.95,-0.854,0.714,1.644,53.01,-16.94,-200.6,null,null
18,0.95,-1.142,-0.258,1.09,7.81,-70.22,184.94,null,null
19,0.95,-0.923,0.232,0.882,135.62,22.77,220.47,null,null
0,0.95,0.066,0.308,0.426,160.56,-15.08,147.8,null,null
1,0.95,0.832,0.248,0.684,138.1,-1.1,-82.4,null,null
2,0.95,0.211,2.256,0.374,22.58,-136.91,-173.92,null,null
3,0.95,0.661,1.484,0.031,16.51,-6.32,65.07,null,null
4,0.95,0.87,0.843,0.189,-79.23,50.75,65.37,null,null
5,0.95,1.047,0.715,0.41,-72.05,-20.57,45.44,null,null
6,0.95,-0.613,-0.55,0.484,-132.45,58.05,-178.56,null,null
7,0.95,-1.578,1.286,1.209,-158.91,147.8,-228.16,null,null
8,0.95,-0.984,0.159,0.623,47.06,-156.99,124.36,null,null
9,0.95,-0.687,0.209,0.741,41.57,47.21,103.27,null,null
10,0.95,-0.24,0.351,0.577,102.94,18.56,155.67,null,null
11,0.95,0.552,0.044,0.466,202.43,-2.01,49.5,null,null
12,0.95,0.139,1.57,0.118,153.32,-178.87,-246.86,null,null
13,0.95,0.72,2.204,-0.283,84.29,-68.88,-47.15,null,null
14,0.95,0.546,1.47,-0.299,-76.57,136.17,196.91,null,null
15,0.95,1.109,0.529,0.476,-182.07,38.88,117.47,null,null
16,0.95,-0.582,-0.347,0.245,-104.43,-81.0,-145.57,null,null
17,0.95,-2.29,1.427,1.174,-314.95,229.22,-202.86,null,null
18,0.95,-1.14,0.335,0.554,88.69,-31.71,143.28,null,null
19,0.95,-0.945,0.328,0.728,184.0,11.6,100.34,null,null
0,0.95,0.802,1.643,-0.221,-8.0,-10.9,4.64,null,null
1,0.95,0.656,1.218,-0.03,-113.96,75.81,111.18,null,null
2,0.95,1.314,0.421,0.464,-178.08,-34.67,90.33,null,null
3,0.95,-0.951,-0.269,0.099,-229.68,-97.11,-82.06,null,null
4,0.95,-2.031,0.188,2.081,-276.5,174.17,-221.08,null,null
5,0.95,-1.249,0.172,0.903,81.82,11.6,171.12,null,null
6,0.95,-0.976,0.023,0.748,98.27,-45.11,154.24,null,null
7,0.95,0.284,0.387,0.485,191.66,-14.22,126.16,null,null
8,0.95,0.709,0.501,0.375,260.11,-12.76,-83.01,null,null
9,0.95,0.648,1.724,-0.213,66.71,-128.3,-59.91,null,null
10,0.95,0.574,1.379,-0.189,-62.17,16.57,69.55,null,null
11,0.95,0.59,1.008,0.15,-151.8,-12.27,69.4,null,null
12,0.95,0.876,0.625,0.436,-146.49,21.09,38.12,null,null
13,0.95,-0.492,-0.034,0.447,20.6,-73.37,-98.94,null,null
14,0.95,-2.19,-0.201,1.188,-56.25,232.25,-311.04,null,null
15,0.95,-0.41,0.488,0.474,-32.72,-51.94,182.32,null,null
16,0.95,-0.513,0.354,0.963,16.91,34.97,8.15,null,null
17,0.95,-0.939,0.434,0.74,-34.79,-3.14,97.81,null,null
18,0.95,-0.561,0.398,0.54,122.38,2.69,129.83,null,null
19,0.95,0.34,0.303,0.51,149.57,-24.84,78.95,null,null
0,0.95,-0.221,0.297,0.633,7.51,-12.15,103.24,null,null
1,0.95,0.45,0.215,0.689,83.8,-34.88,3.69,null,null
2,0.95,0.411,1.121,0.49,70.93,-30.49,-166.51,null,null
3,0.95,0.431,1.395,0.629,47.85,8.42,-84.02,null,null
4,0.95,0.417,0.967,0.68,-81.61,-5.25,84.9,null,null
5,0.95,0.513,0.686,0.858,-113.16,-44.98,123.69,null,null
6,0.95,0.214,0.654,0.739,-64.73,-5.01,29.76,null,null
7,0.95,-0.6,-0.041,0.499,-133.67,-6.62,-60.4,null,null
8,0.95,-1.819,0.16,0.866,-75.38,162.48,-233.86,null,null
9,0.95,-0.545,0.353,1.152,9.98,-27.01,38.54,null,null
10,0.95,-0.695,-0.002,0.929,66.71,-24.2,57.77,null,null
11,0.95,-0.665,0.153,0.815,28.11,-54.35,76.48,null,null
12,0.95,-0.372,0.269,0.706,70.71,-18.37,77.55,null,null
13,0.95,0.174,0.31,0.688,87.77,-20.23,86.46,null,null
14,0.95,0.208,0.79,0.739,164.4,-65.8,-160.74,null,null
15,0.95,0.318,1.475,0.738,79.99,-39.67,-95.03,null,null
16,0.95,0.609,1.394,0.409,-36.47,16.57,45.01,null,null
17,0.95,0.536,0.979,0.723,-110.9,-24.23,120.61,null,null
18,0.95,0.504,0.756,0.399,-92.26,-45.53,1.37,null,null
19,0.95,-0.722,-0.365,0.213,-139.32,-62.01,-132.88,null,null
0,0.95,0.101,0.362,0.324,5.28,-22.34,3.94,null,null
1,0.95,-2.02,-0.251,0.401,-121.25,67.08,-266.58,null,null
2,0.95,-0.684,0.647,1.281,-201.24,-87.47,-60.46,null,null
3,0.95,-0.485,-0.374,0.839,-2.5,23.01,72.12,null,null
4,0.95,-0.775,0.365,0.506,-84.48,43.09,9.09,null,null
5,0.95,-0.881,0.234,0.606,-31.46,-14.56,80.08,null,null
6,0.95,-0.531,0.307,0.582,117.62,21.45,170.96,null,null
7,0.95,0.019,0.867,0.658,250.25,-0.64,-44.07,null,null
8,0.95,-0.032,1.515,0.74,123.05,-96.19,-136.23,null,null
9,0.95,0.419,1.714,0.378,3.33,-56.92,27.34,null,null
10,0.95,0.347,1.118,0.316,-80.54,-5.62,175.79,null,null
11,0.95,0.719,0.585,0.482,-134.83,-62.84,63.08,null,null
12,0.95,-0.339,-0.104,0.268,-153.11,-1.46,-123.81,null,null
13,0.95,-1.986,-0.171,0.852,-193.37,194.56,-250.53,null,null
14,0.95,-0.748,0.549,0.763,35.4,-35.31,81.3,null,null
15,0.95,-0.846,0.338,0.638,65.65,6.74,64.61,null,null
16,0.95,-0.768,0.328,0.651,98.54,3.14,65.46,null,null
17,0.95,-0.108,0.404,0.445,140.23,-37.84,139.26,null,null
18,0.95,0.665,0.737,0.282,213.51,-81.18,-123.36,null,null
19,0.95,0.445,1.957,0.059,65.37,-6.44,-99.03,null,null
0,0.95,-0.995,-0.018,0.853,44.59,-2.17,127.41,null,null
1,0.95,-0.839,0.352,0.777,153.94,-0.95,93.08,null,null
2,0.95,0.02,0.536,0.583,205.15,46.36,78.04,null,null
3,0.95,0.358,1.036,0.293,158.79,-61.59,-80.57,null,null
4,0.95,0.483,1.762,0.043,59.48,-55.36,-72.45,null,null
5,0.95,0.647,1.292,0.086,-21.58,24.9,106.36,null,null
6,0.95,0.703,1.072,0.387,-168.61,-5.8,137.85,null,null
7,0.95,0.21,0.485,0.382,-72.73,-20.57,-47.03,null,null
8,0.95,-1.978,-0.456,0.466,-216.16,98.7,-196.36,null,null
9,0.95,-0.542,0.7,0.916,-95.65,-89.91,18.86,null,null
10,0.95,-1.017,-0.078,0.887,11.38,-28.53,116.28,null,null
11,0.95,-0.563,0.594,0.614,53.87,52.22,113.77,null,null
12,0.95,0.241,0.425,0.593,232.89,64.61,38.21,null,null
13,0.95,0.288,1.315,0.337,186.83,-97.2,-113.86,null,null
14,0.95,0.449,1.557,0.002,51.67,-36.35,17.3,null,null
15,0.95,0.42,1.218,0.125,-19.81,28.72,132.79,null,null
16,0.95,0.545,0.853,0.248,-164.95,-28.05,109.81,null,null
17,0.95,0.568,0.542,0.454,-163.06,66.62,-65.61,null,null
18,0.95,-1.154,-0.308,0.457,-233.62,-70.83,-224.22,null,null
19,0.95,-1.331,0.65,1.39,-75.08,16.51,-210.39,null,null
0,0.95,-0.763,0.401,0.316,-160.04,-53.47,-127.57,null,null
1,0.95,-1.73,0.119,1.849,-235.97,165.29,-189.67,null,null
2,0.95,-0.82,0.71,0.533,112.31,65.22,90.85,null,null
3,0.95,-0.966,-0.024,0.807,57.19,19.04,136.14,null,null
4,0.95,-0.516,0.26,0.756,100.65,130.5,118.59,null,null
5,0.95,0.003,0.783,0.438,147.1,42.48,-49.07,null,null
6,0.95,0.217,1.56,0.374,178.23,-107.39,-169.38,null,null
7,0.95,0.472,1.431,0.234,8.61,-5.34,29.82,null,null
8,0.95,0.194,1.284,0.095,-30.46,-2.41,129.89,null,null
9,0.95,0.28,1.055,0.373,-154.97,62.14,167.12,null,null
10,0.95,0.505,0.58,0.468,-99.52,-11.35,-49.26,null,null
11,0.95,-0.295,-0.14,0.335,-180.73,-99.98,-104.92,null,null
12,0.95,-1.642,0.168,1.484,-257.36,140.2,-195.17,null,null
13,0.95,-0.663,0.561,0.797,25.61,22.61,92.29,null,null
14,0.95,-0.887,0.082,0.639,34.91,-81.09,113.16,null,null
15,0.95,-0.41,0.373,0.537,90.12,40.07,66.35,null,null
16,0.95,0.151,0.435,0.634,147.65,70.5,7.29,null,null
17,0.95,0.0,1.768,0.521,152.04,-34.79,-176.89,null,null
18,0.95,0.367,1.482,0.372,74.31,11.32,-21.27,null,null
19,0.95,0.144,1.293,0.338,-39.89,49.07,116.06,null,null
0,0.95,0.526,1.849,0.258,104.95,-34.82,-57.34,null,null
1,0.95,0.451,1.325,0.204,-35.1,11.72,150.24,null,null
2,0.95,0.778,0.72,0.216,-127.23,-51.12,125.68,null,null
3,0.95,-0.54,0.862,0.136,-138.31,-89.51,-152.81,null,null
4,0.95,-3.393,0.933,1.141,-26.61,119.14,-414.01,null,null
5,0.95,-0.688,0.737,-0.228,59.76,-30.43,118.38,null,null
6,0.95,-0.677,-0.196,0.485,-39.8,27.8,91.31,null,null
7,0.95,-0.004,0.42,0.548,-56.49,87.16,104.86,null,null
8,0.95,-0.028,1.084,0.399,213.08,-55.15,-74.53,null,null
9,0.95,0.193,1.847,0.133,121.19,-117.44,-112.92,null,null
10,0.95,0.435,1.673,-0.024,34.27,3.91,96.87,null,null
11,0.95,0.616,1.026,0.03,-94.36,71.6,156.41,null,null
12,0.95,0.812,0.837,0.522,-162.79,-12.6,1.37,null,null
13,0.95,-1.591,-0.609,0.456,-256.81,-78.16,-193.64,null,null
14,0.95,-1.023,1.103,1.216,-23.74,-67.69,-195.2,null,null
15,0.95,-1.7,-0.462,0.778,34.67,-27.16,219.37,null,null
16,0.95,-0.608,0.268,0.468,218.48,78.1,143.22,null,null
17,0.95,0.304,0.315,0.44,213.02,53.16,61.37,null,null
18,0.95,0.331,1.672,0.029,261.21,-203.13,-169.68,null,null
19,0.95,0.824,1.912,-0.124,64.88,-40.04,-4.09,null,null
0,0.95,-0.121,0.485,0.869,6.87,-2.38,4.43,null,null
1,0.95,-0.118,0.492,0.851,3.23,-1.01,3.63,null,null
2,0.95,-0.114,0.475,0.843,2.17,2.5,1.77,null,null
3,0.95,-0.086,0.578,0.922,15.63,10.47,-17.06,null,null
4,0.95,-0.231,1.044,1.076,68.61,-18.71,15.41,null,null
5,0.95,-0.185,0.941,0.897,94.39,-41.51,63.08,null,null
6,0.95,-0.085,0.838,0.717,83.99,-48.16,89.18,null,null
7,0.95,-0.065,0.837,0.64,81.82,-41.14,114.11,null,null
8,0.95,0.115,0.673,0.445,58.69,-74.68,158.88,null,null
9,0.95,0.351,0.43,0.232,46.39,-63.05,176.95,null,null
10,0.95,0.61,-0.052,0.126,44.53,-51.24,153.17,null,null
11,0.95,0.894,-0.223,-0.139,36.26,-25.42,95.4,null,null
12,0.95,1.0,-0.005,-0.118,44.65,-8.61,42.63,null,null
13,0.95,1.12,-0.072,-0.259,11.2,-34.76,65.31,null,null
14,0.95,0.998,-0.23,-0.356,-0.82,-11.87,27.71,null,null
15,0.95,0.931,-0.344,-0.279,-17.37,9.7,0.52,null,null
16,0.95,0.93,-0.353,-0.219,-44.34,29.45,-56.4,null,null
17,0.95,0.845,-0.119,-0.105,-52.16,59.33,-122.26,null,null
18,0.95,0.755,0.17,0.013,-96.16,63.36,-114.2,null,null
19,0.95,0.657,0.267,0.188,-129.43,89.69,-109.35,null,null
0,0.95,-0.867,-0.17,0.619,-13.09,-13.52,9.52,null,null
1,0.95,-0.85,-0.2,0.486,11.29,-3.48,1.22,null,null
2,0.95,-0.819,-0.236,0.513,7.81,-15.63,-0.27,null,null
3,0.95,-0.793,-0.191,0.618,41.35,-12.73,-8.61,null,null
4,0.95,-0.913,0.053,0.815,50.48,-25.61,-10.71,null,null
5,0.95,-0.968,0.164,0.922,31.56,-58.47,38.82,null,null
6,0.95,-1.136,0.261,0.934,57.13,-102.88,131.47,null,null
7,0.95,-1.132,0.331,0.949,62.11,-143.16,180.79,null,null
8,0.95,-0.818,0.362,0.91,41.69,-190.53,213.39,null,null
9,0.95,-0.4,0.288,0.838,69.06,-188.33,216.71,null,null
10,0.95,0.173,0.132,0.394,91.16,-153.42,185.55,null,null
11,0.95,0.526,-0.056,0.064,92.01,-131.99,150.3,null,null
12,0.95,0.724,-0.182,-0.025,80.87,-37.17,101.72,null,null
13,0.95,0.968,-0.444,-0.048,43.4,-21.27,62.65,null,null
14,0.95,1.017,-0.293,0.035,5.43,18.52,-12.18,null,null
15,0.95,0.956,-0.183,0.098,-21.0,20.42,-18.52,null,null
16,0.95,0.941,-0.294,0.031,-51.09,14.34,-36.96,null,null
17,0.95,0.866,-0.286,-0.008,-102.51,69.46,-72.54,null,null
18,0.95,0.68,-0.145,0.243,-122.32,166.69,-119.11,null,null
19,0.95,0.181,0.172,0.808,-95.71,130.99,-137.85,null,null
0,0.95,-0.947,-0.096,0.644,64.79,-42.05,-35.34,null,null
1,0.95,-0.898,-0.049,0.695,49.1,-74.98,-10.19,null,null
2,0.95,-0.908,-0.104,0.682,31.74,-102.15,7.42,null,null
3,0.95,-0.835,0.021,0.838,21.67,-107.06,11.6,null,null
4,0.95,-0.758,0.168,1.053,3.14,-106.27,60.06,null,null
5,0.95,-0.618,0.007,1.026,26.12,-129.22,104.01,null,null
6,0.95,-0.535,0.364,1.144,60.24,-144.51,92.96,null,null
7,0.95,-0.267,0.198,1.039,70.1,-181.01,138.92,null,null
8,0.95,0.049,0.144,0.843,72.39,-172.49,145.88,null,null
9,0.95,0.387,0.044,0.458,82.83,-142.89,115.51,null,null
10,0.95,0.605,-0.104,0.084,76.63,-119.48,97.9,null,null
11,0.95,0.795,-0.337,-0.188,34.46,-51.15,68.91,null,null
12,0.95,0.942,-0.514,-0.175,-5.83,8.36,7.75,null,null
13,0.95,0.845,-0.351,-0.062,-37.57,62.69,-63.6,null,null
14,0.95,0.703,-0.115,0.169,-79.44,119.79,-90.4,null,null
15,0.95,0.474,0.131,0.478,-105.08,145.88,-101.75,null,null
16,0.95,0.235,0.11,0.844,-107.55,147.83,-97.87,null,null
17,0.95,-0.114,-0.077,1.154,-80.05,217.69,-126.29,null,null
18,0.95,-0.436,0.331,1.401,-27.71,168.37,-124.88,null,null
19,0.95,-0.259,0.121,1.332,-34.85,23.13,-31.46,null,null
0,0.95,-0.749,-0.025,0.729,61.92,-61.59,5.62,null,null
1,0.95,-0.657,0.073,0.834,37.39,-70.71,23.01,null,null
2,0.95,-0.656,0.252,0.977,50.45,-57.44,27.68,null,null
3,0.95,-0.693,0.453,1.169,90.0,-72.85,63.39,null,null
4,0.95,-0.754,0.497,1.038,60.61,-145.91,156.96,null,null
5,0.95,-0.277,0.325,0.775,53.29,-162.76,184.82,null,null
6,0.95,0.142,0.219,0.641,62.44,-130.31,170.69,null,null
7,0.95,0.459,0.135,0.445,72.24,-92.26,131.57,null,null
8,0.95,0.668,0.019,0.256,60.52,-99.77,131.41,null,null
9,0.95,0.809,-0.184,0.038,46.42,-66.99,111.76,null,null
10,0.95,0.956,-0.383,-0.006,38.3,-19.65,71.87,null,null
11,0.95,1.094,-0.573,0.0,-1.74,-14.5,11.23,null,null
12,0.95,0.969,-0.397,-0.017,-26.76,12.21,-55.18,null,null
13,0.95,0.833,-0.218,0.028,-60.15,35.16,-81.24,null,null
14,0.95,0.852,-0.129,0.028,-105.04,59.79,-99.7,null,null
15,0.95,0.621,0.066,0.205,-131.57,146.98,-145.82,null,null
16,0.95,0.063,0.175,0.71,-150.09,150.0,-117.71,null,null
17,0.95,-0.081,0.053,0.998,-122.99,193.98,-96.87,null,null
18,0.95,-0.334,0.142,1.291,-67.32,157.69,-87.74,null,null
19,0.95,-0.272,-0.032,1.219,-40.1,89.21,-48.8,null,null
0,0.95,-0.645,0.548,1.163,90.21,-197.09,196.39,null,null
1,0.95,-0.24,0.412,0.925,90.98,-165.87,192.45,null,null
2,0.95,0.116,0.168,0.506,87.5,-134.1,170.75,null,null
3,0.95,0.382,0.089,0.3,69.31,-77.49,142.34,null,null
4,0.95,0.573,-0.074,0.145,52.4,-56.86,122.65,null,null
5,0.95,0.746,-0.383,0.039,24.23,-51.55,103.92,null,null
6,0.95,0.923,-0.603,-0.023,22.16,-30.58,51.03,null,null
7,0.95,0.998,-0.523,-0.041,2.66,-1.01,7.02,null,null
8,0.95,0.974,-0.493,-0.0,-27.38,9.13,-22.19,null,null
9,0.95,0.92,-0.431,0.041,-39.55,21.21,-46.05,null,null
10,0.95,0.904,-0.327,0.038,-60.91,24.38,-67.35,null,null
11,0.95,0.823,-0.192,0.064,-71.96,55.42,-94.39,null,null
12,0.95,0.668,0.006,0.171,-101.17,103.76,-106.33,null,null
13,0.95,0.418,0.054,0.457,-114.23,149.54,-106.72,null,null
14,0.95,0.179,0.077,0.73,-143.19,149.05,-84.26,null,null
15,0.95,-0.124,-0.058,1.025,-95.89,196.36,-112.43,null,null
16,0.95,-0.419,-0.106,1.172,-97.2,181.25,-107.61,null,null
17,0.95,-0.609,0.051,1.074,-37.32,137.12,-36.74,null,null
18,0.95,-0.709,-0.162,0.901,-52.67,63.69,1.28,null,null
19,0.95,-0.665,-0.269,0.772,-31.37,75.81,22.8,null,null
0,0.95,-0.901,-0.119,0.634,37.63,-51.91,-16.45,null,null
1,0.95,-0.823,-0.109,0.638,31.1,-69.34,2.56,null,null
2,0.95,-0.8,-0.069,0.719,47.55,-63.66,4.39,null,null
3,0.95,-0.811,0.066,0.888,43.49,-63.08,24.78,null,null
4,0.95,-0.718,0.201,1.037,57.31,-85.91,44.86,null,null
5,0.95,-0.657,0.377,1.088,86.83,-101.17,73.06,null,null
6,0.95,-0.455,0.386,1.062,67.23,-133.46,114.44,null,null
7,0.95,-0.208,0.408,0.92,83.32,-145.82,130.44,null,null
8,0.95,0.087,0.393,0.689,96.01,-125.86,126.22,null,null
9,0.95,0.249,0.289,0.503,87.25,-117.16,139.01,null,null
10,0.95,0.571,0.054,0.16,76.42,-127.63,150.18,null,null
11,0.95,0.795,-0.229,-0.104,72.15,-57.99,109.07,null,null
12,0.95,0.917,-0.437,-0.252,41.6,-39.25,63.72,null,null
13,0.95,0.995,-0.536,-0.271,-0.03,6.87,-7.05,null,null
14,0.95,0.944,-0.376,-0.133,-46.45,56.06,-70.07,null,null
15,0.95,0.826,-0.105,0.027,-75.44,87.89,-105.56,null,null
16,0.95,0.642,0.066,0.296,-133.46,141.39,-120.15,null,null
17,0.95,0.348,0.209,0.629,-114.17,118.87,-101.11,null,null
18,0.95,0.184,0.231,0.789,-86.76,127.38,-84.26,null,null
19,0.95,-0.034,0.087,0.949,-89.45,146.0,-87.1,null,null
0,0.95,-0.792,-0.129,0.734,71.66,-82.71,-5.49,null,null
1,0.95,-0.704,0.15,0.85,46.97,-92.75,17.24,null,null
2,0.95,-0.547,0.109,0.921,40.35,-97.93,46.39,null,null
3,0.95,-0.367,0.102,1.101,33.6,-91.13,65.19,null,null
4,0.95,-0.29,0.316,1.084,46.94,-144.54,92.2,null,null
5,0.95,-0.052,0.304,1.028,72.33,-143.56,114.78,null,null
6,0.95,0.245,0.296,0.824,96.71,-135.2,106.39,null,null
7,0.95,0.486,0.213,0.515,109.13,-110.9,109.74,null,null
8,0.95,0.665,0.004,0.121,86.28,-105.96,121.89,null,null
9,0.95,0.747,-0.185,0.027,62.44,-34.33,95.68,null,null
10,0.95,0.887,-0.422,-0.064,31.65,-37.2,69.67,null,null
11,0.95,1.027,-0.569,-0.174,9.22,-9.4,12.09,null,null
12,0.95,0.95,-0.44,-0.103,-26.76,34.67,-62.14,null,null
13,0.95,0.845,-0.187,0.0,-70.99,59.45,-95.83,null,null
14,0.95,0.771,0.051,0.182,-113.32,133.64,-113.38,null,null
15,0.95,0.364,0.161,0.706,-127.78,163.98,-113.25,null,null
16,0.95,0.179,0.145,0.842,-94.09,112.13,-101.99,null,null
17,0.95,-0.045,0.11,0.825,-101.84,126.71,-91.1,null,null
18,0.95,-0.362,-0.174,0.867,-81.79,175.02,-102.79,null,null
19,0.95,-0.743,-0.186,1.173,-104.71,203.5,-107.85,null,null
0,0.95,-0.895,-0.22,0.755,23.9,-90.52,-8.76,null,null
1,0.95,-0.808,-0.157,0.748,40.07,-98.85,6.96,null,null
2,0.95,-0.709,-0.114,0.94,11.05,-103.03,33.69,null,null
3,0.95,-0.694,0.107,1.213,55.67,-111.94,49.68,null,null
4,0.95,-0.593,0.134,1.137,54.75,-183.17,104.16,null,null
5,0.95,-0.322,0.138,1.02,58.38,-183.63,116.73,null,null
6,0.95,0.1,0.103,0.736,75.87,-162.54,112.31,null,null
7,0.95,0.351,0.07,0.476,70.68,-121.31,106.05,null,null
8,0.95,0.554,-0.069,0.306,71.66,-105.96,112.89,null,null
9,0.95,0.806,-0.351,-0.041,52.1,-112.98,106.33,null,null
10,0.95,1.074,-0.568,-0.315,27.5,-41.69,29.69,null,null
11,0.95,0.944,-0.335,-0.133,-27.07,45.59,-50.9,null,null
12,0.95,0.822,-0.169,0.11,-66.71,63.94,-69.28,null,null
13,0.95,0.688,-0.103,0.152,-87.28,107.24,-96.59,null,null
14,0.95,0.377,0.016,0.36,-92.47,149.72,-124.27,null,null
15,0.95,0.041,0.15,0.849,-106.66,190.01,-107.85,null,null
16,0.95,-0.227,0.12,1.274,-83.96,169.84,-85.88,null,null
17,0.95,-0.29,0.034,1.109,-57.89,137.42,-71.05,null,null
18,0.95,-0.531,-0.057,1.319,-87.31,148.5,-54.11,null,null
19,0.95,-0.528,-0.041,1.262,-31.53,56.12,-24.08,null,null
0,0.95,-0.836,0.015,0.925,62.23,-94.27,39.86,null,null
1,0.95,-0.709,0.129,0.987,48.13,-144.35,78.25,null,null
2,0.95,-0.527,0.246,1.049,49.07,-146.95,83.93,null,null
3,0.95,-0.334,0.273,1.009,71.29,-150.64,103.46,null,null
4,0.95,-0.109,0.258,0.892,93.05,-151.68,124.88,null,null
5,0.95,0.206,0.175,0.609,80.97,-152.07,143.89,null,null
6,0.95,0.395,-0.006,0.427,101.2,-92.23,158.06,null,null
7,0.95,0.753,-0.394,-0.068,58.63,-105.87,157.17,null,null
8,0.95,0.994,-0.639,-0.288,47.55,-26.31,69.73,null,null
9,0.95,1.024,-0.71,-0.143,-16.79,18.04,-27.04,null,null
10,0.95,0.85,-0.434,0.038,-57.31,55.36,-106.39,null,null
11,0.95,0.687,-0.139,0.166,-86.03,82.43,-139.41,null,null
12,0.95,0.319,0.125,0.554,-119.66,125.95,-137.39,null,null
13,0.95,0.168,0.194,0.777,-104.74,142.92,-121.34,null,null
14,0.95,-0.168,0.183,0.843,-93.97,185.92,-109.29,null,null
15,0.95,-0.485,0.052,0.92,-67.87,188.51,-100.59,null,null
16,0.95,-0.832,-0.229,0.96,-59.33,205.36,-90.7,null,null
17,0.95,-1.085,-0.103,0.986,-62.84,159.43,-68.27,null,null
18,0.95,-0.875,-0.291,0.825,-48.65,74.13,31.16,null,null
19,0.95,-0.865,-0.432,0.788,-85.85,70.47,41.08,null,null
0,0.95,-0.884,-0.208,0.765,44.92,-70.65,-7.05,null,null
1,0.95,-0.871,-0.159,0.744,77.49,-82.37,1.07,null,null
2,0.95,-0.824,-0.119,0.808,65.03,-91.65,24.63,null,null
3,0.95,-0.751,0.121,0.904,75.9,-72.15,31.62,null,null
4,0.95,-0.665,0.252,0.964,69.52,-101.11,89.21,null,null
5,0.95,-0.596,0.338,1.081,52.86,-144.72,135.47,null,null
6,0.95,-0.308,0.306,0.925,74.1,-176.37,167.88,null,null
7,0.95,0.078,0.172,0.666,101.75,-160.89,177.98,null,null
8,0.95,0.434,-0.052,0.3,90.98,-119.63,158.45,null,null
9,0.95,0.672,-0.237,0.0,62.93,-44.95,145.82,null,null
10,0.95,0.985,-0.543,-0.018,32.53,-34.15,103.27,null,null
11,0.95,1.143,-0.871,-0.022,-0.85,-5.19,-20.69,null,null
12,0.95,0.842,-0.384,0.058,-36.81,49.01,-124.09,null,null
13,0.95,0.727,-0.024,0.129,-79.93,67.35,-134.59,null,null
14,0.95,0.523,0.201,0.446,-115.88,135.96,-127.6,null,null
15,0.95,0.297,0.189,0.858,-105.69,107.46,-101.84,null,null
16,0.95,0.112,0.242,0.957,-60.52,105.38,-87.68,null,null
17,0.95,0.064,0.082,0.883,-88.2,109.84,-59.27,null,null
18,0.95,-0.298,-0.096,1.01,-88.02,150.0,-64.97,null,null
19,0.95,-0.456,-0.03,1.133,-75.9,139.9,-62.75,null,null
0,0.95,-0.926,0.023,0.847,122.38,-101.54,25.91,null,null
1,0.95,-0.791,0.222,0.885,61.22,-125.43,50.63,null,null
2,0.95,-0.707,0.274,1.043,56.86,-133.79,105.44,null,null
3,0.95,-0.481,0.347,0.913,75.11,-143.41,144.41,null,null
4,0.95,-0.26,0.267,0.84,71.78,-150.4,168.98,null,null
5,0.95,0.171,0.037,0.533,95.58,-140.14,183.54,null,null
6,0.95,0.599,-0.145,0.168,87.59,-92.1,153.75,null,null
7,0.95,0.835,-0.382,0.171,38.27,-28.44,119.48,null,null
8,0.95,1.083,-0.58,0.162,0.09,-9.98,75.56,null,null
9,0.95,1.015,-0.553,0.241,-16.24,6.93,-36.35,null,null
10,0.95,0.849,-0.312,0.197,-51.12,21.27,-92.96,null,null
11,0.95,0.717,-0.096,0.252,-76.36,59.02,-124.58,null,null
12,0.95,0.517,0.093,0.529,-97.87,98.48,-143.62,null,null
13,0.95,0.262,0.314,0.749,-75.96,98.12,-156.96,null,null
14,0.95,-0.0,0.35,0.818,-98.09,97.38,-124.67,null,null
15,0.95,-0.327,0.179,0.938,-109.04,126.01,-105.23,null,null
16,0.95,-0.579,0.247,1.035,-21.55,138.52,-89.45,null,null
17,0.95,-0.605,0.066,0.839,-44.86,99.06,-46.17,null,null
18,0.95,-0.772,-0.059,0.74,-133.06,82.06,1.37,null,null
19,0.95,-0.896,-0.185,0.688,-44.8,119.57,-5.83,null,null
0,0.95,-0.87,0.33,0.899,91.37,-82.98,61.98,null,null
1,0.95,-0.827,0.426,0.986,95.07,-109.78,164.71,null,null
2,0.95,-0.508,0.375,0.734,58.02,-166.66,194.34,null,null
3,0.95,-0.185,0.36,0.708,44.74,-120.49,200.69,null,null
4,0.95,0.178,0.14,0.535,66.01,-78.34,180.49,null,null
5,0.95,0.567,-0.277,0.273,25.42,-99.31,186.44,null,null
6,0.95,0.851,-0.625,0.068,-13.18,-63.23,130.74,null,null
7,0.95,1.022,-0.745,0.093,15.38,9.58,13.03,null,null
8,0.95,0.932,-0.597,0.196,-28.9,31.89,-68.18,null,null
9,0.95,0.739,-0.295,0.253,-45.38,40.56,-117.28,null,null
10,0.95,0.615,-0.019,0.404,-49.87,82.46,-152.32,null,null
11,0.95,0.421,0.227,0.627,-74.68,97.48,-160.19,null,null
12,0.95,0.12,0.32,0.896,-85.7,103.98,-143.68,null,null
13,0.95,0.091,0.106,0.766,-96.59,79.99,-116.4,null,null
14,0.95,-0.472,-0.098,1.007,-133.95,149.78,-101.66,null,null
15,0.95,-0.693,-0.034,1.067,-73.52,141.97,-83.62,null,null
16,0.95,-0.68,0.118,0.897,-55.7,69.55,-3.54,null,null
17,0.95,-0.568,-0.276,0.626,-93.84,54.75,81.42,null,null
18,0.95,-0.684,-0.607,0.672,-131.72,160.28,91.22,null,null
19,0.95,-1.059,-0.435,0.808,-25.88,179.36,9.22,null,null
0,0.95,-0.89,0.102,0.91,80.72,-110.54,87.44,null,null
1,0.95,-0.817,0.229,0.885,53.41,-150.79,133.0,null,null
2,0.95,-0.541,0.326,0.841,49.07,-147.04,161.38,null,null
3,0.95,-0.2,0.286,0.726,53.83,-140.23,181.71,null,null
4,0.95,0.2,0.174,0.563,59.36,-104.86,187.02,null,null
5,0.95,0.471,-0.122,0.442,52.89,-73.67,173.99,null,null
6,0.95,0.717,-0.372,0.238,42.21,-62.87,143.99,null,null
7,0.95,0.908,-0.735,0.269,13.79,-9.4,79.9,null,null
8,0.95,1.029,-0.875,0.25,4.97,-6.53,-9.98,null,null
9,0.95,0.788,-0.52,0.263,-32.84,27.65,-110.17,null,null
10,0.95,0.6,-0.344,0.314,-69.09,55.21,-144.32,null,null
11,0.95,0.466,-0.071,0.457,-79.99,94.97,-179.63,null,null
12,0.95,0.059,0.344,0.881,-62.65,129.86,-183.39,null,null
13,0.95,0.015,0.343,0.86,-92.41,72.97,-141.27,null,null
14,0.95,-0.496,0.234,0.953,-127.57,117.4,-97.81,null,null
15,0.95,-0.613,0.152,0.702,-81.21,125.55,-43.49,null,null
16,0.95,-0.806,-0.062,0.804,-88.44,193.12,-19.9,null,null
17,0.95,-0.958,-0.437,1.007,-103.31,202.67,2.99,null,null
18,0.95,-1.11,-0.387,0.959,-42.24,144.57,-13.03,null,null
19,0.95,-1.005,-0.29,0.791,-33.42,41.6,23.77,null,null
0,0.95,-0.228,0.195,0.853,-50.17,167.94,-205.85,null,null
1,0.95,-0.423,0.317,0.851,-58.57,120.18,-169.07,null,null
2,0.95,-0.633,0.098,0.835,-149.48,110.48,-114.63,null,null
3,0.95,-0.894,-0.139,0.764,-118.87,145.6,-96.65,null,null
4,0.95,-1.135,-0.212,0.839,-97.08,159.15,-49.59,null,null
5,0.95,-1.021,-0.236,0.85,-81.33,87.13,12.73,null,null
6,0.95,-0.949,-0.463,0.71,-36.71,71.2,33.85,null,null
7,0.95,-0.917,-0.395,0.443,0.73,57.44,12.63,null,null
8,0.95,-1.044,-0.433,0.695,-81.42,9.13,14.98,null,null
9,0.95,-0.833,-0.594,0.654,60.46,10.71,14.77,null,null
10,0.95,-0.949,-0.228,0.208,30.03,-28.41,32.69,null,null
11,0.95,-0.909,-0.204,0.133,25.27,-15.2,29.15,null,null
12,0.95,-0.885,-0.219,0.184,-18.83,1.25,23.01,null,null
13,0.95,-0.852,-0.259,0.251,-8.48,14.47,-10.01,null,null
14,0.95,-0.938,-0.142,0.238,-3.17,22.25,-35.31,null,null
15,0.95,-0.982,-0.171,0.375,-28.05,8.67,-10.35,null,null
16,0.95,-0.94,-0.18,0.335,-33.91,-18.95,6.74,null,null
17,0.95,-0.939,-0.2,0.281,-31.65,-15.93,8.64,null,null
18,0.95,-0.903,-0.211,0.247,8.82,-11.32,10.04,null,null
19,0.95,-0.889,-0.235,0.264,-6.07,-4.52,5.58,null,null
0,0.95,-0.144,0.305,0.645,71.02,-160.74,184.18,null,null
1,0.95,0.298,0.228,0.481,70.31,-106.66,156.07,null,null
2,0.95,0.575,0.015,0.202,79.62,-88.78,154.36,null,null
3,0.95,0.715,-0.166,0.168,54.08,-4.39,128.45,null,null
4,0.95,0.801,-0.32,0.352,-0.06,19.96,108.71,null,null
5,0.95,0.95,-0.532,0.352,-4.39,-34.67,72.57,null,null
6,0.95,1.036,-0.686,0.208,6.41,-19.35,-2.2,null,null
7,0.95,0.933,-0.513,0.098,-43.12,14.59,-81.24,null,null
8,0.95,0.858,-0.379,0.13,-70.89,56.15,-117.74,null,null
9,0.95,0.694,-0.196,0.362,-82.77,112.61,-154.15,null,null
10,0.95,0.455,0.041,0.498,-84.66,118.5,-173.71,null,null
11,0.95,0.005,0.169,0.77,-55.42,124.24,-183.78,null,null
12,0.95,-0.42,0.308,0.732,-59.54,147.83,-193.55,null,null
13,0.95,-0.675,-0.121,0.757,-85.51,171.09,-152.04,null,null
14,0.95,-0.847,0.05,0.667,-53.19,178.38,-71.26,null,null
15,0.95,-1.113,-0.204,0.404,-119.17,56.25,-15.84,null,null
16,0.95,-1.095,-0.581,0.774,-155.4,202.34,-31.34,null,null
17,0.95,-1.208,-0.492,0.877,-129.34,130.1,-5.58,null,null
18,0.95,-0.934,-0.601,0.581,-25.03,-30.34,31.95,null,null
19,0.95,-1.055,-0.547,0.602,4.82,45.99,16.79,null,null
0,0.95,-0.943,-0.087,0.404,6.9,-31.65,3.6,null,null
1,0.95,-0.923,-0.054,0.472,1.74,-45.99,0.24,null,null
2,0.95,-0.926,-0.046,0.579,-2.14,-55.48,4.33,null,null
3,0.95,-0.849,-0.091,0.807,-35.52,-86.98,1.1,null,null
4,0.95,-0.86,-0.112,0.981,6.93,-82.43,-2.17,null,null
5,0.95,-0.765,-0.114,0.805,15.38,-97.26,4.15,null,null
6,0.95,-0.59,-0.154,0.767,-2.53,-96.99,3.91,null,null
7,0.95,-0.403,-0.083,0.784,5.37,-89.14,-5.58,null,null
8,0.95,-0.268,-0.08,0.852,12.21,-75.59,-3.69,null,null
9,0.95,-0.126,-0.064,0.788,14.28,-67.32,3.63,null,null
10,0.95,0.007,-0.047,0.631,6.71,-47.64,5.49,null,null
11,0.95,0.11,-0.073,0.666,-9.58,3.54,2.29,null,null
12,0.95,0.079,-0.068,0.671,-5.74,36.01,-3.51,null,null
13,0.95,-0.08,-0.024,0.717,-2.99,68.88,-7.14,null,null
14,0.95,-0.286,-0.044,0.761,-0.03,87.71,-2.84,null,null
15,0.95,-0.45,-0.038,0.733,20.42,114.57,-3.57,null,null
16,0.95,-0.649,-0.073,0.746,-20.87,139.1,6.71,null,null
17,0.95,-0.953,-0.253,0.665,-38.67,124.3,10.22,null,null
18,0.95,-1.08,-0.217,0.546,-3.23,135.44,-12.67,null,null
19,0.95,-1.116,-0.108,0.484,15.35,102.73,-20.17,null,null
0,0.95,-1.215,-0.086,0.534,14.47,-88.87,-12.88,null,null
1,0.95,-1.237,-0.058,0.55,33.45,-134.83,12.27,null,null
2,0.95,-1.06,-0.12,0.568,-5.92,-147.77,17.21,null,null
3,0.95,-0.865,-0.156,0.646,-17.43,-143.8,0.85,null,null
4,0.95,-0.602,-0.11,0.666,22.25,-135.14,-4.61,null,null
5,0.95,-0.394,-0.06,0.682,23.87,-101.05,-7.14,null,null
6,0.95,-0.173,-0.004,0.614,-12.18,-59.14,3.3,null,null
7,0.95,-0.037,-0.041,0.741,-25.39,-23.35,3.23,null,null
8,0.95,0.009,-0.016,0.777,-7.17,-9.25,0.18,null,null
9,0.95,0.019,-0.068,0.718,7.17,19.65,5.4,null,null
10,0.95,-0.113,-0.029,0.645,3.88,64.61,-11.41,null,null
11,0.95,-0.278,0.006,0.655,8.94,80.26,-7.45,null,null
12,0.95,-0.534,-0.044,0.766,-21.24,117.04,-2.72,null,null
13,0.95,-0.74,-0.161,0.912,-42.76,119.79,-0.55,null,null
14,0.95,-0.855,-0.095,0.682,-16.14,83.5,4.12,null,null
15,0.95,-0.955,-0.045,0.49,-6.65,65.98,21.24,null,null
16,0.95,-0.998,-0.133,0.562,2.11,110.69,31.4,null,null
17,0.95,-1.077,-0.011,0.573,-19.44,128.03,-4.03,null,null
18,0.95,-1.124,0.052,0.438,9.64,63.26,-15.41,null,null
19,0.95,-1.021,0.014,0.201,23.93,-0.79,14.98,null,null
0,0.95,-1.148,-0.038,0.632,9.61,-102.33,4.91,null,null
1,0.95,-1.059,-0.05,0.593,9.89,-132.66,16.85,null,null
2,0.95,-0.875,-0.044,0.562,-2.04,-133.98,7.9,null,null
3,0.95,-0.659,-0.08,0.651,-8.36,-121.13,9.16,null,null
4,0.95,-0.408,-0.081,0.685,9.37,-101.05,-0.55,null,null
5,0.95,-0.22,-0.062,0.703,7.63,-58.75,-3.81,null,null
6,0.95,-0.118,-0.019,0.738,0.0,-25.36,-1.86,null,null
7,0.95,-0.053,-0.018,0.769,-6.5,-7.23,-1.74,null,null
8,0.95,-0.08,-0.041,0.77,-10.1,15.05,-2.62,null,null
9,0.95,-0.136,-0.007,0.683,9.25,42.82,-9.25,null,null
10,0.95,-0.256,-0.011,0.663,-7.45,74.62,-1.16,null,null
11,0.95,-0.454,-0.038,0.728,-2.66,102.66,-3.48,null,null
12,0.95,-0.751,-0.163,0.799,-17.03,107.46,2.23,null,null
13,0.95,-0.888,-0.187,0.72,-14.25,104.65,-1.25,null,null
14,0.95,-0.951,-0.073,0.598,26.58,85.94,-18.31,null,null
15,0.95,-1.092,0.082,0.529,14.65,86.83,-29.66,null,null
16,0.95,-1.067,0.022,0.488,7.75,46.69,-0.34,null,null
17,0.95,-0.987,-0.095,0.377,-33.27,8.21,17.24,null,null
18,0.95,-0.958,-0.074,0.277,-27.56,22.22,14.53,null,null
19,0.95,-0.967,-0.089,0.249,-23.44,19.53,15.17,null,null
0,0.95,-0.983,0.02,0.074,1.28,-0.21,1.16,null,null
1,0.95,-0.996,0.045,0.17,-9.89,-8.45,-8.27,null,null
2,0.95,-0.991,0.016,0.284,-30.06,-42.02,-18.31,null,null
3,0.95,-1.043,-0.003,0.383,-36.59,-70.16,-13.18,null,null
4,0.95,-1.107,-0.055,0.573,-23.19,-90.33,-4.39,null,null
5,0.95,-1.083,-0.048,0.592,9.28,-110.48,12.36,null,null
6,0.95,-0.931,-0.055,0.559,5.1,-117.22,17.03,null,null
7,0.95,-0.729,-0.069,0.637,-4.64,-92.96,16.91,null,null
8,0.95,-0.572,-0.073,0.74,-3.51,-85.18,10.1,null,null
9,0.95,-0.448,-0.059,0.805,-4.12,-73.64,2.35,null,null
10,0.95,-0.302,-0.037,0.765,8.88,-69.95,-2.17,null,null
11,0.95,-0.186,-0.004,0.739,1.22,-46.21,-4.46,null,null
12,0.95,-0.104,-0.031,0.785,3.08,-26.15,-1.01,null,null
13,0.95,-0.051,-0.065,0.795,-10.22,-3.85,2.59,null,null
14,0.95,-0.071,-0.059,0.709,2.59,19.81,-4.33,null,null
15,0.95,-0.177,-0.004,0.693,4.94,53.53,-7.05,null,null
16,0.95,-0.362,-0.043,0.796,-17.49,89.6,-1.62,null,null
17,0.95,-0.526,-0.088,0.83,6.74,86.31,-5.65,null,null
18,0.95,-0.637,-0.002,0.765,18.25,82.52,-13.15,null,null
19,0.95,-0.748,0.01,0.652,8.91,92.07,-12.24,null,null
0,0.95,-0.942,-0.081,0.35,-5.71,-0.58,0.73,null,null
1,0.95,-0.936,-0.077,0.401,-7.45,-8.3,0.4,null,null
2,0.95,-0.945,-0.058,0.436,-7.72,-19.38,-0.34,null,null
3,0.95,-0.956,-0.085,0.624,-20.6,-40.71,2.9,null,null
4,0.95,-0.983,-0.03,0.704,14.65,-63.57,8.94,null,null
5,0.95,-0.954,-0.042,0.705,11.41,-90.58,12.97,null,null
6,0.95,-0.854,-0.03,0.729,20.78,-98.03,12.63,null,null
7,0.95,-0.725,-0.009,0.757,24.48,-94.49,11.32,null,null
8,0.95,-0.588,0.006,0.786,6.01,-92.41,5.22,null,null
9,0.95,-0.365,0.013,0.71,-4.06,-87.47,9.8,null,null
10,0.95,-0.187,0.014,0.629,-26.7,-65.89,11.32,null,null
11,0.95,-0.042,-0.089,0.713,-18.16,-22.0,1.86,null,null
12,0.95,-0.046,-0.053,0.704,-1.95,7.11,-6.84,null,null
13,0.95,-0.102,-0.046,0.613,22.46,32.65,-9.16,null,null
14,0.95,-0.312,-0.026,0.671,11.14,95.74,-16.05,null,null
15,0.95,-0.477,-0.036,0.77,24.32,112.19,-18.74,null,null
16,0.95,-0.69,-0.1,0.889,-25.15,93.11,-15.41,null,null
17,0.95,-0.788,-0.017,0.846,-34.12,86.46,-11.05,null,null
18,0.95,-0.928,-0.157,0.81,-21.09,62.87,-5.13,null,null
19,0.95,-0.93,-0.115,0.682,-47.18,50.48,4.76,null,null
0,0.95,-1.046,0.006,0.551,-5.07,-84.02,12.02,null,null
1,0.95,-0.975,-0.008,0.552,1.83,-97.93,22.8,null,null
2,0.95,-0.861,-0.031,0.639,12.6,-86.83,19.07,null,null
3,0.95,-0.748,-0.014,0.71,-0.12,-82.52,14.59,null,null
4,0.95,-0.634,-0.001,0.788,-0.79,-78.74,10.86,null,null
5,0.95,-0.48,0.034,0.806,4.82,-78.71,10.5,null,null
6,0.95,-0.338,-0.0,0.807,-3.57,-70.1,8.09,null,null
7,0.95,-0.197,0.046,0.783,-5.74,-50.87,3.48,null,null
8,0.95,-0.079,0.066,0.753,-1.4,-39.28,1.53,null,null
9,0.95,-0.007,0.009,0.789,-5.13,-12.39,2.9,null,null
10,0.95,0.012,-0.02,0.819,-0.73,4.3,-1.46,null,null
11,0.95,-0.054,-0.024,0.805,5.71,24.32,-5.95,null,null
12,0.95,-0.134,0.017,0.668,-1.01,45.56,-6.99,null,null
13,0.95,-0.299,0.049,0.818,44.13,88.08,-11.54,null,null
14,0.95,-0.514,0.121,0.849,30.95,84.51,-11.75,null,null
15,0.95,-0.597,0.088,0.746,4.39,82.49,-27.34,null,null
16,0.95,-0.822,0.108,0.735,-34.79,86.09,-22.52,null,null
17,0.95,-0.897,0.001,0.654,-51.09,88.81,-11.75,null,null
18,0.95,-0.959,-0.08,0.607,-24.51,89.69,-16.75,null,null
19,0.95,-1.026,-0.114,0.57,-23.9,91.59,-11.66,null,null
0,0.95,-1.023,-0.038,0.338,-39.77,-29.21,-4.85,null,null
1,0.95,-1.044,-0.047,0.398,-40.01,-50.63,-8.73,null,null
2,0.95,-1.038,-0.05,0.401,-0.46,-69.73,9.67,null,null
3,0.95,-0.975,-0.079,0.471,15.29,-64.79,16.72,null,null
4,0.95,-0.94,-0.029,0.565,4.21,-72.91,9.95,null,null
5,0.95,-0.897,-0.03,0.69,6.07,-76.63,13.4,null,null
6,0.95,-0.779,0.005,0.709,-0.06,-89.11,11.54,null,null
7,0.95,-0.586,-0.013,0.726,9.58,-86.76,15.05,null,null
8,0.95,-0.485,0.029,0.735,10.16,-81.24,5.74,null,null
9,0.95,-0.345,0.032,0.733,12.67,-69.8,4.33,null,null
10,0.95,-0.195,0.047,0.777,-24.51,-45.75,-4.79,null,null
11,0.95,-0.116,0.043,0.825,-14.71,-22.49,0.76,null,null
12,0.95,-0.067,-0.049,0.823,-8.15,-16.21,4.82,null,null
13,0.95,-0.076,-0.03,0.91,-3.85,12.91,-10.68,null,null
14,0.95,-0.12,0.021,0.88,5.62,15.75,-6.26,null,null
15,0.95,-0.146,0.043,0.67,10.25,19.84,-3.51,null,null
16,0.95,-0.229,0.01,0.607,-0.24,65.31,-3.66,null,null
17,0.95,-0.458,0.015,0.644,11.69,93.57,-14.13,null,null
18,0.95,-0.732,-0.039,0.7,-4.15,121.86,-20.75,null,null
19,0.95,-0.922,-0.032,0.651,14.74,111.76,-18.37,null,null
0,0.95,-0.972,0.013,-0.016,11.14,0.34,-8.36,null,null
1,0.95,-0.99,0.026,0.021,7.9,0.09,-5.95,null,null
2,0.95,-0.984,0.02,0.025,7.14,-5.04,0.0,null,null
3,0.95,-0.98,0.012,0.016,3.51,-7.29,4.67,null,null
4,0.95,-0.976,-0.005,0.009,3.88,-6.29,5.43,null,null
5,0.95,-0.99,-0.039,0.267,-12.39,9.52,-11.41,null,null
6,0.95,-1.175,-0.006,0.502,23.16,-65.68,-42.91,null,null
7,0.95,-1.183,0.013,0.434,18.74,-116.31,-7.63,null,null
8,0.95,-1.136,0.001,0.499,14.47,-123.63,15.32,null,null
9,0.95,-0.993,-0.043,0.553,12.3,-120.24,29.24,null,null
10,0.95,-0.788,-0.026,0.623,5.07,-108.25,18.43,null,null
11,0.95,-0.621,0.005,0.675,-5.71,-101.5,16.14,null,null
12,0.95,-0.438,-0.018,0.738,-2.99,-82.49,13.12,null,null
13,0.95,-0.263,0.001,0.707,-10.99,-66.1,5.95,null,null
14,0.95,-0.107,0.013,0.655,-8.67,-30.92,5.89,null,null
15,0.95,-0.051,0.015,0.788,-5.46,-10.13,6.68,null,null
16,0.95,-0.074,-0.011,0.891,-0.95,6.74,0.18,null,null
17,0.95,-0.093,-0.017,0.776,4.21,12.48,-0.73,null,null
18,0.95,-0.163,-0.008,0.637,7.69,38.79,-5.37,null,null
19,0.95,-0.292,0.043,0.701,11.29,77.79,-8.76,null,null
0,0.95,-1.112,-0.024,0.652,20.84,-108.52,18.13,null,null
1,0.95,-1.001,0.032,0.64,19.41,-126.65,28.78,null,null
2,0.95,-0.786,0.002,0.644,6.81,-127.05,29.21,null,null
3,0.95,-0.531,0.028,0.659,-17.0,-105.04,13.09,null,null
4,0.95,-0.355,0.039,0.639,-25.73,-88.23,7.93,null,null
5,0.95,-0.154,-0.007,0.638,-14.31,-51.39,5.74,null,null
6,0.95,-0.058,-0.029,0.757,-8.7,-13.28,2.9,null,null
7,0.95,-0.07,-0.007,0.892,5.1,4.09,-1.89,null,null
8,0.95,-0.081,-0.017,0.933,5.74,6.5,-4.91,null,null
9,0.95,-0.113,-0.015,0.891,4.0,14.16,-4.61,null,null
10,0.95,-0.171,0.021,0.751,6.47,26.15,-2.87,null,null
11,0.95,-0.235,0.006,0.646,14.34,54.41,-6.35,null,null
12,0.95,-0.42,0.025,0.656,0.7,90.4,-13.82,null,null
13,0.95,-0.687,-0.018,0.777,-26.98,105.62,-15.26,null,null
14,0.95,-0.841,-0.113,0.714,-2.72,97.17,-7.29,null,null
15,0.95,-0.889,-0.136,0.528,23.41,86.61,-15.29,null,null
16,0.95,-1.039,-0.126,0.465,23.71,114.44,-21.97,null,null
17,0.95,-1.195,-0.184,0.584,16.39,126.96,-26.12,null,null
18,0.95,-1.104,-0.142,0.507,-29.27,91.28,-12.7,null,null
19,0.95,-1.092,-0.002,0.223,-14.62,33.45,-2.08,null,null
0,0.95,-1.048,-0.047,0.284,-22.25,-48.22,13.58,null,null
1,0.95,-1.046,-0.028,0.412,-13.03,-65.52,17.58,null,null
2,0.95,-1.075,0.008,0.528,-8.18,-90.03,17.58,null,null
3,0.95,-1.014,0.03,0.636,0.61,-103.85,24.93,null,null
4,0.95,-0.934,0.079,0.698,2.44,-113.96,32.93,null,null
5,0.95,-0.671,0.028,0.702,-14.92,-112.31,22.58,null,null
6,0.95,-0.484,0.039,0.71,-45.35,-100.1,14.95,null,null
7,0.95,-0.321,0.067,0.663,-12.91,-81.51,9.19,null,null
8,0.95,-0.164,0.076,0.664,-3.66,-46.94,2.78,null,null
9,0.95,-0.084,0.063,0.734,1.1,-18.86,5.19,null,null
10,0.95,-0.045,0.01,0.859,-5.52,-4.12,4.39,null,null
11,0.95,-0.042,0.008,0.852,1.62,12.6,-0.61,null,null
12,0.95,-0.09,0.011,0.701,7.14,27.89,-2.35,null,null
13,0.95,-0.198,0.017,0.618,0.55,57.44,-7.63,null,null
14,0.95,-0.426,-0.031,0.725,-17.61,87.04,-13.18,null,null
15,0.95,-0.677,-0.096,0.786,-23.99,119.45,-11.38,null,null
16,0.95,-0.898,-0.025,0.646,17.0,110.66,-18.68,null,null
17,0.95,-0.96,0.045,0.627,-36.04,103.43,-11.11,null,null
18,0.95,-1.121,-0.002,0.574,-48.62,95.95,-5.58,null,null
19,0.95,-1.06,-0.181,0.551,-49.07,63.54,8.7,null,null
0,0.95,-1.125,0.01,0.339,-30.46,-57.13,-28.5,null,null
1,0.95,-1.111,-0.041,0.387,1.89,-95.25,-2.59,null,null
2,0.95,-1.06,-0.059,0.435,6.99,-95.58,13.25,null,null
3,0.95,-1.034,-0.054,0.611,5.37,-100.34,14.37,null,null
4,0.95,-0.887,-0.055,0.646,24.87,-109.65,14.68,null,null
5,0.95,-0.731,-0.004,0.685,3.45,-97.75,4.7,null,null
6,0.95,-0.533,0.022,0.684,4.43,-96.13,7.72,null,null
7,0.95,-0.362,0.01,0.744,0.73,-70.86,8.12,null,null
8,0.95,-0.197,0.054,0.734,20.6,-47.82,4.33,null,null
9,0.95,-0.136,0.053,0.783,-2.66,-19.44,7.97,null,null
10,0.95,-0.093,0.022,0.859,1.25,-6.13,4.09,null,null
11,0.95,-0.113,0.017,0.894,-2.87,5.22,-5.22,null,null
12,0.95,-0.149,0.026,0.829,-1.59,21.36,-7.02,null,null
13,0.95,-0.224,0.026,0.794,-0.18,40.71,-10.28,null,null
14,0.95,-0.329,0.089,0.79,4.27,51.94,-16.24,null,null
15,0.95,-0.454,0.158,0.794,22.77,52.13,0.34,null,null
16,0.95,-0.508,0.068,0.708,-4.76,66.77,-0.34,null,null
17,0.95,-0.682,0.019,0.746,-14.65,81.82,-19.1,null,null
18,0.95,-0.864,-0.019,0.791,-15.2,78.07,-21.45,null,null
19,0.95,-0.84,-0.012,0.545,24.48,61.46,-11.6,null,null
0,0.95,-1.088,0.065,0.558,5.68,-100.71,19.26,null,null
1,0.95,-0.978,-0.009,0.651,-0.55,-105.23,35.49,null,null
2,0.95,-0.842,0.014,0.675,9.49,-109.71,21.88,null,null
3,0.95,-0.682,0.118,0.694,-1.04,-99.06,9.58,null,null
4,0.95,-0.436,0.072,0.715,-14.07,-93.75,17.27,null,null
5,0.95,-0.277,0.044,0.694,-11.41,-82.92,13.98,null,null
6,0.95,-0.136,0.049,0.765,-3.72,-33.63,7.84,null,null
7,0.95,-0.05,0.047,0.772,-6.81,-14.71,3.33,null,null
8,0.95,-0.042,0.042,0.815,-2.75,10.25,-4.76,null,null
9,0.95,-0.083,0.056,0.796,4.97,20.63,-8.85,null,null
10,0.95,-0.161,0.063,0.78,-2.47,38.45,-8.61,null,null
11,0.95,-0.287,0.037,0.78,-1.92,55.18,-9.77,null,null
12,0.95,-0.386,0.103,0.737,13.89,74.19,-10.19,null,null
13,0.95,-0.574,0.043,0.777,-10.65,91.22,-8.15,null,null
14,0.95,-0.772,-0.035,0.833,-34.03,100.89,-18.04,null,null
15,0.95,-0.879,-0.037,0.798,-20.87,78.74,-20.2,null,null
16,0.95,-0.903,-0.054,0.688,22.52,67.54,-4.49,null,null
17,0.95,-0.93,-0.143,0.575,-79.44,54.2,-8.55,null,null
18,0.95,-0.982,-0.195,0.52,-47.18,70.86,2.32,null,null
19,0.95,-1.021,-0.171,0.464,-26.86,94.33,14.07,null,null
0,0.95,-0.374,0.729,-0.643,-8.33,-4.36,1.68,null,null
1,0.95,-0.334,0.61,-0.496,-32.01,3.91,-11.35,null,null
2,0.95,-0.392,0.681,-0.55,9.22,0.06,-3.11,null,null
3,0.95,-0.411,0.648,-0.618,27.34,5.07,-4.67,null,null
4,0.95,-0.435,0.727,-0.643,-18.56,-3.27,10.01,null,null
5,0.95,-0.409,0.702,-0.611,16.6,5.46,-8.12,null,null
6,0.95,-0.395,0.68,-0.655,28.53,24.69,-2.11,null,null
7,0.95,-0.297,0.644,-0.584,-95.22,2.99,21.91,null,null
8,0.95,-0.34,0.714,-0.587,29.85,-8.21,-5.8,null,null
9,0.95,-0.38,0.694,-0.662,27.47,8.58,0.73,null,null
10,0.95,-0.279,0.561,-0.485,-114.05,20.75,19.99,null,null
11,0.95,-0.311,0.686,-0.507,-9.16,-9.89,-4.85,null,null
12,0.95,-0.356,0.684,-0.545,27.38,2.17,-2.04,null,null
13,0.95,-0.373,0.672,-0.646,38.36,-6.47,-1.07,null,null
14,0.95,-0.359,0.677,-0.668,10.96,-1.74,1.04,null,null
15,0.95,-0.279,0.616,-0.549,-36.13,-0.85,0.85,null,null
16,0.95,-0.319,0.66,-0.713,33.85,-12.15,-9.34,null,null
17,0.95,-0.359,0.672,-0.636,11.29,-1.4,-3.11,null,null
18,0.95,-0.291,0.628,-0.597,-89.33,5.37,10.62,null,null
19,0.95,-0.357,0.731,-0.614,-16.72,1.71,0.18,null,null
0,0.95,-0.404,0.664,-0.526,52.74,1.19,-10.04,null,null
1,0.95,-0.415,0.615,-0.614,11.69,6.74,9.89,null,null
2,0.95,-0.337,0.759,-0.624,-79.84,-13.4,31.22,null,null
3,0.95,-0.377,0.742,-0.567,-21.91,0.76,-3.39,null,null
4,0.95,-0.383,0.682,-0.512,24.54,-0.73,-8.21,null,null
5,0.95,-0.404,0.653,-0.605,2.2,-0.95,3.72,null,null
6,0.95,-0.454,0.678,-0.606,-76.3,-28.2,9.8,null,null
7,0.95,-0.404,0.717,-0.584,-11.84,9.55,-5.1,null,null
8,0.95,-0.402,0.743,-0.558,-17.85,-2.38,-1.28,null,null
9,0.95,-0.413,0.668,-0.491,26.83,13.73,4.21,null,null
10,0.95,-0.38,0.702,-0.587,30.4,8.97,7.35,null,null
11,0.95,-0.348,0.723,-0.571,-48.95,-28.75,14.37,null,null
12,0.95,-0.391,0.748,-0.543,16.94,12.3,-3.81,null,null
13,0.95,-0.395,0.717,-0.561,20.05,2.93,-1.07,null,null
14,0.95,-0.38,0.695,-0.605,1.01,0.12,-2.59,null,null
15,0.95,-0.435,0.762,-0.609,-10.47,-7.05,3.6,null,null
16,0.95,-0.36,0.687,-0.522,-6.41,9.83,-7.78,null,null
17,0.95,-0.351,0.666,-0.574,-9.67,8.45,8.21,null,null
18,0.95,-0.364,0.716,-0.492,20.72,-9.19,2.9,null,null
19,0.95,-0.387,0.763,-0.589,-13.89,-10.25,9.13,null,null
0,0.95,-0.396,0.745,-0.585,-11.08,0.67,2.53,null,null
1,0.95,-0.369,0.728,-0.553,-0.27,0.67,-0.52,null,null
2,0.95,-0.365,0.695,-0.641,8.82,4.91,-5.46,null,null
3,0.95,-0.351,0.722,-0.588,8.67,-6.68,-5.4,null,null
4,0.95,-0.311,0.664,-0.524,-34.7,-5.43,0.79,null,null
5,0.95,-0.357,0.745,-0.535,-1.19,0.03,-1.31,null,null
6,0.95,-0.387,0.706,-0.549,7.81,2.47,-3.63,null,null
7,0.95,-0.398,0.752,-0.553,-10.04,-6.71,3.27,null,null
8,0.95,-0.383,0.733,-0.555,-4.12,2.5,-1.34,null,null
9,0.95,-0.37,0.731,-0.527,10.41,-2.04,2.17,null,null
10,0.95,-0.37,0.729,-0.569,0.7,-1.13,1.13,null,null
11,0.95,-0.359,0.72,-0.57,-1.4,-0.31,0.43,null,null
12,0.95,-0.4,0.728,-0.523,-6.74,2.47,3.48,null,null
13,0.95,-0.384,0.735,-0.569,-1.83,-0.82,1.1,null,null
14,0.95,-0.385,0.736,-0.556,-8.21,-3.51,1.98,null,null
15,0.95,-0.386,0.752,-0.559,0.92,-1.98,-0.85,null,null
16,0.95,-0.372,0.724,-0.537,9.09,-1.77,-6.16,null,null
17,0.95,-0.407,0.726,-0.585,10.96,0.4,-2.72,null,null
18,0.95,-0.402,0.724,-0.591,4.39,-1.07,-5.04,null,null
19,0.95,-0.397,0.71,-0.583,0.4,1.31,-0.95,null,null
0,0.95,-0.554,0.728,-0.404,-11.2,7.08,-12.6,null,null
1,0.95,-0.502,0.739,-0.372,21.24,-16.17,-8.45,null,null
2,0.95,-0.494,0.678,-0.473,22.83,8.7,3.97,null,null
3,0.95,-0.473,0.597,-0.531,-42.88,12.02,21.82,null,null
4,0.95,-0.518,0.733,-0.526,-8.85,5.28,4.03,null,null
5,0.95,-0.589,0.752,-0.289,-2.96,-41.02,-9.22,null,null
6,0.95,-0.515,0.723,-0.357,36.56,-6.23,-4.52,null,null
7,0.95,-0.587,0.696,-0.486,36.1,-8.51,-18.19,null,null
8,0.95,-0.533,0.677,-0.556,-0.82,5.04,2.78,null,null
9,0.95,-0.531,0.732,-0.469,-19.96,12.6,4.91,null,null
10,0.95,-0.585,0.794,-0.381,-20.26,12.85,4.03,null,null
11,0.95,-0.549,0.685,-0.339,4.24,-7.29,3.23,null,null
12,0.95,-0.529,0.653,-0.481,33.39,-13.73,-5.65,null,null
13,0.95,-0.551,0.754,-0.469,-4.39,4.61,15.2,null,null
14,0.95,-0.487,0.747,-0.458,-27.89,35.74,0.31,null,null
15,0.95,-0.592,0.732,-0.472,1.01,-7.54,-25.21,null,null
16,0.95,-0.506,0.706,-0.45,11.96,-8.79,-0.31,null,null
17,0.95,-0.47,0.658,-0.497,-1.07,-17.3,-4.39,null,null
18,0.95,-0.512,0.731,-0.488,5.8,-4.88,20.75,null,null
19,0.95,-0.526,0.754,-0.435,-13.21,16.75,4.61,null,null
0,0.95,-0.481,0.774,-0.327,8.39,-6.9,-4.88,null,null
1,0.95,-0.49,0.681,-0.405,16.75,5.1,-9.16,null,null
2,0.95,-0.469,0.709,-0.485,4.94,-4.58,0.43,null,null
3,0.95,-0.514,0.734,-0.46,-38.06,11.17,7.2,null,null
4,0.95,-0.468,0.778,-0.419,-31.62,11.23,2.44,null,null
5,0.95,-0.507,0.75,-0.351,15.9,-10.16,-3.78,null,null
6,0.95,-0.514,0.723,-0.421,25.03,-11.96,-13.92,null,null
7,0.95,-0.512,0.712,-0.458,-5.31,1.01,-3.78,null,null
8,0.95,-0.523,0.744,-0.458,-39.55,0.92,-3.97,null,null
9,0.95,-0.522,0.768,-0.401,-27.89,2.78,4.36,null,null
10,0.95,-0.505,0.767,-0.353,-12.51,7.87,1.56,null,null
11,0.95,-0.514,0.736,-0.293,27.47,-27.92,-2.93,null,null
12,0.95,-0.552,0.78,-0.351,36.47,-5.55,-15.56,null,null
13,0.95,-0.555,0.745,-0.442,37.32,-0.49,-9.89,null,null
14,0.95,-0.542,0.711,-0.449,-0.37,-3.02,-3.66,null,null
15,0.95,-0.598,0.76,-0.317,-37.48,11.93,13.12,null,null
16,0.95,-0.545,0.78,-0.334,-7.39,8.76,3.66,null,null
17,0.95,-0.508,0.758,-0.367,-2.69,6.71,3.51,null,null
18,0.95,-0.551,0.773,-0.327,63.84,-29.6,-5.13,null,null
19,0.95,-0.545,0.786,-0.447,28.41,-10.01,-2.99,null,null
0,0.95,-0.513,0.764,-0.388,16.91,-5.01,-3.27,null,null
1,0.95,-0.554,0.742,-0.404,15.72,-1.68,-5.28,null,null
2,0.95,-0.518,0.716,-0.439,7.9,4.55,-2.35,null,null
3,0.95,-0.53,0.69,-0.488,-9.8,-4.61,0.0,null,null
4,0.95,-0.579,0.687,-0.377,-41.75,9.46,12.12,null,null
5,0.95,-0.533,0.723,-0.361,-16.33,9.7,5.95,null,null
6,0.95,-0.515,0.733,-0.348,38.82,-17.0,-12.79,null,null
7,0.95,-0.575,0.751,-0.395,20.33,2.87,-3.78,null,null
8,0.95,-0.532,0.788,-0.426,-4.52,-1.86,-0.64,null,null
9,0.95,-0.542,0.695,-0.354,-20.11,9.03,12.6,null,null
10,0.95,-0.522,0.744,-0.286,-6.35,3.6,3.02,null,null
11,0.95,-0.531,0.703,-0.431,19.56,-10.1,-3.63,null,null
12,0.95,-0.603,0.726,-0.348,1.59,7.29,-0.58,null,null
13,0.95,-0.556,0.764,-0.385,-8.21,-4.0,0.31,null,null
14,0.95,-0.504,0.747,-0.445,-2.38,8.33,5.01,null,null
15,0.95,-0.512,0.753,-0.358,-2.66,-9.19,0.4,null,null
16,0.95,-0.582,0.699,-0.317,-14.89,9.09,-9.31,null,null
17,0.95,-0.538,0.714,-0.398,6.53,-0.24,-5.98,null,null
18,0.95,-0.572,0.65,-0.398,-22.16,8.0,19.1,null,null
19,0.95,-0.489,0.75,-0.446,0.64,-14.68,-1.22,null,null
0,0.95,-0.559,0.669,-0.342,-21.49,27.74,2.9,null,null
1,0.95,-0.47,0.726,-0.433,11.29,-3.75,2.69,null,null
2,0.95,-0.578,0.73,-0.373,-18.59,8.58,-0.46,null,null
3,0.95,-0.519,0.749,-0.338,-7.05,-1.04,2.5,null,null
4,0.95,-0.504,0.803,-0.449,-46.24,-20.54,-0.09,null,null
5,0.95,-0.53,0.773,-0.194,9.09,-15.17,11.17,null,null
6,0.95,-0.472,0.786,-0.415,21.52,3.51,-11.84,null,null
7,0.95,-0.507,0.725,-0.422,-1.77,2.93,-7.48,null,null
8,0.95,-0.54,0.766,-0.398,-60.85,-7.08,17.09,null,null
9,0.95,-0.527,0.793,-0.328,-42.48,6.59,-2.35,null,null
10,0.95,-0.502,0.808,-0.316,54.66,-22.49,-2.75,null,null
11,0.95,-0.551,0.795,-0.383,10.41,1.86,-5.65,null,null
12,0.95,-0.56,0.792,-0.372,0.18,4.52,-8.27,null,null
13,0.95,-0.569,0.755,-0.368,-47.46,7.78,10.65,null,null
14,0.95,-0.504,0.764,-0.313,-20.14,14.74,3.2,null,null
15,0.95,-0.505,0.769,-0.356,-0.55,0.06,3.88,null,null
16,0.95,-0.495,0.747,-0.313,33.02,-19.07,-8.91,null,null
17,0.95,-0.56,0.76,-0.349,9.98,-9.31,4.18,null,null
18,0.95,-0.54,0.755,-0.372,11.81,-8.12,-2.62,null,null
19,0.95,-0.548,0.741,-0.406,-8.12,0.31,-0.85,null,null
0,0.95,-0.552,0.747,-0.243,18.07,-5.31,-3.42,null,null
1,0.95,-0.573,0.762,-0.343,1.83,-1.22,-6.53,null,null
2,0.95,-0.556,0.737,-0.346,7.29,-6.16,1.8,null,null
3,0.95,-0.549,0.731,-0.37,7.48,-1.16,2.11,null,null
4,0.95,-0.547,0.744,-0.397,-15.35,3.88,-7.75,null,null
5,0.95,-0.56,0.758,-0.333,-41.93,7.84,7.93,null,null
6,0.95,-0.562,0.795,-0.282,-41.2,2.99,0.98,null,null
7,0.95,-0.558,0.739,-0.282,-2.72,2.44,2.44,null,null
8,0.95,-0.537,0.765,-0.324,35.46,-2.99,-12.88,null,null
9,0.95,-0.534,0.754,-0.347,1.83,6.47,-0.43,null,null
10,0.95,-0.534,0.73,-0.316,-12.39,4.52,5.46,null,null
11,0.95,-0.558,0.728,-0.286,4.61,-1.31,-1.46,null,null
12,0.95,-0.535,0.672,-0.33,18.46,-1.28,-1.83,null,null
13,0.95,-0.532,0.724,-0.341,1.16,0.4,4.21,null,null
14,0.95,-0.526,0.733,-0.384,-6.2,3.91,-0.09,null,null
15,0.95,-0.55,0.725,-0.314,-19.78,6.13,-2.69,null,null
16,0.95,-0.539,0.751,-0.339,-4.91,-3.23,1.8,null,null
17,0.95,-0.48,0.735,-0.342,-5.62,7.69,-0.21,null,null
18,0.95,-0.534,0.732,-0.332,-5.01,-9.37,-5.77,null,null
19,0.95,-0.574,0.782,-0.334,11.47,2.04,-0.82,null,null
0,0.95,-0.558,0.804,-0.323,1.22,-13.34,7.78,null,null
1,0.95,-0.577,0.797,-0.287,4.52,2.26,1.86,null,null
2,0.95,-0.52,0.775,-0.331,9.0,3.57,-9.67,null,null
3,0.95,-0.593,0.733,-0.36,-13.61,5.43,-4.73,null,null
4,0.95,-0.549,0.764,-0.313,13.58,-0.21,-2.93,null,null
5,0.95,-0.557,0.76,-0.312,3.94,2.11,-3.33,null,null
6,0.95,-0.534,0.798,-0.403,-33.69,-10.16,-9.09,null,null
7,0.95,-0.528,0.722,-0.351,-12.18,1.31,2.87,null,null
8,0.95,-0.542,0.756,-0.333,-2.35,2.47,3.97,null,null
9,0.95,-0.567,0.768,-0.277,-1.86,-1.65,-6.26,null,null
10,0.95,-0.554,0.702,-0.309,-12.82,7.02,2.81,null,null
11,0.95,-0.537,0.744,-0.304,1.46,0.09,7.78,null,null
12,0.95,-0.564,0.748,-0.264,2.04,1.43,-3.33,null,null
13,0.95,-0.644,0.756,-0.264,-5.52,3.91,12.7,null,null
14,0.95,-0.573,0.799,-0.282,15.29,-8.06,0.43,null,null
15,0.95,-0.544,0.76,-0.378,-16.94,16.3,-9.28,null,null
16,0.95,-0.535,0.736,-0.326,-8.33,-0.52,6.53,null,null
17,0.95,-0.553,0.757,-0.319,12.63,-6.1,5.13,null,null
18,0.95,-0.527,0.78,-0.378,-4.18,-6.74,-0.73,null,null
19,0.95,-0.533,0.777,-0.308,-10.71,17.09,-1.01,null,null
0,0.95,-0.56,0.77,-0.322,54.02,8.27,-19.23,null,null
1,0.95,-0.503,0.721,-0.389,12.82,1.13,13.21,null,null
2,0.95,-0.474,0.732,-0.408,-1.04,-7.14,4.39,null,null
3,0.95,-0.5,0.76,-0.4,3.23,-10.86,0.43,null,null
4,0.95,-0.478,0.825,-0.375,-62.65,-12.76,-5.16,null,null
5,0.95,-0.506,0.797,-0.302,-19.71,-5.58,7.08,null,null
6,0.95,-0.506,0.79,-0.268,-7.45,0.34,4.85,null,null
7,0.95,-0.552,0.791,-0.195,48.59,-25.57,1.43,null,null
8,0.95,-0.539,0.782,-0.294,8.3,13.82,-17.21,null,null
9,0.95,-0.51,0.821,-0.334,38.33,-5.71,1.5,null,null
10,0.95,-0.53,0.776,-0.346,18.52,-0.49,-2.5,null,null
11,0.95,-0.54,0.787,-0.348,-7.66,8.42,-2.81,null,null
12,0.95,-0.562,0.776,-0.223,-35.52,1.68,8.09,null,null
13,0.95,-0.504,0.814,-0.267,-9.03,-3.33,2.2,null,null
14,0.95,-0.521,0.822,-0.264,-9.0,1.8,-2.69,null,null
15,0.95,-0.477,0.778,-0.249,4.85,16.21,-0.18,null,null
16,0.95,-0.52,0.839,-0.263,16.82,-7.17,-1.25,null,null
17,0.95,-0.565,0.819,-0.286,35.43,-13.55,-18.95,null,null
18,0.95,-0.61,0.749,-0.166,21.88,13.52,1.1,null,null
19,0.95,-0.489,0.731,-0.33,28.96,-3.94,2.87,null,null
0,0.95,-0.49,0.77,-0.288,24.29,-3.54,-1.37,null,null
1,0.95,-0.522,0.753,-0.238,13.37,16.85,-3.17,null,null
2,0.95,-0.534,0.777,-0.36,-20.69,10.77,-5.71,null,null
3,0.95,-0.531,0.741,-0.276,-11.41,7.48,-0.7,null,null
4,0.95,-0.578,0.8,-0.231,33.94,-5.1,20.14,null,null
5,0.95,-0.538,0.763,-0.303,25.64,5.92,-0.43,null,null
6,0.95,-0.549,0.81,-0.289,-9.55,-6.41,3.3,null,null
7,0.95,-0.583,0.835,-0.28,50.11,-6.74,-0.89,null,null
8,0.95,-0.6,0.79,-0.233,1.46,17.03,-6.62,null,null
9,0.95,-0.507,0.773,-0.327,-6.9,1.37,-5.07,null,null
10,0.95,-0.638,0.786,-0.287,-25.06,-2.35,-1.46,null,null
11,0.95,-0.508,0.801,-0.304,0.43,-9.09,2.47,null,null
12,0.95,-0.522,0.793,-0.345,10.62,-8.61,6.1,null,null
13,0.95,-0.526,0.727,-0.275,-0.12,-8.45,0.24,null,null
14,0.95,-0.614,0.767,-0.23,-7.63,14.53,-7.26,null,null
15,0.95,-0.517,0.783,-0.268,10.96,6.44,-4.36,null,null
16,0.95,-0.521,0.774,-0.254,-7.54,12.09,2.29,null,null
17,0.95,-0.52,0.813,-0.259,-14.37,10.22,-1.4,null,null
18,0.95,-0.527,0.822,-0.351,32.78,-13.15,0.21,null,null
19,0.95,-0.52,0.772,-0.34,22.37,1.04,-1.95,null,null
0,0.95,-0.535,0.733,-0.407,1.8,-6.74,-0.82,null,null
1,0.95,-0.49,0.821,-0.399,-23.87,-7.66,1.25,null,null
2,0.95,-0.592,0.796,-0.316,3.85,7.69,-8.48,null,null
3,0.95,-0.478,0.747,-0.336,1.25,7.48,-5.22,null,null
4,0.95,-0.554,0.805,-0.34,2.26,-9.8,-4.09,null,null
5,0.95,-0.548,0.763,-0.425,-12.24,-4.7,6.23,null,null
6,0.95,-0.621,0.789,-0.31,-1.53,-15.26,5.1,null,null
7,0.95,-0.507,0.706,-0.253,11.32,39.16,-7.63,null,null
8,0.95,-0.514,0.802,-0.319,11.32,-3.14,1.1,null,null
9,0.95,-0.569,0.798,-0.397,19.65,-12.79,-4.09,null,null
10,0.95,-0.59,0.711,-0.243,27.95,3.05,1.46,null,null
11,0.95,-0.531,0.731,-0.354,13.58,11.29,-7.2,null,null
12,0.95,-0.516,0.758,-0.392,0.7,1.25,-8.0,null,null
13,0.95,-0.55,0.7,-0.291,6.78,16.63,7.69,null,null
14,0.95,-0.524,0.709,-0.39,-0.46,-5.22,0.37,null,null
15,0.95,-0.559,0.788,-0.416,-30.12,4.85,1.43,null,null
16,0.95,-0.543,0.709,-0.335,-5.16,-14.86,3.36,null,null
17,0.95,-0.56,0.775,-0.434,-7.26,-6.71,8.09,null,null
18,0.95,-0.542,0.738,-0.343,-3.08,3.6,0.55,null,null
19,0.95,-0.586,0.752,-0.43,13.46,-0.34,-5.13,null,null
0,0.95,-0.524,0.766,-0.325,-18.07,13.06,-9.55,null,null
1,0.95,-0.498,0.719,-0.31,-10.62,-8.0,-1.86,null,null
2,0.95,-0.537,0.676,-0.354,-30.98,9.13,11.54,null,null
3,0.95,-0.516,0.747,-0.419,2.5,2.59,3.02,null,null
4,0.95,-0.539,0.703,-0.323,-39.58,1.43,10.59,null,null
5,0.95,-0.491,0.732,-0.221,12.76,10.56,-6.96,null,null
6,0.95,-0.502,0.793,-0.325,6.5,-3.39,-3.11,null,null
7,0.95,-0.519,0.755,-0.375,14.98,10.44,-10.19,null,null
8,0.95,-0.506,0.789,-0.341,48.1,-0.31,-4.03,null,null
9,0.95,-0.539,0.758,-0.372,13.64,10.62,-7.87,null,null
10,0.95,-0.471,0.86,-0.463,-55.64,-7.66,0.15,null,null
11,0.95,-0.546,0.814,-0.358,-23.93,2.87,8.61,null,null
12,0.95,-0.523,0.794,-0.249,7.69,13.4,0.12,null,null
13,0.95,-0.473,0.773,-0.386,47.3,-19.59,-5.65,null,null
14,0.95,-0.496,0.782,-0.334,28.5,-8.85,-6.01,null,null
15,0.95,-0.557,0.737,-0.388,10.22,1.19,-1.83,null,null
16,0.95,-0.511,0.756,-0.429,-1.65,15.17,-2.35,null,null
17,0.95,-0.497,0.752,-0.301,-22.52,20.63,8.12,null,null
18,0.95,-0.532,0.801,-0.309,-7.69,13.31,-0.73,null,null
19,0.95,-0.52,0.802,-0.345,-14.44,24.32,6.5,null,null
0,0.95,-0.453,0.738,-0.444,6.47,12.76,-9.77,null,null
1,0.95,-0.479,0.724,-0.364,-6.81,16.79,-3.23,null,null
2,0.95,-0.485,0.758,-0.361,30.88,-25.09,-0.12,null,null
3,0.95,-0.551,0.782,-0.411,38.3,0.4,-2.08,null,null
4,0.95,-0.553,0.723,-0.448,9.95,-7.66,0.89,null,null
5,0.95,-0.518,0.727,-0.403,-67.69,-0.98,7.54,null,null
6,0.95,-0.516,0.742,-0.374,-31.98,4.03,4.15,null,null
7,0.95,-0.432,0.798,-0.313,-23.29,14.74,-2.35,null,null
8,0.95,-0.492,0.782,-0.294,30.4,-19.75,1.8,null,null
9,0.95,-0.501,0.749,-0.384,51.7,5.22,-16.45,null,null
10,0.95,-0.507,0.717,-0.415,16.17,-2.17,2.53,null,null
11,0.95,-0.515,0.714,-0.432,1.28,1.1,1.5,null,null
12,0.95,-0.507,0.775,-0.457,-50.23,2.41,-1.56,null,null
13,0.95,-0.507,0.711,-0.348,-22.1,6.32,6.16,null,null
14,0.95,-0.527,0.809,-0.273,5.01,9.28,-1.28,null,null
15,0.95,-0.51,0.767,-0.258,25.42,-3.42,-2.08,null,null
16,0.95,-0.526,0.783,-0.382,34.58,-8.51,-10.59,null,null
17,0.95,-0.524,0.746,-0.422,10.13,-2.11,2.5,null,null
18,0.95,-0.535,0.734,-0.402,-2.72,-0.31,2.66,null,null
19,0.95,-0.508,0.704,-0.331,-47.58,5.28,12.67,null,null
0,0.95,-0.51,0.707,-0.336,-8.18,24.87,-0.34,null,null
1,0.95,-0.508,0.751,-0.256,14.01,-8.79,3.78,null,null
2,0.95,-0.59,0.747,-0.391,37.66,-1.5,-13.15,null,null
3,0.95,-0.619,0.698,-0.355,-12.6,16.54,-2.32,null,null
4,0.95,-0.548,0.687,-0.415,12.67,-1.95,-2.17,null,null
5,0.95,-0.522,0.72,-0.429,8.0,-10.41,0.15,null,null
6,0.95,-0.534,0.798,-0.431,-39.09,4.82,2.84,null,null
7,0.95,-0.518,0.76,-0.348,-10.25,-9.89,8.91,null,null
8,0.95,-0.512,0.788,-0.31,-24.05,3.97,0.18,null,null
9,0.95,-0.489,0.782,-0.355,-17.09,27.59,6.84,null,null
10,0.95,-0.425,0.718,-0.422,58.69,-16.36,-10.53,null,null
11,0.95,-0.588,0.728,-0.349,-24.93,15.38,4.67,null,null
12,0.95,-0.535,0.722,-0.435,3.36,-1.98,0.18,null,null
13,0.95,-0.573,0.699,-0.432,-59.05,8.03,7.45,null,null
14,0.95,-0.53,0.763,-0.306,-11.23,2.08,5.71,null,null
15,0.95,-0.47,0.782,-0.399,20.75,-8.91,0.64,null,null
16,0.95,-0.516,0.759,-0.363,-5.4,3.36,-1.4,null,null
17,0.95,-0.5,0.767,-0.452,44.43,-22.06,4.79,null,null
18,0.95,-0.534,0.74,-0.434,-0.31,10.74,-4.73,null,null
19,0.95,-0.548,0.733,-0.368,-45.23,-2.75,11.02,null,null
0,0.95,0.234,-0.119,0.968,4.0,15.2,-8.09,null,null
1,0.95,0.247,0.036,0.938,-0.03,44.07,5.07,null,null
2,0.95,-0.514,0.062,0.445,77.64,144.93,-34.15,null,null
3,0.95,-0.194,-0.09,1.085,-40.59,108.16,-5.71,null,null
4,0.95,-0.175,-0.092,1.069,16.63,36.38,-7.26,null,null
5,0.95,-0.177,-0.046,1.091,-0.4,-19.17,-6.16,null,null
6,0.95,-0.02,0.072,0.563,-58.96,41.66,22.16,null,null
7,0.95,-0.102,-0.036,1.012,-17.94,-61.65,26.52,null,null
8,0.95,0.072,-0.118,0.935,-10.56,-27.74,9.98,null,null
9,0.95,0.083,-0.19,1.012,5.25,16.88,-4.43,null,null
10,0.95,0.024,-0.209,1.064,5.13,18.19,-1.56,null,null
11,0.95,0.052,-0.142,1.032,5.62,12.33,-6.04,null,null
12,0.95,0.236,-0.335,0.781,29.27,-40.59,0.67,null,null
13,0.95,0.336,-0.114,0.835,-83.38,-15.05,48.68,null,null
14,0.95,-0.107,-0.178,1.143,-23.13,-26.09,-0.85,null,null
15,0.95,-0.137,-0.087,1.013,-4.91,0.27,-5.43,null,null
16,0.95,-0.167,-0.138,0.994,-4.06,7.97,-6.53,null,null
17,0.95,-0.178,-0.088,0.933,3.91,6.74,-6.13,null,null
18,0.95,-0.188,-0.108,0.952,0.95,8.51,-3.66,null,null
19,0.95,-0.186,-0.123,0.97,1.59,9.43,-5.31,null,null
0,0.95,0.077,0.249,1.228,64.06,-7.42,33.17,null,null
1,0.95,0.311,0.108,0.806,12.27,-94.06,7.17,null,null
2,0.95,0.239,0.217,0.823,-0.58,1.86,0.21,null,null
3,0.95,0.311,0.101,0.939,-14.4,12.09,13.67,null,null
4,0.95,0.274,0.112,0.954,-19.5,18.52,2.23,null,null
5,0.95,0.285,0.107,1.038,-78.4,60.21,-1.34,null,null
6,0.95,0.235,0.007,1.016,-15.78,19.99,-19.1,null,null
7,0.95,-0.14,-0.056,1.186,-54.48,80.57,-19.87,null,null
8,0.95,-0.251,-0.075,1.148,-3.14,18.28,9.34,null,null
9,0.95,-0.218,0.039,0.98,-3.72,-18.22,5.19,null,null
10,0.95,-0.195,-0.007,0.984,-6.96,1.04,-3.85,null,null
11,0.95,-0.196,-0.011,0.949,2.01,-8.67,-0.89,null,null
12,0.95,-0.212,-0.009,0.95,3.17,13.89,-1.8,null,null
13,0.95,-0.225,-0.027,0.976,-7.45,1.46,-0.89,null,null
14,0.95,-0.242,0.0,0.958,1.22,8.73,-0.09,null,null
15,0.95,-0.268,0.01,0.972,1.8,7.26,-1.25,null,null
16,0.95,-0.266,-0.004,0.96,-3.54,4.91,-1.16,null,null
17,0.95,-0.255,0.01,0.934,1.34,3.27,-1.4,null,null
18,0.95,-0.278,0.014,0.941,-1.89,2.5,-3.33,null,null
19,0.95,-0.27,-0.005,0.949,-3.78,2.26,-0.64,null,null
0,0.95,-0.324,0.059,0.941,-2.23,-0.58,-0.79,null,null
1,0.95,-0.347,0.064,0.937,-1.4,-4.09,-0.15,null,null
2,0.95,-0.385,0.057,1.033,10.28,-38.82,1.31,null,null
3,0.95,-0.18,0.036,0.959,-9.52,-86.86,17.46,null,null
4,0.95,-0.007,0.128,0.959,17.06,-106.91,32.75,null,null
5,0.95,0.175,0.05,0.955,34.39,-54.14,16.75,null,null
6,0.95,0.318,0.076,0.768,14.19,-24.87,-8.12,null,null
7,0.95,0.068,0.242,1.194,-23.53,28.2,-14.19,null,null
8,0.95,0.19,0.212,0.986,0.06,-4.39,4.09,null,null
9,0.95,0.138,0.166,1.022,-0.89,1.46,3.85,null,null
10,0.95,0.103,0.09,1.0,-44.98,36.41,-7.14,null,null
11,0.95,0.055,0.143,0.884,-15.75,-20.23,-6.29,null,null
12,0.95,0.205,0.139,0.822,-0.92,14.59,-2.59,null,null
13,0.95,-0.168,0.153,1.149,-52.19,69.49,-22.0,null,null
14,0.95,-0.322,0.094,1.253,-19.56,19.53,6.9,null,null
15,0.95,-0.219,0.054,1.065,-12.42,-20.17,2.5,null,null
16,0.95,-0.203,0.047,0.991,-5.55,-10.47,0.61,null,null
17,0.95,-0.191,0.047,0.948,5.65,1.43,2.87,null,null
18,0.95,-0.216,0.072,0.938,1.07,9.95,3.6,null,null
19,0.95,-0.222,0.059,0.966,-5.68,4.43,2.44,null,null
0,0.95,-0.252,0.077,0.938,-1.25,-4.27,-1.4,null,null
1,0.95,-0.257,0.076,0.959,-3.17,0.4,-3.2,null,null
2,0.95,-0.28,0.06,0.992,7.11,-10.83,-0.98,null,null
3,0.95,-0.224,0.157,1.026,22.06,-103.64,11.41,null,null
4,0.95,-0.052,0.296,0.868,43.52,-140.42,20.81,null,null
5,0.95,0.33,0.196,0.75,6.2,-70.01,27.13,null,null
6,0.95,0.226,0.186,0.881,-6.1,31.4,-3.36,null,null
7,0.95,0.161,0.252,1.056,-0.61,15.9,0.09,null,null
8,0.95,0.189,0.231,0.949,0.37,18.89,6.93,null,null
9,0.95,0.066,0.224,1.021,-23.41,8.27,-10.28,null,null
10,0.95,-0.025,0.23,0.87,5.62,39.92,2.72,null,null
11,0.95,0.034,0.161,0.904,-14.98,49.93,-10.93,null,null
12,0.95,-0.075,0.138,0.944,-3.66,55.09,-9.95,null,null
13,0.95,-0.135,0.121,1.058,-7.39,1.8,-1.34,null,null
14,0.95,-0.15,0.154,1.021,-2.93,6.93,-2.14,null,null
15,0.95,-0.109,0.151,0.958,1.28,-6.23,2.87,null,null
16,0.95,-0.116,0.139,0.956,-2.01,-2.96,0.18,null,null
17,0.95,-0.119,0.137,0.965,0.0,-0.4,-1.28,null,null
18,0.95,-0.13,0.136,0.976,-0.31,5.77,-3.02,null,null
19,0.95,-0.141,0.153,0.961,1.92,6.87,-3.36,null,null
0,0.95,-0.247,0.145,0.952,0.31,0.24,0.15,null,null
1,0.95,-0.254,0.153,0.953,2.41,1.28,0.03,null,null
2,0.95,-0.271,0.146,0.981,-1.53,-0.55,0.18,null,null
3,0.95,-0.264,0.155,0.974,0.15,-8.58,2.17,null,null
4,0.95,-0.306,0.137,1.132,39.77,-87.41,3.3,null,null
5,0.95,0.462,0.09,1.035,-29.66,15.02,19.84,null,null
6,0.95,0.111,0.209,0.954,4.73,-84.75,19.07,null,null
7,0.95,0.303,0.208,0.844,16.72,-43.64,8.12,null,null
8,0.95,0.372,0.235,0.887,7.75,12.57,-3.69,null,null
9,0.95,0.266,0.242,0.942,-1.68,7.2,0.03,null,null
10,0.95,0.246,0.23,0.965,-6.84,7.78,0.4,null,null
11,0.95,0.264,0.169,0.91,19.35,52.22,-13.92,null,null
12,0.95,0.14,0.237,1.077,-85.45,14.44,0.06,null,null
13,0.95,-0.083,0.166,1.002,-30.12,21.79,3.45,null,null
14,0.95,-0.088,0.157,0.992,4.55,5.01,-0.4,null,null
15,0.95,-0.074,0.147,0.958,-1.53,1.71,-3.39,null,null
16,0.95,-0.103,0.149,0.963,-4.36,8.97,-4.18,null,null
17,0.95,-0.119,0.129,0.944,-0.52,9.43,-4.76,null,null
18,0.95,-0.134,0.181,0.972,-2.01,10.38,-5.71,null,null
19,0.95,-0.163,0.155,0.995,-3.23,9.86,-3.11,null,null
0,0.95,-0.055,0.249,0.937,21.61,-87.92,11.57,null,null
1,0.95,0.142,0.215,0.903,16.88,-15.9,-6.41,null,null
2,0.95,0.088,0.201,0.959,7.63,1.89,-1.56,null,null
3,0.95,0.088,0.178,0.967,-10.13,16.33,0.82,null,null
4,0.95,-0.031,0.175,1.038,-22.34,45.93,-9.4,null,null
5,0.95,0.133,0.031,0.831,41.75,24.69,-25.12,null,null
6,0.95,0.003,0.07,0.939,-6.99,16.57,-11.47,null,null
7,0.95,-0.078,0.097,0.936,-7.23,27.47,0.76,null,null
8,0.95,-0.13,0.129,0.964,-0.67,7.54,-0.09,null,null
9,0.95,-0.14,0.146,0.966,-1.5,4.97,-1.86,null,null
10,0.95,-0.126,0.13,0.939,-3.17,-2.56,-1.5,null,null
11,0.95,-0.156,0.137,0.969,1.25,6.32,-1.4,null,null
12,0.95,-0.184,0.144,0.955,4.82,2.9,-0.37,null,null
13,0.95,-0.191,0.13,0.962,4.88,1.68,0.98,null,null
14,0.95,-0.179,0.128,0.956,2.9,5.49,-0.73,null,null
15,0.95,-0.201,0.131,0.972,-6.96,4.7,-4.21,null,null
16,0.95,-0.205,0.119,0.973,4.91,4.21,-1.04,null,null
17,0.95,-0.213,0.14,0.947,2.75,1.1,-2.47,null,null
18,0.95,-0.209,0.148,0.952,-0.34,1.65,-2.72,null,null
19,0.95,-0.224,0.15,0.963,0.09,5.01,-1.46,null,null
0,0.95,-0.258,0.149,0.927,0.21,-2.11,0.98,null,null
1,0.95,-0.269,0.145,0.942,-1.62,-0.95,-0.4,null,null
2,0.95,-0.272,0.137,0.957,1.07,-5.37,0.82,null,null
3,0.95,-0.272,0.167,0.996,8.7,-27.13,3.42,null,null
4,0.95,-0.11,0.179,0.974,11.44,-120.03,15.23,null,null
5,0.95,0.028,0.268,1.257,-41.9,42.85,14.31,null,null
6,0.95,0.001,0.25,0.991,28.57,-42.7,0.67,null,null
7,0.95,0.054,0.219,0.967,-0.34,-13.34,5.49,null,null
8,0.95,0.103,0.204,1.0,-4.76,3.72,1.13,null,null
9,0.95,0.082,0.231,0.965,-7.02,14.98,2.78,null,null
10,0.95,-0.035,0.239,0.997,-22.74,19.44,-17.61,null,null
11,0.95,0.186,0.098,0.882,17.98,27.16,-6.96,null,null
12,0.95,-0.026,0.115,1.095,-46.3,-14.16,-8.06,null,null
13,0.95,-0.148,0.074,1.039,-12.82,8.79,-1.1,null,null
14,0.95,-0.114,0.107,0.97,-1.13,-4.67,-0.46,null,null
15,0.95,-0.15,0.146,0.964,-4.94,-1.92,-1.16,null,null
16,0.95,-0.149,0.129,0.961,-4.52,-1.77,-3.05,null,null
17,0.95,-0.172,0.135,0.978,-0.95,11.96,-4.09,null,null
18,0.95,-0.189,0.132,0.971,1.71,5.37,-2.72,null,null
19,0.95,-0.196,0.136,0.955,0.46,1.13,-0.82,null,null
0,0.95,-0.254,0.155,0.941,1.22,0.58,0.7,null,null
1,0.95,-0.244,0.147,0.935,0.21,3.91,-0.64,null,null
2,0.95,-0.249,0.142,0.963,0.18,0.92,-1.43,null,null
3,0.95,-0.258,0.147,0.954,0.73,-2.81,-0.82,null,null
4,0.95,-0.262,0.159,0.958,2.01,-12.45,0.52,null,null
5,0.95,-0.342,0.443,0.708,16.45,-172.09,31.01,null,null
6,0.95,-0.137,0.319,1.051,-12.63,-37.05,27.04,null,null
7,0.95,0.067,0.165,0.929,-0.31,-71.02,16.57,null,null
8,0.95,0.101,0.184,0.959,1.62,-25.54,5.25,null,null
9,0.95,0.124,0.18,0.947,-0.12,8.27,-2.26,null,null
10,0.95,0.137,0.19,0.924,-9.03,46.91,-0.18,null,null
11,0.95,0.003,0.159,1.188,-40.93,-41.32,-10.8,null,null
12,0.95,-0.295,0.364,0.912,12.73,64.85,-5.25,null,null
13,0.95,-0.066,0.188,0.973,1.8,60.27,-5.16,null,null
14,0.95,-0.113,0.196,1.012,0.52,21.33,-2.04,null,null
15,0.95,-0.081,0.186,0.99,3.91,3.33,-1.01,null,null
16,0.95,-0.078,0.158,0.972,-7.51,3.08,-1.65,null,null
17,0.95,-0.102,0.162,0.966,5.74,7.14,-0.24,null,null
18,0.95,-0.092,0.186,0.965,0.09,1.56,-0.64,null,null
19,0.95,-0.116,0.206,0.98,-0.64,1.68,-1.22,null,null
0,0.95,-0.174,0.233,0.96,-0.06,2.14,-0.95,null,null
1,0.95,-0.17,0.233,0.948,-0.95,0.76,-0.67,null,null
2,0.95,-0.166,0.223,0.945,-0.4,-1.71,0.98,null,null
3,0.95,-0.167,0.219,0.944,-0.43,-1.07,1.07,null,null
4,0.95,-0.164,0.225,0.967,-0.31,-2.93,0.24,null,null
5,0.95,-0.148,0.224,0.975,0.03,-4.76,0.79,null,null
6,0.95,-0.141,0.186,1.015,11.35,-38.3,-1.46,null,null
7,0.95,0.294,0.11,0.926,13.34,65.89,21.49,null,null
8,0.95,-0.054,0.245,1.002,13.98,-24.05,13.4,null,null
9,0.95,0.006,0.241,0.933,7.93,-19.01,2.9,null,null
10,0.95,0.041,0.215,0.963,-4.82,5.74,-3.36,null,null
11,0.95,0.041,0.209,1.002,-1.4,1.1,1.74,null,null
12,0.95,0.026,0.212,0.972,-10.53,11.11,-2.96,null,null
13,0.95,-0.019,0.219,0.982,-29.05,12.15,-2.35,null,null
14,0.95,-0.017,0.147,0.909,-8.48,53.56,-12.63,null,null
15,0.95,-0.185,0.142,0.932,18.74,67.38,-3.39,null,null
16,0.95,-0.117,0.063,0.872,2.23,28.11,-2.04,null,null
17,0.95,-0.221,0.075,1.001,-5.07,3.17,-3.94,null,null
18,0.95,-0.202,0.074,0.948,6.26,-0.03,-2.69,null,null
19,0.95,-0.211,0.066,0.962,2.84,-4.33,-0.37,null,null
0,0.95,-0.278,0.121,0.952,0.03,-1.25,0.55,null,null
1,0.95,-0.274,0.129,0.926,1.25,-4.0,-0.27,null,null
2,0.95,-0.296,0.14,0.953,1.59,-4.79,0.24,null,null
3,0.95,-0.276,0.172,0.99,27.86,-65.37,6.53,null,null
4,0.95,-0.146,0.188,0.938,30.34,-56.98,8.24,null,null
5,0.95,-0.021,0.175,0.995,6.81,-32.62,13.37,null,null
6,0.95,-0.006,0.202,0.936,27.34,-36.74,1.31,null,null
7,0.95,0.031,0.238,0.942,-0.24,0.95,-4.33,null,null
8,0.95,-0.004,0.228,0.992,0.85,-2.62,-1.68,null,null
9,0.95,0.001,0.207,0.978,-5.01,11.23,-1.62,null,null
10,0.95,-0.021,0.171,0.975,-7.14,17.76,-2.47,null,null
11,0.95,-0.067,0.128,0.951,-2.72,32.72,-4.52,null,null
12,0.95,0.01,-0.029,0.909,3.27,67.35,-23.53,null,null
13,0.95,-0.242,0.169,1.101,-33.69,-13.61,-18.13,null,null
14,0.95,-0.328,0.093,1.107,-15.38,28.63,0.64,null,null
15,0.95,-0.306,0.116,0.966,-0.58,1.46,0.76,null,null
16,0.95,-0.304,0.133,0.934,-1.22,1.98,-0.64,null,null
17,0.95,-0.29,0.117,0.921,3.14,1.98,-0.85,null,null
18,0.95,-0.319,0.142,0.931,-4.3,5.28,-3.75,null,null
19,0.95,-0.326,0.145,0.933,-1.1,5.65,-1.98,null,null
0,0.95,-0.356,0.118,0.928,2.35,0.27,0.98,null,null
1,0.95,-0.37,0.138,0.917,0.37,0.46,0.09,null,null
2,0.95,-0.35,0.128,0.928,1.25,-2.38,1.16,null,null
3,0.95,-0.357,0.156,0.938,15.02,-31.34,7.97,null,null
4,0.95,-0.273,0.204,0.903,21.97,-118.96,21.61,null,null
5,0.95,-0.186,0.138,1.1,13.34,-5.86,19.04,null,null
6,0.95,-0.09,0.244,0.908,3.97,-55.45,-1.74,null,null
7,0.95,-0.083,0.227,0.959,-3.66,-0.85,1.95,null,null
8,0.95,-0.036,0.24,0.904,1.01,8.88,3.45,null,null
9,0.95,-0.068,0.204,0.968,-6.2,13.06,1.56,null,null
10,0.95,-0.145,0.16,1.027,6.59,20.72,8.03,null,null
11,0.95,-0.045,0.165,0.962,3.63,36.87,-1.25,null,null
12,0.95,-0.033,0.109,0.963,5.71,23.74,-8.39,null,null
13,0.95,-0.087,0.329,1.035,-51.48,-54.05,-8.09,null,null
14,0.95,-0.243,0.177,1.056,-18.65,17.85,-0.89,null,null
15,0.95,-0.228,0.159,0.991,-8.94,1.31,-1.5,null,null
16,0.95,-0.25,0.166,0.951,-6.23,9.61,-2.72,null,null
17,0.95,-0.253,0.183,0.928,-3.97,2.99,-3.14,null,null
18,0.95,-0.272,0.177,0.939,0.79,6.62,-0.82,null,null
19,0.95,-0.267,0.165,0.943,4.85,1.25,-0.03,null,null
0,0.95,-0.169,0.005,0.965,-3.42,-5.1,-0.89,null,null
1,0.95,-0.189,0.04,0.98,-1.92,-7.93,-0.12,null,null
2,0.95,-0.168,0.029,1.137,-2.23,-19.65,2.35,null,null
3,0.95,-0.188,-0.0,1.176,61.13,-138.31,5.37,null,null
4,0.95,0.257,0.15,0.906,73.15,-198.4,4.82,null,null
5,0.95,0.613,0.224,0.615,70.5,-178.11,10.83,null,null
6,0.95,0.69,0.279,0.466,32.78,-23.93,-28.57,null,null
7,0.95,0.699,0.292,0.556,-3.45,14.07,-9.98,null,null
8,0.95,0.714,0.293,0.521,-26.03,69.12,-17.73,null,null
9,0.95,0.211,0.179,0.928,-55.88,282.78,-36.62,null,null
10,0.95,-0.185,0.246,0.96,-140.11,200.6,-0.03,null,null
11,0.95,-0.527,-0.028,0.7,-107.0,207.28,0.18,null,null
12,0.95,-0.857,-0.061,0.4,-46.66,268.2,3.88,null,null
13,0.95,-0.908,0.022,0.313,17.06,163.18,11.69,null,null
14,0.95,-1.016,-0.016,0.053,15.02,106.6,-12.63,null,null
15,0.95,-1.089,0.028,-0.019,24.72,73.79,7.54,null,null
16,0.95,-1.029,0.04,-0.14,11.38,11.66,24.14,null,null
17,0.95,-1.018,0.026,-0.166,0.73,-28.05,5.58,null,null
18,0.95,-1.092,0.069,-0.003,-12.67,-200.51,-11.63,null,null
19,0.95,-1.012,0.089,0.351,-8.97,-393.87,63.97,null,null
0,0.95,-0.315,0.043,0.955,-1.01,1.34,0.06,null,null
1,0.95,-0.319,0.043,0.956,-0.49,-2.08,0.34,null,null
2,0.95,-0.323,0.044,1.024,-0.95,-38.36,0.09,null,null
3,0.95,-0.236,0.079,1.126,35.25,-158.82,-0.06,null,null
4,0.95,0.07,0.184,1.09,54.02,-211.04,16.69,null,null
5,0.95,0.568,0.194,0.704,63.72,-162.94,4.09,null,null
6,0.95,0.638,0.266,0.553,39.43,-66.29,-6.87,null,null
7,0.95,0.662,0.3,0.526,2.32,-15.17,1.46,null,null
8,0.95,0.673,0.331,0.504,-14.07,35.16,-11.47,null,null
9,0.95,0.527,0.287,0.561,-99.25,204.72,-9.16,null,null
10,0.95,-0.232,0.056,1.154,-116.09,275.03,-26.89,null,null
11,0.95,-0.275,0.016,0.979,-8.03,190.68,-0.61,null,null
12,0.95,-0.579,0.006,0.638,-33.94,220.1,15.69,null,null
13,0.95,-0.905,0.017,0.549,-9.46,272.59,52.71,null,null
14,0.95,-0.975,0.088,0.262,6.78,107.46,43.0,null,null
15,0.95,-0.997,0.093,0.081,9.77,61.31,10.86,null,null
16,0.95,-1.052,0.129,0.083,-8.7,23.53,-19.17,null,null
17,0.95,-1.039,0.114,0.048,-4.43,-16.94,-26.12,null,null
18,0.95,-0.985,0.1,0.249,10.22,-103.4,-20.42,null,null
19,0.95,-0.973,0.096,0.577,3.75,-111.7,-34.0,null,null
0,0.95,-0.188,0.057,1.037,29.11,-130.01,-0.31,null,null
1,0.95,0.125,0.179,0.91,48.62,-208.59,12.51,null,null
2,0.95,0.424,0.22,0.927,30.98,-131.14,7.75,null,null
3,0.95,0.623,0.232,0.599,40.59,-87.31,-1.37,null,null
4,0.95,0.637,0.301,0.522,8.12,-0.15,-17.55,null,null
5,0.95,0.614,0.314,0.58,-27.86,59.57,-18.01,null,null
6,0.95,0.429,0.233,0.841,-76.36,182.41,-4.18,null,null
7,0.95,0.145,0.217,0.883,-71.99,173.1,2.9,null,null
8,0.95,-0.308,0.106,0.916,-15.63,180.55,-3.08,null,null
9,0.95,-0.486,-0.087,0.821,-8.76,187.96,4.52,null,null
10,0.95,-0.794,-0.026,0.605,0.37,161.02,0.7,null,null
11,0.95,-0.917,-0.003,0.403,-7.51,152.59,7.11,null,null
12,0.95,-0.919,0.013,0.22,28.08,174.47,45.23,null,null
13,0.95,-1.033,0.08,0.057,11.81,94.0,17.58,null,null
14,0.95,-1.032,0.072,0.008,9.37,16.79,3.3,null,null
15,0.95,-0.991,0.008,0.141,9.31,-50.57,-6.32,null,null
16,0.95,-0.977,0.034,0.229,13.34,-200.45,-3.57,null,null
17,0.95,-0.812,-0.103,0.578,12.18,-330.61,24.6,null,null
18,0.95,-0.272,0.021,0.788,-14.53,-142.89,9.61,null,null
19,0.95,-0.166,0.09,0.932,-16.57,-50.87,-14.68,null,null
0,0.95,-0.178,0.031,1.081,2.01,-76.48,1.53,null,null
1,0.95,-0.035,0.057,1.139,36.99,-161.05,14.47,null,null
2,0.95,0.512,0.068,0.801,51.12,-212.16,21.39,null,null
3,0.95,0.596,0.218,0.705,35.46,-60.58,-21.61,null,null
4,0.95,0.673,0.249,0.616,12.18,-57.1,2.9,null,null
5,0.95,0.74,0.23,0.535,-2.87,-7.51,-3.02,null,null
6,0.95,0.765,0.314,0.319,-54.63,116.0,-6.65,null,null
7,0.95,0.286,0.083,0.679,-109.56,363.35,-24.75,null,null
8,0.95,-0.269,-0.101,1.27,-23.32,137.33,1.77,null,null
9,0.95,-0.28,0.01,0.978,-13.28,87.68,-11.35,null,null
10,0.95,-0.447,0.01,0.881,-13.43,126.87,-5.92,null,null
11,0.95,-0.721,-0.031,0.631,-25.64,185.86,0.82,null,null
12,0.95,-1.065,0.098,0.548,-8.45,249.03,61.16,null,null
13,0.95,-0.995,0.097,0.101,-4.58,61.13,-0.64,null,null
14,0.95,-1.08,0.099,-0.012,3.88,13.09,-6.16,null,null
15,0.95,-1.011,0.061,-0.006,6.81,4.0,16.79,null,null
16,0.95,-1.029,0.1,0.096,6.35,-52.95,-8.88,null,null
17,0.95,-0.956,0.093,0.195,-11.96,-93.11,-21.58,null,null
18,0.95,-0.933,0.12,0.332,-38.97,-227.7,-34.85,null,null
19,0.95,-0.704,0.108,0.578,1.62,-241.62,-14.71,null,null
0,0.95,-0.014,-0.007,1.0,21.52,-99.28,1.71,null,null
1,0.95,0.051,0.044,1.065,38.24,-71.2,-14.53,null,null
2,0.95,0.308,0.053,1.025,15.93,-172.22,9.58,null,null
3,0.95,0.614,0.096,0.781,39.7,-179.63,29.94,null,null
4,0.95,0.764,0.061,0.594,51.82,-120.73,-12.57,null,null
5,0.95,0.823,0.161,0.27,36.74,-70.16,-7.78,null,null
6,0.95,0.863,0.125,0.196,2.66,-16.75,-7.51,null,null
7,0.95,0.792,0.243,0.245,-60.79,116.67,-31.07,null,null
8,0.95,0.6,0.149,0.653,-84.72,239.45,-12.39,null,null
9,0.95,0.154,0.029,1.103,-46.51,232.31,-21.58,null,null
10,0.95,0.014,0.106,1.004,28.08,153.08,-2.99,null,null
11,0.95,-0.122,0.036,0.912,22.77,174.99,7.02,null,null
12,0.95,-0.512,-0.081,0.668,3.69,295.36,9.83,null,null
13,0.95,-1.024,0.001,0.593,2.38,286.26,20.69,null,null
14,0.95,-0.94,0.018,0.24,-4.33,71.26,6.81,null,null
15,0.95,-0.972,0.002,0.156,2.41,35.52,-23.74,null,null
16,0.95,-1.114,0.007,0.134,-7.57,-9.46,-23.5,null,null
17,0.95,-1.018,0.005,0.195,-8.12,-59.05,-10.56,null,null
18,0.95,-0.894,0.085,0.262,3.39,-176.58,65.07,null,null
19,0.95,-0.773,0.074,0.632,-46.14,-259.25,-19.04,null,null
0,0.95,-0.336,0.068,0.917,-3.17,-3.36,-0.18,null,null
1,0.95,-0.351,0.044,0.939,-4.27,-4.24,-2.44,null,null
2,0.95,-0.335,0.043,0.942,0.49,-1.31,-2.87,null,null
3,0.95,-0.312,0.031,0.956,2.38,-3.57,-0.64,null,null
4,0.95,-0.33,0.073,1.063,-7.29,-29.54,0.03,null,null
5,0.95,-0.259,-0.042,1.082,-7.51,-127.32,-1.43,null,null
6,0.95,0.008,0.101,1.024,38.39,-359.26,10.5,null,null
7,0.95,0.678,0.088,0.601,53.71,-172.8,20.54,null,null
8,0.95,0.805,0.123,0.436,27.22,-52.74,-20.87,null,null
9,0.95,0.75,0.249,0.373,4.61,11.81,-17.76,null,null
10,0.95,0.799,0.229,0.438,-30.12,90.06,-18.8,null,null
11,0.95,0.204,0.228,0.905,69.8,287.39,-74.95,null,null
12,0.95,-0.143,0.225,0.927,-42.79,252.33,-0.12,null,null
13,0.95,-0.399,-0.03,0.929,-41.32,141.27,-33.97,null,null
14,0.95,-0.77,0.072,0.593,-31.34,234.29,-36.41,null,null
15,0.95,-1.008,0.022,0.58,-61.25,192.54,16.72,null,null
16,0.95,-1.046,0.018,0.23,-6.44,71.05,15.75,null,null
17,0.95,-1.051,0.033,0.149,6.26,-14.04,-6.78,null,null
18,0.95,-1.004,0.049,0.331,11.66,-71.11,-8.88,null,null
19,0.95,-0.983,-0.019,0.456,38.03,-352.0,-43.67,null,null
0,0.95,-0.327,0.087,0.927,0.37,0.43,1.19,null,null
1,0.95,-0.326,0.104,0.918,3.94,-2.72,1.16,null,null
2,0.95,-0.342,0.091,0.926,2.29,1.62,-0.55,null,null
3,0.95,-0.343,0.11,0.952,-0.95,-4.76,-1.92,null,null
4,0.95,-0.332,0.103,1.004,-7.02,-44.53,1.43,null,null
5,0.95,-0.216,0.087,1.045,5.22,-127.9,-3.69,null,null
6,0.95,-0.025,0.117,1.072,41.66,-174.41,2.35,null,null
7,0.95,0.524,0.189,0.824,45.59,-171.18,20.26,null,null
8,0.95,0.537,0.228,0.817,35.37,-94.67,-0.06,null,null
9,0.95,0.766,0.22,0.47,43.12,-82.43,-19.14,null,null
10,0.95,0.749,0.174,0.358,-16.82,31.01,-8.45,null,null
11,0.95,0.52,0.108,0.763,-51.36,217.87,-38.21,null,null
12,0.95,-0.068,0.261,1.146,-31.56,220.22,-39.67,null,null
13,0.95,-0.289,0.239,1.067,50.72,168.65,-30.21,null,null
14,0.95,-0.32,0.121,0.911,22.95,48.37,1.13,null,null
15,0.95,-0.351,0.046,0.851,23.13,140.2,7.75,null,null
16,0.95,-0.776,0.093,0.532,-74.53,255.5,30.37,null,null
17,0.95,-0.841,0.024,0.479,-42.48,103.4,11.47,null,null
18,0.95,-0.957,0.099,0.364,6.96,57.53,19.99,null,null
19,0.95,-0.992,0.124,0.322,1.59,-21.06,-12.24,null,null
0,0.95,-0.44,0.109,0.896,4.18,1.4,0.82,null,null
1,0.95,-0.429,0.121,0.872,6.04,1.46,2.23,null,null
2,0.95,-0.425,0.123,0.876,1.65,0.46,-0.67,null,null
3,0.95,-0.433,0.122,0.895,0.64,-2.56,0.46,null,null
4,0.95,-0.462,0.127,0.929,-13.37,-38.33,-3.78,null,null
5,0.95,-0.395,0.106,1.082,-42.82,-136.11,-9.7,null,null
6,0.95,-0.05,0.036,1.049,26.25,-235.51,7.9,null,null
7,0.95,0.352,0.102,0.904,53.29,-237.53,25.94,null,null
8,0.95,0.736,0.155,0.542,52.83,-160.13,-8.27,null,null
9,0.95,0.757,0.214,0.256,11.84,-4.85,-20.05,null,null
10,0.95,0.752,0.217,0.406,-36.53,101.47,-19.2,null,null
11,0.95,0.282,0.381,0.931,16.94,230.81,-64.94,null,null
12,0.95,0.153,0.335,0.889,-31.13,128.33,-11.84,null,null
13,0.95,-0.202,0.247,0.924,-6.26,133.64,-14.25,null,null
14,0.95,-0.331,0.125,0.93,-20.69,55.45,-2.96,null,null
15,0.95,-0.498,0.132,0.686,-41.32,167.61,17.4,null,null
16,0.95,-0.832,0.029,0.657,-19.32,246.04,34.49,null,null
17,0.95,-0.934,0.077,0.392,-3.91,77.73,4.76,null,null
18,0.95,-1.07,0.11,0.401,15.84,-12.94,-14.74,null,null
19,0.95,-0.957,0.087,0.625,26.0,-278.02,7.45,null,null
0,0.95,-0.257,0.09,0.955,2.56,-3.33,-1.04,null,null
1,0.95,-0.263,0.092,0.961,2.35,-0.92,0.85,null,null
2,0.95,-0.251,0.082,0.96,-1.83,-2.14,1.16,null,null
3,0.95,-0.258,0.083,1.025,-6.32,-30.64,0.61,null,null
4,0.95,-0.168,0.071,1.041,4.33,-64.21,4.03,null,null
5,0.95,-0.094,0.111,1.039,13.15,-116.03,3.14,null,null
6,0.95,0.148,0.122,0.964,31.71,-98.76,5.31,null,null
7,0.95,0.298,0.139,0.946,22.74,-127.63,11.17,null,null
8,0.95,0.51,0.211,0.903,43.18,-181.62,4.21,null,null
9,0.95,0.796,0.196,0.459,46.27,-69.06,-13.25,null,null
10,0.95,0.785,0.228,0.263,0.73,6.13,-6.96,null,null
11,0.95,0.835,0.268,0.366,-49.93,107.64,-12.7,null,null
12,0.95,0.603,0.275,0.708,-72.57,211.58,-15.9,null,null
13,0.95,0.042,0.179,0.852,-152.53,225.68,-10.86,null,null
14,0.95,-0.295,0.021,0.94,-115.15,145.97,-11.44,null,null
15,0.95,-0.418,-0.083,0.819,-62.23,181.04,-2.23,null,null
16,0.95,-0.731,0.01,0.561,-45.5,253.03,21.33,null,null
17,0.95,-1.103,0.119,0.3,13.95,171.21,11.66,null,null
18,0.95,-1.181,0.179,0.099,38.82,84.72,18.77,null,null
19,0.95,-1.099,0.147,0.075,0.12,-24.84,-15.63,null,null
0,0.95,-0.441,0.154,0.882,0.55,0.73,0.27,null,null
1,0.95,-0.416,0.127,0.891,0.09,0.21,1.37,null,null
2,0.95,-0.425,0.149,0.884,0.4,-1.28,0.76,null,null
3,0.95,-0.435,0.15,0.967,0.37,-22.06,3.97,null,null
4,0.95,-0.243,0.124,1.0,31.13,-223.52,3.85,null,null
5,0.95,0.009,0.307,0.967,41.26,-177.5,6.96,null,null
6,0.95,0.414,0.301,0.818,36.47,-224.49,43.95,null,null
7,0.95,0.665,0.31,0.672,31.83,-80.63,16.79,null,null
8,0.95,0.772,0.231,0.528,26.95,-70.22,24.11,null,null
9,0.95,0.79,0.191,0.207,10.68,-16.85,-13.67,null,null
10,0.95,0.756,0.318,0.175,-75.29,238.11,-35.22,null,null
11,0.95,-0.21,0.345,0.96,-79.2,356.79,-96.35,null,null
12,0.95,-0.212,0.127,1.005,-53.1,74.47,3.78,null,null
13,0.95,-0.27,0.117,0.893,-21.82,106.45,-14.71,null,null
14,0.95,-0.737,0.125,0.55,-60.61,266.18,-11.44,null,null
15,0.95,-0.899,-0.025,0.436,-11.93,146.43,52.58,null,null
16,0.95,-1.018,0.107,0.32,28.63,74.37,39.89,null,null
17,0.95,-1.053,0.123,0.329,19.47,8.88,14.95,null,null
18,0.95,-0.971,0.097,0.453,1.65,-77.55,-18.28,null,null
19,0.95,-0.846,0.158,0.52,33.63,-287.51,-6.81,null,null
0,0.95,-0.308,0.209,0.924,0.76,-2.75,-0.58,null,null
1,0.95,-0.313,0.216,0.922,-0.76,-3.02,-0.7,null,null
2,0.95,-0.291,0.2,0.925,-2.29,-2.56,0.18,null,null
3,0.95,-0.291,0.22,0.956,-8.94,-13.4,2.35,null,null
4,0.95,-0.219,0.198,1.063,17.64,-157.44,8.51,null,null
5,0.95,0.068,0.283,1.004,19.38,-184.58,16.48,null,null
6,0.95,0.511,0.294,0.859,27.77,-255.29,63.02,null,null
7,0.95,0.739,0.211,0.497,41.29,-76.54,12.39,null,null
8,0.95,0.764,0.182,0.289,13.49,-32.47,-17.21,null,null
9,0.95,0.709,0.288,0.386,-26.43,69.12,-44.59,null,null
10,0.95,0.366,0.346,0.752,-39.4,327.31,-83.86,null,null
11,0.95,-0.522,0.425,1.273,53.29,193.79,-51.21,null,null
12,0.95,-0.345,0.304,0.802,52.0,107.27,16.11,null,null
13,0.95,-0.39,0.133,0.676,-36.44,95.92,9.22,null,null
14,0.95,-0.996,0.049,0.637,-84.54,385.2,48.98,null,null
15,0.95,-0.934,0.031,0.405,-31.4,73.64,9.0,null,null
16,0.95,-0.974,0.096,0.305,2.44,7.87,-6.65,null,null
17,0.95,-1.002,0.118,0.277,0.06,-18.01,-9.95,null,null
18,0.95,-0.947,0.099,0.484,35.86,-146.24,-11.41,null,null
19,0.95,-0.8,0.115,0.701,-20.05,-329.66,41.23,null,null
0,0.95,-0.146,0.197,1.073,17.15,-143.13,12.36,null,null
1,0.95,0.298,0.276,0.804,18.62,-195.62,44.95,null,null
2,0.95,0.395,0.31,0.887,25.3,-113.1,13.28,null,null
3,0.95,0.65,0.286,0.586,32.26,-95.52,20.51,null,null
4,0.95,0.704,0.317,0.493,20.2,-35.07,2.41,null,null
5,0.95,0.71,0.309,0.415,-2.5,5.37,0.37,null,null
6,0.95,0.689,0.382,0.508,-23.16,58.02,-16.69,null,null
7,0.95,0.422,0.202,0.813,-56.89,224.83,-47.06,null,null
8,0.95,-0.07,0.208,1.056,-46.21,220.65,-82.13,null,null
9,0.95,-0.335,0.174,1.1,14.22,167.3,-47.76,null,null
10,0.95,-0.462,0.248,0.786,10.77,128.39,-8.61,null,null
11,0.95,-0.561,0.139,0.693,-17.4,164.59,8.64,null,null
12,0.95,-0.914,0.133,0.695,-37.63,212.84,32.56,null,null
13,0.95,-0.948,0.054,0.483,-25.24,58.78,5.16,null,null
14,0.95,-0.99,0.057,0.417,-0.61,-34.88,-16.97,null,null
15,0.95,-0.917,0.025,0.625,20.57,-178.38,1.62,null,null
16,0.95,-0.747,0.125,0.668,-10.77,-125.52,34.0,null,null
17,0.95,-0.537,0.115,0.799,-12.45,-103.67,25.12,null,null
18,0.95,-0.471,0.178,0.85,23.44,-42.63,13.0,null,null
19,0.95,-0.406,0.14,0.907,14.62,3.94,7.05,null,null
0,0.95,-0.466,0.097,0.869,-5.95,6.26,0.43,null,null
1,0.95,-0.465,0.05,1.013,-9.92,-29.51,7.57,null,null
2,0.95,-0.49,0.106,1.181,25.57,-246.01,8.73,null,null
3,0.95,0.063,0.204,1.027,78.34,-318.92,13.46,null,null
4,0.95,0.544,0.134,0.809,56.31,-200.17,20.84,null,null
5,0.95,0.791,0.181,0.203,46.94,-108.55,-13.25,null,null
6,0.95,0.647,0.306,0.176,-17.24,11.72,-27.13,null,null
7,0.95,0.452,0.102,0.642,-183.05,457.14,-67.57,null,null
8,0.95,-0.795,0.534,1.364,-2.08,110.42,-17.21,null,null
9,0.95,-0.211,0.104,0.878,51.06,33.02,12.97,null,null
10,0.95,-0.124,0.092,0.736,6.53,49.07,15.32,null,null
11,0.95,-0.479,-0.008,0.459,-85.18,288.77,23.93,null,null
12,0.95,-1.056,-0.145,0.594,-42.97,183.84,-14.83,null,null
13,0.95,-1.189,-0.018,0.21,17.76,44.04,14.19,null,null
14,0.95,-1.101,0.014,0.301,7.69,-80.75,-4.52,null,null
15,0.95,-1.066,0.03,0.44,91.59,-424.82,0.46,null,null
16,0.95,-0.334,0.046,0.713,79.74,-133.7,2.04,null,null
17,0.95,-0.209,0.047,0.898,-7.54,-9.25,3.94,null,null
18,0.95,-0.342,0.064,0.975,3.3,12.94,-4.7,null,null
19,0.95,-0.321,0.065,0.948,14.22,4.43,10.44,null,null
