frame_index,confidence,num_points,points,range_profile,motion_score
0,0.8,11,"[{""x"": -0.12087821960449219, ""y"": 0.7165074348449707, ""z"": 0.0, ""velocity"": 0.0, ""snr"": 0.0}, {""x"": -0.09620189666748047, ""y"": 0.736534595489502, ""z"": 0.0, ""velocity"": 0.0, ""snr"": 0.0}, {""x"": -0.016808509826660156, ""y"": 0.7621049880981445, ""z"": 0.0, ""velocity"": 0.0, ""snr"": 0.0}, {""x"": 0.0033974647521972656, ""y"": 1.6642212867736816, ""z"": 0.0, ""velocity"": 0.0, ""snr"": 0.0}, {""x"": 0.06347894668579102, ""y"": 1.690685749053955, ""z"": 0.0, ""velocity"": 0.0, ""snr"": 0.0}, {""x"": 0.07009506225585938, ""y"": 1.72501802444458, ""z"": 0.0, ""velocity"": 0.0, ""snr"": 0.0}, {""x"": 0.15878677368164062, ""y"": 0.7867813110351562, ""z"": 0.0, ""velocity"": 0.0, ""snr"": 0.0}, {""x"": 0.2186894416809082, ""y"": 0.7944703102111816, ""z"": 0.0, ""velocity"": 0.0, ""snr"": 0.0}, {""x"": 0.9316205978393555, ""y"": 1.9635558128356934, ""z"": 0.0, ""velocity"": 0.0, ""snr"": 0.0}, {""x"": 1.1576414108276367, ""y"": 1.804053783416748, ""z"": 0.0, ""velocity"": 0.0, ""snr"": 0.0}, {""x"": 1.2643933296203613, ""y"": 1.6983747482299805, ""z"": 0.0, ""velocity"": 0.0, ""snr"": 0.0}]","[146659.0, 215350.0, 148431.0, 45115.0, 9453.0, 2885.0, 4450.0, 12185.0, 15441.0, 8814.0, 6652.0, 12823.0, 19965.0, 18792.0, 21262.0, 71892.0, 134925.0, 117861.0, 74282.0, 37204.0, 8639.0, 6795.0, 7034.0, 6161.0, 4572.0, 3465.0, 4244.0, 6769.0, 8936.0, 10781.0, 7645.0, 9350.0, 13181.0, 11310.0, 9980.0, 18060.0, 27703.0, 34236.0, 25718.0, 22568.0, 17959.0, 16251.0, 11659.0, 9932.0, 12728.0, 19321.0, 31337.0, 31875.0, 21995.0, 11189.0, 11791.0, 13097.0, 7682.0, 6867.0, 7918.0, 9355.0, 6629.0, 6297.0, 6502.0, 6009.0, 5897.0, 5222.0, 4251.0, 6447.0, 7887.0, 7205.0, 6530.0, 5833.0, 4171.0, 4030.0, 4156.0, 4239.0, 3129.0, 3401.0, 4207.0, 3483.0, 3159.0, 2761.0, 3262.0, 3968.0, 3886.0, 3765.0, 4157.0, 4659.0, 3706.0, 4045.0, 6672.0, 6714.0, 4869.0, 3026.0, 2963.0, 2329.0, 3081.0, 2911.0, 3154.0, 3546.0, 3105.0, 2773.0, 2658.0, 2472.0, 3772.0, 3464.0, 2928.0, 2633.0, 2897.0, 3201.0, 3025.0, 3114.0, 3420.0, 3483.0, 2637.0, 4509.0, 5864.0, 5163.0, 4335.0, 3865.0, 3113.0, 2612.0, 2138.0, 2072.0, 1904.0, 2103.0, 2006.0, 1960.0, 1692.0, 1670.0, 1572.0, 1558.0]",0.0
1,0.8,10,"[{""x"": -0.11372566223144531, ""y"": 1.6871094703674316, ""z"": 0.0, ""velocity"": 0.0, ""snr"": 0.0}, {""x"": -0.0007152557373046875, ""y"": 0.6063580513000488, ""z"": 0.0, ""velocity"": 0.0, ""snr"": 0.0}, {""x"": -0.01055002212524414, ""y"": 0.6485581398010254, ""z"": 0.0, ""velocity"": 0.0, ""snr"": 0.0}, {""x"": 0.001430511474609375, ""y"": 0.7138252258300781, ""z"": 0.0, ""velocity"": 0.0, ""snr"": 0.0}, {""x"": 0.008761882781982422, ""y"": 0.7444024085998535, ""z"": 0.0, ""velocity"": 0.0, ""snr"": 0.0}, {""x"": 0.015914440155029297, ""y"": 0.7470846176147461, ""z"": 0.0, ""velocity"": 0.0, ""snr"": 0.0}, {""x"": -0.08171796798706055, ""y"": 1.6599297523498535, ""z"": 0.0, ""velocity"": 0.0, ""snr"": 0.0}, {""x"": 1.278519630432129, ""y"": 1.6912221908569336, ""z"": 0.0, ""velocity"": 0.0, ""snr"": 0.0}, {""x"": 1.3339519500732422, ""y"": 1.6788840293884277, ""z"": 0.0, ""velocity"": 0.0, ""snr"": 0.0}, {""x"": 1.5015006065368652, ""y"": 1.578211784362793, ""z"": 0.0, ""velocity"": 0.0, ""snr"": 0.0}]","[146176.0, 215365.0, 148313.0, 45462.0, 9243.0, 3096.0, 2051.0, 3575.0, 14051.0, 22477.0, 15910.0, 14643.0, 34016.0, 59831.0, 55113.0, 78674.0, 152014.0, 133276.0, 37661.0, 19921.0, 11393.0, 7493.0, 9900.0, 9818.0, 4961.0, 3604.0, 3961.0, 7079.0, 9293.0, 11438.0, 7935.0, 8720.0, 12442.0, 11195.0, 9453.0, 16803.0, 24313.0, 29144.0, 32415.0, 16093.0, 21479.0, 17132.0, 15034.0, 15398.0, 11131.0, 20644.0, 35079.0, 37255.0, 26347.0, 20657.0, 14750.0, 12992.0, 8379.0, 6456.0, 6656.0, 7835.0, 5757.0, 6414.0, 6765.0, 6572.0, 5390.0, 4821.0, 5107.0, 6107.0, 7231.0, 6446.0, 6059.0, 6721.0, 6452.0, 5300.0, 4681.0, 4480.0, 4661.0, 3924.0, 4623.0, 4419.0, 4737.0, 4352.0, 3708.0, 3550.0, 3788.0, 3364.0, 3070.0, 3567.0, 3223.0, 4423.0, 7300.0, 8042.0, 6256.0, 4046.0, 3634.0, 3190.0, 3643.0, 3744.0, 3091.0, 3320.0, 2531.0, 3127.0, 2807.0, 2800.0, 3539.0, 2968.0, 2424.0, 2614.0, 2953.0, 3152.0, 2686.0, 3462.0, 3620.0, 3568.0, 2493.0, 4349.0, 5870.0, 4840.0, 3017.0, 2782.0, 2360.0, 2213.0, 2164.0, 2118.0, 2021.0, 2290.0, 2518.0, 2068.0, 1700.0, 1721.0, 1732.0, 1633.0]",0.0
2,0.8,11,"[{""x"": -0.22995471954345703, ""y"": 0.6927251815795898, ""z"": 0.0, ""velocity"": 0.0, ""snr"": 0.0}, {""x"": -0.2714395523071289, ""y"": 0.7018446922302246, ""z"": 0.0, ""velocity"": 0.0, ""snr"": 0.0}, {""x"": -0.043451786041259766, ""y"": 0.6296038627624512, ""z"": 0.0, ""velocity"": 0.0, ""snr"": 0.0}, {""x"": -0.06508827209472656, ""y"": 0.6503462791442871, ""z"": 0.0, ""velocity"": 0.0, ""snr"": 0.0}, {""x"": -0.12606382369995117, ""y"": 0.6721615791320801, ""z"": 0.0, ""velocity"": 0.0, ""snr"": 0.0}, {""x"": -0.017702579498291016, ""y"": 1.6592144966125488, ""z"": 0.0, ""velocity"": 0.0, ""snr"": 0.0}, {""x"": 0.01055002212524414, ""y"": 1.6946196556091309, ""z"": 0.0, ""velocity"": 0.0, ""snr"": 0.0}, {""x"": 0.4169940948486328, ""y"": 0.6837844848632812, ""z"": 0.0, ""velocity"": 0.0, ""snr"": 0.0}, {""x"": 0.3744363784790039, ""y"": 0.7292032241821289, ""z"": 0.0, ""velocity"": 0.0, ""snr"": 0.0}, {""x"": 1.2824535369873047, ""y"": 1.6817450523376465, ""z"": 0.0, ""velocity"": 0.0, ""snr"": 0.0}, {""x"": 1.2461543083190918, ""y"": 1.7366409301757812, ""z"": 0.0, ""velocity"": 0.0, ""snr"": 0.0}]","[146165.0, 215203.0, 148276.0, 45369.0, 9317.0, 2952.0, 1999.0, 1857.0, 2082.0, 11756.0, 39889.0, 51115.0, 30134.0, 90486.0, 147847.0, 152733.0, 154848.0, 118394.0, 61253.0, 24510.0, 10752.0, 7084.0, 9026.0, 7854.0, 4702.0, 4699.0, 4841.0, 7076.0, 8424.0, 9329.0, 5710.0, 9102.0, 15014.0, 12886.0, 10094.0, 17957.0, 26317.0, 28305.0, 27300.0, 17875.0, 17029.0, 15547.0, 13383.0, 14979.0, 15199.0, 25045.0, 39293.0, 36585.0, 22190.0, 8089.0, 8247.0, 10599.0, 9046.0, 6999.0, 7276.0, 8352.0, 6569.0, 6111.0, 6951.0, 7533.0, 6188.0, 6023.0, 4905.0, 5979.0, 7082.0, 6871.0, 5947.0, 5407.0, 4360.0, 4237.0, 4065.0, 4164.0, 5057.0, 4439.0, 4341.0, 5239.0, 4664.0, 4109.0, 3344.0, 3066.0, 3663.0, 4057.0, 4200.0, 3999.0, 3629.0, 3772.0, 6501.0, 7083.0, 4628.0, 4134.0, 3248.0, 3908.0, 3431.0, 3434.0, 3303.0, 3229.0, 3101.0, 3630.0, 2708.0, 2781.0, 3508.0, 3203.0, 2578.0, 2678.0, 3096.0, 3093.0, 2854.0, 3152.0, 3608.0, 3309.0, 3130.0, 5483.0, 6762.0, 5366.0, 3440.0, 3023.0, 2201.0, 2085.0, 2340.0, 2223.0, 1860.0, 2196.0, 2546.0, 2249.0, 1668.0, 1669.0, 1636.0, 1573.0]",0.0
3,0.8,12,"[{""x"": -0.30934810638427734, ""y"": 0.44614076614379883, ""z"": 0.0, ""velocity"": 0.0, ""snr"": 0.0}, {""x"": -0.31936168670654297, ""y"": 0.44649839401245117, ""z"": 0.0, ""velocity"": 0.0, ""snr"": 0.0}, {""x"": -0.3350973129272461, ""y"": 0.4445314407348633, ""z"": 0.0, ""velocity"": 0.0, ""snr"": 0.0}, {""x"": -0.16987323760986328, ""y"": 0.7268786430358887, ""z"": 0.0, ""velocity"": 0.0, ""snr"": 0.0}, {""x"": -0.16164779663085938, ""y"": 0.747978687286377, ""z"": 0.0, ""velocity"": 0.0, ""snr"": 0.0}, {""x"": -0.09745359420776367, ""y"": 0.6524920463562012, ""z"": 0.0, ""velocity"": 0.0, ""snr"": 0.0}, {""x"": -0.1323223114013672, ""y"": 0.6971955299377441, ""z"": 0.0, ""velocity"": 0.0, ""snr"": 0.0}, {""x"": -0.11140108108520508, ""y"": 0.7790923118591309, ""z"": 0.0, ""velocity"": 0.0, ""snr"": 0.0}, {""x"": 0.15288591384887695, ""y"": 1.6533136367797852, ""z"": 0.0, ""velocity"": 0.0, ""snr"": 0.0}, {""x"": 1.1853575706481934, ""y"": 1.8172860145568848, ""z"": 0.0, ""velocity"": 0.0, ""snr"": 0.0}, {""x"": 1.3031959533691406, ""y"": 1.664578914642334, ""z"": 0.0, ""velocity"": 0.0, ""snr"": 0.0}, {""x"": 1.3121366500854492, ""y"": 1.6860365867614746, ""z"": 0.0, ""velocity"": 0.0, ""snr"": 0.0}]","[146504.0, 215185.0, 148235.0, 45253.0, 9357.0, 3136.0, 2147.0, 1746.0, 1687.0, 2095.0, 13915.0, 66335.0, 104867.0, 65448.0, 31365.0, 49305.0, 80725.0, 87176.0, 48433.0, 18122.0, 3800.0, 4758.0, 7280.0, 5689.0, 5519.0, 4163.0, 3816.0, 7000.0, 9280.0, 11475.0, 6644.0, 7742.0, 14040.0, 13704.0, 10960.0, 12118.0, 20867.0, 20451.0, 28326.0, 21060.0, 17081.0, 14228.0, 12065.0, 13217.0, 11968.0, 21893.0, 36364.0, 31112.0, 20278.0, 9347.0, 8448.0, 11439.0, 8132.0, 4652.0, 5607.0, 6849.0, 5404.0, 7051.0, 7866.0, 6594.0, 5486.0, 5572.0, 4384.0, 5958.0, 6720.0, 6491.0, 5837.0, 4907.0, 4075.0, 5316.0, 6448.0, 4900.0, 4018.0, 3807.0, 3744.0, 5191.0, 5747.0, 4005.0, 2700.0, 3141.0, 3306.0, 3984.0, 3949.0, 4658.0, 4056.0, 3471.0, 5981.0, 7001.0, 4745.0, 3696.0, 3413.0, 3612.0, 3446.0, 3394.0, 3016.0, 3120.0, 3436.0, 3360.0, 3043.0, 3043.0, 3124.0, 3391.0, 2907.0, 2583.0, 2713.0, 2563.0, 2390.0, 2674.0, 2803.0, 2980.0, 3099.0, 4980.0, 6251.0, 5497.0, 3891.0, 2882.0, 2370.0, 2208.0, 2109.0, 1865.0, 1974.0, 1914.0, 2139.0, 1875.0, 1701.0, 1646.0, 1768.0, 1764.0]",0.0
4,0.8,10,"[{""x"": -0.3116726875305176, ""y"": 0.4718899726867676, ""z"": 0.0, ""velocity"": 0.0, ""snr"": 0.0}, {""x"": -0.14913082122802734, ""y"": 0.6008148193359375, ""z"": 0.0, ""velocity"": 0.0, ""snr"": 0.0}, {""x"": -0.07402896881103516, ""y"": 0.6496310234069824, ""z"": 0.0, ""velocity"": 0.0, ""snr"": 0.0}, {""x"": -0.0445246696472168, ""y"": 0.6789565086364746, ""z"": 0.0, ""velocity"": 0.0, ""snr"": 0.0}, {""x"": -0.060439109802246094, ""y"": 0.7066726684570312, ""z"": 0.0, ""velocity"": 0.0, ""snr"": 0.0}, {""x"": 0.348508358001709, ""y"": 0.7263422012329102, ""z"": 0.0, ""velocity"": 0.0, ""snr"": 0.0}, {""x"": 0.3299117088317871, ""y"": 0.7588863372802734, ""z"": 0.0, ""velocity"": 0.0, ""snr"": 0.0}, {""x"": 0.4189610481262207, ""y"": 0.6623268127441406, ""z"": 0.0, ""velocity"": 0.0, ""snr"": 0.0}, {""x"": 1.3282299041748047, ""y"": 1.6415119171142578, ""z"": 0.0, ""velocity"": 0.0, ""snr"": 0.0}, {""x"": 1.369178295135498, ""y"": 1.6350746154785156, ""z"": 0.0, ""velocity"": 0.0, ""snr"": 0.0}]","[146182.0, 215199.0, 148018.0, 45435.0, 9501.0, 3049.0, 2117.0, 1716.0, 1676.0, 2087.0, 8151.0, 36425.0, 61740.0, 84625.0, 131512.0, 137513.0, 102512.0, 54274.0, 43309.0, 20110.0, 6857.0, 8531.0, 8170.0, 4618.0, 3452.0, 3531.0, 3902.0, 6300.0, 10094.0, 13078.0, 7889.0, 8810.0, 14257.0, 13836.0, 10489.0, 12437.0, 19037.0, 19543.0, 26619.0, 21052.0, 17532.0, 13797.0, 11899.0, 11430.0, 11784.0, 22952.0, 36875.0, 29627.0, 17205.0, 8292.0, 8160.0, 12117.0, 9333.0, 4948.0, 6082.0, 7016.0, 5925.0, 5767.0, 6042.0, 5576.0, 6091.0, 4616.0, 4663.0, 4866.0, 6305.0, 6847.0, 6221.0, 5605.0, 4555.0, 4306.0, 4064.0, 4204.0, 4298.0, 4188.0, 3598.0, 4493.0, 4528.0, 3454.0, 2863.0, 2801.0, 3459.0, 3672.0, 4159.0, 4092.0, 3310.0, 3867.0, 6458.0, 6706.0, 4844.0, 3303.0, 2672.0, 2919.0, 3240.0, 2940.0, 3023.0, 3072.0, 3481.0, 3038.0, 2423.0, 2402.0, 2852.0, 3049.0, 2464.0, 2355.0, 2736.0, 2909.0, 2438.0, 2921.0, 3579.0, 3269.0, 2538.0, 4785.0, 6259.0, 5353.0, 3337.0, 2716.0, 2477.0, 2272.0, 2184.0, 2210.0, 2004.0, 1840.0, 1846.0, 1912.0, 1681.0, 1762.0, 1613.0, 1556.0]",0.0
5,0.8,10,"[{""x"": -0.1544952392578125, ""y"": 0.7207989692687988, ""z"": 0.0, ""velocity"": 0.0, ""snr"": 0.0}, {""x"": -0.1868605613708496, ""y"": 0.738680362701416, ""z"": 0.0, ""velocity"": 0.0, ""snr"": 0.0}, {""x"": -0.0890493392944336, ""y"": 0.5974173545837402, ""z"": 0.0, ""velocity"": 0.0, ""snr"": 0.0}, {""x"": -0.1042485237121582, ""y"": 0.636756420135498, ""z"": 0.0, ""velocity"": 0.0, ""snr"": 0.0}, {""x"": -0.11640787124633789, ""y"": 0.6902217864990234, ""z"": 0.0, ""velocity"": 0.0, ""snr"": 0.0}, {""x"": -0.1468062400817871, ""y"": 0.777125358581543, ""z"": 0.0, ""velocity"": 0.0, ""snr"": 0.0}, {""x"": -0.09816884994506836, ""y"": 0.8200407028198242, ""z"": 0.0, ""velocity"": 0.0, ""snr"": 0.0}, {""x"": 1.2896060943603516, ""y"": 1.6717314720153809, ""z"": 0.0, ""velocity"": 0.0, ""snr"": 0.0}, {""x"": 1.3546943664550781, ""y"": 1.6502737998962402, ""z"": 0.0, ""velocity"": 0.0, ""snr"": 0.0}, {""x"": 1.3437867164611816, ""y"": 1.7074942588806152, ""z"": 0.0, ""velocity"": 0.0, ""snr"": 0.0}]","[146416.0, 215150.0, 148137.0, 45473.0, 9162.0, 3193.0, 2162.0, 1673.0, 2227.0, 9468.0, 22457.0, 28736.0, 58626.0, 91431.0, 84550.0, 106895.0, 142879.0, 126862.0, 73738.0, 27844.0, 13946.0, 7739.0, 7315.0, 5197.0, 3719.0, 3726.0, 4118.0, 5435.0, 8635.0, 10624.0, 7761.0, 8181.0, 13546.0, 11574.0, 8347.0, 11589.0, 19966.0, 25939.0, 35187.0, 21432.0, 18873.0, 14918.0, 17316.0, 14390.0, 12908.0, 23265.0, 36915.0, 29671.0, 19301.0, 11269.0, 10881.0, 11873.0, 9269.0, 6569.0, 5864.0, 7893.0, 6978.0, 7403.0, 6205.0, 5416.0, 5127.0, 5289.0, 4324.0, 5065.0, 6229.0, 6512.0, 6767.0, 6120.0, 4694.0, 4331.0, 3901.0, 3870.0, 3623.0, 4115.0, 4137.0, 3616.0, 3135.0, 3405.0, 3400.0, 3611.0, 3724.0, 3995.0, 4890.0, 4496.0, 3660.0, 3412.0, 6336.0, 6710.0, 5044.0, 3411.0, 3480.0, 4314.0, 4295.0, 3987.0, 3020.0, 3574.0, 3143.0, 2847.0, 2846.0, 2838.0, 3341.0, 3335.0, 2831.0, 2740.0, 3357.0, 3120.0, 2858.0, 3334.0, 3478.0, 3166.0, 2687.0, 4799.0, 7013.0, 5976.0, 4227.0, 3138.0, 2785.0, 2450.0, 2141.0, 2285.0, 1891.0, 1854.0, 1955.0, 1842.0, 1889.0, 1765.0, 1577.0, 1628.0]",1719.0578125
6,0.8,6,"[{""x"": -0.24497509002685547, ""y"": 0.6936192512512207, ""z"": 0.0, ""velocity"": 0.0, ""snr"": 0.0}, {""x"": -0.10854005813598633, ""y"": 0.7592439651489258, ""z"": 0.0, ""velocity"": 0.0, ""snr"": 0.0}, {""x"": -0.07259845733642578, ""y"": 0.7781982421875, ""z"": 0.0, ""velocity"": 0.0, ""snr"": 0.0}, {""x"": -0.010013580322265625, ""y"": 0.7985830307006836, ""z"": 0.0, ""velocity"": 0.0, ""snr"": 0.0}, {""x"": 1.2685060501098633, ""y"": 1.6933679580688477, ""z"": 0.0, ""velocity"": 0.0, ""snr"": 0.0}, {""x"": 1.3777613639831543, ""y"": 1.6381144523620605, ""z"": 0.0, ""velocity"": 0.0, ""snr"": 0.0}]","[146787.0, 215011.0, 148120.0, 45249.0, 9299.0, 3163.0, 2757.0, 10173.0, 17259.0, 13975.0, 6442.0, 9740.0, 18229.0, 12625.0, 21307.0, 40692.0, 131509.0, 193567.0, 158111.0, 59949.0, 13972.0, 8900.0, 7744.0, 7111.0, 4017.0, 3648.0, 3253.0, 3564.0, 8773.0, 11789.0, 67174912.0, 134546947.0, 84082695.0, 180229.0, 174338560.0, 5120.0, 0.0, 2816.0, 512.0, 4294967040.0, 77311.0, 33280.0, 998244352.0, 3201903929.0, 2147483705.0, 2147483710.0, 2879.0, 1794897920.0, 15.0, 206130432.0, 1160443.0, 1929379840.0, 3606768200.0, 17.0, 1229484800.0, 957693.0, 1056964608.0, 4227632207.0, 33.0, 1112165120.0, 2233083.0, 1006632960.0, 2869111114.0, 36.0, 4081792768.0, 2324487.0, 838860800.0, 3390935370.0, 34.0, 3276485632.0, 2356764.0, 1124073472.0, 1948110154.0, 35.0, 776551936.0, 1.0, 402653186.0, 3137339965.0, 889193287.0, 3238003265.0, 1275068592.0, 536870968.0, 1912602713.0, 1644167264.0, 3623878700.0, 16777228.0, 1744830475.0, 1006632977.0, 503316529.0, 1845493827.0, 469762138.0, 3254780095.0, 620757216.0, 1056964766.0, 687866057.0, 2583691701.0, 3992977845.0, 2281701543.0, 2499805215.0, 2281701398.0, 218103831.0, 721420303.0, 1325400078.0, 234881038.0, 3036676112.0, 1426063390.0, 4177526820.0, 4026531862.0, 1224736795.0, 1610612791.0, 956301387.0, 352321697.0, 1895825514.0, 1426063438.0, 2768240741.0, 1610612815.0, 117440564.0, 436207666.0, 1006633018.0, 2214592560.0, 788529184.0, 1946157095.0, 754974817.0, 905969808.0, 2248147051.0, 3959423017.0, 1207959591.0, 2868903966.0]",1052412425.9572814
7,0.8,8,"[{""x"": -0.15234947204589844, ""y"": 1.5571117401123047, ""z"": 0.0, ""velocity"": 0.0, ""snr"": 0.0}, {""x"": -0.21082162857055664, ""y"": 1.5569329261779785, ""z"": 0.0, ""velocity"": 0.0, ""snr"": 0.0}, {""x"": 0.12767314910888672, ""y"": 1.6872882843017578, ""z"": 0.0, ""velocity"": 0.0, ""snr"": 0.0}, {""x"": 0.3059506416320801, ""y"": 0.7363557815551758, ""z"": 0.0, ""velocity"": 0.0, ""snr"": 0.0}, {""x"": 0.3234744071960449, ""y"": 0.7465481758117676, ""z"": 0.0, ""velocity"": 0.0, ""snr"": 0.0}, {""x"": 1.2679696083068848, ""y"": 1.6652941703796387, ""z"": 0.0, ""velocity"": 0.0, ""snr"": 0.0}, {""x"": 1.227736473083496, ""y"": 1.7180442810058594, ""z"": 0.0, ""velocity"": 0.0, ""snr"": 0.0}, {""x"": 1.2645721435546875, ""y"": 1.7087459564208984, ""z"": 0.0, ""velocity"": 0.0, ""snr"": 0.0}]","[146680.0, 215301.0, 148531.0, 45661.0, 24710.0, 61300.0, 61787.0, 24124.0, 4152.0, 1872.0, 3866.0, 11730.0, 15322.0, 16888.0, 42300.0, 51110.0, 29725.0, 43361.0, 50939.0, 29728.0, 12616.0, 5695.0, 6341.0, 6899.0, 5456.0, 4820.0, 4225.0, 4666.0, 8492.0, 9854.0, 8252.0, 6395.0, 13040.0, 18099.0, 38483.0, 26580.0, 16594.0, 24241.0, 19609.0, 13367.0, 13777.0, 12910.0, 11956.0, 10854.0, 9792.0, 26298.0, 42097.0, 33981.0, 14125.0, 11260.0, 7130.0, 8282.0, 8105.0, 6663.0, 6627.0, 7183.0, 5456.0, 6445.0, 6096.0, 5902.0, 5578.0, 5855.0, 4693.0, 5189.0, 6943.0, 6865.0, 5594.0, 5166.0, 5497.0, 4117.0, 4064.0, 4548.0, 3146.0, 3551.0, 3848.0, 3498.0, 2872.0, 2812.0, 3568.0, 4233.0, 3633.0, 3613.0, 3939.0, 3692.0, 4126.0, 4844.0, 5455.0, 5910.0, 4359.0, 2910.0, 2606.0, 3208.0, 3571.0, 3181.0, 3029.0, 2922.0, 3136.0, 2763.0, 2657.0, 2554.0, 2829.0, 2642.0, 2928.0, 2539.0, 2579.0, 2539.0, 2726.0, 2861.0, 3694.0, 3576.0, 3354.0, 4364.0, 5952.0, 4835.0, 3210.0, 2444.0, 2478.0, 2346.0, 2039.0, 1956.0, 1833.0, 2064.0, 2023.0, 1715.0, 1658.0, 1728.0, 1741.0, 1543.0]",21052797.54841938
0,0.8,9,"[{""x"": -0.1754164695739746, ""y"": 1.5410184860229492, ""z"": 0.0, ""velocity"": 0.0, ""snr"": 0.0}, {""x"": -0.13786554336547852, ""y"": 1.558542251586914, ""z"": 0.0, ""velocity"": 0.0, ""snr"": 0.0}, {""x"": -0.1811385154724121, ""y"": 1.5581846237182617, ""z"": 0.0, ""velocity"": 0.0, ""snr"": 0.0}, {""x"": 0.3120303153991699, ""y"": 0.7368922233581543, ""z"": 0.0, ""velocity"": 0.0, ""snr"": 0.0}, {""x"": 0.34743547439575195, ""y"": 0.7331371307373047, ""z"": 0.0, ""velocity"": 0.0, ""snr"": 0.0}, {""x"": 0.3769397735595703, ""y"": 0.738680362701416, ""z"": 0.0, ""velocity"": 0.0, ""snr"": 0.0}, {""x"": 1.2116432189941406, ""y"": 1.7064213752746582, ""z"": 0.0, ""velocity"": 0.0, ""snr"": 0.0}, {""x"": 1.2102127075195312, ""y"": 1.7305612564086914, ""z"": 0.0, ""velocity"": 0.0, ""snr"": 0.0}, {""x"": 1.2300610542297363, ""y"": 1.7355680465698242, ""z"": 0.0, ""velocity"": 0.0, ""snr"": 0.0}]","[146173.0, 214802.0, 148022.0, 44878.0, 19753.0, 47319.0, 46787.0, 17927.0, 3330.0, 1810.0, 3955.0, 10425.0, 11015.0, 8179.0, 32040.0, 41698.0, 28441.0, 46659.0, 52569.0, 27150.0, 8828.0, 5441.0, 4802.0, 3856.0, 3693.0, 4501.0, 4434.0, 3395.0, 7576.0, 9190.0, 8353.0, 7566.0, 12656.0, 18799.0, 38763.0, 27541.0, 14961.0, 20633.0, 19170.0, 13234.0, 12896.0, 13310.0, 11825.0, 8701.0, 9734.0, 26891.0, 42059.0, 34585.0, 15465.0, 9440.0, 6765.0, 8716.0, 7393.0, 5683.0, 6478.0, 6931.0, 5016.0, 5212.0, 5673.0, 5851.0, 5034.0, 4766.0, 3509.0, 4199.0, 5482.0, 5793.0, 5110.0, 4997.0, 5637.0, 5015.0, 3488.0, 3728.0, 3696.0, 3600.0, 3403.0, 3433.0, 3193.0, 2980.0, 3131.0, 3447.0, 3368.0, 3414.0, 3414.0, 4121.0, 4267.0, 4371.0, 6528.0, 6580.0, 4675.0, 3511.0, 3338.0, 3648.0, 4456.0, 4073.0, 3125.0, 3097.0, 3083.0, 2759.0, 2881.0, 2806.0, 3452.0, 2985.0, 2797.0, 2693.0, 3106.0, 2981.0, 2978.0, 3146.0, 3982.0, 4152.0, 3254.0, 4293.0, 5799.0, 4801.0, 3202.0, 2628.0, 2321.0, 2215.0, 2065.0, 1887.0, 2042.0, 2267.0, 1900.0, 1781.0, 1828.0, 1601.0, 1576.0, 1772.0]",20631765.417978287
1,0.8,7,"[{""x"": -0.15753507614135742, ""y"": 1.5551447868347168, ""z"": 0.0, ""velocity"": 0.0, ""snr"": 0.0}, {""x"": -0.22619962692260742, ""y"": 1.5513896942138672, ""z"": 0.0, ""velocity"": 0.0, ""snr"": 0.0}, {""x"": 0.3408193588256836, ""y"": 0.7315278053283691, ""z"": 0.0, ""velocity"": 0.0, ""snr"": 0.0}, {""x"": 1.273512840270996, ""y"": 1.6549229621887207, ""z"": 0.0, ""velocity"": 0.0, ""snr"": 0.0}, {""x"": 1.2404322624206543, ""y"": 1.7078518867492676, ""z"": 0.0, ""velocity"": 0.0, ""snr"": 0.0}, {""x"": 1.2402534484863281, ""y"": 1.7296671867370605, ""z"": 0.0, ""velocity"": 0.0, ""snr"": 0.0}, {""x"": 1.3187527656555176, ""y"": 0.6721615791320801, ""z"": 0.0, ""velocity"": 0.0, ""snr"": 0.0}]","[146565.0, 215069.0, 147963.0, 46088.0, 25078.0, 64985.0, 65366.0, 26207.0, 4286.0, 2240.0, 4374.0, 11859.0, 14459.0, 13335.0, 29991.0, 35866.0, 21647.0, 38135.0, 51556.0, 40882.0, 14537.0, 5106.0, 6001.0, 5527.0, 3684.0, 3773.0, 4170.0, 4336.0, 7976.0, 10132.0, 7349.0, 7547.0, 13147.0, 18008.0, 35422.0, 24543.0, 14470.0, 19931.0, 20793.0, 13968.0, 12995.0, 15193.0, 13185.0, 9942.0, 11317.0, 24935.0, 36931.0, 30828.0, 14857.0, 10187.0, 6770.0, 9060.0, 8757.0, 6537.0, 6720.0, 7295.0, 5395.0, 5872.0, 6278.0, 5770.0, 4802.0, 4938.0, 4032.0, 4371.0, 6538.0, 7052.0, 6523.0, 5662.0, 5636.0, 3642.0, 4182.0, 4560.0, 4013.0, 3463.0, 3559.0, 3316.0, 3119.0, 3050.0, 3293.0, 4633.0, 4365.0, 4037.0, 3670.0, 4159.0, 4024.0, 4261.0, 5964.0, 6462.0, 4703.0, 3378.0, 3855.0, 3705.0, 4116.0, 4039.0, 3765.0, 3328.0, 2624.0, 2451.0, 2728.0, 2992.0, 3269.0, 3273.0, 2782.0, 2433.0, 2578.0, 2607.0, 3172.0, 3168.0, 3516.0, 3804.0, 3058.0, 4637.0, 6370.0, 5606.0, 3750.0, 2686.0, 2528.0, 2256.0, 2286.0, 2056.0, 1730.0, 2014.0, 2277.0, 1862.0, 1560.0, 1635.0, 1595.0, 1640.0]",20219579.734324038
2,0.8,12,"[{""x"": -0.17845630645751953, ""y"": 1.5413761138916016, ""z"": 0.0, ""velocity"": 0.0, ""snr"": 0.0}, {""x"": -0.15485286712646484, ""y"": 1.5565752983093262, ""z"": 0.0, ""velocity"": 0.0, ""snr"": 0.0}, {""x"": -0.1995563507080078, ""y"": 1.554250717163086, ""z"": 0.0, ""velocity"": 0.0, ""snr"": 0.0}, {""x"": 0.20366907119750977, ""y"": 1.6888976097106934, ""z"": 0.0, ""velocity"": 0.0, ""snr"": 0.0}, {""x"": 0.3930330276489258, ""y"": 0.6911158561706543, ""z"": 0.0, ""velocity"": 0.0, ""snr"": 0.0}, {""x"": 0.40394067764282227, ""y"": 0.7000565528869629, ""z"": 0.0, ""velocity"": 0.0, ""snr"": 0.0}, {""x"": 0.43952465057373047, ""y"": 0.6979107856750488, ""z"": 0.0, ""velocity"": 0.0, ""snr"": 0.0}, {""x"": 1.164078712463379, ""y"": 1.79368257522583, ""z"": 0.0, ""velocity"": 0.0, ""snr"": 0.0}, {""x"": 0.9961724281311035, ""y"": 1.9224286079406738, ""z"": 0.0, ""velocity"": 0.0, ""snr"": 0.0}, {""x"": 1.264035701751709, ""y"": 1.6670823097229004, ""z"": 0.0, ""velocity"": 0.0, ""snr"": 0.0}, {""x"": 1.2050271034240723, ""y"": 1.7391443252563477, ""z"": 0.0, ""velocity"": 0.0, ""snr"": 0.0}, {""x"": 1.3293027877807617, ""y"": 0.6501674652099609, ""z"": 0.0, ""velocity"": 0.0, ""snr"": 0.0}]","[146392.0, 214980.0, 147890.0, 45011.0, 22759.0, 53589.0, 54446.0, 22525.0, 4272.0, 2292.0, 4213.0, 11525.0, 13849.0, 11731.0, 34932.0, 45159.0, 29398.0, 32666.0, 33644.0, 16398.0, 8961.0, 6773.0, 5915.0, 5632.0, 4622.0, 3801.0, 3300.0, 3820.0, 6565.0, 8743.0, 6074.0, 7393.0, 13674.0, 17389.0, 35571.0, 25053.0, 13682.0, 21579.0, 20231.0, 13363.0, 12386.0, 14191.0, 11242.0, 8833.0, 10644.0, 26620.0, 42938.0, 41107.0, 24757.0, 12202.0, 8224.0, 8321.0, 7603.0, 5547.0, 6427.0, 7231.0, 5566.0, 6669.0, 5942.0, 6481.0, 5724.0, 4534.0, 3245.0, 4824.0, 6671.0, 6826.0, 6185.0, 6054.0, 4977.0, 4139.0, 5235.0, 4917.0, 3560.0, 3677.0, 3944.0, 3313.0, 2973.0, 3099.0, 3722.0, 4209.0, 3932.0, 3592.0, 3927.0, 3968.0, 3621.0, 3530.0, 6299.0, 6769.0, 4547.0, 3500.0, 3755.0, 3523.0, 3528.0, 3168.0, 3240.0, 2858.0, 2112.0, 2606.0, 3101.0, 3231.0, 3808.0, 3272.0, 2298.0, 2759.0, 2383.0, 2541.0, 2678.0, 2611.0, 3356.0, 3721.0, 3615.0, 4542.0, 6265.0, 5398.0, 3671.0, 2597.0, 2509.0, 2361.0, 2174.0, 1864.0, 1764.0, 2025.0, 1975.0, 1916.0, 1600.0, 1680.0, 1521.0, 1506.0]",19814897.97061018
3,0.8,10,"[{""x"": -0.24461746215820312, ""y"": 0.7967948913574219, ""z"": 0.0, ""velocity"": 0.0, ""snr"": 0.0}, {""x"": -0.17201900482177734, ""y"": 1.5562176704406738, ""z"": 0.0, ""velocity"": 0.0, ""snr"": 0.0}, {""x"": -0.27358531951904297, ""y"": 1.5454888343811035, ""z"": 0.0, ""velocity"": 0.0, ""snr"": 0.0}, {""x"": 0.17845630645751953, ""y"": 1.6880035400390625, ""z"": 0.0, ""velocity"": 0.0, ""snr"": 0.0}, {""x"": 0.3896355628967285, ""y"": 0.6912946701049805, ""z"": 0.0, ""velocity"": 0.0, ""snr"": 0.0}, {""x"": 0.3933906555175781, ""y"": 0.704348087310791, ""z"": 0.0, ""velocity"": 0.0, ""snr"": 0.0}, {""x"": 1.1365413665771484, ""y"": 1.8153190612792969, ""z"": 0.0, ""velocity"": 0.0, ""snr"": 0.0}, {""x"": 1.0301470756530762, ""y"": 1.9036531448364258, ""z"": 0.0, ""velocity"": 0.0, ""snr"": 0.0}, {""x"": 1.2772679328918457, ""y"": 1.6595721244812012, ""z"": 0.0, ""velocity"": 0.0, ""snr"": 0.0}, {""x"": 1.2021660804748535, ""y"": 1.7437934875488281, ""z"": 0.0, ""velocity"": 0.0, ""snr"": 0.0}]","[146337.0, 214986.0, 148115.0, 44587.0, 13119.0, 37495.0, 43440.0, 19862.0, 3757.0, 1775.0, 3790.0, 10212.0, 12339.0, 14611.0, 39461.0, 49684.0, 28486.0, 49281.0, 49828.0, 27066.0, 7535.0, 6810.0, 6939.0, 5486.0, 3358.0, 3577.0, 3209.0, 3259.0, 7621.0, 8722.0, 6599.0, 7696.0, 12581.0, 16215.0, 34400.0, 25068.0, 13702.0, 23629.0, 20081.0, 12102.0, 12211.0, 14649.0, 11732.0, 9536.0, 9326.0, 23854.0, 40932.0, 41414.0, 27305.0, 10570.0, 7581.0, 8820.0, 8778.0, 5970.0, 6693.0, 8461.0, 6968.0, 6752.0, 6287.0, 6686.0, 5242.0, 5117.0, 3281.0, 4745.0, 6605.0, 6866.0, 6354.0, 5435.0, 5396.0, 4019.0, 4414.0, 4010.0, 3252.0, 3960.0, 4330.0, 3647.0, 3460.0, 3838.0, 3699.0, 4312.0, 4374.0, 4256.0, 3885.0, 3823.0, 3465.0, 3921.0, 5739.0, 6283.0, 4442.0, 3144.0, 2691.0, 2931.0, 3012.0, 3292.0, 2774.0, 2795.0, 2362.0, 2363.0, 2628.0, 2937.0, 4043.0, 3582.0, 2896.0, 2694.0, 2533.0, 2728.0, 2578.0, 2820.0, 3345.0, 3771.0, 3529.0, 4857.0, 6692.0, 5301.0, 3447.0, 2611.0, 2345.0, 2235.0, 2114.0, 2243.0, 1930.0, 2022.0, 1969.0, 1988.0, 1553.0, 1691.0, 1557.0, 1662.0]",19417952.98832816
4,0.8,10,"[{""x"": -0.39446353912353516, ""y"": 0.6290674209594727, ""z"": 0.0, ""velocity"": 0.0, ""snr"": 0.0}, {""x"": -0.16182661056518555, ""y"": 1.5538930892944336, ""z"": 0.0, ""velocity"": 0.0, ""snr"": 0.0}, {""x"": -0.27251243591308594, ""y"": 1.5458464622497559, ""z"": 0.0, ""velocity"": 0.0, ""snr"": 0.0}, {""x"": 0.18131732940673828, ""y"": 1.68532133102417, ""z"": 0.0, ""velocity"": 0.0, ""snr"": 0.0}, {""x"": 0.33098459243774414, ""y"": 0.7390379905700684, ""z"": 0.0, ""velocity"": 0.0, ""snr"": 0.0}, {""x"": 0.37032365798950195, ""y"": 0.7050633430480957, ""z"": 0.0, ""velocity"": 0.0, ""snr"": 0.0}, {""x"": 1.1646151542663574, ""y"": 1.7954707145690918, ""z"": 0.0, ""velocity"": 0.0, ""snr"": 0.0}, {""x"": 1.1140108108520508, ""y"": 1.851797103881836, ""z"": 0.0, ""velocity"": 0.0, ""snr"": 0.0}, {""x"": 1.2694001197814941, ""y"": 1.6652941703796387, ""z"": 0.0, ""velocity"": 0.0, ""snr"": 0.0}, {""x"": 1.218259334564209, ""y"": 1.730024814605713, ""z"": 0.0, ""velocity"": 0.0, ""snr"": 0.0}]","[146186.0, 215087.0, 147961.0, 45502.0, 14343.0, 18670.0, 25818.0, 14778.0, 3512.0, 1875.0, 4146.0, 10143.0, 13141.0, 14054.0, 30752.0, 37081.0, 35217.0, 44724.0, 47397.0, 28891.0, 9857.0, 5464.0, 5957.0, 5314.0, 3573.0, 4384.0, 4196.0, 4909.0, 8125.0, 8406.0, 5446.0, 7331.0, 12209.0, 18668.0, 36294.0, 24562.0, 14615.0, 23510.0, 19691.0, 13298.0, 12706.0, 12248.0, 10240.0, 9799.0, 9353.0, 24690.0, 40237.0, 38470.0, 25001.0, 7887.0, 7668.0, 9267.0, 7732.0, 6634.0, 7922.0, 8826.0, 6390.0, 6760.0, 7385.0, 6738.0, 5498.0, 4768.0, 3628.0, 4688.0, 6804.0, 6539.0, 6181.0, 5445.0, 5462.0, 5083.0, 5597.0, 4971.0, 3503.0, 4074.0, 4695.0, 3598.0, 3500.0, 3584.0, 3527.0, 3527.0, 3679.0, 4302.0, 4301.0, 4038.0, 3855.0, 3405.0, 4996.0, 5516.0, 4485.0, 3022.0, 3757.0, 3756.0, 3848.0, 4185.0, 3563.0, 3060.0, 2697.0, 3053.0, 2989.0, 3099.0, 4021.0, 3424.0, 2652.0, 2460.0, 2629.0, 2709.0, 2937.0, 2983.0, 4107.0, 4012.0, 3119.0, 4461.0, 6166.0, 5066.0, 3386.0, 2733.0, 2521.0, 2273.0, 1916.0, 2129.0, 2080.0, 2141.0, 2409.0, 1988.0, 1518.0, 1535.0, 1491.0, 1576.0]",19029448.571379617
5,0.8,14,"[{""x"": -0.2676844596862793, ""y"": 0.6871819496154785, ""z"": 0.0, ""velocity"": 0.0, ""snr"": 0.0}, {""x"": -0.2828836441040039, ""y"": 0.7070302963256836, ""z"": 0.0, ""velocity"": 0.0, ""snr"": 0.0}, {""x"": -0.21350383758544922, ""y"": 0.6798505783081055, ""z"": 0.0, ""velocity"": 0.0, ""snr"": 0.0}, {""x"": -0.1494884490966797, ""y"": 1.5588998794555664, ""z"": 0.0, ""velocity"": 0.0, ""snr"": 0.0}, {""x"": -0.26661157608032227, ""y"": 1.5476346015930176, ""z"": 0.0, ""velocity"": 0.0, ""snr"": 0.0}, {""x"": 0.11229515075683594, ""y"": 1.6912221908569336, ""z"": 0.0, ""velocity"": 0.0, ""snr"": 0.0}, {""x"": 0.22029876708984375, ""y"": 0.8012652397155762, ""z"": 0.0, ""velocity"": 0.0, ""snr"": 0.0}, {""x"": 0.3801584243774414, ""y"": 1.6200542449951172, ""z"": 0.0, ""velocity"": 0.0, ""snr"": 0.0}, {""x"": 0.2662539482116699, ""y"": 0.7690787315368652, ""z"": 0.0, ""velocity"": 0.0, ""snr"": 0.0}, {""x"": 1.1622905731201172, ""y"": 1.79368257522583, ""z"": 0.0, ""velocity"": 0.0, ""snr"": 0.0}, {""x"": 1.1077523231506348, ""y"": 1.848757266998291, ""z"": 0.0, ""velocity"": 0.0, ""snr"": 0.0}, {""x"": 1.2903213500976562, ""y"": 1.6492009162902832, ""z"": 0.0, ""velocity"": 0.0, ""snr"": 0.0}, {""x"": 1.2305974960327148, ""y"": 1.721799373626709, ""z"": 0.0, ""velocity"": 0.0, ""snr"": 0.0}, {""x"": 1.3037323951721191, ""y"": 0.7052421569824219, ""z"": 0.0, ""velocity"": 0.0, ""snr"": 0.0}]","[146524.0, 215270.0, 148069.0, 45920.0, 13875.0, 31443.0, 40676.0, 20751.0, 4551.0, 1924.0, 4319.0, 10468.0, 11766.0, 7508.0, 20228.0, 38369.0, 57601.0, 46778.0, 45515.0, 26169.0, 10067.0, 5053.0, 5099.0, 5446.0, 3818.0, 3953.0, 3560.0, 4100.0, 7428.0, 7866.0, 5202.0, 7382.0, 13417.0, 16848.0, 37679.0, 26543.0, 15920.0, 22894.0, 20711.0, 13941.0, 13870.0, 14579.0, 9825.0, 7379.0, 9233.0, 24058.0, 40637.0, 38417.0, 21998.0, 8846.0, 9556.0, 8198.0, 6691.0, 6387.0, 7295.0, 8497.0, 6255.0, 6117.0, 5765.0, 5065.0, 5510.0, 5137.0, 5217.0, 4199.0, 5225.0, 5529.0, 5451.0, 5731.0, 5666.0, 4008.0, 4331.0, 4220.0, 4812.0, 4573.0, 4929.0, 3800.0, 3063.0, 3153.0, 3142.0, 3293.0, 2958.0, 3334.0, 3759.0, 4003.0, 3646.0, 3497.0, 6466.0, 6866.0, 4980.0, 3803.0, 3563.0, 3704.0, 4238.0, 3719.0, 3500.0, 3040.0, 3054.0, 2587.0, 2495.0, 2698.0, 3329.0, 2925.0, 2245.0, 2752.0, 2881.0, 2602.0, 2706.0, 2948.0, 3418.0, 3830.0, 3459.0, 4435.0, 6251.0, 5241.0, 3145.0, 2490.0, 2426.0, 2267.0, 2011.0, 2033.0, 1903.0, 1860.0, 2196.0, 1872.0, 1700.0, 1663.0, 1591.0, 1636.0]",18649091.8354212
6,0.8,11,"[{""x"": -0.3656744956970215, ""y"": 0.6805658340454102, ""z"": 0.0, ""velocity"": 0.0, ""snr"": 0.0}, {""x"": -0.2295970916748047, ""y"": 0.690758228302002, ""z"": 0.0, ""velocity"": 0.0, ""snr"": 0.0}, {""x"": -0.2957582473754883, ""y"": 0.6836056709289551, ""z"": 0.0, ""velocity"": 0.0, ""snr"": 0.0}, {""x"": -0.17380714416503906, ""y"": 1.5404820442199707, ""z"": 0.0, ""velocity"": 0.0, ""snr"": 0.0}, {""x"": -0.1544952392578125, ""y"": 1.5560388565063477, ""z"": 0.0, ""velocity"": 0.0, ""snr"": 0.0}, {""x"": -0.2199411392211914, ""y"": 1.5494227409362793, ""z"": 0.0, ""velocity"": 0.0, ""snr"": 0.0}, {""x"": 0.2338886260986328, ""y"": 0.7803440093994141, ""z"": 0.0, ""velocity"": 0.0, ""snr"": 0.0}, {""x"": 0.21153688430786133, ""y"": 0.8025169372558594, ""z"": 0.0, ""velocity"": 0.0, ""snr"": 0.0}, {""x"": 1.1363625526428223, ""y"": 1.8117427825927734, ""z"": 0.0, ""velocity"": 0.0, ""snr"": 0.0}, {""x"": 1.0877251625061035, ""y"": 1.8630623817443848, ""z"": 0.0, ""velocity"": 0.0, ""snr"": 0.0}, {""x"": 1.2173652648925781, ""y"": 1.7348527908325195, ""z"": 0.0, ""velocity"": 0.0, ""snr"": 0.0}]","[146505.0, 214963.0, 148085.0, 45238.0, 11699.0, 16107.0, 23102.0, 13943.0, 4022.0, 1820.0, 4109.0, 10423.0, 10748.0, 3695.0, 12873.0, 34213.0, 61595.0, 33614437.0, 100860929.0, 460805.0, 3221554435.0, 838860802.0, 1090521700.0, 0.0, 167772160.0, 33554432.0, 4278190080.0, 771751935.0, 2013265921.0, 0.0, 758725504.0, 3784409.0, 4096000.0, 171933696.0, 2382364672.0, 867318.0, 1308622848.0, 1157202502.0, 16.0, 2319930624.0, 1137402.0, 1644167168.0, 3153757768.0, 17.0, 692608768.0, 1187322.0, 1073741824.0, 2935738696.0, 33.0, 1195979776.0, 2227196.0, 1258291200.0, 3556418890.0, 33.0, 558449152.0, 2351901.0, 973078528.0, 1226736204.0, 35.0, 776682240.0, 1.0, 1459617794.0, 1879048764.0, 4043309895.0, 3607102017.0, 1157628080.0, 2768240691.0, 3808428169.0, 2868904086.0, 268435518.0, 1409286157.0, 1107296290.0, 1275068499.0, 1979711570.0, 1778384926.0, 989855804.0, 2785018005.0, 2684354725.0, 1291845755.0, 2634023080.0, 1962934523.0, 1979711718.0, 1442840679.0, 3909091357.0, 2868903954.0, 3472883727.0, 3120562189.0, 2617245708.0, 4076863501.0, 3590324239.0, 1392508963.0, 4261412904.0, 268435475.0, 3137339424.0, 251658293.0, 788529232.0, 721420450.0, 2483028086.0, 1828716584.0, 3741319236.0, 855638087.0, 3959423023.0, 285212721.0, 3858759734.0, 1090519078.0, 3456106534.0, 1811939369.0, 3539992655.0, 4261412992.0, 402653304.0, 3103785026.0, 3120562222.0, 2986344484.0, 2684354595.0, 2332033054.0, 3657433109.0, 3875536918.0, 3992977438.0, 1140850714.0, 704643095.0, 3103784981.0, 1644167188.0, 1409286163.0, 285212689.0, 620757009.0, 2835349523.0, 1778384915.0, 50331668.0]",1469636319.8814883
7,0.8,9,"[{""x"": -0.39768218994140625, ""y"": 0.6623268127441406, ""z"": 0.0, ""velocity"": 0.0, ""snr"": 0.0}, {""x"": -0.3102421760559082, ""y"": 0.6553530693054199, ""z"": 0.0, ""velocity"": 0.0, ""snr"": 0.0}, {""x"": -0.19168853759765625, ""y"": 0.6764531135559082, ""z"": 0.0, ""velocity"": 0.0, ""snr"": 0.0}, {""x"": -0.16701221466064453, ""y"": 1.5451312065124512, ""z"": 0.0, ""velocity"": 0.0, ""snr"": 0.0}, {""x"": -0.15610456466674805, ""y"": 1.5588998794555664, ""z"": 0.0, ""velocity"": 0.0, ""snr"": 0.0}, {""x"": -0.2601742744445801, ""y"": 1.554250717163086, ""z"": 0.0, ""velocity"": 0.0, ""snr"": 0.0}, {""x"": 0.08565187454223633, ""y"": 1.6881823539733887, ""z"": 0.0, ""velocity"": 0.0, ""snr"": 0.0}, {""x"": 1.3593435287475586, ""y"": 1.6150474548339844, ""z"": 0.0, ""velocity"": 0.0, ""snr"": 0.0}, {""x"": 1.5115141868591309, ""y"": 1.5020370483398438, ""z"": 0.0, ""velocity"": 0.0, ""snr"": 0.0}]","[146571.0, 214906.0, 148103.0, 45208.0, 10877.0, 18640.0, 19383.0, 8333.0, 3998.0, 8038.0, 18779.0, 17737.0, 8237.0, 8446.0, 15544.0, 27973.0, 34100.0, 21673.0, 47690.0, 58812.0, 26066.0, 6193.0, 4103.0, 4210.0, 4292.0, 4033.0, 3298.0, 3922.0, 7992.0, 9997.0, 5754.0, 7214.0, 13164.0, 17746.0, 39470.0, 28703.0, 16142.0, 25829.0, 18745.0, 12830.0, 11572.0, 15290.0, 13195.0, 10527.0, 11308.0, 21195.0, 31375.0, 26937.0, 12221.0, 8503.0, 7177.0, 8214.0, 6835.0, 4904.0, 6807.0, 7994.0, 6089.0, 5548.0, 5640.0, 5886.0, 6691.0, 5067.0, 3953.0, 4652.0, 5518.0, 5509.0, 5135.0, 5377.0, 5590.0, 4122.0, 3738.0, 3662.0, 3942.0, 3204.0, 3378.0, 2828.0, 3288.0, 3486.0, 4216.0, 4201.0, 2974.0, 3345.0, 3507.0, 3910.0, 3805.0, 3580.0, 5995.0, 7029.0, 5177.0, 3639.0, 3542.0, 3360.0, 3767.0, 3658.0, 2779.0, 2633.0, 2764.0, 2308.0, 2455.0, 2720.0, 3500.0, 3514.0, 3122.0, 2614.0, 2624.0, 2383.0, 2254.0, 3053.0, 3669.0, 3833.0, 3410.0, 4558.0, 5878.0, 4530.0, 2900.0, 2477.0, 2332.0, 2125.0, 2104.0, 2000.0, 2042.0, 2055.0, 1998.0, 1807.0, 1657.0, 1624.0, 1542.0, 1704.0]",47639923.590874285
0,0.8,10,"[{""x"": -0.4239678382873535, ""y"": 0.641942024230957, ""z"": 0.0, ""velocity"": 0.0, ""snr"": 0.0}, {""x"": -0.22727251052856445, ""y"": 0.6675124168395996, ""z"": 0.0, ""velocity"": 0.0, ""snr"": 0.0}, {""x"": -0.2886056900024414, ""y"": 0.6703734397888184, ""z"": 0.0, ""velocity"": 0.0, ""snr"": 0.0}, {""x"": -0.18078088760375977, ""y"": 1.5433430671691895, ""z"": 0.0, ""velocity"": 0.0, ""snr"": 0.0}, {""x"": -0.1627206802368164, ""y"": 1.555323600769043, ""z"": 0.0, ""velocity"": 0.0, ""snr"": 0.0}, {""x"": -0.26786327362060547, ""y"": 1.5510320663452148, ""z"": 0.0, ""velocity"": 0.0, ""snr"": 0.0}, {""x"": 1.3833045959472656, ""y"": 1.562654972076416, ""z"": 0.0, ""velocity"": 0.0, ""snr"": 0.0}, {""x"": 1.3486146926879883, ""y"": 1.6234517097473145, ""z"": 0.0, ""velocity"": 0.0, ""snr"": 0.0}, {""x"": 1.4989972114562988, ""y"": 1.5134811401367188, ""z"": 0.0, ""velocity"": 0.0, ""snr"": 0.0}, {""x"": 1.2894272804260254, ""y"": 0.7254481315612793, ""z"": 0.0, ""velocity"": 0.0, ""snr"": 0.0}]","[146777.0, 215111.0, 147868.0, 45393.0, 13460.0, 18573.0, 15942.0, 10153.0, 4756.0, 8496.0, 20573.0, 21835.0, 11092.0, 6972.0, 20147.0, 33434.0, 40150.0, 34696.0, 41461.0, 46008.0, 20815.0, 5055.0, 4899.0, 4754.0, 3470.0, 3793.0, 3614.0, 4311.0, 8724.0, 10151.0, 6256.0, 7881.0, 13967.0, 20471.0, 42013.0, 28950.0, 16865.0, 23746.0, 19688.0, 12789.0, 13355.0, 16020.0, 12512.0, 8662.0, 10075.0, 21692.0, 31373.0, 26953.0, 11633.0, 8903.0, 6765.0, 8063.0, 6794.0, 6240.0, 6288.0, 8111.0, 6432.0, 5757.0, 5537.0, 5314.0, 5762.0, 4746.0, 4406.0, 5102.0, 5121.0, 5156.0, 5418.0, 5346.0, 5901.0, 4286.0, 3711.0, 3995.0, 3157.0, 3413.0, 3641.0, 3102.0, 2726.0, 3206.0, 3495.0, 3328.0, 2566.0, 2630.0, 3131.0, 3990.0, 4088.0, 3386.0, 6300.0, 6453.0, 4436.0, 3004.0, 3118.0, 3921.0, 3952.0, 3592.0, 2655.0, 2600.0, 2516.0, 2450.0, 2709.0, 2535.0, 3735.0, 3336.0, 3054.0, 2886.0, 3112.0, 3220.0, 3013.0, 2859.0, 3571.0, 4069.0, 3671.0, 4177.0, 5707.0, 4836.0, 3116.0, 2694.0, 2346.0, 2155.0, 2382.0, 1985.0, 2011.0, 2218.0, 2002.0, 1914.0, 1760.0, 1623.0, 1529.0, 1561.0]",46686828.38150403
1,0.8,11,"[{""x"": -0.39714574813842773, ""y"": 0.6496310234069824, ""z"": 0.0, ""velocity"": 0.0, ""snr"": 0.0}, {""x"": -0.2467632293701172, ""y"": 0.6633996963500977, ""z"": 0.0, ""velocity"": 0.0, ""snr"": 0.0}, {""x"": -0.29343366622924805, ""y"": 0.6660819053649902, ""z"": 0.0, ""velocity"": 0.0, ""snr"": 0.0}, {""x"": -0.22548437118530273, ""y"": 0.8431077003479004, ""z"": 0.0, ""velocity"": 0.0, ""snr"": 0.0}, {""x"": -0.1557469367980957, ""y"": 1.5467405319213867, ""z"": 0.0, ""velocity"": 0.0, ""snr"": 0.0}, {""x"": -0.14930963516235352, ""y"": 1.5588998794555664, ""z"": 0.0, ""velocity"": 0.0, ""snr"": 0.0}, {""x"": -0.2460479736328125, ""y"": 1.555323600769043, ""z"": 0.0, ""velocity"": 0.0, ""snr"": 0.0}, {""x"": 0.0064373016357421875, ""y"": 0.26911497116088867, ""z"": 0.0, ""velocity"": 0.0, ""snr"": 0.0}, {""x"": 0.14019012451171875, ""y"": 1.6872882843017578, ""z"": 0.0, ""velocity"": 0.0, ""snr"": 0.0}, {""x"": 1.3023018836975098, ""y"": 1.6670823097229004, ""z"": 0.0, ""velocity"": 0.0, ""snr"": 0.0}, {""x"": 1.33591890335083, ""y"": 1.6654729843139648, ""z"": 0.0, ""velocity"": 0.0, ""snr"": 0.0}]","[146752.0, 215030.0, 148100.0, 45455.0, 17111.0, 61053.0, 83385.0, 47844.0, 11400.0, 10701.0, 23987.0, 22356.0, 8439.0, 9096.0, 25145.0, 42535.0, 52587.0, 38610.0, 41045.0, 49573.0, 24226.0, 5909.0, 4618.0, 3747.0, 3384.0, 3529.0, 3004.0, 4393.0, 9378.0, 10107.0, 4909.0, 7343.0, 13419.0, 18537.0, 40185.0, 29203.0, 16782.0, 26511.0, 21763.0, 14401.0, 11544.0, 15257.0, 12802.0, 9580.0, 10117.0, 21677.0, 33759.0, 32334.0, 17909.0, 12255.0, 8108.0, 8453.0, 7919.0, 6023.0, 6472.0, 8796.0, 6350.0, 5446.0, 5114.0, 5326.0, 5593.0, 4766.0, 4327.0, 5226.0, 5503.0, 5481.0, 5421.0, 5915.0, 6196.0, 4365.0, 4631.0, 5686.0, 4155.0, 3922.0, 3564.0, 3989.0, 3709.0, 3603.0, 3672.0, 3374.0, 3121.0, 3797.0, 3872.0, 4349.0, 3404.0, 3415.0, 6449.0, 6411.0, 4218.0, 2801.0, 4059.0, 5272.0, 5279.0, 4199.0, 2700.0, 2771.0, 2977.0, 3063.0, 3165.0, 2563.0, 3168.0, 2801.0, 2624.0, 2777.0, 3232.0, 3144.0, 3321.0, 3054.0, 4000.0, 4296.0, 3807.0, 3666.0, 5303.0, 4747.0, 3239.0, 2674.0, 2444.0, 2388.0, 2107.0, 2071.0, 1837.0, 1793.0, 1963.0, 1682.0, 1678.0, 1550.0, 1700.0, 1565.0]",45753849.775762275
2,0.8,12,"[{""x"": -0.395357608795166, ""y"": 0.6385445594787598, ""z"": 0.0, ""velocity"": 0.0, ""snr"": 0.0}, {""x"": -0.24873018264770508, ""y"": 0.6607174873352051, ""z"": 0.0, ""velocity"": 0.0, ""snr"": 0.0}, {""x"": -0.30738115310668945, ""y"": 0.6557106971740723, ""z"": 0.0, ""velocity"": 0.0, ""snr"": 0.0}, {""x"": -0.21314620971679688, ""y"": 0.8355975151062012, ""z"": 0.0, ""velocity"": 0.0, ""snr"": 0.0}, {""x"": -0.23943185806274414, ""y"": 0.8363127708435059, ""z"": 0.0, ""velocity"": 0.0, ""snr"": 0.0}, {""x"": -0.18721818923950195, ""y"": 1.5433430671691895, ""z"": 0.0, ""velocity"": 0.0, ""snr"": 0.0}, {""x"": -0.15217065811157227, ""y"": 1.5587210655212402, ""z"": 0.0, ""velocity"": 0.0, ""snr"": 0.0}, {""x"": -0.26303529739379883, ""y"": 1.5478134155273438, ""z"": 0.0, ""velocity"": 0.0, ""snr"": 0.0}, {""x"": 0.12999773025512695, ""y"": 1.689612865447998, ""z"": 0.0, ""velocity"": 0.0, ""snr"": 0.0}, {""x"": 0.8414983749389648, ""y"": 2.00575590133667, ""z"": 0.0, ""velocity"": 0.0, ""snr"": 0.0}, {""x"": 1.169443130493164, ""y"": 1.7938613891601562, ""z"": 0.0, ""velocity"": 0.0, ""snr"": 0.0}, {""x"": 1.249551773071289, ""y"": 1.7096400260925293, ""z"": 0.0, ""velocity"": 0.0, ""snr"": 0.0}]","[146798.0, 215034.0, 148111.0, 45486.0, 15273.0, 43741.0, 58885.0, 33823.0, 9010.0, 10652.0, 25942.0, 25122.0, 10835.0, 10500.0, 27082.0, 40706.0, 48541.0, 31710.0, 36336.0, 49201.0, 23974.0, 5111.0, 4655.0, 3670.0, 3298.0, 3756.0, 3388.0, 4640.0, 8777.0, 10395.0, 6359.0, 7852.0, 13549.0, 19267.0, 41316.0, 30424.0, 16200.0, 26389.0, 21251.0, 14127.0, 11186.0, 14106.0, 11032.0, 8572.0, 10907.0, 22420.0, 35828.0, 36905.0, 23957.0, 14061.0, 8622.0, 8897.0, 7897.0, 6549.0, 6595.0, 8506.0, 5814.0, 5496.0, 5963.0, 5974.0, 5492.0, 4614.0, 3670.0, 3918.0, 5008.0, 5142.0, 5592.0, 5207.0, 5448.0, 4673.0, 4997.0, 5977.0, 4513.0, 4495.0, 4203.0, 4327.0, 4255.0, 3861.0, 3310.0, 3176.0, 3440.0, 4123.0, 4093.0, 4525.0, 3473.0, 3897.0, 6342.0, 5849.0, 3674.0, 3181.0, 3806.0, 5722.0, 5933.0, 4523.0, 2590.0, 2658.0, 2707.0, 2870.0, 3191.0, 2931.0, 3215.0, 2729.0, 2486.0, 2497.0, 3237.0, 3584.0, 3103.0, 2814.0, 3827.0, 4238.0, 4267.0, 4728.0, 5844.0, 4778.0, 3604.0, 2958.0, 2646.0, 2324.0, 2152.0, 2098.0, 2008.0, 2124.0, 2038.0, 2012.0, 1709.0, 1717.0, 1715.0, 1861.0]",44838286.68213847
3,0.8,13,"[{""x"": -0.36031007766723633, ""y"": 0.6195902824401855, ""z"": 0.0, ""velocity"": 0.0, ""snr"": 0.0}, {""x"": -0.3460049629211426, ""y"": 0.6478428840637207, ""z"": 0.0, ""velocity"": 0.0, ""snr"": 0.0}, {""x"": -0.31185150146484375, ""y"": 0.7086396217346191, ""z"": 0.0, ""velocity"": 0.0, ""snr"": 0.0}, {""x"": -0.18078088760375977, ""y"": 0.8178949356079102, ""z"": 0.0, ""velocity"": 0.0, ""snr"": 0.0}, {""x"": -0.23692846298217773, ""y"": 0.8254051208496094, ""z"": 0.0, ""velocity"": 0.0, ""snr"": 0.0}, {""x"": -0.2301335334777832, ""y"": 0.8440017700195312, ""z"": 0.0, ""velocity"": 0.0, ""snr"": 0.0}, {""x"": -0.1793503761291504, ""y"": 1.5433430671691895, ""z"": 0.0, ""velocity"": 0.0, ""snr"": 0.0}, {""x"": -0.14394521713256836, ""y"": 1.558542251586914, ""z"": 0.0, ""velocity"": 0.0, ""snr"": 0.0}, {""x"": -0.23621320724487305, ""y"": 1.551210880279541, ""z"": 0.0, ""velocity"": 0.0, ""snr"": 0.0}, {""x"": 0.8155703544616699, ""y"": 2.0179152488708496, ""z"": 0.0, ""velocity"": 0.0, ""snr"": 0.0}, {""x"": 1.353442668914795, ""y"": 1.5930533409118652, ""z"": 0.0, ""velocity"": 0.0, ""snr"": 0.0}, {""x"": 1.2647509574890137, ""y"": 1.6973018646240234, ""z"": 0.0, ""velocity"": 0.0, ""snr"": 0.0}, {""x"": 1.211106777191162, ""y"": 1.7606019973754883, ""z"": 0.0, ""velocity"": 0.0, ""snr"": 0.0}]","[146420.0, 215234.0, 148326.0, 45093.0, 11175.0, 25882.0, 41684.0, 27383.0, 8013.0, 10825.0, 26455.0, 27212.0, 11116.0, 6698.0, 21153.0, 30380.0, 43565.0, 32856.0, 43184.0, 52265.0, 26406.0, 8261.0, 5135.0, 3738.0, 2531.0, 3426.0, 3333.0, 4876.0, 10443.0, 12524.0, 7539.0, 8168.0, 14086.0, 21027.0, 44543.0, 31786.0, 16619.0, 26656.0, 21766.0, 15277.0, 12953.0, 13987.0, 12243.0, 8322.0, 10295.0, 22723.0, 36250.0, 35637.0, 23009.0, 14377.0, 8313.0, 8327.0, 6929.0, 6293.0, 6604.0, 8366.0, 6342.0, 5929.0, 6349.0, 6513.0, 6630.0, 5729.0, 4416.0, 4549.0, 4567.0, 5457.0, 5100.0, 5589.0, 6167.0, 3875.0, 4857.0, 4771.0, 3727.0, 4134.0, 3968.0, 4067.0, 4064.0, 3446.0, 3069.0, 3209.0, 3355.0, 3838.0, 3615.0, 3660.0, 3256.0, 4423.0, 6474.0, 6261.0, 3691.0, 2940.0, 4225.0, 5810.0, 6164.0, 4974.0, 2753.0, 3036.0, 3016.0, 2795.0, 3314.0, 2818.0, 3603.0, 3161.0, 2776.0, 2422.0, 2713.0, 2753.0, 2892.0, 2992.0, 3878.0, 4184.0, 3819.0, 4046.0, 5813.0, 4834.0, 2949.0, 2719.0, 2320.0, 2323.0, 2346.0, 2051.0, 2096.0, 1965.0, 1971.0, 1874.0, 1781.0, 1889.0, 1838.0, 1682.0]",43941167.27162036
4,0.8,12,"[{""x"": -0.31059980392456055, ""y"": 0.6659030914306641, ""z"": 0.0, ""velocity"": 0.0, ""snr"": 0.0}, {""x"": -0.28592348098754883, ""y"": 0.7304549217224121, ""z"": 0.0, ""velocity"": 0.0, ""snr"": 0.0}, {""x"": -0.16504526138305664, ""y"": 0.823974609375, ""z"": 0.0, ""velocity"": 0.0, ""snr"": 0.0}, {""x"": -0.2161860466003418, ""y"": 0.8262991905212402, ""z"": 0.0, ""velocity"": 0.0, ""snr"": 0.0}, {""x"": -0.24515390396118164, ""y"": 0.8316636085510254, ""z"": 0.0, ""velocity"": 0.0, ""snr"": 0.0}, {""x"": -0.14162063598632812, ""y"": 1.5483498573303223, ""z"": 0.0, ""velocity"": 0.0, ""snr"": 0.0}, {""x"": -0.14322996139526367, ""y"": 1.5590786933898926, ""z"": 0.0, ""velocity"": 0.0, ""snr"": 0.0}, {""x"": -0.22923946380615234, ""y"": 1.5540719032287598, ""z"": 0.0, ""velocity"": 0.0, ""snr"": 0.0}, {""x"": 0.1392960548400879, ""y"": 1.6867518424987793, ""z"": 0.0, ""velocity"": 0.0, ""snr"": 0.0}, {""x"": 1.3123154640197754, ""y"": 1.622915267944336, ""z"": 0.0, ""velocity"": 0.0, ""snr"": 0.0}, {""x"": 1.2965798377990723, ""y"": 1.6674399375915527, ""z"": 0.0, ""velocity"": 0.0, ""snr"": 0.0}, {""x"": 1.3986825942993164, ""y"": 1.6109347343444824, ""z"": 0.0, ""velocity"": 0.0, ""snr"": 0.0}]","[146877.0, 214824.0, 147837.0, 45318.0, 11885.0, 37219.0, 55563.0, 33615.0, 8228.0, 9587.0, 25645.0, 27894.0, 12381.0, 6742.0, 26459.0, 32960.0, 31629.0, 28134.0, 46488.0, 53084.0, 22727.0, 4713.0, 4650.0, 4963.0, 3687.0, 3868.0, 2875.0, 4015.0, 8467.0, 9932.0, 6331.0, 8267.0, 14115.0, 22424.0, 48580.0, 34645.0, 16744.0, 27280.0, 21028.0, 14434.0, 12976.0, 14565.0, 12271.0, 9919.0, 11586.0, 22921.0, 33704.0, 30013.0, 17504.0, 14359.0, 8753.0, 8530.0, 6448.0, 5669.0, 6360.0, 8042.0, 5368.0, 6464.0, 6944.0, 6440.0, 6645.0, 6167.0, 4398.0, 4656.0, 5472.0, 5202.0, 5947.0, 6213.0, 6626.0, 4161.0, 5209.0, 4592.0, 3602.0, 3743.0, 4126.0, 3667.0, 3810.0, 3747.0, 3192.0, 3097.0, 3097.0, 4011.0, 3841.0, 4421.0, 3888.0, 4317.0, 6529.0, 6394.0, 4241.0, 3352.0, 4533.0, 5266.0, 5330.0, 4646.0, 3021.0, 2774.0, 3013.0, 3008.0, 3477.0, 2964.0, 3103.0, 3004.0, 2965.0, 2602.0, 2773.0, 3116.0, 2954.0, 2846.0, 3448.0, 4078.0, 3746.0, 4051.0, 5451.0, 4674.0, 3084.0, 2615.0, 2414.0, 2420.0, 2049.0, 2246.0, 2032.0, 1908.0, 2033.0, 2044.0, 1597.0, 1761.0, 1693.0, 1701.0]",43062668.40265526
5,0.8,10,"[{""x"": -0.2818107604980469, ""y"": 0.6977319717407227, ""z"": 0.0, ""velocity"": 0.0, ""snr"": 0.0}, {""x"": -0.19115209579467773, ""y"": 0.6859302520751953, ""z"": 0.0, ""velocity"": 0.0, ""snr"": 0.0}, {""x"": -0.21851062774658203, ""y"": 0.6880760192871094, ""z"": 0.0, ""velocity"": 0.0, ""snr"": 0.0}, {""x"": -0.17130374908447266, ""y"": 0.8425712585449219, ""z"": 0.0, ""velocity"": 0.0, ""snr"": 0.0}, {""x"": -0.14036893844604492, ""y"": 1.5496015548706055, ""z"": 0.0, ""velocity"": 0.0, ""snr"": 0.0}, {""x"": -0.14144182205200195, ""y"": 1.558363437652588, ""z"": 0.0, ""velocity"": 0.0, ""snr"": 0.0}, {""x"": -0.21654367446899414, ""y"": 1.5590786933898926, ""z"": 0.0, ""velocity"": 0.0, ""snr"": 0.0}, {""x"": 0.09101629257202148, ""y"": 1.6894340515136719, ""z"": 0.0, ""velocity"": 0.0, ""snr"": 0.0}, {""x"": 1.3845562934875488, ""y"": 1.5909075736999512, ""z"": 0.0, ""velocity"": 0.0, ""snr"": 0.0}, {""x"": 1.6295313835144043, ""y"": 1.372218132019043, ""z"": 0.0, ""velocity"": 0.0, ""snr"": 0.0}]","[146241.0, 214974.0, 148238.0, 45346.0, 15615.0, 31751.0, 36370.0, 17952.0, 6023.0, 8729.0, 24091.0, 27687.0, 16428.0, 7151.0, 20528.0, 50260.0, 62993.0, 33532.0, 33700.0, 45279.0, 19875.0, 3363.0, 5216.0, 5558.0, 4824.0, 4018.0, 3362.0, 3992.0, 8696.0, 10272.0, 6257.0, 8100.0, 14110.0, 20357.0, 45526.0, 30453.0, 17506.0, 27052.0, 20448.0, 12889.0, 12828.0, 16509.0, 13104.0, 8566.0, 9861.0, 19714.0, 28113.0, 24424.0, 11911.0, 12949.0, 10228.0, 8518.0, 6550.0, 5527.0, 6427.0, 8254.0, 6127.0, 7385.0, 7732.0, 6161.0, 5851.0, 4915.0, 4177.0, 5283.0, 5590.0, 5356.0, 6307.0, 7174.0, 7936.0, 5846.0, 5319.0, 5422.0, 4016.0, 3721.0, 4125.0, 2871.0, 3107.0, 3657.0, 3033.0, 2946.0, 3386.0, 4337.0, 4296.0, 4110.0, 3752.0, 5107.0, 6259.0, 6695.0, 4550.0, 2928.0, 3423.0, 4403.0, 4713.0, 4281.0, 3235.0, 2955.0, 3178.0, 2641.0, 2811.0, 2766.0, 3192.0, 2636.0, 2672.0, 2322.0, 2833.0, 3220.0, 2671.0, 2793.0, 3474.0, 4251.0, 3958.0, 3931.0, 5657.0, 4668.0, 3324.0, 3188.0, 2719.0, 2408.0, 2239.0, 2072.0, 1984.0, 1886.0, 2148.0, 1986.0, 1735.0, 1740.0, 1659.0, 1591.0]",42200946.458992325
6,0.8,9,"[{""x"": -0.2313852310180664, ""y"": 0.6934404373168945, ""z"": 0.0, ""velocity"": 0.0, ""snr"": 0.0}, {""x"": -0.2962946891784668, ""y"": 0.6827116012573242, ""z"": 0.0, ""velocity"": 0.0, ""snr"": 0.0}, {""x"": -0.17273426055908203, ""y"": 0.6996989250183105, ""z"": 0.0, ""velocity"": 0.0, ""snr"": 0.0}, {""x"": -0.19294023513793945, ""y"": 0.8448958396911621, ""z"": 0.0, ""velocity"": 0.0, ""snr"": 0.0}, {""x"": -0.12874603271484375, ""y"": 1.5508532524108887, ""z"": 0.0, ""velocity"": 0.0, ""snr"": 0.0}, {""x"": -0.15056133270263672, ""y"": 1.5580058097839355, ""z"": 0.0, ""velocity"": 0.0, ""snr"": 0.0}, {""x"": -0.258028507232666, ""y"": 1.5499591827392578, ""z"": 0.0, ""velocity"": 0.0, ""snr"": 0.0}, {""x"": 1.4156699180603027, ""y"": 1.5619397163391113, ""z"": 0.0, ""velocity"": 0.0, ""snr"": 0.0}, {""x"": 1.600205898284912, ""y"": 1.40458345413208, ""z"": 0.0, ""velocity"": 0.0, ""snr"": 0.0}]","[146012.0, 214951.0, 148039.0, 45341.0, 15339.0, 39268.0, 57742.0, 35476.0, 9379.0, 7471.0, 18333.0, 18084.0, 12993.0, 6644.0, 15682.0, 43976.0, 65560.0, 38429.0, 23698.0, 34231.0, 16276.0, 5232.0, 33559825.0, 100860929.0, 460805.0, 3221554435.0, 838860802.0, 2214595172.0, 0.0, 167772160.0, 33554432.0, 4278190080.0, 771751935.0, 2013265921.0, 0.0, 758725504.0, 3784409.0, 4096000.0, 171933696.0, 3623878656.0, 948729.0, 973078528.0, 1375287116.0, 14.0, 2101891328.0, 2233085.0, 1107296256.0, 939281225.0, 34.0, 2101950464.0, 2422531.0, 1006632960.0, 2215017544.0, 16.0, 944132096.0, 2163727.0, 939524096.0, 2350500166.0, 38.0, 189481472.0, 2640152.0, 1291845632.0, 454400841.0, 42.0, 776488960.0, 1.0, 2902458370.0, 2684355131.0, 2382365511.0, 3053453889.0, 1375731889.0, 2097152051.0, 3858759804.0, 3674210498.0, 2734686327.0, 352321565.0, 687865872.0, 1627389979.0, 3573547034.0, 184549404.0, 1107296297.0, 838860829.0, 2248147078.0, 637534373.0, 637534332.0, 239.0, 2701132027.0, 486539371.0, 3388997656.0, 1241514009.0, 2717909012.0, 2768240653.0, 3489660947.0, 3657433104.0, 1677721618.0, 2785017883.0, 117440538.0, 1174405140.0, 3607101472.0, 2852126768.0, 1006633018.0, 1728053372.0, 973078611.0, 2415919166.0, 3724542036.0, 100663376.0, 1845493819.0, 3539992630.0, 150995011.0, 2701131820.0, 2466250786.0, 3070230552.0, 771752018.0, 3841982608.0, 3774873765.0, 3305111674.0, 3758096429.0, 4227858465.0, 1744830502.0, 1191182373.0, 2080374806.0, 20.0, 3741319196.0, 2298478615.0, 2986344471.0, 1191182355.0, 335544342.0, 671088663.0]",1262775974.0235548
7,0.8,12,"[{""x"": -0.4100203514099121, ""y"": 0.5904436111450195, ""z"": 0.0, ""velocity"": 0.0, ""snr"": 0.0}, {""x"": -0.3095269203186035, ""y"": 0.6210207939147949, ""z"": 0.0, ""velocity"": 0.0, ""snr"": 0.0}, {""x"": -0.11354684829711914, ""y"": 1.554429531097412, ""z"": 0.0, ""velocity"": 0.0, ""snr"": 0.0}, {""x"": -0.19472837448120117, ""y"": 1.5715956687927246, ""z"": 0.0, ""velocity"": 0.0, ""snr"": 0.0}, {""x"": -0.048279762268066406, ""y"": 0.8690357208251953, ""z"": 0.0, ""velocity"": 0.0, ""snr"": 0.0}, {""x"": 0.30559301376342773, ""y"": 1.6411542892456055, ""z"": 0.0, ""velocity"": 0.0, ""snr"": 0.0}, {""x"": 0.16558170318603516, ""y"": 1.684248447418213, ""z"": 0.0, ""velocity"": 0.0, ""snr"": 0.0}, {""x"": 0.22619962692260742, ""y"": 0.8039474487304688, ""z"": 0.0, ""velocity"": 0.0, ""snr"": 0.0}, {""x"": 0.8883476257324219, ""y"": 1.983940601348877, ""z"": 0.0, ""velocity"": 0.0, ""snr"": 0.0}, {""x"": 0.36782026290893555, ""y"": 0.7222294807434082, ""z"": 0.0, ""velocity"": 0.0, ""snr"": 0.0}, {""x"": 1.1731982231140137, ""y"": 1.7670392990112305, ""z"": 0.0, ""velocity"": 0.0, ""snr"": 0.0}, {""x"": 1.044631004333496, ""y"": 1.8743276596069336, ""z"": 0.0, ""velocity"": 0.0, ""snr"": 0.0}]","[146545.0, 215106.0, 147970.0, 45283.0, 12777.0, 27794.0, 44148.0, 28716.0, 6435.0, 9259.0, 10524.0, 7051.0, 8353.0, 15254.0, 17423.0, 23820.0, 20534.0, 32624.0, 55987.0, 59339.0, 23806.0, 5658.0, 4158.0, 4346.0, 4401.0, 4758.0, 3919.0, 4430.0, 6581.0, 6967.0, 5358.0, 7262.0, 12560.0, 15787.0, 30698.0, 17589.0, 20309.0, 28327.0, 21215.0, 13781.0, 14997.0, 16132.0, 13615.0, 9812.0, 7775.0, 22694.0, 37669.0, 41774.0, 30805.0, 14676.0, 9059.0, 11243.0, 9826.0, 5855.0, 5434.0, 7927.0, 6218.0, 5565.0, 5255.0, 5465.0, 5218.0, 5986.0, 5032.0, 4768.0, 5611.0, 5765.0, 5542.0, 4918.0, 4782.0, 3974.0, 4355.0, 3424.0, 2790.0, 2927.0, 3717.0, 3591.0, 2995.0, 3138.0, 3489.0, 3153.0, 3056.0, 3415.0, 3497.0, 3658.0, 3817.0, 3948.0, 6399.0, 7009.0, 4876.0, 3893.0, 2640.0, 2602.0, 2743.0, 2968.0, 2640.0, 2871.0, 3761.0, 3675.0, 3120.0, 2999.0, 3339.0, 2916.0, 2402.0, 2331.0, 2686.0, 2745.0, 2651.0, 3639.0, 4709.0, 4760.0, 4252.0, 4122.0, 5421.0, 4699.0, 2686.0, 2803.0, 2415.0, 2097.0, 2224.0, 2176.0, 2068.0, 2241.0, 2438.0, 1970.0, 1725.0, 1616.0, 1745.0, 1458.0]",66464983.934722684
0,0.8,8,"[{""x"": -0.1736283302307129, ""y"": 0.7274150848388672, ""z"": 0.0, ""velocity"": 0.0, ""snr"": 0.0}, {""x"": -0.0641942024230957, ""y"": 1.5519261360168457, ""z"": 0.0, ""velocity"": 0.0, ""snr"": 0.0}, {""x"": 0.09083747863769531, ""y"": 1.6815662384033203, ""z"": 0.0, ""velocity"": 0.0, ""snr"": 0.0}, {""x"": 0.13965368270874023, ""y"": 1.6711950302124023, ""z"": 0.0, ""velocity"": 0.0, ""snr"": 0.0}, {""x"": 1.1020302772521973, ""y"": 1.8417835235595703, ""z"": 0.0, ""velocity"": 0.0, ""snr"": 0.0}, {""x"": 0.9782910346984863, ""y"": 1.936197280883789, ""z"": 0.0, ""velocity"": 0.0, ""snr"": 0.0}, {""x"": 1.2205839157104492, ""y"": 1.7307400703430176, ""z"": 0.0, ""velocity"": 0.0, ""snr"": 0.0}, {""x"": 1.1658668518066406, ""y"": 1.0943412780761719, ""z"": 0.0, ""velocity"": 0.0, ""snr"": 0.0}]","[146137.0, 214771.0, 147829.0, 45138.0, 10844.0, 17677.0, 32255.0, 22428.0, 9499.0, 12258.0, 8240.0, 7285.0, 5238.0, 9027.0, 10671.0, 12422.0, 29557.0, 28401.0, 50864.0, 55390.0, 23039.0, 5653.0, 3611.0, 5556.0, 4336.0, 3654.0, 3375.0, 4606.0, 7369.0, 8398.0, 7172.0, 9306.0, 13748.0, 13424.0, 24222.0, 16780.0, 23719.0, 28911.0, 20262.0, 14948.0, 14335.0, 17076.0, 13246.0, 8896.0, 7226.0, 22753.0, 35712.0, 39178.0, 28415.0, 12257.0, 11112.0, 11442.0, 8539.0, 5463.0, 5512.0, 7917.0, 5800.0, 5562.0, 5003.0, 5837.0, 6002.0, 6281.0, 5109.0, 5232.0, 5775.0, 5659.0, 5052.0, 4868.0, 4947.0, 3626.0, 4153.0, 4102.0, 3407.0, 3130.0, 3835.0, 3643.0, 3241.0, 3088.0, 3307.0, 3405.0, 3464.0, 2781.0, 3267.0, 3417.0, 3179.0, 3586.0, 7500.0, 7815.0, 4701.0, 3296.0, 3055.0, 2916.0, 2942.0, 2768.0, 2530.0, 2920.0, 3020.0, 3036.0, 2891.0, 2623.0, 2994.0, 2795.0, 2494.0, 2466.0, 2597.0, 2535.0, 2573.0, 3308.0, 4314.0, 4177.0, 3438.0, 3699.0, 5379.0, 4257.0, 3205.0, 2817.0, 2393.0, 2371.0, 1999.0, 1884.0, 1994.0, 2003.0, 2181.0, 1688.0, 1673.0, 1662.0, 1629.0, 1554.0]",65135771.09712094
1,0.8,10,"[{""x"": -0.23943185806274414, ""y"": 0.6832480430603027, ""z"": 0.0, ""velocity"": 0.0, ""snr"": 0.0}, {""x"": -0.23299455642700195, ""y"": 0.6891489028930664, ""z"": 0.0, ""velocity"": 0.0, ""snr"": 0.0}, {""x"": -0.19240379333496094, ""y"": 1.5739202499389648, ""z"": 0.0, ""velocity"": 0.0, ""snr"": 0.0}, {""x"": -0.09101629257202148, ""y"": 1.5562176704406738, ""z"": 0.0, ""velocity"": 0.0, ""snr"": 0.0}, {""x"": 0.17631053924560547, ""y"": 1.6518831253051758, ""z"": 0.0, ""velocity"": 0.0, ""snr"": 0.0}, {""x"": 0.15217065811157227, ""y"": 1.6867518424987793, ""z"": 0.0, ""velocity"": 0.0, ""snr"": 0.0}, {""x"": 1.101851463317871, ""y"": 1.8407106399536133, ""z"": 0.0, ""velocity"": 0.0, ""snr"": 0.0}, {""x"": 0.9666681289672852, ""y"": 1.9442439079284668, ""z"": 0.0, ""velocity"": 0.0, ""snr"": 0.0}, {""x"": 1.2643933296203613, ""y"": 1.6699433326721191, ""z"": 0.0, ""velocity"": 0.0, ""snr"": 0.0}, {""x"": 1.1998414993286133, ""y"": 1.7439723014831543, ""z"": 0.0, ""velocity"": 0.0, ""snr"": 0.0}]","[146612.0, 214987.0, 148108.0, 45270.0, 14497.0, 31402.0, 43085.0, 26072.0, 8669.0, 9086.0, 12858.0, 10155.0, 8556.0, 14197.0, 15778.0, 29348.0, 50982.0, 32180.0, 64838.0, 67013.0, 26873.0, 7846.0, 5781.0, 5925.0, 3409.0, 3693.0, 3726.0, 4733.0, 6975.0, 6487.0, 5422.0, 8491.0, 13453.0, 12254.0, 24647.0, 14218.0, 16888.0, 19510.0, 21316.0, 13722.0, 14767.0, 15840.0, 12150.0, 10050.0, 8551.0, 23540.0, 36474.0, 38966.0, 28233.0, 14971.0, 9101.0, 9449.0, 7955.0, 6094.0, 5698.0, 8125.0, 5844.0, 5009.0, 4775.0, 5058.0, 6089.0, 5901.0, 4302.0, 4398.0, 5671.0, 5324.0, 5931.0, 5401.0, 5121.0, 4696.0, 4688.0, 3929.0, 3222.0, 2846.0, 3334.0, 3016.0, 2919.0, 2883.0, 3472.0, 3309.0, 3120.0, 3679.0, 3524.0, 3588.0, 3507.0, 4285.0, 6527.0, 7312.0, 4597.0, 3307.0, 3824.0, 3217.0, 2932.0, 3161.0, 2649.0, 2786.0, 2767.0, 2959.0, 3067.0, 2821.0, 2897.0, 2565.0, 2521.0, 2849.0, 3147.0, 2945.0, 2543.0, 3689.0, 4259.0, 3701.0, 3295.0, 3839.0, 5060.0, 3871.0, 2723.0, 2641.0, 2380.0, 2270.0, 2221.0, 2172.0, 2095.0, 2190.0, 2248.0, 2066.0, 1721.0, 1621.0, 1672.0, 1637.0]",63832880.072228536
2,0.8,10,"[{""x"": -0.25641918182373047, ""y"": 0.6769895553588867, ""z"": 0.0, ""velocity"": 0.0, ""snr"": 0.0}, {""x"": -0.18399953842163086, ""y"": 0.6682276725769043, ""z"": 0.0, ""velocity"": 0.0, ""snr"": 0.0}, {""x"": -0.11783838272094727, ""y"": 1.5519261360168457, ""z"": 0.0, ""velocity"": 0.0, ""snr"": 0.0}, {""x"": 0.09262561798095703, ""y"": 1.67924165725708, ""z"": 0.0, ""velocity"": 0.0, ""snr"": 0.0}, {""x"": 0.13464689254760742, ""y"": 1.6681551933288574, ""z"": 0.0, ""velocity"": 0.0, ""snr"": 0.0}, {""x"": 0.32454729080200195, ""y"": 0.7402896881103516, ""z"": 0.0, ""velocity"": 0.0, ""snr"": 0.0}, {""x"": 1.1785626411437988, ""y"": 1.7575621604919434, ""z"": 0.0, ""velocity"": 0.0, ""snr"": 0.0}, {""x"": 1.0879039764404297, ""y"": 1.847684383392334, ""z"": 0.0, ""velocity"": 0.0, ""snr"": 0.0}, {""x"": 0.9596943855285645, ""y"": 1.950681209564209, ""z"": 0.0, ""velocity"": 0.0, ""snr"": 0.0}, {""x"": 1.072704792022705, ""y"": 1.192152500152588, ""z"": 0.0, ""velocity"": 0.0, ""snr"": 0.0}]","[146926.0, 215227.0, 148102.0, 45265.0, 9794.0, 12359.0, 23137.0, 17914.0, 8377.0, 18164.0, 16061.0, 5439.0, 10959.0, 24974.0, 28253.0, 34480.0, 34630.0, 34881.0, 81302.0, 78497.0, 31681.0, 7088.0, 3327.0, 3939.0, 4562.0, 4267.0, 3117.0, 3861.0, 6031.0, 7150.0, 6047.0, 9589.0, 14144.0, 12779.0, 24226.0, 12348.0, 27425.0, 30339.0, 21570.0, 13518.0, 13629.0, 16509.0, 11732.0, 9111.0, 10702.0, 26180.0, 37807.0, 38902.0, 28267.0, 15841.0, 11845.0, 12581.0, 9199.0, 6339.0, 7039.0, 8977.0, 7215.0, 5810.0, 6163.0, 6577.0, 5667.0, 5893.0, 4763.0, 4190.0, 4400.0, 3855.0, 4793.0, 5208.0, 4694.0, 4792.0, 4835.0, 4174.0, 3901.0, 3642.0, 3593.0, 3479.0, 3843.0, 3723.0, 3613.0, 3264.0, 3328.0, 4007.0, 3931.0, 3543.0, 3166.0, 3990.0, 6466.0, 7055.0, 4843.0, 3467.0, 2977.0, 2799.0, 3071.0, 3619.0, 3133.0, 2839.0, 2643.0, 2656.0, 2567.0, 2855.0, 3214.0, 2858.0, 2694.0, 2541.0, 2928.0, 2541.0, 2436.0, 3286.0, 4245.0, 4592.0, 3794.0, 4128.0, 5551.0, 4238.0, 2834.0, 2890.0, 2223.0, 2202.0, 2234.0, 2062.0, 1871.0, 2106.0, 2350.0, 2070.0, 1629.0, 1724.0, 1681.0, 1574.0]",62555441.970606536
3,0.8,10,"[{""x"": -0.22369623184204102, ""y"": 0.6644725799560547, ""z"": 0.0, ""velocity"": 0.0, ""snr"": 0.0}, {""x"": -0.3075599670410156, ""y"": 0.6655454635620117, ""z"": 0.0, ""velocity"": 0.0, ""snr"": 0.0}, {""x"": -0.3084540367126465, ""y"": 0.7420778274536133, ""z"": 0.0, ""velocity"": 0.0, ""snr"": 0.0}, {""x"": -0.30988454818725586, ""y"": 0.7807016372680664, ""z"": 0.0, ""velocity"": 0.0, ""snr"": 0.0}, {""x"": -0.29218196868896484, ""y"": 0.793755054473877, ""z"": 0.0, ""velocity"": 0.0, ""snr"": 0.0}, {""x"": -0.32150745391845703, ""y"": 0.8055567741394043, ""z"": 0.0, ""velocity"": 0.0, ""snr"": 0.0}, {""x"": -0.16200542449951172, ""y"": 1.5513896942138672, ""z"": 0.0, ""velocity"": 0.0, ""snr"": 0.0}, {""x"": 0.9112358093261719, ""y"": 1.9728541374206543, ""z"": 0.0, ""velocity"": 0.0, ""snr"": 0.0}, {""x"": 1.1841058731079102, ""y"": 1.7552375793457031, ""z"": 0.0, ""velocity"": 0.0, ""snr"": 0.0}, {""x"": 1.0739564895629883, ""y"": 1.8546581268310547, ""z"": 0.0, ""velocity"": 0.0, ""snr"": 0.0}]","[146333.0, 214660.0, 147906.0, 45296.0, 10729.0, 25550.0, 37220.0, 22730.0, 6767.0, 9111.0, 16325.0, 23413.0, 21172.0, 23526.0, 26963.0, 36903.0, 36685.0, 37856.0, 88282.0, 78516.0, 29758.0, 8331.0, 6321.0, 4633.0, 3952.0, 3684.0, 3249.0, 4206.0, 7089.0, 8015.0, 5494.0, 7798.0, 13254.0, 13152.0, 22552.0, 12752.0, 12060.0, 13741.0, 22083.0, 14907.0, 12463.0, 15642.0, 13638.0, 9375.0, 10464.0, 23999.0, 35858.0, 36919.0, 26052.0, 12573.0, 9504.0, 12424.0, 7857.0, 5723.0, 6697.0, 8648.0, 7026.0, 5980.0, 5529.0, 6181.0, 5475.0, 5562.0, 4076.0, 4701.0, 5206.0, 5304.0, 7735.0, 7045.0, 4689.0, 3844.0, 3935.0, 3285.0, 2925.0, 3664.0, 4361.0, 3649.0, 3175.0, 3118.0, 3367.0, 3143.0, 3444.0, 4224.0, 4111.0, 3462.0, 3383.0, 3779.0, 7050.0, 7628.0, 4515.0, 4155.0, 3891.0, 3237.0, 2797.0, 3408.0, 3120.0, 2890.0, 2688.0, 2516.0, 2498.0, 2540.0, 3178.0, 2585.0, 2534.0, 2687.0, 2959.0, 2816.0, 2672.0, 3058.0, 4645.0, 5037.0, 4119.0, 3502.0, 5007.0, 4507.0, 3173.0, 2655.0, 2483.0, 2265.0, 2012.0, 2104.0, 2211.0, 1902.0, 1910.0, 1867.0, 1644.0, 1570.0, 1684.0, 1641.0]",61304469.287388854
4,0.8,10,"[{""x"": -0.39947032928466797, ""y"": 0.633537769317627, ""z"": 0.0, ""velocity"": 0.0, ""snr"": 0.0}, {""x"": -0.29218196868896484, ""y"": 0.759422779083252, ""z"": 0.0, ""velocity"": 0.0, ""snr"": 0.0}, {""x"": -0.30094385147094727, ""y"": 0.7803440093994141, ""z"": 0.0, ""velocity"": 0.0, ""snr"": 0.0}, {""x"": -0.2651810646057129, ""y"": 0.800013542175293, ""z"": 0.0, ""velocity"": 0.0, ""snr"": 0.0}, {""x"": -0.07545948028564453, ""y"": 1.5537142753601074, ""z"": 0.0, ""velocity"": 0.0, ""snr"": 0.0}, {""x"": 0.1811385154724121, ""y"": 1.6595721244812012, ""z"": 0.0, ""velocity"": 0.0, ""snr"": 0.0}, {""x"": 0.1557469367980957, ""y"": 1.68532133102417, ""z"": 0.0, ""velocity"": 0.0, ""snr"": 0.0}, {""x"": 1.1585354804992676, ""y"": 1.7732977867126465, ""z"": 0.0, ""velocity"": 0.0, ""snr"": 0.0}, {""x"": 1.0748505592346191, ""y"": 1.8553733825683594, ""z"": 0.0, ""velocity"": 0.0, ""snr"": 0.0}, {""x"": 0.9917020797729492, ""y"": 1.9294023513793945, ""z"": 0.0, ""velocity"": 0.0, ""snr"": 0.0}]","[146321.0, 214987.0, 147967.0, 45255.0, 12022.0, 31480.0, 46698.0, 28475.0, 8318.0, 8433.0, 9665.0, 11600.0, 7675.0, 16142.0, 17261.0, 20430.0, 23257.0, 40257.0, 85228.0, 70837.0, 26002.0, 6448.0, 5450.0, 4873.0, 3567.0, 3516.0, 2630.0, 3848.0, 7501.0, 8906.0, 6765.0, 7779.0, 13079.0, 12606.0, 20513.0, 11983.0, 21159.0, 22807.0, 23054.0, 15810.0, 12723.0, 16803.0, 13542.0, 11202.0, 11327.0, 22599.0, 34228.0, 36010.0, 25645.0, 12221.0, 8276.0, 10237.0, 7535.0, 7058.0, 7289.0, 9050.0, 7377.0, 6422.0, 5378.0, 6168.0, 7187.0, 6648.0, 4620.0, 4592.0, 4968.0, 5619.0, 7326.0, 6306.0, 4397.0, 4411.0, 4130.0, 3763.0, 3450.0, 3704.0, 3743.0, 3789.0, 3520.0, 3219.0, 3473.0, 3196.0, 3310.0, 3914.0, 3817.0, 4139.0, 3998.0, 5233.0, 6671.0, 6961.0, 4198.0, 3520.0, 3385.0, 2865.0, 3331.0, 3383.0, 2907.0, 3194.0, 3036.0, 2614.0, 2670.0, 2783.0, 3297.0, 2964.0, 2533.0, 2549.0, 2883.0, 2936.0, 2972.0, 3171.0, 4670.0, 5094.0, 4574.0, 3954.0, 5336.0, 4602.0, 3228.0, 2801.0, 2455.0, 2195.0, 2028.0, 2134.0, 2302.0, 2173.0, 2273.0, 1820.0, 1677.0, 1851.0, 1736.0, 1581.0]",60078987.65448917
5,0.8,12,"[{""x"": -0.4330873489379883, ""y"": 0.6043910980224609, ""z"": 0.0, ""velocity"": 0.0, ""snr"": 0.0}, {""x"": -0.2676844596862793, ""y"": 0.7724761962890625, ""z"": 0.0, ""velocity"": 0.0, ""snr"": 0.0}, {""x"": -0.2948641777038574, ""y"": 0.7848143577575684, ""z"": 0.0, ""velocity"": 0.0, ""snr"": 0.0}, {""x"": -0.27930736541748047, ""y"": 0.7967948913574219, ""z"": 0.0, ""velocity"": 0.0, ""snr"": 0.0}, {""x"": -0.27233362197875977, ""y"": 0.8218288421630859, ""z"": 0.0, ""velocity"": 0.0, ""snr"": 0.0}, {""x"": -0.1704096794128418, ""y"": 1.5483498573303223, ""z"": 0.0, ""velocity"": 0.0, ""snr"": 0.0}, {""x"": 0.18078088760375977, ""y"": 1.6654729843139648, ""z"": 0.0, ""velocity"": 0.0, ""snr"": 0.0}, {""x"": 0.11944770812988281, ""y"": 1.6819238662719727, ""z"": 0.0, ""velocity"": 0.0, ""snr"": 0.0}, {""x"": 0.9323358535766602, ""y"": 1.9701719284057617, ""z"": 0.0, ""velocity"": 0.0, ""snr"": 0.0}, {""x"": 1.1814236640930176, ""y"": 1.7586350440979004, ""z"": 0.0, ""velocity"": 0.0, ""snr"": 0.0}, {""x"": 1.1014938354492188, ""y"": 1.8417835235595703, ""z"": 0.0, ""velocity"": 0.0, ""snr"": 0.0}, {""x"": 1.0803937911987305, ""y"": 1.1823177337646484, ""z"": 0.0, ""velocity"": 0.0, ""snr"": 0.0}]","[146410.0, 214722.0, 147972.0, 45404.0, 12549.0, 47251.0, 64318.0, 36049.0, 8883.0, 23258.0, 34628.0, 23716.0, 10780.0, 18138.0, 24688.0, 21187.0, 19888.0, 34727.0, 80424.0, 67670.0, 25364.0, 6885.0, 5227.0, 3849.0, 3281.0, 2892.0, 3137.0, 4298.0, 8912.0, 10350.0, 6833.0, 7846.0, 12238.0, 12357.0, 24928.0, 14106.0, 28245.0, 32653.0, 22682.0, 15807.0, 14599.0, 16500.0, 12551.0, 9197.0, 9606.0, 22830.0, 35544.0, 37545.0, 28869.0, 17316.0, 11397.0, 11548.0, 6535.0, 5823.0, 6122.0, 8225.0, 7573.0, 6479.0, 5447.0, 5929.0, 6311.0, 5759.0, 3999.0, 4373.0, 5125.0, 5463.0, 5446.0, 4883.0, 4604.0, 4581.0, 4066.0, 4476.0, 4073.0, 3790.0, 4634.0, 4353.0, 3692.0, 3000.0, 2970.0, 2919.0, 3852.0, 4588.0, 4296.0, 4027.0, 3725.0, 3835.0, 6769.0, 7158.0, 4381.0, 3398.0, 2978.0, 3315.0, 3200.0, 3135.0, 2946.0, 2842.0, 2796.0, 2970.0, 2605.0, 2970.0, 3210.0, 2777.0, 2429.0, 2402.0, 2607.0, 2581.0, 2479.0, 2867.0, 4232.0, 4478.0, 3853.0, 3852.0, 4989.0, 4485.0, 3280.0, 2883.0, 2267.0, 2080.0, 1947.0, 2119.0, 2052.0, 2026.0, 2363.0, 1851.0, 1719.0, 1702.0, 1560.0, 1605.0]",58877681.2895503
6,0.8,11,"[{""x"": -0.35691261291503906, ""y"": 0.6424784660339355, ""z"": 0.0, ""velocity"": 0.0, ""snr"": 0.0}, {""x"": -0.2891421318054199, ""y"": 0.7891058921813965, ""z"": 0.0, ""velocity"": 0.0, ""snr"": 0.0}, {""x"": -0.1977682113647461, ""y"": 0.7905364036560059, ""z"": 0.0, ""velocity"": 0.0, ""snr"": 0.0}, {""x"": -0.11873245239257812, ""y"": 1.5506744384765625, ""z"": 0.0, ""velocity"": 0.0, ""snr"": 0.0}, {""x"": 0.07796287536621094, ""y"": 1.6758441925048828, ""z"": 0.0, ""velocity"": 0.0, ""snr"": 0.0}, {""x"": 0.03165006637573242, ""y"": 1.6849637031555176, ""z"": 0.0, ""velocity"": 0.0, ""snr"": 0.0}, {""x"": 1.136183738708496, ""y"": 1.8537640571594238, ""z"": 0.0, ""velocity"": 0.0, ""snr"": 0.0}, {""x"": 1.2359619140625, ""y"": 1.7151832580566406, ""z"": 0.0, ""velocity"": 0.0, ""snr"": 0.0}, {""x"": 1.2316703796386719, ""y"": 1.7514824867248535, ""z"": 0.0, ""velocity"": 0.0, ""snr"": 0.0}, {""x"": 1.131892204284668, ""y"": 1.1197328567504883, ""z"": 0.0, ""velocity"": 0.0, ""snr"": 0.0}, {""x"": 1.3073086738586426, ""y"": 0.7572770118713379, ""z"": 0.0, ""velocity"": 0.0, ""snr"": 0.0}]","[146034.0, 214628.0, 147968.0, 45385.0, 11465.0, 21785.0, 34778.0, 23124.0, 5921.0, 10295.0, 16764.0, 15821.0, 11036.0, 12325.0, 10761.0, 24319.0, 25628.0, 3522984374.0, 33.0, 3578278400.0, 2227709.0, 1224736768.0, 1039830088.0, 34.0, 3158849024.0, 2364421.0, 1006632960.0, 3338829385.0, 36.0, 1514816256.0, 2625816.0, 1174405120.0, 4111865162.0, 41.0, 3830005504.0, 2464538.0, 1056964608.0, 77387.0, 131072.0, 37483776.0, 54935552.0, 37813504.0, 11580672.0, 3348736.0, 10525952.0, 14786560.0, 8822016.0, 2686976.0, 3805440.0, 5005824.0, 3260928.0, 2062848.0, 2096896.0, 3448832.0, 6116352.0, 10465536.0, 9631488.0, 12892416.0, 11942144.0, 4531200.0, 1465856.0, 1206784.0, 1038592.0, 884224.0, 766976.0, 758016.0, 1241600.0, 1838848.0, 2148096.0, 1860608.0, 2211328.0, 3559680.0, 4197120.0, 8387584.0, 4754432.0, 6702592.0, 8783872.0, 5088768.0, 3426816.0, 3080960.0, 3855104.0, 3216640.0, 2531072.0, 2597632.0, 5987072.0, 8600832.0, 9501952.0, 6823424.0, 3182848.0, 2517248.0, 2640384.0, 2029824.0, 1162240.0, 1635584.0, 2049536.0, 1525504.0, 1640448.0, 1359104.0, 1230592.0, 1104384.0, 1296128.0, 1001984.0, 1002496.0, 1352960.0, 1433600.0, 1305088.0, 1064448.0, 1040896.0, 1379584.0, 1213440.0, 1180416.0, 1079040.0, 1148928.0, 1060608.0, 901888.0, 794880.0, 804608.0, 977408.0, 743168.0, 848896.0, 910592.0, 868352.0, 946944.0, 1097472.0, 975872.0, 1830912.0, 1870080.0, 1159936.0]",274025697.65253377
7,0.8,11,"[{""x"": -0.2791285514831543, ""y"": 0.6732344627380371, ""z"": 0.0, ""velocity"": 0.0, ""snr"": 0.0}, {""x"": -0.2117156982421875, ""y"": 0.8259415626525879, ""z"": 0.0, ""velocity"": 0.0, ""snr"": 0.0}, {""x"": -0.17309188842773438, ""y"": 1.5433430671691895, ""z"": 0.0, ""velocity"": 0.0, ""snr"": 0.0}, {""x"": -0.13965368270874023, ""y"": 1.5519261360168457, ""z"": 0.0, ""velocity"": 0.0, ""snr"": 0.0}, {""x"": -0.23853778839111328, ""y"": 1.568913459777832, ""z"": 0.0, ""velocity"": 0.0, ""snr"": 0.0}, {""x"": 0.09995698928833008, ""y"": 1.6847848892211914, ""z"": 0.0, ""velocity"": 0.0, ""snr"": 0.0}, {""x"": 0.2696514129638672, ""y"": 1.649022102355957, ""z"": 0.0, ""velocity"": 0.0, ""snr"": 0.0}, {""x"": 1.1896491050720215, ""y"": 1.7548799514770508, ""z"": 0.0, ""velocity"": 0.0, ""snr"": 0.0}, {""x"": 1.0780692100524902, ""y"": 1.8553733825683594, ""z"": 0.0, ""velocity"": 0.0, ""snr"": 0.0}, {""x"": 1.007080078125, ""y"": 1.9218921661376953, ""z"": 0.0, ""velocity"": 0.0, ""snr"": 0.0}, {""x"": 1.3235807418823242, ""y"": 1.617729663848877, ""z"": 0.0, ""velocity"": 0.0, ""snr"": 0.0}]","[146029.0, 214777.0, 148034.0, 45106.0, 9573.0, 22632.0, 42289.0, 30802.0, 10610.0, 15285.0, 21130.0, 15744.0, 7975.0, 6207.0, 12305.0, 22782.0, 35482.0, 22262.0, 52697.0, 57578.0, 24046.0, 5176.0, 4275.0, 4020.0, 4014.0, 3373.0, 3360.0, 5199.0, 6973.0, 7639.0, 5342.0, 8683.0, 13995.0, 17087.0, 33071.0, 18584.0, 26093.0, 32697.0, 19707.0, 12684.0, 12106.0, 14811.0, 12089.0, 10010.0, 9552.0, 24366.0, 36127.0, 40133.0, 28679.0, 13245.0, 10181.0, 10159.0, 8517.0, 4774.0, 5745.0, 7213.0, 5320.0, 6728.0, 5176.0, 5061.0, 5339.0, 4992.0, 4846.0, 4164.0, 5418.0, 6361.0, 5760.0, 4529.0, 4176.0, 4427.0, 4220.0, 4239.0, 3963.0, 4394.0, 4341.0, 3860.0, 3488.0, 3339.0, 3581.0, 3399.0, 2935.0, 3338.0, 3845.0, 4080.0, 4555.0, 3526.0, 6995.0, 7220.0, 4398.0, 3401.0, 2834.0, 3504.0, 3759.0, 3614.0, 3140.0, 2587.0, 2377.0, 2555.0, 3090.0, 2944.0, 3466.0, 3128.0, 2732.0, 2474.0, 2905.0, 3137.0, 2889.0, 3104.0, 3856.0, 4167.0, 3917.0, 4422.0, 5584.0, 4777.0, 3347.0, 2774.0, 2558.0, 2115.0, 2134.0, 1821.0, 1990.0, 2052.0, 2138.0, 1902.0, 1666.0, 1657.0, 1586.0, 1730.0]",61074387.97735778
0,0.8,11,"[{""x"": -0.26804208755493164, ""y"": 0.6705522537231445, ""z"": 0.0, ""velocity"": 0.0, ""snr"": 0.0}, {""x"": -0.27233362197875977, ""y"": 0.8236169815063477, ""z"": 0.0, ""velocity"": 0.0, ""snr"": 0.0}, {""x"": -0.22298097610473633, ""y"": 0.8230805397033691, ""z"": 0.0, ""velocity"": 0.0, ""snr"": 0.0}, {""x"": -0.15181303024291992, ""y"": 1.5483498573303223, ""z"": 0.0, ""velocity"": 0.0, ""snr"": 0.0}, {""x"": -0.10764598846435547, ""y"": 1.556396484375, ""z"": 0.0, ""velocity"": 0.0, ""snr"": 0.0}, {""x"": -0.24050474166870117, ""y"": 1.5692710876464844, ""z"": 0.0, ""velocity"": 0.0, ""snr"": 0.0}, {""x"": 0.10281801223754883, ""y"": 1.6851425170898438, ""z"": 0.0, ""velocity"": 0.0, ""snr"": 0.0}, {""x"": 0.27233362197875977, ""y"": 1.6493797302246094, ""z"": 0.0, ""velocity"": 0.0, ""snr"": 0.0}, {""x"": 1.0460615158081055, ""y"": 1.8732547760009766, ""z"": 0.0, ""velocity"": 0.0, ""snr"": 0.0}, {""x"": 0.9484291076660156, ""y"": 1.9481778144836426, ""z"": 0.0, ""velocity"": 0.0, ""snr"": 0.0}, {""x"": 1.1919736862182617, ""y"": 1.7502307891845703, ""z"": 0.0, ""velocity"": 0.0, ""snr"": 0.0}]","[146606.0, 214849.0, 147958.0, 45409.0, 12889.0, 30781.0, 47150.0, 28648.0, 6091.0, 14169.0, 21202.0, 17722.0, 9909.0, 9654.0, 12840.0, 23157.0, 37118.0, 16523.0, 50026.0, 57787.0, 22398.0, 5594.0, 4715.0, 4226.0, 3576.0, 3244.0, 3009.0, 5739.0, 6606.0, 7483.0, 6396.0, 7877.0, 14200.0, 16005.0, 32846.0, 19155.0, 26069.0, 33967.0, 20130.0, 13509.0, 11779.0, 15641.0, 13263.0, 10824.0, 10434.0, 22102.0, 33891.0, 38546.0, 26503.0, 12246.0, 8575.0, 10453.0, 8402.0, 4514.0, 7238.0, 8607.0, 6484.0, 7088.0, 5669.0, 5910.0, 5481.0, 5176.0, 4200.0, 4485.0, 6072.0, 6986.0, 5728.0, 4931.0, 4274.0, 4566.0, 3935.0, 4258.0, 3526.0, 4277.0, 4040.0, 3666.0, 3088.0, 3091.0, 3623.0, 3542.0, 3159.0, 3737.0, 3599.0, 3417.0, 3739.0, 3151.0, 6245.0, 7393.0, 4767.0, 3032.0, 3074.0, 3439.0, 3661.0, 3711.0, 2630.0, 3048.0, 2875.0, 2602.0, 2860.0, 2775.0, 3107.0, 3267.0, 2565.0, 2921.0, 2955.0, 2968.0, 2589.0, 2912.0, 3899.0, 4569.0, 4540.0, 4475.0, 5448.0, 4451.0, 3350.0, 2905.0, 2381.0, 2309.0, 2464.0, 2234.0, 1933.0, 2166.0, 2050.0, 2021.0, 1661.0, 1638.0, 1669.0, 1631.0]",59852954.635350615
1,0.8,10,"[{""x"": -0.2624988555908203, ""y"": 0.6873607635498047, ""z"": 0.0, ""velocity"": 0.0, ""snr"": 0.0}, {""x"": -0.30541419982910156, ""y"": 1.5496015548706055, ""z"": 0.0, ""velocity"": 0.0, ""snr"": 0.0}, {""x"": -0.18078088760375977, ""y"": 1.5431642532348633, ""z"": 0.0, ""velocity"": 0.0, ""snr"": 0.0}, {""x"": -0.1251697540283203, ""y"": 1.555323600769043, ""z"": 0.0, ""velocity"": 0.0, ""snr"": 0.0}, {""x"": -0.036835670471191406, ""y"": 0.8080601692199707, ""z"": 0.0, ""velocity"": 0.0, ""snr"": 0.0}, {""x"": 0.10085105895996094, ""y"": 1.6838908195495605, ""z"": 0.0, ""velocity"": 0.0, ""snr"": 0.0}, {""x"": 0.24569034576416016, ""y"": 1.6549229621887207, ""z"": 0.0, ""velocity"": 0.0, ""snr"": 0.0}, {""x"": 1.0696649551391602, ""y"": 1.8596649169921875, ""z"": 0.0, ""velocity"": 0.0, ""snr"": 0.0}, {""x"": 0.9663105010986328, ""y"": 1.9363760948181152, ""z"": 0.0, ""velocity"": 0.0, ""snr"": 0.0}, {""x"": 1.2039542198181152, ""y"": 1.7411112785339355, ""z"": 0.0, ""velocity"": 0.0, ""snr"": 0.0}]","[146394.0, 214957.0, 148181.0, 45298.0, 13009.0, 46371.0, 65920.0, 38412.0, 8161.0, 13168.0, 21411.0, 18831.0, 9989.0, 7638.0, 10977.0, 18887.0, 32057.0, 24411.0, 65459.0, 73524.0, 32847.0, 6166.0, 3689.0, 2992.0, 3734.0, 4157.0, 4046.0, 5327.0, 6792.0, 7829.0, 6976.0, 9034.0, 14433.0, 16308.0, 33346.0, 19748.0, 28120.0, 36442.0, 21597.0, 13901.0, 11078.0, 14491.0, 11750.0, 10022.0, 9047.0, 23317.0, 35322.0, 38962.0, 27361.0, 11221.0, 9150.0, 10404.0, 8192.0, 4890.0, 6675.0, 8282.0, 6648.0, 7063.0, 6438.0, 6394.0, 5674.0, 5261.0, 4327.0, 4043.0, 5393.0, 6056.0, 5678.0, 5359.0, 4730.0, 4296.0, 4781.0, 4905.0, 3800.0, 3370.0, 3390.0, 3361.0, 3157.0, 2870.0, 2437.0, 2995.0, 3423.0, 3896.0, 3613.0, 3811.0, 3905.0, 3674.0, 7044.0, 7522.0, 5123.0, 2866.0, 2768.0, 3163.0, 4024.0, 4334.0, 3356.0, 3262.0, 3004.0, 2677.0, 2603.0, 2988.0, 3787.0, 3442.0, 2713.0, 2477.0, 2754.0, 3363.0, 2797.0, 2938.0, 3851.0, 4271.0, 4366.0, 4672.0, 6004.0, 5136.0, 3086.0, 2937.0, 2463.0, 2502.0, 2211.0, 1766.0, 1958.0, 1958.0, 2161.0, 1925.0, 1758.0, 1674.0, 1783.0, 1756.0]",58655851.13768457
2,0.8,9,"[{""x"": -0.23281574249267578, ""y"": 0.7102489471435547, ""z"": 0.0, ""velocity"": 0.0, ""snr"": 0.0}, {""x"": -0.1507401466369629, ""y"": 0.7776618003845215, ""z"": 0.0, ""velocity"": 0.0, ""snr"": 0.0}, {""x"": -0.3490447998046875, ""y"": 1.5451312065124512, ""z"": 0.0, ""velocity"": 0.0, ""snr"": 0.0}, {""x"": -0.11515617370605469, ""y"": 1.5572905540466309, ""z"": 0.0, ""velocity"": 0.0, ""snr"": 0.0}, {""x"": 0.06079673767089844, ""y"": 1.6867518424987793, ""z"": 0.0, ""velocity"": 0.0, ""snr"": 0.0}, {""x"": 0.20259618759155273, ""y"": 1.6633272171020508, ""z"": 0.0, ""velocity"": 0.0, ""snr"": 0.0}, {""x"": 0.9010434150695801, ""y"": 1.9708871841430664, ""z"": 0.0, ""velocity"": 0.0, ""snr"": 0.0}, {""x"": 1.1587142944335938, ""y"": 1.7736554145812988, ""z"": 0.0, ""velocity"": 0.0, ""snr"": 0.0}, {""x"": 1.0389089584350586, ""y"": 1.8754005432128906, ""z"": 0.0, ""velocity"": 0.0, ""snr"": 0.0}]","[146800.0, 215115.0, 148144.0, 45379.0, 14670.0, 50841.0, 62611.0, 31812.0, 6417.0, 13444.0, 19731.0, 15708.0, 8310.0, 8321.0, 11866.0, 18480.0, 37126.0, 35272.0, 62643.0, 66768.0, 27340.0, 6840.0, 5731.0, 4463.0, 3616.0, 4139.0, 3912.0, 5043.0, 5745.0, 6799.0, 6734.0, 7567.0, 14077.0, 14120.0, 30073.0, 17822.0, 28625.0, 39556.0, 21260.0, 14597.0, 11565.0, 14666.0, 14265.0, 13996.0, 12958.0, 23990.0, 36446.0, 38920.0, 27319.0, 10863.0, 7905.0, 10746.0, 8393.0, 4942.0, 6499.0, 8383.0, 7695.0, 7551.0, 6910.0, 6097.0, 4726.0, 5054.0, 4407.0, 5037.0, 6682.0, 6488.0, 6088.0, 5331.0, 4230.0, 4150.0, 5092.0, 5216.0, 3821.0, 3228.0, 3482.0, 3692.0, 3526.0, 2946.0, 2914.0, 3030.0, 3478.0, 3670.0, 3407.0, 4014.0, 3769.0, 3889.0, 7130.0, 6983.0, 4408.0, 3174.0, 3149.0, 3646.0, 4399.0, 4337.0, 3332.0, 3281.0, 2966.0, 2742.0, 2562.0, 2794.0, 3725.0, 3036.0, 2837.0, 2519.0, 2820.0, 3331.0, 3191.0, 3222.0, 4337.0, 4668.0, 4537.0, 4903.0, 6118.0, 4897.0, 3189.0, 2657.0, 2611.0, 2468.0, 2343.0, 2103.0, 1934.0, 2106.0, 2150.0, 1885.0, 1759.0, 1779.0, 1700.0, 1506.0]",57482599.04554073
3,0.8,9,"[{""x"": -0.23156404495239258, ""y"": 0.7018446922302246, ""z"": 0.0, ""velocity"": 0.0, ""snr"": 0.0}, {""x"": -0.1544952392578125, ""y"": 0.771939754486084, ""z"": 0.0, ""velocity"": 0.0, ""snr"": 0.0}, {""x"": -0.11551380157470703, ""y"": 1.5567541122436523, ""z"": 0.0, ""velocity"": 0.0, ""snr"": 0.0}, {""x"": 0.07259845733642578, ""y"": 1.686394214630127, ""z"": 0.0, ""velocity"": 0.0, ""snr"": 0.0}, {""x"": 0.054001808166503906, ""y"": 1.708388328552246, ""z"": 0.0, ""velocity"": 0.0, ""snr"": 0.0}, {""x"": 0.19437074661254883, ""y"": 1.667797565460205, ""z"": 0.0, ""velocity"": 0.0, ""snr"": 0.0}, {""x"": 1.0887980461120605, ""y"": 1.8501877784729004, ""z"": 0.0, ""velocity"": 0.0, ""snr"": 0.0}, {""x"": 0.9516477584838867, ""y"": 1.943349838256836, ""z"": 0.0, ""velocity"": 0.0, ""snr"": 0.0}, {""x"": 1.1941194534301758, ""y"": 1.748979091644287, ""z"": 0.0, ""velocity"": 0.0, ""snr"": 0.0}]","[146401.0, 214804.0, 147795.0, 45350.0, 11231.0, 30281.0, 47144.0, 30899.0, 8108.0, 12393.0, 19266.0, 17032.0, 10004.0, 11046.0, 13086.0, 22874.0, 39842.0, 31620.0, 57654.0, 61222.0, 26333.0, 8384.0, 6531.0, 6812.0, 4297.0, 3914.0, 3396.0, 4571.0, 5933.0, 6927.0, 5855.0, 7162.0, 13777.0, 13717.0, 26692.0, 15357.0, 29800.0, 40443.0, 22173.0, 15166.0, 12147.0, 16180.0, 12674.0, 11095.0, 10755.0, 21993.0, 33182.0, 37910.0, 27342.0, 9929.0, 8414.0, 10171.0, 7797.0, 6252.0, 7865.0, 9193.0, 7279.0, 6259.0, 6254.0, 6074.0, 5701.0, 5231.0, 3649.0, 4480.0, 6368.0, 5920.0, 6255.0, 5951.0, 4357.0, 4270.0, 4450.0, 4731.0, 3795.0, 3180.0, 3809.0, 3866.0, 3740.0, 3179.0, 3254.0, 3444.0, 3382.0, 3454.0, 3649.0, 3837.0, 3302.0, 3540.0, 6594.0, 6654.0, 4131.0, 3455.0, 3062.0, 3788.0, 3827.0, 3533.0, 2956.0, 2787.0, 2988.0, 2840.0, 2694.0, 2718.0, 3663.0, 3153.0, 2757.0, 2582.0, 2691.0, 3501.0, 3084.0, 3138.0, 4611.0, 4892.0, 4505.0, 4864.0, 5745.0, 4740.0, 3156.0, 3070.0, 2677.0, 2181.0, 2093.0, 2025.0, 1906.0, 1980.0, 2049.0, 1734.0, 1491.0, 1548.0, 1728.0, 1707.0]",56332758.34912888
4,0.8,10,"[{""x"": -0.269472599029541, ""y"": 0.670015811920166, ""z"": 0.0, ""velocity"": 0.0, ""snr"": 0.0}, {""x"": -0.2472996711730957, ""y"": 0.6853938102722168, ""z"": 0.0, ""velocity"": 0.0, ""snr"": 0.0}, {""x"": -0.3401041030883789, ""y"": 0.7014870643615723, ""z"": 0.0, ""velocity"": 0.0, ""snr"": 0.0}, {""x"": -0.14019012451171875, ""y"": 1.5538930892944336, ""z"": 0.0, ""velocity"": 0.0, ""snr"": 0.0}, {""x"": 0.05078315734863281, ""y"": 1.6887187957763672, ""z"": 0.0, ""velocity"": 0.0, ""snr"": 0.0}, {""x"": 0.1843571662902832, ""y"": 1.669764518737793, ""z"": 0.0, ""velocity"": 0.0, ""snr"": 0.0}, {""x"": 0.30809640884399414, ""y"": 0.7494091987609863, ""z"": 0.0, ""velocity"": 0.0, ""snr"": 0.0}, {""x"": 1.1706948280334473, ""y"": 1.772761344909668, ""z"": 0.0, ""velocity"": 0.0, ""snr"": 0.0}, {""x"": 1.0648369789123535, ""y"": 1.866459846496582, ""z"": 0.0, ""velocity"": 0.0, ""snr"": 0.0}, {""x"": 0.9868741035461426, ""y"": 1.9263625144958496, ""z"": 0.0, ""velocity"": 0.0, ""snr"": 0.0}]","[146555.0, 214791.0, 147882.0, 45267.0, 11849.0, 32052.0, 48611.0, 30233.0, 8226.0, 11550.0, 16178.0, 13804.0, 10077.0, 16623.0, 16997.0, 26370.0, 48183.0, 21771.0, 59900.0, 66655.0, 28389.0, 8849.0, 4522.0, 4664.0, 3893.0, 3045.0, 3194.0, 4587.0, 6435.0, 7753.0, 5477.0, 6913.0, 13879.0, 13151.0, 26806.0, 16283.0, 27751.0, 39570.0, 21613.0, 14190.0, 12508.0, 15560.0, 13388.0, 12397.0, 11302.0, 20737.0, 32559.0, 39750.0, 29225.0, 8867.0, 7472.0, 9452.0, 6874.0, 6161.0, 7270.0, 8684.0, 5899.0, 4988.0, 6438.0, 6213.0, 5754.0, 5531.0, 4331.0, 4507.0, 5985.0, 6022.0, 7176.0, 5748.0, 4241.0, 4581.0, 4152.0, 4272.0, 3528.0, 3469.0, 4101.0, 3912.0, 3551.0, 3783.0, 3874.0, 3849.0, 3056.0, 3042.0, 3578.0, 3526.0, 3323.0, 3621.0, 6359.0, 6518.0, 4667.0, 3244.0, 2917.0, 3755.0, 3223.0, 3151.0, 3426.0, 3183.0, 2973.0, 2709.0, 2362.0, 2680.0, 3223.0, 2860.0, 2412.0, 2276.0, 2689.0, 3481.0, 3051.0, 3339.0, 4687.0, 4903.0, 4299.0, 4860.0, 5819.0, 4749.0, 3126.0, 2666.0, 2484.0, 2224.0, 2091.0, 1982.0, 1841.0, 1900.0, 2058.0, 1836.0, 1657.0, 1725.0, 1816.0, 1630.0]",55206055.92019504
5,0.8,10,"[{""x"": -0.34689903259277344, ""y"": 0.6228089332580566, ""z"": 0.0, ""velocity"": 0.0, ""snr"": 0.0}, {""x"": -0.29790401458740234, ""y"": 0.6675124168395996, ""z"": 0.0, ""velocity"": 0.0, ""snr"": 0.0}, {""x"": -0.32973289489746094, ""y"": 1.5463829040527344, ""z"": 0.0, ""velocity"": 0.0, ""snr"": 0.0}, {""x"": -0.14394521713256836, ""y"": 1.5547871589660645, ""z"": 0.0, ""velocity"": 0.0, ""snr"": 0.0}, {""x"": 0.006079673767089844, ""y"": 1.691758632659912, ""z"": 0.0, ""velocity"": 0.0, ""snr"": 0.0}, {""x"": 0.1818537712097168, ""y"": 1.6640424728393555, ""z"": 0.0, ""velocity"": 0.0, ""snr"": 0.0}, {""x"": 0.42754411697387695, ""y"": 0.6955862045288086, ""z"": 0.0, ""velocity"": 0.0, ""snr"": 0.0}, {""x"": 1.1837482452392578, ""y"": 1.7639994621276855, ""z"": 0.0, ""velocity"": 0.0, ""snr"": 0.0}, {""x"": 1.0920166969299316, ""y"": 1.852869987487793, ""z"": 0.0, ""velocity"": 0.0, ""snr"": 0.0}, {""x"": 0.9591579437255859, ""y"": 1.9447803497314453, ""z"": 0.0, ""velocity"": 0.0, ""snr"": 0.0}]","[146552.0, 214909.0, 147852.0, 44961.0, 13760.0, 33963.0, 44316.0, 24611.0, 6196.0, 10536.0, 12693.0, 12076.0, 9072.0, 15125.0, 22200.0, 31929.0, 47056.0, 32194.0, 60350.0, 61697.0, 24358.0, 6773.0, 3982.0, 5022.0, 4057.0, 3488.0, 3290.0, 3998.0, 6348.0, 7520.0, 5096.0, 7295.0, 13536.0, 13897.0, 28321.0, 18038.0, 20952.0, 33642.0, 19896.0, 12588.0, 12739.0, 14420.0, 12890.0, 11372.0, 10615.0, 21007.0, 33897.0, 41344.0, 32906.0, 11810.0, 8416.0, 9008.0, 6456.0, 5569.0, 7733.0, 9849.0, 6972.0, 5863.0, 5819.0, 6263.0, 6170.0, 5022.0, 3676.0, 5174.0, 5154.0, 5079.0, 6744.0, 5812.0, 4521.0, 4510.0, 4719.0, 4707.0, 4015.0, 3916.0, 4305.0, 4367.0, 4389.0, 3226.0, 2786.0, 3530.0, 3369.0, 3131.0, 3506.0, 3444.0, 3479.0, 4469.0, 6475.0, 6432.0, 4317.0, 3145.0, 2562.0, 3242.0, 3290.0, 2588.0, 3028.0, 3096.0, 2781.0, 2523.0, 2736.0, 2680.0, 3130.0, 2794.0, 2713.0, 2831.0, 2814.0, 3468.0, 2842.0, 2886.0, 4351.0, 4596.0, 3884.0, 4200.0, 5514.0, 4499.0, 3154.0, 2650.0, 2595.0, 2383.0, 2035.0, 1980.0, 1858.0, 1961.0, 2044.0, 1861.0, 1752.0, 1735.0, 1420.0, 1547.0]",54101922.11582937
6,0.8,14,"[{""x"": -0.32705068588256836, ""y"": 0.6279945373535156, ""z"": 0.0, ""velocity"": 0.0, ""snr"": 0.0}, {""x"": -0.29987096786499023, ""y"": 0.653386116027832, ""z"": 0.0, ""velocity"": 0.0, ""snr"": 0.0}, {""x"": -0.29200315475463867, ""y"": 0.8155703544616699, ""z"": 0.0, ""velocity"": 0.0, ""snr"": 0.0}, {""x"": -0.22923946380615234, ""y"": 0.8164644241333008, ""z"": 0.0, ""velocity"": 0.0, ""snr"": 0.0}, {""x"": -0.240325927734375, ""y"": 0.8141398429870605, ""z"": 0.0, ""velocity"": 0.0, ""snr"": 0.0}, {""x"": -0.1251697540283203, ""y"": 1.5599727630615234, ""z"": 0.0, ""velocity"": 0.0, ""snr"": 0.0}, {""x"": -0.24265050888061523, ""y"": 1.5578269958496094, ""z"": 0.0, ""velocity"": 0.0, ""snr"": 0.0}, {""x"": -0.07331371307373047, ""y"": 1.696765422821045, ""z"": 0.0, ""velocity"": 0.0, ""snr"": 0.0}, {""x"": 0.4194974899291992, ""y"": 0.6995201110839844, ""z"": 0.0, ""velocity"": 0.0, ""snr"": 0.0}, {""x"": 0.4044771194458008, ""y"": 0.7191896438598633, ""z"": 0.0, ""velocity"": 0.0, ""snr"": 0.0}, {""x"": 1.1803507804870605, ""y"": 1.7661452293395996, ""z"": 0.0, ""velocity"": 0.0, ""snr"": 0.0}, {""x"": 1.112043857574463, ""y"": 1.8396377563476562, ""z"": 0.0, ""velocity"": 0.0, ""snr"": 0.0}, {""x"": 1.0458827018737793, ""y"": 1.8982887268066406, ""z"": 0.0, ""velocity"": 0.0, ""snr"": 0.0}, {""x"": 1.3355612754821777, ""y"": 0.7039904594421387, ""z"": 0.0, ""velocity"": 0.0, ""snr"": 0.0}]","[146409.0, 214906.0, 147914.0, 45257.0, 12391.0, 32645.0, 48923.0, 29980.0, 8033.0, 8140.0, 67174912.0, 134546947.0, 84082695.0, 172037.0, 174338560.0, 66560.0, 0.0, 2048.0, 512.0, 4294967040.0, 77311.0, 25600.0, 998244352.0, 3201903929.0, 2147483705.0, 2147483710.0, 2111.0, 66801664.0, 15.0, 2353616384.0, 1207040.0, 1258291200.0, 3674343755.0, 36.0, 1330329344.0, 2390275.0, 838860800.0, 437937738.0, 39.0, 2789815808.0, 2429722.0, 939524096.0, 4011479627.0, 37.0, 3226093568.0, 2506522.0, 1224736768.0, 77386.0, 131072.0, 37487616.0, 54942720.0, 37835008.0, 11571456.0, 2508288.0, 9936640.0, 19318016.0, 14849024.0, 4401152.0, 726016.0, 1436160.0, 2910208.0, 2697216.0, 2941952.0, 6801920.0, 11465984.0, 14399744.0, 7027200.0, 12104960.0, 13634304.0, 6336768.0, 1995520.0, 1414400.0, 1466624.0, 1206784.0, 864256.0, 821760.0, 1136640.0, 2142208.0, 2548480.0, 1670400.0, 1831680.0, 3022592.0, 2629888.0, 5077504.0, 3236864.0, 5675008.0, 7446272.0, 5548544.0, 3661056.0, 3645440.0, 3993600.0, 3217664.0, 2556928.0, 2905600.0, 7195392.0, 10663424.0, 9873152.0, 5739264.0, 3197440.0, 2270208.0, 2317568.0, 2504192.0, 2304512.0, 1737216.0, 1949952.0, 1203968.0, 1481728.0, 1515520.0, 1363968.0, 1497856.0, 1577728.0, 1373696.0, 1560576.0, 1609728.0, 1645568.0, 1698816.0, 1384704.0, 1143552.0, 992768.0, 1115648.0, 1192192.0, 1056768.0, 944896.0, 799232.0, 838912.0, 783360.0, 910336.0, 884992.0]",312777616.01118124
7,0.8,9,"[{""x"": -0.14340877532958984, ""y"": 0.6843209266662598, ""z"": 0.0, ""velocity"": 0.0, ""snr"": 0.0}, {""x"": -0.1798868179321289, ""y"": 0.6882548332214355, ""z"": 0.0, ""velocity"": 0.0, ""snr"": 0.0}, {""x"": -0.08404254913330078, ""y"": 0.8363127708435059, ""z"": 0.0, ""velocity"": 0.0, ""snr"": 0.0}, {""x"": -0.1119375228881836, ""y"": 0.8477568626403809, ""z"": 0.0, ""velocity"": 0.0, ""snr"": 0.0}, {""x"": 0.10389089584350586, ""y"": 1.688539981842041, ""z"": 0.0, ""velocity"": 0.0, ""snr"": 0.0}, {""x"": 1.2112855911254883, ""y"": 1.790463924407959, ""z"": 0.0, ""velocity"": 0.0, ""snr"": 0.0}, {""x"": 1.2767314910888672, ""y"": 1.6556382179260254, ""z"": 0.0, ""velocity"": 0.0, ""snr"": 0.0}, {""x"": 1.2322068214416504, ""y"": 1.7191171646118164, ""z"": 0.0, ""velocity"": 0.0, ""snr"": 0.0}, {""x"": 1.2479424476623535, ""y"": 1.7355680465698242, ""z"": 0.0, ""velocity"": 0.0, ""snr"": 0.0}]","[146373.0, 214755.0, 147831.0, 45124.0, 10557.0, 39224.0, 68925.0, 47171.0, 11812.0, 2251.0, 4777.0, 9588.0, 8478.0, 15020.0, 42452.0, 68620.0, 65473.0, 31072.0, 38236.0, 44415.0, 19807.0, 7416.0, 6122.0, 6147.0, 4666.0, 3457.0, 2878.0, 5541.0, 9201.0, 10010.0, 6953.0, 7728.0, 12415.0, 11971.0, 18588.0, 11058.0, 21939.0, 29481.0, 22748.0, 14485.0, 15043.0, 15798.0, 14039.0, 11753.0, 11026.0, 26650.0, 41397.0, 39208.0, 23486.0, 11392.0, 8804.0, 7992.0, 8127.0, 7746.0, 6026.0, 7734.0, 4951.0, 5929.0, 6128.0, 5195.0, 5467.0, 5035.0, 4122.0, 4340.0, 5311.0, 5333.0, 5654.0, 5576.0, 4782.0, 4335.0, 5851.0, 5892.0, 4891.0, 3761.0, 3103.0, 2638.0, 2709.0, 2939.0, 3457.0, 2879.0, 3845.0, 3851.0, 3662.0, 3958.0, 3188.0, 4338.0, 6229.0, 7088.0, 5196.0, 3340.0, 2670.0, 2811.0, 3631.0, 3856.0, 4274.0, 3473.0, 2450.0, 2803.0, 2688.0, 2994.0, 3852.0, 3747.0, 3101.0, 2828.0, 3249.0, 3072.0, 2791.0, 2804.0, 3475.0, 3816.0, 3528.0, 4336.0, 5944.0, 4608.0, 3023.0, 3097.0, 2513.0, 2313.0, 2302.0, 2346.0, 1990.0, 2061.0, 2320.0, 1939.0, 1585.0, 1771.0, 1612.0, 1506.0]",57558804.05273515
0,0.8,14,"[{""x"": -0.0007152557373046875, ""y"": 0.6617903709411621, ""z"": 0.0, ""velocity"": 0.0, ""snr"": 0.0}, {""x"": 0.014841556549072266, ""y"": 0.6852149963378906, ""z"": 0.0, ""velocity"": 0.0, ""snr"": 0.0}, {""x"": 0.024139881134033203, ""y"": 0.7156133651733398, ""z"": 0.0, ""velocity"": 0.0, ""snr"": 0.0}, {""x"": -0.012695789337158203, ""y"": 1.6724467277526855, ""z"": 0.0, ""velocity"": 0.0, ""snr"": 0.0}, {""x"": 0.06884336471557617, ""y"": 1.6810297966003418, ""z"": 0.0, ""velocity"": 0.0, ""snr"": 0.0}, {""x"": 0.22619962692260742, ""y"": 0.75531005859375, ""z"": 0.0, ""velocity"": 0.0, ""snr"": 0.0}, {""x"": 0.2709031105041504, ""y"": 0.7826685905456543, ""z"": 0.0, ""velocity"": 0.0, ""snr"": 0.0}, {""x"": 1.1733770370483398, ""y"": 1.786351203918457, ""z"": 0.0, ""velocity"": 0.0, ""snr"": 0.0}, {""x"": 1.0389089584350586, ""y"": 1.8943548202514648, ""z"": 0.0, ""velocity"": 0.0, ""snr"": 0.0}, {""x"": 1.2601017951965332, ""y"": 1.671910285949707, ""z"": 0.0, ""velocity"": 0.0, ""snr"": 0.0}, {""x"": 1.21307373046875, ""y"": 1.7350316047668457, ""z"": 0.0, ""velocity"": 0.0, ""snr"": 0.0}, {""x"": 1.3148188591003418, ""y"": 0.6819963455200195, ""z"": 0.0, ""velocity"": 0.0, ""snr"": 0.0}, {""x"": 1.3498663902282715, ""y"": 0.6816387176513672, ""z"": 0.0, ""velocity"": 0.0, ""snr"": 0.0}, {""x"": 1.3464689254760742, ""y"": 0.8575916290283203, ""z"": 0.0, ""velocity"": 0.0, ""snr"": 0.0}]","[146696.0, 214939.0, 147771.0, 45540.0, 20191.0, 36101.0, 26635.0, 15424.0, 7614.0, 2673.0, 2627.0, 4879.0, 4742.0, 13944.0, 30250.0, 34404.0, 28826.0, 23623.0, 34012.0, 31849.0, 12720.0, 6243.0, 3640.0, 3483.0, 2623.0, 3514.0, 3006.0, 3893.0, 6321.0, 9241.0, 6631.0, 6263.0, 12275.0, 12515.0, 13015.0, 14225.0, 18306.0, 19382.0, 21879.0, 14931.0, 14570.0, 18907.0, 13611.0, 9923.0, 9616.0, 24777.0, 41466.0, 40208.0, 22544.0, 10516.0, 8059.0, 10166.0, 6820.0, 5674.0, 6890.0, 7897.0, 6137.0, 4825.0, 4574.0, 5039.0, 5179.0, 4802.0, 4676.0, 4804.0, 4793.0, 5199.0, 5664.0, 4662.0, 3675.0, 4138.0, 3784.0, 3747.0, 3725.0, 3149.0, 3521.0, 3490.0, 3129.0, 2874.0, 2899.0, 3345.0, 4012.0, 4364.0, 3530.0, 3168.0, 3071.0, 4181.0, 7021.0, 7770.0, 5024.0, 3367.0, 2556.0, 2929.0, 3197.0, 3019.0, 3194.0, 3302.0, 2792.0, 3162.0, 3027.0, 2384.0, 2272.0, 2712.0, 2535.0, 3106.0, 3241.0, 2436.0, 2771.0, 2489.0, 2991.0, 3548.0, 3711.0, 4962.0, 5934.0, 4640.0, 2909.0, 2672.0, 2099.0, 2222.0, 2087.0, 1815.0, 1909.0, 1964.0, 2049.0, 1749.0, 1768.0, 1713.0, 1594.0, 1442.0]",57998854.12490338
1,0.8,13,"[{""x"": -0.08511543273925781, ""y"": 0.6691217422485352, ""z"": 0.0, ""velocity"": 0.0, ""snr"": 0.0}, {""x"": -0.13786554336547852, ""y"": 1.5540719032287598, ""z"": 0.0, ""velocity"": 0.0, ""snr"": 0.0}, {""x"": 0.00858306884765625, ""y"": 0.7288455963134766, ""z"": 0.0, ""velocity"": 0.0, ""snr"": 0.0}, {""x"": 0.07653236389160156, ""y"": 1.6869306564331055, ""z"": 0.0, ""velocity"": 0.0, ""snr"": 0.0}, {""x"": 0.05131959915161133, ""y"": 0.18399953842163086, ""z"": 0.0, ""velocity"": 0.0, ""snr"": 0.0}, {""x"": 0.04595518112182617, ""y"": 0.21886825561523438, ""z"": 0.0, ""velocity"": 0.0, ""snr"": 0.0}, {""x"": 0.23996829986572266, ""y"": 0.7635354995727539, ""z"": 0.0, ""velocity"": 0.0, ""snr"": 0.0}, {""x"": 0.314176082611084, ""y"": 0.7758736610412598, ""z"": 0.0, ""velocity"": 0.0, ""snr"": 0.0}, {""x"": 0.29522180557250977, ""y"": 0.8005499839782715, ""z"": 0.0, ""velocity"": 0.0, ""snr"": 0.0}, {""x"": 1.1647939682006836, ""y"": 1.7902851104736328, ""z"": 0.0, ""velocity"": 0.0, ""snr"": 0.0}, {""x"": 1.027822494506836, ""y"": 1.8988251686096191, ""z"": 0.0, ""velocity"": 0.0, ""snr"": 0.0}, {""x"": 1.2638568878173828, ""y"": 1.6690492630004883, ""z"": 0.0, ""velocity"": 0.0, ""snr"": 0.0}, {""x"": 1.2239813804626465, ""y"": 1.726090908050537, ""z"": 0.0, ""velocity"": 0.0, ""snr"": 0.0}]","[146479.0, 214848.0, 147799.0, 46549.0, 40326.0, 50992.0, 38656.0, 27996.0, 13712.0, 3181.0, 2712.0, 4836.0, 4936.0, 13436.0, 27958.0, 19687.0, 19785.0, 21456.0, 37474.0, 36823.0, 18371.0, 6898.0, 3066.0, 3286.0, 2523.0, 3680.0, 3076.0, 4214.0, 6534.0, 10112.0, 9771.0, 7608.0, 12698.0, 11861.0, 19570.0, 12927.0, 20036.0, 23311.0, 22725.0, 16105.0, 12118.0, 16475.0, 13988.0, 11825.0, 9306.0, 23908.0, 40226.0, 37502.0, 20589.0, 10204.0, 6841.0, 9431.0, 8097.0, 6301.0, 7317.0, 8808.0, 6810.0, 5796.0, 4083.0, 4884.0, 5480.0, 4840.0, 4461.0, 4841.0, 6198.0, 5893.0, 5631.0, 4336.0, 4397.0, 5025.0, 4017.0, 3632.0, 4240.0, 3872.0, 3484.0, 3618.0, 3390.0, 3403.0, 3396.0, 3703.0, 3459.0, 3912.0, 3799.0, 3516.0, 3203.0, 3465.0, 6781.0, 7310.0, 4128.0, 2576.0, 2617.0, 3387.0, 3190.0, 2847.0, 3176.0, 3602.0, 3261.0, 3157.0, 3256.0, 2408.0, 2951.0, 3401.0, 2823.0, 2921.0, 3159.0, 2690.0, 2826.0, 2864.0, 3447.0, 3956.0, 4083.0, 5271.0, 6705.0, 5422.0, 3235.0, 2657.0, 2423.0, 2330.0, 2014.0, 2272.0, 2182.0, 2014.0, 2159.0, 1795.0, 1515.0, 1802.0, 1691.0, 1520.0]",56839307.21102553
2,0.8,10,"[{""x"": -0.1958012580871582, ""y"": 0.6878972053527832, ""z"": 0.0, ""velocity"": 0.0, ""snr"": 0.0}, {""x"": -0.22298097610473633, ""y"": 0.739753246307373, ""z"": 0.0, ""velocity"": 0.0, ""snr"": 0.0}, {""x"": -0.0940561294555664, ""y"": 0.6608963012695312, ""z"": 0.0, ""velocity"": 0.0, ""snr"": 0.0}, {""x"": -0.1251697540283203, ""y"": 0.6705522537231445, ""z"": 0.0, ""velocity"": 0.0, ""snr"": 0.0}, {""x"": 0.05632638931274414, ""y"": 1.6592144966125488, ""z"": 0.0, ""velocity"": 0.0, ""snr"": 0.0}, {""x"": 0.1348257064819336, ""y"": 1.6787052154541016, ""z"": 0.0, ""velocity"": 0.0, ""snr"": 0.0}, {""x"": 0.34296512603759766, ""y"": 0.7606744766235352, ""z"": 0.0, ""velocity"": 0.0, ""snr"": 0.0}, {""x"": 0.3356337547302246, ""y"": 0.7839202880859375, ""z"": 0.0, ""velocity"": 0.0, ""snr"": 0.0}, {""x"": 1.3028383255004883, ""y"": 1.6661882400512695, ""z"": 0.0, ""velocity"": 0.0, ""snr"": 0.0}, {""x"": 1.3500452041625977, ""y"": 1.6536712646484375, ""z"": 0.0, ""velocity"": 0.0, ""snr"": 0.0}]","[146271.0, 214941.0, 147658.0, 46491.0, 13767.0, 12671.0, 21312.0, 22452.0, 9423.0, 2602.0, 2540.0, 5259.0, 6940.0, 15298.0, 43195.0, 52260.0, 39133.0, 26683.0, 34831.0, 32379.0, 17031.0, 8986.0, 5334.0, 4178.0, 3857.0, 4289.0, 4177.0, 5055.0, 6697.0, 7607.0, 7798.0, 6808.0, 13763.0, 14214.0, 14093.0, 14138.0, 28381.0, 24985.0, 20601.0, 14688.0, 14716.0, 18007.0, 14474.0, 12110.0, 9978.0, 23483.0, 37835.0, 34711.0, 18844.0, 7824.0, 6544.0, 8348.0, 6991.0, 6709.0, 6387.0, 7598.0, 6176.0, 6714.0, 5966.0, 5027.0, 5140.0, 4505.0, 4156.0, 4124.0, 5031.0, 6105.0, 6445.0, 4944.0, 4125.0, 3807.0, 3711.0, 3502.0, 4017.0, 4180.0, 4270.0, 3464.0, 3430.0, 3032.0, 3304.0, 3285.0, 3542.0, 3720.0, 3683.0, 3752.0, 3709.0, 3457.0, 7224.0, 7982.0, 4628.0, 2359.0, 2773.0, 3194.0, 2852.0, 2802.0, 2945.0, 3339.0, 3254.0, 2944.0, 2681.0, 2306.0, 3207.0, 3208.0, 2784.0, 2705.0, 2937.0, 2858.0, 2878.0, 2740.0, 3590.0, 3850.0, 3348.0, 4689.0, 6357.0, 4744.0, 2860.0, 2663.0, 2511.0, 2387.0, 2060.0, 2019.0, 2023.0, 2085.0, 2093.0, 1840.0, 1685.0, 1634.0, 1700.0, 1718.0]",55701496.881352186
3,0.8,14,"[{""x"": -0.1806020736694336, ""y"": 0.6784200668334961, ""z"": 0.0, ""velocity"": 0.0, ""snr"": 0.0}, {""x"": -0.08744001388549805, ""y"": 0.6633996963500977, ""z"": 0.0, ""velocity"": 0.0, ""snr"": 0.0}, {""x"": -0.11032819747924805, ""y"": 0.6684064865112305, ""z"": 0.0, ""velocity"": 0.0, ""snr"": 0.0}, {""x"": 0.06097555160522461, ""y"": 1.676023006439209, ""z"": 0.0, ""velocity"": 0.0, ""snr"": 0.0}, {""x"": 0.10782480239868164, ""y"": 1.6815662384033203, ""z"": 0.0, ""velocity"": 0.0, ""snr"": 0.0}, {""x"": 0.36710500717163086, ""y"": 0.7560253143310547, ""z"": 0.0, ""velocity"": 0.0, ""snr"": 0.0}, {""x"": 0.31059980392456055, ""y"": 0.8236169815063477, ""z"": 0.0, ""velocity"": 0.0, ""snr"": 0.0}, {""x"": 0.36263465881347656, ""y"": 0.7229447364807129, ""z"": 0.0, ""velocity"": 0.0, ""snr"": 0.0}, {""x"": 1.3398528099060059, ""y"": 1.6093254089355469, ""z"": 0.0, ""velocity"": 0.0, ""snr"": 0.0}, {""x"": 1.2881755828857422, ""y"": 1.6776323318481445, ""z"": 0.0, ""velocity"": 0.0, ""snr"": 0.0}, {""x"": 1.3250112533569336, ""y"": 1.6735196113586426, ""z"": 0.0, ""velocity"": 0.0, ""snr"": 0.0}, {""x"": 1.272261142730713, ""y"": 1.7432570457458496, ""z"": 0.0, ""velocity"": 0.0, ""snr"": 0.0}, {""x"": 1.259922981262207, ""y"": 0.919640064239502, ""z"": 0.0, ""velocity"": 0.0, ""snr"": 0.0}, {""x"": 1.2978315353393555, ""y"": 0.920712947845459, ""z"": 0.0, ""velocity"": 0.0, ""snr"": 0.0}]","[146692.0, 214905.0, 147869.0, 45287.0, 14067.0, 58531.0, 83482.0, 48642.0, 10834.0, 2242.0, 2627.0, 5578.0, 7613.0, 18934.0, 56178.0, 70231.0, 40674.0, 20375.0, 41291.0, 44469.0, 20468.0, 9711.0, 6931.0, 6094.0, 3469.0, 4167.0, 3565.0, 4944.0, 6615.0, 7984.0, 8310.0, 6622.0, 12722.0, 14241.0, 15674.0, 15816.0, 26990.0, 30634.0, 21356.0, 13175.0, 13227.0, 14585.0, 12772.0, 11659.0, 8792.0, 22195.0, 36627.0, 32952.0, 18033.0, 7271.0, 6626.0, 8032.0, 6167.0, 5803.0, 6693.0, 7804.0, 5321.0, 5315.0, 6205.0, 5902.0, 5390.0, 6360.0, 6424.0, 5009.0, 5151.0, 5449.0, 5603.0, 5794.0, 4291.0, 4190.0, 3990.0, 3806.0, 4048.0, 3493.0, 3398.0, 3587.0, 3848.0, 3658.0, 3138.0, 3516.0, 3854.0, 3948.0, 3892.0, 3738.0, 3941.0, 3185.0, 6772.0, 7313.0, 4605.0, 2745.0, 2970.0, 3245.0, 3163.0, 3485.0, 2530.0, 3191.0, 2979.0, 2898.0, 3250.0, 2673.0, 2985.0, 2914.0, 2480.0, 2532.0, 3229.0, 2814.0, 2973.0, 3283.0, 4057.0, 3937.0, 3434.0, 4594.0, 6043.0, 4754.0, 3293.0, 2710.0, 2438.0, 2290.0, 2026.0, 2112.0, 2002.0, 2047.0, 2252.0, 1904.0, 1689.0, 1750.0, 1749.0, 2032.0]",54588029.05439265
4,0.8,12,"[{""x"": -0.13840198516845703, ""y"": 0.6809234619140625, ""z"": 0.0, ""velocity"": 0.0, ""snr"": 0.0}, {""x"": -0.171661376953125, ""y"": 0.6945133209228516, ""z"": 0.0, ""velocity"": 0.0, ""snr"": 0.0}, {""x"": -0.20295381546020508, ""y"": 0.7418990135192871, ""z"": 0.0, ""velocity"": 0.0, ""snr"": 0.0}, {""x"": -0.10120868682861328, ""y"": 0.6666183471679688, ""z"": 0.0, ""velocity"": 0.0, ""snr"": 0.0}, {""x"": -0.14573335647583008, ""y"": 1.5521049499511719, ""z"": 0.0, ""velocity"": 0.0, ""snr"": 0.0}, {""x"": 0.2009868621826172, ""y"": 1.6611814498901367, ""z"": 0.0, ""velocity"": 0.0, ""snr"": 0.0}, {""x"": 0.14001131057739258, ""y"": 1.683354377746582, ""z"": 0.0, ""velocity"": 0.0, ""snr"": 0.0}, {""x"": 1.1571049690246582, ""y"": 1.8249750137329102, ""z"": 0.0, ""velocity"": 0.0, ""snr"": 0.0}, {""x"": 1.194298267364502, ""y"": 1.7496943473815918, ""z"": 0.0, ""velocity"": 0.0, ""snr"": 0.0}, {""x"": 1.2073516845703125, ""y"": 1.7625689506530762, ""z"": 0.0, ""velocity"": 0.0, ""snr"": 0.0}, {""x"": 1.1596083641052246, ""y"": 0.9786486625671387, ""z"": 0.0, ""velocity"": 0.0, ""snr"": 0.0}, {""x"": 1.0984539985656738, ""y"": 1.1531710624694824, ""z"": 0.0, ""velocity"": 0.0, ""snr"": 0.0}]","[146294.0, 214709.0, 147833.0, 45545.0, 9933.0, 7367.0, 10322.0, 10417.0, 5301.0, 1856.0, 2965.0, 5910.0, 7700.0, 18719.0, 56025.0, 86701.0, 75117.0, 43260.0, 55686.0, 54389.0, 21273.0, 8462.0, 5637.0, 5033.0, 3754.0, 3548.0, 3610.0, 4578.0, 5924.0, 8372.0, 143917056.0, 148504576.0, 131792896.0, 129892352.0, 119144448.0, 133431296.0, 103874560.0, 103088128.0, 111869952.0, 120782848.0, 109314048.0, 0.0, 0.0, 0.0, 0.0, 0.0, 0.0, 0.0, 16908288.0, 84280068.0, 50333448.0, 46138629.0, 1680998400.0, 19660810.0, 0.0, 655360.0, 131072.0, 4294901760.0, 19791871.0, 7864320.0, 2147483648.0, 3643619643.0, 14782.0, 16000.0, 671616.0, 4243914752.0, 3934.0, 1214644224.0, 274332650.0, 0.0, 4253698384.0, 3827.0, 1247870976.0, 567278705.0, 0.0, 31738175.0, 9309.0, 1244725248.0, 618004912.0, 0.0, 442387002.0, 9730.0, 1262813184.0, 631315366.0, 0.0, 449333831.0, 9950.0, 1228341248.0, 373431022.0, 0.0, 19809845.0, 33554432.0, 1010302976.0, 1201405954.0, 1096089603.0, 2948333570.0, 627965952.0, 1033895936.0, 2025848832.0, 1547960320.0, 480444416.0, 145948672.0, 166854656.0, 355794944.0, 405798912.0, 1073283072.0, 3652780032.0, 1343619072.0, 606273537.0, 2919366657.0, 3894345728.0, 3738107904.0, 1525219328.0, 560463872.0, 293011456.0, 319356928.0, 237109248.0, 250413056.0, 199753728.0, 292028416.0, 437256192.0, 634847232.0, 472907776.0, 463208448.0, 811991040.0, 959643648.0, 1745682432.0, 971309056.0]",543306140.8893498
5,0.8,7,"[{""x"": -0.13643503189086914, ""y"": 1.5619397163391113, ""z"": 0.0, ""velocity"": 0.0, ""snr"": 0.0}, {""x"": -0.23317337036132812, ""y"": 1.5694499015808105, ""z"": 0.0, ""velocity"": 0.0, ""snr"": 0.0}, {""x"": 0.07653236389160156, ""y"": 1.6919374465942383, ""z"": 0.0, ""velocity"": 0.0, ""snr"": 0.0}, {""x"": 1.1753439903259277, ""y"": 1.8203258514404297, ""z"": 0.0, ""velocity"": 0.0, ""snr"": 0.0}, {""x"": 1.2179017066955566, ""y"": 1.7309188842773438, ""z"": 0.0, ""velocity"": 0.0, ""snr"": 0.0}, {""x"": 1.2291669845581055, ""y"": 1.752912998199463, ""z"": 0.0, ""velocity"": 0.0, ""snr"": 0.0}, {""x"": 1.2575984001159668, ""y"": 0.841677188873291, ""z"": 0.0, ""velocity"": 0.0, ""snr"": 0.0}]","[146564.0, 215027.0, 147898.0, 45447.0, 10554.0, 27580.0, 52425.0, 38617.0, 10698.0, 2156.0, 2998.0, 5589.0, 5449.0, 16021.0, 52687.0, 57808.0, 32491.0, 30002.0, 52421.0, 54661.0, 24515.0, 7599.0, 4077.0, 4353.0, 4111.0, 3879.0, 3041.0, 4362.0, 7664.0, 9272.0, 6665.0, 6208.0, 13122.0, 15220.0, 28655.0, 21057.0, 16473.0, 23450.0, 19866.0, 16395.0, 14186.0, 15594.0, 11857.0, 9847.0, 10021.0, 23495.0, 36712.0, 36431.0, 24417.0, 9467.0, 9196.0, 9056.0, 7047.0, 5390.0, 6058.0, 8065.0, 7046.0, 8327.0, 6209.0, 6314.0, 5295.0, 4860.0, 3735.0, 3717.0, 4640.0, 5829.0, 7387.0, 6891.0, 5808.0, 4426.0, 4904.0, 4632.0, 4733.0, 5093.0, 4286.0, 3537.0, 3174.0, 3286.0, 3653.0, 3517.0, 3477.0, 4154.0, 4625.0, 4000.0, 3177.0, 3646.0, 6505.0, 7029.0, 4022.0, 2645.0, 2962.0, 3685.0, 4278.0, 3684.0, 3263.0, 3594.0, 3583.0, 3209.0, 2908.0, 2964.0, 3451.0, 3292.0, 2874.0, 2469.0, 3146.0, 2923.0, 2663.0, 3012.0, 3800.0, 4599.0, 3626.0, 3837.0, 5755.0, 4762.0, 2963.0, 2964.0, 2707.0, 2364.0, 2167.0, 2127.0, 1931.0, 1734.0, 1985.0, 1764.0, 1635.0, 1690.0, 1672.0, 1638.0]",63668332.559863955
6,0.8,7,"[{""x"": -0.08547306060791016, ""y"": 0.7061362266540527, ""z"": 0.0, ""velocity"": 0.0, ""snr"": 0.0}, {""x"": -0.19419193267822266, ""y"": 1.5406608581542969, ""z"": 0.0, ""velocity"": 0.0, ""snr"": 0.0}, {""x"": -0.17344951629638672, ""y"": 1.5562176704406738, ""z"": 0.0, ""velocity"": 0.0, ""snr"": 0.0}, {""x"": -0.24175643920898438, ""y"": 1.5621185302734375, ""z"": 0.0, ""velocity"": 0.0, ""snr"": 0.0}, {""x"": 1.1796355247497559, ""y"": 1.7575621604919434, ""z"": 0.0, ""velocity"": 0.0, ""snr"": 0.0}, {""x"": 1.1563897132873535, ""y"": 1.8054842948913574, ""z"": 0.0, ""velocity"": 0.0, ""snr"": 0.0}, {""x"": 1.110076904296875, ""y"": 1.8627047538757324, ""z"": 0.0, ""velocity"": 0.0, ""snr"": 0.0}]","[146590.0, 215059.0, 148164.0, 45105.0, 10601.0, 26564.0, 50508.0, 37411.0, 10410.0, 2525.0, 3036.0, 5874.0, 6321.0, 17509.0, 50975.0, 66599.0, 46074.0, 31228.0, 50586.0, 49670.0, 23785.0, 7016.0, 4988.0, 6187.0, 5472.0, 3766.0, 2918.0, 33558343.0, 100860929.0, 460805.0, 3221554435.0, 838860802.0, 1694501476.0, 1.0, 150994944.0, 33554432.0, 4278190080.0, 771751935.0, 1845493761.0, 0.0, 758725504.0, 3784409.0, 4096000.0, 155156480.0, 1660944384.0, 1026300.0, 1476395008.0, 117127242.0, 16.0, 2286573824.0, 2224124.0, 1107296256.0, 939841098.0, 36.0, 4064949248.0, 2412802.0, 1124073472.0, 1191849545.0, 15.0, 21516544.0, 1024010.0, 1392508928.0, 2971394887.0, 36.0, 3528080640.0, 2453019.0, 889192448.0, 77387.0, 131072.0, 37462016.0, 54980864.0, 37830912.0, 11561728.0, 2562560.0, 7010816.0, 15186432.0, 13201920.0, 4485888.0, 733440.0, 1211392.0, 3096576.0, 3309568.0, 2745344.0, 10596352.0, 15251456.0, 16115200.0, 16823808.0, 10465536.0, 10258944.0, 4144640.0, 1726464.0, 1479680.0, 50594050.0, 117966086.0, 84214528.0, 704.0, 681010.0, 358.0, 0.0, 11.0, 2.0, 4294967295.0, 301.0, 130.0, 960200704.0, 968808749.0, 1048576000.0, 1065353216.0, 11.0, 272628769.0, 0.0, 4207364444.0, 4217.0, 1246101504.0, 268107009.0, 0.0, 4251994208.0, 8716.0, 1229127680.0, 574356364.0, 0.0, 29968945.0, 9447.0, 1262092288.0, 256248361.0, 0.0, 175130451.0, 3933.0]",470746318.2614621
7,0.8,12,"[{""x"": -0.07420778274536133, ""y"": 0.6644725799560547, ""z"": 0.0, ""velocity"": 0.0, ""snr"": 0.0}, {""x"": -0.06884336471557617, ""y"": 0.7018446922302246, ""z"": 0.0, ""velocity"": 0.0, ""snr"": 0.0}, {""x"": -0.0960230827331543, ""y"": 0.7309913635253906, ""z"": 0.0, ""velocity"": 0.0, ""snr"": 0.0}, {""x"": -0.11712312698364258, ""y"": 0.750124454498291, ""z"": 0.0, ""velocity"": 0.0, ""snr"": 0.0}, {""x"": -0.1380443572998047, ""y"": 1.546919345855713, ""z"": 0.0, ""velocity"": 0.0, ""snr"": 0.0}, {""x"": -0.13768672943115234, ""y"": 1.5580058097839355, ""z"": 0.0, ""velocity"": 0.0, ""snr"": 0.0}, {""x"": -0.19544363021850586, ""y"": 1.5581846237182617, ""z"": 0.0, ""velocity"": 0.0, ""snr"": 0.0}, {""x"": 0.41878223419189453, ""y"": 0.720977783203125, ""z"": 0.0, ""velocity"": 0.0, ""snr"": 0.0}, {""x"": 0.44739246368408203, ""y"": 0.7227659225463867, ""z"": 0.0, ""velocity"": 0.0, ""snr"": 0.0}, {""x"": 1.2926459312438965, ""y"": 1.6649365425109863, ""z"": 0.0, ""velocity"": 0.0, ""snr"": 0.0}, {""x"": 1.2366771697998047, ""y"": 1.7382502555847168, ""z"": 0.0, ""velocity"": 0.0, ""snr"": 0.0}, {""x"": 1.3031959533691406, ""y"": 0.6954073905944824, ""z"": 0.0, ""velocity"": 0.0, ""snr"": 0.0}]","[146481.0, 214693.0, 147767.0, 45363.0, 9858.0, 28416.0, 63306.0, 54133.0, 17732.0, 2421.0, 4762.0, 13534.0, 16170.0, 16228.0, 31900.0, 48280.0, 65749.0, 58923.0, 34728.0, 33493.0, 14395.0, 6412.0, 5079.0, 5592.0, 5123.0, 3092.0, 2477.0, 3643.0, 6965.0, 8840.0, 6463.0, 8341.0, 14598.0, 18795.0, 38838.0, 26934.0, 10667.0, 20256.0, 20382.0, 13351.0, 12891.0, 14544.0, 15935.0, 12249.0, 9753.0, 23161.0, 31595.0, 25241.0, 16807.0, 10719.0, 10463.0, 8539.0, 7175.0, 5104.0, 5826.0, 9574.0, 7436.0, 7435.0, 7736.0, 7725.0, 5184.0, 5268.0, 4708.0, 4384.0, 4806.0, 4790.0, 7057.0, 6552.0, 6829.0, 5253.0, 5991.0, 5393.0, 4119.0, 2893.0, 3383.0, 3016.0, 3057.0, 2813.0, 3352.0, 3556.0, 3191.0, 3560.0, 3539.0, 3755.0, 3836.0, 4084.0, 6283.0, 6042.0, 5086.0, 4724.0, 3929.0, 4562.0, 5830.0, 5350.0, 3609.0, 2765.0, 2663.0, 2648.0, 3146.0, 3040.0, 3675.0, 4088.0, 3433.0, 3035.0, 2979.0, 3039.0, 2833.0, 2682.0, 2989.0, 5056.0, 4023.0, 4173.0, 6500.0, 5215.0, 3407.0, 2663.0, 2268.0, 1995.0, 1852.0, 2041.0, 1918.0, 1964.0, 1931.0, 1587.0, 1625.0, 1715.0, 1663.0, 1715.0]",70415850.93742886
0,0.8,7,"[{""x"": -0.5412697792053223, ""y"": 0.6000995635986328, ""z"": 0.0, ""velocity"": 0.0, ""snr"": 0.0}, {""x"": -0.40841102600097656, ""y"": 0.6553530693054199, ""z"": 0.0, ""velocity"": 0.0, ""snr"": 0.0}, {""x"": -0.3241896629333496, ""y"": 0.6694793701171875, ""z"": 0.0, ""velocity"": 0.0, ""snr"": 0.0}, {""x"": -0.20492076873779297, ""y"": 1.5318989753723145, ""z"": 0.0, ""velocity"": 0.0, ""snr"": 0.0}, {""x"": -0.18274784088134766, ""y"": 1.5467405319213867, ""z"": 0.0, ""velocity"": 0.0, ""snr"": 0.0}, {""x"": 0.24443864822387695, ""y"": 0.8085966110229492, ""z"": 0.0, ""velocity"": 0.0, ""snr"": 0.0}, {""x"": 1.3135671615600586, ""y"": 1.6450881958007812, ""z"": 0.0, ""velocity"": 0.0, ""snr"": 0.0}]","[146264.0, 214675.0, 147700.0, 46260.0, 24211.0, 58750.0, 59748.0, 29046.0, 9831.0, 2179.0, 5432.0, 15080.0, 17586.0, 19672.0, 47603.0, 46267.0, 44371.0, 48934.0, 39550.0, 29976.0, 12124.0, 9759.0, 6898.0, 5174.0, 4541.0, 3605.0, 3608.0, 4349.0, 7481.0, 9687.0, 8865.0, 8653.0, 14049.0, 17760.0, 32033.0, 18650.0, 16532.0, 20410.0, 24676.0, 17422.0, 15072.0, 17711.0, 18173.0, 13129.0, 9528.0, 22287.0, 31356.0, 21863.0, 11304.0, 10383.0, 10297.0, 7755.0, 6923.0, 5317.0, 6333.0, 8961.0, 6121.0, 6344.0, 8495.0, 7931.0, 6416.0, 5515.0, 4973.0, 4625.0, 4608.0, 6245.0, 9155.0, 8296.0, 8838.0, 6947.0, 5741.0, 5639.0, 5059.0, 4184.0, 3145.0, 3484.0, 3858.0, 4892.0, 5213.0, 4527.0, 3661.0, 3585.0, 3736.0, 4135.0, 4145.0, 3710.0, 7325.0, 8302.0, 5430.0, 3652.0, 4134.0, 4647.0, 4092.0, 4708.0, 4198.0, 2877.0, 2940.0, 3114.0, 3021.0, 2836.0, 4053.0, 4088.0, 3359.0, 2903.0, 3129.0, 3033.0, 2670.0, 2838.0, 3170.0, 4464.0, 3168.0, 4560.0, 7313.0, 5797.0, 3370.0, 2434.0, 2395.0, 2172.0, 2211.0, 2140.0, 2210.0, 2057.0, 1868.0, 1661.0, 1545.0, 1663.0, 1628.0, 1648.0]",69007437.13619807
1,0.8,9,"[{""x"": -0.3833770751953125, ""y"": 0.7129311561584473, ""z"": 0.0, ""velocity"": 0.0, ""snr"": 0.0}, {""x"": -0.40733814239501953, ""y"": 0.7358193397521973, ""z"": 0.0, ""velocity"": 0.0, ""snr"": 0.0}, {""x"": -0.4284381866455078, ""y"": 0.7576346397399902, ""z"": 0.0, ""velocity"": 0.0, ""snr"": 0.0}, {""x"": -0.2930760383605957, ""y"": 0.7016658782958984, ""z"": 0.0, ""velocity"": 0.0, ""snr"": 0.0}, {""x"": -0.3300905227661133, ""y"": 0.7047057151794434, ""z"": 0.0, ""velocity"": 0.0, ""snr"": 0.0}, {""x"": -0.1385807991027832, ""y"": 1.5513896942138672, ""z"": 0.0, ""velocity"": 0.0, ""snr"": 0.0}, {""x"": -0.13965368270874023, ""y"": 1.5631914138793945, ""z"": 0.0, ""velocity"": 0.0, ""snr"": 0.0}, {""x"": -0.14930963516235352, ""y"": 1.565694808959961, ""z"": 0.0, ""velocity"": 0.0, ""snr"": 0.0}, {""x"": 1.2985467910766602, ""y"": 1.658320426940918, ""z"": 0.0, ""velocity"": 0.0, ""snr"": 0.0}]","[146459.0, 214778.0, 147772.0, 44802.0, 20426.0, 36939.0, 29555.0, 33278.0, 21682.0, 5470.0, 5344.0, 16169.0, 19134.0, 11919.0, 47093.0, 53374.0, 69452.0, 87934.0, 72203.0, 48840.0, 21239.0, 6184.0, 7541.0, 6377.0, 4215.0, 3933.0, 3397.0, 4472.0, 8173.0, 9304.0, 6855.0, 8599.0, 15291.0, 26358.0, 58201.0, 47748.0, 14068.0, 18277.0, 23159.0, 19606.0, 14881.0, 14128.0, 14865.0, 11202.0, 9304.0, 21837.0, 30561.0, 23143.0, 13848.0, 11041.0, 11281.0, 8446.0, 6834.0, 5751.0, 5303.0, 6721.0, 5633.0, 6694.0, 10539.0, 10048.0, 6350.0, 5108.0, 4525.0, 4509.0, 4617.0, 4864.0, 7281.0, 7156.0, 7664.0, 5920.0, 4861.0, 5556.0, 4972.0, 3828.0, 3953.0, 3217.0, 3135.0, 3951.0, 4335.0, 3647.0, 3577.0, 3417.0, 3715.0, 4092.0, 3965.0, 4816.0, 6233.0, 6446.0, 4155.0, 3571.0, 4381.0, 5448.0, 5058.0, 3247.0, 3063.0, 3489.0, 3675.0, 3724.0, 3399.0, 3052.0, 3608.0, 3065.0, 3079.0, 3014.0, 3604.0, 3024.0, 2867.0, 3138.0, 3353.0, 4322.0, 3734.0, 5514.0, 7141.0, 5601.0, 3459.0, 2682.0, 2137.0, 2347.0, 2280.0, 2353.0, 1922.0, 1958.0, 2081.0, 1884.0, 1685.0, 1596.0, 1619.0, 1505.0]",67625636.53831498
2,0.8,11,"[{""x"": -0.37801265716552734, ""y"": 0.693976879119873, ""z"": 0.0, ""velocity"": 0.0, ""snr"": 0.0}, {""x"": -0.2821683883666992, ""y"": 0.703275203704834, ""z"": 0.0, ""velocity"": 0.0, ""snr"": 0.0}, {""x"": -0.30988454818725586, ""y"": 0.7853507995605469, ""z"": 0.0, ""velocity"": 0.0, ""snr"": 0.0}, {""x"": -0.2199411392211914, ""y"": 0.7068514823913574, ""z"": 0.0, ""velocity"": 0.0, ""snr"": 0.0}, {""x"": -0.15270709991455078, ""y"": 1.5515685081481934, ""z"": 0.0, ""velocity"": 0.0, ""snr"": 0.0}, {""x"": -0.14358758926391602, ""y"": 1.5601515769958496, ""z"": 0.0, ""velocity"": 0.0, ""snr"": 0.0}, {""x"": -0.1659393310546875, ""y"": 1.565873622894287, ""z"": 0.0, ""velocity"": 0.0, ""snr"": 0.0}, {""x"": 1.398324966430664, ""y"": 1.5521049499511719, ""z"": 0.0, ""velocity"": 0.0, ""snr"": 0.0}, {""x"": 1.3251900672912598, ""y"": 1.6415119171142578, ""z"": 0.0, ""velocity"": 0.0, ""snr"": 0.0}, {""x"": 1.2502670288085938, ""y"": 1.7264485359191895, ""z"": 0.0, ""velocity"": 0.0, ""snr"": 0.0}, {""x"": 1.3146400451660156, ""y"": 0.6693005561828613, ""z"": 0.0, ""velocity"": 0.0, ""snr"": 0.0}]","[146246.0, 214547.0, 147612.0, 44686.0, 32339.0, 82807.0, 80326.0, 31603.0, 8981.0, 3165.0, 4949.0, 13806.0, 15631.0, 13249.0, 39683.0, 72472.0, 106182.0, 97353.0, 44141.0, 26160.0, 15603.0, 8435.0, 5802.0, 4721.0, 3828.0, 4055.0, 4691.0, 4243.0, 8437.0, 10080.0, 6768.0, 10323.0, 17019.0, 19540.0, 41542.0, 31578.0, 12242.0, 18549.0, 19107.0, 12814.0, 13071.0, 12835.0, 15424.0, 12457.0, 9804.0, 23278.0, 34443.0, 27557.0, 16470.0, 10563.0, 10313.0, 8095.0, 6175.0, 4947.0, 6134.0, 7244.0, 6630.0, 6998.0, 8380.0, 7783.0, 4610.0, 3268.0, 3896.0, 3908.0, 3818.0, 7246.0, 9361.0, 7055.0, 7573.0, 7096.0, 6369.0, 4526.0, 4066.0, 3704.0, 3535.0, 2947.0, 3318.0, 3427.0, 3314.0, 3233.0, 3150.0, 4173.0, 3862.0, 2932.0, 4207.0, 4817.0, 6775.0, 7702.0, 4838.0, 3678.0, 3522.0, 3507.0, 3568.0, 3816.0, 2924.0, 2493.0, 2890.0, 2872.0, 3047.0, 3233.0, 3321.0, 2988.0, 2541.0, 2471.0, 3177.0, 3066.0, 2783.0, 3176.0, 3897.0, 4948.0, 4615.0, 5709.0, 6222.0, 4990.0, 3159.0, 2677.0, 2515.0, 2250.0, 2029.0, 2254.0, 2067.0, 1865.0, 2114.0, 1765.0, 1555.0, 1767.0, 1576.0, 1485.0]",66275002.47156545
3,0.8,11,"[{""x"": -0.46706199645996094, ""y"": 0.6326436996459961, ""z"": 0.0, ""velocity"": 0.0, ""snr"": 0.0}, {""x"": -0.3858804702758789, ""y"": 0.6562471389770508, ""z"": 0.0, ""velocity"": 0.0, ""snr"": 0.0}, {""x"": -0.15181303024291992, ""y"": 0.6946921348571777, ""z"": 0.0, ""velocity"": 0.0, ""snr"": 0.0}, {""x"": -0.21600723266601562, ""y"": 0.6932616233825684, ""z"": 0.0, ""velocity"": 0.0, ""snr"": 0.0}, {""x"": -0.08475780487060547, ""y"": 0.6796717643737793, ""z"": 0.0, ""velocity"": 0.0, ""snr"": 0.0}, {""x"": -0.12749433517456055, ""y"": 1.5510320663452148, ""z"": 0.0, ""velocity"": 0.0, ""snr"": 0.0}, {""x"": -0.12606382369995117, ""y"": 1.5617609024047852, ""z"": 0.0, ""velocity"": 0.0, ""snr"": 0.0}, {""x"": -0.11301040649414062, ""y"": 1.5631914138793945, ""z"": 0.0, ""velocity"": 0.0, ""snr"": 0.0}, {""x"": 1.3382434844970703, ""y"": 1.6273856163024902, ""z"": 0.0, ""velocity"": 0.0, ""snr"": 0.0}, {""x"": 1.3107061386108398, ""y"": 1.6783475875854492, ""z"": 0.0, ""velocity"": 0.0, ""snr"": 0.0}, {""x"": 1.2674331665039062, ""y"": 0.7544159889221191, ""z"": 0.0, ""velocity"": 0.0, ""snr"": 0.0}]","[146603.0, 214962.0, 148150.0, 45023.0, 9372.0, 36267.0, 61992.0, 50423.0, 20078.0, 4710.0, 4556.0, 11856.0, 12391.0, 8004.0, 30255.0, 65234.0, 81199.0, 59335.0, 36386.0, 18853.0, 10775.0, 5659.0, 4413.0, 4362.0, 4908.0, 3107.0, 4065.0, 5072.0, 6927.0, 9224.0, 8156.0, 9399.0, 14901.0, 22177.0, 47343.0, 35934.0, 12578.0, 12636.0, 19168.0, 16430.0, 15011.0, 13226.0, 15862.0, 12006.0, 10573.0, 22948.0, 32121.0, 24197.0, 13984.0, 8406.0, 10659.0, 9621.0, 7044.0, 5021.0, 6069.0, 7409.0, 7395.0, 7721.0, 8802.0, 8077.0, 5902.0, 3663.0, 3373.0, 3076.0, 3711.0, 4929.0, 6127.0, 5575.0, 6509.0, 5242.0, 4751.0, 4194.0, 3442.0, 2979.0, 3481.0, 3151.0, 4159.0, 4145.0, 3471.0, 3651.0, 3581.0, 3563.0, 3663.0, 4434.0, 5481.0, 5785.0, 8092.0, 8948.0, 5551.0, 3281.0, 2845.0, 2698.0, 3459.0, 3907.0, 3350.0, 2605.0, 2419.0, 2363.0, 2828.0, 2987.0, 3811.0, 3177.0, 2612.0, 2987.0, 3347.0, 3006.0, 2976.0, 3289.0, 3308.0, 3797.0, 3982.0, 4434.0, 4793.0, 3969.0, 2590.0, 2585.0, 2448.0, 2352.0, 2141.0, 2358.0, 1887.0, 1908.0, 1973.0, 1786.0, 1645.0, 1603.0, 1821.0, 1836.0]",64949547.4584371
4,0.8,11,"[{""x"": -0.4042983055114746, ""y"": 0.7100701332092285, ""z"": 0.0, ""velocity"": 0.0, ""snr"": 0.0}, {""x"": -0.45615434646606445, ""y"": 0.6968379020690918, ""z"": 0.0, ""velocity"": 0.0, ""snr"": 0.0}, {""x"": -0.44524669647216797, ""y"": 0.7184743881225586, ""z"": 0.0, ""velocity"": 0.0, ""snr"": 0.0}, {""x"": -0.46259164810180664, ""y"": 0.7377862930297852, ""z"": 0.0, ""velocity"": 0.0, ""snr"": 0.0}, {""x"": -0.07224082946777344, ""y"": 0.7202625274658203, ""z"": 0.0, ""velocity"": 0.0, ""snr"": 0.0}, {""x"": -0.11837482452392578, ""y"": 1.5546083450317383, ""z"": 0.0, ""velocity"": 0.0, ""snr"": 0.0}, {""x"": -0.12946128845214844, ""y"": 1.5642642974853516, ""z"": 0.0, ""velocity"": 0.0, ""snr"": 0.0}, {""x"": -0.14126300811767578, ""y"": 1.565694808959961, ""z"": 0.0, ""velocity"": 0.0, ""snr"": 0.0}, {""x"": 1.3856291770935059, ""y"": 1.5612244606018066, ""z"": 0.0, ""velocity"": 0.0, ""snr"": 0.0}, {""x"": 1.3198256492614746, ""y"": 1.6450881958007812, ""z"": 0.0, ""velocity"": 0.0, ""snr"": 0.0}, {""x"": 1.2956857681274414, ""y"": 1.6930103302001953, ""z"": 0.0, ""velocity"": 0.0, ""snr"": 0.0}]","[146374.0, 214825.0, 148128.0, 45170.0, 11558.0, 26412.0, 35303.0, 30923.0, 15099.0, 3971.0, 3950.0, 9106.0, 8304.0, 6358.0, 19902.0, 25995.0, 18227.0, 30728.0, 52701.0, 45058.0, 17959.0, 7403.0, 5252.0, 3553.0, 3525.0, 3311.0, 3445.0, 4760.0, 7769.0, 9508.0, 6092.0, 8632.0, 14699.0, 28125.0, 63136.0, 51542.0, 14611.0, 13653.0, 21104.0, 16351.0, 13927.0, 12710.0, 15211.0, 12284.0, 10557.0, 22895.0, 33637.0, 26452.0, 15835.0, 8680.0, 9650.0, 7667.0, 5530.0, 5891.0, 6721.0, 8216.0, 6619.0, 7682.0, 9060.0, 8420.0, 5338.0, 4396.0, 4233.0, 3000.0, 4468.0, 5053.0, 6242.0, 7407.0, 7568.0, 5786.0, 5127.0, 4628.0, 3979.0, 3799.0, 3541.0, 2838.0, 2835.0, 2775.0, 2829.0, 3171.0, 3764.0, 3757.0, 3890.0, 4988.0, 5128.0, 3728.0, 6693.0, 7236.0, 4740.0, 3487.0, 2887.0, 2711.0, 3631.0, 3460.0, 3162.0, 2983.0, 3264.0, 3103.0, 3165.0, 3029.0, 4079.0, 3122.0, 2740.0, 2390.0, 3003.0, 2911.0, 2688.0, 3283.0, 2861.0, 3535.0, 3868.0, 4409.0, 4279.0, 3216.0, 2324.0, 2296.0, 2285.0, 2273.0, 1973.0, 1986.0, 2035.0, 2048.0, 1959.0, 1699.0, 1602.0, 1719.0, 1638.0, 1586.0]",63650385.42840499
5,0.8,9,"[{""x"": -0.3758668899536133, ""y"": 0.7722973823547363, ""z"": 0.0, ""velocity"": 0.0, ""snr"": 0.0}, {""x"": -0.3853440284729004, ""y"": 0.7882118225097656, ""z"": 0.0, ""velocity"": 0.0, ""snr"": 0.0}, {""x"": -0.20706653594970703, ""y"": 0.7186532020568848, ""z"": 0.0, ""velocity"": 0.0, ""snr"": 0.0}, {""x"": -0.23031234741210938, ""y"": 0.7340312004089355, ""z"": 0.0, ""velocity"": 0.0, ""snr"": 0.0}, {""x"": -0.16808509826660156, ""y"": 1.5483498573303223, ""z"": 0.0, ""velocity"": 0.0, ""snr"": 0.0}, {""x"": -0.1335740089416504, ""y"": 1.5630125999450684, ""z"": 0.0, ""velocity"": 0.0, ""snr"": 0.0}, {""x"": -0.13571977615356445, ""y"": 1.5653371810913086, ""z"": 0.0, ""velocity"": 0.0, ""snr"": 0.0}, {""x"": 1.2695789337158203, ""y"": 1.6872882843017578, ""z"": 0.0, ""velocity"": 0.0, ""snr"": 0.0}, {""x"": 1.2305974960327148, ""y"": 1.7450451850891113, ""z"": 0.0, ""velocity"": 0.0, ""snr"": 0.0}]","[146654.0, 214791.0, 147859.0, 45244.0, 12042.0, 29352.0, 44168.0, 30928.0, 10033.0, 3344.0, 4007.0, 8370.0, 8026.0, 6970.0, 12949.0, 27563.0, 63016.0, 55695.0, 48549.0, 55740.0, 28730.0, 10569.0, 5975.0, 5007.0, 5213.0, 4467.0, 4146.0, 5825.0, 8227.0, 8745.0, 5647.0, 7140.0, 12952.0, 34436.0, 72588.0, 60242.0, 15434.0, 16783.0, 19316.0, 15904.0, 15694.0, 14302.0, 15657.0, 12361.0, 10220.0, 22171.0, 32692.0, 28287.0, 17759.0, 9449.0, 10403.0, 7896.0, 6368.0, 5015.0, 6013.0, 7272.0, 5505.0, 6561.0, 8443.0, 7866.0, 5643.0, 4356.0, 3922.0, 3017.0, 4711.0, 5192.0, 6298.0, 6512.0, 8359.0, 6168.0, 4595.0, 4484.0, 4015.0, 3628.0, 4452.0, 3449.0, 4090.0, 4229.0, 3394.0, 3190.0, 3558.0, 3621.0, 3570.0, 4754.0, 4707.0, 5011.0, 6469.0, 6962.0, 4415.0, 3466.0, 3826.0, 3290.0, 3187.0, 3528.0, 3559.0, 2773.0, 2918.0, 3173.0, 2896.0, 3743.0, 4580.0, 3615.0, 2754.0, 2521.0, 2911.0, 2956.0, 2861.0, 3514.0, 3075.0, 3747.0, 3693.0, 3884.0, 4103.0, 3699.0, 2472.0, 2456.0, 2417.0, 2177.0, 2017.0, 2039.0, 2041.0, 1979.0, 1793.0, 1970.0, 1777.0, 1500.0, 1507.0, 1586.0]",62376473.34871559
6,0.8,11,"[{""x"": -0.3921389579772949, ""y"": 0.7132887840270996, ""z"": 0.0, ""velocity"": 0.0, ""snr"": 0.0}, {""x"": -0.3758668899536133, ""y"": 0.7576346397399902, ""z"": 0.0, ""velocity"": 0.0, ""snr"": 0.0}, {""x"": -0.24622678756713867, ""y"": 0.7027387619018555, ""z"": 0.0, ""velocity"": 0.0, ""snr"": 0.0}, {""x"": -0.3299117088317871, ""y"": 0.6996989250183105, ""z"": 0.0, ""velocity"": 0.0, ""snr"": 0.0}, {""x"": -0.37211179733276367, ""y"": 0.7899999618530273, ""z"": 0.0, ""velocity"": 0.0, ""snr"": 0.0}, {""x"": -0.14537572860717773, ""y"": 0.6996989250183105, ""z"": 0.0, ""velocity"": 0.0, ""snr"": 0.0}, {""x"": -0.11801719665527344, ""y"": 1.5681982040405273, ""z"": 0.0, ""velocity"": 0.0, ""snr"": 0.0}, {""x"": -0.08976459503173828, ""y"": 1.5588998794555664, ""z"": 0.0, ""velocity"": 0.0, ""snr"": 0.0}, {""x"": -0.09262561798095703, ""y"": 1.5685558319091797, ""z"": 0.0, ""velocity"": 0.0, ""snr"": 0.0}, {""x"": 1.147449016571045, ""y"": 1.8054842948913574, ""z"": 0.0, ""velocity"": 0.0, ""snr"": 0.0}, {""x"": 1.2513399124145508, ""y"": 1.7023086547851562, ""z"": 0.0, ""velocity"": 0.0, ""snr"": 0.0}]","[146745.0, 214893.0, 148099.0, 46123.0, 16407.0, 32686.0, 43405.0, 33894.0, 15570.0, 3881.0, 3797.0, 8521.0, 9312.0, 7305.0, 28756.0, 59792.0, 89430.0, 1230397758.0, 568785675.0, 0.0, 431180110.0, 9837.0, 1279000576.0, 642652873.0, 0.0, 19811386.0, 33554432.0, 1006305280.0, 1192427522.0, 1092747267.0, 2958360578.0, 629997568.0, 942735360.0, 2000486400.0, 1736704000.0, 623509504.0, 158990336.0, 155123712.0, 274071552.0, 297467904.0, 1098973184.0, 3435134976.0, 3953065984.0, 504037376.0, 2807234561.0, 4279697408.0, 192675840.0, 1756168193.0, 350158848.0, 268763136.0, 402391040.0, 337117184.0, 269746176.0, 310247424.0, 348979200.0, 488570880.0, 591659008.0, 558694400.0, 642252800.0, 996737024.0, 1419837440.0, 3385786368.0, 2813067264.0, 774963200.0, 1145765888.0, 1429078016.0, 897515520.0, 839974912.0, 1009057792.0, 1020723200.0, 773062656.0, 616103936.0, 1401159680.0, 2251685888.0, 2079260672.0, 1398276096.0, 507314176.0, 556728320.0, 442040320.0, 383385600.0, 407699456.0, 456065024.0, 606142464.0, 383123456.0, 389939200.0, 494862336.0, 475594752.0, 358875136.0, 291897344.0, 241041408.0, 228655104.0, 341049344.0, 349110272.0, 313720832.0, 340066304.0, 396623872.0, 352780288.0, 307888128.0, 330366976.0, 266928128.0, 203751424.0, 227344384.0, 211812352.0, 235405312.0, 242089984.0, 266141696.0, 229507072.0, 246218752.0, 219545600.0, 236388352.0, 265945088.0, 240058368.0, 264699904.0, 445251584.0, 464912384.0, 294977536.0, 209649664.0, 227934208.0, 329515008.0, 402522112.0, 335872000.0, 179830784.0, 231342080.0, 216727552.0, 192282624.0, 169148416.0, 207421440.0, 211222528.0]",572063488.2883453
7,0.8,10,"[{""x"": -0.4032254219055176, ""y"": 0.7442235946655273, ""z"": 0.0, ""velocity"": 0.0, ""snr"": 0.0}, {""x"": -0.41234493255615234, ""y"": 0.7452964782714844, ""z"": 0.0, ""velocity"": 0.0, ""snr"": 0.0}, {""x"": -0.400543212890625, ""y"": 0.7647871971130371, ""z"": 0.0, ""velocity"": 0.0, ""snr"": 0.0}, {""x"": -0.09691715240478516, ""y"": 0.6905794143676758, ""z"": 0.0, ""velocity"": 0.0, ""snr"": 0.0}, {""x"": -0.11622905731201172, ""y"": 0.7098913192749023, ""z"": 0.0, ""velocity"": 0.0, ""snr"": 0.0}, {""x"": -0.12731552124023438, ""y"": 1.552283763885498, ""z"": 0.0, ""velocity"": 0.0, ""snr"": 0.0}, {""x"": -0.15878677368164062, ""y"": 1.5617609024047852, ""z"": 0.0, ""velocity"": 0.0, ""snr"": 0.0}, {""x"": -0.21922588348388672, ""y"": 1.554250717163086, ""z"": 0.0, ""velocity"": 0.0, ""snr"": 0.0}, {""x"": 1.1612176895141602, ""y"": 1.7713308334350586, ""z"": 0.0, ""velocity"": 0.0, ""snr"": 0.0}, {""x"": 1.1460185050964355, ""y"": 1.8074512481689453, ""z"": 0.0, ""velocity"": 0.0, ""snr"": 0.0}]","[146150.0, 214678.0, 148137.0, 45172.0, 9777.0, 12722.0, 27110.0, 24752.0, 9424.0, 2397.0, 2497.0, 3486.0, 4092.0, 9959.0, 27381.0, 28021.0, 37255.0, 30511.0, 63779.0, 69061.0, 27618.0, 5101.0, 3888.0, 6358.0, 5886.0, 4729.0, 4250.0, 5170.0, 7590.0, 8841.0, 8160.0, 9709.0, 14811.0, 22260.0, 51380.0, 41668.0, 12345.0, 16914.0, 21528.0, 12372.0, 11293.0, 13697.0, 14701.0, 11459.0, 10222.0, 21346.0, 34024.0, 33119.0, 21456.0, 7742.0, 8091.0, 6870.0, 6068.0, 5686.0, 7161.0, 8883.0, 5666.0, 5268.0, 6811.0, 6663.0, 5298.0, 4933.0, 4300.0, 3615.0, 5438.0, 5591.0, 5412.0, 6436.0, 7289.0, 5437.0, 4882.0, 4966.0, 4349.0, 3731.0, 3626.0, 3041.0, 3192.0, 3516.0, 3702.0, 3889.0, 3533.0, 3314.0, 3522.0, 3435.0, 2890.0, 3935.0, 7068.0, 7175.0, 4618.0, 3131.0, 3475.0, 5365.0, 6716.0, 5451.0, 2958.0, 3260.0, 3020.0, 2855.0, 2548.0, 2996.0, 3300.0, 3162.0, 2594.0, 2846.0, 3049.0, 2968.0, 3139.0, 3338.0, 3937.0, 4728.0, 3787.0, 3449.0, 5971.0, 5093.0, 2975.0, 2441.0, 2286.0, 2361.0, 2122.0, 1996.0, 2005.0, 2098.0, 2244.0, 2084.0, 1732.0, 1602.0, 1710.0, 1616.0]",72492870.30752885
