frame_index,timestamp,gesture,trial,elapsed,dataset_source,confidence,num_points,points,range_profile,motion_score
0,2026-07-26T23:41:26.639082+00:00,push,0,0.000204,session_20260726_234022,0.0,0,[],null,0.0
1,2026-07-26T23:41:26.743368+00:00,push,0,0.104408,session_20260726_234022,0.0,0,[],null,0.0
2,2026-07-26T23:41:26.848462+00:00,push,0,0.209494,session_20260726_234022,0.0,0,[],null,0.0
3,2026-07-26T23:41:26.953549+00:00,push,0,0.314578,session_20260726_234022,0.0,0,[],null,0.0
4,2026-07-26T23:41:27.056394+00:00,push,0,0.417422,session_20260726_234022,0.0,0,[],null,0.0
5,2026-07-26T23:41:27.161462+00:00,push,0,0.522482,session_20260726_234022,0.0,0,[],null,0.0
6,2026-07-26T23:41:27.266517+00:00,push,0,0.627532,session_20260726_234022,0.0,0,[],null,0.0
7,2026-07-26T23:41:27.371570+00:00,push,0,0.732586,session_20260726_234022,0.0,0,[],null,0.0
8,2026-07-26T23:41:27.476636+00:00,push,0,0.837662,session_20260726_234022,0.0,0,[],null,0.0
9,2026-07-26T23:41:27.581701+00:00,push,0,0.942718,session_20260726_234022,0.0,0,[],null,0.0
10,2026-07-26T23:41:27.686768+00:00,push,0,1.04779,session_20260726_234022,0.0,0,[],null,0.0
11,2026-07-26T23:41:27.791853+00:00,push,0,1.152878,session_20260726_234022,0.0,0,[],null,0.0
12,2026-07-26T23:41:27.896476+00:00,push,0,1.257508,session_20260726_234022,0.0,0,[],null,0.0
13,2026-07-26T23:41:28.001566+00:00,push,0,1.362599,session_20260726_234022,0.0,0,[],null,0.0
14,2026-07-26T23:41:28.106560+00:00,push,0,1.467591,session_20260726_234022,0.0,0,[],null,0.0
15,2026-07-26T23:41:28.209107+00:00,push,0,1.570133,session_20260726_234022,0.0,0,[],null,0.0
16,2026-07-26T23:41:28.312787+00:00,push,0,1.673809,session_20260726_234022,0.0,0,[],null,0.0
17,2026-07-26T23:41:28.413788+00:00,push,0,1.774806,session_20260726_234022,0.0,0,[],null,0.0
18,2026-07-26T23:41:28.518849+00:00,push,0,1.879867,session_20260726_234022,0.0,0,[],null,0.0
19,2026-07-26T23:41:28.623907+00:00,push,0,1.984925,session_20260726_234022,0.0,0,[],null,0.0
20,2026-07-26T23:41:54.531544+00:00,push,1,4.3e-05,session_20260726_234022,0.0,0,[],null,0.0
21,2026-07-26T23:41:54.631918+00:00,push,1,0.100425,session_20260726_234022,0.0,0,[],null,0.0
22,2026-07-26T23:41:54.736683+00:00,push,1,0.205184,session_20260726_234022,0.0,0,[],null,0.0
23,2026-07-26T23:41:54.837644+00:00,push,1,0.306139,session_20260726_234022,0.0,0,[],null,0.0
24,2026-07-26T23:41:54.942708+00:00,push,1,0.411201,session_20260726_234022,0.0,0,[],null,0.0
25,2026-07-26T23:41:55.047797+00:00,push,1,0.516299,session_20260726_234022,0.0,0,[],null,0.0
26,2026-07-26T23:41:55.149325+00:00,push,1,0.617825,session_20260726_234022,0.0,0,[],null,0.0
27,2026-07-26T23:41:55.254393+00:00,push,1,0.722889,session_20260726_234022,0.0,0,[],null,0.0
28,2026-07-26T23:41:55.357815+00:00,push,1,0.82631,session_20260726_234022,0.0,0,[],null,0.0
29,2026-07-26T23:41:55.462663+00:00,push,1,0.93117,session_20260726_234022,0.0,0,[],null,0.0
30,2026-07-26T23:41:55.565228+00:00,push,1,1.033723,session_20260726_234022,0.0,0,[],null,0.0
31,2026-07-26T23:41:55.670316+00:00,push,1,1.138813,session_20260726_234022,0.0,0,[],null,0.0
32,2026-07-26T23:41:55.775408+00:00,push,1,1.243908,session_20260726_234022,0.0,0,[],null,0.0
33,2026-07-26T23:41:55.880480+00:00,push,1,1.348976,session_20260726_234022,0.0,0,[],null,0.0
34,2026-07-26T23:41:55.985572+00:00,push,1,1.454067,session_20260726_234022,0.0,0,[],null,0.0
35,2026-07-26T23:41:56.090636+00:00,push,1,1.559132,session_20260726_234022,0.0,0,[],null,0.0
36,2026-07-26T23:41:56.195706+00:00,push,1,1.664203,session_20260726_234022,0.0,0,[],null,0.0
37,2026-07-26T23:41:56.300770+00:00,push,1,1.769263,session_20260726_234022,0.0,0,[],null,0.0
38,2026-07-26T23:41:56.404309+00:00,push,1,1.872804,session_20260726_234022,0.0,0,[],null,0.0
39,2026-07-26T23:41:56.509372+00:00,push,1,1.977867,session_20260726_234022,0.0,0,[],null,0.0
40,2026-07-26T23:42:02.152552+00:00,push,2,4.9e-05,session_20260726_234022,0.0,0,[],null,0.0
41,2026-07-26T23:42:02.253552+00:00,push,2,0.101053,session_20260726_234022,0.0,0,[],null,0.0
42,2026-07-26T23:42:02.354279+00:00,push,2,0.201768,session_20260726_234022,0.0,0,[],null,0.0
43,2026-07-26T23:42:02.457808+00:00,push,2,0.305296,session_20260726_234022,0.0,0,[],null,0.0
44,2026-07-26T23:42:02.562630+00:00,push,2,0.410122,session_20260726_234022,0.0,0,[],null,0.0
45,2026-07-26T23:42:02.667718+00:00,push,2,0.515226,session_20260726_234022,0.0,0,[],null,0.0
46,2026-07-26T23:42:02.772797+00:00,push,2,0.620278,session_20260726_234022,0.0,0,[],null,0.0
47,2026-07-26T23:42:02.877851+00:00,push,2,0.725331,session_20260726_234022,0.0,0,[],null,0.0
48,2026-07-26T23:42:02.982900+00:00,push,2,0.830375,session_20260726_234022,0.0,0,[],null,0.0
49,2026-07-26T23:42:03.087941+00:00,push,2,0.935418,session_20260726_234022,0.0,0,[],null,0.0
50,2026-07-26T23:42:03.192997+00:00,push,2,1.040476,session_20260726_234022,0.0,0,[],null,0.0
51,2026-07-26T23:42:03.298070+00:00,push,2,1.14556,session_20260726_234022,0.0,0,[],null,0.0
52,2026-07-26T23:42:03.403170+00:00,push,2,1.250667,session_20260726_234022,0.0,0,[],null,0.0
53,2026-07-26T23:42:03.503290+00:00,push,2,1.350783,session_20260726_234022,0.0,0,[],null,0.0
54,2026-07-26T23:42:03.604267+00:00,push,2,1.451755,session_20260726_234022,0.0,0,[],null,0.0
55,2026-07-26T23:42:03.706094+00:00,push,2,1.553576,session_20260726_234022,0.0,0,[],null,0.0
56,2026-07-26T23:42:03.811145+00:00,push,2,1.658623,session_20260726_234022,0.0,0,[],null,0.0
57,2026-07-26T23:42:03.916202+00:00,push,2,1.763687,session_20260726_234022,0.0,0,[],null,0.0
58,2026-07-26T23:42:04.018114+00:00,push,2,1.865603,session_20260726_234022,0.0,0,[],null,0.0
59,2026-07-26T23:42:04.119948+00:00,push,2,1.967431,session_20260726_234022,0.0,0,[],null,0.0
60,2026-07-26T23:42:13.005201+00:00,push,3,4.6e-05,session_20260726_234022,0.0,0,[],null,0.0
61,2026-07-26T23:42:13.110287+00:00,push,3,0.105136,session_20260726_234022,0.0,0,[],null,0.0
62,2026-07-26T23:42:13.212045+00:00,push,3,0.206886,session_20260726_234022,0.0,0,[],null,0.0
63,2026-07-26T23:42:13.314562+00:00,push,3,0.3094,session_20260726_234022,0.0,0,[],null,0.0
64,2026-07-26T23:42:13.419625+00:00,push,3,0.414463,session_20260726_234022,0.0,0,[],null,0.0
65,2026-07-26T23:42:13.520817+00:00,push,3,0.515651,session_20260726_234022,0.0,0,[],null,0.0
66,2026-07-26T23:42:13.625871+00:00,push,3,0.620705,session_20260726_234022,0.0,0,[],null,0.0
67,2026-07-26T23:42:13.730940+00:00,push,3,0.725784,session_20260726_234022,0.0,0,[],null,0.0
68,2026-07-26T23:42:13.831240+00:00,push,3,0.82608,session_20260726_234022,0.0,0,[],null,0.0
69,2026-07-26T23:42:13.936300+00:00,push,3,0.931133,session_20260726_234022,0.0,0,[],null,0.0
70,2026-07-26T23:42:14.036808+00:00,push,3,1.031641,session_20260726_234022,0.0,0,[],null,0.0
71,2026-07-26T23:42:14.141857+00:00,push,3,1.136684,session_20260726_234022,0.0,0,[],null,0.0
72,2026-07-26T23:42:14.246927+00:00,push,3,1.24177,session_20260726_234022,0.0,0,[],null,0.0
73,2026-07-26T23:42:14.347681+00:00,push,3,1.342524,session_20260726_234022,0.0,0,[],null,0.0
74,2026-07-26T23:42:14.452746+00:00,push,3,1.447582,session_20260726_234022,0.0,0,[],null,0.0
75,2026-07-26T23:42:14.554208+00:00,push,3,1.549048,session_20260726_234022,0.0,0,[],null,0.0
76,2026-07-26T23:42:14.656077+00:00,push,3,1.65091,session_20260726_234022,0.0,0,[],null,0.0
77,2026-07-26T23:42:14.761130+00:00,push,3,1.755964,session_20260726_234022,0.0,0,[],null,0.0
78,2026-07-26T23:42:14.866181+00:00,push,3,1.861011,session_20260726_234022,0.0,0,[],null,0.0
79,2026-07-26T23:42:14.970871+00:00,push,3,1.965707,session_20260726_234022,0.0,0,[],null,0.0
80,2026-07-26T23:42:21.457836+00:00,push,4,4e-05,session_20260726_234022,0.0,0,[],null,0.0
81,2026-07-26T23:42:21.562916+00:00,push,4,0.105139,session_20260726_234022,0.0,0,[],null,0.0
82,2026-07-26T23:42:21.664445+00:00,push,4,0.206649,session_20260726_234022,0.0,0,[],null,0.0
83,2026-07-26T23:42:21.769506+00:00,push,4,0.311705,session_20260726_234022,0.0,0,[],null,0.0
84,2026-07-26T23:42:21.874561+00:00,push,4,0.416757,session_20260726_234022,0.0,0,[],null,0.0
85,2026-07-26T23:42:21.976674+00:00,push,4,0.518872,session_20260726_234022,0.0,0,[],null,0.0
86,2026-07-26T23:42:22.081738+00:00,push,4,0.623941,session_20260726_234022,0.0,0,[],null,0.0
87,2026-07-26T23:42:22.186808+00:00,push,4,0.729009,session_20260726_234022,0.0,0,[],null,0.0
88,2026-07-26T23:42:22.291866+00:00,push,4,0.834064,session_20260726_234022,0.0,0,[],null,0.0
89,2026-07-26T23:42:22.395330+00:00,push,4,0.937531,session_20260726_234022,0.0,0,[],null,0.0
90,2026-07-26T23:42:22.500401+00:00,push,4,1.0426,session_20260726_234022,0.0,0,[],null,0.0
91,2026-07-26T23:42:22.605476+00:00,push,4,1.147683,session_20260726_234022,0.0,0,[],null,0.0
92,2026-07-26T23:42:22.709104+00:00,push,4,1.251306,session_20260726_234022,0.0,0,[],null,0.0
93,2026-07-26T23:42:22.813318+00:00,push,4,1.35552,session_20260726_234022,0.0,0,[],null,0.0
94,2026-07-26T23:42:22.918374+00:00,push,4,1.460568,session_20260726_234022,0.0,0,[],null,0.0
95,2026-07-26T23:42:23.023430+00:00,push,4,1.565634,session_20260726_234022,0.0,0,[],null,0.0
96,2026-07-26T23:42:23.125202+00:00,push,4,1.667402,session_20260726_234022,0.0,0,[],null,0.0
97,2026-07-26T23:42:23.230259+00:00,push,4,1.772455,session_20260726_234022,0.0,0,[],null,0.0
98,2026-07-26T23:42:23.334098+00:00,push,4,1.876297,session_20260726_234022,0.0,0,[],null,0.0
99,2026-07-26T23:42:23.436513+00:00,push,4,1.97871,session_20260726_234022,0.0,0,[],null,0.0
100,2026-07-26T23:42:31.842761+00:00,pull,0,5.1e-05,session_20260726_234022,0.0,0,[],null,0.0
101,2026-07-26T23:42:31.947846+00:00,pull,0,0.105133,session_20260726_234022,0.0,0,[],null,0.0
102,2026-07-26T23:42:32.052913+00:00,pull,0,0.210189,session_20260726_234022,0.0,0,[],null,0.0
103,2026-07-26T23:42:32.157968+00:00,pull,0,0.315241,session_20260726_234022,0.0,0,[],null,0.0
104,2026-07-26T23:42:32.263014+00:00,pull,0,0.420282,session_20260726_234022,0.0,0,[],null,0.0
105,2026-07-26T23:42:32.368055+00:00,pull,0,0.525322,session_20260726_234022,0.0,0,[],null,0.0
106,2026-07-26T23:42:32.473094+00:00,pull,0,0.630359,session_20260726_234022,0.0,0,[],null,0.0
107,2026-07-26T23:42:32.578129+00:00,pull,0,0.735393,session_20260726_234022,0.0,0,[],null,0.0
108,2026-07-26T23:42:32.683163+00:00,pull,0,0.840427,session_20260726_234022,0.0,0,[],null,0.0
109,2026-07-26T23:42:32.788198+00:00,pull,0,0.945463,session_20260726_234022,0.0,0,[],null,0.0
110,2026-07-26T23:42:32.893260+00:00,pull,0,1.050531,session_20260726_234022,0.0,0,[],null,0.0
111,2026-07-26T23:42:32.998326+00:00,pull,0,1.155605,session_20260726_234022,0.0,0,[],null,0.0
112,2026-07-26T23:42:33.099685+00:00,pull,0,1.256971,session_20260726_234022,0.0,0,[],null,0.0
113,2026-07-26T23:42:33.200982+00:00,pull,0,1.358268,session_20260726_234022,0.0,0,[],null,0.0
114,2026-07-26T23:42:33.302128+00:00,pull,0,1.459406,session_20260726_234022,0.0,0,[],null,0.0
115,2026-07-26T23:42:33.402239+00:00,pull,0,1.559516,session_20260726_234022,0.0,0,[],null,0.0
116,2026-07-26T23:42:33.504105+00:00,pull,0,1.661384,session_20260726_234022,0.0,0,[],null,0.0
117,2026-07-26T23:42:33.609163+00:00,pull,0,1.766438,session_20260726_234022,0.0,0,[],null,0.0
118,2026-07-26T23:42:33.714240+00:00,pull,0,1.871515,session_20260726_234022,0.0,0,[],null,0.0
119,2026-07-26T23:42:33.816335+00:00,pull,0,1.97361,session_20260726_234022,0.0,0,[],null,0.0
120,2026-07-26T23:42:45.019328+00:00,pull,1,5e-05,session_20260726_234022,0.0,0,[],null,0.0
121,2026-07-26T23:42:45.120723+00:00,pull,1,0.101447,session_20260726_234022,0.0,0,[],null,0.0
122,2026-07-26T23:42:45.225593+00:00,pull,1,0.206304,session_20260726_234022,0.0,0,[],null,0.0
123,2026-07-26T23:42:45.326097+00:00,pull,1,0.306804,session_20260726_234022,0.0,0,[],null,0.0
124,2026-07-26T23:42:45.431159+00:00,pull,1,0.411868,session_20260726_234022,0.0,0,[],null,0.0
125,2026-07-26T23:42:45.534719+00:00,pull,1,0.515422,session_20260726_234022,0.0,0,[],null,0.0
126,2026-07-26T23:42:45.638111+00:00,pull,1,0.618814,session_20260726_234022,0.0,0,[],null,0.0
127,2026-07-26T23:42:45.741156+00:00,pull,1,0.721865,session_20260726_234022,0.0,0,[],null,0.0
128,2026-07-26T23:42:45.846210+00:00,pull,1,0.826913,session_20260726_234022,0.0,0,[],null,0.0
129,2026-07-26T23:42:45.951256+00:00,pull,1,0.931956,session_20260726_234022,0.0,0,[],null,0.0
130,2026-07-26T23:42:46.051628+00:00,pull,1,1.032332,session_20260726_234022,0.0,0,[],null,0.0
131,2026-07-26T23:42:46.156681+00:00,pull,1,1.13738,session_20260726_234022,0.0,0,[],null,0.0
132,2026-07-26T23:42:46.261744+00:00,pull,1,1.242459,session_20260726_234022,0.0,0,[],null,0.0
133,2026-07-26T23:42:46.364327+00:00,pull,1,1.345043,session_20260726_234022,0.0,0,[],null,0.0
134,2026-07-26T23:42:46.469391+00:00,pull,1,1.450099,session_20260726_234022,0.0,0,[],null,0.0
135,2026-07-26T23:42:46.570701+00:00,pull,1,1.551411,session_20260726_234022,0.0,0,[],null,0.0
136,2026-07-26T23:42:46.675756+00:00,pull,1,1.656457,session_20260726_234022,0.0,0,[],null,0.0
137,2026-07-26T23:42:46.780800+00:00,pull,1,1.761499,session_20260726_234022,0.0,0,[],null,0.0
138,2026-07-26T23:42:46.885851+00:00,pull,1,1.866558,session_20260726_234022,0.0,0,[],null,0.0
139,2026-07-26T23:42:46.987359+00:00,pull,1,1.968064,session_20260726_234022,0.0,0,[],null,0.0
140,2026-07-26T23:42:52.017310+00:00,pull,2,5.1e-05,session_20260726_234022,0.0,0,[],null,0.0
141,2026-07-26T23:42:52.122394+00:00,pull,2,0.105135,session_20260726_234022,0.0,0,[],null,0.0
142,2026-07-26T23:42:52.227479+00:00,pull,2,0.21022,session_20260726_234022,0.0,0,[],null,0.0
143,2026-07-26T23:42:52.331055+00:00,pull,2,0.313786,session_20260726_234022,0.0,0,[],null,0.0
144,2026-07-26T23:42:52.436114+00:00,pull,2,0.418839,session_20260726_234022,0.0,0,[],null,0.0
145,2026-07-26T23:42:52.536394+00:00,pull,2,0.519129,session_20260726_234022,0.0,0,[],null,0.0
146,2026-07-26T23:42:52.641481+00:00,pull,2,0.624223,session_20260726_234022,0.0,0,[],null,0.0
147,2026-07-26T23:42:52.746564+00:00,pull,2,0.729298,session_20260726_234022,0.0,0,[],null,0.0
148,2026-07-26T23:42:52.851638+00:00,pull,2,0.834368,session_20260726_234022,0.0,0,[],null,0.0
149,2026-07-26T23:42:52.956712+00:00,pull,2,0.939449,session_20260726_234022,0.0,0,[],null,0.0
150,2026-07-26T23:42:53.057438+00:00,pull,2,1.040156,session_20260726_234022,0.0,0,[],null,0.0
151,2026-07-26T23:42:53.162502+00:00,pull,2,1.145235,session_20260726_234022,0.0,0,[],null,0.0
152,2026-07-26T23:42:53.267594+00:00,pull,2,1.250334,session_20260726_234022,0.0,0,[],null,0.0
153,2026-07-26T23:42:53.372682+00:00,pull,2,1.355435,session_20260726_234022,0.0,0,[],null,0.0
154,2026-07-26T23:42:53.477776+00:00,pull,2,1.460516,session_20260726_234022,0.0,0,[],null,0.0
155,2026-07-26T23:42:53.579470+00:00,pull,2,1.562215,session_20260726_234022,0.0,0,[],null,0.0
156,2026-07-26T23:42:53.680254+00:00,pull,2,1.662985,session_20260726_234022,0.0,0,[],null,0.0
157,2026-07-26T23:42:53.785314+00:00,pull,2,1.768037,session_20260726_234022,0.0,0,[],null,0.0
158,2026-07-26T23:42:53.890363+00:00,pull,2,1.873086,session_20260726_234022,0.0,0,[],null,0.0
159,2026-07-26T23:42:53.995412+00:00,pull,2,1.978136,session_20260726_234022,0.0,0,[],null,0.0
160,2026-07-26T23:42:58.769150+00:00,pull,3,5.4e-05,session_20260726_234022,0.0,0,[],null,0.0
161,2026-07-26T23:42:58.874255+00:00,pull,3,0.105159,session_20260726_234022,0.0,0,[],null,0.0
162,2026-07-26T23:42:58.979344+00:00,pull,3,0.210236,session_20260726_234022,0.0,0,[],null,0.0
163,2026-07-26T23:42:59.083247+00:00,pull,3,0.314144,session_20260726_234022,0.0,0,[],null,0.0
164,2026-07-26T23:42:59.188311+00:00,pull,3,0.419198,session_20260726_234022,0.0,0,[],null,0.0
165,2026-07-26T23:42:59.293375+00:00,pull,3,0.524262,session_20260726_234022,0.0,0,[],null,0.0
166,2026-07-26T23:42:59.395123+00:00,pull,3,0.626012,session_20260726_234022,0.0,0,[],null,0.0
167,2026-07-26T23:42:59.500177+00:00,pull,3,0.731062,session_20260726_234022,0.0,0,[],null,0.0
168,2026-07-26T23:42:59.604094+00:00,pull,3,0.834983,session_20260726_234022,0.0,0,[],null,0.0
169,2026-07-26T23:42:59.706601+00:00,pull,3,0.937489,session_20260726_234022,0.0,0,[],null,0.0
170,2026-07-26T23:42:59.811670+00:00,pull,3,1.042564,session_20260726_234022,0.0,0,[],null,0.0
171,2026-07-26T23:42:59.916751+00:00,pull,3,1.147646,session_20260726_234022,0.0,0,[],null,0.0
172,2026-07-26T23:43:00.021467+00:00,pull,3,1.252371,session_20260726_234022,0.0,0,[],null,0.0
173,2026-07-26T23:43:00.126544+00:00,pull,3,1.357434,session_20260726_234022,0.0,0,[],null,0.0
174,2026-07-26T23:43:00.231600+00:00,pull,3,1.462484,session_20260726_234022,0.0,0,[],null,0.0
175,2026-07-26T23:43:00.336647+00:00,pull,3,1.567528,session_20260726_234022,0.0,0,[],null,0.0
176,2026-07-26T23:43:00.437282+00:00,pull,3,1.668173,session_20260726_234022,0.0,0,[],null,0.0
177,2026-07-26T23:43:00.542338+00:00,pull,3,1.773223,session_20260726_234022,0.0,0,[],null,0.0
178,2026-07-26T23:43:00.645111+00:00,pull,3,1.875999,session_20260726_234022,0.0,0,[],null,0.0
179,2026-07-26T23:43:00.747690+00:00,pull,3,1.978585,session_20260726_234022,0.0,0,[],null,0.0
180,2026-07-26T23:43:10.061445+00:00,pull,4,4e-05,session_20260726_234022,0.0,0,[],null,0.0
181,2026-07-26T23:43:10.166522+00:00,pull,4,0.105125,session_20260726_234022,0.0,0,[],null,0.0
182,2026-07-26T23:43:10.270587+00:00,pull,4,0.209194,session_20260726_234022,0.0,0,[],null,0.0
183,2026-07-26T23:43:10.375676+00:00,pull,4,0.314271,session_20260726_234022,0.0,0,[],null,0.0
184,2026-07-26T23:43:10.480740+00:00,pull,4,0.419326,session_20260726_234022,0.0,0,[],null,0.0
185,2026-07-26T23:43:10.585791+00:00,pull,4,0.524376,session_20260726_234022,0.0,0,[],null,0.0
186,2026-07-26T23:43:10.690854+00:00,pull,4,0.629449,session_20260726_234022,0.0,0,[],null,0.0
187,2026-07-26T23:43:10.795920+00:00,pull,4,0.734516,session_20260726_234022,0.0,0,[],null,0.0
188,2026-07-26T23:43:10.897569+00:00,pull,4,0.836166,session_20260726_234022,0.0,0,[],null,0.0
189,2026-07-26T23:43:11.002638+00:00,pull,4,0.941231,session_20260726_234022,0.0,0,[],null,0.0
190,2026-07-26T23:43:11.102956+00:00,pull,4,1.041543,session_20260726_234022,0.0,0,[],null,0.0
191,2026-07-26T23:43:11.208037+00:00,pull,4,1.146636,session_20260726_234022,0.0,0,[],null,0.0
192,2026-07-26T23:43:11.313128+00:00,pull,4,1.251729,session_20260726_234022,0.0,0,[],null,0.0
193,2026-07-26T23:43:11.418208+00:00,pull,4,1.356804,session_20260726_234022,0.0,0,[],null,0.0
194,2026-07-26T23:43:11.520563+00:00,pull,4,1.45916,session_20260726_234022,0.0,0,[],null,0.0
195,2026-07-26T23:43:11.625628+00:00,pull,4,1.564219,session_20260726_234022,0.0,0,[],null,0.0
196,2026-07-26T23:43:11.728386+00:00,pull,4,1.666977,session_20260726_234022,0.0,0,[],null,0.0
197,2026-07-26T23:43:11.830805+00:00,pull,4,1.769398,session_20260726_234022,0.0,0,[],null,0.0
198,2026-07-26T23:43:11.934018+00:00,pull,4,1.872611,session_20260726_234022,0.0,0,[],null,0.0
199,2026-07-26T23:43:12.039098+00:00,pull,4,1.977704,session_20260726_234022,0.0,0,[],null,0.0
200,2026-07-27T00:01:56.863476+00:00,left,1,5.3e-05,session_20260726_234022,0.0,0,[],null,0.0
201,2026-07-27T00:01:56.968579+00:00,left,1,0.105153,session_20260726_234022,0.0,0,[],null,0.0
202,2026-07-27T00:01:57.073677+00:00,left,1,0.210252,session_20260726_234022,0.0,0,[],null,0.0
203,2026-07-27T00:01:57.175254+00:00,left,1,0.311826,session_20260726_234022,0.0,0,[],null,0.0
204,2026-07-27T00:01:57.280340+00:00,left,1,0.416904,session_20260726_234022,0.0,0,[],null,0.0
205,2026-07-27T00:01:57.385380+00:00,left,1,0.521943,session_20260726_234022,0.0,0,[],null,0.0
206,2026-07-27T00:01:57.490439+00:00,left,1,0.627,session_20260726_234022,0.0,0,[],null,0.0
207,2026-07-27T00:01:57.591441+00:00,left,1,0.728002,session_20260726_234022,0.0,0,[],null,0.0
208,2026-07-27T00:01:57.692734+00:00,left,1,0.829304,session_20260726_234022,0.0,0,[],null,0.0
209,2026-07-27T00:01:57.797782+00:00,left,1,0.934356,session_20260726_234022,0.0,0,[],null,0.0
210,2026-07-27T00:01:57.902869+00:00,left,1,1.039432,session_20260726_234022,0.0,0,[],null,0.0
211,2026-07-27T00:01:58.007921+00:00,left,1,1.144474,session_20260726_234022,0.0,0,[],null,0.0
212,2026-07-27T00:01:58.112985+00:00,left,1,1.249551,session_20260726_234022,0.0,0,[],null,0.0
213,2026-07-27T00:01:58.214446+00:00,left,1,1.351016,session_20260726_234022,0.0,0,[],null,0.0
214,2026-07-27T00:01:58.319532+00:00,left,1,1.4561,session_20260726_234022,0.0,0,[],null,0.0
215,2026-07-27T00:01:58.422273+00:00,left,1,1.558843,session_20260726_234022,0.0,0,[],null,0.0
216,2026-07-27T00:01:58.527353+00:00,left,1,1.663917,session_20260726_234022,0.0,0,[],null,0.0
217,2026-07-27T00:01:58.631110+00:00,left,1,1.767684,session_20260726_234022,0.0,0,[],null,0.0
218,2026-07-27T00:01:58.734229+00:00,left,1,1.870799,session_20260726_234022,0.0,0,[],null,0.0
219,2026-07-27T00:01:58.839319+00:00,left,1,1.975896,session_20260726_234022,0.0,0,[],null,0.0
220,2026-07-27T00:02:05.011198+00:00,left,2,4.8e-05,session_20260726_234022,0.0,0,[],null,0.0
221,2026-07-27T00:02:05.114421+00:00,left,2,0.103274,session_20260726_234022,0.0,0,[],null,0.0
222,2026-07-27T00:02:05.219513+00:00,left,2,0.208359,session_20260726_234022,0.0,0,[],null,0.0
223,2026-07-27T00:02:05.324587+00:00,left,2,0.313431,session_20260726_234022,0.0,0,[],null,0.0
224,2026-07-27T00:02:05.429375+00:00,left,2,0.418218,session_20260726_234022,0.0,0,[],null,0.0
225,2026-07-27T00:02:05.531197+00:00,left,2,0.520047,session_20260726_234022,0.0,0,[],null,0.0
226,2026-07-27T00:02:05.636272+00:00,left,2,0.62511,session_20260726_234022,0.0,0,[],null,0.0
227,2026-07-27T00:02:05.740006+00:00,left,2,0.728857,session_20260726_234022,0.0,0,[],null,0.0
228,2026-07-27T00:02:05.841761+00:00,left,2,0.830611,session_20260726_234022,0.0,0,[],null,0.0
229,2026-07-27T00:02:05.946851+00:00,left,2,0.935705,session_20260726_234022,0.0,0,[],null,0.0
230,2026-07-27T00:02:06.048731+00:00,left,2,1.037563,session_20260726_234022,0.0,0,[],null,0.0
231,2026-07-27T00:02:06.153789+00:00,left,2,1.142623,session_20260726_234022,0.0,0,[],null,0.0
232,2026-07-27T00:02:06.258863+00:00,left,2,1.247703,session_20260726_234022,0.0,0,[],null,0.0
233,2026-07-27T00:02:06.363956+00:00,left,2,1.352802,session_20260726_234022,0.0,0,[],null,0.0
234,2026-07-27T00:02:06.469034+00:00,left,2,1.457877,session_20260726_234022,0.0,0,[],null,0.0
235,2026-07-27T00:02:06.574112+00:00,left,2,1.562963,session_20260726_234022,0.0,0,[],null,0.0
236,2026-07-27T00:02:06.679189+00:00,left,2,1.668031,session_20260726_234022,0.0,0,[],null,0.0
237,2026-07-27T00:02:06.784249+00:00,left,2,1.773083,session_20260726_234022,0.0,0,[],null,0.0
238,2026-07-27T00:02:06.885946+00:00,left,2,1.874793,session_20260726_234022,0.0,0,[],null,0.0
239,2026-07-27T00:02:06.988379+00:00,left,2,1.977222,session_20260726_234022,0.0,0,[],null,0.0
240,2026-07-27T00:02:18.646434+00:00,left,3,4.3e-05,session_20260726_234022,0.0,0,[],null,0.0
241,2026-07-27T00:02:18.746761+00:00,left,3,0.100376,session_20260726_234022,0.0,0,[],null,0.0
242,2026-07-27T00:02:18.848659+00:00,left,3,0.202263,session_20260726_234022,0.0,0,[],null,0.0
243,2026-07-27T00:02:18.953717+00:00,left,3,0.307316,session_20260726_234022,0.0,0,[],null,0.0
244,2026-07-27T00:02:19.055485+00:00,left,3,0.40909,session_20260726_234022,0.0,0,[],null,0.0
245,2026-07-27T00:02:19.160559+00:00,left,3,0.514164,session_20260726_234022,0.0,0,[],null,0.0
246,2026-07-27T00:02:19.265634+00:00,left,3,0.619247,session_20260726_234022,0.0,0,[],null,0.0
247,2026-07-27T00:02:19.370710+00:00,left,3,0.724315,session_20260726_234022,0.0,0,[],null,0.0
248,2026-07-27T00:02:19.473039+00:00,left,3,0.826644,session_20260726_234022,0.0,0,[],null,0.0
249,2026-07-27T00:02:19.578105+00:00,left,3,0.931704,session_20260726_234022,0.0,0,[],null,0.0
250,2026-07-27T00:02:19.679194+00:00,left,3,1.0328,session_20260726_234022,0.0,0,[],null,0.0
251,2026-07-27T00:02:19.784274+00:00,left,3,1.137882,session_20260726_234022,0.0,0,[],null,0.0
252,2026-07-27T00:02:19.886164+00:00,left,3,1.23978,session_20260726_234022,0.0,0,[],null,0.0
253,2026-07-27T00:02:19.988826+00:00,left,3,1.34244,session_20260726_234022,0.0,0,[],null,0.0
254,2026-07-27T00:02:20.093910+00:00,left,3,1.447524,session_20260726_234022,0.0,0,[],null,0.0
255,2026-07-27T00:02:20.198990+00:00,left,3,1.552598,session_20260726_234022,0.0,0,[],null,0.0
256,2026-07-27T00:02:20.302952+00:00,left,3,1.65656,session_20260726_234022,0.0,0,[],null,0.0
257,2026-07-27T00:02:20.406637+00:00,left,3,1.760252,session_20260726_234022,0.0,0,[],null,0.0
258,2026-07-27T00:02:20.511720+00:00,left,3,1.865333,session_20260726_234022,0.0,0,[],null,0.0
259,2026-07-27T00:02:20.614329+00:00,left,3,1.967943,session_20260726_234022,0.0,0,[],null,0.0
260,2026-07-27T00:02:26.134741+00:00,left,4,4.3e-05,session_20260726_234022,0.0,0,[],null,0.0
261,2026-07-27T00:02:26.239820+00:00,left,4,0.105135,session_20260726_234022,0.0,0,[],null,0.0
262,2026-07-27T00:02:26.344900+00:00,left,4,0.210195,session_20260726_234022,0.0,0,[],null,0.0
263,2026-07-27T00:02:26.446516+00:00,left,4,0.311814,session_20260726_234022,0.0,0,[],null,0.0
264,2026-07-27T00:02:26.547613+00:00,left,4,0.412909,session_20260726_234022,0.0,0,[],null,0.0
265,2026-07-27T00:02:26.648617+00:00,left,4,0.513913,session_20260726_234022,0.0,0,[],null,0.0
266,2026-07-27T00:02:26.753685+00:00,left,4,0.618985,session_20260726_234022,0.0,0,[],null,0.0
267,2026-07-27T00:02:26.855385+00:00,left,4,0.720685,session_20260726_234022,0.0,0,[],null,0.0
268,2026-07-27T00:02:26.959113+00:00,left,4,0.824413,session_20260726_234022,0.0,0,[],null,0.0
269,2026-07-27T00:02:27.064189+00:00,left,4,0.92949,session_20260726_234022,0.0,0,[],null,0.0
270,2026-07-27T00:02:27.166578+00:00,left,4,1.031865,session_20260726_234022,0.0,0,[],null,0.0
271,2026-07-27T00:02:27.271649+00:00,left,4,1.136946,session_20260726_234022,0.0,0,[],null,0.0
272,2026-07-27T00:02:27.376724+00:00,left,4,1.242025,session_20260726_234022,0.0,0,[],null,0.0
273,2026-07-27T00:02:27.480054+00:00,left,4,1.345361,session_20260726_234022,0.0,0,[],null,0.0
274,2026-07-27T00:02:27.580947+00:00,left,4,1.44625,session_20260726_234022,0.0,0,[],null,0.0
275,2026-07-27T00:02:27.686028+00:00,left,4,1.551331,session_20260726_234022,0.0,0,[],null,0.0
276,2026-07-27T00:02:27.788786+00:00,left,4,1.654092,session_20260726_234022,0.0,0,[],null,0.0
277,2026-07-27T00:02:27.891307+00:00,left,4,1.756612,session_20260726_234022,0.0,0,[],null,0.0
278,2026-07-27T00:02:27.996387+00:00,left,4,1.861689,session_20260726_234022,0.0,0,[],null,0.0
279,2026-07-27T00:02:28.097617+00:00,left,4,1.962927,session_20260726_234022,0.0,0,[],null,0.0
280,2026-07-27T00:02:36.128930+00:00,right,0,5.2e-05,session_20260726_234022,0.0,0,[],null,0.0
281,2026-07-27T00:02:36.234027+00:00,right,0,0.105149,session_20260726_234022,0.0,0,[],null,0.0
282,2026-07-27T00:02:36.339113+00:00,right,0,0.210229,session_20260726_234022,0.0,0,[],null,0.0
283,2026-07-27T00:02:36.441539+00:00,right,0,0.312654,session_20260726_234022,0.0,0,[],null,0.0
284,2026-07-27T00:02:36.544998+00:00,right,0,0.416123,session_20260726_234022,0.0,0,[],null,0.0
285,2026-07-27T00:02:36.647570+00:00,right,0,0.518694,session_20260726_234022,0.0,0,[],null,0.0
286,2026-07-27T00:02:36.752651+00:00,right,0,0.623764,session_20260726_234022,0.0,0,[],null,0.0
287,2026-07-27T00:02:36.855893+00:00,right,0,0.72701,session_20260726_234022,0.0,0,[],null,0.0
288,2026-07-27T00:02:36.960968+00:00,right,0,0.83208,session_20260726_234022,0.0,0,[],null,0.0
289,2026-07-27T00:02:37.066041+00:00,right,0,0.937152,session_20260726_234022,0.0,0,[],null,0.0
290,2026-07-27T00:02:37.167711+00:00,right,0,1.038823,session_20260726_234022,0.0,0,[],null,0.0
291,2026-07-27T00:02:37.272791+00:00,right,0,1.143912,session_20260726_234022,0.0,0,[],null,0.0
292,2026-07-27T00:02:37.377861+00:00,right,0,1.248969,session_20260726_234022,0.0,0,[],null,0.0
293,2026-07-27T00:02:37.480888+00:00,right,0,1.352003,session_20260726_234022,0.0,0,[],null,0.0
294,2026-07-27T00:02:37.584106+00:00,right,0,1.455218,session_20260726_234022,0.0,0,[],null,0.0
295,2026-07-27T00:02:37.688717+00:00,right,0,1.559828,session_20260726_234022,0.0,0,[],null,0.0
296,2026-07-27T00:02:37.793786+00:00,right,0,1.664899,session_20260726_234022,0.0,0,[],null,0.0
297,2026-07-27T00:02:37.897555+00:00,right,0,1.768669,session_20260726_234022,0.0,0,[],null,0.0
298,2026-07-27T00:02:38.002644+00:00,right,0,1.873762,session_20260726_234022,0.0,0,[],null,0.0
299,2026-07-27T00:02:38.105390+00:00,right,0,1.976506,session_20260726_234022,0.0,0,[],null,0.0
300,2026-07-27T00:02:43.077345+00:00,right,1,5e-05,session_20260726_234022,0.0,0,[],null,0.0
301,2026-07-27T00:02:43.181892+00:00,right,1,0.104599,session_20260726_234022,0.0,0,[],null,0.0
302,2026-07-27T00:02:43.286982+00:00,right,1,0.209681,session_20260726_234022,0.0,0,[],null,0.0
303,2026-07-27T00:02:43.392056+00:00,right,1,0.31475,session_20260726_234022,0.0,0,[],null,0.0
304,2026-07-27T00:02:43.497128+00:00,right,1,0.419824,session_20260726_234022,0.0,0,[],null,0.0
305,2026-07-27T00:02:43.602189+00:00,right,1,0.524879,session_20260726_234022,0.0,0,[],null,0.0
306,2026-07-27T00:02:43.707244+00:00,right,1,0.629931,session_20260726_234022,0.0,0,[],null,0.0
307,2026-07-27T00:02:43.812305+00:00,right,1,0.734999,session_20260726_234022,0.0,0,[],null,0.0
308,2026-07-27T00:02:43.914185+00:00,right,1,0.836879,session_20260726_234022,0.0,0,[],null,0.0
309,2026-07-27T00:02:44.019259+00:00,right,1,0.941957,session_20260726_234022,0.0,0,[],null,0.0
310,2026-07-27T00:02:44.123845+00:00,right,1,1.046538,session_20260726_234022,0.0,0,[],null,0.0
311,2026-07-27T00:02:44.228927+00:00,right,1,1.151624,session_20260726_234022,0.0,0,[],null,0.0
312,2026-07-27T00:02:44.330858+00:00,right,1,1.253557,session_20260726_234022,0.0,0,[],null,0.0
313,2026-07-27T00:02:44.435933+00:00,right,1,1.358625,session_20260726_234022,0.0,0,[],null,0.0
314,2026-07-27T00:02:44.538677+00:00,right,1,1.461368,session_20260726_234022,0.0,0,[],null,0.0
315,2026-07-27T00:02:44.643735+00:00,right,1,1.566421,session_20260726_234022,0.0,0,[],null,0.0
316,2026-07-27T00:02:44.747508+00:00,right,1,1.670197,session_20260726_234022,0.0,0,[],null,0.0
317,2026-07-27T00:02:44.852558+00:00,right,1,1.775243,session_20260726_234022,0.0,0,[],null,0.0
318,2026-07-27T00:02:44.957610+00:00,right,1,1.8803,session_20260726_234022,0.0,0,[],null,0.0
319,2026-07-27T00:02:45.062671+00:00,right,1,1.985367,session_20260726_234022,0.0,0,[],null,0.0
320,2026-07-27T00:02:52.496312+00:00,right,2,5e-05,session_20260726_234022,0.0,0,[],null,0.0
321,2026-07-27T00:02:52.601399+00:00,right,2,0.105132,session_20260726_234022,0.0,0,[],null,0.0
322,2026-07-27T00:02:52.705617+00:00,right,2,0.209354,session_20260726_234022,0.0,0,[],null,0.0
323,2026-07-27T00:02:52.810703+00:00,right,2,0.314435,session_20260726_234022,0.0,0,[],null,0.0
324,2026-07-27T00:02:52.915786+00:00,right,2,0.419522,session_20260726_234022,0.0,0,[],null,0.0
325,2026-07-27T00:02:53.019336+00:00,right,2,0.523079,session_20260726_234022,0.0,0,[],null,0.0
326,2026-07-27T00:02:53.121987+00:00,right,2,0.625722,session_20260726_234022,0.0,0,[],null,0.0
327,2026-07-27T00:02:53.227075+00:00,right,2,0.730814,session_20260726_234022,0.0,0,[],null,0.0
328,2026-07-27T00:02:53.329004+00:00,right,2,0.832725,session_20260726_234022,0.0,0,[],null,0.0
329,2026-07-27T00:02:53.434090+00:00,right,2,0.93783,session_20260726_234022,0.0,0,[],null,0.0
330,2026-07-27T00:02:53.538629+00:00,right,2,1.042348,session_20260726_234022,0.0,0,[],null,0.0
331,2026-07-27T00:02:53.643707+00:00,right,2,1.147439,session_20260726_234022,0.0,0,[],null,0.0
332,2026-07-27T00:02:53.748789+00:00,right,2,1.252521,session_20260726_234022,0.0,0,[],null,0.0
333,2026-07-27T00:02:53.853869+00:00,right,2,1.357603,session_20260726_234022,0.0,0,[],null,0.0
334,2026-07-27T00:02:53.955229+00:00,right,2,1.458964,session_20260726_234022,0.0,0,[],null,0.0
335,2026-07-27T00:02:54.058100+00:00,right,2,1.561841,session_20260726_234022,0.0,0,[],null,0.0
336,2026-07-27T00:02:54.163185+00:00,right,2,1.666924,session_20260726_234022,0.0,0,[],null,0.0
337,2026-07-27T00:02:54.267096+00:00,right,2,1.770824,session_20260726_234022,0.0,0,[],null,0.0
338,2026-07-27T00:02:54.369026+00:00,right,2,1.872759,session_20260726_234022,0.0,0,[],null,0.0
339,2026-07-27T00:02:54.474107+00:00,right,2,1.97784,session_20260726_234022,0.0,0,[],null,0.0
340,2026-07-27T00:03:04.844338+00:00,right,3,5e-05,session_20260726_234022,0.0,0,[],null,0.0
341,2026-07-27T00:03:04.949418+00:00,right,3,0.105123,session_20260726_234022,0.0,0,[],null,0.0
342,2026-07-27T00:03:05.050957+00:00,right,3,0.206674,session_20260726_234022,0.0,0,[],null,0.0
343,2026-07-27T00:03:05.154871+00:00,right,3,0.310581,session_20260726_234022,0.0,0,[],null,0.0
344,2026-07-27T00:03:05.258773+00:00,right,3,0.414483,session_20260726_234022,0.0,0,[],null,0.0
345,2026-07-27T00:03:05.363865+00:00,right,3,0.519585,session_20260726_234022,0.0,0,[],null,0.0
346,2026-07-27T00:03:05.465091+00:00,right,3,0.6208,session_20260726_234022,0.0,0,[],null,0.0
347,2026-07-27T00:03:05.570160+00:00,right,3,0.725861,session_20260726_234022,0.0,0,[],null,0.0
348,2026-07-27T00:03:05.671900+00:00,right,3,0.827607,session_20260726_234022,0.0,0,[],null,0.0
349,2026-07-27T00:03:05.776965+00:00,right,3,0.932663,session_20260726_234022,0.0,0,[],null,0.0
350,2026-07-27T00:03:05.879862+00:00,right,3,1.035572,session_20260726_234022,0.0,0,[],null,0.0
351,2026-07-27T00:03:05.980744+00:00,right,3,1.136458,session_20260726_234022,0.0,0,[],null,0.0
352,2026-07-27T00:03:06.085821+00:00,right,3,1.241528,session_20260726_234022,0.0,0,[],null,0.0
353,2026-07-27T00:03:06.190889+00:00,right,3,1.346592,session_20260726_234022,0.0,0,[],null,0.0
354,2026-07-27T00:03:06.295966+00:00,right,3,1.451675,session_20260726_234022,0.0,0,[],null,0.0
355,2026-07-27T00:03:06.401034+00:00,right,3,1.556735,session_20260726_234022,0.0,0,[],null,0.0
356,2026-07-27T00:03:06.506109+00:00,right,3,1.661819,session_20260726_234022,0.0,0,[],null,0.0
357,2026-07-27T00:03:06.611189+00:00,right,3,1.766896,session_20260726_234022,0.0,0,[],null,0.0
358,2026-07-27T00:03:06.716255+00:00,right,3,1.871954,session_20260726_234022,0.0,0,[],null,0.0
359,2026-07-27T00:03:06.821306+00:00,right,3,1.976999,session_20260726_234022,0.0,0,[],null,0.0
360,2026-07-27T00:03:13.020336+00:00,right,4,4.7e-05,session_20260726_234022,0.0,0,[],null,0.0
361,2026-07-27T00:03:13.125429+00:00,right,4,0.105147,session_20260726_234022,0.0,0,[],null,0.0
362,2026-07-27T00:03:13.230522+00:00,right,4,0.210229,session_20260726_234022,0.0,0,[],null,0.0
363,2026-07-27T00:03:13.330702+00:00,right,4,0.31041,session_20260726_234022,0.0,0,[],null,0.0
364,2026-07-27T00:03:13.435765+00:00,right,4,0.415462,session_20260726_234022,0.0,0,[],null,0.0
365,2026-07-27T00:03:13.540814+00:00,right,4,0.520511,session_20260726_234022,0.0,0,[],null,0.0
366,2026-07-27T00:03:13.645860+00:00,right,4,0.625551,session_20260726_234022,0.0,0,[],null,0.0
367,2026-07-27T00:03:13.750900+00:00,right,4,0.730594,session_20260726_234022,0.0,0,[],null,0.0
368,2026-07-27T00:03:13.855951+00:00,right,4,0.835643,session_20260726_234022,0.0,0,[],null,0.0
369,2026-07-27T00:03:13.960991+00:00,right,4,0.940684,session_20260726_234022,0.0,0,[],null,0.0
370,2026-07-27T00:03:14.066038+00:00,right,4,1.045733,session_20260726_234022,0.0,0,[],null,0.0
371,2026-07-27T00:03:14.171099+00:00,right,4,1.150807,session_20260726_234022,0.0,0,[],null,0.0
372,2026-07-27T00:03:14.271862+00:00,right,4,1.25157,session_20260726_234022,0.0,0,[],null,0.0
373,2026-07-27T00:03:14.376937+00:00,right,4,1.356647,session_20260726_234022,0.0,0,[],null,0.0
374,2026-07-27T00:03:14.479802+00:00,right,4,1.459505,session_20260726_234022,0.0,0,[],null,0.0
375,2026-07-27T00:03:14.580681+00:00,right,4,1.560382,session_20260726_234022,0.0,0,[],null,0.0
376,2026-07-27T00:03:14.681865+00:00,right,4,1.66158,session_20260726_234022,0.0,0,[],null,0.0
377,2026-07-27T00:03:14.786955+00:00,right,4,1.766666,session_20260726_234022,0.0,0,[],null,0.0
378,2026-07-27T00:03:14.892044+00:00,right,4,1.871757,session_20260726_234022,0.0,0,[],null,0.0
379,2026-07-27T00:03:14.996475+00:00,right,4,1.976184,session_20260726_234022,0.0,0,[],null,0.0
380,2026-07-27T03:02:13.168084+00:00,push,0,5.9e-05,session_20260727_030123,0.0,0,[],null,0.0
381,2026-07-27T03:02:13.273173+00:00,push,0,0.105132,session_20260727_030123,0.0,0,[],null,0.0
382,2026-07-27T03:02:13.373902+00:00,push,0,0.205871,session_20260727_030123,0.0,0,[],null,0.0
383,2026-07-27T03:02:13.478982+00:00,push,0,0.310948,session_20260727_030123,0.0,0,[],null,0.0
384,2026-07-27T03:02:13.583864+00:00,push,0,0.415829,session_20260727_030123,0.0,0,[],null,0.0
385,2026-07-27T03:02:13.687321+00:00,push,0,0.51928,session_20260727_030123,0.0,0,[],null,0.0
386,2026-07-27T03:02:13.788951+00:00,push,0,0.620909,session_20260727_030123,0.0,0,[],null,0.0
387,2026-07-27T03:02:13.890009+00:00,push,0,0.721975,session_20260727_030123,0.0,0,[],null,0.0
388,2026-07-27T03:02:13.990557+00:00,push,0,0.822516,session_20260727_030123,0.0,0,[],null,0.0
389,2026-07-27T03:02:14.095633+00:00,push,0,0.927596,session_20260727_030123,0.0,0,[],null,0.0
390,2026-07-27T03:02:14.200565+00:00,push,0,1.032509,session_20260727_030123,0.0,0,[],null,0.0
391,2026-07-27T03:02:14.305607+00:00,push,0,1.137555,session_20260727_030123,0.0,0,[],null,0.0
392,2026-07-27T03:02:14.410674+00:00,push,0,1.242632,session_20260727_030123,0.0,0,[],null,0.0
393,2026-07-27T03:02:14.515050+00:00,push,0,1.347012,session_20260727_030123,0.0,0,[],null,0.0
394,2026-07-27T03:02:14.620115+00:00,push,0,1.45207,session_20260727_030123,0.0,0,[],null,0.0
395,2026-07-27T03:02:14.725192+00:00,push,0,1.557155,session_20260727_030123,0.0,0,[],null,0.0
396,2026-07-27T03:02:14.830253+00:00,push,0,1.662205,session_20260727_030123,0.0,0,[],null,0.0
397,2026-07-27T03:02:14.932913+00:00,push,0,1.764864,session_20260727_030123,0.0,0,[],null,0.0
398,2026-07-27T03:02:15.033675+00:00,push,0,1.865626,session_20260727_030123,0.0,0,[],null,0.0
399,2026-07-27T03:02:25.186659+00:00,push,1,3.9e-05,session_20260727_030123,0.0,0,[],null,0.0
400,2026-07-27T03:02:25.290502+00:00,push,1,0.103897,session_20260727_030123,0.0,0,[],null,0.0
401,2026-07-27T03:02:25.395588+00:00,push,1,0.208975,session_20260727_030123,0.0,0,[],null,0.0
402,2026-07-27T03:02:25.498314+00:00,push,1,0.311696,session_20260727_030123,0.0,0,[],null,0.0
403,2026-07-27T03:02:25.600757+00:00,push,1,0.414135,session_20260727_030123,0.0,0,[],null,0.0
404,2026-07-27T03:02:25.705819+00:00,push,1,0.5192,session_20260727_030123,0.0,0,[],null,0.0
405,2026-07-27T03:02:25.810877+00:00,push,1,0.624253,session_20260727_030123,0.0,0,[],null,0.0
406,2026-07-27T03:02:25.915942+00:00,push,1,0.729319,session_20260727_030123,0.0,0,[],null,0.0
407,2026-07-27T03:02:26.021024+00:00,push,1,0.834424,session_20260727_030123,0.0,0,[],null,0.0
408,2026-07-27T03:02:26.123817+00:00,push,1,0.9372,session_20260727_030123,0.0,0,[],null,0.0
409,2026-07-27T03:02:26.225114+00:00,push,1,1.038492,session_20260727_030123,0.0,0,[],null,0.0
410,2026-07-27T03:02:26.330188+00:00,push,1,1.143569,session_20260727_030123,0.0,0,[],null,0.0
411,2026-07-27T03:02:26.431657+00:00,push,1,1.245051,session_20260727_030123,0.0,0,[],null,0.0
412,2026-07-27T03:02:26.536732+00:00,push,1,1.350113,session_20260727_030123,0.0,0,[],null,0.0
413,2026-07-27T03:02:26.641481+00:00,push,1,1.45486,session_20260727_030123,0.0,0,[],null,0.0
414,2026-07-27T03:02:26.746541+00:00,push,1,1.55992,session_20260727_030123,0.0,0,[],null,0.0
415,2026-07-27T03:02:26.848308+00:00,push,1,1.661688,session_20260727_030123,0.0,0,[],null,0.0
416,2026-07-27T03:02:26.953137+00:00,push,1,1.766518,session_20260727_030123,0.0,0,[],null,0.0
417,2026-07-27T03:02:27.054034+00:00,push,1,1.867412,session_20260727_030123,0.0,0,[],null,0.0
418,2026-07-27T03:02:30.244717+00:00,push,2,4.3e-05,session_20260727_030123,0.0,0,[],null,0.0
419,2026-07-27T03:02:30.348306+00:00,push,2,0.103643,session_20260727_030123,0.0,0,[],null,0.0
420,2026-07-27T03:02:30.450213+00:00,push,2,0.205541,session_20260727_030123,0.0,0,[],null,0.0
421,2026-07-27T03:02:30.550357+00:00,push,2,0.305677,session_20260727_030123,0.0,0,[],null,0.0
422,2026-07-27T03:02:30.655425+00:00,push,2,0.410757,session_20260727_030123,0.0,0,[],null,0.0
423,2026-07-27T03:02:30.757131+00:00,push,2,0.512462,session_20260727_030123,0.0,0,[],null,0.0
424,2026-07-27T03:02:30.857726+00:00,push,2,0.613057,session_20260727_030123,0.0,0,[],null,0.0
425,2026-07-27T03:02:30.958144+00:00,push,2,0.713472,session_20260727_030123,0.0,0,[],null,0.0
426,2026-07-27T03:02:31.062454+00:00,push,2,0.817787,session_20260727_030123,0.0,0,[],null,0.0
427,2026-07-27T03:02:31.164959+00:00,push,2,0.920284,session_20260727_030123,0.0,0,[],null,0.0
428,2026-07-27T03:02:31.270021+00:00,push,2,1.025333,session_20260727_030123,0.0,0,[],null,0.0
429,2026-07-27T03:02:31.375066+00:00,push,2,1.13038,session_20260727_030123,0.0,0,[],null,0.0
430,2026-07-27T03:02:31.480124+00:00,push,2,1.235447,session_20260727_030123,0.0,0,[],null,0.0
431,2026-07-27T03:02:31.585192+00:00,push,2,1.340525,session_20260727_030123,0.0,0,[],null,0.0
432,2026-07-27T03:02:31.690272+00:00,push,2,1.445598,session_20260727_030123,0.0,0,[],null,0.0
433,2026-07-27T03:02:31.791542+00:00,push,2,1.54687,session_20260727_030123,0.0,0,[],null,0.0
434,2026-07-27T03:02:31.894093+00:00,push,2,1.649415,session_20260727_030123,0.0,0,[],null,0.0
435,2026-07-27T03:02:31.999157+00:00,push,2,1.754492,session_20260727_030123,0.0,0,[],null,0.0
436,2026-07-27T03:02:32.103546+00:00,push,2,1.858861,session_20260727_030123,0.0,0,[],null,0.0
437,2026-07-27T03:02:36.050680+00:00,push,3,4.4e-05,session_20260727_030123,0.0,0,[],null,0.0
438,2026-07-27T03:02:36.155764+00:00,push,3,0.105133,session_20260727_030123,0.0,0,[],null,0.0
439,2026-07-27T03:02:36.257126+00:00,push,3,0.206491,session_20260727_030123,0.0,0,[],null,0.0
440,2026-07-27T03:02:36.362100+00:00,push,3,0.311459,session_20260727_030123,0.0,0,[],null,0.0
441,2026-07-27T03:02:36.465719+00:00,push,3,0.415095,session_20260727_030123,0.0,0,[],null,0.0
442,2026-07-27T03:02:36.570796+00:00,push,3,0.520152,session_20260727_030123,0.0,0,[],null,0.0
443,2026-07-27T03:02:36.675859+00:00,push,3,0.625218,session_20260727_030123,0.0,0,[],null,0.0
444,2026-07-27T03:02:36.780948+00:00,push,3,0.730305,session_20260727_030123,0.0,0,[],null,0.0
445,2026-07-27T03:02:36.884382+00:00,push,3,0.833739,session_20260727_030123,0.0,0,[],null,0.0
446,2026-07-27T03:02:36.989449+00:00,push,3,0.938805,session_20260727_030123,0.0,0,[],null,0.0
447,2026-07-27T03:02:37.094514+00:00,push,3,1.043864,session_20260727_030123,0.0,0,[],null,0.0
448,2026-07-27T03:02:37.198271+00:00,push,3,1.147628,session_20260727_030123,0.0,0,[],null,0.0
449,2026-07-27T03:02:37.303347+00:00,push,3,1.252709,session_20260727_030123,0.0,0,[],null,0.0
450,2026-07-27T03:02:37.408416+00:00,push,3,1.357775,session_20260727_030123,0.0,0,[],null,0.0
451,2026-07-27T03:02:37.513480+00:00,push,3,1.462837,session_20260727_030123,0.0,0,[],null,0.0
452,2026-07-27T03:02:37.618538+00:00,push,3,1.567895,session_20260727_030123,0.0,0,[],null,0.0
453,2026-07-27T03:02:37.719663+00:00,push,3,1.669039,session_20260727_030123,0.0,0,[],null,0.0
454,2026-07-27T03:02:37.823800+00:00,push,3,1.773156,session_20260727_030123,0.0,0,[],null,0.0
455,2026-07-27T03:02:37.924737+00:00,push,3,1.874081,session_20260727_030123,0.0,0,[],null,0.0
456,2026-07-27T03:02:41.314281+00:00,push,4,4.8e-05,session_20260727_030123,0.0,0,[],null,0.0
457,2026-07-27T03:02:41.414914+00:00,push,4,0.100686,session_20260727_030123,0.0,0,[],null,0.0
458,2026-07-27T03:02:41.519983+00:00,push,4,0.205739,session_20260727_030123,0.0,0,[],null,0.0
459,2026-07-27T03:02:41.624760+00:00,push,4,0.310523,session_20260727_030123,0.0,0,[],null,0.0
460,2026-07-27T03:02:41.729836+00:00,push,4,0.4156,session_20260727_030123,0.0,0,[],null,0.0
461,2026-07-27T03:02:41.834916+00:00,push,4,0.520687,session_20260727_030123,0.0,0,[],null,0.0
462,2026-07-27T03:02:41.940008+00:00,push,4,0.625774,session_20260727_030123,0.0,0,[],null,0.0
463,2026-07-27T03:02:42.040945+00:00,push,4,0.726716,session_20260727_030123,0.0,0,[],null,0.0
464,2026-07-27T03:02:42.146019+00:00,push,4,0.831776,session_20260727_030123,0.0,0,[],null,0.0
465,2026-07-27T03:02:42.251084+00:00,push,4,0.936847,session_20260727_030123,0.0,0,[],null,0.0
466,2026-07-27T03:02:42.354943+00:00,push,4,1.040694,session_20260727_030123,0.0,0,[],null,0.0
467,2026-07-27T03:02:42.456107+00:00,push,4,1.141866,session_20260727_030123,0.0,0,[],null,0.0
468,2026-07-27T03:02:42.561175+00:00,push,4,1.246934,session_20260727_030123,0.0,0,[],null,0.0
469,2026-07-27T03:02:42.666244+00:00,push,4,1.352007,session_20260727_030123,0.0,0,[],null,0.0
470,2026-07-27T03:02:42.771324+00:00,push,4,1.457089,session_20260727_030123,0.0,0,[],null,0.0
471,2026-07-27T03:02:42.876398+00:00,push,4,1.562155,session_20260727_030123,0.0,0,[],null,0.0
472,2026-07-27T03:02:42.981093+00:00,push,4,1.666856,session_20260727_030123,0.0,0,[],null,0.0
473,2026-07-27T03:02:43.081467+00:00,push,4,1.767234,session_20260727_030123,0.0,0,[],null,0.0
474,2026-07-27T03:02:43.181846+00:00,push,4,1.867597,session_20260727_030123,0.0,0,[],null,0.0
475,2026-07-27T03:02:47.678149+00:00,push,5,4.9e-05,session_20260727_030123,0.0,0,[],null,0.0
476,2026-07-27T03:02:47.782018+00:00,push,5,0.103921,session_20260727_030123,0.0,0,[],null,0.0
477,2026-07-27T03:02:47.887087+00:00,push,5,0.208977,session_20260727_030123,0.0,0,[],null,0.0
478,2026-07-27T03:02:47.990382+00:00,push,5,0.312275,session_20260727_030123,0.0,0,[],null,0.0
479,2026-07-27T03:02:48.091390+00:00,push,5,0.413288,session_20260727_030123,0.0,0,[],null,0.0
480,2026-07-27T03:02:48.193147+00:00,push,5,0.515046,session_20260727_030123,0.0,0,[],null,0.0
481,2026-07-27T03:02:48.298229+00:00,push,5,0.62013,session_20260727_030123,0.0,0,[],null,0.0
482,2026-07-27T03:02:48.403300+00:00,push,5,0.725194,session_20260727_030123,0.0,0,[],null,0.0
483,2026-07-27T03:02:48.506325+00:00,push,5,0.828219,session_20260727_030123,0.0,0,[],null,0.0
484,2026-07-27T03:02:48.607024+00:00,push,5,0.928915,session_20260727_030123,0.0,0,[],null,0.0
485,2026-07-27T03:02:48.708449+00:00,push,5,1.030339,session_20260727_030123,0.0,0,[],null,0.0
486,2026-07-27T03:02:48.813500+00:00,push,5,1.135378,session_20260727_030123,0.0,0,[],null,0.0
487,2026-07-27T03:02:48.918558+00:00,push,5,1.240453,session_20260727_030123,0.0,0,[],null,0.0
488,2026-07-27T03:02:49.022739+00:00,push,5,1.34464,session_20260727_030123,0.0,0,[],null,0.0
489,2026-07-27T03:02:49.127829+00:00,push,5,1.449731,session_20260727_030123,0.0,0,[],null,0.0
490,2026-07-27T03:02:49.232911+00:00,push,5,1.55481,session_20260727_030123,0.0,0,[],null,0.0
491,2026-07-27T03:02:49.334042+00:00,push,5,1.655938,session_20260727_030123,0.0,0,[],null,0.0
492,2026-07-27T03:02:49.439122+00:00,push,5,1.76102,session_20260727_030123,0.0,0,[],null,0.0
493,2026-07-27T03:02:49.540343+00:00,push,5,1.862229,session_20260727_030123,0.0,0,[],null,0.0
494,2026-07-27T03:02:53.283725+00:00,push,6,4.2e-05,session_20260727_030123,0.0,0,[],null,0.0
495,2026-07-27T03:02:53.384511+00:00,push,6,0.100833,session_20260727_030123,0.0,0,[],null,0.0
496,2026-07-27T03:02:53.486166+00:00,push,6,0.202485,session_20260727_030123,0.0,0,[],null,0.0
497,2026-07-27T03:02:53.589377+00:00,push,6,0.305695,session_20260727_030123,0.0,0,[],null,0.0
498,2026-07-27T03:02:53.691363+00:00,push,6,0.40768,session_20260727_030123,0.0,0,[],null,0.0
499,2026-07-27T03:02:53.796432+00:00,push,6,0.512744,session_20260727_030123,0.0,0,[],null,0.0
500,2026-07-27T03:02:53.901506+00:00,push,6,0.617826,session_20260727_030123,0.0,0,[],null,0.0
501,2026-07-27T03:02:54.006033+00:00,push,6,0.722344,session_20260727_030123,0.0,0,[],null,0.0
502,2026-07-27T03:02:54.109715+00:00,push,6,0.826016,session_20260727_030123,0.0,0,[],null,0.0
503,2026-07-27T03:02:54.214383+00:00,push,6,0.930718,session_20260727_030123,0.0,0,[],null,0.0
504,2026-07-27T03:02:54.315057+00:00,push,6,1.031359,session_20260727_030123,0.0,0,[],null,0.0
505,2026-07-27T03:02:54.420127+00:00,push,6,1.136442,session_20260727_030123,0.0,0,[],null,0.0
506,2026-07-27T03:02:54.525204+00:00,push,6,1.241526,session_20260727_030123,0.0,0,[],null,0.0
507,2026-07-27T03:02:54.630274+00:00,push,6,1.346586,session_20260727_030123,0.0,0,[],null,0.0
508,2026-07-27T03:02:54.735334+00:00,push,6,1.451649,session_20260727_030123,0.0,0,[],null,0.0
509,2026-07-27T03:02:54.840392+00:00,push,6,1.556701,session_20260727_030123,0.0,0,[],null,0.0
510,2026-07-27T03:02:54.945448+00:00,push,6,1.661757,session_20260727_030123,0.0,0,[],null,0.0
511,2026-07-27T03:02:55.048730+00:00,push,6,1.765053,session_20260727_030123,0.0,0,[],null,0.0
512,2026-07-27T03:02:55.150898+00:00,push,6,1.867202,session_20260727_030123,0.0,0,[],null,0.0
513,2026-07-27T03:03:02.206216+00:00,push,7,5e-05,session_20260727_030123,0.0,0,[],null,0.0
514,2026-07-27T03:03:02.311303+00:00,push,7,0.105138,session_20260727_030123,0.0,0,[],null,0.0
515,2026-07-27T03:03:02.414791+00:00,push,7,0.208621,session_20260727_030123,0.0,0,[],null,0.0
516,2026-07-27T03:03:02.519863+00:00,push,7,0.313686,session_20260727_030123,0.0,0,[],null,0.0
517,2026-07-27T03:03:02.623284+00:00,push,7,0.417102,session_20260727_030123,0.0,0,[],null,0.0
518,2026-07-27T03:03:02.726397+00:00,push,7,0.52023,session_20260727_030123,0.0,0,[],null,0.0
519,2026-07-27T03:03:02.831475+00:00,push,7,0.625299,session_20260727_030123,0.0,0,[],null,0.0
520,2026-07-27T03:03:02.936540+00:00,push,7,0.730359,session_20260727_030123,0.0,0,[],null,0.0
521,2026-07-27T03:03:03.041313+00:00,push,7,0.835145,session_20260727_030123,0.0,0,[],null,0.0
522,2026-07-27T03:03:03.146375+00:00,push,7,0.940193,session_20260727_030123,0.0,0,[],null,0.0
523,2026-07-27T03:03:03.248773+00:00,push,7,1.042587,session_20260727_030123,0.0,0,[],null,0.0
524,2026-07-27T03:03:03.352540+00:00,push,7,1.146355,session_20260727_030123,0.0,0,[],null,0.0
525,2026-07-27T03:03:03.457605+00:00,push,7,1.251432,session_20260727_030123,0.0,0,[],null,0.0
526,2026-07-27T03:03:03.562666+00:00,push,7,1.356487,session_20260727_030123,0.0,0,[],null,0.0
527,2026-07-27T03:03:03.667741+00:00,push,7,1.461576,session_20260727_030123,0.0,0,[],null,0.0
528,2026-07-27T03:03:03.772663+00:00,push,7,1.566493,session_20260727_030123,0.0,0,[],null,0.0
529,2026-07-27T03:03:03.877731+00:00,push,7,1.67155,session_20260727_030123,0.0,0,[],null,0.0
530,2026-07-27T03:03:03.982802+00:00,push,7,1.776634,session_20260727_030123,0.0,0,[],null,0.0
531,2026-07-27T03:03:04.083716+00:00,push,7,1.877535,session_20260727_030123,0.0,0,[],null,0.0
532,2026-07-27T03:03:07.171975+00:00,push,8,4.1e-05,session_20260727_030123,0.0,0,[],null,0.0
533,2026-07-27T03:03:07.277043+00:00,push,8,0.105105,session_20260727_030123,0.0,0,[],null,0.0
534,2026-07-27T03:03:07.381431+00:00,push,8,0.209507,session_20260727_030123,0.0,0,[],null,0.0
535,2026-07-27T03:03:07.484199+00:00,push,8,0.312272,session_20260727_030123,0.0,0,[],null,0.0
536,2026-07-27T03:03:07.589273+00:00,push,8,0.417344,session_20260727_030123,0.0,0,[],null,0.0
537,2026-07-27T03:03:07.690894+00:00,push,8,0.518969,session_20260727_030123,0.0,0,[],null,0.0
538,2026-07-27T03:03:07.795979+00:00,push,8,0.624054,session_20260727_030123,0.0,0,[],null,0.0
539,2026-07-27T03:03:07.898095+00:00,push,8,0.726165,session_20260727_030123,0.0,0,[],null,0.0
540,2026-07-27T03:03:08.003171+00:00,push,8,0.831242,session_20260727_030123,0.0,0,[],null,0.0
541,2026-07-27T03:03:08.108245+00:00,push,8,0.936318,session_20260727_030123,0.0,0,[],null,0.0
542,2026-07-27T03:03:08.210017+00:00,push,8,1.038066,session_20260727_030123,0.0,0,[],null,0.0
543,2026-07-27T03:03:08.315076+00:00,push,8,1.143145,session_20260727_030123,0.0,0,[],null,0.0
544,2026-07-27T03:03:08.420159+00:00,push,8,1.248231,session_20260727_030123,0.0,0,[],null,0.0
545,2026-07-27T03:03:08.522635+00:00,push,8,1.350704,session_20260727_030123,0.0,0,[],null,0.0
546,2026-07-27T03:03:08.623669+00:00,push,8,1.451743,session_20260727_030123,0.0,0,[],null,0.0
547,2026-07-27T03:03:08.725280+00:00,push,8,1.553342,session_20260727_030123,0.0,0,[],null,0.0
548,2026-07-27T03:03:08.830345+00:00,push,8,1.658407,session_20260727_030123,0.0,0,[],null,0.0
549,2026-07-27T03:03:08.931451+00:00,push,8,1.759521,session_20260727_030123,0.0,0,[],null,0.0
550,2026-07-27T03:03:09.031910+00:00,push,8,1.859968,session_20260727_030123,0.0,0,[],null,0.0
551,2026-07-27T03:03:12.377574+00:00,push,9,4.3e-05,session_20260727_030123,0.0,0,[],null,0.0
552,2026-07-27T03:03:12.482709+00:00,push,9,0.105192,session_20260727_030123,0.0,0,[],null,0.0
553,2026-07-27T03:03:12.582821+00:00,push,9,0.205292,session_20260727_030123,0.0,0,[],null,0.0
554,2026-07-27T03:03:12.685078+00:00,push,9,0.307532,session_20260727_030123,0.0,0,[],null,0.0
555,2026-07-27T03:03:12.790133+00:00,push,9,0.412605,session_20260727_030123,0.0,0,[],null,0.0
556,2026-07-27T03:03:12.895206+00:00,push,9,0.517671,session_20260727_030123,0.0,0,[],null,0.0
557,2026-07-27T03:03:13.000259+00:00,push,9,0.622722,session_20260727_030123,0.0,0,[],null,0.0
558,2026-07-27T03:03:13.105312+00:00,push,9,0.727776,session_20260727_030123,0.0,0,[],null,0.0
559,2026-07-27T03:03:13.210363+00:00,push,9,0.832832,session_20260727_030123,0.0,0,[],null,0.0
560,2026-07-27T03:03:13.315428+00:00,push,9,0.937891,session_20260727_030123,0.0,0,[],null,0.0
561,2026-07-27T03:03:13.419118+00:00,push,9,1.041573,session_20260727_030123,0.0,0,[],null,0.0
562,2026-07-27T03:03:13.522609+00:00,push,9,1.145078,session_20260727_030123,0.0,0,[],null,0.0
563,2026-07-27T03:03:13.623564+00:00,push,9,1.246034,session_20260727_030123,0.0,0,[],null,0.0
564,2026-07-27T03:03:13.728630+00:00,push,9,1.351095,session_20260727_030123,0.0,0,[],null,0.0
565,2026-07-27T03:03:13.833684+00:00,push,9,1.456143,session_20260727_030123,0.0,0,[],null,0.0
566,2026-07-27T03:03:13.938733+00:00,push,9,1.561194,session_20260727_030123,0.0,0,[],null,0.0
567,2026-07-27T03:03:14.043795+00:00,push,9,1.666264,session_20260727_030123,0.0,0,[],null,0.0
568,2026-07-27T03:03:14.148862+00:00,push,9,1.771328,session_20260727_030123,0.0,0,[],null,0.0
569,2026-07-27T03:03:14.250945+00:00,push,9,1.873399,session_20260727_030123,0.0,0,[],null,0.0
570,2026-07-27T03:03:19.307934+00:00,pull,0,4.1e-05,session_20260727_030123,0.0,0,[],null,0.0
571,2026-07-27T03:03:19.413012+00:00,pull,0,0.10513,session_20260727_030123,0.0,0,[],null,0.0
572,2026-07-27T03:03:19.516450+00:00,pull,0,0.208557,session_20260727_030123,0.0,0,[],null,0.0
573,2026-07-27T03:03:19.621516+00:00,pull,0,0.313624,session_20260727_030123,0.0,0,[],null,0.0
574,2026-07-27T03:03:19.726586+00:00,pull,0,0.418695,session_20260727_030123,0.0,0,[],null,0.0
575,2026-07-27T03:03:19.831660+00:00,pull,0,0.52377,session_20260727_030123,0.0,0,[],null,0.0
576,2026-07-27T03:03:19.936741+00:00,pull,0,0.628855,session_20260727_030123,0.0,0,[],null,0.0
577,2026-07-27T03:03:20.040201+00:00,pull,0,0.732316,session_20260727_030123,0.0,0,[],null,0.0
578,2026-07-27T03:03:20.145278+00:00,pull,0,0.837386,session_20260727_030123,0.0,0,[],null,0.0
579,2026-07-27T03:03:20.250341+00:00,pull,0,0.942445,session_20260727_030123,0.0,0,[],null,0.0
580,2026-07-27T03:03:20.351529+00:00,pull,0,1.043628,session_20260727_030123,0.0,0,[],null,0.0
581,2026-07-27T03:03:20.456598+00:00,pull,0,1.148704,session_20260727_030123,0.0,0,[],null,0.0
582,2026-07-27T03:03:20.556854+00:00,pull,0,1.24896,session_20260727_030123,0.0,0,[],null,0.0
583,2026-07-27T03:03:20.661929+00:00,pull,0,1.354032,session_20260727_030123,0.0,0,[],null,0.0
584,2026-07-27T03:03:20.766992+00:00,pull,0,1.459093,session_20260727_030123,0.0,0,[],null,0.0
585,2026-07-27T03:03:20.872060+00:00,pull,0,1.564165,session_20260727_030123,0.0,0,[],null,0.0
586,2026-07-27T03:03:20.977124+00:00,pull,0,1.669227,session_20260727_030123,0.0,0,[],null,0.0
587,2026-07-27T03:03:21.080892+00:00,pull,0,1.772992,session_20260727_030123,0.0,0,[],null,0.0
588,2026-07-27T03:03:21.182350+00:00,pull,0,1.874446,session_20260727_030123,0.0,0,[],null,0.0
589,2026-07-27T03:03:25.269157+00:00,pull,1,3.8e-05,session_20260727_030123,0.0,0,[],null,0.0
590,2026-07-27T03:03:25.374233+00:00,pull,1,0.105123,session_20260727_030123,0.0,0,[],null,0.0
591,2026-07-27T03:03:25.476447+00:00,pull,1,0.207326,session_20260727_030123,0.0,0,[],null,0.0
592,2026-07-27T03:03:25.581484+00:00,pull,1,0.312371,session_20260727_030123,0.0,0,[],null,0.0
593,2026-07-27T03:03:25.686560+00:00,pull,1,0.417446,session_20260727_030123,0.0,0,[],null,0.0
594,2026-07-27T03:03:25.790173+00:00,pull,1,0.521065,session_20260727_030123,0.0,0,[],null,0.0
595,2026-07-27T03:03:25.895243+00:00,pull,1,0.626119,session_20260727_030123,0.0,0,[],null,0.0
596,2026-07-27T03:03:26.000310+00:00,pull,1,0.731196,session_20260727_030123,0.0,0,[],null,0.0
597,2026-07-27T03:03:26.105270+00:00,pull,1,0.836157,session_20260727_030123,0.0,0,[],null,0.0
598,2026-07-27T03:03:26.210338+00:00,pull,1,0.941215,session_20260727_030123,0.0,0,[],null,0.0
599,2026-07-27T03:03:26.315393+00:00,pull,1,1.046266,session_20260727_030123,0.0,0,[],null,0.0
600,2026-07-27T03:03:26.420469+00:00,pull,1,1.151349,session_20260727_030123,0.0,0,[],null,0.0
601,2026-07-27T03:03:26.523501+00:00,pull,1,1.254388,session_20260727_030123,0.0,0,[],null,0.0
602,2026-07-27T03:03:26.628575+00:00,pull,1,1.359457,session_20260727_030123,0.0,0,[],null,0.0
603,2026-07-27T03:03:26.733649+00:00,pull,1,1.464537,session_20260727_030123,0.0,0,[],null,0.0
604,2026-07-27T03:03:26.837744+00:00,pull,1,1.568623,session_20260727_030123,0.0,0,[],null,0.0
605,2026-07-27T03:03:26.940230+00:00,pull,1,1.671119,session_20260727_030123,0.0,0,[],null,0.0
606,2026-07-27T03:03:27.045309+00:00,pull,1,1.776195,session_20260727_030123,0.0,0,[],null,0.0
607,2026-07-27T03:03:27.146547+00:00,pull,1,1.877423,session_20260727_030123,0.0,0,[],null,0.0
608,2026-07-27T03:03:31.321274+00:00,pull,2,2.7e-05,session_20260727_030123,0.0,0,[],null,0.0
609,2026-07-27T03:03:31.426342+00:00,pull,2,0.105107,session_20260727_030123,0.0,0,[],null,0.0
610,2026-07-27T03:03:31.531421+00:00,pull,2,0.210187,session_20260727_030123,0.0,0,[],null,0.0
611,2026-07-27T03:03:31.636496+00:00,pull,2,0.315256,session_20260727_030123,0.0,0,[],null,0.0
612,2026-07-27T03:03:31.741573+00:00,pull,2,0.420344,session_20260727_030123,0.0,0,[],null,0.0
613,2026-07-27T03:03:31.846642+00:00,pull,2,0.525402,session_20260727_030123,0.0,0,[],null,0.0
614,2026-07-27T03:03:31.950761+00:00,pull,2,0.629519,session_20260727_030123,0.0,0,[],null,0.0
615,2026-07-27T03:03:32.050950+00:00,pull,2,0.729718,session_20260727_030123,0.0,0,[],null,0.0
616,2026-07-27T03:03:32.154471+00:00,pull,2,0.833239,session_20260727_030123,0.0,0,[],null,0.0
617,2026-07-27T03:03:32.256478+00:00,pull,2,0.935241,session_20260727_030123,0.0,0,[],null,0.0
618,2026-07-27T03:03:32.361549+00:00,pull,2,1.040304,session_20260727_030123,0.0,0,[],null,0.0
619,2026-07-27T03:03:32.464609+00:00,pull,2,1.143352,session_20260727_030123,0.0,0,[],null,0.0
620,2026-07-27T03:03:32.569660+00:00,pull,2,1.248424,session_20260727_030123,0.0,0,[],null,0.0
621,2026-07-27T03:03:32.674726+00:00,pull,2,1.353486,session_20260727_030123,0.0,0,[],null,0.0
622,2026-07-27T03:03:32.779782+00:00,pull,2,1.458537,session_20260727_030123,0.0,0,[],null,0.0
623,2026-07-27T03:03:32.884830+00:00,pull,2,1.563583,session_20260727_030123,0.0,0,[],null,0.0
624,2026-07-27T03:03:32.989188+00:00,pull,2,1.667959,session_20260727_030123,0.0,0,[],null,0.0
625,2026-07-27T03:03:33.091176+00:00,pull,2,1.769947,session_20260727_030123,0.0,0,[],null,0.0
626,2026-07-27T03:03:33.194061+00:00,pull,2,1.872816,session_20260727_030123,0.0,0,[],null,0.0
627,2026-07-27T03:03:36.617349+00:00,pull,3,4.2e-05,session_20260727_030123,0.0,0,[],null,0.0
628,2026-07-27T03:03:36.721552+00:00,pull,3,0.104247,session_20260727_030123,0.0,0,[],null,0.0
629,2026-07-27T03:03:36.823478+00:00,pull,3,0.206181,session_20260727_030123,0.0,0,[],null,0.0
630,2026-07-27T03:03:36.928558+00:00,pull,3,0.311251,session_20260727_030123,0.0,0,[],null,0.0
631,2026-07-27T03:03:37.033635+00:00,pull,3,0.416333,session_20260727_030123,0.0,0,[],null,0.0
632,2026-07-27T03:03:37.137817+00:00,pull,3,0.520516,session_20260727_030123,0.0,0,[],null,0.0
633,2026-07-27T03:03:37.240103+00:00,pull,3,0.622796,session_20260727_030123,0.0,0,[],null,0.0
634,2026-07-27T03:03:37.343167+00:00,pull,3,0.725854,session_20260727_030123,0.0,0,[],null,0.0
635,2026-07-27T03:03:37.447939+00:00,pull,3,0.83064,session_20260727_030123,0.0,0,[],null,0.0
636,2026-07-27T03:03:37.549426+00:00,pull,3,0.932124,session_20260727_030123,0.0,0,[],null,0.0
637,2026-07-27T03:03:37.651873+00:00,pull,3,1.034558,session_20260727_030123,0.0,0,[],null,0.0
638,2026-07-27T03:03:37.756966+00:00,pull,3,1.139662,session_20260727_030123,0.0,0,[],null,0.0
639,2026-07-27T03:03:37.862042+00:00,pull,3,1.244737,session_20260727_030123,0.0,0,[],null,0.0
640,2026-07-27T03:03:37.967115+00:00,pull,3,1.349812,session_20260727_030123,0.0,0,[],null,0.0
641,2026-07-27T03:03:38.072196+00:00,pull,3,1.454904,session_20260727_030123,0.0,0,[],null,0.0
642,2026-07-27T03:03:38.177289+00:00,pull,3,1.559985,session_20260727_030123,0.0,0,[],null,0.0
643,2026-07-27T03:03:38.281258+00:00,pull,3,1.663942,session_20260727_030123,0.0,0,[],null,0.0
644,2026-07-27T03:03:38.383535+00:00,pull,3,1.766244,session_20260727_030123,0.0,0,[],null,0.0
645,2026-07-27T03:03:38.484527+00:00,pull,3,1.867206,session_20260727_030123,0.0,0,[],null,0.0
646,2026-07-27T03:03:42.033925+00:00,pull,4,4.5e-05,session_20260727_030123,0.0,0,[],null,0.0
647,2026-07-27T03:03:42.139008+00:00,pull,4,0.105141,session_20260727_030123,0.0,0,[],null,0.0
648,2026-07-27T03:03:42.240087+00:00,pull,4,0.206207,session_20260727_030123,0.0,0,[],null,0.0
649,2026-07-27T03:03:42.345150+00:00,pull,4,0.311261,session_20260727_030123,0.0,0,[],null,0.0
650,2026-07-27T03:03:42.450209+00:00,pull,4,0.416323,session_20260727_030123,0.0,0,[],null,0.0
651,2026-07-27T03:03:42.550525+00:00,pull,4,0.516641,session_20260727_030123,0.0,0,[],null,0.0
652,2026-07-27T03:03:42.655580+00:00,pull,4,0.621688,session_20260727_030123,0.0,0,[],null,0.0
653,2026-07-27T03:03:42.755812+00:00,pull,4,0.721932,session_20260727_030123,0.0,0,[],null,0.0
654,2026-07-27T03:03:42.860876+00:00,pull,4,0.826987,session_20260727_030123,0.0,0,[],null,0.0
655,2026-07-27T03:03:42.965926+00:00,pull,4,0.932037,session_20260727_030123,0.0,0,[],null,0.0
656,2026-07-27T03:03:43.066101+00:00,pull,4,1.032204,session_20260727_030123,0.0,0,[],null,0.0
657,2026-07-27T03:03:43.171172+00:00,pull,4,1.13729,session_20260727_030123,0.0,0,[],null,0.0
658,2026-07-27T03:03:43.276248+00:00,pull,4,1.242363,session_20260727_030123,0.0,0,[],null,0.0
659,2026-07-27T03:03:43.381310+00:00,pull,4,1.347422,session_20260727_030123,0.0,0,[],null,0.0
660,2026-07-27T03:03:43.483768+00:00,pull,4,1.449882,session_20260727_030123,0.0,0,[],null,0.0
661,2026-07-27T03:03:43.583921+00:00,pull,4,1.550037,session_20260727_030123,0.0,0,[],null,0.0
662,2026-07-27T03:03:43.688757+00:00,pull,4,1.654875,session_20260727_030123,0.0,0,[],null,0.0
663,2026-07-27T03:03:43.793816+00:00,pull,4,1.759928,session_20260727_030123,0.0,0,[],null,0.0
664,2026-07-27T03:03:43.894497+00:00,pull,4,1.860593,session_20260727_030123,0.0,0,[],null,0.0
665,2026-07-27T03:03:47.505267+00:00,pull,5,4.8e-05,session_20260727_030123,0.0,0,[],null,0.0
666,2026-07-27T03:03:47.606742+00:00,pull,5,0.101526,session_20260727_030123,0.0,0,[],null,0.0
667,2026-07-27T03:03:47.711828+00:00,pull,5,0.206608,session_20260727_030123,0.0,0,[],null,0.0
668,2026-07-27T03:03:47.816909+00:00,pull,5,0.31169,session_20260727_030123,0.0,0,[],null,0.0
669,2026-07-27T03:03:47.917327+00:00,pull,5,0.412103,session_20260727_030123,0.0,0,[],null,0.0
670,2026-07-27T03:03:48.020940+00:00,pull,5,0.515722,session_20260727_030123,0.0,0,[],null,0.0
671,2026-07-27T03:03:48.122451+00:00,pull,5,0.617232,session_20260727_030123,0.0,0,[],null,0.0
672,2026-07-27T03:03:48.224601+00:00,pull,5,0.719381,session_20260727_030123,0.0,0,[],null,0.0
673,2026-07-27T03:03:48.329671+00:00,pull,5,0.824441,session_20260727_030123,0.0,0,[],null,0.0
674,2026-07-27T03:03:48.431156+00:00,pull,5,0.92594,session_20260727_030123,0.0,0,[],null,0.0
675,2026-07-27T03:03:48.531289+00:00,pull,5,1.026063,session_20260727_030123,0.0,0,[],null,0.0
676,2026-07-27T03:03:48.636347+00:00,pull,5,1.131108,session_20260727_030123,0.0,0,[],null,0.0
677,2026-07-27T03:03:48.741401+00:00,pull,5,1.236176,session_20260727_030123,0.0,0,[],null,0.0
678,2026-07-27T03:03:48.846475+00:00,pull,5,1.341249,session_20260727_030123,0.0,0,[],null,0.0
679,2026-07-27T03:03:48.951544+00:00,pull,5,1.446321,session_20260727_030123,0.0,0,[],null,0.0
680,2026-07-27T03:03:49.056636+00:00,pull,5,1.551416,session_20260727_030123,0.0,0,[],null,0.0
681,2026-07-27T03:03:49.157733+00:00,pull,5,1.652509,session_20260727_030123,0.0,0,[],null,0.0
682,2026-07-27T03:03:49.262796+00:00,pull,5,1.75757,session_20260727_030123,0.0,0,[],null,0.0
683,2026-07-27T03:03:49.363360+00:00,pull,5,1.858117,session_20260727_030123,0.0,0,[],null,0.0
684,2026-07-27T03:03:52.286101+00:00,pull,6,4.1e-05,session_20260727_030123,0.0,0,[],null,0.0
685,2026-07-27T03:03:52.389091+00:00,pull,6,0.103041,session_20260727_030123,0.0,0,[],null,0.0
686,2026-07-27T03:03:52.492672+00:00,pull,6,0.206618,session_20260727_030123,0.0,0,[],null,0.0
687,2026-07-27T03:03:52.597747+00:00,pull,6,0.311691,session_20260727_030123,0.0,0,[],null,0.0
688,2026-07-27T03:03:52.697853+00:00,pull,6,0.4118,session_20260727_030123,0.0,0,[],null,0.0
689,2026-07-27T03:03:52.802925+00:00,pull,6,0.516867,session_20260727_030123,0.0,0,[],null,0.0
690,2026-07-27T03:03:52.907698+00:00,pull,6,0.621643,session_20260727_030123,0.0,0,[],null,0.0
691,2026-07-27T03:03:53.012772+00:00,pull,6,0.726716,session_20260727_030123,0.0,0,[],null,0.0
692,2026-07-27T03:03:53.117849+00:00,pull,6,0.831795,session_20260727_030123,0.0,0,[],null,0.0
693,2026-07-27T03:03:53.222918+00:00,pull,6,0.936856,session_20260727_030123,0.0,0,[],null,0.0
694,2026-07-27T03:03:53.323282+00:00,pull,6,1.037215,session_20260727_030123,0.0,0,[],null,0.0
695,2026-07-27T03:03:53.423348+00:00,pull,6,1.137292,session_20260727_030123,0.0,0,[],null,0.0
696,2026-07-27T03:03:53.528426+00:00,pull,6,1.242374,session_20260727_030123,0.0,0,[],null,0.0
697,2026-07-27T03:03:53.633490+00:00,pull,6,1.347427,session_20260727_030123,0.0,0,[],null,0.0
698,2026-07-27T03:03:53.733672+00:00,pull,6,1.447608,session_20260727_030123,0.0,0,[],null,0.0
699,2026-07-27T03:03:53.838726+00:00,pull,6,1.552658,session_20260727_030123,0.0,0,[],null,0.0
700,2026-07-27T03:03:53.941016+00:00,pull,6,1.654963,session_20260727_030123,0.0,0,[],null,0.0
701,2026-07-27T03:03:54.046095+00:00,pull,6,1.760035,session_20260727_030123,0.0,0,[],null,0.0
702,2026-07-27T03:03:54.147284+00:00,pull,6,1.861216,session_20260727_030123,0.0,0,[],null,0.0
703,2026-07-27T03:03:56.732573+00:00,pull,7,7e-05,session_20260727_030123,0.0,0,[],null,0.0
704,2026-07-27T03:03:56.837668+00:00,pull,7,0.105159,session_20260727_030123,0.0,0,[],null,0.0
705,2026-07-27T03:03:56.940008+00:00,pull,7,0.2075,session_20260727_030123,0.0,0,[],null,0.0
706,2026-07-27T03:03:57.041002+00:00,pull,7,0.308488,session_20260727_030123,0.0,0,[],null,0.0
707,2026-07-27T03:03:57.146064+00:00,pull,7,0.413541,session_20260727_030123,0.0,0,[],null,0.0
708,2026-07-27T03:03:57.247326+00:00,pull,7,0.514802,session_20260727_030123,0.0,0,[],null,0.0
709,2026-07-27T03:03:57.352384+00:00,pull,7,0.619866,session_20260727_030123,0.0,0,[],null,0.0
710,2026-07-27T03:03:57.455713+00:00,pull,7,0.723195,session_20260727_030123,0.0,0,[],null,0.0
711,2026-07-27T03:03:57.558784+00:00,pull,7,0.826266,session_20260727_030123,0.0,0,[],null,0.0
712,2026-07-27T03:03:57.663861+00:00,pull,7,0.931343,session_20260727_030123,0.0,0,[],null,0.0
713,2026-07-27T03:03:57.764567+00:00,pull,7,1.032041,session_20260727_030123,0.0,0,[],null,0.0
714,2026-07-27T03:03:57.869610+00:00,pull,7,1.137075,session_20260727_030123,0.0,0,[],null,0.0
715,2026-07-27T03:03:57.974659+00:00,pull,7,1.242144,session_20260727_030123,0.0,0,[],null,0.0
716,2026-07-27T03:03:58.079740+00:00,pull,7,1.347232,session_20260727_030123,0.0,0,[],null,0.0
717,2026-07-27T03:03:58.184678+00:00,pull,7,1.452161,session_20260727_030123,0.0,0,[],null,0.0
718,2026-07-27T03:03:58.289749+00:00,pull,7,1.557227,session_20260727_030123,0.0,0,[],null,0.0
719,2026-07-27T03:03:58.389976+00:00,pull,7,1.657452,session_20260727_030123,0.0,0,[],null,0.0
720,2026-07-27T03:03:58.495040+00:00,pull,7,1.762526,session_20260727_030123,0.0,0,[],null,0.0
721,2026-07-27T03:03:58.596086+00:00,pull,7,1.863559,session_20260727_030123,0.0,0,[],null,0.0
722,2026-07-27T03:04:01.626148+00:00,pull,8,4.9e-05,session_20260727_030123,0.0,0,[],null,0.0
723,2026-07-27T03:04:01.731241+00:00,pull,8,0.105146,session_20260727_030123,0.0,0,[],null,0.0
724,2026-07-27T03:04:01.836315+00:00,pull,8,0.210206,session_20260727_030123,0.0,0,[],null,0.0
725,2026-07-27T03:04:01.939966+00:00,pull,8,0.313853,session_20260727_030123,0.0,0,[],null,0.0
726,2026-07-27T03:04:02.040978+00:00,pull,8,0.414868,session_20260727_030123,0.0,0,[],null,0.0
727,2026-07-27T03:04:02.145424+00:00,pull,8,0.519313,session_20260727_030123,0.0,0,[],null,0.0
728,2026-07-27T03:04:02.250483+00:00,pull,8,0.624373,session_20260727_030123,0.0,0,[],null,0.0
729,2026-07-27T03:04:02.355550+00:00,pull,8,0.729444,session_20260727_030123,0.0,0,[],null,0.0
730,2026-07-27T03:04:02.456649+00:00,pull,8,0.830545,session_20260727_030123,0.0,0,[],null,0.0
731,2026-07-27T03:04:02.561726+00:00,pull,8,0.935626,session_20260727_030123,0.0,0,[],null,0.0
732,2026-07-27T03:04:02.666794+00:00,pull,8,1.040674,session_20260727_030123,0.0,0,[],null,0.0
733,2026-07-27T03:04:02.771855+00:00,pull,8,1.145748,session_20260727_030123,0.0,0,[],null,0.0
734,2026-07-27T03:04:02.873310+00:00,pull,8,1.247216,session_20260727_030123,0.0,0,[],null,0.0
735,2026-07-27T03:04:02.978389+00:00,pull,8,1.352284,session_20260727_030123,0.0,0,[],null,0.0
736,2026-07-27T03:04:03.083472+00:00,pull,8,1.457372,session_20260727_030123,0.0,0,[],null,0.0
737,2026-07-27T03:04:03.188560+00:00,pull,8,1.562465,session_20260727_030123,0.0,0,[],null,0.0
738,2026-07-27T03:04:03.288906+00:00,pull,8,1.662809,session_20260727_030123,0.0,0,[],null,0.0
739,2026-07-27T03:04:03.393106+00:00,pull,8,1.767003,session_20260727_030123,0.0,0,[],null,0.0
740,2026-07-27T03:04:03.494821+00:00,pull,8,1.868706,session_20260727_030123,0.0,0,[],null,0.0
741,2026-07-27T03:04:06.353419+00:00,pull,9,5e-05,session_20260727_030123,0.0,0,[],null,0.0
742,2026-07-27T03:04:06.456634+00:00,pull,9,0.103252,session_20260727_030123,0.0,0,[],null,0.0
743,2026-07-27T03:04:06.561703+00:00,pull,9,0.208332,session_20260727_030123,0.0,0,[],null,0.0
744,2026-07-27T03:04:06.666780+00:00,pull,9,0.313406,session_20260727_030123,0.0,0,[],null,0.0
745,2026-07-27T03:04:06.771508+00:00,pull,9,0.418136,session_20260727_030123,0.0,0,[],null,0.0
746,2026-07-27T03:04:06.873209+00:00,pull,9,0.519831,session_20260727_030123,0.0,0,[],null,0.0
747,2026-07-27T03:04:06.976215+00:00,pull,9,0.622841,session_20260727_030123,0.0,0,[],null,0.0
748,2026-07-27T03:04:07.079478+00:00,pull,9,0.726107,session_20260727_030123,0.0,0,[],null,0.0
749,2026-07-27T03:04:07.184554+00:00,pull,9,0.831178,session_20260727_030123,0.0,0,[],null,0.0
750,2026-07-27T03:04:07.289581+00:00,pull,9,0.936209,session_20260727_030123,0.0,0,[],null,0.0
751,2026-07-27T03:04:07.394061+00:00,pull,9,1.040676,session_20260727_030123,0.0,0,[],null,0.0
752,2026-07-27T03:04:07.498539+00:00,pull,9,1.145155,session_20260727_030123,0.0,0,[],null,0.0
753,2026-07-27T03:04:07.601457+00:00,pull,9,1.248085,session_20260727_030123,0.0,0,[],null,0.0
754,2026-07-27T03:04:07.702882+00:00,pull,9,1.349502,session_20260727_030123,0.0,0,[],null,0.0
755,2026-07-27T03:04:07.806713+00:00,pull,9,1.453344,session_20260727_030123,0.0,0,[],null,0.0
756,2026-07-27T03:04:07.907086+00:00,pull,9,1.553703,session_20260727_030123,0.0,0,[],null,0.0
757,2026-07-27T03:04:08.008473+00:00,pull,9,1.655089,session_20260727_030123,0.0,0,[],null,0.0
758,2026-07-27T03:04:08.113526+00:00,pull,9,1.760143,session_20260727_030123,0.0,0,[],null,0.0
759,2026-07-27T03:04:08.214342+00:00,pull,9,1.860953,session_20260727_030123,0.0,0,[],null,0.0
760,2026-07-27T03:04:16.541247+00:00,left,0,4.2e-05,session_20260727_030123,0.0,0,[],null,0.0
761,2026-07-27T03:04:16.646332+00:00,left,0,0.105135,session_20260727_030123,0.0,0,[],null,0.0
762,2026-07-27T03:04:16.750369+00:00,left,0,0.209165,session_20260727_030123,0.0,0,[],null,0.0
763,2026-07-27T03:04:16.855429+00:00,left,0,0.314215,session_20260727_030123,0.0,0,[],null,0.0
764,2026-07-27T03:04:16.960504+00:00,left,0,0.419305,session_20260727_030123,0.0,0,[],null,0.0
765,2026-07-27T03:04:17.065587+00:00,left,0,0.524397,session_20260727_030123,0.0,0,[],null,0.0
766,2026-07-27T03:04:17.166934+00:00,left,0,0.625732,session_20260727_030123,0.0,0,[],null,0.0
767,2026-07-27T03:04:17.267070+00:00,left,0,0.725866,session_20260727_030123,0.0,0,[],null,0.0
768,2026-07-27T03:04:17.371615+00:00,left,0,0.83041,session_20260727_030123,0.0,0,[],null,0.0
769,2026-07-27T03:04:17.476686+00:00,left,0,0.935483,session_20260727_030123,0.0,0,[],null,0.0
770,2026-07-27T03:04:17.576999+00:00,left,0,1.035777,session_20260727_030123,0.0,0,[],null,0.0
771,2026-07-27T03:04:17.682057+00:00,left,0,1.14085,session_20260727_030123,0.0,0,[],null,0.0
772,2026-07-27T03:04:17.783726+00:00,left,0,1.24252,session_20260727_030123,0.0,0,[],null,0.0
773,2026-07-27T03:04:17.888824+00:00,left,0,1.347625,session_20260727_030123,0.0,0,[],null,0.0
774,2026-07-27T03:04:17.988953+00:00,left,0,1.447748,session_20260727_030123,0.0,0,[],null,0.0
775,2026-07-27T03:04:18.093142+00:00,left,0,1.551937,session_20260727_030123,0.0,0,[],null,0.0
776,2026-07-27T03:04:18.198220+00:00,left,0,1.657022,session_20260727_030123,0.0,0,[],null,0.0
777,2026-07-27T03:04:18.303287+00:00,left,0,1.762064,session_20260727_030123,0.0,0,[],null,0.0
778,2026-07-27T03:04:18.403811+00:00,left,0,1.862594,session_20260727_030123,0.0,0,[],null,0.0
779,2026-07-27T03:04:21.815050+00:00,left,1,4.5e-05,session_20260727_030123,0.0,0,[],null,0.0
780,2026-07-27T03:04:21.920144+00:00,left,1,0.105146,session_20260727_030123,0.0,0,[],null,0.0
781,2026-07-27T03:04:22.020253+00:00,left,1,0.205253,session_20260727_030123,0.0,0,[],null,0.0
782,2026-07-27T03:04:22.123211+00:00,left,1,0.308205,session_20260727_030123,0.0,0,[],null,0.0
783,2026-07-27T03:04:22.224195+00:00,left,1,0.40918,session_20260727_030123,0.0,0,[],null,0.0
784,2026-07-27T03:04:22.325900+00:00,left,1,0.510887,session_20260727_030123,0.0,0,[],null,0.0
785,2026-07-27T03:04:22.430596+00:00,left,1,0.615602,session_20260727_030123,0.0,0,[],null,0.0
786,2026-07-27T03:04:22.533652+00:00,left,1,0.718648,session_20260727_030123,0.0,0,[],null,0.0
787,2026-07-27T03:04:22.638715+00:00,left,1,0.8237,session_20260727_030123,0.0,0,[],null,0.0
788,2026-07-27T03:04:22.739849+00:00,left,1,0.924835,session_20260727_030123,0.0,0,[],null,0.0
789,2026-07-27T03:04:22.844912+00:00,left,1,1.029895,session_20260727_030123,0.0,0,[],null,0.0
790,2026-07-27T03:04:22.949989+00:00,left,1,1.134982,session_20260727_030123,0.0,0,[],null,0.0
791,2026-07-27T03:04:23.055066+00:00,left,1,1.24006,session_20260727_030123,0.0,0,[],null,0.0
792,2026-07-27T03:04:23.160136+00:00,left,1,1.345124,session_20260727_030123,0.0,0,[],null,0.0
793,2026-07-27T03:04:23.265187+00:00,left,1,1.450173,session_20260727_030123,0.0,0,[],null,0.0
794,2026-07-27T03:04:23.366777+00:00,left,1,1.551764,session_20260727_030123,0.0,0,[],null,0.0
795,2026-07-27T03:04:23.471665+00:00,left,1,1.65665,session_20260727_030123,0.0,0,[],null,0.0
796,2026-07-27T03:04:23.574182+00:00,left,1,1.759164,session_20260727_030123,0.0,0,[],null,0.0
797,2026-07-27T03:04:23.674909+00:00,left,1,1.859887,session_20260727_030123,0.0,0,[],null,0.0
798,2026-07-27T03:05:34.455062+00:00,left,2,4e-05,session_20260727_030123,0.0,0,[],null,0.0
799,2026-07-27T03:05:34.557162+00:00,left,2,0.102148,session_20260727_030123,0.0,0,[],null,0.0
800,2026-07-27T03:05:34.662238+00:00,left,2,0.207218,session_20260727_030123,0.0,0,[],null,0.0
801,2026-07-27T03:05:34.766006+00:00,left,2,0.310986,session_20260727_030123,0.0,0,[],null,0.0
802,2026-07-27T03:05:34.868706+00:00,left,2,0.413691,session_20260727_030123,0.0,0,[],null,0.0
803,2026-07-27T03:05:34.972807+00:00,left,2,0.51779,session_20260727_030123,0.0,0,[],null,0.0
804,2026-07-27T03:05:35.077882+00:00,left,2,0.622859,session_20260727_030123,0.0,0,[],null,0.0
805,2026-07-27T03:05:35.182968+00:00,left,2,0.727943,session_20260727_030123,0.0,0,[],null,0.0
806,2026-07-27T03:05:35.286316+00:00,left,2,0.831295,session_20260727_030123,0.0,0,[],null,0.0
807,2026-07-27T03:05:35.389464+00:00,left,2,0.934448,session_20260727_030123,0.0,0,[],null,0.0
808,2026-07-27T03:05:35.494533+00:00,left,2,1.039498,session_20260727_030123,0.0,0,[],null,0.0
809,2026-07-27T03:05:35.599597+00:00,left,2,1.144575,session_20260727_030123,0.0,0,[],null,0.0
810,2026-07-27T03:05:35.704677+00:00,left,2,1.249664,session_20260727_030123,0.0,0,[],null,0.0
811,2026-07-27T03:05:35.809753+00:00,left,2,1.354729,session_20260727_030123,0.0,0,[],null,0.0
812,2026-07-27T03:05:35.911218+00:00,left,2,1.45619,session_20260727_030123,0.0,0,[],null,0.0
813,2026-07-27T03:05:36.015080+00:00,left,2,1.560058,session_20260727_030123,0.0,0,[],null,0.0
814,2026-07-27T03:05:36.116621+00:00,left,2,1.661593,session_20260727_030123,0.0,0,[],null,0.0
815,2026-07-27T03:05:36.218128+00:00,left,2,1.763098,session_20260727_030123,0.0,0,[],null,0.0
816,2026-07-27T03:05:36.318880+00:00,left,2,1.863847,session_20260727_030123,0.0,0,[],null,0.0
817,2026-07-27T03:05:39.666101+00:00,left,3,4.1e-05,session_20260727_030123,0.0,0,[],null,0.0
818,2026-07-27T03:05:39.771185+00:00,left,3,0.105131,session_20260727_030123,0.0,0,[],null,0.0
819,2026-07-27T03:05:39.876276+00:00,left,3,0.210211,session_20260727_030123,0.0,0,[],null,0.0
820,2026-07-27T03:05:39.981348+00:00,left,3,0.315292,session_20260727_030123,0.0,0,[],null,0.0
821,2026-07-27T03:05:40.081717+00:00,left,3,0.415661,session_20260727_030123,0.0,0,[],null,0.0
822,2026-07-27T03:05:40.186793+00:00,left,3,0.520732,session_20260727_030123,0.0,0,[],null,0.0
823,2026-07-27T03:05:40.289434+00:00,left,3,0.623371,session_20260727_030123,0.0,0,[],null,0.0
824,2026-07-27T03:05:40.394488+00:00,left,3,0.72842,session_20260727_030123,0.0,0,[],null,0.0
825,2026-07-27T03:05:40.499544+00:00,left,3,0.833481,session_20260727_030123,0.0,0,[],null,0.0
826,2026-07-27T03:05:40.603526+00:00,left,3,0.93745,session_20260727_030123,0.0,0,[],null,0.0
827,2026-07-27T03:05:40.707237+00:00,left,3,1.041164,session_20260727_030123,0.0,0,[],null,0.0
828,2026-07-27T03:05:40.812308+00:00,left,3,1.146246,session_20260727_030123,0.0,0,[],null,0.0
829,2026-07-27T03:05:40.917378+00:00,left,3,1.251317,session_20260727_030123,0.0,0,[],null,0.0
830,2026-07-27T03:05:41.019013+00:00,left,3,1.352955,session_20260727_030123,0.0,0,[],null,0.0
831,2026-07-27T03:05:41.122760+00:00,left,3,1.456693,session_20260727_030123,0.0,0,[],null,0.0
832,2026-07-27T03:05:41.223530+00:00,left,3,1.557466,session_20260727_030123,0.0,0,[],null,0.0
833,2026-07-27T03:05:41.328256+00:00,left,3,1.662196,session_20260727_030123,0.0,0,[],null,0.0
834,2026-07-27T03:05:41.433207+00:00,left,3,1.767152,session_20260727_030123,0.0,0,[],null,0.0
835,2026-07-27T03:05:41.533620+00:00,left,3,1.867552,session_20260727_030123,0.0,0,[],null,0.0
836,2026-07-27T03:05:44.793303+00:00,left,4,5e-05,session_20260727_030123,0.0,0,[],null,0.0
837,2026-07-27T03:05:44.897845+00:00,left,4,0.104592,session_20260727_030123,0.0,0,[],null,0.0
838,2026-07-27T03:05:45.000015+00:00,left,4,0.206765,session_20260727_030123,0.0,0,[],null,0.0
839,2026-07-27T03:05:45.105100+00:00,left,4,0.311846,session_20260727_030123,0.0,0,[],null,0.0
840,2026-07-27T03:05:45.209918+00:00,left,4,0.416658,session_20260727_030123,0.0,0,[],null,0.0
841,2026-07-27T03:05:45.313911+00:00,left,4,0.520654,session_20260727_030123,0.0,0,[],null,0.0
842,2026-07-27T03:05:45.416903+00:00,left,4,0.623651,session_20260727_030123,0.0,0,[],null,0.0
843,2026-07-27T03:05:45.521912+00:00,left,4,0.728661,session_20260727_030123,0.0,0,[],null,0.0
844,2026-07-27T03:05:45.623762+00:00,left,4,0.830509,session_20260727_030123,0.0,0,[],null,0.0
845,2026-07-27T03:05:45.726779+00:00,left,4,0.933528,session_20260727_030123,0.0,0,[],null,0.0
846,2026-07-27T03:05:45.828850+00:00,left,4,1.035583,session_20260727_030123,0.0,0,[],null,0.0
847,2026-07-27T03:05:45.933895+00:00,left,4,1.140624,session_20260727_030123,0.0,0,[],null,0.0
848,2026-07-27T03:05:46.038960+00:00,left,4,1.245701,session_20260727_030123,0.0,0,[],null,0.0
849,2026-07-27T03:05:46.140433+00:00,left,4,1.347169,session_20260727_030123,0.0,0,[],null,0.0
850,2026-07-27T03:05:46.245521+00:00,left,4,1.452253,session_20260727_030123,0.0,0,[],null,0.0
851,2026-07-27T03:05:46.350586+00:00,left,4,1.557332,session_20260727_030123,0.0,0,[],null,0.0
852,2026-07-27T03:05:46.455196+00:00,left,4,1.661945,session_20260727_030123,0.0,0,[],null,0.0
853,2026-07-27T03:05:46.557087+00:00,left,4,1.763826,session_20260727_030123,0.0,0,[],null,0.0
854,2026-07-27T03:05:46.658339+00:00,left,4,1.865063,session_20260727_030123,0.0,0,[],null,0.0
855,2026-07-27T03:05:49.196689+00:00,left,5,4.3e-05,session_20260727_030123,0.0,0,[],null,0.0
856,2026-07-27T03:05:49.300800+00:00,left,5,0.104163,session_20260727_030123,0.0,0,[],null,0.0
857,2026-07-27T03:05:49.405891+00:00,left,5,0.209244,session_20260727_030123,0.0,0,[],null,0.0
858,2026-07-27T03:05:49.510603+00:00,left,5,0.31396,session_20260727_030123,0.0,0,[],null,0.0
859,2026-07-27T03:05:49.611157+00:00,left,5,0.414523,session_20260727_030123,0.0,0,[],null,0.0
860,2026-07-27T03:05:49.713774+00:00,left,5,0.517131,session_20260727_030123,0.0,0,[],null,0.0
861,2026-07-27T03:05:49.813897+00:00,left,5,0.617256,session_20260727_030123,0.0,0,[],null,0.0
862,2026-07-27T03:05:49.917052+00:00,left,5,0.720409,session_20260727_030123,0.0,0,[],null,0.0
863,2026-07-27T03:05:50.018885+00:00,left,5,0.822237,session_20260727_030123,0.0,0,[],null,0.0
864,2026-07-27T03:05:50.122733+00:00,left,5,0.926087,session_20260727_030123,0.0,0,[],null,0.0
865,2026-07-27T03:05:50.224834+00:00,left,5,1.028169,session_20260727_030123,0.0,0,[],null,0.0
866,2026-07-27T03:05:50.329881+00:00,left,5,1.133222,session_20260727_030123,0.0,0,[],null,0.0
867,2026-07-27T03:05:50.434934+00:00,left,5,1.238286,session_20260727_030123,0.0,0,[],null,0.0
868,2026-07-27T03:05:50.539391+00:00,left,5,1.342747,session_20260727_030123,0.0,0,[],null,0.0
869,2026-07-27T03:05:50.641269+00:00,left,5,1.44462,session_20260727_030123,0.0,0,[],null,0.0
870,2026-07-27T03:05:50.746346+00:00,left,5,1.549701,session_20260727_030123,0.0,0,[],null,0.0
871,2026-07-27T03:05:50.847211+00:00,left,5,1.650561,session_20260727_030123,0.0,0,[],null,0.0
872,2026-07-27T03:05:50.949778+00:00,left,5,1.753124,session_20260727_030123,0.0,0,[],null,0.0
873,2026-07-27T03:05:51.051765+00:00,left,5,1.855108,session_20260727_030123,0.0,0,[],null,0.0
874,2026-07-27T03:05:54.749539+00:00,left,6,4.3e-05,session_20260727_030123,0.0,0,[],null,0.0
875,2026-07-27T03:05:54.851205+00:00,left,6,0.101715,session_20260727_030123,0.0,0,[],null,0.0
876,2026-07-27T03:05:54.955134+00:00,left,6,0.205632,session_20260727_030123,0.0,0,[],null,0.0
877,2026-07-27T03:05:55.060207+00:00,left,6,0.310714,session_20260727_030123,0.0,0,[],null,0.0
878,2026-07-27T03:05:55.165287+00:00,left,6,0.415793,session_20260727_030123,0.0,0,[],null,0.0
879,2026-07-27T03:05:55.266478+00:00,left,6,0.516977,session_20260727_030123,0.0,0,[],null,0.0
880,2026-07-27T03:05:55.371536+00:00,left,6,0.62203,session_20260727_030123,0.0,0,[],null,0.0
881,2026-07-27T03:05:55.476597+00:00,left,6,0.727098,session_20260727_030123,0.0,0,[],null,0.0
882,2026-07-27T03:05:55.581655+00:00,left,6,0.83215,session_20260727_030123,0.0,0,[],null,0.0
883,2026-07-27T03:05:55.683253+00:00,left,6,0.933749,session_20260727_030123,0.0,0,[],null,0.0
884,2026-07-27T03:05:55.783890+00:00,left,6,1.034382,session_20260727_030123,0.0,0,[],null,0.0
885,2026-07-27T03:05:55.888965+00:00,left,6,1.139466,session_20260727_030123,0.0,0,[],null,0.0
886,2026-07-27T03:05:55.989364+00:00,left,6,1.239874,session_20260727_030123,0.0,0,[],null,0.0
887,2026-07-27T03:05:56.094457+00:00,left,6,1.344971,session_20260727_030123,0.0,0,[],null,0.0
888,2026-07-27T03:05:56.197184+00:00,left,6,1.447687,session_20260727_030123,0.0,0,[],null,0.0
889,2026-07-27T03:05:56.299663+00:00,left,6,1.55017,session_20260727_030123,0.0,0,[],null,0.0
890,2026-07-27T03:05:56.404754+00:00,left,6,1.655262,session_20260727_030123,0.0,0,[],null,0.0
891,2026-07-27T03:05:56.507021+00:00,left,6,1.757518,session_20260727_030123,0.0,0,[],null,0.0
892,2026-07-27T03:05:56.608222+00:00,left,6,1.858709,session_20260727_030123,0.0,0,[],null,0.0
893,2026-07-27T03:06:00.467248+00:00,left,7,5.5e-05,session_20260727_030123,0.0,0,[],null,0.0
894,2026-07-27T03:06:00.572339+00:00,left,7,0.105143,session_20260727_030123,0.0,0,[],null,0.0
895,2026-07-27T03:06:00.677414+00:00,left,7,0.210205,session_20260727_030123,0.0,0,[],null,0.0
896,2026-07-27T03:06:00.781382+00:00,left,7,0.314187,session_20260727_030123,0.0,0,[],null,0.0
897,2026-07-27T03:06:00.886471+00:00,left,7,0.419271,session_20260727_030123,0.0,0,[],null,0.0
898,2026-07-27T03:06:00.991546+00:00,left,7,0.524346,session_20260727_030123,0.0,0,[],null,0.0
899,2026-07-27T03:06:01.093925+00:00,left,7,0.62672,session_20260727_030123,0.0,0,[],null,0.0
900,2026-07-27T03:06:01.199005+00:00,left,7,0.731811,session_20260727_030123,0.0,0,[],null,0.0
901,2026-07-27T03:06:01.299727+00:00,left,7,0.832527,session_20260727_030123,0.0,0,[],null,0.0
902,2026-07-27T03:06:01.404807+00:00,left,7,0.937615,session_20260727_030123,0.0,0,[],null,0.0
903,2026-07-27T03:06:01.507303+00:00,left,7,1.040089,session_20260727_030123,0.0,0,[],null,0.0
904,2026-07-27T03:06:01.612376+00:00,left,7,1.145169,session_20260727_030123,0.0,0,[],null,0.0
905,2026-07-27T03:06:01.713816+00:00,left,7,1.24661,session_20260727_030123,0.0,0,[],null,0.0
906,2026-07-27T03:06:01.818894+00:00,left,7,1.351694,session_20260727_030123,0.0,0,[],null,0.0
907,2026-07-27T03:06:01.921770+00:00,left,7,1.454565,session_20260727_030123,0.0,0,[],null,0.0
908,2026-07-27T03:06:02.022792+00:00,left,7,1.55559,session_20260727_030123,0.0,0,[],null,0.0
909,2026-07-27T03:06:02.127855+00:00,left,7,1.660645,session_20260727_030123,0.0,0,[],null,0.0
910,2026-07-27T03:06:02.232907+00:00,left,7,1.765692,session_20260727_030123,0.0,0,[],null,0.0
911,2026-07-27T03:06:02.335951+00:00,left,7,1.86873,session_20260727_030123,0.0,0,[],null,0.0
912,2026-07-27T03:06:06.394911+00:00,left,8,4.7e-05,session_20260727_030123,0.0,0,[],null,0.0
913,2026-07-27T03:06:06.499994+00:00,left,8,0.105133,session_20260727_030123,0.0,0,[],null,0.0
914,2026-07-27T03:06:06.605067+00:00,left,8,0.210196,session_20260727_030123,0.0,0,[],null,0.0
915,2026-07-27T03:06:06.705960+00:00,left,8,0.311089,session_20260727_030123,0.0,0,[],null,0.0
916,2026-07-27T03:06:06.811015+00:00,left,8,0.41614,session_20260727_030123,0.0,0,[],null,0.0
917,2026-07-27T03:06:06.916085+00:00,left,8,0.521223,session_20260727_030123,0.0,0,[],null,0.0
918,2026-07-27T03:06:07.016470+00:00,left,8,0.621602,session_20260727_030123,0.0,0,[],null,0.0
919,2026-07-27T03:06:07.116628+00:00,left,8,0.721762,session_20260727_030123,0.0,0,[],null,0.0
920,2026-07-27T03:06:07.221705+00:00,left,8,0.826837,session_20260727_030123,0.0,0,[],null,0.0
921,2026-07-27T03:06:07.326785+00:00,left,8,0.93192,session_20260727_030123,0.0,0,[],null,0.0
922,2026-07-27T03:06:07.431854+00:00,left,8,1.036972,session_20260727_030123,0.0,0,[],null,0.0
923,2026-07-27T03:06:07.536923+00:00,left,8,1.142052,session_20260727_030123,0.0,0,[],null,0.0
924,2026-07-27T03:06:07.641992+00:00,left,8,1.247119,session_20260727_030123,0.0,0,[],null,0.0
925,2026-07-27T03:06:07.742544+00:00,left,8,1.347667,session_20260727_030123,0.0,0,[],null,0.0
926,2026-07-27T03:06:07.847616+00:00,left,8,1.452752,session_20260727_030123,0.0,0,[],null,0.0
927,2026-07-27T03:06:07.952698+00:00,left,8,1.557831,session_20260727_030123,0.0,0,[],null,0.0
928,2026-07-27T03:06:08.055074+00:00,left,8,1.660212,session_20260727_030123,0.0,0,[],null,0.0
929,2026-07-27T03:06:08.160140+00:00,left,8,1.765267,session_20260727_030123,0.0,0,[],null,0.0
930,2026-07-27T03:06:08.262755+00:00,left,8,1.867876,session_20260727_030123,0.0,0,[],null,0.0
931,2026-07-27T03:06:11.533254+00:00,left,9,4.8e-05,session_20260727_030123,0.0,0,[],null,0.0
932,2026-07-27T03:06:11.638345+00:00,left,9,0.105142,session_20260727_030123,0.0,0,[],null,0.0
933,2026-07-27T03:06:11.740085+00:00,left,9,0.206881,session_20260727_030123,0.0,0,[],null,0.0
934,2026-07-27T03:06:11.845159+00:00,left,9,0.311956,session_20260727_030123,0.0,0,[],null,0.0
935,2026-07-27T03:06:11.945406+00:00,left,9,0.412198,session_20260727_030123,0.0,0,[],null,0.0
936,2026-07-27T03:06:12.048153+00:00,left,9,0.514946,session_20260727_030123,0.0,0,[],null,0.0
937,2026-07-27T03:06:12.150353+00:00,left,9,0.617146,session_20260727_030123,0.0,0,[],null,0.0
938,2026-07-27T03:06:12.255442+00:00,left,9,0.722242,session_20260727_030123,0.0,0,[],null,0.0
939,2026-07-27T03:06:12.355940+00:00,left,9,0.822726,session_20260727_030123,0.0,0,[],null,0.0
940,2026-07-27T03:06:12.461012+00:00,left,9,0.927809,session_20260727_030123,0.0,0,[],null,0.0
941,2026-07-27T03:06:12.563443+00:00,left,9,1.03022,session_20260727_030123,0.0,0,[],null,0.0
942,2026-07-27T03:06:12.668486+00:00,left,9,1.135263,session_20260727_030123,0.0,0,[],null,0.0
943,2026-07-27T03:06:12.773541+00:00,left,9,1.240331,session_20260727_030123,0.0,0,[],null,0.0
944,2026-07-27T03:06:12.878609+00:00,left,9,1.345393,session_20260727_030123,0.0,0,[],null,0.0
945,2026-07-27T03:06:12.980418+00:00,left,9,1.447198,session_20260727_030123,0.0,0,[],null,0.0
946,2026-07-27T03:06:13.085478+00:00,left,9,1.552265,session_20260727_030123,0.0,0,[],null,0.0
947,2026-07-27T03:06:13.188374+00:00,left,9,1.655158,session_20260727_030123,0.0,0,[],null,0.0
948,2026-07-27T03:06:13.289246+00:00,left,9,1.756026,session_20260727_030123,0.0,0,[],null,0.0
949,2026-07-27T03:06:13.390119+00:00,left,9,1.856893,session_20260727_030123,0.0,0,[],null,0.0
950,2026-07-27T03:06:18.888716+00:00,right,0,4.9e-05,session_20260727_030123,0.0,0,[],null,0.0
951,2026-07-27T03:06:18.989253+00:00,right,0,0.100589,session_20260727_030123,0.0,0,[],null,0.0
952,2026-07-27T03:06:19.093149+00:00,right,0,0.204479,session_20260727_030123,0.0,0,[],null,0.0
953,2026-07-27T03:06:19.198221+00:00,right,0,0.309549,session_20260727_030123,0.0,0,[],null,0.0
954,2026-07-27T03:06:19.303285+00:00,right,0,0.41462,session_20260727_030123,0.0,0,[],null,0.0
955,2026-07-27T03:06:19.408375+00:00,right,0,0.519706,session_20260727_030123,0.0,0,[],null,0.0
956,2026-07-27T03:06:19.513350+00:00,right,0,0.624678,session_20260727_030123,0.0,0,[],null,0.0
957,2026-07-27T03:06:19.618429+00:00,right,0,0.729762,session_20260727_030123,0.0,0,[],null,0.0
958,2026-07-27T03:06:19.722579+00:00,right,0,0.833907,session_20260727_030123,0.0,0,[],null,0.0
959,2026-07-27T03:06:19.827666+00:00,right,0,0.939007,session_20260727_030123,0.0,0,[],null,0.0
960,2026-07-27T03:06:19.932254+00:00,right,0,1.043565,session_20260727_030123,0.0,0,[],null,0.0
961,2026-07-27T03:06:20.037313+00:00,right,0,1.148638,session_20260727_030123,0.0,0,[],null,0.0
962,2026-07-27T03:06:20.142392+00:00,right,0,1.253724,session_20260727_030123,0.0,0,[],null,0.0
963,2026-07-27T03:06:20.247480+00:00,right,0,1.358814,session_20260727_030123,0.0,0,[],null,0.0
964,2026-07-27T03:06:20.350600+00:00,right,0,1.461924,session_20260727_030123,0.0,0,[],null,0.0
965,2026-07-27T03:06:20.453888+00:00,right,0,1.565214,session_20260727_030123,0.0,0,[],null,0.0
966,2026-07-27T03:06:20.558950+00:00,right,0,1.670276,session_20260727_030123,0.0,0,[],null,0.0
967,2026-07-27T03:06:20.664030+00:00,right,0,1.775366,session_20260727_030123,0.0,0,[],null,0.0
968,2026-07-27T03:06:20.764532+00:00,right,0,1.875853,session_20260727_030123,0.0,0,[],null,0.0
969,2026-07-27T03:06:23.847612+00:00,right,1,4.3e-05,session_20260727_030123,0.0,0,[],null,0.0
970,2026-07-27T03:06:23.949852+00:00,right,1,0.10229,session_20260727_030123,0.0,0,[],null,0.0
971,2026-07-27T03:06:24.054935+00:00,right,1,0.207369,session_20260727_030123,0.0,0,[],null,0.0
972,2026-07-27T03:06:24.156871+00:00,right,1,0.309299,session_20260727_030123,0.0,0,[],null,0.0
973,2026-07-27T03:06:24.257511+00:00,right,1,0.409938,session_20260727_030123,0.0,0,[],null,0.0
974,2026-07-27T03:06:24.362571+00:00,right,1,0.514998,session_20260727_030123,0.0,0,[],null,0.0
975,2026-07-27T03:06:24.467634+00:00,right,1,0.620064,session_20260727_030123,0.0,0,[],null,0.0
976,2026-07-27T03:06:24.572535+00:00,right,1,0.724965,session_20260727_030123,0.0,0,[],null,0.0
977,2026-07-27T03:06:24.674698+00:00,right,1,0.827122,session_20260727_030123,0.0,0,[],null,0.0
978,2026-07-27T03:06:24.779755+00:00,right,1,0.93218,session_20260727_030123,0.0,0,[],null,0.0
979,2026-07-27T03:06:24.880639+00:00,right,1,1.033061,session_20260727_030123,0.0,0,[],null,0.0
980,2026-07-27T03:06:24.985688+00:00,right,1,1.138102,session_20260727_030123,0.0,0,[],null,0.0
981,2026-07-27T03:06:25.090748+00:00,right,1,1.24318,session_20260727_030123,0.0,0,[],null,0.0
982,2026-07-27T03:06:25.195812+00:00,right,1,1.348238,session_20260727_030123,0.0,0,[],null,0.0
983,2026-07-27T03:06:25.300894+00:00,right,1,1.453328,session_20260727_030123,0.0,0,[],null,0.0
984,2026-07-27T03:06:25.404985+00:00,right,1,1.557419,session_20260727_030123,0.0,0,[],null,0.0
985,2026-07-27T03:06:25.506868+00:00,right,1,1.659304,session_20260727_030123,0.0,0,[],null,0.0
986,2026-07-27T03:06:25.611948+00:00,right,1,1.764385,session_20260727_030123,0.0,0,[],null,0.0
987,2026-07-27T03:06:25.712720+00:00,right,1,1.865135,session_20260727_030123,0.0,0,[],null,0.0
988,2026-07-27T03:07:11.470873+00:00,right,2,4.9e-05,session_20260727_030123,0.0,0,[],null,0.0
989,2026-07-27T03:07:11.572333+00:00,right,2,0.101519,session_20260727_030123,0.0,0,[],null,0.0
990,2026-07-27T03:07:11.673293+00:00,right,2,0.202464,session_20260727_030123,0.0,0,[],null,0.0
991,2026-07-27T03:07:11.778354+00:00,right,2,0.30752,session_20260727_030123,0.0,0,[],null,0.0
992,2026-07-27T03:07:11.882571+00:00,right,2,0.411738,session_20260727_030123,0.0,0,[],null,0.0
993,2026-07-27T03:07:11.987642+00:00,right,2,0.516809,session_20260727_030123,0.0,0,[],null,0.0
994,2026-07-27T03:07:12.091814+00:00,right,2,0.620988,session_20260727_030123,0.0,0,[],null,0.0
995,2026-07-27T03:07:12.196780+00:00,right,2,0.725955,session_20260727_030123,0.0,0,[],null,0.0
996,2026-07-27T03:07:12.301849+00:00,right,2,0.831015,session_20260727_030123,0.0,0,[],null,0.0
997,2026-07-27T03:07:12.406609+00:00,right,2,0.935774,session_20260727_030123,0.0,0,[],null,0.0
998,2026-07-27T03:07:12.506775+00:00,right,2,1.035942,session_20260727_030123,0.0,0,[],null,0.0
999,2026-07-27T03:07:12.611832+00:00,right,2,1.140989,session_20260727_030123,0.0,0,[],null,0.0
1000,2026-07-27T03:07:12.716894+00:00,right,2,1.246065,session_20260727_030123,0.0,0,[],null,0.0
1001,2026-07-27T03:07:12.821977+00:00,right,2,1.351151,session_20260727_030123,0.0,0,[],null,0.0
1002,2026-07-27T03:07:12.922277+00:00,right,2,1.451452,session_20260727_030123,0.0,0,[],null,0.0
1003,2026-07-27T03:07:13.027375+00:00,right,2,1.556557,session_20260727_030123,0.0,0,[],null,0.0
1004,2026-07-27T03:07:13.130112+00:00,right,2,1.659288,session_20260727_030123,0.0,0,[],null,0.0
1005,2026-07-27T03:07:13.231016+00:00,right,2,1.760192,session_20260727_030123,0.0,0,[],null,0.0
1006,2026-07-27T03:07:13.332991+00:00,right,2,1.862149,session_20260727_030123,0.0,0,[],null,0.0
1007,2026-07-27T03:07:19.802012+00:00,right,3,5e-05,session_20260727_030123,0.0,0,[],null,0.0
1008,2026-07-27T03:07:19.905593+00:00,right,3,0.103633,session_20260727_030123,0.0,0,[],null,0.0
1009,2026-07-27T03:07:20.010677+00:00,right,3,0.208713,session_20260727_030123,0.0,0,[],null,0.0
1010,2026-07-27T03:07:20.115749+00:00,right,3,0.313782,session_20260727_030123,0.0,0,[],null,0.0
1011,2026-07-27T03:07:20.220817+00:00,right,3,0.418848,session_20260727_030123,0.0,0,[],null,0.0
1012,2026-07-27T03:07:20.322212+00:00,right,3,0.520284,session_20260727_030123,0.0,0,[],null,0.0
1013,2026-07-27T03:07:20.427336+00:00,right,3,0.625378,session_20260727_030123,0.0,0,[],null,0.0
1014,2026-07-27T03:07:20.530079+00:00,right,3,0.728122,session_20260727_030123,0.0,0,[],null,0.0
1015,2026-07-27T03:07:20.632830+00:00,right,3,0.830869,session_20260727_030123,0.0,0,[],null,0.0
1016,2026-07-27T03:07:20.737915+00:00,right,3,0.935951,session_20260727_030123,0.0,0,[],null,0.0
1017,2026-07-27T03:07:20.842981+00:00,right,3,1.041001,session_20260727_030123,0.0,0,[],null,0.0
1018,2026-07-27T03:07:20.948068+00:00,right,3,1.146094,session_20260727_030123,0.0,0,[],null,0.0
1019,2026-07-27T03:07:21.048319+00:00,right,3,1.246351,session_20260727_030123,0.0,0,[],null,0.0
1020,2026-07-27T03:07:21.153400+00:00,right,3,1.351437,session_20260727_030123,0.0,0,[],null,0.0
1021,2026-07-27T03:07:21.258482+00:00,right,3,1.456506,session_20260727_030123,0.0,0,[],null,0.0
1022,2026-07-27T03:07:21.363544+00:00,right,3,1.561575,session_20260727_030123,0.0,0,[],null,0.0
1023,2026-07-27T03:07:21.468614+00:00,right,3,1.666644,session_20260727_030123,0.0,0,[],null,0.0
1024,2026-07-27T03:07:21.573678+00:00,right,3,1.771709,session_20260727_030123,0.0,0,[],null,0.0
1025,2026-07-27T03:07:21.673786+00:00,right,3,1.871806,session_20260727_030123,0.0,0,[],null,0.0
1026,2026-07-27T03:07:27.140789+00:00,right,4,4.4e-05,session_20260727_030123,0.0,0,[],null,0.0
1027,2026-07-27T03:07:27.245870+00:00,right,4,0.105133,session_20260727_030123,0.0,0,[],null,0.0
1028,2026-07-27T03:07:27.350956+00:00,right,4,0.210212,session_20260727_030123,0.0,0,[],null,0.0
1029,2026-07-27T03:07:27.455536+00:00,right,4,0.314791,session_20260727_030123,0.0,0,[],null,0.0
1030,2026-07-27T03:07:27.560600+00:00,right,4,0.419849,session_20260727_030123,0.0,0,[],null,0.0
1031,2026-07-27T03:07:27.665670+00:00,right,4,0.52493,session_20260727_030123,0.0,0,[],null,0.0
1032,2026-07-27T03:07:27.766031+00:00,right,4,0.625289,session_20260727_030123,0.0,0,[],null,0.0
1033,2026-07-27T03:07:27.871119+00:00,right,4,0.730374,session_20260727_030123,0.0,0,[],null,0.0
1034,2026-07-27T03:07:27.972191+00:00,right,4,0.831447,session_20260727_030123,0.0,0,[],null,0.0
1035,2026-07-27T03:07:28.077267+00:00,right,4,0.936524,session_20260727_030123,0.0,0,[],null,0.0
1036,2026-07-27T03:07:28.182345+00:00,right,4,1.041594,session_20260727_030123,0.0,0,[],null,0.0
1037,2026-07-27T03:07:28.287421+00:00,right,4,1.146673,session_20260727_030123,0.0,0,[],null,0.0
1038,2026-07-27T03:07:28.392490+00:00,right,4,1.251743,session_20260727_030123,0.0,0,[],null,0.0
1039,2026-07-27T03:07:28.496775+00:00,right,4,1.356031,session_20260727_030123,0.0,0,[],null,0.0
1040,2026-07-27T03:07:28.599286+00:00,right,4,1.458547,session_20260727_030123,0.0,0,[],null,0.0
1041,2026-07-27T03:07:28.704370+00:00,right,4,1.563626,session_20260727_030123,0.0,0,[],null,0.0
1042,2026-07-27T03:07:28.806532+00:00,right,4,1.665788,session_20260727_030123,0.0,0,[],null,0.0
1043,2026-07-27T03:07:28.911595+00:00,right,4,1.770843,session_20260727_030123,0.0,0,[],null,0.0
1044,2026-07-27T03:07:29.012566+00:00,right,4,1.871807,session_20260727_030123,0.0,0,[],null,0.0
1045,2026-07-27T03:07:33.259724+00:00,right,5,4e-05,session_20260727_030123,0.0,0,[],null,0.0
1046,2026-07-27T03:07:33.364815+00:00,right,5,0.105142,session_20260727_030123,0.0,0,[],null,0.0
1047,2026-07-27T03:07:33.469887+00:00,right,5,0.210201,session_20260727_030123,0.0,0,[],null,0.0
1048,2026-07-27T03:07:33.572159+00:00,right,5,0.312476,session_20260727_030123,0.0,0,[],null,0.0
1049,2026-07-27T03:07:33.677216+00:00,right,5,0.417528,session_20260727_030123,0.0,0,[],null,0.0
1050,2026-07-27T03:07:33.780003+00:00,right,5,0.520323,session_20260727_030123,0.0,0,[],null,0.0
1051,2026-07-27T03:07:33.882632+00:00,right,5,0.622945,session_20260727_030123,0.0,0,[],null,0.0
1052,2026-07-27T03:07:33.987691+00:00,right,5,0.728005,session_20260727_030123,0.0,0,[],null,0.0
1053,2026-07-27T03:07:34.088827+00:00,right,5,0.829145,session_20260727_030123,0.0,0,[],null,0.0
1054,2026-07-27T03:07:34.193907+00:00,right,5,0.934226,session_20260727_030123,0.0,0,[],null,0.0
1055,2026-07-27T03:07:34.298977+00:00,right,5,1.039286,session_20260727_030123,0.0,0,[],null,0.0
1056,2026-07-27T03:07:34.404023+00:00,right,5,1.144324,session_20260727_030123,0.0,0,[],null,0.0
1057,2026-07-27T03:07:34.521338+00:00,right,5,1.261646,session_20260727_030123,0.0,0,[],null,0.0
1058,2026-07-27T03:07:34.623954+00:00,right,5,1.364279,session_20260727_030123,0.0,0,[],null,0.0
1059,2026-07-27T03:07:34.725086+00:00,right,5,1.465406,session_20260727_030123,0.0,0,[],null,0.0
1060,2026-07-27T03:07:34.827239+00:00,right,5,1.567561,session_20260727_030123,0.0,0,[],null,0.0
1061,2026-07-27T03:07:34.928317+00:00,right,5,1.668633,session_20260727_030123,0.0,0,[],null,0.0
1062,2026-07-27T03:07:35.032378+00:00,right,5,1.772701,session_20260727_030123,0.0,0,[],null,0.0
1063,2026-07-27T03:07:35.137096+00:00,right,5,1.877402,session_20260727_030123,0.0,0,[],null,0.0
1064,2026-07-27T03:07:39.730220+00:00,right,6,4.1e-05,session_20260727_030123,0.0,0,[],null,0.0
1065,2026-07-27T03:07:39.832798+00:00,right,6,0.102643,session_20260727_030123,0.0,0,[],null,0.0
1066,2026-07-27T03:07:39.937903+00:00,right,6,0.207728,session_20260727_030123,0.0,0,[],null,0.0
1067,2026-07-27T03:07:40.038804+00:00,right,6,0.308626,session_20260727_030123,0.0,0,[],null,0.0
1068,2026-07-27T03:07:40.143132+00:00,right,6,0.412949,session_20260727_030123,0.0,0,[],null,0.0
1069,2026-07-27T03:07:40.246627+00:00,right,6,0.516452,session_20260727_030123,0.0,0,[],null,0.0
1070,2026-07-27T03:07:40.347686+00:00,right,6,0.617512,session_20260727_030123,0.0,0,[],null,0.0
1071,2026-07-27T03:07:40.452771+00:00,right,6,0.7226,session_20260727_030123,0.0,0,[],null,0.0
1072,2026-07-27T03:07:40.555455+00:00,right,6,0.825278,session_20260727_030123,0.0,0,[],null,0.0
1073,2026-07-27T03:07:40.660526+00:00,right,6,0.930346,session_20260727_030123,0.0,0,[],null,0.0
1074,2026-07-27T03:07:40.765598+00:00,right,6,1.035413,session_20260727_030123,0.0,0,[],null,0.0
1075,2026-07-27T03:07:40.870668+00:00,right,6,1.140489,session_20260727_030123,0.0,0,[],null,0.0
1076,2026-07-27T03:07:40.975742+00:00,right,6,1.245563,session_20260727_030123,0.0,0,[],null,0.0
1077,2026-07-27T03:07:41.077128+00:00,right,6,1.346957,session_20260727_030123,0.0,0,[],null,0.0
1078,2026-07-27T03:07:41.178672+00:00,right,6,1.448491,session_20260727_030123,0.0,0,[],null,0.0
1079,2026-07-27T03:07:41.282169+00:00,right,6,1.551984,session_20260727_030123,0.0,0,[],null,0.0
1080,2026-07-27T03:07:41.387235+00:00,right,6,1.657047,session_20260727_030123,0.0,0,[],null,0.0
1081,2026-07-27T03:07:41.488756+00:00,right,6,1.758571,session_20260727_030123,0.0,0,[],null,0.0
1082,2026-07-27T03:07:41.590237+00:00,right,6,1.860045,session_20260727_030123,0.0,0,[],null,0.0
1083,2026-07-27T03:07:47.009100+00:00,right,7,4.9e-05,session_20260727_030123,0.0,0,[],null,0.0
1084,2026-07-27T03:07:47.114184+00:00,right,7,0.105138,session_20260727_030123,0.0,0,[],null,0.0
1085,2026-07-27T03:07:47.218152+00:00,right,7,0.209101,session_20260727_030123,0.0,0,[],null,0.0
1086,2026-07-27T03:07:47.322032+00:00,right,7,0.312974,session_20260727_030123,0.0,0,[],null,0.0
1087,2026-07-27T03:07:47.423113+00:00,right,7,0.41406,session_20260727_030123,0.0,0,[],null,0.0
1088,2026-07-27T03:07:47.528189+00:00,right,7,0.519129,session_20260727_030123,0.0,0,[],null,0.0
1089,2026-07-27T03:07:47.633269+00:00,right,7,0.62422,session_20260727_030123,0.0,0,[],null,0.0
1090,2026-07-27T03:07:47.737671+00:00,right,7,0.728619,session_20260727_030123,0.0,0,[],null,0.0
1091,2026-07-27T03:07:47.839766+00:00,right,7,0.830715,session_20260727_030123,0.0,0,[],null,0.0
1092,2026-07-27T03:07:47.944836+00:00,right,7,0.935777,session_20260727_030123,0.0,0,[],null,0.0
1093,2026-07-27T03:07:48.049905+00:00,right,7,1.040848,session_20260727_030123,0.0,0,[],null,0.0
1094,2026-07-27T03:07:48.154984+00:00,right,7,1.145927,session_20260727_030123,0.0,0,[],null,0.0
1095,2026-07-27T03:07:48.260063+00:00,right,7,1.25101,session_20260727_030123,0.0,0,[],null,0.0
1096,2026-07-27T03:07:48.365083+00:00,right,7,1.356022,session_20260727_030123,0.0,0,[],null,0.0
1097,2026-07-27T03:07:48.470159+00:00,right,7,1.461105,session_20260727_030123,0.0,0,[],null,0.0
1098,2026-07-27T03:07:48.575228+00:00,right,7,1.566167,session_20260727_030123,0.0,0,[],null,0.0
1099,2026-07-27T03:07:48.680283+00:00,right,7,1.671222,session_20260727_030123,0.0,0,[],null,0.0
1100,2026-07-27T03:07:48.783665+00:00,right,7,1.774606,session_20260727_030123,0.0,0,[],null,0.0
1101,2026-07-27T03:07:48.883880+00:00,right,7,1.874812,session_20260727_030123,0.0,0,[],null,0.0
1102,2026-07-27T03:07:52.667824+00:00,right,8,3.8e-05,session_20260727_030123,0.0,0,[],null,0.0
1103,2026-07-27T03:07:52.772045+00:00,right,8,0.104271,session_20260727_030123,0.0,0,[],null,0.0
1104,2026-07-27T03:07:52.877126+00:00,right,8,0.209347,session_20260727_030123,0.0,0,[],null,0.0
1105,2026-07-27T03:07:52.982196+00:00,right,8,0.31442,session_20260727_030123,0.0,0,[],null,0.0
1106,2026-07-27T03:07:53.087277+00:00,right,8,0.419499,session_20260727_030123,0.0,0,[],null,0.0
1107,2026-07-27T03:07:53.188712+00:00,right,8,0.520925,session_20260727_030123,0.0,0,[],null,0.0
1108,2026-07-27T03:07:53.292683+00:00,right,8,0.624914,session_20260727_030123,0.0,0,[],null,0.0
1109,2026-07-27T03:07:53.397777+00:00,right,8,0.730002,session_20260727_030123,0.0,0,[],null,0.0
1110,2026-07-27T03:07:53.502859+00:00,right,8,0.835086,session_20260727_030123,0.0,0,[],null,0.0
1111,2026-07-27T03:07:53.604863+00:00,right,8,0.937086,session_20260727_030123,0.0,0,[],null,0.0
1112,2026-07-27T03:07:53.705624+00:00,right,8,1.037833,session_20260727_030123,0.0,0,[],null,0.0
1113,2026-07-27T03:07:53.810684+00:00,right,8,1.142893,session_20260727_030123,0.0,0,[],null,0.0
1114,2026-07-27T03:07:53.915752+00:00,right,8,1.247967,session_20260727_030123,0.0,0,[],null,0.0
1115,2026-07-27T03:07:54.017363+00:00,right,8,1.349589,session_20260727_030123,0.0,0,[],null,0.0
1116,2026-07-27T03:07:54.122037+00:00,right,8,1.454266,session_20260727_030123,0.0,0,[],null,0.0
1117,2026-07-27T03:07:54.227119+00:00,right,8,1.559334,session_20260727_030123,0.0,0,[],null,0.0
1118,2026-07-27T03:07:54.332192+00:00,right,8,1.664416,session_20260727_030123,0.0,0,[],null,0.0
1119,2026-07-27T03:07:54.437265+00:00,right,8,1.769484,session_20260727_030123,0.0,0,[],null,0.0
1120,2026-07-27T03:07:54.538669+00:00,right,8,1.870882,session_20260727_030123,0.0,0,[],null,0.0
1121,2026-07-27T03:07:59.099123+00:00,right,9,5e-05,session_20260727_030123,0.0,0,[],null,0.0
1122,2026-07-27T03:07:59.204205+00:00,right,9,0.105133,session_20260727_030123,0.0,0,[],null,0.0
1123,2026-07-27T03:07:59.306363+00:00,right,9,0.207286,session_20260727_030123,0.0,0,[],null,0.0
1124,2026-07-27T03:07:59.411428+00:00,right,9,0.312342,session_20260727_030123,0.0,0,[],null,0.0
1125,2026-07-27T03:07:59.514044+00:00,right,9,0.414958,session_20260727_030123,0.0,0,[],null,0.0
1126,2026-07-27T03:07:59.618488+00:00,right,9,0.519404,session_20260727_030123,0.0,0,[],null,0.0
1127,2026-07-27T03:07:59.723552+00:00,right,9,0.624474,session_20260727_030123,0.0,0,[],null,0.0
1128,2026-07-27T03:07:59.828616+00:00,right,9,0.729532,session_20260727_030123,0.0,0,[],null,0.0
1129,2026-07-27T03:07:59.933691+00:00,right,9,0.834611,session_20260727_030123,0.0,0,[],null,0.0
1130,2026-07-27T03:08:00.038697+00:00,right,9,0.939625,session_20260727_030123,0.0,0,[],null,0.0
1131,2026-07-27T03:08:00.143774+00:00,right,9,1.044683,session_20260727_030123,0.0,0,[],null,0.0
1132,2026-07-27T03:08:00.248840+00:00,right,9,1.149758,session_20260727_030123,0.0,0,[],null,0.0
1133,2026-07-27T03:08:00.353914+00:00,right,9,1.254841,session_20260727_030123,0.0,0,[],null,0.0
1134,2026-07-27T03:08:00.456307+00:00,right,9,1.357231,session_20260727_030123,0.0,0,[],null,0.0
1135,2026-07-27T03:08:00.561381+00:00,right,9,1.462301,session_20260727_030123,0.0,0,[],null,0.0
1136,2026-07-27T03:08:00.665136+00:00,right,9,1.566061,session_20260727_030123,0.0,0,[],null,0.0
1137,2026-07-27T03:08:00.770214+00:00,right,9,1.67114,session_20260727_030123,0.0,0,[],null,0.0
1138,2026-07-27T03:08:00.875295+00:00,right,9,1.776225,session_20260727_030123,0.0,0,[],null,0.0
1139,2026-07-27T03:08:00.976985+00:00,right,9,1.877887,session_20260727_030123,0.0,0,[],null,0.0
1140,2026-07-27T05:41:02.161281+00:00,push,1,4.5e-05,session_20260727_054033,0.0,0,[],null,0.0
1141,2026-07-27T05:41:02.266364+00:00,push,1,0.105136,session_20260727_054033,0.0,0,[],null,0.0
1142,2026-07-27T05:41:02.370306+00:00,push,1,0.209062,session_20260727_054033,0.0,0,[],null,0.0
1143,2026-07-27T05:41:02.473402+00:00,push,1,0.312147,session_20260727_054033,0.0,0,[],null,0.0
1144,2026-07-27T05:41:02.578457+00:00,push,1,0.417205,session_20260727_054033,0.0,0,[],null,0.0
1145,2026-07-27T05:41:02.683503+00:00,push,1,0.522252,session_20260727_054033,0.0,0,[],null,0.0
1146,2026-07-27T05:41:02.788558+00:00,push,1,0.627301,session_20260727_054033,0.0,0,[],null,0.0
1147,2026-07-27T05:41:02.891342+00:00,push,1,0.730083,session_20260727_054033,0.0,0,[],null,0.0
1148,2026-07-27T05:41:02.996377+00:00,push,1,0.83512,session_20260727_054033,0.0,0,[],null,0.0
1149,2026-07-27T05:41:03.101405+00:00,push,1,0.940145,session_20260727_054033,0.0,0,[],null,0.0
1150,2026-07-27T05:41:03.206438+00:00,push,1,1.045179,session_20260727_054033,0.0,0,[],null,0.0
1151,2026-07-27T05:41:03.311468+00:00,push,1,1.150204,session_20260727_054033,0.0,0,[],null,0.0
1152,2026-07-27T05:41:03.416515+00:00,push,1,1.25527,session_20260727_054033,0.0,0,[],null,0.0
1153,2026-07-27T05:41:03.521588+00:00,push,1,1.360344,session_20260727_054033,0.0,0,[],null,0.0
1154,2026-07-27T05:41:03.625830+00:00,push,1,1.464578,session_20260727_054033,0.0,0,[],null,0.0
1155,2026-07-27T05:41:03.730881+00:00,push,1,1.569633,session_20260727_054033,0.0,0,[],null,0.0
1156,2026-07-27T05:41:03.835932+00:00,push,1,1.674681,session_20260727_054033,0.0,0,[],null,0.0
1157,2026-07-27T05:41:03.940125+00:00,push,1,1.778874,session_20260727_054033,0.0,0,[],null,0.0
1158,2026-07-27T05:41:04.041358+00:00,push,1,1.880098,session_20260727_054033,0.0,0,[],null,0.0
1159,2026-07-27T05:41:04.142982+00:00,push,1,1.981722,session_20260727_054033,0.0,0,[],null,0.0
1160,2026-07-27T05:41:04.244675+00:00,push,1,2.083417,session_20260727_054033,0.0,0,[],null,0.0
1161,2026-07-27T05:41:04.346976+00:00,push,1,2.185717,session_20260727_054033,0.0,0,[],null,0.0
1162,2026-07-27T05:41:04.447382+00:00,push,1,2.286126,session_20260727_054033,0.0,0,[],null,0.0
1163,2026-07-27T05:41:04.547999+00:00,push,1,2.386742,session_20260727_054033,0.0,0,[],null,0.0
1164,2026-07-27T05:41:04.648432+00:00,push,1,2.487171,session_20260727_054033,0.0,0,[],null,0.0
1165,2026-07-27T05:41:04.749110+00:00,push,1,2.587854,session_20260727_054033,0.0,0,[],null,0.0
1166,2026-07-27T05:41:04.850122+00:00,push,1,2.688869,session_20260727_054033,0.0,0,[],null,0.0
1167,2026-07-27T05:41:04.950284+00:00,push,1,2.789026,session_20260727_054033,0.0,0,[],null,0.0
1168,2026-07-27T05:41:05.051356+00:00,push,1,2.890098,session_20260727_054033,0.0,0,[],null,0.0
1169,2026-07-27T05:41:08.995980+00:00,push,2,4.1e-05,session_20260727_054033,0.0,0,[],null,0.0
1170,2026-07-27T05:41:09.101059+00:00,push,2,0.105127,session_20260727_054033,0.0,0,[],null,0.0
1171,2026-07-27T05:41:09.206145+00:00,push,2,0.210205,session_20260727_054033,0.0,0,[],null,0.0
1172,2026-07-27T05:41:09.311199+00:00,push,2,0.315253,session_20260727_054033,0.0,0,[],null,0.0
1173,2026-07-27T05:41:09.415874+00:00,push,2,0.419922,session_20260727_054033,0.0,0,[],null,0.0
1174,2026-07-27T05:41:09.520916+00:00,push,2,0.524964,session_20260727_054033,0.0,0,[],null,0.0
1175,2026-07-27T05:41:09.623415+00:00,push,2,0.627459,session_20260727_054033,0.0,0,[],null,0.0
1176,2026-07-27T05:41:09.725813+00:00,push,2,0.729873,session_20260727_054033,0.0,0,[],null,0.0
1177,2026-07-27T05:41:09.830863+00:00,push,2,0.834911,session_20260727_054033,0.0,0,[],null,0.0
1178,2026-07-27T05:41:09.935907+00:00,push,2,0.939954,session_20260727_054033,0.0,0,[],null,0.0
1179,2026-07-27T05:41:10.040082+00:00,push,2,1.044126,session_20260727_054033,0.0,0,[],null,0.0
1180,2026-07-27T05:41:10.145139+00:00,push,2,1.14918,session_20260727_054033,0.0,0,[],null,0.0
1181,2026-07-27T05:41:10.250182+00:00,push,2,1.25423,session_20260727_054033,0.0,0,[],null,0.0
1182,2026-07-27T05:41:10.355234+00:00,push,2,1.359281,session_20260727_054033,0.0,0,[],null,0.0
1183,2026-07-27T05:41:10.460288+00:00,push,2,1.464344,session_20260727_054033,0.0,0,[],null,0.0
1184,2026-07-27T05:41:10.565353+00:00,push,2,1.569425,session_20260727_054033,0.0,0,[],null,0.0
1185,2026-07-27T05:41:10.670444+00:00,push,2,1.674499,session_20260727_054033,0.0,0,[],null,0.0
1186,2026-07-27T05:41:10.775503+00:00,push,2,1.77956,session_20260727_054033,0.0,0,[],null,0.0
1187,2026-07-27T05:41:10.875832+00:00,push,2,1.87988,session_20260727_054033,0.0,0,[],null,0.0
1188,2026-07-27T05:41:10.976037+00:00,push,2,1.980086,session_20260727_054033,0.0,0,[],null,0.0
1189,2026-07-27T05:41:11.079712+00:00,push,2,2.083761,session_20260727_054033,0.0,0,[],null,0.0
1190,2026-07-27T05:41:11.180497+00:00,push,2,2.184551,session_20260727_054033,0.0,0,[],null,0.0
1191,2026-07-27T05:41:11.281800+00:00,push,2,2.285852,session_20260727_054033,0.0,0,[],null,0.0
1192,2026-07-27T05:41:11.383502+00:00,push,2,2.387557,session_20260727_054033,0.0,0,[],null,0.0
1193,2026-07-27T05:41:11.489778+00:00,push,2,2.49383,session_20260727_054033,0.0,0,[],null,0.0
1194,2026-07-27T05:41:11.590702+00:00,push,2,2.594753,session_20260727_054033,0.0,0,[],null,0.0
1195,2026-07-27T05:41:11.692029+00:00,push,2,2.696112,session_20260727_054033,0.0,0,[],null,0.0
1196,2026-07-27T05:41:11.793807+00:00,push,2,2.797856,session_20260727_054033,0.0,0,[],null,0.0
1197,2026-07-27T05:41:11.895039+00:00,push,2,2.899082,session_20260727_054033,0.0,0,[],null,0.0
1198,2026-07-27T05:41:17.039286+00:00,push,3,4.6e-05,session_20260727_054033,0.0,0,[],null,0.0
1199,2026-07-27T05:41:17.144375+00:00,push,3,0.105138,session_20260727_054033,0.0,0,[],null,0.0
1200,2026-07-27T05:41:17.249462+00:00,push,3,0.210215,session_20260727_054033,0.0,0,[],null,0.0
1201,2026-07-27T05:41:17.354510+00:00,push,3,0.315259,session_20260727_054033,0.0,0,[],null,0.0
1202,2026-07-27T05:41:17.456713+00:00,push,3,0.417468,session_20260727_054033,0.0,0,[],null,0.0
1203,2026-07-27T05:41:17.561760+00:00,push,3,0.522507,session_20260727_054033,0.0,0,[],null,0.0
1204,2026-07-27T05:41:17.666805+00:00,push,3,0.627552,session_20260727_054033,0.0,0,[],null,0.0
1205,2026-07-27T05:41:17.771864+00:00,push,3,0.732618,session_20260727_054033,0.0,0,[],null,0.0
1206,2026-07-27T05:41:17.876927+00:00,push,3,0.837687,session_20260727_054033,0.0,0,[],null,0.0
1207,2026-07-27T05:41:17.981996+00:00,push,3,0.942756,session_20260727_054033,0.0,0,[],null,0.0
1208,2026-07-27T05:41:18.087077+00:00,push,3,1.047831,session_20260727_054033,0.0,0,[],null,0.0
1209,2026-07-27T05:41:18.192117+00:00,push,3,1.152855,session_20260727_054033,0.0,0,[],null,0.0
1210,2026-07-27T05:41:18.297163+00:00,push,3,1.257917,session_20260727_054033,0.0,0,[],null,0.0
1211,2026-07-27T05:41:18.398378+00:00,push,3,1.359142,session_20260727_054033,0.0,0,[],null,0.0
1212,2026-07-27T05:41:18.503438+00:00,push,3,1.464188,session_20260727_054033,0.0,0,[],null,0.0
1213,2026-07-27T05:41:18.608484+00:00,push,3,1.569227,session_20260727_054033,0.0,0,[],null,0.0
1214,2026-07-27T05:41:18.713526+00:00,push,3,1.674275,session_20260727_054033,0.0,0,[],null,0.0
1215,2026-07-27T05:41:18.818570+00:00,push,3,1.779314,session_20260727_054033,0.0,0,[],null,0.0
1216,2026-07-27T05:41:18.919210+00:00,push,3,1.879951,session_20260727_054033,0.0,0,[],null,0.0
1217,2026-07-27T05:41:19.019962+00:00,push,3,1.980706,session_20260727_054033,0.0,0,[],null,0.0
1218,2026-07-27T05:41:19.121209+00:00,push,3,2.081952,session_20260727_054033,0.0,0,[],null,0.0
1219,2026-07-27T05:41:19.222411+00:00,push,3,2.183155,session_20260727_054033,0.0,0,[],null,0.0
1220,2026-07-27T05:41:19.324072+00:00,push,3,2.284816,session_20260727_054033,0.0,0,[],null,0.0
1221,2026-07-27T05:41:19.424336+00:00,push,3,2.385078,session_20260727_054033,0.0,0,[],null,0.0
1222,2026-07-27T05:41:19.525302+00:00,push,3,2.486041,session_20260727_054033,0.0,0,[],null,0.0
1223,2026-07-27T05:41:19.629510+00:00,push,3,2.590255,session_20260727_054033,0.0,0,[],null,0.0
1224,2026-07-27T05:41:19.730438+00:00,push,3,2.691185,session_20260727_054033,0.0,0,[],null,0.0
1225,2026-07-27T05:41:19.831736+00:00,push,3,2.792483,session_20260727_054033,0.0,0,[],null,0.0
1226,2026-07-27T05:41:19.933453+00:00,push,3,2.894195,session_20260727_054033,0.0,0,[],null,0.0
1227,2026-07-27T05:41:23.425902+00:00,push,4,3.9e-05,session_20260727_054033,0.0,0,[],null,0.0
1228,2026-07-27T05:41:23.530631+00:00,push,4,0.104777,session_20260727_054033,0.0,0,[],null,0.0
1229,2026-07-27T05:41:23.635701+00:00,push,4,0.209833,session_20260727_054033,0.0,0,[],null,0.0
1230,2026-07-27T05:41:23.740750+00:00,push,4,0.314881,session_20260727_054033,0.0,0,[],null,0.0
1231,2026-07-27T05:41:23.845793+00:00,push,4,0.419916,session_20260727_054033,0.0,0,[],null,0.0
1232,2026-07-27T05:41:23.950830+00:00,push,4,0.524956,session_20260727_054033,0.0,0,[],null,0.0
1233,2026-07-27T05:41:24.055873+00:00,push,4,0.629994,session_20260727_054033,0.0,0,[],null,0.0
1234,2026-07-27T05:41:24.156842+00:00,push,4,0.730965,session_20260727_054033,0.0,0,[],null,0.0
1235,2026-07-27T05:41:24.261881+00:00,push,4,0.836008,session_20260727_054033,0.0,0,[],null,0.0
1236,2026-07-27T05:41:24.365092+00:00,push,4,0.939212,session_20260727_054033,0.0,0,[],null,0.0
1237,2026-07-27T05:41:24.470124+00:00,push,4,1.044244,session_20260727_054033,0.0,0,[],null,0.0
1238,2026-07-27T05:41:24.575175+00:00,push,4,1.149303,session_20260727_054033,0.0,0,[],null,0.0
1239,2026-07-27T05:41:24.680218+00:00,push,4,1.254341,session_20260727_054033,0.0,0,[],null,0.0
1240,2026-07-27T05:41:24.785252+00:00,push,4,1.359372,session_20260727_054033,0.0,0,[],null,0.0
1241,2026-07-27T05:41:24.889905+00:00,push,4,1.464037,session_20260727_054033,0.0,0,[],null,0.0
1242,2026-07-27T05:41:24.992403+00:00,push,4,1.566524,session_20260727_054033,0.0,0,[],null,0.0
1243,2026-07-27T05:41:25.093123+00:00,push,4,1.667244,session_20260727_054033,0.0,0,[],null,0.0
1244,2026-07-27T05:41:25.198154+00:00,push,4,1.772273,session_20260727_054033,0.0,0,[],null,0.0
1245,2026-07-27T05:41:25.298747+00:00,push,4,1.872871,session_20260727_054033,0.0,0,[],null,0.0
1246,2026-07-27T05:41:25.399478+00:00,push,4,1.973603,session_20260727_054033,0.0,0,[],null,0.0
1247,2026-07-27T05:41:25.500499+00:00,push,4,2.074621,session_20260727_054033,0.0,0,[],null,0.0
1248,2026-07-27T05:41:25.601845+00:00,push,4,2.175965,session_20260727_054033,0.0,0,[],null,0.0
1249,2026-07-27T05:41:25.703179+00:00,push,4,2.277299,session_20260727_054033,0.0,0,[],null,0.0
1250,2026-07-27T05:41:25.805007+00:00,push,4,2.379132,session_20260727_054033,0.0,0,[],null,0.0
1251,2026-07-27T05:41:25.905790+00:00,push,4,2.479908,session_20260727_054033,0.0,0,[],null,0.0
1252,2026-07-27T05:41:26.005916+00:00,push,4,2.580037,session_20260727_054033,0.0,0,[],null,0.0
1253,2026-07-27T05:41:26.109587+00:00,push,4,2.683703,session_20260727_054033,0.0,0,[],null,0.0
1254,2026-07-27T05:41:26.210489+00:00,push,4,2.78461,session_20260727_054033,0.0,0,[],null,0.0
1255,2026-07-27T05:41:26.311763+00:00,push,4,2.885879,session_20260727_054033,0.0,0,[],null,0.0
1256,2026-07-27T05:41:28.684235+00:00,push,5,4.7e-05,session_20260727_054033,0.0,0,[],null,0.0
1257,2026-07-27T05:41:28.786820+00:00,push,5,0.102635,session_20260727_054033,0.0,0,[],null,0.0
1258,2026-07-27T05:41:28.889971+00:00,push,5,0.205773,session_20260727_054033,0.0,0,[],null,0.0
1259,2026-07-27T05:41:28.995026+00:00,push,5,0.310824,session_20260727_054033,0.0,0,[],null,0.0
1260,2026-07-27T05:41:29.096224+00:00,push,5,0.412013,session_20260727_054033,0.0,0,[],null,0.0
1261,2026-07-27T05:41:29.201260+00:00,push,5,0.517049,session_20260727_054033,0.0,0,[],null,0.0
1262,2026-07-27T05:41:29.306292+00:00,push,5,0.622085,session_20260727_054033,0.0,0,[],null,0.0
1263,2026-07-27T05:41:29.411334+00:00,push,5,0.727125,session_20260727_054033,0.0,0,[],null,0.0
1264,2026-07-27T05:41:29.516367+00:00,push,5,0.832154,session_20260727_054033,0.0,0,[],null,0.0
1265,2026-07-27T05:41:29.621393+00:00,push,5,0.937181,session_20260727_054033,0.0,0,[],null,0.0
1266,2026-07-27T05:41:29.726428+00:00,push,5,1.04222,session_20260727_054033,0.0,0,[],null,0.0
1267,2026-07-27T05:41:29.826668+00:00,push,5,1.14246,session_20260727_054033,0.0,0,[],null,0.0
1268,2026-07-27T05:41:29.931697+00:00,push,5,1.247486,session_20260727_054033,0.0,0,[],null,0.0
1269,2026-07-27T05:41:30.036728+00:00,push,5,1.352517,session_20260727_054033,0.0,0,[],null,0.0
1270,2026-07-27T05:41:30.141758+00:00,push,5,1.457547,session_20260727_054033,0.0,0,[],null,0.0
1271,2026-07-27T05:41:30.246795+00:00,push,5,1.562587,session_20260727_054033,0.0,0,[],null,0.0
1272,2026-07-27T05:41:30.351847+00:00,push,5,1.667639,session_20260727_054033,0.0,0,[],null,0.0
1273,2026-07-27T05:41:30.456889+00:00,push,5,1.772683,session_20260727_054033,0.0,0,[],null,0.0
1274,2026-07-27T05:41:30.556961+00:00,push,5,1.872754,session_20260727_054033,0.0,0,[],null,0.0
1275,2026-07-27T05:41:30.659779+00:00,push,5,1.975568,session_20260727_054033,0.0,0,[],null,0.0
1276,2026-07-27T05:41:30.760707+00:00,push,5,2.076499,session_20260727_054033,0.0,0,[],null,0.0
1277,2026-07-27T05:41:30.862034+00:00,push,5,2.177822,session_20260727_054033,0.0,0,[],null,0.0
1278,2026-07-27T05:41:30.963763+00:00,push,5,2.279552,session_20260727_054033,0.0,0,[],null,0.0
1279,2026-07-27T05:41:31.069864+00:00,push,5,2.38565,session_20260727_054033,0.0,0,[],null,0.0
1280,2026-07-27T05:41:31.170769+00:00,push,5,2.486555,session_20260727_054033,0.0,0,[],null,0.0
1281,2026-07-27T05:41:31.272062+00:00,push,5,2.587849,session_20260727_054033,0.0,0,[],null,0.0
1282,2026-07-27T05:41:31.373735+00:00,push,5,2.689521,session_20260727_054033,0.0,0,[],null,0.0
1283,2026-07-27T05:41:31.475859+00:00,push,5,2.791646,session_20260727_054033,0.0,0,[],null,0.0
1284,2026-07-27T05:41:31.579932+00:00,push,5,2.895717,session_20260727_054033,0.0,0,[],null,0.0
1285,2026-07-27T05:41:34.487101+00:00,push,6,3e-05,session_20260727_054033,0.0,0,[],null,0.0
1286,2026-07-27T05:41:34.589956+00:00,push,6,0.102902,session_20260727_054033,0.0,0,[],null,0.0
1287,2026-07-27T05:41:34.693404+00:00,push,6,0.206329,session_20260727_054033,0.0,0,[],null,0.0
1288,2026-07-27T05:41:34.798354+00:00,push,6,0.311282,session_20260727_054033,0.0,0,[],null,0.0
1289,2026-07-27T05:41:34.903398+00:00,push,6,0.416324,session_20260727_054033,0.0,0,[],null,0.0
1290,2026-07-27T05:41:35.004670+00:00,push,6,0.517594,session_20260727_054033,0.0,0,[],null,0.0
1291,2026-07-27T05:41:35.106601+00:00,push,6,0.619526,session_20260727_054033,0.0,0,[],null,0.0
1292,2026-07-27T05:41:35.208334+00:00,push,6,0.721257,session_20260727_054033,0.0,0,[],null,0.0
1293,2026-07-27T05:41:35.313388+00:00,push,6,0.826304,session_20260727_054033,0.0,0,[],null,0.0
1294,2026-07-27T05:41:35.418431+00:00,push,6,0.931364,session_20260727_054033,0.0,0,[],null,0.0
1295,2026-07-27T05:41:35.523487+00:00,push,6,1.036413,session_20260727_054033,0.0,0,[],null,0.0
1296,2026-07-27T05:41:35.628550+00:00,push,6,1.141485,session_20260727_054033,0.0,0,[],null,0.0
1297,2026-07-27T05:41:35.733618+00:00,push,6,1.246557,session_20260727_054033,0.0,0,[],null,0.0
1298,2026-07-27T05:41:35.838681+00:00,push,6,1.351609,session_20260727_054033,0.0,0,[],null,0.0
1299,2026-07-27T05:41:35.943725+00:00,push,6,1.456647,session_20260727_054033,0.0,0,[],null,0.0
1300,2026-07-27T05:41:36.048766+00:00,push,6,1.561688,session_20260727_054033,0.0,0,[],null,0.0
1301,2026-07-27T05:41:36.153801+00:00,push,6,1.666727,session_20260727_054033,0.0,0,[],null,0.0
1302,2026-07-27T05:41:36.258846+00:00,push,6,1.771767,session_20260727_054033,0.0,0,[],null,0.0
1303,2026-07-27T05:41:36.359534+00:00,push,6,1.872452,session_20260727_054033,0.0,0,[],null,0.0
1304,2026-07-27T05:41:36.460467+00:00,push,6,1.973384,session_20260727_054033,0.0,0,[],null,0.0
1305,2026-07-27T05:41:36.561778+00:00,push,6,2.074697,session_20260727_054033,0.0,0,[],null,0.0
1306,2026-07-27T05:41:36.662305+00:00,push,6,2.175221,session_20260727_054033,0.0,0,[],null,0.0
1307,2026-07-27T05:41:36.763833+00:00,push,6,2.276751,session_20260727_054033,0.0,0,[],null,0.0
1308,2026-07-27T05:41:36.865922+00:00,push,6,2.378838,session_20260727_054033,0.0,0,[],null,0.0
1309,2026-07-27T05:41:36.966056+00:00,push,6,2.478975,session_20260727_054033,0.0,0,[],null,0.0
1310,2026-07-27T05:41:37.069891+00:00,push,6,2.582806,session_20260727_054033,0.0,0,[],null,0.0
1311,2026-07-27T05:41:37.170767+00:00,push,6,2.683684,session_20260727_054033,0.0,0,[],null,0.0
1312,2026-07-27T05:41:37.272039+00:00,push,6,2.784955,session_20260727_054033,0.0,0,[],null,0.0
1313,2026-07-27T05:41:37.373721+00:00,push,6,2.886638,session_20260727_054033,0.0,0,[],null,0.0
1314,2026-07-27T05:41:44.557677+00:00,push,7,3.7e-05,session_20260727_054033,0.0,0,[],null,0.0
1315,2026-07-27T05:41:44.662745+00:00,push,7,0.105115,session_20260727_054033,0.0,0,[],null,0.0
1316,2026-07-27T05:41:44.767812+00:00,push,7,0.210167,session_20260727_054033,0.0,0,[],null,0.0
1317,2026-07-27T05:41:44.870690+00:00,push,7,0.313043,session_20260727_054033,0.0,0,[],null,0.0
1318,2026-07-27T05:41:44.974859+00:00,push,7,0.417213,session_20260727_054033,0.0,0,[],null,0.0
1319,2026-07-27T05:41:45.075866+00:00,push,7,0.518218,session_20260727_054033,0.0,0,[],null,0.0
1320,2026-07-27T05:41:45.180905+00:00,push,7,0.623251,session_20260727_054033,0.0,0,[],null,0.0
1321,2026-07-27T05:41:45.285938+00:00,push,7,0.72829,session_20260727_054033,0.0,0,[],null,0.0
1322,2026-07-27T05:41:45.390983+00:00,push,7,0.833331,session_20260727_054033,0.0,0,[],null,0.0
1323,2026-07-27T05:41:45.496038+00:00,push,7,0.938412,session_20260727_054033,0.0,0,[],null,0.0
1324,2026-07-27T05:41:45.601120+00:00,push,7,1.043473,session_20260727_054033,0.0,0,[],null,0.0
1325,2026-07-27T05:41:45.706162+00:00,push,7,1.148505,session_20260727_054033,0.0,0,[],null,0.0
1326,2026-07-27T05:41:45.811210+00:00,push,7,1.253572,session_20260727_054033,0.0,0,[],null,0.0
1327,2026-07-27T05:41:45.916271+00:00,push,7,1.358628,session_20260727_054033,0.0,0,[],null,0.0
1328,2026-07-27T05:41:46.019671+00:00,push,7,1.462017,session_20260727_054033,0.0,0,[],null,0.0
1329,2026-07-27T05:41:46.124703+00:00,push,7,1.567052,session_20260727_054033,0.0,0,[],null,0.0
1330,2026-07-27T05:41:46.229739+00:00,push,7,1.672088,session_20260727_054033,0.0,0,[],null,0.0
1331,2026-07-27T05:41:46.334769+00:00,push,7,1.777113,session_20260727_054033,0.0,0,[],null,0.0
1332,2026-07-27T05:41:46.439826+00:00,push,7,1.882171,session_20260727_054033,0.0,0,[],null,0.0
1333,2026-07-27T05:41:46.540725+00:00,push,7,1.98307,session_20260727_054033,0.0,0,[],null,0.0
1334,2026-07-27T05:41:46.642003+00:00,push,7,2.084346,session_20260727_054033,0.0,0,[],null,0.0
1335,2026-07-27T05:41:46.743690+00:00,push,7,2.186035,session_20260727_054033,0.0,0,[],null,0.0
1336,2026-07-27T05:41:46.849937+00:00,push,7,2.292281,session_20260727_054033,0.0,0,[],null,0.0
1337,2026-07-27T05:41:46.950832+00:00,push,7,2.393177,session_20260727_054033,0.0,0,[],null,0.0
1338,2026-07-27T05:41:47.052064+00:00,push,7,2.494407,session_20260727_054033,0.0,0,[],null,0.0
1339,2026-07-27T05:41:47.153698+00:00,push,7,2.59604,session_20260727_054033,0.0,0,[],null,0.0
1340,2026-07-27T05:41:47.254693+00:00,push,7,2.697038,session_20260727_054033,0.0,0,[],null,0.0
1341,2026-07-27T05:41:47.355519+00:00,push,7,2.79786,session_20260727_054033,0.0,0,[],null,0.0
1342,2026-07-27T05:41:50.387492+00:00,push,8,3.5e-05,session_20260727_054033,0.0,0,[],null,0.0
1343,2026-07-27T05:41:50.491330+00:00,push,8,0.103891,session_20260727_054033,0.0,0,[],null,0.0
1344,2026-07-27T05:41:50.593125+00:00,push,8,0.205655,session_20260727_054033,0.0,0,[],null,0.0
1345,2026-07-27T05:41:50.698170+00:00,push,8,0.310719,session_20260727_054033,0.0,0,[],null,0.0
1346,2026-07-27T05:41:50.801129+00:00,push,8,0.413667,session_20260727_054033,0.0,0,[],null,0.0
1347,2026-07-27T05:41:50.906179+00:00,push,8,0.518715,session_20260727_054033,0.0,0,[],null,0.0
1348,2026-07-27T05:41:51.006511+00:00,push,8,0.61904,session_20260727_054033,0.0,0,[],null,0.0
1349,2026-07-27T05:41:51.110203+00:00,push,8,0.722734,session_20260727_054033,0.0,0,[],null,0.0
1350,2026-07-27T05:41:51.215250+00:00,push,8,0.827778,session_20260727_054033,0.0,0,[],null,0.0
1351,2026-07-27T05:41:51.320293+00:00,push,8,0.932823,session_20260727_054033,0.0,0,[],null,0.0
1352,2026-07-27T05:41:51.425327+00:00,push,8,1.037862,session_20260727_054033,0.0,0,[],null,0.0
1353,2026-07-27T05:41:51.530397+00:00,push,8,1.142944,session_20260727_054033,0.0,0,[],null,0.0
1354,2026-07-27T05:41:51.635460+00:00,push,8,1.248003,session_20260727_054033,0.0,0,[],null,0.0
1355,2026-07-27T05:41:51.736720+00:00,push,8,1.349272,session_20260727_054033,0.0,0,[],null,0.0
1356,2026-07-27T05:41:51.841783+00:00,push,8,1.454323,session_20260727_054033,0.0,0,[],null,0.0
1357,2026-07-27T05:41:51.946836+00:00,push,8,1.559376,session_20260727_054033,0.0,0,[],null,0.0
1358,2026-07-27T05:41:52.051880+00:00,push,8,1.664411,session_20260727_054033,0.0,0,[],null,0.0
1359,2026-07-27T05:41:52.156928+00:00,push,8,1.769462,session_20260727_054033,0.0,0,[],null,0.0
1360,2026-07-27T05:41:52.256978+00:00,push,8,1.869507,session_20260727_054033,0.0,0,[],null,0.0
1361,2026-07-27T05:41:52.357195+00:00,push,8,1.969721,session_20260727_054033,0.0,0,[],null,0.0
1362,2026-07-27T05:41:52.457613+00:00,push,8,2.070143,session_20260727_054033,0.0,0,[],null,0.0
1363,2026-07-27T05:41:52.560145+00:00,push,8,2.172674,session_20260727_054033,0.0,0,[],null,0.0
1364,2026-07-27T05:41:52.661084+00:00,push,8,2.273612,session_20260727_054033,0.0,0,[],null,0.0
1365,2026-07-27T05:41:52.762384+00:00,push,8,2.374914,session_20260727_054033,0.0,0,[],null,0.0
1366,2026-07-27T05:41:52.864094+00:00,push,8,2.476625,session_20260727_054033,0.0,0,[],null,0.0
1367,2026-07-27T05:41:52.965406+00:00,push,8,2.577934,session_20260727_054033,0.0,0,[],null,0.0
1368,2026-07-27T05:41:53.066899+00:00,push,8,2.679426,session_20260727_054033,0.0,0,[],null,0.0
1369,2026-07-27T05:41:53.167046+00:00,push,8,2.779574,session_20260727_054033,0.0,0,[],null,0.0
1370,2026-07-27T05:41:53.267381+00:00,push,8,2.879908,session_20260727_054033,0.0,0,[],null,0.0
1371,2026-07-27T05:41:55.700630+00:00,push,9,4.2e-05,session_20260727_054033,0.0,0,[],null,0.0
1372,2026-07-27T05:41:55.802143+00:00,push,9,0.101563,session_20260727_054033,0.0,0,[],null,0.0
1373,2026-07-27T05:41:55.906499+00:00,push,9,0.205905,session_20260727_054033,0.0,0,[],null,0.0
1374,2026-07-27T05:41:56.007182+00:00,push,9,0.306588,session_20260727_054033,0.0,0,[],null,0.0
1375,2026-07-27T05:41:56.112227+00:00,push,9,0.411625,session_20260727_054033,0.0,0,[],null,0.0
1376,2026-07-27T05:41:56.217264+00:00,push,9,0.516657,session_20260727_054033,0.0,0,[],null,0.0
1377,2026-07-27T05:41:56.322294+00:00,push,9,0.621687,session_20260727_054033,0.0,0,[],null,0.0
1378,2026-07-27T05:41:56.424155+00:00,push,9,0.723548,session_20260727_054033,0.0,0,[],null,0.0
1379,2026-07-27T05:41:56.529183+00:00,push,9,0.828574,session_20260727_054033,0.0,0,[],null,0.0
1380,2026-07-27T05:41:56.634215+00:00,push,9,0.933608,session_20260727_054033,0.0,0,[],null,0.0
1381,2026-07-27T05:41:56.739260+00:00,push,9,1.038659,session_20260727_054033,0.0,0,[],null,0.0
1382,2026-07-27T05:41:56.844301+00:00,push,9,1.143692,session_20260727_054033,0.0,0,[],null,0.0
1383,2026-07-27T05:41:56.949350+00:00,push,9,1.248755,session_20260727_054033,0.0,0,[],null,0.0
1384,2026-07-27T05:41:57.054404+00:00,push,9,1.353805,session_20260727_054033,0.0,0,[],null,0.0
1385,2026-07-27T05:41:57.159449+00:00,push,9,1.45885,session_20260727_054033,0.0,0,[],null,0.0
1386,2026-07-27T05:41:57.264490+00:00,push,9,1.563883,session_20260727_054033,0.0,0,[],null,0.0
1387,2026-07-27T05:41:57.369528+00:00,push,9,1.668929,session_20260727_054033,0.0,0,[],null,0.0
1388,2026-07-27T05:41:57.474570+00:00,push,9,1.77397,session_20260727_054033,0.0,0,[],null,0.0
1389,2026-07-27T05:41:57.576779+00:00,push,9,1.876169,session_20260727_054033,0.0,0,[],null,0.0
1390,2026-07-27T05:41:57.676965+00:00,push,9,1.976356,session_20260727_054033,0.0,0,[],null,0.0
1391,2026-07-27T05:41:57.777288+00:00,push,9,2.076682,session_20260727_054033,0.0,0,[],null,0.0
1392,2026-07-27T05:41:57.879976+00:00,push,9,2.179365,session_20260727_054033,0.0,0,[],null,0.0
1393,2026-07-27T05:41:57.980878+00:00,push,9,2.28027,session_20260727_054033,0.0,0,[],null,0.0
1394,2026-07-27T05:41:58.082161+00:00,push,9,2.381552,session_20260727_054033,0.0,0,[],null,0.0
1395,2026-07-27T05:41:58.183853+00:00,push,9,2.483243,session_20260727_054033,0.0,0,[],null,0.0
1396,2026-07-27T05:41:58.285797+00:00,push,9,2.585187,session_20260727_054033,0.0,0,[],null,0.0
1397,2026-07-27T05:41:58.385864+00:00,push,9,2.685255,session_20260727_054033,0.0,0,[],null,0.0
1398,2026-07-27T05:41:58.486925+00:00,push,9,2.786313,session_20260727_054033,0.0,0,[],null,0.0
1399,2026-07-27T05:41:58.586992+00:00,push,9,2.886384,session_20260727_054033,0.0,0,[],null,0.0
1400,2026-07-27T05:42:06.301976+00:00,pull,0,4.5e-05,session_20260727_054033,0.0,0,[],null,0.0
1401,2026-07-27T05:42:06.407052+00:00,pull,0,0.105125,session_20260727_054033,0.0,0,[],null,0.0
1402,2026-07-27T05:42:06.512135+00:00,pull,0,0.210194,session_20260727_054033,0.0,0,[],null,0.0
1403,2026-07-27T05:42:06.615293+00:00,pull,0,0.313346,session_20260727_054033,0.0,0,[],null,0.0
1404,2026-07-27T05:42:06.720328+00:00,pull,0,0.418381,session_20260727_054033,0.0,0,[],null,0.0
1405,2026-07-27T05:42:06.825385+00:00,pull,0,0.523436,session_20260727_054033,0.0,0,[],null,0.0
1406,2026-07-27T05:42:06.930440+00:00,pull,0,0.628492,session_20260727_054033,0.0,0,[],null,0.0
1407,2026-07-27T05:42:07.035473+00:00,pull,0,0.733521,session_20260727_054033,0.0,0,[],null,0.0
1408,2026-07-27T05:42:07.139744+00:00,pull,0,0.837796,session_20260727_054033,0.0,0,[],null,0.0
1409,2026-07-27T05:42:07.244783+00:00,pull,0,0.942835,session_20260727_054033,0.0,0,[],null,0.0
1410,2026-07-27T05:42:07.349832+00:00,pull,0,1.047889,session_20260727_054033,0.0,0,[],null,0.0
1411,2026-07-27T05:42:07.454902+00:00,pull,0,1.152971,session_20260727_054033,0.0,0,[],null,0.0
1412,2026-07-27T05:42:07.555254+00:00,pull,0,1.253302,session_20260727_054033,0.0,0,[],null,0.0
1413,2026-07-27T05:42:07.660310+00:00,pull,0,1.358368,session_20260727_054033,0.0,0,[],null,0.0
1414,2026-07-27T05:42:07.765372+00:00,pull,0,1.463448,session_20260727_054033,0.0,0,[],null,0.0
1415,2026-07-27T05:42:07.870446+00:00,pull,0,1.568496,session_20260727_054033,0.0,0,[],null,0.0
1416,2026-07-27T05:42:07.972541+00:00,pull,0,1.670594,session_20260727_054033,0.0,0,[],null,0.0
1417,2026-07-27T05:42:08.077594+00:00,pull,0,1.775645,session_20260727_054033,0.0,0,[],null,0.0
1418,2026-07-27T05:42:08.180039+00:00,pull,0,1.878086,session_20260727_054033,0.0,0,[],null,0.0
1419,2026-07-27T05:42:08.280844+00:00,pull,0,1.978893,session_20260727_054033,0.0,0,[],null,0.0
1420,2026-07-27T05:42:08.381378+00:00,pull,0,2.079427,session_20260727_054033,0.0,0,[],null,0.0
1421,2026-07-27T05:42:08.482820+00:00,pull,0,2.180866,session_20260727_054033,0.0,0,[],null,0.0
1422,2026-07-27T05:42:08.583511+00:00,pull,0,2.281557,session_20260727_054033,0.0,0,[],null,0.0
1423,2026-07-27T05:42:08.685243+00:00,pull,0,2.383291,session_20260727_054033,0.0,0,[],null,0.0
1424,2026-07-27T05:42:08.786429+00:00,pull,0,2.484475,session_20260727_054033,0.0,0,[],null,0.0
1425,2026-07-27T05:42:08.886606+00:00,pull,0,2.584653,session_20260727_054033,0.0,0,[],null,0.0
1426,2026-07-27T05:42:08.990286+00:00,pull,0,2.688332,session_20260727_054033,0.0,0,[],null,0.0
1427,2026-07-27T05:42:09.091210+00:00,pull,0,2.789261,session_20260727_054033,0.0,0,[],null,0.0
1428,2026-07-27T05:42:09.192521+00:00,pull,0,2.890574,session_20260727_054033,0.0,0,[],null,0.0
1429,2026-07-27T05:42:14.211642+00:00,pull,1,4e-05,session_20260727_054033,0.0,0,[],null,0.0
1430,2026-07-27T05:42:14.314269+00:00,pull,1,0.102663,session_20260727_054033,0.0,0,[],null,0.0
1431,2026-07-27T05:42:14.419332+00:00,pull,1,0.207725,session_20260727_054033,0.0,0,[],null,0.0
1432,2026-07-27T05:42:14.523061+00:00,pull,1,0.311455,session_20260727_054033,0.0,0,[],null,0.0
1433,2026-07-27T05:42:14.628111+00:00,pull,1,0.416492,session_20260727_054033,0.0,0,[],null,0.0
1434,2026-07-27T05:42:14.730362+00:00,pull,1,0.518756,session_20260727_054033,0.0,0,[],null,0.0
1435,2026-07-27T05:42:14.835419+00:00,pull,1,0.623812,session_20260727_054033,0.0,0,[],null,0.0
1436,2026-07-27T05:42:14.939730+00:00,pull,1,0.728115,session_20260727_054033,0.0,0,[],null,0.0
1437,2026-07-27T05:42:15.044773+00:00,pull,1,0.833155,session_20260727_054033,0.0,0,[],null,0.0
1438,2026-07-27T05:42:15.149833+00:00,pull,1,0.938218,session_20260727_054033,0.0,0,[],null,0.0
1439,2026-07-27T05:42:15.253066+00:00,pull,1,1.041446,session_20260727_054033,0.0,0,[],null,0.0
1440,2026-07-27T05:42:15.358144+00:00,pull,1,1.146534,session_20260727_054033,0.0,0,[],null,0.0
1441,2026-07-27T05:42:15.463207+00:00,pull,1,1.251608,session_20260727_054033,0.0,0,[],null,0.0
1442,2026-07-27T05:42:15.568293+00:00,pull,1,1.3567,session_20260727_054033,0.0,0,[],null,0.0
1443,2026-07-27T05:42:15.673363+00:00,pull,1,1.461745,session_20260727_054033,0.0,0,[],null,0.0
1444,2026-07-27T05:42:15.778425+00:00,pull,1,1.566818,session_20260727_054033,0.0,0,[],null,0.0
1445,2026-07-27T05:42:15.883475+00:00,pull,1,1.67186,session_20260727_054033,0.0,0,[],null,0.0
1446,2026-07-27T05:42:15.988515+00:00,pull,1,1.776896,session_20260727_054033,0.0,0,[],null,0.0
1447,2026-07-27T05:42:16.089682+00:00,pull,1,1.878061,session_20260727_054033,0.0,0,[],null,0.0
1448,2026-07-27T05:42:16.190435+00:00,pull,1,1.978814,session_20260727_054033,0.0,0,[],null,0.0
1449,2026-07-27T05:42:16.290573+00:00,pull,1,2.07895,session_20260727_054033,0.0,0,[],null,0.0
1450,2026-07-27T05:42:16.391696+00:00,pull,1,2.180076,session_20260727_054033,0.0,0,[],null,0.0
1451,2026-07-27T05:42:16.493170+00:00,pull,1,2.281548,session_20260727_054033,0.0,0,[],null,0.0
1452,2026-07-27T05:42:16.593901+00:00,pull,1,2.38228,session_20260727_054033,0.0,0,[],null,0.0
1453,2026-07-27T05:42:16.700166+00:00,pull,1,2.488544,session_20260727_054033,0.0,0,[],null,0.0
1454,2026-07-27T05:42:16.801078+00:00,pull,1,2.589458,session_20260727_054033,0.0,0,[],null,0.0
1455,2026-07-27T05:42:16.901780+00:00,pull,1,2.690159,session_20260727_054033,0.0,0,[],null,0.0
1456,2026-07-27T05:42:17.003344+00:00,pull,1,2.791724,session_20260727_054033,0.0,0,[],null,0.0
1457,2026-07-27T05:42:17.104964+00:00,pull,1,2.893346,session_20260727_054033,0.0,0,[],null,0.0
1458,2026-07-27T05:42:21.653470+00:00,pull,2,4.9e-05,session_20260727_054033,0.0,0,[],null,0.0
1459,2026-07-27T05:42:21.758566+00:00,pull,2,0.105145,session_20260727_054033,0.0,0,[],null,0.0
1460,2026-07-27T05:42:21.863631+00:00,pull,2,0.210198,session_20260727_054033,0.0,0,[],null,0.0
1461,2026-07-27T05:42:21.967082+00:00,pull,2,0.31364,session_20260727_054033,0.0,0,[],null,0.0
1462,2026-07-27T05:42:22.069184+00:00,pull,2,0.415742,session_20260727_054033,0.0,0,[],null,0.0
1463,2026-07-27T05:42:22.171355+00:00,pull,2,0.517916,session_20260727_054033,0.0,0,[],null,0.0
1464,2026-07-27T05:42:22.276400+00:00,pull,2,0.622956,session_20260727_054033,0.0,0,[],null,0.0
1465,2026-07-27T05:42:22.381436+00:00,pull,2,0.727996,session_20260727_054033,0.0,0,[],null,0.0
1466,2026-07-27T05:42:22.483002+00:00,pull,2,0.829572,session_20260727_054033,0.0,0,[],null,0.0
1467,2026-07-27T05:42:22.588061+00:00,pull,2,0.934627,session_20260727_054033,0.0,0,[],null,0.0
1468,2026-07-27T05:42:22.688326+00:00,pull,2,1.034885,session_20260727_054033,0.0,0,[],null,0.0
1469,2026-07-27T05:42:22.793389+00:00,pull,2,1.139961,session_20260727_054033,0.0,0,[],null,0.0
1470,2026-07-27T05:42:22.898441+00:00,pull,2,1.245002,session_20260727_054033,0.0,0,[],null,0.0
1471,2026-07-27T05:42:23.003504+00:00,pull,2,1.350065,session_20260727_054033,0.0,0,[],null,0.0
1472,2026-07-27T05:42:23.108543+00:00,pull,2,1.455096,session_20260727_054033,0.0,0,[],null,0.0
1473,2026-07-27T05:42:23.213569+00:00,pull,2,1.560123,session_20260727_054033,0.0,0,[],null,0.0
1474,2026-07-27T05:42:23.318602+00:00,pull,2,1.665157,session_20260727_054033,0.0,0,[],null,0.0
1475,2026-07-27T05:42:23.422992+00:00,pull,2,1.769549,session_20260727_054033,0.0,0,[],null,0.0
1476,2026-07-27T05:42:23.523679+00:00,pull,2,1.870233,session_20260727_054033,0.0,0,[],null,0.0
1477,2026-07-27T05:42:23.624545+00:00,pull,2,1.971098,session_20260727_054033,0.0,0,[],null,0.0
1478,2026-07-27T05:42:23.726091+00:00,pull,2,2.072643,session_20260727_054033,0.0,0,[],null,0.0
1479,2026-07-27T05:42:23.830449+00:00,pull,2,2.177001,session_20260727_054033,0.0,0,[],null,0.0
1480,2026-07-27T05:42:23.931352+00:00,pull,2,2.277905,session_20260727_054033,0.0,0,[],null,0.0
1481,2026-07-27T05:42:24.032647+00:00,pull,2,2.379199,session_20260727_054033,0.0,0,[],null,0.0
1482,2026-07-27T05:42:24.134347+00:00,pull,2,2.4809,session_20260727_054033,0.0,0,[],null,0.0
1483,2026-07-27T05:42:24.235726+00:00,pull,2,2.582277,session_20260727_054033,0.0,0,[],null,0.0
1484,2026-07-27T05:42:24.337045+00:00,pull,2,2.683594,session_20260727_054033,0.0,0,[],null,0.0
1485,2026-07-27T05:42:24.437230+00:00,pull,2,2.783783,session_20260727_054033,0.0,0,[],null,0.0
1486,2026-07-27T05:42:24.537624+00:00,pull,2,2.884178,session_20260727_054033,0.0,0,[],null,0.0
1487,2026-07-27T05:42:27.744491+00:00,pull,3,3.7e-05,session_20260727_054033,0.0,0,[],null,0.0
1488,2026-07-27T05:42:27.849563+00:00,pull,3,0.105121,session_20260727_054033,0.0,0,[],null,0.0
1489,2026-07-27T05:42:27.954638+00:00,pull,3,0.21018,session_20260727_054033,0.0,0,[],null,0.0
1490,2026-07-27T05:42:28.056561+00:00,pull,3,0.312096,session_20260727_054033,0.0,0,[],null,0.0
1491,2026-07-27T05:42:28.158648+00:00,pull,3,0.414188,session_20260727_054033,0.0,0,[],null,0.0
1492,2026-07-27T05:42:28.261416+00:00,pull,3,0.516949,session_20260727_054033,0.0,0,[],null,0.0
1493,2026-07-27T05:42:28.365084+00:00,pull,3,0.620612,session_20260727_054033,0.0,0,[],null,0.0
1494,2026-07-27T05:42:28.466239+00:00,pull,3,0.721782,session_20260727_054033,0.0,0,[],null,0.0
1495,2026-07-27T05:42:28.571301+00:00,pull,3,0.82683,session_20260727_054033,0.0,0,[],null,0.0
1496,2026-07-27T05:42:28.676349+00:00,pull,3,0.931879,session_20260727_054033,0.0,0,[],null,0.0
1497,2026-07-27T05:42:28.776553+00:00,pull,3,1.03209,session_20260727_054033,0.0,0,[],null,0.0
1498,2026-07-27T05:42:28.881622+00:00,pull,3,1.137171,session_20260727_054033,0.0,0,[],null,0.0
1499,2026-07-27T05:42:28.986687+00:00,pull,3,1.242234,session_20260727_054033,0.0,0,[],null,0.0
1500,2026-07-27T05:42:29.089688+00:00,pull,3,1.34524,session_20260727_054033,0.0,0,[],null,0.0
1501,2026-07-27T05:42:29.194748+00:00,pull,3,1.450284,session_20260727_054033,0.0,0,[],null,0.0
1502,2026-07-27T05:42:29.299786+00:00,pull,3,1.555319,session_20260727_054033,0.0,0,[],null,0.0
1503,2026-07-27T05:42:29.403054+00:00,pull,3,1.658592,session_20260727_054033,0.0,0,[],null,0.0
1504,2026-07-27T05:42:29.506303+00:00,pull,3,1.761838,session_20260727_054033,0.0,0,[],null,0.0
1505,2026-07-27T05:42:29.606972+00:00,pull,3,1.8625,session_20260727_054033,0.0,0,[],null,0.0
1506,2026-07-27T05:42:29.707157+00:00,pull,3,1.96269,session_20260727_054033,0.0,0,[],null,0.0
1507,2026-07-27T05:42:29.807481+00:00,pull,3,2.063011,session_20260727_054033,0.0,0,[],null,0.0
1508,2026-07-27T05:42:29.907883+00:00,pull,3,2.163416,session_20260727_054033,0.0,0,[],null,0.0
1509,2026-07-27T05:42:30.008072+00:00,pull,3,2.263601,session_20260727_054033,0.0,0,[],null,0.0
1510,2026-07-27T05:42:30.108465+00:00,pull,3,2.363993,session_20260727_054033,0.0,0,[],null,0.0
1511,2026-07-27T05:42:30.209118+00:00,pull,3,2.464646,session_20260727_054033,0.0,0,[],null,0.0
1512,2026-07-27T05:42:30.310248+00:00,pull,3,2.565773,session_20260727_054033,0.0,0,[],null,0.0
1513,2026-07-27T05:42:30.411159+00:00,pull,3,2.666691,session_20260727_054033,0.0,0,[],null,0.0
1514,2026-07-27T05:42:30.512410+00:00,pull,3,2.767945,session_20260727_054033,0.0,0,[],null,0.0
1515,2026-07-27T05:42:30.613949+00:00,pull,3,2.869482,session_20260727_054033,0.0,0,[],null,0.0
1516,2026-07-27T05:42:33.184254+00:00,pull,4,2.8e-05,session_20260727_054033,0.0,0,[],null,0.0
1517,2026-07-27T05:42:33.289311+00:00,pull,4,0.105088,session_20260727_054033,0.0,0,[],null,0.0
1518,2026-07-27T05:42:33.393420+00:00,pull,4,0.209196,session_20260727_054033,0.0,0,[],null,0.0
1519,2026-07-27T05:42:33.495497+00:00,pull,4,0.311266,session_20260727_054033,0.0,0,[],null,0.0
1520,2026-07-27T05:42:33.597591+00:00,pull,4,0.413359,session_20260727_054033,0.0,0,[],null,0.0
1521,2026-07-27T05:42:33.700505+00:00,pull,4,0.516286,session_20260727_054033,0.0,0,[],null,0.0
1522,2026-07-27T05:42:33.805269+00:00,pull,4,0.621038,session_20260727_054033,0.0,0,[],null,0.0
1523,2026-07-27T05:42:33.910325+00:00,pull,4,0.726095,session_20260727_054033,0.0,0,[],null,0.0
1524,2026-07-27T05:42:34.015368+00:00,pull,4,0.831132,session_20260727_054033,0.0,0,[],null,0.0
1525,2026-07-27T05:42:34.120409+00:00,pull,4,0.936177,session_20260727_054033,0.0,0,[],null,0.0
1526,2026-07-27T05:42:34.222082+00:00,pull,4,1.037845,session_20260727_054033,0.0,0,[],null,0.0
1527,2026-07-27T05:42:34.327145+00:00,pull,4,1.142928,session_20260727_054033,0.0,0,[],null,0.0
1528,2026-07-27T05:42:34.428948+00:00,pull,4,1.244721,session_20260727_054033,0.0,0,[],null,0.0
1529,2026-07-27T05:42:34.532408+00:00,pull,4,1.348194,session_20260727_054033,0.0,0,[],null,0.0
1530,2026-07-27T05:42:34.637484+00:00,pull,4,1.453252,session_20260727_054033,0.0,0,[],null,0.0
1531,2026-07-27T05:42:34.742527+00:00,pull,4,1.558305,session_20260727_054033,0.0,0,[],null,0.0
1532,2026-07-27T05:42:34.847600+00:00,pull,4,1.663373,session_20260727_054033,0.0,0,[],null,0.0
1533,2026-07-27T05:42:34.952645+00:00,pull,4,1.768413,session_20260727_054033,0.0,0,[],null,0.0
1534,2026-07-27T05:42:35.054032+00:00,pull,4,1.869797,session_20260727_054033,0.0,0,[],null,0.0
1535,2026-07-27T05:42:35.154957+00:00,pull,4,1.970722,session_20260727_054033,0.0,0,[],null,0.0
1536,2026-07-27T05:42:35.257203+00:00,pull,4,2.072962,session_20260727_054033,0.0,0,[],null,0.0
1537,2026-07-27T05:42:35.357577+00:00,pull,4,2.173344,session_20260727_054033,0.0,0,[],null,0.0
1538,2026-07-27T05:42:35.460408+00:00,pull,4,2.276176,session_20260727_054033,0.0,0,[],null,0.0
1539,2026-07-27T05:42:35.561328+00:00,pull,4,2.377093,session_20260727_054033,0.0,0,[],null,0.0
1540,2026-07-27T05:42:35.662631+00:00,pull,4,2.478394,session_20260727_054033,0.0,0,[],null,0.0
1541,2026-07-27T05:42:35.764344+00:00,pull,4,2.58011,session_20260727_054033,0.0,0,[],null,0.0
1542,2026-07-27T05:42:35.870465+00:00,pull,4,2.686229,session_20260727_054033,0.0,0,[],null,0.0
1543,2026-07-27T05:42:35.971395+00:00,pull,4,2.787159,session_20260727_054033,0.0,0,[],null,0.0
1544,2026-07-27T05:42:36.072692+00:00,pull,4,2.888458,session_20260727_054033,0.0,0,[],null,0.0
1545,2026-07-27T05:42:39.011076+00:00,pull,5,5e-05,session_20260727_054033,0.0,0,[],null,0.0
1546,2026-07-27T05:42:39.114125+00:00,pull,5,0.103102,session_20260727_054033,0.0,0,[],null,0.0
1547,2026-07-27T05:42:39.215174+00:00,pull,5,0.204129,session_20260727_054033,0.0,0,[],null,0.0
1548,2026-07-27T05:42:39.320212+00:00,pull,5,0.309165,session_20260727_054033,0.0,0,[],null,0.0
1549,2026-07-27T05:42:39.422922+00:00,pull,5,0.411874,session_20260727_054033,0.0,0,[],null,0.0
1550,2026-07-27T05:42:39.525980+00:00,pull,5,0.514928,session_20260727_054033,0.0,0,[],null,0.0
1551,2026-07-27T05:42:39.631019+00:00,pull,5,0.619976,session_20260727_054033,0.0,0,[],null,0.0
1552,2026-07-27T05:42:39.736063+00:00,pull,5,0.725017,session_20260727_054033,0.0,0,[],null,0.0
1553,2026-07-27T05:42:39.841099+00:00,pull,5,0.830052,session_20260727_054033,0.0,0,[],null,0.0
1554,2026-07-27T05:42:39.946135+00:00,pull,5,0.935089,session_20260727_054033,0.0,0,[],null,0.0
1555,2026-07-27T05:42:40.051174+00:00,pull,5,1.040126,session_20260727_054033,0.0,0,[],null,0.0
1556,2026-07-27T05:42:40.156227+00:00,pull,5,1.145185,session_20260727_054033,0.0,0,[],null,0.0
1557,2026-07-27T05:42:40.257693+00:00,pull,5,1.246643,session_20260727_054033,0.0,0,[],null,0.0
1558,2026-07-27T05:42:40.362734+00:00,pull,5,1.351694,session_20260727_054033,0.0,0,[],null,0.0
1559,2026-07-27T05:42:40.467796+00:00,pull,5,1.45676,session_20260727_054033,0.0,0,[],null,0.0
1560,2026-07-27T05:42:40.572853+00:00,pull,5,1.561804,session_20260727_054033,0.0,0,[],null,0.0
1561,2026-07-27T05:42:40.677917+00:00,pull,5,1.666875,session_20260727_054033,0.0,0,[],null,0.0
1562,2026-07-27T05:42:40.782960+00:00,pull,5,1.771914,session_20260727_054033,0.0,0,[],null,0.0
1563,2026-07-27T05:42:40.884481+00:00,pull,5,1.873427,session_20260727_054033,0.0,0,[],null,0.0
1564,2026-07-27T05:42:40.986371+00:00,pull,5,1.975321,session_20260727_054033,0.0,0,[],null,0.0
1565,2026-07-27T05:42:41.088674+00:00,pull,5,2.077622,session_20260727_054033,0.0,0,[],null,0.0
1566,2026-07-27T05:42:41.189095+00:00,pull,5,2.178046,session_20260727_054033,0.0,0,[],null,0.0
1567,2026-07-27T05:42:41.289773+00:00,pull,5,2.278721,session_20260727_054033,0.0,0,[],null,0.0
1568,2026-07-27T05:42:41.390723+00:00,pull,5,2.379671,session_20260727_054033,0.0,0,[],null,0.0
1569,2026-07-27T05:42:41.490873+00:00,pull,5,2.47982,session_20260727_054033,0.0,0,[],null,0.0
1570,2026-07-27T05:42:41.591808+00:00,pull,5,2.580758,session_20260727_054033,0.0,0,[],null,0.0
1571,2026-07-27T05:42:41.693159+00:00,pull,5,2.682111,session_20260727_054033,0.0,0,[],null,0.0
1572,2026-07-27T05:42:41.794937+00:00,pull,5,2.783884,session_20260727_054033,0.0,0,[],null,0.0
1573,2026-07-27T05:42:41.896031+00:00,pull,5,2.884981,session_20260727_054033,0.0,0,[],null,0.0
1574,2026-07-27T05:42:45.302049+00:00,pull,6,3.1e-05,session_20260727_054033,0.0,0,[],null,0.0
1575,2026-07-27T05:42:45.406261+00:00,pull,6,0.104253,session_20260727_054033,0.0,0,[],null,0.0
1576,2026-07-27T05:42:45.511346+00:00,pull,6,0.209354,session_20260727_054033,0.0,0,[],null,0.0
1577,2026-07-27T05:42:45.616440+00:00,pull,6,0.314436,session_20260727_054033,0.0,0,[],null,0.0
1578,2026-07-27T05:42:45.721504+00:00,pull,6,0.419486,session_20260727_054033,0.0,0,[],null,0.0
1579,2026-07-27T05:42:45.826556+00:00,pull,6,0.52454,session_20260727_054033,0.0,0,[],null,0.0
1580,2026-07-27T05:42:45.931622+00:00,pull,6,0.629602,session_20260727_054033,0.0,0,[],null,0.0
1581,2026-07-27T05:42:46.036670+00:00,pull,6,0.73465,session_20260727_054033,0.0,0,[],null,0.0
1582,2026-07-27T05:42:46.141718+00:00,pull,6,0.839692,session_20260727_054033,0.0,0,[],null,0.0
1583,2026-07-27T05:42:46.246750+00:00,pull,6,0.944723,session_20260727_054033,0.0,0,[],null,0.0
1584,2026-07-27T05:42:46.351785+00:00,pull,6,1.049764,session_20260727_054033,0.0,0,[],null,0.0
1585,2026-07-27T05:42:46.456228+00:00,pull,6,1.154216,session_20260727_054033,0.0,0,[],null,0.0
1586,2026-07-27T05:42:46.561281+00:00,pull,6,1.259259,session_20260727_054033,0.0,0,[],null,0.0
1587,2026-07-27T05:42:46.665922+00:00,pull,6,1.363907,session_20260727_054033,0.0,0,[],null,0.0
1588,2026-07-27T05:42:46.770977+00:00,pull,6,1.468961,session_20260727_054033,0.0,0,[],null,0.0
1589,2026-07-27T05:42:46.876044+00:00,pull,6,1.574022,session_20260727_054033,0.0,0,[],null,0.0
1590,2026-07-27T05:42:46.981099+00:00,pull,6,1.679078,session_20260727_054033,0.0,0,[],null,0.0
1591,2026-07-27T05:42:47.086142+00:00,pull,6,1.784116,session_20260727_054033,0.0,0,[],null,0.0
1592,2026-07-27T05:42:47.188590+00:00,pull,6,1.886561,session_20260727_054033,0.0,0,[],null,0.0
1593,2026-07-27T05:42:47.289137+00:00,pull,6,1.987108,session_20260727_054033,0.0,0,[],null,0.0
1594,2026-07-27T05:42:47.389798+00:00,pull,6,2.087769,session_20260727_054033,0.0,0,[],null,0.0
1595,2026-07-27T05:42:47.490688+00:00,pull,6,2.188658,session_20260727_054033,0.0,0,[],null,0.0
1596,2026-07-27T05:42:47.591908+00:00,pull,6,2.289879,session_20260727_054033,0.0,0,[],null,0.0
1597,2026-07-27T05:42:47.693095+00:00,pull,6,2.391066,session_20260727_054033,0.0,0,[],null,0.0
1598,2026-07-27T05:42:47.794730+00:00,pull,6,2.492702,session_20260727_054033,0.0,0,[],null,0.0
1599,2026-07-27T05:42:47.896924+00:00,pull,6,2.594906,session_20260727_054033,0.0,0,[],null,0.0
1600,2026-07-27T05:42:47.997177+00:00,pull,6,2.695146,session_20260727_054033,0.0,0,[],null,0.0
1601,2026-07-27T05:42:48.097410+00:00,pull,6,2.795378,session_20260727_054033,0.0,0,[],null,0.0
1602,2026-07-27T05:42:48.197616+00:00,pull,6,2.895588,session_20260727_054033,0.0,0,[],null,0.0
1603,2026-07-27T05:42:54.447260+00:00,pull,7,4.8e-05,session_20260727_054033,0.0,0,[],null,0.0
1604,2026-07-27T05:42:54.552342+00:00,pull,7,0.105129,session_20260727_054033,0.0,0,[],null,0.0
1605,2026-07-27T05:42:54.657212+00:00,pull,7,0.209984,session_20260727_054033,0.0,0,[],null,0.0
1606,2026-07-27T05:42:54.762254+00:00,pull,7,0.315024,session_20260727_054033,0.0,0,[],null,0.0
1607,2026-07-27T05:42:54.867307+00:00,pull,7,0.420074,session_20260727_054033,0.0,0,[],null,0.0
1608,2026-07-27T05:42:54.972355+00:00,pull,7,0.525126,session_20260727_054033,0.0,0,[],null,0.0
1609,2026-07-27T05:42:55.076880+00:00,pull,7,0.629657,session_20260727_054033,0.0,0,[],null,0.0
1610,2026-07-27T05:42:55.181948+00:00,pull,7,0.734716,session_20260727_054033,0.0,0,[],null,0.0
1611,2026-07-27T05:42:55.283655+00:00,pull,7,0.836427,session_20260727_054033,0.0,0,[],null,0.0
1612,2026-07-27T05:42:55.388698+00:00,pull,7,0.941462,session_20260727_054033,0.0,0,[],null,0.0
1613,2026-07-27T05:42:55.493782+00:00,pull,7,1.04656,session_20260727_054033,0.0,0,[],null,0.0
1614,2026-07-27T05:42:55.598853+00:00,pull,7,1.151632,session_20260727_054033,0.0,0,[],null,0.0
1615,2026-07-27T05:42:55.703913+00:00,pull,7,1.256688,session_20260727_054033,0.0,0,[],null,0.0
1616,2026-07-27T05:42:55.808963+00:00,pull,7,1.361733,session_20260727_054033,0.0,0,[],null,0.0
1617,2026-07-27T05:42:55.914004+00:00,pull,7,1.466768,session_20260727_054033,0.0,0,[],null,0.0
1618,2026-07-27T05:42:56.019039+00:00,pull,7,1.571807,session_20260727_054033,0.0,0,[],null,0.0
1619,2026-07-27T05:42:56.122818+00:00,pull,7,1.675584,session_20260727_054033,0.0,0,[],null,0.0
1620,2026-07-27T05:42:56.227862+00:00,pull,7,1.780635,session_20260727_054033,0.0,0,[],null,0.0
1621,2026-07-27T05:42:56.330487+00:00,pull,7,1.883253,session_20260727_054033,0.0,0,[],null,0.0
1622,2026-07-27T05:42:56.431333+00:00,pull,7,1.984095,session_20260727_054033,0.0,0,[],null,0.0
1623,2026-07-27T05:42:56.532476+00:00,pull,7,2.085239,session_20260727_054033,0.0,0,[],null,0.0
1624,2026-07-27T05:42:56.634057+00:00,pull,7,2.186821,session_20260727_054033,0.0,0,[],null,0.0
1625,2026-07-27T05:42:56.735784+00:00,pull,7,2.288546,session_20260727_054033,0.0,0,[],null,0.0
1626,2026-07-27T05:42:56.836452+00:00,pull,7,2.389212,session_20260727_054033,0.0,0,[],null,0.0
1627,2026-07-27T05:42:56.940796+00:00,pull,7,2.493558,session_20260727_054033,0.0,0,[],null,0.0
1628,2026-07-27T05:42:57.041702+00:00,pull,7,2.594463,session_20260727_054033,0.0,0,[],null,0.0
1629,2026-07-27T05:42:57.143010+00:00,pull,7,2.695774,session_20260727_054033,0.0,0,[],null,0.0
1630,2026-07-27T05:42:57.244689+00:00,pull,7,2.797451,session_20260727_054033,0.0,0,[],null,0.0
1631,2026-07-27T05:42:57.346616+00:00,pull,7,2.899377,session_20260727_054033,0.0,0,[],null,0.0
1632,2026-07-27T05:43:01.632861+00:00,pull,8,3.9e-05,session_20260727_054033,0.0,0,[],null,0.0
1633,2026-07-27T05:43:01.737945+00:00,pull,8,0.105131,session_20260727_054033,0.0,0,[],null,0.0
1634,2026-07-27T05:43:01.839486+00:00,pull,8,0.206663,session_20260727_054033,0.0,0,[],null,0.0
1635,2026-07-27T05:43:01.942906+00:00,pull,8,0.310075,session_20260727_054033,0.0,0,[],null,0.0
1636,2026-07-27T05:43:02.047105+00:00,pull,8,0.414271,session_20260727_054033,0.0,0,[],null,0.0
1637,2026-07-27T05:43:02.151645+00:00,pull,8,0.518827,session_20260727_054033,0.0,0,[],null,0.0
1638,2026-07-27T05:43:02.256720+00:00,pull,8,0.623887,session_20260727_054033,0.0,0,[],null,0.0
1639,2026-07-27T05:43:02.361755+00:00,pull,8,0.728919,session_20260727_054033,0.0,0,[],null,0.0
1640,2026-07-27T05:43:02.466792+00:00,pull,8,0.833961,session_20260727_054033,0.0,0,[],null,0.0
1641,2026-07-27T05:43:02.571846+00:00,pull,8,0.939011,session_20260727_054033,0.0,0,[],null,0.0
1642,2026-07-27T05:43:02.676564+00:00,pull,8,1.043729,session_20260727_054033,0.0,0,[],null,0.0
1643,2026-07-27T05:43:02.781598+00:00,pull,8,1.148758,session_20260727_054033,0.0,0,[],null,0.0
1644,2026-07-27T05:43:02.886642+00:00,pull,8,1.253811,session_20260727_054033,0.0,0,[],null,0.0
1645,2026-07-27T05:43:02.989480+00:00,pull,8,1.356656,session_20260727_054033,0.0,0,[],null,0.0
1646,2026-07-27T05:43:03.094526+00:00,pull,8,1.461688,session_20260727_054033,0.0,0,[],null,0.0
1647,2026-07-27T05:43:03.199560+00:00,pull,8,1.566728,session_20260727_054033,0.0,0,[],null,0.0
1648,2026-07-27T05:43:03.304601+00:00,pull,8,1.671766,session_20260727_054033,0.0,0,[],null,0.0
1649,2026-07-27T05:43:03.409658+00:00,pull,8,1.776841,session_20260727_054033,0.0,0,[],null,0.0
1650,2026-07-27T05:43:03.511310+00:00,pull,8,1.878472,session_20260727_054033,0.0,0,[],null,0.0
1651,2026-07-27T05:43:03.612340+00:00,pull,8,1.979504,session_20260727_054033,0.0,0,[],null,0.0
1652,2026-07-27T05:43:03.712719+00:00,pull,8,2.079884,session_20260727_054033,0.0,0,[],null,0.0
1653,2026-07-27T05:43:03.814366+00:00,pull,8,2.181527,session_20260727_054033,0.0,0,[],null,0.0
1654,2026-07-27T05:43:03.916401+00:00,pull,8,2.283562,session_20260727_054033,0.0,0,[],null,0.0
1655,2026-07-27T05:43:04.020891+00:00,pull,8,2.38805,session_20260727_054033,0.0,0,[],null,0.0
1656,2026-07-27T05:43:04.121754+00:00,pull,8,2.488916,session_20260727_054033,0.0,0,[],null,0.0
1657,2026-07-27T05:43:04.222983+00:00,pull,8,2.590145,session_20260727_054033,0.0,0,[],null,0.0
1658,2026-07-27T05:43:04.324684+00:00,pull,8,2.691844,session_20260727_054033,0.0,0,[],null,0.0
1659,2026-07-27T05:43:04.425686+00:00,pull,8,2.792846,session_20260727_054033,0.0,0,[],null,0.0
1660,2026-07-27T05:43:04.530571+00:00,pull,8,2.897737,session_20260727_054033,0.0,0,[],null,0.0
1661,2026-07-27T05:43:10.352434+00:00,pull,9,6.5e-05,session_20260727_054033,0.0,0,[],null,0.0
1662,2026-07-27T05:43:10.457545+00:00,pull,9,0.105168,session_20260727_054033,0.0,0,[],null,0.0
1663,2026-07-27T05:43:10.562617+00:00,pull,9,0.210225,session_20260727_054033,0.0,0,[],null,0.0
1664,2026-07-27T05:43:10.667672+00:00,pull,9,0.315288,session_20260727_054033,0.0,0,[],null,0.0
1665,2026-07-27T05:43:10.772721+00:00,pull,9,0.420343,session_20260727_054033,0.0,0,[],null,0.0
1666,2026-07-27T05:43:10.877772+00:00,pull,9,0.525381,session_20260727_054033,0.0,0,[],null,0.0
1667,2026-07-27T05:43:10.980969+00:00,pull,9,0.628591,session_20260727_054033,0.0,0,[],null,0.0
1668,2026-07-27T05:43:11.086039+00:00,pull,9,0.733664,session_20260727_054033,0.0,0,[],null,0.0
1669,2026-07-27T05:43:11.191101+00:00,pull,9,0.838715,session_20260727_054033,0.0,0,[],null,0.0
1670,2026-07-27T05:43:11.296143+00:00,pull,9,0.943755,session_20260727_054033,0.0,0,[],null,0.0
1671,2026-07-27T05:43:11.396548+00:00,pull,9,1.04416,session_20260727_054033,0.0,0,[],null,0.0
1672,2026-07-27T05:43:11.501607+00:00,pull,9,1.149227,session_20260727_054033,0.0,0,[],null,0.0
1673,2026-07-27T05:43:11.606661+00:00,pull,9,1.254271,session_20260727_054033,0.0,0,[],null,0.0
1674,2026-07-27T05:43:11.711704+00:00,pull,9,1.35932,session_20260727_054033,0.0,0,[],null,0.0
1675,2026-07-27T05:43:11.816772+00:00,pull,9,1.464382,session_20260727_054033,0.0,0,[],null,0.0
1676,2026-07-27T05:43:11.921810+00:00,pull,9,1.569417,session_20260727_054033,0.0,0,[],null,0.0
1677,2026-07-27T05:43:12.022750+00:00,pull,9,1.670359,session_20260727_054033,0.0,0,[],null,0.0
1678,2026-07-27T05:43:12.127421+00:00,pull,9,1.77503,session_20260727_054033,0.0,0,[],null,0.0
1679,2026-07-27T05:43:12.230799+00:00,pull,9,1.8784,session_20260727_054033,0.0,0,[],null,0.0
1680,2026-07-27T05:43:12.330858+00:00,pull,9,1.97846,session_20260727_054033,0.0,0,[],null,0.0
1681,2026-07-27T05:43:12.431762+00:00,pull,9,2.079367,session_20260727_054033,0.0,0,[],null,0.0
1682,2026-07-27T05:43:12.533047+00:00,pull,9,2.180649,session_20260727_054033,0.0,0,[],null,0.0
1683,2026-07-27T05:43:12.634736+00:00,pull,9,2.282341,session_20260727_054033,0.0,0,[],null,0.0
1684,2026-07-27T05:43:12.736526+00:00,pull,9,2.384132,session_20260727_054033,0.0,0,[],null,0.0
1685,2026-07-27T05:43:12.838915+00:00,pull,9,2.486517,session_20260727_054033,0.0,0,[],null,0.0
1686,2026-07-27T05:43:12.939366+00:00,pull,9,2.586971,session_20260727_054033,0.0,0,[],null,0.0
1687,2026-07-27T05:43:13.040117+00:00,pull,9,2.687721,session_20260727_054033,0.0,0,[],null,0.0
1688,2026-07-27T05:43:13.140683+00:00,pull,9,2.788284,session_20260727_054033,0.0,0,[],null,0.0
1689,2026-07-27T05:43:13.241600+00:00,pull,9,2.889202,session_20260727_054033,0.0,0,[],null,0.0
1690,2026-07-27T05:43:22.449665+00:00,left,0,4.4e-05,session_20260727_054033,0.0,0,[],null,0.0
1691,2026-07-27T05:43:22.550207+00:00,left,0,0.100592,session_20260727_054033,0.0,0,[],null,0.0
1692,2026-07-27T05:43:22.655279+00:00,left,0,0.205648,session_20260727_054033,0.0,0,[],null,0.0
1693,2026-07-27T05:43:22.760343+00:00,left,0,0.310716,session_20260727_054033,0.0,0,[],null,0.0
1694,2026-07-27T05:43:22.863613+00:00,left,0,0.413976,session_20260727_054033,0.0,0,[],null,0.0
1695,2026-07-27T05:43:22.968328+00:00,left,0,0.518699,session_20260727_054033,0.0,0,[],null,0.0
1696,2026-07-27T05:43:23.073377+00:00,left,0,0.623742,session_20260727_054033,0.0,0,[],null,0.0
1697,2026-07-27T05:43:23.178418+00:00,left,0,0.72878,session_20260727_054033,0.0,0,[],null,0.0
1698,2026-07-27T05:43:23.283452+00:00,left,0,0.833809,session_20260727_054033,0.0,0,[],null,0.0
1699,2026-07-27T05:43:23.388098+00:00,left,0,0.938462,session_20260727_054033,0.0,0,[],null,0.0
1700,2026-07-27T05:43:23.493150+00:00,left,0,1.043519,session_20260727_054033,0.0,0,[],null,0.0
1701,2026-07-27T05:43:23.598218+00:00,left,0,1.148592,session_20260727_054033,0.0,0,[],null,0.0
1702,2026-07-27T05:43:23.702856+00:00,left,0,1.25323,session_20260727_054033,0.0,0,[],null,0.0
1703,2026-07-27T05:43:23.807910+00:00,left,0,1.358274,session_20260727_054033,0.0,0,[],null,0.0
1704,2026-07-27T05:43:23.912944+00:00,left,0,1.463304,session_20260727_054033,0.0,0,[],null,0.0
1705,2026-07-27T05:43:24.018003+00:00,left,0,1.568366,session_20260727_054033,0.0,0,[],null,0.0
1706,2026-07-27T05:43:24.123044+00:00,left,0,1.673403,session_20260727_054033,0.0,0,[],null,0.0
1707,2026-07-27T05:43:24.223797+00:00,left,0,1.774159,session_20260727_054033,0.0,0,[],null,0.0
1708,2026-07-27T05:43:24.324066+00:00,left,0,1.874424,session_20260727_054033,0.0,0,[],null,0.0
1709,2026-07-27T05:43:24.425897+00:00,left,0,1.976254,session_20260727_054033,0.0,0,[],null,0.0
1710,2026-07-27T05:43:24.530972+00:00,left,0,2.081328,session_20260727_054033,0.0,0,[],null,0.0
1711,2026-07-27T05:43:24.632041+00:00,left,0,2.182397,session_20260727_054033,0.0,0,[],null,0.0
1712,2026-07-27T05:43:24.733220+00:00,left,0,2.283582,session_20260727_054033,0.0,0,[],null,0.0
1713,2026-07-27T05:43:24.834730+00:00,left,0,2.385088,session_20260727_054033,0.0,0,[],null,0.0
1714,2026-07-27T05:43:24.936783+00:00,left,0,2.487143,session_20260727_054033,0.0,0,[],null,0.0
1715,2026-07-27T05:43:25.036838+00:00,left,0,2.587194,session_20260727_054033,0.0,0,[],null,0.0
1716,2026-07-27T05:43:25.140902+00:00,left,0,2.691258,session_20260727_054033,0.0,0,[],null,0.0
1717,2026-07-27T05:43:25.241726+00:00,left,0,2.792082,session_20260727_054033,0.0,0,[],null,0.0
1718,2026-07-27T05:43:25.342036+00:00,left,0,2.892393,session_20260727_054033,0.0,0,[],null,0.0
1719,2026-07-27T05:43:28.307146+00:00,left,1,3.6e-05,session_20260727_054033,0.0,0,[],null,0.0
1720,2026-07-27T05:43:28.412219+00:00,left,1,0.10512,session_20260727_054033,0.0,0,[],null,0.0
1721,2026-07-27T05:43:28.517285+00:00,left,1,0.210172,session_20260727_054033,0.0,0,[],null,0.0
1722,2026-07-27T05:43:28.620008+00:00,left,1,0.312895,session_20260727_054033,0.0,0,[],null,0.0
1723,2026-07-27T05:43:28.725068+00:00,left,1,0.417948,session_20260727_054033,0.0,0,[],null,0.0
1724,2026-07-27T05:43:28.830105+00:00,left,1,0.522982,session_20260727_054033,0.0,0,[],null,0.0
1725,2026-07-27T05:43:28.935149+00:00,left,1,0.628031,session_20260727_054033,0.0,0,[],null,0.0
1726,2026-07-27T05:43:29.040187+00:00,left,1,0.733064,session_20260727_054033,0.0,0,[],null,0.0
1727,2026-07-27T05:43:29.145226+00:00,left,1,0.838111,session_20260727_054033,0.0,0,[],null,0.0
1728,2026-07-27T05:43:29.250273+00:00,left,1,0.943155,session_20260727_054033,0.0,0,[],null,0.0
1729,2026-07-27T05:43:29.355305+00:00,left,1,1.048181,session_20260727_054033,0.0,0,[],null,0.0
1730,2026-07-27T05:43:29.460106+00:00,left,1,1.152987,session_20260727_054033,0.0,0,[],null,0.0
1731,2026-07-27T05:43:29.565142+00:00,left,1,1.258027,session_20260727_054033,0.0,0,[],null,0.0
1732,2026-07-27T05:43:29.670180+00:00,left,1,1.363055,session_20260727_054033,0.0,0,[],null,0.0
1733,2026-07-27T05:43:29.775216+00:00,left,1,1.468095,session_20260727_054033,0.0,0,[],null,0.0
1734,2026-07-27T05:43:29.876852+00:00,left,1,1.569735,session_20260727_054033,0.0,0,[],null,0.0
1735,2026-07-27T05:43:29.981908+00:00,left,1,1.674787,session_20260727_054033,0.0,0,[],null,0.0
1736,2026-07-27T05:43:30.086941+00:00,left,1,1.779818,session_20260727_054033,0.0,0,[],null,0.0
1737,2026-07-27T05:43:30.187627+00:00,left,1,1.8805,session_20260727_054033,0.0,0,[],null,0.0
1738,2026-07-27T05:43:30.290956+00:00,left,1,1.983831,session_20260727_054033,0.0,0,[],null,0.0
1739,2026-07-27T05:43:30.392029+00:00,left,1,2.0849,session_20260727_054033,0.0,0,[],null,0.0
1740,2026-07-27T05:43:30.493215+00:00,left,1,2.186094,session_20260727_054033,0.0,0,[],null,0.0
1741,2026-07-27T05:43:30.594679+00:00,left,1,2.287555,session_20260727_054033,0.0,0,[],null,0.0
1742,2026-07-27T05:43:30.696534+00:00,left,1,2.389413,session_20260727_054033,0.0,0,[],null,0.0
1743,2026-07-27T05:43:30.797595+00:00,left,1,2.490473,session_20260727_054033,0.0,0,[],null,0.0
1744,2026-07-27T05:43:30.897759+00:00,left,1,2.590635,session_20260727_054033,0.0,0,[],null,0.0
1745,2026-07-27T05:43:30.997959+00:00,left,1,2.690841,session_20260727_054033,0.0,0,[],null,0.0
1746,2026-07-27T05:43:31.098323+00:00,left,1,2.791199,session_20260727_054033,0.0,0,[],null,0.0
1747,2026-07-27T05:43:31.200956+00:00,left,1,2.893829,session_20260727_054033,0.0,0,[],null,0.0
1748,2026-07-27T05:43:34.752259+00:00,left,2,3.7e-05,session_20260727_054033,0.0,0,[],null,0.0
1749,2026-07-27T05:43:34.855927+00:00,left,2,0.103716,session_20260727_054033,0.0,0,[],null,0.0
1750,2026-07-27T05:43:34.961015+00:00,left,2,0.208788,session_20260727_054033,0.0,0,[],null,0.0
1751,2026-07-27T05:43:35.061504+00:00,left,2,0.309273,session_20260727_054033,0.0,0,[],null,0.0
1752,2026-07-27T05:43:35.166555+00:00,left,2,0.414324,session_20260727_054033,0.0,0,[],null,0.0
1753,2026-07-27T05:43:35.271596+00:00,left,2,0.519358,session_20260727_054033,0.0,0,[],null,0.0
1754,2026-07-27T05:43:35.375330+00:00,left,2,0.623092,session_20260727_054033,0.0,0,[],null,0.0
1755,2026-07-27T05:43:35.480365+00:00,left,2,0.728132,session_20260727_054033,0.0,0,[],null,0.0
1756,2026-07-27T05:43:35.585418+00:00,left,2,0.833178,session_20260727_054033,0.0,0,[],null,0.0
1757,2026-07-27T05:43:35.687961+00:00,left,2,0.935723,session_20260727_054033,0.0,0,[],null,0.0
1758,2026-07-27T05:43:35.793003+00:00,left,2,1.04077,session_20260727_054033,0.0,0,[],null,0.0
1759,2026-07-27T05:43:35.898067+00:00,left,2,1.145848,session_20260727_054033,0.0,0,[],null,0.0
1760,2026-07-27T05:43:36.003121+00:00,left,2,1.250884,session_20260727_054033,0.0,0,[],null,0.0
1761,2026-07-27T05:43:36.105904+00:00,left,2,1.353672,session_20260727_054033,0.0,0,[],null,0.0
1762,2026-07-27T05:43:36.210961+00:00,left,2,1.458723,session_20260727_054033,0.0,0,[],null,0.0
1763,2026-07-27T05:43:36.315997+00:00,left,2,1.563764,session_20260727_054033,0.0,0,[],null,0.0
1764,2026-07-27T05:43:36.420688+00:00,left,2,1.668454,session_20260727_054033,0.0,0,[],null,0.0
1765,2026-07-27T05:43:36.522560+00:00,left,2,1.770321,session_20260727_054033,0.0,0,[],null,0.0
1766,2026-07-27T05:43:36.622991+00:00,left,2,1.870753,session_20260727_054033,0.0,0,[],null,0.0
1767,2026-07-27T05:43:36.723590+00:00,left,2,1.97135,session_20260727_054033,0.0,0,[],null,0.0
1768,2026-07-27T05:43:36.825047+00:00,left,2,2.072807,session_20260727_054033,0.0,0,[],null,0.0
1769,2026-07-27T05:43:36.926971+00:00,left,2,2.174732,session_20260727_054033,0.0,0,[],null,0.0
1770,2026-07-27T05:43:37.029418+00:00,left,2,2.277177,session_20260727_054033,0.0,0,[],null,0.0
1771,2026-07-27T05:43:37.130053+00:00,left,2,2.377815,session_20260727_054033,0.0,0,[],null,0.0
1772,2026-07-27T05:43:37.230806+00:00,left,2,2.478567,session_20260727_054033,0.0,0,[],null,0.0
1773,2026-07-27T05:43:37.331749+00:00,left,2,2.579508,session_20260727_054033,0.0,0,[],null,0.0
1774,2026-07-27T05:43:37.431954+00:00,left,2,2.679714,session_20260727_054033,0.0,0,[],null,0.0
1775,2026-07-27T05:43:37.533126+00:00,left,2,2.780886,session_20260727_054033,0.0,0,[],null,0.0
1776,2026-07-27T05:43:37.634433+00:00,left,2,2.882193,session_20260727_054033,0.0,0,[],null,0.0
1777,2026-07-27T05:43:45.572964+00:00,left,3,4.1e-05,session_20260727_054033,0.0,0,[],null,0.0
1778,2026-07-27T05:43:45.678038+00:00,left,3,0.10512,session_20260727_054033,0.0,0,[],null,0.0
1779,2026-07-27T05:43:45.783118+00:00,left,3,0.2102,session_20260727_054033,0.0,0,[],null,0.0
1780,2026-07-27T05:43:45.888188+00:00,left,3,0.315262,session_20260727_054033,0.0,0,[],null,0.0
1781,2026-07-27T05:43:45.989216+00:00,left,3,0.416279,session_20260727_054033,0.0,0,[],null,0.0
1782,2026-07-27T05:43:46.090474+00:00,left,3,0.517535,session_20260727_054033,0.0,0,[],null,0.0
1783,2026-07-27T05:43:46.195506+00:00,left,3,0.622564,session_20260727_054033,0.0,0,[],null,0.0
1784,2026-07-27T05:43:46.300536+00:00,left,3,0.727593,session_20260727_054033,0.0,0,[],null,0.0
1785,2026-07-27T05:43:46.405572+00:00,left,3,0.832633,session_20260727_054033,0.0,0,[],null,0.0
1786,2026-07-27T05:43:46.510614+00:00,left,3,0.937679,session_20260727_054033,0.0,0,[],null,0.0
1787,2026-07-27T05:43:46.613140+00:00,left,3,1.040209,session_20260727_054033,0.0,0,[],null,0.0
1788,2026-07-27T05:43:46.718202+00:00,left,3,1.145277,session_20260727_054033,0.0,0,[],null,0.0
1789,2026-07-27T05:43:46.823263+00:00,left,3,1.250334,session_20260727_054033,0.0,0,[],null,0.0
1790,2026-07-27T05:43:46.923568+00:00,left,3,1.350629,session_20260727_054033,0.0,0,[],null,0.0
1791,2026-07-27T05:43:47.028599+00:00,left,3,1.45566,session_20260727_054033,0.0,0,[],null,0.0
1792,2026-07-27T05:43:47.133653+00:00,left,3,1.560717,session_20260727_054033,0.0,0,[],null,0.0
1793,2026-07-27T05:43:47.238693+00:00,left,3,1.665752,session_20260727_054033,0.0,0,[],null,0.0
1794,2026-07-27T05:43:47.343744+00:00,left,3,1.770802,session_20260727_054033,0.0,0,[],null,0.0
1795,2026-07-27T05:43:47.446453+00:00,left,3,1.873514,session_20260727_054033,0.0,0,[],null,0.0
1796,2026-07-27T05:43:47.550879+00:00,left,3,1.977934,session_20260727_054033,0.0,0,[],null,0.0
1797,2026-07-27T05:43:47.651913+00:00,left,3,2.07897,session_20260727_054033,0.0,0,[],null,0.0
1798,2026-07-27T05:43:47.753211+00:00,left,3,2.180271,session_20260727_054033,0.0,0,[],null,0.0
1799,2026-07-27T05:43:47.854632+00:00,left,3,2.281688,session_20260727_054033,0.0,0,[],null,0.0
1800,2026-07-27T05:43:47.955863+00:00,left,3,2.38292,session_20260727_054033,0.0,0,[],null,0.0
1801,2026-07-27T05:43:48.056264+00:00,left,3,2.483321,session_20260727_054033,0.0,0,[],null,0.0
1802,2026-07-27T05:43:48.158123+00:00,left,3,2.58518,session_20260727_054033,0.0,0,[],null,0.0
1803,2026-07-27T05:43:48.258304+00:00,left,3,2.685359,session_20260727_054033,0.0,0,[],null,0.0
1804,2026-07-27T05:43:48.358469+00:00,left,3,2.785527,session_20260727_054033,0.0,0,[],null,0.0
1805,2026-07-27T05:43:48.458772+00:00,left,3,2.885828,session_20260727_054033,0.0,0,[],null,0.0
1806,2026-07-27T05:43:53.453281+00:00,left,4,4.7e-05,session_20260727_054033,0.0,0,[],null,0.0
1807,2026-07-27T05:43:53.554764+00:00,left,4,0.10153,session_20260727_054033,0.0,0,[],null,0.0
1808,2026-07-27T05:43:53.659820+00:00,left,4,0.206567,session_20260727_054033,0.0,0,[],null,0.0
1809,2026-07-27T05:43:53.764872+00:00,left,4,0.311631,session_20260727_054033,0.0,0,[],null,0.0
1810,2026-07-27T05:43:53.869921+00:00,left,4,0.416665,session_20260727_054033,0.0,0,[],null,0.0
1811,2026-07-27T05:43:53.974968+00:00,left,4,0.521719,session_20260727_054033,0.0,0,[],null,0.0
1812,2026-07-27T05:43:54.080011+00:00,left,4,0.626756,session_20260727_054033,0.0,0,[],null,0.0
1813,2026-07-27T05:43:54.185053+00:00,left,4,0.731805,session_20260727_054033,0.0,0,[],null,0.0
1814,2026-07-27T05:43:54.290096+00:00,left,4,0.836845,session_20260727_054033,0.0,0,[],null,0.0
1815,2026-07-27T05:43:54.391019+00:00,left,4,0.93777,session_20260727_054033,0.0,0,[],null,0.0
1816,2026-07-27T05:43:54.496059+00:00,left,4,1.042806,session_20260727_054033,0.0,0,[],null,0.0
1817,2026-07-27T05:43:54.601115+00:00,left,4,1.147858,session_20260727_054033,0.0,0,[],null,0.0
1818,2026-07-27T05:43:54.706146+00:00,left,4,1.252893,session_20260727_054033,0.0,0,[],null,0.0
1819,2026-07-27T05:43:54.811179+00:00,left,4,1.357921,session_20260727_054033,0.0,0,[],null,0.0
1820,2026-07-27T05:43:54.916216+00:00,left,4,1.462962,session_20260727_054033,0.0,0,[],null,0.0
1821,2026-07-27T05:43:55.021264+00:00,left,4,1.568018,session_20260727_054033,0.0,0,[],null,0.0
1822,2026-07-27T05:43:55.126316+00:00,left,4,1.673073,session_20260727_054033,0.0,0,[],null,0.0
1823,2026-07-27T05:43:55.231370+00:00,left,4,1.778117,session_20260727_054033,0.0,0,[],null,0.0
1824,2026-07-27T05:43:55.331577+00:00,left,4,1.87832,session_20260727_054033,0.0,0,[],null,0.0
1825,2026-07-27T05:43:55.431729+00:00,left,4,1.97847,session_20260727_054033,0.0,0,[],null,0.0
1826,2026-07-27T05:43:55.532693+00:00,left,4,2.07944,session_20260727_054033,0.0,0,[],null,0.0
1827,2026-07-27T05:43:55.633919+00:00,left,4,2.180661,session_20260727_054033,0.0,0,[],null,0.0
1828,2026-07-27T05:43:55.734627+00:00,left,4,2.281374,session_20260727_054033,0.0,0,[],null,0.0
1829,2026-07-27T05:43:55.836506+00:00,left,4,2.383252,session_20260727_054033,0.0,0,[],null,0.0
1830,2026-07-27T05:43:55.937780+00:00,left,4,2.484523,session_20260727_054033,0.0,0,[],null,0.0
1831,2026-07-27T05:43:56.038059+00:00,left,4,2.584803,session_20260727_054033,0.0,0,[],null,0.0
1832,2026-07-27T05:43:56.138145+00:00,left,4,2.684886,session_20260727_054033,0.0,0,[],null,0.0
1833,2026-07-27T05:43:56.238486+00:00,left,4,2.785227,session_20260727_054033,0.0,0,[],null,0.0
1834,2026-07-27T05:43:56.338836+00:00,left,4,2.885577,session_20260727_054033,0.0,0,[],null,0.0
1835,2026-07-27T05:43:59.293394+00:00,left,5,3.9e-05,session_20260727_054033,0.0,0,[],null,0.0
1836,2026-07-27T05:43:59.397469+00:00,left,5,0.104126,session_20260727_054033,0.0,0,[],null,0.0
1837,2026-07-27T05:43:59.502544+00:00,left,5,0.209184,session_20260727_054033,0.0,0,[],null,0.0
1838,2026-07-27T05:43:59.605801+00:00,left,5,0.312433,session_20260727_054033,0.0,0,[],null,0.0
1839,2026-07-27T05:43:59.710835+00:00,left,5,0.417467,session_20260727_054033,0.0,0,[],null,0.0
1840,2026-07-27T05:43:59.810913+00:00,left,5,0.517544,session_20260727_054033,0.0,0,[],null,0.0
1841,2026-07-27T05:43:59.912943+00:00,left,5,0.619575,session_20260727_054033,0.0,0,[],null,0.0
1842,2026-07-27T05:44:00.017983+00:00,left,5,0.724615,session_20260727_054033,0.0,0,[],null,0.0
1843,2026-07-27T05:44:00.123024+00:00,left,5,0.829658,session_20260727_054033,0.0,0,[],null,0.0
1844,2026-07-27T05:44:00.228063+00:00,left,5,0.93469,session_20260727_054033,0.0,0,[],null,0.0
1845,2026-07-27T05:44:00.329676+00:00,left,5,1.036309,session_20260727_054033,0.0,0,[],null,0.0
1846,2026-07-27T05:44:00.434734+00:00,left,5,1.141379,session_20260727_054033,0.0,0,[],null,0.0
1847,2026-07-27T05:44:00.539786+00:00,left,5,1.246418,session_20260727_054033,0.0,0,[],null,0.0
1848,2026-07-27T05:44:00.644830+00:00,left,5,1.351466,session_20260727_054033,0.0,0,[],null,0.0
1849,2026-07-27T05:44:00.749877+00:00,left,5,1.456513,session_20260727_054033,0.0,0,[],null,0.0
1850,2026-07-27T05:44:00.854914+00:00,left,5,1.561541,session_20260727_054033,0.0,0,[],null,0.0
1851,2026-07-27T05:44:00.959955+00:00,left,5,1.666589,session_20260727_054033,0.0,0,[],null,0.0
1852,2026-07-27T05:44:01.065000+00:00,left,5,1.771629,session_20260727_054033,0.0,0,[],null,0.0
1853,2026-07-27T05:44:01.166950+00:00,left,5,1.87358,session_20260727_054033,0.0,0,[],null,0.0
1854,2026-07-27T05:44:01.271546+00:00,left,5,1.978174,session_20260727_054033,0.0,0,[],null,0.0
1855,2026-07-27T05:44:01.371783+00:00,left,5,2.078409,session_20260727_054033,0.0,0,[],null,0.0
1856,2026-07-27T05:44:01.472459+00:00,left,5,2.179089,session_20260727_054033,0.0,0,[],null,0.0
1857,2026-07-27T05:44:01.573557+00:00,left,5,2.280184,session_20260727_054033,0.0,0,[],null,0.0
1858,2026-07-27T05:44:01.675266+00:00,left,5,2.381893,session_20260727_054033,0.0,0,[],null,0.0
1859,2026-07-27T05:44:01.775311+00:00,left,5,2.481943,session_20260727_054033,0.0,0,[],null,0.0
1860,2026-07-27T05:44:01.877395+00:00,left,5,2.584021,session_20260727_054033,0.0,0,[],null,0.0
1861,2026-07-27T05:44:01.981536+00:00,left,5,2.688162,session_20260727_054033,0.0,0,[],null,0.0
1862,2026-07-27T05:44:02.082585+00:00,left,5,2.789212,session_20260727_054033,0.0,0,[],null,0.0
1863,2026-07-27T05:44:02.183833+00:00,left,5,2.890462,session_20260727_054033,0.0,0,[],null,0.0
1864,2026-07-27T05:44:05.076315+00:00,left,6,5.2e-05,session_20260727_054033,0.0,0,[],null,0.0
1865,2026-07-27T05:44:05.181399+00:00,left,6,0.105134,session_20260727_054033,0.0,0,[],null,0.0
1866,2026-07-27T05:44:05.285441+00:00,left,6,0.209155,session_20260727_054033,0.0,0,[],null,0.0
1867,2026-07-27T05:44:05.390483+00:00,left,6,0.314199,session_20260727_054033,0.0,0,[],null,0.0
1868,2026-07-27T05:44:05.495521+00:00,left,6,0.419234,session_20260727_054033,0.0,0,[],null,0.0
1869,2026-07-27T05:44:05.600553+00:00,left,6,0.524264,session_20260727_054033,0.0,0,[],null,0.0
1870,2026-07-27T05:44:05.705589+00:00,left,6,0.629303,session_20260727_054033,0.0,0,[],null,0.0
1871,2026-07-27T05:44:05.810630+00:00,left,6,0.734344,session_20260727_054033,0.0,0,[],null,0.0
1872,2026-07-27T05:44:05.915667+00:00,left,6,0.839378,session_20260727_054033,0.0,0,[],null,0.0
1873,2026-07-27T05:44:06.020701+00:00,left,6,0.944411,session_20260727_054033,0.0,0,[],null,0.0
1874,2026-07-27T05:44:06.125752+00:00,left,6,1.04947,session_20260727_054033,0.0,0,[],null,0.0
1875,2026-07-27T05:44:06.230819+00:00,left,6,1.154545,session_20260727_054033,0.0,0,[],null,0.0
1876,2026-07-27T05:44:06.335875+00:00,left,6,1.25959,session_20260727_054033,0.0,0,[],null,0.0
1877,2026-07-27T05:44:06.439075+00:00,left,6,1.362792,session_20260727_054033,0.0,0,[],null,0.0
1878,2026-07-27T05:44:06.544111+00:00,left,6,1.467824,session_20260727_054033,0.0,0,[],null,0.0
1879,2026-07-27T05:44:06.649166+00:00,left,6,1.572881,session_20260727_054033,0.0,0,[],null,0.0
1880,2026-07-27T05:44:06.754201+00:00,left,6,1.677912,session_20260727_054033,0.0,0,[],null,0.0
1881,2026-07-27T05:44:06.859235+00:00,left,6,1.782948,session_20260727_054033,0.0,0,[],null,0.0
1882,2026-07-27T05:44:06.959664+00:00,left,6,1.883378,session_20260727_054033,0.0,0,[],null,0.0
1883,2026-07-27T05:44:07.060219+00:00,left,6,1.983929,session_20260727_054033,0.0,0,[],null,0.0
1884,2026-07-27T05:44:07.160842+00:00,left,6,2.084556,session_20260727_054033,0.0,0,[],null,0.0
1885,2026-07-27T05:44:07.260940+00:00,left,6,2.18465,session_20260727_054033,0.0,0,[],null,0.0
1886,2026-07-27T05:44:07.361552+00:00,left,6,2.285259,session_20260727_054033,0.0,0,[],null,0.0
1887,2026-07-27T05:44:07.462695+00:00,left,6,2.386404,session_20260727_054033,0.0,0,[],null,0.0
1888,2026-07-27T05:44:07.564094+00:00,left,6,2.487805,session_20260727_054033,0.0,0,[],null,0.0
1889,2026-07-27T05:44:07.664752+00:00,left,6,2.588461,session_20260727_054033,0.0,0,[],null,0.0
1890,2026-07-27T05:44:07.766572+00:00,left,6,2.690292,session_20260727_054033,0.0,0,[],null,0.0
1891,2026-07-27T05:44:07.868353+00:00,left,6,2.792067,session_20260727_054033,0.0,0,[],null,0.0
1892,2026-07-27T05:44:07.971367+00:00,left,6,2.895079,session_20260727_054033,0.0,0,[],null,0.0
1893,2026-07-27T05:44:10.935756+00:00,left,7,4.1e-05,session_20260727_054033,0.0,0,[],null,0.0
1894,2026-07-27T05:44:11.039083+00:00,left,7,0.103374,session_20260727_054033,0.0,0,[],null,0.0
1895,2026-07-27T05:44:11.144176+00:00,left,7,0.208453,session_20260727_054033,0.0,0,[],null,0.0
1896,2026-07-27T05:44:11.249221+00:00,left,7,0.313496,session_20260727_054033,0.0,0,[],null,0.0
1897,2026-07-27T05:44:11.350958+00:00,left,7,0.415226,session_20260727_054033,0.0,0,[],null,0.0
1898,2026-07-27T05:44:11.455632+00:00,left,7,0.51991,session_20260727_054033,0.0,0,[],null,0.0
1899,2026-07-27T05:44:11.560699+00:00,left,7,0.624965,session_20260727_054033,0.0,0,[],null,0.0
1900,2026-07-27T05:44:11.665731+00:00,left,7,0.730001,session_20260727_054033,0.0,0,[],null,0.0
1901,2026-07-27T05:44:11.770766+00:00,left,7,0.835034,session_20260727_054033,0.0,0,[],null,0.0
1902,2026-07-27T05:44:11.875799+00:00,left,7,0.940063,session_20260727_054033,0.0,0,[],null,0.0
1903,2026-07-27T05:44:11.980840+00:00,left,7,1.045105,session_20260727_054033,0.0,0,[],null,0.0
1904,2026-07-27T05:44:12.085870+00:00,left,7,1.150131,session_20260727_054033,0.0,0,[],null,0.0
1905,2026-07-27T05:44:12.190915+00:00,left,7,1.255195,session_20260727_054033,0.0,0,[],null,0.0
1906,2026-07-27T05:44:12.295969+00:00,left,7,1.360237,session_20260727_054033,0.0,0,[],null,0.0
1907,2026-07-27T05:44:12.401004+00:00,left,7,1.465275,session_20260727_054033,0.0,0,[],null,0.0
1908,2026-07-27T05:44:12.505709+00:00,left,7,1.569987,session_20260727_054033,0.0,0,[],null,0.0
1909,2026-07-27T05:44:12.610752+00:00,left,7,1.675019,session_20260727_054033,0.0,0,[],null,0.0
1910,2026-07-27T05:44:12.715801+00:00,left,7,1.780069,session_20260727_054033,0.0,0,[],null,0.0
1911,2026-07-27T05:44:12.817485+00:00,left,7,1.88175,session_20260727_054033,0.0,0,[],null,0.0
1912,2026-07-27T05:44:12.918069+00:00,left,7,1.982333,session_20260727_054033,0.0,0,[],null,0.0
1913,2026-07-27T05:44:13.018289+00:00,left,7,2.082554,session_20260727_054033,0.0,0,[],null,0.0
1914,2026-07-27T05:44:13.118319+00:00,left,7,2.182583,session_20260727_054033,0.0,0,[],null,0.0
1915,2026-07-27T05:44:13.221080+00:00,left,7,2.285342,session_20260727_054033,0.0,0,[],null,0.0
1916,2026-07-27T05:44:13.321211+00:00,left,7,2.385474,session_20260727_054033,0.0,0,[],null,0.0
1917,2026-07-27T05:44:13.421572+00:00,left,7,2.485836,session_20260727_054033,0.0,0,[],null,0.0
1918,2026-07-27T05:44:13.522319+00:00,left,7,2.586584,session_20260727_054033,0.0,0,[],null,0.0
1919,2026-07-27T05:44:13.623673+00:00,left,7,2.687939,session_20260727_054033,0.0,0,[],null,0.0
1920,2026-07-27T05:44:13.725355+00:00,left,7,2.789619,session_20260727_054033,0.0,0,[],null,0.0
1921,2026-07-27T05:44:13.826620+00:00,left,7,2.890887,session_20260727_054033,0.0,0,[],null,0.0
1922,2026-07-27T05:44:16.752749+00:00,left,8,4e-05,session_20260727_054033,0.0,0,[],null,0.0
1923,2026-07-27T05:44:16.854742+00:00,left,8,0.102042,session_20260727_054033,0.0,0,[],null,0.0
1924,2026-07-27T05:44:16.955710+00:00,left,8,0.202999,session_20260727_054033,0.0,0,[],null,0.0
1925,2026-07-27T05:44:17.060758+00:00,left,8,0.308033,session_20260727_054033,0.0,0,[],null,0.0
1926,2026-07-27T05:44:17.165791+00:00,left,8,0.413069,session_20260727_054033,0.0,0,[],null,0.0
1927,2026-07-27T05:44:17.270843+00:00,left,8,0.518121,session_20260727_054033,0.0,0,[],null,0.0
1928,2026-07-27T05:44:17.375790+00:00,left,8,0.623063,session_20260727_054033,0.0,0,[],null,0.0
1929,2026-07-27T05:44:17.480824+00:00,left,8,0.728098,session_20260727_054033,0.0,0,[],null,0.0
1930,2026-07-27T05:44:17.584749+00:00,left,8,0.83202,session_20260727_054033,0.0,0,[],null,0.0
1931,2026-07-27T05:44:17.688392+00:00,left,8,0.935672,session_20260727_054033,0.0,0,[],null,0.0
1932,2026-07-27T05:44:17.793427+00:00,left,8,1.040698,session_20260727_054033,0.0,0,[],null,0.0
1933,2026-07-27T05:44:17.898454+00:00,left,8,1.145722,session_20260727_054033,0.0,0,[],null,0.0
1934,2026-07-27T05:44:18.003497+00:00,left,8,1.250782,session_20260727_054033,0.0,0,[],null,0.0
1935,2026-07-27T05:44:18.108568+00:00,left,8,1.355843,session_20260727_054033,0.0,0,[],null,0.0
1936,2026-07-27T05:44:18.213603+00:00,left,8,1.460876,session_20260727_054033,0.0,0,[],null,0.0
1937,2026-07-27T05:44:18.318645+00:00,left,8,1.565918,session_20260727_054033,0.0,0,[],null,0.0
1938,2026-07-27T05:44:18.423682+00:00,left,8,1.670959,session_20260727_054033,0.0,0,[],null,0.0
1939,2026-07-27T05:44:18.528720+00:00,left,8,1.775993,session_20260727_054033,0.0,0,[],null,0.0
1940,2026-07-27T05:44:18.631572+00:00,left,8,1.87884,session_20260727_054033,0.0,0,[],null,0.0
1941,2026-07-27T05:44:18.732626+00:00,left,8,1.979897,session_20260727_054033,0.0,0,[],null,0.0
1942,2026-07-27T05:44:18.833006+00:00,left,8,2.080277,session_20260727_054033,0.0,0,[],null,0.0
1943,2026-07-27T05:44:18.934439+00:00,left,8,2.18171,session_20260727_054033,0.0,0,[],null,0.0
1944,2026-07-27T05:44:19.036096+00:00,left,8,2.283368,session_20260727_054033,0.0,0,[],null,0.0
1945,2026-07-27T05:44:19.138426+00:00,left,8,2.385697,session_20260727_054033,0.0,0,[],null,0.0
1946,2026-07-27T05:44:19.241478+00:00,left,8,2.488746,session_20260727_054033,0.0,0,[],null,0.0
1947,2026-07-27T05:44:19.342596+00:00,left,8,2.589867,session_20260727_054033,0.0,0,[],null,0.0
1948,2026-07-27T05:44:19.443895+00:00,left,8,2.691165,session_20260727_054033,0.0,0,[],null,0.0
1949,2026-07-27T05:44:19.545639+00:00,left,8,2.792909,session_20260727_054033,0.0,0,[],null,0.0
1950,2026-07-27T05:44:19.648196+00:00,left,8,2.895464,session_20260727_054033,0.0,0,[],null,0.0
1951,2026-07-27T05:44:23.333327+00:00,left,9,3.9e-05,session_20260727_054033,0.0,0,[],null,0.0
1952,2026-07-27T05:44:23.438404+00:00,left,9,0.105122,session_20260727_054033,0.0,0,[],null,0.0
1953,2026-07-27T05:44:23.543466+00:00,left,9,0.21017,session_20260727_054033,0.0,0,[],null,0.0
1954,2026-07-27T05:44:23.645858+00:00,left,9,0.312556,session_20260727_054033,0.0,0,[],null,0.0
1955,2026-07-27T05:44:23.747947+00:00,left,9,0.414653,session_20260727_054033,0.0,0,[],null,0.0
1956,2026-07-27T05:44:23.850843+00:00,left,9,0.517541,session_20260727_054033,0.0,0,[],null,0.0
1957,2026-07-27T05:44:23.955677+00:00,left,9,0.622383,session_20260727_054033,0.0,0,[],null,0.0
1958,2026-07-27T05:44:24.060730+00:00,left,9,0.727428,session_20260727_054033,0.0,0,[],null,0.0
1959,2026-07-27T05:44:24.165764+00:00,left,9,0.832462,session_20260727_054033,0.0,0,[],null,0.0
1960,2026-07-27T05:44:24.267893+00:00,left,9,0.934591,session_20260727_054033,0.0,0,[],null,0.0
1961,2026-07-27T05:44:24.372922+00:00,left,9,1.039618,session_20260727_054033,0.0,0,[],null,0.0
1962,2026-07-27T05:44:24.477964+00:00,left,9,1.144663,session_20260727_054033,0.0,0,[],null,0.0
1963,2026-07-27T05:44:24.583008+00:00,left,9,1.249714,session_20260727_054033,0.0,0,[],null,0.0
1964,2026-07-27T05:44:24.688058+00:00,left,9,1.35476,session_20260727_054033,0.0,0,[],null,0.0
1965,2026-07-27T05:44:24.793101+00:00,left,9,1.459801,session_20260727_054033,0.0,0,[],null,0.0
1966,2026-07-27T05:44:24.898137+00:00,left,9,1.564838,session_20260727_054033,0.0,0,[],null,0.0
1967,2026-07-27T05:44:25.003179+00:00,left,9,1.669875,session_20260727_054033,0.0,0,[],null,0.0
1968,2026-07-27T05:44:25.108228+00:00,left,9,1.774935,session_20260727_054033,0.0,0,[],null,0.0
1969,2026-07-27T05:44:25.208572+00:00,left,9,1.87527,session_20260727_054033,0.0,0,[],null,0.0
1970,2026-07-27T05:44:25.308731+00:00,left,9,1.975424,session_20260727_054033,0.0,0,[],null,0.0
1971,2026-07-27T05:44:25.409068+00:00,left,9,2.07577,session_20260727_054033,0.0,0,[],null,0.0
1972,2026-07-27T05:44:25.509289+00:00,left,9,2.175989,session_20260727_054033,0.0,0,[],null,0.0
1973,2026-07-27T05:44:25.609875+00:00,left,9,2.276571,session_20260727_054033,0.0,0,[],null,0.0
1974,2026-07-27T05:44:25.710487+00:00,left,9,2.377184,session_20260727_054033,0.0,0,[],null,0.0
1975,2026-07-27T05:44:25.811140+00:00,left,9,2.477835,session_20260727_054033,0.0,0,[],null,0.0
1976,2026-07-27T05:44:25.911475+00:00,left,9,2.578168,session_20260727_054033,0.0,0,[],null,0.0
1977,2026-07-27T05:44:26.012520+00:00,left,9,2.679215,session_20260727_054033,0.0,0,[],null,0.0
1978,2026-07-27T05:44:26.113726+00:00,left,9,2.78042,session_20260727_054033,0.0,0,[],null,0.0
1979,2026-07-27T05:44:26.214307+00:00,left,9,2.881,session_20260727_054033,0.0,0,[],null,0.0
1980,2026-07-27T05:44:43.624754+00:00,right,0,4.2e-05,session_20260727_054033,0.0,0,[],null,0.0
1981,2026-07-27T05:44:43.729515+00:00,right,0,0.104811,session_20260727_054033,0.0,0,[],null,0.0
1982,2026-07-27T05:44:43.830208+00:00,right,0,0.205488,session_20260727_054033,0.0,0,[],null,0.0
1983,2026-07-27T05:44:43.935258+00:00,right,0,0.31054,session_20260727_054033,0.0,0,[],null,0.0
1984,2026-07-27T05:44:44.040319+00:00,right,0,0.415598,session_20260727_054033,0.0,0,[],null,0.0
1985,2026-07-27T05:44:44.142745+00:00,right,0,0.518019,session_20260727_054033,0.0,0,[],null,0.0
1986,2026-07-27T05:44:44.247782+00:00,right,0,0.623053,session_20260727_054033,0.0,0,[],null,0.0
1987,2026-07-27T05:44:44.352818+00:00,right,0,0.728092,session_20260727_054033,0.0,0,[],null,0.0
1988,2026-07-27T05:44:44.455575+00:00,right,0,0.830847,session_20260727_054033,0.0,0,[],null,0.0
1989,2026-07-27T05:44:44.560629+00:00,right,0,0.935905,session_20260727_054033,0.0,0,[],null,0.0
1990,2026-07-27T05:44:44.664818+00:00,right,0,1.040099,session_20260727_054033,0.0,0,[],null,0.0
1991,2026-07-27T05:44:44.769887+00:00,right,0,1.145177,session_20260727_054033,0.0,0,[],null,0.0
1992,2026-07-27T05:44:44.874962+00:00,right,0,1.250235,session_20260727_054033,0.0,0,[],null,0.0
1993,2026-07-27T05:44:44.979493+00:00,right,0,1.35477,session_20260727_054033,0.0,0,[],null,0.0
1994,2026-07-27T05:44:45.080070+00:00,right,0,1.455343,session_20260727_054033,0.0,0,[],null,0.0
1995,2026-07-27T05:44:45.185106+00:00,right,0,1.56038,session_20260727_054033,0.0,0,[],null,0.0
1996,2026-07-27T05:44:45.287821+00:00,right,0,1.663094,session_20260727_054033,0.0,0,[],null,0.0
1997,2026-07-27T05:44:45.392872+00:00,right,0,1.768152,session_20260727_054033,0.0,0,[],null,0.0
1998,2026-07-27T05:44:45.494061+00:00,right,0,1.869344,session_20260727_054033,0.0,0,[],null,0.0
1999,2026-07-27T05:44:45.595635+00:00,right,0,1.970913,session_20260727_054033,0.0,0,[],null,0.0
2000,2026-07-27T05:44:45.696693+00:00,right,0,2.071966,session_20260727_054033,0.0,0,[],null,0.0
2001,2026-07-27T05:44:45.798338+00:00,right,0,2.173604,session_20260727_054033,0.0,0,[],null,0.0
2002,2026-07-27T05:44:45.898733+00:00,right,0,2.274,session_20260727_054033,0.0,0,[],null,0.0
2003,2026-07-27T05:44:45.998878+00:00,right,0,2.374148,session_20260727_054033,0.0,0,[],null,0.0
2004,2026-07-27T05:44:46.099114+00:00,right,0,2.474384,session_20260727_054033,0.0,0,[],null,0.0
2005,2026-07-27T05:44:46.199386+00:00,right,0,2.574655,session_20260727_054033,0.0,0,[],null,0.0
2006,2026-07-27T05:44:46.299887+00:00,right,0,2.675155,session_20260727_054033,0.0,0,[],null,0.0
2007,2026-07-27T05:44:46.401984+00:00,right,0,2.777251,session_20260727_054033,0.0,0,[],null,0.0
2008,2026-07-27T05:44:46.502882+00:00,right,0,2.87815,session_20260727_054033,0.0,0,[],null,0.0
2009,2026-07-27T05:44:50.200994+00:00,right,1,4.1e-05,session_20260727_054033,0.0,0,[],null,0.0
2010,2026-07-27T05:44:50.306074+00:00,right,1,0.105129,session_20260727_054033,0.0,0,[],null,0.0
2011,2026-07-27T05:44:50.407159+00:00,right,1,0.206199,session_20260727_054033,0.0,0,[],null,0.0
2012,2026-07-27T05:44:50.512208+00:00,right,1,0.311245,session_20260727_054033,0.0,0,[],null,0.0
2013,2026-07-27T05:44:50.617257+00:00,right,1,0.416303,session_20260727_054033,0.0,0,[],null,0.0
2014,2026-07-27T05:44:50.718745+00:00,right,1,0.517787,session_20260727_054033,0.0,0,[],null,0.0
2015,2026-07-27T05:44:50.821099+00:00,right,1,0.620135,session_20260727_054033,0.0,0,[],null,0.0
2016,2026-07-27T05:44:50.922179+00:00,right,1,0.721215,session_20260727_054033,0.0,0,[],null,0.0
2017,2026-07-27T05:44:51.022471+00:00,right,1,0.821504,session_20260727_054033,0.0,0,[],null,0.0
2018,2026-07-27T05:44:51.126359+00:00,right,1,0.925389,session_20260727_054033,0.0,0,[],null,0.0
2019,2026-07-27T05:44:51.228111+00:00,right,1,1.027143,session_20260727_054033,0.0,0,[],null,0.0
2020,2026-07-27T05:44:51.333148+00:00,right,1,1.132223,session_20260727_054033,0.0,0,[],null,0.0
2021,2026-07-27T05:44:51.438239+00:00,right,1,1.237275,session_20260727_054033,0.0,0,[],null,0.0
2022,2026-07-27T05:44:51.543286+00:00,right,1,1.342325,session_20260727_054033,0.0,0,[],null,0.0
2023,2026-07-27T05:44:51.648327+00:00,right,1,1.447362,session_20260727_054033,0.0,0,[],null,0.0
2024,2026-07-27T05:44:51.753370+00:00,right,1,1.552405,session_20260727_054033,0.0,0,[],null,0.0
2025,2026-07-27T05:44:51.858406+00:00,right,1,1.657441,session_20260727_054033,0.0,0,[],null,0.0
2026,2026-07-27T05:44:51.963438+00:00,right,1,1.762468,session_20260727_054033,0.0,0,[],null,0.0
2027,2026-07-27T05:44:52.064833+00:00,right,1,1.863863,session_20260727_054033,0.0,0,[],null,0.0
2028,2026-07-27T05:44:52.165629+00:00,right,1,1.964659,session_20260727_054033,0.0,0,[],null,0.0
2029,2026-07-27T05:44:52.268532+00:00,right,1,2.067561,session_20260727_054033,0.0,0,[],null,0.0
2030,2026-07-27T05:44:52.368793+00:00,right,1,2.167824,session_20260727_054033,0.0,0,[],null,0.0
2031,2026-07-27T05:44:52.468888+00:00,right,1,2.267918,session_20260727_054033,0.0,0,[],null,0.0
2032,2026-07-27T05:44:52.569081+00:00,right,1,2.368109,session_20260727_054033,0.0,0,[],null,0.0
2033,2026-07-27T05:44:52.669291+00:00,right,1,2.468324,session_20260727_054033,0.0,0,[],null,0.0
2034,2026-07-27T05:44:52.769652+00:00,right,1,2.568681,session_20260727_054033,0.0,0,[],null,0.0
2035,2026-07-27T05:44:52.870238+00:00,right,1,2.66927,session_20260727_054033,0.0,0,[],null,0.0
2036,2026-07-27T05:44:52.971870+00:00,right,1,2.770898,session_20260727_054033,0.0,0,[],null,0.0
2037,2026-07-27T05:44:53.072695+00:00,right,1,2.871725,session_20260727_054033,0.0,0,[],null,0.0
2038,2026-07-27T05:44:55.772873+00:00,right,2,5e-05,session_20260727_054033,0.0,0,[],null,0.0
2039,2026-07-27T05:44:55.877967+00:00,right,2,0.105142,session_20260727_054033,0.0,0,[],null,0.0
2040,2026-07-27T05:44:55.983038+00:00,right,2,0.210199,session_20260727_054033,0.0,0,[],null,0.0
2041,2026-07-27T05:44:56.085142+00:00,right,2,0.312298,session_20260727_054033,0.0,0,[],null,0.0
2042,2026-07-27T05:44:56.188887+00:00,right,2,0.416039,session_20260727_054033,0.0,0,[],null,0.0
2043,2026-07-27T05:44:56.290228+00:00,right,2,0.517382,session_20260727_054033,0.0,0,[],null,0.0
2044,2026-07-27T05:44:56.395260+00:00,right,2,0.622411,session_20260727_054033,0.0,0,[],null,0.0
2045,2026-07-27T05:44:56.497653+00:00,right,2,0.724803,session_20260727_054033,0.0,0,[],null,0.0
2046,2026-07-27T05:44:56.602712+00:00,right,2,0.829867,session_20260727_054033,0.0,0,[],null,0.0
2047,2026-07-27T05:44:56.702762+00:00,right,2,0.929915,session_20260727_054033,0.0,0,[],null,0.0
2048,2026-07-27T05:44:56.807808+00:00,right,2,1.034966,session_20260727_054033,0.0,0,[],null,0.0
2049,2026-07-27T05:44:56.912852+00:00,right,2,1.140008,session_20260727_054033,0.0,0,[],null,0.0
2050,2026-07-27T05:44:57.017909+00:00,right,2,1.245075,session_20260727_054033,0.0,0,[],null,0.0
2051,2026-07-27T05:44:57.122967+00:00,right,2,1.350124,session_20260727_054033,0.0,0,[],null,0.0
2052,2026-07-27T05:44:57.228031+00:00,right,2,1.455191,session_20260727_054033,0.0,0,[],null,0.0
2053,2026-07-27T05:44:57.333087+00:00,right,2,1.560241,session_20260727_054033,0.0,0,[],null,0.0
2054,2026-07-27T05:44:57.438130+00:00,right,2,1.665284,session_20260727_054033,0.0,0,[],null,0.0
2055,2026-07-27T05:44:57.542680+00:00,right,2,1.769839,session_20260727_054033,0.0,0,[],null,0.0
2056,2026-07-27T05:44:57.643301+00:00,right,2,1.870455,session_20260727_054033,0.0,0,[],null,0.0
2057,2026-07-27T05:44:57.743674+00:00,right,2,1.970825,session_20260727_054033,0.0,0,[],null,0.0
2058,2026-07-27T05:44:57.844184+00:00,right,2,2.071335,session_20260727_054033,0.0,0,[],null,0.0
2059,2026-07-27T05:44:57.945839+00:00,right,2,2.172988,session_20260727_054033,0.0,0,[],null,0.0
2060,2026-07-27T05:44:58.047780+00:00,right,2,2.274933,session_20260727_054033,0.0,0,[],null,0.0
2061,2026-07-27T05:44:58.147882+00:00,right,2,2.375033,session_20260727_054033,0.0,0,[],null,0.0
2062,2026-07-27T05:44:58.248771+00:00,right,2,2.475919,session_20260727_054033,0.0,0,[],null,0.0
2063,2026-07-27T05:44:58.348851+00:00,right,2,2.576,session_20260727_054033,0.0,0,[],null,0.0
2064,2026-07-27T05:44:58.449101+00:00,right,2,2.67625,session_20260727_054033,0.0,0,[],null,0.0
2065,2026-07-27T05:44:58.549545+00:00,right,2,2.776695,session_20260727_054033,0.0,0,[],null,0.0
2066,2026-07-27T05:44:58.651939+00:00,right,2,2.879086,session_20260727_054033,0.0,0,[],null,0.0
2067,2026-07-27T05:45:03.221610+00:00,right,3,3.9e-05,session_20260727_054033,0.0,0,[],null,0.0
2068,2026-07-27T05:45:03.326688+00:00,right,3,0.105122,session_20260727_054033,0.0,0,[],null,0.0
2069,2026-07-27T05:45:03.428149+00:00,right,3,0.206571,session_20260727_054033,0.0,0,[],null,0.0
2070,2026-07-27T05:45:03.533213+00:00,right,3,0.311626,session_20260727_054033,0.0,0,[],null,0.0
2071,2026-07-27T05:45:03.638245+00:00,right,3,0.416658,session_20260727_054033,0.0,0,[],null,0.0
2072,2026-07-27T05:45:03.743301+00:00,right,3,0.521717,session_20260727_054033,0.0,0,[],null,0.0
2073,2026-07-27T05:45:03.848365+00:00,right,3,0.626785,session_20260727_054033,0.0,0,[],null,0.0
2074,2026-07-27T05:45:03.953411+00:00,right,3,0.731829,session_20260727_054033,0.0,0,[],null,0.0
2075,2026-07-27T05:45:04.058455+00:00,right,3,0.836868,session_20260727_054033,0.0,0,[],null,0.0
2076,2026-07-27T05:45:04.163493+00:00,right,3,0.94191,session_20260727_054033,0.0,0,[],null,0.0
2077,2026-07-27T05:45:04.268532+00:00,right,3,1.04695,session_20260727_054033,0.0,0,[],null,0.0
2078,2026-07-27T05:45:04.373573+00:00,right,3,1.151986,session_20260727_054033,0.0,0,[],null,0.0
2079,2026-07-27T05:45:04.478625+00:00,right,3,1.257035,session_20260727_054033,0.0,0,[],null,0.0
2080,2026-07-27T05:45:04.583674+00:00,right,3,1.362105,session_20260727_054033,0.0,0,[],null,0.0
2081,2026-07-27T05:45:04.688757+00:00,right,3,1.467186,session_20260727_054033,0.0,0,[],null,0.0
2082,2026-07-27T05:45:04.793825+00:00,right,3,1.572247,session_20260727_054033,0.0,0,[],null,0.0
2083,2026-07-27T05:45:04.898894+00:00,right,3,1.677325,session_20260727_054033,0.0,0,[],null,0.0
2084,2026-07-27T05:45:05.003953+00:00,right,3,1.78237,session_20260727_054033,0.0,0,[],null,0.0
2085,2026-07-27T05:45:05.105413+00:00,right,3,1.883824,session_20260727_054033,0.0,0,[],null,0.0
2086,2026-07-27T05:45:05.207275+00:00,right,3,1.985688,session_20260727_054033,0.0,0,[],null,0.0
2087,2026-07-27T05:45:05.308356+00:00,right,3,2.086766,session_20260727_054033,0.0,0,[],null,0.0
2088,2026-07-27T05:45:05.412183+00:00,right,3,2.190593,session_20260727_054033,0.0,0,[],null,0.0
2089,2026-07-27T05:45:05.512272+00:00,right,3,2.290686,session_20260727_054033,0.0,0,[],null,0.0
2090,2026-07-27T05:45:05.613180+00:00,right,3,2.391591,session_20260727_054033,0.0,0,[],null,0.0
2091,2026-07-27T05:45:05.714632+00:00,right,3,2.493043,session_20260727_054033,0.0,0,[],null,0.0
2092,2026-07-27T05:45:05.816473+00:00,right,3,2.594885,session_20260727_054033,0.0,0,[],null,0.0
2093,2026-07-27T05:45:05.917697+00:00,right,3,2.696106,session_20260727_054033,0.0,0,[],null,0.0
2094,2026-07-27T05:45:06.022123+00:00,right,3,2.80053,session_20260727_054033,0.0,0,[],null,0.0
2095,2026-07-27T05:45:09.311381+00:00,right,4,3.9e-05,session_20260727_054033,0.0,0,[],null,0.0
2096,2026-07-27T05:45:09.412666+00:00,right,4,0.101328,session_20260727_054033,0.0,0,[],null,0.0
2097,2026-07-27T05:45:09.517734+00:00,right,4,0.20639,session_20260727_054033,0.0,0,[],null,0.0
2098,2026-07-27T05:45:09.622107+00:00,right,4,0.310753,session_20260727_054033,0.0,0,[],null,0.0
2099,2026-07-27T05:45:09.725802+00:00,right,4,0.414452,session_20260727_054033,0.0,0,[],null,0.0
2100,2026-07-27T05:45:09.828797+00:00,right,4,0.517454,session_20260727_054033,0.0,0,[],null,0.0
2101,2026-07-27T05:45:09.933845+00:00,right,4,0.622492,session_20260727_054033,0.0,0,[],null,0.0
2102,2026-07-27T05:45:10.038748+00:00,right,4,0.72739,session_20260727_054033,0.0,0,[],null,0.0
2103,2026-07-27T05:45:10.141433+00:00,right,4,0.83008,session_20260727_054033,0.0,0,[],null,0.0
2104,2026-07-27T05:45:10.246468+00:00,right,4,0.93511,session_20260727_054033,0.0,0,[],null,0.0
2105,2026-07-27T05:45:10.351500+00:00,right,4,1.04014,session_20260727_054033,0.0,0,[],null,0.0
2106,2026-07-27T05:45:10.455391+00:00,right,4,1.144033,session_20260727_054033,0.0,0,[],null,0.0
2107,2026-07-27T05:45:10.560442+00:00,right,4,1.249095,session_20260727_054033,0.0,0,[],null,0.0
2108,2026-07-27T05:45:10.665495+00:00,right,4,1.354144,session_20260727_054033,0.0,0,[],null,0.0
2109,2026-07-27T05:45:10.770558+00:00,right,4,1.459221,session_20260727_054033,0.0,0,[],null,0.0
2110,2026-07-27T05:45:10.875630+00:00,right,4,1.56429,session_20260727_054033,0.0,0,[],null,0.0
2111,2026-07-27T05:45:10.980694+00:00,right,4,1.669351,session_20260727_054033,0.0,0,[],null,0.0
2112,2026-07-27T05:45:11.082040+00:00,right,4,1.770702,session_20260727_054033,0.0,0,[],null,0.0
2113,2026-07-27T05:45:11.182992+00:00,right,4,1.871634,session_20260727_054033,0.0,0,[],null,0.0
2114,2026-07-27T05:45:11.284195+00:00,right,4,1.972836,session_20260727_054033,0.0,0,[],null,0.0
2115,2026-07-27T05:45:11.385844+00:00,right,4,2.074486,session_20260727_054033,0.0,0,[],null,0.0
2116,2026-07-27T05:45:11.486806+00:00,right,4,2.175446,session_20260727_054033,0.0,0,[],null,0.0
2117,2026-07-27T05:45:11.592085+00:00,right,4,2.280725,session_20260727_054033,0.0,0,[],null,0.0
2118,2026-07-27T05:45:11.692113+00:00,right,4,2.380756,session_20260727_054033,0.0,0,[],null,0.0
2119,2026-07-27T05:45:11.793184+00:00,right,4,2.481825,session_20260727_054033,0.0,0,[],null,0.0
2120,2026-07-27T05:45:11.894623+00:00,right,4,2.583263,session_20260727_054033,0.0,0,[],null,0.0
2121,2026-07-27T05:45:11.996054+00:00,right,4,2.684694,session_20260727_054033,0.0,0,[],null,0.0
2122,2026-07-27T05:45:12.098000+00:00,right,4,2.786642,session_20260727_054033,0.0,0,[],null,0.0
2123,2026-07-27T05:45:12.198153+00:00,right,4,2.886791,session_20260727_054033,0.0,0,[],null,0.0
2124,2026-07-27T05:45:17.115748+00:00,right,5,4.8e-05,session_20260727_054033,0.0,0,[],null,0.0
2125,2026-07-27T05:45:17.218146+00:00,right,5,0.102446,session_20260727_054033,0.0,0,[],null,0.0
2126,2026-07-27T05:45:17.321361+00:00,right,5,0.205641,session_20260727_054033,0.0,0,[],null,0.0
2127,2026-07-27T05:45:17.426423+00:00,right,5,0.310706,session_20260727_054033,0.0,0,[],null,0.0
2128,2026-07-27T05:45:17.530351+00:00,right,5,0.414635,session_20260727_054033,0.0,0,[],null,0.0
2129,2026-07-27T05:45:17.633401+00:00,right,5,0.517681,session_20260727_054033,0.0,0,[],null,0.0
2130,2026-07-27T05:45:17.738443+00:00,right,5,0.622725,session_20260727_054033,0.0,0,[],null,0.0
2131,2026-07-27T05:45:17.843481+00:00,right,5,0.72776,session_20260727_054033,0.0,0,[],null,0.0
2132,2026-07-27T05:45:17.948514+00:00,right,5,0.832789,session_20260727_054033,0.0,0,[],null,0.0
2133,2026-07-27T05:45:18.053548+00:00,right,5,0.937826,session_20260727_054033,0.0,0,[],null,0.0
2134,2026-07-27T05:45:18.158599+00:00,right,5,1.042883,session_20260727_054033,0.0,0,[],null,0.0
2135,2026-07-27T05:45:18.263655+00:00,right,5,1.147947,session_20260727_054033,0.0,0,[],null,0.0
2136,2026-07-27T05:45:18.364715+00:00,right,5,1.248991,session_20260727_054033,0.0,0,[],null,0.0
2137,2026-07-27T05:45:18.469706+00:00,right,5,1.353985,session_20260727_054033,0.0,0,[],null,0.0
2138,2026-07-27T05:45:18.574738+00:00,right,5,1.459013,session_20260727_054033,0.0,0,[],null,0.0
2139,2026-07-27T05:45:18.679780+00:00,right,5,1.56406,session_20260727_054033,0.0,0,[],null,0.0
2140,2026-07-27T05:45:18.784845+00:00,right,5,1.669128,session_20260727_054033,0.0,0,[],null,0.0
2141,2026-07-27T05:45:18.889893+00:00,right,5,1.774171,session_20260727_054033,0.0,0,[],null,0.0
2142,2026-07-27T05:45:18.992340+00:00,right,5,1.876614,session_20260727_054033,0.0,0,[],null,0.0
2143,2026-07-27T05:45:19.093303+00:00,right,5,1.97758,session_20260727_054033,0.0,0,[],null,0.0
2144,2026-07-27T05:45:19.193584+00:00,right,5,2.077859,session_20260727_054033,0.0,0,[],null,0.0
2145,2026-07-27T05:45:19.294855+00:00,right,5,2.179128,session_20260727_054033,0.0,0,[],null,0.0
2146,2026-07-27T05:45:19.395528+00:00,right,5,2.279801,session_20260727_054033,0.0,0,[],null,0.0
2147,2026-07-27T05:45:19.497305+00:00,right,5,2.381578,session_20260727_054033,0.0,0,[],null,0.0
2148,2026-07-27T05:45:19.598178+00:00,right,5,2.482451,session_20260727_054033,0.0,0,[],null,0.0
2149,2026-07-27T05:45:19.698903+00:00,right,5,2.583172,session_20260727_054033,0.0,0,[],null,0.0
2150,2026-07-27T05:45:19.799195+00:00,right,5,2.683475,session_20260727_054033,0.0,0,[],null,0.0
2151,2026-07-27T05:45:19.899256+00:00,right,5,2.783538,session_20260727_054033,0.0,0,[],null,0.0
2152,2026-07-27T05:45:19.999586+00:00,right,5,2.883862,session_20260727_054033,0.0,0,[],null,0.0
2153,2026-07-27T05:45:23.249085+00:00,right,6,4.7e-05,session_20260727_054033,0.0,0,[],null,0.0
2154,2026-07-27T05:45:23.351300+00:00,right,6,0.102265,session_20260727_054033,0.0,0,[],null,0.0
2155,2026-07-27T05:45:23.455332+00:00,right,6,0.206278,session_20260727_054033,0.0,0,[],null,0.0
2156,2026-07-27T05:45:23.560378+00:00,right,6,0.311324,session_20260727_054033,0.0,0,[],null,0.0
2157,2026-07-27T05:45:23.665424+00:00,right,6,0.416371,session_20260727_054033,0.0,0,[],null,0.0
2158,2026-07-27T05:45:23.766389+00:00,right,6,0.517332,session_20260727_054033,0.0,0,[],null,0.0
2159,2026-07-27T05:45:23.870349+00:00,right,6,0.621291,session_20260727_054033,0.0,0,[],null,0.0
2160,2026-07-27T05:45:23.971998+00:00,right,6,0.722941,session_20260727_054033,0.0,0,[],null,0.0
2161,2026-07-27T05:45:24.077042+00:00,right,6,0.827983,session_20260727_054033,0.0,0,[],null,0.0
2162,2026-07-27T05:45:24.182078+00:00,right,6,0.933023,session_20260727_054033,0.0,0,[],null,0.0
2163,2026-07-27T05:45:24.283753+00:00,right,6,1.034702,session_20260727_054033,0.0,0,[],null,0.0
2164,2026-07-27T05:45:24.388810+00:00,right,6,1.139749,session_20260727_054033,0.0,0,[],null,0.0
2165,2026-07-27T05:45:24.493842+00:00,right,6,1.244782,session_20260727_054033,0.0,0,[],null,0.0
2166,2026-07-27T05:45:24.598879+00:00,right,6,1.349824,session_20260727_054033,0.0,0,[],null,0.0
2167,2026-07-27T05:45:24.700012+00:00,right,6,1.450961,session_20260727_054033,0.0,0,[],null,0.0
2168,2026-07-27T05:45:24.805105+00:00,right,6,1.556059,session_20260727_054033,0.0,0,[],null,0.0
2169,2026-07-27T05:45:24.907408+00:00,right,6,1.658354,session_20260727_054033,0.0,0,[],null,0.0
2170,2026-07-27T05:45:25.012448+00:00,right,6,1.763387,session_20260727_054033,0.0,0,[],null,0.0
2171,2026-07-27T05:45:25.113620+00:00,right,6,1.864561,session_20260727_054033,0.0,0,[],null,0.0
2172,2026-07-27T05:45:25.214889+00:00,right,6,1.965828,session_20260727_054033,0.0,0,[],null,0.0
2173,2026-07-27T05:45:25.316673+00:00,right,6,2.067615,session_20260727_054033,0.0,0,[],null,0.0
2174,2026-07-27T05:45:25.418025+00:00,right,6,2.168966,session_20260727_054033,0.0,0,[],null,0.0
2175,2026-07-27T05:45:25.518132+00:00,right,6,2.269072,session_20260727_054033,0.0,0,[],null,0.0
2176,2026-07-27T05:45:25.618840+00:00,right,6,2.369778,session_20260727_054033,0.0,0,[],null,0.0
2177,2026-07-27T05:45:25.719098+00:00,right,6,2.470039,session_20260727_054033,0.0,0,[],null,0.0
2178,2026-07-27T05:45:25.819218+00:00,right,6,2.570155,session_20260727_054033,0.0,0,[],null,0.0
2179,2026-07-27T05:45:25.919554+00:00,right,6,2.670492,session_20260727_054033,0.0,0,[],null,0.0
2180,2026-07-27T05:45:26.019936+00:00,right,6,2.770876,session_20260727_054033,0.0,0,[],null,0.0
2181,2026-07-27T05:45:26.120494+00:00,right,6,2.871431,session_20260727_054033,0.0,0,[],null,0.0
2182,2026-07-27T05:45:29.523147+00:00,right,7,4.1e-05,session_20260727_054033,0.0,0,[],null,0.0
2183,2026-07-27T05:45:29.623484+00:00,right,7,0.10039,session_20260727_054033,0.0,0,[],null,0.0
2184,2026-07-27T05:45:29.728548+00:00,right,7,0.205436,session_20260727_054033,0.0,0,[],null,0.0
2185,2026-07-27T05:45:29.833616+00:00,right,7,0.310502,session_20260727_054033,0.0,0,[],null,0.0
2186,2026-07-27T05:45:29.938301+00:00,right,7,0.415183,session_20260727_054033,0.0,0,[],null,0.0
2187,2026-07-27T05:45:30.043340+00:00,right,7,0.520219,session_20260727_054033,0.0,0,[],null,0.0
2188,2026-07-27T05:45:30.148370+00:00,right,7,0.625246,session_20260727_054033,0.0,0,[],null,0.0
2189,2026-07-27T05:45:30.253405+00:00,right,7,0.730282,session_20260727_054033,0.0,0,[],null,0.0
2190,2026-07-27T05:45:30.358432+00:00,right,7,0.835307,session_20260727_054033,0.0,0,[],null,0.0
2191,2026-07-27T05:45:30.463461+00:00,right,7,0.940337,session_20260727_054033,0.0,0,[],null,0.0
2192,2026-07-27T05:45:30.568499+00:00,right,7,1.045378,session_20260727_054033,0.0,0,[],null,0.0
2193,2026-07-27T05:45:30.673572+00:00,right,7,1.150465,session_20260727_054033,0.0,0,[],null,0.0
2194,2026-07-27T05:45:30.778644+00:00,right,7,1.25554,session_20260727_054033,0.0,0,[],null,0.0
2195,2026-07-27T05:45:30.883705+00:00,right,7,1.360592,session_20260727_054033,0.0,0,[],null,0.0
2196,2026-07-27T05:45:30.988601+00:00,right,7,1.465484,session_20260727_054033,0.0,0,[],null,0.0
2197,2026-07-27T05:45:31.092494+00:00,right,7,1.569378,session_20260727_054033,0.0,0,[],null,0.0
2198,2026-07-27T05:45:31.197536+00:00,right,7,1.67442,session_20260727_054033,0.0,0,[],null,0.0
2199,2026-07-27T05:45:31.302574+00:00,right,7,1.779452,session_20260727_054033,0.0,0,[],null,0.0
2200,2026-07-27T05:45:31.403604+00:00,right,7,1.880482,session_20260727_054033,0.0,0,[],null,0.0
2201,2026-07-27T05:45:31.503918+00:00,right,7,1.980793,session_20260727_054033,0.0,0,[],null,0.0
2202,2026-07-27T05:45:31.605267+00:00,right,7,2.082143,session_20260727_054033,0.0,0,[],null,0.0
2203,2026-07-27T05:45:31.707142+00:00,right,7,2.184023,session_20260727_054033,0.0,0,[],null,0.0
2204,2026-07-27T05:45:31.808243+00:00,right,7,2.285119,session_20260727_054033,0.0,0,[],null,0.0
2205,2026-07-27T05:45:31.908336+00:00,right,7,2.385212,session_20260727_054033,0.0,0,[],null,0.0
2206,2026-07-27T05:45:32.012514+00:00,right,7,2.489391,session_20260727_054033,0.0,0,[],null,0.0
2207,2026-07-27T05:45:32.113628+00:00,right,7,2.590507,session_20260727_054033,0.0,0,[],null,0.0
2208,2026-07-27T05:45:32.215020+00:00,right,7,2.691899,session_20260727_054033,0.0,0,[],null,0.0
2209,2026-07-27T05:45:32.316830+00:00,right,7,2.793705,session_20260727_054033,0.0,0,[],null,0.0
2210,2026-07-27T05:45:32.417972+00:00,right,7,2.894847,session_20260727_054033,0.0,0,[],null,0.0
2211,2026-07-27T05:45:35.510570+00:00,right,8,1.8e-05,session_20260727_054033,0.0,0,[],null,0.0
2212,2026-07-27T05:45:35.615624+00:00,right,8,0.105093,session_20260727_054033,0.0,0,[],null,0.0
2213,2026-07-27T05:45:35.719441+00:00,right,8,0.208901,session_20260727_054033,0.0,0,[],null,0.0
2214,2026-07-27T05:45:35.821529+00:00,right,8,0.310978,session_20260727_054033,0.0,0,[],null,0.0
2215,2026-07-27T05:45:35.923897+00:00,right,8,0.413345,session_20260727_054033,0.0,0,[],null,0.0
2216,2026-07-27T05:45:36.026697+00:00,right,8,0.516151,session_20260727_054033,0.0,0,[],null,0.0
2217,2026-07-27T05:45:36.131756+00:00,right,8,0.621205,session_20260727_054033,0.0,0,[],null,0.0
2218,2026-07-27T05:45:36.236791+00:00,right,8,0.726237,session_20260727_054033,0.0,0,[],null,0.0
2219,2026-07-27T05:45:36.341817+00:00,right,8,0.831261,session_20260727_054033,0.0,0,[],null,0.0
2220,2026-07-27T05:45:36.446848+00:00,right,8,0.936295,session_20260727_054033,0.0,0,[],null,0.0
2221,2026-07-27T05:45:36.551887+00:00,right,8,1.041336,session_20260727_054033,0.0,0,[],null,0.0
2222,2026-07-27T05:45:36.656947+00:00,right,8,1.146416,session_20260727_054033,0.0,0,[],null,0.0
2223,2026-07-27T05:45:36.762015+00:00,right,8,1.25147,session_20260727_054033,0.0,0,[],null,0.0
2224,2026-07-27T05:45:36.867089+00:00,right,8,1.356566,session_20260727_054033,0.0,0,[],null,0.0
2225,2026-07-27T05:45:36.972179+00:00,right,8,1.461653,session_20260727_054033,0.0,0,[],null,0.0
2226,2026-07-27T05:45:37.077262+00:00,right,8,1.566732,session_20260727_054033,0.0,0,[],null,0.0
2227,2026-07-27T05:45:37.182347+00:00,right,8,1.671819,session_20260727_054033,0.0,0,[],null,0.0
2228,2026-07-27T05:45:37.287444+00:00,right,8,1.776912,session_20260727_054033,0.0,0,[],null,0.0
2229,2026-07-27T05:45:37.387815+00:00,right,8,1.877258,session_20260727_054033,0.0,0,[],null,0.0
2230,2026-07-27T05:45:37.487970+00:00,right,8,1.977418,session_20260727_054033,0.0,0,[],null,0.0
2231,2026-07-27T05:45:37.588181+00:00,right,8,2.077625,session_20260727_054033,0.0,0,[],null,0.0
2232,2026-07-27T05:45:37.689097+00:00,right,8,2.178545,session_20260727_054033,0.0,0,[],null,0.0
2233,2026-07-27T05:45:37.792165+00:00,right,8,2.281619,session_20260727_054033,0.0,0,[],null,0.0
2234,2026-07-27T05:45:37.892411+00:00,right,8,2.381867,session_20260727_054033,0.0,0,[],null,0.0
2235,2026-07-27T05:45:37.993284+00:00,right,8,2.48273,session_20260727_054033,0.0,0,[],null,0.0
2236,2026-07-27T05:45:38.093713+00:00,right,8,2.583165,session_20260727_054033,0.0,0,[],null,0.0
2237,2026-07-27T05:45:38.195021+00:00,right,8,2.684467,session_20260727_054033,0.0,0,[],null,0.0
2238,2026-07-27T05:45:38.296653+00:00,right,8,2.786099,session_20260727_054033,0.0,0,[],null,0.0
2239,2026-07-27T05:45:38.396741+00:00,right,8,2.886188,session_20260727_054033,0.0,0,[],null,0.0
2240,2026-07-27T05:45:42.556287+00:00,right,9,4.3e-05,session_20260727_054033,0.0,0,[],null,0.0
2241,2026-07-27T05:45:42.661386+00:00,right,9,0.105144,session_20260727_054033,0.0,0,[],null,0.0
2242,2026-07-27T05:45:42.766471+00:00,right,9,0.210216,session_20260727_054033,0.0,0,[],null,0.0
2243,2026-07-27T05:45:42.871520+00:00,right,9,0.315262,session_20260727_054033,0.0,0,[],null,0.0
2244,2026-07-27T05:45:42.971905+00:00,right,9,0.415648,session_20260727_054033,0.0,0,[],null,0.0
2245,2026-07-27T05:45:43.076949+00:00,right,9,0.52069,session_20260727_054033,0.0,0,[],null,0.0
2246,2026-07-27T05:45:43.178664+00:00,right,9,0.622405,session_20260727_054033,0.0,0,[],null,0.0
2247,2026-07-27T05:45:43.283717+00:00,right,9,0.727451,session_20260727_054033,0.0,0,[],null,0.0
2248,2026-07-27T05:45:43.388769+00:00,right,9,0.832509,session_20260727_054033,0.0,0,[],null,0.0
2249,2026-07-27T05:45:43.493820+00:00,right,9,0.937555,session_20260727_054033,0.0,0,[],null,0.0
2250,2026-07-27T05:45:43.595079+00:00,right,9,1.038827,session_20260727_054033,0.0,0,[],null,0.0
2251,2026-07-27T05:45:43.700155+00:00,right,9,1.143919,session_20260727_054033,0.0,0,[],null,0.0
2252,2026-07-27T05:45:43.801292+00:00,right,9,1.245032,session_20260727_054033,0.0,0,[],null,0.0
2253,2026-07-27T05:45:43.905209+00:00,right,9,1.348961,session_20260727_054033,0.0,0,[],null,0.0
2254,2026-07-27T05:45:44.010256+00:00,right,9,1.454002,session_20260727_054033,0.0,0,[],null,0.0
2255,2026-07-27T05:45:44.115296+00:00,right,9,1.559036,session_20260727_054033,0.0,0,[],null,0.0
2256,2026-07-27T05:45:44.220331+00:00,right,9,1.664069,session_20260727_054033,0.0,0,[],null,0.0
2257,2026-07-27T05:45:44.325371+00:00,right,9,1.769109,session_20260727_054033,0.0,0,[],null,0.0
2258,2026-07-27T05:45:44.427095+00:00,right,9,1.870832,session_20260727_054033,0.0,0,[],null,0.0
2259,2026-07-27T05:45:44.529313+00:00,right,9,1.973049,session_20260727_054033,0.0,0,[],null,0.0
2260,2026-07-27T05:45:44.629568+00:00,right,9,2.073303,session_20260727_054033,0.0,0,[],null,0.0
2261,2026-07-27T05:45:44.729891+00:00,right,9,2.173627,session_20260727_054033,0.0,0,[],null,0.0
2262,2026-07-27T05:45:44.830328+00:00,right,9,2.274069,session_20260727_054033,0.0,0,[],null,0.0
2263,2026-07-27T05:45:44.930933+00:00,right,9,2.37467,session_20260727_054033,0.0,0,[],null,0.0
2264,2026-07-27T05:45:45.032376+00:00,right,9,2.476111,session_20260727_054033,0.0,0,[],null,0.0
2265,2026-07-27T05:45:45.133291+00:00,right,9,2.577025,session_20260727_054033,0.0,0,[],null,0.0
2266,2026-07-27T05:45:45.234598+00:00,right,9,2.678331,session_20260727_054033,0.0,0,[],null,0.0
2267,2026-07-27T05:45:45.336303+00:00,right,9,2.78004,session_20260727_054033,0.0,0,[],null,0.0
2268,2026-07-27T05:45:45.442563+00:00,right,9,2.88631,session_20260727_054033,0.0,0,[],null,0.0
2269,2026-07-27T06:39:12.238692+00:00,push,0,7.4e-05,session_20260727_063906,0.0,0,[],null,0.0
2270,2026-07-27T06:39:12.343788+00:00,push,0,0.105147,session_20260727_063906,0.0,0,[],null,0.0
2271,2026-07-27T06:39:12.448880+00:00,push,0,0.210245,session_20260727_063906,0.0,0,[],null,0.0
2272,2026-07-27T06:39:12.553978+00:00,push,0,0.315342,session_20260727_063906,0.0,0,[],null,0.0
2273,2026-07-27T06:39:12.654530+00:00,push,0,0.415899,session_20260727_063906,0.0,0,[],null,0.0
2274,2026-07-27T06:39:12.759632+00:00,push,0,0.520996,session_20260727_063906,0.0,0,[],null,0.0
2275,2026-07-27T06:39:12.864719+00:00,push,0,0.626083,session_20260727_063906,0.0,0,[],null,0.0
2276,2026-07-27T06:39:12.969806+00:00,push,0,0.731168,session_20260727_063906,0.0,0,[],null,0.0
2277,2026-07-27T06:39:13.074898+00:00,push,0,0.836256,session_20260727_063906,0.0,0,[],null,0.0
2278,2026-07-27T06:39:13.179976+00:00,push,0,0.941336,session_20260727_063906,0.0,0,[],null,0.0
2279,2026-07-27T06:39:13.280292+00:00,push,0,1.041635,session_20260727_063906,0.0,0,[],null,0.0
2280,2026-07-27T06:39:13.385054+00:00,push,0,1.146396,session_20260727_063906,0.0,0,[],null,0.0
2281,2026-07-27T06:39:13.490115+00:00,push,0,1.251471,session_20260727_063906,0.0,0,[],null,0.0
2282,2026-07-27T06:39:13.590647+00:00,push,0,1.352001,session_20260727_063906,0.0,0,[],null,0.0
2283,2026-07-27T06:39:13.695621+00:00,push,0,1.456985,session_20260727_063906,0.0,0,[],null,0.0
2284,2026-07-27T06:39:13.800502+00:00,push,0,1.561851,session_20260727_063906,0.0,0,[],null,0.0
2285,2026-07-27T06:39:13.905563+00:00,push,0,1.666913,session_20260727_063906,0.0,0,[],null,0.0
2286,2026-07-27T06:39:14.010639+00:00,push,0,1.772007,session_20260727_063906,0.0,0,[],null,0.0
2287,2026-07-27T06:39:14.115286+00:00,push,0,1.876648,session_20260727_063906,0.0,0,[],null,0.0
2288,2026-07-27T06:39:14.219876+00:00,push,0,1.981229,session_20260727_063906,0.0,0,[],null,0.0
2289,2026-07-27T06:40:01.984677+00:00,push,1,4.7e-05,session_20260727_063906,0.0,0,[],null,0.0
2290,2026-07-27T06:40:02.087626+00:00,push,1,0.103003,session_20260727_063906,0.0,0,[],null,0.0
2291,2026-07-27T06:40:02.192713+00:00,push,1,0.208087,session_20260727_063906,0.0,0,[],null,0.0
2292,2026-07-27T06:40:02.295350+00:00,push,1,0.310726,session_20260727_063906,0.0,0,[],null,0.0
2293,2026-07-27T06:40:02.400438+00:00,push,1,0.415811,session_20260727_063906,0.0,0,[],null,0.0
2294,2026-07-27T06:40:02.504192+00:00,push,1,0.519565,session_20260727_063906,0.0,0,[],null,0.0
2295,2026-07-27T06:40:02.605205+00:00,push,1,0.620574,session_20260727_063906,0.0,0,[],null,0.0
2296,2026-07-27T06:40:02.710105+00:00,push,1,0.72548,session_20260727_063906,0.0,0,[],null,0.0
2297,2026-07-27T06:40:02.811587+00:00,push,1,0.826971,session_20260727_063906,0.0,0,[],null,0.0
2298,2026-07-27T06:40:02.916675+00:00,push,1,0.93204,session_20260727_063906,0.0,0,[],null,0.0
2299,2026-07-27T06:40:03.021738+00:00,push,1,1.037094,session_20260727_063906,0.0,0,[],null,0.0
2300,2026-07-27T06:40:03.126813+00:00,push,1,1.142182,session_20260727_063906,0.0,0,[],null,0.0
2301,2026-07-27T06:40:03.231893+00:00,push,1,1.247268,session_20260727_063906,0.0,0,[],null,0.0
2302,2026-07-27T06:40:03.336643+00:00,push,1,1.352011,session_20260727_063906,0.0,0,[],null,0.0
2303,2026-07-27T06:40:03.437539+00:00,push,1,1.452908,session_20260727_063906,0.0,0,[],null,0.0
2304,2026-07-27T06:40:03.542629+00:00,push,1,1.558002,session_20260727_063906,0.0,0,[],null,0.0
2305,2026-07-27T06:40:03.647713+00:00,push,1,1.663083,session_20260727_063906,0.0,0,[],null,0.0
2306,2026-07-27T06:40:03.752798+00:00,push,1,1.768169,session_20260727_063906,0.0,0,[],null,0.0
2307,2026-07-27T06:40:03.854189+00:00,push,1,1.869562,session_20260727_063906,0.0,0,[],null,0.0
2308,2026-07-27T06:40:03.959274+00:00,push,1,1.974646,session_20260727_063906,0.0,0,[],null,0.0
2309,2026-07-27T06:40:06.269836+00:00,push,2,5.2e-05,session_20260727_063906,0.0,0,[],null,0.0
2310,2026-07-27T06:40:06.370864+00:00,push,2,0.101079,session_20260727_063906,0.0,0,[],null,0.0
2311,2026-07-27T06:40:06.475956+00:00,push,2,0.20617,session_20260727_063906,0.0,0,[],null,0.0
2312,2026-07-27T06:40:06.578221+00:00,push,2,0.308441,session_20260727_063906,0.0,0,[],null,0.0
2313,2026-07-27T06:40:06.683307+00:00,push,2,0.413511,session_20260727_063906,0.0,0,[],null,0.0
2314,2026-07-27T06:40:06.787504+00:00,push,2,0.517723,session_20260727_063906,0.0,0,[],null,0.0
2315,2026-07-27T06:40:06.892588+00:00,push,2,0.622799,session_20260727_063906,0.0,0,[],null,0.0
2316,2026-07-27T06:40:06.995329+00:00,push,2,0.725542,session_20260727_063906,0.0,0,[],null,0.0
2317,2026-07-27T06:40:07.095769+00:00,push,2,0.825979,session_20260727_063906,0.0,0,[],null,0.0
2318,2026-07-27T06:40:07.200849+00:00,push,2,0.931058,session_20260727_063906,0.0,0,[],null,0.0
2319,2026-07-27T06:40:07.304176+00:00,push,2,1.034386,session_20260727_063906,0.0,0,[],null,0.0
2320,2026-07-27T06:40:07.409261+00:00,push,2,1.139482,session_20260727_063906,0.0,0,[],null,0.0
2321,2026-07-27T06:40:07.514356+00:00,push,2,1.244574,session_20260727_063906,0.0,0,[],null,0.0
2322,2026-07-27T06:40:07.619448+00:00,push,2,1.349659,session_20260727_063906,0.0,0,[],null,0.0
2323,2026-07-27T06:40:07.720818+00:00,push,2,1.451017,session_20260727_063906,0.0,0,[],null,0.0
2324,2026-07-27T06:40:07.825883+00:00,push,2,1.556087,session_20260727_063906,0.0,0,[],null,0.0
2325,2026-07-27T06:40:07.930962+00:00,push,2,1.661182,session_20260727_063906,0.0,0,[],null,0.0
2326,2026-07-27T06:40:08.036048+00:00,push,2,1.766262,session_20260727_063906,0.0,0,[],null,0.0
2327,2026-07-27T06:40:08.137485+00:00,push,2,1.867695,session_20260727_063906,0.0,0,[],null,0.0
2328,2026-07-27T06:40:08.238035+00:00,push,2,1.968235,session_20260727_063906,0.0,0,[],null,0.0
2329,2026-07-27T06:40:14.298321+00:00,push,3,5e-05,session_20260727_063906,0.0,0,[],null,0.0
2330,2026-07-27T06:40:14.403410+00:00,push,3,0.105145,session_20260727_063906,0.0,0,[],null,0.0
2331,2026-07-27T06:40:14.504145+00:00,push,3,0.205873,session_20260727_063906,0.0,0,[],null,0.0
2332,2026-07-27T06:40:14.609238+00:00,push,3,0.310965,session_20260727_063906,0.0,0,[],null,0.0
2333,2026-07-27T06:40:14.709706+00:00,push,3,0.411435,session_20260727_063906,0.0,0,[],null,0.0
2334,2026-07-27T06:40:14.814792+00:00,push,3,0.516526,session_20260727_063906,0.0,0,[],null,0.0
2335,2026-07-27T06:40:14.919890+00:00,push,3,0.621625,session_20260727_063906,0.0,0,[],null,0.0
2336,2026-07-27T06:40:15.021801+00:00,push,3,0.723537,session_20260727_063906,0.0,0,[],null,0.0
2337,2026-07-27T06:40:15.126889+00:00,push,3,0.828618,session_20260727_063906,0.0,0,[],null,0.0
2338,2026-07-27T06:40:15.231969+00:00,push,3,0.933695,session_20260727_063906,0.0,0,[],null,0.0
2339,2026-07-27T06:40:15.336512+00:00,push,3,1.038228,session_20260727_063906,0.0,0,[],null,0.0
2340,2026-07-27T06:40:15.438449+00:00,push,3,1.140163,session_20260727_063906,0.0,0,[],null,0.0
2341,2026-07-27T06:40:15.543509+00:00,push,3,1.245233,session_20260727_063906,0.0,0,[],null,0.0
2342,2026-07-27T06:40:15.648593+00:00,push,3,1.350328,session_20260727_063906,0.0,0,[],null,0.0
2343,2026-07-27T06:40:15.753692+00:00,push,3,1.455427,session_20260727_063906,0.0,0,[],null,0.0
2344,2026-07-27T06:40:15.854137+00:00,push,3,1.555868,session_20260727_063906,0.0,0,[],null,0.0
2345,2026-07-27T06:40:15.959219+00:00,push,3,1.660947,session_20260727_063906,0.0,0,[],null,0.0
2346,2026-07-27T06:40:16.064306+00:00,push,3,1.766039,session_20260727_063906,0.0,0,[],null,0.0
2347,2026-07-27T06:40:16.164561+00:00,push,3,1.866293,session_20260727_063906,0.0,0,[],null,0.0
2348,2026-07-27T06:40:16.269646+00:00,push,3,1.971377,session_20260727_063906,0.0,0,[],null,0.0
2349,2026-07-27T06:40:18.914148+00:00,push,4,3.5e-05,session_20260727_063906,0.0,0,[],null,0.0
2350,2026-07-27T06:40:19.019224+00:00,push,4,0.10512,session_20260727_063906,0.0,0,[],null,0.0
2351,2026-07-27T06:40:19.120876+00:00,push,4,0.206779,session_20260727_063906,0.0,0,[],null,0.0
2352,2026-07-27T06:40:19.225968+00:00,push,4,0.311865,session_20260727_063906,0.0,0,[],null,0.0
2353,2026-07-27T06:40:19.328594+00:00,push,4,0.414492,session_20260727_063906,0.0,0,[],null,0.0
2354,2026-07-27T06:40:19.433671+00:00,push,4,0.519564,session_20260727_063906,0.0,0,[],null,0.0
2355,2026-07-27T06:40:19.537425+00:00,push,4,0.623322,session_20260727_063906,0.0,0,[],null,0.0
2356,2026-07-27T06:40:19.642445+00:00,push,4,0.728337,session_20260727_063906,0.0,0,[],null,0.0
2357,2026-07-27T06:40:19.747526+00:00,push,4,0.833422,session_20260727_063906,0.0,0,[],null,0.0
2358,2026-07-27T06:40:19.852603+00:00,push,4,0.938498,session_20260727_063906,0.0,0,[],null,0.0
2359,2026-07-27T06:40:19.954085+00:00,push,4,1.039977,session_20260727_063906,0.0,0,[],null,0.0
2360,2026-07-27T06:40:20.059170+00:00,push,4,1.145062,session_20260727_063906,0.0,0,[],null,0.0
2361,2026-07-27T06:40:20.164271+00:00,push,4,1.250175,session_20260727_063906,0.0,0,[],null,0.0
2362,2026-07-27T06:40:20.269362+00:00,push,4,1.355258,session_20260727_063906,0.0,0,[],null,0.0
2363,2026-07-27T06:40:20.370788+00:00,push,4,1.456687,session_20260727_063906,0.0,0,[],null,0.0
2364,2026-07-27T06:40:20.471015+00:00,push,4,1.556913,session_20260727_063906,0.0,0,[],null,0.0
2365,2026-07-27T06:40:20.576112+00:00,push,4,1.662016,session_20260727_063906,0.0,0,[],null,0.0
2366,2026-07-27T06:40:20.681202+00:00,push,4,1.767097,session_20260727_063906,0.0,0,[],null,0.0
2367,2026-07-27T06:40:20.783625+00:00,push,4,1.869522,session_20260727_063906,0.0,0,[],null,0.0
2368,2026-07-27T06:40:20.888713+00:00,push,4,1.97461,session_20260727_063906,0.0,0,[],null,0.0
2369,2026-07-27T06:40:29.773117+00:00,pull,1,4.6e-05,session_20260727_063906,0.0,0,[],null,0.0
2370,2026-07-27T06:40:29.878209+00:00,pull,1,0.105146,session_20260727_063906,0.0,0,[],null,0.0
2371,2026-07-27T06:40:29.983298+00:00,pull,1,0.210231,session_20260727_063906,0.0,0,[],null,0.0
2372,2026-07-27T06:40:30.087376+00:00,pull,1,0.314339,session_20260727_063906,0.0,0,[],null,0.0
2373,2026-07-27T06:40:30.189605+00:00,pull,1,0.416537,session_20260727_063906,0.0,0,[],null,0.0
2374,2026-07-27T06:40:30.294686+00:00,pull,1,0.521619,session_20260727_063906,0.0,0,[],null,0.0
2375,2026-07-27T06:40:30.395195+00:00,pull,1,0.622127,session_20260727_063906,0.0,0,[],null,0.0
2376,2026-07-27T06:40:30.500272+00:00,pull,1,0.727202,session_20260727_063906,0.0,0,[],null,0.0
2377,2026-07-27T06:40:30.605030+00:00,pull,1,0.831962,session_20260727_063906,0.0,0,[],null,0.0
2378,2026-07-27T06:40:30.710085+00:00,pull,1,0.937016,session_20260727_063906,0.0,0,[],null,0.0
2379,2026-07-27T06:40:30.813557+00:00,pull,1,1.040469,session_20260727_063906,0.0,0,[],null,0.0
2380,2026-07-27T06:40:30.918632+00:00,pull,1,1.14556,session_20260727_063906,0.0,0,[],null,0.0
2381,2026-07-27T06:40:31.023704+00:00,pull,1,1.250632,session_20260727_063906,0.0,0,[],null,0.0
2382,2026-07-27T06:40:31.128787+00:00,pull,1,1.35572,session_20260727_063906,0.0,0,[],null,0.0
2383,2026-07-27T06:40:31.233869+00:00,pull,1,1.460802,session_20260727_063906,0.0,0,[],null,0.0
2384,2026-07-27T06:40:31.337391+00:00,pull,1,1.564349,session_20260727_063906,0.0,0,[],null,0.0
2385,2026-07-27T06:40:31.442499+00:00,pull,1,1.66943,session_20260727_063906,0.0,0,[],null,0.0
2386,2026-07-27T06:40:31.547574+00:00,pull,1,1.774499,session_20260727_063906,0.0,0,[],null,0.0
2387,2026-07-27T06:40:31.652651+00:00,pull,1,1.879584,session_20260727_063906,0.0,0,[],null,0.0
2388,2026-07-27T06:40:31.754029+00:00,pull,1,1.980962,session_20260727_063906,0.0,0,[],null,0.0
2389,2026-07-27T06:40:35.883354+00:00,pull,2,4.3e-05,session_20260727_063906,0.0,0,[],null,0.0
2390,2026-07-27T06:40:35.988435+00:00,pull,2,0.105134,session_20260727_063906,0.0,0,[],null,0.0
2391,2026-07-27T06:40:36.093530+00:00,pull,2,0.210227,session_20260727_063906,0.0,0,[],null,0.0
2392,2026-07-27T06:40:36.198163+00:00,pull,2,0.314858,session_20260727_063906,0.0,0,[],null,0.0
2393,2026-07-27T06:40:36.303248+00:00,pull,2,0.41994,session_20260727_063906,0.0,0,[],null,0.0
2394,2026-07-27T06:40:36.404040+00:00,pull,2,0.52073,session_20260727_063906,0.0,0,[],null,0.0
2395,2026-07-27T06:40:36.509111+00:00,pull,2,0.625799,session_20260727_063906,0.0,0,[],null,0.0
2396,2026-07-27T06:40:36.614181+00:00,pull,2,0.730874,session_20260727_063906,0.0,0,[],null,0.0
2397,2026-07-27T06:40:36.718148+00:00,pull,2,0.834845,session_20260727_063906,0.0,0,[],null,0.0
2398,2026-07-27T06:40:36.820709+00:00,pull,2,0.937433,session_20260727_063906,0.0,0,[],null,0.0
2399,2026-07-27T06:40:36.925812+00:00,pull,2,1.042498,session_20260727_063906,0.0,0,[],null,0.0
2400,2026-07-27T06:40:37.029664+00:00,pull,2,1.146388,session_20260727_063906,0.0,0,[],null,0.0
2401,2026-07-27T06:40:37.134783+00:00,pull,2,1.251475,session_20260727_063906,0.0,0,[],null,0.0
2402,2026-07-27T06:40:37.237365+00:00,pull,2,1.354085,session_20260727_063906,0.0,0,[],null,0.0
2403,2026-07-27T06:40:37.342473+00:00,pull,2,1.459164,session_20260727_063906,0.0,0,[],null,0.0
2404,2026-07-27T06:40:37.447550+00:00,pull,2,1.564242,session_20260727_063906,0.0,0,[],null,0.0
2405,2026-07-27T06:40:37.552626+00:00,pull,2,1.669317,session_20260727_063906,0.0,0,[],null,0.0
2406,2026-07-27T06:40:37.653987+00:00,pull,2,1.770679,session_20260727_063906,0.0,0,[],null,0.0
2407,2026-07-27T06:40:37.755924+00:00,pull,2,1.872607,session_20260727_063906,0.0,0,[],null,0.0
2408,2026-07-27T06:40:37.860987+00:00,pull,2,1.977678,session_20260727_063906,0.0,0,[],null,0.0
2409,2026-07-27T06:40:43.047788+00:00,pull,3,5.2e-05,session_20260727_063906,0.0,0,[],null,0.0
2410,2026-07-27T06:40:43.152877+00:00,pull,3,0.105139,session_20260727_063906,0.0,0,[],null,0.0
2411,2026-07-27T06:40:43.253967+00:00,pull,3,0.206227,session_20260727_063906,0.0,0,[],null,0.0
2412,2026-07-27T06:40:43.359046+00:00,pull,3,0.311307,session_20260727_063906,0.0,0,[],null,0.0
2413,2026-07-27T06:40:43.464126+00:00,pull,3,0.416383,session_20260727_063906,0.0,0,[],null,0.0
2414,2026-07-27T06:40:43.569196+00:00,pull,3,0.521447,session_20260727_063906,0.0,0,[],null,0.0
2415,2026-07-27T06:40:43.671608+00:00,pull,3,0.623845,session_20260727_063906,0.0,0,[],null,0.0
2416,2026-07-27T06:40:43.774473+00:00,pull,3,0.726737,session_20260727_063906,0.0,0,[],null,0.0
2417,2026-07-27T06:40:43.878446+00:00,pull,3,0.8307,session_20260727_063906,0.0,0,[],null,0.0
2418,2026-07-27T06:40:43.983521+00:00,pull,3,0.935781,session_20260727_063906,0.0,0,[],null,0.0
2419,2026-07-27T06:40:44.087278+00:00,pull,3,1.039533,session_20260727_063906,0.0,0,[],null,0.0
2420,2026-07-27T06:40:44.192339+00:00,pull,3,1.144584,session_20260727_063906,0.0,0,[],null,0.0
2421,2026-07-27T06:40:44.297389+00:00,pull,3,1.249632,session_20260727_063906,0.0,0,[],null,0.0
2422,2026-07-27T06:40:44.402458+00:00,pull,3,1.354717,session_20260727_063906,0.0,0,[],null,0.0
2423,2026-07-27T06:40:44.503970+00:00,pull,3,1.456226,session_20260727_063906,0.0,0,[],null,0.0
2424,2026-07-27T06:40:44.609067+00:00,pull,3,1.561326,session_20260727_063906,0.0,0,[],null,0.0
2425,2026-07-27T06:40:44.711781+00:00,pull,3,1.664041,session_20260727_063906,0.0,0,[],null,0.0
2426,2026-07-27T06:40:44.816862+00:00,pull,3,1.769121,session_20260727_063906,0.0,0,[],null,0.0
2427,2026-07-27T06:40:44.921926+00:00,pull,3,1.874176,session_20260727_063906,0.0,0,[],null,0.0
2428,2026-07-27T06:40:45.027000+00:00,pull,3,1.979261,session_20260727_063906,0.0,0,[],null,0.0
2429,2026-07-27T06:40:48.960046+00:00,pull,4,5.2e-05,session_20260727_063906,0.0,0,[],null,0.0
2430,2026-07-27T06:40:49.061354+00:00,pull,4,0.101356,session_20260727_063906,0.0,0,[],null,0.0
2431,2026-07-27T06:40:49.161765+00:00,pull,4,0.20177,session_20260727_063906,0.0,0,[],null,0.0
2432,2026-07-27T06:40:49.266574+00:00,pull,4,0.306607,session_20260727_063906,0.0,0,[],null,0.0
2433,2026-07-27T06:40:49.371690+00:00,pull,4,0.411705,session_20260727_063906,0.0,0,[],null,0.0
2434,2026-07-27T06:40:49.476793+00:00,pull,4,0.516799,session_20260727_063906,0.0,0,[],null,0.0
2435,2026-07-27T06:40:49.581869+00:00,pull,4,0.621864,session_20260727_063906,0.0,0,[],null,0.0
2436,2026-07-27T06:40:49.686353+00:00,pull,4,0.726352,session_20260727_063906,0.0,0,[],null,0.0
2437,2026-07-27T06:40:49.787298+00:00,pull,4,0.827308,session_20260727_063906,0.0,0,[],null,0.0
2438,2026-07-27T06:40:49.892382+00:00,pull,4,0.932385,session_20260727_063906,0.0,0,[],null,0.0
2439,2026-07-27T06:40:49.993311+00:00,pull,4,1.033308,session_20260727_063906,0.0,0,[],null,0.0
2440,2026-07-27T06:40:50.098375+00:00,pull,4,1.138367,session_20260727_063906,0.0,0,[],null,0.0
2441,2026-07-27T06:40:50.203453+00:00,pull,4,1.243458,session_20260727_063906,0.0,0,[],null,0.0
2442,2026-07-27T06:40:50.308536+00:00,pull,4,1.34854,session_20260727_063906,0.0,0,[],null,0.0
2443,2026-07-27T06:40:50.413622+00:00,pull,4,1.45363,session_20260727_063906,0.0,0,[],null,0.0
2444,2026-07-27T06:40:50.518703+00:00,pull,4,1.558704,session_20260727_063906,0.0,0,[],null,0.0
2445,2026-07-27T06:40:50.621588+00:00,pull,4,1.661587,session_20260727_063906,0.0,0,[],null,0.0
2446,2026-07-27T06:40:50.722700+00:00,pull,4,1.762706,session_20260727_063906,0.0,0,[],null,0.0
2447,2026-07-27T06:40:50.827789+00:00,pull,4,1.867802,session_20260727_063906,0.0,0,[],null,0.0
2448,2026-07-27T06:40:50.927908+00:00,pull,4,1.967907,session_20260727_063906,0.0,0,[],null,0.0
2449,2026-07-27T06:41:04.725509+00:00,left,1,4.8e-05,session_20260727_063906,0.0,0,[],null,0.0
2450,2026-07-27T06:41:04.828797+00:00,left,1,0.103343,session_20260727_063906,0.0,0,[],null,0.0
2451,2026-07-27T06:41:04.933887+00:00,left,1,0.208428,session_20260727_063906,0.0,0,[],null,0.0
2452,2026-07-27T06:41:05.037933+00:00,left,1,0.312471,session_20260727_063906,0.0,0,[],null,0.0
2453,2026-07-27T06:41:05.143029+00:00,left,1,0.417571,session_20260727_063906,0.0,0,[],null,0.0
2454,2026-07-27T06:41:05.248110+00:00,left,1,0.522652,session_20260727_063906,0.0,0,[],null,0.0
2455,2026-07-27T06:41:05.353188+00:00,left,1,0.627727,session_20260727_063906,0.0,0,[],null,0.0
2456,2026-07-27T06:41:05.458255+00:00,left,1,0.732785,session_20260727_063906,0.0,0,[],null,0.0
2457,2026-07-27T06:41:05.563316+00:00,left,1,0.837853,session_20260727_063906,0.0,0,[],null,0.0
2458,2026-07-27T06:41:05.668399+00:00,left,1,0.942953,session_20260727_063906,0.0,0,[],null,0.0
2459,2026-07-27T06:41:05.770519+00:00,left,1,1.045066,session_20260727_063906,0.0,0,[],null,0.0
2460,2026-07-27T06:41:05.875601+00:00,left,1,1.150137,session_20260727_063906,0.0,0,[],null,0.0
2461,2026-07-27T06:41:05.980687+00:00,left,1,1.255232,session_20260727_063906,0.0,0,[],null,0.0
2462,2026-07-27T06:41:06.085768+00:00,left,1,1.360301,session_20260727_063906,0.0,0,[],null,0.0
2463,2026-07-27T06:41:06.187167+00:00,left,1,1.461709,session_20260727_063906,0.0,0,[],null,0.0
2464,2026-07-27T06:41:06.292249+00:00,left,1,1.566789,session_20260727_063906,0.0,0,[],null,0.0
2465,2026-07-27T06:41:06.394988+00:00,left,1,1.669522,session_20260727_063906,0.0,0,[],null,0.0
2466,2026-07-27T06:41:06.498810+00:00,left,1,1.773353,session_20260727_063906,0.0,0,[],null,0.0
2467,2026-07-27T06:41:06.603822+00:00,left,1,1.878361,session_20260727_063906,0.0,0,[],null,0.0
2468,2026-07-27T06:41:06.705368+00:00,left,1,1.979894,session_20260727_063906,0.0,0,[],null,0.0
2469,2026-07-27T06:41:08.943478+00:00,left,2,4.3e-05,session_20260727_063906,0.0,0,[],null,0.0
2470,2026-07-27T06:41:09.044597+00:00,left,2,0.10117,session_20260727_063906,0.0,0,[],null,0.0
2471,2026-07-27T06:41:09.148444+00:00,left,2,0.205018,session_20260727_063906,0.0,0,[],null,0.0
2472,2026-07-27T06:41:09.253531+00:00,left,2,0.310101,session_20260727_063906,0.0,0,[],null,0.0
2473,2026-07-27T06:41:09.354822+00:00,left,2,0.411392,session_20260727_063906,0.0,0,[],null,0.0
2474,2026-07-27T06:41:09.459894+00:00,left,2,0.51646,session_20260727_063906,0.0,0,[],null,0.0
2475,2026-07-27T06:41:09.564969+00:00,left,2,0.621533,session_20260727_063906,0.0,0,[],null,0.0
2476,2026-07-27T06:41:09.669583+00:00,left,2,0.726153,session_20260727_063906,0.0,0,[],null,0.0
2477,2026-07-27T06:41:09.770489+00:00,left,2,0.827061,session_20260727_063906,0.0,0,[],null,0.0
2478,2026-07-27T06:41:09.875572+00:00,left,2,0.932136,session_20260727_063906,0.0,0,[],null,0.0
2479,2026-07-27T06:41:09.978752+00:00,left,2,1.03531,session_20260727_063906,0.0,0,[],null,0.0
2480,2026-07-27T06:41:10.083803+00:00,left,2,1.140355,session_20260727_063906,0.0,0,[],null,0.0
2481,2026-07-27T06:41:10.188869+00:00,left,2,1.245432,session_20260727_063906,0.0,0,[],null,0.0
2482,2026-07-27T06:41:10.293952+00:00,left,2,1.350525,session_20260727_063906,0.0,0,[],null,0.0
2483,2026-07-27T06:41:10.394317+00:00,left,2,1.450889,session_20260727_063906,0.0,0,[],null,0.0
2484,2026-07-27T06:41:10.494966+00:00,left,2,1.551534,session_20260727_063906,0.0,0,[],null,0.0
2485,2026-07-27T06:41:10.595636+00:00,left,2,1.652201,session_20260727_063906,0.0,0,[],null,0.0
2486,2026-07-27T06:41:10.698577+00:00,left,2,1.755147,session_20260727_063906,0.0,0,[],null,0.0
2487,2026-07-27T06:41:10.803669+00:00,left,2,1.860241,session_20260727_063906,0.0,0,[],null,0.0
2488,2026-07-27T06:41:10.908757+00:00,left,2,1.965323,session_20260727_063906,0.0,0,[],null,0.0
2489,2026-07-27T06:41:13.405401+00:00,left,3,4.3e-05,session_20260727_063906,0.0,0,[],null,0.0
2490,2026-07-27T06:41:13.510477+00:00,left,3,0.105127,session_20260727_063906,0.0,0,[],null,0.0
2491,2026-07-27T06:41:13.615564+00:00,left,3,0.210213,session_20260727_063906,0.0,0,[],null,0.0
2492,2026-07-27T06:41:13.718037+00:00,left,3,0.312685,session_20260727_063906,0.0,0,[],null,0.0
2493,2026-07-27T06:41:13.823121+00:00,left,3,0.417768,session_20260727_063906,0.0,0,[],null,0.0
2494,2026-07-27T06:41:13.927894+00:00,left,3,0.52254,session_20260727_063906,0.0,0,[],null,0.0
2495,2026-07-27T06:41:14.032978+00:00,left,3,0.627628,session_20260727_063906,0.0,0,[],null,0.0
2496,2026-07-27T06:41:14.134363+00:00,left,3,0.729011,session_20260727_063906,0.0,0,[],null,0.0
2497,2026-07-27T06:41:14.239443+00:00,left,3,0.834098,session_20260727_063906,0.0,0,[],null,0.0
2498,2026-07-27T06:41:14.344111+00:00,left,3,0.938754,session_20260727_063906,0.0,0,[],null,0.0
2499,2026-07-27T06:41:14.449182+00:00,left,3,1.043814,session_20260727_063906,0.0,0,[],null,0.0
2500,2026-07-27T06:41:14.554252+00:00,left,3,1.148895,session_20260727_063906,0.0,0,[],null,0.0
2501,2026-07-27T06:41:14.659327+00:00,left,3,1.253972,session_20260727_063906,0.0,0,[],null,0.0
2502,2026-07-27T06:41:14.762076+00:00,left,3,1.356755,session_20260727_063906,0.0,0,[],null,0.0
2503,2026-07-27T06:41:14.867189+00:00,left,3,1.461832,session_20260727_063906,0.0,0,[],null,0.0
2504,2026-07-27T06:41:14.970451+00:00,left,3,1.565098,session_20260727_063906,0.0,0,[],null,0.0
2505,2026-07-27T06:41:15.075532+00:00,left,3,1.670174,session_20260727_063906,0.0,0,[],null,0.0
2506,2026-07-27T06:41:15.180023+00:00,left,3,1.774688,session_20260727_063906,0.0,0,[],null,0.0
2507,2026-07-27T06:41:15.285124+00:00,left,3,1.879768,session_20260727_063906,0.0,0,[],null,0.0
2508,2026-07-27T06:41:15.385651+00:00,left,3,1.980294,session_20260727_063906,0.0,0,[],null,0.0
2509,2026-07-27T06:41:18.909566+00:00,left,4,4.4e-05,session_20260727_063906,0.0,0,[],null,0.0
2510,2026-07-27T06:41:19.014595+00:00,left,4,0.105081,session_20260727_063906,0.0,0,[],null,0.0
2511,2026-07-27T06:41:19.118754+00:00,left,4,0.209241,session_20260727_063906,0.0,0,[],null,0.0
2512,2026-07-27T06:41:19.221237+00:00,left,4,0.311729,session_20260727_063906,0.0,0,[],null,0.0
2513,2026-07-27T06:41:19.326317+00:00,left,4,0.416793,session_20260727_063906,0.0,0,[],null,0.0
2514,2026-07-27T06:41:19.429287+00:00,left,4,0.519767,session_20260727_063906,0.0,0,[],null,0.0
2515,2026-07-27T06:41:19.534363+00:00,left,4,0.624846,session_20260727_063906,0.0,0,[],null,0.0
2516,2026-07-27T06:41:19.638257+00:00,left,4,0.728768,session_20260727_063906,0.0,0,[],null,0.0
2517,2026-07-27T06:41:19.743373+00:00,left,4,0.833863,session_20260727_063906,0.0,0,[],null,0.0
2518,2026-07-27T06:41:19.847232+00:00,left,4,0.937711,session_20260727_063906,0.0,0,[],null,0.0
2519,2026-07-27T06:41:19.952304+00:00,left,4,1.042778,session_20260727_063906,0.0,0,[],null,0.0
2520,2026-07-27T06:41:20.057353+00:00,left,4,1.147812,session_20260727_063906,0.0,0,[],null,0.0
2521,2026-07-27T06:41:20.162406+00:00,left,4,1.252883,session_20260727_063906,0.0,0,[],null,0.0
2522,2026-07-27T06:41:20.265198+00:00,left,4,1.35568,session_20260727_063906,0.0,0,[],null,0.0
2523,2026-07-27T06:41:20.370287+00:00,left,4,1.460771,session_20260727_063906,0.0,0,[],null,0.0
2524,2026-07-27T06:41:20.470424+00:00,left,4,1.560912,session_20260727_063906,0.0,0,[],null,0.0
2525,2026-07-27T06:41:20.572251+00:00,left,4,1.662736,session_20260727_063906,0.0,0,[],null,0.0
2526,2026-07-27T06:41:20.677340+00:00,left,4,1.767829,session_20260727_063906,0.0,0,[],null,0.0
2527,2026-07-27T06:41:20.781242+00:00,left,4,1.871719,session_20260727_063906,0.0,0,[],null,0.0
2528,2026-07-27T06:41:20.886330+00:00,left,4,1.976818,session_20260727_063906,0.0,0,[],null,0.0
2529,2026-07-27T06:41:26.147688+00:00,right,0,4.7e-05,session_20260727_063906,0.0,0,[],null,0.0
2530,2026-07-27T06:41:26.252773+00:00,right,0,0.105148,session_20260727_063906,0.0,0,[],null,0.0
2531,2026-07-27T06:41:26.353858+00:00,right,0,0.206226,session_20260727_063906,0.0,0,[],null,0.0
2532,2026-07-27T06:41:26.458944+00:00,right,0,0.31131,session_20260727_063906,0.0,0,[],null,0.0
2533,2026-07-27T06:41:26.561564+00:00,right,0,0.41393,session_20260727_063906,0.0,0,[],null,0.0
2534,2026-07-27T06:41:26.666647+00:00,right,0,0.519011,session_20260727_063906,0.0,0,[],null,0.0
2535,2026-07-27T06:41:26.770379+00:00,right,0,0.622742,session_20260727_063906,0.0,0,[],null,0.0
2536,2026-07-27T06:41:26.870888+00:00,right,0,0.723249,session_20260727_063906,0.0,0,[],null,0.0
2537,2026-07-27T06:41:26.975973+00:00,right,0,0.828339,session_20260727_063906,0.0,0,[],null,0.0
2538,2026-07-27T06:41:27.081052+00:00,right,0,0.933416,session_20260727_063906,0.0,0,[],null,0.0
2539,2026-07-27T06:41:27.186141+00:00,right,0,1.038502,session_20260727_063906,0.0,0,[],null,0.0
2540,2026-07-27T06:41:27.288209+00:00,right,0,1.140578,session_20260727_063906,0.0,0,[],null,0.0
2541,2026-07-27T06:41:27.393297+00:00,right,0,1.245659,session_20260727_063906,0.0,0,[],null,0.0
2542,2026-07-27T06:41:27.498380+00:00,right,0,1.350743,session_20260727_063906,0.0,0,[],null,0.0
2543,2026-07-27T06:41:27.603461+00:00,right,0,1.455821,session_20260727_063906,0.0,0,[],null,0.0
2544,2026-07-27T06:41:27.708532+00:00,right,0,1.560887,session_20260727_063906,0.0,0,[],null,0.0
2545,2026-07-27T06:41:27.813596+00:00,right,0,1.665946,session_20260727_063906,0.0,0,[],null,0.0
2546,2026-07-27T06:41:27.918661+00:00,right,0,1.771016,session_20260727_063906,0.0,0,[],null,0.0
2547,2026-07-27T06:41:28.020573+00:00,right,0,1.872935,session_20260727_063906,0.0,0,[],null,0.0
2548,2026-07-27T06:41:28.125642+00:00,right,0,1.977992,session_20260727_063906,0.0,0,[],null,0.0
2549,2026-07-27T06:41:31.930786+00:00,right,1,4.2e-05,session_20260727_063906,0.0,0,[],null,0.0
2550,2026-07-27T06:41:32.035866+00:00,right,1,0.105133,session_20260727_063906,0.0,0,[],null,0.0
2551,2026-07-27T06:41:32.139139+00:00,right,1,0.2084,session_20260727_063906,0.0,0,[],null,0.0
2552,2026-07-27T06:41:32.243124+00:00,right,1,0.312384,session_20260727_063906,0.0,0,[],null,0.0
2553,2026-07-27T06:41:32.345950+00:00,right,1,0.415211,session_20260727_063906,0.0,0,[],null,0.0
2554,2026-07-27T06:41:32.449234+00:00,right,1,0.518498,session_20260727_063906,0.0,0,[],null,0.0
2555,2026-07-27T06:41:32.553813+00:00,right,1,0.623077,session_20260727_063906,0.0,0,[],null,0.0
2556,2026-07-27T06:41:32.658890+00:00,right,1,0.728146,session_20260727_063906,0.0,0,[],null,0.0
2557,2026-07-27T06:41:32.763957+00:00,right,1,0.833207,session_20260727_063906,0.0,0,[],null,0.0
2558,2026-07-27T06:41:32.864505+00:00,right,1,0.933758,session_20260727_063906,0.0,0,[],null,0.0
2559,2026-07-27T06:41:32.969591+00:00,right,1,1.038904,session_20260727_063906,0.0,0,[],null,0.0
2560,2026-07-27T06:41:33.074704+00:00,right,1,1.143941,session_20260727_063906,0.0,0,[],null,0.0
2561,2026-07-27T06:41:33.179761+00:00,right,1,1.249018,session_20260727_063906,0.0,0,[],null,0.0
2562,2026-07-27T06:41:33.280279+00:00,right,1,1.349544,session_20260727_063906,0.0,0,[],null,0.0
2563,2026-07-27T06:41:33.385364+00:00,right,1,1.454632,session_20260727_063906,0.0,0,[],null,0.0
2564,2026-07-27T06:41:33.487021+00:00,right,1,1.556285,session_20260727_063906,0.0,0,[],null,0.0
2565,2026-07-27T06:41:33.588072+00:00,right,1,1.657333,session_20260727_063906,0.0,0,[],null,0.0
2566,2026-07-27T06:41:33.688700+00:00,right,1,1.75796,session_20260727_063906,0.0,0,[],null,0.0
2567,2026-07-27T06:41:33.793772+00:00,right,1,1.86303,session_20260727_063906,0.0,0,[],null,0.0
2568,2026-07-27T06:41:33.896181+00:00,right,1,1.965442,session_20260727_063906,0.0,0,[],null,0.0
2569,2026-07-27T06:41:37.834508+00:00,right,2,4e-05,session_20260727_063906,0.0,0,[],null,0.0
2570,2026-07-27T06:41:37.937023+00:00,right,2,0.102566,session_20260727_063906,0.0,0,[],null,0.0
2571,2026-07-27T06:41:38.039695+00:00,right,2,0.205233,session_20260727_063906,0.0,0,[],null,0.0
2572,2026-07-27T06:41:38.144780+00:00,right,2,0.310321,session_20260727_063906,0.0,0,[],null,0.0
2573,2026-07-27T06:41:38.245850+00:00,right,2,0.411392,session_20260727_063906,0.0,0,[],null,0.0
2574,2026-07-27T06:41:38.350936+00:00,right,2,0.516476,session_20260727_063906,0.0,0,[],null,0.0
2575,2026-07-27T06:41:38.453793+00:00,right,2,0.619334,session_20260727_063906,0.0,0,[],null,0.0
2576,2026-07-27T06:41:38.558881+00:00,right,2,0.724418,session_20260727_063906,0.0,0,[],null,0.0
2577,2026-07-27T06:41:38.662891+00:00,right,2,0.828422,session_20260727_063906,0.0,0,[],null,0.0
2578,2026-07-27T06:41:38.767964+00:00,right,2,0.933499,session_20260727_063906,0.0,0,[],null,0.0
2579,2026-07-27T06:41:38.871527+00:00,right,2,1.037044,session_20260727_063906,0.0,0,[],null,0.0
2580,2026-07-27T06:41:38.976596+00:00,right,2,1.14213,session_20260727_063906,0.0,0,[],null,0.0
2581,2026-07-27T06:41:39.081677+00:00,right,2,1.247216,session_20260727_063906,0.0,0,[],null,0.0
2582,2026-07-27T06:41:39.186102+00:00,right,2,1.351636,session_20260727_063906,0.0,0,[],null,0.0
2583,2026-07-27T06:41:39.291177+00:00,right,2,1.456713,session_20260727_063906,0.0,0,[],null,0.0
2584,2026-07-27T06:41:39.396252+00:00,right,2,1.56179,session_20260727_063906,0.0,0,[],null,0.0
2585,2026-07-27T06:41:39.501343+00:00,right,2,1.666886,session_20260727_063906,0.0,0,[],null,0.0
2586,2026-07-27T06:41:39.603645+00:00,right,2,1.769185,session_20260727_063906,0.0,0,[],null,0.0
2587,2026-07-27T06:41:39.708732+00:00,right,2,1.874268,session_20260727_063906,0.0,0,[],null,0.0
2588,2026-07-27T06:41:39.813816+00:00,right,2,1.979354,session_20260727_063906,0.0,0,[],null,0.0
2589,2026-07-27T06:41:42.779512+00:00,right,3,7.3e-05,session_20260727_063906,0.0,0,[],null,0.0
2590,2026-07-27T06:41:42.884626+00:00,right,3,0.105152,session_20260727_063906,0.0,0,[],null,0.0
2591,2026-07-27T06:41:42.987969+00:00,right,3,0.2085,session_20260727_063906,0.0,0,[],null,0.0
2592,2026-07-27T06:41:43.093052+00:00,right,3,0.313584,session_20260727_063906,0.0,0,[],null,0.0
2593,2026-07-27T06:41:43.198129+00:00,right,3,0.418657,session_20260727_063906,0.0,0,[],null,0.0
2594,2026-07-27T06:41:43.302749+00:00,right,3,0.523278,session_20260727_063906,0.0,0,[],null,0.0
2595,2026-07-27T06:41:43.404627+00:00,right,3,0.625157,session_20260727_063906,0.0,0,[],null,0.0
2596,2026-07-27T06:41:43.508769+00:00,right,3,0.729299,session_20260727_063906,0.0,0,[],null,0.0
2597,2026-07-27T06:41:43.612945+00:00,right,3,0.833471,session_20260727_063906,0.0,0,[],null,0.0
2598,2026-07-27T06:41:43.717331+00:00,right,3,0.937857,session_20260727_063906,0.0,0,[],null,0.0
2599,2026-07-27T06:41:43.820274+00:00,right,3,1.040794,session_20260727_063906,0.0,0,[],null,0.0
2600,2026-07-27T06:41:43.925325+00:00,right,3,1.145834,session_20260727_063906,0.0,0,[],null,0.0
2601,2026-07-27T06:41:44.030383+00:00,right,3,1.250908,session_20260727_063906,0.0,0,[],null,0.0
2602,2026-07-27T06:41:44.131112+00:00,right,3,1.351639,session_20260727_063906,0.0,0,[],null,0.0
2603,2026-07-27T06:41:44.236185+00:00,right,3,1.456713,session_20260727_063906,0.0,0,[],null,0.0
2604,2026-07-27T06:41:44.336989+00:00,right,3,1.557523,session_20260727_063906,0.0,0,[],null,0.0
2605,2026-07-27T06:41:44.442075+00:00,right,3,1.662602,session_20260727_063906,0.0,0,[],null,0.0
2606,2026-07-27T06:41:44.547147+00:00,right,3,1.767675,session_20260727_063906,0.0,0,[],null,0.0
2607,2026-07-27T06:41:44.652227+00:00,right,3,1.872758,session_20260727_063906,0.0,0,[],null,0.0
2608,2026-07-27T06:41:44.753817+00:00,right,3,1.974356,session_20260727_063906,0.0,0,[],null,0.0
2609,2026-07-27T06:41:48.097634+00:00,right,4,4.1e-05,session_20260727_063906,0.0,0,[],null,0.0
2610,2026-07-27T06:41:48.202712+00:00,right,4,0.105125,session_20260727_063906,0.0,0,[],null,0.0
2611,2026-07-27T06:41:48.304607+00:00,right,4,0.207021,session_20260727_063906,0.0,0,[],null,0.0
2612,2026-07-27T06:41:48.405969+00:00,right,4,0.308378,session_20260727_063906,0.0,0,[],null,0.0
2613,2026-07-27T06:41:48.511041+00:00,right,4,0.413463,session_20260727_063906,0.0,0,[],null,0.0
2614,2026-07-27T06:41:48.615888+00:00,right,4,0.5183,session_20260727_063906,0.0,0,[],null,0.0
2615,2026-07-27T06:41:48.720387+00:00,right,4,0.622934,session_20260727_063906,0.0,0,[],null,0.0
2616,2026-07-27T06:41:48.825603+00:00,right,4,0.728016,session_20260727_063906,0.0,0,[],null,0.0
2617,2026-07-27T06:41:48.930680+00:00,right,4,0.833094,session_20260727_063906,0.0,0,[],null,0.0
2618,2026-07-27T06:41:49.035757+00:00,right,4,0.938164,session_20260727_063906,0.0,0,[],null,0.0
2619,2026-07-27T06:41:49.136926+00:00,right,4,1.039323,session_20260727_063906,0.0,0,[],null,0.0
2620,2026-07-27T06:41:49.237923+00:00,right,4,1.140319,session_20260727_063906,0.0,0,[],null,0.0
2621,2026-07-27T06:41:49.342985+00:00,right,4,1.245393,session_20260727_063906,0.0,0,[],null,0.0
2622,2026-07-27T06:41:49.448058+00:00,right,4,1.350467,session_20260727_063906,0.0,0,[],null,0.0
2623,2026-07-27T06:41:49.552584+00:00,right,4,1.454997,session_20260727_063906,0.0,0,[],null,0.0
2624,2026-07-27T06:41:49.657664+00:00,right,4,1.560076,session_20260727_063906,0.0,0,[],null,0.0
2625,2026-07-27T06:41:49.762553+00:00,right,4,1.664973,session_20260727_063906,0.0,0,[],null,0.0
2626,2026-07-27T06:41:49.867641+00:00,right,4,1.770054,session_20260727_063906,0.0,0,[],null,0.0
2627,2026-07-27T06:41:49.968143+00:00,right,4,1.870553,session_20260727_063906,0.0,0,[],null,0.0
2628,2026-07-27T06:41:50.071454+00:00,right,4,1.97387,session_20260727_063906,0.0,0,[],null,0.0
2629,2026-07-27T13:01:57.089298+00:00,push,0,5e-05,session_20260727_130152,0.0,0,[],null,0.0
2630,2026-07-27T13:01:57.190377+00:00,push,0,0.101125,session_20260727_130152,0.0,0,[],null,0.0
2631,2026-07-27T13:01:57.295460+00:00,push,0,0.206211,session_20260727_130152,0.0,0,[],null,0.0
2632,2026-07-27T13:01:57.400546+00:00,push,0,0.311298,session_20260727_130152,0.0,0,[],null,0.0
2633,2026-07-27T13:01:57.505121+00:00,push,0,0.415871,session_20260727_130152,0.0,0,[],null,0.0
2634,2026-07-27T13:01:57.608041+00:00,push,0,0.518792,session_20260727_130152,0.0,0,[],null,0.0
2635,2026-07-27T13:01:57.713128+00:00,push,0,0.623884,session_20260727_130152,0.0,0,[],null,0.0
2636,2026-07-27T13:01:57.818226+00:00,push,0,0.728977,session_20260727_130152,0.0,0,[],null,0.0
2637,2026-07-27T13:01:57.923309+00:00,push,0,0.834066,session_20260727_130152,0.0,0,[],null,0.0
2638,2026-07-27T13:01:58.023558+00:00,push,0,0.934322,session_20260727_130152,0.0,0,[],null,0.0
2639,2026-07-27T13:01:58.123687+00:00,push,0,1.034441,session_20260727_130152,0.0,0,[],null,0.0
2640,2026-07-27T13:01:58.225064+00:00,push,0,1.135808,session_20260727_130152,0.0,0,[],null,0.0
2641,2026-07-27T13:01:58.330142+00:00,push,0,1.240895,session_20260727_130152,0.0,0,[],null,0.0
2642,2026-07-27T13:01:58.435284+00:00,push,0,1.346036,session_20260727_130152,0.0,0,[],null,0.0
2643,2026-07-27T13:01:58.540372+00:00,push,0,1.451126,session_20260727_130152,0.0,0,[],null,0.0
2644,2026-07-27T13:01:58.645457+00:00,push,0,1.55621,session_20260727_130152,0.0,0,[],null,0.0
2645,2026-07-27T13:01:58.750534+00:00,push,0,1.661272,session_20260727_130152,0.0,0,[],null,0.0
2646,2026-07-27T13:01:58.855587+00:00,push,0,1.766321,session_20260727_130152,0.0,0,[],null,0.0
2647,2026-07-27T13:01:58.960651+00:00,push,0,1.871398,session_20260727_130152,0.0,0,[],null,0.0
2648,2026-07-27T13:01:59.065736+00:00,push,0,1.976487,session_20260727_130152,0.0,0,[],null,0.0
2649,2026-07-27T13:02:04.487069+00:00,push,1,4.2e-05,session_20260727_130152,0.0,0,[],null,0.0
2650,2026-07-27T13:02:04.590341+00:00,push,1,0.103328,session_20260727_130152,0.0,0,[],null,0.0
2651,2026-07-27T13:02:04.695427+00:00,push,1,0.208407,session_20260727_130152,0.0,0,[],null,0.0
2652,2026-07-27T13:02:04.800521+00:00,push,1,0.313512,session_20260727_130152,0.0,0,[],null,0.0
2653,2026-07-27T13:02:04.905613+00:00,push,1,0.418593,session_20260727_130152,0.0,0,[],null,0.0
2654,2026-07-27T13:02:05.009043+00:00,push,1,0.522027,session_20260727_130152,0.0,0,[],null,0.0
2655,2026-07-27T13:02:05.111289+00:00,push,1,0.624269,session_20260727_130152,0.0,0,[],null,0.0
2656,2026-07-27T13:02:05.216366+00:00,push,1,0.729342,session_20260727_130152,0.0,0,[],null,0.0
2657,2026-07-27T13:02:05.321441+00:00,push,1,0.834418,session_20260727_130152,0.0,0,[],null,0.0
2658,2026-07-27T13:02:05.423251+00:00,push,1,0.936232,session_20260727_130152,0.0,0,[],null,0.0
2659,2026-07-27T13:02:05.528331+00:00,push,1,1.041301,session_20260727_130152,0.0,0,[],null,0.0
2660,2026-07-27T13:02:05.633390+00:00,push,1,1.146348,session_20260727_130152,0.0,0,[],null,0.0
2661,2026-07-27T13:02:05.738445+00:00,push,1,1.251421,session_20260727_130152,0.0,0,[],null,0.0
2662,2026-07-27T13:02:05.841316+00:00,push,1,1.354301,session_20260727_130152,0.0,0,[],null,0.0
2663,2026-07-27T13:02:05.946414+00:00,push,1,1.459391,session_20260727_130152,0.0,0,[],null,0.0
2664,2026-07-27T13:02:06.051510+00:00,push,1,1.564487,session_20260727_130152,0.0,0,[],null,0.0
2665,2026-07-27T13:02:06.156594+00:00,push,1,1.669574,session_20260727_130152,0.0,0,[],null,0.0
2666,2026-07-27T13:02:06.261693+00:00,push,1,1.774678,session_20260727_130152,0.0,0,[],null,0.0
2667,2026-07-27T13:02:06.366788+00:00,push,1,1.879773,session_20260727_130152,0.0,0,[],null,0.0
2668,2026-07-27T13:02:06.471892+00:00,push,1,1.984882,session_20260727_130152,0.0,0,[],null,0.0
2669,2026-07-27T13:02:08.941756+00:00,push,2,4.3e-05,session_20260727_130152,0.0,0,[],null,0.0
2670,2026-07-27T13:02:09.046168+00:00,push,2,0.104468,session_20260727_130152,0.0,0,[],null,0.0
2671,2026-07-27T13:02:09.148123+00:00,push,2,0.206419,session_20260727_130152,0.0,0,[],null,0.0
2672,2026-07-27T13:02:09.253208+00:00,push,2,0.311502,session_20260727_130152,0.0,0,[],null,0.0
2673,2026-07-27T13:02:09.356951+00:00,push,2,0.415242,session_20260727_130152,0.0,0,[],null,0.0
2674,2026-07-27T13:02:09.462037+00:00,push,2,0.520333,session_20260727_130152,0.0,0,[],null,0.0
2675,2026-07-27T13:02:09.564212+00:00,push,2,0.62251,session_20260727_130152,0.0,0,[],null,0.0
2676,2026-07-27T13:02:09.669297+00:00,push,2,0.727596,session_20260727_130152,0.0,0,[],null,0.0
2677,2026-07-27T13:02:09.773608+00:00,push,2,0.831894,session_20260727_130152,0.0,0,[],null,0.0
2678,2026-07-27T13:02:09.874627+00:00,push,2,0.932919,session_20260727_130152,0.0,0,[],null,0.0
2679,2026-07-27T13:02:09.979707+00:00,push,2,1.037986,session_20260727_130152,0.0,0,[],null,0.0
2680,2026-07-27T13:02:10.084765+00:00,push,2,1.143043,session_20260727_130152,0.0,0,[],null,0.0
2681,2026-07-27T13:02:10.189832+00:00,push,2,1.248122,session_20260727_130152,0.0,0,[],null,0.0
2682,2026-07-27T13:02:10.294904+00:00,push,2,1.35319,session_20260727_130152,0.0,0,[],null,0.0
2683,2026-07-27T13:02:10.399983+00:00,push,2,1.458278,session_20260727_130152,0.0,0,[],null,0.0
2684,2026-07-27T13:02:10.500884+00:00,push,2,1.559182,session_20260727_130152,0.0,0,[],null,0.0
2685,2026-07-27T13:02:10.605979+00:00,push,2,1.664274,session_20260727_130152,0.0,0,[],null,0.0
2686,2026-07-27T13:02:10.711060+00:00,push,2,1.76935,session_20260727_130152,0.0,0,[],null,0.0
2687,2026-07-27T13:02:10.816131+00:00,push,2,1.874418,session_20260727_130152,0.0,0,[],null,0.0
2688,2026-07-27T13:02:10.921211+00:00,push,2,1.979507,session_20260727_130152,0.0,0,[],null,0.0
2689,2026-07-27T13:02:13.555602+00:00,push,3,4e-05,session_20260727_130152,0.0,0,[],null,0.0
2690,2026-07-27T13:02:13.656961+00:00,push,3,0.101413,session_20260727_130152,0.0,0,[],null,0.0
2691,2026-07-27T13:02:13.762052+00:00,push,3,0.2065,session_20260727_130152,0.0,0,[],null,0.0
2692,2026-07-27T13:02:13.867148+00:00,push,3,0.311595,session_20260727_130152,0.0,0,[],null,0.0
2693,2026-07-27T13:02:13.972234+00:00,push,3,0.416681,session_20260727_130152,0.0,0,[],null,0.0
2694,2026-07-27T13:02:14.074465+00:00,push,3,0.518912,session_20260727_130152,0.0,0,[],null,0.0
2695,2026-07-27T13:02:14.179539+00:00,push,3,0.623986,session_20260727_130152,0.0,0,[],null,0.0
2696,2026-07-27T13:02:14.284613+00:00,push,3,0.729056,session_20260727_130152,0.0,0,[],null,0.0
2697,2026-07-27T13:02:14.388636+00:00,push,3,0.833105,session_20260727_130152,0.0,0,[],null,0.0
2698,2026-07-27T13:02:14.490257+00:00,push,3,0.934704,session_20260727_130152,0.0,0,[],null,0.0
2699,2026-07-27T13:02:14.595326+00:00,push,3,1.03975,session_20260727_130152,0.0,0,[],null,0.0
2700,2026-07-27T13:02:14.700361+00:00,push,3,1.144781,session_20260727_130152,0.0,0,[],null,0.0
2701,2026-07-27T13:02:14.805425+00:00,push,3,1.249867,session_20260727_130152,0.0,0,[],null,0.0
2702,2026-07-27T13:02:14.908693+00:00,push,3,1.353144,session_20260727_130152,0.0,0,[],null,0.0
2703,2026-07-27T13:02:15.013746+00:00,push,3,1.458199,session_20260727_130152,0.0,0,[],null,0.0
2704,2026-07-27T13:02:15.118833+00:00,push,3,1.563278,session_20260727_130152,0.0,0,[],null,0.0
2705,2026-07-27T13:02:15.222623+00:00,push,3,1.667068,session_20260727_130152,0.0,0,[],null,0.0
2706,2026-07-27T13:02:15.323591+00:00,push,3,1.76804,session_20260727_130152,0.0,0,[],null,0.0
2707,2026-07-27T13:02:15.424234+00:00,push,3,1.868683,session_20260727_130152,0.0,0,[],null,0.0
2708,2026-07-27T13:02:15.529319+00:00,push,3,1.973768,session_20260727_130152,0.0,0,[],null,0.0
2709,2026-07-27T13:02:19.226800+00:00,push,4,4.5e-05,session_20260727_130152,0.0,0,[],null,0.0
2710,2026-07-27T13:02:19.331396+00:00,push,4,0.104647,session_20260727_130152,0.0,0,[],null,0.0
2711,2026-07-27T13:02:19.435040+00:00,push,4,0.208295,session_20260727_130152,0.0,0,[],null,0.0
2712,2026-07-27T13:02:19.540143+00:00,push,4,0.313404,session_20260727_130152,0.0,0,[],null,0.0
2713,2026-07-27T13:02:19.645241+00:00,push,4,0.418493,session_20260727_130152,0.0,0,[],null,0.0
2714,2026-07-27T13:02:19.750329+00:00,push,4,0.523575,session_20260727_130152,0.0,0,[],null,0.0
2715,2026-07-27T13:02:19.855412+00:00,push,4,0.628662,session_20260727_130152,0.0,0,[],null,0.0
2716,2026-07-27T13:02:19.960501+00:00,push,4,0.733755,session_20260727_130152,0.0,0,[],null,0.0
2717,2026-07-27T13:02:20.065589+00:00,push,4,0.838839,session_20260727_130152,0.0,0,[],null,0.0
2718,2026-07-27T13:02:20.170403+00:00,push,4,0.943677,session_20260727_130152,0.0,0,[],null,0.0
2719,2026-07-27T13:02:20.273545+00:00,push,4,1.04678,session_20260727_130152,0.0,0,[],null,0.0
2720,2026-07-27T13:02:20.378609+00:00,push,4,1.151853,session_20260727_130152,0.0,0,[],null,0.0
2721,2026-07-27T13:02:20.483692+00:00,push,4,1.256945,session_20260727_130152,0.0,0,[],null,0.0
2722,2026-07-27T13:02:20.588788+00:00,push,4,1.362044,session_20260727_130152,0.0,0,[],null,0.0
2723,2026-07-27T13:02:20.690224+00:00,push,4,1.463471,session_20260727_130152,0.0,0,[],null,0.0
2724,2026-07-27T13:02:20.795304+00:00,push,4,1.568555,session_20260727_130152,0.0,0,[],null,0.0
2725,2026-07-27T13:02:20.900401+00:00,push,4,1.67365,session_20260727_130152,0.0,0,[],null,0.0
2726,2026-07-27T13:02:21.001058+00:00,push,4,1.774307,session_20260727_130152,0.0,0,[],null,0.0
2727,2026-07-27T13:02:21.106148+00:00,push,4,1.879394,session_20260727_130152,0.0,0,[],null,0.0
2728,2026-07-27T13:02:21.211224+00:00,push,4,1.984464,session_20260727_130152,0.0,0,[],null,0.0
2729,2026-07-27T13:02:23.971874+00:00,push,5,4.3e-05,session_20260727_130152,0.0,0,[],null,0.0
2730,2026-07-27T13:02:24.075974+00:00,push,5,0.104149,session_20260727_130152,0.0,0,[],null,0.0
2731,2026-07-27T13:02:24.181057+00:00,push,5,0.209232,session_20260727_130152,0.0,0,[],null,0.0
2732,2026-07-27T13:02:24.286136+00:00,push,5,0.314308,session_20260727_130152,0.0,0,[],null,0.0
2733,2026-07-27T13:02:24.391217+00:00,push,5,0.419393,session_20260727_130152,0.0,0,[],null,0.0
2734,2026-07-27T13:02:24.496302+00:00,push,5,0.524478,session_20260727_130152,0.0,0,[],null,0.0
2735,2026-07-27T13:02:24.601384+00:00,push,5,0.629558,session_20260727_130152,0.0,0,[],null,0.0
2736,2026-07-27T13:02:24.706457+00:00,push,5,0.734622,session_20260727_130152,0.0,0,[],null,0.0
2737,2026-07-27T13:02:24.811533+00:00,push,5,0.839709,session_20260727_130152,0.0,0,[],null,0.0
2738,2026-07-27T13:02:24.916623+00:00,push,5,0.944799,session_20260727_130152,0.0,0,[],null,0.0
2739,2026-07-27T13:02:25.017689+00:00,push,5,1.045849,session_20260727_130152,0.0,0,[],null,0.0
2740,2026-07-27T13:02:25.122781+00:00,push,5,1.150952,session_20260727_130152,0.0,0,[],null,0.0
2741,2026-07-27T13:02:25.223552+00:00,push,5,1.251727,session_20260727_130152,0.0,0,[],null,0.0
2742,2026-07-27T13:02:25.328633+00:00,push,5,1.356808,session_20260727_130152,0.0,0,[],null,0.0
2743,2026-07-27T13:02:25.433720+00:00,push,5,1.461896,session_20260727_130152,0.0,0,[],null,0.0
2744,2026-07-27T13:02:25.538806+00:00,push,5,1.566983,session_20260727_130152,0.0,0,[],null,0.0
2745,2026-07-27T13:02:25.641204+00:00,push,5,1.669375,session_20260727_130152,0.0,0,[],null,0.0
2746,2026-07-27T13:02:25.746283+00:00,push,5,1.774453,session_20260727_130152,0.0,0,[],null,0.0
2747,2026-07-27T13:02:25.848015+00:00,push,5,1.876179,session_20260727_130152,0.0,0,[],null,0.0
2748,2026-07-27T13:02:25.953086+00:00,push,5,1.981261,session_20260727_130152,0.0,0,[],null,0.0
2749,2026-07-27T13:02:28.281687+00:00,push,6,5.3e-05,session_20260727_130152,0.0,0,[],null,0.0
2750,2026-07-27T13:02:28.384305+00:00,push,6,0.102673,session_20260727_130152,0.0,0,[],null,0.0
2751,2026-07-27T13:02:28.488147+00:00,push,6,0.206517,session_20260727_130152,0.0,0,[],null,0.0
2752,2026-07-27T13:02:28.593240+00:00,push,6,0.311609,session_20260727_130152,0.0,0,[],null,0.0
2753,2026-07-27T13:02:28.697599+00:00,push,6,0.415963,session_20260727_130152,0.0,0,[],null,0.0
2754,2026-07-27T13:02:28.799034+00:00,push,6,0.517397,session_20260727_130152,0.0,0,[],null,0.0
2755,2026-07-27T13:02:28.904126+00:00,push,6,0.622491,session_20260727_130152,0.0,0,[],null,0.0
2756,2026-07-27T13:02:29.007877+00:00,push,6,0.726243,session_20260727_130152,0.0,0,[],null,0.0
2757,2026-07-27T13:02:29.111289+00:00,push,6,0.82965,session_20260727_130152,0.0,0,[],null,0.0
2758,2026-07-27T13:02:29.214335+00:00,push,6,0.932692,session_20260727_130152,0.0,0,[],null,0.0
2759,2026-07-27T13:02:29.316928+00:00,push,6,1.035267,session_20260727_130152,0.0,0,[],null,0.0
2760,2026-07-27T13:02:29.421967+00:00,push,6,1.14031,session_20260727_130152,0.0,0,[],null,0.0
2761,2026-07-27T13:02:29.527030+00:00,push,6,1.245396,session_20260727_130152,0.0,0,[],null,0.0
2762,2026-07-27T13:02:29.630727+00:00,push,6,1.349094,session_20260727_130152,0.0,0,[],null,0.0
2763,2026-07-27T13:02:29.735816+00:00,push,6,1.454182,session_20260727_130152,0.0,0,[],null,0.0
2764,2026-07-27T13:02:29.840908+00:00,push,6,1.559273,session_20260727_130152,0.0,0,[],null,0.0
2765,2026-07-27T13:02:29.945992+00:00,push,6,1.664357,session_20260727_130152,0.0,0,[],null,0.0
2766,2026-07-27T13:02:30.047996+00:00,push,6,1.766358,session_20260727_130152,0.0,0,[],null,0.0
2767,2026-07-27T13:02:30.153067+00:00,push,6,1.871422,session_20260727_130152,0.0,0,[],null,0.0
2768,2026-07-27T13:02:30.256842+00:00,push,6,1.97521,session_20260727_130152,0.0,0,[],null,0.0
2769,2026-07-27T13:02:32.917646+00:00,push,7,5.8e-05,session_20260727_130152,0.0,0,[],null,0.0
2770,2026-07-27T13:02:33.022367+00:00,push,7,0.104774,session_20260727_130152,0.0,0,[],null,0.0
2771,2026-07-27T13:02:33.123518+00:00,push,7,0.205931,session_20260727_130152,0.0,0,[],null,0.0
2772,2026-07-27T13:02:33.228594+00:00,push,7,0.310989,session_20260727_130152,0.0,0,[],null,0.0
2773,2026-07-27T13:02:33.333666+00:00,push,7,0.416074,session_20260727_130152,0.0,0,[],null,0.0
2774,2026-07-27T13:02:33.434175+00:00,push,7,0.516584,session_20260727_130152,0.0,0,[],null,0.0
2775,2026-07-27T13:02:33.539270+00:00,push,7,0.621682,session_20260727_130152,0.0,0,[],null,0.0
2776,2026-07-27T13:02:33.644341+00:00,push,7,0.726735,session_20260727_130152,0.0,0,[],null,0.0
2777,2026-07-27T13:02:33.748557+00:00,push,7,0.830955,session_20260727_130152,0.0,0,[],null,0.0
2778,2026-07-27T13:02:33.853627+00:00,push,7,0.936034,session_20260727_130152,0.0,0,[],null,0.0
2779,2026-07-27T13:02:33.954523+00:00,push,7,1.036906,session_20260727_130152,0.0,0,[],null,0.0
2780,2026-07-27T13:02:34.059567+00:00,push,7,1.141951,session_20260727_130152,0.0,0,[],null,0.0
2781,2026-07-27T13:02:34.164629+00:00,push,7,1.247029,session_20260727_130152,0.0,0,[],null,0.0
2782,2026-07-27T13:02:34.269713+00:00,push,7,1.352119,session_20260727_130152,0.0,0,[],null,0.0
2783,2026-07-27T13:02:34.373511+00:00,push,7,1.455918,session_20260727_130152,0.0,0,[],null,0.0
2784,2026-07-27T13:02:34.478604+00:00,push,7,1.561013,session_20260727_130152,0.0,0,[],null,0.0
2785,2026-07-27T13:02:34.583692+00:00,push,7,1.666103,session_20260727_130152,0.0,0,[],null,0.0
2786,2026-07-27T13:02:34.688776+00:00,push,7,1.771177,session_20260727_130152,0.0,0,[],null,0.0
2787,2026-07-27T13:02:34.790146+00:00,push,7,1.872553,session_20260727_130152,0.0,0,[],null,0.0
2788,2026-07-27T13:02:34.894604+00:00,push,7,1.977009,session_20260727_130152,0.0,0,[],null,0.0
2789,2026-07-27T13:02:37.492989+00:00,push,8,3.7e-05,session_20260727_130152,0.0,0,[],null,0.0
2790,2026-07-27T13:02:37.593748+00:00,push,8,0.100808,session_20260727_130152,0.0,0,[],null,0.0
2791,2026-07-27T13:02:37.698834+00:00,push,8,0.205892,session_20260727_130152,0.0,0,[],null,0.0
2792,2026-07-27T13:02:37.798933+00:00,push,8,0.305988,session_20260727_130152,0.0,0,[],null,0.0
2793,2026-07-27T13:02:37.904025+00:00,push,8,0.411078,session_20260727_130152,0.0,0,[],null,0.0
2794,2026-07-27T13:02:38.004946+00:00,push,8,0.512005,session_20260727_130152,0.0,0,[],null,0.0
2795,2026-07-27T13:02:38.106797+00:00,push,8,0.613857,session_20260727_130152,0.0,0,[],null,0.0
2796,2026-07-27T13:02:38.211890+00:00,push,8,0.71895,session_20260727_130152,0.0,0,[],null,0.0
2797,2026-07-27T13:02:38.316989+00:00,push,8,0.824048,session_20260727_130152,0.0,0,[],null,0.0
2798,2026-07-27T13:02:38.422057+00:00,push,8,0.929106,session_20260727_130152,0.0,0,[],null,0.0
2799,2026-07-27T13:02:38.525725+00:00,push,8,1.032782,session_20260727_130152,0.0,0,[],null,0.0
2800,2026-07-27T13:02:38.630805+00:00,push,8,1.137868,session_20260727_130152,0.0,0,[],null,0.0
2801,2026-07-27T13:02:38.735888+00:00,push,8,1.242931,session_20260727_130152,0.0,0,[],null,0.0
2802,2026-07-27T13:02:38.840937+00:00,push,8,1.347976,session_20260727_130152,0.0,0,[],null,0.0
2803,2026-07-27T13:02:38.945998+00:00,push,8,1.45305,session_20260727_130152,0.0,0,[],null,0.0
2804,2026-07-27T13:02:39.048533+00:00,push,8,1.555597,session_20260727_130152,0.0,0,[],null,0.0
2805,2026-07-27T13:02:39.153624+00:00,push,8,1.66068,session_20260727_130152,0.0,0,[],null,0.0
2806,2026-07-27T13:02:39.256783+00:00,push,8,1.763845,session_20260727_130152,0.0,0,[],null,0.0
2807,2026-07-27T13:02:39.361857+00:00,push,8,1.868909,session_20260727_130152,0.0,0,[],null,0.0
2808,2026-07-27T13:02:39.466176+00:00,push,8,1.973259,session_20260727_130152,0.0,0,[],null,0.0
2809,2026-07-27T13:02:41.465045+00:00,push,9,4.1e-05,session_20260727_130152,0.0,0,[],null,0.0
2810,2026-07-27T13:02:41.570121+00:00,push,9,0.105125,session_20260727_130152,0.0,0,[],null,0.0
2811,2026-07-27T13:02:41.673494+00:00,push,9,0.208503,session_20260727_130152,0.0,0,[],null,0.0
2812,2026-07-27T13:02:41.778584+00:00,push,9,0.31358,session_20260727_130152,0.0,0,[],null,0.0
2813,2026-07-27T13:02:41.881273+00:00,push,9,0.416278,session_20260727_130152,0.0,0,[],null,0.0
2814,2026-07-27T13:02:41.986351+00:00,push,9,0.521347,session_20260727_130152,0.0,0,[],null,0.0
2815,2026-07-27T13:02:42.090136+00:00,push,9,0.625146,session_20260727_130152,0.0,0,[],null,0.0
2816,2026-07-27T13:02:42.195234+00:00,push,9,0.73024,session_20260727_130152,0.0,0,[],null,0.0
2817,2026-07-27T13:02:42.300321+00:00,push,9,0.835332,session_20260727_130152,0.0,0,[],null,0.0
2818,2026-07-27T13:02:42.405416+00:00,push,9,0.940418,session_20260727_130152,0.0,0,[],null,0.0
2819,2026-07-27T13:02:42.508732+00:00,push,9,1.043712,session_20260727_130152,0.0,0,[],null,0.0
2820,2026-07-27T13:02:42.613798+00:00,push,9,1.148799,session_20260727_130152,0.0,0,[],null,0.0
2821,2026-07-27T13:02:42.718882+00:00,push,9,1.253887,session_20260727_130152,0.0,0,[],null,0.0
2822,2026-07-27T13:02:42.823425+00:00,push,9,1.358424,session_20260727_130152,0.0,0,[],null,0.0
2823,2026-07-27T13:02:42.925946+00:00,push,9,1.46097,session_20260727_130152,0.0,0,[],null,0.0
2824,2026-07-27T13:02:43.031051+00:00,push,9,1.566054,session_20260727_130152,0.0,0,[],null,0.0
2825,2026-07-27T13:02:43.136131+00:00,push,9,1.671131,session_20260727_130152,0.0,0,[],null,0.0
2826,2026-07-27T13:02:43.240115+00:00,push,9,1.77511,session_20260727_130152,0.0,0,[],null,0.0
2827,2026-07-27T13:02:43.345187+00:00,push,9,1.880185,session_20260727_130152,0.0,0,[],null,0.0
2828,2026-07-27T13:02:43.447929+00:00,push,9,1.982933,session_20260727_130152,0.0,0,[],null,0.0
2829,2026-07-27T13:02:46.145613+00:00,push,10,4.3e-05,session_20260727_130152,0.0,0,[],null,0.0
2830,2026-07-27T13:02:46.247600+00:00,push,10,0.102038,session_20260727_130152,0.0,0,[],null,0.0
2831,2026-07-27T13:02:46.352688+00:00,push,10,0.207123,session_20260727_130152,0.0,0,[],null,0.0
2832,2026-07-27T13:02:46.457777+00:00,push,10,0.312224,session_20260727_130152,0.0,0,[],null,0.0
2833,2026-07-27T13:02:46.562867+00:00,push,10,0.417306,session_20260727_130152,0.0,0,[],null,0.0
2834,2026-07-27T13:02:46.665541+00:00,push,10,0.519976,session_20260727_130152,0.0,0,[],null,0.0
2835,2026-07-27T13:02:46.770625+00:00,push,10,0.625062,session_20260727_130152,0.0,0,[],null,0.0
2836,2026-07-27T13:02:46.873426+00:00,push,10,0.727864,session_20260727_130152,0.0,0,[],null,0.0
2837,2026-07-27T13:02:46.974020+00:00,push,10,0.828451,session_20260727_130152,0.0,0,[],null,0.0
2838,2026-07-27T13:02:47.077633+00:00,push,10,0.932072,session_20260727_130152,0.0,0,[],null,0.0
2839,2026-07-27T13:02:47.181598+00:00,push,10,1.036021,session_20260727_130152,0.0,0,[],null,0.0
2840,2026-07-27T13:02:47.286648+00:00,push,10,1.141066,session_20260727_130152,0.0,0,[],null,0.0
2841,2026-07-27T13:02:47.391707+00:00,push,10,1.246141,session_20260727_130152,0.0,0,[],null,0.0
2842,2026-07-27T13:02:47.496704+00:00,push,10,1.351144,session_20260727_130152,0.0,0,[],null,0.0
2843,2026-07-27T13:02:47.601795+00:00,push,10,1.456234,session_20260727_130152,0.0,0,[],null,0.0
2844,2026-07-27T13:02:47.706745+00:00,push,10,1.561178,session_20260727_130152,0.0,0,[],null,0.0
2845,2026-07-27T13:02:47.811826+00:00,push,10,1.66627,session_20260727_130152,0.0,0,[],null,0.0
2846,2026-07-27T13:02:47.916920+00:00,push,10,1.771355,session_20260727_130152,0.0,0,[],null,0.0
2847,2026-07-27T13:02:48.022004+00:00,push,10,1.876441,session_20260727_130152,0.0,0,[],null,0.0
2848,2026-07-27T13:02:48.123416+00:00,push,10,1.977857,session_20260727_130152,0.0,0,[],null,0.0
2849,2026-07-27T13:02:51.084233+00:00,push,11,4.7e-05,session_20260727_130152,0.0,0,[],null,0.0
2850,2026-07-27T13:02:51.189026+00:00,push,11,0.104847,session_20260727_130152,0.0,0,[],null,0.0
2851,2026-07-27T13:02:51.290072+00:00,push,11,0.205893,session_20260727_130152,0.0,0,[],null,0.0
2852,2026-07-27T13:02:51.395157+00:00,push,11,0.31097,session_20260727_130152,0.0,0,[],null,0.0
2853,2026-07-27T13:02:51.500230+00:00,push,11,0.416045,session_20260727_130152,0.0,0,[],null,0.0
2854,2026-07-27T13:02:51.605309+00:00,push,11,0.521133,session_20260727_130152,0.0,0,[],null,0.0
2855,2026-07-27T13:02:51.706721+00:00,push,11,0.622539,session_20260727_130152,0.0,0,[],null,0.0
2856,2026-07-27T13:02:51.811802+00:00,push,11,0.727618,session_20260727_130152,0.0,0,[],null,0.0
2857,2026-07-27T13:02:51.914546+00:00,push,11,0.830365,session_20260727_130152,0.0,0,[],null,0.0
2858,2026-07-27T13:02:52.019628+00:00,push,11,0.93544,session_20260727_130152,0.0,0,[],null,0.0
2859,2026-07-27T13:02:52.122347+00:00,push,11,1.038148,session_20260727_130152,0.0,0,[],null,0.0
2860,2026-07-27T13:02:52.223235+00:00,push,11,1.139029,session_20260727_130152,0.0,0,[],null,0.0
2861,2026-07-27T13:02:52.328295+00:00,push,11,1.244108,session_20260727_130152,0.0,0,[],null,0.0
2862,2026-07-27T13:02:52.433363+00:00,push,11,1.349176,session_20260727_130152,0.0,0,[],null,0.0
2863,2026-07-27T13:02:52.538440+00:00,push,11,1.45426,session_20260727_130152,0.0,0,[],null,0.0
2864,2026-07-27T13:02:52.641058+00:00,push,11,1.556877,session_20260727_130152,0.0,0,[],null,0.0
2865,2026-07-27T13:02:52.746144+00:00,push,11,1.661962,session_20260727_130152,0.0,0,[],null,0.0
2866,2026-07-27T13:02:52.847873+00:00,push,11,1.763686,session_20260727_130152,0.0,0,[],null,0.0
2867,2026-07-27T13:02:52.952937+00:00,push,11,1.868744,session_20260727_130152,0.0,0,[],null,0.0
2868,2026-07-27T13:02:53.057557+00:00,push,11,1.973379,session_20260727_130152,0.0,0,[],null,0.0
2869,2026-07-27T13:02:57.745533+00:00,push,12,4.3e-05,session_20260727_130152,0.0,0,[],null,0.0
2870,2026-07-27T13:02:57.850605+00:00,push,12,0.105119,session_20260727_130152,0.0,0,[],null,0.0
2871,2026-07-27T13:02:57.955693+00:00,push,12,0.210215,session_20260727_130152,0.0,0,[],null,0.0
2872,2026-07-27T13:02:58.056700+00:00,push,12,0.311225,session_20260727_130152,0.0,0,[],null,0.0
2873,2026-07-27T13:02:58.161781+00:00,push,12,0.416289,session_20260727_130152,0.0,0,[],null,0.0
2874,2026-07-27T13:02:58.266852+00:00,push,12,0.521367,session_20260727_130152,0.0,0,[],null,0.0
2875,2026-07-27T13:02:58.371936+00:00,push,12,0.626456,session_20260727_130152,0.0,0,[],null,0.0
2876,2026-07-27T13:02:58.474360+00:00,push,12,0.72888,session_20260727_130152,0.0,0,[],null,0.0
2877,2026-07-27T13:02:58.576186+00:00,push,12,0.830786,session_20260727_130152,0.0,0,[],null,0.0
2878,2026-07-27T13:02:58.681346+00:00,push,12,0.935859,session_20260727_130152,0.0,0,[],null,0.0
2879,2026-07-27T13:02:58.785150+00:00,push,12,1.039645,session_20260727_130152,0.0,0,[],null,0.0
2880,2026-07-27T13:02:58.890189+00:00,push,12,1.144685,session_20260727_130152,0.0,0,[],null,0.0
2881,2026-07-27T13:02:58.995248+00:00,push,12,1.249762,session_20260727_130152,0.0,0,[],null,0.0
2882,2026-07-27T13:02:59.100329+00:00,push,12,1.35485,session_20260727_130152,0.0,0,[],null,0.0
2883,2026-07-27T13:02:59.205412+00:00,push,12,1.459932,session_20260727_130152,0.0,0,[],null,0.0
2884,2026-07-27T13:02:59.306674+00:00,push,12,1.561196,session_20260727_130152,0.0,0,[],null,0.0
2885,2026-07-27T13:02:59.411758+00:00,push,12,1.66627,session_20260727_130152,0.0,0,[],null,0.0
2886,2026-07-27T13:02:59.516843+00:00,push,12,1.771365,session_20260727_130152,0.0,0,[],null,0.0
2887,2026-07-27T13:02:59.621933+00:00,push,12,1.87645,session_20260727_130152,0.0,0,[],null,0.0
2888,2026-07-27T13:02:59.723359+00:00,push,12,1.977877,session_20260727_130152,0.0,0,[],null,0.0
2889,2026-07-27T13:03:03.186167+00:00,push,13,5e-05,session_20260727_130152,0.0,0,[],null,0.0
2890,2026-07-27T13:03:03.290025+00:00,push,13,0.103915,session_20260727_130152,0.0,0,[],null,0.0
2891,2026-07-27T13:03:03.395118+00:00,push,13,0.208998,session_20260727_130152,0.0,0,[],null,0.0
2892,2026-07-27T13:03:03.498004+00:00,push,13,0.311887,session_20260727_130152,0.0,0,[],null,0.0
2893,2026-07-27T13:03:03.603093+00:00,push,13,0.416977,session_20260727_130152,0.0,0,[],null,0.0
2894,2026-07-27T13:03:03.707798+00:00,push,13,0.521701,session_20260727_130152,0.0,0,[],null,0.0
2895,2026-07-27T13:03:03.812904+00:00,push,13,0.626787,session_20260727_130152,0.0,0,[],null,0.0
2896,2026-07-27T13:03:03.914476+00:00,push,13,0.72836,session_20260727_130152,0.0,0,[],null,0.0
2897,2026-07-27T13:03:04.019562+00:00,push,13,0.833445,session_20260727_130152,0.0,0,[],null,0.0
2898,2026-07-27T13:03:04.124648+00:00,push,13,0.938532,session_20260727_130152,0.0,0,[],null,0.0
2899,2026-07-27T13:03:04.227791+00:00,push,13,1.041664,session_20260727_130152,0.0,0,[],null,0.0
2900,2026-07-27T13:03:04.332866+00:00,push,13,1.146748,session_20260727_130152,0.0,0,[],null,0.0
2901,2026-07-27T13:03:04.436550+00:00,push,13,1.25041,session_20260727_130152,0.0,0,[],null,0.0
2902,2026-07-27T13:03:04.541612+00:00,push,13,1.355502,session_20260727_130152,0.0,0,[],null,0.0
2903,2026-07-27T13:03:04.646705+00:00,push,13,1.460595,session_20260727_130152,0.0,0,[],null,0.0
2904,2026-07-27T13:03:04.751801+00:00,push,13,1.565685,session_20260727_130152,0.0,0,[],null,0.0
2905,2026-07-27T13:03:04.856888+00:00,push,13,1.670772,session_20260727_130152,0.0,0,[],null,0.0
2906,2026-07-27T13:03:04.961678+00:00,push,13,1.775553,session_20260727_130152,0.0,0,[],null,0.0
2907,2026-07-27T13:03:05.066757+00:00,push,13,1.880643,session_20260727_130152,0.0,0,[],null,0.0
2908,2026-07-27T13:03:05.171844+00:00,push,13,1.985728,session_20260727_130152,0.0,0,[],null,0.0
2909,2026-07-27T13:03:08.241481+00:00,push,14,4.1e-05,session_20260727_130152,0.0,0,[],null,0.0
2910,2026-07-27T13:03:08.346558+00:00,push,14,0.105129,session_20260727_130152,0.0,0,[],null,0.0
2911,2026-07-27T13:03:08.449517+00:00,push,14,0.20809,session_20260727_130152,0.0,0,[],null,0.0
2912,2026-07-27T13:03:08.554607+00:00,push,14,0.313174,session_20260727_130152,0.0,0,[],null,0.0
2913,2026-07-27T13:03:08.656629+00:00,push,14,0.415203,session_20260727_130152,0.0,0,[],null,0.0
2914,2026-07-27T13:03:08.761717+00:00,push,14,0.520283,session_20260727_130152,0.0,0,[],null,0.0
2915,2026-07-27T13:03:08.862963+00:00,push,14,0.621536,session_20260727_130152,0.0,0,[],null,0.0
2916,2026-07-27T13:03:08.967702+00:00,push,14,0.726266,session_20260727_130152,0.0,0,[],null,0.0
2917,2026-07-27T13:03:09.071605+00:00,push,14,0.830197,session_20260727_130152,0.0,0,[],null,0.0
2918,2026-07-27T13:03:09.176715+00:00,push,14,0.935286,session_20260727_130152,0.0,0,[],null,0.0
2919,2026-07-27T13:03:09.280569+00:00,push,14,1.039123,session_20260727_130152,0.0,0,[],null,0.0
2920,2026-07-27T13:03:09.385618+00:00,push,14,1.144164,session_20260727_130152,0.0,0,[],null,0.0
2921,2026-07-27T13:03:09.490683+00:00,push,14,1.249249,session_20260727_130152,0.0,0,[],null,0.0
2922,2026-07-27T13:03:09.595771+00:00,push,14,1.354343,session_20260727_130152,0.0,0,[],null,0.0
2923,2026-07-27T13:03:09.700867+00:00,push,14,1.459432,session_20260727_130152,0.0,0,[],null,0.0
2924,2026-07-27T13:03:09.805956+00:00,push,14,1.564527,session_20260727_130152,0.0,0,[],null,0.0
2925,2026-07-27T13:03:09.911035+00:00,push,14,1.669601,session_20260727_130152,0.0,0,[],null,0.0
2926,2026-07-27T13:03:10.012085+00:00,push,14,1.770656,session_20260727_130152,0.0,0,[],null,0.0
2927,2026-07-27T13:03:10.117176+00:00,push,14,1.875745,session_20260727_130152,0.0,0,[],null,0.0
2928,2026-07-27T13:03:10.222286+00:00,push,14,1.980856,session_20260727_130152,0.0,0,[],null,0.0
2929,2026-07-27T13:03:16.545452+00:00,pull,0,6.1e-05,session_20260727_130152,0.0,0,[],null,0.0
2930,2026-07-27T13:03:16.650549+00:00,pull,0,0.105156,session_20260727_130152,0.0,0,[],null,0.0
2931,2026-07-27T13:03:16.755647+00:00,pull,0,0.210248,session_20260727_130152,0.0,0,[],null,0.0
2932,2026-07-27T13:03:16.860737+00:00,pull,0,0.31534,session_20260727_130152,0.0,0,[],null,0.0
2933,2026-07-27T13:03:16.965548+00:00,pull,0,0.420153,session_20260727_130152,0.0,0,[],null,0.0
2934,2026-07-27T13:03:17.070637+00:00,pull,0,0.525238,session_20260727_130152,0.0,0,[],null,0.0
2935,2026-07-27T13:03:17.174152+00:00,pull,0,0.628757,session_20260727_130152,0.0,0,[],null,0.0
2936,2026-07-27T13:03:17.274240+00:00,pull,0,0.72884,session_20260727_130152,0.0,0,[],null,0.0
2937,2026-07-27T13:03:17.379320+00:00,pull,0,0.833921,session_20260727_130152,0.0,0,[],null,0.0
2938,2026-07-27T13:03:17.481072+00:00,pull,0,0.935675,session_20260727_130152,0.0,0,[],null,0.0
2939,2026-07-27T13:03:17.586153+00:00,pull,0,1.040746,session_20260727_130152,0.0,0,[],null,0.0
2940,2026-07-27T13:03:17.691213+00:00,pull,0,1.145799,session_20260727_130152,0.0,0,[],null,0.0
2941,2026-07-27T13:03:17.796269+00:00,pull,0,1.250866,session_20260727_130152,0.0,0,[],null,0.0
2942,2026-07-27T13:03:17.898755+00:00,pull,0,1.353357,session_20260727_130152,0.0,0,[],null,0.0
2943,2026-07-27T13:03:17.998897+00:00,pull,0,1.453501,session_20260727_130152,0.0,0,[],null,0.0
2944,2026-07-27T13:03:18.103985+00:00,pull,0,1.558589,session_20260727_130152,0.0,0,[],null,0.0
2945,2026-07-27T13:03:18.206307+00:00,pull,0,1.660912,session_20260727_130152,0.0,0,[],null,0.0
2946,2026-07-27T13:03:18.306571+00:00,pull,0,1.761174,session_20260727_130152,0.0,0,[],null,0.0
2947,2026-07-27T13:03:18.411654+00:00,pull,0,1.866257,session_20260727_130152,0.0,0,[],null,0.0
2948,2026-07-27T13:03:18.514860+00:00,pull,0,1.96945,session_20260727_130152,0.0,0,[],null,0.0
2949,2026-07-27T13:03:21.435844+00:00,pull,1,4.3e-05,session_20260727_130152,0.0,0,[],null,0.0
2950,2026-07-27T13:03:21.539882+00:00,pull,1,0.104069,session_20260727_130152,0.0,0,[],null,0.0
2951,2026-07-27T13:03:21.644952+00:00,pull,1,0.209159,session_20260727_130152,0.0,0,[],null,0.0
2952,2026-07-27T13:03:21.747291+00:00,pull,1,0.311517,session_20260727_130152,0.0,0,[],null,0.0
2953,2026-07-27T13:03:21.852399+00:00,pull,1,0.416615,session_20260727_130152,0.0,0,[],null,0.0
2954,2026-07-27T13:03:21.956559+00:00,pull,1,0.520772,session_20260727_130152,0.0,0,[],null,0.0
2955,2026-07-27T13:03:22.061666+00:00,pull,1,0.625872,session_20260727_130152,0.0,0,[],null,0.0
2956,2026-07-27T13:03:22.166752+00:00,pull,1,0.730955,session_20260727_130152,0.0,0,[],null,0.0
2957,2026-07-27T13:03:22.271832+00:00,pull,1,0.836038,session_20260727_130152,0.0,0,[],null,0.0
2958,2026-07-27T13:03:22.373208+00:00,pull,1,0.937409,session_20260727_130152,0.0,0,[],null,0.0
2959,2026-07-27T13:03:22.475288+00:00,pull,1,1.039488,session_20260727_130152,0.0,0,[],null,0.0
2960,2026-07-27T13:03:22.580348+00:00,pull,1,1.144534,session_20260727_130152,0.0,0,[],null,0.0
2961,2026-07-27T13:03:22.683929+00:00,pull,1,1.248127,session_20260727_130152,0.0,0,[],null,0.0
2962,2026-07-27T13:03:22.789009+00:00,pull,1,1.353212,session_20260727_130152,0.0,0,[],null,0.0
2963,2026-07-27T13:03:22.889883+00:00,pull,1,1.45409,session_20260727_130152,0.0,0,[],null,0.0
2964,2026-07-27T13:03:22.992677+00:00,pull,1,1.556876,session_20260727_130152,0.0,0,[],null,0.0
2965,2026-07-27T13:03:23.097761+00:00,pull,1,1.661969,session_20260727_130152,0.0,0,[],null,0.0
2966,2026-07-27T13:03:23.202848+00:00,pull,1,1.767053,session_20260727_130152,0.0,0,[],null,0.0
2967,2026-07-27T13:03:23.307949+00:00,pull,1,1.872153,session_20260727_130152,0.0,0,[],null,0.0
2968,2026-07-27T13:03:23.412740+00:00,pull,1,1.976943,session_20260727_130152,0.0,0,[],null,0.0
2969,2026-07-27T13:03:25.735038+00:00,pull,2,4.1e-05,session_20260727_130152,0.0,0,[],null,0.0
2970,2026-07-27T13:03:25.839861+00:00,pull,2,0.104875,session_20260727_130152,0.0,0,[],null,0.0
2971,2026-07-27T13:03:25.944949+00:00,pull,2,0.209961,session_20260727_130152,0.0,0,[],null,0.0
2972,2026-07-27T13:03:26.048813+00:00,pull,2,0.313829,session_20260727_130152,0.0,0,[],null,0.0
2973,2026-07-27T13:03:26.153899+00:00,pull,2,0.418913,session_20260727_130152,0.0,0,[],null,0.0
2974,2026-07-27T13:03:26.258983+00:00,pull,2,0.523996,session_20260727_130152,0.0,0,[],null,0.0
2975,2026-07-27T13:03:26.364068+00:00,pull,2,0.629079,session_20260727_130152,0.0,0,[],null,0.0
2976,2026-07-27T13:03:26.469154+00:00,pull,2,0.734168,session_20260727_130152,0.0,0,[],null,0.0
2977,2026-07-27T13:03:26.573202+00:00,pull,2,0.838215,session_20260727_130152,0.0,0,[],null,0.0
2978,2026-07-27T13:03:26.674207+00:00,pull,2,0.93922,session_20260727_130152,0.0,0,[],null,0.0
2979,2026-07-27T13:03:26.775154+00:00,pull,2,1.040154,session_20260727_130152,0.0,0,[],null,0.0
2980,2026-07-27T13:03:26.880239+00:00,pull,2,1.145248,session_20260727_130152,0.0,0,[],null,0.0
2981,2026-07-27T13:03:26.985318+00:00,pull,2,1.250333,session_20260727_130152,0.0,0,[],null,0.0
2982,2026-07-27T13:03:27.089854+00:00,pull,2,1.35487,session_20260727_130152,0.0,0,[],null,0.0
2983,2026-07-27T13:03:27.194942+00:00,pull,2,1.459956,session_20260727_130152,0.0,0,[],null,0.0
2984,2026-07-27T13:03:27.296846+00:00,pull,2,1.561883,session_20260727_130152,0.0,0,[],null,0.0
2985,2026-07-27T13:03:27.401951+00:00,pull,2,1.666955,session_20260727_130152,0.0,0,[],null,0.0
2986,2026-07-27T13:03:27.507029+00:00,pull,2,1.772045,session_20260727_130152,0.0,0,[],null,0.0
2987,2026-07-27T13:03:27.608237+00:00,pull,2,1.873248,session_20260727_130152,0.0,0,[],null,0.0
2988,2026-07-27T13:03:27.713315+00:00,pull,2,1.978324,session_20260727_130152,0.0,0,[],null,0.0
2989,2026-07-27T13:03:30.510597+00:00,pull,3,4.3e-05,session_20260727_130152,0.0,0,[],null,0.0
2990,2026-07-27T13:03:30.615673+00:00,pull,3,0.105128,session_20260727_130152,0.0,0,[],null,0.0
2991,2026-07-27T13:03:30.720761+00:00,pull,3,0.210212,session_20260727_130152,0.0,0,[],null,0.0
2992,2026-07-27T13:03:30.823210+00:00,pull,3,0.312669,session_20260727_130152,0.0,0,[],null,0.0
2993,2026-07-27T13:03:30.927929+00:00,pull,3,0.417381,session_20260727_130152,0.0,0,[],null,0.0
2994,2026-07-27T13:03:31.031362+00:00,pull,3,0.520827,session_20260727_130152,0.0,0,[],null,0.0
2995,2026-07-27T13:03:31.136450+00:00,pull,3,0.625899,session_20260727_130152,0.0,0,[],null,0.0
2996,2026-07-27T13:03:31.239838+00:00,pull,3,0.729292,session_20260727_130152,0.0,0,[],null,0.0
2997,2026-07-27T13:03:31.344927+00:00,pull,3,0.834376,session_20260727_130152,0.0,0,[],null,0.0
2998,2026-07-27T13:03:31.450010+00:00,pull,3,0.939461,session_20260727_130152,0.0,0,[],null,0.0
2999,2026-07-27T13:03:31.555085+00:00,pull,3,1.044522,session_20260727_130152,0.0,0,[],null,0.0
3000,2026-07-27T13:03:31.660137+00:00,pull,3,1.149575,session_20260727_130152,0.0,0,[],null,0.0
3001,2026-07-27T13:03:31.765209+00:00,pull,3,1.254661,session_20260727_130152,0.0,0,[],null,0.0
3002,2026-07-27T13:03:31.870291+00:00,pull,3,1.359741,session_20260727_130152,0.0,0,[],null,0.0
3003,2026-07-27T13:03:31.973161+00:00,pull,3,1.462615,session_20260727_130152,0.0,0,[],null,0.0
3004,2026-07-27T13:03:32.076081+00:00,pull,3,1.565518,session_20260727_130152,0.0,0,[],null,0.0
3005,2026-07-27T13:03:32.181148+00:00,pull,3,1.6706,session_20260727_130152,0.0,0,[],null,0.0
3006,2026-07-27T13:03:32.286239+00:00,pull,3,1.775689,session_20260727_130152,0.0,0,[],null,0.0
3007,2026-07-27T13:03:32.390712+00:00,pull,3,1.880163,session_20260727_130152,0.0,0,[],null,0.0
3008,2026-07-27T13:03:32.495797+00:00,pull,3,1.98525,session_20260727_130152,0.0,0,[],null,0.0
3009,2026-07-27T13:03:35.529527+00:00,pull,4,5.1e-05,session_20260727_130152,0.0,0,[],null,0.0
3010,2026-07-27T13:03:35.634619+00:00,pull,4,0.105155,session_20260727_130152,0.0,0,[],null,0.0
3011,2026-07-27T13:03:35.735979+00:00,pull,4,0.206504,session_20260727_130152,0.0,0,[],null,0.0
3012,2026-07-27T13:03:35.841061+00:00,pull,4,0.311585,session_20260727_130152,0.0,0,[],null,0.0
3013,2026-07-27T13:03:35.941962+00:00,pull,4,0.41248,session_20260727_130152,0.0,0,[],null,0.0
3014,2026-07-27T13:03:36.042031+00:00,pull,4,0.512542,session_20260727_130152,0.0,0,[],null,0.0
3015,2026-07-27T13:03:36.144999+00:00,pull,4,0.615526,session_20260727_130152,0.0,0,[],null,0.0
3016,2026-07-27T13:03:36.248350+00:00,pull,4,0.718875,session_20260727_130152,0.0,0,[],null,0.0
3017,2026-07-27T13:03:36.352626+00:00,pull,4,0.823151,session_20260727_130152,0.0,0,[],null,0.0
3018,2026-07-27T13:03:36.456466+00:00,pull,4,0.92699,session_20260727_130152,0.0,0,[],null,0.0
3019,2026-07-27T13:03:36.557466+00:00,pull,4,1.027973,session_20260727_130152,0.0,0,[],null,0.0
3020,2026-07-27T13:03:36.662517+00:00,pull,4,1.133027,session_20260727_130152,0.0,0,[],null,0.0
3021,2026-07-27T13:03:36.767583+00:00,pull,4,1.238102,session_20260727_130152,0.0,0,[],null,0.0
3022,2026-07-27T13:03:36.871971+00:00,pull,4,1.342498,session_20260727_130152,0.0,0,[],null,0.0
3023,2026-07-27T13:03:36.973887+00:00,pull,4,1.444405,session_20260727_130152,0.0,0,[],null,0.0
3024,2026-07-27T13:03:37.074318+00:00,pull,4,1.544837,session_20260727_130152,0.0,0,[],null,0.0
3025,2026-07-27T13:03:37.179392+00:00,pull,4,1.649912,session_20260727_130152,0.0,0,[],null,0.0
3026,2026-07-27T13:03:37.284463+00:00,pull,4,1.754981,session_20260727_130152,0.0,0,[],null,0.0
3027,2026-07-27T13:03:37.389552+00:00,pull,4,1.860078,session_20260727_130152,0.0,0,[],null,0.0
3028,2026-07-27T13:03:37.490826+00:00,pull,4,1.961352,session_20260727_130152,0.0,0,[],null,0.0
3029,2026-07-27T13:03:41.371999+00:00,pull,5,5e-05,session_20260727_130152,0.0,0,[],null,0.0
3030,2026-07-27T13:03:41.477084+00:00,pull,5,0.105136,session_20260727_130152,0.0,0,[],null,0.0
3031,2026-07-27T13:03:41.582170+00:00,pull,5,0.210223,session_20260727_130152,0.0,0,[],null,0.0
3032,2026-07-27T13:03:41.687253+00:00,pull,5,0.315305,session_20260727_130152,0.0,0,[],null,0.0
3033,2026-07-27T13:03:41.792329+00:00,pull,5,0.420373,session_20260727_130152,0.0,0,[],null,0.0
3034,2026-07-27T13:03:41.896398+00:00,pull,5,0.524447,session_20260727_130152,0.0,0,[],null,0.0
3035,2026-07-27T13:03:42.001477+00:00,pull,5,0.629526,session_20260727_130152,0.0,0,[],null,0.0
3036,2026-07-27T13:03:42.106565+00:00,pull,5,0.734623,session_20260727_130152,0.0,0,[],null,0.0
3037,2026-07-27T13:03:42.211658+00:00,pull,5,0.839713,session_20260727_130152,0.0,0,[],null,0.0
3038,2026-07-27T13:03:42.311996+00:00,pull,5,0.94005,session_20260727_130152,0.0,0,[],null,0.0
3039,2026-07-27T13:03:42.417084+00:00,pull,5,1.04512,session_20260727_130152,0.0,0,[],null,0.0
3040,2026-07-27T13:03:42.522150+00:00,pull,5,1.150192,session_20260727_130152,0.0,0,[],null,0.0
3041,2026-07-27T13:03:42.624169+00:00,pull,5,1.252215,session_20260727_130152,0.0,0,[],null,0.0
3042,2026-07-27T13:03:42.729241+00:00,pull,5,1.357288,session_20260727_130152,0.0,0,[],null,0.0
3043,2026-07-27T13:03:42.834325+00:00,pull,5,1.462379,session_20260727_130152,0.0,0,[],null,0.0
3044,2026-07-27T13:03:42.938641+00:00,pull,5,1.566692,session_20260727_130152,0.0,0,[],null,0.0
3045,2026-07-27T13:03:43.039762+00:00,pull,5,1.667813,session_20260727_130152,0.0,0,[],null,0.0
3046,2026-07-27T13:03:43.144843+00:00,pull,5,1.772889,session_20260727_130152,0.0,0,[],null,0.0
3047,2026-07-27T13:03:43.249918+00:00,pull,5,1.877969,session_20260727_130152,0.0,0,[],null,0.0
3048,2026-07-27T13:03:43.355001+00:00,pull,5,1.983055,session_20260727_130152,0.0,0,[],null,0.0
3049,2026-07-27T13:03:46.475970+00:00,pull,6,4.2e-05,session_20260727_130152,0.0,0,[],null,0.0
3050,2026-07-27T13:03:46.581056+00:00,pull,6,0.105143,session_20260727_130152,0.0,0,[],null,0.0
3051,2026-07-27T13:03:46.686152+00:00,pull,6,0.210233,session_20260727_130152,0.0,0,[],null,0.0
3052,2026-07-27T13:03:46.789742+00:00,pull,6,0.313818,session_20260727_130152,0.0,0,[],null,0.0
3053,2026-07-27T13:03:46.894822+00:00,pull,6,0.418907,session_20260727_130152,0.0,0,[],null,0.0
3054,2026-07-27T13:03:46.999917+00:00,pull,6,0.523999,session_20260727_130152,0.0,0,[],null,0.0
3055,2026-07-27T13:03:47.105010+00:00,pull,6,0.629089,session_20260727_130152,0.0,0,[],null,0.0
3056,2026-07-27T13:03:47.206429+00:00,pull,6,0.730511,session_20260727_130152,0.0,0,[],null,0.0
3057,2026-07-27T13:03:47.311517+00:00,pull,6,0.835596,session_20260727_130152,0.0,0,[],null,0.0
3058,2026-07-27T13:03:47.416590+00:00,pull,6,0.94066,session_20260727_130152,0.0,0,[],null,0.0
3059,2026-07-27T13:03:47.521404+00:00,pull,6,1.045471,session_20260727_130152,0.0,0,[],null,0.0
3060,2026-07-27T13:03:47.623067+00:00,pull,6,1.147144,session_20260727_130152,0.0,0,[],null,0.0
3061,2026-07-27T13:03:47.728145+00:00,pull,6,1.25222,session_20260727_130152,0.0,0,[],null,0.0
3062,2026-07-27T13:03:47.830911+00:00,pull,6,1.354993,session_20260727_130152,0.0,0,[],null,0.0
3063,2026-07-27T13:03:47.935989+00:00,pull,6,1.460061,session_20260727_130152,0.0,0,[],null,0.0
3064,2026-07-27T13:03:48.041066+00:00,pull,6,1.565152,session_20260727_130152,0.0,0,[],null,0.0
3065,2026-07-27T13:03:48.146155+00:00,pull,6,1.670238,session_20260727_130152,0.0,0,[],null,0.0
3066,2026-07-27T13:03:48.251242+00:00,pull,6,1.775322,session_20260727_130152,0.0,0,[],null,0.0
3067,2026-07-27T13:03:48.356325+00:00,pull,6,1.880393,session_20260727_130152,0.0,0,[],null,0.0
3068,2026-07-27T13:03:48.461394+00:00,pull,6,1.985469,session_20260727_130152,0.0,0,[],null,0.0
3069,2026-07-27T13:03:50.671354+00:00,pull,7,3.2e-05,session_20260727_130152,0.0,0,[],null,0.0
3070,2026-07-27T13:03:50.773084+00:00,pull,7,0.101782,session_20260727_130152,0.0,0,[],null,0.0
3071,2026-07-27T13:03:50.873368+00:00,pull,7,0.202044,session_20260727_130152,0.0,0,[],null,0.0
3072,2026-07-27T13:03:50.978441+00:00,pull,7,0.307142,session_20260727_130152,0.0,0,[],null,0.0
3073,2026-07-27T13:03:51.083536+00:00,pull,7,0.41223,session_20260727_130152,0.0,0,[],null,0.0
3074,2026-07-27T13:03:51.188626+00:00,pull,7,0.517323,session_20260727_130152,0.0,0,[],null,0.0
3075,2026-07-27T13:03:51.290725+00:00,pull,7,0.619418,session_20260727_130152,0.0,0,[],null,0.0
3076,2026-07-27T13:03:51.395803+00:00,pull,7,0.724489,session_20260727_130152,0.0,0,[],null,0.0
3077,2026-07-27T13:03:51.500734+00:00,pull,7,0.82943,session_20260727_130152,0.0,0,[],null,0.0
3078,2026-07-27T13:03:51.605822+00:00,pull,7,0.934515,session_20260727_130152,0.0,0,[],null,0.0
3079,2026-07-27T13:03:51.710901+00:00,pull,7,1.039582,session_20260727_130152,0.0,0,[],null,0.0
3080,2026-07-27T13:03:51.815983+00:00,pull,7,1.144677,session_20260727_130152,0.0,0,[],null,0.0
3081,2026-07-27T13:03:51.921071+00:00,pull,7,1.249764,session_20260727_130152,0.0,0,[],null,0.0
3082,2026-07-27T13:03:52.026157+00:00,pull,7,1.354854,session_20260727_130152,0.0,0,[],null,0.0
3083,2026-07-27T13:03:52.130876+00:00,pull,7,1.459568,session_20260727_130152,0.0,0,[],null,0.0
3084,2026-07-27T13:03:52.235958+00:00,pull,7,1.564649,session_20260727_130152,0.0,0,[],null,0.0
3085,2026-07-27T13:03:52.339700+00:00,pull,7,1.66839,session_20260727_130152,0.0,0,[],null,0.0
3086,2026-07-27T13:03:52.444052+00:00,pull,7,1.772743,session_20260727_130152,0.0,0,[],null,0.0
3087,2026-07-27T13:03:52.549135+00:00,pull,7,1.877829,session_20260727_130152,0.0,0,[],null,0.0
3088,2026-07-27T13:03:52.654221+00:00,pull,7,1.982912,session_20260727_130152,0.0,0,[],null,0.0
3089,2026-07-27T13:03:54.944095+00:00,pull,8,4e-05,session_20260727_130152,0.0,0,[],null,0.0
3090,2026-07-27T13:03:55.049176+00:00,pull,8,0.10513,session_20260727_130152,0.0,0,[],null,0.0
3091,2026-07-27T13:03:55.152218+00:00,pull,8,0.208167,session_20260727_130152,0.0,0,[],null,0.0
3092,2026-07-27T13:03:55.253498+00:00,pull,8,0.309452,session_20260727_130152,0.0,0,[],null,0.0
3093,2026-07-27T13:03:55.358585+00:00,pull,8,0.41454,session_20260727_130152,0.0,0,[],null,0.0
3094,2026-07-27T13:03:55.463670+00:00,pull,8,0.519623,session_20260727_130152,0.0,0,[],null,0.0
3095,2026-07-27T13:03:55.568750+00:00,pull,8,0.624701,session_20260727_130152,0.0,0,[],null,0.0
3096,2026-07-27T13:03:55.673831+00:00,pull,8,0.729782,session_20260727_130152,0.0,0,[],null,0.0
3097,2026-07-27T13:03:55.778679+00:00,pull,8,0.834631,session_20260727_130152,0.0,0,[],null,0.0
3098,2026-07-27T13:03:55.883756+00:00,pull,8,0.939709,session_20260727_130152,0.0,0,[],null,0.0
3099,2026-07-27T13:03:55.988824+00:00,pull,8,1.044754,session_20260727_130152,0.0,0,[],null,0.0
3100,2026-07-27T13:03:56.093879+00:00,pull,8,1.149827,session_20260727_130152,0.0,0,[],null,0.0
3101,2026-07-27T13:03:56.198272+00:00,pull,8,1.254223,session_20260727_130152,0.0,0,[],null,0.0
3102,2026-07-27T13:03:56.301747+00:00,pull,8,1.357701,session_20260727_130152,0.0,0,[],null,0.0
3103,2026-07-27T13:03:56.406354+00:00,pull,8,1.462308,session_20260727_130152,0.0,0,[],null,0.0
3104,2026-07-27T13:03:56.511461+00:00,pull,8,1.567417,session_20260727_130152,0.0,0,[],null,0.0
3105,2026-07-27T13:03:56.616547+00:00,pull,8,1.672496,session_20260727_130152,0.0,0,[],null,0.0
3106,2026-07-27T13:03:56.721627+00:00,pull,8,1.777576,session_20260727_130152,0.0,0,[],null,0.0
3107,2026-07-27T13:03:56.823017+00:00,pull,8,1.878971,session_20260727_130152,0.0,0,[],null,0.0
3108,2026-07-27T13:03:56.928101+00:00,pull,8,1.984046,session_20260727_130152,0.0,0,[],null,0.0
3109,2026-07-27T13:03:58.905744+00:00,pull,9,3.5e-05,session_20260727_130152,0.0,0,[],null,0.0
3110,2026-07-27T13:03:59.006343+00:00,pull,9,0.100633,session_20260727_130152,0.0,0,[],null,0.0
3111,2026-07-27T13:03:59.111411+00:00,pull,9,0.205707,session_20260727_130152,0.0,0,[],null,0.0
3112,2026-07-27T13:03:59.216492+00:00,pull,9,0.310797,session_20260727_130152,0.0,0,[],null,0.0
3113,2026-07-27T13:03:59.321576+00:00,pull,9,0.415881,session_20260727_130152,0.0,0,[],null,0.0
3114,2026-07-27T13:03:59.426666+00:00,pull,9,0.520971,session_20260727_130152,0.0,0,[],null,0.0
3115,2026-07-27T13:03:59.531751+00:00,pull,9,0.626055,session_20260727_130152,0.0,0,[],null,0.0
3116,2026-07-27T13:03:59.636840+00:00,pull,9,0.731156,session_20260727_130152,0.0,0,[],null,0.0
3117,2026-07-27T13:03:59.741935+00:00,pull,9,0.836231,session_20260727_130152,0.0,0,[],null,0.0
3118,2026-07-27T13:03:59.845896+00:00,pull,9,0.940201,session_20260727_130152,0.0,0,[],null,0.0
3119,2026-07-27T13:03:59.946691+00:00,pull,9,1.040977,session_20260727_130152,0.0,0,[],null,0.0
3120,2026-07-27T13:04:00.051769+00:00,pull,9,1.146069,session_20260727_130152,0.0,0,[],null,0.0
3121,2026-07-27T13:04:00.156075+00:00,pull,9,1.250381,session_20260727_130152,0.0,0,[],null,0.0
3122,2026-07-27T13:04:00.261167+00:00,pull,9,1.355479,session_20260727_130152,0.0,0,[],null,0.0
3123,2026-07-27T13:04:00.364169+00:00,pull,9,1.458472,session_20260727_130152,0.0,0,[],null,0.0
3124,2026-07-27T13:04:00.465762+00:00,pull,9,1.560063,session_20260727_130152,0.0,0,[],null,0.0
3125,2026-07-27T13:04:00.570844+00:00,pull,9,1.665145,session_20260727_130152,0.0,0,[],null,0.0
3126,2026-07-27T13:04:00.674201+00:00,pull,9,1.768498,session_20260727_130152,0.0,0,[],null,0.0
3127,2026-07-27T13:04:00.779284+00:00,pull,9,1.873589,session_20260727_130152,0.0,0,[],null,0.0
3128,2026-07-27T13:04:00.884366+00:00,pull,9,1.978666,session_20260727_130152,0.0,0,[],null,0.0
3129,2026-07-27T13:04:05.230210+00:00,pull,10,5.5e-05,session_20260727_130152,0.0,0,[],null,0.0
3130,2026-07-27T13:04:05.331114+00:00,pull,10,0.101004,session_20260727_130152,0.0,0,[],null,0.0
3131,2026-07-27T13:04:05.434320+00:00,pull,10,0.20417,session_20260727_130152,0.0,0,[],null,0.0
3132,2026-07-27T13:04:05.535725+00:00,pull,10,0.305574,session_20260727_130152,0.0,0,[],null,0.0
3133,2026-07-27T13:04:05.639685+00:00,pull,10,0.409536,session_20260727_130152,0.0,0,[],null,0.0
3134,2026-07-27T13:04:05.744773+00:00,pull,10,0.514622,session_20260727_130152,0.0,0,[],null,0.0
3135,2026-07-27T13:04:05.849164+00:00,pull,10,0.619012,session_20260727_130152,0.0,0,[],null,0.0
3136,2026-07-27T13:04:05.954237+00:00,pull,10,0.724074,session_20260727_130152,0.0,0,[],null,0.0
3137,2026-07-27T13:04:06.057310+00:00,pull,10,0.827159,session_20260727_130152,0.0,0,[],null,0.0
3138,2026-07-27T13:04:06.162401+00:00,pull,10,0.932252,session_20260727_130152,0.0,0,[],null,0.0
3139,2026-07-27T13:04:06.264118+00:00,pull,10,1.033947,session_20260727_130152,0.0,0,[],null,0.0
3140,2026-07-27T13:04:06.369170+00:00,pull,10,1.138997,session_20260727_130152,0.0,0,[],null,0.0
3141,2026-07-27T13:04:06.474230+00:00,pull,10,1.244071,session_20260727_130152,0.0,0,[],null,0.0
3142,2026-07-27T13:04:06.579308+00:00,pull,10,1.349159,session_20260727_130152,0.0,0,[],null,0.0
3143,2026-07-27T13:04:06.684398+00:00,pull,10,1.454249,session_20260727_130152,0.0,0,[],null,0.0
3144,2026-07-27T13:04:06.789486+00:00,pull,10,1.559332,session_20260727_130152,0.0,0,[],null,0.0
3145,2026-07-27T13:04:06.890623+00:00,pull,10,1.660457,session_20260727_130152,0.0,0,[],null,0.0
3146,2026-07-27T13:04:06.995694+00:00,pull,10,1.765534,session_20260727_130152,0.0,0,[],null,0.0
3147,2026-07-27T13:04:07.097465+00:00,pull,10,1.867316,session_20260727_130152,0.0,0,[],null,0.0
3148,2026-07-27T13:04:07.198604+00:00,pull,10,1.968455,session_20260727_130152,0.0,0,[],null,0.0
3149,2026-07-27T13:04:10.393837+00:00,pull,11,4.4e-05,session_20260727_130152,0.0,0,[],null,0.0
3150,2026-07-27T13:04:10.497466+00:00,pull,11,0.103685,session_20260727_130152,0.0,0,[],null,0.0
3151,2026-07-27T13:04:10.602050+00:00,pull,11,0.208284,session_20260727_130152,0.0,0,[],null,0.0
3152,2026-07-27T13:04:10.706300+00:00,pull,11,0.312515,session_20260727_130152,0.0,0,[],null,0.0
3153,2026-07-27T13:04:10.811017+00:00,pull,11,0.417249,session_20260727_130152,0.0,0,[],null,0.0
3154,2026-07-27T13:04:10.916120+00:00,pull,11,0.522331,session_20260727_130152,0.0,0,[],null,0.0
3155,2026-07-27T13:04:11.020000+00:00,pull,11,0.62621,session_20260727_130152,0.0,0,[],null,0.0
3156,2026-07-27T13:04:11.124114+00:00,pull,11,0.730326,session_20260727_130152,0.0,0,[],null,0.0
3157,2026-07-27T13:04:11.229195+00:00,pull,11,0.835412,session_20260727_130152,0.0,0,[],null,0.0
3158,2026-07-27T13:04:11.332373+00:00,pull,11,0.938586,session_20260727_130152,0.0,0,[],null,0.0
3159,2026-07-27T13:04:11.434171+00:00,pull,11,1.040373,session_20260727_130152,0.0,0,[],null,0.0
3160,2026-07-27T13:04:11.539229+00:00,pull,11,1.14542,session_20260727_130152,0.0,0,[],null,0.0
3161,2026-07-27T13:04:11.644283+00:00,pull,11,1.250492,session_20260727_130152,0.0,0,[],null,0.0
3162,2026-07-27T13:04:11.748941+00:00,pull,11,1.355153,session_20260727_130152,0.0,0,[],null,0.0
3163,2026-07-27T13:04:11.851206+00:00,pull,11,1.457417,session_20260727_130152,0.0,0,[],null,0.0
3164,2026-07-27T13:04:11.956261+00:00,pull,11,1.562472,session_20260727_130152,0.0,0,[],null,0.0
3165,2026-07-27T13:04:12.061345+00:00,pull,11,1.667562,session_20260727_130152,0.0,0,[],null,0.0
3166,2026-07-27T13:04:12.164427+00:00,pull,11,1.770642,session_20260727_130152,0.0,0,[],null,0.0
3167,2026-07-27T13:04:12.269518+00:00,pull,11,1.875739,session_20260727_130152,0.0,0,[],null,0.0
3168,2026-07-27T13:04:12.372937+00:00,pull,11,1.979152,session_20260727_130152,0.0,0,[],null,0.0
3169,2026-07-27T13:04:17.109454+00:00,pull,12,3.8e-05,session_20260727_130152,0.0,0,[],null,0.0
3170,2026-07-27T13:04:17.210731+00:00,pull,12,0.101338,session_20260727_130152,0.0,0,[],null,0.0
3171,2026-07-27T13:04:17.315837+00:00,pull,12,0.206431,session_20260727_130152,0.0,0,[],null,0.0
3172,2026-07-27T13:04:17.420910+00:00,pull,12,0.311498,session_20260727_130152,0.0,0,[],null,0.0
3173,2026-07-27T13:04:17.522947+00:00,pull,12,0.41355,session_20260727_130152,0.0,0,[],null,0.0
3174,2026-07-27T13:04:17.628041+00:00,pull,12,0.518632,session_20260727_130152,0.0,0,[],null,0.0
3175,2026-07-27T13:04:17.730780+00:00,pull,12,0.621375,session_20260727_130152,0.0,0,[],null,0.0
3176,2026-07-27T13:04:17.830950+00:00,pull,12,0.721543,session_20260727_130152,0.0,0,[],null,0.0
3177,2026-07-27T13:04:17.936016+00:00,pull,12,0.826598,session_20260727_130152,0.0,0,[],null,0.0
3178,2026-07-27T13:04:18.040644+00:00,pull,12,0.931238,session_20260727_130152,0.0,0,[],null,0.0
3179,2026-07-27T13:04:18.145730+00:00,pull,12,1.036326,session_20260727_130152,0.0,0,[],null,0.0
3180,2026-07-27T13:04:18.250823+00:00,pull,12,1.141421,session_20260727_130152,0.0,0,[],null,0.0
3181,2026-07-27T13:04:18.355910+00:00,pull,12,1.246497,session_20260727_130152,0.0,0,[],null,0.0
3182,2026-07-27T13:04:18.456231+00:00,pull,12,1.346826,session_20260727_130152,0.0,0,[],null,0.0
3183,2026-07-27T13:04:18.561315+00:00,pull,12,1.451908,session_20260727_130152,0.0,0,[],null,0.0
3184,2026-07-27T13:04:18.664060+00:00,pull,12,1.554654,session_20260727_130152,0.0,0,[],null,0.0
3185,2026-07-27T13:04:18.769143+00:00,pull,12,1.659722,session_20260727_130152,0.0,0,[],null,0.0
3186,2026-07-27T13:04:18.874198+00:00,pull,12,1.764774,session_20260727_130152,0.0,0,[],null,0.0
3187,2026-07-27T13:04:18.979263+00:00,pull,12,1.869852,session_20260727_130152,0.0,0,[],null,0.0
3188,2026-07-27T13:04:19.084330+00:00,pull,12,1.974909,session_20260727_130152,0.0,0,[],null,0.0
3189,2026-07-27T13:04:24.553443+00:00,pull,13,4.3e-05,session_20260727_130152,0.0,0,[],null,0.0
3190,2026-07-27T13:04:24.656226+00:00,pull,13,0.102836,session_20260727_130152,0.0,0,[],null,0.0
3191,2026-07-27T13:04:24.761304+00:00,pull,13,0.207904,session_20260727_130152,0.0,0,[],null,0.0
3192,2026-07-27T13:04:24.865593+00:00,pull,13,0.312196,session_20260727_130152,0.0,0,[],null,0.0
3193,2026-07-27T13:04:24.967020+00:00,pull,13,0.413624,session_20260727_130152,0.0,0,[],null,0.0
3194,2026-07-27T13:04:25.068068+00:00,pull,13,0.514673,session_20260727_130152,0.0,0,[],null,0.0
3195,2026-07-27T13:04:25.172888+00:00,pull,13,0.619498,session_20260727_130152,0.0,0,[],null,0.0
3196,2026-07-27T13:04:25.277977+00:00,pull,13,0.724596,session_20260727_130152,0.0,0,[],null,0.0
3197,2026-07-27T13:04:25.383076+00:00,pull,13,0.829678,session_20260727_130152,0.0,0,[],null,0.0
3198,2026-07-27T13:04:25.488159+00:00,pull,13,0.934768,session_20260727_130152,0.0,0,[],null,0.0
3199,2026-07-27T13:04:25.589507+00:00,pull,13,1.036096,session_20260727_130152,0.0,0,[],null,0.0
3200,2026-07-27T13:04:25.694565+00:00,pull,13,1.141154,session_20260727_130152,0.0,0,[],null,0.0
3201,2026-07-27T13:04:25.799636+00:00,pull,13,1.246235,session_20260727_130152,0.0,0,[],null,0.0
3202,2026-07-27T13:04:25.904715+00:00,pull,13,1.351321,session_20260727_130152,0.0,0,[],null,0.0
3203,2026-07-27T13:04:26.009799+00:00,pull,13,1.456415,session_20260727_130152,0.0,0,[],null,0.0
3204,2026-07-27T13:04:26.114895+00:00,pull,13,1.561503,session_20260727_130152,0.0,0,[],null,0.0
3205,2026-07-27T13:04:26.219972+00:00,pull,13,1.66657,session_20260727_130152,0.0,0,[],null,0.0
3206,2026-07-27T13:04:26.323858+00:00,pull,13,1.770463,session_20260727_130152,0.0,0,[],null,0.0
3207,2026-07-27T13:04:26.428940+00:00,pull,13,1.875542,session_20260727_130152,0.0,0,[],null,0.0
3208,2026-07-27T13:04:26.530705+00:00,pull,13,1.977314,session_20260727_130152,0.0,0,[],null,0.0
3209,2026-07-27T13:04:34.416772+00:00,pull,14,4.1e-05,session_20260727_130152,0.0,0,[],null,0.0
3210,2026-07-27T13:04:34.521836+00:00,pull,14,0.105102,session_20260727_130152,0.0,0,[],null,0.0
3211,2026-07-27T13:04:34.626894+00:00,pull,14,0.210158,session_20260727_130152,0.0,0,[],null,0.0
3212,2026-07-27T13:04:34.731969+00:00,pull,14,0.315243,session_20260727_130152,0.0,0,[],null,0.0
3213,2026-07-27T13:04:34.837050+00:00,pull,14,0.420326,session_20260727_130152,0.0,0,[],null,0.0
3214,2026-07-27T13:04:34.939472+00:00,pull,14,0.52275,session_20260727_130152,0.0,0,[],null,0.0
3215,2026-07-27T13:04:35.044557+00:00,pull,14,0.62784,session_20260727_130152,0.0,0,[],null,0.0
3216,2026-07-27T13:04:35.149644+00:00,pull,14,0.732919,session_20260727_130152,0.0,0,[],null,0.0
3217,2026-07-27T13:04:35.250010+00:00,pull,14,0.833286,session_20260727_130152,0.0,0,[],null,0.0
3218,2026-07-27T13:04:35.355089+00:00,pull,14,0.938365,session_20260727_130152,0.0,0,[],null,0.0
3219,2026-07-27T13:04:35.457144+00:00,pull,14,1.040406,session_20260727_130152,0.0,0,[],null,0.0
3220,2026-07-27T13:04:35.562191+00:00,pull,14,1.145446,session_20260727_130152,0.0,0,[],null,0.0
3221,2026-07-27T13:04:35.667248+00:00,pull,14,1.250518,session_20260727_130152,0.0,0,[],null,0.0
3222,2026-07-27T13:04:35.772326+00:00,pull,14,1.355602,session_20260727_130152,0.0,0,[],null,0.0
3223,2026-07-27T13:04:35.877409+00:00,pull,14,1.460689,session_20260727_130152,0.0,0,[],null,0.0
3224,2026-07-27T13:04:35.981440+00:00,pull,14,1.564754,session_20260727_130152,0.0,0,[],null,0.0
3225,2026-07-27T13:04:36.086562+00:00,pull,14,1.669846,session_20260727_130152,0.0,0,[],null,0.0
3226,2026-07-27T13:04:36.191656+00:00,pull,14,1.774933,session_20260727_130152,0.0,0,[],null,0.0
3227,2026-07-27T13:04:36.296739+00:00,pull,14,1.880013,session_20260727_130152,0.0,0,[],null,0.0
3228,2026-07-27T13:04:36.398418+00:00,pull,14,1.981695,session_20260727_130152,0.0,0,[],null,0.0
